time_s,wheel,speed_mps,max_squash_m,mean_radius_m,radial_spread_m,max_radial_speed_mps,rms_radial_speed_mps,contacts,normal_load_N,strut_m
0.00000,0,0.0000,0.006058,0.514394,0.006053,0.135819,0.127304,50,1645.31,0.034092
0.00000,1,0.0000,0.006058,0.514394,0.006053,0.135893,0.127307,50,1645.31,0.033944
0.00000,2,0.0000,0.006058,0.514394,0.006053,0.135980,0.127305,50,1645.31,0.034056
0.00000,3,0.0000,0.006058,0.514394,0.006053,0.135875,0.127305,50,1645.31,0.033903
0.00417,0,0.0098,0.006010,0.514290,0.006811,0.193591,0.124599,63,2143.88,0.033163
0.00417,1,0.0098,0.006011,0.514283,0.006932,0.222359,0.143199,63,2203.16,0.032966
0.00417,2,0.0098,0.006010,0.514288,0.006850,0.202775,0.130537,63,2162.80,0.033086
0.00417,3,0.0098,0.006011,0.514281,0.006975,0.232601,0.149819,63,2224.26,0.032883
0.00833,0,0.0233,0.006009,0.514233,0.007842,0.247750,0.159640,63,2657.83,0.032411
0.00833,1,0.0233,0.006009,0.514225,0.007992,0.255046,0.164247,63,2732.58,0.032258
0.00833,2,0.0233,0.006009,0.514229,0.007928,0.259152,0.166977,63,2700.38,0.032298
0.00833,3,0.0233,0.006010,0.514220,0.008083,0.266648,0.171714,63,2777.74,0.032140
0.01250,0,0.0352,0.006013,0.514185,0.008746,0.216379,0.138602,63,3109.43,0.031986
0.01250,1,0.0352,0.006013,0.514180,0.008839,0.202403,0.129442,63,3155.61,0.031915
0.01250,2,0.0352,0.006013,0.514178,0.008876,0.226793,0.145265,63,3173.58,0.031848
0.01250,3,0.0352,0.006014,0.514172,0.008973,0.212717,0.136033,63,3222.16,0.031773
0.01667,0,0.0432,0.006024,0.514151,0.009363,0.145426,0.093110,63,3413.26,0.031886
0.01667,1,0.0432,0.006025,0.514151,0.009360,0.122481,0.078373,63,3411.98,0.031886
0.01667,2,0.0432,0.006025,0.514142,0.009530,0.154210,0.098736,63,3495.55,0.031731
0.01667,3,0.0432,0.006026,0.514142,0.009530,0.130978,0.083811,63,3496.06,0.031727
0.02083,0,0.0471,0.006025,0.514135,0.009661,0.071497,0.046689,63,3562.05,0.032023
0.02083,1,0.0471,0.006024,0.514139,0.009571,0.051337,0.033534,63,3517.53,0.032059
0.02083,2,0.0471,0.006025,0.514124,0.009857,0.078607,0.051297,63,3658.99,0.031857
0.02083,3,0.0471,0.006025,0.514129,0.009770,0.057674,0.038052,63,3615.95,0.031892
0.02500,0,0.0478,0.006016,0.514132,0.009716,0.021252,0.011464,63,3592.75,0.032288
0.02500,1,0.0478,0.006015,0.514141,0.009572,0.011044,0.003812,63,3522.22,0.032326
0.02500,2,0.0478,0.006017,0.514120,0.009936,0.026783,0.015218,63,3701.57,0.032119
0.02500,3,0.0478,0.006015,0.514128,0.009794,0.016367,0.007265,63,3631.78,0.032157
0.02917,0,0.0465,0.006009,0.514137,0.009635,0.017595,0.009903,63,3555.17,0.032590
0.02917,1,0.0465,0.006007,0.514145,0.009479,0.020500,0.011799,63,3478.26,0.032607
0.02917,2,0.0465,0.006010,0.514124,0.009872,0.013376,0.007136,63,3672.85,0.032424
0.02917,3,0.0465,0.006008,0.514132,0.009716,0.016680,0.009286,63,3595.87,0.032444
0.03333,0,0.0445,0.006005,0.514143,0.009508,0.029583,0.018637,63,3492.74,0.032871
0.03333,1,0.0445,0.006004,0.514150,0.009372,0.024949,0.015904,63,3425.37,0.032859
0.03333,2,0.0445,0.006005,0.514129,0.009756,0.026923,0.016900,63,3616.04,0.032715
0.03333,3,0.0445,0.006004,0.514136,0.009618,0.022660,0.014405,63,3547.83,0.032707
0.03750,0,0.0424,0.006005,0.514149,0.009392,0.028660,0.018534,63,3435.02,0.033107
0.03750,1,0.0424,0.006005,0.514154,0.009295,0.022190,0.013106,63,3386.32,0.033070
0.03750,2,0.0424,0.006005,0.514135,0.009645,0.027971,0.017772,63,3560.88,0.032964
0.03750,3,0.0424,0.006005,0.514140,0.009545,0.021793,0.012583,63,3510.55,0.032932
0.04167,0,0.0407,0.006008,0.514154,0.009314,0.023435,0.013726,63,3395.44,0.033294
0.04167,1,0.0407,0.006009,0.514158,0.009259,0.015068,0.007383,63,3367.89,0.033243
0.04167,2,0.0407,0.006008,0.514140,0.009567,0.023900,0.013686,63,3521.51,0.033169
0.04167,3,0.0407,0.006009,0.514144,0.009509,0.015729,0.007498,63,3491.80,0.033122
0.04583,0,0.0393,0.006010,0.514156,0.009274,0.011960,0.007279,63,3375.36,0.033446
0.04583,1,0.0393,0.006012,0.514157,0.009257,0.003582,0.001438,63,3366.43,0.033392
0.04583,2,0.0393,0.006011,0.514143,0.009525,0.012749,0.007695,63,3500.04,0.033337
0.04583,3,0.0393,0.006012,0.514144,0.009503,0.004239,0.001857,63,3488.90,0.033287
0.05000,0,0.0383,0.006009,0.514157,0.009261,0.002992,0.001613,63,3369.93,0.033573
0.05000,1,0.0383,0.006009,0.514156,0.009272,0.005997,0.003100,63,3375.05,0.033527
0.05000,2,0.0383,0.006009,0.514144,0.009508,0.003863,0.002196,63,3492.63,0.033481
0.05000,3,0.0383,0.006010,0.514143,0.009515,0.005505,0.002612,63,3495.84,0.033438
0.05417,0,0.0373,0.006004,0.514157,0.009264,0.005241,0.002011,63,3373.28,0.033689
0.05417,1,0.0373,0.006003,0.514155,0.009293,0.010159,0.005106,63,3387.74,0.033658
0.05417,2,0.0373,0.006004,0.514143,0.009507,0.004891,0.001535,63,3494.29,0.033612
0.05417,3,0.0373,0.006004,0.514142,0.009533,0.009871,0.004731,63,3507.24,0.033582
0.05833,0,0.0365,0.005999,0.514155,0.009276,0.006670,0.003217,63,3380.97,0.033802
0.05833,1,0.0365,0.005998,0.514153,0.009315,0.009005,0.004848,63,3400.66,0.033788
0.05833,2,0.0365,0.005999,0.514142,0.009516,0.006380,0.002834,63,3500.72,0.033737
0.05833,3,0.0365,0.005998,0.514140,0.009554,0.008903,0.004657,63,3519.53,0.033724
0.06250,0,0.0356,0.006000,0.514154,0.009296,0.004578,0.002926,63,3390.05,0.033915
0.06250,1,0.0356,0.006000,0.514152,0.009340,0.005622,0.003470,63,3412.00,0.033920
0.06250,2,0.0356,0.006000,0.514141,0.009536,0.004281,0.002718,63,3509.21,0.033861
0.06250,3,0.0356,0.006000,0.514138,0.009579,0.005522,0.003387,63,3530.69,0.033866
0.06667,0,0.0346,0.006004,0.514153,0.009316,0.004006,0.002117,63,3398.60,0.034029
0.06667,1,0.0346,0.006004,0.514151,0.009361,0.003934,0.001962,63,3420.57,0.034052
0.06667,2,0.0346,0.006004,0.514140,0.009556,0.003954,0.002061,63,3517.63,0.033985
0.06667,3,0.0346,0.006004,0.514138,0.009600,0.004053,0.002011,63,3539.47,0.034008
0.07083,0,0.0336,0.006007,0.514152,0.009332,0.002983,0.001463,63,3405.41,0.034146
0.07083,1,0.0336,0.006008,0.514150,0.009374,0.002297,0.001034,63,3426.03,0.034184
0.07083,2,0.0336,0.006008,0.514139,0.009573,0.003140,0.001539,63,3524.72,0.034111
0.07083,3,0.0336,0.006008,0.514137,0.009615,0.002528,0.001150,63,3545.36,0.034148
0.07500,0,0.0324,0.006010,0.514152,0.009343,0.002040,0.001172,63,3409.87,0.034263
0.07500,1,0.0324,0.006010,0.514150,0.009379,0.001362,0.000577,63,3428.14,0.034312
0.07500,2,0.0324,0.006010,0.514139,0.009584,0.002471,0.001336,63,3529.68,0.034236
0.07500,3,0.0324,0.006010,0.514137,0.009621,0.001562,0.000757,63,3548.03,0.034285
0.07917,0,0.0312,0.006009,0.514152,0.009347,0.002898,0.001121,63,3412.20,0.034378
0.07917,1,0.0312,0.006009,0.514150,0.009379,0.002483,0.000532,63,3427.87,0.034435
0.07917,2,0.0312,0.006010,0.514138,0.009590,0.003396,0.001317,63,3532.60,0.034359
0.07917,3,0.0312,0.006009,0.514137,0.009621,0.002935,0.000707,63,3548.36,0.034417
0.08333,0,0.0299,0.006008,0.514151,0.009349,0.003013,0.000945,63,3413.22,0.034489
0.08333,1,0.0299,0.006007,0.514150,0.009375,0.002337,0.000415,63,3426.61,0.034552
0.08333,2,0.0299,0.006008,0.514138,0.009592,0.003615,0.001117,63,3534.16,0.034479
0.08333,3,0.0299,0.006007,0.514137,0.009618,0.002849,0.000511,63,3547.53,0.034542
0.08750,0,0.0286,0.006006,0.514152,0.009350,0.001649,0.000631,63,3414.14,0.034596
0.08750,1,0.0286,0.006006,0.514150,0.009372,0.000990,0.000259,63,3425.39,0.034662
0.08750,2,0.0286,0.006007,0.514138,0.009594,0.001757,0.000710,63,3535.37,0.034594
0.08750,3,0.0286,0.006006,0.514137,0.009616,0.001151,0.000214,63,3546.66,0.034660
0.09167,0,0.0273,0.006007,0.514151,0.009353,0.000855,0.000313,63,3415.31,0.034698
0.09167,1,0.0273,0.006007,0.514150,0.009372,0.001544,0.000496,63,3424.86,0.034766
0.09167,2,0.0273,0.006007,0.514138,0.009597,0.001212,0.000357,63,3536.78,0.034704
0.09167,3,0.0273,0.006007,0.514137,0.009616,0.001899,0.000482,63,3546.21,0.034772
0.09583,0,0.0259,0.006008,0.514151,0.009356,0.001357,0.000283,63,3416.84,0.034796
0.09583,1,0.0259,0.006008,0.514150,0.009373,0.002222,0.000557,63,3424.93,0.034864
0.09583,2,0.0259,0.006008,0.514138,0.009601,0.001512,0.000284,63,3538.33,0.034809
0.09583,3,0.0259,0.006008,0.514137,0.009617,0.002512,0.000599,63,3546.18,0.034878
0.10000,0,0.0246,0.006009,0.514151,0.009360,0.001037,0.000282,63,3418.29,0.034890
0.10000,1,0.0246,0.006009,0.514150,0.009373,0.001249,0.000350,63,3425.08,0.034957
0.10000,2,0.0246,0.006009,0.514138,0.009604,0.001296,0.000252,63,3539.64,0.034910
0.10000,3,0.0246,0.006009,0.514137,0.009617,0.001359,0.000369,63,3546.21,0.034978
0.10417,0,0.0233,0.006009,0.514151,0.009361,0.000971,0.000334,63,3419.10,0.034979
0.10417,1,0.0233,0.006009,0.514150,0.009372,0.001211,0.000215,63,3424.68,0.035045
0.10417,2,0.0233,0.006009,0.514138,0.009605,0.000943,0.000306,63,3540.31,0.035006
0.10417,3,0.0233,0.006009,0.514137,0.009616,0.000961,0.000225,63,3545.65,0.035072
0.10833,0,0.0220,0.006008,0.514151,0.009360,0.001505,0.000420,63,3419.22,0.035064
0.10833,1,0.0220,0.006008,0.514150,0.009369,0.001339,0.000274,63,3423.74,0.035128
0.10833,2,0.0220,0.006008,0.514138,0.009604,0.001559,0.000401,63,3540.35,0.035098
0.10833,3,0.0220,0.006008,0.514137,0.009613,0.001532,0.000280,63,3544.70,0.035161
0.11250,0,0.0206,0.006006,0.514151,0.009359,0.001272,0.000312,63,3418.92,0.035145
0.11250,1,0.0206,0.006006,0.514151,0.009366,0.000989,0.000229,63,3422.65,0.035205
0.11250,2,0.0206,0.006006,0.514138,0.009602,0.001335,0.000275,63,3539.87,0.035184
0.11250,3,0.0206,0.006006,0.514137,0.009609,0.001030,0.000244,63,3543.45,0.035245
0.11667,0,0.0193,0.006006,0.514151,0.009358,0.000833,0.000190,63,3418.52,0.035220
0.11667,1,0.0193,0.006005,0.514151,0.009364,0.000903,0.000362,63,3421.62,0.035278
0.11667,2,0.0193,0.006006,0.514138,0.009601,0.000920,0.000202,63,3539.39,0.035264
0.11667,3,0.0193,0.006006,0.514137,0.009607,0.001260,0.000419,63,3542.29,0.035322
0.12083,0,0.0180,0.006006,0.514151,0.009357,0.001071,0.000360,63,3418.20,0.035291
0.12083,1,0.0180,0.006006,0.514150,0.009362,0.001652,0.000596,63,3420.67,0.035345
0.12083,2,0.0180,0.006006,0.514138,0.009600,0.001311,0.000428,63,3538.84,0.035340
0.12083,3,0.0180,0.006006,0.514138,0.009604,0.001817,0.000659,63,3541.12,0.035395
0.12500,0,0.0167,0.006006,0.514151,0.009356,0.001470,0.000442,63,3417.76,0.035357
0.12500,1,0.0167,0.006006,0.514151,0.009360,0.001801,0.000656,63,3419.56,0.035408
0.12500,2,0.0167,0.006006,0.514138,0.009599,0.001549,0.000479,63,3538.29,0.035411
0.12500,3,0.0167,0.006006,0.514138,0.009602,0.002030,0.000717,63,3539.79,0.035463
0.12917,0,0.0154,0.006006,0.514151,0.009354,0.000996,0.000353,63,3417.12,0.035420
0.12917,1,0.0154,0.006006,0.514151,0.009356,0.001236,0.000597,63,3417.94,0.035467
0.12917,2,0.0154,0.006006,0.514138,0.009596,0.000940,0.000426,63,3537.35,0.035478
0.12917,3,0.0154,0.006006,0.514138,0.009598,0.001416,0.000646,63,3537.98,0.035526
0.13333,0,0.0142,0.006005,0.514151,0.009352,0.001098,0.000306,63,3416.05,0.035477
0.13333,1,0.0142,0.006005,0.514151,0.009351,0.001318,0.000567,63,3415.77,0.035521
0.13333,2,0.0142,0.006006,0.514138,0.009593,0.000975,0.000348,63,3536.07,0.035539
0.13333,3,0.0142,0.006006,0.514138,0.009592,0.001273,0.000615,63,3535.63,0.035583
0.13750,0,0.0129,0.006004,0.514152,0.009348,0.001053,0.000339,63,3414.60,0.035531
0.13750,1,0.0129,0.006004,0.514152,0.009345,0.001296,0.000609,63,3413.24,0.035570
0.13750,2,0.0129,0.006004,0.514138,0.009589,0.001107,0.000385,63,3534.40,0.035596
0.13750,3,0.0129,0.006004,0.514139,0.009586,0.001352,0.000663,63,3532.92,0.035635
0.14167,0,0.0117,0.006003,0.514152,0.009344,0.001137,0.000387,63,3413.16,0.035580
0.14167,1,0.0117,0.006003,0.514152,0.009339,0.001395,0.000718,63,3410.69,0.035614
0.14167,2,0.0117,0.006003,0.514139,0.009585,0.001237,0.000463,63,3532.69,0.035648
0.14167,3,0.0117,0.006003,0.514139,0.009579,0.001495,0.000804,63,3530.08,0.035683
0.14583,0,0.0105,0.006002,0.514152,0.009341,0.001159,0.000536,63,3411.67,0.035624
0.14583,1,0.0105,0.006002,0.514152,0.009334,0.001669,0.000853,63,3408.28,0.035654
0.14583,2,0.0105,0.006003,0.514139,0.009581,0.001309,0.000612,63,3530.96,0.035695
0.14583,3,0.0105,0.006003,0.514139,0.009573,0.001798,0.000964,63,3527.32,0.035725
0.15000,0,0.0094,0.006002,0.514152,0.009337,0.001412,0.000620,63,3410.22,0.035664
0.15000,1,0.0094,0.006002,0.514152,0.009329,0.001964,0.000940,63,3405.89,0.035689
0.15000,2,0.0094,0.006002,0.514139,0.009577,0.001722,0.000742,63,3529.16,0.035738
0.15000,3,0.0094,0.006003,0.514140,0.009568,0.002080,0.001024,63,3524.65,0.035763
0.15417,0,0.0082,0.006002,0.514152,0.009334,0.001366,0.000650,63,3408.59,0.035701
0.15417,1,0.0082,0.006002,0.514153,0.009323,0.001616,0.000910,63,3403.38,0.035720
0.15417,2,0.0082,0.006002,0.514139,0.009572,0.001471,0.000745,63,3527.20,0.035776
0.15417,3,0.0082,0.006002,0.514140,0.009562,0.001742,0.000982,63,3521.90,0.035796
0.15833,0,0.0071,0.006002,0.514152,0.009329,0.001444,0.000680,63,3406.51,0.035733
0.15833,1,0.0071,0.006002,0.514153,0.009317,0.001562,0.000807,63,3400.78,0.035747
0.15833,2,0.0071,0.006002,0.514140,0.009567,0.001419,0.000744,63,3524.85,0.035810
0.15833,3,0.0071,0.006002,0.514140,0.009555,0.001660,0.000896,63,3518.99,0.035825
0.16250,0,0.0061,0.006001,0.514153,0.009324,0.001367,0.000669,63,3404.16,0.035761
0.16250,1,0.0061,0.006001,0.514154,0.009312,0.001527,0.000721,63,3398.18,0.035771
0.16250,2,0.0061,0.006001,0.514140,0.009561,0.001506,0.000751,63,3522.19,0.035840
0.16250,3,0.0061,0.006001,0.514141,0.009549,0.001459,0.000832,63,3516.02,0.035850
0.16667,0,0.0050,0.006001,0.514153,0.009318,0.001642,0.000771,63,3401.42,0.035785
0.16667,1,0.0050,0.006001,0.514154,0.009306,0.001336,0.000732,63,3395.59,0.035790
0.16667,2,0.0050,0.006001,0.514140,0.009555,0.001890,0.000873,63,3519.14,0.035865
0.16667,3,0.0050,0.006001,0.514141,0.009543,0.001491,0.000799,63,3513.19,0.035871
0.17083,0,0.0041,0.006001,0.514154,0.009313,0.001764,0.000870,63,3398.60,0.035805
0.17083,1,0.0041,0.006001,0.514154,0.009302,0.001343,0.000745,63,3393.23,0.035807
0.17083,2,0.0041,0.006001,0.514141,0.009549,0.001793,0.000976,63,3515.98,0.035885
0.17083,3,0.0041,0.006001,0.514141,0.009538,0.001546,0.000863,63,3510.45,0.035888
0.17500,0,0.0031,0.006001,0.514154,0.009307,0.001698,0.001007,63,3395.60,0.035820
0.17500,1,0.0031,0.006001,0.514154,0.009298,0.001426,0.000771,63,3391.07,0.035819
0.17500,2,0.0031,0.006001,0.514141,0.009542,0.001831,0.001107,63,3512.68,0.035902
0.17500,3,0.0031,0.006001,0.514142,0.009533,0.001576,0.000871,63,3507.97,0.035901
0.17917,0,0.0022,0.006002,0.514154,0.009301,0.001937,0.001058,63,3392.53,0.035833
0.17917,1,0.0022,0.006001,0.514155,0.009294,0.001551,0.000768,63,3388.99,0.035829
0.17917,2,0.0022,0.006002,0.514142,0.009536,0.001920,0.001171,63,3509.25,0.035915
0.17917,3,0.0022,0.006002,0.514142,0.009528,0.001541,0.000863,63,3505.55,0.035911
0.18333,0,0.0013,0.006002,0.514155,0.009295,0.001828,0.001072,63,3389.27,0.035841
0.18333,1,0.0013,0.006002,0.514155,0.009290,0.001307,0.000698,63,3386.92,0.035836
0.18333,2,0.0013,0.006002,0.514142,0.009529,0.002076,0.001197,63,3505.57,0.035923
0.18333,3,0.0013,0.006002,0.514142,0.009524,0.001367,0.000754,63,3503.27,0.035918
0.18750,0,0.0005,0.006002,0.514155,0.009287,0.001902,0.001053,63,3385.84,0.035846
0.18750,1,0.0005,0.006001,0.514155,0.009285,0.001398,0.000637,63,3384.80,0.035841
0.18750,2,0.0005,0.006002,0.514142,0.009521,0.002051,0.001146,63,3501.83,0.035928
0.18750,3,0.0005,0.006002,0.514142,0.009519,0.001394,0.000740,63,3500.80,0.035923
0.19167,0,0.0004,0.006001,0.514155,0.009280,0.001886,0.001038,63,3382.35,0.035847
0.19167,1,0.0004,0.006001,0.514155,0.009281,0.001495,0.000630,63,3382.64,0.035842
0.19167,2,0.0004,0.006001,0.514143,0.009513,0.002061,0.001159,63,3497.97,0.035929
0.19167,3,0.0004,0.006001,0.514143,0.009513,0.001570,0.000754,63,3498.23,0.035924
0.19583,0,0.0011,0.006001,0.514156,0.009273,0.001938,0.001081,63,3378.80,0.035846
0.19583,1,0.0011,0.006001,0.514156,0.009276,0.001402,0.000703,63,3380.33,0.035841
0.19583,2,0.0011,0.006001,0.514143,0.009505,0.002044,0.001152,63,3494.19,0.035927
0.19583,3,0.0011,0.006001,0.514143,0.009508,0.001424,0.000768,63,3495.69,0.035922
0.20000,0,0.0018,0.006000,0.514156,0.009266,0.001749,0.001045,63,3375.53,0.035841
0.20000,1,0.0018,0.006000,0.514156,0.009271,0.001606,0.000751,63,3378.07,0.035837
0.20000,2,0.0018,0.006001,0.514144,0.009497,0.001892,0.001152,63,3490.56,0.035922
0.20000,3,0.0018,0.006001,0.514143,0.009502,0.001491,0.000844,63,3493.10,0.035918
0.20417,0,0.0025,0.006001,0.514157,0.009260,0.001763,0.001039,63,3372.39,0.035834
0.20417,1,0.0025,0.006001,0.514156,0.009266,0.001558,0.000812,63,3375.71,0.035831
0.20417,2,0.0025,0.006001,0.514144,0.009490,0.002044,0.001162,63,3487.03,0.035913
0.20417,3,0.0025,0.006001,0.514144,0.009497,0.001530,0.000901,63,3490.44,0.035911
0.20833,0,0.0032,0.006001,0.514157,0.009254,0.001821,0.000979,63,3369.44,0.035824
0.20833,1,0.0032,0.006001,0.514157,0.009261,0.001595,0.000845,63,3373.18,0.035823
0.20833,2,0.0032,0.006001,0.514144,0.009484,0.001788,0.001088,63,3483.72,0.035902
0.20833,3,0.0032,0.006001,0.514144,0.009492,0.001734,0.000945,63,3487.58,0.035901
0.21250,0,0.0038,0.006001,0.514157,0.009248,0.001594,0.000901,63,3366.61,0.035812
0.21250,1,0.0038,0.006001,0.514157,0.009256,0.001638,0.000874,63,3370.41,0.035812
0.21250,2,0.0038,0.006001,0.514145,0.009478,0.001972,0.000991,63,3480.60,0.035889
0.21250,3,0.0038,0.006001,0.514144,0.009486,0.001724,0.000964,63,3484.52,0.035889
0.21667,0,0.0043,0.006001,0.514157,0.009243,0.001576,0.000829,63,3363.93,0.035797
0.21667,1,0.0043,0.006001,0.514157,0.009250,0.001667,0.000913,63,3367.42,0.035799
0.21667,2,0.0043,0.006001,0.514145,0.009472,0.001665,0.000906,63,3477.65,0.035873
0.21667,3,0.0043,0.006001,0.514144,0.009479,0.001722,0.000981,63,3481.30,0.035875
0.22083,0,0.0048,0.006001,0.514158,0.009238,0.001493,0.000768,63,3361.43,0.035781
0.22083,1,0.0048,0.006001,0.514157,0.009244,0.001685,0.000933,63,3364.37,0.035783
0.22083,2,0.0048,0.006001,0.514145,0.009466,0.001842,0.000866,63,3474.84,0.035856
0.22083,3,0.0048,0.006001,0.514145,0.009472,0.001781,0.001021,63,3477.94,0.035858
0.22500,0,0.0053,0.006001,0.514158,0.009233,0.001367,0.000739,63,3359.10,0.035764
0.22500,1,0.0053,0.006001,0.514158,0.009238,0.001793,0.000967,63,3361.29,0.035766
0.22500,2,0.0053,0.006001,0.514146,0.009461,0.001463,0.000827,63,3472.21,0.035837
0.22500,3,0.0053,0.006001,0.514145,0.009465,0.001865,0.001075,63,3474.52,0.035838
0.22917,0,0.0058,0.006001,0.514158,0.009229,0.001259,0.000727,63,3356.91,0.035745
0.22917,1,0.0058,0.006001,0.514158,0.009231,0.001745,0.001019,63,3358.16,0.035746
0.22917,2,0.0058,0.006001,0.514146,0.009456,0.001459,0.000798,63,3469.79,0.035816
0.22917,3,0.0058,0.006001,0.514146,0.009458,0.001914,0.001091,63,3471.15,0.035817
0.23333,0,0.0062,0.006001,0.514159,0.009224,0.001417,0.000685,63,3354.89,0.035724
0.23333,1,0.0062,0.006001,0.514158,0.009225,0.001908,0.001002,63,3355.11,0.035724
0.23333,2,0.0062,0.006001,0.514146,0.009451,0.001457,0.000784,63,3467.44,0.035794
0.23333,3,0.0062,0.006001,0.514146,0.009451,0.002062,0.001102,63,3467.77,0.035794
0.23750,0,0.0065,0.006001,0.514159,0.009221,0.001270,0.000669,63,3352.87,0.035703
0.23750,1,0.0065,0.006001,0.514159,0.009219,0.001680,0.000956,63,3352.14,0.035701
0.23750,2,0.0065,0.006001,0.514147,0.009446,0.001483,0.000767,63,3465.09,0.035770
0.23750,3,0.0065,0.006001,0.514147,0.009445,0.001846,0.001058,63,3464.44,0.035769
0.24167,0,0.0069,0.006001,0.514159,0.009217,0.001316,0.000670,63,3350.77,0.035680
0.24167,1,0.0069,0.006001,0.514159,0.009213,0.001728,0.000944,63,3349.11,0.035676
0.24167,2,0.0069,0.006001,0.514147,0.009442,0.001402,0.000731,63,3462.78,0.035746
0.24167,3,0.0069,0.006001,0.514147,0.009439,0.002086,0.000999,63,3461.24,0.035742
0.24583,0,0.0072,0.006001,0.514159,0.009213,0.001255,0.000654,63,3348.68,0.035656
0.24583,1,0.0072,0.006001,0.514159,0.009208,0.001597,0.000877,63,3346.28,0.035650
0.24583,2,0.0072,0.006002,0.514147,0.009438,0.001335,0.000703,63,3460.51,0.035720
0.24583,3,0.0072,0.006002,0.514147,0.009433,0.001700,0.000949,63,3458.17,0.035714
0.25000,0,0.0074,0.006002,0.514159,0.009209,0.001284,0.000662,63,3346.59,0.035631
0.25000,1,0.0074,0.006002,0.514160,0.009203,0.001520,0.000802,63,3343.71,0.035623
0.25000,2,0.0074,0.006002,0.514147,0.009433,0.001410,0.000737,63,3458.18,0.035693
0.25000,3,0.0074,0.006002,0.514148,0.009427,0.001623,0.000894,63,3455.30,0.035685
0.25417,0,0.0077,0.006002,0.514160,0.009205,0.001293,0.000694,63,3344.42,0.035605
0.25417,1,0.0077,0.006002,0.514160,0.009198,0.001629,0.000803,63,3341.22,0.035595
0.25417,2,0.0077,0.006002,0.514148,0.009429,0.001392,0.000777,63,3455.74,0.035665
0.25417,3,0.0077,0.006002,0.514148,0.009422,0.001468,0.000823,63,3452.72,0.035655
0.25833,0,0.0079,0.006002,0.514160,0.009200,0.001437,0.000720,63,3342.23,0.035578
0.25833,1,0.0079,0.006002,0.514160,0.009194,0.001263,0.000693,63,3339.12,0.035566
0.25833,2,0.0079,0.006002,0.514148,0.009424,0.001516,0.000784,63,3453.32,0.035636
0.25833,3,0.0079,0.006002,0.514148,0.009418,0.001402,0.000792,63,3450.30,0.035624
0.26250,0,0.0080,0.006002,0.514160,0.009196,0.001330,0.000758,63,3339.91,0.035550
0.26250,1,0.0080,0.006002,0.514161,0.009190,0.001209,0.000648,63,3337.16,0.035537
0.26250,2,0.0080,0.006002,0.514148,0.009419,0.001620,0.000804,63,3450.85,0.035606
0.26250,3,0.0080,0.006002,0.514148,0.009414,0.001523,0.000704,63,3448.15,0.035592
0.26667,0,0.0082,0.006002,0.514160,0.009192,0.001365,0.000718,63,3337.69,0.035522
0.26667,1,0.0082,0.006002,0.514161,0.009187,0.001120,0.000578,63,3335.38,0.035507
0.26667,2,0.0082,0.006003,0.514148,0.009414,0.001511,0.000774,63,3448.42,0.035575
0.26667,3,0.0082,0.006003,0.514149,0.009410,0.001326,0.000636,63,3446.17,0.035561
0.27083,0,0.0083,0.006002,0.514161,0.009187,0.001456,0.000737,63,3335.37,0.035492
0.27083,1,0.0083,0.006002,0.514161,0.009184,0.001248,0.000521,63,3333.78,0.035477
0.27083,2,0.0083,0.006002,0.514149,0.009409,0.001476,0.000803,63,3445.87,0.035544
0.27083,3,0.0083,0.006002,0.514149,0.009406,0.001275,0.000591,63,3444.33,0.035528
0.27500,0,0.0083,0.006002,0.514161,0.009182,0.001285,0.000726,63,3333.08,0.035462
0.27500,1,0.0083,0.006002,0.514161,0.009180,0.001099,0.000500,63,3332.22,0.035447
0.27500,2,0.0083,0.006002,0.514149,0.009404,0.001823,0.000778,63,3443.40,0.035512
0.27500,3,0.0083,0.006002,0.514149,0.009403,0.001175,0.000553,63,3442.60,0.035496
0.27917,0,0.0084,0.006002,0.514161,0.009178,0.001450,0.000695,63,3330.91,0.035432
0.27917,1,0.0084,0.006002,0.514161,0.009177,0.001062,0.000474,63,3330.79,0.035416
0.27917,2,0.0084,0.006002,0.514149,0.009399,0.001450,0.000752,63,3441.03,0.035479
0.27917,3,0.0084,0.006002,0.514149,0.009399,0.001211,0.000518,63,3441.02,0.035464
0.28333,0,0.0084,0.006002,0.514162,0.009173,0.001264,0.000664,63,3328.86,0.035401
0.28333,1,0.0084,0.006002,0.514161,0.009174,0.001315,0.000472,63,3329.40,0.035386
0.28333,2,0.0084,0.006002,0.514149,0.009395,0.001304,0.000711,63,3438.83,0.035446
0.28333,3,0.0084,0.006002,0.514149,0.009396,0.001156,0.000524,63,3439.45,0.035431
0.28750,0,0.0084,0.006002,0.514162,0.009169,0.001375,0.000652,63,3326.89,0.035370
0.28750,1,0.0084,0.006002,0.514162,0.009172,0.000994,0.000450,63,3328.08,0.035356
0.28750,2,0.0084,0.006002,0.514149,0.009390,0.001324,0.000693,63,3436.71,0.035413
0.28750,3,0.0084,0.006002,0.514149,0.009393,0.001157,0.000496,63,3437.98,0.035399
0.29167,0,0.0084,0.006002,0.514162,0.009166,0.001247,0.000590,63,3325.12,0.035339
0.29167,1,0.0084,0.006002,0.514162,0.009169,0.001113,0.000462,63,3326.69,0.035326
0.29167,2,0.0084,0.006002,0.514150,0.009386,0.001388,0.000622,63,3434.82,0.035380
0.29167,3,0.0084,0.006002,0.514149,0.009390,0.001229,0.000487,63,3436.54,0.035367
0.29583,0,0.0083,0.006001,0.514162,0.009162,0.001072,0.000535,63,3323.49,0.035308
0.29583,1,0.0083,0.006001,0.514162,0.009166,0.001000,0.000439,63,3325.38,0.035296
0.29583,2,0.0083,0.006002,0.514150,0.009383,0.001210,0.000580,63,3433.04,0.035347
0.29583,3,0.0083,0.006002,0.514150,0.009387,0.000984,0.000487,63,3435.05,0.035335
0.30000,0,0.0083,0.006001,0.514162,0.009159,0.001353,0.000481,63,3322.03,0.035277
0.30000,1,0.0083,0.006001,0.514162,0.009163,0.001150,0.000465,63,3323.98,0.035266
0.30000,2,0.0083,0.006002,0.514150,0.009379,0.000985,0.000493,63,3431.53,0.035314
0.30000,3,0.0083,0.006002,0.514150,0.009383,0.001040,0.000494,63,3433.54,0.035304
0.30417,0,0.0082,0.006001,0.514162,0.009157,0.000976,0.000422,63,3320.78,0.035246
0.30417,1,0.0082,0.006001,0.514162,0.009160,0.001062,0.000480,63,3322.53,0.035237
0.30417,2,0.0082,0.006002,0.514150,0.009377,0.000998,0.000463,63,3430.13,0.035282
0.30417,3,0.0082,0.006002,0.514150,0.009380,0.001016,0.000502,63,3432.00,0.035272
0.30833,0,0.0081,0.006001,0.514162,0.009155,0.000886,0.000360,63,3319.74,0.035216
0.30833,1,0.0081,0.006001,0.514162,0.009157,0.001039,0.000467,63,3321.14,0.035207
0.30833,2,0.0081,0.006002,0.514150,0.009374,0.000974,0.000402,63,3428.94,0.035250
0.30833,3,0.0081,0.006001,0.514150,0.009377,0.001168,0.000506,63,3430.45,0.035241
0.31250,0,0.0079,0.006001,0.514162,0.009153,0.001052,0.000322,63,3318.88,0.035187
0.31250,1,0.0079,0.006001,0.514162,0.009154,0.001066,0.000470,63,3319.74,0.035178
0.31250,2,0.0079,0.006002,0.514151,0.009372,0.000996,0.000331,63,3428.02,0.035218
0.31250,3,0.0079,0.006001,0.514150,0.009374,0.001070,0.000466,63,3429.06,0.035210
0.31667,0,0.0078,0.006001,0.514163,0.009151,0.001121,0.000311,63,3318.09,0.035158
0.31667,1,0.0078,0.006001,0.514162,0.009152,0.001023,0.000429,63,3318.47,0.035149
0.31667,2,0.0078,0.006002,0.514151,0.009371,0.001103,0.000315,63,3427.17,0.035188
0.31667,3,0.0078,0.006002,0.514151,0.009372,0.000976,0.000471,63,3427.64,0.035179
0.32083,0,0.0076,0.006002,0.514163,0.009150,0.000899,0.000263,63,3317.44,0.035130
0.32083,1,0.0076,0.006001,0.514163,0.009149,0.001044,0.000448,63,3317.14,0.035121
0.32083,2,0.0076,0.006002,0.514151,0.009369,0.000819,0.000284,63,3426.43,0.035158
0.32083,3,0.0076,0.006002,0.514151,0.009369,0.000989,0.000461,63,3426.25,0.035149
0.32500,0,0.0075,0.006002,0.514163,0.009149,0.000878,0.000271,63,3316.75,0.035102
0.32500,1,0.0075,0.006002,0.514163,0.009147,0.001035,0.000424,63,3315.90,0.035093
0.32500,2,0.0075,0.006002,0.514151,0.009368,0.000920,0.000285,63,3425.68,0.035128
0.32500,3,0.0075,0.006002,0.514151,0.009367,0.000949,0.000436,63,3424.95,0.035119
0.32917,0,0.0073,0.006002,0.514163,0.009148,0.000866,0.000243,63,3316.19,0.035075
0.32917,1,0.0073,0.006002,0.514163,0.009145,0.000932,0.000373,63,3314.82,0.035065
0.32917,2,0.0073,0.006002,0.514151,0.009367,0.000895,0.000252,63,3425.06,0.035100
0.32917,3,0.0073,0.006002,0.514151,0.009364,0.000904,0.000399,63,3423.76,0.035090
0.33333,0,0.0071,0.006002,0.514163,0.009147,0.001356,0.000250,63,3315.62,0.035049
0.33333,1,0.0071,0.006002,0.514163,0.009143,0.001009,0.000328,63,3313.90,0.035038
0.33333,2,0.0071,0.006002,0.514151,0.009366,0.001180,0.000239,63,3424.53,0.035072
0.33333,3,0.0071,0.006002,0.514151,0.009362,0.001154,0.000349,63,3422.77,0.035062
0.33750,0,0.0069,0.006002,0.514163,0.009146,0.000922,0.000243,63,3315.09,0.035023
0.33750,1,0.0069,0.006002,0.514163,0.009142,0.001026,0.000293,63,3313.13,0.035012
0.33750,2,0.0069,0.006002,0.514151,0.009365,0.000728,0.000266,63,3423.87,0.035045
0.33750,3,0.0069,0.006002,0.514151,0.009361,0.000936,0.000293,63,3421.97,0.035034
0.34167,0,0.0067,0.006002,0.514163,0.009145,0.001034,0.000252,63,3314.52,0.034999
0.34167,1,0.0067,0.006002,0.514163,0.009141,0.000795,0.000258,63,3312.51,0.034987
0.34167,2,0.0067,0.006002,0.514151,0.009364,0.001194,0.000253,63,3423.28,0.035019
0.34167,3,0.0067,0.006002,0.514151,0.009360,0.000944,0.000264,63,3421.29,0.035007
0.34583,0,0.0065,0.006002,0.514163,0.009144,0.000912,0.000240,63,3313.97,0.034975
0.34583,1,0.0065,0.006002,0.514163,0.009140,0.000922,0.000225,63,3312.01,0.034962
0.34583,2,0.0065,0.006002,0.514151,0.009363,0.000870,0.000233,63,3422.75,0.034994
0.34583,3,0.0065,0.006002,0.514151,0.009359,0.000889,0.000211,63,3420.83,0.034981
0.35000,0,0.0062,0.006002,0.514163,0.009143,0.000842,0.000227,63,3313.43,0.034951
0.35000,1,0.0062,0.006002,0.514163,0.009139,0.000923,0.000190,63,3311.77,0.034938
0.35000,2,0.0062,0.006002,0.514151,0.009361,0.000855,0.000260,63,3422.10,0.034969
0.35000,3,0.0062,0.006002,0.514151,0.009358,0.000815,0.000191,63,3420.47,0.034956
0.35417,0,0.0060,0.006002,0.514163,0.009142,0.000856,0.000244,63,3312.87,0.034929
0.35417,1,0.0060,0.006002,0.514163,0.009139,0.000866,0.000166,63,3311.63,0.034916
0.35417,2,0.0060,0.006002,0.514151,0.009360,0.000933,0.000241,63,3421.53,0.034945
0.35417,3,0.0060,0.006002,0.514151,0.009358,0.000793,0.000163,63,3420.35,0.034932
0.35833,0,0.0057,0.006002,0.514163,0.009140,0.000849,0.000249,63,3312.27,0.034907
0.35833,1,0.0057,0.006002,0.514163,0.009139,0.000890,0.000169,63,3311.53,0.034894
0.35833,2,0.0057,0.006002,0.514151,0.009359,0.000806,0.000239,63,3420.97,0.034922
0.35833,3,0.0057,0.006002,0.514151,0.009358,0.000881,0.000168,63,3420.29,0.034909
0.36250,0,0.0055,0.006002,0.514163,0.009139,0.000959,0.000239,63,3311.74,0.034886
0.36250,1,0.0055,0.006002,0.514163,0.009139,0.000927,0.000146,63,3311.56,0.034873
0.36250,2,0.0055,0.006002,0.514151,0.009358,0.000828,0.000220,63,3420.50,0.034900
0.36250,3,0.0055,0.006002,0.514151,0.009358,0.000835,0.000158,63,3420.35,0.034887
0.36667,0,0.0052,0.006002,0.514163,0.009138,0.001006,0.000216,63,3311.32,0.034865
0.36667,1,0.0052,0.006002,0.514163,0.009139,0.000775,0.000161,63,3311.62,0.034854
0.36667,2,0.0052,0.006002,0.514151,0.009357,0.000826,0.000222,63,3420.02,0.034878
0.36667,3,0.0052,0.006002,0.514151,0.009358,0.000871,0.000161,63,3420.44,0.034867
0.37083,0,0.0050,0.006002,0.514163,0.009137,0.000843,0.000199,63,3310.94,0.034845
0.37083,1,0.0050,0.006002,0.514163,0.009139,0.000567,0.000166,63,3311.80,0.034835
0.37083,2,0.0050,0.006002,0.514152,0.009356,0.000982,0.000188,63,3419.70,0.034858
0.37083,3,0.0050,0.006002,0.514151,0.009358,0.000748,0.000153,63,3420.50,0.034847
0.37500,0,0.0047,0.006002,0.514163,0.009136,0.000937,0.000187,63,3310.70,0.034827
0.37500,1,0.0047,0.006002,0.514163,0.009139,0.000920,0.000163,63,3311.92,0.034817
0.37500,2,0.0047,0.006002,0.514152,0.009355,0.000808,0.000181,63,3419.43,0.034838
0.37500,3,0.0047,0.006002,0.514151,0.009358,0.000872,0.000159,63,3420.62,0.034829
0.37917,0,0.0045,0.006001,0.514163,0.009136,0.000944,0.000178,63,3310.53,0.034809
0.37917,1,0.0045,0.006001,0.514163,0.009139,0.000742,0.000162,63,3312.01,0.034801
0.37917,2,0.0045,0.006002,0.514152,0.009355,0.000699,0.000162,63,3419.28,0.034819
0.37917,3,0.0045,0.006002,0.514151,0.009358,0.000762,0.000160,63,3420.77,0.034811
0.38333,0,0.0042,0.006001,0.514163,0.009136,0.000916,0.000169,63,3310.53,0.034792
0.38333,1,0.0042,0.006001,0.514163,0.009139,0.000842,0.000168,63,3312.04,0.034785
0.38333,2,0.0042,0.006001,0.514152,0.009355,0.000912,0.000160,63,3419.28,0.034801
0.38333,3,0.0042,0.006001,0.514151,0.009358,0.000863,0.000157,63,3420.88,0.034795
0.38750,0,0.0040,0.006001,0.514163,0.009136,0.000930,0.000174,63,3310.61,0.034776
0.38750,1,0.0040,0.006001,0.514163,0.009139,0.000769,0.000158,63,3312.09,0.034770
0.38750,2,0.0040,0.006001,0.514152,0.009355,0.000835,0.000170,63,3419.40,0.034785
0.38750,3,0.0040,0.006001,0.514151,0.009358,0.000586,0.000153,63,3420.97,0.034779
0.39167,0,0.0037,0.006001,0.514163,0.009136,0.000862,0.000175,63,3310.79,0.034761
0.39167,1,0.0037,0.006001,0.514163,0.009139,0.000865,0.000167,63,3312.12,0.034756
0.39167,2,0.0037,0.006001,0.514152,0.009355,0.000907,0.000176,63,3419.64,0.034769
0.39167,3,0.0037,0.006001,0.514151,0.009358,0.000763,0.000157,63,3421.03,0.034764
0.39583,0,0.0035,0.006001,0.514163,0.009137,0.000873,0.000196,63,3311.11,0.034747
0.39583,1,0.0035,0.006001,0.514163,0.009139,0.000934,0.000174,63,3312.10,0.034743
0.39583,2,0.0035,0.006001,0.514151,0.009356,0.001021,0.000198,63,3420.00,0.034755
0.39583,3,0.0035,0.006001,0.514151,0.009358,0.000859,0.000154,63,3421.09,0.034751
0.40000,0,0.0032,0.006001,0.514163,0.009138,0.000947,0.000219,63,3311.53,0.034734
0.40000,1,0.0032,0.006001,0.514163,0.009139,0.000932,0.000163,63,3312.15,0.034731
0.40000,2,0.0032,0.006001,0.514151,0.009357,0.000962,0.000208,63,3420.41,0.034741
0.40000,3,0.0032,0.006001,0.514151,0.009358,0.000758,0.000153,63,3421.06,0.034738
0.40417,0,0.0030,0.006001,0.514163,0.009139,0.000898,0.000214,63,3311.98,0.034722
0.40417,1,0.0030,0.006001,0.514163,0.009139,0.000690,0.000165,63,3312.15,0.034719
0.40417,2,0.0030,0.006001,0.514151,0.009358,0.000658,0.000230,63,3420.94,0.034729
0.40417,3,0.0030,0.006001,0.514151,0.009358,0.000654,0.000163,63,3421.21,0.034726
0.40833,0,0.0027,0.006001,0.514163,0.009140,0.001030,0.000223,63,3312.48,0.034711
0.40833,1,0.0027,0.006001,0.514163,0.009139,0.000922,0.000169,63,3312.24,0.034708
0.40833,2,0.0027,0.006001,0.514151,0.009359,0.001001,0.000242,63,3421.50,0.034718
0.40833,3,0.0027,0.006001,0.514151,0.009359,0.000570,0.000146,63,3421.27,0.034714
0.41250,0,0.0025,0.006001,0.514163,0.009141,0.000718,0.000211,63,3312.95,0.034701
0.41250,1,0.0025,0.006001,0.514163,0.009139,0.000912,0.000160,63,3312.30,0.034698
0.41250,2,0.0025,0.006001,0.514151,0.009360,0.000944,0.000223,63,3422.01,0.034707
0.41250,3,0.0025,0.006001,0.514151,0.009359,0.000562,0.000151,63,3421.42,0.034704
0.41667,0,0.0023,0.006001,0.514163,0.009142,0.000854,0.000235,63,3313.48,0.034692
0.41667,1,0.0023,0.006001,0.514163,0.009140,0.000814,0.000180,63,3312.60,0.034689
0.41667,2,0.0023,0.006002,0.514151,0.009361,0.001161,0.000257,63,3422.60,0.034698
0.41667,3,0.0023,0.006002,0.514151,0.009359,0.000805,0.000160,63,3421.62,0.034694
0.42083,0,0.0020,0.006001,0.514163,0.009143,0.001029,0.000232,63,3313.99,0.034684
0.42083,1,0.0020,0.006001,0.514163,0.009141,0.000954,0.000173,63,3312.81,0.034680
0.42083,2,0.0020,0.006002,0.514151,0.009363,0.000889,0.000238,63,3423.16,0.034690
0.42083,3,0.0020,0.006002,0.514151,0.009360,0.000795,0.000190,63,3421.98,0.034686
0.42500,0,0.0018,0.006001,0.514163,0.009144,0.000834,0.000214,63,3314.44,0.034677
0.42500,1,0.0018,0.006001,0.514163,0.009141,0.000656,0.000193,63,3313.16,0.034673
0.42500,2,0.0018,0.006002,0.514151,0.009364,0.000900,0.000225,63,3423.64,0.034682
0.42500,3,0.0018,0.006002,0.514151,0.009361,0.000694,0.000190,63,3422.33,0.034678
0.42917,0,0.0016,0.006001,0.514163,0.009145,0.000899,0.000220,63,3314.88,0.034671
0.42917,1,0.0016,0.006001,0.514163,0.009142,0.000846,0.000198,63,3313.55,0.034666
0.42917,2,0.0016,0.006002,0.514151,0.009365,0.000992,0.000225,63,3424.14,0.034676
0.42917,3,0.0016,0.006002,0.514151,0.009362,0.000952,0.000224,63,3422.87,0.034671
0.43333,0,0.0014,0.006001,0.514163,0.009146,0.000853,0.000216,63,3315.29,0.034665
0.43333,1,0.0014,0.006001,0.514163,0.009143,0.000778,0.000232,63,3314.08,0.034660
0.43333,2,0.0014,0.006002,0.514151,0.009365,0.000837,0.000217,63,3424.58,0.034670
0.43333,3,0.0014,0.006002,0.514151,0.009363,0.000968,0.000225,63,3423.40,0.034665
0.43750,0,0.0012,0.006001,0.514163,0.009146,0.000836,0.000205,63,3315.65,0.034660
0.43750,1,0.0012,0.006001,0.514163,0.009144,0.000829,0.000240,63,3314.68,0.034655
0.43750,2,0.0012,0.006002,0.514151,0.009366,0.000840,0.000218,63,3425.00,0.034665
0.43750,3,0.0012,0.006002,0.514151,0.009364,0.000931,0.000260,63,3424.05,0.034660
0.44167,0,0.0010,0.006001,0.514163,0.009147,0.000825,0.000187,63,3315.95,0.034656
0.44167,1,0.0010,0.006001,0.514163,0.009146,0.000922,0.000253,63,3315.32,0.034651
0.44167,2,0.0010,0.006002,0.514151,0.009367,0.000863,0.000205,63,3425.41,0.034660
0.44167,3,0.0010,0.006002,0.514151,0.009366,0.000749,0.000287,63,3424.79,0.034656
0.44583,0,0.0008,0.006001,0.514163,0.009148,0.000838,0.000199,63,3316.30,0.034652
0.44583,1,0.0008,0.006001,0.514163,0.009147,0.000742,0.000280,63,3316.07,0.034647
0.44583,2,0.0008,0.006002,0.514151,0.009368,0.000764,0.000208,63,3425.80,0.034657
0.44583,3,0.0008,0.006002,0.514151,0.009367,0.000871,0.000265,63,3425.47,0.034652
0.45000,0,0.0006,0.006001,0.514163,0.009148,0.000899,0.000201,63,3316.63,0.034649
0.45000,1,0.0006,0.006001,0.514163,0.009148,0.000928,0.000263,63,3316.75,0.034645
0.45000,2,0.0006,0.006001,0.514151,0.009369,0.001044,0.000207,63,3426.19,0.034653
0.45000,3,0.0006,0.006002,0.514151,0.009369,0.000834,0.000276,63,3426.22,0.034649
0.45417,0,0.0004,0.006001,0.514163,0.009149,0.000805,0.000196,63,3316.98,0.034646
0.45417,1,0.0004,0.006001,0.514163,0.009150,0.000994,0.000269,63,3317.43,0.034643
0.45417,2,0.0004,0.006001,0.514151,0.009369,0.000804,0.000206,63,3426.60,0.034651
0.45417,3,0.0004,0.006001,0.514151,0.009370,0.000843,0.000307,63,3427.05,0.034648
0.45833,0,0.0002,0.006001,0.514163,0.009150,0.000639,0.000210,63,3317.43,0.034644
0.45833,1,0.0002,0.006001,0.514162,0.009151,0.000710,0.000281,63,3318.17,0.034642
0.45833,2,0.0002,0.006001,0.514151,0.009370,0.000869,0.000203,63,3426.99,0.034649
0.45833,3,0.0002,0.006001,0.514150,0.009372,0.001026,0.000289,63,3427.82,0.034647
0.46250,0,0.0001,0.006001,0.514163,0.009150,0.000986,0.000202,63,3317.78,0.034643
0.46250,1,0.0001,0.006001,0.514162,0.009152,0.000905,0.000255,63,3318.79,0.034641
0.46250,2,0.0001,0.006001,0.514150,0.009371,0.001007,0.000232,63,3427.49,0.034648
0.46250,3,0.0001,0.006001,0.514150,0.009373,0.000899,0.000265,63,3428.50,0.034646
0.46667,0,0.0001,0.006001,0.514162,0.009151,0.000641,0.000207,63,3318.23,0.034642
0.46667,1,0.0001,0.006001,0.514162,0.009153,0.000792,0.000231,63,3319.36,0.034641
0.46667,2,0.0001,0.006001,0.514150,0.009372,0.000897,0.000237,63,3428.05,0.034647
0.46667,3,0.0001,0.006001,0.514150,0.009374,0.001113,0.000268,63,3429.21,0.034647
0.47083,0,0.0002,0.006001,0.514162,0.009152,0.000881,0.000244,63,3318.79,0.034642
0.47083,1,0.0002,0.006001,0.514162,0.009154,0.001024,0.000247,63,3319.95,0.034642
0.47083,2,0.0002,0.006001,0.514150,0.009373,0.000844,0.000237,63,3428.59,0.034647
0.47083,3,0.0002,0.006001,0.514150,0.009375,0.000818,0.000226,63,3429.74,0.034648
0.47500,0,0.0004,0.006001,0.514162,0.009153,0.000897,0.000242,63,3319.35,0.034642
0.47500,1,0.0004,0.006001,0.514162,0.009155,0.000872,0.000240,63,3320.51,0.034643
0.47500,2,0.0004,0.006001,0.514150,0.009374,0.000809,0.000253,63,3429.18,0.034648
0.47500,3,0.0004,0.006001,0.514150,0.009376,0.000870,0.000247,63,3430.34,0.034649
0.47917,0,0.0005,0.006001,0.514162,0.009154,0.000994,0.000260,63,3319.98,0.034643
0.47917,1,0.0005,0.006001,0.514162,0.009156,0.000916,0.000215,63,3320.93,0.034645
0.47917,2,0.0005,0.006001,0.514150,0.009375,0.000856,0.000280,63,3429.89,0.034649
0.47917,3,0.0005,0.006001,0.514150,0.009377,0.001080,0.000231,63,3430.84,0.034651
0.48333,0,0.0006,0.006001,0.514162,0.009156,0.000987,0.000260,63,3320.60,0.034645
0.48333,1,0.0006,0.006001,0.514162,0.009157,0.000926,0.000211,63,3321.37,0.034647
0.48333,2,0.0006,0.006001,0.514150,0.009377,0.001079,0.000290,63,3430.66,0.034651
0.48333,3,0.0006,0.006001,0.514150,0.009378,0.000911,0.000214,63,3431.32,0.034653
0.48750,0,0.0007,0.006001,0.514162,0.009157,0.000784,0.000278,63,3321.31,0.034647
0.48750,1,0.0007,0.006001,0.514162,0.009158,0.000909,0.000197,63,3321.73,0.034649
0.48750,2,0.0007,0.006001,0.514150,0.009378,0.000880,0.000275,63,3431.34,0.034653
0.48750,3,0.0007,0.006001,0.514150,0.009379,0.001355,0.000219,63,3431.79,0.034656
0.49167,0,0.0008,0.006001,0.514162,0.009158,0.000976,0.000266,63,3321.99,0.034650
0.49167,1,0.0008,0.006001,0.514162,0.009159,0.000846,0.000200,63,3322.11,0.034652
0.49167,2,0.0008,0.006001,0.514150,0.009380,0.000916,0.000282,63,3432.06,0.034656
0.49167,3,0.0008,0.006001,0.514150,0.009380,0.000908,0.000196,63,3432.20,0.034659
0.49583,0,0.0009,0.006001,0.514162,0.009160,0.000792,0.000260,63,3322.65,0.034653
0.49583,1,0.0009,0.006001,0.514162,0.009159,0.000905,0.000205,63,3322.50,0.034655
0.49583,2,0.0009,0.006001,0.514150,0.009381,0.001110,0.000290,63,3432.82,0.034660
0.49583,3,0.0009,0.006001,0.514150,0.009381,0.000638,0.000206,63,3432.62,0.034662
0.50000,0,0.0010,0.006001,0.514162,0.009161,0.000890,0.000259,63,3323.29,0.034656
0.50000,1,0.0010,0.006001,0.514162,0.009160,0.000844,0.000202,63,3322.91,0.034658
0.50000,2,0.0010,0.006001,0.514150,0.009383,0.000979,0.000272,63,3433.51,0.034663
0.50000,3,0.0010,0.006001,0.514150,0.009382,0.000814,0.000194,63,3433.00,0.034665
0.50417,0,0.0011,0.006001,0.514162,0.009162,0.000958,0.000255,63,3323.92,0.034660
0.50417,1,0.0011,0.006001,0.514162,0.009161,0.000781,0.000195,63,3323.27,0.034662
0.50417,2,0.0011,0.006001,0.514150,0.009384,0.000852,0.000265,63,3434.16,0.034668
0.50417,3,0.0011,0.006001,0.514150,0.009383,0.000706,0.000204,63,3433.48,0.034669
0.50833,0,0.0012,0.006001,0.514162,0.009164,0.000923,0.000244,63,3324.48,0.034664
0.50833,1,0.0012,0.006001,0.514162,0.009162,0.000918,0.000202,63,3323.68,0.034666
0.50833,2,0.0012,0.006001,0.514150,0.009385,0.001022,0.000248,63,3434.72,0.034672
0.50833,3,0.0012,0.006001,0.514150,0.009384,0.000898,0.000211,63,3433.95,0.034673
0.51250,0,0.0013,0.006001,0.514162,0.009165,0.001091,0.000239,63,3325.04,0.034669
0.51250,1,0.0013,0.006001,0.514162,0.009163,0.000857,0.000231,63,3324.22,0.034670
0.51250,2,0.0013,0.006001,0.514150,0.009387,0.000925,0.000245,63,3435.31,0.034677
0.51250,3,0.0013,0.006001,0.514150,0.009385,0.000930,0.000231,63,3434.48,0.034678
0.51667,0,0.0013,0.006001,0.514162,0.009166,0.001036,0.000223,63,3325.52,0.034674
0.51667,1,0.0013,0.006001,0.514162,0.009164,0.000966,0.000221,63,3324.69,0.034674
0.51667,2,0.0013,0.006001,0.514149,0.009388,0.001021,0.000251,63,3435.90,0.034682
0.51667,3,0.0013,0.006001,0.514150,0.009386,0.000718,0.000239,63,3435.07,0.034683
0.52083,0,0.0014,0.006001,0.514162,0.009166,0.000923,0.000208,63,3325.93,0.034679
0.52083,1,0.0014,0.006001,0.514162,0.009165,0.000862,0.000228,63,3325.23,0.034679
0.52083,2,0.0014,0.006001,0.514149,0.009389,0.000930,0.000209,63,3436.32,0.034687
0.52083,3,0.0014,0.006001,0.514149,0.009387,0.000881,0.000236,63,3435.64,0.034688
0.52500,0,0.0014,0.006001,0.514162,0.009167,0.000918,0.000207,63,3326.32,0.034684
0.52500,1,0.0014,0.006001,0.514162,0.009166,0.000954,0.000237,63,3325.79,0.034684
0.52500,2,0.0014,0.006001,0.514149,0.009390,0.000839,0.000221,63,3436.79,0.034693
0.52500,3,0.0014,0.006001,0.514149,0.009388,0.000984,0.000237,63,3436.20,0.034693
0.52917,0,0.0015,0.006001,0.514162,0.009168,0.000884,0.000208,63,3326.71,0.034689
0.52917,1,0.0015,0.006001,0.514162,0.009167,0.000984,0.000250,63,3326.38,0.034689
0.52917,2,0.0015,0.006001,0.514149,0.009390,0.000938,0.000197,63,3437.15,0.034698
0.52917,3,0.0015,0.006001,0.514149,0.009390,0.000908,0.000255,63,3436.86,0.034699
0.53333,0,0.0015,0.006001,0.514162,0.009169,0.000992,0.000185,63,3327.00,0.034694
0.53333,1,0.0015,0.006001,0.514162,0.009169,0.000920,0.000243,63,3326.98,0.034695
0.53333,2,0.0015,0.006001,0.514149,0.009391,0.000960,0.000198,63,3437.51,0.034704
0.53333,3,0.0015,0.006001,0.514149,0.009391,0.000901,0.000228,63,3437.39,0.034705
0.53750,0,0.0016,0.006001,0.514162,0.009169,0.000879,0.000196,63,3327.30,0.034700
0.53750,1,0.0016,0.006001,0.514162,0.009169,0.000896,0.000211,63,3327.42,0.034700
0.53750,2,0.0016,0.006001,0.514149,0.009392,0.000927,0.000198,63,3437.83,0.034710
0.53750,3,0.0016,0.006001,0.514149,0.009392,0.000889,0.000239,63,3437.98,0.034711
0.54167,0,0.0016,0.006001,0.514162,0.009170,0.000921,0.000176,63,3327.57,0.034705
0.54167,1,0.0016,0.006001,0.514162,0.009170,0.000766,0.000240,63,3327.98,0.034706
0.54167,2,0.0016,0.006001,0.514149,0.009392,0.000923,0.000195,63,3438.16,0.034716
0.54167,3,0.0016,0.006001,0.514149,0.009393,0.001080,0.000229,63,3438.48,0.034717
0.54583,0,0.0016,0.006001,0.514162,0.009170,0.000770,0.000182,63,3327.80,0.034711
0.54583,1,0.0016,0.006001,0.514161,0.009171,0.000844,0.000212,63,3328.43,0.034712
0.54583,2,0.0016,0.006001,0.514149,0.009393,0.000876,0.000184,63,3438.45,0.034722
0.54583,3,0.0016,0.006001,0.514149,0.009394,0.000758,0.000229,63,3439.04,0.034723
0.55000,0,0.0016,0.006001,0.514162,0.009171,0.000745,0.000189,63,3328.13,0.034716
0.55000,1,0.0016,0.006001,0.514161,0.009172,0.000851,0.000208,63,3328.84,0.034718
0.55000,2,0.0016,0.006001,0.514149,0.009393,0.000869,0.000178,63,3438.72,0.034727
0.55000,3,0.0016,0.006001,0.514149,0.009395,0.000854,0.000213,63,3439.53,0.034730
0.55417,0,0.0016,0.006001,0.514161,0.009171,0.000857,0.000195,63,3328.45,0.034722
0.55417,1,0.0016,0.006001,0.514161,0.009173,0.000786,0.000207,63,3329.23,0.034724
0.55417,2,0.0016,0.006001,0.514149,0.009394,0.000980,0.000208,63,3439.11,0.034733
0.55417,3,0.0016,0.006001,0.514149,0.009395,0.000755,0.000197,63,3439.88,0.034736
0.55833,0,0.0016,0.006001,0.514161,0.009172,0.000864,0.000189,63,3328.72,0.034727
0.55833,1,0.0016,0.006001,0.514161,0.009174,0.000719,0.000189,63,3329.58,0.034730
0.55833,2,0.0016,0.006001,0.514149,0.009395,0.000684,0.000193,63,3439.46,0.034739
0.55833,3,0.0016,0.006001,0.514149,0.009396,0.000918,0.000195,63,3440.26,0.034742
0.56250,0,0.0016,0.006001,0.514161,0.009173,0.000937,0.000213,63,3329.13,0.034733
0.56250,1,0.0016,0.006001,0.514161,0.009174,0.000976,0.000185,63,3329.88,0.034736
0.56250,2,0.0016,0.006001,0.514149,0.009395,0.000805,0.000203,63,3439.85,0.034746
0.56250,3,0.0016,0.006001,0.514149,0.009397,0.000865,0.000182,63,3440.59,0.034749
0.56667,0,0.0016,0.006001,0.514161,0.009174,0.000954,0.000220,63,3329.58,0.034739
0.56667,1,0.0016,0.006001,0.514161,0.009175,0.001031,0.000185,63,3330.12,0.034743
0.56667,2,0.0016,0.006001,0.514149,0.009396,0.000922,0.000206,63,3440.23,0.034752
0.56667,3,0.0016,0.006001,0.514149,0.009397,0.000818,0.000174,63,3440.85,0.034755
0.57083,0,0.0016,0.006001,0.514161,0.009174,0.000873,0.000195,63,3329.91,0.034745
0.57083,1,0.0016,0.006001,0.514161,0.009175,0.000783,0.000164,63,3330.29,0.034748
0.57083,2,0.0016,0.006001,0.514149,0.009397,0.000899,0.000215,63,3440.67,0.034758
0.57083,3,0.0016,0.006001,0.514149,0.009398,0.000891,0.000161,63,3441.01,0.034761
0.57500,0,0.0016,0.006001,0.514161,0.009175,0.001005,0.000210,63,3330.29,0.034751
0.57500,1,0.0016,0.006001,0.514161,0.009175,0.000934,0.000171,63,3330.41,0.034754
0.57500,2,0.0016,0.006001,0.514149,0.009398,0.000911,0.000193,63,3441.03,0.034764
0.57500,3,0.0016,0.006001,0.514149,0.009398,0.000920,0.000170,63,3441.21,0.034768
0.57917,0,0.0016,0.006001,0.514161,0.009176,0.000933,0.000200,63,3330.68,0.034757
0.57917,1,0.0016,0.006001,0.514161,0.009176,0.000772,0.000167,63,3330.59,0.034760
0.57917,2,0.0016,0.006001,0.514149,0.009399,0.000814,0.000217,63,3441.47,0.034770
0.57917,3,0.0016,0.006001,0.514149,0.009398,0.000636,0.000158,63,3441.36,0.034774
0.58333,0,0.0016,0.006001,0.514161,0.009176,0.000942,0.000202,63,3331.01,0.034763
0.58333,1,0.0016,0.006001,0.514161,0.009176,0.000795,0.000181,63,3330.77,0.034766
0.58333,2,0.0016,0.006001,0.514149,0.009399,0.000719,0.000186,63,3441.80,0.034776
0.58333,3,0.0016,0.006001,0.514149,0.009399,0.000901,0.000162,63,3441.53,0.034780
0.58750,0,0.0015,0.006001,0.514161,0.009177,0.000759,0.000187,63,3331.33,0.034769
0.58750,1,0.0015,0.006001,0.514161,0.009176,0.000637,0.000170,63,3330.92,0.034771
0.58750,2,0.0015,0.006001,0.514149,0.009400,0.000942,0.000176,63,3442.04,0.034783
0.58750,3,0.0015,0.006001,0.514149,0.009399,0.000843,0.000168,63,3441.68,0.034785
0.59167,0,0.0015,0.006001,0.514161,0.009178,0.000901,0.000179,63,3331.54,0.034774
0.59167,1,0.0015,0.006001,0.514161,0.009177,0.000788,0.000160,63,3331.06,0.034777
0.59167,2,0.0015,0.006001,0.514149,0.009401,0.000885,0.000191,63,3442.33,0.034789
0.59167,3,0.0015,0.006001,0.514149,0.009400,0.000736,0.000157,63,3441.86,0.034791
0.59583,0,0.0015,0.006001,0.514161,0.009178,0.000873,0.000180,63,3331.80,0.034780
0.59583,1,0.0015,0.006001,0.514161,0.009177,0.000950,0.000177,63,3331.18,0.034782
0.59583,2,0.0015,0.006001,0.514149,0.009401,0.001143,0.000194,63,3442.66,0.034795
0.59583,3,0.0015,0.006001,0.514149,0.009400,0.000915,0.000159,63,3442.01,0.034797
0.60000,0,0.0014,0.006001,0.514161,0.009178,0.000754,0.000177,63,3331.92,0.034786
0.60000,1,0.0014,0.006001,0.514161,0.009177,0.000869,0.000172,63,3331.39,0.034787
0.60000,2,0.0014,0.006001,0.514149,0.009402,0.000916,0.000162,63,3442.78,0.034800
0.60000,3,0.0014,0.006001,0.514149,0.009400,0.000745,0.000176,63,3442.21,0.034802
0.60417,0,0.0014,0.006001,0.514161,0.009179,0.000803,0.000182,63,3332.07,0.034791
0.60417,1,0.0014,0.006001,0.514161,0.009178,0.000905,0.000176,63,3331.60,0.034792
0.60417,2,0.0014,0.006001,0.514149,0.009402,0.000818,0.000175,63,3442.99,0.034806
0.60417,3,0.0014,0.006001,0.514149,0.009401,0.000628,0.000177,63,3442.45,0.034807
0.60833,0,0.0014,0.006001,0.514161,0.009179,0.000902,0.000172,63,3332.19,0.034796
0.60833,1,0.0014,0.006001,0.514161,0.009178,0.000891,0.000168,63,3331.80,0.034797
0.60833,2,0.0014,0.006001,0.514149,0.009402,0.000868,0.000160,63,3443.04,0.034811
0.60833,3,0.0014,0.006001,0.514149,0.009401,0.000681,0.000162,63,3442.63,0.034813
0.61250,0,0.0013,0.006001,0.514161,0.009179,0.000785,0.000171,63,3332.28,0.034801
0.61250,1,0.0013,0.006001,0.514161,0.009179,0.000874,0.000166,63,3331.98,0.034802
0.61250,2,0.0013,0.006001,0.514149,0.009402,0.000923,0.000159,63,3443.11,0.034817
0.61250,3,0.0013,0.006001,0.514149,0.009402,0.000767,0.000167,63,3442.84,0.034818
0.61667,0,0.0013,0.006001,0.514161,0.009179,0.000792,0.000166,63,3332.31,0.034806
0.61667,1,0.0013,0.006001,0.514161,0.009179,0.000708,0.000167,63,3332.16,0.034807
0.61667,2,0.0013,0.006001,0.514149,0.009402,0.000889,0.000158,63,3443.22,0.034822
0.61667,3,0.0013,0.006001,0.514149,0.009402,0.000841,0.000169,63,3442.99,0.034823
0.62083,0,0.0012,0.006001,0.514161,0.009179,0.000852,0.000174,63,3332.31,0.034811
0.62083,1,0.0012,0.006001,0.514161,0.009179,0.000938,0.000178,63,3332.37,0.034812
0.62083,2,0.0012,0.006001,0.514149,0.009402,0.000622,0.000162,63,3443.17,0.034827
0.62083,3,0.0012,0.006001,0.514149,0.009402,0.000827,0.000174,63,3443.23,0.034828
0.62500,0,0.0012,0.006001,0.514161,0.009179,0.000908,0.000163,63,3332.34,0.034815
0.62500,1,0.0012,0.006001,0.514161,0.009180,0.000840,0.000171,63,3332.55,0.034817
0.62500,2,0.0012,0.006001,0.514149,0.009402,0.000913,0.000162,63,3443.23,0.034831
0.62500,3,0.0012,0.006001,0.514149,0.009403,0.000746,0.000162,63,3443.37,0.034833
0.62917,0,0.0012,0.006001,0.514161,0.009179,0.000862,0.000170,63,3332.37,0.034820
0.62917,1,0.0012,0.006001,0.514161,0.009180,0.000823,0.000163,63,3332.70,0.034821
0.62917,2,0.0012,0.006001,0.514149,0.009402,0.000822,0.000158,63,3443.19,0.034836
0.62917,3,0.0012,0.006001,0.514149,0.009403,0.000913,0.000182,63,3443.61,0.034837
0.63333,0,0.0011,0.006001,0.514161,0.009179,0.000906,0.000169,63,3332.34,0.034824
0.63333,1,0.0011,0.006001,0.514161,0.009180,0.000826,0.000159,63,3332.81,0.034826
0.63333,2,0.0011,0.006001,0.514149,0.009402,0.000761,0.000164,63,3443.16,0.034840
0.63333,3,0.0011,0.006001,0.514149,0.009403,0.000787,0.000154,63,3443.64,0.034842
0.63750,0,0.0011,0.006001,0.514161,0.009179,0.000885,0.000170,63,3332.31,0.034828
0.63750,1,0.0011,0.006001,0.514161,0.009180,0.000731,0.000161,63,3332.90,0.034830
0.63750,2,0.0011,0.006001,0.514149,0.009402,0.000828,0.000162,63,3443.16,0.034844
0.63750,3,0.0011,0.006001,0.514149,0.009403,0.000785,0.000158,63,3443.79,0.034846
0.64167,0,0.0010,0.006001,0.514161,0.009179,0.000918,0.000174,63,3332.37,0.034832
0.64167,1,0.0010,0.006001,0.514161,0.009180,0.000839,0.000169,63,3332.96,0.034834
0.64167,2,0.0010,0.006001,0.514149,0.009402,0.000785,0.000164,63,3443.22,0.034848
0.64167,3,0.0010,0.006001,0.514149,0.009403,0.000640,0.000156,63,3443.76,0.034850
0.64583,0,0.0010,0.006001,0.514161,0.009179,0.000833,0.000162,63,3332.37,0.034835
0.64583,1,0.0010,0.006001,0.514161,0.009180,0.000799,0.000158,63,3332.90,0.034838
0.64583,2,0.0010,0.006001,0.514149,0.009402,0.000699,0.000165,63,3443.22,0.034852
0.64583,3,0.0010,0.006001,0.514149,0.009403,0.000872,0.000164,63,3443.73,0.034854
0.65000,0,0.0009,0.006001,0.514161,0.009179,0.000808,0.000166,63,3332.49,0.034839
0.65000,1,0.0009,0.006001,0.514161,0.009180,0.000879,0.000162,63,3332.85,0.034841
0.65000,2,0.0009,0.006001,0.514149,0.009402,0.000673,0.000157,63,3443.34,0.034856
0.65000,3,0.0009,0.006001,0.514149,0.009403,0.000826,0.000153,63,3443.73,0.034858
0.65417,0,0.0009,0.006001,0.514161,0.009179,0.000963,0.000169,63,3332.52,0.034842
0.65417,1,0.0009,0.006001,0.514161,0.009180,0.000896,0.000164,63,3332.82,0.034844
0.65417,2,0.0009,0.006001,0.514149,0.009403,0.000875,0.000170,63,3443.40,0.034859
0.65417,3,0.0009,0.006001,0.514149,0.009403,0.000855,0.000160,63,3443.67,0.034861
0.65833,0,0.0008,0.006001,0.514161,0.009180,0.000909,0.000171,63,3332.64,0.034845
0.65833,1,0.0008,0.006001,0.514161,0.009180,0.000862,0.000158,63,3332.73,0.034848
0.65833,2,0.0008,0.006001,0.514149,0.009403,0.000802,0.000160,63,3443.46,0.034862
0.65833,3,0.0008,0.006001,0.514149,0.009403,0.000830,0.000151,63,3443.61,0.034865
0.66250,0,0.0008,0.006001,0.514161,0.009180,0.000932,0.000182,63,3332.64,0.034848
0.66250,1,0.0008,0.006001,0.514161,0.009180,0.000942,0.000165,63,3332.67,0.034850
0.66250,2,0.0008,0.006001,0.514149,0.009403,0.000811,0.000163,63,3443.46,0.034865
0.66250,3,0.0008,0.006001,0.514149,0.009403,0.000927,0.000156,63,3443.49,0.034868
0.66667,0,0.0007,0.006001,0.514161,0.009180,0.000899,0.000171,63,3332.72,0.034851
0.66667,1,0.0007,0.006001,0.514161,0.009180,0.000822,0.000164,63,3332.58,0.034853
0.66667,2,0.0007,0.006001,0.514149,0.009403,0.000950,0.000163,63,3443.55,0.034868
0.66667,3,0.0007,0.006001,0.514149,0.009403,0.000777,0.000149,63,3443.43,0.034870
0.67083,0,0.0007,0.006001,0.514161,0.009180,0.000839,0.000164,63,3332.67,0.034854
0.67083,1,0.0007,0.006001,0.514161,0.009179,0.000839,0.000173,63,3332.40,0.034856
0.67083,2,0.0007,0.006001,0.514149,0.009403,0.000929,0.000170,63,3443.49,0.034871
0.67083,3,0.0007,0.006001,0.514149,0.009402,0.000971,0.000164,63,3443.25,0.034873
0.67500,0,0.0006,0.006001,0.514161,0.009180,0.000945,0.000172,63,3332.73,0.034857
0.67500,1,0.0006,0.006001,0.514161,0.009179,0.000857,0.000168,63,3332.37,0.034858
0.67500,2,0.0006,0.006001,0.514149,0.009403,0.000948,0.000169,63,3443.52,0.034874
0.67500,3,0.0006,0.006001,0.514149,0.009402,0.000769,0.000148,63,3443.14,0.034875
0.67917,0,0.0006,0.006001,0.514161,0.009180,0.000581,0.000166,63,3332.76,0.034859
0.67917,1,0.0006,0.006001,0.514161,0.009179,0.000881,0.000162,63,3332.31,0.034860
0.67917,2,0.0006,0.006001,0.514149,0.009403,0.000972,0.000165,63,3443.49,0.034876
0.67917,3,0.0006,0.006001,0.514149,0.009402,0.000727,0.000151,63,3443.07,0.034877
0.68333,0,0.0005,0.006001,0.514161,0.009180,0.000799,0.000172,63,3332.61,0.034861
0.68333,1,0.0005,0.006001,0.514161,0.009179,0.000793,0.000164,63,3332.19,0.034862
0.68333,2,0.0005,0.006001,0.514149,0.009403,0.000944,0.000162,63,3443.46,0.034879
0.68333,3,0.0005,0.006001,0.514149,0.009402,0.000962,0.000158,63,3443.05,0.034879
0.68750,0,0.0005,0.006001,0.514161,0.009180,0.000795,0.000177,63,3332.55,0.034863
0.68750,1,0.0005,0.006001,0.514161,0.009179,0.000666,0.000153,63,3332.13,0.034864
0.68750,2,0.0005,0.006001,0.514149,0.009403,0.000814,0.000157,63,3443.40,0.034881
0.68750,3,0.0005,0.006001,0.514149,0.009402,0.000893,0.000159,63,3442.93,0.034881
0.69167,0,0.0004,0.006001,0.514161,0.009180,0.000915,0.000175,63,3332.49,0.034865
0.69167,1,0.0004,0.006001,0.514161,0.009179,0.000640,0.000146,63,3332.13,0.034865
0.69167,2,0.0004,0.006001,0.514149,0.009403,0.000829,0.000163,63,3443.31,0.034883
0.69167,3,0.0004,0.006001,0.514149,0.009402,0.000767,0.000156,63,3442.87,0.034883
0.69583,0,0.0004,0.006001,0.514161,0.009179,0.000764,0.000166,63,3332.40,0.034867
0.69583,1,0.0004,0.006001,0.514161,0.009179,0.000914,0.000161,63,3332.05,0.034867
0.69583,2,0.0004,0.006001,0.514149,0.009402,0.000804,0.000170,63,3443.19,0.034884
0.69583,3,0.0004,0.006001,0.514149,0.009402,0.000599,0.000153,63,3442.81,0.034884
0.70000,0,0.0003,0.006001,0.514161,0.009179,0.000888,0.000167,63,3332.28,0.034868
0.70000,1,0.0003,0.006001,0.514161,0.009179,0.000606,0.000150,63,3332.07,0.034868
0.70000,2,0.0003,0.006001,0.514149,0.009402,0.000887,0.000172,63,3442.99,0.034886
0.70000,3,0.0003,0.006001,0.514149,0.009402,0.000774,0.000160,63,3442.78,0.034886
0.70417,0,0.0003,0.006001,0.514161,0.009179,0.000745,0.000171,63,3332.13,0.034870
0.70417,1,0.0003,0.006001,0.514161,0.009179,0.000762,0.000161,63,3332.05,0.034870
0.70417,2,0.0003,0.006001,0.514149,0.009402,0.000828,0.000169,63,3442.84,0.034887
0.70417,3,0.0003,0.006001,0.514149,0.009402,0.000891,0.000156,63,3442.84,0.034887
0.70833,0,0.0003,0.006001,0.514161,0.009178,0.000967,0.000180,63,3331.95,0.034871
0.70833,1,0.0003,0.006001,0.514161,0.009179,0.000896,0.000162,63,3332.02,0.034871
0.70833,2,0.0003,0.006001,0.514149,0.009401,0.000889,0.000172,63,3442.69,0.034888
0.70833,3,0.0003,0.006001,0.514149,0.009402,0.000914,0.000161,63,3442.81,0.034888
0.71250,0,0.0002,0.006001,0.514161,0.009178,0.000775,0.000168,63,3331.78,0.034872
0.71250,1,0.0002,0.006001,0.514161,0.009179,0.000857,0.000164,63,3331.99,0.034872
0.71250,2,0.0002,0.006001,0.514149,0.009401,0.000962,0.000176,63,3442.52,0.034889
0.71250,3,0.0002,0.006001,0.514149,0.009401,0.000852,0.000158,63,3442.69,0.034889
0.71667,0,0.0002,0.006001,0.514161,0.009178,0.000819,0.000174,63,3331.63,0.034872
0.71667,1,0.0002,0.006001,0.514161,0.009178,0.000864,0.000158,63,3331.96,0.034873
0.71667,2,0.0002,0.006001,0.514149,0.009401,0.000770,0.000164,63,3442.36,0.034890
0.71667,3,0.0002,0.006001,0.514149,0.009401,0.000635,0.000146,63,3442.69,0.034890
0.72083,0,0.0001,0.006001,0.514161,0.009178,0.000909,0.000169,63,3331.51,0.034873
0.72083,1,0.0001,0.006001,0.514161,0.009178,0.000675,0.000158,63,3331.87,0.034873
0.72083,2,0.0001,0.006001,0.514149,0.009400,0.000959,0.000168,63,3442.25,0.034890
0.72083,3,0.0001,0.006001,0.514149,0.009401,0.000763,0.000156,63,3442.60,0.034891
0.72500,0,0.0001,0.006001,0.514161,0.009177,0.000667,0.000172,63,3331.39,0.034873
0.72500,1,0.0001,0.006001,0.514161,0.009178,0.000808,0.000164,63,3331.78,0.034874
0.72500,2,0.0001,0.006001,0.514149,0.009400,0.000920,0.000172,63,3442.13,0.034891
0.72500,3,0.0001,0.006001,0.514149,0.009401,0.000929,0.000163,63,3442.54,0.034891
0.72917,0,0.0001,0.006001,0.514161,0.009177,0.000874,0.000168,63,3331.27,0.034874
0.72917,1,0.0001,0.006001,0.514161,0.009178,0.000729,0.000155,63,3331.72,0.034874
0.72917,2,0.0001,0.006001,0.514149,0.009400,0.000928,0.000169,63,3441.98,0.034891
0.72917,3,0.0001,0.006001,0.514149,0.009401,0.000933,0.000163,63,3442.40,0.034892
0.73333,0,0.0000,0.006001,0.514161,0.009177,0.000990,0.000171,63,3331.25,0.034874
0.73333,1,0.0000,0.006001,0.514161,0.009178,0.000914,0.000165,63,3331.60,0.034875
0.73333,2,0.0000,0.006001,0.514149,0.009400,0.000901,0.000168,63,3441.92,0.034891
0.73333,3,0.0000,0.006001,0.514149,0.009400,0.000994,0.000164,63,3442.25,0.034892
0.73750,0,0.0000,0.006001,0.514161,0.009177,0.000725,0.000167,63,3331.18,0.034874
0.73750,1,0.0000,0.006001,0.514161,0.009177,0.000870,0.000174,63,3331.42,0.034875
0.73750,2,0.0000,0.006001,0.514149,0.009400,0.000896,0.000171,63,3441.83,0.034891
0.73750,3,0.0000,0.006001,0.514149,0.009400,0.000606,0.000147,63,3442.13,0.034892
0.74167,0,0.0000,0.006001,0.514161,0.009177,0.000984,0.000175,63,3331.15,0.034874
0.74167,1,0.0000,0.006001,0.514161,0.009177,0.000691,0.000164,63,3331.27,0.034875
0.74167,2,0.0000,0.006001,0.514149,0.009399,0.000816,0.000162,63,3441.77,0.034891
0.74167,3,0.0000,0.006001,0.514149,0.009400,0.000841,0.000167,63,3441.95,0.034892
0.74583,0,0.0000,0.006001,0.514161,0.009177,0.001004,0.000171,63,3331.06,0.034874
0.74583,1,0.0000,0.006001,0.514161,0.009177,0.000703,0.000160,63,3331.13,0.034875
0.74583,2,0.0000,0.006001,0.514149,0.009400,0.000937,0.000171,63,3441.77,0.034891
0.74583,3,0.0000,0.006001,0.514149,0.009399,0.000868,0.000175,63,3441.75,0.034892
0.75000,0,0.0001,0.006001,0.514161,0.009177,0.000962,0.000164,63,3331.01,0.034874
0.75000,1,0.0001,0.006001,0.514161,0.009176,0.000617,0.000166,63,3330.98,0.034875
0.75000,2,0.0001,0.006001,0.514149,0.009399,0.000912,0.000177,63,3441.66,0.034891
0.75000,3,0.0001,0.006001,0.514149,0.009399,0.001116,0.000171,63,3441.57,0.034892
0.75417,0,0.0001,0.006001,0.514161,0.009176,0.000841,0.000158,63,3330.92,0.034874
0.75417,1,0.0001,0.006001,0.514161,0.009176,0.000880,0.000170,63,3330.77,0.034874
0.75417,2,0.0001,0.006001,0.514149,0.009399,0.001231,0.000170,63,3441.59,0.034891
0.75417,3,0.0001,0.006001,0.514149,0.009399,0.000840,0.000161,63,3441.42,0.034892
0.75833,0,0.0001,0.006001,0.514161,0.009176,0.000913,0.000160,63,3330.89,0.034874
0.75833,1,0.0001,0.006001,0.514161,0.009176,0.000614,0.000167,63,3330.59,0.034874
0.75833,2,0.0001,0.006001,0.514149,0.009399,0.000804,0.000169,63,3441.47,0.034891
0.75833,3,0.0001,0.006001,0.514149,0.009398,0.000962,0.000170,63,3441.24,0.034891
0.76250,0,0.0001,0.006001,0.514161,0.009176,0.000887,0.000168,63,3330.77,0.034873
0.76250,1,0.0001,0.006001,0.514161,0.009176,0.000920,0.000168,63,3330.47,0.034873
0.76250,2,0.0001,0.006001,0.514149,0.009399,0.000986,0.000176,63,3441.39,0.034890
0.76250,3,0.0001,0.006001,0.514149,0.009398,0.000743,0.000165,63,3441.09,0.034890
0.76667,0,0.0002,0.006001,0.514161,0.009176,0.000762,0.000160,63,3330.71,0.034873
0.76667,1,0.0002,0.006001,0.514161,0.009175,0.000920,0.000164,63,3330.36,0.034873
0.76667,2,0.0002,0.006001,0.514149,0.009399,0.000976,0.000173,63,3441.30,0.034890
0.76667,3,0.0002,0.006001,0.514149,0.009398,0.000625,0.000157,63,3441.00,0.034890
0.77083,0,0.0002,0.006001,0.514161,0.009176,0.000955,0.000172,63,3330.56,0.034872
0.77083,1,0.0002,0.006001,0.514161,0.009175,0.000902,0.000163,63,3330.24,0.034872
0.77083,2,0.0002,0.006001,0.514149,0.009399,0.000857,0.000164,63,3441.24,0.034889
0.77083,3,0.0002,0.006001,0.514149,0.009398,0.000856,0.000156,63,3440.85,0.034889
0.77500,0,0.0002,0.006001,0.514161,0.009176,0.000901,0.000166,63,3330.47,0.034872
0.77500,1,0.0002,0.006001,0.514161,0.009175,0.000873,0.000166,63,3330.21,0.034871
0.77500,2,0.0002,0.006001,0.514149,0.009398,0.000849,0.000176,63,3441.03,0.034889
0.77500,3,0.0002,0.006001,0.514149,0.009398,0.000673,0.000161,63,3440.77,0.034888
0.77917,0,0.0002,0.006001,0.514161,0.009175,0.000686,0.000165,63,3330.35,0.034871
0.77917,1,0.0002,0.006001,0.514161,0.009175,0.000836,0.000159,63,3330.12,0.034870
0.77917,2,0.0002,0.006001,0.514149,0.009398,0.000862,0.000168,63,3440.94,0.034888
0.77917,3,0.0002,0.006001,0.514149,0.009398,0.000776,0.000150,63,3440.71,0.034887
0.78333,0,0.0002,0.006001,0.514161,0.009175,0.001035,0.000166,63,3330.29,0.034870
0.78333,1,0.0002,0.006001,0.514161,0.009175,0.001214,0.000164,63,3330.03,0.034870
0.78333,2,0.0002,0.006001,0.514149,0.009398,0.000837,0.000163,63,3440.86,0.034887
0.78333,3,0.0002,0.006001,0.514149,0.009397,0.000806,0.000152,63,3440.68,0.034886
0.78750,0,0.0002,0.006001,0.514161,0.009175,0.000853,0.000171,63,3330.12,0.034869
0.78750,1,0.0002,0.006001,0.514161,0.009175,0.000929,0.000161,63,3329.97,0.034869
0.78750,2,0.0002,0.006001,0.514149,0.009398,0.000778,0.000169,63,3440.74,0.034886
0.78750,3,0.0002,0.006001,0.514149,0.009397,0.000623,0.000147,63,3440.62,0.034885
0.79167,0,0.0003,0.006001,0.514161,0.009175,0.000828,0.000170,63,3330.00,0.034869
0.79167,1,0.0003,0.006001,0.514161,0.009175,0.000920,0.000160,63,3329.94,0.034868
0.79167,2,0.0003,0.006001,0.514149,0.009397,0.000704,0.000175,63,3440.56,0.034885
0.79167,3,0.0003,0.006001,0.514149,0.009397,0.001044,0.000163,63,3440.47,0.034884
0.79583,0,0.0003,0.006001,0.514161,0.009174,0.000963,0.000179,63,3329.85,0.034868
0.79583,1,0.0003,0.006001,0.514161,0.009174,0.000735,0.000152,63,3329.91,0.034867
0.79583,2,0.0003,0.006001,0.514149,0.009397,0.000872,0.000173,63,3440.38,0.034884
0.79583,3,0.0003,0.006001,0.514149,0.009397,0.000727,0.000157,63,3440.50,0.034884
0.80000,0,0.0003,0.006001,0.514161,0.009174,0.000821,0.000172,63,3329.67,0.034867
0.80000,1,0.0003,0.006001,0.514161,0.009174,0.000708,0.000159,63,3329.91,0.034866
0.80000,2,0.0003,0.006001,0.514149,0.009396,0.000924,0.000174,63,3440.23,0.034883
0.80000,3,0.0003,0.006001,0.514149,0.009397,0.000857,0.000167,63,3440.38,0.034883
0.80417,0,0.0003,0.006001,0.514161,0.009174,0.000625,0.000168,63,3329.55,0.034865
0.80417,1,0.0003,0.006001,0.514161,0.009174,0.000786,0.000167,63,3329.82,0.034865
0.80417,2,0.0003,0.006001,0.514149,0.009396,0.000823,0.000170,63,3440.08,0.034882
0.80417,3,0.0003,0.006001,0.514149,0.009397,0.000819,0.000158,63,3440.35,0.034881
0.80833,0,0.0003,0.006001,0.514161,0.009174,0.000650,0.000167,63,3329.46,0.034864
0.80833,1,0.0003,0.006001,0.514161,0.009174,0.000846,0.000163,63,3329.76,0.034864
0.80833,2,0.0003,0.006001,0.514149,0.009396,0.001065,0.000173,63,3440.03,0.034881
0.80833,3,0.0003,0.006001,0.514149,0.009396,0.000906,0.000166,63,3440.26,0.034880
0.81250,0,0.0003,0.006001,0.514161,0.009173,0.000912,0.000178,63,3329.37,0.034863
0.81250,1,0.0003,0.006001,0.514161,0.009174,0.000931,0.000166,63,3329.64,0.034863
0.81250,2,0.0003,0.006001,0.514149,0.009396,0.000903,0.000171,63,3439.96,0.034880
0.81250,3,0.0003,0.006001,0.514149,0.009396,0.000708,0.000144,63,3440.20,0.034879
0.81667,0,0.0003,0.006001,0.514161,0.009173,0.000810,0.000172,63,3329.34,0.034862
0.81667,1,0.0003,0.006001,0.514161,0.009174,0.000547,0.000150,63,3329.56,0.034862
0.81667,2,0.0003,0.006001,0.514149,0.009396,0.000893,0.000172,63,3439.85,0.034878
0.81667,3,0.0003,0.006001,0.514149,0.009396,0.000688,0.000153,63,3440.09,0.034878
0.82083,0,0.0003,0.006001,0.514161,0.009173,0.000862,0.000167,63,3329.25,0.034861
0.82083,1,0.0003,0.006001,0.514161,0.009174,0.000744,0.000164,63,3329.49,0.034861
0.82083,2,0.0003,0.006001,0.514149,0.009396,0.000800,0.000160,63,3439.79,0.034877
0.82083,3,0.0003,0.006001,0.514149,0.009396,0.000881,0.000153,63,3440.03,0.034877
0.82500,0,0.0003,0.006001,0.514161,0.009173,0.000857,0.000163,63,3329.20,0.034860
0.82500,1,0.0003,0.006001,0.514161,0.009173,0.000677,0.000164,63,3329.32,0.034860
0.82500,2,0.0003,0.006001,0.514149,0.009396,0.000848,0.000160,63,3439.75,0.034876
0.82500,3,0.0003,0.006001,0.514149,0.009396,0.000786,0.000148,63,3439.88,0.034876
0.82917,0,0.0003,0.006001,0.514161,0.009173,0.000983,0.000168,63,3329.17,0.034859
0.82917,1,0.0003,0.006001,0.514161,0.009173,0.000915,0.000159,63,3329.29,0.034859
0.82917,2,0.0003,0.006001,0.514149,0.009395,0.000806,0.000174,63,3439.70,0.034875
0.82917,3,0.0003,0.006001,0.514149,0.009396,0.000781,0.000151,63,3439.76,0.034875
0.83333,0,0.0003,0.006001,0.514161,0.009173,0.000928,0.000176,63,3329.17,0.034857
0.83333,1,0.0003,0.006001,0.514161,0.009173,0.000597,0.000163,63,3329.14,0.034857
0.83333,2,0.0003,0.006001,0.514149,0.009395,0.001011,0.000172,63,3439.64,0.034874
0.83333,3,0.0003,0.006001,0.514149,0.009395,0.000789,0.000160,63,3439.64,0.034873
0.83750,0,0.0003,0.006001,0.514161,0.009173,0.000839,0.000159,63,3329.14,0.034856
0.83750,1,0.0003,0.006001,0.514161,0.009173,0.000887,0.000168,63,3329.02,0.034856
0.83750,2,0.0003,0.006001,0.514149,0.009395,0.000673,0.000158,63,3439.64,0.034872
0.83750,3,0.0003,0.006001,0.514149,0.009395,0.000881,0.000157,63,3439.55,0.034872
0.84167,0,0.0003,0.006001,0.514161,0.009173,0.000873,0.000173,63,3329.10,0.034855
0.84167,1,0.0003,0.006001,0.514161,0.009173,0.000714,0.000161,63,3328.96,0.034855
0.84167,2,0.0003,0.006001,0.514149,0.009395,0.001016,0.000166,63,3439.64,0.034871
0.84167,3,0.0003,0.006001,0.514149,0.009395,0.001070,0.000162,63,3439.46,0.034871
0.84583,0,0.0003,0.006001,0.514161,0.009173,0.000859,0.000174,63,3329.05,0.034854
0.84583,1,0.0003,0.006001,0.514161,0.009172,0.000891,0.000161,63,3328.93,0.034854
0.84583,2,0.0003,0.006001,0.514149,0.009395,0.001092,0.000172,63,3439.55,0.034870
0.84583,3,0.0003,0.006001,0.514149,0.009395,0.000906,0.000154,63,3439.37,0.034870
0.85000,0,0.0003,0.006001,0.514161,0.009173,0.000925,0.000165,63,3329.02,0.034853
0.85000,1,0.0003,0.006001,0.514161,0.009172,0.000811,0.000158,63,3328.81,0.034853
0.85000,2,0.0003,0.006001,0.514149,0.009395,0.000912,0.000160,63,3439.52,0.034869
0.85000,3,0.0003,0.006001,0.514149,0.009395,0.000971,0.000163,63,3439.37,0.034868
0.85417,0,0.0003,0.006001,0.514161,0.009173,0.000785,0.000170,63,3328.96,0.034852
0.85417,1,0.0003,0.006001,0.514161,0.009172,0.000872,0.000156,63,3328.81,0.034851
0.85417,2,0.0003,0.006001,0.514149,0.009395,0.000752,0.000164,63,3439.52,0.034868
0.85417,3,0.0003,0.006001,0.514149,0.009395,0.000880,0.000157,63,3439.34,0.034867
0.85833,0,0.0003,0.006001,0.514161,0.009172,0.000619,0.000169,63,3328.96,0.034851
0.85833,1,0.0003,0.006001,0.514161,0.009172,0.000777,0.000158,63,3328.76,0.034850
0.85833,2,0.0003,0.006001,0.514149,0.009395,0.000945,0.000180,63,3439.40,0.034867
0.85833,3,0.0003,0.006001,0.514149,0.009395,0.000860,0.000157,63,3439.23,0.034866
0.86250,0,0.0003,0.006001,0.514161,0.009172,0.000949,0.000165,63,3328.90,0.034850
0.86250,1,0.0003,0.006001,0.514162,0.009172,0.000819,0.000159,63,3328.67,0.034849
0.86250,2,0.0003,0.006001,0.514149,0.009395,0.000653,0.000159,63,3439.37,0.034866
0.86250,3,0.0003,0.006001,0.514149,0.009395,0.001120,0.000164,63,3439.23,0.034865
0.86667,0,0.0003,0.006001,0.514161,0.009172,0.000923,0.000175,63,3328.84,0.034849
0.86667,1,0.0003,0.006001,0.514161,0.009172,0.000897,0.000160,63,3328.66,0.034848
0.86667,2,0.0003,0.006001,0.514149,0.009395,0.001003,0.000163,63,3439.34,0.034864
0.86667,3,0.0003,0.006001,0.514149,0.009395,0.000764,0.000157,63,3439.19,0.034864
0.87083,0,0.0003,0.006001,0.514161,0.009172,0.000777,0.000165,63,3328.78,0.034848
0.87083,1,0.0003,0.006001,0.514161,0.009172,0.000910,0.000155,63,3328.64,0.034847
0.87083,2,0.0003,0.006001,0.514149,0.009395,0.000800,0.000159,63,3439.28,0.034863
0.87083,3,0.0003,0.006001,0.514149,0.009394,0.000711,0.000158,63,3439.17,0.034863
0.87500,0,0.0003,0.006001,0.514161,0.009172,0.001301,0.000165,63,3328.75,0.034847
0.87500,1,0.0003,0.006001,0.514161,0.009172,0.000809,0.000158,63,3328.69,0.034846
0.87500,2,0.0003,0.006001,0.514149,0.009395,0.000912,0.000171,63,3439.22,0.034862
0.87500,3,0.0003,0.006001,0.514149,0.009394,0.001006,0.000162,63,3439.14,0.034862
0.87917,0,0.0003,0.006001,0.514161,0.009172,0.000835,0.000167,63,3328.69,0.034846
0.87917,1,0.0003,0.006001,0.514161,0.009172,0.000840,0.000158,63,3328.67,0.034845
0.87917,2,0.0003,0.006001,0.514149,0.009394,0.000793,0.000152,63,3439.17,0.034861
0.87917,3,0.0003,0.006001,0.514149,0.009394,0.000745,0.000148,63,3439.14,0.034861
0.88333,0,0.0003,0.006001,0.514161,0.009172,0.000933,0.000168,63,3328.60,0.034845
0.88333,1,0.0003,0.006001,0.514161,0.009172,0.000795,0.000161,63,3328.64,0.034844
0.88333,2,0.0003,0.006001,0.514149,0.009394,0.000666,0.000158,63,3439.11,0.034860
0.88333,3,0.0003,0.006001,0.514149,0.009394,0.001180,0.000155,63,3439.14,0.034860
0.88750,0,0.0003,0.006001,0.514161,0.009172,0.000884,0.000175,63,3328.51,0.034844
0.88750,1,0.0003,0.006001,0.514161,0.009172,0.000816,0.000157,63,3328.63,0.034843
0.88750,2,0.0003,0.006001,0.514149,0.009394,0.000676,0.000167,63,3439.05,0.034859
0.88750,3,0.0003,0.006001,0.514149,0.009394,0.000954,0.000162,63,3439.17,0.034859
0.89167,0,0.0002,0.006001,0.514162,0.009172,0.000992,0.000165,63,3328.51,0.034843
0.89167,1,0.0002,0.006001,0.514161,0.009172,0.000874,0.000166,63,3328.70,0.034842
0.89167,2,0.0002,0.006001,0.514149,0.009394,0.000870,0.000165,63,3438.96,0.034858
0.89167,3,0.0002,0.006001,0.514149,0.009394,0.000807,0.000160,63,3439.17,0.034858
0.89583,0,0.0002,0.006001,0.514161,0.009171,0.000714,0.000162,63,3328.46,0.034842
0.89583,1,0.0002,0.006001,0.514161,0.009172,0.000920,0.000162,63,3328.70,0.034841
0.89583,2,0.0002,0.006001,0.514149,0.009394,0.001131,0.000169,63,3438.96,0.034857
0.89583,3,0.0002,0.006001,0.514149,0.009394,0.000884,0.000162,63,3439.13,0.034857
0.90000,0,0.0002,0.006001,0.514161,0.009171,0.000896,0.000163,63,3328.48,0.034841
0.90000,1,0.0002,0.006001,0.514161,0.009172,0.000851,0.000152,63,3328.63,0.034840
0.90000,2,0.0002,0.006001,0.514149,0.009394,0.001008,0.000166,63,3438.93,0.034856
0.90000,3,0.0002,0.006001,0.514149,0.009394,0.000737,0.000150,63,3439.10,0.034856
0.90417,0,0.0002,0.006001,0.514162,0.009171,0.000822,0.000166,63,3328.46,0.034840
0.90417,1,0.0002,0.006001,0.514161,0.009172,0.000785,0.000158,63,3328.63,0.034840
0.90417,2,0.0002,0.006001,0.514149,0.009394,0.000776,0.000165,63,3438.93,0.034855
0.90417,3,0.0002,0.006001,0.514149,0.009394,0.000821,0.000153,63,3439.17,0.034855
0.90833,0,0.0002,0.006001,0.514161,0.009171,0.000944,0.000177,63,3328.43,0.034839
0.90833,1,0.0002,0.006001,0.514162,0.009172,0.001072,0.000154,63,3328.60,0.034839
0.90833,2,0.0002,0.006001,0.514149,0.009394,0.000752,0.000164,63,3438.99,0.034854
0.90833,3,0.0002,0.006001,0.514149,0.009394,0.000751,0.000151,63,3439.10,0.034854
0.91250,0,0.0002,0.006001,0.514161,0.009171,0.000915,0.000167,63,3328.51,0.034838
0.91250,1,0.0002,0.006001,0.514161,0.009172,0.000884,0.000167,63,3328.52,0.034838
0.91250,2,0.0002,0.006001,0.514149,0.009394,0.000991,0.000164,63,3438.99,0.034854
0.91250,3,0.0002,0.006001,0.514149,0.009394,0.000769,0.000155,63,3439.08,0.034854
0.91667,0,0.0002,0.006001,0.514162,0.009171,0.000619,0.000156,63,3328.48,0.034837
0.91667,1,0.0002,0.006001,0.514161,0.009172,0.000876,0.000158,63,3328.55,0.034837
0.91667,2,0.0002,0.006001,0.514149,0.009394,0.000961,0.000163,63,3438.96,0.034853
0.91667,3,0.0002,0.006001,0.514149,0.009394,0.000866,0.000145,63,3439.02,0.034853
0.92083,0,0.0002,0.006001,0.514161,0.009171,0.000793,0.000154,63,3328.48,0.034837
0.92083,1,0.0002,0.006001,0.514161,0.009171,0.000768,0.000161,63,3328.46,0.034837
0.92083,2,0.0002,0.006001,0.514149,0.009394,0.000895,0.000163,63,3438.99,0.034852
0.92083,3,0.0002,0.006001,0.514149,0.009394,0.000849,0.000158,63,3438.93,0.034852
0.92500,0,0.0002,0.006001,0.514161,0.009172,0.000834,0.000165,63,3328.54,0.034836
0.92500,1,0.0002,0.006001,0.514161,0.009171,0.000876,0.000158,63,3328.46,0.034836
0.92500,2,0.0002,0.006001,0.514149,0.009394,0.000889,0.000171,63,3439.05,0.034851
0.92500,3,0.0002,0.006001,0.514149,0.009394,0.000765,0.000148,63,3438.96,0.034851
0.92917,0,0.0002,0.006001,0.514161,0.009172,0.000910,0.000160,63,3328.51,0.034835
0.92917,1,0.0002,0.006001,0.514161,0.009171,0.000746,0.000163,63,3328.46,0.034835
0.92917,2,0.0002,0.006001,0.514149,0.009394,0.000726,0.000166,63,3439.02,0.034851
0.92917,3,0.0002,0.006001,0.514149,0.009394,0.000873,0.000156,63,3438.96,0.034851
0.93333,0,0.0002,0.006001,0.514161,0.009172,0.000877,0.000165,63,3328.54,0.034835
0.93333,1,0.0002,0.006001,0.514162,0.009171,0.000954,0.000169,63,3328.43,0.034835
0.93333,2,0.0002,0.006001,0.514149,0.009394,0.000852,0.000158,63,3438.99,0.034850
0.93333,3,0.0002,0.006001,0.514149,0.009394,0.000922,0.000161,63,3438.93,0.034850
0.93750,0,0.0001,0.006001,0.514162,0.009172,0.000922,0.000172,63,3328.54,0.034834
0.93750,1,0.0001,0.006001,0.514162,0.009171,0.000780,0.000149,63,3328.40,0.034834
0.93750,2,0.0001,0.006001,0.514149,0.009394,0.000864,0.000162,63,3439.05,0.034850
0.93750,3,0.0001,0.006001,0.514149,0.009394,0.000747,0.000156,63,3438.90,0.034849
0.94167,0,0.0001,0.006001,0.514161,0.009172,0.000718,0.000159,63,3328.57,0.034834
0.94167,1,0.0001,0.006001,0.514162,0.009171,0.000954,0.000154,63,3328.43,0.034833
0.94167,2,0.0001,0.006001,0.514149,0.009394,0.000701,0.000156,63,3439.10,0.034849
0.94167,3,0.0001,0.006001,0.514149,0.009394,0.000868,0.000157,63,3438.87,0.034849
0.94583,0,0.0001,0.006001,0.514161,0.009172,0.000880,0.000157,63,3328.60,0.034833
0.94583,1,0.0001,0.006001,0.514161,0.009171,0.000939,0.000158,63,3328.43,0.034833
0.94583,2,0.0001,0.006001,0.514149,0.009394,0.000706,0.000154,63,3439.08,0.034849
0.94583,3,0.0001,0.006001,0.514149,0.009394,0.000859,0.000165,63,3438.93,0.034848
0.95000,0,0.0001,0.006001,0.514162,0.009172,0.000881,0.000166,63,3328.60,0.034833
0.95000,1,0.0001,0.006001,0.514161,0.009172,0.000669,0.000166,63,3328.46,0.034832
0.95000,2,0.0001,0.006001,0.514149,0.009394,0.000926,0.000165,63,3439.08,0.034848
0.95000,3,0.0001,0.006001,0.514149,0.009394,0.000947,0.000158,63,3438.99,0.034848
0.95417,0,0.0001,0.006001,0.514161,0.009172,0.000807,0.000167,63,3328.57,0.034832
0.95417,1,0.0001,0.006001,0.514161,0.009171,0.000890,0.000159,63,3328.46,0.034832
0.95417,2,0.0001,0.006001,0.514149,0.009394,0.000777,0.000168,63,3439.08,0.034848
0.95417,3,0.0001,0.006001,0.514149,0.009394,0.000754,0.000150,63,3438.99,0.034847
0.95833,0,0.0001,0.006001,0.514161,0.009172,0.000870,0.000163,63,3328.57,0.034832
0.95833,1,0.0001,0.006001,0.514161,0.009172,0.000923,0.000158,63,3328.52,0.034831
0.95833,2,0.0001,0.006001,0.514149,0.009394,0.000789,0.000160,63,3439.10,0.034847
0.95833,3,0.0001,0.006001,0.514149,0.009394,0.000907,0.000158,63,3438.99,0.034847
0.96250,0,0.0001,0.006001,0.514161,0.009172,0.000755,0.000156,63,3328.57,0.034832
0.96250,1,0.0001,0.006001,0.514162,0.009172,0.000687,0.000155,63,3328.51,0.034831
0.96250,2,0.0001,0.006001,0.514149,0.009394,0.000837,0.000167,63,3439.07,0.034847
0.96250,3,0.0001,0.006001,0.514149,0.009394,0.000651,0.000154,63,3439.05,0.034846
0.96667,0,0.0001,0.006001,0.514161,0.009172,0.000773,0.000162,63,3328.54,0.034831
0.96667,1,0.0001,0.006001,0.514161,0.009172,0.000721,0.000158,63,3328.61,0.034831
0.96667,2,0.0001,0.006001,0.514149,0.009394,0.000821,0.000160,63,3439.02,0.034847
0.96667,3,0.0001,0.006001,0.514149,0.009394,0.000889,0.000159,63,3439.10,0.034846
0.97083,0,0.0001,0.006001,0.514161,0.009172,0.000922,0.000166,63,3328.55,0.034831
0.97083,1,0.0001,0.006001,0.514161,0.009172,0.000871,0.000158,63,3328.63,0.034830
0.97083,2,0.0001,0.006001,0.514149,0.009394,0.000835,0.000159,63,3439.07,0.034846
0.97083,3,0.0001,0.006001,0.514149,0.009394,0.000653,0.000149,63,3439.17,0.034846
0.97500,0,0.0001,0.006001,0.514162,0.009172,0.001000,0.000166,63,3328.60,0.034831
0.97500,1,0.0001,0.006001,0.514161,0.009172,0.000962,0.000155,63,3328.70,0.034830
0.97500,2,0.0001,0.006001,0.514149,0.009394,0.000801,0.000163,63,3439.02,0.034846
0.97500,3,0.0001,0.006001,0.514149,0.009394,0.000864,0.000153,63,3439.17,0.034846
0.97917,0,0.0001,0.006001,0.514162,0.009172,0.000887,0.000170,63,3328.58,0.034830
0.97917,1,0.0001,0.006001,0.514161,0.009172,0.000857,0.000166,63,3328.75,0.034830
0.97917,2,0.0001,0.006001,0.514149,0.009394,0.000976,0.000161,63,3439.05,0.034846
0.97917,3,0.0001,0.006001,0.514149,0.009394,0.000589,0.000152,63,3439.17,0.034845
0.98333,0,0.0000,0.006001,0.514161,0.009172,0.000890,0.000160,63,3328.58,0.034830
0.98333,1,0.0000,0.006001,0.514161,0.009172,0.000697,0.000163,63,3328.70,0.034830
0.98333,2,0.0000,0.006001,0.514149,0.009394,0.000895,0.000170,63,3439.08,0.034845
0.98333,3,0.0000,0.006001,0.514149,0.009394,0.000961,0.000161,63,3439.25,0.034845
0.98750,0,0.0000,0.006001,0.514161,0.009172,0.000901,0.000182,63,3328.58,0.034830
0.98750,1,0.0000,0.006001,0.514161,0.009172,0.000649,0.000155,63,3328.72,0.034830
0.98750,2,0.0000,0.006001,0.514149,0.009394,0.000630,0.000150,63,3439.10,0.034845
0.98750,3,0.0000,0.006001,0.514149,0.009394,0.000726,0.000150,63,3439.22,0.034845
0.99167,0,0.0000,0.006001,0.514161,0.009172,0.000892,0.000169,63,3328.63,0.034830
0.99167,1,0.0000,0.006001,0.514161,0.009172,0.000817,0.000161,63,3328.72,0.034830
0.99167,2,0.0000,0.006001,0.514149,0.009394,0.000752,0.000158,63,3439.20,0.034845
0.99167,3,0.0000,0.006001,0.514149,0.009394,0.000938,0.000157,63,3439.29,0.034845
0.99583,0,0.0000,0.006001,0.514161,0.009172,0.000851,0.000162,63,3328.66,0.034829
0.99583,1,0.0000,0.006001,0.514161,0.009172,0.000602,0.000151,63,3328.72,0.034830
0.99583,2,0.0000,0.006001,0.514149,0.009394,0.000915,0.000157,63,3439.17,0.034845
0.99583,3,0.0000,0.006001,0.514149,0.009394,0.000873,0.000158,63,3439.22,0.034845
1.00000,0,0.0000,0.006001,0.514161,0.009172,0.000853,0.000165,63,3328.66,0.034829
1.00000,1,0.0000,0.006001,0.514161,0.009172,0.000982,0.000161,63,3328.72,0.034830
1.00000,2,0.0000,0.006001,0.514149,0.009394,0.000839,0.000161,63,3439.22,0.034845
1.00000,3,0.0000,0.006001,0.514149,0.009394,0.000729,0.000146,63,3439.25,0.034845
1.00417,0,0.0000,0.006001,0.514161,0.009172,0.000627,0.000171,63,3328.72,0.034829
1.00417,1,0.0000,0.006001,0.514161,0.009172,0.000721,0.000166,63,3328.72,0.034829
1.00417,2,0.0000,0.006001,0.514149,0.009394,0.001282,0.000172,63,3439.25,0.034845
1.00417,3,0.0000,0.006001,0.514149,0.009395,0.000852,0.000155,63,3439.32,0.034845
1.00833,0,0.0101,0.006001,0.514162,0.009156,0.010460,0.006941,63,3320.85,0.034826
1.00833,1,0.0101,0.006001,0.514162,0.009156,0.010876,0.006982,63,3320.79,0.034825
1.00833,2,0.0101,0.006002,0.514148,0.009411,0.010777,0.006923,63,3446.94,0.034848
1.00833,3,0.0101,0.006002,0.514148,0.009410,0.010714,0.006941,63,3446.91,0.034849
1.01250,0,0.0351,0.006002,0.514165,0.009106,0.034536,0.023859,63,3295.27,0.034809
1.01250,1,0.0351,0.006002,0.514165,0.009106,0.034380,0.023851,63,3295.60,0.034806
1.01250,2,0.0351,0.006002,0.514146,0.009461,0.034285,0.023773,63,3471.71,0.034864
1.01250,3,0.0351,0.006003,0.514146,0.009461,0.034358,0.023775,63,3471.33,0.034867
1.01667,0,0.0672,0.006001,0.514170,0.009017,0.064608,0.045083,63,3251.70,0.034766
1.01667,1,0.0672,0.006001,0.514170,0.009020,0.064154,0.044980,63,3253.26,0.034757
1.01667,2,0.0672,0.006003,0.514141,0.009547,0.064069,0.044978,63,3513.98,0.034905
1.01667,3,0.0672,0.006003,0.514141,0.009543,0.064142,0.044880,63,3512.33,0.034913
1.02083,0,0.0983,0.006000,0.514176,0.008909,0.092781,0.065009,63,3198.11,0.034685
1.02083,1,0.0983,0.006000,0.514175,0.008917,0.091984,0.064835,63,3202.25,0.034670
1.02083,2,0.0983,0.006002,0.514135,0.009651,0.092292,0.064890,63,3566.06,0.034981
1.02083,3,0.0983,0.006002,0.514135,0.009643,0.092080,0.064743,63,3561.95,0.034996
1.02500,0,0.1294,0.006002,0.514181,0.008796,0.120280,0.084607,63,3141.36,0.034562
1.02500,1,0.1294,0.006002,0.514180,0.008812,0.119872,0.084376,63,3148.94,0.034538
1.02500,2,0.1294,0.006005,0.514129,0.009766,0.120095,0.084569,63,3621.79,0.035098
1.02500,3,0.1294,0.006005,0.514129,0.009751,0.119765,0.084342,63,3614.34,0.035120
1.02917,0,0.1610,0.006003,0.514188,0.008686,0.148492,0.104532,63,3085.49,0.034394
1.02917,1,0.1610,0.006003,0.514186,0.008709,0.148158,0.104310,63,3096.92,0.034363
1.02917,2,0.1610,0.006008,0.514123,0.009879,0.148370,0.104508,63,3676.95,0.035257
1.02917,3,0.1610,0.006007,0.514124,0.009857,0.148552,0.104293,63,3665.91,0.035286
1.03333,0,0.1932,0.006005,0.514193,0.008581,0.177308,0.124917,63,3032.57,0.034184
1.03333,1,0.1932,0.006005,0.514192,0.008612,0.177216,0.124706,63,3047.58,0.034147
1.03333,2,0.1932,0.006009,0.514117,0.009987,0.177949,0.124899,63,3729.59,0.035457
1.03333,3,0.1932,0.006009,0.514119,0.009957,0.177449,0.124681,63,3715.00,0.035492
1.03750,0,0.2242,0.006006,0.514199,0.008487,0.205067,0.144528,63,2984.45,0.033935
1.03750,1,0.2242,0.006007,0.514197,0.008523,0.205010,0.144347,63,3002.40,0.033893
1.03750,2,0.2242,0.006011,0.514111,0.010086,0.205243,0.144531,67,3780.12,0.035695
1.03750,3,0.2242,0.006011,0.514113,0.010051,0.205037,0.144337,65,3761.31,0.035734
1.04167,0,0.2529,0.006009,0.514203,0.008404,0.230840,0.162586,63,2942.33,0.033653
1.04167,1,0.2529,0.006009,0.514201,0.008445,0.230492,0.162431,63,2962.53,0.033609
1.04167,2,0.2529,0.006012,0.514106,0.010173,0.230569,0.162551,75,3829.20,0.035968
1.04167,3,0.2529,0.006013,0.514108,0.010135,0.230325,0.162405,71,3806.07,0.036009
1.04583,0,0.2796,0.006010,0.514207,0.008334,0.254871,0.179536,63,2906.29,0.033346
1.04583,1,0.2796,0.006010,0.514205,0.008378,0.254480,0.179381,63,2928.05,0.033300
1.04583,2,0.2796,0.006018,0.514101,0.010248,0.254445,0.179373,78,3871.95,0.036271
1.04583,3,0.2796,0.006018,0.514103,0.010207,0.254198,0.179244,76,3846.31,0.036312
1.05000,0,0.3049,0.006014,0.514209,0.008276,0.277514,0.195587,63,2875.52,0.033020
1.05000,1,0.3049,0.006014,0.514207,0.008322,0.277383,0.195365,63,2898.29,0.032973
1.05000,2,0.3049,0.006022,0.514096,0.010305,0.277203,0.195384,80,3905.66,0.036595
1.05000,3,0.3049,0.006022,0.514099,0.010265,0.276941,0.195167,78,3879.57,0.036636
1.05417,0,0.3288,0.006015,0.514212,0.008225,0.298923,0.210891,63,2849.06,0.032680
1.05417,1,0.3288,0.006015,0.514209,0.008272,0.298782,0.210637,63,2872.38,0.032634
1.05417,2,0.3288,0.006023,0.514093,0.010348,0.299013,0.210646,80,3931.72,0.036934
1.05417,3,0.3288,0.006025,0.514096,0.010310,0.298845,0.210401,79,3905.81,0.036974
1.05833,0,0.3517,0.006018,0.514214,0.008182,0.319692,0.225496,63,2825.89,0.032332
1.05833,1,0.3517,0.006017,0.514212,0.008228,0.319597,0.225308,63,2849.25,0.032286
1.05833,2,0.3517,0.006024,0.514092,0.010382,0.319429,0.225201,81,3951.72,0.037281
1.05833,3,0.3517,0.006028,0.514094,0.010347,0.319370,0.225023,80,3927.21,0.037319
1.06250,0,0.3737,0.006019,0.514217,0.008143,0.339450,0.239558,63,2805.53,0.031978
1.06250,1,0.3737,0.006019,0.514214,0.008189,0.339650,0.239360,63,2828.72,0.031935
1.06250,2,0.3737,0.006026,0.514090,0.010412,0.340958,0.239295,81,3968.74,0.037631
1.06250,3,0.3737,0.006029,0.514092,0.010378,0.339180,0.239097,80,3945.17,0.037668
1.06667,0,0.3951,0.006021,0.514219,0.008109,0.358715,0.253148,63,2787.22,0.031623
1.06667,1,0.3951,0.006021,0.514217,0.008154,0.358547,0.253019,63,2809.89,0.031581
1.06667,2,0.3951,0.006030,0.514089,0.010440,0.360910,0.252798,81,3983.92,0.037980
1.06667,3,0.3951,0.006033,0.514091,0.010409,0.362128,0.252739,80,3961.61,0.038016
1.07083,0,0.4158,0.006023,0.514221,0.008078,0.377925,0.266324,63,2770.70,0.031269
1.07083,1,0.4158,0.006023,0.514219,0.008123,0.378746,0.266269,63,2792.70,0.031228
1.07083,2,0.4158,0.006034,0.514087,0.010468,0.383343,0.265982,81,3998.02,0.038327
1.07083,3,0.4158,0.006037,0.514089,0.010438,0.382017,0.265931,80,3977.00,0.038362
1.07500,0,0.4360,0.006029,0.514223,0.008055,0.396336,0.279176,63,2755.58,0.030917
1.07500,1,0.4360,0.006028,0.514220,0.008097,0.396477,0.279163,63,2776.91,0.030878
1.07500,2,0.4360,0.006037,0.514086,0.010494,0.402554,0.278817,81,4011.58,0.038670
1.07500,3,0.4360,0.006040,0.514088,0.010465,0.403292,0.278817,80,3991.27,0.038704
1.07917,0,0.4558,0.006036,0.514224,0.008036,0.413929,0.291790,63,2741.92,0.030569
1.07917,1,0.4558,0.006035,0.514222,0.008076,0.414077,0.291936,63,2762.65,0.030532
1.07917,2,0.4558,0.006042,0.514084,0.010520,0.421147,0.291398,81,4024.07,0.039009
1.07917,3,0.4558,0.006043,0.514086,0.010490,0.422417,0.291569,80,4004.45,0.039042
1.08333,0,0.4753,0.006043,0.514225,0.008019,0.432577,0.304241,63,2729.73,0.030227
1.08333,1,0.4753,0.006041,0.514223,0.008058,0.431880,0.304304,63,2749.75,0.030191
1.08333,2,0.4753,0.006045,0.514083,0.010541,0.436200,0.303852,81,4035.16,0.039342
1.08333,3,0.4753,0.006046,0.514085,0.010513,0.441738,0.303897,80,4016.26,0.039374
1.08750,0,0.4948,0.006046,0.514226,0.008002,0.449299,0.316588,63,2718.76,0.029892
1.08750,1,0.4948,0.006047,0.514224,0.008042,0.450256,0.316794,63,2738.15,0.029857
1.08750,2,0.4948,0.006050,0.514081,0.010563,0.457322,0.316218,81,4044.86,0.039668
1.08750,3,0.4948,0.006047,0.514083,0.010531,0.456538,0.316423,80,4026.51,0.039700
1.09167,0,0.5143,0.006053,0.514227,0.007990,0.467038,0.329054,63,2708.86,0.029563
1.09167,1,0.5143,0.006053,0.514225,0.008028,0.467304,0.329248,63,2727.68,0.029531
1.09167,2,0.5143,0.006051,0.514080,0.010579,0.471378,0.328599,81,4053.39,0.039988
1.09167,3,0.5143,0.006049,0.514082,0.010549,0.473995,0.328810,80,4035.80,0.040018
1.09583,0,0.5339,0.006059,0.514229,0.007979,0.484476,0.341505,63,2699.81,0.029244
1.09583,1,0.5339,0.006059,0.514226,0.008016,0.484994,0.341688,63,2718.10,0.029212
1.09583,2,0.5339,0.006056,0.514080,0.010597,0.490556,0.341088,81,4061.21,0.040299
1.09583,3,0.5339,0.006052,0.514081,0.010567,0.492035,0.341261,80,4044.31,0.040329
1.10000,0,0.5535,0.006065,0.514229,0.007970,0.502347,0.354018,63,2691.45,0.028933
1.10000,1,0.5535,0.006066,0.514227,0.008006,0.502574,0.354203,63,2709.35,0.028903
1.10000,2,0.5535,0.006058,0.514079,0.010612,0.508406,0.353549,81,4068.03,0.040602
1.10000,3,0.5535,0.006055,0.514081,0.010583,0.510209,0.353740,80,4052.02,0.040631
1.10417,0,0.5731,0.006071,0.514230,0.007962,0.520061,0.366564,63,2683.96,0.028631
1.10417,1,0.5731,0.006072,0.514228,0.007998,0.520232,0.366675,63,2701.48,0.028603
1.10417,2,0.5731,0.006063,0.514078,0.010628,0.531658,0.366133,81,4074.81,0.040896
1.10417,3,0.5731,0.006061,0.514080,0.010602,0.533341,0.366250,80,4059.26,0.040925
1.10833,0,0.5927,0.006077,0.514231,0.007955,0.537660,0.379076,63,2677.40,0.028338
1.10833,1,0.5927,0.006078,0.514229,0.007991,0.537551,0.379147,63,2694.47,0.028312
1.10833,2,0.5927,0.006058,0.514078,0.010632,0.544961,0.378553,81,4078.52,0.041181
1.10833,3,0.5927,0.006064,0.514079,0.010616,0.550516,0.378662,80,4065.75,0.041210
1.11250,0,0.6124,0.006082,0.514231,0.007951,0.555273,0.391638,63,2671.69,0.028056
1.11250,1,0.6124,0.006083,0.514230,0.007985,0.555312,0.391649,63,2688.38,0.028032
1.11250,2,0.6124,0.006068,0.514077,0.010650,0.568925,0.391156,80,4083.77,0.041457
1.11250,3,0.6124,0.006065,0.514078,0.010626,0.569373,0.391081,80,4070.81,0.041485
1.11667,0,0.6320,0.006088,0.514232,0.007948,0.573142,0.404151,63,2666.95,0.027784
1.11667,1,0.6320,0.006089,0.514230,0.007981,0.573019,0.404165,63,2683.07,0.027762
1.11667,2,0.6320,0.006066,0.514077,0.010655,0.586043,0.403704,80,4087.08,0.041723
1.11667,3,0.6320,0.006068,0.514078,0.010637,0.589476,0.403739,80,4074.77,0.041751
1.12083,0,0.6517,0.006094,0.514232,0.007948,0.590858,0.416716,63,2663.24,0.027523
1.12083,1,0.6517,0.006097,0.514231,0.007981,0.590883,0.416628,63,2678.53,0.027502
1.12083,2,0.6517,0.006073,0.514076,0.010668,0.600677,0.416203,80,4090.54,0.041979
1.12083,3,0.6517,0.006068,0.514078,0.010643,0.605029,0.416175,80,4077.62,0.042007
1.12500,0,0.6714,0.006100,0.514233,0.007949,0.608699,0.429288,63,2660.33,0.027273
1.12500,1,0.6714,0.006100,0.514231,0.007978,0.608557,0.429200,63,2674.86,0.027254
1.12500,2,0.6714,0.006082,0.514076,0.010681,0.622874,0.428770,80,4092.81,0.042226
1.12500,3,0.6714,0.006070,0.514077,0.010651,0.623276,0.428642,80,4080.43,0.042252
1.12917,0,0.6911,0.006104,0.514233,0.007950,0.626275,0.441859,63,2658.37,0.027034
1.12917,1,0.6911,0.006104,0.514231,0.007977,0.626319,0.441702,63,2671.80,0.027017
1.12917,2,0.6911,0.006086,0.514076,0.010689,0.638923,0.441423,80,4094.25,0.042462
1.12917,3,0.6911,0.006078,0.514077,0.010663,0.641712,0.441216,80,4082.79,0.042487
1.13333,0,0.7108,0.006108,0.514232,0.007953,0.644430,0.454403,63,2657.13,0.026807
1.13333,1,0.7108,0.006110,0.514231,0.007980,0.644183,0.454238,63,2669.34,0.026791
1.13333,2,0.7108,0.006087,0.514075,0.010692,0.658707,0.453818,80,4095.01,0.042688
1.13333,3,0.7108,0.006081,0.514077,0.010669,0.659418,0.453674,80,4083.87,0.042712
1.13750,0,0.7305,0.006114,0.514232,0.007959,0.662250,0.466943,63,2656.68,0.026592
1.13750,1,0.7305,0.006115,0.514231,0.007982,0.662363,0.466832,63,2667.63,0.026576
1.13750,2,0.7305,0.006092,0.514075,0.010699,0.675370,0.466503,80,4095.42,0.042904
1.13750,3,0.7305,0.006079,0.514076,0.010668,0.677585,0.466297,79,4083.48,0.042926
1.14167,0,0.7502,0.006120,0.514232,0.007967,0.679937,0.479434,63,2656.92,0.026388
1.14167,1,0.7502,0.006119,0.514231,0.007986,0.679755,0.479304,63,2666.78,0.026373
1.14167,2,0.7502,0.006087,0.514075,0.010695,0.697203,0.478925,80,4095.01,0.043109
1.14167,3,0.7502,0.006086,0.514076,0.010676,0.695635,0.478868,79,4083.91,0.043129
1.14583,0,0.7699,0.006122,0.514232,0.007973,0.697713,0.492063,63,2657.97,0.026196
1.14583,1,0.7699,0.006121,0.514231,0.007988,0.697664,0.491941,63,2666.59,0.026181
1.14583,2,0.7699,0.006090,0.514075,0.010698,0.715631,0.491509,79,4094.49,0.043303
1.14583,3,0.7699,0.006088,0.514076,0.010678,0.713575,0.491368,79,4083.35,0.043322
1.15000,0,0.7896,0.006124,0.514232,0.007979,0.715451,0.504554,63,2659.67,0.026015
1.15000,1,0.7896,0.006125,0.514231,0.007994,0.715337,0.504443,63,2666.79,0.026001
1.15000,2,0.7896,0.006090,0.514075,0.010698,0.734114,0.504052,79,4093.35,0.043488
1.15000,3,0.7896,0.006089,0.514076,0.010678,0.730425,0.503982,79,4081.70,0.043504
1.15417,0,0.8093,0.006131,0.514232,0.007991,0.733196,0.517079,63,2661.58,0.025847
1.15417,1,0.8093,0.006129,0.514231,0.008001,0.733057,0.517001,63,2667.85,0.025833
1.15417,2,0.8093,0.006092,0.514075,0.010697,0.751288,0.516633,79,4091.73,0.043662
1.15417,3,0.8093,0.006083,0.514076,0.010671,0.749528,0.516544,79,4080.39,0.043675
1.15833,0,0.8290,0.006133,0.514231,0.007999,0.751286,0.529649,63,2664.15,0.025690
1.15833,1,0.8290,0.006136,0.514231,0.008013,0.751291,0.529584,63,2669.54,0.025676
1.15833,2,0.8290,0.006099,0.514075,0.010701,0.769015,0.529161,79,4089.73,0.043826
1.15833,3,0.8290,0.006090,0.514077,0.010675,0.768301,0.529132,79,4078.81,0.043837
1.16250,0,0.8487,0.006140,0.514231,0.008012,0.768991,0.542171,63,2667.13,0.025544
1.16250,1,0.8487,0.006139,0.514230,0.008021,0.768716,0.542141,63,2671.93,0.025530
1.16250,2,0.8487,0.006099,0.514076,0.010698,0.787139,0.541679,79,4086.67,0.043979
1.16250,3,0.8487,0.006096,0.514077,0.010679,0.786080,0.541678,78,4076.52,0.043988
1.16667,0,0.8684,0.006143,0.514230,0.008024,0.786675,0.554671,63,2670.44,0.025410
1.16667,1,0.8684,0.006141,0.514230,0.008030,0.786894,0.554692,63,2674.87,0.025396
1.16667,2,0.8684,0.006094,0.514076,0.010688,0.805131,0.554277,78,4083.21,0.044122
1.16667,3,0.8684,0.006092,0.514077,0.010672,0.804336,0.554242,78,4074.09,0.044129
1.17083,0,0.8880,0.006146,0.514230,0.008035,0.804642,0.567215,63,2674.28,0.025287
1.17083,1,0.8880,0.006144,0.514229,0.008041,0.804631,0.567209,63,2678.25,0.025274
1.17083,2,0.8880,0.006097,0.514076,0.010686,0.822500,0.566761,78,4079.46,0.044255
1.17083,3,0.8880,0.006093,0.514077,0.010670,0.820781,0.566743,78,4071.60,0.044261
1.17500,0,0.9077,0.006153,0.514229,0.008050,0.822453,0.579772,63,2678.22,0.025174
1.17500,1,0.9077,0.006147,0.514229,0.008053,0.822428,0.579723,63,2682.17,0.025162
1.17500,2,0.9077,0.006101,0.514076,0.010684,0.839734,0.579361,78,4075.28,0.044378
1.17500,3,0.9077,0.006091,0.514077,0.010663,0.837882,0.579325,78,4068.39,0.044383
1.17917,0,0.9274,0.006154,0.514228,0.008062,0.839835,0.592248,63,2682.62,0.025072
1.17917,1,0.9274,0.006155,0.514228,0.008071,0.840494,0.592272,63,2686.53,0.025061
1.17917,2,0.9274,0.006096,0.514076,0.010673,0.857679,0.591783,78,4071.09,0.044492
1.17917,3,0.9274,0.006096,0.514077,0.010665,0.857183,0.591918,78,4065.73,0.044496
1.18333,0,0.9473,0.006157,0.514227,0.008074,0.858699,0.604988,63,2687.06,0.024980
1.18333,1,0.9473,0.006160,0.514227,0.008085,0.858101,0.604993,63,2691.18,0.024971
1.18333,2,0.9473,0.006098,0.514076,0.010669,0.874714,0.604625,78,4066.64,0.044596
1.18333,3,0.9473,0.006100,0.514077,0.010663,0.876511,0.604563,77,4062.45,0.044600
1.18750,0,0.9675,0.006162,0.514227,0.008089,0.876063,0.617836,63,2691.58,0.024898
1.18750,1,0.9675,0.006163,0.514226,0.008098,0.876350,0.617811,63,2695.76,0.024891
1.18750,2,0.9675,0.006099,0.514076,0.010663,0.895326,0.617448,78,4062.57,0.044691
1.18750,3,0.9675,0.006103,0.514077,0.010662,0.895226,0.617419,77,4059.63,0.044695
1.19167,0,0.9879,0.006166,0.514226,0.008102,0.894766,0.630787,63,2695.76,0.024826
1.19167,1,0.9879,0.006166,0.514225,0.008111,0.895035,0.630819,63,2700.07,0.024820
1.19167,2,0.9879,0.006104,0.514076,0.010663,0.913903,0.630443,77,4058.91,0.044778
1.19167,3,0.9879,0.006095,0.514076,0.010651,0.911880,0.630475,77,4056.64,0.044782
1.19583,0,1.0087,0.006168,0.514225,0.008114,0.913707,0.644074,63,2699.77,0.024762
1.19583,1,1.0087,0.006172,0.514225,0.008126,0.913401,0.643996,63,2704.29,0.024758
1.19583,2,1.0087,0.006103,0.514076,0.010657,0.930705,0.643747,77,4055.80,0.044857
1.19583,3,1.0087,0.006103,0.514077,0.010655,0.930465,0.643672,77,4054.88,0.044863
1.20000,0,1.0297,0.006172,0.514225,0.008126,0.932538,0.657448,63,2703.91,0.024705
1.20000,1,1.0297,0.006172,0.514224,0.008134,0.932637,0.657514,63,2707.91,0.024703
1.20000,2,1.0297,0.006105,0.514077,0.010655,0.950035,0.657114,77,4052.67,0.044930
1.20000,3,1.0297,0.006102,0.514077,0.010650,0.951533,0.657091,77,4051.68,0.044936
1.20417,0,1.0511,0.006172,0.514225,0.008133,0.952136,0.671105,63,2707.17,0.024656
1.20417,1,1.0511,0.006172,0.514224,0.008141,0.951788,0.670982,63,2711.31,0.024656
1.20417,2,1.0511,0.006102,0.514077,0.010648,0.968459,0.670762,77,4050.08,0.044996
1.20417,3,1.0511,0.006101,0.514077,0.010647,0.970172,0.670678,77,4050.36,0.045004
1.20833,0,1.0728,0.006177,0.514225,0.008144,0.971759,0.684949,63,2710.27,0.024614
1.20833,1,1.0728,0.006179,0.514224,0.008155,0.972004,0.684915,63,2714.09,0.024615
1.20833,2,1.0728,0.006106,0.514078,0.010650,0.987275,0.684553,77,4048.63,0.045058
1.20833,3,1.0728,0.006101,0.514078,0.010645,0.990071,0.684641,77,4048.48,0.045066
1.21250,0,1.0950,0.006177,0.514224,0.008151,0.992016,0.699093,63,2712.76,0.024577
1.21250,1,1.0950,0.006177,0.514224,0.008158,0.991425,0.699070,63,2716.49,0.024579
1.21250,2,1.0950,0.006105,0.514078,0.010648,1.008624,0.698788,77,4047.12,0.045114
1.21250,3,1.0950,0.006099,0.514078,0.010642,1.009191,0.698774,77,4047.46,0.045123
1.21667,0,1.1175,0.006180,0.514224,0.008159,1.012630,0.713542,63,2715.56,0.024545
1.21667,1,1.1175,0.006181,0.514224,0.008166,1.011943,0.713322,63,2718.29,0.024548
1.21667,2,1.1175,0.006103,0.514078,0.010645,1.029103,0.713207,77,4046.54,0.045167
1.21667,3,1.1175,0.006107,0.514078,0.010649,1.030062,0.713158,77,4046.69,0.045176
1.22083,0,1.1405,0.006183,0.514224,0.008167,1.032342,0.727964,63,2717.02,0.024517
1.22083,1,1.1405,0.006183,0.514224,0.008171,1.033153,0.728137,63,2719.28,0.024521
1.22083,2,1.1405,0.006107,0.514077,0.010650,1.049802,0.727819,77,4047.46,0.045217
1.22083,3,1.1405,0.006098,0.514077,0.010640,1.049529,0.727645,77,4046.23,0.045226
1.22500,0,1.1640,0.006190,0.514224,0.008177,1.054254,0.743208,63,2718.00,0.024492
1.22500,1,1.1640,0.006187,0.514223,0.008177,1.054897,0.743057,63,2720.10,0.024497
1.22500,2,1.1640,0.006109,0.514077,0.010654,1.070708,0.742821,77,4047.64,0.045264
1.22500,3,1.1640,0.006103,0.514077,0.010647,1.067693,0.742798,77,4047.52,0.045274
1.22917,0,1.1880,0.006189,0.514224,0.008177,1.076108,0.758400,63,2718.69,0.024470
1.22917,1,1.1880,0.006192,0.514223,0.008183,1.075696,0.758273,63,2720.01,0.024475
1.22917,2,1.1880,0.006111,0.514077,0.010659,1.094728,0.758095,77,4049.62,0.045310
1.22917,3,1.1880,0.006106,0.514077,0.010652,1.093122,0.758113,77,4048.24,0.045320
1.23333,0,1.2126,0.006192,0.514224,0.008180,1.098862,0.774061,63,2718.41,0.024450
1.23333,1,1.2126,0.006197,0.514224,0.008187,1.098675,0.774153,63,2719.44,0.024454
1.23333,2,1.2126,0.006105,0.514077,0.010656,1.115703,0.773887,77,4051.39,0.045355
1.23333,3,1.2126,0.006108,0.514077,0.010656,1.112836,0.773885,76,4048.85,0.045364
1.23750,0,1.2377,0.006197,0.514224,0.008183,1.121888,0.790192,63,2717.06,0.024431
1.23750,1,1.2377,0.006195,0.514224,0.008182,1.120432,0.790113,63,2717.66,0.024434
1.23750,2,1.2377,0.006113,0.514077,0.010671,1.136074,0.789957,77,4055.01,0.045399
1.23750,3,1.2377,0.006112,0.514077,0.010665,1.132379,0.789839,77,4052.20,0.045408
1.24167,0,1.2635,0.006198,0.514224,0.008180,1.144724,0.806526,63,2714.78,0.024411
1.24167,1,1.2635,0.006203,0.514224,0.008186,1.144300,0.806570,63,2715.62,0.024413
1.24167,2,1.2635,0.006113,0.514076,0.010677,1.160355,0.806360,77,4058.13,0.045445
1.24167,3,1.2635,0.006110,0.514077,0.010669,1.160330,0.806067,77,4055.62,0.045453
1.24583,0,1.2900,0.006201,0.514225,0.008178,1.169093,0.823513,63,2711.91,0.024390
1.24583,1,1.2900,0.006201,0.514225,0.008179,1.169337,0.823450,63,2712.42,0.024391
1.24583,2,1.2900,0.006111,0.514076,0.010684,1.184911,0.823161,77,4063.16,0.045491
1.24583,3,1.2900,0.006110,0.514076,0.010678,1.186095,0.823479,77,4060.67,0.045499
1.25000,0,1.3173,0.006203,0.514225,0.008172,1.192941,0.840999,63,2707.75,0.024368
1.25000,1,1.3173,0.006203,0.514225,0.008173,1.192993,0.840950,63,2708.08,0.024368
1.25000,2,1.3173,0.006113,0.514075,0.010695,1.209295,0.840619,77,4069.17,0.045540
1.25000,3,1.3173,0.006116,0.514075,0.010693,1.210775,0.840618,77,4065.41,0.045548
1.25417,0,1.3453,0.006206,0.514225,0.008164,1.219615,0.858844,63,2701.95,0.024342
1.25417,1,1.3453,0.006206,0.514225,0.008167,1.217900,0.858742,63,2703.10,0.024341
1.25417,2,1.3453,0.006119,0.514074,0.010713,1.234240,0.858405,77,4075.85,0.045592
1.25417,3,1.3453,0.006112,0.514075,0.010700,1.230418,0.858423,77,4071.70,0.045599
1.25833,0,1.3742,0.006212,0.514226,0.008157,1.245753,0.877353,63,2695.47,0.024313
1.25833,1,1.3742,0.006210,0.514226,0.008159,1.245043,0.877160,63,2697.13,0.024311
1.25833,2,1.3742,0.006117,0.514073,0.010724,1.260036,0.877153,77,4083.26,0.045647
1.25833,3,1.3742,0.006109,0.514074,0.010710,1.262489,0.876769,77,4079.87,0.045655
1.26250,0,1.4041,0.006213,0.514227,0.008143,1.272253,0.896347,63,2687.47,0.024279
1.26250,1,1.4041,0.006213,0.514227,0.008147,1.272031,0.896327,63,2689.27,0.024276
1.26250,2,1.4041,0.006110,0.514072,0.010733,1.290733,0.895700,77,4091.63,0.045707
1.26250,3,1.4041,0.006123,0.514073,0.010740,1.290025,0.895820,77,4089.70,0.045716
1.26667,0,1.4350,0.006215,0.514228,0.008127,1.300045,0.916061,63,2677.81,0.024239
1.26667,1,1.4350,0.006216,0.514228,0.008133,1.300046,0.915893,63,2680.61,0.024235
1.26667,2,1.4350,0.006126,0.514071,0.010767,1.316128,0.915795,78,4103.43,0.045773
1.26667,3,1.4350,0.006128,0.514072,0.010762,1.319471,0.915869,78,4098.83,0.045783
1.27083,0,1.4669,0.006216,0.514229,0.008107,1.328403,0.936508,63,2665.36,0.024191
1.27083,1,1.4669,0.006217,0.514229,0.008115,1.329245,0.936458,63,2670.31,0.024187
1.27083,2,1.4669,0.006130,0.514070,0.010790,1.346189,0.936136,78,4114.47,0.045845
1.27083,3,1.4669,0.006128,0.514070,0.010781,1.347516,0.935923,78,4110.62,0.045856
1.27500,0,1.5000,0.006219,0.514230,0.008087,1.358786,0.957585,63,2654.28,0.024136
1.27500,1,1.5000,0.006219,0.514230,0.008094,1.358904,0.957469,63,2657.42,0.024130
1.27500,2,1.5000,0.006129,0.514068,0.010812,1.372693,0.957027,78,4128.34,0.045926
1.27500,3,1.5000,0.006129,0.514069,0.010804,1.378136,0.957364,78,4123.83,0.045938
1.27917,0,1.5344,0.006223,0.514231,0.008063,1.390306,0.979711,63,2640.54,0.024073
1.27917,1,1.5344,0.006224,0.514231,0.008074,1.390233,0.979575,63,2644.86,0.024065
1.27917,2,1.5344,0.006120,0.514066,0.010828,1.410965,0.979212,78,4143.73,0.046015
1.27917,3,1.5344,0.006131,0.514067,0.010831,1.409781,0.979169,78,4138.44,0.046028
1.28333,0,1.5702,0.006226,0.514232,0.008036,1.422675,1.002526,63,2624.61,0.023999
1.28333,1,1.5702,0.006226,0.514232,0.008048,1.423188,1.002439,63,2630.09,0.023990
1.28333,2,1.5702,0.006141,0.514064,0.010877,1.437382,1.002056,78,4160.59,0.046114
1.28333,3,1.5702,0.006137,0.514064,0.010863,1.442347,1.001933,78,4154.42,0.046129
1.28750,0,1.6076,0.006228,0.514234,0.008003,1.458096,1.026405,63,2606.72,0.023914
1.28750,1,1.6076,0.006230,0.514234,0.008018,1.457230,1.026184,63,2613.37,0.023904
1.28750,2,1.6076,0.006130,0.514061,0.010896,1.479455,1.025886,78,4177.62,0.046224
1.28750,3,1.6076,0.006135,0.514062,0.010891,1.475752,1.025573,78,4171.55,0.046241
1.29167,0,1.6451,0.006232,0.514236,0.007970,1.492128,1.050395,63,2587.47,0.023817
1.29167,1,1.6451,0.006232,0.514235,0.007986,1.490767,1.050312,63,2595.07,0.023805
1.29167,2,1.6451,0.006137,0.514059,0.010937,1.508594,1.049658,79,4198.36,0.046346
1.29167,3,1.6451,0.006141,0.514060,0.010929,1.511930,1.049742,79,4190.62,0.046364
1.29583,0,1.6828,0.006234,0.514239,0.007935,1.527371,1.074441,63,2566.42,0.023706
1.29583,1,1.6828,0.006235,0.514237,0.007953,1.524772,1.074223,63,2575.48,0.023694
1.29583,2,1.6828,0.006161,0.514057,0.010993,1.537197,1.073646,79,4218.23,0.046480
1.29583,3,1.6828,0.006145,0.514057,0.010965,1.546069,1.073576,79,4209.79,0.046500
1.30000,0,1.7207,0.006237,0.514240,0.007902,1.558680,1.098609,63,2547.58,0.023584
1.30000,1,1.7207,0.006239,0.514240,0.007923,1.559506,1.098642,63,2556.27,0.023570
1.30000,2,1.7207,0.006158,0.514055,0.011021,1.584261,1.098212,79,4236.15,0.046625
1.30000,3,1.7207,0.006150,0.514056,0.010999,1.578581,1.097826,79,4227.24,0.046646
1.30417,0,1.7589,0.006240,0.514242,0.007872,1.594675,1.123185,63,2531.20,0.023451
1.30417,1,1.7589,0.006242,0.514241,0.007894,1.595977,1.123038,63,2541.14,0.023436
1.30417,2,1.7589,0.006167,0.514053,0.011059,1.615015,1.122241,79,4252.97,0.046780
1.30417,3,1.7589,0.006165,0.514054,0.011042,1.611409,1.122434,79,4244.45,0.046802
1.30833,0,1.7972,0.006244,0.514244,0.007842,1.628757,1.147475,63,2513.15,0.023308
1.30833,1,1.7972,0.006244,0.514243,0.007865,1.628136,1.147416,63,2525.09,0.023293
1.30833,2,1.7972,0.006179,0.514051,0.011100,1.647908,1.146989,79,4269.99,0.046944
1.30833,3,1.7972,0.006160,0.514052,0.011065,1.648127,1.146410,79,4260.81,0.046968
1.31250,0,1.8357,0.006247,0.514247,0.007814,1.664071,1.172074,63,2494.49,0.023156
1.31250,1,1.8357,0.006248,0.514245,0.007837,1.663387,1.171942,63,2506.13,0.023141
1.31250,2,1.8357,0.006180,0.514049,0.011128,1.687667,1.171449,80,4286.98,0.047116
1.31250,3,1.8357,0.006167,0.514050,0.011099,1.687845,1.171258,80,4276.16,0.047141
1.31667,0,1.8743,0.006249,0.514248,0.007787,1.699128,1.196963,63,2478.66,0.022996
1.31667,1,1.8743,0.006254,0.514248,0.007814,1.697972,1.196602,63,2487.71,0.022979
1.31667,2,1.8743,0.006178,0.514047,0.011153,1.717283,1.195740,80,4301.44,0.047295
1.31667,3,1.8743,0.006166,0.514048,0.011124,1.719762,1.195917,80,4291.37,0.047321
1.32083,0,1.9132,0.006249,0.514249,0.007758,1.731855,1.221647,63,2463.97,0.022829
1.32083,1,1.9132,0.006251,0.514248,0.007783,1.734362,1.221766,63,2474.77,0.022811
1.32083,2,1.9132,0.006194,0.514045,0.011196,1.758103,1.221103,80,4317.83,0.047481
1.32083,3,1.9132,0.006181,0.514046,0.011164,1.757662,1.220642,80,4305.68,0.047506
1.32500,0,1.9521,0.006267,0.514251,0.007747,1.768955,1.246496,63,2449.47,0.022657
1.32500,1,1.9521,0.006313,0.514249,0.007817,1.768972,1.246341,63,2462.72,0.022640
1.32500,2,1.9521,0.006191,0.514043,0.011218,1.792021,1.245557,80,4333.00,0.047672
1.32500,3,1.9521,0.006183,0.514044,0.011192,1.791923,1.245564,80,4321.01,0.047698
1.32917,0,1.9913,0.006291,0.514253,0.007742,1.805519,1.271597,63,2433.16,0.022480
1.32917,1,1.9913,0.006280,0.514251,0.007755,1.807483,1.271280,63,2446.25,0.022463
1.32917,2,1.9913,0.006196,0.514042,0.011248,1.828823,1.270640,80,4346.49,0.047869
1.32917,3,1.9913,0.006192,0.514043,0.011226,1.828311,1.270608,80,4334.84,0.047894
1.33333,0,2.0306,0.006292,0.514255,0.007716,1.840601,1.296570,63,2417.31,0.022297
1.33333,1,2.0306,0.006291,0.514254,0.007738,1.840496,1.296269,63,2428.78,0.022280
1.33333,2,2.0306,0.006200,0.514040,0.011276,1.856395,1.295736,80,4360.00,0.048069
1.33333,3,2.0306,0.006206,0.514041,0.011264,1.858074,1.295297,80,4348.11,0.048095
1.33750,0,2.0700,0.006331,0.514255,0.007729,1.880244,1.321805,63,2404.08,0.022111
1.33750,1,2.0700,0.006305,0.514254,0.007726,1.876049,1.321798,63,2415.60,0.022094
1.33750,2,2.0700,0.006196,0.514038,0.011297,1.893249,1.320888,80,4373.95,0.048273
1.33750,3,2.0700,0.006211,0.514039,0.011292,1.905851,1.320963,80,4362.65,0.048299
1.34167,0,2.1096,0.006333,0.514257,0.007705,1.910072,1.347357,63,2392.36,0.021923
1.34167,1,2.1096,0.006289,0.514256,0.007685,1.908768,1.346755,63,2401.27,0.021904
1.34167,2,2.1096,0.006225,0.514036,0.011349,1.928511,1.346056,80,4387.11,0.048480
1.34167,3,2.1096,0.006226,0.514037,0.011329,1.929180,1.345942,80,4374.01,0.048506
1.34583,0,2.1453,0.006328,0.514257,0.007681,1.947198,1.369859,63,2380.72,0.021734
1.34583,1,2.1453,0.006336,0.514256,0.007714,1.942620,1.369526,63,2393.34,0.021715
1.34583,2,2.1453,0.006204,0.514035,0.011344,1.959743,1.368616,80,4396.60,0.048689
1.34583,3,2.1453,0.006221,0.514036,0.011341,1.973012,1.368649,80,4383.54,0.048714
1.35000,0,2.1744,0.006339,0.514257,0.007690,1.968432,1.388186,63,2379.02,0.021548
1.35000,1,2.1744,0.006340,0.514256,0.007716,1.970292,1.388327,63,2391.10,0.021531
1.35000,2,2.1744,0.006230,0.514034,0.011371,1.988490,1.387542,80,4395.81,0.048893
1.35000,3,2.1744,0.006215,0.514035,0.011336,2.001712,1.387312,80,4383.13,0.048916
1.35417,0,2.1972,0.006345,0.514255,0.007716,2.010651,1.403136,63,2388.53,0.021374
1.35417,1,2.1972,0.006359,0.514254,0.007752,1.990386,1.402682,63,2398.18,0.021359
1.35417,2,2.1972,0.006229,0.514035,0.011351,2.014123,1.401770,80,4382.74,0.049084
1.35417,3,2.1972,0.006228,0.514037,0.011330,2.020859,1.401775,80,4369.41,0.049104
1.35833,0,2.2149,0.006352,0.514253,0.007765,2.021291,1.414011,63,2407.56,0.021220
1.35833,1,2.2149,0.006361,0.514252,0.007794,2.034146,1.413835,63,2417.89,0.021208
1.35833,2,2.2149,0.006213,0.514037,0.011296,2.028167,1.413215,80,4357.17,0.049253
1.35833,3,2.2149,0.006233,0.514039,0.011300,2.035415,1.413291,80,4348.03,0.049269
1.36250,0,2.2293,0.006379,0.514249,0.007852,2.048425,1.423378,63,2436.72,0.021093
1.36250,1,2.2293,0.006375,0.514249,0.007865,2.043001,1.423906,63,2444.70,0.021087
1.36250,2,2.2293,0.006210,0.514041,0.011240,2.044690,1.422246,79,4323.85,0.049393
1.36250,3,2.2293,0.006223,0.514042,0.011241,2.056474,1.422359,79,4316.00,0.049403
1.36667,0,2.2417,0.006380,0.514246,0.007927,2.067206,1.431349,63,2473.15,0.021000
1.36667,1,2.2417,0.006395,0.514245,0.007952,2.061114,1.430549,63,2478.66,0.021000
1.36667,2,2.2417,0.006218,0.514045,0.011187,2.049063,1.430053,79,4286.02,0.049497
1.36667,3,2.2417,0.006209,0.514045,0.011172,2.052016,1.430186,79,4280.66,0.049501
1.37083,0,2.2531,0.006414,0.514241,0.008040,2.068701,1.438000,63,2510.49,0.020945
1.37083,1,2.2531,0.006390,0.514241,0.008019,2.085820,1.438801,63,2512.02,0.020951
1.37083,2,2.2531,0.006192,0.514049,0.011098,2.065053,1.437528,78,4245.31,0.049563
1.37083,3,2.2531,0.006193,0.514049,0.011099,2.076056,1.437745,78,4245.47,0.049562
1.37500,0,2.2640,0.006408,0.514236,0.008114,2.065307,1.444987,63,2551.39,0.020929
1.37500,1,2.2640,0.006380,0.514237,0.008083,2.087119,1.445132,63,2547.90,0.020940
1.37500,2,2.2640,0.006197,0.514053,0.011042,2.073203,1.444339,78,4207.90,0.049591
1.37500,3,2.2640,0.006218,0.514053,0.011068,2.082018,1.444260,78,4211.32,0.049586
1.37917,0,2.2746,0.006438,0.514232,0.008221,2.095742,1.451873,63,2589.94,0.020951
1.37917,1,2.2746,0.006389,0.514233,0.008166,2.095625,1.451516,63,2584.71,0.020966
1.37917,2,2.2746,0.006199,0.514056,0.010986,2.084812,1.451082,76,4172.79,0.049585
1.37917,3,2.2746,0.006193,0.514056,0.010989,2.091361,1.451184,77,4178.28,0.049576
1.38333,0,2.2849,0.006431,0.514228,0.008288,2.107828,1.458085,63,2625.07,0.021007
1.38333,1,2.2849,0.006416,0.514230,0.008263,2.107508,1.458579,63,2620.54,0.021027
1.38333,2,2.2849,0.006183,0.514060,0.010915,2.086952,1.457665,76,4138.96,0.049546
1.38333,3,2.2849,0.006182,0.514059,0.010928,2.092605,1.457793,76,4148.10,0.049535
1.38750,0,2.2951,0.006432,0.514225,0.008361,2.126150,1.464294,63,2660.68,0.021096
1.38750,1,2.2951,0.006387,0.514225,0.008301,2.084326,1.464350,63,2652.17,0.021120
1.38750,2,2.2951,0.006168,0.514063,0.010847,2.091424,1.464224,75,4107.52,0.049478
1.38750,3,2.2951,0.006177,0.514062,0.010873,2.096325,1.464413,75,4117.85,0.049465
1.39167,0,2.3051,0.006462,0.514221,0.008461,2.125401,1.471311,63,2695.19,0.021215
1.39167,1,2.3051,0.006427,0.514222,0.008408,2.102322,1.470849,63,2686.96,0.021242
1.39167,2,2.3051,0.006166,0.514066,0.010793,2.103937,1.470685,74,4077.26,0.049383
1.39167,3,2.3051,0.006176,0.514065,0.010822,2.115267,1.470718,75,4087.49,0.049368
1.39583,0,2.3150,0.006431,0.514217,0.008498,2.104801,1.476702,63,2729.00,0.021361
1.39583,1,2.3150,0.006423,0.514218,0.008469,2.112191,1.477128,63,2718.51,0.021391
1.39583,2,2.3150,0.006158,0.514069,0.010734,2.115855,1.476963,73,4046.39,0.049264
1.39583,3,2.3150,0.006158,0.514068,0.010755,2.116323,1.477018,73,4058.44,0.049246
1.40000,0,2.3248,0.006441,0.514214,0.008575,2.135689,1.483294,63,2762.66,0.021532
1.40000,1,2.3248,0.006434,0.514215,0.008544,2.106233,1.483338,63,2751.50,0.021565
1.40000,2,2.3248,0.006151,0.514072,0.010676,2.123250,1.482946,73,4016.71,0.049121
1.40000,3,2.3248,0.006153,0.514071,0.010701,2.117419,1.482935,73,4029.92,0.049102
1.40417,0,2.3345,0.006491,0.514210,0.008690,2.122620,1.489587,63,2795.90,0.021726
1.40417,1,2.3345,0.006433,0.514211,0.008606,2.120434,1.489201,63,2783.00,0.021761
1.40417,2,2.3345,0.006145,0.514076,0.010621,2.134555,1.489447,72,3988.60,0.048957
1.40417,3,2.3345,0.006147,0.514074,0.010647,2.130074,1.489337,73,4002.11,0.048936
1.40833,0,2.3442,0.006473,0.514206,0.008736,2.123217,1.495207,63,2828.57,0.021941
1.40833,1,2.3442,0.006436,0.514208,0.008670,2.132384,1.495748,63,2813.76,0.021978
1.40833,2,2.3442,0.006143,0.514079,0.010569,2.135394,1.495829,71,3959.49,0.048772
1.40833,3,2.3442,0.006147,0.514077,0.010600,2.138296,1.495539,72,3975.21,0.048751
1.41250,0,2.3540,0.006460,0.514203,0.008785,2.132019,1.501762,63,2858.75,0.022175
1.41250,1,2.3540,0.006444,0.514205,0.008738,2.127778,1.501454,63,2844.07,0.022213
1.41250,2,2.3540,0.006136,0.514082,0.010515,2.149938,1.501898,70,3932.88,0.048571
1.41250,3,2.3540,0.006134,0.514080,0.010541,2.145090,1.501517,71,3949.01,0.048548
1.41667,0,2.3637,0.006472,0.514200,0.008857,2.145663,1.507733,63,2888.95,0.022426
1.41667,1,2.3637,0.006467,0.514202,0.008819,2.136399,1.507905,63,2874.46,0.022466
1.41667,2,2.3637,0.006130,0.514085,0.010462,2.150644,1.507776,70,3906.72,0.048353
1.41667,3,2.3637,0.006133,0.514083,0.010493,2.152735,1.508158,70,3922.31,0.048329
1.42083,0,2.3734,0.006486,0.514198,0.008929,2.156917,1.514038,63,2918.50,0.022692
1.42083,1,2.3734,0.006436,0.514199,0.008845,2.149181,1.513932,63,2901.90,0.022733
1.42083,2,2.3734,0.006124,0.514088,0.010410,2.165711,1.514259,70,3880.26,0.048120
1.42083,3,2.3734,0.006128,0.514086,0.010443,2.162584,1.513956,70,3898.51,0.048095
1.42500,0,2.3831,0.006474,0.514194,0.008974,2.159139,1.520157,63,2947.52,0.022972
1.42500,1,2.3831,0.006452,0.514196,0.008917,2.157347,1.520062,63,2930.70,0.023013
1.42500,2,2.3831,0.006121,0.514091,0.010362,2.171593,1.520282,68,3857.33,0.047874
1.42500,3,2.3831,0.006122,0.514089,0.010393,2.170361,1.520146,69,3873.20,0.047848
1.42917,0,2.3928,0.006479,0.514192,0.009034,2.167091,1.526181,63,2975.88,0.023263
1.42917,1,2.3928,0.006475,0.514193,0.008992,2.169637,1.526388,63,2958.46,0.023306
1.42917,2,2.3928,0.006116,0.514094,0.010313,2.175530,1.526225,68,3833.12,0.047617
1.42917,3,2.3928,0.006117,0.514092,0.010345,2.173876,1.526632,68,3851.05,0.047590
1.43333,0,2.4025,0.006475,0.514189,0.009081,2.178419,1.532452,63,3002.31,0.023565
1.43333,1,2.4025,0.006485,0.514191,0.009053,2.175214,1.532294,63,2984.13,0.023608
1.43333,2,2.4025,0.006114,0.514096,0.010270,2.184972,1.532755,68,3810.83,0.047350
1.43333,3,2.4025,0.006113,0.514095,0.010299,2.186126,1.532456,68,3826.99,0.047321
1.43750,0,2.4122,0.006546,0.514186,0.009201,2.188401,1.538704,63,3027.24,0.023875
1.43750,1,2.4122,0.006493,0.514188,0.009108,2.191356,1.538560,63,3007.30,0.023917
1.43750,2,2.4122,0.006109,0.514099,0.010224,2.190245,1.538545,68,3789.72,0.047074
1.43750,3,2.4122,0.006108,0.514097,0.010256,2.190958,1.538768,68,3805.62,0.047044
1.44167,0,2.4219,0.006495,0.514184,0.009195,2.197309,1.544748,63,3051.08,0.024192
1.44167,1,2.4219,0.006481,0.514186,0.009142,2.196622,1.544770,63,3032.58,0.024234
1.44167,2,2.4219,0.006100,0.514101,0.010176,2.201900,1.544942,67,3769.01,0.046791
1.44167,3,2.4219,0.006102,0.514099,0.010212,2.197329,1.544897,67,3787.48,0.046760
1.44583,0,2.4316,0.006491,0.514182,0.009235,2.206388,1.550997,63,3074.15,0.024514
1.44583,1,2.4316,0.006479,0.514183,0.009183,2.201427,1.550885,63,3053.86,0.024555
1.44583,2,2.4316,0.006097,0.514104,0.010136,2.209286,1.551021,67,3748.68,0.046501
1.44583,3,2.4316,0.006097,0.514102,0.010170,2.205265,1.550905,67,3766.49,0.046469
1.45000,0,2.4413,0.006499,0.514179,0.009284,2.214876,1.557094,63,3095.34,0.024839
1.45000,1,2.4413,0.006479,0.514181,0.009225,2.210335,1.557217,63,3076.02,0.024879
1.45000,2,2.4413,0.006092,0.514106,0.010096,2.213500,1.557149,66,3730.92,0.046207
1.45000,3,2.4413,0.006093,0.514104,0.010130,2.217574,1.557278,67,3748.97,0.046175
1.45417,0,2.4510,0.006510,0.514177,0.009333,2.218915,1.563260,63,3115.22,0.025167
1.45417,1,2.4510,0.006481,0.514179,0.009265,2.220253,1.563303,63,3095.90,0.025206
1.45417,2,2.4510,0.006094,0.514108,0.010064,2.222609,1.563406,66,3712.68,0.045909
1.45417,3,2.4510,0.006092,0.514107,0.010096,2.225000,1.563435,66,3730.62,0.045877
1.45833,0,2.4606,0.006501,0.514175,0.009360,2.228027,1.569481,63,3134.03,0.025495
1.45833,1,2.4606,0.006470,0.514177,0.009291,2.229824,1.569434,63,3115.33,0.025534
1.45833,2,2.4606,0.006090,0.514111,0.010026,2.229196,1.569475,66,3696.17,0.045609
1.45833,3,2.4606,0.006090,0.514108,0.010061,2.230622,1.569461,66,3714.45,0.045576
1.46250,0,2.4703,0.006500,0.514174,0.009392,2.236975,1.575705,63,3151.15,0.025823
1.46250,1,2.4703,0.006469,0.514175,0.009324,2.241830,1.575697,63,3133.51,0.025861
1.46250,2,2.4703,0.006091,0.514112,0.009997,2.242312,1.575618,66,3678.88,0.045306
1.46250,3,2.4703,0.006091,0.514111,0.010031,2.241488,1.575916,66,3697.87,0.045274
1.46667,0,2.4799,0.006503,0.514172,0.009426,2.245779,1.581853,63,3167.94,0.026149
1.46667,1,2.4799,0.006461,0.514174,0.009348,2.250365,1.581887,63,3149.75,0.026187
1.46667,2,2.4799,0.006091,0.514114,0.009968,2.253754,1.582134,65,3665.48,0.045004
1.46667,3,2.4799,0.006091,0.514112,0.010001,2.248164,1.581564,66,3682.96,0.044972
1.47083,0,2.4895,0.006494,0.514170,0.009446,2.253710,1.587996,63,3183.06,0.026472
1.47083,1,2.4895,0.006461,0.514172,0.009377,2.256890,1.588083,63,3165.45,0.026510
1.47083,2,2.4895,0.006091,0.514116,0.009940,2.255876,1.587561,65,3650.72,0.044702
1.47083,3,2.4895,0.006092,0.514114,0.009975,2.256166,1.588216,65,3668.78,0.044670
1.47500,0,2.4992,0.006495,0.514169,0.009474,2.262223,1.594125,63,3196.91,0.026793
1.47500,1,2.4992,0.006464,0.514170,0.009408,2.266314,1.594207,63,3179.28,0.026830
1.47500,2,2.4992,0.006111,0.514118,0.009934,2.264301,1.594439,65,3637.80,0.044401
1.47500,3,2.4992,0.006092,0.514116,0.009950,2.260502,1.594041,65,3655.31,0.044370
1.47917,0,2.5088,0.006504,0.514168,0.009507,2.270288,1.600281,63,3209.91,0.027108
1.47917,1,2.5088,0.006477,0.514169,0.009446,2.275632,1.600283,63,3192.49,0.027144
1.47917,2,2.5088,0.006124,0.514119,0.009923,2.270968,1.599823,65,3625.59,0.044102
1.47917,3,2.5088,0.006093,0.514117,0.009926,2.269969,1.600311,65,3643.38,0.044072
1.48333,0,2.5184,0.006498,0.514166,0.009523,2.280037,1.606515,63,3221.91,0.027418
1.48333,1,2.5184,0.006460,0.514168,0.009452,2.284895,1.606361,63,3205.21,0.027454
1.48333,2,2.5184,0.006149,0.514121,0.009926,2.283700,1.606243,65,3613.80,0.043806
1.48333,3,2.5184,0.006134,0.514119,0.009944,2.279738,1.606460,65,3632.01,0.043777
1.48750,0,2.5280,0.006516,0.514166,0.009561,2.287173,1.612697,63,3232.13,0.027723
1.48750,1,2.5280,0.006455,0.514167,0.009468,2.293819,1.612808,63,3216.27,0.027757
1.48750,2,2.5280,0.006143,0.514123,0.009900,2.288532,1.612428,65,3604.38,0.043514
1.48750,3,2.5280,0.006132,0.514121,0.009921,2.290103,1.612255,65,3621.85,0.043486
1.49167,0,2.5376,0.006509,0.514165,0.009571,2.297483,1.618840,63,3241.83,0.028020
1.49167,1,2.5376,0.006443,0.514166,0.009474,2.301943,1.618739,63,3226.23,0.028053
1.49167,2,2.5376,0.006188,0.514124,0.009925,2.299880,1.618819,65,3592.99,0.043226
1.49167,3,2.5376,0.006186,0.514122,0.009954,2.303879,1.618830,65,3610.41,0.043199
1.49583,0,2.5472,0.006503,0.514164,0.009580,2.305305,1.624903,63,3249.95,0.028310
1.49583,1,2.5472,0.006457,0.514165,0.009504,2.309125,1.624939,63,3234.55,0.028342
1.49583,2,2.5472,0.006196,0.514125,0.009916,2.307274,1.624859,64,3584.64,0.042943
1.49583,3,2.5472,0.006153,0.514123,0.009903,2.304364,1.624597,64,3602.12,0.042917
1.50000,0,2.5568,0.006464,0.514163,0.009555,2.314605,1.631098,63,3255.95,0.028591
1.50000,1,2.5568,0.006435,0.514164,0.009496,2.319782,1.631422,63,3242.96,0.028623
1.50000,2,2.5568,0.006208,0.514126,0.009912,2.315343,1.630703,64,3576.96,0.042666
1.50000,3,2.5568,0.006176,0.514124,0.009909,2.320056,1.631124,64,3591.78,0.042640
1.50417,0,2.5665,0.006498,0.514162,0.009601,2.321081,1.637207,63,3263.84,0.028864
1.50417,1,2.5665,0.006432,0.514164,0.009505,2.327693,1.637164,63,3249.29,0.028894
1.50417,2,2.5665,0.006234,0.514127,0.009925,2.325372,1.637288,64,3569.58,0.042394
1.50417,3,2.5665,0.006198,0.514125,0.009916,2.321162,1.636995,64,3585.16,0.042369
1.50833,0,2.5761,0.006497,0.514162,0.009610,2.330241,1.643452,63,3268.70,0.029127
1.50833,1,2.5761,0.006438,0.514163,0.009522,2.337246,1.643460,63,3254.15,0.029156
1.50833,2,2.5761,0.006235,0.514128,0.009914,2.337877,1.643320,64,3563.60,0.042130
1.50833,3,2.5761,0.006221,0.514126,0.009926,2.332738,1.643293,64,3578.24,0.042105
1.51250,0,2.5857,0.006483,0.514161,0.009604,2.340960,1.649701,63,3274.02,0.029382
1.51250,1,2.5857,0.006436,0.514163,0.009529,2.343482,1.649680,63,3259.52,0.029409
1.51250,2,2.5857,0.006256,0.514128,0.009924,2.342826,1.649575,64,3558.07,0.041872
1.51250,3,2.5857,0.006230,0.514126,0.009922,2.348493,1.649378,64,3572.11,0.041848
1.51667,0,2.5953,0.006455,0.514161,0.009582,2.351768,1.655841,63,3276.74,0.029626
1.51667,1,2.5953,0.006426,0.514162,0.009526,2.353557,1.655962,63,3263.74,0.029651
1.51667,2,2.5953,0.006266,0.514129,0.009925,2.351839,1.655658,64,3553.37,0.041622
1.51667,3,2.5953,0.006237,0.514127,0.009919,2.351428,1.655288,64,3566.88,0.041599
1.52083,0,2.6050,0.006459,0.514161,0.009590,2.357143,1.661890,63,3279.44,0.029860
1.52083,1,2.6050,0.006413,0.514162,0.009517,2.362371,1.662022,63,3267.38,0.029884
1.52083,2,2.6050,0.006278,0.514130,0.009929,2.360095,1.661711,64,3549.23,0.041380
1.52083,3,2.6050,0.006264,0.514128,0.009936,2.365039,1.661919,64,3561.86,0.041358
1.52500,0,2.6146,0.006461,0.514161,0.009595,2.368233,1.668217,63,3281.20,0.030084
1.52500,1,2.6146,0.006409,0.514162,0.009517,2.372580,1.668330,63,3269.89,0.030106
1.52500,2,2.6146,0.006273,0.514130,0.009917,2.369339,1.667803,64,3547.35,0.041147
1.52500,3,2.6146,0.006244,0.514129,0.009909,2.369962,1.668187,64,3558.28,0.041124
1.52917,0,2.6243,0.006443,0.514161,0.009578,2.374776,1.674335,63,3282.56,0.030297
1.52917,1,2.6243,0.006417,0.514161,0.009527,2.377667,1.673996,63,3270.50,0.030317
1.52917,2,2.6243,0.006281,0.514130,0.009919,2.380778,1.674092,64,3543.08,0.040921
1.52917,3,2.6243,0.006254,0.514129,0.009911,2.377139,1.673691,64,3554.67,0.040900
1.53333,0,2.6340,0.006478,0.514160,0.009612,2.389246,1.680493,63,3283.40,0.030500
1.53333,1,2.6340,0.006406,0.514162,0.009517,2.391919,1.680947,63,3272.02,0.030518
1.53333,2,2.6340,0.006284,0.514131,0.009918,2.390488,1.680366,64,3540.98,0.040705
1.53333,3,2.6340,0.006261,0.514130,0.009913,2.397663,1.680567,64,3551.16,0.040683
1.53750,0,2.6436,0.006460,0.514160,0.009593,2.396677,1.686682,63,3283.02,0.030691
1.53750,1,2.6436,0.006409,0.514161,0.009520,2.396160,1.686535,63,3271.72,0.030708
1.53750,2,2.6436,0.006292,0.514131,0.009922,2.395475,1.686812,64,3539.64,0.040497
1.53750,3,2.6436,0.006293,0.514130,0.009940,2.393816,1.686632,64,3549.23,0.040476
1.54167,0,2.6534,0.006469,0.514160,0.009598,2.405651,1.693049,63,3281.58,0.030872
1.54167,1,2.6534,0.006380,0.514161,0.009488,2.409075,1.693101,63,3271.90,0.030887
1.54167,2,2.6534,0.006298,0.514131,0.009926,2.402553,1.692784,64,3539.08,0.040298
1.54167,3,2.6534,0.006270,0.514130,0.009915,2.407362,1.692647,64,3546.83,0.040277
1.54583,0,2.6631,0.006454,0.514160,0.009579,2.411885,1.699180,63,3279.83,0.031041
1.54583,1,2.6631,0.006383,0.514161,0.009488,2.416125,1.699342,63,3269.50,0.031054
1.54583,2,2.6631,0.006284,0.514130,0.009911,2.413981,1.698792,64,3538.05,0.040108
1.54583,3,2.6631,0.006286,0.514130,0.009929,2.411305,1.699447,64,3547.68,0.040087
1.55000,0,2.6728,0.006444,0.514160,0.009562,2.418636,1.705561,63,3277.59,0.031200
1.55000,1,2.6728,0.006380,0.514161,0.009481,2.422207,1.705346,63,3268.15,0.031210
1.55000,2,2.6728,0.006303,0.514131,0.009929,2.423008,1.705354,64,3538.12,0.039927
1.55000,3,2.6728,0.006281,0.514129,0.009923,2.417982,1.705028,64,3547.07,0.039908
1.55417,0,2.6826,0.006425,0.514160,0.009537,2.426951,1.711777,63,3273.88,0.031347
1.55417,1,2.6826,0.006390,0.514161,0.009486,2.435004,1.711711,63,3266.33,0.031356
1.55417,2,2.6826,0.006301,0.514130,0.009928,2.428545,1.711673,64,3538.29,0.039755
1.55417,3,2.6826,0.006273,0.514130,0.009915,2.432574,1.711789,64,3546.56,0.039737
1.55833,0,2.6925,0.006417,0.514161,0.009521,2.436315,1.718026,63,3271.18,0.031483
1.55833,1,2.6925,0.006376,0.514162,0.009466,2.441585,1.718053,63,3263.71,0.031491
1.55833,2,2.6925,0.006301,0.514130,0.009930,2.439487,1.718168,64,3540.15,0.039592
1.55833,3,2.6925,0.006286,0.514129,0.009929,2.442576,1.717756,64,3547.31,0.039575
1.56250,0,2.7023,0.006413,0.514161,0.009510,2.445024,1.724344,63,3266.66,0.031608
1.56250,1,2.7023,0.006370,0.514162,0.009453,2.450155,1.724218,63,3260.18,0.031615
1.56250,2,2.7023,0.006315,0.514130,0.009947,2.450847,1.724092,64,3541.52,0.039439
1.56250,3,2.7023,0.006293,0.514129,0.009937,2.450612,1.724110,64,3548.15,0.039423
1.56667,0,2.7122,0.006436,0.514162,0.009523,2.455369,1.730662,63,3262.56,0.031722
1.56667,1,2.7122,0.006378,0.514162,0.009452,2.461422,1.730650,63,3256.47,0.031728
1.56667,2,2.7122,0.006287,0.514129,0.009923,2.457256,1.730366,64,3543.63,0.039296
1.56667,3,2.7122,0.006287,0.514129,0.009934,2.455246,1.730680,64,3549.06,0.039280
1.57083,0,2.7221,0.006437,0.514162,0.009515,2.463106,1.736984,63,3258.49,0.031827
1.57083,1,2.7221,0.006380,0.514163,0.009446,2.470006,1.737159,63,3252.34,0.031831
1.57083,2,2.7221,0.006309,0.514129,0.009949,2.465402,1.736915,64,3545.78,0.039161
1.57083,3,2.7221,0.006279,0.514128,0.009929,2.469509,1.736851,64,3551.70,0.039146
1.57500,0,2.7321,0.006406,0.514163,0.009473,2.473797,1.743391,63,3253.27,0.031921
1.57500,1,2.7321,0.006361,0.514163,0.009418,2.477750,1.743416,63,3248.04,0.031923
1.57500,2,2.7321,0.006263,0.514129,0.009908,2.477690,1.743378,64,3548.26,0.039035
1.57500,3,2.7321,0.006270,0.514128,0.009924,2.473937,1.742996,64,3554.53,0.039021
1.57917,0,2.7421,0.006414,0.514163,0.009470,2.485780,1.749764,63,3247.93,0.032005
1.57917,1,2.7421,0.006367,0.514163,0.009414,2.489185,1.749680,63,3243.23,0.032006
1.57917,2,2.7421,0.006281,0.514129,0.009932,2.492057,1.749640,64,3551.57,0.038918
1.57917,3,2.7421,0.006260,0.514128,0.009918,2.482477,1.749815,64,3556.29,0.038906
1.58333,0,2.7521,0.006421,0.514164,0.009465,2.490334,1.756223,63,3241.71,0.032078
1.58333,1,2.7521,0.006362,0.514164,0.009398,2.496598,1.756209,63,3238.11,0.032079
1.58333,2,2.7521,0.006261,0.514128,0.009919,2.490200,1.756077,64,3555.23,0.038811
1.58333,3,2.7521,0.006277,0.514127,0.009941,2.490633,1.755666,64,3559.02,0.038799
1.58750,0,2.7622,0.006394,0.514164,0.009427,2.499516,1.762774,63,3237.12,0.032143
1.58750,1,2.7622,0.006362,0.514165,0.009387,2.503941,1.762789,63,3232.73,0.032142
1.58750,2,2.7622,0.006285,0.514128,0.009950,2.499043,1.762442,64,3559.63,0.038712
1.58750,3,2.7622,0.006274,0.514127,0.009944,2.499940,1.762374,64,3562.90,0.038701
1.59167,0,2.7723,0.006390,0.514165,0.009409,2.510328,1.768983,63,3229.74,0.032198
1.59167,1,2.7723,0.006353,0.514165,0.009367,2.513949,1.769043,63,3226.68,0.032196
1.59167,2,2.7723,0.006267,0.514127,0.009939,2.510209,1.768802,64,3562.78,0.038622
1.59167,3,2.7723,0.006269,0.514127,0.009946,2.508919,1.768911,64,3566.21,0.038611
1.59583,0,2.7824,0.006392,0.514165,0.009399,2.521589,1.775718,63,3223.24,0.032244
1.59583,1,2.7824,0.006362,0.514166,0.009363,2.524171,1.775859,63,3221.08,0.032241
1.59583,2,2.7824,0.006247,0.514126,0.009927,2.517662,1.775692,64,3567.84,0.038540
1.59583,3,2.7824,0.006239,0.514126,0.009922,2.523526,1.775181,64,3569.17,0.038530
1.60000,0,2.7926,0.006384,0.514166,0.009377,2.527219,1.782137,63,3217.14,0.032281
1.60000,1,2.7926,0.006361,0.514166,0.009350,2.533514,1.781954,63,3215.06,0.032277
1.60000,2,2.7926,0.006251,0.514126,0.009939,2.526403,1.781487,64,3571.77,0.038467
1.60000,3,2.7926,0.006232,0.514126,0.009923,2.532849,1.781849,64,3574.16,0.038457
1.60417,0,2.8028,0.006380,0.514167,0.009361,2.537363,1.788477,63,3210.28,0.032310
1.60417,1,2.8028,0.006357,0.514167,0.009334,2.541447,1.788600,63,3209.70,0.032306
1.60417,2,2.8028,0.006239,0.514126,0.009936,2.535663,1.788369,64,3577.23,0.038401
1.60417,3,2.8028,0.006220,0.514125,0.009920,2.543792,1.788115,64,3578.27,0.038392
1.60833,0,2.8130,0.006413,0.514168,0.009381,2.553124,1.795286,63,3205.19,0.032331
1.60833,1,2.8130,0.006352,0.514168,0.009317,2.554293,1.795330,63,3203.04,0.032326
1.60833,2,2.8130,0.006247,0.514125,0.009953,2.552339,1.794610,64,3582.75,0.038344
1.60833,3,2.8130,0.006233,0.514124,0.009941,2.545093,1.794785,64,3583.62,0.038336
1.61250,0,2.8232,0.006396,0.514168,0.009350,2.561026,1.801669,63,3197.88,0.032345
1.61250,1,2.8232,0.006345,0.514168,0.009297,2.558017,1.801625,63,3196.53,0.032339
1.61250,2,2.8232,0.006222,0.514124,0.009937,2.557509,1.801481,64,3587.47,0.038295
1.61250,3,2.8232,0.006210,0.514124,0.009926,2.554594,1.801158,64,3587.33,0.038287
1.61667,0,2.8335,0.006407,0.514169,0.009347,2.569177,1.808445,63,3191.36,0.032351
1.61667,1,2.8335,0.006356,0.514169,0.009295,2.570602,1.808356,63,3190.44,0.032344
1.61667,2,2.8335,0.006214,0.514123,0.009938,2.564018,1.808182,64,3591.47,0.038252
1.61667,3,2.8335,0.006231,0.514123,0.009956,2.570019,1.807832,64,3592.47,0.038245
1.62083,0,2.8439,0.006351,0.514170,0.009277,2.577298,1.814894,63,3182.92,0.032350
1.62083,1,2.8439,0.006351,0.514169,0.009276,2.579606,1.814803,63,3183.86,0.032343
1.62083,2,2.8439,0.006217,0.514123,0.009951,2.572833,1.813769,64,3596.72,0.038217
1.62083,3,2.8439,0.006227,0.514123,0.009961,2.579557,1.814762,64,3597.21,0.038210
1.62500,0,2.8542,0.006401,0.514170,0.009313,2.583048,1.821574,63,3177.00,0.032342
1.62500,1,2.8542,0.006354,0.514170,0.009267,2.587708,1.821641,63,3177.30,0.032334
1.62500,2,2.8542,0.006183,0.514122,0.009927,2.585368,1.821296,64,3603.03,0.038188
1.62500,3,2.8542,0.006185,0.514122,0.009928,2.582586,1.820628,64,3601.04,0.038182
1.62917,0,2.8646,0.006374,0.514171,0.009273,2.593074,1.828084,63,3171.41,0.032329
1.62917,1,2.8646,0.006341,0.514171,0.009242,2.599306,1.828069,63,3170.87,0.032320
1.62917,2,2.8646,0.006197,0.514121,0.009951,2.593181,1.827857,64,3607.57,0.038165
1.62917,3,2.8646,0.006208,0.514121,0.009961,2.607162,1.828138,64,3608.18,0.038160
1.63333,0,2.8750,0.006388,0.514171,0.009274,2.603545,1.834680,63,3163.42,0.032309
1.63333,1,2.8750,0.006347,0.514171,0.009235,2.606419,1.834865,63,3164.50,0.032300
1.63333,2,2.8750,0.006158,0.514121,0.009922,2.601937,1.833695,64,3612.63,0.038149
1.63333,3,2.8750,0.006146,0.514120,0.009909,2.600375,1.834169,64,3612.03,0.038145
1.63750,0,2.8854,0.006364,0.514172,0.009237,2.615528,1.841593,63,3157.45,0.032284
1.63750,1,2.8854,0.006347,0.514172,0.009222,2.618258,1.841423,63,3157.75,0.032274
1.63750,2,2.8854,0.006174,0.514120,0.009948,2.610527,1.841244,64,3618.66,0.038139
1.63750,3,2.8854,0.006184,0.514120,0.009956,2.611235,1.840466,64,3617.69,0.038135
1.64167,0,2.8959,0.006367,0.514172,0.009227,2.620297,1.847951,63,3151.36,0.032254
1.64167,1,2.8959,0.006351,0.514172,0.009214,2.624630,1.848090,63,3152.39,0.032243
1.64167,2,2.8959,0.006149,0.514119,0.009934,2.620588,1.847337,65,3624.55,0.038135
1.64167,3,2.8959,0.006145,0.514119,0.009927,2.620546,1.848034,65,3622.09,0.038131
1.64583,0,2.9064,0.006386,0.514173,0.009233,2.630347,1.854885,63,3144.25,0.032219
1.64583,1,2.9064,0.006353,0.514173,0.009203,2.638921,1.855063,63,3145.83,0.032208
1.64583,2,2.9064,0.006160,0.514118,0.009955,2.633802,1.854105,65,3630.73,0.038136
1.64583,3,2.9064,0.006117,0.514118,0.009908,2.630104,1.853687,65,3629.01,0.038133
1.65000,0,2.9169,0.006370,0.514174,0.009205,2.640334,1.861720,63,3138.48,0.032180
1.65000,1,2.9169,0.006355,0.514174,0.009194,2.645207,1.861376,63,3139.68,0.032168
1.65000,2,2.9169,0.006125,0.514118,0.009930,2.644188,1.861276,65,3635.32,0.038142
1.65000,3,2.9169,0.006136,0.514118,0.009937,2.645171,1.861413,65,3632.83,0.038140
1.65417,0,2.9275,0.006363,0.514175,0.009185,2.649641,1.868254,63,3130.86,0.032136
1.65417,1,2.9275,0.006363,0.514174,0.009190,2.656339,1.868353,63,3133.75,0.032124
1.65417,2,2.9275,0.006136,0.514117,0.009950,2.661309,1.867566,65,3640.72,0.038154
1.65417,3,2.9275,0.006120,0.514117,0.009930,2.654274,1.867050,65,3638.88,0.038152
1.65833,0,2.9381,0.006346,0.514175,0.009156,2.661118,1.875168,63,3126.44,0.032089
1.65833,1,2.9381,0.006343,0.514175,0.009159,2.666508,1.875017,63,3128.52,0.032077
1.65833,2,2.9381,0.006132,0.514117,0.009956,2.658087,1.874538,65,3646.39,0.038169
1.65833,3,2.9381,0.006140,0.514116,0.009960,2.658436,1.874679,65,3644.12,0.038168
1.66250,0,2.9487,0.006378,0.514176,0.009176,2.670018,1.881722,63,3119.76,0.032038
1.66250,1,2.9487,0.006354,0.514175,0.009159,2.673883,1.881661,63,3121.97,0.032026
1.66250,2,2.9487,0.006114,0.514116,0.009948,2.673880,1.881236,65,3650.65,0.038189
1.66250,3,2.9487,0.006114,0.514116,0.009943,2.668280,1.880887,65,3648.73,0.038188
1.66667,0,2.9593,0.006372,0.514176,0.009159,2.680062,1.888584,63,3114.43,0.031985
1.66667,1,2.9593,0.006345,0.514176,0.009139,2.684018,1.888608,63,3116.48,0.031972
1.66667,2,2.9593,0.006115,0.514115,0.009958,2.677794,1.887838,65,3657.48,0.038213
1.66667,3,2.9593,0.006115,0.514115,0.009953,2.677538,1.888192,65,3653.84,0.038213
1.67083,0,2.9700,0.006396,0.514177,0.009172,2.691455,1.895504,63,3107.73,0.031928
1.67083,1,2.9700,0.006364,0.514177,0.009148,2.692120,1.895327,63,3111.45,0.031916
1.67083,2,2.9700,0.006115,0.514114,0.009967,2.687254,1.894617,65,3662.51,0.038241
1.67083,3,2.9700,0.006115,0.514115,0.009962,2.687229,1.894644,65,3658.77,0.038241
1.67500,0,2.9807,0.006372,0.514178,0.009138,2.697975,1.902278,63,3103.57,0.031869
1.67500,1,2.9807,0.006357,0.514177,0.009130,2.704061,1.902054,63,3105.88,0.031857
1.67500,2,2.9807,0.006116,0.514114,0.009976,2.708158,1.901586,66,3665.37,0.038272
1.67500,3,2.9807,0.006115,0.514114,0.009971,2.697212,1.900816,65,3663.39,0.038272
1.67917,0,2.9914,0.006371,0.514178,0.009128,2.708636,1.908991,63,3097.80,0.031809
1.67917,1,2.9914,0.006354,0.514178,0.009118,2.715356,1.909003,63,3100.44,0.031796
1.67917,2,2.9914,0.006116,0.514113,0.009986,2.711575,1.908345,66,3671.43,0.038306
1.67917,3,2.9914,0.006116,0.514114,0.009981,2.709893,1.909122,66,3667.41,0.038306
1.68333,0,3.0021,0.006358,0.514179,0.009105,2.719233,1.916044,63,3093.41,0.031746
1.68333,1,3.0021,0.006350,0.514178,0.009105,2.723397,1.915959,63,3097.06,0.031734
1.68333,2,3.0021,0.006117,0.514113,0.009996,2.717446,1.915436,66,3677.49,0.038343
1.68333,3,3.0021,0.006117,0.514113,0.009991,2.716744,1.914218,66,3673.71,0.038344
1.68750,0,3.0129,0.006376,0.514179,0.009113,2.729000,1.922694,63,3088.84,0.031682
1.68750,1,3.0129,0.006354,0.514179,0.009099,2.733186,1.922890,63,3091.02,0.031670
1.68750,2,3.0129,0.006117,0.514112,0.010004,2.725557,1.922017,67,3679.93,0.038383
1.68750,3,3.0129,0.006117,0.514113,0.009999,2.725502,1.922243,66,3677.58,0.038384
1.69167,0,3.0237,0.006371,0.514179,0.009099,2.737698,1.929688,63,3082.98,0.031617
1.69167,1,3.0237,0.006360,0.514179,0.009096,2.743897,1.929561,63,3086.96,0.031605
1.69167,2,3.0237,0.006117,0.514112,0.010014,2.736404,1.928506,67,3683.81,0.038424
1.69167,3,3.0237,0.006118,0.514112,0.010009,2.736845,1.928629,66,3682.19,0.038426
1.69583,0,3.0345,0.006385,0.514180,0.009105,2.749558,1.936579,63,3079.54,0.031551
1.69583,1,3.0345,0.006375,0.514179,0.009104,2.753312,1.936613,63,3083.39,0.031539
1.69583,2,3.0345,0.006117,0.514111,0.010023,2.745346,1.935975,67,3691.97,0.038468
1.69583,3,3.0345,0.006118,0.514111,0.010017,2.747126,1.936184,67,3687.16,0.038471
1.70000,0,3.0454,0.006352,0.514180,0.009064,2.757624,1.943512,63,3075.50,0.031484
1.70000,1,3.0454,0.006382,0.514180,0.009102,2.762733,1.943533,63,3078.39,0.031473
1.70000,2,3.0454,0.006119,0.514111,0.010032,2.756167,1.942937,67,3694.35,0.038515
1.70000,3,3.0454,0.006118,0.514111,0.010026,2.756929,1.942609,67,3691.19,0.038517
1.70417,0,3.0562,0.006379,0.514181,0.009083,2.769273,1.950484,63,3069.97,0.031417
1.70417,1,3.0562,0.006382,0.514180,0.009095,2.771838,1.950341,63,3074.59,0.031405
1.70417,2,3.0562,0.006119,0.514110,0.010039,2.764642,1.949560,67,3698.28,0.038563
1.70417,3,3.0562,0.006119,0.514111,0.010033,2.777273,1.949995,67,3693.25,0.038565
1.70833,0,3.0671,0.006373,0.514181,0.009070,2.777928,1.957357,63,3067.72,0.031349
1.70833,1,3.0671,0.006372,0.514180,0.009077,2.783584,1.957393,63,3070.41,0.031338
1.70833,2,3.0671,0.006119,0.514109,0.010047,2.775879,1.956494,67,3703.12,0.038612
1.70833,3,3.0671,0.006119,0.514110,0.010042,2.774613,1.956512,67,3699.93,0.038615
1.71250,0,3.0780,0.006411,0.514181,0.009102,2.788530,1.964207,63,3064.08,0.031282
1.71250,1,3.0780,0.006365,0.514181,0.009063,2.788325,1.964233,63,3067.94,0.031271
1.71250,2,3.0780,0.006120,0.514109,0.010054,2.784837,1.963532,67,3707.54,0.038663
1.71250,3,3.0780,0.006120,0.514109,0.010050,2.795937,1.963168,67,3703.65,0.038666
1.71667,0,3.0890,0.006381,0.514182,0.009065,2.799128,1.971307,63,3060.41,0.031214
1.71667,1,3.0890,0.006390,0.514181,0.009081,2.804753,1.971176,63,3063.13,0.031204
1.71667,2,3.0890,0.006120,0.514109,0.010061,2.794944,1.970774,67,3709.38,0.038715
1.71667,3,3.0890,0.006120,0.514109,0.010056,2.794168,1.970510,67,3706.71,0.038718
1.72083,0,3.0999,0.006397,0.514182,0.009074,2.807813,1.978450,63,3056.68,0.031147
1.72083,1,3.0999,0.006391,0.514182,0.009077,2.810923,1.978528,63,3061.02,0.031137
1.72083,2,3.0999,0.006121,0.514108,0.010069,2.806062,1.977438,67,3713.21,0.038767
1.72083,3,3.0999,0.006121,0.514109,0.010063,2.806926,1.977680,67,3710.27,0.038771
1.72500,0,3.1109,0.006383,0.514182,0.009055,2.815260,1.985141,63,3053.05,0.031080
1.72500,1,3.1109,0.006369,0.514181,0.009049,2.823116,1.985220,63,3057.41,0.031071
1.72500,2,3.1109,0.006121,0.514107,0.010075,2.819007,1.984387,67,3716.19,0.038820
1.72500,3,3.1109,0.006121,0.514107,0.010070,2.815181,1.984251,67,3712.35,0.038824
1.72917,0,3.1219,0.006382,0.514182,0.009050,2.828653,1.992602,63,3051.52,0.031015
1.72917,1,3.1219,0.006363,0.514182,0.009038,2.831887,1.992204,63,3055.25,0.031006
1.72917,2,3.1219,0.006122,0.514106,0.010083,2.825621,1.991499,67,3721.69,0.038874
1.72917,3,3.1219,0.006122,0.514107,0.010078,2.835972,1.991527,67,3718.12,0.038878
1.73333,0,3.1330,0.006378,0.514182,0.009041,2.838429,1.999132,63,3048.65,0.030950
1.73333,1,3.1330,0.006375,0.514182,0.009045,2.845321,1.999272,63,3051.13,0.030941
1.73333,2,3.1330,0.006122,0.514106,0.010089,2.840615,1.998431,67,3723.20,0.038929
1.73333,3,3.1330,0.006122,0.514106,0.010083,2.835052,1.998963,67,3720.13,0.038933
1.73750,0,3.1440,0.006398,0.514183,0.009057,2.849806,2.006475,63,3047.06,0.030886
1.73750,1,3.1440,0.006366,0.514182,0.009032,2.849154,2.006358,63,3049.24,0.030877
1.73750,2,3.1440,0.006122,0.514106,0.010095,2.845102,2.005667,67,3726.35,0.038983
1.73750,3,3.1440,0.006122,0.514106,0.010089,2.844471,2.004834,67,3723.08,0.038987
1.74167,0,3.1551,0.006414,0.514183,0.009069,2.860051,2.013270,63,3044.00,0.030823
1.74167,1,3.1551,0.006397,0.514183,0.009059,2.865031,2.013440,63,3047.53,0.030815
1.74167,2,3.1551,0.006123,0.514105,0.010102,2.854853,2.012694,67,3728.64,0.039037
1.74167,3,3.1551,0.006123,0.514106,0.010095,2.861530,2.012662,67,3725.99,0.039041
1.74583,0,3.1662,0.006417,0.514183,0.009069,2.870023,2.020621,63,3044.01,0.030763
1.74583,1,3.1662,0.006388,0.514183,0.009047,2.868756,2.020515,63,3045.54,0.030754
1.74583,2,3.1662,0.006123,0.514105,0.010107,2.864792,2.019681,67,3732.90,0.039092
1.74583,3,3.1662,0.006123,0.514105,0.010101,2.864545,2.019301,67,3730.68,0.039097
1.75000,0,3.1774,0.006390,0.514183,0.009039,2.878431,2.027548,63,3040.51,0.030703
1.75000,1,3.1774,0.006371,0.514183,0.009026,2.885126,2.027519,63,3042.66,0.030694
1.75000,2,3.1774,0.006124,0.514105,0.010112,2.875128,2.026652,67,3734.27,0.039146
1.75000,3,3.1774,0.006124,0.514105,0.010106,2.876926,2.026814,67,3732.54,0.039152
1.75417,0,3.1885,0.006410,0.514184,0.009056,2.890533,2.034894,63,3038.71,0.030645
1.75417,1,3.1885,0.006406,0.514183,0.009058,2.892211,2.034746,63,3044.63,0.030637
1.75417,2,3.1885,0.006124,0.514105,0.010117,2.895301,2.034232,67,3737.38,0.039200
1.75417,3,3.1885,0.006124,0.514105,0.010110,2.885343,2.033872,67,3732.79,0.039205
1.75833,0,3.1997,0.006411,0.514184,0.009054,2.899454,2.041756,63,3038.02,0.030589
1.75833,1,3.1997,0.006368,0.514183,0.009017,2.901200,2.041688,63,3038.82,0.030581
1.75833,2,3.1997,0.006125,0.514104,0.010122,2.895821,2.040841,67,3739.56,0.039253
1.75833,3,3.1997,0.006125,0.514104,0.010115,2.906395,2.041101,67,3735.81,0.039258
1.76250,0,3.2109,0.006440,0.514184,0.009081,2.907510,2.049074,63,3035.12,0.030533
1.76250,1,3.2109,0.006408,0.514184,0.009055,2.913902,2.049139,63,3039.47,0.030526
1.76250,2,3.2109,0.006126,0.514103,0.010127,2.906090,2.048248,67,3742.74,0.039307
1.76250,3,3.2109,0.006126,0.514104,0.010121,2.906351,2.048074,67,3738.79,0.039311
1.76667,0,3.2221,0.006432,0.514184,0.009071,2.916765,2.056312,63,3036.40,0.030481
1.76667,1,3.2221,0.006373,0.514183,0.009017,2.925141,2.056337,63,3036.05,0.030473
1.76667,2,3.2221,0.006125,0.514103,0.010130,2.915159,2.055432,67,3744.48,0.039359
1.76667,3,3.2221,0.006126,0.514103,0.010124,2.924484,2.055080,67,3740.52,0.039363
1.77083,0,3.2333,0.006456,0.514183,0.009093,2.928420,2.063221,63,3032.86,0.030429
1.77083,1,3.2333,0.006411,0.514183,0.009054,2.925615,2.063243,63,3037.37,0.030422
1.77083,2,3.2333,0.006127,0.514102,0.010134,2.929482,2.062268,67,3744.96,0.039411
1.77083,3,3.2333,0.006127,0.514103,0.010129,2.925665,2.062241,67,3742.41,0.039415
1.77500,0,3.2446,0.006425,0.514184,0.009061,2.939333,2.070803,63,3030.79,0.030378
1.77500,1,3.2446,0.006428,0.514183,0.009069,2.943822,2.070547,63,3035.68,0.030373
1.77500,2,3.2446,0.006127,0.514103,0.010138,2.935627,2.069127,67,3746.91,0.039461
1.77500,3,3.2446,0.006127,0.514103,0.010133,2.944966,2.069652,67,3743.86,0.039465
1.77917,0,3.2559,0.006443,0.514183,0.009078,2.946897,2.077402,63,3032.10,0.030330
1.77917,1,3.2559,0.006420,0.514183,0.009060,2.946261,2.077367,63,3035.60,0.030326
1.77917,2,3.2559,0.006127,0.514102,0.010141,2.946333,2.077245,67,3747.91,0.039510
1.77917,3,3.2559,0.006128,0.514102,0.010138,2.945667,2.076953,67,3746.29,0.039515
1.78333,0,3.2672,0.006477,0.514183,0.009111,2.958622,2.085119,63,3032.24,0.030284
1.78333,1,3.2672,0.006428,0.514183,0.009067,2.964498,2.085137,63,3035.08,0.030281
1.78333,2,3.2672,0.006128,0.514102,0.010146,2.959636,2.084141,67,3750.80,0.039559
1.78333,3,3.2672,0.006128,0.514102,0.010141,2.956838,2.083539,67,3748.93,0.039564
1.78750,0,3.2785,0.006440,0.514183,0.009075,2.972002,2.092177,63,3031.28,0.030241
1.78750,1,3.2785,0.006423,0.514183,0.009061,2.966177,2.091840,63,3032.29,0.030237
1.78750,2,3.2785,0.006128,0.514101,0.010149,2.968277,2.091048,67,3752.52,0.039607
1.78750,3,3.2785,0.006128,0.514102,0.010144,2.986303,2.091027,67,3749.17,0.039612
1.79167,0,3.2899,0.006456,0.514183,0.009090,2.981850,2.098914,63,3032.05,0.030200
1.79167,1,3.2899,0.006463,0.514183,0.009100,2.977443,2.099299,63,3034.18,0.030196
1.79167,2,3.2899,0.006129,0.514101,0.010153,2.976753,2.098644,67,3754.31,0.039654
1.79167,3,3.2899,0.006129,0.514101,0.010148,2.980523,2.098454,67,3751.25,0.039659
1.79583,0,3.3012,0.006469,0.514183,0.009102,2.990827,2.106946,63,3030.95,0.030160
1.79583,1,3.3012,0.006448,0.514183,0.009084,2.987556,2.106591,63,3031.59,0.030156
1.79583,2,3.3012,0.006129,0.514101,0.010155,2.988439,2.105075,67,3753.72,0.039700
1.79583,3,3.3012,0.006130,0.514101,0.010151,2.986851,2.105825,67,3751.38,0.039704
1.80000,0,3.3126,0.006481,0.514183,0.009113,2.997568,2.113851,63,3030.04,0.030122
1.80000,1,3.3126,0.006474,0.514183,0.009111,2.997057,2.113836,63,3032.14,0.030118
1.80000,2,3.3126,0.006130,0.514100,0.010158,2.997566,2.113312,67,3755.10,0.039744
1.80000,3,3.3126,0.006130,0.514101,0.010153,2.996806,2.113012,67,3752.41,0.039748
1.80417,0,3.3241,0.006461,0.514183,0.009094,3.010398,2.121059,63,3029.97,0.030086
1.80417,1,3.3241,0.006466,0.514183,0.009103,3.008448,2.121372,63,3032.12,0.030082
1.80417,2,3.3241,0.006130,0.514101,0.010161,3.007396,2.120502,67,3755.82,0.039786
1.80417,3,3.3241,0.006131,0.514100,0.010157,3.008270,2.120267,67,3755.42,0.039791
1.80833,0,3.3355,0.006480,0.514183,0.009113,3.021503,2.128584,63,3029.33,0.030052
1.80833,1,3.3355,0.006464,0.514183,0.009102,3.018945,2.128516,63,3033.35,0.030049
1.80833,2,3.3355,0.006131,0.514100,0.010164,3.017400,2.127374,67,3758.48,0.039829
1.80833,3,3.3355,0.006130,0.514100,0.010159,3.017000,2.126684,67,3756.52,0.039833
1.81250,0,3.3470,0.006408,0.514182,0.009043,3.028674,2.135323,63,3031.73,0.030020
1.81250,1,3.3470,0.006452,0.514183,0.009089,3.030658,2.136086,63,3032.28,0.030017
1.81250,2,3.3470,0.006132,0.514100,0.010166,3.029236,2.134454,67,3759.54,0.039870
1.81250,3,3.3470,0.006132,0.514100,0.010162,3.030592,2.134859,67,3756.25,0.039874
1.81667,0,3.3585,0.006494,0.514183,0.009129,3.041857,2.143118,63,3029.23,0.029989
1.81667,1,3.3585,0.006461,0.514182,0.009099,3.039164,2.142800,63,3032.19,0.029987
1.81667,2,3.3585,0.006132,0.514100,0.010167,3.038412,2.141849,67,3758.80,0.039910
1.81667,3,3.3585,0.006132,0.514100,0.010164,3.045604,2.142605,67,3757.83,0.039914
1.82083,0,3.3700,0.006526,0.514183,0.009162,3.050251,2.150408,63,3029.75,0.029960
1.82083,1,3.3700,0.006455,0.514182,0.009093,3.048887,2.150365,63,3032.13,0.029959
1.82083,2,3.3700,0.006133,0.514100,0.010170,3.048995,2.149412,67,3760.55,0.039948
1.82083,3,3.3700,0.006132,0.514100,0.010166,3.048712,2.148776,67,3759.57,0.039953
1.82500,0,3.3815,0.006459,0.514183,0.009097,3.061947,2.157772,63,3032.02,0.029934
1.82500,1,3.3815,0.006456,0.514182,0.009097,3.060728,2.158002,63,3031.15,0.029932
1.82500,2,3.3815,0.006133,0.514100,0.010171,3.059245,2.156637,67,3759.94,0.039985
1.82500,3,3.3815,0.006133,0.514100,0.010168,3.059493,2.157008,67,3758.72,0.039990
1.82917,0,3.3931,0.006486,0.514183,0.009125,3.071804,2.165042,63,3031.65,0.029909
1.82917,1,3.3931,0.006463,0.514183,0.009104,3.069589,2.164908,63,3033.67,0.029908
1.82917,2,3.3931,0.006134,0.514100,0.010174,3.071650,2.164556,67,3761.86,0.040021
1.82917,3,3.3931,0.006133,0.514099,0.010170,3.070055,2.163822,67,3760.04,0.040026
1.83333,0,3.4046,0.006504,0.514183,0.009145,3.081215,2.172369,63,3032.98,0.029887
1.83333,1,3.4046,0.006489,0.514182,0.009131,3.085894,2.172493,63,3033.48,0.029885
1.83333,2,3.4046,0.006134,0.514099,0.010175,3.079927,2.171302,68,3762.35,0.040056
1.83333,3,3.4046,0.006134,0.514100,0.010172,3.080351,2.171355,68,3759.93,0.040061
1.83750,0,3.4162,0.006485,0.514183,0.009126,3.091800,2.179752,63,3031.72,0.029865
1.83750,1,3.4162,0.006493,0.514182,0.009137,3.091888,2.179586,63,3032.76,0.029864
1.83750,2,3.4162,0.006134,0.514099,0.010176,3.091189,2.178300,68,3763.64,0.040090
1.83750,3,3.4162,0.006135,0.514099,0.010174,3.091244,2.178358,67,3762.01,0.040094
1.84167,0,3.4279,0.006480,0.514182,0.009122,3.103283,2.187643,63,3033.06,0.029845
1.84167,1,3.4279,0.006496,0.514182,0.009141,3.103614,2.187326,63,3035.08,0.029845
1.84167,2,3.4279,0.006135,0.514099,0.010177,3.101367,2.186288,67,3763.87,0.040123
1.84167,3,3.4279,0.006135,0.514099,0.010175,3.100858,2.186665,68,3761.72,0.040127
1.84583,0,3.4395,0.006500,0.514182,0.009144,3.113995,2.194521,63,3034.18,0.029828
1.84583,1,3.4395,0.006439,0.514182,0.009085,3.112383,2.194701,63,3034.88,0.029827
1.84583,2,3.4395,0.006136,0.514099,0.010179,3.111605,2.194037,68,3760.70,0.040153
1.84583,3,3.4395,0.006136,0.514099,0.010177,3.112917,2.193790,67,3763.21,0.040158
1.85000,0,3.4512,0.006496,0.514182,0.009141,3.122335,2.201754,63,3032.12,0.029811
1.85000,1,3.4512,0.006499,0.514182,0.009147,3.122722,2.202167,63,3034.76,0.029811
1.85000,2,3.4512,0.006136,0.514099,0.010180,3.122997,2.200755,68,3763.31,0.040183
1.85000,3,3.4512,0.006136,0.514098,0.010177,3.121638,2.200965,68,3762.48,0.040188
1.85417,0,3.4629,0.006541,0.514182,0.009188,3.135000,2.209691,63,3035.23,0.029796
1.85417,1,3.4629,0.006478,0.514182,0.009127,3.133917,2.209180,63,3036.98,0.029796
1.85417,2,3.4629,0.006137,0.514098,0.010182,3.143835,2.208617,68,3765.01,0.040212
1.85417,3,3.4629,0.006137,0.514098,0.010179,3.133799,2.208226,68,3764.32,0.040217
1.85833,0,3.4746,0.006506,0.514181,0.009156,3.144712,2.216710,63,3036.28,0.029783
1.85833,1,3.4746,0.006431,0.514181,0.009081,3.146726,2.217193,63,3034.35,0.029782
1.85833,2,3.4746,0.006137,0.514098,0.010183,3.145642,2.215655,68,3765.41,0.040240
1.85833,3,3.4746,0.006136,0.514099,0.010178,3.151750,2.216291,68,3762.68,0.040245
1.86250,0,3.4864,0.006481,0.514182,0.009132,3.160467,2.224791,63,3035.92,0.029771
1.86250,1,3.4864,0.006461,0.514181,0.009113,3.158557,2.224243,63,3039.00,0.029771
1.86250,2,3.4864,0.006137,0.514099,0.010183,3.154473,2.223158,68,3763.66,0.040266
1.86250,3,3.4864,0.006138,0.514098,0.010181,3.162975,2.223344,68,3762.67,0.040271
1.86667,0,3.4981,0.006565,0.514182,0.009217,3.166422,2.231838,63,3035.96,0.029760
1.86667,1,3.4981,0.006473,0.514181,0.009126,3.165477,2.231869,63,3034.55,0.029760
1.86667,2,3.4981,0.006138,0.514098,0.010185,3.165281,2.231311,68,3763.70,0.040291
1.86667,3,3.4981,0.006138,0.514098,0.010182,3.169070,2.230278,68,3763.79,0.040295
1.87083,0,3.5099,0.006510,0.514182,0.009163,3.175492,2.239440,63,3036.92,0.029750
1.87083,1,3.5099,0.006512,0.514182,0.009168,3.176666,2.239715,63,3038.89,0.029750
1.87083,2,3.5099,0.006139,0.514098,0.010186,3.175776,2.238572,68,3765.27,0.040315
1.87083,3,3.5099,0.006139,0.514098,0.010184,3.184648,2.238998,68,3764.69,0.040320
1.87500,0,3.5217,0.006538,0.514181,0.009194,3.189630,2.247066,63,3038.02,0.029741
1.87500,1,3.5217,0.006524,0.514181,0.009181,3.190999,2.247111,63,3039.15,0.029742
1.87500,2,3.5217,0.006139,0.514098,0.010187,3.185786,2.245517,68,3765.62,0.040338
1.87500,3,3.5217,0.006139,0.514098,0.010184,3.186353,2.246025,68,3764.09,0.040343
1.87917,0,3.5336,0.006500,0.514181,0.009157,3.203622,2.254630,63,3038.83,0.029734
1.87917,1,3.5336,0.006538,0.514181,0.009197,3.197278,2.254260,63,3038.52,0.029735
1.87917,2,3.5336,0.006139,0.514098,0.010188,3.200757,2.253599,68,3766.00,0.040361
1.87917,3,3.5336,0.006140,0.514098,0.010186,3.197771,2.253592,68,3764.69,0.040365
1.88333,0,3.5455,0.006532,0.514181,0.009191,3.208231,2.262432,63,3040.01,0.029728
1.88333,1,3.5455,0.006498,0.514181,0.009157,3.219611,2.262111,63,3041.59,0.029730
1.88333,2,3.5455,0.006140,0.514098,0.010189,3.212821,2.261357,68,3765.94,0.040382
1.88333,3,3.5455,0.006140,0.514098,0.010187,3.211451,2.260750,68,3765.20,0.040386
1.88750,0,3.5573,0.006561,0.514181,0.009221,3.219174,2.269413,63,3039.26,0.029723
1.88750,1,3.5573,0.006548,0.514181,0.009209,3.226723,2.269627,63,3041.48,0.029725
1.88750,2,3.5573,0.006140,0.514098,0.010189,3.218054,2.268651,68,3764.63,0.040402
1.88750,3,3.5573,0.006141,0.514098,0.010188,3.223997,2.268795,68,3766.25,0.040407
1.89167,0,3.5693,0.006562,0.514180,0.009223,3.233217,2.277250,63,3040.40,0.029719
1.89167,1,3.5693,0.006494,0.514180,0.009155,3.243558,2.277190,63,3039.35,0.029721
1.89167,2,3.5693,0.006141,0.514097,0.010191,3.229786,2.275973,68,3768.48,0.040423
1.89167,3,3.5693,0.006141,0.514098,0.010188,3.228668,2.276230,68,3766.17,0.040427
1.89583,0,3.5812,0.006538,0.514181,0.009201,3.241154,2.284900,63,3040.52,0.029715
1.89583,1,3.5812,0.006522,0.514181,0.009184,3.258209,2.284961,63,3042.11,0.029717
1.89583,2,3.5812,0.006141,0.514097,0.010190,3.242572,2.284260,68,3765.87,0.040442
1.89583,3,3.5812,0.006142,0.514098,0.010188,3.240839,2.283722,68,3764.86,0.040446
1.90000,0,3.5932,0.006554,0.514180,0.009218,3.259095,2.292680,63,3042.74,0.029713
1.90000,1,3.5932,0.006537,0.514180,0.009200,3.264044,2.292768,63,3041.94,0.029715
1.90000,2,3.5932,0.006142,0.514097,0.010191,3.251116,2.291230,68,3766.91,0.040460
1.90000,3,3.5932,0.006142,0.514098,0.010189,3.253489,2.291135,68,3765.56,0.040463
1.90417,0,3.6052,0.006510,0.514180,0.009175,3.272367,2.300745,63,3044.51,0.029712
1.90417,1,3.6052,0.006529,0.514180,0.009194,3.262462,2.299638,63,3042.63,0.029713
1.90417,2,3.6052,0.006143,0.514097,0.010191,3.261895,2.298625,68,3765.40,0.040477
1.90417,3,3.6052,0.006143,0.514097,0.010190,3.266906,2.299569,68,3765.55,0.040480
1.90833,0,3.6172,0.006525,0.514179,0.009189,3.276570,2.307347,63,3040.52,0.029710
1.90833,1,3.6172,0.006487,0.514180,0.009152,3.286469,2.307745,63,3040.03,0.029710
1.90833,2,3.6172,0.006143,0.514097,0.010192,3.276901,2.306995,68,3764.70,0.040492
1.90833,3,3.6172,0.006143,0.514097,0.010191,3.272791,2.306782,68,3763.51,0.040495
1.91250,0,3.6292,0.006538,0.514180,0.009204,3.295905,2.315528,63,3042.80,0.029709
1.91250,1,3.6292,0.006557,0.514180,0.009225,3.295603,2.315375,63,3043.05,0.029709
1.91250,2,3.6292,0.006144,0.514097,0.010194,3.293966,2.314471,68,3765.58,0.040507
1.91250,3,3.6292,0.006144,0.514097,0.010193,3.283553,2.313578,68,3766.17,0.040510
1.91667,0,3.6413,0.006553,0.514180,0.009220,3.301974,2.323428,63,3042.91,0.029708
1.91667,1,3.6413,0.006527,0.514180,0.009197,3.301816,2.323394,63,3045.48,0.029709
1.91667,2,3.6413,0.006144,0.514097,0.010196,3.295258,2.322165,68,3767.11,0.040522
1.91667,3,3.6413,0.006144,0.514097,0.010195,3.294219,2.322546,68,3767.97,0.040525
1.92083,0,3.6534,0.006589,0.514179,0.009257,3.307958,2.330437,63,3044.48,0.029708
1.92083,1,3.6534,0.006524,0.514179,0.009194,3.317307,2.331010,63,3043.92,0.029709
1.92083,2,3.6534,0.006145,0.514097,0.010197,3.305764,2.330076,68,3767.37,0.040536
1.92083,3,3.6534,0.006144,0.514097,0.010195,3.305739,2.328933,68,3766.02,0.040540
1.92500,0,3.6655,0.006563,0.514180,0.009233,3.324955,2.338746,63,3043.82,0.029708
1.92500,1,3.6655,0.006578,0.514180,0.009249,3.333331,2.338603,63,3044.66,0.029710
1.92500,2,3.6655,0.006146,0.514097,0.010198,3.316259,2.336843,68,3766.12,0.040550
1.92500,3,3.6655,0.006145,0.514098,0.010197,3.315971,2.338307,68,3766.68,0.040553
1.92917,0,3.6776,0.006596,0.514180,0.009267,3.338182,2.346391,63,3043.80,0.029709
1.92917,1,3.6776,0.006538,0.514180,0.009210,3.336212,2.346675,63,3045.10,0.029711
1.92917,2,3.6776,0.006146,0.514097,0.010198,3.329799,2.345690,68,3768.57,0.040563
1.92917,3,3.6776,0.006146,0.514097,0.010198,3.327618,2.345176,68,3767.96,0.040567
1.93333,0,3.6898,0.006584,0.514180,0.009256,3.341728,2.354274,63,3045.03,0.029710
1.93333,1,3.6898,0.006579,0.514180,0.009251,3.337039,2.353656,63,3043.67,0.029712
1.93333,2,3.6898,0.006146,0.514097,0.010199,3.338439,2.352784,68,3769.47,0.040577
1.93333,3,3.6898,0.006146,0.514097,0.010198,3.338205,2.352826,68,3768.21,0.040580
1.93750,0,3.7020,0.006536,0.514180,0.009208,3.354435,2.361895,63,3046.44,0.029712
1.93750,1,3.7020,0.006566,0.514181,0.009241,3.365936,2.362516,63,3045.91,0.029713
1.93750,2,3.7020,0.006147,0.514097,0.010198,3.358412,2.360745,68,3767.08,0.040590
1.93750,3,3.7020,0.006147,0.514097,0.010198,3.350038,2.360762,68,3768.41,0.040593
1.94167,0,3.7142,0.006538,0.514180,0.009211,3.372312,2.369539,63,3040.89,0.029711
1.94167,1,3.7142,0.006576,0.514180,0.009250,3.363447,2.369566,63,3044.54,0.029714
1.94167,2,3.7142,0.006147,0.514097,0.010199,3.360487,2.368736,68,3767.57,0.040602
1.94167,3,3.7142,0.006147,0.514097,0.010198,3.360666,2.367834,68,3766.71,0.040605
1.94583,0,3.7265,0.006597,0.514180,0.009272,3.380426,2.377413,63,3046.96,0.029713
1.94583,1,3.7265,0.006544,0.514180,0.009220,3.373706,2.377317,63,3047.69,0.029716
1.94583,2,3.7265,0.006148,0.514097,0.010200,3.373630,2.375980,68,3767.56,0.040613
1.94583,3,3.7265,0.006148,0.514098,0.010200,3.392492,2.376513,68,3765.98,0.040615
1.95000,0,3.7387,0.006580,0.514179,0.009256,3.388898,2.385360,63,3046.39,0.029715
1.95000,1,3.7387,0.006514,0.514180,0.009190,3.395749,2.385039,63,3044.22,0.029718
1.95000,2,3.7387,0.006149,0.514097,0.010201,3.388124,2.383997,68,3768.47,0.040624
1.95000,3,3.7387,0.006149,0.514097,0.010202,3.387234,2.384567,68,3767.49,0.040626
1.95417,0,3.7510,0.006541,0.514180,0.009217,3.401763,2.392910,63,3046.27,0.029718
1.95417,1,3.7510,0.006592,0.514180,0.009269,3.400090,2.392986,63,3045.70,0.029719
1.95417,2,3.7510,0.006149,0.514097,0.010202,3.395063,2.391867,68,3766.34,0.040633
1.95417,3,3.7510,0.006149,0.514097,0.010203,3.394392,2.391466,68,3767.90,0.040636
1.95833,0,3.7634,0.006597,0.514179,0.009273,3.423434,2.400563,63,3045.31,0.029719
1.95833,1,3.7634,0.006533,0.514180,0.009211,3.418144,2.401513,63,3047.28,0.029721
1.95833,2,3.7634,0.006150,0.514097,0.010205,3.412153,2.399871,68,3767.76,0.040643
1.95833,3,3.7634,0.006150,0.514097,0.010205,3.411610,2.400040,68,3768.04,0.040645
1.96250,0,3.7757,0.006589,0.514179,0.009265,3.422766,2.408839,63,3046.24,0.029721
1.96250,1,3.7757,0.006596,0.514179,0.009273,3.414767,2.408220,63,3044.98,0.029723
1.96250,2,3.7757,0.006150,0.514097,0.010206,3.415308,2.407340,68,3769.23,0.040652
1.96250,3,3.7757,0.006150,0.514097,0.010206,3.417075,2.407589,68,3770.20,0.040656
1.96667,0,3.7881,0.006587,0.514180,0.009263,3.445517,2.417223,63,3044.29,0.029722
1.96667,1,3.7881,0.006558,0.514179,0.009236,3.439283,2.416818,63,3047.99,0.029725
1.96667,2,3.7881,0.006151,0.514096,0.010208,3.427917,2.415817,68,3771.74,0.040663
1.96667,3,3.7881,0.006151,0.514096,0.010208,3.426306,2.415545,68,3770.07,0.040666
1.97083,0,3.8005,0.006594,0.514179,0.009271,3.446491,2.424098,63,3047.17,0.029725
1.97083,1,3.8005,0.006625,0.514179,0.009303,3.451680,2.424090,63,3047.86,0.029728
1.97083,2,3.8005,0.006151,0.514096,0.010208,3.437389,2.422892,68,3769.73,0.040674
1.97083,3,3.8005,0.006151,0.514096,0.010208,3.438927,2.423288,68,3769.30,0.040676
1.97500,0,3.8130,0.006607,0.514179,0.009284,3.464341,2.432510,63,3044.14,0.029726
1.97500,1,3.8130,0.006608,0.514179,0.009284,3.449921,2.432094,63,3045.61,0.029730
1.97500,2,3.8130,0.006152,0.514096,0.010209,3.455835,2.431748,68,3769.75,0.040683
1.97500,3,3.8130,0.006152,0.514096,0.010209,3.452854,2.431326,68,3770.66,0.040686
1.97917,0,3.8254,0.006575,0.514179,0.009252,3.465821,2.440597,63,3045.95,0.029727
1.97917,1,3.8254,0.006602,0.514179,0.009278,3.472164,2.440916,63,3046.94,0.029731
1.97917,2,3.8254,0.006152,0.514095,0.010211,3.460908,2.439015,68,3770.87,0.040693
1.97917,3,3.8254,0.006152,0.514096,0.010210,3.461065,2.438936,68,3771.05,0.040696
1.98333,0,3.8379,0.006603,0.514179,0.009280,3.472250,2.448786,63,3044.51,0.029728
1.98333,1,3.8379,0.006627,0.514179,0.009302,3.475039,2.447801,63,3043.75,0.029732
1.98333,2,3.8379,0.006153,0.514096,0.010212,3.483690,2.447454,68,3771.52,0.040702
1.98333,3,3.8379,0.006153,0.514096,0.010211,3.487689,2.447947,68,3770.64,0.040705
1.98750,0,3.8504,0.006602,0.514179,0.009279,3.500004,2.455873,63,3044.65,0.029729
1.98750,1,3.8504,0.006576,0.514179,0.009251,3.500817,2.456554,63,3045.10,0.029732
1.98750,2,3.8504,0.006153,0.514095,0.010213,3.484013,2.454726,68,3770.40,0.040711
1.98750,3,3.8504,0.006153,0.514095,0.010212,3.486606,2.454468,68,3770.26,0.040714
1.99167,0,3.8630,0.006598,0.514178,0.009276,3.513654,2.464652,63,3045.46,0.029730
1.99167,1,3.8630,0.006606,0.514179,0.009282,3.506918,2.464387,63,3043.63,0.029731
1.99167,2,3.8630,0.006153,0.514095,0.010215,3.494375,2.463265,68,3773.93,0.040721
1.99167,3,3.8630,0.006154,0.514095,0.010213,3.504662,2.463621,68,3771.86,0.040723
1.99583,0,3.8756,0.006591,0.514178,0.009268,3.506289,2.472504,63,3042.70,0.029729
1.99583,1,3.8756,0.006620,0.514179,0.009296,3.513142,2.472433,63,3046.00,0.029732
1.99583,2,3.8756,0.006155,0.514095,0.010216,3.506633,2.471486,68,3771.65,0.040730
1.99583,3,3.8756,0.006155,0.514095,0.010215,3.505433,2.471239,68,3770.67,0.040732
2.00000,0,3.8882,0.006570,0.514178,0.009248,3.540375,2.480056,63,3044.58,0.029729
2.00000,1,3.8882,0.006616,0.514178,0.009292,3.529775,2.480528,63,3044.03,0.029731
2.00000,2,3.8882,0.006155,0.514095,0.010218,3.517719,2.478970,68,3771.87,0.040739
2.00000,3,3.8882,0.006155,0.514095,0.010217,3.518785,2.478792,68,3772.66,0.040741
2.00417,0,3.9008,0.006576,0.514178,0.009254,3.530517,2.489144,63,3045.18,0.029729
2.00417,1,3.9008,0.006615,0.514179,0.009291,3.543743,2.488848,63,3045.34,0.029731
2.00417,2,3.9008,0.006155,0.514094,0.010220,3.536104,2.487692,68,3774.91,0.040748
2.00417,3,3.9008,0.006155,0.514095,0.010218,3.540280,2.487593,68,3772.87,0.040750
2.00833,0,3.9135,0.006605,0.514178,0.009282,3.563901,2.496325,63,3041.86,0.029728
2.00833,1,3.9135,0.006600,0.514179,0.009275,3.542055,2.496275,63,3043.30,0.029731
2.00833,2,3.9135,0.006156,0.514094,0.010221,3.540709,2.494188,68,3773.91,0.040757
2.00833,3,3.9135,0.006156,0.514095,0.010220,3.545350,2.495181,68,3774.49,0.040759
2.01250,0,3.9262,0.006526,0.514178,0.009203,3.570836,2.504394,63,3043.77,0.029727
2.01250,1,3.9262,0.006598,0.514179,0.009272,3.560100,2.505139,63,3042.36,0.029729
2.01250,2,3.9262,0.006156,0.514095,0.010223,3.553121,2.503722,68,3773.93,0.040766
2.01250,3,3.9262,0.006157,0.514095,0.010221,3.559750,2.502889,68,3774.00,0.040768
2.01667,0,3.9389,0.006519,0.514178,0.009196,3.563016,2.512546,63,3044.69,0.029727
2.01667,1,3.9389,0.006622,0.514178,0.009296,3.571858,2.513017,63,3043.19,0.029728
2.01667,2,3.9389,0.006157,0.514095,0.010225,3.567717,2.511831,68,3775.36,0.040776
2.01667,3,3.9389,0.006157,0.514094,0.010222,3.569358,2.511534,68,3773.44,0.040777
2.02083,0,3.9516,0.006584,0.514179,0.009259,3.590999,2.520914,63,3040.55,0.029725
2.02083,1,3.9516,0.006642,0.514179,0.009316,3.575874,2.520901,63,3042.18,0.029726
2.02083,2,3.9516,0.006158,0.514094,0.010227,3.574898,2.519445,68,3777.54,0.040786
2.02083,3,3.9516,0.006157,0.514094,0.010224,3.593857,2.519772,68,3776.24,0.040787
2.02500,0,3.9644,0.006562,0.514178,0.009237,3.615704,2.528579,63,3042.81,0.029723
2.02500,1,3.9644,0.006691,0.514179,0.009364,3.591718,2.529148,63,3041.78,0.029723
2.02500,2,3.9644,0.006159,0.514095,0.010229,3.593724,2.527765,68,3776.08,0.040795
2.02500,3,3.9644,0.006159,0.514094,0.010226,3.586756,2.527813,68,3775.83,0.040796
2.02917,0,3.9772,0.006598,0.514179,0.009272,3.598732,2.537120,63,3039.45,0.029720
2.02917,1,3.9772,0.006596,0.514178,0.009269,3.608331,2.536823,63,3043.49,0.029722
2.02917,2,3.9772,0.006159,0.514094,0.010229,3.605101,2.535926,68,3774.90,0.040804
2.02917,3,3.9772,0.006159,0.514094,0.010227,3.601363,2.535628,68,3776.66,0.040806
2.03333,0,3.9900,0.006594,0.514178,0.009268,3.631686,2.545455,63,3044.59,0.029719
2.03333,1,3.9900,0.006641,0.514178,0.009312,3.629370,2.545390,63,3041.82,0.029720
2.03333,2,3.9900,0.006159,0.514094,0.010232,3.609899,2.543534,68,3778.83,0.040814
2.03333,3,3.9900,0.006160,0.514094,0.010229,3.609834,2.544062,68,3777.33,0.040815
2.03750,0,4.0029,0.006636,0.514178,0.009308,3.638407,2.553447,63,3041.26,0.029717
2.03750,1,4.0029,0.006649,0.514178,0.009318,3.630854,2.553441,63,3040.04,0.029717
2.03750,2,4.0029,0.006161,0.514093,0.010235,3.628126,2.552456,68,3779.42,0.040824
2.03750,3,4.0029,0.006160,0.514094,0.010231,3.621132,2.551718,68,3777.79,0.040825
2.04167,0,4.0157,0.006525,0.514178,0.009195,3.663830,2.561981,63,3040.56,0.029714
2.04167,1,4.0157,0.006575,0.514178,0.009243,3.632487,2.562008,63,3039.15,0.029713
2.04167,2,4.0157,0.006160,0.514093,0.010235,3.632867,2.560087,68,3781.43,0.040835
2.04167,3,4.0157,0.006160,0.514094,0.010233,3.635241,2.560791,68,3777.89,0.040835
2.04583,0,4.0286,0.006647,0.514179,0.009315,3.647926,2.569539,63,3034.71,0.029709
2.04583,1,4.0286,0.006593,0.514178,0.009260,3.646339,2.569793,63,3039.33,0.029709
2.04583,2,4.0286,0.006161,0.514094,0.010236,3.651534,2.568995,68,3781.00,0.040846
2.04583,3,4.0286,0.006161,0.514093,0.010235,3.644701,2.568343,68,3779.81,0.040846
2.05000,0,4.0416,0.006580,0.514178,0.009248,3.665171,2.579260,63,3039.85,0.029705
2.05000,1,4.0416,0.006632,0.514178,0.009299,3.655708,2.577990,63,3038.79,0.029704
2.05000,2,4.0416,0.006162,0.514093,0.010237,3.656473,2.576645,68,3779.16,0.040856
2.05000,3,4.0416,0.006162,0.514093,0.010237,3.664111,2.576973,68,3778.09,0.040855
2.05417,0,4.0545,0.006611,0.514178,0.009277,3.669587,2.586802,63,3035.96,0.029699
2.05417,1,4.0545,0.006658,0.514179,0.009324,3.667876,2.586396,63,3038.45,0.029700
2.05417,2,4.0545,0.006163,0.514093,0.010239,3.671260,2.584659,68,3781.12,0.040866
2.05417,3,4.0545,0.006162,0.514093,0.010239,3.679411,2.584905,68,3783.30,0.040867
2.05833,0,4.0675,0.006642,0.514178,0.009308,3.687523,2.595179,63,3040.35,0.029695
2.05833,1,4.0675,0.006680,0.514178,0.009345,3.681399,2.594709,63,3038.64,0.029695
2.05833,2,4.0675,0.006163,0.514093,0.010240,3.686283,2.593545,68,3780.94,0.040876
2.05833,3,4.0675,0.006163,0.514093,0.010240,3.680405,2.593478,68,3780.45,0.040877
2.06250,0,4.0805,0.006650,0.514178,0.009313,3.691739,2.603296,63,3032.49,0.029689
2.06250,1,4.0805,0.006651,0.514178,0.009315,3.690898,2.602507,63,3036.39,0.029690
2.06250,2,4.0805,0.006164,0.514093,0.010243,3.692073,2.600914,68,3782.19,0.040886
2.06250,3,4.0805,0.006163,0.514092,0.010242,3.696562,2.601715,68,3781.59,0.040887
2.06667,0,4.0935,0.006630,0.514178,0.009294,3.714112,2.611245,63,3035.26,0.029682
2.06667,1,4.0935,0.006597,0.514178,0.009260,3.703846,2.611273,63,3038.23,0.029685
2.06667,2,4.0935,0.006163,0.514093,0.010245,3.708288,2.610386,68,3781.82,0.040896
2.06667,3,4.0935,0.006164,0.514093,0.010244,3.710092,2.609935,68,3782.69,0.040898
2.07083,0,4.1065,0.006626,0.514178,0.009290,3.714329,2.619854,63,3038.32,0.029678
2.07083,1,4.1065,0.006535,0.514177,0.009197,3.723166,2.619551,63,3036.48,0.029679
2.07083,2,4.1065,0.006164,0.514092,0.010248,3.715567,2.618109,68,3782.47,0.040906
2.07083,3,4.1065,0.006165,0.514092,0.010247,3.715751,2.617871,68,3783.21,0.040908
2.07500,0,4.1196,0.006593,0.514178,0.009254,3.749503,2.628263,63,3034.13,0.029672
2.07500,1,4.1196,0.006621,0.514177,0.009280,3.727220,2.627442,63,3034.05,0.029673
2.07500,2,4.1196,0.006165,0.514091,0.010252,3.727043,2.625887,68,3786.62,0.040918
2.07500,3,4.1196,0.006165,0.514092,0.010249,3.729127,2.626240,68,3784.90,0.040920
2.07917,0,4.1326,0.006674,0.514177,0.009334,3.763815,2.636130,63,3033.83,0.029665
2.07917,1,4.1326,0.006646,0.514177,0.009304,3.758351,2.636167,63,3029.78,0.029664
2.07917,2,4.1326,0.006166,0.514092,0.010253,3.739945,2.635401,68,3786.43,0.040929
2.07917,3,4.1326,0.006166,0.514091,0.010250,3.745445,2.635000,68,3784.09,0.040931
2.08333,0,4.1458,0.006604,0.514177,0.009263,3.759532,2.644585,63,3032.67,0.029658
2.08333,1,4.1458,0.006673,0.514177,0.009332,3.750725,2.644002,63,3037.78,0.029658
2.08333,2,4.1458,0.006166,0.514091,0.010254,3.750950,2.642676,68,3786.41,0.040941
2.08333,3,4.1458,0.006166,0.514091,0.010252,3.750701,2.643208,69,3785.96,0.040942
2.08750,0,4.1589,0.006649,0.514178,0.009307,3.774497,2.652239,63,3031.52,0.029650
2.08750,1,4.1589,0.006718,0.514178,0.009375,3.762870,2.652995,63,3030.63,0.029650
2.08750,2,4.1589,0.006167,0.514091,0.010256,3.763005,2.650985,68,3787.20,0.040953
2.08750,3,4.1589,0.006167,0.514092,0.010255,3.762450,2.650814,68,3784.67,0.040953
2.09167,0,4.1720,0.006753,0.514178,0.009410,3.776923,2.661438,63,3032.84,0.029643
2.09167,1,4.1720,0.006597,0.514177,0.009255,3.787650,2.661705,63,3033.19,0.029643
2.09167,2,4.1720,0.006167,0.514091,0.010258,3.784056,2.660387,69,3790.22,0.040965
2.09167,3,4.1720,0.006167,0.514090,0.010257,3.780159,2.660326,68,3787.10,0.040964
2.09583,0,4.1852,0.006757,0.514177,0.009412,3.785007,2.669774,63,3031.14,0.029635
2.09583,1,4.1852,0.006614,0.514177,0.009270,3.787344,2.669437,63,3030.18,0.029634
2.09583,2,4.1852,0.006168,0.514091,0.010259,3.786355,2.668434,68,3787.71,0.040977
2.09583,3,4.1852,0.006168,0.514091,0.010260,3.787033,2.667913,68,3789.36,0.040977
2.10000,0,4.1984,0.006628,0.514178,0.009282,3.798585,2.678508,63,3025.91,0.029625
2.10000,1,4.1984,0.006665,0.514178,0.009321,3.799579,2.678426,63,3031.74,0.029626
2.10000,2,4.1984,0.006169,0.514090,0.010261,3.798901,2.676193,68,3788.58,0.040988
2.10000,3,4.1984,0.006168,0.514090,0.010261,3.809507,2.676609,68,3788.51,0.040989
2.10417,0,4.2116,0.006663,0.514177,0.009319,3.809967,2.686674,63,3030.64,0.029617
2.10417,1,4.2116,0.006664,0.514177,0.009320,3.810199,2.686008,63,3031.61,0.029618
2.10417,2,4.2116,0.006169,0.514090,0.010263,3.822641,2.685181,69,3790.12,0.041000
2.10417,3,4.2116,0.006169,0.514090,0.010263,3.810545,2.684605,69,3789.99,0.041001
2.10833,0,4.2249,0.006578,0.514177,0.009233,3.822810,2.694449,63,3028.14,0.029608
2.10833,1,4.2249,0.006706,0.514177,0.009360,3.822566,2.695195,63,3032.53,0.029611
2.10833,2,4.2249,0.006170,0.514090,0.010265,3.822554,2.693174,68,3789.99,0.041012
2.10833,3,4.2249,0.006170,0.514091,0.010264,3.829896,2.693775,69,3790.27,0.041013
2.11250,0,4.2381,0.006636,0.514176,0.009290,3.850368,2.704128,63,3030.20,0.029601
2.11250,1,4.2381,0.006544,0.514176,0.009196,3.846516,2.704047,63,3029.42,0.029603
2.11250,2,4.2381,0.006170,0.514090,0.010268,3.834538,2.701649,69,3791.29,0.041024
2.11250,3,4.2381,0.006171,0.514090,0.010266,3.834749,2.702071,68,3791.44,0.041026
2.11667,0,4.2514,0.006678,0.514177,0.009331,3.855637,2.710873,63,3029.34,0.029593
2.11667,1,4.2514,0.006615,0.514176,0.009265,3.879949,2.711266,63,3027.71,0.029595
2.11667,2,4.2514,0.006171,0.514090,0.010270,3.849290,2.710703,69,3791.80,0.041036
2.11667,3,4.2514,0.006171,0.514090,0.010268,3.852338,2.709631,69,3789.76,0.041037
2.12083,0,4.2647,0.006602,0.514176,0.009253,3.867418,2.720603,63,3031.69,0.029587
2.12083,1,4.2647,0.006558,0.514176,0.009207,3.873203,2.720442,63,3026.86,0.029586
2.12083,2,4.2647,0.006172,0.514089,0.010274,3.860614,2.718975,69,3794.25,0.041048
2.12083,3,4.2647,0.006171,0.514089,0.010270,3.863419,2.719307,69,3792.71,0.041049
2.12500,0,4.2780,0.006627,0.514177,0.009275,3.873165,2.728468,63,3024.80,0.029578
2.12500,1,4.2780,0.006600,0.514176,0.009248,3.873097,2.728540,63,3024.56,0.029576
2.12500,2,4.2780,0.006172,0.514089,0.010275,3.870212,2.727221,69,3794.75,0.041061
2.12500,3,4.2780,0.006172,0.514090,0.010273,3.870347,2.726764,69,3792.67,0.041062
2.12917,0,4.2914,0.006654,0.514177,0.009300,3.908295,2.736974,63,3024.12,0.029568
2.12917,1,4.2914,0.006601,0.514175,0.009249,3.901692,2.737436,63,3026.48,0.029566
2.12917,2,4.2914,0.006173,0.514089,0.010277,3.885347,2.735513,69,3795.15,0.041074
2.12917,3,4.2914,0.006173,0.514090,0.010275,3.885250,2.735844,69,3793.90,0.041074
2.13333,0,4.3048,0.006635,0.514176,0.009281,3.922424,2.746140,63,3027.43,0.029559
2.13333,1,4.3048,0.006666,0.514176,0.009314,3.913388,2.745674,63,3023.84,0.029556
2.13333,2,4.3048,0.006173,0.514089,0.010278,3.893714,2.744730,69,3795.76,0.041087
2.13333,3,4.3048,0.006173,0.514089,0.010277,3.901823,2.744236,69,3795.14,0.041087
2.13750,0,4.3182,0.006616,0.514176,0.009261,3.910785,2.754121,63,3023.86,0.029549
2.13750,1,4.3182,0.006577,0.514175,0.009226,3.926726,2.753965,63,3028.56,0.029548
2.13750,2,4.3182,0.006174,0.514089,0.010280,3.907396,2.752331,69,3795.61,0.041100
2.13750,3,4.3182,0.006174,0.514089,0.010280,3.909617,2.753185,69,3796.04,0.041100
2.14167,0,4.3316,0.006628,0.514177,0.009272,3.936643,2.763738,63,3023.80,0.029540
2.14167,1,4.3316,0.006614,0.514176,0.009260,3.941305,2.762540,63,3021.18,0.029537
2.14167,2,4.3316,0.006175,0.514088,0.010283,3.922399,2.761120,68,3796.90,0.041112
2.14167,3,4.3316,0.006174,0.514088,0.010282,3.918918,2.761549,68,3796.97,0.041114
2.14583,0,4.3451,0.006636,0.514176,0.009279,3.950818,2.770748,63,3018.35,0.029528
2.14583,1,4.3451,0.006652,0.514176,0.009299,3.959368,2.771143,63,3025.04,0.029527
2.14583,2,4.3451,0.006175,0.514088,0.010284,3.936401,2.769760,69,3797.66,0.041125
2.14583,3,4.3451,0.006176,0.514088,0.010284,3.942919,2.769779,69,3798.57,0.041128
2.15000,0,4.3585,0.006595,0.514176,0.009240,3.942525,2.779643,63,3025.44,0.029518
2.15000,1,4.3585,0.006694,0.514175,0.009341,3.956041,2.779084,63,3029.75,0.029520
2.15000,2,4.3585,0.006175,0.514087,0.010286,3.949353,2.778894,69,3797.85,0.041138
2.15000,3,4.3585,0.006175,0.514087,0.010285,3.944342,2.777993,69,3797.15,0.041140
2.15417,0,4.3720,0.006634,0.514176,0.009279,3.954233,2.788742,63,3022.04,0.029509
2.15417,1,4.3720,0.006692,0.514176,0.009335,3.984106,2.788445,63,3025.12,0.029513
2.15417,2,4.3720,0.006176,0.514087,0.010290,3.954587,2.786700,69,3799.97,0.041151
2.15417,3,4.3720,0.006176,0.514088,0.010287,3.965771,2.787573,69,3799.29,0.041154
2.15833,0,4.3855,0.006677,0.514176,0.009321,3.968381,2.797089,63,3019.73,0.029499
2.15833,1,4.3855,0.006702,0.514176,0.009342,4.003778,2.796184,63,3023.26,0.029504
2.15833,2,4.3855,0.006177,0.514086,0.010291,3.972737,2.795684,69,3801.28,0.041165
2.15833,3,4.3855,0.006177,0.514087,0.010289,3.967759,2.795452,69,3797.66,0.041166
2.16250,0,4.3991,0.006682,0.514176,0.009324,3.986455,2.805109,63,3022.91,0.029491
2.16250,1,4.3991,0.006630,0.514176,0.009268,4.025717,2.806011,63,3022.69,0.029495
2.16250,2,4.3991,0.006177,0.514087,0.010293,3.991852,2.804555,69,3801.61,0.041179
2.16250,3,4.3991,0.006177,0.514087,0.010291,3.981540,2.803879,69,3799.44,0.041179
2.16667,0,4.4127,0.006697,0.514175,0.009339,3.991976,2.814279,63,3021.99,0.029482
2.16667,1,4.4127,0.006706,0.514176,0.009342,4.008285,2.813910,63,3022.35,0.029486
2.16667,2,4.4127,0.006178,0.514086,0.010296,3.991987,2.812670,69,3802.65,0.041193
2.16667,3,4.4127,0.006178,0.514087,0.010294,4.001729,2.813315,69,3798.92,0.041192
2.17083,0,4.4262,0.006663,0.514176,0.009302,4.025801,2.823293,63,3020.40,0.029474
2.17083,1,4.4262,0.006652,0.514176,0.009285,4.034034,2.822509,63,3020.47,0.029476
2.17083,2,4.4262,0.006178,0.514086,0.010298,4.010886,2.821495,69,3804.22,0.041207
2.17083,3,4.4262,0.006178,0.514087,0.010296,4.004118,2.821582,69,3804.88,0.041206
2.17500,0,4.4399,0.006636,0.514176,0.009274,4.050723,2.831162,63,3018.68,0.029464
2.17500,1,4.4399,0.006658,0.514175,0.009290,4.036166,2.831728,63,3018.76,0.029466
2.17500,2,4.4399,0.006179,0.514086,0.010300,4.021979,2.830247,69,3803.66,0.041221
2.17500,3,4.4399,0.006179,0.514086,0.010297,4.021205,2.829952,69,3800.93,0.041220
2.17917,0,4.4535,0.006689,0.514176,0.009326,4.044796,2.840354,63,3019.66,0.029455
2.17917,1,4.4535,0.006666,0.514176,0.009298,4.049547,2.839062,63,3016.41,0.029454
2.17917,2,4.4535,0.006179,0.514086,0.010302,4.029642,2.838948,69,3804.72,0.041234
2.17917,3,4.4535,0.006180,0.514086,0.010300,4.032754,2.838471,69,3803.93,0.041234
2.18333,0,4.4672,0.006693,0.514176,0.009328,4.044250,2.848759,63,3015.48,0.029443
2.18333,1,4.4672,0.006697,0.514175,0.009329,4.068676,2.848485,63,3018.38,0.029443
2.18333,2,4.4672,0.006180,0.514086,0.010304,4.048526,2.847669,69,3805.16,0.041248
2.18333,3,4.4672,0.006180,0.514086,0.010302,4.057290,2.848034,69,3802.08,0.041247
2.18750,0,4.4809,0.006700,0.514176,0.009336,4.057814,2.857810,63,3018.43,0.029433
2.18750,1,4.4809,0.006685,0.514176,0.009318,4.073549,2.858127,63,3020.02,0.029434
2.18750,2,4.4809,0.006181,0.514085,0.010307,4.065067,2.856623,69,3805.39,0.041261
2.18750,3,4.4809,0.006180,0.514085,0.010304,4.052774,2.855413,69,3807.65,0.041261
2.19167,0,4.4946,0.006666,0.514176,0.009302,4.096547,2.866473,63,3014.63,0.029422
2.19167,1,4.4946,0.006729,0.514175,0.009360,4.069673,2.865864,63,3019.40,0.029424
2.19167,2,4.4946,0.006181,0.514085,0.010309,4.066944,2.864275,69,3807.51,0.041276
2.19167,3,4.4946,0.006182,0.514086,0.010306,4.067404,2.865288,69,3805.24,0.041275
2.19583,0,4.5083,0.006600,0.514175,0.009236,4.114028,2.874875,63,3019.81,0.029414
2.19583,1,4.5083,0.006630,0.514175,0.009261,4.124321,2.874838,63,3018.57,0.029415
2.19583,2,4.5083,0.006182,0.514085,0.010311,4.079951,2.873451,69,3806.47,0.041289
2.19583,3,4.5083,0.006182,0.514085,0.010308,4.091958,2.874072,69,3803.89,0.041288
2.20000,0,4.5221,0.006650,0.514175,0.009284,4.122709,2.883700,63,3013.57,0.029403
2.20000,1,4.5221,0.006631,0.514175,0.009259,4.135610,2.883324,63,3015.35,0.029405
2.20000,2,4.5221,0.006182,0.514085,0.010314,4.091455,2.882941,69,3808.80,0.041303
2.20000,3,4.5221,0.006182,0.514085,0.010311,4.091447,2.881505,69,3809.19,0.041302
2.20417,0,4.5358,0.006723,0.514175,0.009357,4.127865,2.892525,63,3014.91,0.029393
2.20417,1,4.5358,0.006666,0.514175,0.009293,4.139952,2.891476,63,3015.85,0.029395
2.20417,2,4.5358,0.006183,0.514085,0.010316,4.112247,2.891469,69,3811.43,0.041318
2.20417,3,4.5358,0.006183,0.514085,0.010313,4.123922,2.891875,69,3808.16,0.041317
2.20833,0,4.5497,0.006641,0.514175,0.009275,4.116076,2.901334,63,3016.69,0.029384
2.20833,1,4.5497,0.006654,0.514176,0.009282,4.115109,2.901722,63,3016.49,0.029385
2.20833,2,4.5497,0.006183,0.514085,0.010318,4.115236,2.899371,69,3810.03,0.041332
2.20833,3,4.5497,0.006184,0.514085,0.010315,4.118354,2.899809,69,3810.21,0.041332
2.21250,0,4.5635,0.006650,0.514175,0.009282,4.147012,2.909879,63,3016.15,0.029375
2.21250,1,4.5635,0.006676,0.514175,0.009302,4.161345,2.909925,63,3013.20,0.029375
2.21250,2,4.5635,0.006184,0.514084,0.010320,4.140126,2.908960,69,3810.82,0.041346
2.21250,3,4.5635,0.006184,0.514085,0.010316,4.134207,2.908988,69,3809.23,0.041346
2.21667,0,4.5774,0.006625,0.514176,0.009255,4.145271,2.919002,63,3011.09,0.029365
2.21667,1,4.5774,0.006673,0.514175,0.009300,4.155716,2.918632,63,3018.35,0.029366
2.21667,2,4.5774,0.006185,0.514084,0.010323,4.147153,2.917692,69,3812.17,0.041361
2.21667,3,4.5774,0.006185,0.514084,0.010318,4.141457,2.917330,69,3810.36,0.041360
2.22083,0,4.5912,0.006670,0.514175,0.009301,4.180492,2.928184,63,3013.67,0.029355
2.22083,1,4.5912,0.006706,0.514175,0.009330,4.182115,2.926982,63,3013.68,0.029357
2.22083,2,4.5912,0.006186,0.514084,0.010325,4.154182,2.926464,69,3812.81,0.041375
2.22083,3,4.5912,0.006185,0.514084,0.010320,4.152644,2.925730,69,3811.80,0.041374
2.22500,0,4.6051,0.006663,0.514175,0.009293,4.177552,2.936240,63,3013.52,0.029346
2.22500,1,4.6051,0.006701,0.514175,0.009324,4.174570,2.935972,63,3012.75,0.029347
2.22500,2,4.6051,0.006185,0.514084,0.010326,4.167065,2.935410,69,3817.32,0.041391
2.22500,3,4.6051,0.006186,0.514085,0.010323,4.170927,2.935786,69,3811.39,0.041389
2.22917,0,4.6191,0.006678,0.514175,0.009307,4.190066,2.945323,63,3012.26,0.029336
2.22917,1,4.6191,0.006695,0.514175,0.009318,4.195738,2.945440,63,3011.35,0.029336
2.22917,2,4.6191,0.006186,0.514083,0.010327,4.192106,2.943687,69,3813.58,0.041406
2.22917,3,4.6191,0.006187,0.514083,0.010325,4.178617,2.943172,69,3812.37,0.041403
2.23333,0,4.6330,0.006701,0.514175,0.009329,4.191284,2.953938,63,3011.54,0.029326
2.23333,1,4.6330,0.006657,0.514176,0.009281,4.214518,2.955452,63,3010.85,0.029325
2.23333,2,4.6330,0.006188,0.514084,0.010330,4.199937,2.953312,69,3812.28,0.041419
2.23333,3,4.6330,0.006188,0.514084,0.010328,4.203664,2.953321,69,3812.89,0.041417
2.23750,0,4.6470,0.006710,0.514175,0.009338,4.218699,2.962919,63,3012.48,0.029317
2.23750,1,4.6470,0.006695,0.514175,0.009320,4.225337,2.962415,63,3009.92,0.029315
2.23750,2,4.6470,0.006188,0.514083,0.010333,4.208477,2.962048,69,3816.72,0.041433
2.23750,3,4.6470,0.006187,0.514083,0.010330,4.210948,2.961741,69,3815.28,0.041431
2.24167,0,4.6610,0.006701,0.514175,0.009329,4.223601,2.972857,63,3012.46,0.029308
2.24167,1,4.6610,0.006664,0.514175,0.009290,4.249492,2.971732,63,3012.14,0.029305
2.24167,2,4.6610,0.006189,0.514082,0.010336,4.219017,2.970009,69,3817.57,0.041448
2.24167,3,4.6610,0.006189,0.514082,0.010333,4.215957,2.970156,69,3813.94,0.041445
2.24583,0,4.6750,0.006667,0.514174,0.009293,4.230499,2.980375,63,3010.63,0.029299
2.24583,1,4.6750,0.006737,0.514175,0.009363,4.235211,2.981049,63,3011.84,0.029296
2.24583,2,4.6750,0.006189,0.514083,0.010337,4.233406,2.980653,69,3818.98,0.041463
2.24583,3,4.6750,0.006190,0.514083,0.010337,4.239044,2.979769,69,3818.08,0.041461
2.25000,0,4.6891,0.006710,0.514175,0.009335,4.266579,2.989775,63,3010.44,0.029290
2.25000,1,4.6891,0.006724,0.514174,0.009350,4.265269,2.988925,63,3012.14,0.029288
2.25000,2,4.6891,0.006190,0.514083,0.010339,4.242319,2.987817,69,3817.55,0.041477
2.25000,3,4.6891,0.006190,0.514083,0.010339,4.256008,2.989284,69,3819.34,0.041477
2.25417,0,4.7032,0.006651,0.514175,0.009276,4.279503,2.998955,63,3013.77,0.029282
2.25417,1,4.7032,0.006750,0.514174,0.009375,4.303849,2.999329,63,3012.24,0.029280
2.25417,2,4.7032,0.006190,0.514083,0.010340,4.259584,2.997863,69,3818.32,0.041492
2.25417,3,4.7032,0.006191,0.514083,0.010340,4.254869,2.996753,69,3819.21,0.041492
2.25833,0,4.7173,0.006704,0.514174,0.009325,4.300477,3.007220,63,3005.68,0.029273
2.25833,1,4.7173,0.006719,0.514174,0.009342,4.283506,3.006345,63,3011.61,0.029273
2.25833,2,4.7173,0.006191,0.514083,0.010343,4.272721,3.006365,70,3821.93,0.041507
2.25833,3,4.7173,0.006191,0.514083,0.010341,4.282681,3.006859,69,3820.38,0.041508
2.26250,0,4.7314,0.006699,0.514175,0.009320,4.298933,3.016256,63,3010.06,0.029264
2.26250,1,4.7314,0.006750,0.514175,0.009371,4.314714,3.017244,63,3010.19,0.029264
2.26250,2,4.7314,0.006192,0.514083,0.010344,4.300324,3.015877,69,3819.58,0.041522
2.26250,3,4.7314,0.006192,0.514082,0.010343,4.297215,3.014950,69,3820.49,0.041523
2.26667,0,4.7456,0.006691,0.514175,0.009311,4.308330,3.025841,63,3006.92,0.029255
2.26667,1,4.7456,0.006693,0.514175,0.009313,4.296158,3.025786,63,3009.58,0.029256
2.26667,2,4.7456,0.006192,0.514082,0.010346,4.300208,3.024725,69,3819.64,0.041536
2.26667,3,4.7456,0.006193,0.514083,0.010346,4.294531,3.024453,70,3819.08,0.041538
2.27083,0,4.7598,0.006677,0.514175,0.009296,4.315293,3.034407,63,3008.10,0.029246
2.27083,1,4.7598,0.006720,0.514175,0.009339,4.372668,3.034720,63,3007.76,0.029247
2.27083,2,4.7598,0.006193,0.514082,0.010350,4.313872,3.033116,70,3822.67,0.041550
2.27083,3,4.7598,0.006192,0.514082,0.010347,4.305555,3.033601,70,3819.29,0.041551
2.27500,0,4.7740,0.006729,0.514175,0.009348,4.334712,3.043810,63,3006.76,0.029237
2.27500,1,4.7740,0.006696,0.514175,0.009314,4.351548,3.043918,63,3006.61,0.029237
2.27500,2,4.7740,0.006193,0.514082,0.010351,4.321233,3.043165,70,3820.51,0.041564
2.27500,3,4.7740,0.006194,0.514082,0.010352,4.319880,3.042229,69,3822.71,0.041565
2.27917,0,4.7882,0.006731,0.514175,0.009350,4.353783,3.052469,63,3008.05,0.029228
2.27917,1,4.7882,0.006745,0.514175,0.009364,4.387468,3.052884,63,3007.79,0.029228
2.27917,2,4.7882,0.006194,0.514081,0.010355,4.331307,3.050939,69,3826.46,0.041579
2.27917,3,4.7882,0.006194,0.514082,0.010355,4.332075,3.051581,69,3824.64,0.041581
2.28333,0,4.8025,0.006751,0.514175,0.009369,4.355362,3.061896,63,3006.51,0.029219
2.28333,1,4.8025,0.006738,0.514175,0.009357,4.366803,3.062191,63,3007.07,0.029219
2.28333,2,4.8025,0.006194,0.514082,0.010357,4.345313,3.060777,70,3823.58,0.041594
2.28333,3,4.8025,0.006194,0.514081,0.010356,4.344116,3.059850,70,3825.90,0.041597
2.28750,0,4.8167,0.006677,0.514175,0.009294,4.375003,3.070850,63,3006.19,0.029211
2.28750,1,4.8167,0.006719,0.514175,0.009338,4.382368,3.070212,63,3003.63,0.029209
2.28750,2,4.8167,0.006196,0.514081,0.010360,4.373165,3.069638,70,3827.53,0.041610
2.28750,3,4.8167,0.006196,0.514081,0.010358,4.371430,3.069462,70,3824.44,0.041612
2.29167,0,4.8311,0.006691,0.514175,0.009308,4.383392,3.080237,63,3004.99,0.029201
2.29167,1,4.8311,0.006714,0.514174,0.009333,4.369981,3.079844,63,3007.80,0.029200
2.29167,2,4.8311,0.006196,0.514081,0.010362,4.383492,3.078384,69,3826.54,0.041625
2.29167,3,4.8311,0.006196,0.514081,0.010361,4.392004,3.079544,69,3826.55,0.041628
2.29583,0,4.8454,0.006717,0.514175,0.009333,4.394739,3.089297,63,3004.11,0.029192
2.29583,1,4.8454,0.006764,0.514174,0.009383,4.386520,3.088643,63,3006.41,0.029192
2.29583,2,4.8454,0.006196,0.514081,0.010363,4.382550,3.088003,70,3828.70,0.041641
2.29583,3,4.8454,0.006197,0.514082,0.010362,4.383785,3.087563,70,3824.78,0.041642
2.30000,0,4.8597,0.006655,0.514175,0.009272,4.420798,3.098159,63,3002.58,0.029182
2.30000,1,4.8597,0.006777,0.514175,0.009396,4.427825,3.098478,63,3005.37,0.029183
2.30000,2,4.8597,0.006197,0.514081,0.010365,4.413339,3.097560,70,3827.07,0.041656
2.30000,3,4.8597,0.006197,0.514081,0.010365,4.396302,3.096961,69,3829.16,0.041658
2.30417,0,4.8741,0.006677,0.514174,0.009295,4.437716,3.107204,63,3002.42,0.029173
2.30417,1,4.8741,0.006700,0.514174,0.009319,4.447957,3.107133,63,3005.46,0.029174
2.30417,2,4.8741,0.006198,0.514080,0.010368,4.410356,3.105324,70,3828.72,0.041671
2.30417,3,4.8741,0.006198,0.514080,0.010368,4.410367,3.106041,70,3831.83,0.041675
2.30833,0,4.8886,0.006702,0.514174,0.009321,4.423929,3.116743,63,3006.16,0.029165
2.30833,1,4.8886,0.006737,0.514173,0.009356,4.457945,3.117143,63,3007.74,0.029167
2.30833,2,4.8886,0.006199,0.514080,0.010371,4.437821,3.115267,69,3832.92,0.041687
2.30833,3,4.8886,0.006199,0.514080,0.010369,4.433345,3.115196,70,3829.80,0.041691
2.31250,0,4.9030,0.006653,0.514173,0.009272,4.451730,3.125735,63,3005.08,0.029158
2.31250,1,4.9030,0.006661,0.514173,0.009278,4.474997,3.124864,63,3002.12,0.029159
2.31250,2,4.9030,0.006199,0.514079,0.010372,4.450331,3.124475,70,3829.52,0.041703
2.31250,3,4.9030,0.006199,0.514080,0.010369,4.441791,3.123872,70,3830.14,0.041706
2.31667,0,4.9175,0.006718,0.514173,0.009335,4.465731,3.134651,63,3005.34,0.029151
2.31667,1,4.9175,0.006717,0.514173,0.009333,4.500714,3.134762,63,3000.58,0.029149
2.31667,2,4.9175,0.006199,0.514079,0.010374,4.466626,3.134103,70,3831.14,0.041718
2.31667,3,4.9175,0.006200,0.514079,0.010371,4.457928,3.134010,69,3829.42,0.041721
2.32083,0,4.9319,0.006705,0.514173,0.009321,4.499125,3.143874,63,3000.19,0.029142
2.32083,1,4.9319,0.006664,0.514173,0.009281,4.497838,3.145123,63,3003.57,0.029141
2.32083,2,4.9319,0.006201,0.514079,0.010378,4.462641,3.143164,69,3831.39,0.041733
2.32083,3,4.9319,0.006200,0.514079,0.010374,4.462542,3.142480,70,3830.08,0.041735
2.32500,0,4.9464,0.006725,0.514173,0.009341,4.506930,3.152425,63,3006.67,0.029135
2.32500,1,4.9464,0.006749,0.514173,0.009366,4.475132,3.153473,63,3001.33,0.029132
2.32500,2,4.9464,0.006201,0.514078,0.010379,4.479571,3.151238,70,3833.43,0.041748
2.32500,3,4.9464,0.006201,0.514079,0.010377,4.488826,3.151527,70,3835.41,0.041751
2.32917,0,4.9610,0.006745,0.514173,0.009359,4.496756,3.162914,63,2999.56,0.029126
2.32917,1,4.9610,0.006797,0.514172,0.009414,4.496096,3.162550,63,3006.00,0.029125
2.32917,2,4.9610,0.006201,0.514078,0.010382,4.501831,3.162050,70,3834.06,0.041763
2.32917,3,4.9610,0.006201,0.514078,0.010379,4.497190,3.162072,70,3833.56,0.041767
2.33333,0,4.9756,0.006677,0.514172,0.009291,4.503505,3.171908,63,3002.92,0.029119
2.33333,1,4.9756,0.006762,0.514173,0.009378,4.505031,3.171582,63,3002.37,0.029118
2.33333,2,4.9756,0.006202,0.514077,0.010386,4.519034,3.169762,70,3836.28,0.041779
2.33333,3,4.9756,0.006202,0.514078,0.010382,4.500734,3.169894,70,3832.69,0.041782
2.33750,0,4.9901,0.006752,0.514172,0.009365,4.535219,3.180176,63,3000.33,0.029111
2.33750,1,4.9901,0.006676,0.514173,0.009291,4.533668,3.181279,63,3004.04,0.029111
2.33750,2,4.9901,0.006203,0.514078,0.010388,4.515460,3.180343,70,3834.86,0.041794
2.33750,3,4.9901,0.006202,0.514078,0.010384,4.521614,3.179366,70,3836.33,0.041797
2.34167,0,5.0048,0.006742,0.514172,0.009355,4.527132,3.190029,63,3000.32,0.029103
2.34167,1,5.0048,0.006725,0.514173,0.009338,4.561919,3.190351,63,2999.39,0.029103
2.34167,2,5.0048,0.006203,0.514077,0.010390,4.532815,3.189406,70,3839.08,0.041811
2.34167,3,5.0048,0.006204,0.514077,0.010387,4.536614,3.189147,70,3837.03,0.041813
2.34583,0,5.0194,0.006723,0.514173,0.009336,4.559517,3.199579,63,3001.47,0.029095
2.34583,1,5.0194,0.006719,0.514172,0.009331,4.540883,3.198455,63,3000.87,0.029095
2.34583,2,5.0194,0.006204,0.514077,0.010392,4.541413,3.198532,70,3839.24,0.041827
2.34583,3,5.0194,0.006204,0.514077,0.010388,4.545192,3.198711,69,3835.87,0.041829
2.35000,0,5.0341,0.006702,0.514172,0.009314,4.566883,3.208099,63,2999.71,0.029087
2.35000,1,5.0341,0.006736,0.514172,0.009348,4.562365,3.209425,63,3002.35,0.029088
2.35000,2,5.0341,0.006204,0.514077,0.010393,4.554374,3.207355,70,3839.26,0.041843
2.35000,3,5.0341,0.006204,0.514077,0.010391,4.554566,3.207106,70,3840.01,0.041846
2.35417,0,5.0488,0.006707,0.514172,0.009319,4.588266,3.219073,63,2998.78,0.029079
2.35417,1,5.0488,0.006783,0.514173,0.009394,4.586915,3.216938,63,3000.77,0.029080
2.35417,2,5.0488,0.006205,0.514077,0.010396,4.580007,3.216621,70,3838.95,0.041859
2.35417,3,5.0488,0.006205,0.514076,0.010393,4.589320,3.216989,70,3837.24,0.041861
2.35833,0,5.0635,0.006782,0.514172,0.009394,4.583176,3.226602,63,2998.71,0.029072
2.35833,1,5.0635,0.006762,0.514173,0.009372,4.616612,3.227163,63,2997.05,0.029072
2.35833,2,5.0635,0.006205,0.514076,0.010397,4.593111,3.226318,70,3839.16,0.041874
2.35833,3,5.0635,0.006205,0.514077,0.010395,4.581237,3.225975,70,3839.55,0.041876
2.36250,0,5.0783,0.006751,0.514172,0.009363,4.595145,3.236883,63,3000.21,0.029064
2.36250,1,5.0783,0.006753,0.514173,0.009363,4.627359,3.237092,63,2998.41,0.029063
2.36250,2,5.0783,0.006206,0.514076,0.010401,4.594719,3.236124,70,3841.35,0.041890
2.36250,3,5.0783,0.006207,0.514077,0.010398,4.611623,3.235631,70,3837.77,0.041891
2.36667,0,5.0930,0.006752,0.514172,0.009362,4.631817,3.246241,63,2999.42,0.029057
2.36667,1,5.0930,0.006764,0.514172,0.009374,4.608154,3.245070,63,2998.20,0.029055
2.36667,2,5.0930,0.006207,0.514076,0.010404,4.608797,3.244793,70,3845.81,0.041907
2.36667,3,5.0930,0.006207,0.514077,0.010402,4.628264,3.245539,70,3839.67,0.041905
2.37083,0,5.1079,0.006706,0.514172,0.009315,4.645014,3.255022,63,2995.94,0.029049
2.37083,1,5.1079,0.006778,0.514173,0.009389,4.657823,3.256799,63,3000.83,0.029048
2.37083,2,5.1079,0.006208,0.514076,0.010405,4.622404,3.254843,70,3841.96,0.041922
2.37083,3,5.1079,0.006207,0.514075,0.010405,4.621507,3.254014,70,3845.54,0.041923
2.37500,0,5.1227,0.006752,0.514172,0.009361,4.652931,3.264720,63,2998.47,0.029041
2.37500,1,5.1227,0.006737,0.514173,0.009346,4.642592,3.265010,63,2995.27,0.029040
2.37500,2,5.1227,0.006208,0.514076,0.010407,4.647737,3.263533,70,3844.49,0.041938
2.37500,3,5.1227,0.006209,0.514076,0.010408,4.648356,3.264716,70,3842.65,0.041939
2.37917,0,5.1376,0.006741,0.514173,0.009349,4.655077,3.274639,63,2997.74,0.029034
2.37917,1,5.1376,0.006784,0.514172,0.009394,4.671346,3.274265,63,2996.20,0.029031
2.37917,2,5.1376,0.006209,0.514076,0.010410,4.657339,3.274037,70,3844.20,0.041954
2.37917,3,5.1376,0.006208,0.514075,0.010409,4.647541,3.272883,70,3843.72,0.041955
2.38333,0,5.1524,0.006692,0.514173,0.009299,4.665254,3.284269,63,2993.52,0.029025
2.38333,1,5.1524,0.006805,0.514172,0.009415,4.662766,3.285136,63,2996.44,0.029023
2.38333,2,5.1524,0.006210,0.514075,0.010412,4.660678,3.282089,70,3845.40,0.041969
2.38333,3,5.1524,0.006209,0.514075,0.010412,4.660601,3.282596,70,3847.30,0.041972
2.38750,0,5.1674,0.006691,0.514172,0.009299,4.678016,3.293208,63,2995.43,0.029016
2.38750,1,5.1674,0.006798,0.514173,0.009409,4.675177,3.293623,63,2997.12,0.029015
2.38750,2,5.1674,0.006210,0.514076,0.010415,4.684850,3.293239,70,3847.15,0.041986
2.38750,3,5.1674,0.006210,0.514076,0.010414,4.685283,3.292620,70,3845.48,0.041988
2.39167,0,5.1823,0.006741,0.514172,0.009350,4.695175,3.302503,63,2992.39,0.029006
2.39167,1,5.1823,0.006808,0.514172,0.009419,4.695431,3.304355,63,3000.31,0.029009
2.39167,2,5.1823,0.006212,0.514075,0.010418,4.687503,3.300531,70,3846.58,0.042001
2.39167,3,5.1823,0.006211,0.514075,0.010417,4.687287,3.301815,70,3846.31,0.042004
2.39583,0,5.1973,0.006752,0.514172,0.009362,4.712109,3.312393,63,2994.56,0.028998
2.39583,1,5.1973,0.006799,0.514173,0.009408,4.712847,3.312772,63,2993.82,0.029001
2.39583,2,5.1973,0.006211,0.514076,0.010420,4.705256,3.311714,70,3851.70,0.042019
2.39583,3,5.1973,0.006211,0.514075,0.010419,4.716586,3.311429,70,3850.58,0.042021
2.40000,0,5.2123,0.006707,0.514171,0.009317,4.714602,3.321874,63,2996.16,0.028991
2.40000,1,5.2123,0.006772,0.514172,0.009381,4.730604,3.322532,63,2994.06,0.028992
2.40000,2,5.2123,0.006212,0.514075,0.010421,4.718159,3.321382,70,3848.76,0.042035
2.40000,3,5.2123,0.006213,0.514075,0.010421,4.714466,3.320381,70,3848.37,0.042038
2.40417,0,5.2273,0.006768,0.514172,0.009377,4.734627,3.331103,63,2996.76,0.028985
2.40417,1,5.2273,0.006775,0.514172,0.009384,4.728661,3.331425,63,2994.48,0.028984
2.40417,2,5.2273,0.006213,0.514075,0.010424,4.740708,3.329730,70,3849.34,0.042051
2.40417,3,5.2273,0.006212,0.514074,0.010422,4.745169,3.330387,70,3849.68,0.042054
2.40833,0,5.2423,0.006842,0.514172,0.009450,4.768695,3.340774,63,2995.58,0.028978
2.40833,1,5.2423,0.006673,0.514171,0.009282,4.753980,3.341705,63,2993.36,0.028976
2.40833,2,5.2423,0.006214,0.514074,0.010427,4.752222,3.340279,70,3854.02,0.042069
2.40833,3,5.2423,0.006213,0.514074,0.010425,4.767129,3.340045,70,3849.29,0.042070
2.41250,0,5.2574,0.006704,0.514172,0.009310,4.775519,3.350500,63,2994.78,0.028971
2.41250,1,5.2574,0.006801,0.514172,0.009410,4.754997,3.350421,63,2992.30,0.028968
2.41250,2,5.2574,0.006214,0.514075,0.010428,4.756022,3.349905,70,3848.30,0.042084
2.41250,3,5.2574,0.006214,0.514074,0.010428,4.765460,3.348990,70,3849.45,0.042085
2.41667,0,5.2725,0.006728,0.514172,0.009333,4.792668,3.360162,63,2992.13,0.028964
2.41667,1,5.2725,0.006756,0.514171,0.009365,4.768304,3.360258,63,2992.50,0.028960
2.41667,2,5.2725,0.006215,0.514074,0.010432,4.770263,3.359132,70,3851.39,0.042098
2.41667,3,5.2725,0.006215,0.514074,0.010432,4.779873,3.358436,70,3853.97,0.042102
2.42083,0,5.2876,0.006662,0.514171,0.009266,4.813919,3.370063,63,2989.97,0.028954
2.42083,1,5.2876,0.006767,0.514172,0.009377,4.793087,3.370381,63,2993.85,0.028952
2.42083,2,5.2876,0.006216,0.514074,0.010437,4.785979,3.368338,70,3853.03,0.042114
2.42083,3,5.2876,0.006215,0.514073,0.010435,4.802670,3.369123,70,3854.02,0.042118
2.42500,0,5.3028,0.006815,0.514171,0.009420,4.813131,3.379739,63,2989.11,0.028945
2.42500,1,5.3028,0.006844,0.514172,0.009454,4.797848,3.378790,63,2994.81,0.028945
2.42500,2,5.3028,0.006216,0.514074,0.010440,4.795374,3.378945,70,3855.54,0.042130
2.42500,3,5.3028,0.006216,0.514074,0.010438,4.810063,3.378498,70,3856.59,0.042136
2.42917,0,5.3180,0.006801,0.514171,0.009408,4.833049,3.388505,63,2994.24,0.028938
2.42917,1,5.3180,0.006840,0.514172,0.009448,4.811328,3.390329,63,2991.62,0.028938
2.42917,2,5.3180,0.006217,0.514073,0.010443,4.819755,3.387163,70,3860.23,0.042149
2.42917,3,5.3180,0.006217,0.514073,0.010439,4.811734,3.387791,70,3854.41,0.042153
2.43333,0,5.3332,0.006766,0.514171,0.009372,4.824502,3.398421,63,2993.00,0.028931
2.43333,1,5.3332,0.006797,0.514170,0.009405,4.827420,3.397404,63,2995.08,0.028932
2.43333,2,5.3332,0.006218,0.514073,0.010444,4.829211,3.398416,70,3855.28,0.042166
2.43333,3,5.3332,0.006217,0.514073,0.010441,4.823921,3.397288,70,3859.56,0.042171
2.43750,0,5.3485,0.006770,0.514172,0.009375,4.863548,3.408597,63,2988.61,0.028923
2.43750,1,5.3485,0.006798,0.514171,0.009403,4.879335,3.408560,63,2992.22,0.028925
2.43750,2,5.3485,0.006218,0.514073,0.010445,4.838913,3.406473,70,3854.99,0.042182
2.43750,3,5.3485,0.006218,0.514073,0.010442,4.843569,3.407378,70,3858.76,0.042189
2.44167,0,5.3637,0.006750,0.514170,0.009355,4.878464,3.417196,63,2991.63,0.028916
2.44167,1,5.3637,0.006772,0.514170,0.009376,4.882832,3.418124,63,2991.49,0.028918
2.44167,2,5.3637,0.006218,0.514072,0.010449,4.854996,3.417525,70,3861.70,0.042200
2.44167,3,5.3637,0.006218,0.514073,0.010443,4.853071,3.416797,70,3855.45,0.042205
2.44583,0,5.3790,0.006723,0.514171,0.009327,4.919052,3.427953,63,2988.52,0.028909
2.44583,1,5.3790,0.006817,0.514171,0.009419,4.881290,3.427497,63,2987.74,0.028909
2.44583,2,5.3790,0.006219,0.514072,0.010450,4.870411,3.426493,70,3859.55,0.042217
2.44583,3,5.3790,0.006219,0.514072,0.010446,4.885910,3.426002,70,3860.90,0.042222
2.45000,0,5.3943,0.006789,0.514170,0.009393,4.880113,3.436819,63,2987.55,0.028900
2.45000,1,5.3943,0.006738,0.514171,0.009340,4.940051,3.437909,63,2986.34,0.028899
2.45000,2,5.3943,0.006220,0.514071,0.010454,4.880953,3.436112,70,3861.51,0.042235
2.45000,3,5.3943,0.006220,0.514072,0.010447,4.901372,3.436712,70,3860.76,0.042239
2.45417,0,5.4096,0.006828,0.514170,0.009433,4.916809,3.447380,63,2992.67,0.028893
2.45417,1,5.4096,0.006776,0.514170,0.009379,4.895206,3.446745,63,2984.05,0.028889
2.45417,2,5.4096,0.006221,0.514072,0.010456,4.906861,3.446016,70,3861.99,0.042252
2.45417,3,5.4096,0.006221,0.514072,0.010448,4.895444,3.445793,70,3857.38,0.042255
2.45833,0,5.4250,0.006791,0.514170,0.009395,4.920477,3.456960,63,2986.46,0.028884
2.45833,1,5.4250,0.006785,0.514170,0.009391,4.949624,3.456438,63,2992.20,0.028881
2.45833,2,5.4250,0.006221,0.514070,0.010457,4.911338,3.455789,70,3861.15,0.042268
2.45833,3,5.4250,0.006222,0.514071,0.010453,4.916243,3.455726,70,3859.04,0.042270
2.46250,0,5.4403,0.006789,0.514169,0.009394,4.941591,3.466493,63,2992.71,0.028878
2.46250,1,5.4403,0.006798,0.514170,0.009404,4.919609,3.466985,63,2987.64,0.028874
2.46250,2,5.4403,0.006221,0.514071,0.010459,4.937444,3.465485,70,3863.06,0.042284
2.46250,3,5.4403,0.006222,0.514070,0.010457,4.950845,3.465493,70,3862.98,0.042286
2.46667,0,5.4557,0.006808,0.514171,0.009412,4.962221,3.476917,63,2988.29,0.028871
2.46667,1,5.4557,0.006828,0.514170,0.009435,4.956559,3.475817,63,2985.28,0.028865
2.46667,2,5.4557,0.006224,0.514071,0.010464,4.935941,3.474818,70,3863.00,0.042300
2.46667,3,5.4557,0.006223,0.514070,0.010460,4.938429,3.474926,70,3863.53,0.042303
2.47083,0,5.4711,0.006867,0.514170,0.009469,4.968246,3.486012,63,2987.97,0.028864
2.47083,1,5.4711,0.006838,0.514170,0.009446,5.016039,3.486629,63,2988.08,0.028858
2.47083,2,5.4711,0.006224,0.514070,0.010466,4.965869,3.486417,70,3862.21,0.042316
2.47083,3,5.4711,0.006224,0.514070,0.010463,4.963835,3.484920,70,3863.63,0.042319
2.47500,0,5.4865,0.006760,0.514170,0.009362,5.007370,3.496766,63,2985.56,0.028855
2.47500,1,5.4865,0.006773,0.514170,0.009381,4.962907,3.495587,63,2982.54,0.028848
2.47500,2,5.4865,0.006223,0.514070,0.010469,4.964452,3.493952,70,3872.63,0.042335
2.47500,3,5.4865,0.006224,0.514070,0.010466,4.979238,3.495082,70,3865.16,0.042336
2.47917,0,5.5020,0.006826,0.514169,0.009428,4.992404,3.506372,63,2984.01,0.028846
2.47917,1,5.5020,0.006785,0.514169,0.009396,4.975791,3.506470,63,2983.95,0.028839
2.47917,2,5.5020,0.006224,0.514069,0.010469,4.984792,3.505865,70,3867.32,0.042353
2.47917,3,5.5020,0.006225,0.514069,0.010469,4.996530,3.504488,70,3867.33,0.042354
2.48333,0,5.5175,0.006906,0.514169,0.009510,5.011875,3.515889,63,2986.79,0.028837
2.48333,1,5.5175,0.006816,0.514168,0.009429,4.993030,3.515192,63,2995.27,0.028834
2.48333,2,5.5175,0.006226,0.514069,0.010470,4.992685,3.513365,70,3865.96,0.042369
2.48333,3,5.5175,0.006225,0.514069,0.010471,5.010042,3.514429,70,3865.79,0.042371
2.48750,0,5.5330,0.006845,0.514168,0.009450,5.004132,3.525007,63,2990.26,0.028832
2.48750,1,5.5330,0.006837,0.514169,0.009448,5.009130,3.525825,63,2990.57,0.028831
2.48750,2,5.5330,0.006226,0.514068,0.010471,5.015053,3.524416,70,3867.33,0.042385
2.48750,3,5.5330,0.006226,0.514069,0.010474,5.029359,3.524398,70,3868.52,0.042388
2.49167,0,5.5485,0.006797,0.514168,0.009399,5.031091,3.535438,63,2985.64,0.028826
2.49167,1,5.5485,0.006855,0.514169,0.009463,5.018952,3.535550,63,2984.39,0.028824
2.49167,2,5.5485,0.006227,0.514069,0.010475,5.022263,3.533996,70,3870.00,0.042402
2.49167,3,5.5485,0.006227,0.514068,0.010476,5.033667,3.534106,70,3871.92,0.042406
2.49583,0,5.5640,0.006858,0.514169,0.009459,5.040971,3.544568,63,2984.34,0.028819
2.49583,1,5.5640,0.006847,0.514169,0.009453,5.077672,3.545393,63,2985.51,0.028817
2.49583,2,5.5640,0.006227,0.514069,0.010476,5.033923,3.544382,70,3867.73,0.042418
2.49583,3,5.5640,0.006227,0.514069,0.010477,5.058439,3.543967,70,3865.89,0.042421
2.50000,0,5.5796,0.006823,0.514169,0.009423,5.079074,3.555305,63,2983.84,0.028812
2.50000,1,5.5796,0.006841,0.514168,0.009447,5.047753,3.554439,63,2985.77,0.028811
2.50000,2,5.5796,0.006228,0.514068,0.010480,5.047882,3.553345,70,3869.71,0.042434
2.50000,3,5.5796,0.006228,0.514067,0.010482,5.056776,3.554015,70,3873.31,0.042439
2.50417,0,5.5952,0.006805,0.514169,0.009405,5.098454,3.565282,63,2983.04,0.028804
2.50417,1,5.5952,0.006896,0.514168,0.009502,5.067014,3.565470,63,2982.30,0.028802
2.50417,2,5.5952,0.006229,0.514068,0.010483,5.060295,3.564763,70,3869.84,0.042449
2.50417,3,5.5952,0.006228,0.514067,0.010483,5.065295,3.563872,70,3872.32,0.042456
2.50833,0,5.6108,0.006808,0.514168,0.009409,5.076312,3.574441,63,2983.92,0.028796
2.50833,1,5.6108,0.006844,0.514168,0.009452,5.091420,3.574411,63,2989.70,0.028797
2.50833,2,5.6108,0.006229,0.514067,0.010486,5.075892,3.572350,70,3874.83,0.042467
2.50833,3,5.6108,0.006229,0.514068,0.010485,5.099645,3.573994,70,3870.73,0.042472
2.51250,0,5.6264,0.006836,0.514169,0.009438,5.088377,3.584551,63,2985.69,0.028790
2.51250,1,5.6264,0.006816,0.514169,0.009422,5.089214,3.584537,63,2983.42,0.028790
2.51250,2,5.6264,0.006230,0.514067,0.010488,5.090144,3.584758,70,3870.12,0.042482
2.51250,3,5.6264,0.006230,0.514067,0.010488,5.116037,3.583291,70,3870.70,0.042487
2.51667,0,5.6420,0.006811,0.514169,0.009412,5.142273,3.594689,63,2981.03,0.028782
2.51667,1,5.6420,0.006890,0.514168,0.009496,5.106578,3.594545,63,2980.35,0.028782
2.51667,2,5.6420,0.006230,0.514067,0.010491,5.103867,3.592730,70,3871.23,0.042497
2.51667,3,5.6420,0.006230,0.514067,0.010491,5.123994,3.593439,70,3876.87,0.042504
2.52083,0,5.6577,0.006775,0.514167,0.009376,5.129197,3.604877,63,2983.71,0.028775
2.52083,1,5.6577,0.006847,0.514167,0.009455,5.121446,3.604887,63,2986.21,0.028775
2.52083,2,5.6577,0.006231,0.514067,0.010495,5.117692,3.603727,70,3877.69,0.042514
2.52083,3,5.6577,0.006232,0.514066,0.010495,5.117403,3.603600,70,3877.56,0.042522
2.52500,0,5.6734,0.006835,0.514168,0.009436,5.138453,3.614143,63,2982.03,0.028768
2.52500,1,5.6734,0.006799,0.514167,0.009408,5.158649,3.614380,63,2990.77,0.028772
2.52500,2,5.6734,0.006232,0.514066,0.010495,5.131078,3.613789,70,3874.40,0.042531
2.52500,3,5.6734,0.006232,0.514067,0.010495,5.130740,3.613765,70,3875.90,0.042539
2.52917,0,5.6891,0.006829,0.514168,0.009429,5.144944,3.624578,63,2980.97,0.028761
2.52917,1,5.6891,0.006809,0.514166,0.009415,5.144747,3.623878,63,2986.92,0.028768
2.52917,2,5.6891,0.006232,0.514066,0.010496,5.147519,3.622621,70,3874.68,0.042546
2.52917,3,5.6891,0.006232,0.514065,0.010498,5.171337,3.623585,70,3873.55,0.042554
2.53333,0,5.7048,0.006864,0.514168,0.009462,5.160947,3.633741,63,2981.44,0.028755
2.53333,1,5.7048,0.006859,0.514168,0.009464,5.208975,3.634421,63,2979.36,0.028761
2.53333,2,5.7048,0.006233,0.514067,0.010497,5.159586,3.632791,70,3875.93,0.042562
2.53333,3,5.7048,0.006233,0.514066,0.010503,5.163090,3.633557,70,3878.46,0.042571
2.53750,0,5.7206,0.006862,0.514168,0.009458,5.174036,3.644280,63,2977.94,0.028747
2.53750,1,5.7206,0.006846,0.514167,0.009454,5.226203,3.644663,63,2986.28,0.028755
2.53750,2,5.7206,0.006233,0.514065,0.010497,5.175187,3.643186,70,3878.58,0.042578
2.53750,3,5.7206,0.006234,0.514066,0.010509,5.202287,3.643788,70,3886.50,0.042591
2.54167,0,5.7364,0.006843,0.514169,0.009436,5.198174,3.654454,63,2974.64,0.028737
2.54167,1,5.7364,0.006825,0.514168,0.009437,5.197381,3.655912,63,2984.76,0.028749
2.54167,2,5.7364,0.006234,0.514066,0.010496,5.188164,3.652059,70,3873.27,0.042593
2.54167,3,5.7364,0.006233,0.514065,0.010509,5.191542,3.652994,70,3882.33,0.042609
2.54583,0,5.7522,0.006895,0.514169,0.009487,5.228213,3.664675,63,2977.67,0.028728
2.54583,1,5.7522,0.006892,0.514166,0.009508,5.219911,3.664580,63,2987.70,0.028744
2.54583,2,5.7522,0.006233,0.514067,0.010493,5.209226,3.663145,70,3874.63,0.042607
2.54583,3,5.7522,0.006233,0.514065,0.010514,5.232041,3.664015,70,3886.66,0.042628
2.55000,0,5.7680,0.006855,0.514166,0.009442,5.216127,3.673440,63,2973.26,0.028719
2.55000,1,5.7680,0.006868,0.514164,0.009489,5.219704,3.675359,63,2986.53,0.028739
2.55000,2,5.7680,0.006234,0.514067,0.010491,5.218019,3.672859,70,3871.23,0.042620
2.55000,3,5.7680,0.006235,0.514064,0.010520,5.241335,3.673369,70,3886.89,0.042647
2.55417,0,5.7839,0.006871,0.514168,0.009455,5.231802,3.684067,63,2974.78,0.028710
2.55417,1,5.7839,0.006850,0.514168,0.009476,5.232268,3.686078,63,2990.36,0.028736
2.55417,2,5.7839,0.006234,0.514067,0.010490,5.230721,3.682777,70,3874.75,0.042633
2.55417,3,5.7839,0.006236,0.514063,0.010527,5.267723,3.684261,70,3894.51,0.042668
2.55833,0,5.7998,0.006876,0.514167,0.009454,5.294990,3.693098,63,2969.43,0.028700
2.55833,1,5.7998,0.006867,0.514164,0.009500,5.250932,3.694442,63,2991.55,0.028734
2.55833,2,5.7998,0.006234,0.514067,0.010485,5.256916,3.692950,70,3870.56,0.042645
2.55833,3,5.7998,0.006233,0.514062,0.010530,5.262617,3.693991,70,3900.67,0.042692
2.56250,0,5.8157,0.006872,0.514168,0.009444,5.257438,3.704133,63,2966.78,0.028688
2.56250,1,5.8157,0.006852,0.514164,0.009490,5.264422,3.707520,63,2997.46,0.028734
2.56250,2,5.8157,0.006235,0.514067,0.010482,5.277082,3.702018,70,3864.61,0.042655
2.56250,3,5.8157,0.006235,0.514063,0.010535,5.305375,3.704958,71,3899.72,0.042715
2.56667,0,5.8316,0.006865,0.514168,0.009432,5.273015,3.713245,63,2965.92,0.028678
2.56667,1,5.8316,0.006923,0.514163,0.009566,5.277078,3.714993,63,2999.87,0.028735
2.56667,2,5.8316,0.006236,0.514067,0.010481,5.293833,3.713047,70,3861.76,0.042663
2.56667,3,5.8316,0.006236,0.514062,0.010540,5.317368,3.715285,71,3903.45,0.042738
2.57083,0,5.8475,0.006852,0.514169,0.009413,5.326439,3.724037,63,2958.36,0.028664
2.57083,1,5.8475,0.006970,0.514164,0.009615,5.290332,3.726673,63,2999.85,0.028737
2.57083,2,5.8475,0.006238,0.514067,0.010481,5.286501,3.721942,70,3858.70,0.042669
2.57083,3,5.8475,0.006240,0.514062,0.010550,5.293259,3.725089,70,3904.06,0.042760
2.57500,0,5.8634,0.006875,0.514166,0.009432,5.301387,3.732606,63,2955.88,0.028650
2.57500,1,5.8634,0.006873,0.514162,0.009522,5.315458,3.738119,63,3001.50,0.028738
2.57500,2,5.8634,0.006242,0.514066,0.010485,5.302257,3.732158,70,3861.31,0.042675
2.57500,3,5.8634,0.006243,0.514061,0.010560,5.304334,3.735423,71,3903.69,0.042780
2.57917,0,5.8794,0.006940,0.514168,0.009493,5.325167,3.742757,63,2951.67,0.028634
2.57917,1,5.8794,0.006986,0.514162,0.009640,5.320668,3.746836,63,3001.96,0.028738
2.57917,2,5.8794,0.006243,0.514066,0.010485,5.316480,3.741066,70,3862.79,0.042683
2.57917,3,5.8794,0.006247,0.514060,0.010572,5.325933,3.746324,70,3910.16,0.042802
2.58333,0,5.8954,0.007006,0.514167,0.009557,5.329746,3.753365,63,2955.82,0.028621
2.58333,1,5.8954,0.007009,0.514161,0.009669,5.335200,3.758284,63,3007.49,0.028741
2.58333,2,5.8954,0.006247,0.514065,0.010486,5.357570,3.751644,70,3863.66,0.042692
2.58333,3,5.8954,0.006251,0.514060,0.010585,5.357537,3.757085,71,3918.65,0.042827
2.58750,0,5.9114,0.007081,0.514167,0.009627,5.343570,3.762558,63,2949.46,0.028607
2.58750,1,5.9114,0.007081,0.514160,0.009747,5.351327,3.767497,63,3010.82,0.028745
2.58750,2,5.9114,0.006253,0.514065,0.010487,5.372222,3.761447,70,3858.28,0.042700
2.58750,3,5.9114,0.006258,0.514060,0.010596,5.373461,3.766845,71,3915.30,0.042851
2.59167,0,5.9275,0.007156,0.514167,0.009697,5.356297,3.772880,63,2948.30,0.028593
2.59167,1,5.9275,0.007156,0.514159,0.009825,5.365458,3.778113,63,3010.92,0.028749
2.59167,2,5.9275,0.006255,0.514065,0.010485,5.380707,3.771936,70,3852.84,0.042706
2.59167,3,5.9275,0.006256,0.514058,0.010602,5.371938,3.776718,71,3925.04,0.042877
2.59583,0,5.9436,0.007232,0.514167,0.009767,5.371058,3.782622,63,2942.91,0.028578
2.59583,1,5.9436,0.007233,0.514159,0.009906,5.381148,3.789523,63,3011.64,0.028752
2.59583,2,5.9436,0.006260,0.514066,0.010488,5.378931,3.781626,70,3851.18,0.042711
2.59583,3,5.9436,0.006265,0.514059,0.010616,5.413654,3.788912,71,3923.42,0.042901
2.60000,0,5.9596,0.007314,0.514165,0.009844,5.385575,3.792065,63,2942.08,0.028563
2.60000,1,5.9596,0.007316,0.514158,0.009994,5.417801,3.800413,63,3013.86,0.028755
2.60000,2,5.9596,0.006266,0.514066,0.010492,5.396067,3.791888,70,3853.20,0.042716
2.60000,3,5.9596,0.006265,0.514058,0.010623,5.422812,3.797618,71,3929.27,0.042927
2.60417,0,5.9758,0.007399,0.514166,0.009924,5.406291,3.802413,62,2938.24,0.028547
2.60417,1,5.9758,0.007396,0.514157,0.010079,5.410604,3.810518,63,3015.67,0.028758
2.60417,2,5.9758,0.006274,0.514067,0.010497,5.413670,3.800925,70,3853.48,0.042723
2.60417,3,5.9758,0.006275,0.514057,0.010638,5.432428,3.808286,71,3931.81,0.042953
2.60833,0,5.9919,0.007482,0.514164,0.010004,5.413910,3.812281,63,2938.97,0.028532
2.60833,1,5.9919,0.007485,0.514155,0.010174,5.425738,3.820135,63,3020.34,0.028763
2.60833,2,5.9919,0.006279,0.514067,0.010498,5.411294,3.810570,70,3842.01,0.042726
2.60833,3,5.9919,0.006279,0.514058,0.010647,5.462228,3.820007,71,3932.30,0.042977
2.61250,0,6.0080,0.007571,0.514163,0.010086,5.427688,3.821002,63,2932.99,0.028517
2.61250,1,6.0080,0.007570,0.514154,0.010263,5.442455,3.832307,63,3021.28,0.028767
2.61250,2,6.0080,0.006288,0.514065,0.010507,5.444786,3.820264,70,3852.96,0.042733
2.61250,3,6.0080,0.006287,0.514056,0.010662,5.466401,3.828912,71,3934.26,0.043001
2.61667,0,6.0242,0.007659,0.514164,0.010171,5.449560,3.831483,63,2928.19,0.028500
2.61667,1,6.0242,0.007662,0.514153,0.010359,5.472113,3.841835,63,3025.23,0.028773
2.61667,2,6.0242,0.006291,0.514066,0.010506,5.440484,3.829987,70,3855.34,0.042742
2.61667,3,6.0242,0.006294,0.514056,0.010677,5.488941,3.841257,71,3939.66,0.043026
2.62083,0,6.0405,0.007753,0.514164,0.010261,5.456096,3.842524,63,2931.58,0.028486
2.62083,1,6.0405,0.007752,0.514152,0.010453,5.473452,3.852556,63,3025.31,0.028778
2.62083,2,6.0405,0.006302,0.514064,0.010511,5.462609,3.841505,70,3846.08,0.042749
2.62083,3,6.0405,0.006302,0.514054,0.010691,5.483801,3.851485,71,3953.32,0.043057
2.62500,0,6.0567,0.007849,0.514162,0.010352,5.471116,3.851395,63,2925.58,0.028471
2.62500,1,6.0567,0.007852,0.514150,0.010556,5.488325,3.864471,62,3022.75,0.028781
2.62500,2,6.0567,0.006310,0.514064,0.010514,5.468057,3.850203,70,3840.05,0.042754
2.62500,3,6.0567,0.006308,0.514053,0.010698,5.508492,3.861729,71,3956.07,0.043088
2.62917,0,6.0730,0.007945,0.514162,0.010443,5.484385,3.861678,63,2924.46,0.028455
2.62917,1,6.0730,0.007946,0.514150,0.010655,5.523234,3.874034,63,3028.86,0.028785
2.62917,2,6.0730,0.006320,0.514066,0.010522,5.507871,3.859040,70,3843.73,0.042761
2.62917,3,6.0730,0.006320,0.514053,0.010709,5.517926,3.872792,71,3957.03,0.043119
2.63333,0,6.0893,0.008046,0.514159,0.010541,5.499255,3.870321,63,2924.83,0.028441
2.63333,1,6.0893,0.008048,0.514149,0.010761,5.519741,3.885751,63,3030.25,0.028789
2.63333,2,6.0893,0.006325,0.514067,0.010524,5.496613,3.869696,70,3832.52,0.042764
2.63333,3,6.0893,0.006325,0.514052,0.010714,5.516097,3.882714,71,3953.24,0.043146
2.63750,0,6.1055,0.008144,0.514158,0.010633,5.513742,3.881822,62,2916.57,0.028425
2.63750,1,6.1055,0.008147,0.514147,0.010863,5.533841,3.896277,63,3035.59,0.028795
2.63750,2,6.1055,0.006340,0.514066,0.010538,5.512771,3.880284,70,3843.01,0.042771
2.63750,3,6.1055,0.006340,0.514053,0.010730,5.534558,3.894797,71,3950.80,0.043170
2.64167,0,6.1218,0.008250,0.514157,0.010738,5.535542,3.891071,63,2919.98,0.028411
2.64167,1,6.1218,0.008250,0.514144,0.010967,5.555879,3.905657,63,3032.13,0.028800
2.64167,2,6.1218,0.006349,0.514066,0.010544,5.543192,3.889884,70,3837.42,0.042776
2.64167,3,6.1218,0.006349,0.514053,0.010746,5.601670,3.905263,71,3955.46,0.043193
2.64583,0,6.1381,0.008352,0.514155,0.010835,5.542863,3.900430,63,2916.39,0.028397
2.64583,1,6.1381,0.008356,0.514143,0.011077,5.579381,3.916940,63,3029.76,0.028802
2.64583,2,6.1381,0.006359,0.514065,0.010553,5.539376,3.900209,70,3841.88,0.042783
2.64583,3,6.1381,0.006358,0.514052,0.010761,5.597119,3.915762,71,3952.23,0.043214
2.65000,0,6.1545,0.008462,0.514155,0.010940,5.555425,3.911081,62,2913.53,0.028383
2.65000,1,6.1545,0.008463,0.514141,0.011188,5.619342,3.929352,63,3032.22,0.028803
2.65000,2,6.1545,0.006371,0.514065,0.010562,5.575559,3.907850,70,3837.47,0.042789
2.65000,3,6.1545,0.006374,0.514052,0.010785,5.579447,3.926443,71,3960.02,0.043236
2.65417,0,6.1709,0.008570,0.514153,0.011044,5.569442,3.919503,63,2912.36,0.028368
2.65417,1,6.1709,0.008571,0.514139,0.011303,5.635554,3.939182,63,3035.90,0.028806
2.65417,2,6.1709,0.006385,0.514065,0.010573,5.574832,3.919666,70,3832.29,0.042793
2.65417,3,6.1709,0.006382,0.514052,0.010802,5.593141,3.938013,71,3969.14,0.043261
2.65833,0,6.1873,0.008678,0.514152,0.011147,5.585006,3.930607,63,2907.09,0.028353
2.65833,1,6.1873,0.008680,0.514138,0.011418,5.612241,3.950540,63,3040.40,0.028810
2.65833,2,6.1873,0.006393,0.514065,0.010581,5.584181,3.928846,70,3837.76,0.042799
2.65833,3,6.1873,0.006399,0.514051,0.010824,5.639376,3.948718,71,3958.84,0.043281
2.66250,0,6.2037,0.008793,0.514149,0.011260,5.597980,3.940735,63,2906.09,0.028337
2.66250,1,6.2037,0.008793,0.514135,0.011536,5.627529,3.961077,63,3040.22,0.028813
2.66250,2,6.2037,0.006409,0.514065,0.010592,5.631060,3.938544,70,3834.35,0.042805
2.66250,3,6.2037,0.006409,0.514049,0.010843,5.626267,3.959033,71,3977.34,0.043308
2.66667,0,6.2201,0.008905,0.514148,0.011368,5.611678,3.949676,62,2896.13,0.028319
2.66667,1,6.2201,0.008906,0.514133,0.011654,5.643075,3.972521,63,3039.84,0.028815
2.66667,2,6.2201,0.006426,0.514066,0.010607,5.612548,3.949880,70,3829.42,0.042810
2.66667,3,6.2201,0.006426,0.514051,0.010865,5.642882,3.970181,71,3969.88,0.043331
2.67083,0,6.2366,0.009021,0.514146,0.011485,5.626278,3.959963,62,2903.61,0.028303
2.67083,1,6.2366,0.009022,0.514128,0.011777,5.659220,3.983020,62,3042.05,0.028817
2.67083,2,6.2366,0.006439,0.514066,0.010618,5.645928,3.958250,70,3828.52,0.042814
2.67083,3,6.2366,0.006442,0.514050,0.010888,5.658427,3.981179,71,3971.19,0.043353
2.67500,0,6.2531,0.009138,0.514142,0.011599,5.640031,3.969748,62,2901.73,0.028289
2.67500,1,6.2531,0.009138,0.514126,0.011900,5.674057,3.993072,62,3041.73,0.028819
2.67500,2,6.2531,0.006454,0.514065,0.010633,5.683572,3.968678,70,3833.52,0.042820
2.67500,3,6.2531,0.006455,0.514049,0.010910,5.672291,3.993241,71,3986.86,0.043380
2.67917,0,6.2696,0.009255,0.514141,0.011712,5.664855,3.978962,62,2900.14,0.028276
2.67917,1,6.2696,0.009258,0.514124,0.012027,5.691388,4.004888,63,3049.24,0.028823
2.67917,2,6.2696,0.006468,0.514066,0.010644,5.694716,3.978388,70,3823.33,0.042824
2.67917,3,6.2696,0.006470,0.514047,0.010928,5.696864,4.003388,71,3985.07,0.043407
2.68333,0,6.2862,0.009378,0.514139,0.011830,5.669255,3.989184,62,2895.69,0.028262
2.68333,1,6.2862,0.009378,0.514123,0.012152,5.706172,4.016408,62,3047.08,0.028826
2.68333,2,6.2862,0.006486,0.514064,0.010661,5.714174,3.988486,70,3830.02,0.042831
2.68333,3,6.2862,0.006490,0.514047,0.010952,5.725395,4.014664,71,3992.11,0.043436
2.68750,0,6.3028,0.009497,0.514137,0.011945,5.684877,3.999393,62,2894.56,0.028248
2.68750,1,6.3028,0.009501,0.514119,0.012280,5.740253,4.027269,63,3054.36,0.028832
2.68750,2,6.3028,0.006508,0.514064,0.010680,5.710217,3.997069,70,3824.15,0.042837
2.68750,3,6.3028,0.006508,0.514048,0.010972,5.752844,4.025580,71,3990.80,0.043463
2.69167,0,6.3194,0.009620,0.514134,0.012064,5.697041,4.009539,62,2890.59,0.028234
2.69167,1,6.3194,0.009625,0.514117,0.012406,5.738410,4.037984,63,3057.98,0.028839
2.69167,2,6.3194,0.006527,0.514065,0.010697,5.698567,4.007587,69,3825.49,0.042844
2.69167,3,6.3194,0.006525,0.514048,0.010992,5.745199,4.036655,71,3984.04,0.043485
2.69583,0,6.3359,0.009747,0.514130,0.012187,5.712317,4.018881,62,2890.82,0.028221
2.69583,1,6.3359,0.009748,0.514113,0.012530,5.754186,4.049483,63,3053.69,0.028845
2.69583,2,6.3359,0.006537,0.514064,0.010704,5.732842,4.017631,70,3821.90,0.042849
2.69583,3,6.3359,0.006545,0.514046,0.011019,5.753512,4.047590,71,3998.39,0.043511
2.70000,0,6.3526,0.009873,0.514127,0.012308,5.726253,4.029162,62,2885.05,0.028207
2.70000,1,6.3526,0.009873,0.514109,0.012658,5.773807,4.059896,63,3053.39,0.028848
2.70000,2,6.3526,0.006567,0.514063,0.010733,5.726238,4.027519,70,3828.53,0.042858
2.70000,3,6.3526,0.006564,0.514044,0.011042,5.768417,4.059519,71,4002.12,0.043539
2.70417,0,6.3693,0.009997,0.514124,0.012428,5.741894,4.037911,62,2879.35,0.028191
2.70417,1,6.3693,0.010002,0.514108,0.012791,5.787796,4.072398,63,3045.48,0.028846
2.70417,2,6.3693,0.006583,0.514065,0.010745,5.747789,4.038148,69,3819.77,0.042865
2.70417,3,6.3693,0.006587,0.514045,0.011067,5.818249,4.070098,71,3998.74,0.043564
2.70833,0,6.3859,0.010124,0.514121,0.012555,5.755675,4.048586,62,2885.25,0.028176
2.70833,1,6.3859,0.010126,0.514101,0.012926,5.803744,4.082958,63,3065.28,0.028851
2.70833,2,6.3859,0.006606,0.514065,0.010765,5.751254,4.046923,70,3823.49,0.042873
2.70833,3,6.3859,0.006608,0.514043,0.011092,5.812126,4.080209,71,3998.66,0.043588
2.71250,0,6.4026,0.010255,0.514120,0.012682,5.773032,4.058845,62,2878.56,0.028162
2.71250,1,6.4026,0.010256,0.514099,0.013059,5.819937,4.094382,63,3058.54,0.028854
2.71250,2,6.4026,0.006627,0.514065,0.010782,5.793579,4.058475,69,3812.47,0.042876
2.71250,3,6.4026,0.006631,0.514045,0.011120,5.815156,4.093289,71,3998.72,0.043609
2.71667,0,6.4193,0.010386,0.514114,0.012812,5.783306,4.068401,62,2880.17,0.028148
2.71667,1,6.4193,0.010388,0.514094,0.013196,5.837183,4.105515,63,3063.34,0.028859
2.71667,2,6.4193,0.006650,0.514065,0.010807,5.779697,4.066520,69,3813.71,0.042879
2.71667,3,6.4193,0.006654,0.514043,0.011153,5.834482,4.103580,71,4005.75,0.043631
2.72083,0,6.4360,0.010516,0.514112,0.012937,5.798806,4.078596,62,2868.95,0.028132
2.72083,1,6.4360,0.010519,0.514091,0.013332,5.854947,4.116374,63,3062.22,0.028862
2.72083,2,6.4360,0.006675,0.514065,0.010833,5.801038,4.078270,69,3807.20,0.042879
2.72083,3,6.4360,0.006674,0.514041,0.011182,5.850758,4.116572,71,4012.24,0.043655
2.72500,0,6.4528,0.010655,0.514108,0.013077,5.812458,4.088343,62,2879.20,0.028119
2.72500,1,6.4528,0.010652,0.514086,0.013469,5.867791,4.127803,63,3069.64,0.028868
2.72500,2,6.4528,0.006703,0.514062,0.010866,5.809016,4.086687,70,3824.89,0.042887
2.72500,3,6.4528,0.006706,0.514042,0.011219,5.865960,4.126536,71,4013.21,0.043679
2.72917,0,6.4696,0.010783,0.514103,0.013200,5.828120,4.097547,62,2871.59,0.028107
2.72917,1,6.4696,0.010786,0.514082,0.013605,5.885416,4.140015,63,3062.54,0.028870
2.72917,2,6.4696,0.006726,0.514061,0.010886,5.822892,4.095821,70,3816.58,0.042895
2.72917,3,6.4696,0.006730,0.514042,0.011248,5.881007,4.137982,71,4014.55,0.043704
2.73333,0,6.4865,0.010920,0.514099,0.013333,5.841805,4.108191,61,2865.40,0.028091
2.73333,1,6.4865,0.010923,0.514077,0.013748,5.903127,4.149318,63,3068.21,0.028874
2.73333,2,6.4865,0.006752,0.514062,0.010909,5.835819,4.107638,70,3818.45,0.042904
2.73333,3,6.4865,0.006757,0.514040,0.011281,5.898202,4.149184,71,4022.94,0.043731
2.73750,0,6.5033,0.011054,0.514094,0.013466,5.857744,4.117952,62,2866.20,0.028077
2.73750,1,6.5033,0.011058,0.514072,0.013889,5.919398,4.162528,64,3075.30,0.028879
2.73750,2,6.5033,0.006782,0.514064,0.010935,5.901459,4.115930,70,3810.41,0.042911
2.73750,3,6.5033,0.006783,0.514040,0.011311,5.914210,4.161521,71,4033.55,0.043762
2.74167,0,6.5202,0.011194,0.514091,0.013604,5.873477,4.127470,62,2860.54,0.028061
2.74167,1,6.5202,0.011196,0.514066,0.014028,5.935689,4.172534,62,3065.84,0.028881
2.74167,2,6.5202,0.006810,0.514064,0.010962,5.866494,4.128236,69,3804.71,0.042916
2.74167,3,6.5202,0.006811,0.514039,0.011337,5.927024,4.171247,71,4019.56,0.043786
2.74583,0,6.5371,0.011327,0.514086,0.013737,5.887005,4.138425,62,2868.04,0.028049
2.74583,1,6.5371,0.011331,0.514062,0.014170,5.951875,4.184761,63,3080.27,0.028887
2.74583,2,6.5371,0.006841,0.514063,0.010994,5.897787,4.136411,70,3820.50,0.042926
2.74583,3,6.5371,0.006846,0.514038,0.011378,5.969843,4.183930,71,4029.13,0.043812
2.75000,0,6.5540,0.011470,0.514080,0.013875,5.901132,4.147590,62,2860.53,0.028037
2.75000,1,6.5540,0.011470,0.514057,0.014310,5.969618,4.196639,63,3068.81,0.028889
2.75000,2,6.5540,0.006866,0.514064,0.011015,5.891294,4.146702,69,3797.31,0.042929
2.75000,3,6.5540,0.006872,0.514037,0.011408,6.005968,4.194466,71,4024.46,0.043834
2.75417,0,6.5709,0.011606,0.514075,0.014009,5.912717,4.157017,62,2862.46,0.028025
2.75417,1,6.5709,0.011614,0.514052,0.014459,5.983924,4.206982,63,3066.80,0.028889
2.75417,2,6.5709,0.006904,0.514063,0.011055,5.920612,4.156668,70,3811.78,0.042936
2.75417,3,6.5709,0.006902,0.514036,0.011445,6.004193,4.206231,71,4034.68,0.043859
2.75833,0,6.5879,0.011748,0.514071,0.014145,5.928906,4.168153,62,2850.91,0.028009
2.75833,1,6.5879,0.011749,0.514046,0.014604,6.002303,4.219612,63,3080.59,0.028892
2.75833,2,6.5879,0.006931,0.514062,0.011081,5.940463,4.165669,69,3805.49,0.042942
2.75833,3,6.5879,0.006935,0.514037,0.011484,6.005623,4.218633,71,4034.71,0.043883
2.76250,0,6.6049,0.011888,0.514067,0.014285,5.942701,4.177941,61,2850.88,0.027993
2.76250,1,6.6049,0.011896,0.514039,0.014755,6.020586,4.230019,63,3080.10,0.028896
2.76250,2,6.6049,0.006967,0.514063,0.011118,5.938623,4.177390,69,3811.14,0.042950
2.76250,3,6.6049,0.006970,0.514036,0.011525,6.010734,4.228662,71,4040.56,0.043909
2.76667,0,6.6219,0.012027,0.514060,0.014426,5.958167,4.188032,62,2855.03,0.027979
2.76667,1,6.6219,0.012029,0.514033,0.014893,6.034673,4.241497,63,3084.64,0.028901
2.76667,2,6.6219,0.007000,0.514061,0.011148,5.967953,4.186126,68,3797.65,0.042955
2.76667,3,6.6219,0.007005,0.514035,0.011565,6.030064,4.241932,71,4046.30,0.043936
2.77083,0,6.6389,0.012178,0.514055,0.014574,5.968574,4.197337,62,2847.16,0.027965
2.77083,1,6.6389,0.012181,0.514026,0.015048,6.048186,4.252632,63,3092.35,0.028910
2.77083,2,6.6389,0.007034,0.514062,0.011184,5.969493,4.197499,70,3800.31,0.042960
2.77083,3,6.6389,0.007037,0.514035,0.011600,6.049460,4.251365,71,4043.03,0.043960
2.77500,0,6.6560,0.012312,0.514047,0.014707,5.987560,4.207594,62,2848.59,0.027953
2.77500,1,6.6560,0.012314,0.514020,0.015180,6.071208,4.264255,63,3079.66,0.028913
2.77500,2,6.6560,0.007071,0.514062,0.011223,5.977719,4.206773,70,3808.44,0.042969
2.77500,3,6.6560,0.007073,0.514034,0.011640,6.068252,4.264991,71,4050.32,0.043987
2.77917,0,6.6731,0.012460,0.514042,0.014852,5.999888,4.217472,61,2841.97,0.027939
2.77917,1,6.6731,0.012466,0.514014,0.015335,6.080585,4.276797,63,3089.04,0.028918
2.77917,2,6.6731,0.007109,0.514061,0.011259,5.997571,4.216338,69,3804.96,0.042978
2.77917,3,6.6731,0.007111,0.514034,0.011682,6.084699,4.274948,71,4037.42,0.044007
2.78333,0,6.6902,0.012603,0.514038,0.014993,6.012262,4.227917,62,2839.76,0.027924
2.78333,1,6.6902,0.012606,0.514008,0.015478,6.098860,4.286365,63,3085.57,0.028921
2.78333,2,6.6902,0.007142,0.514061,0.011290,6.011882,4.226349,70,3805.80,0.042987
2.78333,3,6.6902,0.007148,0.514033,0.011728,6.108911,4.286943,71,4055.52,0.044033
2.78750,0,6.7073,0.012748,0.514028,0.015139,6.033597,4.238573,62,2846.07,0.027912
2.78750,1,6.7073,0.012753,0.514001,0.015630,6.120779,4.299388,63,3082.22,0.028921
2.78750,2,6.7073,0.007186,0.514060,0.011332,6.022403,4.236451,69,3797.43,0.042994
2.78750,3,6.7073,0.007190,0.514030,0.011775,6.136719,4.299294,71,4065.36,0.044063
2.79167,0,6.7245,0.012892,0.514021,0.015280,6.042099,4.246497,62,2842.82,0.027900
2.79167,1,6.7245,0.012899,0.513992,0.015783,6.133984,4.311275,63,3095.45,0.028926
2.79167,2,6.7245,0.007222,0.514060,0.011369,6.039482,4.246908,70,3802.16,0.043003
2.79167,3,6.7245,0.007226,0.514031,0.011811,6.136530,4.309685,71,4058.80,0.044090
2.79583,0,6.7417,0.013033,0.514013,0.015416,6.059353,4.256503,61,2838.62,0.027889
2.79583,1,6.7417,0.013039,0.513986,0.015926,6.157259,4.321837,63,3090.66,0.028930
2.79583,2,6.7417,0.007266,0.514059,0.011411,6.052162,4.255834,69,3806.03,0.043015
2.79583,3,6.7417,0.007269,0.514029,0.011857,6.174218,4.321479,71,4061.90,0.044117
2.80000,0,6.7589,0.013187,0.514006,0.015567,6.075402,4.266997,62,2841.39,0.027879
2.80000,1,6.7589,0.013194,0.513976,0.016085,6.167002,4.333944,63,3095.71,0.028936
2.80000,2,6.7589,0.007304,0.514059,0.011444,6.064361,4.267163,69,3799.29,0.043025
2.80000,3,6.7589,0.007309,0.514029,0.011900,6.162857,4.334078,71,4070.74,0.044147
2.80417,0,6.7761,0.013330,0.514000,0.015704,6.087582,4.277638,62,2835.09,0.027868
2.80417,1,6.7761,0.013332,0.513970,0.016226,6.187446,4.345064,63,3097.12,0.028941
2.80417,2,6.7761,0.007346,0.514057,0.011483,6.078164,4.275795,69,3798.90,0.043035
2.80417,3,6.7761,0.007357,0.514028,0.011948,6.199266,4.345812,71,4061.75,0.044172
2.80833,0,6.7934,0.013478,0.513993,0.015847,6.103304,4.287625,62,2825.48,0.027853
2.80833,1,6.7934,0.013483,0.513964,0.016379,6.203502,4.357327,63,3084.19,0.028940
2.80833,2,6.7934,0.007397,0.514059,0.011530,6.097198,4.287416,69,3787.84,0.043040
2.80833,3,6.7934,0.007394,0.514027,0.011991,6.191234,4.356130,71,4054.27,0.044190
2.81250,0,6.8105,0.013628,0.513985,0.016187,6.117633,4.297621,62,2835.57,0.027841
2.81250,1,6.8105,0.013633,0.513954,0.016539,6.222292,4.369058,63,3099.66,0.028943
2.81250,2,6.8105,0.007435,0.514057,0.011570,6.109326,4.296296,69,3800.70,0.043047
2.81250,3,6.8105,0.007445,0.514028,0.012055,6.242790,4.369556,71,4070.91,0.044212
2.81667,0,6.8278,0.013773,0.513978,0.016526,6.134963,4.306518,61,2815.21,0.027822
2.81667,1,6.8278,0.013775,0.513945,0.016687,6.238892,4.381381,63,3103.76,0.028947
2.81667,2,6.8278,0.007484,0.514056,0.011616,6.122638,4.305980,70,3796.00,0.043055
2.81667,3,6.8278,0.007483,0.514028,0.012102,6.231325,4.381185,71,4075.06,0.044237
2.82083,0,6.8451,0.013921,0.513968,0.016849,6.147221,4.317622,62,2822.18,0.027806
2.82083,1,6.8451,0.013924,0.513937,0.016859,6.255457,4.390994,63,3100.34,0.028950
2.82083,2,6.8451,0.007527,0.514057,0.011658,6.136632,4.317119,70,3804.23,0.043067
2.82083,3,6.8451,0.007534,0.514025,0.012159,6.258571,4.391996,71,4080.91,0.044265
2.82500,0,6.8625,0.014063,0.513963,0.017178,6.161324,4.328134,62,2812.90,0.027788
2.82500,1,6.8625,0.014075,0.513927,0.017206,6.274063,4.403554,63,3102.23,0.028953
2.82500,2,6.8625,0.007580,0.514057,0.011705,6.154410,4.326466,69,3789.86,0.043076
2.82500,3,6.8625,0.007580,0.514024,0.012208,6.272841,4.403999,71,4081.13,0.044293
2.82917,0,6.8798,0.014222,0.513953,0.017529,6.177494,4.338490,62,2821.42,0.027773
2.82917,1,6.8798,0.014217,0.513918,0.017537,6.287510,4.415440,63,3113.73,0.028960
2.82917,2,6.8798,0.007626,0.514056,0.011748,6.167590,4.336376,69,3788.74,0.043083
2.82917,3,6.8798,0.007632,0.514021,0.012265,6.281196,4.415504,71,4085.56,0.044320
2.83333,0,6.8972,0.014360,0.513944,0.017852,6.188316,4.348043,61,2814.38,0.027759
2.83333,1,6.8972,0.014368,0.513910,0.017864,6.307169,4.427073,63,3104.99,0.028963
2.83333,2,6.8972,0.007672,0.514056,0.011795,6.218573,4.347754,69,3797.80,0.043093
2.83333,3,6.8972,0.007675,0.514020,0.012311,6.311862,4.426703,71,4084.37,0.044346
2.83750,0,6.9146,0.014515,0.513936,0.018183,6.205754,4.358539,62,2813.69,0.027745
2.83750,1,6.9146,0.014517,0.513899,0.018195,6.321023,4.439368,63,3111.17,0.028968
2.83750,2,6.9146,0.007726,0.514056,0.011846,6.197870,4.357042,70,3788.85,0.043102
2.83750,3,6.9146,0.007733,0.514021,0.012373,6.328983,4.440032,71,4086.97,0.044372
2.84167,0,6.9320,0.014658,0.513925,0.018520,6.221257,4.367275,62,2815.81,0.027733
2.84167,1,6.9320,0.014665,0.513891,0.018546,6.341313,4.450510,63,3112.18,0.028974
2.84167,2,6.9320,0.007777,0.514055,0.011894,6.217326,4.367695,69,3790.85,0.043110
2.84167,3,6.9320,0.007780,0.514021,0.012424,6.360774,4.451460,71,4090.07,0.044397
2.84583,0,6.9495,0.014809,0.513916,0.018871,6.237410,4.378204,62,2810.60,0.027721
2.84583,1,6.9495,0.014815,0.513882,0.018876,6.358122,4.462566,63,3107.78,0.028976
2.84583,2,6.9495,0.007831,0.514053,0.011947,6.237412,4.376531,70,3790.77,0.043120
2.84583,3,6.9495,0.007834,0.514018,0.012483,6.347699,4.463620,71,4098.71,0.044425
2.85000,0,6.9669,0.014957,0.513908,0.019195,6.249010,4.388948,62,2809.81,0.027708
2.85000,1,6.9669,0.014963,0.513871,0.019222,6.373103,4.474483,63,3111.50,0.028979
2.85000,2,6.9669,0.007881,0.514054,0.011995,6.250527,4.387114,69,3786.71,0.043128
2.85000,3,6.9669,0.007889,0.514018,0.012539,6.364229,4.475273,71,4102.87,0.044455
2.85417,0,6.9844,0.015111,0.513903,0.019537,6.267386,4.398350,61,2799.46,0.027692
2.85417,1,6.9844,0.015113,0.513862,0.019554,6.391786,4.486201,63,3104.79,0.028977
2.85417,2,6.9844,0.007940,0.514052,0.012053,6.306111,4.398410,70,3788.97,0.043138
2.85417,3,6.9844,0.007945,0.514016,0.012597,6.409574,4.485717,71,4087.61,0.044477
2.85833,0,7.0019,0.015255,0.513883,0.019884,6.280176,4.409786,63,2868.26,0.027705
2.85833,1,7.0019,0.015262,0.513851,0.019897,6.408426,4.498169,63,3116.38,0.028985
2.85833,2,7.0019,0.007993,0.514052,0.012103,6.347583,4.407789,69,3786.85,0.043146
2.85833,3,7.0019,0.007996,0.514016,0.012655,6.396604,4.499399,71,4102.42,0.044502
2.86250,0,7.0194,0.015400,0.513862,0.020221,6.294044,4.417158,63,2847.00,0.027721
2.86250,1,7.0194,0.015413,0.513839,0.020258,6.425836,4.509511,63,3125.59,0.029000
2.86250,2,7.0194,0.008051,0.514051,0.012159,6.304498,4.418567,70,3781.33,0.043153
2.86250,3,7.0194,0.008057,0.514015,0.012723,6.438684,4.510134,71,4100.51,0.044525
2.86667,0,7.0369,0.015551,0.513857,0.020561,6.307729,4.427121,63,2829.10,0.027729
2.86667,1,7.0369,0.015559,0.513830,0.020596,6.446045,4.520468,63,3110.06,0.029009
2.86667,2,7.0369,0.008106,0.514052,0.012210,6.296903,4.426996,69,3785.85,0.043161
2.86667,3,7.0369,0.008114,0.514013,0.012789,6.432788,4.522149,71,4112.88,0.044553
2.87083,0,7.0545,0.015704,0.513858,0.020922,6.324996,4.440107,62,2817.15,0.027729
2.87083,1,7.0545,0.015706,0.513817,0.020939,6.459401,4.533462,63,3112.39,0.029015
2.87083,2,7.0545,0.008167,0.514052,0.012266,6.339702,4.439412,69,3775.52,0.043166
2.87083,3,7.0545,0.008170,0.514012,0.012853,6.478831,4.535164,71,4114.81,0.044581
2.87500,0,7.0721,0.015851,0.513851,0.021259,6.340605,4.450944,62,2801.02,0.027719
2.87500,1,7.0721,0.015857,0.513809,0.021282,6.478398,4.545487,63,3112.47,0.029018
2.87500,2,7.0721,0.008226,0.514050,0.012322,6.341256,4.449278,68,3769.40,0.043168
2.87500,3,7.0721,0.008232,0.514011,0.012924,6.486433,4.546170,71,4117.10,0.044608
2.87917,0,7.0897,0.015997,0.513839,0.021575,6.351440,4.460162,62,2792.37,0.027701
2.87917,1,7.0897,0.016008,0.513793,0.021627,6.496121,4.558435,63,3147.98,0.029033
2.87917,2,7.0897,0.008289,0.514049,0.012385,6.372411,4.458670,69,3777.32,0.043173
2.87917,3,7.0897,0.008294,0.514009,0.012995,6.490201,4.558363,71,4115.70,0.044633
2.88333,0,7.1073,0.016153,0.513824,0.021956,6.370367,4.469475,62,2793.48,0.027684
2.88333,1,7.1073,0.016153,0.513776,0.021968,6.513097,4.567157,64,3147.81,0.029051
2.88333,2,7.1073,0.008348,0.514050,0.012442,6.358425,4.469039,69,3762.86,0.043174
2.88333,3,7.1073,0.008354,0.514008,0.013065,6.502966,4.570047,71,4134.64,0.044664
2.88750,0,7.1249,0.016292,0.513808,0.022306,6.384421,4.479307,62,2790.75,0.027669
2.88750,1,7.1249,0.016304,0.513767,0.022321,6.529127,4.580141,63,3141.82,0.029067
2.88750,2,7.1249,0.008411,0.514046,0.012508,6.368723,4.479393,69,3780.79,0.043182
2.88750,3,7.1249,0.008416,0.514005,0.013131,6.519377,4.581636,71,4130.61,0.044694
2.89167,0,7.1426,0.016443,0.513799,0.022653,6.397286,4.489098,62,2787.53,0.027654
2.89167,1,7.1426,0.016458,0.513759,0.022673,6.548155,4.592206,63,3139.24,0.029079
2.89167,2,7.1426,0.008476,0.514046,0.012572,6.385550,4.488894,69,3759.73,0.043184
2.89167,3,7.1426,0.008482,0.514005,0.013197,6.533885,4.594564,71,4128.43,0.044721
2.89583,0,7.1603,0.016592,0.513793,0.023015,6.421215,4.501439,62,2778.24,0.027636
2.89583,1,7.1603,0.016593,0.513714,0.023012,6.568328,4.605731,75,3387.41,0.029198
2.89583,2,7.1603,0.008540,0.514045,0.012641,6.399033,4.501257,69,3768.38,0.043189
2.89583,3,7.1603,0.008550,0.514003,0.013269,6.557898,4.607128,71,4133.88,0.044749
2.90000,0,7.1779,0.016744,0.513735,0.023351,6.429496,4.512251,77,3146.11,0.027804
2.90000,1,7.1779,0.016748,0.513489,0.023335,6.579604,4.614624,101,5305.17,0.030242
2.90000,2,7.1779,0.008605,0.514043,0.012717,6.433143,4.510657,70,3782.59,0.043201
2.90000,3,7.1779,0.008609,0.514003,0.013326,6.569010,4.617976,71,4129.74,0.044774
2.90417,0,7.1948,0.016890,0.513500,0.023679,6.441589,4.517319,99,5147.77,0.029108
2.90417,1,7.1948,0.016898,0.513225,0.025135,6.598345,4.629266,109,7564.87,0.032788
2.90417,2,7.1948,0.008671,0.514039,0.012814,6.425618,4.519605,69,3786.55,0.043218
2.90417,3,7.1948,0.008678,0.514002,0.013368,6.587235,4.631217,71,4117.68,0.044793
2.90833,0,7.2114,0.017042,0.513252,0.025094,6.452623,4.527542,107,7246.82,0.032006
2.90833,1,7.2114,0.017036,0.513015,0.029244,6.648623,4.659149,109,9321.06,0.036857
2.90833,2,7.2114,0.008746,0.514033,0.012959,6.442629,4.525376,70,3835.40,0.043256
2.90833,3,7.2114,0.008749,0.514003,0.013392,6.639859,4.644074,71,4082.46,0.044798
2.91250,0,7.2254,0.017180,0.513073,0.028622,6.498255,4.554179,105,8650.57,0.036309
2.91250,1,7.2254,0.017202,0.512861,0.031683,6.742789,4.702599,98,10580.12,0.042164
2.91250,2,7.2254,0.008813,0.514027,0.013107,6.443879,4.532140,71,3880.81,0.043317
2.91250,3,7.2254,0.008824,0.514004,0.013429,6.628271,4.656236,71,4066.85,0.044798
2.91667,0,7.2548,0.017349,0.512953,0.030506,6.571935,4.597159,96,9648.19,0.041685
2.91667,1,7.2548,0.017376,0.512789,0.032654,6.821881,4.771593,101,11154.99,0.048216
2.91667,2,7.2548,0.008902,0.514018,0.013302,6.459234,4.540153,71,3940.53,0.043408
2.91667,3,7.2548,0.008910,0.514004,0.013520,6.676695,4.685778,71,4068.03,0.044803
2.92083,0,7.2296,0.017505,0.512915,0.031063,6.624280,4.634764,97,9894.11,0.047569
2.92083,1,7.2296,0.017498,0.512807,0.032457,6.833313,4.777539,100,10864.05,0.054345
2.92083,2,7.2296,0.008971,0.514011,0.013453,6.457770,4.540815,71,3987.52,0.043527
2.92083,3,7.2296,0.008977,0.514005,0.013521,6.622256,4.654935,71,4022.55,0.044799
2.92500,0,7.2470,0.017677,0.512951,0.030698,6.625089,4.649529,95,9446.40,0.053323
2.92500,1,7.2470,0.017676,0.512855,0.031893,6.900190,4.831533,98,10267.26,0.060070
2.92500,2,7.2470,0.009071,0.514004,0.013633,6.432978,4.522705,71,4031.75,0.043665
2.92500,3,7.2470,0.009080,0.514004,0.013609,6.677015,4.694628,71,4013.36,0.044796
2.92917,0,7.2854,0.017803,0.513000,0.030046,6.730060,4.700891,93,8886.87,0.058593
2.92917,1,7.2854,0.017813,0.512905,0.031216,6.906935,4.837505,95,9630.18,0.065162
2.92917,2,7.2854,0.009149,0.513996,0.013856,6.497095,4.564675,71,4105.83,0.043835
2.92917,3,7.2854,0.009157,0.514001,0.013713,6.684516,4.697035,71,4027.03,0.044810
2.93333,0,7.3144,0.017973,0.513042,0.029485,6.689505,4.691401,92,8341.34,0.063235
2.93333,1,7.3144,0.017999,0.512939,0.030841,6.961846,4.869111,94,9213.38,0.069632
2.93333,2,7.3144,0.009254,0.513984,0.014125,6.486710,4.560341,72,4193.15,0.044048
2.93333,3,7.3144,0.009263,0.513998,0.013869,6.744178,4.738307,71,4043.76,0.044851
2.93750,0,7.3340,0.018119,0.513058,0.029213,6.753579,4.717155,90,8053.37,0.067332
2.93750,1,7.3340,0.018130,0.512954,0.030582,6.936826,4.847481,93,8902.95,0.073563
2.93750,2,7.3340,0.009333,0.513970,0.014386,6.541437,4.595709,73,4295.14,0.044314
2.93750,3,7.3340,0.009343,0.513993,0.013970,6.723405,4.724631,71,4046.19,0.044918
2.94167,0,7.3415,0.018306,0.513061,0.029158,6.703979,4.695759,89,7866.47,0.070986
2.94167,1,7.3415,0.018323,0.512954,0.030589,6.925790,4.857982,93,8776.95,0.077102
2.94167,2,7.3415,0.009431,0.513957,0.014628,6.524592,4.585284,74,4373.55,0.044624
2.94167,3,7.3415,0.009441,0.513991,0.014065,6.752647,4.746532,71,4035.28,0.045003
2.94583,0,7.3597,0.018443,0.513055,0.029206,6.735061,4.722177,90,7784.79,0.074317
2.94583,1,7.3597,0.018449,0.512956,0.030537,6.921436,4.842138,93,8621.01,0.080315
2.94583,2,7.3597,0.009502,0.513946,0.014832,6.573948,4.618545,74,4434.69,0.044963
2.94583,3,7.3597,0.009509,0.513988,0.014118,6.736530,4.735011,71,4013.66,0.045096
2.95000,0,7.3861,0.018616,0.513056,0.029234,6.738293,4.715686,89,7647.37,0.077361
2.95000,1,7.3861,0.018624,0.512957,0.030589,6.964570,4.876896,92,8536.47,0.083276
2.95000,2,7.3861,0.009590,0.513938,0.015025,6.566947,4.612816,75,4485.62,0.045321
2.95000,3,7.3861,0.009600,0.513989,0.014231,6.793354,4.771812,71,3999.67,0.045197
2.95417,0,7.4044,0.018738,0.513057,0.029215,6.766328,4.744955,89,7534.70,0.080162
2.95417,1,7.4044,0.018741,0.512959,0.030499,6.953707,4.866108,92,8346.46,0.085974
2.95417,2,7.4044,0.009667,0.513931,0.015201,6.607777,4.643286,75,4520.57,0.045684
2.95417,3,7.4044,0.009672,0.513983,0.014334,6.779874,4.763226,71,4011.49,0.045312
2.95833,0,7.4303,0.018892,0.513059,0.029105,6.784441,4.739647,87,7325.89,0.082695
2.95833,1,7.4303,0.018911,0.512956,0.030486,7.021605,4.901603,91,8180.48,0.088418
2.95833,2,7.4303,0.009758,0.513924,0.015374,6.600357,4.636588,75,4548.67,0.046047
2.95833,3,7.4303,0.009770,0.513978,0.014499,6.833019,4.799318,71,4027.86,0.045447
2.96250,0,7.4485,0.019019,0.513058,0.028971,6.813006,4.768282,86,7114.26,0.084957
2.96250,1,7.4485,0.019031,0.512955,0.030364,7.000134,4.892493,90,7972.78,0.090598
2.96250,2,7.4485,0.009843,0.513917,0.015546,6.642836,4.666201,75,4574.23,0.046408
2.96250,3,7.4485,0.009844,0.513972,0.014637,6.821807,4.790661,71,4039.56,0.045597
2.96667,0,7.4743,0.019192,0.513067,0.029218,6.806685,4.759878,86,6859.61,0.086933
2.96667,1,7.4743,0.019203,0.512952,0.030340,7.043550,4.926669,90,7816.18,0.092532
2.96667,2,7.4743,0.009935,0.513911,0.015708,6.636224,4.661324,75,4587.96,0.046761
2.96667,3,7.4743,0.009948,0.513960,0.014837,6.875884,4.830155,71,4072.10,0.045770
2.97083,0,7.4910,0.019319,0.513074,0.029541,6.852533,4.785490,85,6628.20,0.088636
2.97083,1,7.4910,0.019330,0.512956,0.030225,7.019248,4.913815,89,7619.27,0.094215
2.97083,2,7.4910,0.010016,0.513905,0.015870,6.678044,4.689034,75,4590.84,0.047103
2.97083,3,7.4910,0.010025,0.513955,0.014989,6.863268,4.820052,71,4091.66,0.045960
2.97500,0,7.5172,0.019498,0.513083,0.029974,6.846457,4.778797,84,6383.30,0.090070
2.97500,1,7.5172,0.019506,0.512957,0.030212,7.093435,4.945966,89,7437.84,0.095655
2.97500,2,7.5172,0.010114,0.513899,0.016048,6.670835,4.686094,75,4595.92,0.047431
2.97500,3,7.5172,0.010125,0.513947,0.015188,6.918090,4.857541,70,4101.42,0.046158
2.97917,0,7.5317,0.019619,0.513087,0.030257,6.863801,4.800550,83,6179.11,0.091259
2.97917,1,7.5317,0.019624,0.512958,0.030293,7.061471,4.935502,88,7234.76,0.096854
2.97917,2,7.5317,0.010197,0.513887,0.016228,6.709832,4.710980,75,4618.11,0.047755
2.97917,3,7.5317,0.010204,0.513939,0.015342,6.906543,4.848097,71,4118.54,0.046365
2.98333,0,7.5579,0.019768,0.513091,0.030674,6.865977,4.795306,82,5932.78,0.092198
2.98333,1,7.5579,0.019784,0.512953,0.030708,7.091878,4.966265,87,7090.48,0.097839
2.98333,2,7.5579,0.010302,0.513877,0.016421,6.704159,4.704682,75,4646.63,0.048079
2.98333,3,7.5579,0.010309,0.513933,0.015544,6.954117,4.882582,70,4118.86,0.046576
2.98750,0,7.5722,0.019900,0.513088,0.030964,6.877070,4.814006,81,5740.00,0.092918
2.98750,1,7.5722,0.019912,0.512945,0.031024,7.082952,4.956813,86,6916.73,0.098615
2.98750,2,7.5722,0.010387,0.513864,0.016605,6.749473,4.728499,76,4674.81,0.048406
2.98750,3,7.5722,0.010397,0.513925,0.015704,6.945157,4.873730,70,4130.89,0.046793
2.99167,0,7.5987,0.020058,0.513091,0.031383,6.895482,4.810271,80,5519.83,0.093421
2.99167,1,7.5987,0.020076,0.512935,0.031409,7.131399,4.984953,86,6763.84,0.099195
2.99167,2,7.5987,0.010485,0.513851,0.016781,6.757847,4.727628,76,4685.11,0.048728
2.99167,3,7.5987,0.010496,0.513913,0.015895,7.011183,4.905620,70,4137.05,0.047012
2.99583,0,7.6109,0.020203,0.513083,0.031706,6.902730,4.830532,79,5356.94,0.093740
2.99583,1,7.6109,0.020205,0.512926,0.031747,7.112080,4.972559,85,6597.29,0.099587
2.99583,2,7.6109,0.010574,0.513841,0.016963,6.782814,4.749981,76,4706.58,0.049047
2.99583,3,7.6109,0.010585,0.513904,0.016042,6.982085,4.896584,71,4140.38,0.047232
3.00000,0,7.6392,0.020358,0.513083,0.032103,6.895987,4.830951,79,5115.96,0.093854
3.00000,1,7.6392,0.020367,0.512915,0.032130,7.170291,5.000450,85,6477.97,0.099810
3.00000,2,7.6392,0.010676,0.513838,0.017144,6.778382,4.751355,76,4698.40,0.049351
3.00000,3,7.6392,0.010685,0.513903,0.016223,7.032473,4.929794,71,4180.49,0.047466
3.00417,0,7.6472,0.020475,0.513069,0.032410,6.918713,4.843534,78,5049.58,0.093842
3.00417,1,7.6472,0.020487,0.512909,0.032478,7.136501,4.987862,84,6303.50,0.099865
3.00417,2,7.6472,0.010766,0.513813,0.017336,6.804996,4.773849,76,4754.81,0.049667
3.00417,3,7.6472,0.010775,0.513880,0.016334,7.018253,4.923578,70,4204.94,0.047714
3.00833,0,7.6810,0.020622,0.513064,0.032816,6.923620,4.846014,78,4854.45,0.093673
3.00833,1,7.6810,0.020640,0.512902,0.032873,7.192949,5.019482,84,6086.84,0.099730
3.00833,2,7.6810,0.010862,0.513794,0.017508,6.816994,4.777926,76,4795.58,0.049999
3.00833,3,7.6810,0.010875,0.513868,0.016468,7.088222,4.954734,71,4200.27,0.047965
3.01250,0,7.6839,0.020764,0.513054,0.033127,6.943028,4.854095,76,4722.94,0.093361
3.01250,1,7.6839,0.020767,0.512892,0.033186,7.178526,5.006063,83,5922.32,0.099425
3.01250,2,7.6839,0.011016,0.513782,0.017719,6.832546,4.788670,76,4763.63,0.050312
3.01250,3,7.6839,0.010971,0.513865,0.016543,7.055339,4.944590,71,4149.26,0.048189
3.01667,0,7.7205,0.020907,0.513046,0.033518,6.951438,4.862454,76,4537.10,0.092894
3.01667,1,7.7205,0.020921,0.512872,0.033548,7.203784,5.033984,82,5833.79,0.098994
3.01667,2,7.7205,0.011325,0.513772,0.018090,6.864355,4.801127,77,4759.42,0.050602
3.01667,3,7.7205,0.011071,0.513858,0.016680,7.110000,4.977608,71,4124.49,0.048385
3.02083,0,7.7168,0.021039,0.513036,0.033819,6.969874,4.867535,75,4364.42,0.092279
3.02083,1,7.7168,0.021044,0.512856,0.033904,7.207916,5.018328,83,5716.12,0.098438
3.02083,2,7.7168,0.012268,0.513757,0.019101,6.865545,4.808175,76,4725.93,0.050856
3.02083,3,7.7168,0.011157,0.513847,0.016774,7.088864,4.965248,71,4097.51,0.048552
3.02500,0,7.7596,0.021180,0.513018,0.034211,6.980275,4.881364,74,4239.64,0.091547
3.02500,1,7.7596,0.021193,0.512840,0.034259,7.232716,5.051108,82,5555.68,0.097748
3.02500,2,7.7596,0.013293,0.513740,0.020225,6.890720,4.823572,75,4740.65,0.051091
3.02500,3,7.7596,0.011877,0.513834,0.017568,7.141550,5.003175,71,4080.50,0.048697
3.02917,0,7.7520,0.021297,0.513004,0.034541,6.994814,4.879619,73,4086.72,0.090693
3.02917,1,7.7520,0.021312,0.512817,0.034574,7.210484,5.034613,81,5525.23,0.096979
3.02917,2,7.7520,0.014073,0.513737,0.021109,6.898526,4.822934,75,4730.92,0.051302
3.02917,3,7.7520,0.012887,0.513819,0.018612,7.127279,4.987219,72,4075.84,0.048828
3.03333,0,7.7937,0.021439,0.513000,0.034867,6.997869,4.895515,72,3897.90,0.089713
3.03333,1,7.7937,0.021456,0.512802,0.034958,7.264053,5.064980,81,5400.66,0.096106
3.03333,2,7.7937,0.015340,0.513709,0.022498,6.927477,4.844257,74,4750.88,0.051504
3.03333,3,7.7937,0.014053,0.513836,0.019859,7.176602,5.022420,72,4202.59,0.049007
3.03750,0,7.7883,0.021577,0.512979,0.035219,7.001387,4.892558,72,3837.69,0.088660
3.03750,1,7.7883,0.021579,0.512788,0.035251,7.233402,5.050561,81,5243.29,0.095117
3.03750,2,7.7883,0.016421,0.513684,0.023940,6.924287,4.842055,76,4771.50,0.051714
3.03750,3,7.7883,0.012855,0.513844,0.018629,7.165637,5.022309,73,4708.69,0.049423
3.04167,0,7.8303,0.021710,0.512968,0.035590,7.027225,4.908349,71,3671.54,0.087505
3.04167,1,7.8303,0.021720,0.512775,0.035645,7.325248,5.082412,80,5038.85,0.093985
3.04167,2,7.8303,0.016468,0.513656,0.025007,6.962739,4.854976,77,4769.32,0.051966
3.04167,3,7.8303,0.011643,0.513800,0.017153,7.207152,5.067397,74,4564.51,0.049850
3.04583,0,7.8310,0.021835,0.512938,0.035916,7.031183,4.908196,70,3625.51,0.086285
3.04583,1,7.8310,0.021843,0.512742,0.035943,7.271573,5.071548,80,5040.11,0.092803
3.04583,2,7.8310,0.016063,0.513633,0.025520,6.966349,4.856075,77,4790.10,0.052245
3.04583,3,7.8310,0.011774,0.513786,0.016895,7.195930,5.063017,73,4349.61,0.050176
3.05000,0,7.8645,0.021958,0.512912,0.036253,7.051244,4.921227,70,3550.03,0.085018
3.05000,1,7.8645,0.021976,0.512716,0.036307,7.355833,5.095902,80,4953.17,0.091567
3.05000,2,7.8645,0.015760,0.513614,0.025761,6.991552,4.871332,77,4739.60,0.052489
3.05000,3,7.8645,0.011943,0.513846,0.016805,7.254869,5.084936,72,4252.20,0.050409
3.05417,0,7.8686,0.022091,0.512896,0.036586,7.060771,4.922495,70,3330.97,0.083646
3.05417,1,7.8686,0.022099,0.512693,0.036630,7.315726,5.089064,80,4820.51,0.090245
3.05417,2,7.8686,0.015362,0.513594,0.025582,7.009865,4.880311,78,4735.62,0.052700
3.05417,3,7.8686,0.012005,0.513898,0.016639,7.340132,5.084776,71,4143.75,0.050550
3.05833,0,7.8959,0.022217,0.512892,0.036945,7.091100,4.941980,68,2642.86,0.081937
3.05833,1,7.8959,0.022229,0.512715,0.036976,7.330821,5.104501,80,4095.39,0.088518
3.05833,2,7.8959,0.015022,0.513566,0.026536,7.034589,4.895106,78,4748.81,0.052883
3.05833,3,7.8959,0.011995,0.513915,0.016484,7.344257,5.109941,71,4068.90,0.050620
3.06250,0,7.9058,0.022323,0.512792,0.037253,7.077527,4.937218,72,3345.26,0.080380
3.06250,1,7.9058,0.022351,0.512650,0.037312,7.356246,5.114251,80,4526.18,0.086892
3.06250,2,7.9058,0.014591,0.513558,0.026343,7.066319,4.903637,79,4830.58,0.053072
3.06250,3,7.9058,0.012101,0.513909,0.016469,7.273792,5.117002,70,4000.16,0.050639
3.06667,0,7.9242,0.022462,0.512745,0.037598,7.094515,4.942330,76,4133.37,0.079264
3.06667,1,7.9242,0.022446,0.512610,0.037608,7.356326,5.120339,82,5135.57,0.085684
3.06667,2,7.9242,0.014322,0.513580,0.025451,7.102142,4.918460,80,5117.28,0.053371
3.06667,3,7.9242,0.012303,0.513895,0.016593,7.295544,5.129235,70,3952.99,0.050645
3.07083,0,7.9404,0.022648,0.512782,0.038010,7.131193,4.972192,72,3945.70,0.078302
3.07083,1,7.9404,0.022602,0.512627,0.037957,7.384075,5.136488,80,4749.01,0.084501
3.07083,2,7.9404,0.014164,0.513646,0.022032,7.127633,4.956436,81,5761.70,0.053972
3.07083,3,7.9404,0.012416,0.513891,0.016656,7.336390,5.136678,70,3921.99,0.050703
3.07500,0,7.9611,0.022732,0.512812,0.038334,7.210101,4.989209,69,3463.72,0.077189
3.07500,1,7.9611,0.022701,0.512642,0.038267,7.411479,5.144442,78,4404.56,0.083167
3.07500,2,7.9611,0.012438,0.513697,0.019886,7.154416,4.986388,78,5773.21,0.054659
3.07500,3,7.9611,0.012474,0.513905,0.016643,7.350636,5.150312,70,3875.07,0.050791
3.07917,0,7.9799,0.022795,0.512827,0.038604,7.236187,4.994929,66,3015.84,0.075807
3.07917,1,7.9799,0.022829,0.512633,0.038575,7.388685,5.146396,76,4133.63,0.081633
3.07917,2,7.9799,0.012577,0.513660,0.019399,7.199613,5.006652,77,5205.27,0.055096
3.07917,3,7.9799,0.012551,0.513923,0.016654,7.360023,5.165260,69,3828.05,0.050840
3.08333,0,7.9960,0.022937,0.512854,0.038781,7.173729,4.996227,64,2207.86,0.073954
3.08333,1,7.9960,0.022963,0.512597,0.038933,7.444809,5.153760,76,4024.88,0.079913
3.08333,2,7.9960,0.012691,0.513650,0.019129,7.168922,4.998320,78,5062.78,0.055355
3.08333,3,7.9960,0.012632,0.513927,0.016724,7.378841,5.181071,69,3802.34,0.050842
3.08750,0,8.0109,0.023049,0.512827,0.039276,7.201082,5.005992,65,2048.65,0.071868
3.08750,1,8.0109,0.023050,0.512549,0.039215,7.442657,5.157672,77,3958.08,0.078072
3.08750,2,8.0109,0.012779,0.513716,0.018937,7.149154,4.997451,78,4992.07,0.055498
3.08750,3,8.0109,0.012779,0.513916,0.016900,7.381153,5.189094,69,3795.78,0.050811
3.09167,0,8.0253,0.023149,0.512687,0.039520,7.177398,5.018871,70,2770.69,0.070043
3.09167,1,8.0253,0.023152,0.512508,0.039507,7.439043,5.166592,74,3923.06,0.076243
3.09167,2,8.0253,0.012850,0.513768,0.018821,7.184607,5.018107,77,4902.66,0.055547
3.09167,3,8.0253,0.012865,0.513900,0.017024,7.421567,5.196102,69,3795.67,0.050756
3.09583,0,8.0392,0.023305,0.512686,0.039834,7.226544,5.026701,71,4100.01,0.068935
3.09583,1,8.0392,0.023285,0.512463,0.039831,7.832986,5.171269,72,3823.37,0.074542
3.09583,2,8.0392,0.012890,0.513782,0.018736,7.230705,5.041932,76,4835.12,0.055525
3.09583,3,8.0392,0.012945,0.513883,0.017165,7.432152,5.205954,70,3811.86,0.050691
3.10000,0,8.0531,0.023491,0.512788,0.040219,7.240927,5.058035,68,3749.12,0.067942
3.10000,1,8.0531,0.023400,0.512404,0.040126,7.452456,5.151058,71,3747.11,0.072923
3.10000,2,8.0531,0.013018,0.513774,0.018742,7.169235,5.053869,76,4771.08,0.055447
3.10000,3,8.0531,0.013064,0.513877,0.017397,7.442419,5.221108,70,3847.37,0.050630
3.10417,0,8.0676,0.023539,0.512863,0.040536,7.297369,5.068454,65,3136.72,0.066725
3.10417,1,8.0676,0.023510,0.512364,0.040472,7.484932,5.159282,71,3722.35,0.071326
3.10417,2,8.0676,0.013197,0.513765,0.018776,7.199751,5.053358,75,4689.79,0.055316
3.10417,3,8.0676,0.013189,0.513872,0.017686,7.464045,5.236512,71,3913.60,0.050589
3.10833,0,8.0821,0.023557,0.512890,0.040638,7.294546,5.063999,61,2600.71,0.065201
3.10833,1,8.0821,0.023618,0.512378,0.040741,7.478583,5.181332,71,3306.44,0.069531
3.10833,2,8.0821,0.013279,0.513767,0.018717,7.231351,5.055097,75,4614.20,0.055142
3.10833,3,8.0821,0.013251,0.513856,0.017933,7.495331,5.248341,72,3995.42,0.050580
3.11250,0,8.0969,0.023735,0.512890,0.041086,7.266160,5.065464,57,2176.31,0.063366
3.11250,1,8.0969,0.023717,0.512398,0.040981,7.485498,5.204425,73,3063.74,0.067536
3.11250,2,8.0969,0.013343,0.513785,0.018641,7.235877,5.067003,73,4530.06,0.054931
3.11250,3,8.0969,0.013340,0.513835,0.018194,7.497018,5.254135,72,4056.40,0.050595
3.11667,0,8.1118,0.023836,0.512888,0.041374,7.278268,5.070308,55,1747.39,0.061224
3.11667,1,8.1118,0.023802,0.512306,0.041322,8.496166,5.242749,82,3532.19,0.065658
3.11667,2,8.1118,0.013448,0.513807,0.018622,7.242592,5.087809,73,4453.92,0.054688
3.11667,3,8.1118,0.013470,0.513817,0.018488,7.511472,5.263287,73,4108.88,0.050627
3.12083,0,8.1267,0.023928,0.512861,0.041643,7.269337,5.073621,55,1919.90,0.059118
3.12083,1,8.1267,0.023939,0.512157,0.041614,7.492653,5.227992,88,6416.11,0.065134
3.12083,2,8.1267,0.013557,0.513815,0.018641,7.277392,5.104273,72,4390.49,0.054424
3.12083,3,8.1267,0.013592,0.513802,0.018755,7.533189,5.277329,73,4188.99,0.050685
3.12500,0,8.1410,0.024113,0.512860,0.041971,7.287168,5.081147,55,1977.57,0.057364
3.12500,1,8.1410,0.024133,0.512240,0.041965,7.563924,5.238577,84,6290.85,0.065055
3.12500,2,8.1410,0.013697,0.513803,0.018779,7.291609,5.109211,72,4383.25,0.054169
3.12500,3,8.1410,0.013692,0.513783,0.018872,7.550656,5.293821,72,4156.88,0.050727
3.12917,0,8.1577,0.024195,0.512869,0.042191,7.298871,5.094236,53,1787.66,0.055817
3.12917,1,8.1577,0.024184,0.512364,0.042418,7.672352,5.269547,78,5197.69,0.064629
3.12917,2,8.1577,0.013807,0.513782,0.018998,7.312057,5.112692,72,4431.50,0.053951
3.12917,3,8.1577,0.013786,0.513789,0.018881,7.568435,5.304582,72,4065.34,0.050718
3.13333,0,8.1694,0.024248,0.512875,0.042405,7.311238,5.100450,52,1346.16,0.054161
3.13333,1,8.1694,0.024204,0.512468,0.042386,7.718571,5.288715,70,4248.99,0.063604
3.13333,2,8.1694,0.013885,0.513761,0.019271,7.327868,5.122964,72,4521.68,0.053789
3.13333,3,8.1694,0.013899,0.513801,0.018831,7.576510,5.308355,71,3911.26,0.050627
3.13750,0,8.1867,0.024333,0.512863,0.042698,7.301853,5.106958,51,1013.54,0.052279
3.13750,1,8.1867,0.024365,0.512516,0.042783,7.572135,5.296089,66,3655.91,0.062055
3.13750,2,8.1867,0.013973,0.513748,0.019591,7.322251,5.141726,73,4639.54,0.053690
3.13750,3,8.1867,0.013996,0.513811,0.018754,7.603636,5.321740,69,3751.07,0.050450
3.14167,0,8.1999,0.024496,0.512788,0.043079,7.321478,5.123179,54,1145.45,0.050340
3.14167,1,8.1999,0.024478,0.512507,0.043196,7.645157,5.288245,64,3283.94,0.060161
3.14167,2,8.1999,0.014127,0.513736,0.019986,7.341068,5.157015,74,4765.19,0.053653
3.14167,3,8.1999,0.014100,0.513814,0.018695,7.642395,5.330266,67,3621.55,0.050203
3.14583,0,8.2144,0.024560,0.512743,0.043310,7.342731,5.141456,55,1627.10,0.048582
3.14583,1,8.2144,0.024553,0.512481,0.043369,7.623098,5.271732,63,3144.68,0.058151
3.14583,2,8.2144,0.014202,0.513721,0.020280,7.372531,5.165948,75,4863.44,0.053662
3.14583,3,8.2144,0.014210,0.513821,0.018661,7.622591,5.341489,65,3603.98,0.049945
3.15000,0,8.2292,0.024698,0.512778,0.043630,7.342562,5.152481,55,2112.94,0.047113
3.15000,1,8.2292,0.024677,0.512456,0.043600,7.604165,5.266701,64,3098.47,0.056184
3.15000,2,8.2292,0.014281,0.513699,0.020539,7.378139,5.173871,75,4946.33,0.053711
3.15000,3,8.2292,0.014314,0.513802,0.018628,7.643677,5.352028,67,3804.03,0.049794
3.15417,0,8.2450,0.024800,0.512813,0.043912,7.413064,5.163760,56,2095.65,0.045759
3.15417,1,8.2450,0.024760,0.512431,0.043850,7.609036,5.283972,64,3027.06,0.054279
3.15417,2,8.2450,0.014394,0.513677,0.020773,7.407479,5.178418,76,4992.71,0.053802
3.15417,3,8.2450,0.014386,0.513753,0.018471,7.656824,5.356985,69,3844.37,0.049715
3.15833,0,8.2611,0.024836,0.512809,0.044075,7.402924,5.167377,55,1974.05,0.044411
3.15833,1,8.2611,0.024857,0.512412,0.044171,7.626155,5.305718,65,2999.96,0.052443
3.15833,2,8.2611,0.014500,0.513661,0.020925,7.430290,5.193870,76,4996.20,0.053912
3.15833,3,8.2611,0.014490,0.513755,0.018297,7.658895,5.371102,69,3759.09,0.049634
3.16250,0,8.2767,0.024906,0.512789,0.044285,7.376359,5.172747,53,1778.37,0.043003
3.16250,1,8.2767,0.024926,0.512402,0.044376,7.632056,5.314715,65,2932.49,0.050644
3.16250,2,8.2767,0.014602,0.513659,0.021015,7.427250,5.208884,75,4928.81,0.053990
3.16250,3,8.2767,0.014647,0.513813,0.018565,7.680522,5.388368,68,3566.36,0.049471
3.16667,0,8.2909,0.025049,0.512769,0.044758,7.429493,5.183075,52,1633.85,0.041532
3.16667,1,8.2909,0.025040,0.512386,0.044645,7.659268,5.310614,65,2868.58,0.048869
3.16667,2,8.2909,0.014692,0.513654,0.021093,7.453766,5.220389,75,4874.34,0.054008
3.16667,3,8.2909,0.014743,0.513843,0.019044,7.741528,5.400999,67,3476.97,0.049240
3.17083,0,8.3043,0.025125,0.512757,0.044862,7.428177,5.194309,51,1570.94,0.040037
3.17083,1,8.3043,0.025114,0.512353,0.044830,7.677179,5.307828,65,2820.89,0.047124
3.17083,2,8.3043,0.014781,0.513649,0.021196,7.477866,5.229655,74,4842.83,0.053972
3.17083,3,8.3043,0.014772,0.513841,0.018659,7.837112,5.415082,66,3422.98,0.048965
3.17500,0,8.3172,0.025216,0.512762,0.045084,7.452458,5.205485,50,1120.02,0.038365
3.17500,1,8.3172,0.025190,0.512314,0.045096,7.710728,5.318060,67,2826.73,0.045404
3.17500,2,8.3172,0.014884,0.513637,0.021341,7.500493,5.233975,75,4834.10,0.053897
3.17500,3,8.3172,0.014856,0.513819,0.019045,7.732254,5.423074,66,3414.52,0.048677
3.17917,0,8.3302,0.025301,0.512728,0.045306,7.431219,5.208879,51,981.18,0.036610
3.17917,1,8.3302,0.025299,0.512276,0.045351,7.668515,5.330611,68,2789.29,0.043699
3.17917,2,8.3302,0.014972,0.513616,0.021490,7.536406,5.246210,75,4816.41,0.053793
3.17917,3,8.3302,0.014985,0.513797,0.019343,7.745697,5.427907,66,3414.27,0.048391
3.18333,0,8.3432,0.025359,0.512671,0.045526,7.447855,5.208575,54,1473.58,0.035089
3.18333,1,8.3432,0.025389,0.512251,0.045648,7.733109,5.341195,70,2609.07,0.042001
3.18333,2,8.3432,0.015081,0.513598,0.021692,7.517541,5.257333,75,4822.80,0.053676
3.18333,3,8.3432,0.015113,0.513792,0.019615,7.777884,5.436165,66,3414.03,0.048117
3.18750,0,8.3563,0.025442,0.512661,0.045780,7.455990,5.214468,54,1879.54,0.033862
3.18750,1,8.3563,0.025439,0.512244,0.045810,7.716060,5.347210,72,2410.41,0.040320
3.18750,2,8.3563,0.015182,0.513582,0.021880,7.521008,5.269103,75,4830.98,0.053556
3.18750,3,8.3563,0.015212,0.513796,0.019779,7.788901,5.450948,66,3416.82,0.047858
3.19167,0,8.3695,0.025563,0.512670,0.046075,7.453527,5.229419,53,1853.11,0.032743
3.19167,1,8.3695,0.025549,0.512165,0.046081,7.724766,5.353883,78,3154.72,0.039050
3.19167,2,8.3695,0.015269,0.513577,0.022023,7.533683,5.280005,75,4845.47,0.053441
3.19167,3,8.3695,0.015287,0.513800,0.019943,7.797293,5.463982,66,3437.89,0.047624
3.19583,0,8.3827,0.025637,0.512671,0.046373,7.503824,5.241928,52,1685.38,0.031676
3.19583,1,8.3827,0.025650,0.512066,0.046287,7.728658,5.355766,82,4834.06,0.038712
3.19583,2,8.3827,0.015358,0.513551,0.022130,7.564204,5.284482,77,4793.84,0.053307
3.19583,3,8.3827,0.015363,0.513801,0.020142,7.810681,5.475851,66,3438.63,0.047404
3.20000,0,8.3956,0.025677,0.512675,0.046446,7.537129,5.250529,50,1462.92,0.030733
3.20000,1,8.3956,0.025681,0.512090,0.046510,7.751382,5.363997,77,4368.44,0.038504
3.20000,2,8.3956,0.015454,0.513530,0.022269,7.581982,5.289760,76,4807.36,0.053173
3.20000,3,8.3956,0.015474,0.513754,0.020434,7.823070,5.481960,67,3593.05,0.047264
3.20417,0,8.4100,0.025782,0.512680,0.046694,7.525175,5.256789,48,1154.57,0.029767
3.20417,1,8.4100,0.025712,0.512173,0.046625,7.769433,5.386089,72,3638.68,0.037993
3.20417,2,8.4100,0.016039,0.513513,0.022946,7.597608,5.295754,76,4779.38,0.053041
3.20417,3,8.4100,0.015581,0.513734,0.020717,7.845770,5.484842,66,3509.18,0.047118
3.20833,0,8.4233,0.025840,0.512671,0.046907,7.513565,5.257950,46,693.49,0.028582
3.20833,1,8.4233,0.025808,0.512248,0.046907,7.812141,5.398583,68,3117.89,0.037097
3.20833,2,8.4233,0.017231,0.513477,0.024858,7.637869,5.300590,78,4842.07,0.052937
3.20833,3,8.4233,0.015649,0.513732,0.020889,7.857329,5.495143,67,3469.44,0.046961
3.21250,0,8.4371,0.025896,0.512618,0.047109,7.527530,5.261865,47,658.81,0.027283
3.21250,1,8.4371,0.025949,0.512277,0.047377,7.875916,5.401193,67,2484.39,0.035773
3.21250,2,8.4371,0.016282,0.513431,0.025113,7.614412,5.304941,79,4925.16,0.052877
3.21250,3,8.4371,0.015814,0.513744,0.021200,7.865672,5.512569,66,3400.90,0.046784
3.21667,0,8.4512,0.025983,0.512565,0.047299,7.524476,5.268511,48,1165.54,0.026130
3.21667,1,8.4512,0.026021,0.512216,0.047337,7.804911,5.394237,70,2478.12,0.034356
3.21667,2,8.4512,0.015851,0.513396,0.026025,7.626626,5.314506,80,4959.10,0.052841
3.21667,3,8.4512,0.015877,0.513758,0.021274,7.901648,5.527314,65,3343.08,0.046587
3.22083,0,8.4650,0.026083,0.512573,0.047536,7.545966,5.279509,48,1449.22,0.025160
3.22083,1,8.4650,0.026044,0.512151,0.047498,7.826775,5.394938,72,3319.57,0.033357
3.22083,2,8.4650,0.015942,0.513372,0.027325,7.636146,5.323135,81,4987.26,0.052815
3.22083,3,8.4650,0.015959,0.513745,0.021518,7.903749,5.533729,65,3323.92,0.046386
3.22500,0,8.4785,0.026159,0.512595,0.047783,7.621312,5.293775,48,1473.94,0.024356
3.22500,1,8.4785,0.026106,0.512148,0.047753,7.791252,5.403545,71,3457.87,0.032623
3.22500,2,8.4785,0.016035,0.513357,0.026801,7.659138,5.331713,81,4967.59,0.052778
3.22500,3,8.4785,0.016030,0.513731,0.021757,7.909000,5.538051,65,3353.41,0.046205
3.22917,0,8.4923,0.026182,0.512602,0.047931,7.569393,5.300659,47,1348.35,0.023623
3.22917,1,8.4923,0.026226,0.512156,0.048055,7.816600,5.419991,70,3244.86,0.031920
3.22917,2,8.4923,0.016135,0.513336,0.028065,7.708120,5.346180,82,4984.73,0.052741
3.22917,3,8.4923,0.016148,0.513704,0.022035,7.917636,5.542233,66,3467.06,0.046088
3.23333,0,8.5065,0.026220,0.512593,0.048073,7.632983,5.304115,46,1211.74,0.022879
3.23333,1,8.5065,0.026241,0.512169,0.048191,7.874485,5.432761,69,3034.64,0.031147
3.23333,2,8.5065,0.016236,0.513318,0.028474,7.706455,5.352963,82,4976.02,0.052709
3.23333,3,8.5065,0.016251,0.513685,0.022302,7.936510,5.559002,67,3598.59,0.046056
3.23750,0,8.5214,0.026316,0.512579,0.048284,7.598362,5.308299,44,1139.16,0.022108
3.23750,1,8.5214,0.026331,0.512178,0.048320,7.855644,5.437607,68,2722.22,0.030228
3.23750,2,8.5214,0.016325,0.513318,0.028883,7.739796,5.363906,82,5023.83,0.052711
3.23750,3,8.5214,0.016358,0.513672,0.022456,7.965161,5.579671,68,3556.15,0.046042
3.24167,0,8.5363,0.026385,0.512564,0.048474,7.606870,5.315379,44,920.65,0.021223
3.24167,1,8.5363,0.026385,0.512150,0.048468,7.870630,5.438611,68,2854.63,0.029320
3.24167,2,8.5363,0.016406,0.513363,0.024317,7.740480,5.394842,81,5444.83,0.052909
3.24167,3,8.5363,0.016480,0.513681,0.022779,7.966635,5.585070,67,3524.98,0.046058
3.24583,0,8.5528,0.026465,0.512551,0.048663,7.614280,5.327196,44,691.10,0.020221
3.24583,1,8.5528,0.026432,0.512115,0.048670,7.863370,5.438288,69,2805.84,0.028396
3.24583,2,8.5528,0.016499,0.513402,0.024291,7.764599,5.416951,80,5898.95,0.053365
3.24583,3,8.5528,0.016553,0.513691,0.023062,7.996615,5.592392,67,3476.61,0.046120
3.25000,0,8.5712,0.026506,0.512535,0.048820,7.648656,5.342179,45,738.06,0.019226
3.25000,1,8.5712,0.026495,0.512075,0.048863,7.883939,5.447335,70,2822.52,0.027494
3.25000,2,8.5712,0.016589,0.513363,0.023956,7.781568,5.437326,78,5739.99,0.053824
3.25000,3,8.5712,0.016597,0.513699,0.022901,8.067136,5.602155,66,3398.50,0.046176
3.25417,0,8.5879,0.026550,0.512498,0.048952,7.643159,5.348221,47,994.76,0.018380
3.25417,1,8.5879,0.026562,0.512038,0.049030,7.881659,5.458924,72,2982.27,0.026720
3.25417,2,8.5879,0.016739,0.513379,0.023728,7.794190,5.443564,79,5426.71,0.054124
3.25417,3,8.5879,0.016676,0.513700,0.023263,8.005621,5.615886,65,3311.08,0.046174
3.25833,0,8.6020,0.026609,0.512473,0.049151,7.661529,5.350840,48,1263.51,0.017752
3.25833,1,8.6020,0.026614,0.512017,0.049190,7.892220,5.470349,73,3077.79,0.026092
3.25833,2,8.6020,0.016872,0.513444,0.023844,7.773053,5.445423,78,5337.61,0.054302
3.25833,3,8.6020,0.016807,0.513690,0.023579,8.029497,5.627296,64,3273.94,0.046122
3.26250,0,8.6151,0.026657,0.512482,0.049248,7.681360,5.359890,47,1368.03,0.017287
3.26250,1,8.6151,0.026656,0.512000,0.049295,7.898717,5.474780,73,3081.82,0.025565
3.26250,2,8.6151,0.016914,0.513481,0.023983,7.835949,5.456923,77,5264.17,0.054385
3.26250,3,8.6151,0.016943,0.513676,0.023755,8.059964,5.638557,64,3275.34,0.046043
3.26667,0,8.6275,0.026728,0.512490,0.049482,7.673965,5.369737,47,1283.05,0.016869
3.26667,1,8.6275,0.026723,0.511996,0.049451,7.904679,5.476911,74,2861.17,0.025003
3.26667,2,8.6275,0.016912,0.513479,0.023726,7.918607,5.475199,77,5198.43,0.054395
3.26667,3,8.6275,0.017011,0.513667,0.023949,8.067968,5.646998,65,3311.02,0.045964
3.27083,0,8.6399,0.026760,0.512489,0.049630,7.700009,5.377311,45,1044.40,0.016365
3.27083,1,8.6399,0.026758,0.511942,0.049569,7.938626,5.481523,76,2843.67,0.024423
3.27083,2,8.6399,0.016990,0.513463,0.024032,7.820329,5.489157,77,5149.89,0.054353
3.27083,3,8.6399,0.017064,0.513653,0.024129,8.083124,5.656438,65,3356.52,0.045897
3.27500,0,8.6523,0.026829,0.512480,0.049713,7.694759,5.381315,44,763.60,0.015715
3.27500,1,8.6523,0.026786,0.511869,0.049810,8.000485,5.490748,78,3476.81,0.024102
3.27500,2,8.6523,0.017185,0.513447,0.024439,7.823633,5.495199,77,5127.76,0.054285
3.27500,3,8.6523,0.017152,0.513640,0.024403,8.091273,5.668554,66,3421.36,0.045860
3.27917,0,8.6650,0.026875,0.512457,0.049863,7.710814,5.385599,45,633.60,0.015029
3.27917,1,8.6650,0.026853,0.511842,0.049898,7.927814,5.490685,80,3820.71,0.024012
3.27917,2,8.6650,0.017306,0.513443,0.024647,7.870040,5.499413,77,5128.06,0.054214
3.27917,3,8.6650,0.017261,0.513625,0.024621,8.090149,5.676510,65,3441.53,0.045840
3.28333,0,8.6781,0.026900,0.512403,0.049995,7.712231,5.387977,46,910.32,0.014529
3.28333,1,8.6781,0.026933,0.511850,0.050097,7.969206,5.502344,79,3698.32,0.023968
3.28333,2,8.6781,0.017378,0.513447,0.024764,7.891884,5.509815,77,5155.33,0.054159
3.28333,3,8.6781,0.017368,0.513606,0.024890,8.113281,5.683669,66,3477.70,0.045843
3.28750,0,8.6916,0.026955,0.512387,0.050220,7.726947,5.391314,47,1261.10,0.014285
3.28750,1,8.6916,0.026943,0.511858,0.050221,7.959456,5.511336,78,3482.86,0.023880
3.28750,2,8.6916,0.017445,0.513448,0.024948,7.896194,5.523215,77,5193.28,0.054131
3.28750,3,8.6916,0.017470,0.513603,0.025105,8.133869,5.691880,66,3471.74,0.045853
3.29167,0,8.7052,0.027015,0.512410,0.050297,7.740921,5.404492,47,1351.46,0.014178
3.29167,1,8.7052,0.026991,0.511861,0.050324,8.047161,5.516867,77,3221.67,0.023686
3.29167,2,8.7052,0.017502,0.513434,0.025180,7.896399,5.536166,78,5231.49,0.054131
3.29167,3,8.7052,0.017546,0.513573,0.025291,8.141139,5.704652,67,3589.64,0.045920
3.29583,0,8.7196,0.027063,0.512428,0.050481,7.753408,5.414764,45,1204.59,0.014037
3.29583,1,8.7196,0.027037,0.511848,0.050420,7.987101,5.519772,77,2817.98,0.023278
3.29583,2,8.7196,0.017628,0.513412,0.025460,7.910555,5.542076,77,5246.47,0.054157
3.29583,3,8.7196,0.017629,0.513552,0.025457,8.151134,5.709488,67,3548.29,0.045989
3.30000,0,8.7340,0.027075,0.512427,0.050521,7.814028,5.420669,44,1072.95,0.013786
3.30000,1,8.7340,0.027069,0.511824,0.050615,8.062340,5.534490,81,2786.95,0.022780
3.30000,2,8.7340,0.017742,0.513392,0.025717,7.926157,5.544956,78,5258.58,0.054197
3.30000,3,8.7340,0.017730,0.513548,0.025729,8.177845,5.720355,67,3519.70,0.046046
3.30417,0,8.7483,0.027134,0.512414,0.050633,7.744216,5.422595,44,894.26,0.013403
3.30417,1,8.7483,0.027153,0.511698,0.050766,7.997534,5.556884,85,4194.12,0.022859
3.30417,2,8.7483,0.017819,0.513382,0.025899,7.944861,5.553366,77,5235.18,0.054229
3.30417,3,8.7483,0.017817,0.513550,0.025989,8.183809,5.731687,67,3528.15,0.046097
3.30833,0,8.7619,0.027180,0.512390,0.050798,7.788900,5.426880,44,720.99,0.013017
3.30833,1,8.7619,0.027217,0.511622,0.051002,8.059806,5.544243,86,5692.50,0.023775
3.30833,2,8.7619,0.017923,0.513376,0.026115,7.969953,5.569850,77,5249.16,0.054263
3.30833,3,8.7619,0.017914,0.513537,0.026128,8.280458,5.742821,69,3570.81,0.046163
3.31250,0,8.7763,0.027222,0.512362,0.050925,7.786663,5.435746,46,665.06,0.012798
3.31250,1,8.7763,0.027195,0.511673,0.050957,8.036236,5.542132,85,5125.38,0.024701
3.31250,2,8.7763,0.018034,0.513373,0.026353,7.972350,5.586089,78,5277.52,0.054310
3.31250,3,8.7763,0.018017,0.513287,0.026386,8.217375,5.749617,100,5476.95,0.047050
3.31667,0,8.8010,0.027264,0.512320,0.051066,7.839128,5.451051,47,877.10,0.012780
3.31667,1,8.8010,0.027179,0.511800,0.050919,8.036315,5.575181,81,4339.46,0.025261
3.31667,2,8.8010,0.018068,0.513342,0.026547,7.990146,5.602711,78,5391.42,0.054568
3.31667,3,8.8010,0.018094,0.512911,0.028510,8.205239,5.737227,112,8657.22,0.049574
3.32083,0,8.8445,0.027311,0.512317,0.051156,7.824678,5.467487,47,1226.79,0.012947
3.32083,1,8.8445,0.027263,0.511897,0.051339,8.259829,5.614329,77,3622.26,0.025379
3.32083,2,8.8445,0.018159,0.513319,0.026753,8.055562,5.615508,78,5456.28,0.055260
3.32083,3,8.8445,0.018165,0.512557,0.034302,8.193373,5.727944,113,11611.95,0.053879
3.32500,0,8.9004,0.027363,0.512347,0.051298,7.898864,5.494600,46,1272.11,0.013121
3.32500,1,8.9004,0.027393,0.511938,0.051410,8.210119,5.650062,75,2942.96,0.025044
3.32500,2,8.9004,0.018299,0.513195,0.027079,8.033855,5.626052,98,6244.28,0.056833
3.32500,3,8.9004,0.019966,0.512260,0.038228,8.274083,5.726623,110,14234.03,0.059875
3.32917,0,8.9722,0.027389,0.512352,0.051514,7.933523,5.531230,46,1236.52,0.013186
3.32917,1,8.9722,0.027428,0.511908,0.051486,8.326647,5.698984,73,2446.27,0.024338
3.32917,2,8.9722,0.018430,0.512921,0.027382,8.079438,5.639395,114,8581.64,0.060101
3.32917,3,8.9722,0.021976,0.512074,0.040383,8.334042,5.757064,115,15840.05,0.067195
3.33333,0,9.0436,0.027420,0.512323,0.051566,8.005340,5.578098,47,1297.86,0.013149
3.33333,1,9.0436,0.027403,0.511867,0.051573,8.308260,5.738738,74,2106.20,0.023378
3.33333,2,9.0436,0.018518,0.512683,0.031700,8.088719,5.647610,118,10619.35,0.065115
3.33333,3,9.0436,0.022376,0.512033,0.040898,8.409972,5.784155,114,16102.59,0.075142
3.33750,0,9.0751,0.027426,0.512270,0.051646,8.052700,5.616617,50,1579.01,0.013125
3.33750,1,9.0751,0.027425,0.511815,0.051667,8.290511,5.740836,74,2539.86,0.022578
3.33750,2,9.0751,0.018571,0.512475,0.035631,8.126685,5.652091,113,12398.35,0.071602
3.33750,3,9.0751,0.021504,0.512115,0.040104,8.336145,5.781528,111,15183.32,0.082958
3.34167,0,9.1253,0.027466,0.512207,0.051692,8.105529,5.655664,55,1945.95,0.013264
3.34167,1,9.1253,0.027457,0.511847,0.051922,8.306768,5.753642,72,3343.18,0.022263
3.34167,2,9.1253,0.019465,0.512294,0.038085,8.157592,5.670734,108,13943.57,0.079170
3.34167,3,9.1253,0.020154,0.512229,0.038804,8.307049,5.801307,108,13927.58,0.090232
3.34583,0,9.1883,0.027509,0.512146,0.051816,8.170424,5.694307,60,2495.95,0.013756
3.34583,1,9.1883,0.027516,0.511970,0.051794,8.390634,5.793397,69,2581.48,0.021883
3.34583,2,9.1883,0.020737,0.512159,0.039407,8.220210,5.693690,111,14984.51,0.087337
3.34583,3,9.1883,0.018830,0.512326,0.037485,8.381133,5.839419,105,12777.67,0.096851
3.35000,0,9.2237,0.027556,0.512107,0.051951,8.201777,5.712987,64,2939.95,0.014508
3.35000,1,9.2237,0.027548,0.512100,0.051857,8.414925,5.828039,62,1462.39,0.021088
3.35000,2,9.2237,0.021101,0.512114,0.039830,8.231401,5.695363,113,15160.51,0.095508
3.35000,3,9.2237,0.018699,0.512408,0.036376,8.399975,5.866695,104,11829.24,0.102809
3.35417,0,9.2398,0.027600,0.512075,0.052081,8.197137,5.720370,66,3184.74,0.015315
3.35417,1,9.2398,0.027556,0.512139,0.052048,8.467406,5.854229,51,856.11,0.019970
3.35417,2,9.2398,0.020931,0.512115,0.039756,8.198897,5.692562,111,14913.83,0.103287
3.35417,3,9.2398,0.018821,0.512462,0.035605,8.452659,5.881189,101,11139.77,0.108178
3.35833,0,9.2626,0.027598,0.512037,0.052082,8.224483,5.734460,67,3363.84,0.016074
3.35833,1,9.2626,0.027618,0.512081,0.052135,8.516256,5.878890,51,793.37,0.018800
3.35833,2,9.2626,0.020573,0.512132,0.039511,8.181282,5.700882,110,14567.84,0.110516
3.35833,3,9.2626,0.018932,0.512491,0.035132,8.458106,5.891041,101,10607.34,0.113040
3.36250,0,9.2850,0.027571,0.512000,0.052118,8.244761,5.745381,68,3526.48,0.016787
3.36250,1,9.2850,0.027571,0.512013,0.052192,8.527220,5.891907,54,854.40,0.017731
3.36250,2,9.2850,0.020136,0.512155,0.039176,8.205323,5.719336,108,14146.98,0.117142
3.36250,3,9.2850,0.019049,0.512492,0.034972,8.488532,5.904951,102,10345.76,0.117538
3.36667,0,9.2988,0.027622,0.511974,0.052251,8.235245,5.745437,69,3592.89,0.017444
3.36667,1,9.2988,0.027665,0.511973,0.052365,8.548513,5.894443,59,1603.29,0.017104
3.36667,2,9.2988,0.019612,0.512187,0.038734,8.278193,5.733307,107,13678.83,0.123172
3.36667,3,9.2988,0.019137,0.512474,0.034995,8.530116,5.919393,102,10276.78,0.121804
3.37083,0,9.3076,0.027662,0.511968,0.052367,8.255891,5.750789,69,3593.24,0.018088
3.37083,1,9.3076,0.027672,0.511985,0.052408,8.546599,5.899364,61,1885.90,0.016816
3.37083,2,9.3076,0.019203,0.512222,0.038188,8.269465,5.744880,106,13189.92,0.128647
3.37083,3,9.3076,0.019213,0.512460,0.035101,8.583091,5.932359,102,10227.39,0.125894
3.37500,0,9.3173,0.027754,0.511975,0.052527,8.259949,5.764462,69,3491.89,0.018686
3.37500,1,9.3173,0.027712,0.512019,0.052581,8.574532,5.917377,61,1908.84,0.016691
3.37500,2,9.3173,0.019292,0.512275,0.037551,8.253303,5.745372,104,12614.53,0.133577
3.37500,3,9.3173,0.019283,0.512446,0.035238,8.548961,5.937908,102,10216.21,0.129836
3.37917,0,9.3291,0.027771,0.511990,0.052628,8.313875,5.780724,68,3295.45,0.019166
3.37917,1,9.3291,0.027759,0.512021,0.052652,8.561426,5.927032,62,2087.17,0.016705
3.37917,2,9.3291,0.019400,0.512330,0.036886,8.297565,5.752866,104,11965.70,0.137962
3.37917,3,9.3291,0.019390,0.512431,0.035408,8.566674,5.942516,102,10249.02,0.133650
3.38333,0,9.3413,0.027754,0.511998,0.052624,8.303735,5.790067,67,3114.72,0.019518
3.38333,1,9.3413,0.027759,0.511972,0.052627,8.673444,5.929482,63,2176.73,0.016800
3.38333,2,9.3413,0.019506,0.512379,0.036232,8.277148,5.764505,103,11372.94,0.141851
3.38333,3,9.3413,0.019514,0.512415,0.035547,8.565607,5.946398,102,10223.24,0.137316
3.38750,0,9.3529,0.027743,0.512004,0.052649,8.355522,5.792768,65,2939.47,0.019743
3.38750,1,9.3529,0.027768,0.511908,0.052654,8.589927,5.930207,64,2462.31,0.017027
3.38750,2,9.3529,0.019597,0.512429,0.035585,8.294564,5.780927,102,10815.91,0.145289
3.38750,3,9.3529,0.019607,0.512401,0.035605,8.598444,5.954527,102,10177.20,0.140819
3.39167,0,9.3641,0.027786,0.512009,0.052724,8.314239,5.795917,65,2853.38,0.019901
3.39167,1,9.3641,0.027811,0.511866,0.052809,8.578617,5.936479,66,2677.87,0.017374
3.39167,2,9.3641,0.019686,0.512472,0.034967,8.317142,5.793215,101,10275.15,0.148308
3.39167,3,9.3641,0.019691,0.512395,0.035592,8.628975,5.966660,101,10043.97,0.144117
3.39583,0,9.3750,0.027841,0.512016,0.052858,8.349429,5.804608,64,2737.97,0.020007
3.39583,1,9.3750,0.027837,0.511845,0.052952,8.603422,5.946392,69,2910.44,0.017837
3.39583,2,9.3750,0.019772,0.512514,0.034397,8.369069,5.803668,100,9793.18,0.150948
3.39583,3,9.3750,0.019767,0.512398,0.035536,8.611301,5.974657,101,9920.43,0.147200
3.40000,0,9.3859,0.027881,0.512018,0.052956,8.349811,5.819917,63,2626.01,0.020074
3.40000,1,9.3859,0.027871,0.511832,0.053000,8.630026,5.960398,72,3219.68,0.018441
3.40000,2,9.3859,0.019858,0.512550,0.033889,8.350358,5.808255,99,9381.24,0.153255
3.40000,3,9.3859,0.019854,0.512405,0.035452,8.624938,5.981768,100,9759.18,0.150052
3.40417,0,9.3966,0.027887,0.512013,0.052987,8.365786,5.831086,63,2613.40,0.020162
3.40417,1,9.3966,0.027867,0.511821,0.052994,8.622110,5.966413,74,3394.18,0.019139
3.40417,2,9.3966,0.019958,0.512583,0.033453,8.373514,5.815449,98,8953.93,0.155243
3.40417,3,9.3966,0.019957,0.512414,0.035343,8.662107,5.986932,100,9574.53,0.152658
3.40833,0,9.4072,0.027881,0.512010,0.053000,8.383696,5.837643,63,2627.31,0.020298
3.40833,1,9.4072,0.027877,0.511797,0.052990,8.627164,5.966202,75,3489.69,0.019878
3.40833,2,9.4072,0.020057,0.512604,0.034748,8.389699,5.821930,96,8552.99,0.156927
3.40833,3,9.4072,0.020060,0.512419,0.035207,8.657673,5.992588,99,9397.53,0.155017
3.41250,0,9.4176,0.027876,0.512007,0.053022,8.384748,5.841566,63,2594.01,0.020461
3.41250,1,9.4176,0.027897,0.511770,0.053044,8.662710,5.968797,76,3581.93,0.020636
3.41250,2,9.4176,0.020151,0.512613,0.034224,8.432775,5.834098,94,8322.43,0.158388
3.41250,3,9.4176,0.020154,0.512430,0.035030,8.641560,6.003453,99,9167.34,0.157119
3.41667,0,9.4281,0.027908,0.511999,0.053068,8.387075,5.844731,63,2631.36,0.020669
3.41667,1,9.4281,0.027925,0.511750,0.053129,8.635673,5.974823,76,3624.04,0.021385
3.41667,2,9.4281,0.020231,0.512621,0.034445,8.431110,5.844048,93,8122.93,0.159666
3.41667,3,9.4281,0.020234,0.512442,0.034818,8.669660,6.011589,98,8922.09,0.158966
3.42083,0,9.4387,0.027946,0.511994,0.053132,8.401701,5.855902,63,2613.58,0.020898
3.42083,1,9.4387,0.027939,0.511750,0.053195,8.670798,5.986697,77,3679.36,0.022119
3.42083,2,9.4387,0.020313,0.512635,0.033581,8.430193,5.851241,92,7930.58,0.160775
3.42083,3,9.4387,0.020312,0.512456,0.034595,8.685136,6.019286,97,8724.36,0.160582
3.42500,0,9.4496,0.027973,0.511982,0.053169,8.415793,5.864845,64,2714.70,0.021187
3.42500,1,9.4496,0.027955,0.511758,0.053240,8.671947,5.996289,77,3710.16,0.022834
3.42500,2,9.4496,0.020400,0.512642,0.034622,8.486081,5.860849,92,7794.77,0.161746
3.42500,3,9.4496,0.020403,0.512476,0.034358,8.719666,6.025962,96,8462.59,0.161960
3.42917,0,9.4607,0.027960,0.511971,0.053223,8.441243,5.872570,64,2760.17,0.021522
3.42917,1,9.4607,0.027962,0.511760,0.053257,8.676725,6.000865,77,3712.34,0.023519
3.42917,2,9.4607,0.020495,0.512652,0.033740,8.449391,5.867187,91,7628.32,0.162573
3.42917,3,9.4607,0.020494,0.512490,0.034114,8.703637,6.030462,96,8235.69,0.163112
3.43333,0,9.4718,0.027954,0.511961,0.053218,8.473766,5.880949,65,2916.68,0.021938
3.43333,1,9.4718,0.027958,0.511764,0.053236,8.702962,6.005479,77,3677.84,0.024162
3.43333,2,9.4718,0.020588,0.512655,0.034096,8.490326,5.877196,92,7501.89,0.163270
3.43333,3,9.4718,0.020585,0.512503,0.033868,8.730563,6.038360,94,7990.79,0.164044
3.43750,0,9.4831,0.027957,0.511959,0.053222,8.482518,5.886416,66,2907.02,0.022369
3.43750,1,9.4831,0.027961,0.511762,0.053256,8.709013,6.011707,76,3661.90,0.024762
3.43750,2,9.4831,0.020667,0.512656,0.033934,8.477063,5.885512,91,7384.00,0.163844
3.43750,3,9.4831,0.020669,0.512519,0.033626,8.722101,6.046303,93,7726.51,0.164752
3.44167,0,9.4943,0.027977,0.511953,0.053232,8.456323,5.892601,66,2980.56,0.022825
3.44167,1,9.4943,0.027972,0.511762,0.053299,8.700505,6.017980,75,3590.09,0.025299
3.44167,2,9.4943,0.020747,0.512660,0.033847,8.536054,5.896136,90,7251.85,0.164287
3.44167,3,9.4943,0.020748,0.512532,0.033406,8.788068,6.058401,92,7526.66,0.165266
3.44583,0,9.5055,0.027992,0.511946,0.053286,8.493146,5.899972,67,3033.98,0.023293
3.44583,1,9.5055,0.027999,0.511763,0.053368,8.784669,6.028650,75,3544.63,0.025779
3.44583,2,9.5055,0.020830,0.512663,0.033832,8.486301,5.903685,91,7138.72,0.164608
3.44583,3,9.5055,0.020826,0.512549,0.033375,8.766297,6.063852,90,7328.48,0.165601
3.45000,0,9.5168,0.028001,0.511939,0.053323,8.482651,5.909535,67,3072.87,0.023761
3.45000,1,9.5168,0.028003,0.511767,0.053360,8.740834,6.035892,75,3564.77,0.026234
3.45000,2,9.5168,0.020916,0.512665,0.034577,8.553609,5.911118,90,7061.29,0.164824
3.45000,3,9.5168,0.020910,0.512559,0.033570,8.779613,6.072151,90,7173.27,0.165787
3.45417,0,9.5283,0.027992,0.511929,0.053301,8.498048,5.918048,67,3135.88,0.024239
3.45417,1,9.5283,0.027996,0.511768,0.053362,8.738188,6.041415,75,3548.96,0.026664
3.45417,2,9.5283,0.020998,0.512668,0.036015,8.541765,5.918401,89,6943.98,0.164929
3.45417,3,9.5283,0.020998,0.512570,0.033813,8.824456,6.080863,89,7011.60,0.165832
3.45833,0,9.5399,0.027983,0.511920,0.053322,8.523358,5.924979,68,3203.76,0.024732
3.45833,1,9.5399,0.027977,0.511772,0.053331,8.808187,6.048924,75,3493.57,0.027055
3.45833,2,9.5399,0.021086,0.512668,0.035467,8.543995,5.927109,89,6847.81,0.164930
3.45833,3,9.5399,0.021083,0.512583,0.034029,8.811664,6.084737,86,6806.70,0.165722
3.46250,0,9.5514,0.027983,0.511919,0.053285,8.603495,5.933665,68,3249.69,0.025226
3.46250,1,9.5514,0.027982,0.511770,0.053351,8.774413,6.055017,75,3504.16,0.027431
3.46250,2,9.5514,0.021162,0.512666,0.035832,8.568674,5.936263,88,6758.09,0.164829
3.46250,3,9.5514,0.021163,0.512588,0.034251,8.822946,6.095200,86,6693.43,0.165495
3.46667,0,9.5631,0.027994,0.511919,0.053258,8.524383,5.937718,68,3277.01,0.025714
3.46667,1,9.5631,0.027989,0.511774,0.053323,8.777584,6.061670,75,3475.54,0.027782
3.46667,2,9.5631,0.021241,0.512664,0.035363,8.569698,5.944645,89,6685.11,0.164639
3.46667,3,9.5631,0.021241,0.512586,0.034428,8.828378,6.101499,86,6618.28,0.165184
3.47083,0,9.5752,0.027993,0.511921,0.053335,8.594506,5.947904,68,3251.63,0.026166
3.47083,1,9.5752,0.028003,0.511775,0.053353,8.810313,6.070359,75,3498.00,0.028122
3.47083,2,9.5752,0.021320,0.512666,0.036166,8.594051,5.952923,87,6584.08,0.164357
3.47083,3,9.5752,0.021317,0.512594,0.034606,8.811617,6.110842,85,6433.11,0.164751
3.47500,0,9.5870,0.027991,0.511918,0.053272,8.549649,5.956863,69,3287.45,0.026604
3.47500,1,9.5870,0.027995,0.511774,0.053321,8.803762,6.077847,74,3509.04,0.028457
3.47500,2,9.5870,0.021403,0.512671,0.036604,8.604383,5.960953,87,6487.41,0.163980
3.47500,3,9.5870,0.021396,0.512602,0.034809,8.845280,6.119361,84,6263.50,0.164193
3.47917,0,9.5987,0.027979,0.511912,0.053248,8.564837,5.966145,69,3341.04,0.027043
3.47917,1,9.5987,0.027974,0.511775,0.053297,8.817773,6.084464,75,3476.12,0.028771
3.47917,2,9.5987,0.021481,0.512676,0.036267,8.643984,5.969968,86,6410.86,0.163511
3.47917,3,9.5987,0.021480,0.512601,0.035041,8.854610,6.119247,83,6174.46,0.163542
3.48333,0,9.6106,0.027965,0.511914,0.053226,8.568403,5.972995,69,3344.78,0.027466
3.48333,1,9.6106,0.027960,0.511778,0.053272,8.831841,6.090987,75,3451.70,0.029060
3.48333,2,9.6106,0.021563,0.512676,0.036562,8.596446,5.978200,86,6310.97,0.162948
3.48333,3,9.6106,0.021561,0.512598,0.035308,8.996391,6.127819,81,6068.00,0.162805
3.48750,0,9.6224,0.027962,0.511921,0.053222,8.596606,5.981427,68,3361.04,0.027871
3.48750,1,9.6224,0.027953,0.511782,0.053232,8.853330,6.097185,74,3482.68,0.029347
3.48750,2,9.6224,0.021642,0.512675,0.036236,8.643291,5.987792,86,6240.90,0.162304
3.48750,3,9.6224,0.021640,0.512569,0.035465,8.885447,6.119620,79,6055.06,0.162024
3.49167,0,9.6346,0.027954,0.511927,0.053168,8.598144,5.988222,68,3327.61,0.028239
3.49167,1,9.6346,0.027964,0.511785,0.053230,8.824641,6.103986,74,3483.48,0.029624
3.49167,2,9.6346,0.021715,0.512672,0.036168,8.618003,5.995970,85,6188.93,0.161599
3.49167,3,9.6346,0.021711,0.512543,0.036118,8.851274,6.118946,80,6024.14,0.161210
3.49583,0,9.6472,0.027950,0.511933,0.053164,8.626399,5.996858,68,3321.92,0.028578
3.49583,1,9.6472,0.027952,0.511790,0.053206,8.882515,6.111491,74,3468.29,0.029882
3.49583,2,9.6472,0.021786,0.512674,0.035874,8.678593,6.004867,85,6107.67,0.160832
3.49583,3,9.6472,0.021778,0.512532,0.035918,10.362674,6.136375,80,5954.31,0.160348
3.50000,0,9.6598,0.027936,0.511935,0.053115,8.619955,6.005863,68,3317.66,0.028890
3.50000,1,9.6598,0.027938,0.511791,0.053151,8.884079,6.120562,74,3449.22,0.030115
3.50000,2,9.6598,0.021863,0.512681,0.036791,8.664031,6.012847,85,5985.10,0.159982
3.50000,3,9.6598,0.021860,0.512538,0.036126,8.871104,6.141763,77,5820.75,0.159402
3.50417,0,9.6721,0.027918,0.511942,0.053091,8.658616,6.015363,68,3275.86,0.029160
3.50417,1,9.6721,0.027913,0.511791,0.053111,8.855669,6.126963,74,3486.17,0.030345
3.50417,2,9.6721,0.021942,0.512684,0.036276,8.681939,6.022373,84,5903.20,0.159054
3.50417,3,9.6721,0.021942,0.512537,0.036295,8.936273,6.147697,77,5772.88,0.158397
3.50833,0,9.6844,0.027903,0.511949,0.053008,8.641696,6.024326,67,3220.11,0.029382
3.50833,1,9.6844,0.027899,0.511793,0.053045,8.894219,6.133226,74,3464.20,0.030550
3.50833,2,9.6844,0.022013,0.512683,0.036457,8.677361,6.032385,83,5842.74,0.158063
3.50833,3,9.6844,0.022015,0.512525,0.036460,8.895382,6.150499,76,5780.20,0.157368
3.51250,0,9.6971,0.027889,0.511956,0.052994,8.708736,6.033729,67,3238.83,0.029586
3.51250,1,9.6971,0.027886,0.511798,0.053005,8.895103,6.140363,74,3460.15,0.030736
3.51250,2,9.6971,0.022089,0.512681,0.036658,8.728956,6.042893,83,5783.34,0.157022
3.51250,3,9.6971,0.022087,0.512517,0.036680,8.906857,6.159626,77,5771.52,0.156321
3.51667,0,9.7100,0.027876,0.511962,0.052896,8.667695,6.041499,67,3239.47,0.029774
3.51667,1,9.7100,0.027880,0.511804,0.052970,8.912701,6.147884,74,3464.34,0.030911
3.51667,2,9.7100,0.022155,0.512678,0.036827,8.707428,6.051895,83,5724.42,0.155938
3.51667,3,9.7100,0.022153,0.512514,0.036881,8.914374,6.167839,76,5709.00,0.155235
3.52083,0,9.7230,0.027858,0.511969,0.052862,8.685297,6.050740,67,3159.35,0.029915
3.52083,1,9.7230,0.027858,0.511811,0.052917,8.909948,6.155417,74,3450.31,0.031063
3.52083,2,9.7230,0.022228,0.512676,0.037026,8.713660,6.060378,82,5699.58,0.154825
3.52083,3,9.7230,0.022226,0.512508,0.037049,8.927756,6.175288,76,5715.84,0.154136
3.52500,0,9.7363,0.027839,0.511972,0.052798,8.695145,6.060169,67,3230.30,0.030063
3.52500,1,9.7363,0.027834,0.511816,0.052845,8.942799,6.163583,73,3442.08,0.031200
3.52500,2,9.7363,0.022301,0.512674,0.037199,8.721484,6.069846,82,5655.96,0.153685
3.52500,3,9.7363,0.022296,0.512507,0.037270,8.952861,6.183870,76,5675.17,0.153012
3.52917,0,9.7498,0.027812,0.511978,0.052770,8.758246,6.070985,67,3201.62,0.030196
3.52917,1,9.7498,0.027810,0.511821,0.052776,8.934116,6.170868,73,3425.12,0.031319
3.52917,2,9.7498,0.022373,0.512672,0.037406,8.775428,6.079422,82,5595.18,0.152508
3.52917,3,9.7498,0.022367,0.512507,0.037431,8.947700,6.189920,76,5601.52,0.151842
3.53333,0,9.7631,0.027793,0.511986,0.052627,8.722921,6.078365,67,3216.81,0.030322
3.53333,1,9.7631,0.027789,0.511827,0.052716,8.956341,6.178072,73,3401.68,0.031418
3.53333,2,9.7631,0.022444,0.512667,0.037576,8.794977,6.087901,81,5558.07,0.151299
3.53333,3,9.7631,0.022442,0.512511,0.037611,8.958297,6.198207,76,5530.85,0.150623
3.53750,0,9.7763,0.027768,0.511996,0.052616,8.814730,6.087724,67,3176.74,0.030422
3.53750,1,9.7763,0.027768,0.511835,0.052644,8.965494,6.185175,73,3375.83,0.031491
3.53750,2,9.7763,0.022505,0.512661,0.037757,8.763746,6.098717,82,5547.95,0.150068
3.53750,3,9.7763,0.022508,0.512506,0.037804,8.981200,6.207302,76,5518.60,0.149381
3.54167,0,9.7898,0.027748,0.512003,0.052549,8.756525,6.096955,66,3136.60,0.030487
3.54167,1,9.7898,0.027746,0.511845,0.052574,8.982571,6.192733,72,3347.64,0.031536
3.54167,2,9.7898,0.022573,0.512655,0.037929,8.777056,6.106562,81,5515.24,0.148816
3.54167,3,9.7898,0.022565,0.512496,0.037945,8.984986,6.210557,76,5458.05,0.148104
3.54583,0,9.8032,0.027717,0.512011,0.052414,8.760220,6.107656,66,3143.97,0.030537
3.54583,1,9.8032,0.027719,0.511854,0.052486,8.987436,6.200671,72,3336.25,0.031563
3.54583,2,9.8032,0.022639,0.512655,0.038121,8.843389,6.119170,81,5459.33,0.147528
3.54583,3,9.8032,0.022635,0.512493,0.038160,9.013939,6.220839,75,5447.93,0.146808
3.55000,0,9.8167,0.027692,0.512019,0.052358,8.793775,6.118182,66,3139.43,0.030574
3.55000,1,9.8167,0.027686,0.511863,0.052402,9.006536,6.208381,72,3313.38,0.031571
3.55000,2,9.8167,0.022707,0.512650,0.038282,8.833743,6.130149,81,5460.21,0.146228
3.55000,3,9.8167,0.022712,0.512490,0.038351,8.999590,6.227071,75,5416.44,0.145493
3.55417,0,9.8304,0.027660,0.512026,0.052269,8.790671,6.127282,66,3169.30,0.030615
3.55417,1,9.8304,0.027658,0.511871,0.052301,9.010656,6.215795,72,3291.54,0.031565
3.55417,2,9.8304,0.022771,0.512651,0.038451,8.820148,6.136929,81,5396.29,0.144897
3.55417,3,9.8304,0.022773,0.512491,0.038461,9.084658,6.236798,76,5336.38,0.144134
3.55833,0,9.8438,0.027626,0.512035,0.052224,8.896266,6.136269,66,3140.23,0.030640
3.55833,1,9.8438,0.027628,0.511880,0.052212,9.023757,6.223561,71,3268.58,0.031543
3.55833,2,9.8438,0.022837,0.512643,0.038636,8.841092,6.148070,81,5353.35,0.143531
3.55833,3,9.8438,0.022827,0.512488,0.038676,9.024303,6.243027,75,5351.87,0.142764
3.56250,0,9.8574,0.027595,0.512045,0.052083,8.836467,6.144478,66,3119.34,0.030645
3.56250,1,9.8574,0.027595,0.511889,0.052112,9.034948,6.231162,71,3238.39,0.031500
3.56250,2,9.8574,0.022897,0.512628,0.038798,8.902985,6.156256,82,5395.79,0.142173
3.56250,3,9.8574,0.022890,0.512482,0.038805,9.053015,6.249539,75,5315.30,0.141380
3.56667,0,9.8712,0.027563,0.512055,0.052017,8.847428,6.155119,66,3105.11,0.030633
3.56667,1,9.8712,0.027563,0.511899,0.052006,9.043543,6.239089,70,3228.83,0.031446
3.56667,2,9.8712,0.022961,0.512628,0.038982,8.856751,6.167162,81,5335.60,0.140791
3.56667,3,9.8712,0.022961,0.512475,0.039013,9.059463,6.256851,75,5271.49,0.139972
3.57083,0,9.8849,0.027532,0.512069,0.051899,8.844138,6.165773,66,3094.85,0.030606
3.57083,1,9.8849,0.027530,0.511910,0.051900,9.049241,6.246988,70,3201.40,0.031376
3.57083,2,9.8849,0.023017,0.512623,0.039110,8.871614,6.178642,82,5344.50,0.139404
3.57083,3,9.8849,0.023012,0.512468,0.039155,9.058249,6.264593,75,5250.17,0.138549
3.57500,0,9.8988,0.027489,0.512079,0.051742,8.857939,6.175719,66,3066.33,0.030559
3.57500,1,9.8988,0.027489,0.511941,0.051778,9.063429,6.255943,71,3045.78,0.031232
3.57500,2,9.8988,0.023077,0.512619,0.039273,8.939747,6.190371,81,5365.06,0.138023
3.57500,3,9.8988,0.023079,0.512463,0.039320,9.066864,6.273248,75,5221.34,0.137115
3.57917,0,9.9130,0.027459,0.512089,0.051654,8.869125,6.184761,66,3068.90,0.030492
3.57917,1,9.9130,0.027449,0.511985,0.051656,9.094695,6.267559,71,2752.05,0.030938
3.57917,2,9.9130,0.023137,0.512616,0.039424,8.898260,6.195494,81,5336.75,0.136633
3.57917,3,9.9130,0.023136,0.512460,0.039468,9.075847,6.280168,74,5243.91,0.135690
3.58333,0,9.9274,0.027410,0.512097,0.051545,8.980230,6.195487,66,3092.19,0.030397
3.58333,1,9.9274,0.027406,0.512026,0.051549,9.097257,6.283458,71,2486.40,0.030487
3.58333,2,9.9274,0.023199,0.512610,0.039622,8.943190,6.203376,81,5283.36,0.135220
3.58333,3,9.9274,0.023189,0.512456,0.039627,9.098946,6.287695,74,5231.97,0.134266
3.58750,0,9.9417,0.027377,0.512105,0.051400,8.896470,6.202187,66,3101.60,0.030261
3.58750,1,9.9417,0.027369,0.511961,0.051406,9.101165,6.306239,65,2766.02,0.030116
3.58750,2,9.9417,0.023250,0.512602,0.039759,8.925601,6.213385,81,5279.97,0.133803
3.58750,3,9.9417,0.023255,0.512447,0.039777,9.098204,6.295056,74,5209.46,0.132836
3.59167,0,9.9560,0.027333,0.512115,0.051292,8.929940,6.215092,66,3052.42,0.030098
3.59167,1,9.9560,0.027336,0.511917,0.051304,9.156643,6.334085,44,2085.85,0.029493
3.59167,2,9.9560,0.023310,0.512600,0.039923,8.973033,6.225674,81,5281.19,0.132388
3.59167,3,9.9560,0.023296,0.512439,0.039900,9.108412,6.302440,74,5221.21,0.131415
3.59583,0,9.9708,0.027292,0.512147,0.051212,8.990749,6.226071,67,2948.10,0.029827
3.59583,1,9.9708,0.027289,0.512105,0.051180,9.138353,6.374424,33,-42.67,0.027888
3.59583,2,9.9708,0.023366,0.512607,0.040048,8.951610,6.236216,80,5137.09,0.130919
3.59583,3,9.9708,0.023364,0.512432,0.040072,9.125150,6.311389,74,5246.86,0.130004
3.60000,0,9.9854,0.027243,0.512201,0.051046,8.978713,6.241436,67,2664.49,0.029196
3.60000,1,9.9854,0.027270,0.512320,0.051307,9.115207,6.395340,21,-608.57,0.025954
3.60000,2,9.9854,0.023416,0.512613,0.040169,8.997829,6.247904,80,5022.71,0.129393
3.60000,3,9.9854,0.023411,0.512416,0.040228,9.130839,6.318653,74,5297.74,0.128611
3.60417,0,9.9999,0.027198,0.512210,0.050883,8.961637,6.265100,66,2616.52,0.028333
3.60417,1,9.9999,0.027267,0.512459,0.051018,9.345504,6.392742,12,-525.29,0.023955
3.60417,2,9.9999,0.023471,0.512622,0.040334,8.978582,6.254655,79,4917.21,0.127815
3.60417,3,9.9999,0.023470,0.512401,0.040359,9.150288,6.329243,75,5387.00,0.127254
3.60833,0,10.0145,0.027154,0.512019,0.050740,8.972614,6.281460,64,2825.97,0.027451
3.60833,1,10.0145,0.027191,0.512521,0.050963,9.194164,6.387021,5,-153.38,0.022022
3.60833,2,10.0145,0.023528,0.512634,0.040480,9.011484,6.263478,78,4743.51,0.126167
3.60833,3,10.0145,0.023526,0.512381,0.040519,9.158277,6.336171,75,5484.11,0.125936
3.61250,0,10.0288,0.027114,0.511837,0.050641,9.108983,6.275451,50,1820.67,0.026122
3.61250,1,10.0288,0.027034,0.512547,0.050568,9.239846,6.393671,0,-3.42,0.020115
3.61250,2,10.0288,0.023586,0.512650,0.040642,9.025533,6.274536,76,4412.33,0.124380
3.61250,3,10.0288,0.023578,0.512357,0.040658,9.195341,6.344918,76,5585.36,0.124643
3.61667,0,10.0425,0.027096,0.512083,0.050522,8.993933,6.267114,35,384.01,0.024030
3.61667,1,10.0425,0.026974,0.512517,0.050430,9.235131,6.409869,0,0.00,0.018139
3.61667,2,10.0425,0.023637,0.512650,0.040802,9.017929,6.284445,75,4456.28,0.122594
3.61667,3,10.0425,0.023637,0.512331,0.040827,9.186800,6.355081,75,5791.02,0.123437
3.62083,0,10.0575,0.027083,0.512382,0.050811,9.029667,6.289443,28,-413.66,0.021551
3.62083,1,10.0575,0.027034,0.512473,0.050296,9.218824,6.432310,0,0.00,0.016113
3.62083,2,10.0575,0.023694,0.512662,0.040949,9.046606,6.294351,75,4280.14,0.120778
3.62083,3,10.0575,0.023691,0.512311,0.040982,9.211818,6.365496,76,5878.24,0.122279
3.62500,0,10.0723,0.026992,0.512513,0.050192,9.183906,6.313531,18,-570.62,0.019010
3.62500,1,10.0723,0.027022,0.512453,0.050399,9.225997,6.443057,0,0.00,0.014098
3.62500,2,10.0723,0.023752,0.512672,0.041084,9.064068,6.301679,74,4129.31,0.118929
3.62500,3,10.0723,0.023755,0.512296,0.041140,9.213223,6.373806,76,5973.62,0.121156
3.62917,0,10.0869,0.026874,0.512580,0.049907,9.095697,6.336903,7,-422.39,0.016537
3.62917,1,10.0869,0.026970,0.512484,0.050146,9.254451,6.441278,0,0.00,0.012139
3.62917,2,10.0869,0.023809,0.512674,0.041275,9.102762,6.312135,73,4064.43,0.117085
3.62917,3,10.0869,0.023805,0.512286,0.041304,9.223971,6.382159,76,5980.41,0.120031
3.63333,0,10.1012,0.026815,0.512579,0.049800,9.083872,6.348115,1,-52.97,0.014184
3.63333,1,10.1012,0.026884,0.512544,0.049914,9.307469,6.451961,0,0.00,0.010262
3.63333,2,10.1012,0.023869,0.512672,0.041382,9.068421,6.320271,73,3976.18,0.115242
3.63333,3,10.1012,0.023863,0.512284,0.041439,9.289320,6.391646,76,5950.57,0.118875
3.63750,0,10.1151,0.026841,0.512566,0.049871,9.139049,6.349479,0,0.00,0.011971
3.63750,1,10.1151,0.026854,0.512584,0.049764,9.282309,6.467093,0,0.00,0.008480
3.63750,2,10.1151,0.023923,0.512666,0.041532,9.093204,6.330838,72,4010.12,0.113448
3.63750,3,10.1151,0.023920,0.512283,0.041630,9.250229,6.400458,76,5891.31,0.117677
3.64167,0,10.1289,0.026824,0.512540,0.049661,9.146935,6.350474,0,0.00,0.009903
3.64167,1,10.1289,0.026729,0.512588,0.049599,9.309987,6.474335,0,0.00,0.006797
3.64167,2,10.1289,0.023976,0.512661,0.041710,9.095098,6.339171,72,3945.64,0.111671
3.64167,3,10.1289,0.023974,0.512281,0.041746,9.284189,6.410210,75,5869.18,0.116445
3.64583,0,10.1426,0.026758,0.512536,0.049490,9.115800,6.358127,0,0.00,0.007977
3.64583,1,10.1426,0.026708,0.512573,0.049489,9.307731,6.476378,0,0.00,0.005214
3.64583,2,10.1426,0.024032,0.512656,0.041826,9.106768,6.347723,72,3946.91,0.109930
3.64583,3,10.1426,0.024032,0.512280,0.041925,9.305040,6.417090,75,5799.45,0.115168
3.65000,0,10.1562,0.026680,0.512568,0.049428,9.165013,6.372117,0,0.00,0.006186
3.65000,1,10.1562,0.026732,0.512559,0.049381,9.330887,6.480914,0,0.00,0.003729
3.65000,2,10.1562,0.024091,0.512653,0.041993,9.132263,6.356648,72,3951.37,0.108227
3.65000,3,10.1562,0.024085,0.512281,0.042088,9.316467,6.425000,75,5742.33,0.113853
3.65417,0,10.1700,0.026617,0.512606,0.049142,9.200043,6.389938,0,0.00,0.004525
3.65417,1,10.1700,0.026704,0.512565,0.049233,9.335388,6.489643,0,0.00,0.002339
3.65417,2,10.1700,0.024144,0.512647,0.042115,9.134069,6.365923,72,3953.13,0.106561
3.65417,3,10.1700,0.024139,0.512285,0.042222,9.321868,6.433553,75,5654.82,0.112491
3.65833,0,10.1838,0.026615,0.512631,0.048976,9.188764,6.397250,0,0.00,0.002985
3.65833,1,10.1838,0.026555,0.512594,0.048996,9.339028,6.500783,0,0.00,0.001040
3.65833,2,10.1838,0.024192,0.512638,0.042252,9.146844,6.375290,71,4001.79,0.104948
3.65833,3,10.1838,0.024190,0.512292,0.042345,9.315752,6.443171,75,5574.82,0.111090
3.66250,0,10.1978,0.026513,0.512636,0.048830,9.179456,6.398451,0,0.00,0.001558
3.66250,1,10.1978,0.026537,0.512628,0.048892,9.348901,6.510867,0,0.00,0.000000
3.66250,2,10.1978,0.024237,0.512627,0.042405,9.159567,6.385743,72,4036.74,0.103385
3.66250,3,10.1978,0.024237,0.512297,0.042470,9.318221,6.451681,74,5487.66,0.109652
3.66667,0,10.2121,0.026453,0.512631,0.048720,9.197043,6.402304,0,0.00,0.000440
3.66667,1,10.2121,0.026467,0.512650,0.048717,9.354233,6.513698,0,0.00,0.000000
3.66667,2,10.2121,0.024291,0.512620,0.042540,9.171279,6.394810,72,4043.38,0.101857
3.66667,3,10.2121,0.024289,0.512303,0.042616,9.327607,6.457555,74,5399.97,0.108179
3.67083,0,10.2264,0.026444,0.512631,0.048589,9.224059,6.413367,0,0.00,0.000000
3.67083,1,10.2264,0.026397,0.512651,0.048535,9.355611,6.504945,0,0.00,0.000000
3.67083,2,10.2264,0.024341,0.512612,0.042693,9.215538,6.403912,72,4054.97,0.100358
3.67083,3,10.2264,0.024336,0.512308,0.042739,9.342659,6.465140,73,5290.65,0.106665
3.67500,0,10.2407,0.026395,0.512643,0.048391,9.232244,6.421434,0,0.00,0.000000
3.67500,1,10.2407,0.026358,0.512648,0.048340,9.370506,6.510783,0,0.00,0.000000
3.67500,2,10.2407,0.024389,0.512599,0.042811,9.199319,6.413493,72,4111.01,0.098903
3.67500,3,10.2407,0.024384,0.512315,0.042848,9.352285,6.474427,73,5169.88,0.105108
3.67917,0,10.2551,0.026268,0.512666,0.048137,9.235595,6.428766,0,0.00,0.000000
3.67917,1,10.2551,0.026324,0.512653,0.048215,9.374768,6.522707,0,0.00,0.000000
3.67917,2,10.2551,0.024433,0.512586,0.042944,9.215693,6.423756,72,4164.29,0.097491
3.67917,3,10.2551,0.024426,0.512323,0.042973,9.359147,6.481757,73,5042.66,0.103509
3.68333,0,10.2696,0.026226,0.512693,0.047979,9.247950,6.436882,0,0.00,0.000000
3.68333,1,10.2696,0.026259,0.512671,0.048003,9.388348,6.535292,0,0.00,0.000000
3.68333,2,10.2696,0.024478,0.512574,0.043060,9.228349,6.433528,73,4273.11,0.096144
3.68333,3,10.2696,0.024476,0.512329,0.043086,9.396806,6.491423,72,4964.79,0.101898
3.68750,0,10.2848,0.026197,0.512711,0.047851,9.253111,6.443256,0,0.00,0.000000
3.68750,1,10.2848,0.026183,0.512694,0.047853,9.388731,6.543766,0,0.00,0.000000
3.68750,2,10.2848,0.024526,0.512563,0.043206,9.273398,6.444247,73,4285.94,0.094830
3.68750,3,10.2848,0.024520,0.512333,0.043222,9.407038,6.499763,71,4872.88,0.100276
3.69167,0,10.2999,0.026126,0.512717,0.047668,9.276286,6.452944,0,0.00,0.000000
3.69167,1,10.2999,0.026105,0.512716,0.047663,9.408983,6.550067,0,0.00,0.000000
3.69167,2,10.2999,0.024567,0.512549,0.043326,9.258539,6.454525,73,4346.77,0.093557
3.69167,3,10.2999,0.024564,0.512337,0.043366,9.396919,6.505666,71,4816.22,0.098662
3.69583,0,10.3154,0.026041,0.512718,0.047461,9.294317,6.467900,0,0.00,0.000000
3.69583,1,10.3154,0.026041,0.512730,0.047468,9.433809,6.557175,0,0.00,0.000000
3.69583,2,10.3154,0.024610,0.512535,0.043443,9.286235,6.462898,74,4410.19,0.092330
3.69583,3,10.3154,0.024607,0.512341,0.043534,9.509008,6.515708,71,4682.31,0.097033
3.70000,0,10.3309,0.025985,0.512727,0.047263,9.322501,6.482528,0,0.00,0.000000
3.70000,1,10.3309,0.025995,0.512735,0.047269,9.440611,6.566248,0,0.00,0.000000
3.70000,2,10.3309,0.024653,0.512525,0.043565,9.302778,6.473059,74,4458.10,0.091139
3.70000,3,10.3309,0.024649,0.512343,0.043585,9.422999,6.523738,69,4598.49,0.095402
3.70417,0,10.3465,0.025927,0.512745,0.047063,9.328297,6.493688,0,0.00,0.000000
3.70417,1,10.3465,0.025935,0.512742,0.047097,9.448060,6.577679,0,0.00,0.000000
3.70417,2,10.3465,0.024693,0.512514,0.043666,9.298337,6.483298,74,4501.43,0.089979
3.70417,3,10.3465,0.024687,0.512343,0.043678,9.451874,6.532898,69,4557.55,0.093795
3.70833,0,10.3623,0.025858,0.512764,0.046893,9.338708,6.503235,0,0.00,0.000000
3.70833,1,10.3623,0.025861,0.512752,0.046891,9.465555,6.589089,0,0.00,0.000000
3.70833,2,10.3623,0.024729,0.512505,0.043798,9.328906,6.497463,74,4520.25,0.088841
3.70833,3,10.3623,0.024728,0.512348,0.043822,9.474751,6.541931,69,4461.99,0.092194
3.71250,0,10.3780,0.025781,0.512784,0.046709,9.359664,6.513372,0,0.00,0.000000
3.71250,1,10.3780,0.025783,0.512770,0.046690,9.477098,6.597906,0,0.00,0.000000
3.71250,2,10.3780,0.024768,0.512493,0.043870,9.325026,6.507360,74,4585.82,0.087739
3.71250,3,10.3780,0.024766,0.512351,0.043946,9.487872,6.550910,68,4386.62,0.090607
3.71667,0,10.3938,0.025709,0.512797,0.046502,9.381355,6.525177,0,0.00,0.000000
3.71667,1,10.3938,0.025717,0.512790,0.046508,9.490954,6.605215,0,0.00,0.000000
3.71667,2,10.3938,0.024809,0.512484,0.044005,9.352321,6.516594,74,4629.49,0.086669
3.71667,3,10.3938,0.024807,0.512352,0.044021,9.483553,6.558805,68,4327.55,0.089044
3.72083,0,10.4098,0.025646,0.512805,0.046293,9.399930,6.537316,0,0.00,0.000000
3.72083,1,10.4098,0.025644,0.512807,0.046316,9.508321,6.614292,0,0.00,0.000000
3.72083,2,10.4098,0.024849,0.512474,0.044137,9.372642,6.526856,75,4626.23,0.085610
3.72083,3,10.4098,0.024842,0.512351,0.044134,9.514277,6.567545,67,4262.57,0.087500
3.72500,0,10.4256,0.025580,0.512813,0.046104,9.408643,6.549715,0,0.00,0.000000
3.72500,1,10.4256,0.025581,0.512819,0.046118,9.521775,6.624792,0,0.00,0.000000
3.72500,2,10.4256,0.024883,0.512463,0.044213,9.411791,6.538154,74,4678.77,0.084578
3.72500,3,10.4256,0.024882,0.512351,0.044234,9.526589,6.577685,67,4190.76,0.085977
3.72917,0,10.4414,0.025506,0.512826,0.045894,9.428128,6.560827,0,0.00,0.000000
3.72917,1,10.4414,0.025514,0.512828,0.045907,9.535156,6.636293,0,0.00,0.000000
3.72917,2,10.4414,0.024922,0.512453,0.044320,9.388433,6.549574,74,4696.40,0.083565
3.72917,3,10.4414,0.024918,0.512349,0.044358,9.506765,6.586735,67,4148.63,0.084485
3.73333,0,10.4573,0.025436,0.512844,0.045694,9.444012,6.570993,0,0.00,0.000000
3.73333,1,10.4573,0.025436,0.512838,0.045696,9.547080,6.646243,0,0.00,0.000000
3.73333,2,10.4573,0.024959,0.512444,0.044440,9.400562,6.559889,75,4671.58,0.082550
3.73333,3,10.4573,0.024955,0.512347,0.044475,9.561107,6.595401,67,4108.37,0.083024
3.73750,0,10.4729,0.025360,0.512862,0.045497,9.456298,6.581851,0,0.00,0.000000
3.73750,1,10.4729,0.025365,0.512852,0.045497,9.559394,6.654974,0,0.00,0.000000
3.73750,2,10.4729,0.024995,0.512436,0.044548,9.468310,6.571317,75,4723.16,0.081562
3.73750,3,10.4729,0.024996,0.512345,0.044544,9.552825,6.603628,67,4073.39,0.081601
3.74167,0,10.4888,0.025286,0.512877,0.045301,9.471789,6.593246,0,0.00,0.000000
3.74167,1,10.4888,0.025295,0.512870,0.045295,9.577278,6.663860,0,0.00,0.000000
3.74167,2,10.4888,0.025033,0.512428,0.044658,9.434182,6.580024,75,4731.70,0.080592
3.74167,3,10.4888,0.025025,0.512343,0.044666,9.584007,6.612333,67,4044.87,0.080220
3.74583,0,10.5048,0.025213,0.512890,0.045084,9.492316,6.604534,0,0.00,0.000000
3.74583,1,10.5048,0.025220,0.512888,0.045091,9.590718,6.674304,0,0.00,0.000000
3.74583,2,10.5048,0.025071,0.512420,0.044759,9.497934,6.590578,74,4728.35,0.079635
3.74583,3,10.5048,0.025062,0.512339,0.044756,9.579223,6.622084,66,4005.54,0.078874
3.75000,0,10.5206,0.025144,0.512900,0.044858,9.506385,6.615261,0,0.00,0.000000
3.75000,1,10.5206,0.025134,0.512902,0.044867,9.609518,6.685629,0,0.00,0.000000
3.75000,2,10.5206,0.025101,0.512411,0.044836,9.479872,6.601918,74,4711.91,0.078682
3.75000,3,10.5206,0.025100,0.512334,0.044857,9.596863,6.632074,66,3989.77,0.077569
3.75417,0,10.5364,0.025059,0.512913,0.044632,9.519969,6.625970,0,0.00,0.000000
3.75417,1,10.5364,0.025065,0.512914,0.044657,9.626541,6.696501,0,0.00,0.000000
3.75417,2,10.5364,0.025132,0.512406,0.044954,9.492882,6.612517,75,4688.08,0.077729
3.75417,3,10.5364,0.025134,0.512329,0.044957,9.626203,6.641215,65,3958.66,0.076298
3.75833,0,10.5522,0.024984,0.512927,0.044426,9.533376,6.635728,0,0.00,0.000000
3.75833,1,10.5522,0.024988,0.512925,0.044436,9.635236,6.705855,0,0.00,0.000000
3.75833,2,10.5522,0.025174,0.512401,0.045045,9.506929,6.623373,74,4709.70,0.076796
3.75833,3,10.5522,0.025167,0.512324,0.045053,9.628902,6.649656,66,3953.47,0.075072
3.76250,0,10.5681,0.024909,0.512943,0.044219,9.549384,6.647451,0,0.00,0.000000
3.76250,1,10.5681,0.024909,0.512938,0.044219,9.646128,6.715944,0,0.00,0.000000
3.76250,2,10.5681,0.025205,0.512395,0.045148,9.549356,6.634123,74,4672.53,0.075865
3.76250,3,10.5681,0.025198,0.512322,0.045134,9.633559,6.660584,66,3944.32,0.073890
3.76667,0,10.5840,0.024837,0.512959,0.044015,9.565257,6.657785,0,0.00,0.000000
3.76667,1,10.5840,0.024835,0.512953,0.044007,9.666394,6.725843,0,0.00,0.000000
3.76667,2,10.5840,0.025233,0.512390,0.045234,9.574466,6.644083,74,4641.18,0.074936
3.76667,3,10.5840,0.025234,0.512340,0.045233,9.663676,6.682682,67,3906.53,0.072734
3.77083,0,10.5998,0.024747,0.512973,0.043785,9.582202,6.668504,0,0.00,0.000000
3.77083,1,10.5998,0.024752,0.512970,0.043796,9.677811,6.736502,0,0.00,0.000000
3.77083,2,10.5998,0.025269,0.512382,0.045305,9.531659,6.652357,73,4609.64,0.074005
3.77083,3,10.5998,0.025263,0.512376,0.045323,9.668947,6.706063,68,3903.81,0.071615
3.77500,0,10.6155,0.024672,0.512985,0.043570,9.597750,6.678357,0,0.00,0.000000
3.77500,1,10.6155,0.024677,0.512985,0.043580,9.696646,6.747623,0,0.00,0.000000
3.77500,2,10.6155,0.025298,0.512373,0.045422,9.637609,6.663809,73,4559.05,0.073067
3.77500,3,10.6155,0.025293,0.512410,0.045407,9.677800,6.738920,69,3950.66,0.070553
3.77917,0,10.6314,0.024597,0.512998,0.043352,9.612106,6.689049,0,0.00,0.000000
3.77917,1,10.6314,0.024598,0.512998,0.043364,9.711904,6.758815,0,0.00,0.000000
3.77917,2,10.6314,0.025331,0.512366,0.045497,9.603607,6.674874,73,4529.58,0.072134
3.77917,3,10.6314,0.025325,0.512441,0.045660,9.664010,6.767549,69,3913.83,0.069518
3.78333,0,10.6472,0.024526,0.513012,0.043137,9.627102,6.698841,0,0.00,0.000000
3.78333,1,10.6472,0.024521,0.513010,0.043148,9.723780,6.768278,0,0.00,0.000000
3.78333,2,10.6472,0.025361,0.512361,0.045596,9.597224,6.685054,73,4491.39,0.071205
3.78333,3,10.6472,0.025359,0.512464,0.045630,9.768949,6.781144,69,3923.19,0.068521
3.78750,0,10.6631,0.024436,0.513026,0.042913,9.639666,6.709460,0,0.00,0.000000
3.78750,1,10.6631,0.024440,0.513022,0.042929,9.743002,6.778594,0,0.00,0.000000
3.78750,2,10.6631,0.025396,0.512354,0.045710,9.647087,6.694990,72,4470.49,0.070286
3.78750,3,10.6631,0.025388,0.512460,0.045532,9.802917,6.763557,69,4001.99,0.067592
3.79167,0,10.6796,0.024358,0.513042,0.042702,9.656757,6.720250,0,0.00,0.000000
3.79167,1,10.6796,0.024364,0.513037,0.042714,9.754738,6.789290,0,0.00,0.000000
3.79167,2,10.6796,0.025422,0.512345,0.045765,9.654358,6.704226,72,4447.49,0.069389
3.79167,3,10.6796,0.025420,0.512427,0.045588,9.699703,6.753960,69,3991.42,0.066705
3.79583,0,10.6960,0.024282,0.513056,0.042491,9.668060,6.730427,0,0.00,0.000000
3.79583,1,10.6960,0.024286,0.513052,0.042495,9.777191,6.800769,0,0.00,0.000000
3.79583,2,10.6960,0.025457,0.512337,0.045871,9.661261,6.713283,72,4382.90,0.068495
3.79583,3,10.6960,0.025452,0.512391,0.046014,9.716310,6.772069,70,3980.09,0.065844
3.80000,0,10.7123,0.024203,0.513069,0.042269,9.680160,6.741075,0,0.00,0.000000
3.80000,1,10.7123,0.024207,0.513067,0.042276,9.786097,6.811993,0,0.00,0.000000
3.80000,2,10.7123,0.025485,0.512329,0.045964,9.650922,6.725072,72,4334.10,0.067602
3.80000,3,10.7123,0.025484,0.512383,0.046168,9.738047,6.803383,69,4021.50,0.065024
3.80417,0,10.7288,0.024126,0.513082,0.042052,9.698800,6.751466,0,0.00,0.000000
3.80417,1,10.7288,0.024124,0.513080,0.042056,9.800273,6.822834,0,0.00,0.000000
3.80417,2,10.7288,0.025517,0.512320,0.046074,9.696908,6.737034,72,4322.66,0.066730
3.80417,3,10.7288,0.025517,0.512392,0.046081,9.846237,6.826321,69,4060.12,0.064254
3.80833,0,10.7456,0.024042,0.513095,0.041826,9.714046,6.761851,0,0.00,0.000000
3.80833,1,10.7456,0.024049,0.513093,0.041842,9.815636,6.833290,0,0.00,0.000000
3.80833,2,10.7456,0.025549,0.512314,0.046129,9.667498,6.747100,71,4317.90,0.065891
3.80833,3,10.7456,0.025552,0.512396,0.046142,9.778762,6.824733,69,4061.31,0.063518
3.81250,0,10.7625,0.023965,0.513107,0.041611,9.729050,6.773024,0,0.00,0.000000
3.81250,1,10.7625,0.023967,0.513105,0.041623,9.832299,6.844392,0,0.00,0.000000
3.81250,2,10.7625,0.025579,0.512310,0.046226,9.741413,6.757455,71,4253.21,0.065060
3.81250,3,10.7625,0.025564,0.512382,0.046231,9.943498,6.822683,69,4103.19,0.062825
3.81667,0,10.7795,0.023886,0.513121,0.041399,9.748434,6.783616,0,0.00,0.000000
3.81667,1,10.7795,0.023888,0.513118,0.041409,9.852867,6.855634,0,0.00,0.000000
3.81667,2,10.7795,0.025608,0.512298,0.046277,9.703845,6.768092,70,4207.88,0.064241
3.81667,3,10.7795,0.025617,0.512351,0.046255,9.798031,6.829379,70,4101.33,0.062157
3.82083,0,10.7965,0.023799,0.513135,0.041178,9.763310,6.794704,0,0.00,0.000000
3.82083,1,10.7965,0.023809,0.513132,0.041190,9.867210,6.866850,0,0.00,0.000000
3.82083,2,10.7965,0.025635,0.512283,0.046369,9.724340,6.779406,70,4199.76,0.063446
3.82083,3,10.7965,0.025630,0.512322,0.046391,9.808755,6.846458,70,4173.93,0.061541
3.82500,0,10.8139,0.023721,0.513149,0.040961,9.779782,6.805560,0,0.00,0.000000
3.82500,1,10.8139,0.023728,0.513146,0.040972,9.886767,6.878285,0,0.00,0.000000
3.82500,2,10.8139,0.025674,0.512270,0.046467,9.721771,6.789936,70,4185.76,0.062684
3.82500,3,10.8139,0.025659,0.512307,0.046606,9.882023,6.868125,71,4193.89,0.060965
3.82917,0,10.8315,0.023643,0.513161,0.040743,9.795857,6.816535,0,0.00,0.000000
3.82917,1,10.8315,0.023647,0.513159,0.040757,9.898883,6.889634,0,0.00,0.000000
3.82917,2,10.8315,0.025702,0.512259,0.046562,9.790227,6.800471,71,4171.51,0.061956
3.82917,3,10.8315,0.025702,0.512304,0.046722,9.893033,6.881536,71,4189.40,0.060413
3.83333,0,10.8491,0.023564,0.513173,0.040528,9.809460,6.827659,0,0.00,0.000000
3.83333,1,10.8491,0.023567,0.513171,0.040541,9.913470,6.900802,0,0.00,0.000000
3.83333,2,10.8491,0.025725,0.512250,0.046623,9.809237,6.812092,72,4134.38,0.061247
3.83333,3,10.8491,0.025746,0.512303,0.046671,9.917585,6.886942,71,4278.53,0.059916
3.83750,0,10.8672,0.023480,0.513186,0.040307,9.820200,6.839114,0,0.00,0.000000
3.83750,1,10.8672,0.023485,0.513183,0.040323,9.927124,6.912156,0,0.00,0.000000
3.83750,2,10.8672,0.025756,0.512239,0.046689,9.801411,6.823941,72,4082.11,0.060552
3.83750,3,10.8672,0.025744,0.512289,0.046657,9.894860,6.889947,72,4250.35,0.059432
3.84167,0,10.8848,0.023406,0.513198,0.040105,9.842129,6.850380,0,0.00,0.000000
3.84167,1,10.8848,0.023409,0.513195,0.040113,9.943081,6.923214,0,0.00,0.000000
3.84167,2,10.8848,0.025791,0.512228,0.046797,9.821888,6.835749,72,4107.79,0.059898
3.84167,3,10.8848,0.025769,0.512262,0.046757,9.950797,6.902277,72,4344.94,0.059004
3.84583,0,10.9032,0.023324,0.513211,0.039882,9.853187,6.861665,0,0.00,0.000000
3.84583,1,10.9032,0.023334,0.513208,0.039904,9.965206,6.935309,0,0.00,0.000000
3.84583,2,10.9032,0.025815,0.512213,0.046887,9.827855,6.848420,72,4097.97,0.059283
3.84583,3,10.9032,0.025815,0.512232,0.046956,9.936213,6.920405,72,4344.38,0.058603
3.85000,0,10.9216,0.023247,0.513224,0.039674,9.880167,6.873779,0,0.00,0.000000
3.85000,1,10.9216,0.023253,0.513220,0.039690,9.979756,6.946723,0,0.00,0.000000
3.85000,2,10.9216,0.025849,0.512206,0.047007,9.855817,6.859182,72,4061.76,0.058690
3.85000,3,10.9216,0.025864,0.512218,0.047095,9.915890,6.934365,73,4357.39,0.058224
3.85417,0,10.9400,0.023169,0.513236,0.039464,9.887731,6.885145,0,0.00,0.000000
3.85417,1,10.9400,0.023172,0.513232,0.039478,9.995178,6.958308,0,0.00,0.000000
3.85417,2,10.9400,0.025873,0.512195,0.047039,9.882809,6.872078,72,4081.50,0.058137
3.85417,3,10.9400,0.025888,0.512208,0.047139,10.015434,6.945598,72,4353.37,0.057858
3.85833,0,10.9584,0.023093,0.513247,0.039255,9.902492,6.896996,0,0.00,0.000000
3.85833,1,10.9584,0.023095,0.513244,0.039265,10.013668,6.969562,0,0.00,0.000000
3.85833,2,10.9584,0.025906,0.512184,0.047156,9.890324,6.883650,73,4061.28,0.057610
3.85833,3,10.9584,0.025898,0.512203,0.047180,9.976405,6.953332,73,4379.51,0.057515
3.86250,0,10.9769,0.023015,0.513259,0.039049,9.920617,6.908632,0,0.00,0.000000
3.86250,1,10.9769,0.023021,0.513256,0.039062,10.031182,6.980722,0,0.00,0.000000
3.86250,2,10.9769,0.025939,0.512173,0.047204,9.883036,6.895966,72,4025.98,0.057097
3.86250,3,10.9769,0.025926,0.512189,0.047211,10.071856,6.965882,73,4400.22,0.057193
3.86667,0,10.9954,0.022937,0.513270,0.038842,9.939121,6.920359,0,0.00,0.000000
3.86667,1,10.9954,0.022941,0.513267,0.038856,10.041332,6.992300,0,0.00,0.000000
3.86667,2,10.9954,0.025964,0.512154,0.047305,9.944422,6.907560,72,4029.56,0.056612
3.86667,3,10.9954,0.025969,0.512164,0.047305,9.986359,6.978239,73,4437.70,0.056899
3.87083,0,11.0141,0.022861,0.513281,0.038644,9.954391,6.932249,0,0.00,0.000000
3.87083,1,11.0141,0.022867,0.513279,0.038657,10.059065,7.003682,0,0.00,0.000000
3.87083,2,11.0141,0.025993,0.512136,0.047422,9.952661,6.918047,72,4065.22,0.056173
3.87083,3,11.0141,0.025996,0.512138,0.047440,10.052634,6.992081,73,4396.28,0.056607
3.87500,0,11.0328,0.022780,0.513293,0.038434,9.970261,6.944277,0,0.00,0.000000
3.87500,1,11.0328,0.022785,0.513290,0.038448,10.076957,7.015213,0,0.00,0.000000
3.87500,2,11.0328,0.026026,0.512118,0.047467,9.965846,6.930206,72,3998.35,0.055737
3.87500,3,11.0328,0.026026,0.512115,0.047545,10.061084,7.003172,73,4436.19,0.056335
3.87917,0,11.0514,0.022706,0.513305,0.038235,9.985065,6.955725,0,0.00,0.000000
3.87917,1,11.0514,0.022713,0.513302,0.038251,10.086706,7.025886,0,0.00,0.000000
3.87917,2,11.0514,0.026051,0.512108,0.047606,10.022937,6.943848,72,4053.34,0.055343
3.87917,3,11.0514,0.026060,0.512102,0.047607,10.093663,7.015372,73,4473.04,0.056094
3.88333,0,11.0705,0.022632,0.513316,0.038039,10.001522,6.968310,0,0.00,0.000000
3.88333,1,11.0705,0.022637,0.513313,0.038050,10.102191,7.037646,0,0.00,0.000000
3.88333,2,11.0705,0.026079,0.512095,0.047627,9.980746,6.958408,71,4089.52,0.054999
3.88333,3,11.0705,0.026083,0.512088,0.047678,10.115768,7.028147,73,4461.62,0.055868
3.88750,0,11.0898,0.022556,0.513326,0.037843,10.020782,6.980362,0,0.00,0.000000
3.88750,1,11.0898,0.022560,0.513323,0.037851,10.116545,7.048927,0,0.00,0.000000
3.88750,2,11.0898,0.026108,0.512084,0.047772,10.020273,6.972030,72,4091.68,0.054688
3.88750,3,11.0898,0.026106,0.512073,0.047735,10.137257,7.041044,73,4463.57,0.055657
3.89167,0,11.1091,0.022482,0.513336,0.037641,10.032882,6.992484,0,0.00,0.000000
3.89167,1,11.1091,0.022483,0.513334,0.037653,10.141418,7.060124,0,0.00,0.000000
3.89167,2,11.1091,0.026134,0.512064,0.047794,10.042851,6.982976,71,4058.64,0.054387
3.89167,3,11.1091,0.026133,0.512056,0.047831,10.149070,7.053308,73,4463.51,0.055453
3.89583,0,11.1282,0.022411,0.513347,0.037450,10.059471,7.004687,0,0.00,0.000000
3.89583,1,11.1282,0.022411,0.513345,0.037459,10.152608,7.071957,0,0.00,0.000000
3.89583,2,11.1282,0.026159,0.512052,0.047888,10.076188,6.994429,71,4100.19,0.054118
3.89583,3,11.1282,0.026173,0.512050,0.047939,10.161160,7.070930,74,4164.01,0.055130
3.90000,0,11.1460,0.022335,0.513359,0.037251,10.070432,7.016082,0,0.00,0.000000
3.90000,1,11.1460,0.022337,0.513355,0.037265,10.164398,7.081546,0,0.00,0.000000
3.90000,2,11.1460,0.026197,0.512038,0.047971,10.084528,7.008958,70,4071.43,0.053833
3.90000,3,11.1460,0.026198,0.512066,0.048046,10.182263,7.092553,74,3463.37,0.054466
3.90417,0,11.1604,0.022256,0.513368,0.037053,10.087940,7.026788,0,0.00,0.000000
3.90417,1,11.1604,0.022262,0.513365,0.037063,10.177159,7.089245,0,0.00,0.000000
3.90417,2,11.1604,0.026223,0.512025,0.048099,10.087332,7.021276,71,4094.24,0.053493
3.90417,3,11.1604,0.026216,0.512060,0.048085,10.164330,7.110694,75,2819.39,0.053419
3.90833,0,11.1724,0.022180,0.513379,0.036848,10.099139,7.035576,0,0.00,0.000000
3.90833,1,11.1724,0.022178,0.513376,0.036851,10.183305,7.094875,0,0.00,0.000000
3.90833,2,11.1724,0.026242,0.512006,0.048108,10.127072,7.032746,71,4157.34,0.053082
3.90833,3,11.1724,0.026254,0.512006,0.048196,10.213717,7.108387,66,2559.49,0.052159
3.91250,0,11.1839,0.022094,0.513390,0.036632,10.117355,7.044273,0,0.00,0.000000
3.91250,1,11.1839,0.022101,0.513387,0.036642,10.196909,7.100387,0,0.00,0.000000
3.91250,2,11.1839,0.026262,0.511986,0.048164,10.103019,7.040838,71,4302.11,0.052656
3.91250,3,11.1839,0.026284,0.511985,0.048198,10.182403,7.076097,50,1974.93,0.050623
3.91667,0,11.1945,0.022011,0.513401,0.036417,10.130901,7.052568,0,0.00,0.000000
3.91667,1,11.1945,0.022016,0.513398,0.036425,10.201497,7.105088,0,0.00,0.000000
3.91667,2,11.1945,0.026280,0.511963,0.048226,10.172565,7.053732,73,4201.09,0.052107
3.91667,3,11.1945,0.026293,0.512209,0.048279,10.197050,7.046555,35,698.25,0.048483
3.92083,0,11.2017,0.021924,0.513413,0.036188,10.134450,7.059226,0,0.00,0.000000
3.92083,1,11.2017,0.021933,0.513411,0.036202,10.203316,7.107963,0,0.00,0.000000
3.92083,2,11.2017,0.026299,0.511953,0.048294,10.142757,7.070082,72,3794.18,0.051198
3.92083,3,11.2017,0.026293,0.512455,0.048388,10.144321,7.043068,26,-359.63,0.045860
3.92500,0,11.2065,0.021838,0.513427,0.035957,10.140851,7.063218,0,0.00,0.000000
3.92500,1,11.2065,0.021840,0.513423,0.035960,10.208766,7.111147,0,0.00,0.000000
3.92500,2,11.2065,0.026304,0.511954,0.048268,10.175991,7.081117,72,3081.35,0.049736
3.92500,3,11.2065,0.026297,0.512565,0.048376,10.232279,7.060014,14,-584.61,0.043080
3.92917,0,11.2078,0.021744,0.513439,0.035707,10.138286,7.063985,0,0.00,0.000000
3.92917,1,11.2078,0.021750,0.513436,0.035719,10.207120,7.112422,0,0.00,0.000000
3.92917,2,11.2078,0.026330,0.511938,0.048354,10.168294,7.079338,69,2506.88,0.047792
3.92917,3,11.2078,0.026307,0.512643,0.048319,10.192106,7.093671,4,-142.21,0.040262
3.93333,0,11.2068,0.021643,0.513453,0.035451,10.137181,7.063372,0,0.00,0.000000
3.93333,1,11.2068,0.021653,0.513451,0.035467,10.214613,7.113084,0,0.00,0.000000
3.93333,2,11.2068,0.026323,0.511939,0.048357,10.150453,7.057763,56,2023.81,0.045473
3.93333,3,11.2068,0.026306,0.512680,0.048292,10.143306,7.105898,0,0.00,0.037455
3.93750,0,11.2044,0.021549,0.513466,0.035196,10.134819,7.061876,0,0.00,0.000000
3.93750,1,11.2044,0.021552,0.513464,0.035214,10.205785,7.112844,0,0.00,0.000000
3.93750,2,11.2044,0.026312,0.512034,0.048357,10.149277,7.022701,42,1392.23,0.042786
3.93750,3,11.2044,0.026324,0.512664,0.048240,10.214879,7.081073,0,0.00,0.034664
3.94167,0,11.2005,0.021447,0.513480,0.034937,10.128934,7.059220,0,0.00,0.000000
3.94167,1,11.2005,0.021455,0.513478,0.034954,10.205238,7.111946,0,0.00,0.000000
3.94167,2,11.2005,0.026283,0.512276,0.048335,10.143714,7.005095,32,215.11,0.039515
3.94167,3,11.2005,0.026330,0.512618,0.048398,10.170606,7.045427,0,0.00,0.031838
3.94583,0,11.1955,0.021350,0.513494,0.034683,10.129701,7.055731,0,0.00,0.000000
3.94583,1,11.1955,0.021355,0.513491,0.034704,10.202296,7.109484,0,0.00,0.000000
3.94583,2,11.1955,0.026292,0.512494,0.048464,10.129599,7.013498,21,-577.92,0.036034
3.94583,3,11.1955,0.026303,0.512581,0.048641,10.118418,7.030651,0,0.00,0.029015
3.95000,0,11.1908,0.021251,0.513507,0.034426,10.122407,7.053142,0,0.00,0.000000
3.95000,1,11.1908,0.021261,0.513504,0.034453,10.197354,7.106772,0,0.00,0.000000
3.95000,2,11.1908,0.026327,0.512589,0.048288,10.182938,7.035363,8,-561.37,0.032588
3.95000,3,11.1908,0.026326,0.512583,0.048561,10.157535,7.047854,0,0.00,0.026250
3.95417,0,11.1861,0.021158,0.513520,0.034183,10.118818,7.050601,0,0.00,0.000000
3.95417,1,11.1861,0.021159,0.513517,0.034196,10.192596,7.104194,0,0.00,0.000000
3.95417,2,11.1861,0.026392,0.512644,0.048412,10.114370,7.058059,1,-88.59,0.029273
3.95417,3,11.1861,0.026358,0.512616,0.048357,10.225137,7.070828,0,0.00,0.023578
3.95833,0,11.1817,0.021056,0.513533,0.033929,10.114425,7.047719,0,0.00,0.000000
3.95833,1,11.1817,0.021063,0.513530,0.033950,10.187408,7.101304,0,0.00,0.000000
3.95833,2,11.1817,0.026391,0.512681,0.048437,10.100808,7.054833,0,0.00,0.026125
3.95833,3,11.1817,0.026371,0.512650,0.048268,10.128287,7.066989,0,0.00,0.021021
3.96250,0,11.1773,0.020969,0.513545,0.033694,10.112036,7.045731,0,0.00,0.000000
3.96250,1,11.1773,0.020971,0.513542,0.033711,10.182775,7.099604,0,0.00,0.000000
3.96250,2,11.1773,0.026301,0.512660,0.048290,10.131954,7.022131,0,0.00,0.023158
3.96250,3,11.1773,0.026340,0.512655,0.048388,10.108159,7.041938,0,0.00,0.018588
3.96667,0,11.1731,0.020875,0.513557,0.033453,10.104616,7.043169,0,0.00,0.000000
3.96667,1,11.1731,0.020873,0.513554,0.033461,10.183134,7.097170,0,0.00,0.000000
3.96667,2,11.1731,0.026289,0.512612,0.048474,10.041135,6.996461,0,0.00,0.020372
3.96667,3,11.1731,0.026319,0.512633,0.048501,10.091519,7.022018,0,0.00,0.016283
3.97083,0,11.1690,0.020778,0.513569,0.033207,10.105097,7.040836,0,0.00,0.000000
3.97083,1,11.1690,0.020779,0.513566,0.033225,10.174462,7.094518,0,0.00,0.000000
3.97083,2,11.1690,0.026335,0.512578,0.048637,10.085996,6.996645,0,0.00,0.017764
3.97083,3,11.1690,0.026343,0.512608,0.048525,10.123232,7.023602,0,0.00,0.014106
3.97500,0,11.1651,0.020685,0.513581,0.032972,10.102387,7.038994,0,0.00,0.000000
3.97500,1,11.1651,0.020689,0.513578,0.032991,10.173576,7.093071,0,0.00,0.000000
3.97500,2,11.1651,0.026409,0.512579,0.048539,10.134392,7.019755,0,0.00,0.015326
3.97500,3,11.1651,0.026386,0.512599,0.048489,10.131217,7.037533,0,0.00,0.012054
3.97917,0,11.1613,0.020593,0.513592,0.032734,10.088935,7.036533,0,0.00,0.000000
3.97917,1,11.1613,0.020597,0.513590,0.032755,10.166763,7.090536,0,0.00,0.000000
3.97917,2,11.1613,0.026421,0.512612,0.048461,10.100180,7.035202,0,0.00,0.013051
3.97917,3,11.1613,0.026365,0.512607,0.048422,10.119594,7.044201,0,0.00,0.010124
3.98333,0,11.1577,0.020501,0.513602,0.032506,10.089315,7.035038,0,0.00,0.000000
3.98333,1,11.1577,0.020510,0.513600,0.032529,10.168658,7.089204,0,0.00,0.000000
3.98333,2,11.1577,0.026401,0.512645,0.048478,10.059819,7.024662,0,0.00,0.010930
3.98333,3,11.1577,0.026419,0.512625,0.048500,10.093124,7.036497,0,0.00,0.008312
3.98750,0,11.1541,0.020414,0.513614,0.032283,10.086118,7.032796,0,0.00,0.000000
3.98750,1,11.1541,0.020419,0.513611,0.032303,10.165399,7.086748,0,0.00,0.000000
3.98750,2,11.1541,0.026331,0.512648,0.048513,10.052113,7.001076,0,0.00,0.008956
3.98750,3,11.1541,0.026399,0.512634,0.048554,10.083333,7.021470,0,0.00,0.006613
3.99167,0,11.1508,0.020326,0.513624,0.032062,10.087342,7.031072,0,0.00,0.000000
3.99167,1,11.1508,0.020334,0.513622,0.032085,10.163366,7.085265,0,0.00,0.000000
3.99167,2,11.1508,0.026353,0.512626,0.048565,10.062765,6.990041,0,0.00,0.007120
3.99167,3,11.1508,0.026354,0.512628,0.048570,10.082166,7.012823,0,0.00,0.005024
3.99583,0,11.1475,0.020241,0.513635,0.031849,10.081119,7.029197,0,0.00,0.000000
3.99583,1,11.1475,0.020242,0.513632,0.031862,10.159243,7.083285,0,0.00,0.000000
3.99583,2,11.1475,0.026415,0.512602,0.048606,10.073182,6.997736,0,0.00,0.005414
3.99583,3,11.1475,0.026384,0.512614,0.048587,10.098974,7.016261,0,0.00,0.003538
4.00000,0,11.1444,0.020158,0.513645,0.031633,10.078812,7.027602,0,0.00,0.000000
4.00000,1,11.1444,0.020163,0.513642,0.031656,10.158581,7.082219,0,0.00,0.000000
4.00000,2,11.1444,0.026451,0.512591,0.048609,10.075425,7.011013,0,0.00,0.003831
4.00000,3,11.1444,0.026440,0.512603,0.048616,10.101910,7.023561,0,0.00,0.002150
4.00417,0,11.1415,0.020075,0.513655,0.031427,10.076637,7.026117,0,0.00,0.000000
4.00417,1,11.1415,0.020076,0.513652,0.031435,10.160072,7.080331,0,0.00,0.000000
4.00417,2,11.1415,0.026430,0.512599,0.048599,10.063632,7.013817,0,0.00,0.002362
4.00417,3,11.1415,0.026460,0.512603,0.048615,10.089518,7.023761,0,0.00,0.000856
4.00833,0,11.1386,0.019994,0.513664,0.031222,10.070580,7.024551,0,0.00,0.000000
4.00833,1,11.1386,0.019999,0.513662,0.031242,10.154491,7.078872,0,0.00,0.000000
4.00833,2,11.1386,0.026460,0.512616,0.048662,10.053249,7.004592,0,0.00,0.001000
4.00833,3,11.1386,0.026444,0.512608,0.048631,10.074798,7.016459,0,0.00,0.000000
4.01250,0,11.1360,0.019909,0.513673,0.031011,10.072278,7.023173,0,0.00,0.000000
4.01250,1,11.1360,0.019915,0.513671,0.031031,10.152884,7.077680,0,0.00,0.000000
4.01250,2,11.1360,0.026426,0.512625,0.048675,10.046693,6.992326,0,0.00,0.000000
4.01250,3,11.1360,0.026433,0.512614,0.048688,10.069370,7.011562,0,0.00,0.000000
4.01667,0,11.1334,0.019834,0.513683,0.030816,10.066206,7.021731,0,0.00,0.000000
4.01667,1,11.1334,0.019841,0.513680,0.030830,10.150543,7.075814,0,0.00,0.000000
4.01667,2,11.1334,0.026416,0.512619,0.048693,10.062082,6.991637,0,0.00,0.000000
4.01667,3,11.1334,0.026441,0.512614,0.048731,10.098259,7.017855,0,0.00,0.000000
4.02083,0,11.1310,0.019763,0.513692,0.030623,10.065478,7.021057,0,0.00,0.000000
4.02083,1,11.1310,0.019763,0.513689,0.030634,10.146299,7.075397,0,0.00,0.000000
4.02083,2,11.1310,0.026461,0.512604,0.048737,10.079349,7.011837,0,0.00,0.000000
4.02083,3,11.1310,0.026479,0.512608,0.048767,10.090693,7.020008,0,0.00,0.000000
4.02500,0,11.1287,0.019677,0.513701,0.030417,10.061999,7.019620,0,0.00,0.000000
4.02500,1,11.1287,0.019680,0.513698,0.030435,10.140553,7.073474,0,0.00,0.000000
4.02500,2,11.1287,0.026510,0.512593,0.048795,10.083374,7.015861,0,0.00,0.000000
4.02500,3,11.1287,0.026495,0.512599,0.048791,10.091563,7.020932,0,0.00,0.000000
4.02917,0,11.1265,0.019607,0.513709,0.030237,10.065192,7.018548,0,0.00,0.000000
4.02917,1,11.1265,0.019608,0.513706,0.030251,10.143311,7.072905,0,0.00,0.000000
4.02917,2,11.1265,0.026508,0.512590,0.048805,10.073720,7.014119,0,0.00,0.000000
4.02917,3,11.1265,0.026499,0.512593,0.048796,10.089764,7.018911,0,0.00,0.000000
4.03333,0,11.1244,0.019532,0.513718,0.030053,10.063807,7.017631,0,0.00,0.000000
4.03333,1,11.1244,0.019538,0.513715,0.030068,10.130744,7.071803,0,0.00,0.000000
4.03333,2,11.1244,0.026494,0.512594,0.048822,10.067542,7.006961,0,0.00,0.000000
4.03333,3,11.1244,0.026501,0.512592,0.048821,10.075947,7.013975,0,0.00,0.000000
4.03750,0,11.1225,0.019463,0.513726,0.029875,10.058754,7.016818,0,0.00,0.000000
4.03750,1,11.1225,0.019465,0.513723,0.029889,10.134367,7.071187,0,0.00,0.000000
4.03750,2,11.1225,0.026491,0.512599,0.048871,10.066699,7.001320,0,0.00,0.000000
4.03750,3,11.1225,0.026510,0.512594,0.048885,10.069013,7.011341,0,0.00,0.000000
4.04167,0,11.1207,0.019390,0.513733,0.029705,10.053722,7.015856,0,0.00,0.000000
4.04167,1,11.1207,0.019393,0.513731,0.029717,10.136058,7.070447,0,0.00,0.000000
4.04167,2,11.1207,0.026520,0.512600,0.048916,10.069921,7.001232,0,0.00,0.000000
4.04167,3,11.1207,0.026526,0.512595,0.048947,10.075283,7.011409,0,0.00,0.000000
4.04583,0,11.1191,0.019319,0.513740,0.029534,10.054424,7.014800,0,0.00,0.000000
4.04583,1,11.1191,0.019324,0.513738,0.029546,10.131002,7.069491,0,0.00,0.000000
4.04583,2,11.1191,0.026544,0.512595,0.048962,10.066542,7.004869,0,0.00,0.000000
4.04583,3,11.1191,0.026543,0.512594,0.048970,10.082242,7.012534,0,0.00,0.000000
4.05000,0,11.1175,0.019252,0.513748,0.029359,10.054871,7.014349,0,0.00,0.000000
4.05000,1,11.1175,0.019258,0.513745,0.029378,10.129993,7.069018,0,0.00,0.000000
4.05000,2,11.1175,0.026563,0.512586,0.048997,10.068516,7.005095,0,0.00,0.000000
4.05000,3,11.1175,0.026562,0.512589,0.048980,10.078597,7.011496,0,0.00,0.000000
4.05417,0,11.1161,0.019182,0.513755,0.029188,10.054634,7.013473,0,0.00,0.000000
4.05417,1,11.1161,0.019187,0.513752,0.029208,10.128509,7.068237,0,0.00,0.000000
4.05417,2,11.1161,0.026567,0.512579,0.049009,10.062499,7.001646,0,0.00,0.000000
4.05417,3,11.1161,0.026563,0.512583,0.049002,10.070146,7.008493,0,0.00,0.000000
4.05833,0,11.1149,0.019116,0.513762,0.029026,10.056165,7.013202,0,0.00,0.000000
4.05833,1,11.1149,0.019120,0.513760,0.029044,10.132709,7.068157,0,0.00,0.000000
4.05833,2,11.1149,0.026572,0.512577,0.049045,10.048689,6.997595,0,0.00,0.000000
4.05833,3,11.1149,0.026577,0.512578,0.049059,10.063856,7.005933,0,0.00,0.000000
4.06250,0,11.1137,0.019050,0.513769,0.028871,10.048511,7.012889,0,0.00,0.000000
4.06250,1,11.1137,0.019057,0.513766,0.028886,10.128835,7.067743,0,0.00,0.000000
4.06250,2,11.1137,0.026584,0.512578,0.049102,10.052417,6.995789,0,0.00,0.000000
4.06250,3,11.1137,0.026593,0.512575,0.049117,10.066619,7.005106,0,0.00,0.000000
4.06667,0,11.1127,0.018994,0.513775,0.028726,10.047501,7.012210,0,0.00,0.000000
4.06667,1,11.1127,0.018998,0.513772,0.028744,10.120598,7.067189,0,0.00,0.000000
4.06667,2,11.1127,0.026601,0.512580,0.049150,10.056878,6.996262,0,0.00,0.000000
4.06667,3,11.1127,0.026615,0.512575,0.049163,10.068966,7.005432,0,0.00,0.000000
4.07083,0,11.1118,0.018938,0.513781,0.028581,10.050241,7.011845,0,0.00,0.000000
4.07083,1,11.1118,0.018940,0.513778,0.028595,10.122935,7.066983,0,0.00,0.000000
4.07083,2,11.1118,0.026626,0.512577,0.049187,10.059025,6.997781,0,0.00,0.000000
4.07083,3,11.1118,0.026626,0.512574,0.049185,10.066611,7.006086,0,0.00,0.000000
4.07500,0,11.1111,0.018880,0.513788,0.028439,10.049911,7.011901,0,0.00,0.000000
4.07500,1,11.1111,0.018886,0.513785,0.028456,10.120029,7.066851,0,0.00,0.000000
4.07500,2,11.1111,0.026637,0.512572,0.049211,10.054439,6.997016,0,0.00,0.000000
4.07500,3,11.1111,0.026636,0.512572,0.049214,10.066809,7.004828,0,0.00,0.000000
4.07917,0,11.1104,0.018823,0.513793,0.028301,10.047894,7.011732,0,0.00,0.000000
4.07917,1,11.1104,0.018832,0.513790,0.028320,10.126999,7.066848,0,0.00,0.000000
4.07917,2,11.1104,0.026646,0.512565,0.049248,10.049513,6.994592,0,0.00,0.000000
4.07917,3,11.1104,0.026654,0.512567,0.049261,10.067786,7.002980,0,0.00,0.000000
4.08333,0,11.1100,0.018767,0.513799,0.028166,10.045730,7.011785,0,0.00,0.000000
4.08333,1,11.1100,0.018772,0.513796,0.028181,10.127342,7.067149,0,0.00,0.000000
4.08333,2,11.1100,0.026671,0.512559,0.049314,10.052733,6.992229,0,0.00,0.000000
4.08333,3,11.1100,0.026672,0.512561,0.049312,10.063436,7.001625,0,0.00,0.000000
4.08750,0,11.1096,0.018713,0.513804,0.028036,10.047835,7.011078,0,0.00,0.000000
4.08750,1,11.1096,0.018718,0.513802,0.028050,10.123338,7.066577,0,0.00,0.000000
4.08750,2,11.1096,0.026689,0.512558,0.049366,10.049314,6.991715,0,0.00,0.000000
4.08750,3,11.1096,0.026691,0.512557,0.049370,10.063991,7.000728,0,0.00,0.000000
4.09167,0,11.1094,0.018663,0.513809,0.027909,10.044381,7.011951,0,0.00,0.000000
4.09167,1,11.1094,0.018667,0.513807,0.027921,10.122076,7.067384,0,0.00,0.000000
4.09167,2,11.1094,0.026696,0.512557,0.049408,10.054170,6.992908,0,0.00,0.000000
4.09167,3,11.1094,0.026705,0.512554,0.049421,10.062600,7.001913,0,0.00,0.000000
4.09583,0,11.1092,0.018616,0.513814,0.027786,10.048764,7.011650,0,0.00,0.000000
4.09583,1,11.1092,0.018620,0.513812,0.027801,10.127533,7.067206,0,0.00,0.000000
4.09583,2,11.1092,0.026714,0.512555,0.049459,10.051446,6.992917,0,0.00,0.000000
4.09583,3,11.1092,0.026719,0.512553,0.049468,10.066029,7.001847,0,0.00,0.000000
4.10000,0,11.1093,0.018568,0.513819,0.027669,10.046575,7.012152,0,0.00,0.000000
4.10000,1,11.1093,0.018571,0.513816,0.027682,10.128319,7.067780,0,0.00,0.000000
4.10000,2,11.1093,0.026733,0.512552,0.049502,10.054968,6.992532,0,0.00,0.000000
4.10000,3,11.1093,0.026740,0.512551,0.049512,10.065553,7.001453,0,0.00,0.000000
4.10417,0,11.1094,0.018525,0.513824,0.027561,10.041506,7.012332,0,0.00,0.000000
4.10417,1,11.1094,0.018526,0.513821,0.027578,10.128243,7.067896,0,0.00,0.000000
4.10417,2,11.1094,0.026752,0.512546,0.049549,10.047651,6.990779,0,0.00,0.000000
4.10417,3,11.1094,0.026748,0.512547,0.049548,10.058630,7.000016,0,0.00,0.000000
4.10833,0,11.1097,0.018479,0.513828,0.027456,10.052931,7.013109,0,0.00,0.000000
4.10833,1,11.1097,0.018485,0.513825,0.027466,10.125370,7.068548,0,0.00,0.000000
4.10833,2,11.1097,0.026769,0.512541,0.049603,10.043591,6.990427,0,0.00,0.000000
4.10833,3,11.1097,0.026770,0.512542,0.049600,10.060496,6.999937,0,0.00,0.000000
4.11250,0,11.1101,0.018440,0.513832,0.027355,10.052443,7.013168,0,0.00,0.000000
4.11250,1,11.1101,0.018446,0.513829,0.027372,10.129724,7.069329,0,0.00,0.000000
4.11250,2,11.1101,0.026783,0.512536,0.049655,10.052422,6.990377,0,0.00,0.000000
4.11250,3,11.1101,0.026784,0.512536,0.049654,10.062416,7.000007,0,0.00,0.000000
4.11667,0,11.1107,0.018399,0.513836,0.027254,10.049494,7.013853,0,0.00,0.000000
4.11667,1,11.1107,0.018404,0.513833,0.027268,10.126411,7.069602,0,0.00,0.000000
4.11667,2,11.1107,0.026799,0.512534,0.049710,10.048700,6.990786,0,0.00,0.000000
4.11667,3,11.1107,0.026802,0.512532,0.049716,10.061531,7.000367,0,0.00,0.000000
4.12083,0,11.1113,0.018359,0.513839,0.027160,10.047668,7.014626,0,0.00,0.000000
4.12083,1,11.1113,0.018363,0.513837,0.027172,10.128013,7.070529,0,0.00,0.000000
4.12083,2,11.1113,0.026817,0.512532,0.049762,10.048880,6.991428,0,0.00,0.000000
4.12083,3,11.1113,0.026821,0.512529,0.049767,10.067915,7.000934,0,0.00,0.000000
4.12500,0,11.1121,0.018318,0.513843,0.027060,10.049760,7.015431,0,0.00,0.000000
4.12500,1,11.1121,0.018323,0.513841,0.027074,10.129230,7.071535,0,0.00,0.000000
4.12500,2,11.1121,0.026835,0.512528,0.049808,10.057392,6.990969,0,0.00,0.000000
4.12500,3,11.1121,0.026834,0.512527,0.049808,10.069320,7.000846,0,0.00,0.000000
4.12917,0,11.1131,0.018281,0.513847,0.026973,10.052347,7.016263,0,0.00,0.000000
4.12917,1,11.1131,0.018286,0.513844,0.026987,10.123987,7.072224,0,0.00,0.000000
4.12917,2,11.1131,0.026854,0.512524,0.049856,10.056661,6.990697,0,0.00,0.000000
4.12917,3,11.1131,0.026858,0.512523,0.049859,10.067502,7.000986,0,0.00,0.000000
4.13333,0,11.1141,0.018253,0.513849,0.026896,10.053617,7.016975,0,0.00,0.000000
4.13333,1,11.1141,0.018254,0.513847,0.026905,10.128386,7.073363,0,0.00,0.000000
4.13333,2,11.1141,0.026877,0.512519,0.049913,10.045168,6.990904,0,0.00,0.000000
4.13333,3,11.1141,0.026875,0.512518,0.049913,10.064125,7.000938,0,0.00,0.000000
4.13750,0,11.1153,0.018225,0.513852,0.026823,10.051939,7.017803,0,0.00,0.000000
4.13750,1,11.1153,0.018229,0.513850,0.026836,10.128621,7.073981,0,0.00,0.000000
4.13750,2,11.1153,0.026896,0.512513,0.049973,10.046177,6.991192,0,0.00,0.000000
4.13750,3,11.1153,0.026899,0.512513,0.049974,10.057879,7.000953,0,0.00,0.000000
4.14167,0,11.1166,0.018198,0.513855,0.026757,10.059052,7.019156,0,0.00,0.000000
4.14167,1,11.1166,0.018201,0.513852,0.026765,10.133099,7.075307,0,0.00,0.000000
4.14167,2,11.1166,0.026916,0.512509,0.050034,10.048638,6.991859,0,0.00,0.000000
4.14167,3,11.1166,0.026912,0.512508,0.050032,10.060682,7.002013,0,0.00,0.000000
4.14583,0,11.1181,0.018166,0.513858,0.026683,10.053525,7.020192,0,0.00,0.000000
4.14583,1,11.1181,0.018174,0.513856,0.026703,10.135213,7.076595,0,0.00,0.000000
4.14583,2,11.1181,0.026932,0.512505,0.050093,10.048292,6.992497,0,0.00,0.000000
4.14583,3,11.1181,0.026938,0.512504,0.050094,10.066961,7.002741,0,0.00,0.000000
4.15000,0,11.1196,0.018141,0.513860,0.026623,10.059205,7.021195,0,0.00,0.000000
4.15000,1,11.1196,0.018146,0.513858,0.026638,10.133831,7.077934,0,0.00,0.000000
4.15000,2,11.1196,0.026953,0.512502,0.050145,10.054401,6.992834,0,0.00,0.000000
4.15000,3,11.1196,0.026957,0.512500,0.050153,10.069033,7.003204,0,0.00,0.000000
4.15417,0,11.1213,0.018118,0.513862,0.026567,10.059879,7.023108,0,0.00,0.000000
4.15417,1,11.1213,0.018121,0.513860,0.026576,10.135386,7.079439,0,0.00,0.000000
4.15417,2,11.1213,0.026976,0.512498,0.050205,10.060497,6.993686,0,0.00,0.000000
4.15417,3,11.1213,0.026978,0.512497,0.050213,10.067824,7.004014,0,0.00,0.000000
4.15833,0,11.1232,0.018094,0.513864,0.026510,10.061985,7.024139,0,0.00,0.000000
4.15833,1,11.1232,0.018098,0.513861,0.026520,10.137431,7.080918,0,0.00,0.000000
4.15833,2,11.1232,0.026997,0.512492,0.050267,10.054040,6.994045,0,0.00,0.000000
4.15833,3,11.1232,0.026999,0.512492,0.050266,10.073829,7.004854,0,0.00,0.000000
4.16250,0,11.1251,0.018075,0.513866,0.026461,10.064073,7.025233,0,0.00,0.000000
4.16250,1,11.1251,0.018076,0.513863,0.026469,10.138162,7.082227,0,0.00,0.000000
4.16250,2,11.1251,0.027020,0.512486,0.050336,10.051428,6.994959,0,0.00,0.000000
4.16250,3,11.1251,0.027022,0.512486,0.050343,10.079605,7.005534,0,0.00,0.000000
4.16667,0,11.1272,0.018050,0.513868,0.026410,10.064107,7.027454,0,0.00,0.000000
4.16667,1,11.1272,0.018054,0.513865,0.026424,10.144406,7.083898,0,0.00,0.000000
4.16667,2,11.1272,0.027036,0.512481,0.050399,10.057151,6.995791,0,0.00,0.000000
4.16667,3,11.1272,0.027045,0.512481,0.050410,10.075399,7.006799,0,0.00,0.000000
4.17083,0,11.1294,0.018033,0.513869,0.026369,10.067002,7.028791,0,0.00,0.000000
4.17083,1,11.1294,0.018037,0.513866,0.026384,10.143019,7.085645,0,0.00,0.000000
4.17083,2,11.1294,0.027063,0.512477,0.050470,10.056820,6.996948,0,0.00,0.000000
4.17083,3,11.1294,0.027066,0.512476,0.050473,10.077731,7.007597,0,0.00,0.000000
4.17500,0,11.1318,0.018018,0.513870,0.026337,10.069982,7.030316,0,0.00,0.000000
4.17500,1,11.1318,0.018022,0.513868,0.026348,10.144945,7.087430,0,0.00,0.000000
4.17500,2,11.1318,0.027079,0.512473,0.050519,10.059395,6.997645,0,0.00,0.000000
4.17500,3,11.1318,0.027081,0.512472,0.050532,10.076493,7.008576,0,0.00,0.000000
4.17917,0,11.1342,0.018006,0.513871,0.026311,10.073472,7.032456,0,0.00,0.000000
4.17917,1,11.1342,0.018015,0.513869,0.026326,10.154449,7.089252,0,0.00,0.000000
4.17917,2,11.1342,0.027100,0.512469,0.050589,10.062014,6.998747,0,0.00,0.000000
4.17917,3,11.1342,0.027107,0.512468,0.050595,10.075756,7.009973,0,0.00,0.000000
4.18333,0,11.1368,0.017997,0.513872,0.026289,10.073334,7.034155,0,0.00,0.000000
4.18333,1,11.1368,0.018001,0.513869,0.026302,10.152719,7.090918,0,0.00,0.000000
4.18333,2,11.1368,0.027126,0.512464,0.050657,10.060845,6.999984,0,0.00,0.000000
4.18333,3,11.1368,0.027128,0.512462,0.050657,10.082413,7.011236,0,0.00,0.000000
4.18750,0,11.1396,0.017987,0.513872,0.026264,10.076105,7.035690,0,0.00,0.000000
4.18750,1,11.1396,0.017995,0.513870,0.026281,10.156107,7.092952,0,0.00,0.000000
4.18750,2,11.1396,0.027147,0.512457,0.050719,10.066511,7.001088,0,0.00,0.000000
4.18750,3,11.1396,0.027150,0.512457,0.050720,10.081804,7.012478,0,0.00,0.000000
4.19167,0,11.1424,0.017983,0.513873,0.026253,10.083893,7.038170,0,0.00,0.000000
4.19167,1,11.1424,0.017984,0.513870,0.026257,10.157028,7.095356,0,0.00,0.000000
4.19167,2,11.1424,0.027166,0.512452,0.050789,10.069017,7.002303,0,0.00,0.000000
4.19167,3,11.1424,0.027170,0.512451,0.050790,10.080877,7.013537,0,0.00,0.000000
4.19583,0,11.1454,0.017974,0.513873,0.026235,10.083570,7.039960,0,0.00,0.000000
4.19583,1,11.1454,0.017981,0.513871,0.026248,10.160650,7.097155,0,0.00,0.000000
4.19583,2,11.1454,0.027192,0.512447,0.050857,10.068181,7.003734,0,0.00,0.000000
4.19583,3,11.1454,0.027191,0.512446,0.050858,10.084146,7.015203,0,0.00,0.000000
4.20000,0,11.1485,0.017973,0.513873,0.026232,10.086938,7.042007,0,0.00,0.000000
4.20000,1,11.1485,0.017972,0.513871,0.026237,10.167693,7.099465,0,0.00,0.000000
4.20000,2,11.1485,0.027213,0.512442,0.050920,10.071626,7.005459,0,0.00,0.000000
4.20000,3,11.1485,0.027211,0.512440,0.050916,10.087538,7.016858,0,0.00,0.000000
4.20417,0,11.1518,0.017965,0.513873,0.026228,10.087206,7.044416,0,0.00,0.000000
4.20417,1,11.1518,0.017969,0.513870,0.026234,10.173743,7.101667,0,0.00,0.000000
4.20417,2,11.1518,0.027235,0.512437,0.050985,10.074459,7.006675,0,0.00,0.000000
4.20417,3,11.1518,0.027238,0.512436,0.050985,10.091049,7.018614,0,0.00,0.000000
4.20833,0,11.1551,0.017971,0.513873,0.026233,10.091270,7.046845,0,0.00,0.000000
4.20833,1,11.1551,0.017972,0.513871,0.026238,10.173594,7.104548,0,0.00,0.000000
4.20833,2,11.1551,0.027259,0.512431,0.051052,10.077966,7.008543,0,0.00,0.000000
4.20833,3,11.1551,0.027263,0.512431,0.051058,10.094934,7.020609,0,0.00,0.000000
4.21250,0,11.1586,0.017967,0.513872,0.026235,10.094902,7.048845,0,0.00,0.000000
4.21250,1,11.1586,0.017973,0.513870,0.026245,10.179534,7.106425,0,0.00,0.000000
4.21250,2,11.1586,0.027280,0.512425,0.051123,10.073454,7.009761,0,0.00,0.000000
4.21250,3,11.1586,0.027283,0.512425,0.051124,10.093779,7.021684,0,0.00,0.000000
4.21667,0,11.1622,0.017970,0.513872,0.026246,10.096373,7.051998,0,0.00,0.000000
4.21667,1,11.1622,0.017981,0.513869,0.026262,10.179867,7.109420,0,0.00,0.000000
4.21667,2,11.1622,0.027312,0.512420,0.051198,10.077653,7.012420,0,0.00,0.000000
4.21667,3,11.1622,0.027308,0.512419,0.051196,10.094618,7.024105,0,0.00,0.000000
4.22083,0,11.1660,0.017975,0.513871,0.026261,10.100322,7.054149,0,0.00,0.000000
4.22083,1,11.1660,0.017987,0.513868,0.026278,10.179307,7.111718,0,0.00,0.000000
4.22083,2,11.1660,0.027333,0.512413,0.051268,10.083660,7.013588,0,0.00,0.000000
4.22083,3,11.1660,0.027330,0.512413,0.051269,10.097589,7.025623,0,0.00,0.000000
4.22500,0,11.1699,0.017989,0.513870,0.026288,10.103275,7.056685,0,0.00,0.000000
4.22500,1,11.1699,0.017993,0.513867,0.026299,10.189767,7.114543,0,0.00,0.000000
4.22500,2,11.1699,0.027354,0.512408,0.051341,10.083861,7.015868,0,0.00,0.000000
4.22500,3,11.1699,0.027358,0.512407,0.051343,10.101888,7.027949,0,0.00,0.000000
4.22917,0,11.1739,0.017995,0.513869,0.026311,10.109224,7.060061,0,0.00,0.000000
4.22917,1,11.1739,0.018001,0.513866,0.026321,10.194616,7.117524,0,0.00,0.000000
4.22917,2,11.1739,0.027377,0.512403,0.051415,10.087794,7.017996,0,0.00,0.000000
4.22917,3,11.1739,0.027382,0.512402,0.051417,10.110042,7.030322,0,0.00,0.000000
4.23333,0,11.1780,0.018012,0.513867,0.026350,10.119819,7.062096,0,0.00,0.000000
4.23333,1,11.1780,0.018008,0.513864,0.026348,10.196843,7.119649,0,0.00,0.000000
4.23333,2,11.1780,0.027401,0.512397,0.051488,10.097758,7.019414,0,0.00,0.000000
4.23333,3,11.1780,0.027407,0.512397,0.051491,10.113051,7.032002,0,0.00,0.000000
4.23750,0,11.1822,0.018021,0.513866,0.026374,10.121720,7.065212,0,0.00,0.000000
4.23750,1,11.1822,0.018021,0.513863,0.026382,10.198295,7.123335,0,0.00,0.000000
4.23750,2,11.1822,0.027426,0.512391,0.051563,10.095399,7.022262,0,0.00,0.000000
4.23750,3,11.1822,0.027432,0.512390,0.051569,10.114349,7.034630,0,0.00,0.000000
4.24167,0,11.1866,0.018037,0.513864,0.026417,10.125732,7.068032,0,0.00,0.000000
4.24167,1,11.1866,0.018042,0.513862,0.026424,10.208599,7.125989,0,0.00,0.000000
4.24167,2,11.1866,0.027455,0.512384,0.051646,10.093895,7.023811,0,0.00,0.000000
4.24167,3,11.1866,0.027458,0.512384,0.051649,10.117505,7.036358,0,0.00,0.000000
4.24583,0,11.1911,0.018052,0.513862,0.026459,10.127790,7.071442,0,0.00,0.000000
4.24583,1,11.1911,0.018057,0.513860,0.026470,10.208765,7.129399,0,0.00,0.000000
4.24583,2,11.1911,0.027482,0.512378,0.051725,10.100263,7.026821,0,0.00,0.000000
4.24583,3,11.1911,0.027484,0.512378,0.051730,10.123071,7.039631,0,0.00,0.000000
4.25000,0,11.1957,0.018069,0.513860,0.026510,10.132483,7.074273,0,0.00,0.000000
4.25000,1,11.1957,0.018079,0.513857,0.026522,10.209477,7.132420,0,0.00,0.000000
4.25000,2,11.1957,0.027509,0.512373,0.051806,10.099302,7.028944,0,0.00,0.000000
4.25000,3,11.1957,0.027511,0.512372,0.051808,10.123296,7.041827,0,0.00,0.000000
4.25417,0,11.2005,0.018093,0.513858,0.026566,10.140069,7.077522,0,0.00,0.000000
4.25417,1,11.2005,0.018097,0.513855,0.026573,10.221475,7.135461,0,0.00,0.000000
4.25417,2,11.2005,0.027534,0.512366,0.051884,10.107376,7.031640,0,0.00,0.000000
4.25417,3,11.2005,0.027538,0.512366,0.051887,10.127933,7.044452,0,0.00,0.000000
4.25833,0,11.2054,0.018112,0.513855,0.026618,10.146189,7.081089,0,0.00,0.000000
4.25833,1,11.2054,0.018123,0.513852,0.026635,10.226213,7.139295,0,0.00,0.000000
4.25833,2,11.2054,0.027561,0.512360,0.051964,10.111860,7.034256,0,0.00,0.000000
4.25833,3,11.2054,0.027563,0.512360,0.051968,10.129200,7.047255,0,0.00,0.000000
4.26250,0,11.2104,0.018135,0.513852,0.026683,10.147129,7.083821,0,0.00,0.000000
4.26250,1,11.2104,0.018139,0.513849,0.026684,10.229181,7.142153,0,0.00,0.000000
4.26250,2,11.2104,0.027588,0.512354,0.052043,10.111833,7.036366,0,0.00,0.000000
4.26250,3,11.2104,0.027586,0.512353,0.052037,10.133296,7.049582,0,0.00,0.000000
4.26667,0,11.2155,0.018164,0.513850,0.026750,10.149327,7.087571,0,0.00,0.000000
4.26667,1,11.2155,0.018166,0.513847,0.026750,10.230946,7.145925,0,0.00,0.000000
4.26667,2,11.2155,0.027614,0.512347,0.052126,10.120100,7.039258,0,0.00,0.000000
4.26667,3,11.2155,0.027617,0.512347,0.052127,10.138556,7.052569,0,0.00,0.000000
4.27083,0,11.2208,0.018190,0.513846,0.026815,10.158503,7.091040,0,0.00,0.000000
4.27083,1,11.2208,0.018195,0.513844,0.026820,10.237926,7.149233,0,0.00,0.000000
4.27083,2,11.2208,0.027640,0.512340,0.052203,10.122155,7.042189,0,0.00,0.000000
4.27083,3,11.2208,0.027642,0.512339,0.052204,10.143051,7.055310,0,0.00,0.000000
4.27500,0,11.2261,0.018222,0.513843,0.026892,10.160409,7.094936,0,0.00,0.000000
4.27500,1,11.2261,0.018223,0.513841,0.026900,10.243157,7.153318,0,0.00,0.000000
4.27500,2,11.2261,0.027661,0.512334,0.052277,10.126405,7.045576,0,0.00,0.000000
4.27500,3,11.2261,0.027665,0.512334,0.052281,10.152025,7.058596,0,0.00,0.000000
4.27917,0,11.2316,0.018252,0.513840,0.026974,10.168162,7.098533,0,0.00,0.000000
4.27917,1,11.2316,0.018257,0.513837,0.026980,10.251158,7.156728,0,0.00,0.000000
4.27917,2,11.2316,0.027689,0.512327,0.052361,10.127024,7.047969,0,0.00,0.000000
4.27917,3,11.2316,0.027693,0.512327,0.052361,10.156790,7.061531,0,0.00,0.000000
4.28333,0,11.2373,0.018285,0.513836,0.027055,10.170902,7.101583,0,0.00,0.000000
4.28333,1,11.2373,0.018291,0.513833,0.027066,10.260230,7.160265,0,0.00,0.000000
4.28333,2,11.2373,0.027717,0.512321,0.052443,10.131290,7.050802,0,0.00,0.000000
4.28333,3,11.2373,0.027717,0.512320,0.052444,10.157739,7.064517,0,0.00,0.000000
4.28750,0,11.2430,0.018319,0.513832,0.027146,10.173402,7.105696,0,0.00,0.000000
4.28750,1,11.2430,0.018327,0.513830,0.027156,10.257671,7.164099,0,0.00,0.000000
4.28750,2,11.2430,0.027748,0.512314,0.052527,10.136234,7.053939,0,0.00,0.000000
4.28750,3,11.2430,0.027748,0.512313,0.052525,10.154361,7.067571,0,0.00,0.000000
4.29167,0,11.2489,0.018351,0.513828,0.027235,10.179537,7.109722,0,0.00,0.000000
4.29167,1,11.2489,0.018362,0.513825,0.027249,10.263929,7.168256,0,0.00,0.000000
4.29167,2,11.2489,0.027769,0.512307,0.052604,10.141670,7.057216,0,0.00,0.000000
4.29167,3,11.2489,0.027770,0.512306,0.052601,10.161737,7.070978,0,0.00,0.000000
4.29583,0,11.2549,0.018391,0.513824,0.027334,10.185537,7.113546,0,0.00,0.000000
4.29583,1,11.2549,0.018399,0.513822,0.027342,10.272043,7.172246,0,0.00,0.000000
4.29583,2,11.2549,0.027796,0.512300,0.052689,10.146476,7.060557,0,0.00,0.000000
4.29583,3,11.2549,0.027796,0.512299,0.052688,10.170967,7.074441,0,0.00,0.000000
4.30000,0,11.2610,0.018431,0.513820,0.027434,10.191688,7.117803,0,0.00,0.000000
4.30000,1,11.2610,0.018436,0.513817,0.027444,10.277690,7.176335,0,0.00,0.000000
4.30000,2,11.2610,0.027822,0.512293,0.052773,10.155526,7.063965,0,0.00,0.000000
4.30000,3,11.2610,0.027826,0.512292,0.052778,10.180060,7.077805,0,0.00,0.000000
4.30417,0,11.2672,0.018469,0.513815,0.027535,10.202181,7.121911,0,0.00,0.000000
4.30417,1,11.2672,0.018479,0.513812,0.027546,10.283175,7.180469,0,0.00,0.000000
4.30417,2,11.2672,0.027847,0.512286,0.052858,10.157817,7.067523,0,0.00,0.000000
4.30417,3,11.2672,0.027853,0.512285,0.052866,10.181995,7.081450,0,0.00,0.000000
4.30833,0,11.2736,0.018516,0.513810,0.027647,10.208050,7.125881,0,0.00,0.000000
4.30833,1,11.2736,0.018519,0.513808,0.027653,10.292213,7.184868,0,0.00,0.000000
4.30833,2,11.2736,0.027875,0.512279,0.052947,10.164261,7.070738,0,0.00,0.000000
4.30833,3,11.2736,0.027879,0.512278,0.052954,10.187677,7.085108,0,0.00,0.000000
4.31250,0,11.2801,0.018563,0.513805,0.027763,10.210475,7.130018,0,0.00,0.000000
4.31250,1,11.2801,0.018567,0.513803,0.027773,10.300757,7.188554,0,0.00,0.000000
4.31250,2,11.2801,0.027906,0.512271,0.053040,10.177850,7.074090,0,0.00,0.000000
4.31250,3,11.2801,0.027914,0.512271,0.053043,10.196712,7.088322,0,0.00,0.000000
4.31667,0,11.2867,0.018611,0.513800,0.027882,10.220580,7.134516,0,0.00,0.000000
4.31667,1,11.2867,0.018610,0.513798,0.027883,10.303193,7.193121,0,0.00,0.000000
4.31667,2,11.2867,0.027932,0.512264,0.053128,10.177907,7.078039,0,0.00,0.000000
4.31667,3,11.2867,0.027937,0.512263,0.053130,10.199219,7.092185,0,0.00,0.000000
4.32083,0,11.2935,0.018656,0.513795,0.028001,10.223595,7.138758,0,0.00,0.000000
4.32083,1,11.2935,0.018663,0.513792,0.028008,10.309573,7.197838,0,0.00,0.000000
4.32083,2,11.2935,0.027964,0.512257,0.053224,10.181338,7.081764,0,0.00,0.000000
4.32083,3,11.2935,0.027970,0.512256,0.053225,10.208995,7.096063,0,0.00,0.000000
4.32500,0,11.3003,0.018707,0.513789,0.028133,10.230234,7.143080,0,0.00,0.000000
4.32500,1,11.3003,0.018711,0.513786,0.028135,10.315787,7.202183,0,0.00,0.000000
4.32500,2,11.3003,0.027994,0.512250,0.053313,10.184308,7.085337,0,0.00,0.000000
4.32500,3,11.3003,0.027999,0.512248,0.053313,10.211387,7.099754,0,0.00,0.000000
4.32917,0,11.3073,0.018761,0.513783,0.028260,10.239067,7.148190,0,0.00,0.000000
4.32917,1,11.3073,0.018763,0.513781,0.028266,10.318705,7.206895,0,0.00,0.000000
4.32917,2,11.3073,0.028029,0.512242,0.053413,10.195604,7.089491,0,0.00,0.000000
4.32917,3,11.3073,0.028027,0.512241,0.053406,10.214396,7.104064,0,0.00,0.000000
4.33333,0,11.3144,0.018813,0.513777,0.028396,10.244386,7.152163,0,0.00,0.000000
4.33333,1,11.3144,0.018820,0.513775,0.028403,10.334373,7.211176,0,0.00,0.000000
4.33333,2,11.3144,0.028054,0.512234,0.053498,10.198558,7.093183,0,0.00,0.000000
4.33333,3,11.3144,0.028056,0.512234,0.053494,10.220203,7.107908,0,0.00,0.000000
4.33750,0,11.3216,0.018870,0.513771,0.028535,10.249170,7.157251,0,0.00,0.000000
4.33750,1,11.3216,0.018875,0.513768,0.028545,10.337525,7.216311,0,0.00,0.000000
4.33750,2,11.3216,0.028084,0.512226,0.053590,10.209455,7.097238,0,0.00,0.000000
4.33750,3,11.3216,0.028087,0.512227,0.053595,10.226279,7.111838,0,0.00,0.000000
4.34167,0,11.3289,0.018928,0.513765,0.028682,10.258713,7.162080,0,0.00,0.000000
4.34167,1,11.3289,0.018933,0.513762,0.028693,10.346975,7.220785,0,0.00,0.000000
4.34167,2,11.3289,0.028119,0.512219,0.053689,10.210004,7.101314,0,0.00,0.000000
4.34167,3,11.3289,0.028121,0.512219,0.053692,10.233741,7.116310,0,0.00,0.000000
4.34583,0,11.3364,0.018994,0.513758,0.028838,10.266321,7.166754,0,0.00,0.000000
4.34583,1,11.3364,0.018996,0.513756,0.028839,10.355088,7.226015,0,0.00,0.000000
4.34583,2,11.3364,0.028148,0.512211,0.053783,10.224871,7.105508,0,0.00,0.000000
4.34583,3,11.3364,0.028151,0.512211,0.053781,10.246714,7.120308,0,0.00,0.000000
4.35000,0,11.3440,0.019058,0.513752,0.028989,10.273676,7.171682,0,0.00,0.000000
4.35000,1,11.3440,0.019056,0.513749,0.028991,10.360971,7.230798,0,0.00,0.000000
4.35000,2,11.3440,0.028179,0.512204,0.053873,10.225509,7.109973,0,0.00,0.000000
4.35000,3,11.3440,0.028178,0.512203,0.053875,10.249897,7.124761,0,0.00,0.000000
4.35417,0,11.3517,0.019119,0.513744,0.029148,10.280427,7.176672,0,0.00,0.000000
4.35417,1,11.3517,0.019122,0.513741,0.029149,10.364634,7.235600,0,0.00,0.000000
4.35417,2,11.3517,0.028204,0.512195,0.053965,10.228593,7.113966,0,0.00,0.000000
4.35417,3,11.3517,0.028207,0.512195,0.053965,10.253575,7.129220,0,0.00,0.000000
4.35833,0,11.3595,0.019183,0.513737,0.029308,10.288174,7.181717,0,0.00,0.000000
4.35833,1,11.3595,0.019188,0.513735,0.029312,10.374645,7.240731,0,0.00,0.000000
4.35833,2,11.3595,0.028237,0.512188,0.054065,10.233487,7.118688,0,0.00,0.000000
4.35833,3,11.3595,0.028237,0.512187,0.054063,10.260367,7.133687,0,0.00,0.000000
4.36250,0,11.3675,0.019253,0.513730,0.029477,10.292636,7.186538,0,0.00,0.000000
4.36250,1,11.3675,0.019253,0.513727,0.029474,10.381152,7.246025,0,0.00,0.000000
4.36250,2,11.3675,0.028269,0.512179,0.054159,10.237214,7.122848,0,0.00,0.000000
4.36250,3,11.3675,0.028264,0.512178,0.054150,10.266300,7.138066,0,0.00,0.000000
4.36667,0,11.3755,0.019320,0.513721,0.029642,10.301249,7.191779,0,0.00,0.000000
4.36667,1,11.3755,0.019324,0.513720,0.029645,10.384223,7.250814,0,0.00,0.000000
4.36667,2,11.3755,0.028295,0.512171,0.054248,10.244418,7.127127,0,0.00,0.000000
4.36667,3,11.3755,0.028293,0.512171,0.054244,10.271003,7.142719,0,0.00,0.000000
4.37083,0,11.3837,0.019389,0.513714,0.029812,10.308321,7.197059,0,0.00,0.000000
4.37083,1,11.3837,0.019393,0.513712,0.029814,10.395227,7.256383,0,0.00,0.000000
4.37083,2,11.3837,0.028327,0.512163,0.054349,10.256981,7.132253,0,0.00,0.000000
4.37083,3,11.3837,0.028324,0.512162,0.054340,10.280838,7.147433,0,0.00,0.000000
4.37500,0,11.3920,0.019458,0.513706,0.029988,10.316664,7.202412,0,0.00,0.000000
4.37500,1,11.3920,0.019463,0.513703,0.029994,10.402917,7.261697,0,0.00,0.000000
4.37500,2,11.3920,0.028355,0.512155,0.054439,10.264635,7.136652,0,0.00,0.000000
4.37500,3,11.3920,0.028357,0.512154,0.054438,10.288203,7.152220,0,0.00,0.000000
4.37917,0,11.4004,0.019531,0.513698,0.030166,10.324969,7.207961,0,0.00,0.000000
4.37917,1,11.4004,0.019535,0.513696,0.030171,10.409685,7.267172,0,0.00,0.000000
4.37917,2,11.4004,0.028384,0.512147,0.054533,10.269512,7.141647,0,0.00,0.000000
4.37917,3,11.4004,0.028383,0.512145,0.054529,10.297244,7.157114,0,0.00,0.000000
4.38333,0,11.4090,0.019606,0.513689,0.030352,10.332749,7.213181,0,0.00,0.000000
4.38333,1,11.4090,0.019612,0.513687,0.030356,10.420717,7.272508,0,0.00,0.000000
4.38333,2,11.4090,0.028414,0.512138,0.054627,10.281192,7.146114,0,0.00,0.000000
4.38333,3,11.4090,0.028418,0.512137,0.054628,10.298930,7.161705,0,0.00,0.000000
4.38750,0,11.4176,0.019678,0.513680,0.030536,10.341471,7.218673,0,0.00,0.000000
4.38750,1,11.4176,0.019685,0.513678,0.030543,10.424770,7.278032,0,0.00,0.000000
4.38750,2,11.4176,0.028445,0.512129,0.054726,10.283134,7.151494,0,0.00,0.000000
4.38750,3,11.4176,0.028446,0.512129,0.054726,10.310575,7.167020,0,0.00,0.000000
4.39167,0,11.4264,0.019758,0.513671,0.030731,10.346749,7.224518,0,0.00,0.000000
4.39167,1,11.4264,0.019764,0.513669,0.030733,10.439921,7.283651,0,0.00,0.000000
4.39167,2,11.4264,0.028476,0.512121,0.054827,10.290931,7.156111,0,0.00,0.000000
4.39167,3,11.4264,0.028473,0.512121,0.054825,10.318436,7.172056,0,0.00,0.000000
4.39583,0,11.4353,0.019835,0.513662,0.030926,10.357483,7.229800,0,0.00,0.000000
4.39583,1,11.4353,0.019838,0.513660,0.030927,10.442976,7.289266,0,0.00,0.000000
4.39583,2,11.4353,0.028509,0.512113,0.054931,10.298726,7.160856,0,0.00,0.000000
4.39583,3,11.4353,0.028508,0.512112,0.054926,10.321794,7.176878,0,0.00,0.000000
4.40000,0,11.4443,0.019914,0.513653,0.031121,10.366913,7.235752,0,0.00,0.000000
4.40000,1,11.4443,0.019920,0.513650,0.031131,10.454833,7.294985,0,0.00,0.000000
4.40000,2,11.4443,0.028539,0.512104,0.055032,10.308167,7.166532,0,0.00,0.000000
4.40000,3,11.4443,0.028541,0.512103,0.055032,10.333875,7.182395,0,0.00,0.000000
4.40417,0,11.4534,0.019996,0.513643,0.031327,10.373487,7.241749,0,0.00,0.000000
4.40417,1,11.4534,0.020003,0.513641,0.031337,10.459614,7.301082,0,0.00,0.000000
4.40417,2,11.4534,0.028570,0.512095,0.055133,10.321696,7.171902,0,0.00,0.000000
4.40417,3,11.4534,0.028574,0.512094,0.055134,10.342112,7.187875,0,0.00,0.000000
4.40833,0,11.4626,0.020078,0.513633,0.031533,10.384777,7.246882,0,0.00,0.000000
4.40833,1,11.4626,0.020080,0.513631,0.031538,10.467352,7.306388,0,0.00,0.000000
4.40833,2,11.4626,0.028602,0.512086,0.055238,10.325674,7.176528,0,0.00,0.000000
4.40833,3,11.4626,0.028604,0.512085,0.055237,10.348876,7.192581,0,0.00,0.000000
4.41250,0,11.4720,0.020160,0.513623,0.031745,10.389548,7.253209,0,0.00,0.000000
4.41250,1,11.4720,0.020163,0.513620,0.031751,10.472865,7.312776,0,0.00,0.000000
4.41250,2,11.4720,0.028632,0.512077,0.055337,10.335101,7.182091,0,0.00,0.000000
4.41250,3,11.4720,0.028637,0.512077,0.055337,10.357615,7.198275,0,0.00,0.000000
4.41667,0,11.4815,0.020245,0.513612,0.031959,10.400012,7.259150,0,0.00,0.000000
4.41667,1,11.4815,0.020248,0.513610,0.031962,10.483050,7.318682,0,0.00,0.000000
4.41667,2,11.4815,0.028666,0.512069,0.055443,10.336627,7.187679,0,0.00,0.000000
4.41667,3,11.4815,0.028669,0.512068,0.055446,10.365291,7.204021,0,0.00,0.000000
4.42083,0,11.4911,0.020329,0.513602,0.032172,10.408842,7.265628,0,0.00,0.000000
4.42083,1,11.4911,0.020336,0.513599,0.032179,10.495522,7.324624,0,0.00,0.000000
4.42083,2,11.4911,0.028697,0.512059,0.055548,10.353514,7.193345,0,0.00,0.000000
4.42083,3,11.4911,0.028699,0.512059,0.055549,10.370555,7.209504,0,0.00,0.000000
4.42500,0,11.5008,0.020415,0.513591,0.032386,10.418242,7.271330,0,0.00,0.000000
4.42500,1,11.5008,0.020423,0.513588,0.032400,10.506267,7.331011,0,0.00,0.000000
4.42500,2,11.5008,0.028729,0.512050,0.055654,10.359204,7.198772,0,0.00,0.000000
4.42500,3,11.5008,0.028733,0.512050,0.055656,10.386085,7.215136,0,0.00,0.000000
4.42917,0,11.5106,0.020504,0.513580,0.032614,10.428383,7.277331,0,0.00,0.000000
4.42917,1,11.5106,0.020507,0.513577,0.032616,10.512459,7.336635,0,0.00,0.000000
4.42917,2,11.5106,0.028769,0.512041,0.055767,10.364093,7.204029,0,0.00,0.000000
4.42917,3,11.5106,0.028765,0.512041,0.055758,10.387043,7.220488,0,0.00,0.000000
4.43333,0,11.5205,0.020590,0.513569,0.032839,10.436420,7.283547,0,0.00,0.000000
4.43333,1,11.5205,0.020598,0.513566,0.032849,10.522582,7.343318,0,0.00,0.000000
4.43333,2,11.5205,0.028797,0.512031,0.055867,10.370481,7.209997,0,0.00,0.000000
4.43333,3,11.5205,0.028798,0.512032,0.055866,10.396525,7.226507,0,0.00,0.000000
4.43750,0,11.5306,0.020684,0.513557,0.033075,10.449659,7.289907,0,0.00,0.000000
4.43750,1,11.5306,0.020688,0.513554,0.033077,10.530306,7.349142,0,0.00,0.000000
4.43750,2,11.5306,0.028830,0.512023,0.055972,10.386732,7.215624,0,0.00,0.000000
4.43750,3,11.5306,0.028831,0.512023,0.055970,10.407685,7.232030,0,0.00,0.000000
4.44167,0,11.5407,0.020773,0.513545,0.033303,10.456623,7.296572,0,0.00,0.000000
4.44167,1,11.5407,0.020778,0.513543,0.033309,10.538542,7.355910,0,0.00,0.000000
4.44167,2,11.5407,0.028863,0.512013,0.056079,10.393203,7.221612,0,0.00,0.000000
4.44167,3,11.5407,0.028864,0.512013,0.056079,10.420804,7.238372,0,0.00,0.000000
4.44583,0,11.5510,0.020863,0.513533,0.033540,10.463083,7.302564,0,0.00,0.000000
4.44583,1,11.5510,0.020868,0.513530,0.033544,10.548396,7.362273,0,0.00,0.000000
4.44583,2,11.5510,0.028897,0.512004,0.056186,10.398839,7.227394,0,0.00,0.000000
4.44583,3,11.5510,0.028896,0.512004,0.056182,10.422809,7.243966,0,0.00,0.000000
4.45000,0,11.5614,0.020957,0.513521,0.033777,10.473374,7.309075,0,0.00,0.000000
4.45000,1,11.5614,0.020963,0.513518,0.033786,10.562353,7.368616,0,0.00,0.000000
4.45000,2,11.5614,0.028931,0.511995,0.056295,10.412776,7.233494,0,0.00,0.000000
4.45000,3,11.5614,0.028932,0.511994,0.056292,10.434902,7.250228,0,0.00,0.000000
4.45417,0,11.5719,0.021052,0.513508,0.034023,10.485929,7.315755,0,0.00,0.000000
4.45417,1,11.5719,0.021058,0.513505,0.034029,10.572868,7.374962,0,0.00,0.000000
4.45417,2,11.5719,0.028966,0.511985,0.056405,10.422189,7.239428,0,0.00,0.000000
4.45417,3,11.5719,0.028967,0.511984,0.056404,10.444242,7.256234,0,0.00,0.000000
4.45833,0,11.5825,0.021148,0.513495,0.034272,10.494292,7.322369,0,0.00,0.000000
4.45833,1,11.5825,0.021153,0.513492,0.034278,10.581408,7.381970,0,0.00,0.000000
4.45833,2,11.5825,0.029002,0.511975,0.056513,10.425750,7.245684,0,0.00,0.000000
4.45833,3,11.5825,0.028998,0.511974,0.056508,10.453859,7.262595,0,0.00,0.000000
4.46250,0,11.5932,0.021244,0.513482,0.034519,10.502705,7.329122,0,0.00,0.000000
4.46250,1,11.5932,0.021249,0.513479,0.034521,10.594095,7.388643,0,0.00,0.000000
4.46250,2,11.5932,0.029032,0.511966,0.056621,10.443130,7.252054,0,0.00,0.000000
4.46250,3,11.5932,0.029035,0.511964,0.056620,10.461981,7.268788,0,0.00,0.000000
4.46667,0,11.6041,0.021346,0.513468,0.034778,10.514030,7.335584,0,0.00,0.000000
4.46667,1,11.6041,0.021347,0.513466,0.034776,10.603887,7.395162,0,0.00,0.000000
4.46667,2,11.6041,0.029065,0.511956,0.056728,10.442461,7.258150,0,0.00,0.000000
4.46667,3,11.6041,0.029066,0.511955,0.056725,10.468508,7.275322,0,0.00,0.000000
4.47083,0,11.6150,0.021441,0.513454,0.035029,10.524734,7.342684,0,0.00,0.000000
4.47083,1,11.6150,0.021444,0.513452,0.035032,10.614651,7.402011,0,0.00,0.000000
4.47083,2,11.6150,0.029100,0.511946,0.056839,10.452641,7.264623,0,0.00,0.000000
4.47083,3,11.6150,0.029098,0.511946,0.056830,10.478531,7.281617,0,0.00,0.000000
4.47500,0,11.6261,0.021540,0.513441,0.035284,10.535456,7.349200,0,0.00,0.000000
4.47500,1,11.6261,0.021545,0.513438,0.035289,10.622161,7.408698,0,0.00,0.000000
4.47500,2,11.6261,0.029134,0.511936,0.056946,10.470378,7.270904,0,0.00,0.000000
4.47500,3,11.6261,0.029132,0.511935,0.056939,10.487067,7.287952,0,0.00,0.000000
4.47917,0,11.6373,0.021639,0.513426,0.035549,10.549520,7.356142,0,0.00,0.000000
4.47917,1,11.6373,0.021646,0.513423,0.035555,10.633769,7.415550,0,0.00,0.000000
4.47917,2,11.6373,0.029162,0.511926,0.057050,10.477509,7.277491,0,0.00,0.000000
4.47917,3,11.6373,0.029168,0.511926,0.057054,10.504358,7.294331,0,0.00,0.000000
4.48333,0,11.6486,0.021745,0.513412,0.035817,10.560240,7.363379,0,0.00,0.000000
4.48333,1,11.6486,0.021748,0.513409,0.035820,10.646807,7.422520,0,0.00,0.000000
4.48333,2,11.6486,0.029199,0.511916,0.057164,10.484072,7.283855,0,0.00,0.000000
4.48333,3,11.6486,0.029200,0.511916,0.057161,10.511907,7.301323,0,0.00,0.000000
4.48750,0,11.6600,0.021847,0.513397,0.036084,10.571480,7.370044,0,0.00,0.000000
4.48750,1,11.6600,0.021849,0.513395,0.036087,10.653208,7.429508,0,0.00,0.000000
4.48750,2,11.6600,0.029235,0.511906,0.057278,10.498876,7.290813,0,0.00,0.000000
4.48750,3,11.6600,0.029235,0.511906,0.057278,10.513021,7.307816,0,0.00,0.000000
4.49167,0,11.6715,0.021950,0.513381,0.036357,10.579926,7.377150,0,0.00,0.000000
4.49167,1,11.6715,0.021952,0.513379,0.036360,10.663554,7.436688,0,0.00,0.000000
4.49167,2,11.6715,0.029271,0.511896,0.057393,10.505589,7.297003,0,0.00,0.000000
4.49167,3,11.6715,0.029269,0.511896,0.057388,10.527376,7.314528,0,0.00,0.000000
4.49583,0,11.6831,0.022056,0.513366,0.036633,10.587469,7.384203,0,0.00,0.000000
4.49583,1,11.6831,0.022057,0.513364,0.036633,10.671091,7.443471,0,0.00,0.000000
4.49583,2,11.6831,0.029303,0.511886,0.057504,10.516145,7.303897,0,0.00,0.000000
4.49583,3,11.6831,0.029303,0.511885,0.057504,10.538883,7.321122,0,0.00,0.000000
4.50000,0,11.6948,0.022161,0.513350,0.036913,10.598061,7.391596,0,0.00,0.000000
4.50000,1,11.6948,0.022165,0.513348,0.036914,10.684442,7.450878,0,0.00,0.000000
4.50000,2,11.6948,0.029336,0.511875,0.057621,10.524673,7.311115,0,0.00,0.000000
4.50000,3,11.6948,0.029338,0.511874,0.057624,10.546686,7.328470,0,0.00,0.000000
4.50417,0,11.7067,0.022266,0.513335,0.037191,10.608871,7.398526,0,0.00,0.000000
4.50417,1,11.7067,0.022269,0.513332,0.037198,10.694284,7.457829,0,0.00,0.000000
4.50417,2,11.7067,0.029372,0.511865,0.057737,10.534561,7.317497,0,0.00,0.000000
4.50417,3,11.7067,0.029375,0.511865,0.057738,10.555797,7.334916,0,0.00,0.000000
4.50833,0,11.7186,0.022373,0.513318,0.037475,10.624535,7.406212,0,0.00,0.000000
4.50833,1,11.7186,0.022378,0.513315,0.037480,10.710441,7.465550,0,0.00,0.000000
4.50833,2,11.7186,0.029405,0.511854,0.057849,10.547313,7.325025,0,0.00,0.000000
4.50833,3,11.7186,0.029408,0.511854,0.057850,10.567577,7.342603,0,0.00,0.000000
4.51250,0,11.7307,0.022478,0.513301,0.037760,10.632443,7.413260,0,0.00,0.000000
4.51250,1,11.7307,0.022490,0.513299,0.037772,10.717486,7.472601,0,0.00,0.000000
4.51250,2,11.7307,0.029441,0.511845,0.057967,10.557954,7.331707,0,0.00,0.000000
4.51250,3,11.7307,0.029442,0.511843,0.057970,10.580257,7.348893,0,0.00,0.000000
4.51667,0,11.7429,0.022590,0.513285,0.038049,10.644164,7.420579,0,0.00,0.000000
4.51667,1,11.7429,0.022596,0.513283,0.038059,10.729513,7.479932,0,0.00,0.000000
4.51667,2,11.7429,0.029472,0.511834,0.058084,10.565708,7.338773,0,0.00,0.000000
4.51667,3,11.7429,0.029475,0.511833,0.058078,10.587565,7.356523,0,0.00,0.000000
4.52083,0,11.7551,0.022701,0.513268,0.038348,10.653460,7.428133,0,0.00,0.000000
4.52083,1,11.7551,0.022705,0.513265,0.038354,10.742192,7.487258,0,0.00,0.000000
4.52083,2,11.7551,0.029506,0.511824,0.058196,10.577361,7.346034,0,0.00,0.000000
4.52083,3,11.7551,0.029510,0.511823,0.058198,10.599142,7.363721,0,0.00,0.000000
4.52500,0,11.7675,0.022808,0.513250,0.038641,10.665444,7.435832,0,0.00,0.000000
4.52500,1,11.7675,0.022814,0.513247,0.038649,10.748275,7.494838,0,0.00,0.000000
4.52500,2,11.7675,0.029547,0.511813,0.058321,10.584845,7.353288,0,0.00,0.000000
4.52500,3,11.7675,0.029544,0.511812,0.058312,10.609548,7.370786,0,0.00,0.000000
4.52917,0,11.7800,0.022923,0.513232,0.038944,10.676697,7.442975,0,0.00,0.000000
4.52917,1,11.7800,0.022923,0.513229,0.038945,10.766125,7.502308,0,0.00,0.000000
4.52917,2,11.7800,0.029582,0.511802,0.058438,10.596314,7.360423,0,0.00,0.000000
4.52917,3,11.7800,0.029580,0.511801,0.058431,10.623327,7.378272,0,0.00,0.000000
4.53333,0,11.7926,0.023036,0.513214,0.039245,10.687860,7.451022,0,0.00,0.000000
4.53333,1,11.7926,0.023038,0.513211,0.039250,10.773267,7.509824,0,0.00,0.000000
4.53333,2,11.7926,0.029613,0.511791,0.058552,10.604727,7.368100,0,0.00,0.000000
4.53333,3,11.7926,0.029615,0.511790,0.058553,10.632485,7.385730,0,0.00,0.000000
4.53750,0,11.8053,0.023145,0.513195,0.039546,10.697488,7.458007,0,0.00,0.000000
4.53750,1,11.8053,0.023150,0.513193,0.039551,10.780605,7.517419,0,0.00,0.000000
4.53750,2,11.8053,0.029645,0.511780,0.058667,10.620069,7.375358,0,0.00,0.000000
4.53750,3,11.8053,0.029647,0.511779,0.058666,10.643231,7.392802,0,0.00,0.000000
4.54167,0,11.8181,0.023262,0.513176,0.039858,10.711629,7.466300,0,0.00,0.000000
4.54167,1,11.8181,0.023263,0.513168,0.039861,10.792072,7.525625,2,32.70,0.000000
4.54167,2,11.8181,0.029683,0.511769,0.058783,10.631613,7.382774,0,0.00,0.000000
4.54167,3,11.8181,0.029682,0.511768,0.058782,10.656907,7.400625,0,0.00,0.000000
4.54583,0,11.8310,0.023375,0.513158,0.040170,10.720941,7.473767,0,0.00,0.000000
4.54583,1,11.8310,0.023376,0.512533,0.040171,10.804412,7.534917,49,4968.49,0.001609
4.54583,2,11.8310,0.029721,0.511759,0.058908,10.644649,7.390481,0,0.00,0.000000
4.54583,3,11.8310,0.029717,0.511758,0.058904,10.669684,7.408460,0,0.00,0.000000
4.55000,0,11.8340,0.023453,0.513139,0.040414,10.744617,7.488438,0,0.00,0.000000
4.55000,1,11.8340,0.026733,0.510747,0.050574,10.755177,7.478935,115,20817.24,0.010422
4.55000,2,11.8340,0.029737,0.511750,0.058988,10.659127,7.399938,0,0.00,0.000000
4.55000,3,11.8340,0.029742,0.511746,0.058981,10.658034,7.400596,0,0.00,0.000000
4.55417,0,11.9090,0.023411,0.513135,0.040402,10.870478,7.565565,0,0.00,0.001284
4.55417,1,11.9090,0.038804,0.509291,0.063633,10.757793,7.467437,145,33427.96,0.026810
4.55417,2,11.9090,0.029661,0.511758,0.058862,10.741372,7.454814,0,0.00,0.000000
4.55417,3,11.9090,0.029692,0.511750,0.058845,10.720054,7.439942,0,0.00,0.000000
4.55833,0,11.8887,0.023200,0.513142,0.039937,10.967853,7.614974,0,0.00,0.004742
4.55833,1,11.8887,0.041632,0.508903,0.065493,11.014674,7.611512,153,36570.18,0.046640
4.55833,2,11.8887,0.029521,0.511795,0.058448,10.821051,7.499333,0,0.00,0.000000
4.55833,3,11.8887,0.029588,0.511772,0.058427,10.624621,7.374087,0,0.00,0.000000
4.56250,0,11.8669,0.022949,0.513174,0.039239,11.020668,7.638983,0,0.00,0.010002
4.56250,1,11.8669,0.038724,0.509433,0.061839,11.338302,7.794419,147,33198.57,0.065545
4.56250,2,11.8669,0.029326,0.511872,0.057705,10.931291,7.559542,0,0.00,0.000000
4.56250,3,11.8669,0.029413,0.511844,0.057696,10.560860,7.328010,0,0.00,0.000000
4.56667,0,11.8424,0.022999,0.513208,0.038960,10.890850,7.568994,0,0.00,0.016080
4.56667,1,11.8424,0.035498,0.509858,0.058414,11.388324,7.830219,140,29544.37,0.081865
4.56667,2,11.8424,0.029212,0.511951,0.056963,10.903835,7.539743,0,0.00,0.000000
4.56667,3,11.8424,0.029257,0.511960,0.056983,10.610817,7.364885,0,0.00,0.000000
4.57083,0,11.8870,0.023005,0.513239,0.038691,10.851904,7.559660,0,0.00,0.022221
4.57083,1,11.8870,0.033312,0.509908,0.055725,11.484373,7.870261,134,27005.45,0.095572
4.57083,2,11.8870,0.029079,0.511995,0.056348,10.875626,7.534212,0,0.00,0.000000
4.57083,3,11.8870,0.029064,0.512051,0.056374,10.738439,7.468417,0,0.00,0.000000
4.57500,0,11.9189,0.022777,0.513299,0.038115,10.881466,7.574493,0,0.00,0.028066
4.57500,1,11.9189,0.032222,0.510073,0.054497,11.445790,7.917966,132,25626.23,0.107262
4.57500,2,11.9189,0.028912,0.512015,0.055943,10.837390,7.523489,0,0.00,0.000000
4.57500,3,11.9189,0.028866,0.512074,0.055953,10.836031,7.535966,0,0.00,0.000000
4.57917,0,11.8971,0.022338,0.513284,0.037299,10.903877,7.578016,8,259.26,0.033645
4.57917,1,11.8971,0.031734,0.510311,0.053924,11.484525,7.945693,132,24926.03,0.117561
4.57917,2,11.8971,0.028761,0.512030,0.055708,10.839078,7.518299,0,0.00,0.000000
4.57917,3,11.8971,0.028732,0.512043,0.055704,10.836204,7.532655,0,0.00,0.000000
4.58333,0,11.8741,0.021989,0.512290,0.036723,10.885915,7.552497,77,8385.73,0.042387
4.58333,1,11.8741,0.031085,0.510357,0.052989,11.439767,7.888170,132,24068.72,0.127375
4.58333,2,11.8741,0.028661,0.512048,0.055539,10.898739,7.552133,0,0.00,0.000000
4.58333,3,11.8741,0.028666,0.512005,0.055524,10.822156,7.528079,0,0.00,0.000000
4.58750,0,11.8804,0.029499,0.510580,0.051611,10.821639,7.488481,125,23841.26,0.058571
4.58750,1,11.8804,0.029061,0.510542,0.051076,11.365879,7.882797,130,21732.78,0.137396
4.58750,2,11.8804,0.028617,0.512063,0.055394,11.018970,7.609619,0,0.00,0.000000
4.58750,3,11.8804,0.028617,0.512007,0.055379,10.883256,7.570632,0,0.00,0.000000
4.59167,0,11.9948,0.039382,0.509291,0.061629,11.043127,7.623996,149,34125.30,0.081236
4.59167,1,11.9948,0.025026,0.511019,0.047592,11.588328,8.041409,122,17537.42,0.147168
4.59167,2,11.9948,0.028635,0.512060,0.055425,11.227064,7.736965,0,0.00,0.000000
4.59167,3,11.9948,0.028616,0.512040,0.055384,10.974955,7.629168,0,0.00,0.000000
4.59583,0,11.9302,0.042072,0.508841,0.064543,11.249582,7.793470,155,36759.90,0.106435
4.59583,1,11.9302,0.023040,0.511380,0.043713,11.655090,8.038608,111,13350.66,0.156011
4.59583,2,11.9302,0.028718,0.511983,0.055785,11.137292,7.690747,0,0.00,0.000000
4.59583,3,11.9302,0.028697,0.512019,0.055707,10.902898,7.581861,0,0.00,0.000000
4.60000,0,11.9514,0.040092,0.509163,0.063238,11.602966,8.051628,151,34090.85,0.130368
4.60000,1,11.9514,0.023179,0.511518,0.040329,11.619542,8.008871,101,10222.87,0.163515
4.60000,2,11.9514,0.028825,0.511885,0.056445,11.085328,7.681641,0,0.00,0.000000
4.60000,3,11.9514,0.028837,0.511949,0.056288,10.847216,7.549035,0,0.00,0.000000
4.60417,0,11.8675,0.037482,0.509397,0.061111,11.642234,8.018427,143,30758.79,0.151477
4.60417,1,11.8675,0.023471,0.511605,0.040958,11.411601,7.920888,95,8358.93,0.169769
4.60417,2,11.8675,0.029015,0.511818,0.057207,10.955868,7.598646,0,0.00,0.000000
4.60417,3,11.8675,0.029069,0.511871,0.056997,10.764572,7.496806,0,0.00,0.000000
4.60833,0,11.9398,0.035529,0.509374,0.059233,11.638274,7.976059,139,28140.18,0.169689
4.60833,1,11.9398,0.023772,0.511724,0.041728,11.388418,7.907824,91,7232.29,0.175050
4.60833,2,11.9398,0.029284,0.511815,0.057898,11.023013,7.646563,0,0.00,0.000000
4.60833,3,11.9398,0.029290,0.511821,0.057659,10.788339,7.515275,0,0.00,0.000000
4.61250,0,12.0598,0.034252,0.509521,0.058419,11.567910,8.006304,136,26385.38,0.185478
4.61250,1,12.0598,0.024099,0.511761,0.042855,11.291590,7.853649,90,6685.62,0.179731
4.61250,2,12.0598,0.029502,0.511816,0.058389,11.177158,7.732600,0,0.00,0.000000
4.61250,3,12.0598,0.029441,0.511786,0.058223,10.846464,7.540307,0,0.00,0.000000
4.61667,0,12.0181,0.033778,0.509681,0.058553,11.495683,7.947906,136,25636.79,0.199570
4.61667,1,12.0181,0.024736,0.511707,0.044683,11.227646,7.729787,91,6580.77,0.184209
4.61667,2,12.0181,0.029655,0.511769,0.058803,11.131149,7.695261,0,0.00,0.000000
4.61667,3,12.0181,0.029584,0.511746,0.058732,10.809117,7.494387,0,0.00,0.000000
4.62083,0,12.0186,0.033491,0.509630,0.058585,11.423948,7.902548,136,25213.01,0.212480
4.62083,1,12.0186,0.025340,0.511635,0.046090,11.242720,7.751734,91,6585.67,0.188722
4.62083,2,12.0186,0.029761,0.511690,0.059233,11.078913,7.675276,0,0.00,0.000000
4.62083,3,12.0186,0.029750,0.511709,0.059217,10.820722,7.501067,0,0.00,0.000000
4.62500,0,11.9743,0.033018,0.509572,0.058397,11.336227,7.860306,136,24558.39,0.224380
4.62500,1,11.9743,0.025614,0.511540,0.046724,11.225634,7.761390,91,6658.01,0.193372
4.62500,2,11.9743,0.029886,0.511610,0.059756,10.975858,7.628273,0,0.00,0.000000
4.62500,3,11.9743,0.029932,0.511668,0.059714,10.770578,7.480681,0,0.00,0.000000
4.62917,0,12.0527,0.031894,0.509687,0.057491,11.583029,7.937719,133,23208.31,0.235091
4.62917,1,12.0527,0.025604,0.511480,0.046715,11.291671,7.816098,89,6472.16,0.198009
4.62917,2,12.0527,0.030255,0.511584,0.060255,11.015456,7.669265,0,0.00,0.000000
4.62917,3,12.0527,0.030083,0.511638,0.060137,10.828416,7.524146,0,0.00,0.000000
4.63333,0,12.1248,0.029998,0.509878,0.055839,11.654378,8.002888,128,21209.90,0.244294
4.63333,1,12.1248,0.025510,0.511429,0.046654,11.369083,7.782190,89,6568.55,0.202596
4.63333,2,12.1248,0.030401,0.511611,0.060497,11.119153,7.732373,0,0.00,0.000000
4.63333,3,12.1248,0.030156,0.511626,0.060311,10.852495,7.541798,0,0.00,0.000000
4.63750,0,12.1439,0.028313,0.510045,0.054237,11.527479,7.907996,125,19524.68,0.252059
4.63750,1,12.1439,0.025724,0.511446,0.047016,11.360555,7.768154,90,6697.01,0.207096
4.63750,2,12.1439,0.030308,0.511645,0.060437,11.149006,7.734263,0,0.00,0.000000
4.63750,3,12.1439,0.030144,0.511636,0.060285,10.925233,7.594260,0,0.00,0.000000
4.64167,0,12.1004,0.026871,0.510213,0.052978,11.415944,7.872307,121,18151.95,0.258588
4.64167,1,12.1004,0.026077,0.511420,0.047832,11.094989,7.709464,93,7020.78,0.211570
4.64167,2,12.1004,0.030149,0.511648,0.060241,11.106318,7.699411,0,0.00,0.000000
4.64167,3,12.1004,0.030112,0.511638,0.060187,10.912930,7.584365,0,0.00,0.000000
4.64583,0,12.1076,0.026256,0.510328,0.051977,11.327219,7.855047,119,17129.47,0.264159
4.64583,1,12.1076,0.026287,0.511369,0.048582,11.206614,7.754286,93,7283.94,0.216028
4.64583,2,12.1076,0.030077,0.511628,0.060138,11.057536,7.677067,0,0.00,0.000000
4.64583,3,12.1076,0.030128,0.511637,0.060170,10.961273,7.618517,0,0.00,0.000000
4.65000,0,12.1266,0.026567,0.510421,0.050841,11.395765,7.879733,117,15909.80,0.268822
4.65000,1,12.1266,0.026157,0.511309,0.048415,11.228304,7.763467,94,7488.39,0.220423
4.65000,2,12.1266,0.030057,0.511626,0.060114,11.058796,7.689260,0,0.00,0.000000
4.65000,3,12.1266,0.030109,0.511644,0.060176,10.956999,7.625799,0,0.00,0.000000
4.65417,0,12.1015,0.030374,0.510494,0.054953,11.270555,7.754608,116,15089.80,0.272789
4.65417,1,12.1015,0.025963,0.511301,0.047920,11.354320,7.776102,94,7550.17,0.224690
4.65417,2,12.1015,0.030079,0.511633,0.060137,11.005503,7.648447,0,0.00,0.000000
4.65417,3,12.1015,0.030088,0.511655,0.060174,11.005964,7.658433,0,0.00,0.000000
4.65833,0,12.1059,0.032590,0.510661,0.057754,11.328305,7.746076,112,13888.36,0.275982
4.65833,1,12.1059,0.025814,0.511297,0.047419,11.197598,7.713836,95,7686.45,0.228802
4.65833,2,12.1059,0.030014,0.511662,0.060021,11.025982,7.668271,0,0.00,0.000000
4.65833,3,12.1059,0.030053,0.511669,0.059997,11.014942,7.665063,0,0.00,0.000000
4.66250,0,12.1909,0.032403,0.510873,0.057006,11.389719,7.768801,108,12554.72,0.278335
4.66250,1,12.1909,0.026100,0.511336,0.047548,11.279772,7.733294,95,7730.25,0.232676
4.66250,2,12.1909,0.029916,0.511713,0.059713,11.121560,7.737268,0,0.00,0.000000
4.66250,3,12.1909,0.029950,0.511704,0.059656,11.127519,7.739353,0,0.00,0.000000
4.66667,0,12.1179,0.031082,0.511012,0.053750,11.136884,7.690934,105,11552.29,0.279977
4.66667,1,12.1179,0.027496,0.511317,0.048971,11.051747,7.666663,96,7946.02,0.236361
4.66667,2,12.1179,0.029804,0.511742,0.059304,11.074110,7.694012,0,0.00,0.000000
4.66667,3,12.1179,0.029823,0.511730,0.059285,11.094128,7.718186,0,0.00,0.000000
4.67083,0,12.2188,0.029047,0.511130,0.050550,11.279047,7.772768,101,10412.22,0.280920
4.67083,1,12.2188,0.029652,0.511298,0.051302,11.226444,7.727520,96,7976.45,0.239779
4.67083,2,12.2188,0.029714,0.511769,0.058934,11.169706,7.760430,0,0.00,0.000000
4.67083,3,12.2188,0.029722,0.511761,0.058972,11.194652,7.790992,0,0.00,0.000000
4.67500,0,12.1540,0.026798,0.511187,0.048236,11.176146,7.705300,98,9668.97,0.281343
4.67500,1,12.1540,0.031151,0.511253,0.052687,11.125811,7.684317,96,8171.10,0.242992
4.67500,2,12.1540,0.029657,0.511776,0.058680,11.093557,7.713007,0,0.00,0.000000
4.67500,3,12.1540,0.029653,0.511776,0.058777,11.181175,7.768921,0,0.00,0.000000
4.67917,0,12.2194,0.027491,0.511264,0.048893,11.258534,7.703395,96,8881.66,0.281313
4.67917,1,12.2194,0.031010,0.511257,0.052281,11.268943,7.724823,97,8129.58,0.245925
4.67917,2,12.2194,0.029600,0.511792,0.058520,11.152577,7.752977,0,0.00,0.000000
4.67917,3,12.2194,0.029593,0.511796,0.058617,11.281925,7.833906,0,0.00,0.000000
4.68333,0,12.1494,0.025626,0.511363,0.046820,11.104214,7.617635,94,8147.54,0.280869
4.68333,1,12.1494,0.025627,0.511284,0.046626,11.106383,7.641367,97,8197.57,0.248599
4.68333,2,12.1494,0.029515,0.511807,0.058336,11.091306,7.715227,0,0.00,0.000000
4.68333,3,12.1494,0.029528,0.511807,0.058411,11.250542,7.813796,0,0.00,0.000000
4.68750,0,12.2327,0.025701,0.511536,0.046741,11.175287,7.649127,84,6998.71,0.279855
4.68750,1,12.2327,0.025720,0.511294,0.046565,11.180429,7.661335,95,8187.54,0.250953
4.68750,2,12.2327,0.029414,0.511842,0.058078,11.180498,7.783852,0,0.00,0.000000
4.68750,3,12.2327,0.029441,0.511835,0.058131,11.348918,7.886310,0,0.00,0.000000
4.69167,0,12.1856,0.025756,0.511542,0.046809,11.109426,7.571406,83,6710.48,0.278590
4.69167,1,12.1856,0.025793,0.511248,0.046714,11.063318,7.598532,96,8154.55,0.253009
4.69167,2,12.1856,0.029323,0.511872,0.057785,11.162573,7.768689,0,0.00,0.000000
4.69167,3,12.1856,0.029357,0.511859,0.057824,11.316998,7.871492,0,0.00,0.000000
4.69583,0,12.2577,0.025782,0.511558,0.047009,11.151220,7.601403,81,6256.08,0.277114
4.69583,1,12.2577,0.025807,0.511210,0.046848,11.093986,7.637290,95,7948.32,0.254710
4.69583,2,12.2577,0.029265,0.511899,0.057507,11.256903,7.823010,0,0.00,0.000000
4.69583,3,12.2577,0.029281,0.511886,0.057560,11.408104,7.933092,0,0.00,0.000000
4.70000,0,12.1994,0.025726,0.511650,0.046763,11.119081,7.567630,79,6229.86,0.275615
4.70000,1,12.1994,0.025709,0.511156,0.046826,11.048030,7.581600,95,7948.16,0.256169
4.70000,2,12.1994,0.029231,0.511903,0.057336,11.206712,7.794162,0,0.00,0.000000
4.70000,3,12.1994,0.029226,0.511892,0.057409,11.383708,7.908579,0,0.00,0.000000
4.70417,0,12.2736,0.025617,0.511721,0.046678,11.093729,7.637794,76,6352.25,0.274236
4.70417,1,12.2736,0.025611,0.511203,0.046759,11.171071,7.623255,93,7867.93,0.257425
4.70417,2,12.2736,0.029196,0.511906,0.057244,11.283075,7.851232,0,0.00,0.000000
4.70417,3,12.2736,0.029180,0.511899,0.057318,11.481304,7.970222,0,0.00,0.000000
4.70833,0,12.2146,0.025638,0.511764,0.046747,11.045844,7.593803,74,5719.00,0.272690
4.70833,1,12.2146,0.025645,0.511203,0.046652,11.014362,7.571338,93,7586.41,0.258362
4.70833,2,12.2146,0.029149,0.511904,0.057152,11.248737,7.828925,0,0.00,0.000000
4.70833,3,12.2146,0.029140,0.511898,0.057233,11.454868,7.950933,0,0.00,0.000000
4.71250,0,12.2842,0.025798,0.511825,0.046903,11.063739,7.594189,73,5097.24,0.270856
4.71250,1,12.2842,0.025754,0.511217,0.046814,11.045941,7.588719,93,7467.45,0.258990
4.71250,2,12.2842,0.029090,0.511919,0.057048,11.339293,7.891199,0,0.00,0.000000
4.71250,3,12.2842,0.029106,0.511913,0.057127,11.546491,8.015177,0,0.00,0.000000
4.71667,0,12.2324,0.025854,0.511936,0.047012,11.039822,7.518056,71,5194.13,0.269007
4.71667,1,12.2324,0.025877,0.511285,0.047015,10.971283,7.525338,91,7535.08,0.259450
4.71667,2,12.2324,0.029040,0.511934,0.056903,11.321873,7.876229,0,0.00,0.000000
4.71667,3,12.2324,0.029068,0.511925,0.056966,11.513020,7.999305,0,0.00,0.000000
4.72083,0,12.2972,0.025849,0.511993,0.047273,11.060898,7.568082,74,5659.30,0.267421
4.72083,1,12.2972,0.025877,0.511338,0.047285,11.022226,7.586963,89,8304.58,0.260162
4.72083,2,12.2972,0.029016,0.511953,0.056768,11.411114,7.932347,0,0.00,0.000000
4.72083,3,12.2972,0.029048,0.511941,0.056838,11.596043,8.057483,0,0.00,0.000000
4.72500,0,12.2383,0.025854,0.511913,0.047404,10.931466,7.576430,73,5316.91,0.265905
4.72500,1,12.2383,0.025850,0.511360,0.047417,10.955194,7.573796,84,7612.88,0.260592
4.72500,2,12.2383,0.029019,0.511952,0.056724,11.376778,7.911022,0,0.00,0.000000
4.72500,3,12.2383,0.029026,0.511940,0.056777,11.563740,8.032706,0,0.00,0.000000
4.72917,0,12.3051,0.026045,0.511879,0.047638,10.995124,7.605358,69,4596.87,0.264127
4.72917,1,12.3051,0.026033,0.511374,0.047671,11.066531,7.607645,83,7057.99,0.260560
4.72917,2,12.3051,0.029014,0.511949,0.056712,11.472166,7.970463,0,0.00,0.000000
4.72917,3,12.3051,0.029011,0.511939,0.056780,11.653028,8.091175,0,0.00,0.000000
4.73333,0,12.2577,0.026157,0.512018,0.047857,10.928835,7.525337,64,3814.45,0.261905
4.73333,1,12.2577,0.026062,0.511362,0.047837,10.961480,7.513715,84,6843.73,0.260124
4.73333,2,12.2577,0.029013,0.511937,0.056733,11.460771,7.960844,0,0.00,0.000000
4.73333,3,12.2577,0.029004,0.511930,0.056787,11.634542,8.076220,0,0.00,0.000000
4.73750,0,12.3073,0.026178,0.512141,0.048165,11.067397,7.513387,61,3340.32,0.259322
4.73750,1,12.3073,0.026070,0.511424,0.047893,11.007580,7.508986,82,6433.71,0.259233
4.73750,2,12.3073,0.028999,0.511937,0.056740,11.534656,8.012710,0,0.00,0.000000
4.73750,3,12.3073,0.029000,0.511932,0.056800,11.707002,8.129355,0,0.00,0.000000
4.74167,0,12.2792,0.026145,0.512186,0.048285,10.878354,7.494629,58,3011.33,0.256460
4.74167,1,12.2792,0.026222,0.511481,0.048222,10.871016,7.482781,82,7089.59,0.258361
4.74167,2,12.2792,0.028986,0.511941,0.056718,11.537626,8.020586,0,0.00,0.000000
4.74167,3,12.2792,0.029002,0.511934,0.056775,11.697201,8.123999,0,0.00,0.000000
4.74583,0,12.3177,0.026315,0.512166,0.048675,10.867837,7.503450,57,2848.13,0.253509
4.74583,1,12.3177,0.026345,0.511465,0.048590,10.944364,7.540235,81,6851.60,0.257306
4.74583,2,12.3177,0.028997,0.511948,0.056709,11.604809,8.063516,0,0.00,0.000000
4.74583,3,12.3177,0.029009,0.511940,0.056761,11.760681,8.169681,0,0.00,0.000000
4.75000,0,12.2913,0.026519,0.512107,0.048997,10.805674,7.480535,59,2876.71,0.250584
4.75000,1,12.2913,0.026448,0.511449,0.048931,10.880094,7.507573,81,6567.38,0.256003
4.75000,2,12.2913,0.029018,0.511947,0.056725,11.620060,8.074080,0,0.00,0.000000
4.75000,3,12.2913,0.029018,0.511934,0.056766,11.746379,8.158766,0,0.00,0.000000
4.75417,0,12.3273,0.026646,0.512015,0.049318,10.828248,7.463792,61,3365.01,0.247911
4.75417,1,12.3273,0.026658,0.511443,0.049356,10.920112,7.506045,80,5967.70,0.254343
4.75417,2,12.3273,0.029035,0.511938,0.056793,11.686174,8.117374,0,0.00,0.000000
4.75417,3,12.3273,0.029029,0.511927,0.056826,11.806694,8.200294,0,0.00,0.000000
4.75833,0,12.3041,0.026673,0.511893,0.049624,10.814911,7.446633,68,3622.24,0.245427
4.75833,1,12.3041,0.026641,0.511481,0.049550,11.049412,7.444181,79,5965.25,0.252563
4.75833,2,12.3041,0.029055,0.511922,0.056887,11.709413,8.131405,0,0.00,0.000000
4.75833,3,12.3041,0.029045,0.511915,0.056911,11.803807,8.195347,0,0.00,0.000000
4.76250,0,12.3368,0.026746,0.511868,0.049887,10.815233,7.447820,70,3531.50,0.242981
4.76250,1,12.3368,0.026693,0.511603,0.049827,10.982924,7.478062,78,6367.15,0.250907
4.76250,2,12.3368,0.029065,0.511913,0.056962,11.773311,8.173475,0,0.00,0.000000
4.76250,3,12.3368,0.029061,0.511911,0.056982,11.868641,8.239749,0,0.00,0.000000
4.76667,0,12.3112,0.026962,0.511964,0.050282,10.781253,7.438027,68,3243.72,0.240476
4.76667,1,12.3112,0.026896,0.511664,0.050159,10.789434,7.505842,77,6887.75,0.249492
4.76667,2,12.3112,0.029076,0.511909,0.057006,11.796157,8.187269,0,0.00,0.000000
4.76667,3,12.3112,0.029085,0.511907,0.057022,11.868888,8.235506,0,0.00,0.000000
4.77083,0,12.3477,0.027097,0.512006,0.050921,10.790058,7.438199,65,3047.35,0.237947
4.77083,1,12.3477,0.027188,0.511563,0.050786,10.913063,7.539645,85,6701.09,0.248041
4.77083,2,12.3477,0.029102,0.511910,0.057042,11.866930,8.233280,0,0.00,0.000000
4.77083,3,12.3477,0.029112,0.511908,0.057075,11.935484,8.282228,0,0.00,0.000000
4.77500,0,12.3202,0.027166,0.511978,0.050796,10.746258,7.412701,63,2926.79,0.235395
4.77500,1,12.3202,0.027215,0.511588,0.051116,10.834629,7.453829,79,5357.11,0.245941
4.77500,2,12.3202,0.029134,0.511907,0.057108,11.893042,8.247872,0,0.00,0.000000
4.77500,3,12.3202,0.029133,0.511900,0.057126,11.924953,8.272115,0,0.00,0.000000
4.77917,0,12.3493,0.027271,0.511935,0.051163,10.766157,7.398204,62,2821.25,0.232705
4.77917,1,12.3493,0.027302,0.511668,0.051499,10.848329,7.428738,74,4614.16,0.243243
4.77917,2,12.3493,0.029158,0.511899,0.057198,11.956421,8.290158,0,0.00,0.000000
4.77917,3,12.3493,0.029149,0.511891,0.057208,11.985163,8.311141,0,0.00,0.000000
4.78333,0,12.3328,0.027391,0.511872,0.051877,10.686336,7.371863,64,3195.44,0.230043
4.78333,1,12.3328,0.027352,0.511724,0.051595,10.771011,7.406989,71,4274.80,0.240194
4.78333,2,12.3328,0.029187,0.511813,0.057316,11.989991,8.313546,15,390.90,0.000000
4.78333,3,12.3328,0.029173,0.510968,0.057305,11.987368,8.307033,69,7084.21,0.002590
4.78750,0,12.3804,0.027527,0.511769,0.052212,10.707979,7.394198,72,3743.92,0.227572
4.78750,1,12.3804,0.027462,0.511770,0.052096,10.764636,7.456650,70,3982.41,0.236949
4.78750,2,12.3804,0.029210,0.509941,0.057423,12.060827,8.336599,106,16554.44,0.007247
4.78750,3,12.3804,0.031885,0.508788,0.061045,11.836382,8.173359,130,26975.17,0.016037
4.79167,0,12.4206,0.027632,0.511715,0.052304,10.892804,7.487587,73,3534.73,0.225022
4.79167,1,12.4206,0.027664,0.511679,0.052475,10.896585,7.433620,75,4686.09,0.233969
4.79167,2,12.4206,0.038405,0.507931,0.067498,11.554223,7.982854,146,34207.68,0.026477
4.79167,3,12.4206,0.042631,0.507325,0.071539,11.250445,7.747566,157,39038.61,0.040257
4.79583,0,12.4666,0.027637,0.511781,0.052304,10.995615,7.596988,67,2781.22,0.222140
4.79583,1,12.4666,0.027626,0.511439,0.052289,10.706989,7.371531,83,5922.10,0.231592
4.79583,2,12.4666,0.041270,0.507420,0.069726,11.329349,7.807316,156,37437.79,0.052632
4.79583,3,12.4666,0.042464,0.507352,0.070995,11.112694,7.635093,156,38598.21,0.068570
4.80000,0,12.4906,0.027733,0.511867,0.052581,11.015301,7.569196,65,2571.35,0.219169
4.80000,1,12.4906,0.027657,0.511433,0.052607,10.822865,7.419154,83,5568.42,0.229240
4.80000,2,12.4906,0.036494,0.508251,0.064748,11.838389,7.857446,144,31804.21,0.078830
4.80000,3,12.4906,0.035806,0.508460,0.064458,11.467843,7.759844,143,30813.68,0.094243
4.80417,0,12.5333,0.027859,0.511855,0.053007,11.009221,7.571984,68,3012.80,0.216397
4.80417,1,12.5333,0.027886,0.511616,0.052904,10.937806,7.536544,78,4625.04,0.226499
4.80417,2,12.5333,0.030880,0.509174,0.059580,11.343994,7.808596,135,25515.78,0.101372
4.80417,3,12.5333,0.029354,0.509334,0.057990,11.365098,7.769941,129,23542.19,0.114737
4.80833,0,12.5435,0.027964,0.511780,0.053282,11.087502,7.625645,70,3401.60,0.213813
4.80833,1,12.5435,0.028016,0.511719,0.053443,11.075299,7.591696,74,4001.04,0.223382
4.80833,2,12.5435,0.028166,0.509282,0.055698,11.426163,7.687102,126,21830.64,0.119841
4.80833,3,12.5435,0.028019,0.509371,0.055509,11.288521,7.607773,122,20434.85,0.131149
4.81250,0,12.5930,0.027905,0.511695,0.053137,11.111005,7.673929,73,3640.72,0.211328
4.81250,1,12.5930,0.027929,0.511709,0.053207,11.134232,7.634017,71,3885.86,0.220127
4.81250,2,12.5930,0.028228,0.509223,0.056092,11.190739,7.654576,124,20772.44,0.135554
4.81250,3,12.5930,0.028425,0.509325,0.056154,11.182591,7.601907,120,20154.34,0.145460
4.81667,0,12.6229,0.027948,0.511633,0.053514,11.166821,7.689819,73,3722.09,0.208871
4.81667,1,12.6229,0.027974,0.511605,0.053464,11.173110,7.648510,73,4302.23,0.217049
4.81667,2,12.6229,0.029133,0.509373,0.056910,11.475022,7.809380,124,21241.79,0.150057
4.81667,3,12.6229,0.029215,0.509310,0.057322,11.155186,7.730398,124,21275.46,0.159310
4.82083,0,12.6650,0.028111,0.511621,0.053856,11.217875,7.712840,73,3756.68,0.206451
4.82083,1,12.6650,0.028001,0.511450,0.053729,11.126653,7.657819,77,4790.53,0.214288
4.82083,2,12.6650,0.028812,0.509219,0.057496,11.465197,7.887333,129,22062.65,0.164371
4.82083,3,12.6650,0.029019,0.509070,0.057719,11.337803,7.809841,127,21969.18,0.173262
4.82500,0,12.7027,0.028251,0.511646,0.054235,11.283019,7.757753,73,3869.99,0.204138
4.82500,1,12.7027,0.028180,0.511387,0.054226,11.205318,7.673888,80,4817.07,0.211691
4.82500,2,12.7027,0.028866,0.509018,0.056947,11.395906,7.827132,131,21750.29,0.178454
4.82500,3,12.7027,0.028783,0.508999,0.056850,11.403411,7.711009,126,21330.61,0.186906
4.82917,0,12.7457,0.028331,0.511624,0.054405,11.360915,7.813822,73,4110.96,0.201993
4.82917,1,12.7457,0.028418,0.511505,0.054582,11.280373,7.741652,78,4307.67,0.208972
4.82917,2,12.7457,0.028363,0.509146,0.056719,11.515256,7.693964,128,20842.48,0.191964
4.82917,3,12.7457,0.028419,0.509291,0.056209,11.412629,7.654063,123,19884.09,0.199684
4.83333,0,12.7849,0.028367,0.511535,0.054601,11.394148,7.856034,76,4340.70,0.199973
4.83333,1,12.7849,0.028541,0.511604,0.055001,11.367491,7.814690,77,4052.18,0.206147
4.83333,2,12.7849,0.028711,0.509406,0.056208,11.531926,7.707003,124,19513.92,0.204499
4.83333,3,12.7849,0.028646,0.509539,0.055471,11.382329,7.692781,117,18325.47,0.211283
4.83750,0,12.8307,0.028426,0.511468,0.054776,11.439858,7.877066,79,4500.59,0.198028
4.83750,1,12.8307,0.028449,0.511604,0.054749,11.451039,7.860626,76,3833.53,0.203236
4.83750,2,12.8307,0.028702,0.509511,0.055770,11.453040,7.762167,117,18159.32,0.215852
4.83750,3,12.8307,0.028639,0.509586,0.055723,11.365653,7.747461,112,17131.90,0.221727
4.84167,0,12.8744,0.028537,0.511423,0.055185,11.482689,7.896427,77,4343.58,0.195995
4.84167,1,12.8744,0.028343,0.511541,0.054786,11.439829,7.874969,74,3667.78,0.200244
4.84167,2,12.8744,0.028870,0.509565,0.056420,11.454276,7.862953,114,17254.87,0.226156
4.84167,3,12.8744,0.028891,0.509604,0.056382,11.383762,7.846547,112,16464.25,0.231282
4.84583,0,12.9221,0.028642,0.511431,0.055563,11.599873,7.918200,76,4056.23,0.193760
4.84583,1,12.9221,0.028558,0.511475,0.055421,11.491657,7.883588,74,3672.93,0.197226
4.84583,2,12.9221,0.028804,0.509613,0.056155,11.636340,7.974509,113,16701.10,0.235662
4.84583,3,12.9221,0.028769,0.509590,0.056230,11.586077,7.943213,112,16115.97,0.240225
4.85000,0,12.9705,0.028728,0.511471,0.055683,11.602971,7.973993,75,3918.91,0.191363
4.85000,1,12.9705,0.028739,0.511436,0.055867,11.549258,7.917041,75,3756.14,0.194239
4.85000,2,12.9705,0.028418,0.509582,0.055394,11.792056,7.952845,115,16231.90,0.244546
4.85000,3,12.9705,0.028303,0.509526,0.055344,11.598492,7.892516,113,15819.55,0.248704
4.85417,0,13.0207,0.028813,0.511509,0.055899,11.722837,8.032129,74,3803.57,0.188847
4.85417,1,13.0207,0.028915,0.511451,0.056192,11.629503,7.975777,75,3948.90,0.191353
4.85417,2,13.0207,0.028388,0.509599,0.055288,11.703053,7.874621,114,15659.11,0.252855
4.85417,3,13.0207,0.028409,0.509588,0.055325,11.717176,7.848473,113,15316.01,0.256686
4.85833,0,13.0723,0.028891,0.511493,0.056426,11.734611,8.062392,74,3736.23,0.186267
4.85833,1,13.0723,0.028994,0.511417,0.056362,11.706298,8.047234,77,4234.44,0.188636
4.85833,2,13.0723,0.028703,0.509768,0.055652,11.741931,7.914584,112,14852.47,0.260501
4.85833,3,13.0723,0.028730,0.509780,0.055519,11.683846,7.904675,112,14616.29,0.264051
4.86250,0,13.1255,0.028990,0.511447,0.056573,11.798059,8.084064,74,3690.40,0.183671
4.86250,1,13.1255,0.028947,0.511309,0.056439,11.770044,8.080056,78,4446.75,0.186082
4.86250,2,13.1255,0.028835,0.509896,0.055833,11.764399,7.999704,110,14077.77,0.267451
4.86250,3,13.1255,0.028804,0.509891,0.055772,11.700642,7.987847,108,13865.99,0.270732
4.86667,0,13.1806,0.029068,0.511403,0.056761,11.851299,8.111766,74,3634.66,0.181078
4.86667,1,13.1806,0.028898,0.511271,0.056666,11.798288,8.088184,77,4222.73,0.183490
4.86667,2,13.1806,0.028769,0.509984,0.055966,11.840756,8.060200,105,13293.96,0.273681
4.86667,3,13.1806,0.028784,0.509893,0.056017,11.756562,8.045775,105,13242.37,0.276756
4.87083,0,13.2377,0.029164,0.511389,0.057086,11.885654,8.154125,74,3569.53,0.178456
4.87083,1,13.2377,0.029119,0.511313,0.057159,11.824574,8.119114,76,4050.10,0.180807
4.87083,2,13.2377,0.028716,0.509941,0.055908,11.958872,8.122120,101,12793.37,0.279315
4.87083,3,13.2377,0.028682,0.509860,0.055852,11.856770,8.098195,103,12801.80,0.282236
4.87500,0,13.2971,0.029245,0.511391,0.057431,11.936297,8.206245,74,3480.80,0.175772
4.87500,1,13.2971,0.029339,0.511328,0.057614,11.924758,8.172832,75,3907.39,0.178023
4.87500,2,13.2971,0.028517,0.509918,0.055409,12.020587,8.144788,102,12469.02,0.284496
4.87500,3,13.2971,0.028471,0.509827,0.055398,12.001468,8.120265,102,12500.22,0.287299
4.87917,0,13.3587,0.029358,0.511403,0.057887,11.999972,8.254124,73,3489.37,0.173057
4.87917,1,13.3587,0.029431,0.511315,0.057721,12.011697,8.238196,75,3777.48,0.175149
4.87917,2,13.3587,0.028505,0.509919,0.055244,12.046707,8.139867,103,12250.36,0.289340
4.87917,3,13.3587,0.028524,0.509844,0.055228,11.936230,8.130471,102,12233.88,0.292028
4.88333,0,13.4225,0.029486,0.511380,0.058083,12.061193,8.291287,73,3509.23,0.170324
4.88333,1,13.4225,0.029482,0.511288,0.057926,12.082850,8.294971,74,3721.98,0.172227
4.88333,2,13.4225,0.028655,0.509970,0.055499,12.018090,8.164593,102,11930.15,0.293860
4.88333,3,13.4225,0.028720,0.509931,0.055524,12.008553,8.171110,100,11854.19,0.296405
4.88750,0,13.4888,0.029509,0.511298,0.058350,12.152817,8.322453,72,3496.53,0.167571
4.88750,1,13.4888,0.029470,0.511258,0.058312,12.148818,8.322875,73,3688.92,0.169281
4.88750,2,13.4888,0.028848,0.510088,0.055856,12.082943,8.233391,102,11449.54,0.297984
4.88750,3,13.4888,0.028802,0.510065,0.055782,12.060151,8.227600,100,11348.74,0.300355
4.89167,0,13.5577,0.029587,0.511223,0.058678,12.207623,8.357496,73,3484.81,0.164800
4.89167,1,13.5577,0.029510,0.511231,0.058622,12.185378,8.348783,73,3641.10,0.166315
4.89167,2,13.5577,0.028779,0.510175,0.055885,12.190632,8.299096,99,10831.40,0.301616
4.89167,3,13.5577,0.028728,0.510111,0.055842,12.176142,8.291821,99,10801.35,0.303819
4.89583,0,13.6295,0.029726,0.511230,0.059018,12.264749,8.410722,73,3496.63,0.162024
4.89583,1,13.6295,0.029701,0.511219,0.059056,12.303293,8.395056,73,3686.71,0.163374
4.89583,2,13.6295,0.028655,0.510166,0.055728,12.268458,8.345644,98,10398.51,0.304795
4.89583,3,13.6295,0.028645,0.510093,0.055737,12.227659,8.343055,98,10345.91,0.306824
4.90000,0,13.7044,0.029863,0.511262,0.059557,12.343984,8.471501,71,3292.97,0.159159
4.90000,1,13.7044,0.029898,0.511198,0.059386,12.338920,8.462021,73,3776.29,0.160477
4.90000,2,13.7044,0.028578,0.510152,0.055543,12.398000,8.378854,98,10091.04,0.307596
4.90000,3,13.7044,0.028615,0.510065,0.055579,12.378751,8.390114,97,10034.22,0.309459
4.90417,0,13.7826,0.029980,0.511248,0.059646,12.423495,8.518471,71,3219.05,0.156242
4.90417,1,13.7826,0.029992,0.511128,0.059603,12.440508,8.529652,74,3808.43,0.157607
4.90417,2,13.7826,0.028581,0.510185,0.055350,12.402621,8.419533,97,9788.22,0.310062
4.90417,3,13.7826,0.028591,0.510064,0.055412,12.394342,8.442427,97,9922.97,0.311850
4.90833,0,13.8642,0.030015,0.511217,0.059803,12.600731,8.557556,70,3154.97,0.153289
4.90833,1,13.8642,0.030005,0.511044,0.059911,12.511693,8.581294,76,3777.42,0.154729
4.90833,2,13.8642,0.028708,0.510238,0.055624,12.437428,8.475165,96,9710.78,0.312330
4.90833,3,13.8642,0.028688,0.510081,0.055503,12.412915,8.474550,96,9917.76,0.314114
4.91250,0,13.9496,0.030218,0.511191,0.060283,12.638985,8.602328,70,3079.09,0.150297
4.91250,1,13.9496,0.030109,0.511054,0.060191,12.574369,8.622352,74,3497.72,0.151720
4.91250,2,13.9496,0.028784,0.510253,0.055823,12.500923,8.536269,94,9327.00,0.314335
4.91250,3,13.9496,0.028769,0.510177,0.055793,12.508019,8.534122,96,9889.66,0.316265
4.91667,0,14.0355,0.030415,0.511151,0.060609,12.623501,8.653674,69,3032.18,0.147256
4.91667,1,14.0355,0.030547,0.511078,0.060738,12.657921,8.668019,73,3430.82,0.148631
4.91667,2,14.0355,0.028829,0.510277,0.055949,12.588481,8.585524,95,9129.16,0.316144
4.91667,3,14.0355,0.028781,0.510222,0.055910,12.613212,8.611736,94,9410.36,0.318118
4.92083,0,14.1182,0.030758,0.511092,0.061069,12.780718,8.711664,69,3026.96,0.144186
4.92083,1,14.1182,0.030615,0.511079,0.060953,12.910501,8.728523,72,3312.51,0.145464
4.92083,2,14.1182,0.028704,0.510288,0.055850,12.750090,8.626232,92,8830.73,0.317705
4.92083,3,14.1182,0.028756,0.510201,0.055900,12.710990,8.657664,94,9126.16,0.319689
4.92500,0,14.1983,0.030875,0.511044,0.061315,12.779932,8.759397,68,2968.07,0.141070
4.92500,1,14.1983,0.030670,0.511059,0.061133,12.836003,8.790110,71,3211.36,0.142224
4.92500,2,14.1983,0.028598,0.510325,0.055644,12.742760,8.671282,91,8594.59,0.319027
4.92500,3,14.1983,0.028647,0.510209,0.055734,12.901982,8.693443,92,8824.76,0.320979
4.92917,0,14.2759,0.031068,0.511041,0.061610,12.859655,8.805010,67,2916.56,0.137905
4.92917,1,14.2759,0.031105,0.511026,0.061632,12.895991,8.841513,70,3127.55,0.138924
4.92917,2,14.2759,0.028679,0.510363,0.055682,12.857018,8.735800,89,8531.67,0.320190
4.92917,3,14.2759,0.028648,0.510264,0.055638,12.842178,8.736709,90,8649.11,0.322062
4.93333,0,14.3524,0.031381,0.511040,0.061973,12.934513,8.849359,67,2902.15,0.134709
4.93333,1,14.3524,0.031348,0.510982,0.061958,12.979487,8.882234,68,3076.99,0.135585
4.93333,2,14.3524,0.028772,0.510391,0.055782,12.916073,8.786031,88,8399.24,0.321201
4.93333,3,14.3524,0.028746,0.510290,0.055774,13.025247,8.798122,89,8535.38,0.322993
4.93750,0,14.4277,0.031702,0.511017,0.062410,12.982205,8.891606,68,2885.71,0.131492
4.93750,1,14.4277,0.031639,0.510955,0.062330,13.042140,8.924930,69,3067.52,0.132238
4.93750,2,14.4277,0.028849,0.510416,0.055949,12.932317,8.830139,88,8304.47,0.322088
4.93750,3,14.4277,0.028841,0.510372,0.056002,13.097800,8.844346,90,8330.25,0.323758
4.94167,0,14.5017,0.031834,0.510975,0.062642,13.114853,8.937862,67,2857.75,0.128262
4.94167,1,14.5017,0.031849,0.510933,0.062670,13.112926,8.974477,68,3040.14,0.128890
4.94167,2,14.5017,0.028886,0.510484,0.056119,13.025861,8.873579,88,7963.53,0.322750
4.94167,3,14.5017,0.028855,0.510455,0.056126,13.077115,8.905318,89,8139.87,0.324341
4.94583,0,14.5731,0.032066,0.510918,0.063000,13.127706,8.982624,67,2853.10,0.125033
4.94583,1,14.5731,0.032053,0.510906,0.063012,13.176304,9.020071,68,3015.31,0.125548
4.94583,2,14.5731,0.028801,0.510599,0.056048,13.118759,8.917014,85,7866.09,0.323258
4.94583,3,14.5731,0.028807,0.510500,0.056073,13.208577,8.966221,88,8182.77,0.324851
4.95000,0,14.6443,0.032317,0.510881,0.063359,13.176900,9.026104,68,2827.42,0.121806
4.95000,1,14.6443,0.032345,0.510877,0.063382,13.257296,9.067445,67,2992.83,0.122218
4.95000,2,14.6443,0.028728,0.510640,0.055982,13.170169,8.987258,83,7781.89,0.323662
4.95000,3,14.6443,0.028776,0.510528,0.056072,13.330931,9.006998,86,7685.97,0.325095
4.95417,0,14.7122,0.032638,0.510853,0.063776,13.238283,9.070620,68,2838.58,0.118602
4.95417,1,14.7122,0.032666,0.510831,0.063815,13.311396,9.108232,68,2996.36,0.118922
4.95417,2,14.7122,0.028799,0.510671,0.055999,13.244362,9.037428,83,7371.43,0.323801
4.95417,3,14.7122,0.028765,0.510607,0.056035,13.398479,9.035778,85,7344.08,0.325052
4.95833,0,14.7729,0.032920,0.510832,0.064183,13.319968,9.104271,67,2711.45,0.115371
4.95833,1,14.7729,0.032921,0.510765,0.064119,13.375817,9.139610,68,2966.99,0.115642
4.95833,2,14.7729,0.028959,0.510694,0.056254,13.241144,9.055552,83,7153.70,0.323700
4.95833,3,14.7729,0.028873,0.510673,0.056156,13.423940,9.087473,81,7116.62,0.324767
4.96250,0,14.8261,0.033148,0.510815,0.064467,13.498652,9.129787,66,2606.13,0.112107
4.96250,1,14.8261,0.033151,0.510736,0.064451,13.508777,9.170246,68,2921.06,0.112365
4.96250,2,14.8261,0.028967,0.510834,0.056257,13.338721,9.074378,80,7289.72,0.323531
4.96250,3,14.8261,0.028948,0.510717,0.056284,13.457042,9.138299,81,7001.86,0.324343
4.96667,0,14.8760,0.033393,0.510793,0.064808,13.512563,9.159451,66,2589.68,0.108848
4.96667,1,14.8760,0.033329,0.510733,0.064779,13.444339,9.206772,67,2882.19,0.109099
4.96667,2,14.8760,0.028894,0.510874,0.056284,13.382534,9.157151,78,7488.40,0.323394
4.96667,3,14.8760,0.029024,0.510809,0.056512,13.510860,9.188761,78,7008.40,0.323888
4.97083,0,14.9241,0.033648,0.510759,0.065165,13.430109,9.187059,65,2532.14,0.105595
4.97083,1,14.9241,0.033628,0.510717,0.065209,13.509897,9.240456,68,2893.19,0.105870
4.97083,2,14.9241,0.028859,0.510885,0.056366,13.437704,9.208437,79,6796.22,0.322949
4.97083,3,14.9241,0.028926,0.510816,0.056421,13.552043,9.226177,79,7268.90,0.323490
4.97500,0,14.9659,0.033841,0.510729,0.065502,13.471831,9.215123,65,2471.01,0.102353
4.97500,1,14.9659,0.033832,0.510667,0.065482,13.556998,9.266012,67,2890.90,0.102683
4.97500,2,14.9659,0.028959,0.510944,0.056481,13.449663,9.215594,78,6547.11,0.322299
4.97500,3,14.9659,0.028812,0.510912,0.056390,13.582852,9.263169,79,7520.08,0.323181
4.97917,0,15.0048,0.034167,0.510694,0.065942,13.547370,9.244692,65,2469.95,0.099155
4.97917,1,15.0048,0.034177,0.510621,0.065907,13.606310,9.285130,67,2868.73,0.099539
4.97917,2,15.0048,0.028995,0.511011,0.056571,13.497897,9.204597,76,6106.53,0.321411
4.97917,3,15.0048,0.028935,0.510970,0.056524,13.529342,9.309594,79,7248.92,0.322726
4.98333,0,15.0370,0.034384,0.510635,0.066256,13.538348,9.258320,65,2418.19,0.095990
4.98333,1,15.0370,0.034411,0.510593,0.066245,13.613757,9.308529,67,2852.50,0.096440
4.98333,2,15.0370,0.028991,0.511050,0.056479,13.557426,9.220839,75,5822.49,0.320311
4.98333,3,15.0370,0.029140,0.511036,0.056783,13.591629,9.316627,77,6483.02,0.321830
4.98750,0,15.0622,0.034706,0.510588,0.066629,13.640374,9.267724,65,2422.49,0.092885
4.98750,1,15.0622,0.034703,0.510548,0.066644,13.639664,9.329648,66,2795.67,0.093375
4.98750,2,15.0622,0.029036,0.511056,0.056641,13.582956,9.259147,73,5681.64,0.319013
4.98750,3,15.0622,0.029155,0.511076,0.057015,13.650839,9.324414,76,6045.64,0.320544
4.99167,0,15.0842,0.035004,0.510561,0.067023,13.686387,9.278246,64,2423.44,0.089844
4.99167,1,15.0842,0.034940,0.510520,0.066998,13.684172,9.344954,67,2751.79,0.090349
4.99167,2,15.0842,0.029071,0.511045,0.056762,13.577192,9.284533,72,5353.09,0.317445
4.99167,3,15.0842,0.029054,0.511085,0.056656,13.717190,9.350069,74,5767.57,0.318951
4.99583,0,15.1037,0.035437,0.510533,0.067593,13.569124,9.289548,65,2404.44,0.086863
4.99583,1,15.1037,0.035144,0.510502,0.067310,13.671072,9.355239,66,2711.28,0.087367
4.99583,2,15.1037,0.029085,0.511053,0.056883,13.598816,9.288072,71,5336.03,0.315729
4.99583,3,15.1037,0.028994,0.511079,0.056780,13.696759,9.372182,74,5610.22,0.317158
5.00000,0,15.1228,0.035438,0.510490,0.067722,13.591929,9.300895,64,2374.98,0.083935
5.00000,1,15.1228,0.035515,0.510452,0.067791,13.710450,9.365711,66,2694.43,0.084443
5.00000,2,15.1228,0.029104,0.511053,0.056932,13.673306,9.294703,70,5178.58,0.313862
5.00000,3,15.1228,0.029052,0.511083,0.057005,13.830096,9.386336,73,5492.93,0.315221
5.00417,0,15.1412,0.035761,0.510459,0.068140,13.787209,9.317513,64,2404.07,0.081088
5.00417,1,15.1412,0.035709,0.510378,0.068056,13.739591,9.373682,66,2644.66,0.081572
5.00417,2,15.1412,0.029143,0.511069,0.056952,13.693845,9.302916,70,5147.30,0.311907
5.00417,3,15.1412,0.029201,0.511092,0.057253,13.700717,9.391296,72,5430.73,0.313195
5.00833,0,15.1596,0.036017,0.510419,0.068498,13.630005,9.318553,64,2330.82,0.078286
5.00833,1,15.1596,0.036013,0.510356,0.068476,13.751357,9.388580,66,2598.94,0.078750
5.00833,2,15.1596,0.029211,0.511094,0.057170,13.633342,9.319258,71,5038.33,0.309861
5.00833,3,15.1596,0.029260,0.511101,0.057295,13.764028,9.400731,72,5385.47,0.311109
5.01250,0,15.1778,0.036340,0.510385,0.068895,13.759089,9.327603,64,2298.89,0.075534
5.01250,1,15.1778,0.036325,0.510350,0.068885,13.741641,9.402753,65,2578.22,0.075988
5.01250,2,15.1778,0.029217,0.511095,0.057218,13.757261,9.336462,69,4938.43,0.307734
5.01250,3,15.1778,0.029249,0.511101,0.057226,13.786174,9.419708,71,5341.17,0.308972
5.01667,0,15.1958,0.036595,0.510347,0.069245,13.649600,9.331721,64,2298.44,0.072852
5.01667,1,15.1958,0.036566,0.510325,0.069254,13.788300,9.412077,64,2510.64,0.073275
5.01667,2,15.1958,0.029244,0.511088,0.057277,13.738111,9.345421,69,5075.64,0.305634
5.01667,3,15.1958,0.029217,0.511086,0.057378,13.855982,9.438052,71,5259.28,0.306792
5.02083,0,15.2145,0.036907,0.510307,0.069670,13.731719,9.341019,63,2252.23,0.070223
5.02083,1,15.2145,0.036744,0.510285,0.069520,13.917162,9.426087,64,2493.73,0.070625
5.02083,2,15.2145,0.029254,0.511054,0.057368,13.695967,9.355937,67,4854.30,0.303441
5.02083,3,15.2145,0.029226,0.511072,0.057523,13.802907,9.447565,70,5194.44,0.304557
5.02500,0,15.2321,0.037070,0.510278,0.069975,13.665311,9.354889,63,2217.29,0.067651
5.02500,1,15.2321,0.037069,0.510227,0.069966,13.804491,9.431392,65,2517.28,0.068064
5.02500,2,15.2321,0.029290,0.511061,0.057635,13.755069,9.362480,68,4955.81,0.301256
5.02500,3,15.2321,0.029320,0.511065,0.057702,13.874315,9.455973,70,5103.58,0.302272
5.02917,0,15.2502,0.037386,0.510243,0.070372,13.731534,9.366347,62,2168.43,0.065136
5.02917,1,15.2502,0.037510,0.510176,0.070479,13.888718,9.445052,65,2492.96,0.065579
5.02917,2,15.2502,0.029368,0.511123,0.057748,13.776122,9.379769,67,4879.70,0.299033
5.02917,3,15.2502,0.029351,0.511074,0.057766,13.850207,9.464566,69,5027.48,0.299937
5.03333,0,15.2679,0.037764,0.510204,0.070874,13.719049,9.370404,61,2105.64,0.062671
5.03333,1,15.2679,0.037724,0.510138,0.070789,13.881723,9.456684,65,2460.43,0.063158
5.03333,2,15.2679,0.029424,0.511120,0.057725,13.773726,9.403522,70,4972.53,0.296830
5.03333,3,15.2679,0.029432,0.511084,0.057839,13.905879,9.480552,69,4950.88,0.297564
5.03750,0,15.2860,0.038036,0.510162,0.071197,13.853723,9.378762,61,2066.55,0.060263
5.03750,1,15.2860,0.038030,0.510087,0.071236,13.849794,9.463733,65,2481.15,0.060823
5.03750,2,15.2860,0.029448,0.511106,0.058016,13.886672,9.407024,68,4621.87,0.294473
5.03750,3,15.2860,0.029432,0.511082,0.057919,14.003647,9.499218,69,4944.40,0.295156
5.04167,0,15.3028,0.038271,0.510119,0.071536,13.719565,9.380234,61,2000.94,0.057908
5.04167,1,15.3028,0.038144,0.510042,0.071445,14.007611,9.481381,65,2448.52,0.058555
5.04167,2,15.3028,0.029409,0.511108,0.057892,13.776749,9.403439,67,4411.90,0.291969
5.04167,3,15.3028,0.029476,0.511069,0.058144,13.916160,9.508561,69,4856.28,0.292675
5.04583,0,15.3186,0.038601,0.510073,0.071988,13.883509,9.390418,60,1973.45,0.055618
5.04583,1,15.3186,0.038498,0.510028,0.071874,13.884479,9.487693,64,2435.95,0.056358
5.04583,2,15.3186,0.029475,0.511131,0.058142,13.792777,9.416195,66,4317.43,0.289366
5.04583,3,15.3186,0.029472,0.511061,0.058198,13.939445,9.517261,69,4798.49,0.290130
5.05000,0,15.3342,0.038861,0.510033,0.072382,13.736941,9.399197,59,1904.97,0.053381
5.05000,1,15.3342,0.038938,0.510004,0.072439,14.036905,9.497452,64,2405.68,0.054222
5.05000,2,15.3342,0.029528,0.511132,0.058380,13.801914,9.436075,65,4203.83,0.286677
5.05000,3,15.3342,0.029515,0.511054,0.058380,13.970436,9.525291,68,4741.98,0.287524
5.05417,0,15.3494,0.039209,0.510008,0.072820,13.835843,9.412373,60,1909.80,0.051223
5.05417,1,15.3494,0.039097,0.509946,0.072705,13.915005,9.500803,63,2379.48,0.052152
5.05417,2,15.3494,0.029629,0.511131,0.058514,13.805465,9.443353,65,4177.53,0.283945
5.05417,3,15.3494,0.029606,0.511046,0.058423,14.073175,9.540294,68,4586.22,0.284823
5.05833,0,15.3643,0.039438,0.509968,0.073137,13.772328,9.411831,60,1883.40,0.049140
5.05833,1,15.3643,0.039344,0.509896,0.073041,13.990105,9.510494,64,2368.86,0.050154
5.05833,2,15.3643,0.029670,0.511122,0.058648,13.931936,9.455813,66,4132.67,0.281171
5.05833,3,15.3643,0.029666,0.511046,0.058577,14.038186,9.557226,68,4631.83,0.282105
5.06250,0,15.3795,0.039747,0.509927,0.073539,13.915860,9.416497,59,1844.89,0.047125
5.06250,1,15.3795,0.039698,0.509841,0.073487,14.050653,9.522488,63,2388.32,0.048243
5.06250,2,15.3795,0.029658,0.511106,0.058629,13.845531,9.454562,65,4152.62,0.278396
5.06250,3,15.3795,0.029685,0.511046,0.058692,14.030575,9.569184,68,4618.72,0.279380
5.06667,0,15.3951,0.040069,0.509893,0.073951,13.890979,9.419278,59,1846.75,0.045196
5.06667,1,15.3951,0.040050,0.509814,0.073960,13.945168,9.530245,63,2354.16,0.046400
5.06667,2,15.3951,0.029688,0.511096,0.058787,13.859525,9.460000,65,4014.26,0.275567
5.06667,3,15.3951,0.029701,0.511038,0.058849,14.093502,9.576459,68,4635.27,0.276653
5.07083,0,15.4104,0.040330,0.509853,0.074340,13.795918,9.425246,59,1834.85,0.043348
5.07083,1,15.4104,0.040391,0.509779,0.074376,13.981917,9.539872,63,2318.36,0.044620
5.07083,2,15.4104,0.029726,0.511092,0.059036,13.892607,9.469460,65,4042.01,0.272740
5.07083,3,15.4104,0.029740,0.511000,0.059026,14.103924,9.578624,68,4534.63,0.273884
5.07500,0,15.4257,0.040643,0.509809,0.074750,13.856973,9.436375,58,1801.96,0.041569
5.07500,1,15.4257,0.040610,0.509739,0.074737,14.013509,9.545865,63,2327.49,0.042916
5.07500,2,15.4257,0.029835,0.511087,0.059257,13.862504,9.482961,64,3936.04,0.269869
5.07500,3,15.4257,0.029798,0.510984,0.059141,14.135961,9.588826,68,4546.50,0.271101
5.07917,0,15.4408,0.040876,0.509759,0.075106,13.829496,9.442335,58,1763.44,0.039852
5.07917,1,15.4408,0.040825,0.509689,0.075031,14.043527,9.559039,63,2295.55,0.041272
5.07917,2,15.4408,0.029883,0.511077,0.059293,14.002558,9.494413,64,3932.21,0.266988
5.07917,3,15.4408,0.029877,0.510991,0.059310,14.059781,9.602197,68,4541.25,0.268312
5.08333,0,15.4562,0.041164,0.509697,0.075475,13.842349,9.448939,58,1767.61,0.038211
5.08333,1,15.4562,0.041191,0.509631,0.075492,13.998260,9.564178,63,2299.34,0.039701
5.08333,2,15.4562,0.029910,0.511067,0.059454,13.934391,9.499894,64,3846.45,0.264075
5.08333,3,15.4562,0.029912,0.510997,0.059497,14.271497,9.620941,67,4412.86,0.265461
5.08750,0,15.4709,0.041487,0.509641,0.075880,13.840199,9.453294,57,1775.64,0.036653
5.08750,1,15.4709,0.041570,0.509582,0.075990,14.104830,9.575008,63,2289.53,0.038202
5.08750,2,15.4709,0.029946,0.511057,0.059568,14.042771,9.507438,63,3819.28,0.261137
5.08750,3,15.4709,0.029973,0.510997,0.059677,14.190639,9.635203,67,4396.17,0.262581
5.09167,0,15.4856,0.041863,0.509597,0.076351,13.826459,9.458039,59,1785.80,0.035180
5.09167,1,15.4856,0.041888,0.509524,0.076379,14.040567,9.579244,63,2270.23,0.036770
5.09167,2,15.4856,0.029970,0.511054,0.059790,13.912416,9.511637,64,3865.15,0.258215
5.09167,3,15.4856,0.029992,0.510978,0.059727,14.127207,9.639561,67,4349.86,0.259677
5.09583,0,15.5007,0.042073,0.509576,0.076684,13.964178,9.464783,58,1785.22,0.033785
5.09583,1,15.5007,0.042129,0.509491,0.076731,14.089561,9.589162,63,2307.28,0.035426
5.09583,2,15.5007,0.030056,0.511045,0.059935,14.081691,9.531665,64,3965.91,0.255345
5.09583,3,15.5007,0.030047,0.510954,0.059945,14.256458,9.642984,67,4393.29,0.256799
5.10000,0,15.5167,0.042473,0.509540,0.077206,13.858347,9.472775,58,1791.18,0.032470
5.10000,1,15.5167,0.042425,0.509460,0.077141,14.049687,9.601550,63,2265.19,0.034141
5.10000,2,15.5167,0.030121,0.511018,0.060152,14.035662,9.543107,65,3860.01,0.252458
5.10000,3,15.5167,0.030098,0.510932,0.060189,14.270385,9.651439,67,4308.37,0.253897
5.10417,0,15.5321,0.042807,0.509483,0.077623,13.928873,9.477437,58,1787.89,0.031225
5.10417,1,15.5321,0.042795,0.509412,0.077622,14.069366,9.606425,62,2279.14,0.032927
5.10417,2,15.5321,0.030214,0.511020,0.060311,13.970917,9.546637,63,3729.45,0.249509
5.10417,3,15.5321,0.030194,0.510927,0.060363,14.154627,9.665293,66,4259.48,0.250960
5.10833,0,15.5468,0.042995,0.509419,0.077874,13.897468,9.479638,58,1770.98,0.030041
5.10833,1,15.5468,0.042939,0.509357,0.077836,14.206033,9.615485,63,2297.16,0.031786
5.10833,2,15.5468,0.030389,0.511016,0.060632,14.000782,9.549825,62,3665.42,0.246511
5.10833,3,15.5468,0.030269,0.510927,0.060491,14.281541,9.682352,66,4225.77,0.247992
5.11250,0,15.5613,0.043352,0.509361,0.078329,13.920914,9.483554,58,1776.43,0.028924
5.11250,1,15.5613,0.043461,0.509298,0.078452,14.152001,9.622133,63,2311.80,0.030719
5.11250,2,15.5613,0.030398,0.511009,0.060628,13.977897,9.562731,62,3663.28,0.243499
5.11250,3,15.5613,0.030362,0.510914,0.060631,14.200403,9.692786,66,4247.73,0.245026
5.11667,0,15.5762,0.043702,0.509308,0.078803,13.939839,9.489909,57,1790.31,0.027879
5.11667,1,15.5762,0.043721,0.509249,0.078789,14.098973,9.631427,62,2307.19,0.029715
5.11667,2,15.5762,0.030528,0.511000,0.060806,14.021194,9.574826,62,3642.82,0.240480
5.11667,3,15.5762,0.030589,0.510888,0.060908,14.242931,9.696081,66,4352.26,0.242110
5.12083,0,15.5917,0.043995,0.509266,0.079203,13.953891,9.498820,58,1802.55,0.026904
5.12083,1,15.5917,0.043957,0.509202,0.079179,14.110056,9.637159,63,2338.93,0.028785
5.12083,2,15.5917,0.030877,0.510981,0.061274,14.026467,9.577506,62,3636.36,0.237475
5.12083,3,15.5917,0.030660,0.510863,0.061031,14.385591,9.703450,65,4232.96,0.239164
5.12500,0,15.6069,0.044293,0.509243,0.079597,13.931479,9.509636,58,1811.20,0.025996
5.12500,1,15.6069,0.044320,0.509150,0.079629,14.208645,9.646768,63,2363.00,0.027927
5.12500,2,15.6069,0.030954,0.510953,0.061432,14.112973,9.580556,62,3668.33,0.234493
5.12500,3,15.6069,0.030794,0.510854,0.061234,14.229341,9.714770,66,4261.65,0.236230
5.12917,0,15.6226,0.044649,0.509195,0.080045,13.922936,9.515500,59,1832.56,0.025159
5.12917,1,15.6226,0.044622,0.509097,0.080026,14.177588,9.657326,63,2386.77,0.027140
5.12917,2,15.6226,0.031008,0.510930,0.061545,14.035445,9.585397,62,3638.43,0.231515
5.12917,3,15.6226,0.031010,0.510843,0.061509,14.347757,9.729795,65,4192.03,0.233274
5.13333,0,15.6379,0.044855,0.509132,0.080315,13.987921,9.515392,58,1844.55,0.024388
5.13333,1,15.6379,0.044908,0.509048,0.080369,14.163379,9.666738,64,2432.04,0.026429
5.13333,2,15.6379,0.031161,0.510919,0.061702,14.063680,9.597407,62,3577.01,0.228515
5.13333,3,15.6379,0.031044,0.510825,0.061597,14.259727,9.740969,65,4234.46,0.230331
5.13750,0,15.6534,0.045201,0.509070,0.080783,13.955929,9.518291,59,1873.34,0.023687
5.13750,1,15.6534,0.045253,0.508990,0.080814,14.209054,9.672799,64,2463.42,0.025790
5.13750,2,15.6534,0.031353,0.510909,0.061939,14.049128,9.610053,62,3575.94,0.225519
5.13750,3,15.6534,0.031188,0.510807,0.061808,14.360713,9.751191,65,4238.11,0.227399
5.14167,0,15.6691,0.045572,0.509018,0.081256,13.958593,9.522896,58,1853.08,0.023035
5.14167,1,15.6691,0.045603,0.508937,0.081303,14.201674,9.681291,64,2464.63,0.025201
5.14167,2,15.6691,0.031484,0.510895,0.062139,14.070923,9.615975,62,3560.57,0.222527
5.14167,3,15.6691,0.031473,0.510788,0.062146,14.482120,9.759631,65,4210.65,0.224464
5.14583,0,15.6848,0.045908,0.508965,0.081685,14.098002,9.537195,58,1865.95,0.022434
5.14583,1,15.6848,0.045798,0.508880,0.081568,14.199021,9.687298,64,2518.26,0.024677
5.14583,2,15.6848,0.031559,0.510880,0.062326,14.105427,9.619494,61,3536.16,0.219534
5.14583,3,15.6848,0.031559,0.510765,0.062300,14.315312,9.764050,65,4230.56,0.221540
5.15000,0,15.7007,0.046220,0.508913,0.082094,13.972925,9.543033,59,1891.42,0.021891
5.15000,1,15.7007,0.046276,0.508823,0.082146,14.287600,9.701644,65,2559.46,0.024217
5.15000,2,15.7007,0.031763,0.510854,0.062588,14.151597,9.624527,62,3507.58,0.216539
5.15000,3,15.7007,0.031646,0.510740,0.062426,14.517063,9.778041,65,4238.61,0.218628
5.15417,0,15.7166,0.046464,0.508862,0.082436,13.996721,9.546368,58,1908.04,0.021405
5.15417,1,15.7166,0.046499,0.508767,0.082450,14.220386,9.712105,66,2606.68,0.023822
5.15417,2,15.7166,0.031911,0.510831,0.062774,14.098605,9.632730,61,3481.24,0.213542
5.15417,3,15.7166,0.031786,0.510719,0.062656,14.397094,9.788447,65,4288.15,0.215744
5.15833,0,15.7328,0.046891,0.508814,0.082943,14.054159,9.553123,59,1928.67,0.020974
5.15833,1,15.7328,0.046912,0.508702,0.082972,14.243382,9.717936,66,2621.31,0.023473
5.15833,2,15.7328,0.032075,0.510813,0.063007,14.136117,9.644792,61,3456.63,0.210550
5.15833,3,15.7328,0.032029,0.510703,0.062956,14.447015,9.802581,65,4220.10,0.212844
5.16250,0,15.7487,0.047097,0.508752,0.083239,13.993659,9.556520,59,1950.68,0.020596
5.16250,1,15.7487,0.047159,0.508647,0.083323,14.262842,9.723712,66,2684.49,0.023187
5.16250,2,15.7487,0.032241,0.510798,0.063223,14.120002,9.651702,61,3468.27,0.207571
5.16250,3,15.7487,0.032178,0.510688,0.063178,14.425749,9.812856,65,4244.37,0.209955
5.16667,0,15.7650,0.047566,0.508692,0.083829,14.037730,9.562354,59,1964.65,0.020266
5.16667,1,15.7650,0.047484,0.508600,0.083725,14.281421,9.736590,65,2703.41,0.022944
5.16667,2,15.7650,0.032402,0.510776,0.063464,14.176429,9.654233,61,3453.01,0.204601
5.16667,3,15.7650,0.032299,0.510665,0.063359,14.507883,9.822347,66,4310.57,0.207103
5.17083,0,15.7817,0.047820,0.508629,0.084179,14.055875,9.571542,59,1996.61,0.019986
5.17083,1,15.7817,0.047902,0.508542,0.084239,14.373247,9.748095,66,2764.88,0.022759
5.17083,2,15.7817,0.032560,0.510752,0.063701,14.165962,9.657942,61,3425.64,0.201640
5.17083,3,15.7817,0.032543,0.510642,0.063674,14.521312,9.833146,64,4153.61,0.204199
5.17500,0,15.7976,0.048205,0.508570,0.084651,14.057479,9.578798,59,2020.98,0.019756
5.17500,1,15.7976,0.048157,0.508473,0.084597,14.309996,9.756420,66,2810.24,0.022624
5.17500,2,15.7976,0.032736,0.510730,0.063967,14.161127,9.667118,61,3420.24,0.198679
5.17500,3,15.7976,0.032640,0.510615,0.063832,14.421060,9.840632,66,4270.74,0.201332
5.17917,0,15.8143,0.048494,0.508525,0.085018,14.067233,9.585397,59,2035.21,0.019567
5.17917,1,15.8143,0.048533,0.508413,0.085068,14.334108,9.767174,67,2871.45,0.022544
5.17917,2,15.8143,0.032890,0.510705,0.064178,14.164379,9.679645,61,3391.23,0.195721
5.17917,3,15.8143,0.032888,0.510589,0.064166,14.590561,9.857844,66,4294.32,0.198493
5.18333,0,15.8311,0.048866,0.508476,0.085477,14.047717,9.590184,59,2070.51,0.019427
5.18333,1,15.8311,0.048893,0.508354,0.085488,14.335984,9.773653,68,2925.04,0.022515
5.18333,2,15.8311,0.033057,0.510682,0.064383,14.161748,9.689110,61,3377.39,0.192772
5.18333,3,15.8311,0.032992,0.510563,0.064343,14.462502,9.863619,66,4315.71,0.195676
5.18750,0,15.8481,0.049203,0.508409,0.085944,14.057627,9.594155,59,2068.35,0.019319
5.18750,1,15.8481,0.049234,0.508291,0.085947,14.450389,9.785231,67,2972.23,0.022528
5.18750,2,15.8481,0.033295,0.510658,0.064709,14.179839,9.690800,61,3387.55,0.189847
5.18750,3,15.8481,0.033282,0.510541,0.064694,14.551811,9.874027,66,4231.25,0.192836
5.19167,0,15.8648,0.049513,0.508340,0.086318,14.131895,9.600873,60,2105.77,0.019253
5.19167,1,15.8648,0.049477,0.508230,0.086287,14.359866,9.795174,68,3012.03,0.022577
5.19167,2,15.8648,0.033486,0.510635,0.064982,14.226348,9.692248,61,3376.54,0.186930
5.19167,3,15.8648,0.033401,0.510526,0.064889,14.491087,9.891432,65,4221.33,0.189988
5.19583,0,15.8816,0.049810,0.508276,0.086725,14.083189,9.607412,59,2106.00,0.019214
5.19583,1,15.8816,0.049869,0.508172,0.086788,14.431104,9.811457,69,3057.54,0.022660
5.19583,2,15.8816,0.033651,0.510612,0.065229,14.209468,9.700773,61,3349.71,0.184012
5.19583,3,15.8816,0.033643,0.510496,0.065205,14.617246,9.904303,66,4269.51,0.187163
5.20000,0,15.8987,0.050212,0.508212,0.087179,14.085770,9.610209,61,2155.10,0.019217
5.20000,1,15.8987,0.050303,0.508106,0.087290,14.405405,9.815933,70,3100.49,0.022775
5.20000,2,15.8987,0.033837,0.510586,0.065500,14.213311,9.714221,60,3310.26,0.181089
5.20000,3,15.8987,0.033759,0.510466,0.065418,14.593549,9.912555,65,4365.46,0.184389
5.20417,0,15.9161,0.050533,0.508166,0.087623,14.191077,9.620403,61,2174.99,0.019254
5.20417,1,15.9161,0.050573,0.508035,0.087647,14.416060,9.819614,70,3157.23,0.022927
5.20417,2,15.9161,0.034067,0.510562,0.065804,14.228558,9.725383,60,3339.21,0.178198
5.20417,3,15.9161,0.033919,0.510432,0.065633,14.578302,9.920845,65,4292.25,0.181608
5.20833,0,15.9335,0.050886,0.508119,0.088063,14.125914,9.628163,61,2187.59,0.019316
5.20833,1,15.9335,0.050880,0.507968,0.088057,14.470186,9.834577,71,3231.67,0.023122
5.20833,2,15.9335,0.034272,0.510526,0.066077,14.236072,9.729329,60,3338.51,0.175325
5.20833,3,15.9335,0.034268,0.510404,0.066076,14.611950,9.932806,66,4431.59,0.178892
5.21250,0,15.9517,0.051253,0.508052,0.088541,14.121465,9.634351,61,2223.15,0.019414
5.21250,1,15.9517,0.051378,0.507909,0.088643,14.448531,9.845469,71,3249.14,0.023336
5.21250,2,15.9517,0.034441,0.510496,0.066318,14.247629,9.730402,60,3333.46,0.172479
5.21250,3,15.9517,0.034471,0.510375,0.066346,14.630231,9.947683,65,4370.49,0.176176
5.21667,0,15.9697,0.051613,0.507982,0.088963,14.138731,9.638570,61,2227.65,0.019532
5.21667,1,15.9697,0.051626,0.507846,0.088975,14.526948,9.860570,71,3317.15,0.023583
5.21667,2,15.9697,0.034697,0.510466,0.066677,14.252436,9.735699,60,3325.07,0.169650
5.21667,3,15.9697,0.034646,0.510347,0.066632,14.654050,9.961299,66,4364.41,0.173463
5.22083,0,15.9877,0.051876,0.507908,0.089318,14.201626,9.646554,61,2254.60,0.019674
5.22083,1,15.9877,0.051993,0.507786,0.089447,14.475525,9.871101,71,3344.64,0.023846
5.22083,2,15.9877,0.034914,0.510434,0.066976,14.272109,9.747950,60,3296.49,0.166825
5.22083,3,15.9877,0.034928,0.510316,0.066979,14.619226,9.975615,65,4368.46,0.170755
5.22500,0,16.0057,0.052343,0.507842,0.089877,14.150390,9.648921,61,2261.36,0.019832
5.22500,1,16.0057,0.052319,0.507719,0.089858,14.556795,9.880548,71,3376.07,0.024121
5.22500,2,16.0057,0.035094,0.510408,0.067247,14.271070,9.757010,60,3288.92,0.164008
5.22500,3,16.0057,0.035086,0.510285,0.067232,14.646936,9.982486,66,4379.15,0.168058
5.22917,0,16.0238,0.052728,0.507776,0.090367,14.330788,9.660271,61,2288.39,0.020008
5.22917,1,16.0238,0.052709,0.507643,0.090314,14.508759,9.886403,71,3428.78,0.024417
5.22917,2,16.0238,0.035354,0.510376,0.067585,14.291183,9.764794,61,3304.95,0.161214
5.22917,3,16.0238,0.035323,0.510252,0.067538,14.690495,9.989519,66,4432.41,0.165393
5.23333,0,16.0424,0.053067,0.507724,0.090784,14.184853,9.668738,61,2300.76,0.020200
5.23333,1,16.0424,0.053083,0.507575,0.090793,14.534230,9.902963,73,3473.56,0.024730
5.23333,2,16.0424,0.035569,0.510344,0.067872,14.316119,9.771046,60,3284.16,0.158434
5.23333,3,16.0424,0.035498,0.510215,0.067813,14.733307,10.001877,67,4433.62,0.162744
5.23750,0,16.0610,0.053422,0.507656,0.091243,14.219587,9.674079,61,2307.48,0.020402
5.23750,1,16.0610,0.053437,0.507516,0.091247,14.537354,9.914878,72,3492.07,0.025047
5.23750,2,16.0610,0.035855,0.510314,0.068251,14.304424,9.775838,60,3307.73,0.155683
5.23750,3,16.0610,0.035824,0.510184,0.068220,14.755509,10.017146,67,4496.60,0.160135
5.24167,0,16.0802,0.053758,0.507578,0.091653,14.209260,9.678181,62,2354.80,0.020629
5.24167,1,16.0802,0.053905,0.507445,0.091811,14.736532,9.926745,73,3537.26,0.025379
5.24167,2,16.0802,0.036056,0.510278,0.068555,14.352275,9.784662,60,3313.10,0.152961
5.24167,3,16.0802,0.036023,0.510137,0.068505,14.710879,10.025832,66,4414.10,0.157510
5.24583,0,16.0991,0.054156,0.507518,0.092147,14.204432,9.686251,63,2365.22,0.020868
5.24583,1,16.0991,0.054146,0.507375,0.092107,14.570744,9.933701,73,3586.06,0.025727
5.24583,2,16.0991,0.036317,0.510243,0.068914,14.341186,9.793637,60,3299.63,0.150250
5.24583,3,16.0991,0.036297,0.510106,0.068889,14.744895,10.040024,67,4445.83,0.154898
5.25000,0,16.1182,0.054618,0.507457,0.092674,14.273801,9.698015,62,2401.90,0.021128
5.25000,1,16.1182,0.054524,0.507311,0.092599,14.649439,9.945859,73,3612.56,0.026084
5.25000,2,16.1182,0.036555,0.510223,0.069236,14.348911,9.809845,60,3292.88,0.147552
5.25000,3,16.1182,0.036498,0.510078,0.069166,14.776698,10.053472,66,4461.95,0.152302
5.25417,0,16.1374,0.054881,0.507383,0.093056,14.225643,9.704655,63,2397.57,0.021392
5.25417,1,16.1374,0.054969,0.507239,0.093112,14.631080,9.959090,73,3627.97,0.026439
5.25417,2,16.1374,0.036813,0.510220,0.069578,14.369837,9.831194,62,3365.87,0.144902
5.25417,3,16.1374,0.036794,0.510043,0.069547,14.804398,10.062758,67,4453.61,0.149719
5.25833,0,16.1571,0.055305,0.507323,0.093553,14.365774,9.712403,63,2421.14,0.021663
5.25833,1,16.1571,0.055356,0.507160,0.093610,14.625678,9.970489,74,3681.67,0.026806
5.25833,2,16.1571,0.037088,0.510221,0.069948,14.368975,9.858068,63,3363.21,0.142278
5.25833,3,16.1571,0.036985,0.510000,0.069852,14.803907,10.076095,67,4498.04,0.147169
5.26250,0,16.1772,0.055655,0.507257,0.094014,14.249017,9.718896,63,2437.57,0.021942
5.26250,1,16.1772,0.055753,0.507090,0.094082,14.718913,9.984766,74,3721.78,0.027184
5.26250,2,16.1772,0.037439,0.510225,0.070399,14.386906,9.896643,63,3402.60,0.139693
5.26250,3,16.1772,0.037250,0.509958,0.070209,14.797832,10.088420,67,4459.29,0.144624
5.26667,0,16.1973,0.056120,0.507186,0.094523,14.275489,9.722858,63,2430.19,0.022218
5.26667,1,16.1973,0.056071,0.507022,0.094485,14.688276,9.991098,74,3765.95,0.027571
5.26667,2,16.1973,0.037814,0.510233,0.070883,14.393215,9.924713,64,3393.44,0.137127
5.26667,3,16.1973,0.037569,0.509916,0.070627,14.827851,10.095566,67,4496.36,0.142104
5.27083,0,16.2178,0.056398,0.507106,0.094892,14.265553,9.732735,64,2441.13,0.022497
5.27083,1,16.2178,0.056504,0.506955,0.094998,14.829284,10.002769,73,3765.22,0.027949
5.27083,2,16.2178,0.037829,0.510229,0.070983,14.556666,9.926024,63,3330.54,0.134551
5.27083,3,16.2178,0.037951,0.509872,0.071082,14.959736,10.112332,67,4480.29,0.139588
5.27500,0,16.2378,0.056815,0.507045,0.095417,14.368301,9.742704,64,2420.35,0.022761
5.27500,1,16.2378,0.056846,0.506883,0.095429,14.692607,10.014169,73,3802.97,0.028323
5.27500,2,16.2378,0.037879,0.510187,0.071136,14.494927,9.911007,63,3284.11,0.131961
5.27500,3,16.2378,0.037999,0.509841,0.071247,14.850553,10.128703,66,4493.35,0.137081
5.27917,0,16.2577,0.057209,0.506979,0.095892,14.296682,9.747725,65,2459.53,0.023034
5.27917,1,16.2577,0.057260,0.506803,0.095952,14.718332,10.025982,73,3827.04,0.028695
5.27917,2,16.2577,0.038231,0.510114,0.071574,14.433484,9.902969,63,3285.64,0.129382
5.27917,3,16.2577,0.038390,0.509804,0.071725,14.939067,10.137978,68,4566.44,0.134613
5.28333,0,16.2782,0.057702,0.506906,0.096462,14.526593,9.755963,65,2453.77,0.023304
5.28333,1,16.2782,0.057621,0.506722,0.096371,14.742100,10.036112,74,3876.14,0.029075
5.28333,2,16.2782,0.039018,0.510055,0.072462,14.449169,9.920698,63,3272.16,0.126821
5.28333,3,16.2782,0.038632,0.509758,0.072078,14.881954,10.147871,66,4500.96,0.132138
5.28750,0,16.2983,0.057913,0.506838,0.096750,14.337910,9.763124,65,2481.13,0.023582
5.28750,1,16.2983,0.058030,0.506658,0.096862,14.770044,10.050304,74,3891.60,0.029452
5.28750,2,16.2983,0.039222,0.510008,0.072769,14.461547,9.945384,63,3285.86,0.124286
5.28750,3,16.2983,0.039025,0.509705,0.072558,14.950054,10.162473,68,4629.98,0.129728
5.29167,0,16.3193,0.058353,0.506769,0.097255,14.340701,9.769996,65,2470.66,0.023855
5.29167,1,16.3193,0.058469,0.506597,0.097398,14.877383,10.070784,74,3943.83,0.029838
5.29167,2,16.3193,0.039203,0.509983,0.072871,14.513133,9.961817,63,3252.53,0.121774
5.29167,3,16.3193,0.039142,0.509655,0.072794,14.933487,10.175119,68,4567.85,0.127323
5.29583,0,16.3397,0.058865,0.506688,0.097867,14.474208,9.776517,65,2489.75,0.024132
5.29583,1,16.3397,0.058741,0.506518,0.097757,14.791183,10.076409,74,3939.80,0.030212
5.29583,2,16.3397,0.039428,0.509962,0.073184,14.498165,9.965899,62,3260.18,0.119293
5.29583,3,16.3397,0.039591,0.509607,0.073322,14.944761,10.186025,69,4671.86,0.124979
5.30000,0,16.3609,0.059116,0.506609,0.098215,14.357249,9.787037,65,2489.29,0.024405
5.30000,1,16.3609,0.059184,0.506441,0.098266,14.896138,10.086847,74,3971.42,0.030582
5.30000,2,16.3609,0.039787,0.509921,0.073625,14.497231,9.964389,63,3273.88,0.116858
5.30000,3,16.3609,0.039894,0.509571,0.073739,15.040709,10.201653,68,4641.61,0.122659
5.30417,0,16.3821,0.059638,0.506543,0.098836,14.407821,9.799473,65,2511.03,0.024682
5.30417,1,16.3821,0.059533,0.506371,0.098692,14.822599,10.098535,74,3977.69,0.030941
5.30417,2,16.3821,0.040103,0.509856,0.074058,14.513724,9.968140,62,3264.15,0.114460
5.30417,3,16.3821,0.040069,0.509529,0.074010,14.994442,10.212459,68,4680.79,0.120381
5.30833,0,16.4035,0.060006,0.506477,0.099248,14.461535,9.808177,65,2510.93,0.024954
5.30833,1,16.4035,0.060116,0.506279,0.099370,14.953768,10.109898,74,4006.08,0.031297
5.30833,2,16.4035,0.040475,0.509793,0.074535,14.600960,9.981022,63,3250.45,0.112098
5.30833,3,16.4035,0.040579,0.509485,0.074642,15.187193,10.227184,67,4598.76,0.118098
5.31250,0,16.4243,0.060478,0.506394,0.099787,14.412193,9.811934,65,2517.07,0.025222
5.31250,1,16.4243,0.060424,0.506203,0.099748,14.887826,10.121904,75,4016.51,0.031643
5.31250,2,16.4243,0.040819,0.509741,0.074992,14.549431,9.995452,62,3254.79,0.109770
5.31250,3,16.4243,0.040721,0.509437,0.074866,15.033360,10.240513,68,4636.22,0.115849
5.31667,0,16.4455,0.060774,0.506317,0.100161,14.546626,9.816796,65,2514.52,0.025481
5.31667,1,16.4455,0.060845,0.506138,0.100247,14.894574,10.135780,74,4024.26,0.031976
5.31667,2,16.4455,0.041186,0.509700,0.075442,14.552588,10.006066,63,3253.09,0.107481
5.31667,3,16.4455,0.041141,0.509384,0.075412,15.075974,10.251722,69,4641.03,0.113635
5.32083,0,16.4668,0.061199,0.506239,0.100705,14.423902,9.823765,65,2534.69,0.025741
5.32083,1,16.4668,0.061120,0.506068,0.100611,14.912910,10.145855,74,4013.09,0.032288
5.32083,2,16.4668,0.041409,0.509667,0.075819,14.595406,10.015110,62,3225.01,0.105223
5.32083,3,16.4668,0.041470,0.509333,0.075821,15.067539,10.257985,69,4665.20,0.111464
5.32500,0,16.4881,0.061598,0.506159,0.101190,14.443641,9.835045,65,2535.96,0.025993
5.32500,1,16.4881,0.061599,0.505990,0.101159,15.086250,10.159678,74,4047.65,0.032598
5.32500,2,16.4881,0.041654,0.509623,0.076128,14.605183,10.018101,62,3204.58,0.102997
5.32500,3,16.4881,0.041760,0.509286,0.076235,15.270263,10.272101,68,4574.73,0.109288
5.32917,0,16.5088,0.062056,0.506086,0.101677,14.489617,9.847494,66,2544.71,0.026241
5.32917,1,16.5088,0.062050,0.505904,0.101693,14.956357,10.166793,75,4043.52,0.032894
5.32917,2,16.5088,0.042033,0.509572,0.076580,14.615993,10.026302,63,3215.38,0.100810
5.32917,3,16.5088,0.042093,0.509240,0.076660,15.110633,10.289014,68,4619.10,0.107155
5.33333,0,16.5299,0.062408,0.506014,0.102126,14.465095,9.855631,65,2555.07,0.026485
5.33333,1,16.5299,0.062407,0.505827,0.102106,14.961678,10.176166,74,4067.79,0.033186
5.33333,2,16.5299,0.042351,0.509514,0.077019,14.600726,10.037997,62,3162.50,0.098644
5.33333,3,16.5299,0.042297,0.509191,0.076973,15.123140,10.302341,68,4577.02,0.105040
5.33750,0,16.5505,0.062809,0.505943,0.102589,14.639170,9.862396,66,2546.17,0.026719
5.33750,1,16.5505,0.062916,0.505750,0.102699,15.035473,10.187845,75,4065.56,0.033465
5.33750,2,16.5505,0.042771,0.509447,0.077608,14.618986,10.045498,62,3166.67,0.096517
5.33750,3,16.5505,0.042759,0.509146,0.077556,15.136967,10.311591,68,4607.70,0.102970
5.34167,0,16.5714,0.063276,0.505869,0.103144,14.490053,9.867740,65,2553.00,0.026946
5.34167,1,16.5714,0.063308,0.505679,0.103168,15.122300,10.207924,74,4045.66,0.033721
5.34167,2,16.5714,0.043202,0.509394,0.078136,14.715370,10.056249,62,3145.93,0.094426
5.34167,3,16.5714,0.043054,0.509087,0.077936,15.143909,10.317533,68,4575.18,0.100927
5.34583,0,16.5921,0.063701,0.505783,0.103640,14.573159,9.876970,65,2547.78,0.027159
5.34583,1,16.5921,0.063694,0.505608,0.103652,15.007938,10.215867,74,4064.98,0.033967
5.34583,2,16.5921,0.043433,0.509353,0.078426,14.663920,10.063932,63,3143.47,0.092378
5.34583,3,16.5921,0.043410,0.509037,0.078420,15.210938,10.333239,67,4520.07,0.098897
5.35000,0,16.6125,0.064111,0.505706,0.104135,14.528204,9.887380,65,2562.24,0.027368
5.35000,1,16.6125,0.064083,0.505521,0.104082,15.072579,10.226558,74,4057.65,0.034198
5.35000,2,16.6125,0.043709,0.509311,0.078793,14.707899,10.072964,62,3112.73,0.090358
5.35000,3,16.6125,0.043667,0.509014,0.078752,15.182272,10.352698,69,4599.62,0.096933
5.35417,0,16.6333,0.064530,0.505626,0.104603,14.535672,9.894886,65,2547.38,0.027561
5.35417,1,16.6333,0.064500,0.505440,0.104578,15.056231,10.234269,74,4047.33,0.034410
5.35417,2,16.6333,0.044065,0.509256,0.079281,14.677158,10.082140,62,3094.10,0.088379
5.35417,3,16.6333,0.044125,0.508980,0.079360,15.246638,10.378652,69,4624.51,0.095031
5.35833,0,16.6543,0.064958,0.505547,0.105093,14.700700,9.900899,65,2551.69,0.027744
5.35833,1,16.6543,0.064939,0.505346,0.105080,15.064856,10.240091,74,4069.47,0.034618
5.35833,2,16.6543,0.044445,0.509187,0.079783,14.687221,10.090014,62,3073.64,0.086443
5.35833,3,16.6543,0.044448,0.508961,0.079756,15.208986,10.415069,71,4668.67,0.093198
5.36250,0,16.6753,0.065317,0.505463,0.105552,14.555036,9.907730,65,2555.49,0.027920
5.36250,1,16.6753,0.065357,0.505264,0.105561,15.068760,10.250177,75,4089.66,0.034825
5.36250,2,16.6753,0.044827,0.509127,0.080278,14.714493,10.096406,62,3046.13,0.084550
5.36250,3,16.6753,0.044955,0.508960,0.080380,15.262816,10.461017,69,4589.12,0.091381
5.36667,0,16.6958,0.065709,0.505377,0.106021,14.656182,9.917533,65,2558.32,0.028091
5.36667,1,16.6958,0.065843,0.505204,0.106141,15.259628,10.266901,74,4065.58,0.035014
5.36667,2,16.6958,0.045247,0.509079,0.080799,14.765226,10.107519,61,3024.72,0.082694
5.36667,3,16.6958,0.045444,0.508946,0.080991,15.259712,10.479608,69,4523.49,0.089567
5.37083,0,16.7159,0.066133,0.505305,0.106493,14.594093,9.927674,65,2574.11,0.028262
5.37083,1,16.7159,0.066285,0.505134,0.106631,15.129721,10.281069,74,4059.56,0.035189
5.37083,2,16.7159,0.045568,0.509021,0.081213,14.744164,10.116148,62,3017.73,0.080878
5.37083,3,16.7159,0.045151,0.508897,0.080772,15.398825,10.479776,70,4520.66,0.087783
5.37500,0,16.7361,0.066539,0.505229,0.106946,14.598381,9.937230,64,2573.73,0.028425
5.37500,1,16.7361,0.066508,0.505065,0.106940,15.137041,10.289746,75,4046.36,0.035347
5.37500,2,16.7361,0.045869,0.508970,0.081617,14.752366,10.124363,61,2977.66,0.079089
5.37500,3,16.7361,0.045638,0.508852,0.081393,15.390136,10.469713,71,4474.08,0.086017
5.37917,0,16.7558,0.067024,0.505151,0.107512,14.715714,9.945280,64,2566.17,0.028575
5.37917,1,16.7558,0.067001,0.504980,0.107483,15.132670,10.296754,74,4014.83,0.035479
5.37917,2,16.7558,0.046194,0.508912,0.082065,14.776742,10.133520,62,2971.30,0.077338
5.37917,3,16.7558,0.046202,0.508773,0.082056,15.313623,10.464520,70,4479.47,0.084289
5.38333,0,16.7756,0.067382,0.505070,0.107943,14.616312,9.952079,64,2565.35,0.028711
5.38333,1,16.7756,0.067422,0.504889,0.107984,15.189220,10.301872,75,4049.53,0.035612
5.38333,2,16.7756,0.046639,0.508850,0.082631,14.766173,10.139327,60,2944.50,0.075622
5.38333,3,16.7756,0.047031,0.508682,0.082996,15.317945,10.481449,69,4392.92,0.082568
5.38750,0,16.7949,0.067873,0.504989,0.108520,14.786971,9.959914,64,2575.51,0.028844
5.38750,1,16.7949,0.067898,0.504804,0.108491,15.174801,10.312674,74,4026.81,0.035731
5.38750,2,16.7949,0.047006,0.508787,0.083087,14.799098,10.146010,62,2954.16,0.073951
5.38750,3,16.7949,0.047057,0.508621,0.083114,15.401000,10.513722,70,4381.34,0.080876
5.39167,0,16.8144,0.068161,0.504905,0.108849,14.639415,9.962947,64,2555.29,0.028960
5.39167,1,16.8144,0.068300,0.504730,0.108954,15.183683,10.325476,75,4056.74,0.035853
5.39167,2,16.8144,0.047387,0.508726,0.083583,14.862134,10.154953,61,2935.54,0.072318
5.39167,3,16.8144,0.047368,0.508585,0.083556,15.430625,10.533533,70,4425.67,0.079248
5.39583,0,16.8340,0.068767,0.504828,0.109517,14.796084,9.972003,65,2573.08,0.029076
5.39583,1,16.8340,0.068709,0.504656,0.109465,15.192753,10.335622,74,4040.73,0.035966
5.39583,2,16.8340,0.047802,0.508663,0.084092,14.828535,10.164185,61,2923.82,0.070731
5.39583,3,16.8340,0.047738,0.508533,0.084015,15.409692,10.531412,70,4341.74,0.077638
5.40000,0,16.8533,0.068988,0.504746,0.109789,14.665331,9.978741,65,2551.10,0.029178
5.40000,1,16.8533,0.069017,0.504577,0.109843,15.215255,10.344306,74,4029.91,0.036065
5.40000,2,16.8533,0.048042,0.508598,0.084445,14.844130,10.174123,61,2901.86,0.069179
5.40000,3,16.8533,0.048101,0.508475,0.084466,15.376280,10.525482,71,4369.28,0.076079
5.40417,0,16.8727,0.069550,0.504658,0.110421,14.708903,9.983911,65,2567.11,0.029277
5.40417,1,16.8727,0.069490,0.504493,0.110338,15.325577,10.354664,74,4026.54,0.036155
5.40417,2,16.8727,0.048470,0.508540,0.084968,14.829168,10.182287,60,2886.05,0.067667
5.40417,3,16.8727,0.048438,0.508400,0.084980,15.549353,10.535028,70,4376.75,0.074573
5.40833,0,16.8921,0.069892,0.504591,0.110822,14.688498,9.991175,64,2551.68,0.029363
5.40833,1,16.8921,0.069898,0.504402,0.110817,15.248241,10.359328,74,4018.45,0.036234
5.40833,2,16.8921,0.048882,0.508486,0.085489,14.876513,10.189234,61,2868.96,0.066196
5.40833,3,16.8921,0.048948,0.508327,0.085505,15.445303,10.551257,70,4333.28,0.073099
5.41250,0,16.9113,0.070366,0.504516,0.111343,14.927029,10.004220,64,2544.30,0.029438
5.41250,1,16.9113,0.070493,0.504321,0.111457,15.299838,10.369671,74,4037.82,0.036314
5.41250,2,16.9113,0.049328,0.508419,0.086053,14.848853,10.194630,60,2867.17,0.064770
5.41250,3,16.9113,0.049370,0.508254,0.086081,15.452084,10.570900,70,4335.86,0.071670
5.41667,0,16.9306,0.070739,0.504451,0.111786,14.708755,10.010088,64,2532.95,0.029502
5.41667,1,16.9306,0.070787,0.504254,0.111821,15.394139,10.384029,74,4034.96,0.036389
5.41667,2,16.9306,0.049629,0.508340,0.086472,14.887092,10.199680,60,2863.93,0.063391
5.41667,3,16.9306,0.049863,0.508199,0.086669,15.573006,10.585112,70,4369.14,0.070305
5.42083,0,16.9501,0.071191,0.504368,0.112280,14.911483,10.019272,64,2520.59,0.029554
5.42083,1,16.9501,0.071144,0.504158,0.112261,15.299575,10.392201,74,4032.02,0.036455
5.42083,2,16.9501,0.050117,0.508273,0.087039,14.903682,10.208845,60,2819.94,0.062046
5.42083,3,16.9501,0.050063,0.508150,0.087049,15.479796,10.587399,69,4349.71,0.068982
5.42500,0,16.9693,0.071619,0.504278,0.112802,14.732310,10.020796,63,2494.24,0.029589
5.42500,1,16.9693,0.071548,0.504076,0.112697,15.352930,10.398988,74,4054.33,0.036524
5.42500,2,16.9693,0.050435,0.508222,0.087444,14.912165,10.224483,60,2810.76,0.060741
5.42500,3,16.9693,0.050336,0.508092,0.087303,15.493950,10.590399,70,4381.35,0.067718
5.42917,0,16.9888,0.071927,0.504190,0.113121,14.761793,10.026632,63,2479.04,0.029611
5.42917,1,16.9888,0.072131,0.504001,0.113332,15.308695,10.404310,74,4031.55,0.036578
5.42917,2,16.9888,0.050874,0.508164,0.088008,14.938560,10.236858,59,2812.67,0.059486
5.42917,3,16.9888,0.050804,0.508019,0.087900,15.497856,10.600038,69,4319.56,0.066478
5.43333,0,17.0080,0.072482,0.504115,0.113766,14.810579,10.034110,64,2479.32,0.029627
5.43333,1,17.0080,0.072549,0.503914,0.113781,15.510667,10.414927,74,4049.24,0.036630
5.43333,2,17.0080,0.051250,0.508101,0.088513,14.923478,10.241714,60,2815.19,0.058279
5.43333,3,17.0080,0.051395,0.507937,0.088632,15.483517,10.610652,70,4366.54,0.065298
5.43750,0,17.0275,0.072825,0.504038,0.114100,14.903148,10.046967,64,2465.67,0.029635
5.43750,1,17.0275,0.072823,0.503822,0.114141,15.345354,10.422211,74,4019.13,0.036665
5.43750,2,17.0275,0.051647,0.508022,0.088985,14.943316,10.241102,60,2806.85,0.057118
5.43750,3,17.0275,0.051652,0.507857,0.089041,15.525468,10.626463,70,4378.60,0.064173
5.44167,0,17.0472,0.073267,0.503956,0.114646,14.777560,10.052747,63,2466.69,0.029639
5.44167,1,17.0472,0.073404,0.503745,0.114754,15.550898,10.437276,74,4041.89,0.036701
5.44167,2,17.0472,0.052109,0.507944,0.089575,14.980378,10.247885,60,2808.34,0.056008
5.44167,3,17.0472,0.052213,0.507790,0.089641,15.560088,10.631585,70,4356.33,0.063087
5.44583,0,17.0667,0.073704,0.503887,0.115121,15.015589,10.064659,63,2448.55,0.029634
5.44583,1,17.0667,0.073640,0.503671,0.115065,15.390241,10.444975,74,4024.33,0.036726
5.44583,2,17.0667,0.052421,0.507871,0.089975,14.973087,10.259636,60,2811.24,0.054946
5.44583,3,17.0667,0.052569,0.507731,0.090082,15.665390,10.641889,70,4364.33,0.062046
5.45000,0,17.0865,0.074006,0.503805,0.115495,14.816595,10.068741,62,2439.31,0.029622
5.45000,1,17.0865,0.074245,0.503596,0.115737,15.529544,10.451675,75,4040.78,0.036751
5.45000,2,17.0865,0.053057,0.507802,0.090706,15.050111,10.271543,60,2792.00,0.053921
5.45000,3,17.0865,0.052924,0.507661,0.090535,15.551765,10.652222,70,4383.37,0.061056
5.45417,0,17.1062,0.074476,0.503722,0.115975,14.825242,10.071507,62,2428.07,0.029604
5.45417,1,17.1062,0.074434,0.503517,0.115926,15.408782,10.462171,74,4052.54,0.036779
5.45417,2,17.1062,0.053355,0.507743,0.091088,14.979782,10.278789,60,2774.61,0.052933
5.45417,3,17.1062,0.053215,0.507589,0.090978,15.577500,10.658659,71,4379.58,0.060106
5.45833,0,17.1259,0.074829,0.503627,0.116383,14.833744,10.082454,63,2422.00,0.029583
5.45833,1,17.1259,0.074935,0.503422,0.116477,15.403930,10.469575,74,4006.31,0.036783
5.45833,2,17.1259,0.053745,0.507677,0.091628,15.022483,10.289968,59,2782.57,0.051988
5.45833,3,17.1259,0.053800,0.507517,0.091661,15.611341,10.670870,70,4380.95,0.059197
5.46250,0,17.1457,0.075320,0.503549,0.116949,14.828624,10.090915,62,2427.16,0.029562
5.46250,1,17.1457,0.075347,0.503322,0.116926,15.544690,10.478451,74,4032.12,0.036791
5.46250,2,17.1457,0.054151,0.507601,0.092119,15.029808,10.296669,59,2788.74,0.051090
5.46250,3,17.1457,0.054199,0.507439,0.092137,15.618744,10.681463,70,4402.00,0.058336
5.46667,0,17.1657,0.075764,0.503481,0.117382,15.051357,10.103364,62,2378.21,0.029520
5.46667,1,17.1657,0.075750,0.503229,0.117425,15.471229,10.480640,74,4029.03,0.036792
5.46667,2,17.1657,0.054489,0.507522,0.092533,15.041778,10.300279,59,2798.04,0.050239
5.46667,3,17.1657,0.054673,0.507368,0.092693,15.689139,10.690304,70,4403.30,0.057517
5.47083,0,17.1859,0.076090,0.503403,0.117809,14.856084,10.108443,63,2388.98,0.029478
5.47083,1,17.1859,0.076241,0.503158,0.117934,15.563671,10.493401,74,4023.17,0.036787
5.47083,2,17.1859,0.055094,0.507443,0.093233,15.160748,10.312654,60,2810.91,0.049437
5.47083,3,17.1859,0.055040,0.507282,0.093180,15.612915,10.698010,71,4459.53,0.056763
5.47500,0,17.2065,0.076526,0.503318,0.118256,14.968387,10.115961,62,2386.16,0.029436
5.47500,1,17.2065,0.076471,0.503105,0.118166,15.457817,10.506949,74,4006.26,0.036771
5.47500,2,17.2065,0.055384,0.507364,0.093622,15.069613,10.321623,60,2832.01,0.048690
5.47500,3,17.2065,0.055424,0.507214,0.093648,15.680387,10.709044,70,4448.22,0.056049
5.47917,0,17.2273,0.076793,0.503248,0.118593,14.895317,10.123969,62,2346.83,0.029376
5.47917,1,17.2273,0.077075,0.503036,0.118882,15.534244,10.520852,74,4006.67,0.036747
5.47917,2,17.2273,0.055896,0.507299,0.094251,15.072384,10.330835,60,2841.52,0.047990
5.47917,3,17.2273,0.055749,0.507145,0.094081,15.671663,10.720381,71,4520.21,0.055405
5.48333,0,17.2485,0.077373,0.503150,0.119193,14.905426,10.129032,62,2357.71,0.029317
5.48333,1,17.2485,0.077373,0.502951,0.119178,15.760967,10.527970,74,4018.37,0.036726
5.48333,2,17.2485,0.056274,0.507232,0.094690,15.122674,10.340718,59,2813.92,0.047323
5.48333,3,17.2485,0.056320,0.507065,0.094738,15.710192,10.724776,71,4456.63,0.054773
5.48750,0,17.2692,0.077778,0.503076,0.119628,15.011232,10.142941,62,2348.73,0.029257
5.48750,1,17.2692,0.077735,0.502862,0.119629,15.501979,10.526618,74,4011.50,0.036700
5.48750,2,17.2692,0.056685,0.507151,0.095237,15.103680,10.348661,60,2843.57,0.046698
5.48750,3,17.2692,0.056779,0.506987,0.095302,15.734831,10.734815,71,4478.23,0.054175
5.49167,0,17.2903,0.078075,0.503012,0.119976,14.918420,10.155204,62,2345.29,0.029197
5.49167,1,17.2903,0.078308,0.502770,0.120162,15.701203,10.538752,74,3978.35,0.036659
5.49167,2,17.2903,0.057065,0.507067,0.095703,15.115254,10.358226,60,2863.64,0.046117
5.49167,3,17.2903,0.057098,0.506904,0.095687,15.728684,10.748213,72,4527.52,0.053631
5.49583,0,17.3118,0.078543,0.502927,0.120503,15.005448,10.160529,62,2330.84,0.029130
5.49583,1,17.3118,0.078581,0.502683,0.120521,15.527032,10.546659,74,4017.00,0.036627
5.49583,2,17.3118,0.057617,0.506986,0.096324,15.160518,10.367245,60,2888.95,0.045585
5.49583,3,17.3118,0.057679,0.506829,0.096383,15.808592,10.755101,71,4519.25,0.053121
5.50000,0,17.3335,0.078777,0.502843,0.120769,14.949497,10.167391,61,2325.06,0.029063
5.50000,1,17.3335,0.078971,0.502622,0.120937,15.536919,10.557606,74,4018.95,0.036600
5.50000,2,17.3335,0.057980,0.506907,0.096762,15.157888,10.376852,60,2897.04,0.045092
5.50000,3,17.3335,0.057946,0.506749,0.096754,15.752229,10.763853,72,4545.14,0.052652
5.50417,0,17.3553,0.079343,0.502763,0.121349,15.084059,10.180021,61,2304.37,0.028991
5.50417,1,17.3553,0.079487,0.502556,0.121493,15.916945,10.572726,74,4005.48,0.036566
5.50417,2,17.3553,0.058472,0.506832,0.097363,15.162815,10.385835,60,2901.22,0.044632
5.50417,3,17.3553,0.058467,0.506674,0.097349,15.774340,10.775751,72,4596.27,0.052235
5.50833,0,17.3776,0.079577,0.502687,0.121601,14.994190,10.189634,61,2292.48,0.028913
5.50833,1,17.3776,0.079612,0.502482,0.121669,15.592568,10.578780,74,4010.10,0.036530
5.50833,2,17.3776,0.058822,0.506753,0.097846,15.184928,10.398190,61,2937.66,0.044220
5.50833,3,17.3776,0.058860,0.506580,0.097828,15.820476,10.779799,72,4659.20,0.051880
5.51250,0,17.4004,0.080001,0.502621,0.122064,14.987553,10.201721,61,2277.16,0.028830
5.51250,1,17.4004,0.080029,0.502392,0.122096,15.601160,10.583897,74,3982.55,0.036480
5.51250,2,17.4004,0.059313,0.506680,0.098390,15.298895,10.411316,60,2948.80,0.043852
5.51250,3,17.4004,0.059317,0.506497,0.098375,15.801751,10.790979,72,4603.94,0.051537
5.51667,0,17.4229,0.080388,0.502544,0.122525,15.080721,10.210147,61,2282.45,0.028749
5.51667,1,17.4229,0.080605,0.502288,0.122728,15.712124,10.591682,74,3981.67,0.036425
5.51667,2,17.4229,0.059682,0.506610,0.098828,15.226293,10.423135,60,2937.30,0.043504
5.51667,3,17.4229,0.059691,0.506423,0.098826,15.806860,10.805632,72,4694.23,0.051247
5.52083,0,17.4459,0.080834,0.502464,0.123002,15.184655,10.220472,60,2264.00,0.028661
5.52083,1,17.4459,0.080813,0.502212,0.122929,15.608805,10.596920,74,3974.21,0.036363
5.52083,2,17.4459,0.060142,0.506520,0.099376,15.241291,10.430431,61,2973.14,0.043198
5.52083,3,17.4459,0.060224,0.506344,0.099458,15.865376,10.812168,72,4675.43,0.050981
5.52500,0,17.4689,0.080984,0.502388,0.123170,15.074356,10.231112,60,2254.68,0.028570
5.52500,1,17.4689,0.081320,0.502156,0.123495,15.711933,10.617258,74,3978.08,0.036301
5.52500,2,17.4689,0.060634,0.506434,0.099962,15.256529,10.439278,61,3019.86,0.042939
5.52500,3,17.4689,0.060562,0.506263,0.099892,15.844811,10.825125,72,4737.13,0.050762
5.52917,0,17.4926,0.081544,0.502318,0.123711,15.063276,10.245837,61,2252.98,0.028480
5.52917,1,17.4926,0.081564,0.502108,0.123759,15.767213,10.629892,74,3969.87,0.036236
5.52917,2,17.4926,0.060877,0.506352,0.100276,15.307874,10.450387,61,3029.11,0.042715
5.52917,3,17.4926,0.060946,0.506180,0.100334,15.894680,10.837412,72,4697.40,0.050553
5.53333,0,17.5160,0.081803,0.502249,0.124056,15.078280,10.253133,61,2227.43,0.028382
5.53333,1,17.5160,0.081907,0.502031,0.124117,15.912097,10.639779,74,3980.74,0.036173
5.53333,2,17.5160,0.061475,0.506279,0.100979,15.294837,10.464103,61,3043.57,0.042517
5.53333,3,17.5160,0.061514,0.506106,0.100999,15.924146,10.844598,73,4791.57,0.050398
5.53750,0,17.5400,0.082234,0.502175,0.124478,15.181334,10.264576,60,2218.37,0.028281
5.53750,1,17.5400,0.082216,0.501937,0.124472,15.683190,10.639855,73,3965.96,0.036105
5.53750,2,17.5400,0.061794,0.506204,0.101360,15.319441,10.481510,62,3087.37,0.042362
5.53750,3,17.5400,0.061872,0.506029,0.101414,15.962572,10.857471,73,4831.50,0.050289
5.54167,0,17.5645,0.082553,0.502080,0.124881,15.125215,10.274089,61,2227.84,0.028186
5.54167,1,17.5645,0.082748,0.501857,0.125052,15.829151,10.648039,74,3963.01,0.036035
5.54167,2,17.5645,0.062313,0.506124,0.101981,15.376665,10.492150,62,3107.63,0.042243
5.54167,3,17.5645,0.062344,0.505949,0.101993,15.910008,10.864823,73,4870.79,0.050221
5.54583,0,17.5892,0.082825,0.502012,0.125127,15.155064,10.285000,60,2202.31,0.028084
5.54583,1,17.5892,0.083023,0.501785,0.125313,15.901006,10.665304,74,3968.80,0.035966
5.54583,2,17.5892,0.062620,0.506039,0.102331,15.338836,10.500872,62,3109.51,0.042149
5.54583,3,17.5892,0.062695,0.505862,0.102407,16.080433,10.874452,73,4885.28,0.050179
5.55000,0,17.6139,0.083324,0.501959,0.125636,15.182490,10.302234,60,2203.67,0.027985
5.55000,1,17.6139,0.083372,0.501727,0.125687,15.733000,10.677401,73,3971.50,0.035900
5.55000,2,17.6139,0.063101,0.505955,0.102904,15.379399,10.511166,62,3155.59,0.042092
5.55000,3,17.6139,0.063154,0.505779,0.102967,15.936584,10.882922,73,4884.03,0.050150
5.55417,0,17.6388,0.083582,0.501892,0.125944,15.176848,10.315166,59,2185.10,0.027883
5.55417,1,17.6388,0.083683,0.501646,0.126074,15.982374,10.690491,73,3923.93,0.035814
5.55417,2,17.6388,0.063519,0.505866,0.103395,15.377197,10.521320,63,3211.51,0.042077
5.55417,3,17.6388,0.063593,0.505695,0.103470,16.035297,10.898046,73,4911.27,0.050147
5.55833,0,17.6641,0.083974,0.501827,0.126383,15.294259,10.329285,60,2188.90,0.027782
5.55833,1,17.6641,0.083904,0.501594,0.126257,15.805802,10.696668,74,3945.70,0.035731
5.55833,2,17.6641,0.063973,0.505786,0.103926,15.471438,10.536093,63,3228.71,0.042088
5.55833,3,17.6641,0.064017,0.505620,0.103959,16.057447,10.908708,74,4981.28,0.050188
5.56250,0,17.6897,0.084219,0.501756,0.126640,15.237478,10.337748,59,2181.53,0.027681
5.56250,1,17.6897,0.084363,0.501530,0.126771,15.974278,10.700334,74,3923.27,0.035642
5.56250,2,17.6897,0.064381,0.505716,0.104433,15.421018,10.552670,62,3227.02,0.042116
5.56250,3,17.6897,0.064413,0.505539,0.104417,16.002941,10.912950,73,4961.30,0.050236
5.56667,0,17.7151,0.084614,0.501682,0.127056,15.285592,10.348167,60,2184.31,0.027583
5.56667,1,17.7151,0.084732,0.501451,0.127154,15.779652,10.709810,74,3926.07,0.035554
5.56667,2,17.7151,0.064788,0.505636,0.104872,15.462297,10.568235,63,3259.38,0.042166
5.56667,3,17.7151,0.064804,0.505457,0.104884,16.021196,10.923064,74,4998.14,0.050306
5.57083,0,17.7408,0.084807,0.501602,0.127239,15.267414,10.362415,60,2174.80,0.027486
5.57083,1,17.7408,0.084968,0.501388,0.127416,15.866452,10.728174,73,3922.42,0.035466
5.57083,2,17.7408,0.065164,0.505554,0.105342,15.491039,10.578417,63,3316.15,0.042250
5.57083,3,17.7408,0.065149,0.505364,0.105316,16.028200,10.937576,74,5049.81,0.050411
5.57500,0,17.7670,0.085344,0.501535,0.127808,15.383322,10.381495,59,2168.54,0.027389
5.57500,1,17.7670,0.085391,0.501321,0.127855,15.963083,10.742843,74,3910.37,0.035375
5.57500,2,17.7670,0.065512,0.505471,0.105734,15.485486,10.588465,64,3341.23,0.042362
5.57500,3,17.7670,0.065625,0.505283,0.105848,16.059891,10.946184,74,5087.44,0.050546
5.57917,0,17.7934,0.085455,0.501496,0.127952,15.307997,10.395301,60,2163.01,0.027291
5.57917,1,17.7934,0.085649,0.501274,0.128119,15.849821,10.756480,73,3907.84,0.035283
5.57917,2,17.7934,0.065990,0.505391,0.106310,15.518483,10.600886,63,3362.42,0.042496
5.57917,3,17.7934,0.066050,0.505219,0.106344,16.122543,10.964527,74,5111.54,0.050704
5.58333,0,17.8199,0.085818,0.501455,0.128317,15.323670,10.405767,59,2154.58,0.027193
5.58333,1,17.8199,0.085878,0.501206,0.128382,15.965913,10.760888,74,3890.19,0.035186
5.58333,2,17.8199,0.066512,0.505314,0.106871,15.628777,10.617986,63,3386.12,0.042650
5.58333,3,17.8199,0.066407,0.505142,0.106750,16.092920,10.969429,74,5093.81,0.050861
5.58750,0,17.8462,0.085965,0.501366,0.128519,15.455918,10.421358,59,2143.04,0.027090
5.58750,1,17.8462,0.086232,0.501130,0.128767,15.887991,10.759536,74,3905.78,0.035094
5.58750,2,17.8462,0.066805,0.505216,0.107261,15.558517,10.636887,64,3402.95,0.042814
5.58750,3,17.8462,0.066875,0.505057,0.107315,16.246956,10.978334,75,5158.26,0.051044
5.59167,0,17.8728,0.086411,0.501301,0.128963,15.462228,10.430482,60,2140.38,0.026989
5.59167,1,17.8728,0.086448,0.501076,0.128980,16.024513,10.782525,74,3890.22,0.035000
5.59167,2,17.8728,0.067154,0.505138,0.107659,15.594875,10.646712,64,3474.99,0.043014
5.59167,3,17.8728,0.067212,0.504975,0.107700,16.120110,10.989426,74,5183.62,0.051251
5.59583,0,17.8999,0.086656,0.501236,0.129201,15.447856,10.445909,59,2141.00,0.026891
5.59583,1,17.8999,0.086881,0.501043,0.129416,16.017159,10.799449,73,3866.30,0.034897
5.59583,2,17.8999,0.067571,0.505077,0.108126,15.693280,10.661110,65,3475.92,0.043227
5.59583,3,17.8999,0.067668,0.504897,0.108225,16.189045,11.002426,74,5159.41,0.051452
5.60000,0,17.9266,0.087021,0.501173,0.129561,15.402166,10.460869,59,2148.35,0.026799
5.60000,1,17.9266,0.086990,0.500968,0.129548,16.046249,10.816247,74,3876.47,0.034799
5.60000,2,17.9266,0.068068,0.505011,0.108671,15.631272,10.674785,65,3507.67,0.043452
5.60000,3,17.9266,0.067989,0.504826,0.108594,16.153915,11.014076,75,5213.29,0.051674
5.60417,0,17.9536,0.087187,0.501113,0.129795,15.455388,10.475820,59,2164.95,0.026718
5.60417,1,17.9536,0.087409,0.500909,0.130061,15.960279,10.816475,74,3871.98,0.034706
5.60417,2,17.9536,0.068343,0.504923,0.109016,15.724011,10.690688,65,3566.54,0.043705
5.60417,3,17.9536,0.068479,0.504745,0.109161,16.162588,11.025178,74,5202.99,0.051900
5.60833,0,17.9808,0.087558,0.501094,0.130168,15.613801,10.493327,59,2172.61,0.026649
5.60833,1,17.9808,0.087446,0.500866,0.129968,16.306805,10.822177,74,3843.17,0.034607
5.60833,2,17.9808,0.068685,0.504844,0.109452,15.654127,10.702473,65,3588.65,0.043971
5.60833,3,17.9808,0.068817,0.504671,0.109549,16.238283,11.035668,74,5247.43,0.052145
5.61250,0,18.0081,0.087510,0.501032,0.130165,15.467811,10.510880,59,2167.84,0.026580
5.61250,1,18.0081,0.087850,0.500811,0.130474,15.994264,10.829067,73,3844.56,0.034509
5.61250,2,18.0081,0.069206,0.504752,0.110013,15.734294,10.716814,66,3597.13,0.044242
5.61250,3,18.0081,0.069099,0.504591,0.109882,16.286476,11.044527,75,5284.43,0.052409
5.61667,0,18.0354,0.087988,0.500973,0.130597,15.510180,10.522783,59,2146.60,0.026503
5.61667,1,18.0354,0.088144,0.500756,0.130751,16.120298,10.852432,73,3814.97,0.034401
5.61667,2,18.0354,0.069496,0.504676,0.110316,15.715307,10.731465,66,3639.93,0.044530
5.61667,3,18.0354,0.069522,0.504515,0.110350,16.228556,11.051898,75,5261.54,0.052668
5.62083,0,18.0627,0.088142,0.500895,0.130764,15.567400,10.533153,59,2182.74,0.026439
5.62083,1,18.0627,0.088364,0.500702,0.131005,16.090811,10.867580,73,3834.45,0.034304
5.62083,2,18.0627,0.069894,0.504606,0.110783,15.830436,10.747201,67,3690.12,0.044838
5.62083,3,18.0627,0.070020,0.504436,0.110919,16.405327,11.063239,75,5342.91,0.052961
5.62500,0,18.0906,0.088591,0.500853,0.131226,15.599397,10.547921,59,2181.88,0.026381
5.62500,1,18.0906,0.088571,0.500680,0.131244,16.035444,10.874084,73,3822.73,0.034211
5.62500,2,18.0906,0.070280,0.504542,0.111245,15.750057,10.758804,66,3719.94,0.045163
5.62500,3,18.0906,0.070301,0.504370,0.111246,16.251131,11.071753,75,5309.55,0.053248
5.62917,0,18.1182,0.088533,0.500825,0.131192,15.672792,10.565640,59,2186.70,0.026328
5.62917,1,18.1182,0.088832,0.500630,0.131447,16.269529,10.885290,72,3810.34,0.034118
5.62917,2,18.1182,0.070597,0.504475,0.111615,15.793168,10.776258,66,3713.86,0.045482
5.62917,3,18.1182,0.070726,0.504288,0.111719,16.389591,11.088492,74,5297.46,0.053522
5.63333,0,18.1454,0.088982,0.500797,0.131660,15.592085,10.583874,60,2177.70,0.026274
5.63333,1,18.1454,0.088815,0.500574,0.131474,16.048573,10.892803,72,3823.48,0.034034
5.63333,2,18.1454,0.071062,0.504396,0.112113,15.906002,10.792298,66,3730.74,0.045796
5.63333,3,18.1454,0.071078,0.504230,0.112125,16.374311,11.096628,75,5321.68,0.053797
5.63750,0,18.1726,0.088999,0.500734,0.131750,15.891973,10.605863,59,2193.07,0.026227
5.63750,1,18.1726,0.089216,0.500525,0.131886,16.315351,10.908689,72,3788.90,0.033943
5.63750,2,18.1726,0.071360,0.504311,0.112473,15.815594,10.805565,66,3786.68,0.046124
5.63750,3,18.1726,0.071367,0.504158,0.112451,16.327284,11.108150,75,5378.48,0.054096
5.64167,0,18.2003,0.089244,0.500675,0.131890,15.645838,10.608155,59,2192.68,0.026181
5.64167,1,18.2003,0.089401,0.500482,0.132102,16.085907,10.919109,72,3785.91,0.033851
5.64167,2,18.2003,0.071665,0.504227,0.112813,15.858991,10.816010,67,3851.98,0.046481
5.64167,3,18.2003,0.071847,0.504084,0.112989,16.361460,11.118581,74,5339.43,0.054387
5.64583,0,18.2280,0.089398,0.500625,0.132094,15.742269,10.624722,60,2203.07,0.026140
5.64583,1,18.2280,0.089785,0.500440,0.132442,16.198015,10.932513,72,3773.32,0.033759
5.64583,2,18.2280,0.072132,0.504158,0.113311,16.070715,10.832212,67,3855.78,0.046839
5.64583,3,18.2280,0.072082,0.504014,0.113260,16.459946,11.134949,75,5376.93,0.054687
5.65000,0,18.2557,0.089845,0.500579,0.132499,15.764416,10.636863,60,2221.44,0.026108
5.65000,1,18.2557,0.089915,0.500410,0.132637,16.181597,10.941945,72,3778.72,0.033675
5.65000,2,18.2557,0.072442,0.504089,0.113683,15.896714,10.847717,67,3877.10,0.047197
5.65000,3,18.2557,0.072521,0.503951,0.113737,16.380346,11.150398,75,5388.04,0.054992
5.65417,0,18.2833,0.089834,0.500571,0.132577,15.790112,10.659934,60,2238.69,0.026087
5.65417,1,18.2833,0.090014,0.500362,0.132702,16.156307,10.954076,72,3777.57,0.033599
5.65417,2,18.2833,0.072792,0.504023,0.114091,15.922551,10.863031,67,3879.60,0.047548
5.65417,3,18.2833,0.072826,0.503891,0.114095,16.374840,11.157288,74,5379.57,0.055289
5.65833,0,18.3106,0.090011,0.500524,0.132738,15.908208,10.681486,60,2238.61,0.026069
5.65833,1,18.3106,0.090238,0.500308,0.132932,16.236664,10.962384,72,3743.12,0.033516
5.65833,2,18.3106,0.073078,0.503960,0.114398,15.975374,10.880588,68,3908.61,0.047898
5.65833,3,18.3106,0.073213,0.503812,0.114549,16.463659,11.162830,75,5401.67,0.055588
5.66250,0,18.3380,0.090229,0.500459,0.133013,15.737523,10.693030,60,2250.87,0.026056
5.66250,1,18.3380,0.090377,0.500282,0.133118,16.329853,10.977751,72,3745.90,0.033436
5.66250,2,18.3380,0.073485,0.503891,0.114865,15.997243,10.892349,68,3910.04,0.048239
5.66250,3,18.3380,0.073527,0.503740,0.114893,16.517748,11.171433,74,5341.01,0.055855
5.66667,0,18.3648,0.090288,0.500433,0.132961,15.809658,10.701880,60,2258.38,0.026046
5.66667,1,18.3648,0.090625,0.500263,0.133321,16.289127,10.994051,71,3728.62,0.033354
5.66667,2,18.3648,0.073747,0.503821,0.115144,16.089872,10.907253,68,3977.82,0.048592
5.66667,3,18.3648,0.073861,0.503668,0.115227,16.438078,11.182976,75,5424.48,0.056148
5.67083,0,18.3923,0.090623,0.500413,0.133351,15.773924,10.712499,61,2284.12,0.026045
5.67083,1,18.3923,0.090784,0.500215,0.133535,16.315948,11.006817,72,3723.00,0.033276
5.67083,2,18.3923,0.074159,0.503736,0.115617,16.001490,10.919635,68,3977.51,0.048942
5.67083,3,18.3923,0.074219,0.503603,0.115662,16.559259,11.196008,75,5395.29,0.056432
5.67500,0,18.4195,0.090770,0.500386,0.133497,16.166096,10.737341,61,2305.15,0.026056
5.67500,1,18.4195,0.090863,0.500182,0.133558,16.317284,11.014878,72,3722.08,0.033206
5.67500,2,18.4195,0.074381,0.503674,0.115851,16.048338,10.934144,69,4031.75,0.049305
5.67500,3,18.4195,0.074585,0.503539,0.116046,16.489109,11.211622,74,5383.10,0.056707
5.67917,0,18.4466,0.090930,0.500346,0.133727,15.831825,10.755170,61,2310.87,0.026071
5.67917,1,18.4466,0.090928,0.500157,0.133690,16.331177,11.024899,72,3738.61,0.033152
5.67917,2,18.4466,0.074812,0.503618,0.116339,16.103392,10.951171,69,4048.81,0.049667
5.67917,3,18.4466,0.074949,0.503479,0.116488,16.537130,11.222524,74,5375.17,0.056973
5.68333,0,18.4737,0.090858,0.500316,0.133607,15.949039,10.772510,61,2318.92,0.026091
5.68333,1,18.4737,0.091314,0.500132,0.134024,16.441780,11.037704,72,3716.48,0.033097
5.68333,2,18.4737,0.075163,0.503545,0.116730,16.127317,10.961433,69,4071.71,0.050026
5.68333,3,18.4737,0.075147,0.503418,0.116673,16.520071,11.230433,75,5431.83,0.057257
5.68750,0,18.5009,0.091143,0.500279,0.133898,15.877872,10.781328,61,2324.32,0.026112
5.68750,1,18.5009,0.091319,0.500099,0.134081,16.394499,11.053207,71,3697.13,0.033039
5.68750,2,18.5009,0.075383,0.503471,0.116981,16.146496,10.977678,68,4071.91,0.050376
5.68750,3,18.5009,0.075390,0.503340,0.117000,16.563698,11.241029,75,5430.04,0.057543
5.69167,0,18.5280,0.091279,0.500237,0.134005,15.916252,10.792602,61,2319.84,0.026127
5.69167,1,18.5280,0.091433,0.500077,0.134177,16.440954,11.065780,71,3702.75,0.032984
5.69167,2,18.5280,0.075688,0.503416,0.117330,16.115437,10.993073,68,4068.00,0.050713
5.69167,3,18.5280,0.075846,0.503277,0.117439,16.543095,11.251886,74,5403.13,0.057812
5.69583,0,18.5546,0.091459,0.500216,0.134201,16.137993,10.811190,62,2361.70,0.026156
5.69583,1,18.5546,0.091463,0.500048,0.134228,16.345314,11.074789,72,3712.13,0.032942
5.69583,2,18.5546,0.076102,0.503355,0.117743,16.225746,11.010737,68,4094.34,0.051044
5.69583,3,18.5546,0.076176,0.503222,0.117835,16.671896,11.266898,74,5388.76,0.058063
5.70000,0,18.5811,0.091492,0.500197,0.134280,15.958220,10.825808,62,2374.05,0.026195
5.70000,1,18.5811,0.091742,0.500017,0.134473,16.559944,11.088776,72,3697.65,0.032904
5.70000,2,18.5811,0.076415,0.503294,0.118121,16.253525,11.020172,69,4119.76,0.051371
5.70000,3,18.5811,0.076456,0.503156,0.118148,16.579958,11.277064,75,5396.43,0.058310
5.70417,0,18.6076,0.091600,0.500167,0.134360,16.118666,10.845900,62,2396.82,0.026244
5.70417,1,18.6076,0.091825,0.500006,0.134579,16.396685,11.100424,71,3680.78,0.032864
5.70417,2,18.6076,0.076646,0.503251,0.118369,16.200249,11.035367,69,4096.16,0.051676
5.70417,3,18.6076,0.076795,0.503099,0.118507,16.682354,11.282380,75,5337.93,0.058523
5.70833,0,18.6335,0.091762,0.500144,0.134564,16.003582,10.864704,62,2407.96,0.026297
5.70833,1,18.6335,0.091882,0.499974,0.134655,16.592373,11.116657,72,3681.91,0.032830
5.70833,2,18.6335,0.076943,0.503152,0.118733,16.252037,11.051848,69,4130.24,0.051974
5.70833,3,18.6335,0.077087,0.503038,0.118841,16.617493,11.294078,75,5374.17,0.058737
5.71250,0,18.6596,0.091877,0.500110,0.134619,16.038818,10.871048,62,2449.64,0.026367
5.71250,1,18.6596,0.092045,0.499948,0.134798,16.492537,11.121830,71,3640.45,0.032786
5.71250,2,18.6596,0.077262,0.503063,0.119046,16.242308,11.057177,70,4182.41,0.052283
5.71250,3,18.6596,0.077247,0.502967,0.119019,16.648577,11.307815,75,5380.99,0.058956
5.71667,0,18.6860,0.091899,0.500091,0.134663,16.209879,10.880916,61,2450.33,0.026435
5.71667,1,18.6860,0.092016,0.499950,0.134769,16.519651,11.130945,71,3671.75,0.032758
5.71667,2,18.6860,0.077572,0.503028,0.119383,16.246717,11.073740,70,4197.02,0.052593
5.71667,3,18.6860,0.077759,0.502913,0.119578,16.696379,11.322324,75,5358.14,0.059166
5.72083,0,18.7121,0.091832,0.500096,0.134590,16.105293,10.902242,62,2461.19,0.026505
5.72083,1,18.7121,0.092163,0.499922,0.134944,16.554907,11.145926,71,3675.13,0.032742
5.72083,2,18.7121,0.077882,0.502985,0.119727,16.313646,11.093212,69,4181.65,0.052885
5.72083,3,18.7121,0.077880,0.502858,0.119724,16.661360,11.335788,74,5385.14,0.059380
5.72500,0,18.7381,0.092157,0.500076,0.134958,16.183008,10.925645,62,2451.58,0.026568
5.72500,1,18.7381,0.092312,0.499910,0.135088,16.675455,11.164042,71,3652.58,0.032721
5.72500,2,18.7381,0.078375,0.502928,0.120257,16.461445,11.108265,70,4186.70,0.053165
5.72500,3,18.7381,0.078284,0.502816,0.120134,16.746084,11.339228,75,5323.43,0.059565
5.72917,0,18.7637,0.092286,0.500036,0.135088,16.154097,10.936746,63,2501.42,0.026646
5.72917,1,18.7637,0.092129,0.499900,0.134899,16.508080,11.179763,71,3653.10,0.032706
5.72917,2,18.7637,0.078359,0.502862,0.120283,16.351767,11.121764,69,4192.01,0.053430
5.72917,3,18.7637,0.078545,0.502729,0.120451,16.716688,11.351496,75,5300.54,0.059726
5.73333,0,18.7891,0.092060,0.500021,0.134827,16.390150,10.946447,63,2505.75,0.026726
5.73333,1,18.7891,0.092470,0.499867,0.135228,16.769871,11.188426,72,3644.82,0.032693
5.73333,2,18.7891,0.078687,0.502785,0.120641,16.371145,11.130071,69,4202.56,0.053680
5.73333,3,18.7891,0.078841,0.502657,0.120771,16.764999,11.364259,75,5333.90,0.059891
5.73750,0,18.8146,0.092317,0.500004,0.135082,16.174116,10.954675,63,2530.24,0.026813
5.73750,1,18.8146,0.092316,0.499868,0.135074,16.518450,11.193814,71,3654.71,0.032690
5.73750,2,18.8146,0.079094,0.502723,0.121039,16.372026,11.137755,70,4241.78,0.053936
5.73750,3,18.8146,0.079135,0.502615,0.121063,16.767199,11.375555,74,5266.80,0.060030
5.74167,0,18.8398,0.092411,0.499997,0.135157,16.333647,10.976777,63,2537.98,0.026903
5.74167,1,18.8398,0.092595,0.499855,0.135350,16.820244,11.207808,71,3643.50,0.032690
5.74167,2,18.8398,0.079461,0.502679,0.121438,16.540407,11.157237,70,4227.17,0.054173
5.74167,3,18.8398,0.079399,0.502577,0.121344,16.837730,11.388268,74,5241.05,0.060145
5.74583,0,18.8648,0.092441,0.499999,0.135224,16.272400,11.000111,64,2569.50,0.027002
5.74583,1,18.8648,0.092512,0.499840,0.135301,16.577333,11.218234,71,3658.73,0.032702
5.74583,2,18.8648,0.079647,0.502619,0.121645,16.398621,11.173276,70,4228.66,0.054392
5.74583,3,18.8648,0.079651,0.502510,0.121649,16.819273,11.389969,74,5295.87,0.060275
5.75000,0,18.8900,0.092390,0.499968,0.135206,16.340401,11.010438,63,2574.56,0.027102
5.75000,1,18.8900,0.092604,0.499823,0.135373,16.696510,11.235565,71,3646.73,0.032717
5.75000,2,18.8900,0.079841,0.502557,0.121875,16.469545,11.184932,70,4273.92,0.054619
5.75000,3,18.8900,0.079997,0.502446,0.122040,16.789482,11.394047,73,5288.62,0.060409
5.75417,0,18.9153,0.092536,0.499932,0.135342,16.329849,11.018643,63,2593.96,0.027207
5.75417,1,18.9153,0.092651,0.499804,0.135428,16.808800,11.253676,71,3646.58,0.032736
5.75417,2,18.9153,0.080144,0.502499,0.122221,16.474495,11.199032,69,4243.85,0.054828
5.75417,3,18.9153,0.080229,0.502381,0.122281,16.933353,11.409998,74,5292.40,0.060543
5.75833,0,18.9404,0.092413,0.499927,0.135126,16.485165,11.031768,64,2602.76,0.027313
5.75833,1,18.9404,0.092525,0.499802,0.135264,16.632956,11.253571,71,3651.93,0.032762
5.75833,2,18.9404,0.080385,0.502440,0.122451,16.569395,11.212010,70,4266.56,0.055034
5.75833,3,18.9404,0.080453,0.502339,0.122495,16.831303,11.427278,74,5255.23,0.060661
5.76250,0,18.9653,0.092709,0.499946,0.135464,16.289642,11.045671,64,2615.63,0.027419
5.76250,1,18.9653,0.092793,0.499822,0.135573,17.016399,11.264194,71,3639.86,0.032787
5.76250,2,18.9653,0.080800,0.502393,0.122902,16.584866,11.223829,70,4273.33,0.055232
5.76250,3,18.9653,0.080807,0.502288,0.122876,16.842953,11.437419,74,5254.04,0.060771
5.76667,0,18.9901,0.092560,0.499955,0.135371,16.332796,11.070438,64,2616.68,0.027521
5.76667,1,18.9901,0.092526,0.499818,0.135262,16.667562,11.286782,71,3643.96,0.032815
5.76667,2,18.9901,0.081060,0.502333,0.123153,16.503971,11.232895,69,4266.86,0.055416
5.76667,3,18.9901,0.081027,0.502237,0.123127,16.955297,11.443513,74,5247.90,0.060875
5.77083,0,19.0148,0.092645,0.499941,0.135438,16.459141,11.086330,64,2650.92,0.027632
5.77083,1,19.0148,0.092704,0.499808,0.135554,16.688046,11.294177,70,3619.73,0.032837
5.77083,2,19.0148,0.081177,0.502273,0.123324,16.593683,11.244067,70,4309.71,0.055606
5.77083,3,19.0148,0.081286,0.502186,0.123439,16.865709,11.453175,74,5230.27,0.060971
5.77500,0,19.0396,0.092620,0.499921,0.135426,16.766962,11.099058,64,2646.04,0.027736
5.77500,1,19.0396,0.092777,0.499776,0.135519,16.810390,11.308090,70,3618.12,0.032857
5.77500,2,19.0396,0.081463,0.502225,0.123625,16.645275,11.262348,69,4247.24,0.055763
5.77500,3,19.0396,0.081500,0.502135,0.123659,17.076775,11.467473,74,5186.13,0.061039
5.77917,0,19.0638,0.092586,0.499913,0.135332,16.413446,11.104019,65,2680.85,0.027848
5.77917,1,19.0638,0.092728,0.499773,0.135506,16.929960,11.316300,71,3644.33,0.032892
5.77917,2,19.0638,0.081794,0.502169,0.124001,16.582638,11.281015,70,4281.12,0.055912
5.77917,3,19.0638,0.081780,0.502077,0.123943,16.877768,11.474228,74,5238.70,0.061121
5.78333,0,19.0883,0.092673,0.499903,0.135412,16.538204,11.120626,65,2700.29,0.027968
5.78333,1,19.0883,0.092741,0.499766,0.135442,16.813269,11.327157,71,3615.01,0.032924
5.78333,2,19.0883,0.082011,0.502121,0.124206,16.731249,11.292305,70,4304.82,0.056066
5.78333,3,19.0883,0.082080,0.502025,0.124271,16.917664,11.483405,74,5183.09,0.061185
5.78750,0,19.1127,0.092875,0.499921,0.135653,16.652376,11.138986,65,2735.99,0.028100
5.78750,1,19.1127,0.092719,0.499787,0.135471,16.841412,11.339539,71,3632.43,0.032966
5.78750,2,19.1127,0.082251,0.502074,0.124441,16.608467,11.297516,70,4325.64,0.056222
5.78750,3,19.1127,0.082327,0.501974,0.124523,17.064461,11.495746,73,5190.63,0.061249
5.79167,0,19.1372,0.092602,0.499921,0.135415,16.572540,11.157227,65,2723.67,0.028226
5.79167,1,19.1372,0.092732,0.499796,0.135524,16.934580,11.349269,71,3622.81,0.033009
5.79167,2,19.1372,0.082401,0.502014,0.124626,16.711891,11.312759,69,4262.44,0.056343
5.79167,3,19.1372,0.082451,0.501929,0.124681,16.942497,11.500013,73,5144.59,0.061288
5.79583,0,19.1610,0.092533,0.499908,0.135310,16.553020,11.171382,65,2733.60,0.028348
5.79583,1,19.1610,0.092849,0.499807,0.135626,17.219334,11.365901,71,3614.10,0.033049
5.79583,2,19.1610,0.082704,0.501965,0.124952,16.722078,11.327660,70,4287.41,0.056455
5.79583,3,19.1610,0.082863,0.501882,0.125113,17.070601,11.512681,73,5171.76,0.061330
5.80000,0,19.1851,0.092614,0.499916,0.135378,16.565510,11.181165,66,2778.28,0.028482
5.80000,1,19.1851,0.092518,0.499792,0.135310,16.819412,11.380136,70,3603.92,0.033088
5.80000,2,19.1851,0.082982,0.501932,0.125271,16.761721,11.343484,70,4299.32,0.056564
5.80000,3,19.1851,0.082962,0.501834,0.125226,16.965168,11.524928,73,5130.60,0.061356
5.80417,0,19.2090,0.092719,0.499917,0.135467,16.704836,11.192685,65,2781.47,0.028614
5.80417,1,19.2090,0.092825,0.499793,0.135513,17.176661,11.393020,70,3635.24,0.033143
5.80417,2,19.2090,0.083354,0.501885,0.125671,16.767555,11.355456,70,4312.83,0.056671
5.80417,3,19.2090,0.083291,0.501778,0.125575,17.130173,11.534790,73,5139.24,0.061383
5.80833,0,19.2331,0.092509,0.499930,0.135259,16.559370,11.209693,66,2786.95,0.028745
5.80833,1,19.2331,0.092531,0.499791,0.135283,16.839594,11.394197,70,3611.71,0.033194
5.80833,2,19.2331,0.083389,0.501827,0.125675,16.793804,11.364228,70,4325.31,0.056778
5.80833,3,19.2331,0.083437,0.501738,0.125744,17.051064,11.543247,74,5130.22,0.061408
5.81250,0,19.2572,0.092574,0.499924,0.135346,16.838234,11.234015,66,2811.54,0.028880
5.81250,1,19.2572,0.092915,0.499801,0.135646,17.512650,11.405392,71,3609.73,0.033245
5.81250,2,19.2572,0.083680,0.501761,0.125996,16.793766,11.374539,69,4270.92,0.056855
5.81250,3,19.2572,0.083751,0.501691,0.126044,17.026155,11.551012,73,5134.20,0.061431
5.81667,0,19.2809,0.092534,0.499920,0.135292,16.594557,11.239744,66,2797.80,0.029003
5.81667,1,19.2809,0.092492,0.499827,0.135284,16.914228,11.421841,71,3592.64,0.033288
5.81667,2,19.2809,0.083827,0.501710,0.126152,16.752453,11.392323,70,4315.86,0.056938
5.81667,3,19.2809,0.083903,0.501641,0.126223,17.188509,11.559223,74,5141.64,0.061459
5.82083,0,19.3049,0.092580,0.499940,0.135334,16.734217,11.251604,66,2818.46,0.029125
5.82083,1,19.3049,0.092645,0.499845,0.135409,17.037586,11.441825,70,3587.00,0.033327
5.82083,2,19.3049,0.084193,0.501686,0.126545,16.837563,11.407598,70,4341.39,0.057032
5.82083,3,19.3049,0.084199,0.501599,0.126542,17.037209,11.570403,73,5034.98,0.061446
5.82500,0,19.3286,0.092419,0.499961,0.135165,16.880102,11.272643,66,2845.27,0.029250
5.82500,1,19.3286,0.092392,0.499855,0.135135,16.933842,11.451614,70,3607.62,0.033377
5.82500,2,19.3286,0.084356,0.501659,0.126729,16.851772,11.424533,70,4320.40,0.057107
5.82500,3,19.3286,0.084409,0.501581,0.126766,17.265030,11.587421,73,5048.28,0.061424
5.82917,0,19.3521,0.092481,0.499955,0.135190,16.722084,11.286253,66,2852.51,0.029377
5.82917,1,19.3521,0.092526,0.499844,0.135249,16.978249,11.458125,70,3579.35,0.033420
5.82917,2,19.3521,0.084498,0.501609,0.126903,16.828857,11.434518,69,4331.81,0.057175
5.82917,3,19.3521,0.084504,0.501498,0.126853,17.080662,11.592596,73,5045.30,0.061401
5.83333,0,19.3758,0.092263,0.499951,0.135028,16.830303,11.304385,67,2909.94,0.029522
5.83333,1,19.3758,0.092430,0.499856,0.135189,17.140823,11.464293,70,3582.41,0.033466
5.83333,2,19.3758,0.084701,0.501541,0.127070,17.030664,11.440184,70,4334.30,0.057237
5.83333,3,19.3758,0.084919,0.501445,0.127293,17.228518,11.600818,73,5012.73,0.061365
5.83750,0,19.3993,0.092273,0.499980,0.134998,16.769827,11.312371,66,2881.18,0.029654
5.83750,1,19.3993,0.092436,0.499874,0.135115,17.017033,11.477660,71,3561.24,0.033505
5.83750,2,19.3993,0.084924,0.501495,0.127312,16.856871,11.449596,70,4357.86,0.057301
5.83750,3,19.3993,0.084941,0.501426,0.127323,17.234303,11.617469,73,5040.13,0.061341
5.84167,0,19.4231,0.092317,0.499975,0.135085,16.804514,11.326661,67,2940.19,0.029800
5.84167,1,19.4231,0.092399,0.499894,0.135188,17.088415,11.497306,70,3580.59,0.033555
5.84167,2,19.4231,0.085251,0.501456,0.127667,16.853271,11.466215,70,4382.67,0.057373
5.84167,3,19.4231,0.085134,0.501402,0.127542,17.105854,11.624877,73,4952.52,0.061289
5.84583,0,19.4466,0.092190,0.499973,0.134891,16.905855,11.346878,67,2928.61,0.029940
5.84583,1,19.4466,0.092298,0.499907,0.134986,17.181898,11.509914,70,3564.13,0.033602
5.84583,2,19.4466,0.085458,0.501418,0.127880,17.070910,11.485971,70,4342.14,0.057420
5.84583,3,19.4466,0.085560,0.501361,0.127957,17.351913,11.633872,73,5002.05,0.061248
5.85000,0,19.4702,0.092056,0.500024,0.134736,16.926891,11.361982,67,2943.95,0.030078
5.85000,1,19.4702,0.092096,0.499930,0.134880,17.154068,11.518652,70,3561.50,0.033649
5.85000,2,19.4702,0.085570,0.501391,0.128024,17.001492,11.500568,70,4363.53,0.057466
5.85000,3,19.4702,0.085527,0.501317,0.127992,17.132200,11.641283,73,4991.58,0.061211
5.85417,0,19.4938,0.092033,0.500054,0.134794,16.864491,11.378683,67,2944.72,0.030208
5.85417,1,19.4938,0.092020,0.499950,0.134696,17.108410,11.523855,70,3539.94,0.033687
5.85417,2,19.4938,0.085660,0.501323,0.128108,16.955622,11.511667,70,4344.87,0.057500
5.85417,3,19.4938,0.085687,0.501255,0.128122,17.343285,11.648630,73,4947.42,0.061156
5.85833,0,19.5171,0.091841,0.500056,0.134574,16.936287,11.388666,67,2937.29,0.030325
5.85833,1,19.5171,0.092075,0.499967,0.134800,17.268122,11.538550,70,3543.73,0.033723
5.85833,2,19.5171,0.085974,0.501268,0.128423,17.005749,11.518980,71,4395.95,0.057546
5.85833,3,19.5171,0.086026,0.501224,0.128477,17.393194,11.662976,73,4971.26,0.061113
5.86250,0,19.5409,0.091736,0.500074,0.134458,17.110037,11.403199,68,2982.96,0.030451
5.86250,1,19.5409,0.091953,0.499997,0.134636,17.223526,11.556251,69,3530.14,0.033756
5.86250,2,19.5409,0.086063,0.501247,0.128495,17.038872,11.530938,70,4407.71,0.057598
5.86250,3,19.5409,0.086094,0.501191,0.128522,17.198341,11.671926,73,4909.68,0.061052
5.86667,0,19.5644,0.091671,0.500087,0.134397,17.046873,11.422278,67,2979.80,0.030572
5.86667,1,19.5644,0.091794,0.500022,0.134531,17.234987,11.568882,70,3528.16,0.033788
5.86667,2,19.5644,0.086378,0.501238,0.128854,17.098963,11.550015,70,4385.18,0.057636
5.86667,3,19.5644,0.086441,0.501167,0.128906,17.453985,11.679500,73,4936.49,0.060998
5.87083,0,19.5879,0.091534,0.500088,0.134201,16.913568,11.433941,68,2996.62,0.030692
5.87083,1,19.5879,0.091757,0.500028,0.134469,17.401842,11.577740,69,3534.67,0.033826
5.87083,2,19.5879,0.086435,0.501193,0.128940,17.042511,11.565276,70,4338.63,0.057644
5.87083,3,19.5879,0.086465,0.501126,0.128966,17.245453,11.687370,73,4957.13,0.060955
5.87500,0,19.6113,0.091689,0.500135,0.134381,17.432056,11.457361,68,3027.14,0.030820
5.87500,1,19.6113,0.091500,0.500047,0.134183,17.166039,11.585149,69,3525.01,0.033865
5.87500,2,19.6113,0.086655,0.501136,0.129156,17.175819,11.575040,70,4384.10,0.057663
5.87500,3,19.6113,0.086662,0.501090,0.129172,17.389114,11.700740,74,4926.51,0.060907
5.87917,0,19.6348,0.091364,0.500191,0.134080,17.042641,11.467275,68,3019.26,0.030942
5.87917,1,19.6348,0.091440,0.500081,0.134124,17.190723,11.597413,69,3500.69,0.033894
5.87917,2,19.6348,0.086707,0.501108,0.129233,17.063591,11.589895,70,4409.45,0.057692
5.87917,3,19.6348,0.086748,0.501057,0.129208,17.314886,11.713105,73,4837.76,0.060823
5.88333,0,19.6580,0.091201,0.500196,0.133923,17.247669,11.484696,67,3000.76,0.031045
5.88333,1,19.6580,0.091381,0.500112,0.134075,17.341106,11.612246,69,3495.49,0.033916
5.88333,2,19.6580,0.086907,0.501068,0.129387,17.104422,11.602373,70,4392.93,0.057708
5.88333,3,19.6580,0.087068,0.501025,0.129542,17.315250,11.723927,73,4885.42,0.060751
5.88750,0,19.6814,0.091070,0.500192,0.133737,17.022076,11.496776,67,3035.57,0.031150
5.88750,1,19.6814,0.091207,0.500132,0.133892,17.481865,11.626649,69,3497.14,0.033940
5.88750,2,19.6814,0.087212,0.501031,0.129700,17.213242,11.614148,70,4429.41,0.057734
5.88750,3,19.6814,0.087064,0.501010,0.129581,17.342443,11.731867,73,4845.32,0.060672
5.89167,0,19.7047,0.091062,0.500239,0.133744,17.307100,11.516157,67,3064.04,0.031264
5.89167,1,19.7047,0.090973,0.500164,0.133645,17.237715,11.634823,69,3500.59,0.033969
5.89167,2,19.7047,0.087268,0.501013,0.129781,17.204138,11.630389,70,4402.24,0.057745
5.89167,3,19.7047,0.087247,0.500969,0.129752,17.474434,11.739983,73,4906.08,0.060619
5.89583,0,19.7283,0.091004,0.500281,0.133647,17.063833,11.531126,68,3077.82,0.031381
5.89583,1,19.7283,0.091019,0.500193,0.133683,17.560434,11.649653,69,3485.02,0.033997
5.89583,2,19.7283,0.087327,0.500993,0.129884,17.140200,11.645376,71,4443.12,0.057772
5.89583,3,19.7283,0.087419,0.500929,0.129969,17.310579,11.745557,73,4867.76,0.060565
5.90000,0,19.7519,0.090564,0.500294,0.133217,17.103096,11.546501,67,3057.70,0.031485
5.90000,1,19.7519,0.090759,0.500220,0.133419,17.349056,11.656940,69,3475.67,0.034019
5.90000,2,19.7519,0.087566,0.500946,0.130118,17.265417,11.658245,71,4423.03,0.057791
5.90000,3,19.7519,0.087543,0.500909,0.130066,17.372784,11.764465,73,4808.69,0.060487
5.90417,0,19.7750,0.090531,0.500328,0.133216,17.364168,11.559433,68,3091.01,0.031592
5.90417,1,19.7750,0.090634,0.500259,0.133278,17.283840,11.667084,69,3464.11,0.034038
5.90417,2,19.7750,0.087587,0.500921,0.130136,17.173723,11.669037,71,4449.37,0.057812
5.90417,3,19.7750,0.087678,0.500863,0.130231,17.544645,11.771825,73,4831.60,0.060416
5.90833,0,19.7985,0.090392,0.500363,0.133052,17.190592,11.578728,68,3102.93,0.031700
5.90833,1,19.7985,0.090644,0.500300,0.133309,17.648762,11.686845,69,3449.62,0.034052
5.90833,2,19.7985,0.087845,0.500881,0.130365,17.367178,11.684058,71,4465.30,0.057838
5.90833,3,19.7985,0.087908,0.500846,0.130382,17.449409,11.781647,73,4854.18,0.060362
5.91250,0,19.8221,0.090231,0.500383,0.132875,17.300623,11.589428,68,3119.91,0.031808
5.91250,1,19.8221,0.090207,0.500322,0.132837,17.346169,11.699538,69,3439.93,0.034062
5.91250,2,19.8221,0.087996,0.500867,0.130540,17.273537,11.692881,70,4453.92,0.057859
5.91250,3,19.8221,0.087915,0.500843,0.130471,17.357683,11.788006,73,4801.47,0.060295
5.91667,0,19.8454,0.090167,0.500396,0.132815,17.338430,11.603487,67,3130.74,0.031915
5.91667,1,19.8454,0.090192,0.500355,0.132817,17.363749,11.707602,69,3449.80,0.034079
5.91667,2,19.8454,0.088069,0.500830,0.130621,17.511194,11.713422,72,4509.48,0.057899
5.91667,3,19.8454,0.088120,0.500825,0.130682,17.687531,11.803571,73,4761.48,0.060214
5.92083,0,19.8688,0.089992,0.500464,0.132594,17.263348,11.630555,68,3158.46,0.032029
5.92083,1,19.8688,0.089999,0.500395,0.132635,17.438488,11.715083,69,3417.47,0.034088
5.92083,2,19.8688,0.088175,0.500799,0.130742,17.269506,11.724481,70,4457.87,0.057914
5.92083,3,19.8688,0.088050,0.500787,0.130644,17.415691,11.813354,72,4738.77,0.060118
5.92500,0,19.8918,0.089866,0.500493,0.132473,17.279434,11.645187,67,3133.17,0.032125
5.92500,1,19.8918,0.089932,0.500439,0.132558,17.463078,11.726810,69,3423.55,0.034097
5.92500,2,19.8918,0.088288,0.500790,0.130856,17.520466,11.740266,71,4461.86,0.057917
5.92500,3,19.8918,0.088224,0.500762,0.130777,17.438053,11.818712,72,4758.22,0.060029
5.92917,0,19.9149,0.089498,0.500520,0.132102,17.409700,11.659230,68,3160.77,0.032223
5.92917,1,19.9149,0.089596,0.500474,0.132181,17.409525,11.746358,68,3406.03,0.034102
5.92917,2,19.9149,0.088330,0.500779,0.130903,17.316710,11.752086,71,4475.79,0.057918
5.92917,3,19.9149,0.088501,0.500730,0.131029,17.611071,11.831904,71,4702.76,0.059924
5.93333,0,19.9379,0.089316,0.500570,0.131931,17.288284,11.668036,68,3170.97,0.032319
5.93333,1,19.9379,0.089465,0.500512,0.132069,17.679005,11.759605,68,3394.95,0.034102
5.93333,2,19.9379,0.088657,0.500746,0.131192,17.483501,11.766714,71,4497.79,0.057923
5.93333,3,19.9379,0.088540,0.500724,0.131088,17.505049,11.837598,72,4706.67,0.059820
5.93750,0,19.9610,0.089339,0.500609,0.131936,17.552433,11.680019,68,3178.17,0.032412
5.93750,1,19.9610,0.089208,0.500550,0.131795,17.435232,11.769083,68,3373.39,0.034094
5.93750,2,19.9610,0.088451,0.500721,0.131025,17.370193,11.775246,71,4507.67,0.057930
5.93750,3,19.9610,0.088456,0.500696,0.131032,17.465441,11.847749,73,4755.85,0.059745
5.94167,0,19.9844,0.088935,0.500644,0.131508,17.423662,11.705042,67,3169.74,0.032492
5.94167,1,19.9844,0.089146,0.500601,0.131730,17.854721,11.780603,68,3365.53,0.034082
5.94167,2,19.9844,0.088695,0.500692,0.131275,17.448177,11.791648,71,4515.73,0.057942
5.94167,3,19.9844,0.088742,0.500685,0.131331,17.732027,11.857714,72,4764.37,0.059689
5.94583,0,20.0080,0.088922,0.500687,0.131468,17.599268,11.727588,68,3199.55,0.032575
5.94583,1,20.0080,0.089013,0.500642,0.131594,17.594509,11.790690,68,3353.21,0.034066
5.94583,2,20.0080,0.088746,0.500670,0.131338,17.453629,11.803321,71,4569.17,0.057980
5.94583,3,20.0080,0.088673,0.500675,0.131255,17.725567,11.873330,71,4674.47,0.059609
5.95000,0,20.0313,0.088535,0.500740,0.131096,17.387379,11.737323,68,3192.51,0.032649
5.95000,1,20.0313,0.088600,0.500679,0.131134,17.500904,11.800501,68,3350.62,0.034050
5.95000,2,20.0313,0.088934,0.500662,0.131523,17.520435,11.818999,71,4554.82,0.058012
5.95000,3,20.0313,0.088883,0.500656,0.131459,17.648359,11.878602,72,4699.57,0.059535
5.95417,0,20.0546,0.088638,0.500776,0.131193,17.734806,11.753409,68,3214.42,0.032726
5.95417,1,20.0546,0.088491,0.500727,0.131069,17.724821,11.818759,68,3366.61,0.034045
5.95417,2,20.0546,0.088857,0.500654,0.131447,17.543785,11.841248,71,4561.04,0.058041
5.95417,3,20.0546,0.088917,0.500645,0.131496,17.615255,11.893254,71,4591.35,0.059422
5.95833,0,20.0774,0.088173,0.500799,0.130724,17.459936,11.765179,68,3251.38,0.032816
5.95833,1,20.0774,0.088322,0.500772,0.130848,17.681288,11.833501,68,3352.83,0.034044
5.95833,2,20.0774,0.088956,0.500649,0.131508,17.510323,11.854111,72,4548.15,0.058052
5.95833,3,20.0774,0.089106,0.500633,0.131672,17.626589,11.897055,72,4743.22,0.059364
5.96250,0,20.1010,0.088008,0.500862,0.130524,17.801287,11.784538,69,3271.99,0.032916
5.96250,1,20.1010,0.088015,0.500819,0.130581,17.563728,11.837020,68,3342.16,0.034044
5.96250,2,20.1010,0.089003,0.500617,0.131608,17.668152,11.862543,72,4574.84,0.058075
5.96250,3,20.1010,0.088946,0.500596,0.131565,17.747686,11.909144,72,4669.45,0.059300
5.96667,0,20.1243,0.087724,0.500903,0.130218,17.571283,11.799688,68,3252.38,0.033005
5.96667,1,20.1243,0.087913,0.500871,0.130404,17.811033,11.852336,68,3313.46,0.034034
5.96667,2,20.1243,0.089246,0.500602,0.131823,17.620186,11.874166,71,4559.22,0.058090
5.96667,3,20.1243,0.089189,0.500566,0.131769,17.596432,11.918354,72,4684.73,0.059243
5.97083,0,20.1475,0.087564,0.500970,0.130037,17.529715,11.818718,69,3276.84,0.033093
5.97083,1,20.1475,0.087594,0.500919,0.130094,17.737486,11.864779,68,3303.91,0.034019
5.97083,2,20.1475,0.089116,0.500598,0.131733,17.682838,11.891532,72,4608.31,0.058122
5.97083,3,20.1475,0.088972,0.500582,0.131540,17.646717,11.926134,72,4668.88,0.059188
5.97500,0,20.1710,0.087350,0.501009,0.129880,17.775389,11.842581,69,3276.29,0.033174
5.97500,1,20.1710,0.087426,0.500971,0.129912,17.674053,11.879065,68,3271.94,0.033991
5.97500,2,20.1710,0.089218,0.500576,0.131784,17.650824,11.912484,72,4601.69,0.058154
5.97500,3,20.1710,0.089266,0.500618,0.131817,17.831507,11.945391,72,4650.64,0.059130
5.97917,0,20.1942,0.087012,0.501066,0.129462,17.647270,11.852526,68,3267.01,0.033240
5.97917,1,20.1942,0.087154,0.501030,0.129634,17.798946,11.893062,69,3298.38,0.033972
5.97917,2,20.1942,0.089228,0.500578,0.131833,17.688814,11.926818,72,4606.48,0.058184
5.97917,3,20.1942,0.089171,0.500590,0.131768,17.604950,11.958444,71,4603.50,0.059054
5.98333,0,20.2172,0.086840,0.501112,0.129309,17.657404,11.867476,68,3268.87,0.033299
5.98333,1,20.2172,0.086903,0.501084,0.129380,17.665115,11.903305,68,3264.27,0.033942
5.98333,2,20.2172,0.089319,0.500575,0.131894,17.700390,11.935958,72,4608.07,0.058206
5.98333,3,20.2172,0.089293,0.500569,0.131894,17.882402,11.965353,72,4607.07,0.058978
5.98750,0,20.2403,0.086706,0.501147,0.129121,17.757019,11.882218,70,3334.32,0.033378
5.98750,1,20.2403,0.086628,0.501134,0.129058,17.684582,11.914185,68,3266.73,0.033918
5.98750,2,20.2403,0.089379,0.500565,0.131999,17.757208,11.941025,72,4651.21,0.058241
5.98750,3,20.2403,0.089284,0.500544,0.131909,17.655243,11.970731,71,4617.04,0.058912
5.99167,0,20.2636,0.086255,0.501191,0.128696,17.775726,11.894723,70,3324.80,0.033455
5.99167,1,20.2636,0.086276,0.501185,0.128699,17.919733,11.928462,68,3238.14,0.033887
5.99167,2,20.2636,0.089296,0.500542,0.131856,17.747915,11.955815,72,4659.43,0.058281
5.99167,3,20.2636,0.089327,0.500562,0.131878,17.891985,11.986420,71,4547.58,0.058826
5.99583,0,20.2866,0.085949,0.501251,0.128353,17.882412,11.912146,68,3353.68,0.033538
5.99583,1,20.2866,0.086084,0.501240,0.128491,17.711035,11.939923,68,3240.87,0.033861
5.99583,2,20.2866,0.089351,0.500546,0.131947,17.806683,11.975928,72,4660.98,0.058316
5.99583,3,20.2866,0.089243,0.500576,0.131797,17.767693,11.997871,71,4556.80,0.058742
6.00000,0,20.3096,0.085760,0.501312,0.128134,17.741083,11.939343,69,3343.95,0.033613
6.00000,1,20.3096,0.085867,0.501291,0.128275,17.946150,11.953436,68,3221.80,0.033831
6.00000,2,20.3096,0.089360,0.500546,0.131937,17.822922,11.999534,72,4663.17,0.058345
6.00000,3,20.3096,0.089411,0.500594,0.132015,17.927486,12.005258,71,4559.14,0.058665
6.00417,0,20.3327,0.085852,0.501381,0.128224,17.911396,11.955159,69,3351.90,0.033682
6.00417,1,20.3327,0.085642,0.501350,0.128018,17.787281,11.964489,68,3212.56,0.033798
6.00417,2,20.3327,0.089484,0.500530,0.132098,17.779699,12.004777,72,4702.21,0.058386
6.00417,3,20.3327,0.089340,0.500571,0.131971,17.695480,12.016113,71,4566.67,0.058600
6.00833,0,20.3559,0.085182,0.501430,0.127555,17.937908,11.969404,69,3362.78,0.033749
6.00833,1,20.3559,0.085202,0.501420,0.127570,17.822004,11.974743,67,3193.72,0.033761
6.00833,2,20.3559,0.089440,0.500530,0.132020,17.926823,12.018600,73,4698.53,0.058427
6.00833,3,20.3559,0.089368,0.500537,0.131981,17.967848,12.019167,71,4602.29,0.058561
6.01250,0,20.3793,0.085031,0.501476,0.127395,17.982372,11.983100,69,3376.40,0.033815
6.01250,1,20.3793,0.085046,0.501476,0.127381,18.272434,11.993292,67,3197.75,0.033727
6.01250,2,20.3793,0.089224,0.500547,0.131801,17.793919,12.033145,73,4748.70,0.058490
6.01250,3,20.3793,0.089442,0.500543,0.131991,17.853743,12.039528,70,4527.03,0.058505
6.01667,0,20.4026,0.084570,0.501553,0.126868,17.828625,11.995309,68,3352.75,0.033865
6.01667,1,20.4026,0.084671,0.501530,0.127019,17.836363,12.001414,67,3178.28,0.033688
6.01667,2,20.4026,0.089355,0.500540,0.131935,17.917536,12.052197,71,4710.43,0.058536
6.01667,3,20.4026,0.089309,0.500553,0.131850,17.890062,12.053787,71,4528.18,0.058446
6.02083,0,20.4256,0.084482,0.501610,0.126752,18.216030,12.020749,69,3411.68,0.033931
6.02083,1,20.4256,0.084491,0.501582,0.126795,17.946556,12.015704,67,3170.22,0.033651
6.02083,2,20.4256,0.089445,0.500535,0.132022,17.970881,12.063506,72,4712.05,0.058572
6.02083,3,20.4256,0.089428,0.500585,0.131983,17.932558,12.053924,71,4498.73,0.058376
6.02500,0,20.4484,0.083970,0.501651,0.126281,17.893078,12.040227,70,3405.93,0.033995
6.02500,1,20.4484,0.084157,0.501648,0.126441,17.864080,12.029583,67,3174.01,0.033620
6.02500,2,20.4484,0.089313,0.500542,0.131902,17.948818,12.077777,73,4768.92,0.058623
6.02500,3,20.4484,0.089336,0.500596,0.131946,17.896255,12.066054,71,4505.49,0.058313
6.02917,0,20.4715,0.084021,0.501723,0.126274,18.016825,12.049598,69,3401.66,0.034052
6.02917,1,20.4715,0.083905,0.501719,0.126166,18.053133,12.040941,66,3155.10,0.033585
6.02917,2,20.4715,0.089275,0.500539,0.131835,17.868464,12.090626,72,4772.22,0.058677
6.02917,3,20.4715,0.089200,0.500592,0.131825,17.904322,12.079188,70,4508.52,0.058260
6.03333,0,20.4947,0.083626,0.501781,0.125882,18.175325,12.068722,69,3438.93,0.034118
6.03333,1,20.4947,0.083586,0.501773,0.125819,17.925690,12.050566,67,3125.76,0.033542
6.03333,2,20.4947,0.089302,0.500551,0.131870,18.106543,12.108125,73,4763.43,0.058725
6.03333,3,20.4947,0.089218,0.500587,0.131760,17.965191,12.090546,70,4496.49,0.058208
6.03750,0,20.5177,0.083214,0.501842,0.125401,18.081335,12.085827,69,3437.87,0.034180
6.03750,1,20.5177,0.083250,0.501835,0.125484,18.054281,12.063937,67,3127.10,0.033501
6.03750,2,20.5177,0.089177,0.500566,0.131748,17.933815,12.126729,72,4765.37,0.058767
6.03750,3,20.5177,0.089298,0.500583,0.131882,18.002848,12.101048,70,4464.21,0.058147
6.04167,0,20.5405,0.082757,0.501886,0.124963,18.090740,12.107868,70,3452.14,0.034242
6.04167,1,20.5405,0.082928,0.501900,0.125164,18.097435,12.084184,67,3146.40,0.033474
6.04167,2,20.5405,0.089250,0.500570,0.131815,18.211662,12.140673,73,4808.92,0.058821
6.04167,3,20.5405,0.089175,0.500611,0.131711,17.885050,12.106181,71,4460.63,0.058087
6.04583,0,20.5635,0.082422,0.501947,0.124596,18.101145,12.113296,68,3456.69,0.034304
6.04583,1,20.5635,0.082730,0.501975,0.124889,17.984032,12.090948,66,3082.02,0.033427
6.04583,2,20.5635,0.089144,0.500574,0.131716,17.947941,12.150234,72,4802.84,0.058871
6.04583,3,20.5635,0.089199,0.500617,0.131749,18.057180,12.123809,70,4449.70,0.058027
6.05000,0,20.5864,0.082451,0.502022,0.124606,18.405180,12.136628,70,3497.07,0.034375
6.05000,1,20.5864,0.082395,0.502036,0.124521,18.154768,12.101489,66,3080.79,0.033379
6.05000,2,20.5864,0.089076,0.500593,0.131622,18.131971,12.167703,73,4841.72,0.058932
6.05000,3,20.5864,0.088995,0.500626,0.131557,18.039597,12.130770,70,4459.32,0.057979
6.05417,0,20.6095,0.081975,0.502116,0.124045,18.087282,12.154207,69,3498.78,0.034443
6.05417,1,20.6095,0.081830,0.502085,0.123958,17.997286,12.113620,67,3085.70,0.033338
6.05417,2,20.6095,0.088937,0.500594,0.131477,18.054205,12.179898,73,4836.25,0.058991
6.05417,3,20.6095,0.088958,0.500650,0.131498,18.078444,12.143811,70,4450.95,0.057936
6.05833,0,20.6325,0.081679,0.502156,0.123825,18.144129,12.173716,70,3523.83,0.034518
6.05833,1,20.6325,0.081823,0.502159,0.123956,18.171099,12.132496,66,3061.27,0.033295
6.05833,2,20.6325,0.089097,0.500597,0.131638,18.276993,12.197240,72,4892.18,0.059070
6.05833,3,20.6325,0.088867,0.500682,0.131428,17.920757,12.151427,70,4418.21,0.057889
6.06250,0,20.6555,0.081141,0.502226,0.123194,18.201509,12.190768,69,3500.14,0.034578
6.06250,1,20.6555,0.081417,0.502247,0.123482,18.134148,12.146264,66,3063.68,0.033254
6.06250,2,20.6555,0.088780,0.500633,0.131358,18.089067,12.212885,73,4860.20,0.059136
6.06250,3,20.6555,0.088979,0.500695,0.131522,18.191395,12.161244,70,4425.54,0.057845
6.06667,0,20.6784,0.081022,0.502284,0.123038,18.237345,12.208642,69,3504.79,0.034630
6.06667,1,20.6784,0.080992,0.502313,0.123025,18.064011,12.153576,66,3047.75,0.033210
6.06667,2,20.6784,0.088856,0.500651,0.131389,18.289942,12.229189,73,4863.61,0.059194
6.06667,3,20.6784,0.088744,0.500697,0.131308,18.030544,12.171859,70,4422.81,0.057806
6.07083,0,20.7012,0.080537,0.502349,0.122536,18.204231,12.223581,70,3562.44,0.034700
6.07083,1,20.7012,0.080670,0.502389,0.122707,18.399645,12.168053,66,3030.15,0.033166
6.07083,2,20.7012,0.088677,0.500646,0.131209,18.100431,12.239826,73,4855.81,0.059241
6.07083,3,20.7012,0.088738,0.500716,0.131286,18.145960,12.182945,70,4377.10,0.057749
6.07500,0,20.7238,0.080444,0.502443,0.122404,18.457981,12.238645,70,3572.67,0.034775
6.07500,1,20.7238,0.080361,0.502453,0.122347,18.242050,12.185700,65,3008.06,0.033117
6.07500,2,20.7238,0.088681,0.500670,0.131175,18.345543,12.258315,73,4920.08,0.059306
6.07500,3,20.7238,0.088623,0.500737,0.131147,18.060431,12.194227,69,4385.75,0.057699
6.07917,0,20.7467,0.080021,0.502501,0.122005,18.270964,12.256130,70,3570.49,0.034844
6.07917,1,20.7467,0.080009,0.502518,0.121969,18.278202,12.197379,66,3002.64,0.033068
6.07917,2,20.7467,0.088439,0.500691,0.130978,18.182217,12.271790,73,4868.03,0.059350
6.07917,3,20.7467,0.088547,0.500767,0.131045,18.138247,12.206056,69,4356.67,0.057640
6.08333,0,20.7691,0.079374,0.502565,0.121329,18.298967,12.272796,70,3557.13,0.034898
6.08333,1,20.7691,0.079569,0.502587,0.121491,18.152327,12.203652,66,3001.80,0.033023
6.08333,2,20.7691,0.088556,0.500705,0.131058,18.444244,12.293243,74,4976.06,0.059428
6.08333,3,20.7691,0.088393,0.500783,0.130943,18.174805,12.224161,69,4341.87,0.057581
6.08750,0,20.7920,0.079358,0.502641,0.121243,18.453619,12.293817,70,3605.44,0.034965
6.08750,1,20.7920,0.079388,0.502669,0.121304,18.501577,12.220469,65,2978.70,0.032974
6.08750,2,20.7920,0.088250,0.500739,0.130795,18.188219,12.304132,73,4956.73,0.059504
6.08750,3,20.7920,0.088210,0.500818,0.130736,18.123911,12.234421,69,4310.49,0.057515
6.09167,0,20.8145,0.079031,0.502694,0.120835,18.736378,12.311631,70,3603.51,0.035029
6.09167,1,20.8145,0.078768,0.502747,0.120594,18.197807,12.232072,65,2971.45,0.032927
6.09167,2,20.8145,0.088303,0.500777,0.130783,18.491230,12.321836,73,4971.08,0.059577
6.09167,3,20.8145,0.088327,0.500840,0.130832,18.217014,12.238383,70,4360.93,0.057475
6.09583,0,20.8374,0.078411,0.502774,0.120248,18.345406,12.319728,70,3630.83,0.035099
6.09583,1,20.8374,0.078655,0.502809,0.120489,18.297264,12.248248,65,2967.04,0.032884
6.09583,2,20.8374,0.088043,0.500780,0.130555,18.305677,12.335776,72,4946.23,0.059637
6.09583,3,20.8374,0.088147,0.500841,0.130624,18.197550,12.245816,69,4368.31,0.057448
6.10000,0,20.8601,0.078167,0.502858,0.119932,18.446827,12.342199,70,3639.72,0.035170
6.10000,1,20.8601,0.078129,0.502884,0.119942,18.369228,12.258574,65,2944.72,0.032838
6.10000,2,20.8601,0.088037,0.500791,0.130491,18.490007,12.350861,73,4979.78,0.059705
6.10000,3,20.8601,0.087918,0.500877,0.130399,18.203627,12.261358,69,4301.98,0.057403
6.10417,0,20.8826,0.077841,0.502910,0.119621,18.670757,12.366092,71,3642.03,0.035237
6.10417,1,20.8826,0.077912,0.502961,0.119710,18.336586,12.265589,65,2954.04,0.032800
6.10417,2,20.8826,0.087705,0.500829,0.130207,18.308872,12.361106,74,5031.78,0.059791
6.10417,3,20.8826,0.087761,0.500907,0.130252,18.196486,12.278278,69,4285.67,0.057352
6.10833,0,20.9053,0.077262,0.502971,0.118964,18.550177,12.369159,71,3662.30,0.035306
6.10833,1,20.9053,0.077444,0.503043,0.119141,18.305513,12.282660,65,2941.36,0.032764
6.10833,2,20.9053,0.087872,0.500874,0.130302,18.503323,12.378317,73,5006.13,0.059864
6.10833,3,20.9053,0.087764,0.500944,0.130251,18.289717,12.287740,69,4314.88,0.057315
6.11250,0,20.9279,0.077218,0.503065,0.118900,18.884874,12.391260,71,3695.36,0.035386
6.11250,1,20.9279,0.077070,0.503113,0.118716,18.295958,12.300151,64,2914.03,0.032723
6.11250,2,20.9279,0.087567,0.500880,0.130062,18.469967,12.398577,73,5001.00,0.059927
6.11250,3,20.9279,0.087561,0.500983,0.130048,18.205172,12.301099,69,4259.67,0.057262
6.11667,0,20.9502,0.076592,0.503140,0.118226,18.489716,12.414682,72,3703.08,0.035466
6.11667,1,20.9502,0.076636,0.503189,0.118287,18.344242,12.311693,64,2931.97,0.032694
6.11667,2,20.9502,0.087510,0.500907,0.129953,18.656946,12.414053,73,5044.85,0.059998
6.11667,3,20.9502,0.087364,0.501019,0.129827,18.524582,12.312611,69,4253.33,0.057207
6.12083,0,20.9726,0.076271,0.503231,0.117820,18.817181,12.435155,71,3715.99,0.035548
6.12083,1,20.9726,0.076389,0.503263,0.117999,18.389965,12.321305,64,2914.06,0.032666
6.12083,2,20.9726,0.087177,0.500942,0.129635,18.415735,12.426237,73,5029.25,0.060059
6.12083,3,20.9726,0.087274,0.501031,0.129735,18.200918,12.310184,69,4279.81,0.057166
6.12500,0,20.9950,0.075880,0.503290,0.117466,18.528072,12.453337,70,3709.37,0.035622
6.12500,1,20.9950,0.075972,0.503344,0.117561,18.684805,12.334133,63,2896.25,0.032633
6.12500,2,20.9950,0.087101,0.500987,0.129513,18.604883,12.442908,73,5099.46,0.060145
6.12500,3,20.9950,0.087132,0.501049,0.129555,18.571321,12.319916,69,4272.33,0.057137
6.12917,0,21.0177,0.075271,0.503355,0.116828,18.585499,12.462378,71,3740.53,0.035701
6.12917,1,21.0177,0.075522,0.503428,0.117023,18.404924,12.347047,63,2857.88,0.032588
6.12917,2,21.0177,0.087044,0.501028,0.129456,18.528938,12.455811,73,5058.47,0.060218
6.12917,3,21.0177,0.087018,0.501100,0.129463,18.424683,12.344461,69,4261.55,0.057109
6.13333,0,21.0401,0.075238,0.503445,0.116680,19.160110,12.477222,71,3751.71,0.035778
6.13333,1,21.0401,0.075150,0.503500,0.116650,18.654396,12.365892,64,2876.41,0.032551
6.13333,2,21.0401,0.086751,0.501052,0.129167,18.669050,12.474460,74,5108.54,0.060303
6.13333,3,21.0401,0.086654,0.501153,0.129070,18.256132,12.360022,69,4255.46,0.057084
6.13750,0,21.0627,0.074781,0.503522,0.116161,18.637476,12.494786,71,3740.93,0.035845
6.13750,1,21.0627,0.074772,0.503578,0.116173,18.442427,12.376193,63,2857.78,0.032512
6.13750,2,21.0627,0.086585,0.501084,0.129031,18.493248,12.488166,74,5105.81,0.060387
6.13750,3,21.0627,0.086672,0.501180,0.129108,18.280840,12.366626,69,4210.08,0.057046
6.14167,0,21.0849,0.074196,0.503593,0.115563,18.873087,12.515026,72,3774.05,0.035918
6.14167,1,21.0849,0.074330,0.503660,0.115734,18.436695,12.387026,63,2859.96,0.032479
6.14167,2,21.0849,0.086456,0.501105,0.128806,18.610512,12.509881,73,5064.15,0.060443
6.14167,3,21.0849,0.086384,0.501232,0.128766,18.526367,12.372783,68,4191.23,0.056994
6.14583,0,21.1068,0.073889,0.503670,0.115225,18.703741,12.536866,72,3794.62,0.035997
6.14583,1,21.1068,0.073952,0.503741,0.115295,18.660069,12.397903,63,2827.02,0.032440
6.14583,2,21.1068,0.086238,0.501146,0.128642,18.621599,12.524944,74,5180.84,0.060535
6.14583,3,21.1068,0.086200,0.501264,0.128599,18.443991,12.384181,69,4210.32,0.056957
6.15000,0,21.1294,0.073510,0.503756,0.114858,18.847246,12.554804,71,3785.11,0.036067
6.15000,1,21.1294,0.073485,0.503821,0.114786,18.594107,12.413223,63,2816.27,0.032397
6.15000,2,21.1294,0.086069,0.501199,0.128393,18.701077,12.530067,74,5147.30,0.060620
6.15000,3,21.1294,0.085998,0.501295,0.128383,18.435448,12.397016,69,4166.71,0.056910
6.15417,0,21.1515,0.073193,0.503825,0.114399,19.056141,12.567311,72,3827.99,0.036147
6.15417,1,21.1515,0.073245,0.503915,0.114493,18.784443,12.432303,63,2805.32,0.032354
6.15417,2,21.1515,0.085892,0.501236,0.128267,18.718330,12.546944,74,5152.79,0.060697
6.15417,3,21.1515,0.085881,0.501334,0.128241,18.417368,12.412765,68,4182.18,0.056871
6.15833,0,21.1736,0.072723,0.503903,0.113885,18.842051,12.578231,72,3833.57,0.036227
6.15833,1,21.1736,0.072737,0.503993,0.113925,18.532885,12.441058,63,2819.69,0.032324
6.15833,2,21.1736,0.085577,0.501275,0.127890,18.778889,12.567840,74,5200.03,0.060788
6.15833,3,21.1736,0.085651,0.501376,0.128023,18.472876,12.420559,68,4173.69,0.056839
6.16250,0,21.1959,0.072246,0.503977,0.113350,18.976654,12.599799,73,3856.01,0.036312
6.16250,1,21.1959,0.072277,0.504063,0.113424,18.657053,12.450833,63,2809.30,0.032299
6.16250,2,21.1959,0.085549,0.501312,0.127896,18.780415,12.584989,73,5182.13,0.060870
6.16250,3,21.1959,0.085541,0.501427,0.127847,18.669409,12.436483,69,4197.55,0.056822
6.16667,0,21.2182,0.071837,0.504051,0.112918,18.920828,12.617203,72,3855.09,0.036394
6.16667,1,21.2182,0.072007,0.504143,0.113092,18.682178,12.467824,62,2800.99,0.032276
6.16667,2,21.2182,0.085227,0.501339,0.127566,18.820332,12.596976,74,5177.64,0.060946
6.16667,3,21.2182,0.085124,0.501488,0.127473,18.461126,12.441081,68,4144.03,0.056790
6.17083,0,21.2401,0.071469,0.504138,0.112517,18.971569,12.640593,72,3885.43,0.036483
6.17083,1,21.2401,0.071376,0.504211,0.112403,18.612213,12.476042,63,2770.39,0.032246
6.17083,2,21.2401,0.085095,0.501389,0.127369,18.821138,12.610723,74,5224.00,0.061031
6.17083,3,21.2401,0.085016,0.501526,0.127312,18.441298,12.453704,69,4142.32,0.056758
6.17500,0,21.2622,0.071045,0.504223,0.112046,18.893141,12.660932,73,3890.37,0.036569
6.17500,1,21.2622,0.071169,0.504304,0.112170,18.843439,12.492381,62,2777.97,0.032221
6.17500,2,21.2622,0.084811,0.501441,0.127045,18.874439,12.623864,74,5228.22,0.061116
6.17500,3,21.2622,0.084781,0.501538,0.127078,18.770550,12.471799,69,4145.57,0.056732
6.17917,0,21.2843,0.070699,0.504286,0.111592,19.146236,12.667015,73,3890.16,0.036649
6.17917,1,21.2843,0.070598,0.504396,0.111520,18.661858,12.504935,62,2747.89,0.032188
6.17917,2,21.2843,0.084544,0.501508,0.126794,18.840929,12.644774,74,5226.40,0.061196
6.17917,3,21.2843,0.084653,0.501590,0.126912,18.563276,12.475300,68,4137.98,0.056709
6.18333,0,21.3063,0.070163,0.504375,0.110990,19.023211,12.683008,73,3939.85,0.036742
6.18333,1,21.3063,0.070195,0.504487,0.111085,19.014708,12.520828,62,2743.38,0.032157
6.18333,2,21.3063,0.084363,0.501534,0.126654,18.927843,12.662650,75,5236.14,0.061273
6.18333,3,21.3063,0.084292,0.501679,0.126569,18.681116,12.491925,67,4064.69,0.056657
6.18750,0,21.3279,0.069745,0.504479,0.110528,19.067400,12.707445,73,3930.73,0.036828
6.18750,1,21.3279,0.069802,0.504572,0.110562,18.692442,12.531996,62,2742.45,0.032131
6.18750,2,21.3279,0.084172,0.501584,0.126430,18.986729,12.676841,75,5257.72,0.061349
6.18750,3,21.3279,0.084314,0.501734,0.126534,18.669476,12.502603,69,4091.53,0.056613
6.19167,0,21.3497,0.069468,0.504552,0.110240,19.334627,12.728370,72,3932.34,0.036908
6.19167,1,21.3497,0.069420,0.504645,0.110200,18.876650,12.544489,62,2721.87,0.032101
6.19167,2,21.3497,0.083816,0.501630,0.126013,18.974081,12.693158,74,5274.81,0.061427
6.19167,3,21.3497,0.083741,0.501774,0.125986,18.622778,12.513750,68,4116.64,0.056588
6.19583,0,21.3717,0.068877,0.504607,0.109571,19.050678,12.734017,73,3934.35,0.036980
6.19583,1,21.3717,0.068916,0.504714,0.109600,18.755966,12.555081,62,2713.67,0.032069
6.19583,2,21.3717,0.083768,0.501678,0.125929,19.048023,12.710678,74,5277.81,0.061505
6.19583,3,21.3717,0.083571,0.501811,0.125815,18.778736,12.525478,67,4053.00,0.056546
6.20000,0,21.3933,0.068501,0.504693,0.109055,19.317221,12.749144,73,3975.26,0.037062
6.20000,1,21.3933,0.068608,0.504793,0.109217,18.890797,12.565905,62,2712.38,0.032041
6.20000,2,21.3933,0.083332,0.501743,0.125505,18.998095,12.726993,74,5294.00,0.061582
6.20000,3,21.3933,0.083362,0.501872,0.125567,18.689432,12.537895,68,4092.38,0.056521
6.20417,0,21.4151,0.068197,0.504783,0.108719,19.299931,12.771955,74,4024.10,0.037164
6.20417,1,21.4151,0.068099,0.504898,0.108655,18.760981,12.580650,61,2708.92,0.032023
6.20417,2,21.4151,0.083098,0.501786,0.125258,19.003309,12.740877,75,5337.66,0.061674
6.20417,3,21.4151,0.083195,0.501916,0.125341,18.588427,12.541472,67,4043.11,0.056486
6.20833,0,21.4369,0.067498,0.504873,0.107999,19.114960,12.788547,74,4015.93,0.037264
6.20833,1,21.4369,0.067594,0.504992,0.108067,18.815443,12.599564,61,2690.49,0.032004
6.20833,2,21.4369,0.082928,0.501840,0.125089,19.074753,12.748854,74,5328.85,0.061762
6.20833,3,21.4369,0.083043,0.501984,0.125186,18.966669,12.560273,68,4040.30,0.056451
6.21250,0,21.4585,0.067116,0.504948,0.107553,19.398304,12.815931,74,4041.30,0.037368
6.21250,1,21.4585,0.067357,0.505069,0.107805,19.028276,12.617849,61,2677.44,0.031984
6.21250,2,21.4585,0.082622,0.501866,0.124744,19.021496,12.763511,75,5356.46,0.061853
6.21250,3,21.4585,0.082378,0.502038,0.124501,18.769440,12.576877,68,4032.36,0.056418
6.21667,0,21.4802,0.066680,0.505008,0.107091,19.206514,12.823706,73,4021.79,0.037457
6.21667,1,21.4802,0.066696,0.505140,0.107057,18.838984,12.624701,61,2665.57,0.031961
6.21667,2,21.4802,0.082313,0.501931,0.124377,19.181988,12.784881,74,5345.31,0.061935
6.21667,3,21.4802,0.082377,0.502104,0.124525,18.791655,12.580437,68,3981.51,0.056367
6.22083,0,21.5015,0.066215,0.505099,0.106434,19.228033,12.835052,73,4052.02,0.037549
6.22083,1,21.5015,0.066339,0.505217,0.106627,19.061295,12.633001,61,2681.74,0.031949
6.22083,2,21.5015,0.082073,0.502007,0.124135,19.055704,12.810210,74,5306.74,0.061987
6.22083,3,21.5015,0.082054,0.502162,0.124147,18.949865,12.597142,67,4016.14,0.056325
6.22500,0,21.5227,0.065918,0.505185,0.106040,19.454609,12.856474,73,4050.72,0.037636
6.22500,1,21.5227,0.065812,0.505300,0.106012,18.887917,12.644824,60,2646.35,0.031928
6.22500,2,21.5227,0.081823,0.502073,0.123896,19.174671,12.827160,74,5342.97,0.062043
6.22500,3,21.5227,0.081802,0.502222,0.123877,18.697767,12.607491,68,3990.28,0.056279
6.22917,0,21.5440,0.065479,0.505272,0.105600,19.334372,12.874115,73,4089.90,0.037732
6.22917,1,21.5440,0.065484,0.505394,0.105604,19.100155,12.668674,60,2649.68,0.031911
6.22917,2,21.5440,0.081589,0.502120,0.123624,19.199022,12.836413,75,5406.42,0.062122
6.22917,3,21.5440,0.081549,0.502273,0.123591,18.874922,12.622207,67,3964.70,0.056230
6.23333,0,21.5654,0.064879,0.505350,0.105005,19.478678,12.892676,74,4091.53,0.037826
6.23333,1,21.5654,0.064839,0.505481,0.104914,18.930847,12.678149,60,2643.32,0.031898
6.23333,2,21.5654,0.081115,0.502166,0.123126,19.199282,12.845635,75,5396.13,0.062198
6.23333,3,21.5654,0.081217,0.502322,0.123239,18.848749,12.632948,68,3979.39,0.056191
6.23750,0,21.5868,0.064503,0.505429,0.104530,19.368187,12.905582,74,4114.92,0.037925
6.23750,1,21.5868,0.064502,0.505557,0.104513,19.140131,12.689448,60,2591.33,0.031867
6.23750,2,21.5868,0.080830,0.502223,0.122800,19.232504,12.859126,75,5456.48,0.062296
6.23750,3,21.5868,0.080966,0.502393,0.122977,18.998676,12.645147,67,3971.69,0.056162
6.24167,0,21.6085,0.063983,0.505525,0.103876,19.701639,12.930940,74,4123.95,0.038019
6.24167,1,21.6085,0.063988,0.505646,0.103903,18.985781,12.699185,60,2611.68,0.031844
6.24167,2,21.6085,0.080658,0.502278,0.122585,19.295580,12.879521,76,5452.55,0.062395
6.24167,3,21.6085,0.080502,0.502458,0.122463,18.749140,12.651344,67,3952.58,0.056132
6.24583,0,21.6299,0.063697,0.505597,0.103447,19.374201,12.947847,75,4151.49,0.038119
6.24583,1,21.6299,0.063662,0.505732,0.103482,19.131289,12.712885,60,2598.20,0.031823
6.24583,2,21.6299,0.080406,0.502346,0.122335,19.263216,12.902365,75,5452.44,0.062488
6.24583,3,21.6299,0.080379,0.502526,0.122360,19.024260,12.667609,67,3937.88,0.056100
6.25000,0,21.6511,0.063033,0.505659,0.102750,19.369049,12.961421,74,4166.99,0.038221
6.25000,1,21.6511,0.063261,0.505810,0.103018,19.102976,12.724868,59,2596.12,0.031808
6.25000,2,21.6511,0.080053,0.502413,0.121953,19.327312,12.915060,75,5411.13,0.062554
6.25000,3,21.6511,0.079973,0.502567,0.121836,18.819075,12.682263,68,3955.98,0.056075
6.25417,0,21.6723,0.062725,0.505744,0.102410,19.630848,12.967735,74,4162.37,0.038317
6.25417,1,21.6723,0.062581,0.505892,0.102263,19.026823,12.739213,60,2612.96,0.031805
6.25417,2,21.6723,0.079694,0.502472,0.121562,19.319803,12.923148,76,5493.42,0.062644
6.25417,3,21.6723,0.079664,0.502617,0.121592,18.968691,12.681491,67,3942.94,0.056055
6.25833,0,21.6937,0.062385,0.505842,0.101985,19.620110,12.987419,74,4171.13,0.038410
6.25833,1,21.6937,0.062289,0.505980,0.101888,19.190948,12.756918,59,2598.51,0.031804
6.25833,2,21.6937,0.079317,0.502534,0.121165,19.350521,12.936665,75,5453.74,0.062719
6.25833,3,21.6937,0.079525,0.502711,0.121390,19.061163,12.701104,67,3867.16,0.056004
6.26250,0,21.7144,0.061763,0.505927,0.101285,19.536139,13.013803,74,4197.40,0.038509
6.26250,1,21.7144,0.061793,0.506062,0.101302,19.111202,12.768792,59,2574.18,0.031796
6.26250,2,21.7144,0.079082,0.502593,0.120866,19.409647,12.955800,75,5452.92,0.062779
6.26250,3,21.7144,0.079012,0.502784,0.120859,18.883022,12.724147,67,3913.05,0.055966
6.26667,0,21.7354,0.061031,0.506004,0.100473,19.514864,13.030699,74,4186.73,0.038598
6.26667,1,21.7354,0.061346,0.506155,0.100785,19.171593,12.778831,58,2544.36,0.031775
6.26667,2,21.7354,0.078836,0.502667,0.120609,19.498356,12.980094,76,5459.87,0.062833
6.26667,3,21.7354,0.078720,0.502842,0.120480,19.102009,12.733377,66,3872.86,0.055918
6.27083,0,21.7562,0.061064,0.506074,0.100300,20.150032,13.043906,74,4196.99,0.038680
6.27083,1,21.7562,0.060980,0.506227,0.100321,19.127773,12.787163,59,2546.72,0.031754
6.27083,2,21.7562,0.078396,0.502734,0.120153,19.312050,12.995808,76,5512.81,0.062903
6.27083,3,21.7562,0.078361,0.502902,0.120138,18.941330,12.734713,66,3860.20,0.055868
6.27500,0,21.7772,0.060376,0.506151,0.099606,19.536257,13.045086,74,4233.02,0.038770
6.27500,1,21.7772,0.060375,0.506312,0.099627,19.262053,12.805362,59,2569.49,0.031748
6.27500,2,21.7772,0.078086,0.502801,0.119806,19.519806,13.007900,75,5512.02,0.062972
6.27500,3,21.7772,0.077900,0.502975,0.119637,18.980427,12.749322,66,3863.28,0.055824
6.27917,0,21.7980,0.060055,0.506240,0.099175,19.752493,13.062772,73,4207.10,0.038847
6.27917,1,21.7980,0.059877,0.506397,0.099011,19.155386,12.815476,58,2526.87,0.031730
6.27917,2,21.7980,0.077774,0.502849,0.119465,19.524281,13.020909,76,5529.75,0.063044
6.27917,3,21.7980,0.077895,0.503043,0.119615,19.074928,12.763567,66,3858.73,0.055785
6.28333,0,21.8190,0.059426,0.506332,0.098534,19.688385,13.089272,74,4251.33,0.038934
6.28333,1,21.8190,0.059511,0.506475,0.098611,19.426304,12.833759,59,2545.74,0.031721
6.28333,2,21.8190,0.077393,0.502918,0.119035,19.450565,13.033043,76,5565.96,0.063129
6.28333,3,21.8190,0.077325,0.503116,0.119010,19.083065,12.777683,67,3866.62,0.055759
6.28750,0,21.8401,0.059066,0.506406,0.098051,19.858130,13.108954,75,4290.70,0.039037
6.28750,1,21.8401,0.059038,0.506552,0.098047,19.215956,12.844830,59,2529.87,0.031716
6.28750,2,21.8401,0.077047,0.502991,0.118641,19.565182,13.053047,75,5539.02,0.063203
6.28750,3,21.8401,0.077159,0.503195,0.118828,19.258305,12.794240,67,3871.51,0.055742
6.29167,0,21.8611,0.058446,0.506490,0.097294,19.739382,13.121684,75,4311.19,0.039149
6.29167,1,21.8611,0.058625,0.506640,0.097489,19.320276,12.855359,58,2526.07,0.031716
6.29167,2,21.8611,0.076740,0.503071,0.118303,19.546700,13.071965,76,5550.81,0.063275
6.29167,3,21.8611,0.076577,0.503264,0.118135,18.984228,12.796104,66,3818.71,0.055707
6.29583,0,21.8817,0.058145,0.506575,0.096871,19.941692,13.145519,74,4315.68,0.039261
6.29583,1,21.8817,0.058300,0.506735,0.097047,19.433462,12.869495,59,2520.62,0.031720
6.29583,2,21.8817,0.076385,0.503139,0.117917,19.550745,13.086936,75,5548.44,0.063337
6.29583,3,21.8817,0.076366,0.503333,0.117928,19.154795,12.811034,66,3820.16,0.055670
6.30000,0,21.9023,0.057789,0.506637,0.096443,19.736298,13.148690,74,4292.70,0.039356
6.30000,1,21.9023,0.057622,0.506811,0.096303,19.247419,12.881364,58,2483.02,0.031708
6.30000,2,21.9023,0.076028,0.503202,0.117541,19.628391,13.100858,75,5539.13,0.063387
6.30000,3,21.9023,0.075960,0.503402,0.117445,19.124269,12.822886,66,3780.02,0.055617
6.30417,0,21.9227,0.057241,0.506715,0.095801,20.043846,13.166420,75,4396.03,0.039483
6.30417,1,21.9227,0.057215,0.506877,0.095827,19.352127,12.892655,59,2484.86,0.031702
6.30417,2,21.9227,0.075572,0.503276,0.117043,19.646841,13.113949,76,5607.07,0.063456
6.30417,3,21.9227,0.075683,0.503468,0.117211,19.178743,12.836249,66,3783.53,0.055567
6.30833,0,21.9433,0.056722,0.506809,0.095246,19.774099,13.185546,75,4322.36,0.039582
6.30833,1,21.9433,0.056699,0.506971,0.095217,19.315601,12.904201,59,2491.64,0.031701
6.30833,2,21.9433,0.075319,0.503355,0.116732,19.668959,13.129969,75,5621.55,0.063532
6.30833,3,21.9433,0.075174,0.503554,0.116655,19.093857,12.850771,67,3804.52,0.055535
6.31250,0,21.9642,0.056250,0.506898,0.094636,20.203806,13.207672,74,4344.03,0.039675
6.31250,1,21.9642,0.056375,0.507060,0.094743,19.546394,12.923999,58,2462.89,0.031691
6.31250,2,21.9642,0.074921,0.503428,0.116268,19.651712,13.147795,76,5614.66,0.063606
6.31250,3,21.9642,0.075093,0.503634,0.116473,19.390661,12.863020,65,3746.44,0.055487
6.31667,0,21.9846,0.055863,0.506974,0.094137,19.906334,13.223537,74,4321.97,0.039749
6.31667,1,21.9846,0.055859,0.507130,0.094137,19.389830,12.937094,58,2468.73,0.031680
6.31667,2,21.9846,0.074577,0.503498,0.115919,19.747105,13.165225,76,5608.08,0.063667
6.31667,3,21.9846,0.074490,0.503700,0.115860,19.121010,12.874882,66,3798.09,0.055459
6.32083,0,22.0052,0.055416,0.507028,0.093518,19.967159,13.230069,75,4357.57,0.039828
6.32083,1,22.0052,0.055457,0.507207,0.093611,19.359480,12.945261,57,2450.54,0.031666
6.32083,2,22.0052,0.074159,0.503560,0.115468,19.720457,13.178217,75,5685.33,0.063757
6.32083,3,22.0052,0.074117,0.503763,0.115412,19.200140,12.882152,66,3750.94,0.055427
6.32500,0,22.0259,0.054939,0.507090,0.092957,20.134476,13.244648,75,4438.33,0.039938
6.32500,1,22.0259,0.054968,0.507283,0.093076,19.560478,12.959878,57,2482.09,0.031674
6.32500,2,22.0259,0.073823,0.503632,0.115078,19.756411,13.192888,75,5611.87,0.063819
6.32500,3,22.0259,0.073839,0.503844,0.115112,19.370163,12.892176,65,3743.50,0.055390
6.32917,0,22.0462,0.054363,0.507181,0.092294,19.919407,13.260750,76,4475.03,0.040074
6.32917,1,22.0462,0.054425,0.507353,0.092363,19.405766,12.969497,58,2449.58,0.031684
6.32917,2,22.0462,0.073432,0.503720,0.114605,19.720766,13.207298,76,5659.45,0.063885
6.32917,3,22.0462,0.073361,0.503931,0.114554,19.327328,12.913731,65,3698.16,0.055336
6.33333,0,22.0663,0.054108,0.507286,0.091971,20.349464,13.289312,75,4407.40,0.040180
6.33333,1,22.0663,0.054028,0.507450,0.091884,19.684008,12.987583,57,2426.87,0.031683
6.33333,2,22.0663,0.073005,0.503783,0.114145,19.833096,13.223363,75,5661.27,0.063947
6.33333,3,22.0663,0.073108,0.504004,0.114337,19.181723,12.929361,65,3715.35,0.055288
6.33750,0,22.0867,0.053432,0.507342,0.091229,19.968481,13.293173,74,4396.65,0.040264
6.33750,1,22.0867,0.053422,0.507531,0.091149,19.449129,12.994147,58,2405.32,0.031668
6.33750,2,22.0867,0.072688,0.503862,0.113767,19.853209,13.237287,76,5703.71,0.064021
6.33750,3,22.0867,0.072492,0.504077,0.113614,19.279030,12.934350,64,3700.74,0.055243
6.34167,0,22.1070,0.052950,0.507415,0.090526,20.013334,13.309808,75,4415.82,0.040340
6.34167,1,22.1070,0.053149,0.507620,0.090774,19.836889,13.011313,57,2415.12,0.031654
6.34167,2,22.1070,0.072216,0.503941,0.113265,19.930058,13.253188,75,5647.40,0.064069
6.34167,3,22.1070,0.072343,0.504154,0.113473,19.514458,12.954048,65,3702.14,0.055200
6.34583,0,22.1271,0.052549,0.507497,0.089981,19.975506,13.323755,74,4414.36,0.040409
6.34583,1,22.1271,0.052541,0.507698,0.090051,19.486578,13.019615,56,2396.59,0.031635
6.34583,2,22.1271,0.071916,0.504017,0.112960,19.896885,13.269800,76,5699.74,0.064128
6.34583,3,22.1271,0.071756,0.504219,0.112711,19.264479,12.957566,65,3696.14,0.055160
6.35000,0,22.1474,0.052257,0.507567,0.089590,20.388178,13.346365,75,4474.49,0.040495
6.35000,1,22.1474,0.052142,0.507766,0.089548,19.507778,13.034581,57,2433.60,0.031638
6.35000,2,22.1474,0.071421,0.504084,0.112360,19.959753,13.287036,76,5707.32,0.064190
6.35000,3,22.1474,0.071526,0.504290,0.112489,19.404156,12.965546,65,3708.98,0.055133
6.35417,0,22.1678,0.051671,0.507634,0.088935,20.149372,13.354141,75,4495.08,0.040596
6.35417,1,22.1678,0.051714,0.507836,0.088990,19.705660,13.049177,57,2404.75,0.031642
6.35417,2,22.1678,0.071083,0.504166,0.111981,19.934248,13.302592,75,5666.65,0.064233
6.35417,3,22.1678,0.070869,0.504381,0.111791,19.427168,12.979192,65,3695.59,0.055104
6.35833,0,22.1878,0.051160,0.507723,0.088332,20.189615,13.376017,75,4515.31,0.040706
6.35833,1,22.1878,0.051229,0.507927,0.088401,19.549534,13.059698,57,2406.01,0.031651
6.35833,2,22.1878,0.070658,0.504239,0.111452,19.937822,13.315623,76,5762.80,0.064308
6.35833,3,22.1878,0.070843,0.504450,0.111721,19.453371,13.004015,65,3701.27,0.055087
6.36250,0,22.2083,0.050659,0.507803,0.087702,20.125887,13.391989,75,4502.93,0.040807
6.36250,1,22.2083,0.050771,0.507996,0.087792,19.552824,13.078206,57,2412.99,0.031667
6.36250,2,22.2083,0.070231,0.504322,0.111011,19.990765,13.330050,76,5719.91,0.064372
6.36250,3,22.2083,0.070224,0.504542,0.111052,19.553268,13.012662,65,3656.42,0.055055
6.36667,0,22.2283,0.050298,0.507878,0.087195,20.149446,13.403301,76,4482.13,0.040893
6.36667,1,22.2283,0.050304,0.508065,0.087228,19.602913,13.086030,57,2408.13,0.031683
6.36667,2,22.2283,0.069892,0.504399,0.110616,20.117092,13.348217,76,5680.75,0.064408
6.36667,3,22.2283,0.069856,0.504636,0.110601,19.365551,13.021826,64,3646.83,0.055012
6.37083,0,22.2481,0.049723,0.507952,0.086463,20.343796,13.418755,75,4498.46,0.040975
6.37083,1,22.2481,0.049880,0.508151,0.086644,19.707493,13.091384,56,2332.37,0.031666
6.37083,2,22.2481,0.069398,0.504475,0.110092,20.055094,13.363289,76,5772.67,0.064470
6.37083,3,22.2481,0.069552,0.504704,0.110269,19.674829,13.035933,65,3660.85,0.054981
6.37500,0,22.2683,0.049425,0.508014,0.086039,20.141970,13.435223,75,4508.57,0.041050
6.37500,1,22.2683,0.049350,0.508227,0.086031,19.639946,13.105257,56,2362.85,0.031654
6.37500,2,22.2683,0.069014,0.504562,0.109632,20.028730,13.376740,76,5726.00,0.064518
6.37500,3,22.2683,0.068942,0.504776,0.109500,19.464256,13.040962,64,3629.70,0.054941
6.37917,0,22.2882,0.048928,0.508077,0.085446,20.347115,13.448469,76,4584.73,0.041153
6.37917,1,22.2882,0.048957,0.508295,0.085509,19.693096,13.130035,56,2402.36,0.031671
6.37917,2,22.2882,0.068656,0.504623,0.109202,20.133026,13.391644,76,5803.61,0.064590
6.37917,3,22.2882,0.068549,0.504867,0.109160,19.578571,13.060356,64,3624.94,0.054904
6.38333,0,22.3082,0.048365,0.508156,0.084769,20.219460,13.460896,76,4531.92,0.041240
6.38333,1,22.3082,0.048413,0.508382,0.084814,19.660061,13.144315,56,2337.88,0.031668
6.38333,2,22.3082,0.068207,0.504697,0.108662,20.145346,13.404196,77,5798.42,0.064663
6.38333,3,22.3082,0.068351,0.504958,0.108879,19.660954,13.077422,64,3593.17,0.054859
6.38750,0,22.3283,0.047977,0.508237,0.084271,20.453777,13.481271,75,4561.11,0.041327
6.38750,1,22.3283,0.047983,0.508455,0.084308,19.770136,13.148047,56,2338.27,0.031661
6.38750,2,22.3283,0.067736,0.504785,0.108108,20.139914,13.420285,76,5765.58,0.064715
6.38750,3,22.3283,0.067791,0.505031,0.108283,19.540771,13.087125,64,3634.84,0.054831
6.39167,0,22.3480,0.047607,0.508298,0.083782,20.290796,13.493434,76,4585.12,0.041419
6.39167,1,22.3480,0.047619,0.508515,0.083766,19.887222,13.158878,55,2323.82,0.031652
6.39167,2,22.3480,0.067312,0.504875,0.107662,20.024015,13.437543,76,5810.13,0.064779
6.39167,3,22.3480,0.067277,0.505104,0.107623,19.594299,13.095160,64,3623.99,0.054810
6.39583,0,22.3684,0.047091,0.508376,0.083040,20.383158,13.514211,75,4582.08,0.041505
6.39583,1,22.3684,0.047117,0.508577,0.083138,19.730087,13.167305,57,2348.97,0.031655
6.39583,2,22.3684,0.066911,0.504964,0.107211,20.321369,13.454793,77,5828.82,0.064851
6.39583,3,22.3684,0.066927,0.505192,0.107234,19.788237,13.104295,64,3607.07,0.054789
6.40000,0,22.3880,0.046511,0.508445,0.082323,20.307276,13.524985,76,4540.93,0.041568
6.40000,1,22.3880,0.046697,0.508657,0.082543,19.944960,13.187263,56,2319.62,0.031648
6.40000,2,22.3880,0.066503,0.505005,0.106739,20.155920,13.460179,77,5791.31,0.064906
6.40000,3,22.3880,0.066553,0.505283,0.106753,19.713663,13.126118,63,3565.97,0.054749
6.40417,0,22.4081,0.046241,0.508498,0.081989,20.646154,13.533697,76,4641.37,0.041661
6.40417,1,22.4081,0.046181,0.508746,0.081964,19.759336,13.199702,54,2311.68,0.031643
6.40417,2,22.4081,0.066031,0.505087,0.106169,20.385233,13.473815,77,5814.29,0.064957
6.40417,3,22.4081,0.065996,0.505366,0.106182,19.524900,13.141636,63,3533.33,0.054693
6.40833,0,22.4268,0.045699,0.508581,0.081290,20.377928,13.542192,76,4648.82,0.041763
6.40833,1,22.4268,0.045744,0.508819,0.081401,19.867626,13.215247,56,2315.92,0.031645
6.40833,2,22.4268,0.065540,0.505178,0.105577,20.204620,13.494853,78,5878.42,0.065028
6.40833,3,22.4268,0.065711,0.505439,0.105818,19.741825,13.156612,63,3556.63,0.054650
6.41250,0,22.4476,0.045182,0.508664,0.080707,20.471542,13.566322,76,4669.81,0.041874
6.41250,1,22.4476,0.045372,0.508879,0.080870,20.000633,13.228112,55,2315.43,0.031655
6.41250,2,22.4476,0.065283,0.505267,0.105260,20.272257,13.508789,77,5805.46,0.065071
6.41250,3,22.4476,0.065097,0.505508,0.105182,19.655624,13.158162,64,3583.74,0.054623
6.41667,0,22.4660,0.044869,0.508711,0.080200,20.421289,13.586614,77,4638.60,0.041968
6.41667,1,22.4660,0.044854,0.508944,0.080177,19.827065,13.231418,55,2305.79,0.031664
6.41667,2,22.4660,0.064795,0.505359,0.104715,20.292486,13.525940,77,5867.15,0.065129
6.41667,3,22.4660,0.064826,0.505606,0.104777,19.648336,13.169403,64,3560.87,0.054597
6.42083,0,22.4875,0.044330,0.508774,0.079512,20.474644,13.601695,76,4580.85,0.042025
6.42083,1,22.4875,0.044415,0.509014,0.079609,19.840109,13.246511,55,2308.20,0.031668
6.42083,2,22.4875,0.064306,0.505441,0.104188,20.497252,13.548157,76,5796.21,0.065159
6.42083,3,22.4875,0.064285,0.505693,0.104159,19.802822,13.190945,64,3556.35,0.054568
6.42500,0,22.5046,0.043866,0.508848,0.078863,20.522099,13.603313,76,4668.31,0.042105
6.42500,1,22.5046,0.044072,0.509095,0.079138,20.018095,13.264557,56,2309.27,0.031678
6.42500,2,22.5046,0.063871,0.505514,0.103645,20.458487,13.560912,77,5864.59,0.065206
6.42500,3,22.5046,0.063829,0.505764,0.103585,19.713110,13.201472,63,3500.99,0.054519
6.42917,0,22.5271,0.043537,0.508909,0.078405,20.548334,13.616455,75,4589.29,0.042153
6.42917,1,22.5271,0.043563,0.509162,0.078515,19.882835,13.272409,56,2318.07,0.031690
6.42917,2,22.5271,0.063343,0.505565,0.103042,20.267216,13.563406,77,5882.21,0.065258
6.42917,3,22.5271,0.063437,0.505836,0.103153,19.875221,13.213882,64,3567.71,0.054498
6.43333,0,22.5429,0.042844,0.508976,0.077608,20.665796,13.636452,77,4677.72,0.042228
6.43333,1,22.5429,0.043089,0.509227,0.077909,20.124138,13.285861,54,2247.77,0.031678
6.43333,2,22.5429,0.063068,0.505642,0.102658,20.568087,13.572456,78,5905.03,0.065324
6.43333,3,22.5429,0.062988,0.505918,0.102659,19.689751,13.215919,64,3587.84,0.054501
6.43750,0,22.5684,0.042439,0.509053,0.077073,20.559324,13.657828,76,4624.45,0.042280
6.43750,1,22.5684,0.042550,0.509294,0.077195,19.939308,13.290645,54,2280.20,0.031670
6.43750,2,22.5684,0.062564,0.505733,0.102068,20.424768,13.588194,78,5880.46,0.065384
6.43750,3,22.5684,0.062576,0.506031,0.102164,19.999975,13.233706,63,3493.88,0.054472
6.44167,0,22.5806,0.042248,0.509107,0.076758,20.814323,13.664048,76,4678.10,0.042345
6.44167,1,22.5806,0.042295,0.509353,0.076771,20.196327,13.312856,55,2292.05,0.031674
6.44167,2,22.5806,0.062210,0.505829,0.101627,20.575560,13.606722,77,5876.70,0.065431
6.44167,3,22.5806,0.062064,0.506104,0.101544,19.725344,13.249025,64,3563.44,0.054464
6.44583,0,22.6096,0.041662,0.509176,0.075997,20.595530,13.679051,76,4704.00,0.042425
6.44583,1,22.6096,0.041750,0.509410,0.076048,19.955236,13.324574,55,2268.98,0.031677
6.44583,2,22.6096,0.061637,0.505899,0.100993,20.455933,13.633868,77,5905.45,0.065486
6.44583,3,22.6096,0.061705,0.506182,0.101100,20.028500,13.264769,63,3500.34,0.054440
6.45000,0,22.6169,0.041160,0.509250,0.075288,20.798826,13.687297,76,4698.69,0.042502
6.45000,1,22.6169,0.041287,0.509485,0.075507,20.097616,13.329394,54,2256.43,0.031676
6.45000,2,22.6169,0.061142,0.505989,0.100459,20.528656,13.639831,76,5904.62,0.065538
6.45000,3,22.6169,0.061133,0.506280,0.100415,19.851274,13.281278,63,3502.11,0.054413
6.45417,0,22.6516,0.040916,0.509293,0.074904,20.720045,13.714619,76,4702.03,0.042575
6.45417,1,22.6516,0.040971,0.509569,0.075042,20.091076,13.348440,54,2266.57,0.031680
6.45417,2,22.6516,0.060837,0.506071,0.100052,20.724808,13.661448,77,5858.26,0.065564
6.45417,3,22.6516,0.060680,0.506350,0.099931,19.897243,13.291479,64,3496.91,0.054381
6.45833,0,22.6529,0.040404,0.509367,0.074285,20.663855,13.709451,76,4715.27,0.042650
6.45833,1,22.6529,0.040313,0.509623,0.074245,20.016294,13.353993,54,2259.44,0.031686
6.45833,2,22.6529,0.060326,0.506145,0.099409,20.440296,13.654192,77,5933.04,0.065611
6.45833,3,22.6529,0.060302,0.506418,0.099421,19.890501,13.288678,63,3484.10,0.054348
6.46250,0,22.6919,0.039922,0.509430,0.073666,20.735439,13.740318,75,4673.64,0.042702
6.46250,1,22.6919,0.040068,0.509681,0.073811,20.060127,13.370814,55,2267.30,0.031693
6.46250,2,22.6919,0.059886,0.506215,0.098843,20.760971,13.688458,76,5877.98,0.065636
6.46250,3,22.6919,0.059971,0.506521,0.099033,20.255611,13.315921,63,3483.07,0.054314
6.46667,0,22.6920,0.039603,0.509471,0.073240,20.705229,13.740492,77,4822.53,0.042810
6.46667,1,22.6920,0.039623,0.509743,0.073218,20.101046,13.380338,54,2271.93,0.031715
6.46667,2,22.6920,0.059351,0.506292,0.098224,20.643379,13.680624,78,5949.38,0.065684
6.46667,3,22.6920,0.059405,0.506581,0.098361,19.840826,13.328254,63,3523.71,0.054305
6.47083,0,22.7314,0.038999,0.509540,0.072365,20.729599,13.772480,76,4723.55,0.042891
6.47083,1,22.7314,0.039212,0.509795,0.072625,20.092369,13.397539,54,2250.78,0.031731
6.47083,2,22.7314,0.058930,0.506380,0.097771,20.485497,13.710425,77,5963.06,0.065745
6.47083,3,22.7314,0.058999,0.506659,0.097884,19.969643,13.347176,64,3518.77,0.054306
6.47500,0,22.7317,0.038812,0.509616,0.072100,20.948135,13.764492,76,4745.91,0.042967
6.47500,1,22.7317,0.038714,0.509858,0.072026,20.161287,13.405396,54,2259.26,0.031749
6.47500,2,22.7317,0.058502,0.506467,0.097258,21.030832,13.718572,77,5927.44,0.065795
6.47500,3,22.7317,0.058335,0.506746,0.097072,19.926502,13.351896,63,3471.83,0.054291
6.47917,0,22.7701,0.038277,0.509676,0.071360,20.769358,13.794109,75,4667.59,0.043002
6.47917,1,22.7701,0.038293,0.509923,0.071439,20.127043,13.423201,54,2204.33,0.031737
6.47917,2,22.7701,0.058024,0.506553,0.096666,20.560024,13.741766,78,5945.16,0.065842
6.47917,3,22.7701,0.058010,0.506843,0.096669,20.120543,13.367346,63,3468.16,0.054271
6.48333,0,22.7705,0.037655,0.509726,0.070618,20.866711,13.796206,76,4726.42,0.043043
6.48333,1,22.7705,0.037986,0.509993,0.071018,20.183369,13.425735,55,2265.44,0.031744
6.48333,2,22.7705,0.057639,0.506627,0.096150,20.825468,13.742436,77,5924.04,0.065875
6.48333,3,22.7705,0.057690,0.506916,0.096240,19.940758,13.371511,63,3484.54,0.054256
6.48750,0,22.8089,0.037374,0.509781,0.070154,20.879246,13.822352,75,4729.47,0.043087
6.48750,1,22.8089,0.037553,0.510050,0.070352,20.178293,13.455359,55,2254.72,0.031756
6.48750,2,22.8089,0.057069,0.506700,0.095457,20.750473,13.774066,78,5956.41,0.065916
6.48750,3,22.8089,0.057092,0.506986,0.095591,20.056047,13.392241,63,3494.31,0.054250
6.49167,0,22.8092,0.037086,0.509833,0.069788,20.889809,13.819920,75,4742.32,0.043137
6.49167,1,22.8092,0.037007,0.510111,0.069712,20.163216,13.453394,53,2240.80,0.031764
6.49167,2,22.8092,0.056645,0.506777,0.094951,20.702499,13.772334,76,5909.12,0.065938
6.49167,3,22.8092,0.056577,0.507077,0.094960,19.976719,13.406316,62,3446.66,0.054225
6.49583,0,22.8539,0.036534,0.509894,0.069029,21.017338,13.855215,76,4803.69,0.043214
6.49583,1,22.8539,0.036716,0.510162,0.069219,20.254456,13.473056,53,2233.06,0.031775
6.49583,2,22.8539,0.056240,0.506860,0.094506,20.875469,13.801013,77,5984.65,0.065982
6.49583,3,22.8539,0.056223,0.507153,0.094513,20.252806,13.428146,64,3495.25,0.054221
6.50000,0,22.8657,0.036570,0.509934,0.069186,21.028666,13.865516,75,4730.91,0.043263
6.50000,1,22.8657,0.036781,0.510183,0.069457,20.321724,13.489908,54,2248.61,0.031790
6.50000,2,22.8657,0.055769,0.506943,0.093932,20.827051,13.808967,77,6003.40,0.066042
6.50000,3,22.8657,0.055813,0.507217,0.093952,20.119171,13.436197,63,3496.15,0.054230
6.50417,0,22.9207,0.036653,0.509912,0.069275,21.001072,13.905515,76,4745.21,0.043308
6.50417,1,22.9207,0.036712,0.510163,0.069356,20.313128,13.513276,52,2186.31,0.031779
6.50417,2,22.9207,0.055258,0.507017,0.093279,21.025675,13.847240,77,5932.62,0.066076
6.50417,3,22.9207,0.055297,0.507307,0.093336,20.288147,13.455976,64,3502.19,0.054242
6.50833,0,22.9385,0.036895,0.509845,0.069371,21.012482,13.902770,75,4636.45,0.043295
6.50833,1,22.9385,0.036948,0.510109,0.069503,20.347715,13.516903,53,2184.58,0.031748
6.50833,2,22.9385,0.054849,0.507093,0.092712,21.073158,13.862755,79,6059.07,0.066156
6.50833,3,22.9385,0.054662,0.507397,0.092594,20.086803,13.472845,63,3545.26,0.054284
6.51250,0,22.9959,0.036982,0.509790,0.069378,21.032190,13.929161,75,4695.17,0.043285
6.51250,1,22.9959,0.037187,0.510080,0.069576,20.385641,13.544497,52,2144.99,0.031695
6.51250,2,22.9959,0.054233,0.507178,0.092000,20.820305,13.895091,78,6093.38,0.066268
6.51250,3,22.9959,0.054397,0.507474,0.092258,20.335653,13.501435,64,3586.38,0.054361
6.51667,0,23.0153,0.037095,0.509810,0.069472,21.041170,13.940655,76,4672.59,0.043260
6.51667,1,23.0153,0.037045,0.510075,0.069444,20.319424,13.556703,52,2154.35,0.031639
6.51667,2,23.0153,0.053896,0.507247,0.091573,21.068150,13.903743,78,6099.83,0.066397
6.51667,3,23.0153,0.053792,0.507542,0.091499,20.301556,13.521412,64,3627.67,0.054471
6.52083,0,23.0743,0.036772,0.509856,0.069193,21.157555,13.989771,75,4562.36,0.043180
6.52083,1,23.0743,0.036881,0.510102,0.069376,20.368418,13.584012,52,2145.17,0.031568
6.52083,2,23.0743,0.053311,0.507327,0.090883,21.077253,13.941005,78,6100.36,0.066534
6.52083,3,23.0743,0.053377,0.507620,0.091040,20.231123,13.549913,64,3720.54,0.054634
6.52500,0,23.0948,0.036780,0.509902,0.069343,21.308615,13.990986,75,4456.41,0.043033
6.52500,1,23.0948,0.036795,0.510138,0.069375,20.560171,13.603652,52,2135.91,0.031477
6.52500,2,23.0948,0.052822,0.507408,0.090263,21.037657,13.946373,79,6143.55,0.066700
6.52500,3,23.0948,0.052795,0.507693,0.090262,20.375313,13.561540,65,3764.19,0.054835
6.52917,0,23.1522,0.036641,0.509915,0.069200,21.193691,14.022808,73,4343.37,0.042813
6.52917,1,23.1522,0.036760,0.510154,0.069340,20.495464,13.627422,52,2142.28,0.031367
6.52917,2,23.1522,0.052368,0.507492,0.089701,21.211370,13.988153,78,6037.41,0.066834
6.52917,3,23.1522,0.052466,0.507763,0.089835,20.485203,13.590460,65,3848.15,0.055075
6.53333,0,23.1774,0.036760,0.509912,0.069208,21.225325,14.040201,73,4340.02,0.042573
6.53333,1,23.1774,0.036926,0.510131,0.069415,20.527693,13.644955,53,2161.15,0.031254
6.53333,2,23.1774,0.051953,0.507572,0.089144,21.253914,14.007176,78,6034.06,0.066962
6.53333,3,23.1774,0.051897,0.507846,0.089106,20.395943,13.612836,65,3867.63,0.055328
6.53750,0,23.2303,0.036718,0.509887,0.069015,21.240595,14.067089,73,4287.70,0.042311
6.53750,1,23.2303,0.036778,0.510099,0.069147,20.607046,13.666009,53,2187.11,0.031145
6.53750,2,23.2303,0.051419,0.507661,0.088491,21.358978,14.041814,78,6023.11,0.067088
6.53750,3,23.2303,0.051433,0.507921,0.088597,20.754879,13.643066,67,3952.17,0.055612
6.54167,0,23.2597,0.036864,0.509873,0.069114,21.322960,14.078932,74,4341.71,0.042077
6.54167,1,23.2597,0.036779,0.510094,0.069064,20.550798,13.676061,52,2187.21,0.031041
6.54167,2,23.2597,0.050876,0.507731,0.087813,21.237988,14.053428,79,6014.68,0.067217
6.54167,3,23.2597,0.050899,0.507993,0.087943,20.413691,13.659238,67,3992.51,0.055913
6.54583,0,23.3103,0.036516,0.509913,0.068809,21.628420,14.114518,73,4212.21,0.041807
6.54583,1,23.3103,0.036716,0.510128,0.069035,20.728046,13.706539,53,2222.63,0.030945
6.54583,2,23.3103,0.050466,0.507800,0.087314,21.318739,14.079006,79,6018.43,0.067356
6.54583,3,23.3103,0.050482,0.508049,0.087364,20.669422,13.693702,67,4073.43,0.056247
6.55000,0,23.3424,0.036350,0.509984,0.068730,21.321827,14.122226,72,4123.19,0.041498
6.55000,1,23.3424,0.036484,0.510152,0.068855,20.634129,13.735723,54,2249.82,0.030852
6.55000,2,23.3424,0.049885,0.507883,0.086608,21.293642,14.092373,78,6009.97,0.067504
6.55000,3,23.3424,0.049874,0.508116,0.086624,20.499264,13.709164,68,4187.99,0.056630
6.55417,0,23.3911,0.036283,0.510001,0.068615,21.387035,14.149914,72,4070.01,0.041166
6.55417,1,23.3911,0.036266,0.510178,0.068618,20.679564,13.763514,53,2229.20,0.030742
6.55417,2,23.3911,0.049595,0.507962,0.086201,21.328587,14.127884,78,5973.41,0.067652
6.55417,3,23.3911,0.049610,0.508196,0.086206,20.820391,13.739940,68,4190.72,0.057015
6.55833,0,23.4268,0.036249,0.509989,0.068442,21.450985,14.169024,72,4015.68,0.040815
6.55833,1,23.4268,0.036246,0.510194,0.068550,20.790634,13.784932,53,2230.35,0.030617
6.55833,2,23.4268,0.049042,0.508035,0.085494,21.287880,14.155687,78,5984.09,0.067812
6.55833,3,23.4268,0.048941,0.508270,0.085488,20.585812,13.763366,67,4230.62,0.057405
6.56250,0,23.4723,0.036151,0.509971,0.068245,21.489838,14.192197,72,4012.98,0.040469
6.56250,1,23.4723,0.036213,0.510193,0.068398,20.770802,13.797983,52,2197.52,0.030468
6.56250,2,23.4723,0.048542,0.508113,0.084860,21.592016,14.180696,78,6015.19,0.067995
6.56250,3,23.4723,0.048595,0.508341,0.084961,21.007471,13.793408,68,4280.74,0.057808
6.56667,0,23.5113,0.036183,0.509979,0.068223,21.454136,14.193138,71,3951.76,0.040109
6.56667,1,23.5113,0.036370,0.510180,0.068439,20.882431,13.821896,53,2234.10,0.030321
6.56667,2,23.5113,0.048255,0.508170,0.084449,21.442648,14.189085,78,6009.09,0.068189
6.56667,3,23.5113,0.048050,0.508395,0.084332,20.677235,13.812004,69,4385.32,0.058247
6.57083,0,23.5554,0.035958,0.509985,0.067983,21.706575,14.233921,72,3968.75,0.039769
6.57083,1,23.5554,0.035980,0.510194,0.068042,20.804014,13.848498,53,2213.34,0.030165
6.57083,2,23.5554,0.047601,0.508238,0.083704,21.438303,14.216651,78,6005.22,0.068398
6.57083,3,23.5554,0.047714,0.508459,0.083878,20.898561,13.835300,68,4333.97,0.058661
6.57500,0,23.5961,0.035745,0.510056,0.067830,21.559412,14.261104,72,3950.05,0.039439
6.57500,1,23.5961,0.035900,0.510216,0.067969,21.004471,13.879292,53,2221.16,0.030010
6.57500,2,23.5961,0.047268,0.508320,0.083220,21.679760,14.239391,78,6037.73,0.068624
6.57500,3,23.5961,0.047190,0.508527,0.083165,20.779432,13.861259,68,4354.33,0.059064
6.57917,0,23.6390,0.035422,0.510094,0.067472,21.576065,14.274996,71,3844.67,0.039081
6.57917,1,23.6390,0.035652,0.510251,0.067721,20.925171,13.900980,53,2178.74,0.029827
6.57917,2,23.6390,0.046916,0.508374,0.082746,21.508022,14.263295,79,6084.35,0.068879
6.57917,3,23.6390,0.046820,0.508583,0.082672,21.024504,13.889273,69,4416.75,0.059482
6.58333,0,23.6811,0.035747,0.510109,0.067704,21.994173,14.294676,71,3832.43,0.038717
6.58333,1,23.6811,0.035764,0.510281,0.067768,21.003597,13.929200,53,2179.55,0.029632
6.58333,2,23.6811,0.046437,0.508428,0.082155,21.631651,14.280391,79,6163.39,0.069181
6.58333,3,23.6811,0.046315,0.508657,0.082058,20.845598,13.912200,69,4398.65,0.059892
6.58750,0,23.7241,0.035294,0.510110,0.067085,21.628839,14.301496,70,3836.20,0.038365
6.58750,1,23.7241,0.035382,0.510296,0.067294,21.020555,13.954300,53,2134.39,0.029415
6.58750,2,23.7241,0.045877,0.508495,0.081433,21.544950,14.300145,78,6103.30,0.069471
6.58750,3,23.7241,0.045936,0.508708,0.081589,21.056122,13.939492,69,4453.07,0.060310
6.59167,0,23.7667,0.035476,0.510108,0.067224,21.807720,14.327876,70,3851.91,0.038035
6.59167,1,23.7667,0.035539,0.510297,0.067366,21.044771,13.975707,52,2120.58,0.029188
6.59167,2,23.7667,0.045645,0.508557,0.081081,21.950850,14.331880,78,6097.14,0.069754
6.59167,3,23.7667,0.045471,0.508763,0.080980,20.952274,13.958327,68,4448.29,0.060714
6.59583,0,23.8094,0.035174,0.510096,0.066903,21.786552,14.351239,72,3870.16,0.037730
6.59583,1,23.8094,0.035377,0.510290,0.067145,21.065535,13.995625,51,2086.25,0.028949
6.59583,2,23.8094,0.045082,0.508621,0.080410,21.615120,14.342675,78,6117.95,0.070042
6.59583,3,23.8094,0.045115,0.508841,0.080484,21.068970,13.995790,69,4444.67,0.061100
6.60000,0,23.8520,0.034987,0.510131,0.066719,21.920624,14.368450,71,3817.27,0.037417
6.60000,1,23.8520,0.035268,0.510297,0.066986,21.118561,14.020300,51,2089.30,0.028710
6.60000,2,23.8520,0.044779,0.508687,0.079980,21.860321,14.363733,79,6213.58,0.070368
6.60000,3,23.8520,0.044699,0.508908,0.079957,21.236847,14.031747,68,4423.22,0.061468
6.60417,0,23.8950,0.034931,0.510195,0.066661,21.820213,14.393286,70,3843.81,0.037125
6.60417,1,23.8950,0.035038,0.510319,0.066756,21.189709,14.054189,50,2063.94,0.028467
6.60417,2,23.8950,0.044331,0.508740,0.079423,21.720455,14.393859,78,6274.81,0.070728
6.60417,3,23.8950,0.044279,0.508947,0.079403,21.105299,14.046816,68,4475.77,0.061850
6.60833,0,23.9383,0.034737,0.510229,0.066367,21.829771,14.416928,69,3758.67,0.036809
6.60833,1,23.9383,0.034905,0.510366,0.066596,21.226208,14.081356,50,2054.82,0.028218
6.60833,2,23.9383,0.044009,0.508795,0.078993,21.984604,14.423080,80,6274.74,0.071097
6.60833,3,23.9383,0.043861,0.509002,0.078876,21.289864,14.062094,68,4449.70,0.062220
6.61250,0,23.9816,0.034700,0.510213,0.066230,22.052654,14.429875,70,3828.60,0.036526
6.61250,1,23.9816,0.034791,0.510392,0.066425,21.303860,14.106969,50,2006.29,0.027956
6.61250,2,23.9816,0.043552,0.508838,0.078425,21.781202,14.436420,79,6305.03,0.071474
6.61250,3,23.9816,0.043487,0.509061,0.078344,21.180975,14.088788,69,4431.43,0.062571
6.61667,0,24.0249,0.034479,0.510183,0.065926,21.854912,14.444008,71,3885.68,0.036284
6.61667,1,24.0249,0.034654,0.510403,0.066158,21.405680,14.131162,50,1998.23,0.027700
6.61667,2,24.0249,0.043317,0.508891,0.078017,21.864588,14.450627,79,6275.62,0.071830
6.61667,3,24.0249,0.043202,0.509110,0.077954,21.232767,14.119271,68,4442.37,0.062911
6.62083,0,24.0681,0.034478,0.510177,0.065930,22.084356,14.466199,71,3816.04,0.036033
6.62083,1,24.0681,0.034457,0.510409,0.065904,21.315119,14.150783,49,1968.45,0.027437
6.62083,2,24.0681,0.042867,0.508918,0.077409,21.951527,14.466119,79,6317.81,0.072189
6.62083,3,24.0681,0.042833,0.509164,0.077484,21.483278,14.154678,68,4460.57,0.063251
6.62500,0,24.1116,0.034435,0.510198,0.065794,22.111095,14.480644,71,3825.50,0.035787
6.62500,1,24.1116,0.034565,0.510413,0.065951,21.605116,14.182796,48,1947.09,0.027172
6.62500,2,24.1116,0.042499,0.508984,0.076956,21.951696,14.489272,80,6334.03,0.072550
6.62500,3,24.1116,0.042481,0.509221,0.076998,21.456684,14.185582,69,4449.13,0.063579
6.62917,0,24.1550,0.034137,0.510267,0.065476,21.967813,14.508791,70,3820.29,0.035546
6.62917,1,24.1550,0.034289,0.510418,0.065697,21.403868,14.204235,49,1957.68,0.026918
6.62917,2,24.1550,0.042187,0.509042,0.076555,21.982172,14.514307,79,6287.53,0.072882
6.62917,3,24.1550,0.041979,0.509249,0.076409,21.385717,14.205735,70,4568.73,0.063946
6.63333,0,24.1988,0.034138,0.510322,0.065439,22.003496,14.538801,68,3745.52,0.035279
6.63333,1,24.1988,0.034183,0.510450,0.065506,21.656916,14.235985,49,1945.20,0.026665
6.63333,2,24.1988,0.041808,0.509082,0.076072,21.978174,14.533286,80,6403.47,0.073257
6.63333,3,24.1988,0.041842,0.509303,0.076110,21.632448,14.234426,67,4503.00,0.064297
6.63750,0,24.2428,0.033789,0.510319,0.065063,22.185959,14.557782,69,3789.21,0.035031
6.63750,1,24.2428,0.034017,0.510479,0.065325,21.523382,14.259687,48,1933.77,0.026417
6.63750,2,24.2428,0.041492,0.509125,0.075645,22.061504,14.554369,78,6378.76,0.073626
6.63750,3,24.2428,0.041398,0.509353,0.075545,21.507307,14.261018,69,4523.21,0.064645
6.64167,0,24.2867,0.033894,0.510287,0.065067,22.147366,14.564919,70,3770.14,0.034788
6.64167,1,24.2867,0.033893,0.510507,0.065086,21.586349,14.284188,48,1946.16,0.026184
6.64167,2,24.2867,0.041240,0.509169,0.075240,22.154654,14.573512,78,6305.84,0.073953
6.64167,3,24.2867,0.041149,0.509395,0.075183,21.521692,14.283305,68,4540.22,0.064986
6.64583,0,24.3305,0.033715,0.510264,0.064792,22.149906,14.582086,71,3837.76,0.034584
6.64583,1,24.3305,0.033856,0.510507,0.064979,21.616533,14.313447,47,1926.88,0.025961
6.64583,2,24.3305,0.040838,0.509198,0.074718,22.067511,14.594523,79,6412.93,0.074308
6.64583,3,24.3305,0.040734,0.509431,0.074658,21.673939,14.310040,68,4526.34,0.065316
6.65000,0,24.3747,0.033761,0.510255,0.064826,22.262363,14.612334,72,3825.71,0.034396
6.65000,1,24.3747,0.033705,0.510498,0.064797,21.703587,14.340721,48,1931.69,0.025753
6.65000,2,24.3747,0.040560,0.509242,0.074317,22.084631,14.608927,78,6399.68,0.074657
6.65000,3,24.3747,0.040553,0.509476,0.074414,21.871515,14.343625,69,4563.86,0.065654
6.65417,0,24.4191,0.033537,0.510328,0.064547,22.144197,14.621678,71,3769.46,0.034194
6.65417,1,24.4191,0.033509,0.510506,0.064572,21.710157,14.363851,48,1919.27,0.025549
6.65417,2,24.4191,0.040234,0.509301,0.073930,22.249743,14.633778,79,6352.54,0.074979
6.65417,3,24.4191,0.040119,0.509515,0.073843,21.655020,14.364766,69,4568.39,0.065984
6.65833,0,24.4634,0.033510,0.510395,0.064505,22.326435,14.651440,70,3746.17,0.033983
6.65833,1,24.4634,0.033452,0.510526,0.064461,21.803009,14.385496,47,1901.41,0.025341
6.65833,2,24.4634,0.039950,0.509342,0.073533,22.257023,14.657784,78,6322.87,0.075273
6.65833,3,24.4634,0.039923,0.509552,0.073544,21.966257,14.395220,69,4617.07,0.066322
6.66250,0,24.5078,0.033281,0.510433,0.064214,22.400265,14.679394,69,3714.09,0.033758
6.66250,1,24.5078,0.033321,0.510562,0.064295,21.852345,14.414176,47,1911.54,0.025140
6.66250,2,24.5078,0.039646,0.509366,0.073140,22.233776,14.676860,79,6465.69,0.075617
6.66250,3,24.5078,0.039578,0.509594,0.073058,21.774244,14.422126,68,4578.66,0.066648
6.66667,0,24.5527,0.032996,0.510425,0.063813,22.273842,14.697249,68,3731.02,0.033544
6.66667,1,24.5527,0.033305,0.510583,0.064187,21.835947,14.442579,48,1929.92,0.024955
6.66667,2,24.5527,0.039349,0.509405,0.072705,22.304775,14.697492,78,6376.14,0.075932
6.66667,3,24.5527,0.039328,0.509628,0.072702,21.940563,14.447749,70,4691.50,0.067008
6.67083,0,24.5978,0.033109,0.510369,0.063970,22.695717,14.711012,69,3679.62,0.033319
6.67083,1,24.5978,0.033237,0.510579,0.064083,21.899460,14.470056,47,1943.75,0.024784
6.67083,2,24.5978,0.039129,0.509435,0.072374,22.356741,14.709897,79,6405.92,0.076251
6.67083,3,24.5978,0.039071,0.509662,0.072394,21.831995,14.469887,69,4640.97,0.067351
6.67500,0,24.6429,0.032892,0.510354,0.063610,22.342693,14.708808,70,3741.04,0.033128
6.67500,1,24.6429,0.033015,0.510573,0.063796,21.915733,14.490920,48,1960.47,0.024635
6.67500,2,24.6429,0.038832,0.509476,0.071945,22.396759,14.733122,78,6367.54,0.076548
6.67500,3,24.6429,0.038755,0.509689,0.071964,21.944550,14.497938,69,4660.92,0.067685
6.67917,0,24.6880,0.032891,0.510374,0.063630,22.503378,14.731168,69,3661.55,0.032923
6.67917,1,24.6880,0.032935,0.510581,0.063691,22.031858,14.518157,48,1961.54,0.024494
6.67917,2,24.6880,0.038579,0.509516,0.071630,22.561819,14.757748,78,6387.14,0.076841
6.67917,3,24.6880,0.038536,0.509721,0.071650,21.972895,14.526881,69,4647.03,0.068002
6.68333,0,24.7332,0.032993,0.510434,0.063624,22.617727,14.772966,68,3679.88,0.032730
6.68333,1,24.7332,0.032796,0.510593,0.063519,22.002518,14.539769,48,1981.03,0.024368
6.68333,2,24.7332,0.038299,0.509562,0.071261,22.450314,14.788296,78,6357.00,0.077114
6.68333,3,24.7332,0.038250,0.509757,0.071226,22.251593,14.559715,69,4753.78,0.068350
6.68750,0,24.7787,0.032546,0.510483,0.063182,22.442509,14.798676,68,3693.56,0.032557
6.68750,1,24.7787,0.032759,0.510614,0.063421,22.057734,14.567471,49,1998.34,0.024260
6.68750,2,24.7787,0.038023,0.509601,0.070925,22.552063,14.818389,78,6319.10,0.077365
6.68750,3,24.7787,0.037964,0.509787,0.070874,22.014692,14.582288,69,4746.24,0.068692
6.69167,0,24.8241,0.032291,0.510479,0.062881,22.742294,14.816404,69,3667.80,0.032389
6.69167,1,24.8241,0.032696,0.510638,0.063312,22.143154,14.602261,48,2002.12,0.024162
6.69167,2,24.8241,0.037847,0.509631,0.070623,22.498287,14.834518,78,6376.39,0.077632
6.69167,3,24.8241,0.037831,0.509808,0.070630,22.299238,14.604747,70,4818.05,0.069057
6.69583,0,24.8702,0.032602,0.510457,0.063159,22.606487,14.821036,68,3656.20,0.032225
6.69583,1,24.8702,0.032509,0.510623,0.063086,22.139029,14.624521,49,2015.34,0.024074
6.69583,2,24.8702,0.037591,0.509654,0.070271,22.560534,14.848089,79,6365.62,0.077904
6.69583,3,24.8702,0.037495,0.509837,0.070211,22.115025,14.629335,70,4793.18,0.069411
6.70000,0,24.9161,0.032286,0.510438,0.062752,22.591827,14.843510,67,3583.56,0.032040
6.70000,1,24.9161,0.032451,0.510616,0.062960,22.264980,14.644664,49,2040.22,0.023996
6.70000,2,24.9161,0.037307,0.509680,0.069850,22.659252,14.860380,78,6268.65,0.078131
6.70000,3,24.9161,0.037291,0.509872,0.069893,22.336542,14.655901,70,4788.48,0.069741
6.70417,0,24.9617,0.032206,0.510451,0.062617,22.711758,14.872779,70,3686.00,0.031902
6.70417,1,24.9617,0.032417,0.510636,0.062867,22.226299,14.672391,49,2055.58,0.023936
6.70417,2,24.9617,0.037187,0.509693,0.069649,22.839933,14.881086,78,6326.07,0.078364
6.70417,3,24.9617,0.037029,0.509894,0.069574,22.317451,14.674712,69,4798.98,0.070059
6.70833,0,25.0076,0.032119,0.510485,0.062518,22.785957,14.891982,69,3645.76,0.031773
6.70833,1,25.0076,0.032179,0.510653,0.062617,22.255100,14.701052,50,2061.52,0.023886
6.70833,2,25.0076,0.036851,0.509730,0.069255,22.663589,14.904065,79,6353.84,0.078609
6.70833,3,25.0076,0.036853,0.509910,0.069282,22.327631,14.694893,70,4834.81,0.070383
6.71250,0,25.0538,0.032360,0.510511,0.062734,22.674936,14.903777,68,3595.41,0.031631
6.71250,1,25.0538,0.032138,0.510672,0.062540,22.470774,14.727878,49,2059.62,0.023834
6.71250,2,25.0538,0.036675,0.509762,0.069005,22.740013,14.929132,78,6327.98,0.078847
6.71250,3,25.0538,0.036628,0.509931,0.068940,22.438051,14.732764,70,4848.83,0.070705
6.71667,0,25.1000,0.031974,0.510524,0.062274,23.056139,14.930859,67,3591.70,0.031490
6.71667,1,25.1000,0.032211,0.510682,0.062550,22.494349,14.753125,50,2091.94,0.023795
6.71667,2,25.1000,0.036447,0.509791,0.068701,22.724113,14.946085,78,6270.82,0.079056
6.71667,3,25.1000,0.036478,0.509956,0.068733,22.419207,14.763514,71,4874.26,0.071023
6.72083,0,25.1461,0.031776,0.510509,0.062024,22.741331,14.950773,68,3628.01,0.031375
6.72083,1,25.1461,0.031903,0.510681,0.062222,22.413429,14.776248,49,2094.49,0.023763
6.72083,2,25.1461,0.036291,0.509816,0.068432,22.880949,14.961903,79,6350.32,0.079290
6.72083,3,25.1461,0.036267,0.509981,0.068453,22.518843,14.789029,69,4907.47,0.071351
6.72500,0,25.1928,0.031850,0.510498,0.062064,23.047939,14.970994,67,3558.81,0.031245
6.72500,1,25.1928,0.032128,0.510671,0.062382,22.474009,14.797287,50,2112.18,0.023737
6.72500,2,25.1928,0.035994,0.509835,0.068030,22.778570,14.979648,79,6302.90,0.079513
6.72500,3,25.1928,0.035994,0.510001,0.068089,22.535959,14.801895,70,4911.87,0.071672
6.72917,0,25.2393,0.031727,0.510513,0.061914,22.858742,14.990898,68,3605.40,0.031138
6.72917,1,25.2393,0.031700,0.510675,0.061912,22.577244,14.821934,50,2127.44,0.023722
6.72917,2,25.2393,0.035925,0.509848,0.067885,23.076925,15.002141,78,6335.17,0.079745
6.72917,3,25.2393,0.035784,0.510016,0.067796,22.618477,14.828305,69,4858.45,0.071961
6.73333,0,25.2857,0.031832,0.510533,0.062018,22.900393,15.011206,68,3644.86,0.031065
6.73333,1,25.2857,0.031735,0.510696,0.061888,22.609341,14.854362,50,2149.89,0.023724
6.73333,2,25.2857,0.035671,0.509857,0.067546,22.852610,15.018661,78,6304.63,0.079961
6.73333,3,25.2857,0.035635,0.509998,0.067541,22.745537,14.843665,68,4750.45,0.072181
6.73750,0,25.3315,0.031412,0.510553,0.061529,23.003706,15.028582,68,3591.87,0.030988
6.73750,1,25.3315,0.031708,0.510711,0.061841,22.572004,14.885242,50,2149.41,0.023728
6.73750,2,25.3315,0.035496,0.509897,0.067314,23.125057,15.038797,78,6272.41,0.080143
6.73750,3,25.3315,0.035424,0.509969,0.067311,22.717451,14.844103,68,4730.61,0.072358
6.74167,0,25.3771,0.031687,0.510548,0.061747,23.011021,15.049442,67,3530.20,0.030887
6.74167,1,25.3771,0.031623,0.510710,0.061750,22.712465,14.904697,50,2167.13,0.023734
6.74167,2,25.3771,0.035342,0.509924,0.067091,23.083361,15.066899,78,6330.65,0.080328
6.74167,3,25.3771,0.035387,0.509937,0.067127,22.667919,14.843225,67,4787.69,0.072543
6.74583,0,25.4233,0.031391,0.510570,0.061387,22.971277,15.070614,68,3577.52,0.030805
6.74583,1,25.4233,0.031458,0.510696,0.061531,22.694410,14.917572,51,2196.89,0.023753
6.74583,2,25.4233,0.035076,0.509939,0.066755,22.954901,15.085849,77,6310.56,0.080505
6.74583,3,25.4233,0.035052,0.509932,0.066729,22.895542,14.861487,66,4708.69,0.072691
6.75000,0,25.4690,0.031411,0.510573,0.061411,23.177479,15.099420,67,3559.33,0.030729
6.75000,1,25.4690,0.031465,0.510688,0.061476,22.862785,14.940451,52,2243.29,0.023794
6.75000,2,25.4690,0.034946,0.509961,0.066533,23.211037,15.110565,77,6217.38,0.080628
6.75000,3,25.4690,0.035169,0.509919,0.066783,22.698782,14.887147,67,4833.16,0.072870
6.75417,0,25.5148,0.031317,0.510558,0.061301,23.072243,15.117914,69,3537.55,0.030656
6.75417,1,25.5148,0.031355,0.510699,0.061324,22.731186,14.968739,52,2244.76,0.023840
6.75417,2,25.5148,0.034737,0.509977,0.066247,23.085737,15.130610,78,6289.21,0.080769
6.75417,3,25.5148,0.035014,0.509942,0.066579,22.846584,14.922191,67,4918.47,0.073094
6.75833,0,25.5614,0.030932,0.510584,0.060830,23.407345,15.137683,68,3570.58,0.030605
6.75833,1,25.5614,0.031395,0.510715,0.061309,22.948950,15.001672,52,2276.18,0.023899
6.75833,2,25.5614,0.034648,0.509996,0.066069,23.213285,15.147559,76,6305.76,0.080932
6.75833,3,25.5614,0.034858,0.509976,0.066351,22.956913,14.965778,68,5005.85,0.073371
6.76250,0,25.6084,0.031086,0.510604,0.060966,23.101538,15.150831,68,3529.09,0.030551
6.76250,1,25.6084,0.031113,0.510720,0.061055,22.833712,15.014957,52,2287.02,0.023963
6.76250,2,25.6084,0.034470,0.510020,0.065838,23.256184,15.180965,77,6188.25,0.081060
6.76250,3,25.6084,0.034434,0.510002,0.065836,22.936630,14.987834,69,5038.17,0.073665
6.76667,0,25.6550,0.031058,0.510622,0.060873,23.455425,15.183237,68,3538.32,0.030506
6.76667,1,25.6550,0.031320,0.510731,0.061182,23.218428,15.043767,52,2298.31,0.024029
6.76667,2,25.6550,0.034270,0.510026,0.065586,23.330851,15.188909,77,6341.11,0.081250
6.76667,3,25.6550,0.034280,0.510013,0.065578,22.991072,15.000133,68,5025.58,0.073961
6.77083,0,25.7023,0.030935,0.510625,0.060763,23.192135,15.196924,67,3499.63,0.030452
6.77083,1,25.7023,0.031083,0.510727,0.060944,22.941397,15.061365,51,2302.14,0.024090
6.77083,2,25.7023,0.034189,0.510044,0.065460,23.258621,15.199777,78,6293.88,0.081442
6.77083,3,25.7023,0.034176,0.510007,0.065433,23.031954,15.009903,69,5060.14,0.074264
6.77500,0,25.7496,0.031144,0.510609,0.060897,23.336876,15.216635,67,3488.51,0.030396
6.77500,1,25.7496,0.031056,0.510705,0.060874,23.114479,15.090774,53,2345.89,0.024162
6.77500,2,25.7496,0.034047,0.510059,0.065212,23.366795,15.216988,77,6219.98,0.081605
6.77500,3,25.7496,0.034102,0.510013,0.065261,23.125135,15.033798,70,5087.48,0.074568
6.77917,0,25.7965,0.030667,0.510578,0.060431,23.409521,15.228451,67,3510.06,0.030355
6.77917,1,25.7965,0.031102,0.510714,0.060858,23.043756,15.117848,52,2330.17,0.024228
6.77917,2,25.7965,0.033843,0.510055,0.064905,23.446033,15.242469,77,6228.62,0.081764
6.77917,3,25.7965,0.034036,0.510033,0.065179,23.105074,15.073164,69,5012.57,0.074828
6.78333,0,25.8423,0.030963,0.510589,0.060651,23.497082,15.255756,69,3610.61,0.030369
6.78333,1,25.8423,0.031039,0.510721,0.060779,23.066383,15.141981,53,2334.07,0.024299
6.78333,2,25.8423,0.033732,0.510050,0.064759,23.380585,15.261472,76,6202.65,0.081904
6.78333,3,25.8423,0.033914,0.510045,0.064992,23.218147,15.107162,69,5110.48,0.075104
6.78750,0,25.8874,0.030992,0.510608,0.060701,23.367710,15.282051,68,3549.86,0.030378
6.78750,1,25.8874,0.030896,0.510724,0.060618,23.161774,15.161136,51,2309.81,0.024355
6.78750,2,25.8874,0.033576,0.510049,0.064564,23.523363,15.273870,76,6180.97,0.082034
6.78750,3,25.8874,0.033758,0.510051,0.064769,23.266291,15.125743,69,5052.37,0.075350
6.79167,0,25.9313,0.030812,0.510619,0.060485,23.479416,15.294706,68,3586.55,0.030400
6.79167,1,25.9313,0.030991,0.510730,0.060662,23.295959,15.179633,52,2339.82,0.024420
6.79167,2,25.9313,0.033517,0.510021,0.064441,23.586540,15.271221,76,6170.15,0.082152
6.79167,3,25.9313,0.033527,0.510065,0.064470,23.292099,15.142582,69,5078.29,0.075585
6.79583,0,25.9746,0.030506,0.510630,0.060166,23.665304,15.313723,67,3555.99,0.030416
6.79583,1,25.9746,0.030865,0.510738,0.060538,23.205849,15.212359,53,2357.31,0.024490
6.79583,2,25.9746,0.033460,0.509986,0.064332,23.578432,15.265532,76,6189.54,0.082276
6.79583,3,25.9746,0.033415,0.510087,0.064289,23.300467,15.164626,69,5054.77,0.075800
6.80000,0,26.0173,0.030870,0.510621,0.060469,23.455698,15.327143,67,3547.35,0.030428
6.80000,1,26.0173,0.030859,0.510732,0.060515,23.249397,15.240394,52,2358.74,0.024559
6.80000,2,26.0173,0.033280,0.509951,0.064113,23.532093,15.272594,75,6146.48,0.082381
6.80000,3,26.0173,0.033343,0.510093,0.064154,23.432100,15.190247,70,5108.78,0.076022
6.80417,0,26.0593,0.030538,0.510591,0.060141,23.690559,15.342386,69,3654.97,0.030489
6.80417,1,26.0593,0.030638,0.510725,0.060293,23.340460,15.261358,53,2394.95,0.024649
6.80417,2,26.0593,0.033448,0.509925,0.064210,23.510075,15.289165,75,6179.50,0.082498
6.80417,3,26.0593,0.033267,0.510099,0.064054,23.378092,15.215094,69,5069.87,0.076223
6.80833,0,26.1008,0.030715,0.510572,0.060295,23.708706,15.361347,69,3676.74,0.030579
6.80833,1,26.1008,0.030870,0.510718,0.060466,23.435078,15.276859,51,2384.05,0.024744
6.80833,2,26.1008,0.033533,0.509937,0.064231,23.613382,15.323444,76,6228.09,0.082638
6.80833,3,26.1008,0.033289,0.510104,0.064045,23.439842,15.236685,69,5065.37,0.076413
6.81250,0,26.1421,0.030556,0.510588,0.060134,23.512346,15.381846,68,3627.71,0.030656
6.81250,1,26.1421,0.030840,0.510713,0.060429,23.373438,15.292348,53,2421.22,0.024852
6.81250,2,26.1421,0.033397,0.509968,0.064053,23.620110,15.349320,76,6220.07,0.082781
6.81250,3,26.1421,0.033182,0.510097,0.063875,23.488079,15.256822,69,5081.08,0.076603
6.81667,0,26.1827,0.030390,0.510612,0.059964,23.694284,15.391942,68,3614.55,0.030725
6.81667,1,26.1827,0.030758,0.510707,0.060307,23.394314,15.321381,53,2428.78,0.024963
6.81667,2,26.1827,0.032935,0.510001,0.063547,23.791237,15.362578,76,6245.77,0.082935
6.81667,3,26.1827,0.033009,0.510098,0.063655,23.590643,15.279645,69,5111.49,0.076803
6.82083,0,26.2231,0.030557,0.510627,0.060093,24.025002,15.419330,68,3598.02,0.030782
6.82083,1,26.2231,0.030568,0.510713,0.060147,23.432964,15.345836,55,2484.60,0.025093
6.82083,2,26.2231,0.032972,0.510005,0.063550,23.632954,15.366668,76,6214.90,0.083081
6.82083,3,26.2231,0.032824,0.510109,0.063397,23.584396,15.305058,69,5113.55,0.077001
6.82500,0,26.2628,0.030627,0.510606,0.060154,23.598780,15.427869,69,3698.62,0.030886
6.82500,1,26.2628,0.030604,0.510706,0.060170,23.742468,15.370218,54,2512.88,0.025245
6.82500,2,26.2628,0.032800,0.509998,0.063341,23.802299,15.379835,75,6145.13,0.083192
6.82500,3,26.2628,0.032947,0.510116,0.063480,23.578875,15.321879,69,5125.37,0.077192
6.82917,0,26.3015,0.030459,0.510589,0.060023,23.833658,15.437159,67,3599.25,0.030964
6.82917,1,26.3015,0.030727,0.510692,0.060298,23.731901,15.387166,54,2529.43,0.025402
6.82917,2,26.3015,0.033073,0.509990,0.063590,23.738651,15.397998,75,6070.62,0.083259
6.82917,3,26.3015,0.032804,0.510126,0.063315,23.672590,15.336952,69,5125.14,0.077366
6.83333,0,26.3388,0.030665,0.510587,0.060201,23.790018,15.449317,68,3658.65,0.031061
6.83333,1,26.3388,0.030697,0.510684,0.060232,23.567841,15.397673,56,2618.14,0.025596
6.83333,2,26.3388,0.032927,0.509998,0.063397,23.651945,15.409927,76,6082.41,0.083316
6.83333,3,26.3388,0.032741,0.510122,0.063238,23.712921,15.355654,69,5135.96,0.077531
6.83750,0,26.3749,0.030465,0.510590,0.059950,23.796560,15.478514,68,3651.60,0.031168
6.83750,1,26.3749,0.030686,0.510686,0.060208,23.793354,15.427238,57,2655.63,0.025815
6.83750,2,26.3749,0.032852,0.510016,0.063269,23.917665,15.433211,74,6040.18,0.083353
6.83750,3,26.3749,0.032705,0.510121,0.063164,23.779856,15.382524,69,5109.02,0.077670
6.84167,0,26.4092,0.030675,0.510616,0.060191,23.984781,15.499891,67,3609.35,0.031266
6.84167,1,26.4092,0.030648,0.510671,0.060154,23.707706,15.440004,55,2659.61,0.026032
6.84167,2,26.4092,0.032801,0.510023,0.063202,23.815117,15.447433,75,6051.18,0.083385
6.84167,3,26.4092,0.032643,0.510110,0.063067,23.764423,15.398333,70,5212.93,0.077839
6.84583,0,26.4431,0.030410,0.510607,0.059948,23.840094,15.499996,67,3604.33,0.031359
6.84583,1,26.4431,0.030616,0.510650,0.060133,23.774319,15.451847,57,2744.87,0.026276
6.84583,2,26.4431,0.032633,0.510037,0.063013,23.942268,15.461704,74,5999.24,0.083404
6.84583,3,26.4431,0.032703,0.510111,0.063094,23.715578,15.411309,69,5197.63,0.078002
6.85000,0,26.4752,0.030643,0.510589,0.060148,23.802654,15.504628,68,3641.23,0.031475
6.85000,1,26.4752,0.030780,0.510666,0.060291,23.763443,15.473747,59,2799.96,0.026546
6.85000,2,26.4752,0.032688,0.510037,0.063053,23.850744,15.471910,73,5917.37,0.083384
6.85000,3,26.4752,0.032560,0.510116,0.062909,23.916464,15.434047,70,5179.83,0.078140
6.85417,0,26.5054,0.030388,0.510587,0.059895,24.034681,15.531049,68,3612.54,0.031593
6.85417,1,26.5054,0.030558,0.510666,0.060096,23.715166,15.491330,58,2842.63,0.026833
6.85417,2,26.5054,0.032564,0.510050,0.062893,24.057598,15.484108,72,5868.92,0.083333
6.85417,3,26.5054,0.032506,0.510130,0.062842,23.800808,15.449525,69,5161.15,0.078247
6.85833,0,26.5340,0.030672,0.510574,0.060197,23.823549,15.542244,69,3638.15,0.031729
6.85833,1,26.5340,0.030723,0.510645,0.060271,24.022816,15.506571,59,2907.53,0.027145
6.85833,2,26.5340,0.032621,0.510065,0.062940,23.865461,15.497777,73,5776.20,0.083230
6.85833,3,26.5340,0.032492,0.510128,0.062821,23.909456,15.463394,69,5195.91,0.078342
6.86250,0,26.5614,0.030705,0.510560,0.060220,23.919651,15.552278,68,3651.10,0.031884
6.86250,1,26.5614,0.030719,0.510629,0.060222,23.896917,15.518626,60,2948.52,0.027473
6.86250,2,26.5614,0.032560,0.510070,0.062845,24.141499,15.515682,71,5783.46,0.083120
6.86250,3,26.5614,0.032482,0.510119,0.062783,24.003288,15.474631,70,5231.81,0.078438
6.86667,0,26.5882,0.030742,0.510578,0.060208,23.911644,15.560002,68,3647.61,0.032048
6.86667,1,26.5882,0.030650,0.510608,0.060146,23.802290,15.524441,60,2992.97,0.027814
6.86667,2,26.5882,0.032535,0.510070,0.062803,24.002014,15.525219,72,5788.72,0.083018
6.86667,3,26.5882,0.032453,0.510131,0.062730,23.887209,15.490332,69,5186.18,0.078508
6.87083,0,26.6138,0.030491,0.510564,0.060004,24.122030,15.574876,70,3698.72,0.032244
6.87083,1,26.6138,0.030831,0.510609,0.060317,23.972260,15.538838,61,3046.55,0.028175
6.87083,2,26.6138,0.032603,0.510071,0.062845,24.050875,15.535473,71,5742.43,0.082903
6.87083,3,26.6138,0.032437,0.510139,0.062721,23.919598,15.509712,69,5203.68,0.078566
6.87500,0,26.6385,0.030691,0.510553,0.060196,23.975513,15.576035,71,3791.10,0.032496
6.87500,1,26.6385,0.030798,0.510608,0.060301,23.855156,15.551219,61,3085.08,0.028555
6.87500,2,26.6385,0.032434,0.510073,0.062680,24.106348,15.546496,71,5694.76,0.082767
6.87500,3,26.6385,0.032441,0.510130,0.062670,23.996813,15.520519,69,5214.96,0.078614
6.87917,0,26.6625,0.030733,0.510567,0.060251,24.045210,15.600398,67,3625.69,0.032695
6.87917,1,26.6625,0.030833,0.510600,0.060343,23.887484,15.564592,62,3143.32,0.028944
6.87917,2,26.6625,0.032460,0.510086,0.062679,24.164087,15.556410,70,5651.32,0.082612
6.87917,3,26.6625,0.032261,0.510133,0.062470,24.079884,15.528828,69,5216.25,0.078649
6.88333,0,26.6857,0.030655,0.510567,0.060177,23.998077,15.611967,69,3698.92,0.032912
6.88333,1,26.6857,0.030654,0.510590,0.060192,23.929747,15.577171,61,3159.51,0.029330
6.88333,2,26.6857,0.032462,0.510097,0.062650,24.046227,15.563330,70,5549.08,0.082413
6.88333,3,26.6857,0.032341,0.510126,0.062562,23.995329,15.538638,69,5158.44,0.078638
6.88750,0,26.7076,0.030520,0.510550,0.060004,24.094847,15.612217,69,3721.26,0.033145
6.88750,1,26.7076,0.030928,0.510576,0.060466,23.924322,15.587164,60,3179.28,0.029711
6.88750,2,26.7076,0.032379,0.510106,0.062562,24.132734,15.577255,70,5561.11,0.082205
6.88750,3,26.7076,0.032291,0.510122,0.062468,24.045139,15.543088,69,5168.39,0.078606
6.89167,0,26.7293,0.030848,0.510481,0.060316,24.246473,15.608536,69,3773.97,0.033407
6.89167,1,26.7293,0.030718,0.510562,0.060226,23.998922,15.591524,63,3274.07,0.030123
6.89167,2,26.7293,0.032435,0.510108,0.062585,24.206581,15.588881,70,5487.38,0.081968
6.89167,3,26.7293,0.032253,0.510135,0.062423,24.152302,15.557076,69,5122.16,0.078537
6.89583,0,26.7501,0.030701,0.510510,0.060201,24.137146,15.621693,69,3828.98,0.033706
6.89583,1,26.7501,0.030841,0.510555,0.060323,24.114767,15.606840,63,3336.65,0.030565
6.89583,2,26.7501,0.032328,0.510107,0.062480,24.182734,15.595592,69,5484.68,0.081724
6.89583,3,26.7501,0.032228,0.510144,0.062367,24.035055,15.570445,69,5127.23,0.078450
6.90000,0,26.7708,0.030608,0.510544,0.060133,24.019619,15.649057,70,3809.61,0.034013
6.90000,1,26.7708,0.030825,0.510542,0.060320,23.939701,15.616511,64,3381.91,0.031024
6.90000,2,26.7708,0.032348,0.510101,0.062482,24.247652,15.607040,70,5476.38,0.081479
6.90000,3,26.7708,0.032273,0.510161,0.062423,24.145544,15.586299,69,5140.62,0.078358
6.90417,0,26.7913,0.030694,0.510540,0.060236,24.337154,15.665054,69,3785.41,0.034313
6.90417,1,26.7913,0.030762,0.510538,0.060278,24.071579,15.620372,63,3385.07,0.031472
6.90417,2,26.7913,0.032300,0.510117,0.062423,24.226038,15.612387,69,5390.70,0.081204
6.90417,3,26.7913,0.032082,0.510164,0.062213,24.151209,15.598601,68,5032.60,0.078208
6.90833,0,26.8106,0.030731,0.510520,0.060232,24.209457,15.653087,68,3796.58,0.034611
6.90833,1,26.8106,0.030951,0.510539,0.060463,24.095770,15.628000,62,3389.54,0.031901
6.90833,2,26.8106,0.032286,0.510140,0.062381,24.246883,15.623238,69,5338.43,0.080896
6.90833,3,26.8106,0.032140,0.510157,0.062264,24.122639,15.595842,68,5062.30,0.078041
6.91250,0,26.8299,0.030803,0.510486,0.060291,24.176315,15.652133,72,3957.69,0.034975
6.91250,1,26.8299,0.030828,0.510531,0.060336,24.124134,15.640372,65,3489.18,0.032365
6.91250,2,26.8299,0.032106,0.510140,0.062193,24.257442,15.636458,69,5370.78,0.080597
6.91250,3,26.8299,0.032166,0.510147,0.062263,24.201569,15.604897,69,5120.74,0.077894
6.91667,0,26.8495,0.030791,0.510474,0.060284,24.231403,15.665818,71,3969.64,0.035368
6.91667,1,26.8495,0.030857,0.510507,0.060363,24.007092,15.651806,64,3524.45,0.032848
6.91667,2,26.8495,0.032288,0.510134,0.062357,24.303841,15.646075,69,5389.00,0.080322
6.91667,3,26.8495,0.032046,0.510153,0.062112,24.182159,15.618443,68,5072.34,0.077735
6.92083,0,26.8689,0.030898,0.510484,0.060391,24.144651,15.692308,70,3920.03,0.035746
6.92083,1,26.8689,0.030815,0.510515,0.060342,24.236629,15.660743,64,3537.93,0.033325
6.92083,2,26.8689,0.032218,0.510122,0.062274,24.299446,15.653708,68,5262.08,0.080006
6.92083,3,26.8689,0.032106,0.510158,0.062175,24.321787,15.631747,68,5040.60,0.077547
6.92500,0,26.8875,0.030592,0.510519,0.060070,24.315289,15.707380,69,3897.24,0.036102
6.92500,1,26.8875,0.030800,0.510516,0.060324,24.214336,15.663704,65,3503.57,0.033766
6.92500,2,26.8875,0.032131,0.510116,0.062162,24.282118,15.649261,69,5322.70,0.079707
6.92500,3,26.8875,0.032082,0.510159,0.062129,24.138287,15.637536,68,5038.93,0.077351
6.92917,0,26.9064,0.030915,0.510523,0.060408,24.092155,15.701933,70,3938.68,0.036457
6.92917,1,26.9064,0.030940,0.510520,0.060394,24.209694,15.673573,64,3508.73,0.034182
6.92917,2,26.9064,0.032087,0.510145,0.062103,24.319975,15.670779,68,5256.69,0.079392
6.92917,3,26.9064,0.032045,0.510173,0.062085,24.372690,15.649769,68,5032.16,0.077145
6.93333,0,26.9250,0.030900,0.510500,0.060409,24.178843,15.701086,70,3954.63,0.036808
6.93333,1,26.9250,0.030939,0.510499,0.060436,24.219126,15.686578,66,3613.86,0.034622
6.93333,2,26.9250,0.032059,0.510160,0.062060,24.338259,15.681172,69,5263.81,0.079081
6.93333,3,26.9250,0.031910,0.510177,0.061924,24.188211,15.651425,69,4988.99,0.076917
6.93750,0,26.9434,0.030715,0.510448,0.060211,24.360218,15.701328,70,3963.65,0.037161
6.93750,1,26.9434,0.030836,0.510477,0.060358,24.152485,15.688911,66,3601.93,0.035053
6.93750,2,26.9434,0.032058,0.510161,0.062059,24.419958,15.692206,69,5268.33,0.078778
6.93750,3,26.9434,0.032005,0.510176,0.062009,24.308525,15.659289,68,4998.77,0.076687
6.94167,0,26.9620,0.030875,0.510422,0.060361,24.402748,15.715645,71,4095.27,0.037566
6.94167,1,26.9620,0.030901,0.510481,0.060399,24.268904,15.698836,67,3695.91,0.035519
6.94167,2,26.9620,0.032050,0.510151,0.062044,24.363194,15.695749,69,5297.27,0.078498
6.94167,3,26.9620,0.031925,0.510187,0.061902,24.326569,15.674580,68,4945.80,0.076440
6.94583,0,26.9804,0.030794,0.510437,0.060229,24.221733,15.732068,71,4068.18,0.037976
6.94583,1,26.9804,0.030919,0.510477,0.060422,24.254261,15.711179,67,3698.95,0.035987
6.94583,2,26.9804,0.032029,0.510147,0.062004,24.354439,15.698722,69,5226.96,0.078197
6.94583,3,26.9804,0.031898,0.510185,0.061858,24.365219,15.689401,68,4941.57,0.076183
6.95000,0,26.9985,0.030997,0.510489,0.060460,24.355600,15.749888,71,4040.38,0.038368
6.95000,1,26.9985,0.030978,0.510488,0.060445,24.361418,15.717998,66,3640.31,0.036412
6.95000,2,26.9985,0.032040,0.510155,0.061994,24.502686,15.711868,69,5179.97,0.077873
6.95000,3,26.9985,0.031945,0.510185,0.061943,24.353878,15.684895,68,4917.85,0.075910
6.95417,0,27.0163,0.030653,0.510500,0.060142,24.563044,15.763409,70,3998.11,0.038719
6.95417,1,27.0163,0.030728,0.510500,0.060207,24.137873,15.715749,66,3684.10,0.036821
6.95417,2,27.0163,0.032022,0.510171,0.061960,24.317171,15.718140,69,5177.87,0.077544
6.95417,3,27.0163,0.031956,0.510193,0.061890,24.312178,15.691235,67,4938.56,0.075642
6.95833,0,27.0344,0.030787,0.510485,0.060271,24.245687,15.754488,70,4042.19,0.039067
6.95833,1,27.0344,0.031094,0.510486,0.060559,24.344631,15.729491,66,3701.89,0.037221
6.95833,2,27.0344,0.031995,0.510188,0.061905,24.580330,15.729647,68,5065.23,0.077173
6.95833,3,27.0344,0.031777,0.510195,0.061694,24.413239,15.710378,66,4837.20,0.075326
6.96250,0,27.0515,0.030764,0.510449,0.060242,24.206738,15.752276,70,4033.79,0.039402
6.96250,1,27.0515,0.030969,0.510457,0.060437,24.248035,15.741968,67,3768.78,0.037634
6.96250,2,27.0515,0.031842,0.510180,0.061746,24.378391,15.739574,69,5174.25,0.076834
6.96250,3,27.0515,0.031810,0.510196,0.061735,24.369389,15.716643,67,4957.52,0.075055
6.96667,0,27.0699,0.030797,0.510423,0.060285,24.612291,15.769044,71,4136.58,0.039776
6.96667,1,27.0699,0.030770,0.510445,0.060263,24.277954,15.751663,67,3791.80,0.038056
6.96667,2,27.0699,0.031994,0.510166,0.061904,24.432875,15.749266,69,5138.82,0.076506
6.96667,3,27.0699,0.031843,0.510192,0.061749,24.523010,15.727603,66,4822.82,0.074745
6.97083,0,27.0875,0.030802,0.510416,0.060242,24.319319,15.775808,71,4097.14,0.040140
6.97083,1,27.0875,0.030938,0.510452,0.060434,24.316618,15.747143,67,3770.66,0.038459
6.97083,2,27.0875,0.031817,0.510168,0.061721,24.522808,15.747622,69,5207.49,0.076212
6.97083,3,27.0875,0.031705,0.510192,0.061585,24.383984,15.722907,67,4958.74,0.074491
6.97500,0,27.1062,0.030955,0.510437,0.060353,24.423187,15.783916,70,4038.26,0.040464
6.97500,1,27.1062,0.030993,0.510434,0.060446,24.409492,15.755819,68,3850.15,0.038871
6.97500,2,27.1062,0.031907,0.510179,0.061786,24.644869,15.761949,67,5033.70,0.075868
6.97500,3,27.1062,0.031790,0.510201,0.061681,24.476461,15.739786,67,4868.38,0.074211
6.97917,0,27.1236,0.030696,0.510462,0.060114,24.605892,15.797041,71,4138.39,0.040816
6.97917,1,27.1236,0.030844,0.510436,0.060287,24.277937,15.763181,67,3825.69,0.039268
6.97917,2,27.1236,0.031831,0.510195,0.061652,24.396315,15.772403,68,5086.74,0.075533
6.97917,3,27.1236,0.031730,0.510212,0.061589,24.499468,15.752275,68,4979.48,0.073975
6.98333,0,27.1419,0.030837,0.510453,0.060314,24.284061,15.809944,71,4089.10,0.041147
6.98333,1,27.1419,0.030976,0.510437,0.060408,24.396170,15.781060,68,3871.07,0.039666
6.98333,2,27.1419,0.031828,0.510200,0.061643,24.636860,15.789018,69,5077.10,0.075213
6.98333,3,27.1419,0.031607,0.510216,0.061460,24.465769,15.761366,65,4811.79,0.073683
6.98750,0,27.1594,0.030838,0.510444,0.060322,24.661386,15.813882,71,4098.86,0.041470
6.98750,1,27.1594,0.030924,0.510454,0.060375,24.357466,15.792244,67,3820.03,0.040027
6.98750,2,27.1594,0.031812,0.510201,0.061624,24.605825,15.786208,69,5064.66,0.074891
6.98750,3,27.1594,0.031775,0.510207,0.061605,24.485569,15.760206,66,4856.78,0.073395
6.99167,0,27.1772,0.030688,0.510425,0.060152,24.483624,15.812356,71,4116.11,0.041785
6.99167,1,27.1772,0.030850,0.510450,0.060278,24.387724,15.801245,67,3806.12,0.040358
6.99167,2,27.1772,0.031753,0.510198,0.061573,24.471453,15.789736,69,5069.35,0.074576
6.99167,3,27.1772,0.031513,0.510205,0.061305,24.611465,15.770943,66,4884.59,0.073126
6.99583,0,27.1952,0.030922,0.510443,0.060326,24.501720,15.820618,71,4131.32,0.042094
6.99583,1,27.1952,0.030922,0.510450,0.060362,24.422855,15.799123,66,3810.39,0.040671
6.99583,2,27.1952,0.031653,0.510195,0.061464,24.679640,15.809348,69,5036.57,0.074260
6.99583,3,27.1952,0.031677,0.510207,0.061479,24.456894,15.778330,67,4900.67,0.072873
7.00000,0,27.2132,0.030813,0.510440,0.060198,24.455919,15.836882,70,4076.38,0.042365
7.00000,1,27.2132,0.030958,0.510453,0.060401,24.340729,15.797674,67,3891.81,0.040999
7.00000,2,27.2132,0.031674,0.510199,0.061457,24.623583,15.812967,69,5092.57,0.073977
7.00000,3,27.2132,0.031525,0.510223,0.061302,24.644564,15.795057,66,4829.03,0.072602
7.00417,0,27.2312,0.030722,0.510430,0.060099,24.575005,15.846909,70,4083.28,0.042624
7.00417,1,27.2312,0.030952,0.510427,0.060362,24.405655,15.818276,68,3894.57,0.041321
7.00417,2,27.2312,0.031642,0.510213,0.061408,24.625874,15.814432,67,4926.80,0.073636
7.00417,3,27.2312,0.031610,0.510245,0.061398,24.521700,15.806227,66,4812.24,0.072311
7.00833,0,27.2483,0.030794,0.510413,0.060197,24.656866,15.840503,69,4093.29,0.042880
7.00833,1,27.2483,0.030959,0.510431,0.060373,24.531803,15.829318,68,3894.61,0.041631
7.00833,2,27.2483,0.031746,0.510203,0.061469,24.595139,15.821476,70,5068.44,0.073340
7.00833,3,27.2483,0.031423,0.510244,0.061216,24.534809,15.810534,66,4839.98,0.072036
7.01250,0,27.2665,0.030887,0.510411,0.060306,24.656225,15.845428,70,4112.64,0.043136
7.01250,1,27.2665,0.030904,0.510439,0.060312,24.535913,15.835317,66,3857.63,0.041912
7.01250,2,27.2665,0.031525,0.510201,0.061223,24.693663,15.839906,68,5005.18,0.073041
7.01250,3,27.2665,0.031489,0.510243,0.061226,24.597843,15.812739,66,4841.39,0.071772
7.01667,0,27.2843,0.030804,0.510419,0.060238,24.577616,15.862124,69,4115.09,0.043385
7.01667,1,27.2843,0.031051,0.510449,0.060436,24.473101,15.839502,67,3892.47,0.042188
7.01667,2,27.2843,0.031651,0.510194,0.061363,24.761946,15.843364,68,4980.78,0.072738
7.01667,3,27.2843,0.031508,0.510225,0.061224,24.620960,15.819348,66,4870.01,0.071525
7.02083,0,27.3023,0.030749,0.510424,0.060169,24.817602,15.889655,71,4127.35,0.043631
7.02083,1,27.3023,0.030825,0.510459,0.060207,24.464806,15.850979,67,3864.52,0.042443
7.02083,2,27.3023,0.031512,0.510204,0.061250,24.598822,15.843751,67,5011.73,0.072457
7.02083,3,27.3023,0.031542,0.510223,0.061243,24.562746,15.823431,66,4830.46,0.071274
7.02500,0,27.3202,0.030674,0.510421,0.060050,24.477839,15.880701,72,4144.02,0.043874
7.02500,1,27.3202,0.030857,0.510445,0.060277,24.598833,15.858549,67,3841.27,0.042673
7.02500,2,27.3202,0.031630,0.510227,0.061336,24.789988,15.863423,67,5027.50,0.072195
7.02500,3,27.3202,0.031413,0.510222,0.061126,24.747213,15.842515,67,4856.42,0.071040
7.02917,0,27.3384,0.030937,0.510426,0.060298,24.920940,15.881949,69,4066.14,0.044072
7.02917,1,27.3384,0.030846,0.510403,0.060256,24.528242,15.859969,66,3881.55,0.042899
7.02917,2,27.3384,0.031423,0.510227,0.061123,24.654018,15.870575,68,4981.16,0.071928
7.02917,3,27.3384,0.031469,0.510222,0.061144,24.634716,15.844431,67,4850.99,0.070812
7.03333,0,27.3564,0.030778,0.510417,0.060132,24.554928,15.884933,70,4105.75,0.044268
7.03333,1,27.3564,0.030935,0.510392,0.060299,24.550549,15.865017,67,3916.47,0.043133
7.03333,2,27.3564,0.031594,0.510209,0.061263,24.708519,15.876914,68,5029.60,0.071687
7.03333,3,27.3564,0.031271,0.510240,0.060946,24.727345,15.853181,66,4851.66,0.070593
7.03750,0,27.3746,0.030954,0.510403,0.060281,24.603197,15.904216,70,4058.16,0.044440
7.03750,1,27.3746,0.030955,0.510417,0.060307,24.539812,15.879125,67,3902.52,0.043351
7.03750,2,27.3746,0.031429,0.510202,0.061060,24.859707,15.876523,68,5012.21,0.071454
7.03750,3,27.3746,0.031415,0.510247,0.061067,24.567093,15.859693,64,4783.10,0.070352
7.04167,0,27.3925,0.030482,0.510403,0.059843,24.764254,15.915396,70,4111.65,0.044622
7.04167,1,27.3925,0.031024,0.510432,0.060395,24.661449,15.901492,67,3898.93,0.043558
7.04167,2,27.3925,0.031358,0.510212,0.060974,24.739746,15.887648,68,4960.68,0.071201
7.04167,3,27.3925,0.031338,0.510248,0.060995,24.728092,15.875344,66,4843.00,0.070130
7.04583,0,27.4104,0.030963,0.510405,0.060357,24.650015,15.914381,71,4137.61,0.044815
7.04583,1,27.4104,0.030789,0.510435,0.060143,24.566975,15.901003,67,3907.44,0.043761
7.04583,2,27.4104,0.031495,0.510218,0.061116,24.752834,15.897031,68,4971.47,0.070954
7.04583,3,27.4104,0.031310,0.510243,0.060942,24.764236,15.879888,66,4827.54,0.069912
7.05000,0,27.4284,0.030815,0.510437,0.060180,24.865105,15.922149,71,4129.42,0.045003
7.05000,1,27.4284,0.030636,0.510423,0.059985,24.722052,15.904963,67,3886.79,0.043948
7.05000,2,27.4284,0.031324,0.510218,0.060949,24.799816,15.901197,68,5020.02,0.070737
7.05000,3,27.4284,0.031343,0.510231,0.060983,24.747917,15.879644,65,4852.14,0.069714
7.05417,0,27.4468,0.030638,0.510437,0.060002,24.665966,15.940983,69,4052.05,0.045149
7.05417,1,27.4468,0.030922,0.510418,0.060292,24.657875,15.912487,66,3825.69,0.044089
7.05417,2,27.4468,0.031423,0.510223,0.061034,24.833155,15.909264,68,4989.58,0.070524
7.05417,3,27.4468,0.031224,0.510223,0.060817,24.842834,15.896155,66,4841.32,0.069522
7.05833,0,27.4650,0.030605,0.510430,0.059941,24.647667,15.945382,68,4024.93,0.045256
7.05833,1,27.4650,0.030855,0.510419,0.060220,24.600321,15.921684,67,3876.10,0.044226
7.05833,2,27.4650,0.031243,0.510225,0.060847,24.798929,15.915511,68,5010.36,0.070327
7.05833,3,27.4650,0.031263,0.510246,0.060844,24.694744,15.904650,66,4869.54,0.069351
7.06250,0,27.4834,0.030788,0.510426,0.060061,24.871628,15.948746,68,4019.80,0.045345
7.06250,1,27.4834,0.030891,0.510417,0.060230,24.762751,15.933962,67,3862.58,0.044348
7.06250,2,27.4834,0.031561,0.510218,0.061154,24.870554,15.927179,68,5017.21,0.070146
7.06250,3,27.4834,0.031352,0.510240,0.060919,24.766159,15.912065,65,4822.83,0.069171
7.06667,0,27.5016,0.030774,0.510405,0.060068,24.712624,15.954249,70,4116.26,0.045468
7.06667,1,27.5016,0.030823,0.510416,0.060132,24.610706,15.933218,67,3902.81,0.044485
7.06667,2,27.5016,0.031251,0.510217,0.060797,24.824810,15.936916,69,5020.96,0.069974
7.06667,3,27.5016,0.031198,0.510251,0.060768,24.906500,15.916544,66,4858.00,0.069009
7.07083,0,27.5200,0.030669,0.510381,0.059985,24.794624,15.963437,69,4057.62,0.045577
7.07083,1,27.5200,0.030945,0.510409,0.060248,24.711349,15.941900,65,3841.19,0.044594
7.07083,2,27.5200,0.031254,0.510222,0.060786,24.945299,15.944176,68,4950.22,0.069781
7.07083,3,27.5200,0.031194,0.510252,0.060766,24.666082,15.933188,66,4841.36,0.068843
7.07500,0,27.5380,0.030634,0.510403,0.059967,24.712379,15.961042,68,4066.73,0.045678
7.07500,1,27.5380,0.030895,0.510414,0.060201,24.751444,15.952258,66,3888.21,0.044709
7.07500,2,27.5380,0.031307,0.510226,0.060839,24.901134,15.945861,66,4943.24,0.069580
7.07500,3,27.5380,0.031185,0.510241,0.060760,24.900520,15.937737,67,4845.69,0.068679
7.07917,0,27.5560,0.030808,0.510438,0.060154,25.025555,15.980890,68,4041.83,0.045765
7.07917,1,27.5560,0.030903,0.510433,0.060204,24.787031,15.970413,67,3866.83,0.044812
7.07917,2,27.5560,0.031287,0.510222,0.060830,24.825346,15.947175,68,4992.29,0.069404
7.07917,3,27.5560,0.031069,0.510253,0.060614,24.879467,15.942659,65,4848.71,0.068524
7.08333,0,27.5743,0.030804,0.510456,0.060108,24.723019,16.002871,70,4102.23,0.045870
7.08333,1,27.5743,0.030787,0.510429,0.060133,24.748732,15.979072,67,3877.52,0.044916
7.08333,2,27.5743,0.031285,0.510226,0.060816,25.053131,15.968358,68,5043.68,0.069264
7.08333,3,27.5743,0.031205,0.510254,0.060704,24.817749,15.957108,66,4871.92,0.068390
7.08750,0,27.5929,0.030559,0.510422,0.059837,24.845938,16.008015,69,4035.10,0.045949
7.08750,1,27.5929,0.030622,0.510419,0.059955,24.801155,15.975405,66,3836.26,0.044994
7.08750,2,27.5929,0.031164,0.510237,0.060665,24.950344,15.983891,67,4995.24,0.069121
7.08750,3,27.5929,0.031075,0.510254,0.060540,24.927042,15.962217,65,4829.42,0.068247
7.09167,0,27.6111,0.030766,0.510396,0.060050,24.835403,15.998986,68,4025.30,0.046009
7.09167,1,27.6111,0.030907,0.510424,0.060193,25.010221,15.986358,66,3826.25,0.045053
7.09167,2,27.6111,0.031166,0.510228,0.060659,24.999439,15.984924,68,5002.57,0.068981
7.09167,3,27.6111,0.031127,0.510255,0.060637,24.868408,15.964513,65,4868.02,0.068120
7.09583,0,27.6295,0.030601,0.510395,0.059849,25.012814,16.006632,69,4005.30,0.046049
7.09583,1,27.6295,0.030767,0.510404,0.060027,24.674759,16.001553,67,3863.98,0.045117
7.09583,2,27.6295,0.031256,0.510220,0.060742,24.943474,15.978942,67,4999.72,0.068847
7.09583,3,27.6295,0.030994,0.510255,0.060502,24.956789,15.970665,65,4818.90,0.067981
7.10000,0,27.6476,0.030877,0.510400,0.060125,24.751600,16.013563,68,3993.68,0.046077
7.10000,1,27.6476,0.030980,0.510404,0.060206,24.806009,16.007582,67,3876.64,0.045184
7.10000,2,27.6476,0.031212,0.510228,0.060663,25.021032,15.990631,67,5023.82,0.068726
7.10000,3,27.6476,0.031090,0.510266,0.060578,24.915846,15.988379,66,4881.83,0.067870
7.10417,0,27.6662,0.030783,0.510403,0.060067,25.076462,16.032259,69,4015.12,0.046112
7.10417,1,27.6662,0.030884,0.510419,0.060155,24.808231,16.013113,66,3849.88,0.045238
7.10417,2,27.6662,0.031057,0.510238,0.060509,25.052174,16.010443,68,4996.48,0.068603
7.10417,3,27.6662,0.031042,0.510265,0.060528,24.998077,16.004744,64,4832.37,0.067749
7.10833,0,27.6843,0.030646,0.510413,0.059964,24.860052,16.043081,70,4011.60,0.046145
7.10833,1,27.6843,0.030855,0.510415,0.060134,24.862167,16.023954,66,3866.21,0.045293
7.10833,2,27.6843,0.031191,0.510234,0.060674,25.043314,16.026747,68,4995.98,0.068481
7.10833,3,27.6843,0.031083,0.510245,0.060525,24.883446,16.003368,65,4851.11,0.067634
7.11250,0,27.7026,0.030693,0.510431,0.059958,24.831890,16.050303,68,3987.02,0.046167
7.11250,1,27.7026,0.030792,0.510421,0.060056,24.818602,16.026106,66,3824.81,0.045326
7.11250,2,27.7026,0.031119,0.510231,0.060577,25.029467,16.022066,68,5008.60,0.068368
7.11250,3,27.7026,0.031002,0.510246,0.060427,25.132500,16.007095,65,4883.87,0.067539
7.11667,0,27.7211,0.030659,0.510432,0.059914,24.959057,16.055832,68,3982.83,0.046180
7.11667,1,27.7211,0.030756,0.510417,0.060040,24.961117,16.039106,65,3826.63,0.045348
7.11667,2,27.7211,0.031073,0.510226,0.060493,25.057810,16.016317,68,5047.88,0.068282
7.11667,3,27.7211,0.031008,0.510248,0.060431,24.833622,16.008463,65,4890.73,0.067461
7.12083,0,27.7397,0.030803,0.510431,0.060022,24.995806,16.065489,69,3981.21,0.046187
7.12083,1,27.7397,0.030868,0.510407,0.060130,24.888054,16.043812,67,3841.69,0.045372
7.12083,2,27.7397,0.031156,0.510229,0.060584,25.114882,16.030331,68,5089.88,0.068227
7.12083,3,27.7397,0.030960,0.510251,0.060399,25.197557,16.024935,64,4866.26,0.067385
7.12500,0,27.7584,0.030629,0.510424,0.059849,24.930435,16.068892,68,3944.21,0.046176
7.12500,1,27.7584,0.030875,0.510394,0.060085,24.866810,16.053823,65,3824.61,0.045384
7.12500,2,27.7584,0.031088,0.510224,0.060504,25.080549,16.047028,67,4988.60,0.068139
7.12500,3,27.7584,0.030902,0.510244,0.060346,24.923977,16.028891,65,4917.39,0.067328
7.12917,0,27.7768,0.030591,0.510428,0.059819,25.117487,16.068750,67,3963.15,0.046166
7.12917,1,27.7768,0.030844,0.510395,0.060061,24.910725,16.060341,65,3808.23,0.045383
7.12917,2,27.7768,0.031047,0.510219,0.060429,25.072697,16.059874,69,5113.93,0.068101
7.12917,3,27.7768,0.030991,0.510246,0.060402,25.025148,16.040960,66,4938.13,0.067296
7.13333,0,27.7958,0.030630,0.510434,0.059850,24.934916,16.083435,67,3901.97,0.046128
7.13333,1,27.7958,0.030808,0.510390,0.060012,24.948647,16.063158,66,3817.73,0.045377
7.13333,2,27.7958,0.031154,0.510225,0.060535,25.175060,16.056295,68,5011.57,0.068040
7.13333,3,27.7958,0.030975,0.510259,0.060374,25.135603,16.054491,65,4925.16,0.067263
7.13750,0,27.8142,0.030531,0.510425,0.059750,25.071291,16.100086,67,3919.08,0.046089
7.13750,1,27.8142,0.030835,0.510402,0.060040,25.036577,16.073961,66,3807.99,0.045363
7.13750,2,27.8142,0.031073,0.510230,0.060455,25.159706,16.060184,67,4964.54,0.067952
7.13750,3,27.8142,0.031020,0.510249,0.060394,25.117466,16.061823,64,4924.36,0.067224
7.14167,0,27.8324,0.030839,0.510410,0.060080,25.123514,16.106737,68,3945.26,0.046061
7.14167,1,27.8324,0.030791,0.510406,0.060022,24.923937,16.086185,67,3884.79,0.045382
7.14167,2,27.8324,0.031051,0.510222,0.060396,25.114849,16.073828,68,5090.50,0.067912
7.14167,3,27.8324,0.030795,0.510248,0.060125,25.098738,16.066006,65,4901.96,0.067181
7.14583,0,27.8511,0.030723,0.510395,0.059935,25.126438,16.107840,70,3985.25,0.046063
7.14583,1,27.8511,0.030585,0.510408,0.059824,25.083977,16.105104,66,3796.17,0.045377
7.14583,2,27.8511,0.030859,0.510229,0.060209,25.264252,16.088602,66,4909.78,0.067810
7.14583,3,27.8511,0.030849,0.510263,0.060205,25.070309,16.070562,64,4921.74,0.067134
7.15000,0,27.8689,0.030776,0.510405,0.059976,25.027851,16.113598,68,3953.48,0.046057
7.15000,1,27.8689,0.030703,0.510419,0.059925,25.066551,16.103838,66,3813.30,0.045369
7.15000,2,27.8689,0.031037,0.510239,0.060405,25.164068,16.089930,67,5028.40,0.067741
7.15000,3,27.8689,0.030856,0.510254,0.060226,25.164778,16.090387,65,4910.25,0.067086
7.15417,0,27.8873,0.030558,0.510430,0.059733,25.203579,16.130756,67,3925.50,0.046036
7.15417,1,27.8873,0.030710,0.510418,0.059914,25.069231,16.112661,65,3761.35,0.045336
7.15417,2,27.8873,0.031001,0.510226,0.060337,25.170954,16.102486,67,5057.43,0.067698
7.15417,3,27.8873,0.030822,0.510228,0.060175,25.116182,16.094103,65,4942.47,0.067058
7.15833,0,27.9060,0.030549,0.510430,0.059703,25.146856,16.141239,68,3908.33,0.045997
7.15833,1,27.9060,0.030628,0.510406,0.059790,25.094925,16.121237,66,3795.98,0.045305
7.15833,2,27.9060,0.030940,0.510213,0.060252,25.317688,16.106331,69,5086.61,0.067682
7.15833,3,27.9060,0.030823,0.510229,0.060175,25.184422,16.092251,67,5017.98,0.067074
7.16250,0,27.9251,0.030765,0.510409,0.059957,25.010399,16.137274,67,3903.73,0.045952
7.16250,1,27.9251,0.030735,0.510391,0.059918,25.074352,16.124252,66,3777.02,0.045267
7.16250,2,27.9251,0.030913,0.510212,0.060245,25.207932,16.109104,68,5087.56,0.067684
7.16250,3,27.9251,0.030859,0.510237,0.060189,25.110888,16.101551,66,4967.04,0.067085
7.16667,0,27.9438,0.030495,0.510397,0.059699,25.352633,16.143599,68,3911.40,0.045908
7.16667,1,27.9438,0.030793,0.510381,0.059960,25.161247,16.127945,65,3807.02,0.045240
7.16667,2,27.9438,0.031137,0.510222,0.060446,25.299549,16.115839,67,5055.09,0.067677
7.16667,3,27.9438,0.030841,0.510251,0.060134,25.314371,16.117966,66,4937.72,0.067080
7.17083,0,27.9621,0.030808,0.510383,0.060003,25.081781,16.153944,70,3954.51,0.045886
7.17083,1,27.9621,0.030724,0.510402,0.059911,25.019701,16.143778,66,3798.71,0.045218
7.17083,2,27.9621,0.030939,0.510243,0.060223,25.157190,16.135881,67,5061.53,0.067668
7.17083,3,27.9621,0.030784,0.510264,0.060096,25.200897,16.129433,64,4907.39,0.067055
7.17500,0,27.9804,0.030663,0.510401,0.059847,25.199766,16.165659,67,3930.70,0.045864
7.17500,1,27.9804,0.030722,0.510397,0.059903,25.295513,16.164942,66,3784.18,0.045192
7.17500,2,27.9804,0.030849,0.510237,0.060158,25.406525,16.154724,68,5093.05,0.067668
7.17500,3,27.9804,0.030814,0.510240,0.060133,25.157902,16.131153,65,4935.23,0.067038
7.17917,0,27.9989,0.030681,0.510417,0.059842,25.114357,16.174398,67,3906.97,0.045830
7.17917,1,27.9989,0.030609,0.510393,0.059800,25.033464,16.154781,66,3768.77,0.045155
7.17917,2,27.9989,0.030854,0.510206,0.060149,25.271568,16.141741,68,5079.73,0.067666
7.17917,3,27.9989,0.030686,0.510236,0.059954,25.328766,16.133087,64,4893.53,0.067007
7.18333,0,28.0171,0.030573,0.510407,0.059686,25.291466,16.179266,68,3882.83,0.045780
7.18333,1,28.0171,0.030648,0.510403,0.059792,25.392540,16.161352,65,3772.66,0.045115
7.18333,2,28.0171,0.030949,0.510203,0.060226,25.367279,16.137096,68,5108.35,0.067673
7.18333,3,28.0171,0.030759,0.510246,0.060035,25.200191,16.149118,65,5032.09,0.067034
7.18750,0,28.0361,0.030762,0.510402,0.059880,25.118385,16.180443,67,3879.31,0.045724
7.18750,1,28.0361,0.030644,0.510400,0.059793,25.132210,16.172813,65,3752.36,0.045063
7.18750,2,28.0361,0.030893,0.510204,0.060119,25.345417,16.153852,68,5062.55,0.067673
7.18750,3,28.0361,0.030812,0.510239,0.060094,25.357063,16.161993,64,4907.79,0.067025
7.19167,0,28.0541,0.030534,0.510374,0.059688,25.416756,16.188591,68,3909.53,0.045679
7.19167,1,28.0541,0.030691,0.510388,0.059831,25.307137,16.188950,67,3808.41,0.045035
7.19167,2,28.0541,0.030965,0.510207,0.060207,25.357416,16.169979,68,5148.68,0.067702
7.19167,3,28.0541,0.030874,0.510230,0.060152,25.287466,16.163271,65,5030.00,0.067063
7.19583,0,28.0732,0.030664,0.510365,0.059815,25.170012,16.194822,68,3904.50,0.045641
7.19583,1,28.0732,0.030689,0.510380,0.059815,25.222294,16.195776,64,3753.57,0.044993
7.19583,2,28.0732,0.030871,0.510228,0.060134,25.342930,16.180052,68,5099.31,0.067726
7.19583,3,28.0732,0.030650,0.510228,0.059898,25.368711,16.167633,64,4951.75,0.067081
7.20000,0,28.0915,0.030554,0.510388,0.059717,25.346657,16.211916,68,3919.84,0.045611
7.20000,1,28.0915,0.030664,0.510382,0.059782,25.202126,16.189672,66,3825.44,0.044981
7.20000,2,28.0915,0.030906,0.510233,0.060136,25.459414,16.189705,68,5075.23,0.067735
7.20000,3,28.0915,0.030811,0.510230,0.060029,25.315626,16.171629,63,4961.08,0.067093
7.20417,0,28.1097,0.030550,0.510413,0.059699,25.420736,16.225266,68,3883.35,0.045573
7.20417,1,28.1097,0.030701,0.510413,0.059829,25.291061,16.205366,65,3778.60,0.044956
7.20417,2,28.1097,0.030911,0.510228,0.060159,25.434935,16.191133,68,5110.29,0.067753
7.20417,3,28.1097,0.030620,0.510221,0.059846,25.522207,16.190868,66,5069.84,0.067152
7.20833,0,28.1286,0.030665,0.510423,0.059762,25.224218,16.237070,67,3884.65,0.045532
7.20833,1,28.1286,0.030747,0.510407,0.059881,25.195238,16.228678,67,3837.52,0.044953
7.20833,2,28.1286,0.030787,0.510215,0.060032,25.399361,16.203693,67,5104.76,0.067780
7.20833,3,28.1286,0.030776,0.510216,0.060003,25.279655,16.194906,67,5094.18,0.067237
7.21250,0,28.1474,0.030551,0.510418,0.059656,25.208200,16.231201,65,3845.35,0.045479
7.21250,1,28.1474,0.030510,0.510389,0.059659,25.298546,16.232283,65,3727.05,0.044904
7.21250,2,28.1474,0.030924,0.510206,0.060124,25.548416,16.206758,68,5087.63,0.067808
7.21250,3,28.1474,0.030817,0.510223,0.060050,25.552553,16.202787,65,4944.69,0.067263
7.21667,0,28.1654,0.030639,0.510374,0.059734,25.692017,16.235067,66,3791.15,0.045390
7.21667,1,28.1654,0.030752,0.510382,0.059870,25.489510,16.224310,64,3736.32,0.044837
7.21667,2,28.1654,0.030796,0.510213,0.059986,25.406763,16.207952,67,5075.22,0.067821
7.21667,3,28.1654,0.030628,0.510248,0.059872,25.413290,16.208233,64,5032.13,0.067303
7.22083,0,28.1838,0.030655,0.510345,0.059769,25.266695,16.234198,68,3908.76,0.045342
7.22083,1,28.1838,0.030502,0.510370,0.059610,25.189718,16.225700,66,3782.88,0.044794
7.22083,2,28.1838,0.030878,0.510223,0.060065,25.403587,16.218479,66,5066.43,0.067829
7.22083,3,28.1838,0.030691,0.510233,0.059877,25.509478,16.232216,66,5003.03,0.067332
7.22500,0,28.2019,0.030632,0.510364,0.059739,25.366589,16.253838,68,3904.56,0.045311
7.22500,1,28.2019,0.030919,0.510375,0.059993,25.451347,16.244696,66,3812.69,0.044776
7.22500,2,28.2019,0.030754,0.510196,0.059938,25.568792,16.239149,67,5154.20,0.067871
7.22500,3,28.2019,0.030489,0.510222,0.059668,25.436056,16.229490,65,5048.23,0.067383
7.22917,0,28.2207,0.030556,0.510402,0.059653,25.507059,16.273323,68,3906.53,0.045293
7.22917,1,28.2207,0.030680,0.510379,0.059786,25.205441,16.258940,66,3780.49,0.044755
7.22917,2,28.2207,0.030768,0.510203,0.059964,25.415541,16.245314,68,5130.28,0.067919
7.22917,3,28.2207,0.030809,0.510213,0.060031,25.514120,16.222990,66,5009.67,0.067425
7.23333,0,28.2390,0.030636,0.510416,0.059720,25.322756,16.276915,67,3864.60,0.045260
7.23333,1,28.2390,0.030660,0.510375,0.059750,25.524490,16.263876,66,3810.23,0.044744
7.23333,2,28.2390,0.030874,0.510205,0.060072,25.538033,16.239557,68,5142.03,0.067970
7.23333,3,28.2390,0.030647,0.510199,0.059814,25.368353,16.222790,65,5025.99,0.067470
7.23750,0,28.2574,0.030512,0.510407,0.059605,25.529747,16.281536,66,3904.59,0.045242
7.23750,1,28.2574,0.030614,0.510387,0.059709,25.333349,16.265285,65,3763.78,0.044718
7.23750,2,28.2574,0.030918,0.510205,0.060080,25.557337,16.238127,69,5131.60,0.068018
7.23750,3,28.2574,0.030630,0.510207,0.059804,25.680092,16.249468,66,5076.42,0.067538
7.24167,0,28.2760,0.030455,0.510391,0.059524,25.464211,16.283295,67,3862.95,0.045210
7.24167,1,28.2760,0.030721,0.510382,0.059807,25.399643,16.281963,66,3766.87,0.044687
7.24167,2,28.2760,0.030768,0.510217,0.059928,25.580677,16.267279,67,5106.41,0.068058
7.24167,3,28.2760,0.030639,0.510228,0.059803,25.511700,16.274536,65,5040.18,0.067594
7.24583,0,28.2942,0.030564,0.510374,0.059641,25.530497,16.294266,66,3830.40,0.045157
7.24583,1,28.2942,0.030721,0.510381,0.059823,25.363758,16.288954,66,3790.55,0.044660
7.24583,2,28.2942,0.030719,0.510209,0.059874,25.549055,16.286598,67,5113.11,0.068095
7.24583,3,28.2942,0.030658,0.510220,0.059826,25.582460,16.275967,66,5035.89,0.067642
7.25000,0,28.3124,0.030533,0.510366,0.059592,25.478495,16.298140,69,3920.55,0.045141
7.25000,1,28.3124,0.030630,0.510378,0.059703,25.425926,16.296062,66,3794.86,0.044644
7.25000,2,28.3124,0.030905,0.510204,0.060036,25.622728,16.288031,67,5122.50,0.068134
7.25000,3,28.3124,0.030624,0.510229,0.059801,25.610846,16.267481,65,5007.37,0.067674
7.25417,0,28.3305,0.030570,0.510375,0.059640,25.528002,16.308275,67,3863.94,0.045114
7.25417,1,28.3305,0.030638,0.510364,0.059684,25.513269,16.302834,66,3747.17,0.044609
7.25417,2,28.3305,0.030617,0.510201,0.059733,25.588259,16.278112,67,5098.38,0.068159
7.25417,3,28.3305,0.030616,0.510209,0.059752,25.538799,16.265690,66,5061.35,0.067721
7.25833,0,28.3487,0.030646,0.510391,0.059694,25.551001,16.324959,68,3859.28,0.045078
7.25833,1,28.3487,0.030678,0.510353,0.059715,25.479103,16.307777,67,3789.49,0.044585
7.25833,2,28.3487,0.030873,0.510213,0.059996,25.613096,16.285490,68,5205.34,0.068229
7.25833,3,28.3487,0.030621,0.510192,0.059752,25.633301,16.283493,67,5093.53,0.067795
7.26250,0,28.3675,0.030410,0.510389,0.059476,25.587355,16.327326,67,3884.61,0.045054
7.26250,1,28.3675,0.030738,0.510353,0.059789,25.339458,16.310909,66,3805.10,0.044575
7.26250,2,28.3675,0.030796,0.510201,0.059957,25.651352,16.301033,67,5102.58,0.068274
7.26250,3,28.3675,0.030642,0.510188,0.059771,25.604317,16.292566,65,5020.47,0.067839
7.26667,0,28.3853,0.030626,0.510384,0.059656,25.651182,16.332420,68,3899.51,0.045043
7.26667,1,28.3853,0.030792,0.510384,0.059847,25.502234,16.324045,64,3725.57,0.044536
7.26667,2,28.3853,0.030686,0.510198,0.059838,25.708292,16.306629,68,5161.89,0.068329
7.26667,3,28.3853,0.030530,0.510209,0.059645,25.709024,16.305845,67,5138.37,0.067926
7.27083,0,28.4040,0.030512,0.510375,0.059541,25.410246,16.338955,67,3859.77,0.045015
7.27083,1,28.4040,0.030603,0.510381,0.059678,25.457340,16.330667,63,3776.57,0.044509
7.27083,2,28.4040,0.030806,0.510204,0.059916,25.636271,16.310879,68,5169.42,0.068399
7.27083,3,28.4040,0.030580,0.510202,0.059682,25.634113,16.320183,66,5022.40,0.067977
7.27500,0,28.4221,0.030532,0.510377,0.059558,25.620535,16.347961,67,3842.60,0.044974
7.27500,1,28.4221,0.030822,0.510376,0.059881,25.607462,16.349606,66,3805.16,0.044496
7.27500,2,28.4221,0.030762,0.510201,0.059846,25.739424,16.325884,68,5160.54,0.068462
7.27500,3,28.4221,0.030596,0.510187,0.059699,25.665714,16.317450,67,5108.85,0.068053
7.27917,0,28.4405,0.030360,0.510361,0.059378,25.728495,16.355545,67,3862.71,0.044943
7.27917,1,28.4405,0.030382,0.510362,0.059421,25.550209,16.350086,65,3814.52,0.044494
7.27917,2,28.4405,0.030758,0.510188,0.059827,25.679871,16.332308,67,5125.23,0.068511
7.27917,3,28.4405,0.030517,0.510197,0.059650,25.795443,16.313475,65,4990.82,0.068080
7.28333,0,28.4582,0.030758,0.510372,0.059793,25.507292,16.359081,68,3914.79,0.044942
7.28333,1,28.4582,0.030557,0.510329,0.059602,25.573639,16.347769,67,3860.32,0.044521
7.28333,2,28.4582,0.030774,0.510193,0.059886,25.725885,16.331654,68,5151.92,0.068557
7.28333,3,28.4582,0.030631,0.510193,0.059721,25.691326,16.327957,66,5104.73,0.068140
7.28750,0,28.4765,0.030436,0.510369,0.059493,25.790018,16.373810,67,3860.12,0.044933
7.28750,1,28.4765,0.030713,0.510323,0.059694,25.688675,16.356752,65,3803.49,0.044529
7.28750,2,28.4765,0.030736,0.510191,0.059827,25.738489,16.349720,69,5260.87,0.068654
7.28750,3,28.4765,0.030525,0.510193,0.059619,25.724709,16.344652,67,5126.92,0.068230
7.29167,0,28.4954,0.030635,0.510369,0.059647,25.586258,16.375139,66,3849.67,0.044914
7.29167,1,28.4954,0.030675,0.510342,0.059653,25.517746,16.372566,65,3770.22,0.044514
7.29167,2,28.4954,0.030634,0.510192,0.059702,25.739021,16.357359,68,5081.30,0.068694
7.29167,3,28.4954,0.030635,0.510181,0.059729,25.610672,16.350828,64,5046.92,0.068283
7.29583,0,28.5129,0.030363,0.510356,0.059369,25.529861,16.383600,66,3848.14,0.044887
7.29583,1,28.5129,0.030612,0.510354,0.059636,25.663826,16.382107,67,3841.84,0.044521
7.29583,2,28.5129,0.030722,0.510196,0.059843,25.703876,16.356024,67,5114.40,0.068722
7.29583,3,28.5129,0.030662,0.510196,0.059737,25.799915,16.347383,65,5042.52,0.068317
7.30000,0,28.5306,0.030718,0.510356,0.059697,25.607763,16.390156,67,3887.00,0.044881
7.30000,1,28.5306,0.030815,0.510355,0.059833,25.786917,16.387508,64,3785.94,0.044513
7.30000,2,28.5306,0.030797,0.510188,0.059861,25.751701,16.356009,67,5095.67,0.068734
7.30000,3,28.5306,0.030477,0.510194,0.059535,25.763258,16.363113,66,5152.02,0.068388
7.30417,0,28.5488,0.030615,0.510349,0.059634,25.814821,16.398544,66,3847.44,0.044862
7.30417,1,28.5488,0.030364,0.510346,0.059384,25.522013,16.386290,65,3827.89,0.044517
7.30417,2,28.5488,0.030560,0.510195,0.059581,25.858000,16.372431,68,5156.52,0.068776
7.30417,3,28.5488,0.030426,0.510171,0.059482,25.761938,16.370098,66,5042.85,0.068428
7.30833,0,28.5667,0.030515,0.510355,0.059508,25.720591,16.403788,68,3898.01,0.044864
7.30833,1,28.5667,0.030609,0.510359,0.059642,25.819950,16.404264,66,3831.30,0.044530
7.30833,2,28.5667,0.030727,0.510181,0.059754,25.761536,16.384235,68,5196.53,0.068839
7.30833,3,28.5667,0.030588,0.510173,0.059672,25.890358,16.370792,68,5166.17,0.068514
7.31250,0,28.5853,0.030401,0.510362,0.059412,25.769712,16.420673,67,3868.36,0.044862
7.31250,1,28.5853,0.030827,0.510340,0.059811,25.618082,16.414995,66,3827.75,0.044542
7.31250,2,28.5853,0.030719,0.510169,0.059764,25.701019,16.387072,68,5183.34,0.068911
7.31250,3,28.5853,0.030691,0.510171,0.059747,25.753912,16.380697,67,5158.86,0.068612
7.31667,0,28.6036,0.030587,0.510376,0.059571,25.612534,16.418983,66,3907.58,0.044877
7.31667,1,28.6036,0.030556,0.510341,0.059530,25.649611,16.415894,64,3790.61,0.044541
7.31667,2,28.6036,0.030767,0.510173,0.059823,25.962605,16.392237,66,5170.09,0.068982
7.31667,3,28.6036,0.030558,0.510175,0.059575,26.037428,16.393887,66,5100.33,0.068686
7.32083,0,28.6216,0.030523,0.510365,0.059532,25.702688,16.425098,66,3839.74,0.044864
7.32083,1,28.6216,0.030662,0.510345,0.059643,25.948654,16.421801,64,3821.76,0.044543
7.32083,2,28.6216,0.030672,0.510170,0.059726,25.811422,16.401026,67,5197.09,0.069060
7.32083,3,28.6216,0.030485,0.510171,0.059531,25.900307,16.409725,66,5102.98,0.068752
7.32500,0,28.6397,0.030638,0.510333,0.059607,25.893480,16.437115,67,3851.25,0.044848
7.32500,1,28.6397,0.030624,0.510329,0.059585,25.588667,16.426737,66,3832.80,0.044551
7.32500,2,28.6397,0.030849,0.510173,0.059879,25.809795,16.404751,67,5106.75,0.069097
7.32500,3,28.6397,0.030641,0.510165,0.059656,25.822374,16.399284,67,5149.38,0.068828
7.32917,0,28.6576,0.030484,0.510315,0.059467,25.789160,16.443233,68,3952.14,0.044878
7.32917,1,28.6576,0.030688,0.510334,0.059649,25.824610,16.438967,65,3855.42,0.044579
7.32917,2,28.6576,0.030660,0.510184,0.059709,25.932749,16.412809,67,5188.67,0.069158
7.32917,3,28.6576,0.030408,0.510179,0.059441,26.061569,16.413658,67,5136.06,0.068903
7.33333,0,28.6757,0.030463,0.510330,0.059439,25.814146,16.453899,67,3943.74,0.044923
7.33333,1,28.6757,0.030570,0.510344,0.059588,25.700237,16.448204,66,3839.58,0.044609
7.33333,2,28.6757,0.030630,0.510176,0.059628,25.897135,16.424410,67,5185.54,0.069226
7.33333,3,28.6757,0.030489,0.510184,0.059507,25.762012,16.420189,66,5032.99,0.068932
7.33750,0,28.6933,0.030594,0.510349,0.059558,25.716892,16.458473,66,3889.58,0.044948
7.33750,1,28.6933,0.030703,0.510337,0.059690,25.871710,16.460970,66,3830.61,0.044632
7.33750,2,28.6933,0.030601,0.510161,0.059586,25.952772,16.431530,67,5111.00,0.069253
7.33750,3,28.6933,0.030570,0.510172,0.059637,25.929697,16.432434,66,5097.64,0.068966
7.34167,0,28.7109,0.030486,0.510363,0.059444,25.842016,16.462074,68,3928.43,0.044982
7.34167,1,28.7109,0.030543,0.510331,0.059505,25.773376,16.460621,65,3821.94,0.044649
7.34167,2,28.7109,0.030802,0.510151,0.059796,25.955450,16.429249,68,5200.32,0.069306
7.34167,3,28.7109,0.030590,0.510181,0.059601,25.944735,16.443233,66,5109.58,0.069012
7.34583,0,28.7290,0.030514,0.510363,0.059490,25.960657,16.475113,66,3901.96,0.045004
7.34583,1,28.7290,0.030687,0.510341,0.059664,25.958035,16.467865,65,3843.22,0.044673
7.34583,2,28.7290,0.030549,0.510170,0.059566,25.953999,16.434183,67,5184.31,0.069362
7.34583,3,28.7290,0.030458,0.510185,0.059455,25.937944,16.452702,65,5028.78,0.069026
7.35000,0,28.7465,0.030683,0.510337,0.059674,25.751659,16.479439,66,3875.32,0.045011
7.35000,1,28.7465,0.030560,0.510327,0.059502,25.731964,16.472889,65,3824.06,0.044686
7.35000,2,28.7465,0.030871,0.510185,0.059896,25.991066,16.454315,66,5106.10,0.069376
7.35000,3,28.7465,0.030432,0.510168,0.059450,26.094284,16.452860,66,5120.42,0.069062
7.35417,0,28.7642,0.030382,0.510316,0.059370,25.980627,16.489666,66,3887.78,0.045017
7.35417,1,28.7642,0.030735,0.510311,0.059670,25.892601,16.476543,65,3834.94,0.044700
7.35417,2,28.7642,0.030538,0.510175,0.059571,25.945753,16.464535,66,5163.09,0.069406
7.35417,3,28.7642,0.030581,0.510152,0.059556,25.830086,16.441113,67,5209.99,0.069148
7.35833,0,28.7824,0.030480,0.510313,0.059414,25.758411,16.489853,67,3914.02,0.045034
7.35833,1,28.7824,0.030551,0.510323,0.059508,25.807402,16.489006,64,3841.25,0.044718
7.35833,2,28.7824,0.030624,0.510157,0.059652,26.012766,16.461533,68,5295.76,0.069508
7.35833,3,28.7824,0.030519,0.510156,0.059508,26.092312,16.457104,66,5182.08,0.069248
7.36250,0,28.8011,0.030685,0.510339,0.059631,26.140711,16.504805,67,3935.91,0.045065
7.36250,1,28.8011,0.030682,0.510299,0.059661,25.903229,16.498524,66,3916.35,0.044774
7.36250,2,28.8011,0.030845,0.510157,0.059810,26.112968,16.476284,67,5204.61,0.069596
7.36250,3,28.8011,0.030543,0.510160,0.059541,26.024942,16.473591,66,5147.03,0.069334
7.36667,0,28.8190,0.030530,0.510354,0.059471,25.853052,16.512989,67,3910.26,0.045097
7.36667,1,28.8190,0.030645,0.510326,0.059595,25.838205,16.502241,65,3877.37,0.044824
7.36667,2,28.8190,0.030576,0.510159,0.059526,26.009130,16.483313,66,5094.36,0.069627
7.36667,3,28.8190,0.030420,0.510148,0.059431,26.093731,16.485666,68,5230.04,0.069439
7.37083,0,28.8368,0.030509,0.510321,0.059461,26.108307,16.521975,66,3882.67,0.045114
7.37083,1,28.8368,0.030599,0.510330,0.059534,25.996012,16.518185,65,3861.35,0.044860
7.37083,2,28.8368,0.030719,0.510138,0.059681,26.172546,16.488575,68,5222.50,0.069699
7.37083,3,28.8368,0.030505,0.510151,0.059481,26.065567,16.488825,67,5108.82,0.069501
7.37500,0,28.8546,0.030373,0.510306,0.059287,25.948082,16.522175,67,3924.87,0.045144
7.37500,1,28.8546,0.030533,0.510314,0.059495,25.892252,16.520077,65,3861.16,0.044891
7.37500,2,28.8546,0.030662,0.510141,0.059592,26.024422,16.484034,68,5236.24,0.069783
7.37500,3,28.8546,0.030562,0.510163,0.059535,26.060028,16.490120,67,5119.40,0.069554
7.37917,0,28.8725,0.030586,0.510314,0.059527,25.822805,16.521084,68,3957.54,0.045192
7.37917,1,28.8725,0.030639,0.510294,0.059527,26.080399,16.524504,66,3871.33,0.044929
7.37917,2,28.8725,0.030729,0.510156,0.059689,26.107742,16.495588,67,5174.02,0.069840
7.37917,3,28.8725,0.030522,0.510168,0.059488,26.200274,16.496786,66,5140.64,0.069609
7.38333,0,28.8902,0.030666,0.510327,0.059607,26.075228,16.539547,66,3871.40,0.045207
7.38333,1,28.8902,0.030480,0.510305,0.059392,25.800987,16.528530,65,3854.41,0.044954
7.38333,2,28.8902,0.030650,0.510152,0.059641,26.037012,16.508493,68,5208.22,0.069902
7.38333,3,28.8902,0.030506,0.510139,0.059449,26.086302,16.509521,67,5168.97,0.069676
7.38750,0,28.9081,0.030635,0.510347,0.059544,26.050079,16.553385,67,3979.79,0.045256
7.38750,1,28.9081,0.030593,0.510299,0.059530,26.214848,16.542347,66,3868.01,0.044987
7.38750,2,28.9081,0.030801,0.510151,0.059799,26.205198,16.516899,67,5145.92,0.069939
7.38750,3,28.9081,0.030341,0.510127,0.059293,26.200775,16.514126,67,5163.16,0.069739
7.39167,0,28.9257,0.030388,0.510329,0.059320,25.948559,16.561491,64,3861.84,0.045265
7.39167,1,28.9257,0.030616,0.510317,0.059512,25.860966,16.544172,64,3861.11,0.045011
7.39167,2,28.9257,0.030598,0.510160,0.059578,26.107536,16.523100,67,5162.64,0.069975
7.39167,3,28.9257,0.030544,0.510147,0.059510,26.079145,16.517012,66,5125.06,0.069782
7.39583,0,28.9432,0.030699,0.510301,0.059604,26.054150,16.558117,67,3943.97,0.045295
7.39583,1,28.9432,0.030744,0.510305,0.059671,26.005478,16.557493,65,3916.63,0.045061
7.39583,2,28.9432,0.030783,0.510167,0.059705,26.222088,16.536066,66,5093.45,0.069976
7.39583,3,28.9432,0.030746,0.510161,0.059675,26.240915,16.540047,68,5207.92,0.069846
7.40000,0,28.9607,0.030263,0.510279,0.059165,26.040281,16.557121,67,3945.21,0.045338
7.40000,1,28.9607,0.030510,0.510287,0.059432,25.996815,16.560991,66,3877.63,0.045102
7.40000,2,28.9607,0.030594,0.510142,0.059504,26.100500,16.545444,67,5123.11,0.069984
7.40000,3,28.9607,0.030331,0.510164,0.059271,26.235147,16.553667,66,5103.55,0.069870
7.40417,0,28.9779,0.030839,0.510298,0.059729,26.286373,16.566771,67,3965.30,0.045391
7.40417,1,28.9779,0.030654,0.510290,0.059572,26.110176,16.564566,64,3881.92,0.045143
7.40417,2,28.9779,0.030613,0.510125,0.059514,26.229923,16.535305,68,5208.45,0.070026
7.40417,3,28.9779,0.030438,0.510145,0.059428,26.175364,16.546515,67,5158.64,0.069909
7.40833,0,28.9957,0.030693,0.510310,0.059591,26.020332,16.581129,67,3951.19,0.045440
7.40833,1,28.9957,0.030528,0.510292,0.059446,25.930595,16.571838,64,3872.89,0.045180
7.40833,2,28.9957,0.030663,0.510126,0.059567,26.150740,16.548771,67,5287.83,0.070115
7.40833,3,28.9957,0.030631,0.510118,0.059544,26.161819,16.541529,66,5124.65,0.069948
7.41250,0,29.0137,0.030643,0.510328,0.059528,26.088995,16.599522,66,3959.24,0.045489
7.41250,1,29.0137,0.030684,0.510298,0.059534,26.247261,16.589314,66,3904.51,0.045228
7.41250,2,29.0137,0.030922,0.510135,0.059841,26.272039,16.565119,68,5244.97,0.070200
7.41250,3,29.0137,0.030450,0.510146,0.059335,26.299326,16.556147,66,5145.91,0.069996
7.41667,0,29.0315,0.030416,0.510319,0.059336,26.146971,16.606821,66,3915.21,0.045519
7.41667,1,29.0315,0.030640,0.510301,0.059521,25.945120,16.597675,64,3866.52,0.045259
7.41667,2,29.0315,0.030655,0.510148,0.059603,26.196550,16.572214,68,5157.74,0.070243
7.41667,3,29.0315,0.030458,0.510140,0.059382,26.252174,16.575743,68,5162.24,0.070047
7.42083,0,29.0490,0.030626,0.510293,0.059523,26.106403,16.599155,66,3953.94,0.045557
7.42083,1,29.0490,0.030560,0.510276,0.059479,26.150541,16.596224,66,3948.70,0.045320
7.42083,2,29.0490,0.030655,0.510171,0.059623,26.324032,16.579132,68,5199.27,0.070290
7.42083,3,29.0490,0.030472,0.510118,0.059392,26.250706,16.571249,67,5112.06,0.070076
7.42500,0,29.0664,0.030588,0.510287,0.059444,26.121096,16.601065,67,3924.14,0.045588
7.42500,1,29.0664,0.030682,0.510275,0.059556,26.175350,16.596308,65,3901.48,0.045369
7.42500,2,29.0664,0.030674,0.510141,0.059591,26.268236,16.586435,66,5125.99,0.070301
7.42500,3,29.0664,0.030455,0.510133,0.059346,26.209370,16.570240,66,5122.03,0.070096
7.42917,0,29.0835,0.030639,0.510286,0.059503,26.161304,16.608784,67,3968.21,0.045635
7.42917,1,29.0835,0.030610,0.510289,0.059471,26.118563,16.610054,65,3917.55,0.045421
7.42917,2,29.0835,0.030601,0.510112,0.059488,26.234640,16.586359,69,5282.62,0.070367
7.42917,3,29.0835,0.030494,0.510120,0.059414,26.338846,16.581713,66,5192.42,0.070152
7.43333,0,29.1017,0.030573,0.510291,0.059432,26.239195,16.621939,67,3960.36,0.045684
7.43333,1,29.1017,0.030520,0.510291,0.059431,26.180861,16.622622,65,3919.32,0.045475
7.43333,2,29.1017,0.030564,0.510115,0.059463,26.354494,16.593405,67,5164.57,0.070404
7.43333,3,29.1017,0.030427,0.510127,0.059325,26.291677,16.585022,66,5149.96,0.070198
7.43750,0,29.1190,0.030623,0.510294,0.059467,26.171944,16.631294,67,3947.08,0.045727
7.43750,1,29.1190,0.030891,0.510267,0.059730,26.280867,16.628138,64,3907.06,0.045521
7.43750,2,29.1190,0.030825,0.510138,0.059678,26.376888,16.590157,66,5174.43,0.070434
7.43750,3,29.1190,0.030447,0.510129,0.059348,26.400553,16.607935,67,5209.32,0.070262
7.44167,0,29.1367,0.030540,0.510288,0.059412,26.316238,16.637976,68,3962.32,0.045772
7.44167,1,29.1367,0.030628,0.510268,0.059476,26.013655,16.626823,64,3912.48,0.045565
7.44167,2,29.1367,0.030600,0.510143,0.059453,26.283199,16.607069,68,5223.18,0.070487
7.44167,3,29.1367,0.030574,0.510123,0.059449,26.324995,16.616669,66,5149.27,0.070309
7.44583,0,29.1542,0.030535,0.510294,0.059412,26.120399,16.644732,68,3997.67,0.045833
7.44583,1,29.1542,0.030700,0.510269,0.059555,26.296835,16.641285,65,3920.30,0.045616
7.44583,2,29.1542,0.030769,0.510136,0.059684,26.327085,16.622114,67,5164.92,0.070518
7.44583,3,29.1542,0.030377,0.510113,0.059243,26.463936,16.625214,67,5231.01,0.070381
7.45000,0,29.1719,0.030589,0.510301,0.059443,26.275993,16.654274,67,3960.93,0.045882
7.45000,1,29.1719,0.030620,0.510250,0.059476,26.113195,16.647076,66,3954.84,0.045680
7.45000,2,29.1719,0.030514,0.510143,0.059481,26.356800,16.623688,65,5131.52,0.070531
7.45000,3,29.1719,0.030428,0.510104,0.059318,26.300117,16.615776,67,5233.29,0.070457
7.45417,0,29.1893,0.030508,0.510292,0.059374,26.261778,16.660637,66,3922.20,0.045911
7.45417,1,29.1893,0.030603,0.510253,0.059441,26.279203,16.652706,65,3956.75,0.045745
7.45417,2,29.1893,0.030756,0.510109,0.059622,26.349239,16.634275,68,5270.06,0.070602
7.45417,3,29.1893,0.030463,0.510117,0.059323,26.403133,16.616394,67,5100.72,0.070483
7.45833,0,29.2068,0.030378,0.510274,0.059203,26.269361,16.665524,67,3944.80,0.045944
7.45833,1,29.2068,0.030533,0.510273,0.059402,26.142368,16.653208,65,3894.25,0.045779
7.45833,2,29.2068,0.030584,0.510087,0.059394,26.387476,16.632994,68,5208.52,0.070655
7.45833,3,29.2068,0.030427,0.510116,0.059315,26.380310,16.634165,67,5227.78,0.070546
7.46250,0,29.2245,0.030425,0.510256,0.059240,26.277189,16.663492,68,3973.59,0.045986
7.46250,1,29.2245,0.030803,0.510277,0.059617,26.407589,16.676960,65,3899.25,0.045806
7.46250,2,29.2245,0.030730,0.510106,0.059585,26.416729,16.628305,67,5170.83,0.070691
7.46250,3,29.2245,0.030514,0.510113,0.059400,26.468679,16.652422,66,5140.23,0.070578
7.46667,0,29.2416,0.030735,0.510262,0.059554,26.388214,16.668575,66,3991.74,0.046036
7.46667,1,29.2416,0.030705,0.510269,0.059537,26.146656,16.677599,65,3960.55,0.045860
7.46667,2,29.2416,0.030691,0.510119,0.059496,26.376867,16.648819,68,5271.04,0.070759
7.46667,3,29.2416,0.030502,0.510113,0.059371,26.457890,16.654778,67,5144.06,0.070607
7.47083,0,29.2592,0.030549,0.510267,0.059358,26.310535,16.686049,66,3962.79,0.046080
7.47083,1,29.2592,0.030729,0.510265,0.059568,26.315678,16.681206,64,3927.24,0.045905
7.47083,2,29.2592,0.030471,0.510117,0.059277,26.377542,16.661253,68,5174.80,0.070793
7.47083,3,29.2592,0.030479,0.510109,0.059313,26.486351,16.654713,66,5179.21,0.070645
7.47500,0,29.2765,0.030439,0.510284,0.059246,26.417887,16.698980,66,4004.16,0.046137
7.47500,1,29.2765,0.030623,0.510234,0.059448,26.246450,16.685997,65,3973.42,0.045970
7.47500,2,29.2765,0.030706,0.510116,0.059641,26.511379,16.664059,67,5153.85,0.070807
7.47500,3,29.2765,0.030352,0.510116,0.059162,26.475138,16.659161,65,5117.89,0.070653
7.47917,0,29.2934,0.030473,0.510276,0.059311,26.212734,16.703716,66,3980.56,0.046192
7.47917,1,29.2934,0.030576,0.510237,0.059395,26.282969,16.684563,64,3963.41,0.046035
7.47917,2,29.2934,0.030702,0.510122,0.059585,26.384550,16.659878,68,5208.50,0.070833
7.47917,3,29.2934,0.030523,0.510108,0.059361,26.543713,16.675524,66,5143.71,0.070666
7.48333,0,29.3107,0.030701,0.510282,0.059550,26.417875,16.701912,68,4030.01,0.046266
7.48333,1,29.3107,0.030718,0.510255,0.059526,26.348415,16.703918,65,3953.95,0.046098
7.48333,2,29.3107,0.030451,0.510132,0.059297,26.588690,16.676331,67,5140.21,0.070832
7.48333,3,29.3107,0.030522,0.510096,0.059356,26.395506,16.671965,67,5201.12,0.070701
7.48750,0,29.3279,0.030361,0.510286,0.059176,26.490623,16.713263,66,3926.32,0.046298
7.48750,1,29.3279,0.030610,0.510251,0.059457,26.259907,16.711315,66,3937.88,0.046143
7.48750,2,29.3279,0.030754,0.510114,0.059625,26.440643,16.698776,66,5187.30,0.070848
7.48750,3,29.3279,0.030467,0.510102,0.059326,26.653030,16.689743,67,5226.07,0.070755
7.49167,0,29.3455,0.030577,0.510300,0.059397,26.343290,16.719446,66,3964.54,0.046330
7.49167,1,29.3455,0.030657,0.510252,0.059467,26.579620,16.716665,66,3989.00,0.046204
7.49167,2,29.3455,0.030704,0.510096,0.059522,26.581059,16.693071,66,5179.91,0.070871
7.49167,3,29.3455,0.030507,0.510101,0.059359,26.492085,16.692247,67,5169.08,0.070790
7.49583,0,29.3627,0.030581,0.510267,0.059378,26.509409,16.729158,66,3935.78,0.046352
7.49583,1,29.3627,0.030618,0.510241,0.059436,26.291769,16.725077,64,3928.18,0.046239
7.49583,2,29.3627,0.030476,0.510094,0.059255,26.494207,16.686947,68,5234.61,0.070917
7.49583,3,29.3627,0.030470,0.510083,0.059298,26.573677,16.696060,66,5244.15,0.070855
7.50000,0,29.3805,0.030700,0.510242,0.059468,26.370834,16.726868,66,3984.33,0.046387
7.50000,1,29.3805,0.030781,0.510228,0.059590,26.423014,16.727663,66,3928.95,0.046266
7.50000,2,29.3805,0.030754,0.510107,0.059509,26.581936,16.694862,67,5190.43,0.070956
7.50000,3,29.3805,0.030536,0.510088,0.059354,26.527920,16.695665,66,5133.60,0.070879
7.50417,0,29.3975,0.030414,0.510245,0.059219,26.486095,16.736200,66,4009.71,0.046437
7.50417,1,29.3975,0.030661,0.510223,0.059449,26.246267,16.730280,67,3997.59,0.046324
7.50417,2,29.3975,0.030639,0.510093,0.059446,26.482162,16.713831,67,5174.61,0.070979
7.50417,3,29.3975,0.030330,0.510102,0.059145,26.705145,16.714815,68,5246.41,0.070935
7.50833,0,29.4149,0.030707,0.510256,0.059507,26.422663,16.742495,67,4039.02,0.046508
7.50833,1,29.4149,0.030713,0.510222,0.059484,26.579882,16.743877,65,3927.50,0.046364
7.50833,2,29.4149,0.030676,0.510069,0.059509,26.575222,16.714434,68,5301.57,0.071057
7.50833,3,29.4149,0.030489,0.510078,0.059295,26.547649,16.719301,66,5150.07,0.070968
7.51250,0,29.4325,0.030574,0.510261,0.059369,26.461637,16.757450,66,3985.97,0.046558
7.51250,1,29.4325,0.030559,0.510213,0.059373,26.359821,16.746134,67,3988.66,0.046421
7.51250,2,29.4325,0.030543,0.510092,0.059395,26.687531,16.718737,67,5263.79,0.071131
7.51250,3,29.4325,0.030451,0.510072,0.059277,26.629715,16.715448,65,5133.54,0.070986
7.51667,0,29.4497,0.030405,0.510275,0.059184,26.498796,16.768095,68,4039.20,0.046627
7.51667,1,29.4497,0.030740,0.510231,0.059516,26.536911,16.757782,65,3992.52,0.046488
7.51667,2,29.4497,0.030871,0.510094,0.059717,26.514057,16.732395,66,5131.47,0.071141
7.51667,3,29.4497,0.030448,0.510071,0.059247,26.593018,16.715900,66,5217.73,0.071026
7.52083,0,29.4667,0.030584,0.510282,0.059379,26.656767,16.769426,65,3968.73,0.046670
7.52083,1,29.4667,0.030659,0.510245,0.059457,26.371809,16.763214,65,3977.20,0.046545
7.52083,2,29.4667,0.030647,0.510091,0.059454,26.736181,16.743881,66,5152.36,0.071141
7.52083,3,29.4667,0.030457,0.510096,0.059240,26.651344,16.732121,65,5137.74,0.071034
7.52500,0,29.4835,0.030730,0.510248,0.059520,26.413076,16.769487,67,3979.94,0.046707
7.52500,1,29.4835,0.030745,0.510235,0.059519,26.530655,16.775749,65,3962.71,0.046590
7.52500,2,29.4835,0.030585,0.510098,0.059339,26.639256,16.745766,67,5220.50,0.071163
7.52500,3,29.4835,0.030419,0.510084,0.059229,26.700851,16.759111,67,5239.79,0.071079
7.52917,0,29.5011,0.030414,0.510217,0.059168,26.591520,16.777666,67,3986.03,0.046743
7.52917,1,29.5011,0.030712,0.510219,0.059506,26.450560,16.776058,66,3992.23,0.046641
7.52917,2,29.5011,0.030565,0.510081,0.059323,26.728401,16.751396,67,5210.91,0.071195
7.52917,3,29.5011,0.030496,0.510073,0.059270,26.645935,16.760164,68,5278.85,0.071156
7.53333,0,29.5187,0.030568,0.510229,0.059320,26.444241,16.787022,67,4021.12,0.046794
7.53333,1,29.5187,0.030631,0.510203,0.059375,26.518919,16.779720,65,3952.65,0.046679
7.53333,2,29.5187,0.030774,0.510069,0.059493,26.576527,16.745733,67,5223.13,0.071242
7.53333,3,29.5187,0.030356,0.510080,0.059120,26.770597,16.758120,67,5151.98,0.071187
7.53750,0,29.5357,0.030726,0.510267,0.059498,26.694147,16.795572,67,4040.78,0.046856
7.53750,1,29.5357,0.030699,0.510210,0.059468,26.474560,16.785330,65,3995.04,0.046732
7.53750,2,29.5357,0.030591,0.510084,0.059361,26.731464,16.760664,65,5133.01,0.071246
7.53750,3,29.5357,0.030500,0.510074,0.059303,26.648798,16.756927,66,5162.36,0.071199
7.54167,0,29.5524,0.030692,0.510278,0.059461,26.578388,16.803083,66,3980.91,0.046896
7.54167,1,29.5524,0.030706,0.510212,0.059456,26.606302,16.798544,67,3977.23,0.046778
7.54167,2,29.5524,0.030596,0.510080,0.059408,26.701385,16.775188,67,5242.49,0.071280
7.54167,3,29.5524,0.030573,0.510066,0.059364,26.667660,16.759390,66,5228.68,0.071239
7.54583,0,29.5699,0.030422,0.510269,0.059185,26.565401,16.810719,66,3975.91,0.046923
7.54583,1,29.5699,0.030830,0.510230,0.059587,26.529480,16.804266,64,4005.02,0.046830
7.54583,2,29.5699,0.030744,0.510092,0.059570,26.644173,16.774277,66,5206.21,0.071312
7.54583,3,29.5699,0.030432,0.510086,0.059197,26.812475,16.778149,66,5171.34,0.071262
7.55000,0,29.5869,0.030570,0.510236,0.059351,26.694191,16.817543,66,3977.87,0.046949
7.55000,1,29.5869,0.030657,0.510236,0.059427,26.531054,16.811199,64,3932.16,0.046850
7.55000,2,29.5869,0.030540,0.510104,0.059332,26.869291,16.791279,65,5188.40,0.071333
7.55000,3,29.5869,0.030382,0.510064,0.059161,26.694635,16.796892,68,5266.08,0.071318
7.55417,0,29.6042,0.030697,0.510188,0.059456,26.524250,16.811071,66,4030.28,0.046992
7.55417,1,29.6042,0.030536,0.510213,0.059311,26.618618,16.822491,65,3937.03,0.046863
7.55417,2,29.6042,0.030720,0.510091,0.059489,26.687277,16.810032,68,5335.75,0.071421
7.55417,3,29.6042,0.030424,0.510055,0.059176,26.826982,16.785673,66,5187.89,0.071362
7.55833,0,29.6218,0.030602,0.510186,0.059324,26.680183,16.815382,66,4019.15,0.047032
7.55833,1,29.6218,0.030619,0.510198,0.059370,26.663057,16.815378,64,3997.68,0.046901
7.55833,2,29.6218,0.030529,0.510034,0.059295,26.735861,16.806368,67,5185.27,0.071461
7.55833,3,29.6218,0.030552,0.510055,0.059294,26.774511,16.790842,66,5167.62,0.071385
7.56250,0,29.6386,0.030557,0.510225,0.059269,26.762680,16.831459,66,4008.45,0.047070
7.56250,1,29.6386,0.030735,0.510183,0.059484,26.622955,16.822329,66,4005.39,0.046950
7.56250,2,29.6386,0.030825,0.510018,0.059516,26.754578,16.783268,68,5252.50,0.071509
7.56250,3,29.6386,0.030373,0.510047,0.059093,26.820477,16.810732,67,5270.22,0.071448
7.56667,0,29.6561,0.030625,0.510242,0.059369,26.756859,16.848619,66,4016.13,0.047112
7.56667,1,29.6561,0.030749,0.510182,0.059487,26.736994,16.832962,66,4024.60,0.047011
7.56667,2,29.6561,0.030488,0.510050,0.059132,26.793507,16.791740,68,5242.18,0.071561
7.56667,3,29.6561,0.030573,0.510066,0.059307,26.737762,16.814713,67,5160.07,0.071474
7.57083,0,29.6731,0.030711,0.510232,0.059439,26.645390,16.851366,66,3988.47,0.047144
7.57083,1,29.6731,0.030665,0.510191,0.059396,26.583775,16.843023,65,3984.38,0.047055
7.57083,2,29.6731,0.030858,0.510078,0.059567,26.858706,16.819765,67,5238.07,0.071606
7.57083,3,29.6731,0.030468,0.510071,0.059255,27.012445,16.819492,66,5197.05,0.071504
7.57500,0,29.6902,0.030576,0.510207,0.059335,26.711277,16.854078,66,4013.47,0.047181
7.57500,1,29.6902,0.030639,0.510203,0.059372,26.708645,16.852568,64,3947.38,0.047075
7.57500,2,29.6902,0.030706,0.510082,0.059515,26.702227,16.830738,67,5176.66,0.071620
7.57500,3,29.6902,0.030425,0.510050,0.059166,26.834274,16.818317,67,5235.35,0.071546
7.57917,0,29.7071,0.030644,0.510194,0.059409,26.688095,16.851728,66,3995.28,0.047207
7.57917,1,29.7071,0.030781,0.510190,0.059512,26.694937,16.858967,65,3989.32,0.047104
7.57917,2,29.7071,0.030672,0.510070,0.059496,26.991259,16.837301,69,5280.15,0.071672
7.57917,3,29.7071,0.030394,0.510051,0.059148,26.802519,16.828707,68,5261.91,0.071609
7.58333,0,29.7246,0.030615,0.510206,0.059343,26.755177,16.861088,67,4061.18,0.047259
7.58333,1,29.7246,0.030638,0.510185,0.059361,26.577311,16.854355,67,4076.87,0.047179
7.58333,2,29.7246,0.030683,0.510054,0.059507,26.804829,16.838236,66,5095.57,0.071658
7.58333,3,29.7246,0.030579,0.510053,0.059334,26.863859,16.835279,66,5108.84,0.071598
7.58750,0,29.7406,0.030626,0.510221,0.059347,26.703987,16.879118,66,4027.56,0.047312
7.58750,1,29.7406,0.030606,0.510188,0.059340,26.736864,16.872440,64,3994.13,0.047231
7.58750,2,29.7406,0.030563,0.510048,0.059286,26.851503,16.841654,68,5215.18,0.071663
7.58750,3,29.7406,0.030441,0.510058,0.059160,26.912231,16.839985,66,5184.53,0.071598
7.59167,0,29.7575,0.030501,0.510223,0.059194,26.783264,16.886513,67,4030.25,0.047363
7.59167,1,29.7575,0.030690,0.510189,0.059398,26.830954,16.883713,66,4037.72,0.047294
7.59167,2,29.7575,0.030706,0.510045,0.059359,26.825283,16.842667,67,5186.10,0.071663
7.59167,3,29.7575,0.030448,0.510044,0.059133,26.921272,16.854576,67,5217.42,0.071616
7.59583,0,29.7744,0.030448,0.510233,0.059157,26.784521,16.886332,65,4010.42,0.047404
7.59583,1,29.7744,0.030759,0.510196,0.059476,26.659363,16.889696,66,4016.23,0.047346
7.59583,2,29.7744,0.030913,0.510031,0.059560,26.945368,16.845551,67,5209.60,0.071676
7.59583,3,29.7744,0.030476,0.510035,0.059201,26.818340,16.861479,67,5219.63,0.071643
7.60000,0,29.7915,0.030629,0.510201,0.059343,26.710258,16.886858,67,4038.55,0.047452
7.60000,1,29.7915,0.030728,0.510183,0.059429,26.722084,16.883709,66,4030.92,0.047402
7.60000,2,29.7915,0.030637,0.510039,0.059298,27.014334,16.855761,68,5184.35,0.071683
7.60000,3,29.7915,0.030469,0.510034,0.059211,26.967728,16.860855,66,5130.85,0.071631
7.60417,0,29.8079,0.030570,0.510196,0.059279,26.877680,16.891495,66,4038.11,0.047503
7.60417,1,29.8079,0.030499,0.510176,0.059199,26.916077,16.890436,64,3998.97,0.047443
7.60417,2,29.8079,0.030665,0.510042,0.059409,26.932627,16.866907,68,5249.63,0.071710
7.60417,3,29.8079,0.030560,0.510030,0.059292,26.902872,16.855440,67,5228.80,0.071654
7.60833,0,29.8252,0.030659,0.510202,0.059361,26.742119,16.905521,66,3954.22,0.047513
7.60833,1,29.8252,0.030587,0.510176,0.059270,26.789194,16.901911,65,4008.85,0.047475
7.60833,2,29.8252,0.030681,0.510054,0.059464,26.938555,16.873686,67,5139.17,0.071700
7.60833,3,29.8252,0.030431,0.510035,0.059150,26.990263,16.870817,66,5205.41,0.071672
7.61250,0,29.8418,0.030546,0.510202,0.059254,26.863701,16.914450,66,4032.20,0.047543
7.61250,1,29.8418,0.030687,0.510176,0.059402,26.714460,16.907068,65,4015.38,0.047509
7.61250,2,29.8418,0.030561,0.510060,0.059314,26.961514,16.880022,67,5242.00,0.071723
7.61250,3,29.8418,0.030403,0.510050,0.059122,27.012569,16.883188,67,5246.74,0.071711
7.61667,0,29.8590,0.030601,0.510205,0.059284,26.933968,16.923162,66,3997.71,0.047564
7.61667,1,29.8590,0.030596,0.510181,0.059313,26.982727,16.918886,65,4012.15,0.047540
7.61667,2,29.8590,0.030641,0.510060,0.059374,26.973116,16.896759,68,5247.96,0.071764
7.61667,3,29.8590,0.030531,0.510016,0.059235,26.934229,16.898006,68,5329.47,0.071795
7.62083,0,29.8766,0.030778,0.510193,0.059471,26.786415,16.918360,66,4050.23,0.047605
7.62083,1,29.8766,0.030723,0.510184,0.059423,26.773142,16.926657,66,4000.62,0.047568
7.62083,2,29.8766,0.030727,0.510041,0.059404,26.965963,16.898912,67,5161.44,0.071781
7.62083,3,29.8766,0.030433,0.509998,0.059106,27.045618,16.891731,67,5248.95,0.071853
7.62500,0,29.8933,0.030481,0.510179,0.059181,27.020121,16.921669,66,4051.01,0.047651
7.62500,1,29.8933,0.030544,0.510155,0.059226,26.881844,16.927528,65,4004.40,0.047597
7.62500,2,29.8933,0.030659,0.510014,0.059303,26.979319,16.895285,68,5252.44,0.071826
7.62500,3,29.8933,0.030478,0.510032,0.059154,27.121916,16.889996,65,5161.97,0.071866
7.62917,0,29.9101,0.030714,0.510187,0.059374,26.726103,16.933609,67,4107.88,0.047723
7.62917,1,29.9101,0.030542,0.510151,0.059224,26.918253,16.926607,65,4042.36,0.047648
7.62917,2,29.9101,0.030677,0.510010,0.059297,27.022879,16.893158,68,5285.64,0.071887
7.62917,3,29.9101,0.030642,0.510026,0.059311,26.904745,16.915380,66,5190.24,0.071880
7.63333,0,29.9271,0.030674,0.510195,0.059353,26.901320,16.950335,66,4023.35,0.047768
7.63333,1,29.9271,0.030883,0.510162,0.059542,26.982016,16.936396,65,4023.11,0.047693
7.63333,2,29.9271,0.030608,0.510024,0.059247,27.108002,16.910990,68,5242.72,0.071932
7.63333,3,29.9271,0.030325,0.510026,0.058991,27.114059,16.919651,67,5198.82,0.071897
7.63750,0,29.9439,0.030617,0.510197,0.059295,26.911972,16.954149,67,4044.65,0.047811
7.63750,1,29.9439,0.030639,0.510174,0.059325,26.768353,16.945480,65,4023.80,0.047735
7.63750,2,29.9439,0.030715,0.510041,0.059424,27.011972,16.918394,67,5191.69,0.071948
7.63750,3,29.9439,0.030489,0.510023,0.059206,27.122343,16.923086,68,5265.33,0.071938
7.64167,0,29.9608,0.030438,0.510196,0.059107,26.995609,16.956831,65,3989.60,0.047827
7.64167,1,29.9608,0.030718,0.510162,0.059378,27.122374,16.956547,65,3999.93,0.047758
7.64167,2,29.9608,0.030683,0.510044,0.059436,27.000719,16.924429,65,5167.54,0.071947
7.64167,3,29.9608,0.030458,0.510007,0.059168,27.028330,16.916378,66,5179.15,0.071946
7.64583,0,29.9772,0.031008,0.510169,0.059672,26.924990,16.952866,65,4027.36,0.047847
7.64583,1,29.9772,0.030744,0.510157,0.059411,26.801764,16.961275,65,4019.36,0.047785
7.64583,2,29.9772,0.030587,0.510053,0.059301,27.168732,16.948290,68,5256.71,0.071975
7.64583,3,29.9772,0.030500,0.509997,0.059187,27.005375,16.917669,66,5219.03,0.071964
7.65000,0,29.9942,0.030434,0.510152,0.059115,27.148800,16.959858,67,4073.29,0.047890
7.65000,1,29.9942,0.030567,0.510152,0.059225,26.947247,16.964464,65,4025.20,0.047818
7.65000,2,29.9942,0.030569,0.510007,0.059260,27.021923,16.950817,69,5305.77,0.072035
7.65000,3,29.9942,0.030531,0.510007,0.059204,27.218624,16.940432,67,5189.69,0.071980
7.65417,0,30.0112,0.030721,0.510152,0.059366,26.840014,16.972393,66,4003.25,0.047909
7.65417,1,30.0112,0.030708,0.510137,0.059389,26.991955,16.965910,66,4022.03,0.047847
7.65417,2,30.0112,0.030814,0.509969,0.059480,27.212767,16.936527,67,5313.29,0.072107
7.65417,3,30.0112,0.030473,0.510020,0.059103,27.134771,16.946634,66,5240.39,0.072020
7.65833,0,30.0284,0.030610,0.510192,0.059273,26.998875,16.990889,67,4059.97,0.047944
7.65833,1,30.0284,0.030872,0.510145,0.059514,27.008667,16.975327,65,3982.37,0.047859
7.65833,2,30.0284,0.030851,0.509966,0.059409,26.947809,16.919497,67,5178.53,0.072125
7.65833,3,30.0284,0.030429,0.510014,0.059089,27.180344,16.954441,65,5215.66,0.072049
7.66250,0,30.0448,0.030609,0.510184,0.059259,27.109484,16.995352,67,4026.66,0.047966
7.66250,1,30.0448,0.030499,0.510133,0.059160,26.954510,16.981628,65,4044.43,0.047891
7.66250,2,30.0448,0.030584,0.510005,0.059171,27.192455,16.946320,67,5247.58,0.072153
7.66250,3,30.0448,0.030447,0.509991,0.059081,27.081894,16.957960,66,5247.70,0.072088
7.66667,0,30.0618,0.030778,0.510185,0.059438,26.989918,16.988029,67,4082.03,0.048011
7.66667,1,30.0618,0.030708,0.510137,0.059345,27.124632,16.989202,65,4088.35,0.047953
7.66667,2,30.0618,0.031048,0.510017,0.059696,27.200417,16.970530,66,5107.05,0.072125
7.66667,3,30.0618,0.030412,0.509984,0.059085,27.264421,16.958031,66,5192.32,0.072095
7.67083,0,30.0778,0.030426,0.510160,0.059084,27.054096,16.997301,68,4082.66,0.048069
7.67083,1,30.0778,0.030622,0.510146,0.059261,26.993469,16.997841,65,4053.20,0.048011
7.67083,2,30.0778,0.030520,0.510023,0.059206,27.134087,16.971815,65,5134.65,0.072085
7.67083,3,30.0778,0.030699,0.510011,0.059377,27.107340,16.958157,66,5180.60,0.072081
7.67500,0,30.0940,0.030651,0.510161,0.059275,27.145967,17.006216,65,4017.91,0.048101
7.67500,1,30.0940,0.030808,0.510142,0.059444,26.961077,17.000814,65,4071.17,0.048069
7.67500,2,30.0940,0.030795,0.510007,0.059509,27.259016,16.961788,66,5304.56,0.072115
7.67500,3,30.0940,0.030541,0.510000,0.059189,27.314625,16.978872,68,5359.99,0.072153
7.67917,0,30.1117,0.030624,0.510174,0.059260,27.048391,17.018612,67,4091.74,0.048156
7.67917,1,30.1117,0.030670,0.510145,0.059316,27.002197,17.010630,62,3985.41,0.048091
7.67917,2,30.1117,0.030626,0.509994,0.059327,27.250540,16.969200,67,5241.21,0.072155
7.67917,3,30.1117,0.030319,0.509990,0.058969,27.241112,16.986687,66,5229.56,0.072196
7.68333,0,30.1284,0.030652,0.510164,0.059297,27.150383,17.017904,65,4020.88,0.048181
7.68333,1,30.1284,0.030679,0.510136,0.059312,27.189423,17.015085,64,4032.18,0.048115
7.68333,2,30.1284,0.030885,0.509979,0.059552,27.246319,16.988424,66,5203.18,0.072177
7.68333,3,30.1284,0.030695,0.509983,0.059346,27.177252,16.984680,67,5311.55,0.072260
7.68750,0,30.1453,0.030707,0.510144,0.059336,27.095030,17.014858,66,4064.77,0.048213
7.68750,1,30.1453,0.030577,0.510116,0.059222,27.009808,17.020197,66,4037.73,0.048145
7.68750,2,30.1453,0.030684,0.509987,0.059299,27.211428,16.991589,67,5287.35,0.072234
7.68750,3,30.1453,0.030566,0.509964,0.059172,27.304726,16.984053,66,5162.53,0.072271
7.69167,0,30.1619,0.030543,0.510158,0.059162,27.183418,17.035683,65,4041.68,0.048239
7.69167,1,30.1619,0.030864,0.510101,0.059479,27.177155,17.024670,64,4006.86,0.048160
7.69167,2,30.1619,0.030706,0.509971,0.059278,27.298449,16.994474,67,5304.61,0.072301
7.69167,3,30.1619,0.030462,0.509990,0.059051,27.314230,16.992552,66,5211.76,0.072288
7.69583,0,30.1787,0.030775,0.510151,0.059408,27.197306,17.046009,65,4028.42,0.048252
7.69583,1,30.1787,0.030752,0.510106,0.059371,26.981112,17.025896,65,4060.07,0.048191
7.69583,2,30.1787,0.030711,0.509981,0.059265,27.279669,16.993292,67,5277.87,0.072356
7.69583,3,30.1787,0.030667,0.509991,0.059280,27.323158,17.015812,65,5214.92,0.072308
7.70000,0,30.1954,0.030650,0.510141,0.059264,27.178215,17.037519,66,4078.73,0.048287
7.70000,1,30.1954,0.030767,0.510136,0.059361,27.372787,17.047333,64,4063.55,0.048233
7.70000,2,30.1954,0.030650,0.510010,0.059239,27.227579,17.008524,67,5226.46,0.072384
7.70000,3,30.1954,0.030297,0.509982,0.058948,27.330904,17.012150,67,5316.13,0.072369
7.70417,0,30.2123,0.030646,0.510148,0.059245,27.058447,17.038832,66,4015.23,0.048302
7.70417,1,30.2123,0.030717,0.510123,0.059331,27.058460,17.049198,65,4046.67,0.048266
7.70417,2,30.2123,0.030752,0.510012,0.059397,27.355972,17.024879,66,5164.51,0.072382
7.70417,3,30.2123,0.030530,0.509992,0.059181,27.325148,17.015013,65,5161.27,0.072368
7.70833,0,30.2282,0.030700,0.510138,0.059294,27.274172,17.057953,66,4073.54,0.048335
7.70833,1,30.2282,0.030760,0.510117,0.059369,27.197416,17.047981,65,4033.78,0.048292
7.70833,2,30.2282,0.030567,0.510015,0.059253,27.266582,17.031090,65,5174.46,0.072364
7.70833,3,30.2282,0.030629,0.509985,0.059237,27.235010,17.024900,67,5304.37,0.072406
7.71250,0,30.2449,0.030641,0.510144,0.059250,27.224924,17.067352,67,4095.69,0.048382
7.71250,1,30.2449,0.030864,0.510095,0.059493,27.172623,17.052000,65,4089.61,0.048344
7.71250,2,30.2449,0.030741,0.509996,0.059389,27.325983,17.038551,68,5357.36,0.072429
7.71250,3,30.2449,0.030362,0.509976,0.058975,27.455723,17.037519,66,5205.45,0.072427
7.71667,0,30.2619,0.030659,0.510147,0.059259,27.136227,17.067463,66,4060.10,0.048422
7.71667,1,30.2619,0.030746,0.510095,0.059325,27.162886,17.062277,66,4069.22,0.048392
7.71667,2,30.2619,0.030731,0.509981,0.059353,27.336750,17.041265,67,5263.95,0.072477
7.71667,3,30.2619,0.030584,0.509973,0.059206,27.344143,17.038561,66,5205.95,0.072440
7.72083,0,30.2784,0.030701,0.510137,0.059277,27.249260,17.067760,65,4034.12,0.048446
7.72083,1,30.2784,0.030776,0.510104,0.059372,27.122322,17.075169,66,4053.69,0.048428
7.72083,2,30.2784,0.030814,0.509969,0.059402,27.251963,17.040537,67,5262.41,0.072515
7.72083,3,30.2784,0.030456,0.509982,0.059002,27.537691,17.046509,66,5300.78,0.072491
7.72500,0,30.2953,0.030611,0.510119,0.059207,27.236197,17.077095,66,4078.59,0.048483
7.72500,1,30.2953,0.030864,0.510116,0.059421,27.191578,17.075096,64,4060.65,0.048464
7.72500,2,30.2953,0.030785,0.509972,0.059277,27.355513,17.039738,65,5181.17,0.072520
7.72500,3,30.2953,0.030623,0.509958,0.059169,27.275341,17.050467,66,5270.26,0.072535
7.72917,0,30.3116,0.030718,0.510132,0.059324,27.272923,17.088303,67,4101.94,0.048534
7.72917,1,30.3116,0.030758,0.510108,0.059333,27.301569,17.074661,66,4069.67,0.048505
7.72917,2,30.3116,0.030618,0.509957,0.059155,27.359825,17.055628,69,5378.08,0.072600
7.72917,3,30.3116,0.030656,0.509951,0.059261,27.342089,17.038841,65,5276.68,0.072591
7.73333,0,30.3288,0.030742,0.510126,0.059334,27.284733,17.094513,67,4071.49,0.048575
7.73333,1,30.3288,0.030725,0.510107,0.059302,27.275469,17.082811,65,4068.49,0.048547
7.73333,2,30.3288,0.030632,0.509971,0.059181,27.430834,17.059574,67,5216.15,0.072634
7.73333,3,30.3288,0.030465,0.509962,0.059014,27.510475,17.063377,67,5243.59,0.072628
7.73750,0,30.3451,0.030645,0.510124,0.059196,27.378353,17.098614,66,4075.39,0.048614
7.73750,1,30.3451,0.030708,0.510102,0.059299,27.194000,17.097647,64,4036.70,0.048572
7.73750,2,30.3451,0.030864,0.509988,0.059469,27.355347,17.066158,67,5258.96,0.072668
7.73750,3,30.3451,0.030401,0.509986,0.059003,27.345978,17.076996,67,5245.68,0.072658
7.74167,0,30.3616,0.030322,0.510126,0.058857,27.269491,17.106283,66,4038.82,0.048632
7.74167,1,30.3616,0.030750,0.510109,0.059319,27.369621,17.106894,66,4069.53,0.048602
7.74167,2,30.3616,0.030731,0.509987,0.059352,27.413820,17.082653,68,5286.35,0.072712
7.74167,3,30.3616,0.030610,0.509973,0.059255,27.512625,17.084293,66,5196.32,0.072666
7.74583,0,30.3780,0.030742,0.510130,0.059293,27.451408,17.110142,65,4045.59,0.048646
7.74583,1,30.3780,0.030623,0.510096,0.059192,27.222137,17.108826,65,4050.88,0.048624
7.74583,2,30.3780,0.030709,0.509970,0.059310,27.515888,17.091284,67,5253.04,0.072740
7.74583,3,30.3780,0.030536,0.509954,0.059094,27.434151,17.075546,65,5274.21,0.072698
7.75000,0,30.3946,0.030739,0.510123,0.059304,27.291451,17.112190,67,4115.69,0.048689
7.75000,1,30.3946,0.030758,0.510088,0.059281,27.355330,17.109856,65,4067.20,0.048655
7.75000,2,30.3946,0.030785,0.509952,0.059415,27.366772,17.081341,67,5193.80,0.072739
7.75000,3,30.3946,0.030401,0.509959,0.058923,27.517378,17.087357,68,5354.34,0.072768
7.75417,0,30.4112,0.030656,0.510122,0.059215,27.227646,17.123741,67,4058.53,0.048717
7.75417,1,30.4112,0.030675,0.510097,0.059222,27.326653,17.123882,65,4075.52,0.048689
7.75417,2,30.4112,0.030751,0.509954,0.059249,27.578367,17.079481,66,5194.95,0.072738
7.75417,3,30.4112,0.030649,0.509945,0.059205,27.521393,17.096018,65,5210.41,0.072784
7.75833,0,30.4272,0.030595,0.510106,0.059151,27.461657,17.127743,66,4102.37,0.048759
7.75833,1,30.4272,0.030780,0.510097,0.059297,27.263403,17.125460,64,4065.81,0.048723
7.75833,2,30.4272,0.030533,0.509980,0.058992,27.433052,17.097147,67,5245.83,0.072750
7.75833,3,30.4272,0.030590,0.509932,0.059151,27.475508,17.086132,66,5260.67,0.072805
7.76250,0,30.4437,0.030499,0.510117,0.059045,27.371115,17.131048,66,4099.36,0.048803
7.76250,1,30.4437,0.030772,0.510082,0.059333,27.381960,17.127439,66,4077.39,0.048761
7.76250,2,30.4437,0.030711,0.509968,0.059222,27.422827,17.119429,67,5324.49,0.072803
7.76250,3,30.4437,0.030566,0.509946,0.059086,27.511904,17.095139,66,5265.28,0.072837
7.76667,0,30.4604,0.030782,0.510121,0.059315,27.380587,17.141249,68,4084.43,0.048842
7.76667,1,30.4604,0.030766,0.510083,0.059315,27.437183,17.134483,64,4078.53,0.048800
7.76667,2,30.4604,0.030638,0.509947,0.059149,27.549341,17.110132,68,5305.68,0.072862
7.76667,3,30.4604,0.030386,0.509966,0.058953,27.487474,17.111477,66,5259.39,0.072871
7.77083,0,30.4770,0.030626,0.510100,0.059158,27.466818,17.149862,65,4054.27,0.048864
7.77083,1,30.4770,0.030659,0.510075,0.059215,27.238916,17.139864,66,4091.62,0.048841
7.77083,2,30.4770,0.030759,0.509944,0.059329,27.481878,17.095676,67,5258.32,0.072900
7.77083,3,30.4770,0.030676,0.509969,0.059262,27.604389,17.130428,67,5269.83,0.072908
7.77500,0,30.4935,0.030569,0.510104,0.059066,27.455679,17.147400,67,4134.92,0.048916
7.77500,1,30.4935,0.030742,0.510101,0.059263,27.471933,17.152536,64,4083.60,0.048883
7.77500,2,30.4935,0.030790,0.509945,0.059373,27.492071,17.110617,66,5216.90,0.072913
7.77500,3,30.4935,0.030485,0.509961,0.059038,27.603622,17.137825,66,5205.70,0.072911
7.77917,0,30.5094,0.030641,0.510106,0.059160,27.443510,17.155449,65,4037.26,0.048935
7.77917,1,30.5094,0.030851,0.510075,0.059410,27.405600,17.162790,64,4044.75,0.048901
7.77917,2,30.5094,0.030620,0.509977,0.059180,27.599152,17.138483,66,5217.59,0.072912
7.77917,3,30.5094,0.030515,0.509940,0.059050,27.552450,17.129482,66,5282.33,0.072934
7.78333,0,30.5257,0.030814,0.510110,0.059322,27.520060,17.165482,68,4143.27,0.048984
7.78333,1,30.5257,0.030672,0.510048,0.059179,27.393246,17.151657,66,4116.98,0.048949
7.78333,2,30.5257,0.030654,0.509963,0.059203,27.500835,17.151821,67,5281.74,0.072938
7.78333,3,30.5257,0.030509,0.509924,0.059040,27.617586,17.125311,66,5226.46,0.072944
7.78750,0,30.5420,0.030394,0.510084,0.058922,27.399031,17.169788,66,4051.74,0.049008
7.78750,1,30.5420,0.030673,0.510071,0.059169,27.548410,17.163069,64,4073.53,0.048981
7.78750,2,30.5420,0.030887,0.509923,0.059403,27.518610,17.137472,67,5274.60,0.072967
7.78750,3,30.5420,0.030504,0.509934,0.058999,27.502645,17.136833,67,5164.98,0.072922
7.79167,0,30.5581,0.030999,0.510095,0.059522,27.515104,17.175392,67,4138.14,0.049058
7.79167,1,30.5581,0.030773,0.510071,0.059275,27.421190,17.174616,63,4032.83,0.048995
7.79167,2,30.5581,0.030812,0.509901,0.059280,27.622503,17.122562,67,5262.21,0.072984
7.79167,3,30.5581,0.030658,0.509922,0.059120,27.658726,17.150265,67,5302.22,0.072950
7.79583,0,30.5746,0.030347,0.510107,0.058867,27.455097,17.178816,65,4070.69,0.049082
7.79583,1,30.5746,0.030685,0.510066,0.059201,27.467754,17.178585,65,4054.08,0.049007
7.79583,2,30.5746,0.030678,0.509918,0.059211,27.682032,17.133253,66,5276.43,0.073012
7.79583,3,30.5746,0.030344,0.509916,0.058852,27.705740,17.150175,68,5359.33,0.073022
7.80000,0,30.5915,0.030821,0.510108,0.059311,27.621946,17.192205,66,4062.75,0.049092
7.80000,1,30.5915,0.030764,0.510073,0.059259,27.589306,17.187822,66,4105.05,0.049038
7.80000,2,30.5915,0.030550,0.509945,0.060676,27.595741,17.168684,68,5352.47,0.073084
7.80000,3,30.5915,0.030713,0.509912,0.060122,27.562735,17.142691,68,5341.37,0.073107
7.80417,0,30.6084,0.030457,0.510082,0.059462,27.609520,17.196415,66,4059.77,0.049099
7.80417,1,30.6084,0.030799,0.510062,0.059329,27.365128,17.190388,64,4109.51,0.049077
7.80417,2,30.6084,0.031035,0.509927,0.061868,27.581869,17.179136,67,5284.26,0.073144
7.80417,3,30.6084,0.031066,0.509906,0.061546,27.680487,17.154322,65,5236.07,0.073146
7.80833,0,30.6246,0.030848,0.510062,0.061471,27.525282,17.191925,67,4149.39,0.049148
7.80833,1,30.6246,0.030749,0.510043,0.059258,27.617006,17.195368,66,4090.75,0.049116
7.80833,2,30.6246,0.030760,0.509873,0.059332,27.573530,17.162931,67,5246.82,0.073173
7.80833,3,30.6246,0.030507,0.509891,0.059056,27.699860,17.166655,66,5260.78,0.073173
7.81250,0,30.6407,0.030725,0.510051,0.059197,27.491796,17.197222,65,4095.57,0.049185
7.81250,1,30.6407,0.030815,0.510046,0.059269,27.524298,17.195166,64,4099.40,0.049156
7.81250,2,30.6407,0.030787,0.509812,0.059326,27.806009,17.147223,67,5241.02,0.073188
7.81250,3,30.6407,0.030563,0.509840,0.059106,27.608644,17.181376,67,5284.65,0.073205
7.81667,0,30.6569,0.030599,0.510017,0.059074,27.757795,17.217377,67,4082.95,0.049213
7.81667,1,30.6569,0.030832,0.510054,0.059320,27.332798,17.203594,65,4101.98,0.049195
7.81667,2,30.6569,0.030533,0.509776,0.059068,27.714787,17.152313,67,5296.63,0.073222
7.81667,3,30.6569,0.030782,0.509792,0.059242,27.727119,17.170286,67,5269.29,0.073233
7.82083,0,30.6732,0.030773,0.509980,0.059251,27.485884,17.209837,66,4107.92,0.049248
7.82083,1,30.6732,0.030859,0.510050,0.059310,27.593214,17.214159,65,4090.92,0.049228
7.82083,2,30.6732,0.030928,0.509768,0.059394,27.650194,17.176073,68,5306.11,0.073266
7.82083,3,30.6732,0.030357,0.509767,0.058850,27.812969,17.161980,65,5256.04,0.073256
7.82500,0,30.6895,0.030565,0.509943,0.059088,27.658493,17.206116,66,4084.70,0.049274
7.82500,1,30.6895,0.030734,0.510045,0.059231,27.595169,17.223127,64,4080.53,0.049253
7.82500,2,30.6895,0.030812,0.509781,0.059140,27.723356,17.176136,68,5292.90,0.073306
7.82500,3,30.6895,0.030574,0.509763,0.058945,27.716476,17.172928,66,5229.98,0.073266
7.82917,0,30.7056,0.030861,0.509921,0.059328,27.484169,17.201214,65,4082.99,0.049293
7.82917,1,30.7056,0.030770,0.510033,0.059223,27.568501,17.222559,64,4094.97,0.049279
7.82917,2,30.7056,0.030845,0.509790,0.059064,27.663919,17.168394,67,5288.41,0.073338
7.82917,3,30.7056,0.030437,0.509782,0.058723,27.753113,17.185799,66,5313.63,0.073307
7.83333,0,30.7220,0.030554,0.509939,0.058905,27.721386,17.217867,67,4147.61,0.049340
7.83333,1,30.7220,0.030787,0.510040,0.059269,27.538404,17.221146,65,4133.89,0.049328
7.83333,2,30.7220,0.030823,0.509764,0.059204,27.901632,17.177452,65,5166.25,0.073318
7.83333,3,30.7220,0.030609,0.509747,0.058913,27.747036,17.182329,66,5306.26,0.073344
7.83750,0,30.7379,0.030853,0.509929,0.059095,27.425817,17.230722,67,4105.66,0.049379
7.83750,1,30.7379,0.030810,0.510057,0.059272,27.569065,17.235579,66,4093.76,0.049364
7.83750,2,30.7379,0.030608,0.509733,0.058924,27.762037,17.168507,66,5265.32,0.073326
7.83750,3,30.7379,0.030599,0.509744,0.058979,27.846577,17.168287,65,5266.01,0.073366
7.84167,0,30.7540,0.030708,0.509932,0.059064,27.773544,17.233109,68,4157.75,0.049437
7.84167,1,30.7540,0.030708,0.510036,0.059233,27.634745,17.245411,63,4095.73,0.049400
7.84167,2,30.7540,0.030673,0.509759,0.059104,27.727409,17.174131,66,5245.73,0.073333
7.84167,3,30.7540,0.030482,0.509742,0.058824,27.694952,17.182598,67,5340.13,0.073413
7.84583,0,30.7703,0.030432,0.509925,0.058750,27.672737,17.222256,66,4090.59,0.049469
7.84583,1,30.7703,0.030692,0.510002,0.059514,27.754356,17.243994,64,4084.74,0.049426
7.84583,2,30.7703,0.030836,0.509804,0.059287,27.810041,17.205519,68,5373.25,0.073401
7.84583,3,30.7703,0.030582,0.509768,0.059024,27.834219,17.198029,66,5293.33,0.073459
7.85000,0,30.7869,0.030774,0.509937,0.059130,27.694288,17.220108,65,4112.64,0.049499
7.85000,1,30.7869,0.030774,0.510002,0.060212,27.767151,17.250603,66,4084.24,0.049447
7.85000,2,30.7869,0.030753,0.509799,0.059261,27.726948,17.227407,66,5294.47,0.073453
7.85000,3,30.7869,0.030676,0.509772,0.059149,27.904037,17.218729,67,5288.11,0.073498
7.85417,0,30.8031,0.030646,0.509930,0.059089,27.839399,17.241949,65,4046.72,0.049497
7.85417,1,30.8031,0.030859,0.510017,0.061445,27.600899,17.246689,66,4114.40,0.049473
7.85417,2,30.8031,0.030920,0.509786,0.059384,27.833523,17.217119,66,5290.15,0.073495
7.85417,3,30.8031,0.030564,0.509783,0.059026,27.782553,17.218447,65,5178.81,0.073485
7.85833,0,30.8188,0.030911,0.509922,0.059410,27.678516,17.259533,68,4193.32,0.049552
7.85833,1,30.8188,0.032201,0.510003,0.062881,27.780106,17.257729,64,4113.63,0.049511
7.85833,2,30.8188,0.030768,0.509762,0.059146,27.756168,17.213730,66,5217.56,0.073492
7.85833,3,30.8188,0.030467,0.509773,0.058847,27.888870,17.219517,65,5222.85,0.073467
7.86250,0,30.8344,0.030608,0.509927,0.059041,27.698627,17.270336,66,4105.78,0.049587
7.86250,1,30.8344,0.030905,0.509996,0.059322,27.809027,17.271757,66,4156.93,0.049568
7.86250,2,30.8344,0.030527,0.509748,0.058775,27.992071,17.222340,66,5281.74,0.073499
7.86250,3,30.8344,0.030542,0.509756,0.058880,27.868668,17.230810,67,5349.00,0.073505
7.86667,0,30.8509,0.030816,0.509927,0.059228,27.751604,17.274103,66,4109.29,0.049620
7.86667,1,30.8509,0.030604,0.509953,0.059056,27.606871,17.269354,64,4090.11,0.049599
7.86667,2,30.8509,0.030870,0.509735,0.059108,27.705479,17.229568,67,5341.48,0.073546
7.86667,3,30.8509,0.030469,0.509727,0.058741,27.784895,17.234791,67,5359.24,0.073573
7.87083,0,30.8675,0.030515,0.509908,0.058736,27.759212,17.269104,65,4068.83,0.049630
7.87083,1,30.8675,0.030889,0.509891,0.059361,27.832376,17.253893,64,4105.15,0.049623
7.87083,2,30.8675,0.030811,0.509743,0.059059,27.865730,17.212181,67,5294.63,0.073591
7.87083,3,30.8675,0.030659,0.509716,0.058970,27.965738,17.218130,66,5275.65,0.073613
7.87500,0,30.8835,0.030643,0.509887,0.058909,27.803553,17.255037,68,4202.48,0.049690
7.87500,1,30.8835,0.030773,0.509879,0.059245,27.628185,17.264576,64,4115.82,0.049658
7.87500,2,30.8835,0.030777,0.509750,0.059144,27.976089,17.220945,66,5323.59,0.073643
7.87500,3,30.8835,0.030590,0.509745,0.058865,27.987078,17.220097,65,5272.70,0.073642
7.87917,0,30.8996,0.030840,0.509882,0.059118,27.973349,17.267550,66,4126.80,0.049733
7.87917,1,30.8996,0.030756,0.509872,0.059124,27.802589,17.280439,66,4129.70,0.049700
7.87917,2,30.8996,0.030810,0.509758,0.059188,27.837027,17.248381,69,5342.38,0.073702
7.87917,3,30.8996,0.030620,0.509746,0.058978,27.810139,17.255075,68,5441.64,0.073744
7.88333,0,30.9166,0.030841,0.509901,0.059145,27.653328,17.277351,66,4161.58,0.049787
7.88333,1,30.9166,0.030648,0.509864,0.058926,27.747766,17.280214,64,4099.01,0.049732
7.88333,2,30.9166,0.030615,0.509761,0.059126,27.962589,17.265989,68,5316.24,0.073764
7.88333,3,30.9166,0.030509,0.509765,0.058935,28.038656,17.269760,66,5219.91,0.073771
7.88750,0,30.9322,0.030315,0.509919,0.058740,28.054182,17.298592,66,4098.20,0.049812
7.88750,1,30.9322,0.030846,0.509845,0.058942,27.981997,17.276903,65,4161.28,0.049782
7.88750,2,30.9322,0.030905,0.509766,0.059351,27.948584,17.264313,67,5217.53,0.073770
7.88750,3,30.9322,0.030549,0.509767,0.058990,27.946692,17.260500,67,5296.72,0.073795
7.89167,0,30.9479,0.030854,0.509915,0.059241,27.750729,17.305191,66,4095.73,0.049829
7.89167,1,30.9479,0.030687,0.509834,0.058972,27.658278,17.281893,65,4124.28,0.049819
7.89167,2,30.9479,0.030861,0.509762,0.059189,27.890127,17.258278,67,5277.35,0.073782
7.89167,3,30.9479,0.030640,0.509741,0.059018,27.923559,17.261774,66,5251.77,0.073799
7.89583,0,30.9636,0.030406,0.509891,0.058862,27.866289,17.303537,65,4057.70,0.049825
7.89583,1,30.9636,0.030791,0.509851,0.058992,27.837807,17.276453,65,4113.38,0.049841
7.89583,2,30.9636,0.030651,0.509743,0.058906,28.107899,17.268309,66,5246.08,0.073780
7.89583,3,30.9636,0.030504,0.509738,0.058784,27.947519,17.269548,66,5318.43,0.073823
7.90000,0,30.9796,0.030946,0.509887,0.059245,27.991467,17.309483,68,4222.63,0.049886
7.90000,1,30.9796,0.030649,0.509848,0.058974,27.778976,17.275499,64,4148.11,0.049885
7.90000,2,30.9796,0.030894,0.509710,0.059067,27.937239,17.275749,68,5347.82,0.073820
7.90000,3,30.9796,0.030649,0.509720,0.058959,27.965860,17.281105,65,5254.81,0.073832
7.90417,0,30.9956,0.030775,0.509875,0.059104,27.803019,17.311609,67,4156.12,0.049941
7.90417,1,30.9956,0.030980,0.509865,0.059343,27.953424,17.299711,66,4137.75,0.049929
7.90417,2,30.9956,0.030616,0.509698,0.058841,28.007111,17.260010,68,5317.93,0.073859
7.90417,3,30.9956,0.030713,0.509704,0.058898,27.968237,17.273748,66,5320.45,0.073867
7.90833,0,31.0118,0.030912,0.509877,0.059068,28.014759,17.319679,65,4110.81,0.049973
7.90833,1,31.0118,0.030586,0.509874,0.059038,27.778107,17.312386,65,4167.25,0.049983
7.90833,2,31.0118,0.030828,0.509708,0.059121,27.944471,17.259920,65,5243.22,0.073868
7.90833,3,31.0118,0.030542,0.509707,0.058799,28.003056,17.271223,66,5309.94,0.073898
7.91250,0,31.0275,0.030439,0.509882,0.058690,27.934776,17.329805,66,4110.40,0.049998
7.91250,1,31.0275,0.030876,0.509850,0.059244,28.116882,17.325550,64,4159.37,0.050033
7.91250,2,31.0275,0.030884,0.509751,0.059204,27.890896,17.276953,65,5307.16,0.073894
7.91250,3,31.0275,0.030688,0.509713,0.058959,28.182213,17.275532,66,5260.45,0.073909
7.91667,0,31.0433,0.030830,0.509877,0.059036,27.877951,17.317915,65,4128.99,0.050028
7.91667,1,31.0433,0.030728,0.509843,0.059032,27.835524,17.328833,66,4111.75,0.050059
7.91667,2,31.0433,0.030691,0.509752,0.059080,28.077906,17.318642,68,5317.03,0.073927
7.91667,3,31.0433,0.030478,0.509746,0.058858,28.060587,17.290447,66,5306.64,0.073935
7.92083,0,31.0594,0.030827,0.509874,0.059221,28.035542,17.315010,66,4178.08,0.050078
7.92083,1,31.0594,0.030958,0.509841,0.059134,27.879986,17.317387,64,4118.35,0.050083
7.92083,2,31.0594,0.030964,0.509746,0.059389,28.077082,17.314161,67,5343.97,0.073975
7.92083,3,31.0594,0.030822,0.509736,0.059201,27.960400,17.316227,66,5313.36,0.073972
7.92500,0,31.0755,0.030776,0.509881,0.059102,27.877182,17.321804,66,4132.71,0.050112
7.92500,1,31.0755,0.030756,0.509793,0.058928,27.846994,17.306433,63,4080.51,0.050087
7.92500,2,31.0755,0.030848,0.509728,0.059206,27.935429,17.301212,66,5244.47,0.073985
7.92500,3,31.0755,0.030357,0.509710,0.058720,28.214996,17.327745,68,5450.89,0.074066
7.92917,0,31.0918,0.030744,0.509919,0.059176,28.143898,17.368839,66,4174.07,0.050154
7.92917,1,31.0918,0.030853,0.509808,0.059002,28.079107,17.313766,65,4185.68,0.050133
7.92917,2,31.0918,0.030807,0.509710,0.059031,28.100380,17.304686,66,5253.46,0.073998
7.92917,3,31.0918,0.030697,0.509701,0.058979,28.080082,17.310991,66,5273.52,0.074097
7.93333,0,31.1072,0.030484,0.509898,0.058792,27.905005,17.378326,65,4108.11,0.050175
7.93333,1,31.1072,0.030599,0.509838,0.058874,27.909344,17.339588,63,4095.97,0.050149
7.93333,2,31.1072,0.030644,0.509720,0.058812,28.094847,17.318951,66,5329.58,0.074036
7.93333,3,31.1072,0.030648,0.509698,0.058866,28.061064,17.295609,66,5224.03,0.074089
7.93750,0,31.1229,0.030926,0.509866,0.059239,28.018415,17.356623,68,4217.61,0.050232
7.93750,1,31.1229,0.030916,0.509852,0.059233,27.989370,17.348576,64,4156.84,0.050189
7.93750,2,31.1229,0.030945,0.509701,0.059095,28.159811,17.325630,67,5338.79,0.074078
7.93750,3,31.1229,0.030645,0.509705,0.058793,28.160023,17.314705,64,5164.72,0.074044
7.94167,0,31.1383,0.030606,0.509829,0.058755,27.988115,17.344093,66,4148.74,0.050274
7.94167,1,31.1383,0.030928,0.509837,0.059321,28.030788,17.352049,65,4141.99,0.050227
7.94167,2,31.1383,0.030695,0.509690,0.058885,28.100052,17.309225,67,5369.34,0.074126
7.94167,3,31.1383,0.030516,0.509715,0.058718,28.064663,17.341776,66,5326.21,0.074061
7.94583,0,31.1546,0.031010,0.509821,0.059166,28.151960,17.353418,66,4151.78,0.050309
7.94583,1,31.1546,0.030879,0.509831,0.059227,27.867611,17.353075,67,4194.48,0.050286
7.94583,2,31.1546,0.030843,0.509689,0.059116,28.151392,17.311905,67,5325.34,0.074164
7.94583,3,31.1546,0.030603,0.509680,0.058859,28.145124,17.335245,67,5328.58,0.074100
7.95000,0,31.1705,0.030550,0.509849,0.058667,28.122831,17.368391,66,4162.50,0.050351
7.95000,1,31.1705,0.030634,0.509841,0.058940,27.927313,17.364677,64,4149.47,0.050331
7.95000,2,31.1705,0.030766,0.509705,0.059097,28.133272,17.322380,66,5284.98,0.074183
7.95000,3,31.1705,0.030804,0.509666,0.059089,28.261049,17.313799,66,5361.94,0.074157
7.95417,0,31.1865,0.030741,0.509887,0.058997,27.996479,17.374634,67,4157.13,0.050390
7.95417,1,31.1865,0.030864,0.509819,0.059039,28.176666,17.378389,63,4150.20,0.050370
7.95417,2,31.1865,0.030727,0.509738,0.059096,28.233032,17.357075,66,5290.81,0.074203
7.95417,3,31.1865,0.030602,0.509685,0.058917,28.148621,17.324549,67,5374.49,0.074224
7.95833,0,31.2024,0.030689,0.509882,0.059009,28.089724,17.379225,65,4139.56,0.050418
7.95833,1,31.2024,0.030813,0.509808,0.058967,27.907078,17.375376,65,4162.70,0.050410
7.95833,2,31.2024,0.030965,0.509731,0.059304,28.053679,17.361683,66,5326.73,0.074242
7.95833,3,31.2024,0.030505,0.509717,0.058838,28.164326,17.359602,66,5281.48,0.074254
7.96250,0,31.2181,0.030858,0.509875,0.059236,28.157770,17.390673,66,4170.56,0.050457
7.96250,1,31.2181,0.030935,0.509794,0.059038,27.995533,17.359968,65,4137.43,0.050439
7.96250,2,31.2181,0.030665,0.509709,0.058942,28.277754,17.369799,68,5387.58,0.074307
7.96250,3,31.2181,0.030658,0.509704,0.058934,28.329575,17.382257,67,5443.76,0.074347
7.96667,0,31.2347,0.030605,0.509837,0.058950,28.053665,17.399614,66,4150.04,0.050486
7.96667,1,31.2347,0.030786,0.509788,0.058956,28.071913,17.357069,65,4198.29,0.050490
7.96667,2,31.2347,0.030919,0.509688,0.059086,28.147720,17.353331,67,5314.19,0.074359
7.96667,3,31.2347,0.030589,0.509691,0.058826,28.115999,17.371834,67,5347.47,0.074416
7.97083,0,31.2504,0.030980,0.509854,0.059236,28.255003,17.402390,67,4228.63,0.050552
7.97083,1,31.2504,0.030899,0.509802,0.059087,28.224373,17.384558,65,4138.18,0.050527
7.97083,2,31.2504,0.030711,0.509686,0.058822,28.160307,17.344675,65,5237.08,0.074368
7.97083,3,31.2504,0.030619,0.509668,0.058764,28.347225,17.348427,66,5310.91,0.074449
7.97500,0,31.2657,0.030468,0.509849,0.058659,28.111103,17.416162,65,4069.98,0.050554
7.97500,1,31.2657,0.030888,0.509829,0.059198,27.987513,17.392149,63,4131.93,0.050544
7.97500,2,31.2657,0.030927,0.509664,0.059029,28.346666,17.366003,68,5410.18,0.074434
7.97500,3,31.2657,0.030576,0.509665,0.058716,28.314745,17.345583,64,5246.50,0.074452
7.97917,0,31.2815,0.030879,0.509854,0.058931,28.074274,17.405457,66,4209.31,0.050594
7.97917,1,31.2815,0.030735,0.509841,0.059076,28.042828,17.406359,65,4146.42,0.050566
7.97917,2,31.2815,0.030576,0.509681,0.058731,28.119932,17.358345,66,5228.94,0.074431
7.97917,3,31.2815,0.030660,0.509679,0.058804,28.121048,17.371376,68,5351.68,0.074479
7.98333,0,31.2969,0.030433,0.509825,0.058574,28.117815,17.402292,64,4112.56,0.050603
7.98333,1,31.2969,0.030854,0.509819,0.059166,28.181520,17.410172,64,4175.11,0.050598
7.98333,2,31.2969,0.030959,0.509692,0.059258,28.256910,17.363800,66,5286.76,0.074436
7.98333,3,31.2969,0.030571,0.509694,0.058817,28.290850,17.388828,65,5278.81,0.074482
7.98750,0,31.3123,0.031124,0.509822,0.059231,28.327520,17.396025,68,4259.00,0.050669
7.98750,1,31.3123,0.030893,0.509786,0.059127,28.083645,17.409769,64,4140.53,0.050628
7.98750,2,31.3123,0.030930,0.509708,0.059207,28.254284,17.383520,66,5331.58,0.074458
7.98750,3,31.3123,0.030834,0.509680,0.059137,28.321423,17.390467,67,5378.32,0.074525
7.99167,0,31.3283,0.030369,0.509837,0.058658,28.129839,17.418867,66,4144.38,0.050701
7.99167,1,31.3283,0.030874,0.509776,0.059010,28.150192,17.410810,64,4215.00,0.050683
7.99167,2,31.3283,0.030655,0.509706,0.058991,28.329037,17.412592,68,5386.00,0.074517
7.99167,3,31.3283,0.030582,0.509672,0.058854,28.281069,17.383400,66,5343.67,0.074571
7.99583,0,31.3443,0.031178,0.509868,0.059438,28.154329,17.437611,66,4178.72,0.050740
7.99583,1,31.3443,0.030882,0.509764,0.058947,28.144590,17.410748,64,4165.79,0.050725
7.99583,2,31.3443,0.030841,0.509679,0.059144,28.313158,17.407518,66,5321.71,0.074560
7.99583,3,31.3443,0.030649,0.509673,0.058902,28.332487,17.388527,65,5321.44,0.074605
8.00000,0,31.3599,0.030295,0.509878,0.058672,28.255009,17.454514,66,4135.68,0.050760
8.00000,1,31.3599,0.030869,0.509767,0.058941,28.044683,17.403593,65,4186.67,0.050768
8.00000,2,31.3599,0.030702,0.509670,0.058869,28.263058,17.387161,66,5284.49,0.074578
8.00000,3,31.3599,0.030676,0.509669,0.058868,28.362257,17.405279,66,5321.38,0.074631
8.00417,0,31.3753,0.030954,0.509852,0.059168,28.286533,17.448713,65,4227.42,0.050814
8.00417,1,31.3753,0.030945,0.509783,0.059079,28.250689,17.420534,65,4177.57,0.050811
8.00417,2,31.3753,0.030985,0.509675,0.059062,28.351194,17.392931,66,5306.35,0.074595
8.00417,3,31.3753,0.030482,0.509656,0.058630,28.348783,17.419542,66,5354.97,0.074667
8.00833,0,31.3909,0.030788,0.509814,0.059042,28.364616,17.451756,67,4168.85,0.050853
8.00833,1,31.3909,0.030786,0.509783,0.058999,28.088614,17.427488,64,4209.10,0.050865
8.00833,2,31.3909,0.030667,0.509656,0.058732,28.311213,17.411203,67,5413.60,0.074661
8.00833,3,31.3909,0.030630,0.509643,0.058742,28.372025,17.403534,66,5265.98,0.074676
8.01250,0,31.4066,0.030819,0.509776,0.058829,28.155161,17.435509,66,4169.15,0.050888
8.01250,1,31.4066,0.030782,0.509805,0.059074,28.244528,17.450317,63,4134.05,0.050887
8.01250,2,31.4066,0.030927,0.509654,0.059027,28.365330,17.407049,65,5275.69,0.074677
8.01250,3,31.4066,0.030603,0.509657,0.058673,28.425064,17.399143,66,5355.57,0.074707
8.01667,0,31.4221,0.030706,0.509793,0.058794,28.367157,17.445890,65,4195.75,0.050928
8.01667,1,31.4221,0.030744,0.509812,0.059018,28.202269,17.448948,63,4154.20,0.050907
8.01667,2,31.4221,0.030813,0.509660,0.058957,28.376825,17.400312,67,5282.85,0.074682
8.01667,3,31.4221,0.030670,0.509664,0.058816,28.434792,17.423937,67,5273.05,0.074706
8.02083,0,31.4372,0.030662,0.509811,0.058628,28.321953,17.458044,66,4208.90,0.050973
8.02083,1,31.4372,0.030924,0.509776,0.059190,28.124821,17.452858,65,4166.83,0.050934
8.02083,2,31.4372,0.030909,0.509665,0.059145,28.339384,17.414398,66,5314.89,0.074691
8.02083,3,31.4372,0.030682,0.509678,0.058924,28.425739,17.425854,67,5391.04,0.074747
8.02500,0,31.4531,0.030913,0.509809,0.059123,28.329861,17.464615,66,4210.33,0.051020
8.02500,1,31.4531,0.030994,0.509768,0.059135,28.313946,17.452147,64,4217.48,0.050987
8.02500,2,31.4531,0.030935,0.509672,0.059193,28.501886,17.435001,65,5346.82,0.074724
8.02500,3,31.4531,0.030631,0.509650,0.058890,28.407555,17.425650,66,5337.87,0.074782
8.02917,0,31.4687,0.030552,0.509802,0.058703,28.144459,17.460926,65,4164.67,0.051051
8.02917,1,31.4687,0.030808,0.509757,0.058885,28.214243,17.456367,62,4136.91,0.051008
8.02917,2,31.4687,0.030668,0.509680,0.058936,28.382288,17.454823,68,5446.83,0.074808
8.02917,3,31.4687,0.030599,0.509646,0.058801,28.473146,17.435163,66,5347.99,0.074829
8.03333,0,31.4848,0.030813,0.509817,0.059177,28.478661,17.472143,66,4226.29,0.051097
8.03333,1,31.4848,0.030822,0.509763,0.058827,28.338833,17.460835,64,4237.25,0.051065
8.03333,2,31.4848,0.031221,0.509682,0.059432,28.397211,17.448065,66,5286.42,0.074838
8.03333,3,31.4848,0.030630,0.509649,0.058824,28.405289,17.445478,66,5345.20,0.074869
8.03750,0,31.5000,0.030874,0.509833,0.059079,28.333977,17.483629,66,4167.38,0.051128
8.03750,1,31.5000,0.030929,0.509773,0.058965,28.378956,17.464357,63,4149.59,0.051092
8.03750,2,31.5000,0.030820,0.509652,0.058970,28.354752,17.439705,65,5295.96,0.074853
8.03750,3,31.5000,0.030732,0.509655,0.058867,28.425705,17.454607,65,5298.76,0.074881
8.04167,0,31.5152,0.030848,0.509836,0.059119,28.420172,17.500908,67,4261.82,0.051190
8.04167,1,31.5152,0.030857,0.509749,0.058970,28.243715,17.455984,63,4204.51,0.051138
8.04167,2,31.5152,0.030931,0.509621,0.058942,28.609428,17.443329,67,5396.26,0.074901
8.04167,3,31.5152,0.030639,0.509628,0.058685,28.536919,17.458290,67,5363.02,0.074919
8.04583,0,31.5311,0.030659,0.509801,0.058758,28.246843,17.511209,65,4141.23,0.051210
8.04583,1,31.5311,0.030773,0.509753,0.058953,28.395073,17.466436,65,4199.50,0.051180
8.04583,2,31.5311,0.030620,0.509646,0.058618,28.406382,17.441877,65,5277.02,0.074912
8.04583,3,31.5311,0.030523,0.509632,0.058564,28.451443,17.439919,66,5309.81,0.074935
8.05000,0,31.5536,0.030998,0.509794,0.059021,28.330288,17.496443,66,4265.73,0.051271
8.05000,1,31.5536,0.030856,0.509782,0.059075,28.197338,17.487263,63,4167.30,0.051212
8.05000,2,31.5536,0.031130,0.509619,0.059195,28.390360,17.454498,68,5474.91,0.074993
8.05000,3,31.5536,0.030712,0.509610,0.058779,28.565460,17.448694,66,5320.87,0.074962
8.05417,0,31.5832,0.030610,0.509755,0.058567,28.431818,17.487989,65,4113.69,0.051274
8.05417,1,31.5832,0.030937,0.509784,0.059177,28.499451,17.517284,63,4159.77,0.051227
8.05417,2,31.5832,0.030812,0.509610,0.058882,28.521177,17.447802,66,5301.24,0.075020
8.05417,3,31.5832,0.030648,0.509618,0.058758,28.559961,17.461071,66,5357.11,0.074998
8.05833,0,31.6159,0.031131,0.509771,0.059092,28.531944,17.488510,65,4153.95,0.051273
8.05833,1,31.6159,0.030788,0.509769,0.058952,28.419140,17.513641,65,4123.11,0.051218
8.05833,2,31.6159,0.030708,0.509650,0.058876,28.674957,17.462490,66,5359.08,0.075056
8.05833,3,31.6159,0.030591,0.509638,0.058746,28.615690,17.482336,66,5428.17,0.075071
8.06250,0,31.6523,0.030508,0.509780,0.058588,28.327089,17.515671,65,4089.15,0.051237
8.06250,1,31.6523,0.030949,0.509732,0.059009,28.478670,17.505686,63,4091.76,0.051179
8.06250,2,31.6523,0.030968,0.509646,0.059169,28.538343,17.505594,67,5400.40,0.075120
8.06250,3,31.6523,0.030830,0.509629,0.059020,28.443829,17.497358,67,5374.10,0.075135
8.06667,0,31.6907,0.031062,0.509811,0.059171,28.546436,17.540567,66,4127.95,0.051201
8.06667,1,31.6907,0.030952,0.509699,0.058909,28.387915,17.505630,63,4132.04,0.051150
8.06667,2,31.6907,0.030799,0.509632,0.058977,28.589571,17.514980,67,5440.08,0.075208
8.06667,3,31.6907,0.030486,0.509623,0.058640,28.909990,17.508986,65,5388.72,0.075206
8.07083,0,31.7310,0.030626,0.509816,0.058845,28.474533,17.563984,64,3988.76,0.051106
8.07083,1,31.7310,0.030803,0.509706,0.058728,28.521378,17.527033,62,4038.46,0.051070
8.07083,2,31.7310,0.030816,0.509603,0.058950,28.664976,17.514261,67,5550.82,0.075352
8.07083,3,31.7310,0.030702,0.509570,0.058802,28.571596,17.517326,67,5575.65,0.075373
8.07500,0,31.7747,0.030916,0.509825,0.059092,28.670231,17.575274,64,4012.73,0.050996
8.07500,1,31.7747,0.031027,0.509740,0.058960,28.536745,17.548870,63,4068.74,0.050984
8.07500,2,31.7747,0.030966,0.509579,0.058969,28.644424,17.523827,67,5510.09,0.075512
8.07500,3,31.7747,0.030605,0.509538,0.058575,28.723446,17.523024,68,5639.51,0.075600
8.07917,0,31.8190,0.030753,0.509775,0.058861,28.547529,17.593164,63,3948.37,0.050853
8.07917,1,31.8190,0.030897,0.509741,0.058898,28.523470,17.560362,63,3946.71,0.050836
8.07917,2,31.8190,0.030759,0.509550,0.058688,28.711025,17.536573,68,5689.37,0.075765
8.07917,3,31.8190,0.030698,0.509547,0.058622,28.859644,17.532209,66,5532.41,0.075813
8.08333,0,31.8644,0.030982,0.509774,0.058956,28.609089,17.589518,64,3956.16,0.050695
8.08333,1,31.8644,0.030824,0.509733,0.058869,28.762512,17.568617,62,3967.29,0.050676
8.08333,2,31.8644,0.031095,0.509540,0.058942,28.802109,17.543140,67,5544.90,0.075979
8.08333,3,31.8644,0.030733,0.509568,0.058645,28.744015,17.548761,66,5568.75,0.076027
8.08750,0,31.9091,0.030643,0.509743,0.058543,28.836243,17.605255,63,3894.52,0.050505
8.08750,1,31.9091,0.030776,0.509721,0.058876,28.598179,17.585709,61,3896.80,0.050476
8.08750,2,31.9091,0.030941,0.509536,0.058819,28.781555,17.552605,69,5691.12,0.076242
8.08750,3,31.9091,0.030739,0.509542,0.058675,28.876438,17.563261,68,5653.76,0.076286
8.09167,0,31.9558,0.030922,0.509765,0.058710,28.659468,17.606924,63,3837.03,0.050276
8.09167,1,31.9558,0.030923,0.509723,0.059101,28.733770,17.608458,61,3899.04,0.050261
8.09167,2,31.9558,0.030821,0.509530,0.058751,28.908957,17.566774,68,5707.24,0.076530
8.09167,3,31.9558,0.030544,0.509515,0.058533,28.849743,17.575920,68,5727.22,0.076593
8.09583,0,32.0032,0.030691,0.509761,0.058541,28.795553,17.623590,62,3785.76,0.050013
8.09583,1,32.0032,0.030872,0.509718,0.058898,28.641333,17.621292,60,3842.46,0.050013
8.09583,2,32.0032,0.030852,0.509521,0.058860,28.915358,17.595995,69,5806.98,0.076875
8.09583,3,32.0032,0.030797,0.509513,0.058823,28.903496,17.590147,68,5748.97,0.076932
8.10000,0,32.0513,0.031063,0.509752,0.058900,28.886845,17.640594,61,3776.00,0.049734
8.10000,1,32.0513,0.031015,0.509692,0.059371,28.815685,17.635124,61,3805.57,0.049737
8.10000,2,32.0513,0.030869,0.509508,0.058917,28.898125,17.607971,67,5747.09,0.077213
8.10000,3,32.0513,0.030626,0.509517,0.058685,28.941912,17.607569,66,5684.07,0.077247
8.10417,0,32.0983,0.030606,0.509734,0.058644,28.789078,17.658772,61,3693.66,0.049414
8.10417,1,32.0983,0.030768,0.509636,0.059442,28.865767,17.637903,60,3757.24,0.049428
8.10417,2,32.0983,0.030999,0.509503,0.059078,28.966148,17.616337,69,5792.51,0.077559
8.10417,3,32.0983,0.030821,0.509511,0.058821,28.922514,17.636168,68,5827.75,0.077614
8.10833,0,32.1466,0.030872,0.509735,0.058867,28.812031,17.672184,62,3770.76,0.049116
8.10833,1,32.1466,0.030872,0.509562,0.061249,28.796583,17.615458,60,3723.59,0.049103
8.10833,2,32.1466,0.031003,0.509492,0.058958,28.985609,17.636961,69,5812.41,0.077920
8.10833,3,32.1466,0.030760,0.509499,0.058725,29.012911,17.656004,68,5880.34,0.078019
8.11250,0,32.1951,0.030924,0.509746,0.059065,28.971298,17.699430,62,3721.57,0.048807
8.11250,1,32.1951,0.033651,0.509510,0.064547,28.912161,17.595730,60,3763.54,0.048795
8.11250,2,32.1951,0.030766,0.509492,0.058652,29.052740,17.661119,68,5877.81,0.078316
8.11250,3,32.1951,0.030622,0.509482,0.058486,29.191031,17.657053,66,5779.05,0.078392
8.11667,0,32.2430,0.030871,0.509752,0.059984,29.020287,17.726297,61,3679.68,0.048484
8.11667,1,32.2430,0.030980,0.509543,0.058656,28.996273,17.601248,60,3747.47,0.048491
8.11667,2,32.2430,0.030962,0.509434,0.059306,29.077021,17.683870,70,5992.49,0.078763
8.11667,3,32.2430,0.030712,0.509431,0.058497,29.088623,17.659842,67,5896.91,0.078810
8.12083,0,32.2923,0.030696,0.509737,0.059700,29.194296,17.732536,61,3618.34,0.048138
8.12083,1,32.2923,0.031016,0.509569,0.058936,28.933952,17.638159,60,3691.56,0.048163
8.12083,2,32.2923,0.031237,0.509378,0.058923,29.065411,17.655340,70,5923.77,0.079198
8.12083,3,32.2923,0.030848,0.509412,0.058565,29.148922,17.666739,68,5965.28,0.079266
8.12500,0,32.3412,0.031036,0.509695,0.059966,28.888571,17.718493,61,3638.44,0.047796
8.12500,1,32.3412,0.031005,0.509587,0.059037,29.152428,17.672304,59,3633.91,0.047809
8.12500,2,32.3412,0.030878,0.509360,0.058532,29.272440,17.637995,69,6033.70,0.079675
8.12500,3,32.3412,0.030667,0.509424,0.058432,29.151268,17.687939,67,5942.31,0.079725
8.12917,0,32.3903,0.030817,0.509643,0.060189,29.262045,17.734755,59,3532.95,0.047411
8.12917,1,32.3903,0.030644,0.509607,0.058791,29.125586,17.707569,59,3569.51,0.047417
8.12917,2,32.3903,0.031082,0.509368,0.058671,29.181807,17.672956,68,5873.94,0.080091
8.12917,3,32.3903,0.030673,0.509430,0.058471,29.345638,17.712263,68,6008.57,0.080197
8.13333,0,32.4382,0.031634,0.509574,0.062508,29.049807,17.712996,60,3539.42,0.047016
8.13333,1,32.4382,0.031006,0.509592,0.059110,29.101276,17.729361,59,3581.80,0.047023
8.13333,2,32.4382,0.030884,0.509365,0.058517,29.335428,17.701120,69,6066.38,0.080567
8.13333,3,32.4382,0.030824,0.509430,0.058679,29.207197,17.727829,68,6023.27,0.080682
8.13750,0,32.4873,0.031726,0.509523,0.062587,29.283186,17.697197,59,3563.81,0.046637
8.13750,1,32.4873,0.030992,0.509574,0.058942,29.237862,17.749414,58,3567.94,0.046634
8.13750,2,32.4873,0.031403,0.509286,0.062474,29.290586,17.695938,71,6240.74,0.081136
8.13750,3,32.4873,0.030705,0.509408,0.058578,29.383923,17.749319,70,6124.07,0.081227
8.14167,0,32.5380,0.030949,0.509547,0.058574,29.201105,17.704311,60,3541.06,0.046262
8.14167,1,32.5380,0.030898,0.509552,0.058718,29.338404,17.756388,58,3539.91,0.046244
8.14167,2,32.5380,0.031771,0.509234,0.062726,29.404484,17.664497,68,6133.14,0.081690
8.14167,3,32.5380,0.030717,0.509391,0.058974,29.347258,17.760548,69,6117.39,0.081779
8.14583,0,32.5871,0.030784,0.509584,0.058637,29.309147,17.750647,60,3583.62,0.045915
8.14583,1,32.5871,0.030872,0.509492,0.058363,29.242758,17.749937,57,3507.06,0.045854
8.14583,2,32.5871,0.031014,0.509231,0.058798,29.431433,17.687870,69,6066.68,0.082203
8.14583,3,32.5871,0.030744,0.509371,0.059079,29.369293,17.767559,69,6085.77,0.082303
8.15000,0,32.6349,0.031181,0.509616,0.059134,29.424076,17.789715,59,3467.81,0.045531
8.15000,1,32.6349,0.030965,0.509465,0.058746,29.348883,17.735126,57,3492.78,0.045459
8.15000,2,32.6349,0.031096,0.509252,0.058947,29.445440,17.729395,68,6132.17,0.082719
8.15000,3,32.6349,0.030846,0.509354,0.059064,29.400906,17.776823,68,6030.04,0.082787
8.15417,0,32.6824,0.030706,0.509620,0.058757,29.524757,17.821953,59,3496.70,0.045156
8.15417,1,32.6824,0.030828,0.509448,0.058334,29.339159,17.742531,56,3459.74,0.045060
8.15417,2,32.6824,0.030915,0.509293,0.060120,29.572042,17.764776,68,6118.98,0.083214
8.15417,3,32.6824,0.030733,0.509318,0.059703,29.525145,17.786007,69,6086.13,0.083270
8.15833,0,32.7300,0.030789,0.509621,0.058746,29.444319,17.831326,59,3449.83,0.044769
8.15833,1,32.7300,0.031124,0.509472,0.058610,29.389727,17.766109,56,3450.97,0.044662
8.15833,2,32.7300,0.031096,0.509263,0.058988,29.574310,17.786844,69,6275.05,0.083764
8.15833,3,32.7300,0.030847,0.509254,0.060535,29.470390,17.782326,69,6141.06,0.083782
8.16250,0,32.7790,0.030977,0.509571,0.058805,29.520111,17.850500,57,3401.14,0.044365
8.16250,1,32.7790,0.030961,0.509529,0.058682,29.472681,17.803139,56,3444.15,0.044267
8.16250,2,32.7790,0.030846,0.509225,0.059421,29.686144,17.775139,69,6241.40,0.084313
8.16250,3,32.7790,0.031961,0.509200,0.062693,29.587826,17.767698,70,6189.66,0.084319
8.16667,0,32.8276,0.030876,0.509531,0.058439,29.436306,17.850210,58,3403.43,0.043965
8.16667,1,32.8276,0.030934,0.509564,0.058888,29.482088,17.837959,56,3437.42,0.043880
8.16667,2,32.8276,0.030907,0.509181,0.058502,29.625320,17.780005,70,6391.90,0.084924
8.16667,3,32.8276,0.030846,0.509163,0.060892,29.625921,17.762220,70,6251.26,0.084896
8.17083,0,32.8772,0.030819,0.509493,0.058448,29.657068,17.843657,57,3446.69,0.043597
8.17083,1,32.8772,0.031056,0.509565,0.059095,29.531176,17.870918,56,3461.82,0.043521
8.17083,2,32.8772,0.031127,0.509159,0.059058,29.731773,17.786356,67,6077.55,0.085414
8.17083,3,32.8772,0.030804,0.509166,0.058315,29.590584,17.766188,68,6126.76,0.085402
8.17500,0,32.9230,0.030876,0.509474,0.058787,29.709133,17.839090,58,3417.66,0.043240
8.17500,1,32.9230,0.030764,0.509550,0.058737,29.588591,17.889532,54,3409.46,0.043159
8.17500,2,32.9230,0.031065,0.509144,0.058768,29.718557,17.800346,70,6317.66,0.085951
8.17500,3,32.9230,0.030851,0.509191,0.058532,29.748192,17.798826,69,6314.58,0.085968
8.17917,0,32.9720,0.030946,0.509454,0.059346,29.589283,17.840618,57,3347.59,0.042863
8.17917,1,32.9720,0.031072,0.509512,0.058887,29.645357,17.913847,54,3386.18,0.042789
8.17917,2,32.9720,0.030963,0.509158,0.059937,29.858791,17.811985,68,6195.83,0.086454
8.17917,3,32.9720,0.030707,0.509217,0.058487,29.621302,17.837906,67,6124.66,0.086455
8.18333,0,33.0181,0.030800,0.509458,0.058148,29.781944,17.866592,57,3375.28,0.042499
8.18333,1,33.0181,0.031083,0.509463,0.058625,29.595348,17.920462,54,3411.42,0.042439
8.18333,2,33.0181,0.030931,0.509151,0.059170,29.779945,17.826668,70,6347.88,0.086991
8.18333,3,33.0181,0.030752,0.509232,0.059685,29.767529,17.865738,67,6297.55,0.086992
8.18750,0,33.0667,0.031004,0.509509,0.058574,29.545607,17.884874,57,3424.49,0.042174
8.18750,1,33.0667,0.030997,0.509420,0.058214,29.743252,17.908382,55,3430.58,0.042119
8.18750,2,33.0667,0.031088,0.509163,0.059533,29.787395,17.836678,69,6264.57,0.087504
8.18750,3,33.0667,0.030984,0.509186,0.059138,29.783178,17.877329,70,6353.15,0.087558
8.19167,0,33.1146,0.031164,0.509545,0.059600,29.847332,17.926756,57,3414.33,0.041870
8.19167,1,33.1146,0.031117,0.509374,0.059173,29.791885,17.876570,55,3413.99,0.041814
8.19167,2,33.1146,0.030956,0.509158,0.058627,30.055006,17.872740,69,6305.20,0.088026
8.19167,3,33.1146,0.030699,0.509177,0.058897,29.866531,17.882021,67,6247.04,0.088080
8.19583,0,33.1617,0.030810,0.509541,0.058715,29.901272,17.973228,57,3364.90,0.041561
8.19583,1,33.1617,0.031067,0.509348,0.057978,29.817987,17.875481,53,3362.84,0.041497
8.19583,2,33.1617,0.031018,0.509147,0.058730,29.844702,17.895185,70,6412.46,0.088585
8.19583,3,33.1617,0.030847,0.509156,0.058310,29.932302,17.906322,69,6328.41,0.088623
8.20000,0,33.2100,0.030741,0.509560,0.058598,29.778761,17.987516,56,3358.44,0.041252
8.20000,1,33.2100,0.030876,0.509365,0.058243,29.783979,17.890987,55,3428.82,0.041213
8.20000,2,33.2100,0.030976,0.509153,0.059063,30.013407,17.920551,69,6297.99,0.089101
8.20000,3,33.2100,0.030850,0.509106,0.059476,29.877390,17.911709,68,6291.24,0.089141
8.20417,0,33.2567,0.031068,0.509516,0.058842,29.997705,18.002226,57,3372.86,0.040963
8.20417,1,33.2567,0.031029,0.509415,0.058699,29.820210,17.927803,55,3414.45,0.040944
8.20417,2,33.2567,0.031002,0.509146,0.058986,29.984388,17.932682,69,6375.70,0.089626
8.20417,3,33.2567,0.030671,0.509036,0.059314,29.980883,17.886015,69,6402.26,0.089695
8.20833,0,33.3047,0.030960,0.509479,0.058555,29.853888,17.996311,57,3414.00,0.040709
8.20833,1,33.3047,0.031126,0.509459,0.058827,30.021563,17.974779,54,3405.20,0.040688
8.20833,2,33.3047,0.031156,0.509107,0.059143,30.030701,17.938660,70,6361.86,0.090148
8.20833,3,33.3047,0.030908,0.509023,0.058833,29.989538,17.869074,68,6262.97,0.090191
8.21250,0,33.3512,0.031089,0.509419,0.058292,29.932068,18.000626,57,3409.84,0.040474
8.21250,1,33.3512,0.031035,0.509504,0.058913,29.884081,18.009678,55,3401.85,0.040445
8.21250,2,33.3512,0.031058,0.509054,0.059079,30.165503,17.926352,70,6348.92,0.090646
8.21250,3,33.3512,0.030843,0.509059,0.059111,30.071011,17.897562,69,6316.65,0.090680
8.21667,0,33.3979,0.030855,0.509374,0.059010,30.151703,17.990616,57,3405.55,0.040250
8.21667,1,33.3979,0.030990,0.509503,0.059006,30.070211,18.047617,53,3396.46,0.040213
8.21667,2,33.3979,0.031103,0.509039,0.058540,30.170290,17.940651,70,6373.82,0.091139
8.21667,3,33.3979,0.030886,0.509095,0.059357,30.082331,17.938295,67,6196.66,0.091107
8.22083,0,33.4439,0.030903,0.509336,0.057774,30.042589,17.972235,57,3356.88,0.040016
8.22083,1,33.4439,0.031012,0.509477,0.058911,29.998951,18.068357,54,3421.81,0.039999
8.22083,2,33.4439,0.030992,0.509033,0.058976,30.073399,17.946892,69,6313.83,0.091586
8.22083,3,33.4439,0.030799,0.509095,0.059030,30.142239,17.961884,70,6492.06,0.091631
8.22500,0,33.4916,0.031147,0.509351,0.059034,30.000587,17.965988,57,3407.24,0.039809
8.22500,1,33.4916,0.031060,0.509417,0.058669,30.113226,18.066299,55,3424.95,0.039803
8.22500,2,33.4916,0.030967,0.509028,0.059327,30.296217,17.957972,70,6428.89,0.092079
8.22500,3,33.4916,0.030726,0.509102,0.058566,30.231110,17.976795,67,6166.28,0.092044
8.22917,0,33.5374,0.031071,0.509355,0.058177,30.059114,17.997990,56,3359.73,0.039599
8.22917,1,33.5374,0.030979,0.509361,0.058206,30.133160,18.068851,53,3383.81,0.039598
8.22917,2,33.5374,0.031100,0.509027,0.058863,30.207577,17.960976,70,6369.98,0.092536
8.22917,3,33.5374,0.030825,0.509131,0.059456,30.164795,18.005362,68,6464.83,0.092541
8.23333,0,33.5851,0.030865,0.509402,0.059032,30.274683,18.024605,56,3403.71,0.039411
8.23333,1,33.5851,0.031163,0.509290,0.058666,30.211390,18.047108,55,3431.44,0.039421
8.23333,2,33.5851,0.031042,0.509057,0.058692,30.350117,17.990768,70,6438.53,0.093020
8.23333,3,33.5851,0.031011,0.509117,0.058772,30.201889,18.063618,70,6423.46,0.093046
8.23750,0,33.6326,0.030920,0.509465,0.058545,30.185360,18.077574,58,3448.46,0.039260
8.23750,1,33.6326,0.030899,0.509219,0.058701,30.179657,18.003557,55,3447.13,0.039271
8.23750,2,33.6326,0.031015,0.509090,0.058966,30.341124,18.027494,69,6312.07,0.093453
8.23750,3,33.6326,0.030783,0.509106,0.059471,30.354757,18.074780,69,6427.25,0.093540
8.24167,0,33.6790,0.031145,0.509508,0.058957,30.200890,18.115536,56,3397.21,0.039107
8.24167,1,33.6790,0.031244,0.509183,0.058360,30.377104,17.977909,55,3440.19,0.039131
8.24167,2,33.6790,0.030971,0.509078,0.058577,30.435066,18.062075,70,6404.13,0.093905
8.24167,3,33.6790,0.030988,0.509053,0.058321,30.401548,18.065712,68,6345.31,0.093988
8.24583,0,33.7253,0.030918,0.509493,0.058821,30.379787,18.152988,56,3403.81,0.038963
8.24583,1,33.7253,0.031115,0.509208,0.058932,30.188948,17.989241,55,3460.25,0.039007
8.24583,2,33.7253,0.031203,0.509070,0.058759,30.367868,18.075085,69,6341.34,0.094322
8.24583,3,33.7253,0.030970,0.508988,0.059415,30.272970,18.036301,68,6371.06,0.094420
8.25000,0,33.7713,0.030954,0.509452,0.058727,30.357201,18.165659,57,3483.22,0.038863
8.25000,1,33.7713,0.030972,0.509262,0.057839,30.399237,18.045689,54,3451.25,0.038897
8.25000,2,33.7713,0.030979,0.509046,0.058429,30.562651,18.097071,70,6505.92,0.094792
8.25000,3,33.7713,0.030788,0.508915,0.058472,30.429102,18.021202,67,6327.08,0.094832
8.25417,0,33.8182,0.031166,0.509406,0.058650,30.430363,18.165152,58,3478.25,0.038781
8.25417,1,33.8182,0.031209,0.509336,0.058557,30.315128,18.092724,55,3478.02,0.038810
8.25417,2,33.8182,0.031374,0.509020,0.059159,30.477278,18.093088,70,6488.05,0.095263
8.25417,3,33.8182,0.030710,0.508876,0.059690,30.572506,18.008274,70,6490.86,0.095306
8.25833,0,33.8660,0.031038,0.509351,0.058540,30.375616,18.159676,57,3488.64,0.038716
8.25833,1,33.8660,0.030998,0.509403,0.058764,30.516434,18.140568,54,3452.95,0.038725
8.25833,2,33.8660,0.031037,0.508972,0.058608,30.673523,18.091475,71,6505.50,0.095745
8.25833,3,33.8660,0.030994,0.508868,0.059068,30.412775,17.999090,67,6320.06,0.095722
8.26250,0,33.9123,0.030888,0.509258,0.058093,30.418987,18.141470,57,3457.72,0.038643
8.26250,1,33.9123,0.031150,0.509441,0.059133,30.468065,18.194324,54,3485.85,0.038657
8.26250,2,33.9123,0.030917,0.508926,0.058211,30.639341,18.082832,69,6385.13,0.096162
8.26250,3,33.9123,0.030726,0.508900,0.059560,30.681507,18.021820,68,6388.25,0.096134
8.26667,0,33.9576,0.030921,0.509178,0.058770,30.623722,18.099632,57,3507.11,0.038596
8.26667,1,33.9576,0.031046,0.509465,0.059036,30.422373,18.227440,54,3484.72,0.038601
8.26667,2,33.9576,0.031097,0.508886,0.059232,30.629898,18.070236,70,6445.63,0.096576
8.26667,3,33.9576,0.031029,0.508964,0.059352,30.509037,18.060631,68,6400.92,0.096544
8.27083,0,34.0024,0.031045,0.509134,0.059512,30.453821,18.057810,57,3475.24,0.038545
8.27083,1,34.0024,0.030905,0.509427,0.058825,30.734440,18.259348,54,3502.20,0.038558
8.27083,2,34.0024,0.031203,0.508853,0.059322,30.685249,18.066427,70,6460.53,0.096991
8.27083,3,34.0024,0.030849,0.508991,0.058213,30.650862,18.111834,68,6338.31,0.096922
8.27500,0,34.0455,0.030896,0.509139,0.058408,30.521471,18.051731,57,3543.46,0.038527
8.27500,1,34.0455,0.031212,0.509351,0.058745,30.464685,18.243605,54,3514.26,0.038532
8.27500,2,34.0455,0.031100,0.508853,0.058652,30.763306,18.063168,69,6344.46,0.097345
8.27500,3,34.0455,0.030909,0.509040,0.058484,30.637434,18.146502,67,6334.68,0.097272
8.27917,0,34.0863,0.031195,0.509193,0.059501,30.751791,18.086067,58,3552.07,0.038527
8.27917,1,34.0863,0.030998,0.509236,0.057915,30.649118,18.225775,54,3544.31,0.038530
8.27917,2,34.0863,0.031043,0.508891,0.058956,30.764040,18.087166,70,6452.38,0.097715
8.27917,3,34.0863,0.030889,0.509073,0.058646,30.692692,18.192402,69,6393.56,0.097638
8.28333,0,34.1270,0.030979,0.509258,0.058346,30.633839,18.150066,57,3520.84,0.038524
8.28333,1,34.1270,0.031196,0.509120,0.058419,30.751200,18.179905,55,3595.56,0.038558
8.28333,2,34.1270,0.031114,0.508941,0.058816,30.889914,18.128862,69,6334.46,0.098038
8.28333,3,34.1270,0.030863,0.509062,0.058659,30.804079,18.221554,69,6432.01,0.098013
8.28750,0,34.1656,0.030860,0.509352,0.058214,30.735266,18.208319,58,3597.69,0.038560
8.28750,1,34.1656,0.031211,0.509004,0.059624,30.677570,18.110332,53,3540.38,0.038579
8.28750,2,34.1656,0.031052,0.508978,0.058373,30.906780,18.167269,70,6389.11,0.098368
8.28750,3,34.1656,0.030813,0.509027,0.058430,30.856501,18.224632,68,6413.44,0.098378
8.29167,0,34.2029,0.031097,0.509417,0.058862,30.787760,18.266642,58,3598.94,0.038608
8.29167,1,34.2029,0.031720,0.508896,0.058430,30.660210,18.047115,55,3609.46,0.038631
8.29167,2,34.2029,0.031104,0.509003,0.058522,30.823776,18.199488,70,6405.87,0.098703
8.29167,3,34.2029,0.030856,0.508984,0.058404,30.826286,18.222925,68,6371.32,0.098717
8.29583,0,34.2386,0.031268,0.509440,0.059267,30.655010,18.298082,58,3625.63,0.038676
8.29583,1,34.2386,0.031704,0.508891,0.059245,30.849422,18.006052,55,3665.69,0.038721
8.29583,2,34.2386,0.031087,0.509031,0.058578,30.967678,18.225416,69,6312.95,0.098993
8.29583,3,34.2386,0.030938,0.508924,0.059484,30.859940,18.205025,67,6248.52,0.098980
8.30000,0,34.2714,0.030790,0.509422,0.058798,30.719164,18.319084,59,3698.29,0.038789
8.30000,1,34.2714,0.031204,0.508967,0.058819,30.941652,18.043051,56,3690.10,0.038841
8.30000,2,34.2714,0.031115,0.509025,0.058641,30.905216,18.249945,69,6373.83,0.099276
8.30000,3,34.2714,0.030809,0.508817,0.058061,30.989672,18.175034,69,6391.71,0.099277
8.30417,0,34.3044,0.031172,0.509419,0.059037,30.981979,18.344999,58,3643.29,0.038896
8.30417,1,34.3044,0.031178,0.509099,0.058687,30.784967,18.122515,55,3687.53,0.038967
8.30417,2,34.3044,0.031195,0.508974,0.058591,30.877640,18.247759,69,6302.04,0.099529
8.30417,3,34.3044,0.030882,0.508709,0.059089,30.866327,18.113449,67,6264.08,0.099520
8.30833,0,34.3347,0.031046,0.509335,0.058604,30.682936,18.347504,59,3785.83,0.039063
8.30833,1,34.3347,0.031071,0.509219,0.058256,30.857729,18.218197,57,3738.73,0.039126
8.30833,2,34.3347,0.031001,0.508924,0.058413,31.077414,18.235270,69,6290.02,0.099754
8.30833,3,34.3347,0.031342,0.508655,0.059551,30.976871,18.060064,68,6277.88,0.099742
8.31250,0,34.3637,0.031068,0.509241,0.058645,30.956310,18.319906,60,3825.02,0.039270
8.31250,1,34.3637,0.031172,0.509337,0.059016,30.883425,18.287386,57,3845.24,0.039349
8.31250,2,34.3637,0.031152,0.508869,0.059380,30.951082,18.219839,69,6337.74,0.099985
8.31250,3,34.3637,0.031456,0.508649,0.059523,30.891531,18.039755,68,6322.20,0.099975
8.31667,0,34.3920,0.030903,0.509096,0.058560,31.020334,18.268003,59,3821.96,0.039496
8.31667,1,34.3920,0.031042,0.509403,0.059313,30.942635,18.334593,58,3810.59,0.039576
8.31667,2,34.3920,0.031139,0.508817,0.058793,31.078524,18.201954,69,6306.45,0.100203
8.31667,3,34.3920,0.031098,0.508693,0.058383,31.074278,18.069595,69,6272.68,0.100185
8.32083,0,34.4184,0.031546,0.508936,0.059653,30.837252,18.164751,59,3893.15,0.039756
8.32083,1,34.4184,0.031234,0.509428,0.059569,30.849995,18.355404,56,3810.36,0.039807
8.32083,2,34.4184,0.031094,0.508744,0.058139,31.068541,18.172749,70,6300.56,0.100408
8.32083,3,34.4184,0.030995,0.508773,0.058682,30.993822,18.116873,69,6317.08,0.100402
8.32500,0,34.4436,0.032448,0.508785,0.060446,31.055231,18.066242,60,3858.68,0.040006
8.32500,1,34.4436,0.031086,0.509398,0.059377,30.934801,18.378023,58,3869.61,0.040059
8.32500,2,34.4436,0.031240,0.508680,0.059325,31.064878,18.125080,69,6247.62,0.100584
8.32500,3,34.4436,0.030947,0.508879,0.058753,31.003029,18.174269,69,6247.12,0.100583
8.32917,0,34.4668,0.032805,0.508735,0.061797,30.849054,17.988930,59,3898.28,0.040268
8.32917,1,34.4668,0.031079,0.509368,0.059200,31.016520,18.405136,58,3922.97,0.040338
8.32917,2,34.4668,0.031126,0.508658,0.059527,31.159569,18.088221,69,6168.60,0.100709
8.32917,3,34.4668,0.030950,0.508992,0.058420,31.118153,18.246429,68,6211.11,0.100723
8.33333,0,34.4883,0.032406,0.508776,0.061167,31.148462,17.991835,60,3972.01,0.040566
8.33333,1,34.4883,0.031079,0.509231,0.058554,30.949671,18.403912,60,4008.57,0.040666
8.33333,2,34.4883,0.031065,0.508697,0.058599,31.125248,18.097227,68,6104.23,0.100779
8.33333,3,34.4883,0.030815,0.509090,0.058707,31.163944,18.316019,67,6093.07,0.100785
8.33750,0,34.5079,0.031376,0.508922,0.059987,30.897787,18.063074,61,4075.81,0.040925
8.33750,1,34.5079,0.031200,0.509043,0.057911,31.017410,18.347021,58,3998.37,0.041009
8.33750,2,34.5079,0.031198,0.508782,0.058745,31.143896,18.144846,68,6009.69,0.100776
8.33750,3,34.5079,0.030955,0.509147,0.059052,31.101183,18.344486,67,6103.81,0.100809
8.34167,0,34.5262,0.030879,0.509113,0.058085,31.069906,18.192059,61,4118.88,0.041319
8.34167,1,34.5262,0.031829,0.508799,0.059585,31.122742,18.214491,59,4087.05,0.041397
8.34167,2,34.5262,0.031143,0.508882,0.058817,31.122547,18.213020,68,6107.73,0.100786
8.34167,3,34.5262,0.030880,0.509147,0.059037,31.106279,18.355875,67,6115.99,0.100827
8.34583,0,34.5442,0.031026,0.509301,0.058899,31.205992,18.307852,61,4084.41,0.041708
8.34583,1,34.5442,0.033852,0.508519,0.063105,30.901628,18.014490,59,4069.75,0.041784
8.34583,2,34.5442,0.031125,0.508940,0.058264,31.269873,18.267420,69,6139.13,0.100812
8.34583,3,34.5442,0.030852,0.509097,0.058874,31.214853,18.356308,66,6065.20,0.100823
8.35000,0,34.5612,0.030944,0.509366,0.059128,31.032263,18.380142,62,4126.77,0.042104
8.35000,1,34.5612,0.035075,0.508345,0.063978,31.241671,17.845835,60,4138.16,0.042193
8.35000,2,34.5612,0.031114,0.509001,0.058635,31.157520,18.296181,68,6032.24,0.100794
8.35000,3,34.5612,0.031022,0.509003,0.058669,31.112024,18.357233,68,6135.29,0.100835
8.35417,0,34.5775,0.030883,0.509418,0.059255,31.130138,18.374647,62,4234.22,0.042546
8.35417,1,34.5775,0.034891,0.508339,0.063596,30.957499,17.752455,60,4202.26,0.042638
8.35417,2,34.5775,0.031186,0.509063,0.058969,31.190042,18.329512,68,6087.98,0.100787
8.35417,3,34.5775,0.030966,0.508909,0.058832,31.106930,18.342636,65,6008.44,0.100798
8.35833,0,34.5929,0.031326,0.509450,0.059752,31.112450,18.380497,63,4294.10,0.043027
8.35833,1,34.5929,0.033507,0.508540,0.062150,31.147938,17.820335,59,4206.70,0.043096
8.35833,2,34.5929,0.031262,0.509091,0.059160,31.232969,18.366732,68,5985.79,0.100731
8.35833,3,34.5929,0.030988,0.508760,0.057841,31.162325,18.289894,66,5968.97,0.100718
8.36250,0,34.6074,0.031125,0.509439,0.060666,30.991095,18.400011,62,4275.31,0.043504
8.36250,1,34.6074,0.031440,0.508833,0.059255,31.128941,18.014503,60,4254.29,0.043568
8.36250,2,34.6074,0.030996,0.509095,0.058854,31.352314,18.380213,67,5963.98,0.100641
8.36250,3,34.6074,0.032042,0.508569,0.059747,31.278955,18.173231,66,5945.73,0.100608
8.36667,0,34.6216,0.030927,0.509360,0.061722,31.294638,18.437609,63,4345.88,0.044002
8.36667,1,34.6216,0.030956,0.509138,0.058316,31.083590,18.235945,61,4315.16,0.044067
8.36667,2,34.6216,0.031196,0.509045,0.058875,31.149197,18.381332,67,5930.43,0.100521
8.36667,3,34.6216,0.033562,0.508352,0.062042,31.220396,18.002443,67,5959.59,0.100490
8.37083,0,34.6354,0.031139,0.509234,0.062218,31.220547,18.459723,62,4331.83,0.044494
8.37083,1,34.6354,0.031158,0.509314,0.059435,31.150238,18.379587,62,4344.73,0.044576
8.37083,2,34.6354,0.031283,0.508951,0.058450,31.291777,18.361647,68,5944.40,0.100395
8.37083,3,34.6354,0.034400,0.508225,0.063855,31.273687,17.846365,66,5935.02,0.100359
8.37500,0,34.6492,0.031088,0.509007,0.059952,31.021681,18.391943,65,4429.09,0.045019
8.37500,1,34.6492,0.031197,0.509395,0.059624,31.079220,18.354357,61,4405.12,0.045110
8.37500,2,34.6492,0.031180,0.508840,0.058421,31.333483,18.323696,69,5971.46,0.100279
8.37500,3,34.6492,0.034139,0.508261,0.062300,31.278217,17.812094,66,5887.98,0.100205
8.37917,0,34.6627,0.032555,0.508654,0.060872,31.142437,18.214182,62,4356.94,0.045516
8.37917,1,34.6627,0.031000,0.509379,0.059211,31.226202,18.286098,62,4438.18,0.045650
8.37917,2,34.6627,0.031207,0.508717,0.059073,31.285904,18.248138,67,5847.21,0.100109
8.37917,3,34.6627,0.032907,0.508435,0.060803,31.179409,17.898739,67,5971.29,0.100073
8.38333,0,34.6759,0.035264,0.508274,0.064916,31.330730,17.954746,65,4524.33,0.046070
8.38333,1,34.6759,0.031167,0.509360,0.060143,31.131659,18.265114,61,4476.96,0.046207
8.38333,2,34.6759,0.032177,0.508546,0.059151,31.289253,18.150831,66,5816.11,0.099911
8.38333,3,34.6759,0.031155,0.508689,0.058849,31.285704,18.059114,64,5752.82,0.099847
8.38750,0,34.6882,0.037170,0.508044,0.067762,31.170433,17.681677,64,4542.52,0.046642
8.38750,1,34.6882,0.031102,0.509361,0.062079,31.232616,18.354940,62,4483.39,0.046764
8.38750,2,34.6882,0.033132,0.508400,0.061543,31.312246,18.021862,67,5846.19,0.099705
8.38750,3,34.6882,0.031001,0.508925,0.058122,31.233566,18.230757,66,5856.28,0.099636
8.39167,0,34.7012,0.036983,0.508080,0.068131,31.521238,17.570438,63,4468.28,0.047175
8.39167,1,34.7012,0.031103,0.509268,0.062026,31.138762,18.484337,63,4513.37,0.047315
8.39167,2,34.7012,0.033550,0.508337,0.061033,31.398804,17.940851,67,5802.37,0.099480
8.39167,3,34.7012,0.031009,0.509107,0.059076,31.364174,18.347265,65,5822.65,0.099414
8.39583,0,34.7138,0.034896,0.508338,0.066159,31.091543,17.673016,65,4670.75,0.047772
8.39583,1,34.7138,0.031015,0.508985,0.058699,31.235443,18.491539,62,4548.08,0.047880
8.39583,2,34.7138,0.033228,0.508396,0.060958,31.319185,17.926971,67,5745.83,0.099225
8.39583,3,34.7138,0.031280,0.509202,0.059665,31.318224,18.373764,66,5800.55,0.099175
8.40000,0,34.7262,0.031961,0.508735,0.060372,31.295317,17.959404,66,4599.56,0.048348
8.40000,1,34.7262,0.033552,0.508456,0.061817,31.360519,18.252125,64,4617.12,0.048465
8.40000,2,34.7262,0.032209,0.508555,0.059593,31.344883,18.005033,66,5735.35,0.098955
8.40000,3,34.7262,0.030804,0.509227,0.059189,31.395281,18.333035,65,5768.72,0.098915
8.40417,0,34.7385,0.030907,0.509139,0.058767,31.320404,18.257069,65,4679.70,0.048944
8.40417,1,34.7385,0.038374,0.507819,0.068830,31.091257,17.773174,64,4591.70,0.049037
8.40417,2,34.7385,0.031250,0.508762,0.058894,31.366980,18.134857,67,5774.17,0.098697
8.40417,3,34.7385,0.031189,0.509234,0.062093,31.316164,18.306513,65,5756.92,0.098648
8.40833,0,34.7510,0.031213,0.509358,0.059607,31.042685,18.414476,67,4706.21,0.049543
8.40833,1,34.7510,0.041496,0.507401,0.073582,31.286781,17.342165,64,4671.13,0.049629
8.40833,2,34.7510,0.031167,0.508944,0.058225,31.402700,18.270613,66,5671.40,0.098400
8.40833,3,34.7510,0.034137,0.509196,0.065235,31.298536,18.351223,64,5654.26,0.098328
8.41250,0,34.7628,0.030923,0.509393,0.059060,31.384342,18.346853,66,4726.51,0.050143
8.41250,1,34.7628,0.040411,0.507525,0.072478,31.223585,17.191996,63,4643.87,0.050203
8.41250,2,34.7628,0.031172,0.509107,0.059066,31.383337,18.361519,65,5663.65,0.098079
8.41250,3,34.7628,0.033247,0.509100,0.064067,31.423706,18.435328,65,5706.28,0.098013
8.41667,0,34.7749,0.031101,0.509334,0.061110,31.218380,18.186726,66,4751.37,0.050737
8.41667,1,34.7749,0.036310,0.508092,0.066872,31.368925,17.428545,63,4692.65,0.050781
8.41667,2,34.7749,0.031349,0.509190,0.059611,31.418087,18.394382,66,5708.16,0.097775
8.41667,3,34.7749,0.031453,0.508880,0.062586,31.195078,18.458315,64,5679.58,0.097695
8.42083,0,34.7872,0.034117,0.509315,0.065046,31.508545,18.157305,66,4713.55,0.051300
8.42083,1,34.7872,0.031680,0.508766,0.059847,31.203114,17.922424,63,4649.62,0.051324
8.42083,2,34.7872,0.031234,0.509198,0.059594,31.449642,18.383480,66,5711.93,0.097481
8.42083,3,34.7872,0.032178,0.508506,0.063672,31.448761,18.317533,65,5718.49,0.097398
8.42500,0,34.7998,0.031041,0.509313,0.062066,31.207830,18.292118,67,4799.01,0.051872
8.42500,1,34.7998,0.031163,0.509236,0.059305,31.216093,18.340942,63,4691.96,0.051863
8.42500,2,34.7998,0.031150,0.509186,0.061775,31.408121,18.355251,67,5744.49,0.097210
8.42500,3,34.7998,0.035168,0.508026,0.068965,31.285431,17.985540,65,5718.72,0.097117
8.42917,0,34.8124,0.031002,0.509189,0.060067,31.167526,18.507824,64,4715.23,0.052396
8.42917,1,34.8124,0.031088,0.509317,0.059281,31.183617,18.385168,65,4747.94,0.052408
8.42917,2,34.8124,0.033491,0.509177,0.064806,31.472067,18.383636,65,5571.53,0.096878
8.42917,3,34.8124,0.038579,0.507607,0.070184,31.378160,17.594509,63,5656.14,0.096806
8.43333,0,34.8243,0.030912,0.508852,0.061428,31.273720,18.515902,67,4828.54,0.052944
8.43333,1,34.8243,0.031209,0.509184,0.058492,31.391453,18.094822,65,4828.58,0.052982
8.43333,2,34.8243,0.034156,0.509133,0.065524,31.421619,18.448435,66,5635.55,0.096551
8.43333,3,34.8243,0.039616,0.507469,0.070390,31.559570,17.361439,65,5710.48,0.096512
8.43750,0,34.8367,0.034772,0.508195,0.067687,31.392262,18.190958,65,4784.10,0.053476
8.43750,1,34.8367,0.031976,0.509139,0.063000,31.336153,17.894674,64,4800.94,0.053539
8.43750,2,34.8367,0.032215,0.508959,0.063494,31.497875,18.490664,65,5582.91,0.096212
8.43750,3,34.8367,0.037808,0.507724,0.066932,31.296339,17.386381,65,5649.68,0.096197
8.44167,0,34.8488,0.040815,0.507422,0.073654,31.257359,17.587397,66,4794.52,0.053993
8.44167,1,34.8488,0.034769,0.509239,0.065884,31.262566,18.036087,64,4802.07,0.054076
8.44167,2,34.8488,0.031840,0.508669,0.062898,31.393332,18.373714,67,5695.97,0.095918
8.44167,3,34.8488,0.034628,0.508187,0.062222,31.466942,17.647429,63,5660.63,0.095891
8.44583,0,34.8614,0.043833,0.507044,0.078148,31.499008,17.136820,65,4825.51,0.054507
8.44583,1,34.8614,0.033128,0.509250,0.064162,31.408442,18.422661,62,4720.35,0.054556
8.44583,2,34.8614,0.033270,0.508276,0.066412,31.579865,18.140316,64,5499.05,0.095559
8.44583,3,34.8614,0.031121,0.508652,0.058489,31.663256,17.996660,65,5683.59,0.095589
8.45000,0,34.8735,0.041706,0.507332,0.075795,31.206808,17.064350,67,4818.23,0.054995
8.45000,1,34.8735,0.033894,0.508913,0.064965,31.205170,18.622379,64,4816.05,0.055045
8.45000,2,34.8735,0.036295,0.507886,0.070164,31.494066,17.828814,65,5608.48,0.095232
8.45000,3,34.8735,0.031111,0.509030,0.058968,31.382467,18.292021,64,5617.32,0.095268
8.45417,0,34.8857,0.036941,0.507985,0.066287,31.397022,17.371065,65,4768.75,0.055443
8.45417,1,34.8857,0.035617,0.508041,0.068412,31.277334,18.247829,65,4829.46,0.055526
8.45417,2,34.8857,0.038282,0.507654,0.067460,31.431553,17.564110,65,5618.80,0.094921
8.45417,3,34.8857,0.030999,0.509228,0.059319,31.551830,18.398243,62,5572.05,0.094927
8.45833,0,34.8981,0.031799,0.508672,0.060123,31.369926,17.877954,68,4953.58,0.055951
8.45833,1,34.8981,0.044374,0.506927,0.076803,31.427328,17.446896,63,4826.61,0.056004
8.45833,2,34.8981,0.038097,0.507735,0.068502,31.574343,17.473421,64,5556.70,0.094589
8.45833,3,34.8981,0.031974,0.509179,0.063137,31.500978,18.259418,63,5585.81,0.094586
8.46250,0,34.9100,0.030798,0.509175,0.058981,31.358768,18.329603,68,4919.35,0.056453
8.46250,1,34.9100,0.048526,0.506430,0.082241,31.449955,16.832693,65,4852.84,0.056482
8.46250,2,34.9100,0.036001,0.508022,0.064209,31.477936,17.596996,65,5576.58,0.094261
8.46250,3,34.9100,0.032232,0.509059,0.063217,31.490990,18.052753,63,5580.21,0.094247
8.46667,0,34.9225,0.031448,0.509335,0.059340,31.452866,18.377459,67,4911.74,0.056939
8.46667,1,34.9225,0.044530,0.506989,0.077025,31.306948,16.774319,66,4884.57,0.056963
8.46667,2,34.9225,0.033065,0.508377,0.059676,31.479795,17.849688,66,5599.94,0.093949
8.46667,3,34.9225,0.031106,0.509032,0.058825,31.556433,18.056284,64,5662.54,0.093954
8.47083,0,34.9350,0.034004,0.509163,0.064719,31.378311,18.093596,65,4808.16,0.057363
8.47083,1,34.9350,0.036374,0.508074,0.070638,31.414230,17.295685,65,4864.27,0.057415
8.47083,2,34.9350,0.031338,0.508777,0.058649,31.546520,18.133055,65,5550.54,0.093632
8.47083,3,34.9350,0.031031,0.509074,0.059341,31.594536,18.284231,63,5601.25,0.093651
8.47500,0,34.9476,0.031394,0.508985,0.058506,31.628986,17.921272,66,4800.77,0.057750
8.47500,1,34.9476,0.031179,0.508954,0.058674,31.273312,18.077242,63,4799.20,0.057810
8.47500,2,34.9476,0.031295,0.509084,0.059281,31.497133,18.370945,65,5564.03,0.093323
8.47500,3,34.9476,0.031168,0.508974,0.060866,31.592014,18.537506,61,5482.68,0.093297
8.47917,0,34.9593,0.031089,0.509112,0.058744,31.396481,17.951822,66,4883.66,0.058145
8.47917,1,34.9593,0.031094,0.509331,0.059625,31.437899,18.468380,63,4791.73,0.058175
8.47917,2,34.9593,0.031401,0.509221,0.059646,31.555687,18.414227,66,5584.57,0.093019
8.47917,3,34.9593,0.031825,0.508496,0.063382,31.617437,18.498833,63,5568.18,0.092969
8.48333,0,34.9722,0.031164,0.509182,0.059936,31.685217,18.383989,66,4831.12,0.058506
8.48333,1,34.9722,0.031233,0.509056,0.058455,31.421812,18.116556,64,4902.85,0.058566
8.48333,2,34.9722,0.033250,0.509189,0.064326,31.590729,18.302191,65,5507.39,0.092690
8.48333,3,34.9722,0.038039,0.507634,0.071792,31.555172,17.961578,63,5535.84,0.092638
8.48750,0,34.9839,0.031087,0.508903,0.061952,31.331438,18.649340,68,4970.30,0.058914
8.48750,1,34.9839,0.032461,0.508760,0.063874,31.499376,17.621675,64,4861.77,0.058950
8.48750,2,34.9839,0.031356,0.509074,0.062438,31.522923,18.133947,64,5490.94,0.092349
8.48750,3,34.9839,0.044498,0.506775,0.077547,31.545504,17.245708,63,5549.82,0.092312
8.49167,0,34.9967,0.035830,0.508045,0.069118,31.386551,18.311834,67,4920.66,0.059308
8.49167,1,34.9967,0.032179,0.508955,0.063329,31.420660,17.647337,66,4937.58,0.059354
8.49167,2,34.9967,0.031313,0.509046,0.058940,31.607441,18.136200,64,5518.96,0.092021
8.49167,3,34.9967,0.045794,0.506581,0.079636,31.643188,16.859894,63,5573.54,0.092005
8.49583,0,35.0085,0.045163,0.506805,0.078604,31.700296,17.444389,67,4864.79,0.059667
8.49583,1,35.0085,0.031188,0.509219,0.062258,31.588665,18.220198,64,4862.96,0.059718
8.49583,2,35.0085,0.031257,0.509072,0.059535,31.589930,18.332161,63,5487.35,0.091692
8.49583,3,35.0085,0.041576,0.507185,0.072541,31.535467,16.962547,63,5447.03,0.091652
8.50000,0,35.0213,0.049650,0.506245,0.081980,31.553463,16.765606,66,4859.38,0.059999
8.50000,1,35.0213,0.033354,0.508958,0.064581,31.577456,18.705734,65,4886.18,0.060066
8.50000,2,35.0213,0.031333,0.508966,0.060735,31.639118,18.526360,63,5529.64,0.091377
8.50000,3,35.0213,0.035502,0.508060,0.062697,31.731430,17.464870,63,5577.92,0.091348
8.50417,0,35.0330,0.045525,0.506807,0.074843,31.561420,16.717783,67,4823.73,0.060297
8.50417,1,35.0330,0.036069,0.507959,0.068727,31.457354,18.402885,64,4791.93,0.060351
8.50417,2,35.0330,0.031412,0.508587,0.062740,31.570597,18.494301,63,5523.59,0.091077
8.50417,3,35.0330,0.031256,0.508774,0.058031,31.517643,18.069281,63,5450.15,0.091011
8.50833,0,35.0464,0.037752,0.507877,0.069488,31.414286,17.217669,66,4899.67,0.060600
8.50833,1,35.0464,0.048202,0.506388,0.080171,31.376734,17.364454,65,4881.79,0.060651
8.50833,2,35.0464,0.036239,0.507873,0.069769,31.740410,18.090376,64,5517.08,0.090776
8.50833,3,35.0464,0.031216,0.509136,0.059640,31.774899,18.404150,62,5553.68,0.090714
8.51250,0,35.0576,0.031935,0.508776,0.063249,31.641716,17.983620,68,4840.92,0.060876
8.51250,1,35.0576,0.053618,0.505692,0.086217,31.496670,16.546770,66,4827.26,0.060921
8.51250,2,35.0576,0.042406,0.507024,0.074117,31.651819,17.457582,65,5577.49,0.090512
8.51250,3,35.0576,0.031669,0.509045,0.062787,31.678387,18.227650,64,5554.96,0.090442
8.51667,0,35.0723,0.031094,0.509245,0.059704,31.267517,18.440668,68,4977.71,0.061193
8.51667,1,35.0723,0.047470,0.506567,0.074140,31.599960,16.495005,64,4935.55,0.061231
8.51667,2,35.0723,0.045233,0.506656,0.078354,31.675880,16.994501,64,5540.49,0.090251
8.51667,3,35.0723,0.031415,0.508795,0.058088,31.694843,17.828400,63,5495.64,0.090158
8.52083,0,35.0824,0.031292,0.509129,0.062532,31.731020,18.208216,67,4888.37,0.061484
8.52083,1,35.0824,0.036813,0.508028,0.066013,31.528772,17.204916,65,4791.89,0.061481
8.52083,2,35.0824,0.042726,0.507027,0.072933,31.691467,16.965033,64,5484.27,0.089967
8.52083,3,35.0824,0.031142,0.508799,0.057905,31.767847,17.704977,63,5586.21,0.089908
8.52500,0,35.0978,0.031249,0.508785,0.057865,31.383492,17.736168,66,4832.18,0.061725
8.52500,1,35.0978,0.033840,0.509089,0.065078,31.490286,18.209156,64,4747.73,0.061677
8.52500,2,35.0978,0.037529,0.507795,0.065641,31.580732,17.321138,65,5562.07,0.089720
8.52500,3,35.0978,0.031043,0.508999,0.059245,31.684481,18.052849,64,5542.77,0.089661
8.52917,0,35.1075,0.031137,0.508836,0.057759,31.623732,17.614716,65,4835.02,0.061935
8.52917,1,35.1075,0.031254,0.509289,0.059322,31.525097,18.508938,64,4858.63,0.061896
8.52917,2,35.1075,0.032011,0.508519,0.058631,31.834394,17.887100,63,5410.89,0.089422
8.52917,3,35.1075,0.031003,0.508993,0.060598,31.666773,18.541515,63,5595.98,0.089432
8.53333,0,35.1235,0.031063,0.509095,0.060143,31.499607,18.024506,66,4891.87,0.062158
8.53333,1,35.1235,0.031835,0.508764,0.059931,31.612722,17.888760,63,4833.18,0.062108
8.53333,2,35.1235,0.031481,0.509005,0.059461,31.748295,18.354538,64,5496.37,0.089154
8.53333,3,35.1235,0.032174,0.508416,0.064077,31.810266,18.601944,62,5450.17,0.089151
8.53750,0,35.1315,0.031325,0.509097,0.061659,31.599052,18.619698,66,4872.01,0.062373
8.53750,1,35.1315,0.034084,0.508491,0.067138,31.531866,17.361744,64,4866.23,0.062329
8.53750,2,35.1315,0.031350,0.509143,0.060042,31.663197,18.389917,65,5590.31,0.088933
8.53750,3,35.1315,0.041321,0.507151,0.074197,31.656395,17.892458,63,5546.25,0.088907
8.54167,0,35.1495,0.033147,0.508387,0.066085,31.669914,18.637053,66,4751.01,0.062528
8.54167,1,35.1495,0.031085,0.508898,0.060317,31.641838,17.626535,65,4892.34,0.062548
8.54167,2,35.1495,0.032065,0.508936,0.063365,31.782564,18.073320,62,5395.67,0.088649
8.54167,3,35.1495,0.050671,0.505969,0.085169,31.787203,16.943398,63,5576.95,0.088682
8.54583,0,35.1559,0.044397,0.506897,0.075665,31.845306,17.751978,67,4866.09,0.062711
8.54583,1,35.1559,0.031452,0.509181,0.062721,31.591953,18.383213,64,4867.24,0.062754
8.54583,2,35.1559,0.031547,0.508781,0.058142,31.703102,17.768717,64,5534.73,0.088415
8.54583,3,35.1559,0.050539,0.505970,0.083706,31.784109,16.527048,64,5529.33,0.088452
8.55000,0,35.1756,0.053510,0.505724,0.086738,31.467314,16.755129,67,4853.93,0.062896
8.55000,1,35.1756,0.034457,0.508743,0.065630,32.003132,18.803278,63,4761.47,0.062904
8.55000,2,35.1756,0.031259,0.508884,0.058916,31.711340,17.855209,63,5475.25,0.088174
8.55000,3,35.1756,0.042750,0.507036,0.076861,31.796877,16.777500,64,5534.61,0.088226
8.55417,0,35.1802,0.050877,0.506060,0.077476,31.716845,16.424183,67,4813.83,0.063049
8.55417,1,35.1802,0.041223,0.507252,0.069138,31.673328,18.120560,64,4884.82,0.063082
8.55417,2,35.1802,0.031249,0.509057,0.059587,31.798227,18.281202,64,5594.00,0.087986
8.55417,3,35.1802,0.034190,0.508209,0.061709,31.773314,17.534822,62,5407.51,0.087957
8.55833,0,35.2018,0.041287,0.507387,0.067823,31.501631,16.869297,67,4825.57,0.063198
8.55833,1,35.2018,0.054329,0.505579,0.088908,31.588505,16.924116,62,4733.92,0.063197
8.55833,2,35.2018,0.031742,0.508875,0.061826,31.779943,18.654457,63,5510.58,0.087774
8.55833,3,35.2018,0.031025,0.508959,0.059159,31.710649,18.297848,63,5555.86,0.087740
8.56250,0,35.2044,0.032521,0.508619,0.064320,31.766363,17.785063,67,4796.54,0.063320
8.56250,1,35.2044,0.055161,0.505470,0.082574,31.602736,16.300371,64,4811.75,0.063319
8.56250,2,35.2044,0.034232,0.508103,0.066851,31.784454,18.449812,64,5536.63,0.087576
8.56250,3,35.2044,0.031186,0.509049,0.059677,31.706778,18.366043,64,5572.57,0.087554
8.56667,0,35.2285,0.031187,0.509228,0.059922,31.548658,18.491642,66,4815.34,0.063438
8.56667,1,35.2285,0.044678,0.506928,0.071241,31.651703,16.590364,64,4776.37,0.063423
8.56667,2,35.2285,0.044237,0.506772,0.076381,31.839750,17.610371,62,5420.45,0.087339
8.56667,3,35.2285,0.031319,0.508631,0.061806,31.863377,17.841805,63,5446.96,0.087319
8.57083,0,35.2281,0.031225,0.509040,0.062087,31.674936,18.271790,65,4788.99,0.063538
8.57083,1,35.2281,0.033854,0.508440,0.066144,31.594282,17.577780,64,4800.23,0.063528
8.57083,2,35.2281,0.051329,0.505847,0.085481,31.788574,16.779543,64,5564.38,0.087148
8.57083,3,35.2281,0.031850,0.508506,0.058444,31.848541,17.470501,63,5553.93,0.087126
8.57500,0,35.2547,0.032783,0.508549,0.059398,31.661461,17.622814,67,4862.16,0.063663
8.57500,1,35.2547,0.031211,0.509252,0.059971,31.742462,18.506504,64,4777.65,0.063626
8.57500,2,35.2547,0.048883,0.506184,0.081511,31.757122,16.549463,64,5530.47,0.086966
8.57500,3,35.2547,0.031159,0.508837,0.059423,31.824020,17.716560,63,5520.27,0.086936
8.57917,0,35.2525,0.031515,0.508633,0.058175,31.623404,17.419790,66,4828.17,0.063778
8.57917,1,35.2525,0.031053,0.509014,0.057660,31.745516,18.319721,65,4813.49,0.063734
8.57917,2,35.2525,0.040893,0.507324,0.075430,31.924238,16.949589,64,5543.64,0.086797
8.57917,3,35.2525,0.030868,0.509062,0.060348,31.930622,18.381636,63,5472.67,0.086733
8.58333,0,35.2814,0.031277,0.509046,0.060498,31.767448,17.922680,65,4773.87,0.063863
8.58333,1,35.2814,0.034506,0.508382,0.066618,31.763687,17.522667,63,4732.49,0.063802
8.58333,2,35.2814,0.033071,0.508375,0.059685,31.750589,17.724310,63,5443.51,0.086587
8.58333,3,35.2814,0.031501,0.508625,0.062734,31.867403,18.750032,64,5611.78,0.086582
8.58750,0,35.2767,0.030796,0.509111,0.061429,31.747128,18.644316,63,4679.45,0.063887
8.58750,1,35.2767,0.032650,0.508520,0.061159,31.558962,17.296700,65,4831.14,0.063887
8.58750,2,35.2767,0.031536,0.509005,0.059849,31.873159,18.370998,64,5553.55,0.086424
8.58750,3,35.2767,0.039921,0.507280,0.073146,31.981134,18.141020,63,5544.34,0.086428
8.59167,0,35.3076,0.033275,0.508378,0.066277,31.843136,18.720373,66,4805.63,0.063951
8.59167,1,35.3076,0.031210,0.509036,0.060091,31.743660,17.903372,63,4758.56,0.063950
8.59167,2,35.3076,0.031430,0.508989,0.061548,31.897133,18.336905,65,5576.65,0.086290
8.59167,3,35.3076,0.052692,0.505639,0.087161,31.904375,17.014694,63,5545.90,0.086282
8.59583,0,35.3017,0.045462,0.506681,0.076101,31.699833,17.746338,65,4761.25,0.064004
8.59583,1,35.3017,0.032695,0.509046,0.063955,31.817293,18.682053,63,4797.79,0.064019
8.59583,2,35.3017,0.031673,0.508567,0.058997,31.872696,17.795176,62,5499.57,0.086134
8.59583,3,35.3017,0.055090,0.505361,0.086249,31.917637,16.373852,62,5443.15,0.086091
8.60000,0,35.3336,0.056074,0.505326,0.089264,31.886993,16.694221,65,4755.64,0.064051
8.60000,1,35.3336,0.034419,0.508165,0.068483,31.723970,18.694906,62,4711.67,0.064050
8.60000,2,35.3336,0.031745,0.508491,0.058308,31.818466,17.476236,64,5577.60,0.086000
8.60000,3,35.3336,0.046416,0.506560,0.075172,32.061390,16.531073,63,5546.54,0.085938
8.60417,0,35.3264,0.053109,0.505767,0.079739,31.694914,16.351831,67,4794.02,0.064106
8.60417,1,35.3264,0.049196,0.506213,0.078255,31.684519,17.554930,64,4791.54,0.064103
8.60417,2,35.3264,0.031291,0.508864,0.059897,32.027203,17.769669,63,5486.19,0.085839
8.60417,3,35.3264,0.035893,0.508007,0.069564,31.886835,17.337713,62,5440.17,0.085750
8.60833,0,35.3591,0.042357,0.507278,0.068963,31.942472,16.810638,66,4768.58,0.064155
8.60833,1,35.3591,0.058627,0.504990,0.091369,31.795536,16.503887,62,4690.84,0.064118
8.60833,2,35.3591,0.031451,0.509042,0.060863,31.952288,18.441700,65,5605.40,0.085718
8.60833,3,35.3591,0.031211,0.508897,0.059128,32.014938,18.284111,64,5590.21,0.085626
8.61250,0,35.3515,0.032770,0.508590,0.063706,31.760050,17.766439,67,4748.71,0.064184
8.61250,1,35.3515,0.052502,0.505817,0.079117,31.891710,16.263144,64,4797.46,0.064164
8.61250,2,35.3515,0.031294,0.508614,0.062518,31.908098,18.759340,62,5461.70,0.085559
8.61250,3,35.3515,0.031284,0.508993,0.058758,31.862095,18.418486,63,5541.48,0.085498
8.61667,0,35.3850,0.031018,0.509221,0.059848,31.897278,18.531538,66,4740.40,0.064208
8.61667,1,35.3850,0.039774,0.507576,0.067397,31.757349,16.934174,64,4751.10,0.064197
8.61667,2,35.3850,0.040085,0.507227,0.073388,31.951468,18.188887,62,5495.51,0.085404
8.61667,3,35.3850,0.032646,0.508412,0.061836,31.986315,17.772448,63,5562.53,0.085379
8.62083,0,35.3761,0.031631,0.508922,0.062836,31.509325,18.248795,64,4723.06,0.064220
8.62083,1,35.3761,0.034074,0.508896,0.065363,31.804579,18.065771,63,4737.25,0.064217
8.62083,2,35.3761,0.052999,0.505629,0.087365,31.872164,17.007339,62,5436.83,0.085230
8.62083,3,35.3761,0.033193,0.508259,0.059808,31.983444,17.315672,65,5634.30,0.085291
8.62500,0,35.4102,0.034047,0.508335,0.060600,31.876293,17.529217,64,4636.79,0.064187
8.62500,1,35.4102,0.031135,0.509294,0.059624,31.901087,18.630917,62,4688.96,0.064201
8.62500,2,35.4102,0.055567,0.505309,0.085885,32.085129,16.394926,64,5502.56,0.085088
8.62500,3,35.4102,0.031394,0.508739,0.059297,32.025368,17.618740,64,5526.87,0.085171
8.62917,0,35.4021,0.032095,0.508525,0.058670,31.768032,17.354237,65,4778.52,0.064197
8.62917,1,35.4021,0.032658,0.508621,0.060732,31.810162,17.960899,63,4726.94,0.064197
8.62917,2,35.4021,0.046763,0.506468,0.074573,31.853617,16.518736,65,5659.29,0.085025
8.62917,3,35.4021,0.031112,0.509027,0.061381,32.104000,18.381462,64,5623.19,0.085099
8.63333,0,35.4356,0.031332,0.509044,0.060584,31.793133,17.945038,65,4732.34,0.064203
8.63333,1,35.4356,0.035405,0.508193,0.067588,31.838594,17.264696,63,4701.04,0.064186
8.63333,2,35.4356,0.036459,0.507906,0.069790,31.987587,17.310421,63,5634.03,0.084985
8.63333,3,35.4356,0.031990,0.508612,0.063250,32.095470,18.816547,63,5485.93,0.084989
8.63750,0,35.4283,0.031136,0.509101,0.062086,32.011150,18.711521,65,4707.48,0.064194
8.63750,1,35.4283,0.031267,0.508656,0.058415,31.903605,17.432997,63,4748.11,0.064191
8.63750,2,35.4283,0.031616,0.508825,0.059207,31.986254,18.237534,65,5589.23,0.084926
8.63750,3,35.4283,0.040609,0.507167,0.073796,32.075569,18.177481,63,5601.27,0.084917
8.64167,0,35.4610,0.033633,0.508276,0.067020,31.780684,18.736521,65,4755.46,0.064205
8.64167,1,35.4610,0.031311,0.509111,0.061591,31.728144,18.284473,63,4713.68,0.064190
8.64167,2,35.4610,0.031532,0.508981,0.059776,31.956371,18.461956,67,5671.05,0.084903
8.64167,3,35.4610,0.054955,0.505336,0.089552,32.042248,16.964228,63,5521.01,0.084830
8.64583,0,35.4541,0.047220,0.506450,0.077481,32.003487,17.694120,65,4744.32,0.064216
8.64583,1,35.4541,0.033930,0.508820,0.065086,32.235680,18.882114,62,4737.69,0.064198
8.64583,2,35.4541,0.032194,0.508467,0.061214,32.079010,17.854694,62,5490.92,0.084809
8.64583,3,35.4541,0.057259,0.505048,0.085655,32.103104,16.288244,64,5583.24,0.084757
8.65000,0,35.4863,0.058132,0.505081,0.091320,31.672451,16.619707,65,4718.20,0.064217
8.65000,1,35.4863,0.040524,0.507343,0.071451,31.820856,18.326202,62,4664.60,0.064174
8.65000,2,35.4863,0.033623,0.508239,0.060192,31.953377,17.360144,63,5564.56,0.084727
8.65000,3,35.4863,0.047413,0.506393,0.073989,31.967392,16.454092,63,5538.75,0.084670
8.65417,0,35.4793,0.054078,0.505627,0.080661,31.938860,16.310938,65,4683.42,0.064193
8.65417,1,35.4793,0.056131,0.505292,0.090307,31.937618,17.015793,62,4709.71,0.064155
8.65417,2,35.4793,0.031405,0.508679,0.058985,32.049145,17.541391,64,5561.41,0.084646
8.65417,3,35.4793,0.036196,0.507942,0.066562,32.149883,17.322332,63,5522.12,0.084573
8.65833,0,35.5107,0.042516,0.507207,0.069115,31.921057,16.799131,66,4707.67,0.064172
8.65833,1,35.5107,0.059128,0.504909,0.087258,31.719801,16.266596,62,4660.00,0.064117
8.65833,2,35.5107,0.031466,0.509032,0.061225,32.140762,18.306036,63,5582.26,0.084574
8.65833,3,35.5107,0.031103,0.508893,0.060096,32.052563,18.323832,63,5556.28,0.084492
8.66250,0,35.5051,0.032795,0.508553,0.065009,31.769154,17.798569,67,4716.30,0.064153
8.66250,1,35.5051,0.048111,0.506401,0.074618,31.879122,16.414530,62,4712.30,0.064098
8.66250,2,35.5051,0.031332,0.508732,0.062581,32.075397,18.817816,65,5609.04,0.084520
8.66250,3,35.5051,0.031452,0.508945,0.059544,32.107353,18.465160,63,5581.07,0.084432
8.66667,0,35.5358,0.031142,0.509177,0.059926,32.124546,18.583179,64,4687.28,0.064124
8.66667,1,35.5358,0.035921,0.508123,0.067096,31.862879,17.364096,63,4682.05,0.064069
8.66667,2,35.5358,0.038410,0.507436,0.071796,32.126595,18.354830,65,5615.07,0.084478
8.66667,3,35.5358,0.033688,0.508256,0.061083,32.100254,17.724535,63,5634.57,0.084406
8.67083,0,35.5313,0.033238,0.508809,0.064554,31.764284,18.234896,65,4664.89,0.064082
8.67083,1,35.5313,0.031364,0.509141,0.059703,32.050846,18.446745,63,4662.90,0.064027
8.67083,2,35.5313,0.053243,0.505549,0.086701,32.018276,17.145100,61,5453.85,0.084377
8.67083,3,35.5313,0.034029,0.508134,0.060605,32.159645,17.243280,63,5607.74,0.084368
8.67500,0,35.5603,0.034916,0.508225,0.061401,32.106625,17.480797,64,4632.50,0.064018
8.67500,1,35.5603,0.031087,0.509084,0.057679,31.875069,18.517427,62,4676.11,0.063982
8.67500,2,35.5603,0.058557,0.504902,0.089828,32.041580,16.382353,63,5521.07,0.084287
8.67500,3,35.5603,0.031282,0.508697,0.058853,32.099319,17.599476,63,5549.55,0.084302
8.67917,0,35.5566,0.032557,0.508476,0.059202,31.894983,17.322386,65,4716.02,0.063986
8.67917,1,35.5566,0.035479,0.508263,0.067013,32.009628,17.622322,63,4746.25,0.063975
8.67917,2,35.5566,0.049985,0.506029,0.078003,32.276760,16.396002,66,5634.70,0.084247
8.67917,3,35.5566,0.031280,0.509002,0.061644,32.195763,18.411161,65,5569.46,0.084243
8.68333,0,35.5851,0.031514,0.509038,0.060483,31.990166,17.954569,66,4746.10,0.063986
8.68333,1,35.5851,0.034750,0.508204,0.062222,31.950235,17.195784,62,4679.04,0.063956
8.68333,2,35.5851,0.038446,0.507593,0.072372,31.989243,17.126621,66,5622.63,0.084221
8.68333,3,35.5851,0.031935,0.508587,0.063176,32.217121,18.859518,63,5635.24,0.084221
8.68750,0,35.5823,0.030953,0.509100,0.061880,32.017155,18.732500,63,4663.91,0.063958
8.68750,1,35.5823,0.031412,0.508790,0.059187,31.932875,17.676243,64,4734.25,0.063952
8.68750,2,35.5823,0.031737,0.508669,0.058599,32.031250,18.112911,64,5565.95,0.084182
8.68750,3,35.5823,0.041081,0.507071,0.074354,32.153343,18.194292,63,5582.13,0.084186
8.69167,0,35.6104,0.033570,0.508269,0.066577,32.050720,18.782238,63,4611.45,0.063901
8.69167,1,35.6104,0.031569,0.509068,0.062664,31.991821,18.595158,62,4638.40,0.063906
8.69167,2,35.6104,0.031390,0.508961,0.059309,32.126816,18.525909,65,5686.40,0.084189
8.69167,3,35.6104,0.056287,0.505122,0.090812,32.140324,16.944687,63,5618.85,0.084171
8.69583,0,35.6084,0.047588,0.506369,0.078193,32.076141,17.724913,64,4725.27,0.063878
8.69583,1,35.6084,0.034320,0.508432,0.066275,32.136524,18.896564,63,4692.63,0.063875
8.69583,2,35.6084,0.032565,0.508379,0.061480,32.224030,17.922890,66,5711.79,0.084226
8.69583,3,35.6084,0.058738,0.504814,0.087862,32.281303,16.270290,63,5612.79,0.084168
8.70000,0,35.6359,0.059416,0.504871,0.092227,32.037270,16.618353,64,4585.38,0.063808
8.70000,1,35.6359,0.046331,0.506543,0.073756,32.098309,17.921701,64,4704.31,0.063847
8.70000,2,35.6359,0.034806,0.508054,0.061359,32.111687,17.311659,63,5526.52,0.084191
8.70000,3,35.6359,0.048478,0.506221,0.075034,32.154819,16.431076,64,5637.25,0.084167
8.70417,0,35.6341,0.055516,0.505389,0.082023,31.922506,16.277056,65,4725.84,0.063788
8.70417,1,35.6341,0.060224,0.504773,0.094443,32.020283,16.666151,61,4609.35,0.063786
8.70417,2,35.6341,0.031736,0.508543,0.058283,32.186611,17.429226,65,5683.45,0.084203
8.70417,3,35.6341,0.036848,0.507844,0.067327,32.100193,17.285324,64,5586.93,0.084153
8.70833,0,35.6604,0.043666,0.507053,0.070303,32.035259,16.756042,65,4673.44,0.063754
8.70833,1,35.6604,0.057822,0.505099,0.084315,31.963749,16.212931,62,4676.26,0.063743
8.70833,2,35.6604,0.031443,0.508958,0.061361,32.214298,18.201317,64,5611.98,0.084196
8.70833,3,35.6604,0.031414,0.508837,0.060434,32.277409,18.322863,63,5549.60,0.084115
8.71250,0,35.6595,0.033563,0.508463,0.064402,32.163654,17.757349,64,4587.42,0.063681
8.71250,1,35.6595,0.044608,0.506857,0.071176,32.071217,16.622606,62,4652.55,0.063689
8.71250,2,35.6595,0.031447,0.508764,0.062453,32.241528,18.830694,64,5631.19,0.084187
8.71250,3,35.6595,0.031074,0.508898,0.060502,32.301632,18.504202,62,5649.84,0.084114
8.71667,0,35.6848,0.031072,0.509139,0.059747,31.973886,18.586412,64,4684.73,0.063638
8.71667,1,35.6848,0.033694,0.508441,0.067322,32.168152,17.719698,62,4651.67,0.063638
8.71667,2,35.6848,0.037077,0.507598,0.070282,32.158417,18.509212,63,5580.11,0.084161
8.71667,3,35.6848,0.034125,0.508159,0.060724,32.105591,17.743835,63,5658.90,0.084126
8.72083,0,35.6854,0.033668,0.508808,0.064983,32.239326,18.318333,64,4629.95,0.063582
8.72083,1,35.6854,0.031187,0.509218,0.059985,31.962629,18.634274,62,4702.49,0.063608
8.72083,2,35.6854,0.052779,0.505570,0.084605,32.185219,17.298956,66,5685.80,0.084178
8.72083,3,35.6854,0.034813,0.508003,0.061313,32.285370,17.214312,64,5651.63,0.084147
8.72500,0,35.7099,0.035314,0.508097,0.061806,31.872040,17.512367,64,4709.88,0.063562
8.72500,1,35.7099,0.031233,0.508836,0.058399,32.142021,18.323792,62,4707.79,0.063596
8.72500,2,35.7099,0.060486,0.504594,0.092842,32.212879,16.395981,66,5679.02,0.084210
8.72500,3,35.7099,0.031398,0.508591,0.058649,32.269131,17.533220,63,5617.65,0.084158
8.72917,0,35.7109,0.033499,0.508298,0.060021,32.050831,17.266968,65,4741.77,0.063573
8.72917,1,35.7109,0.036728,0.508056,0.070314,32.200863,17.441662,62,4659.49,0.063574
8.72917,2,35.7109,0.052610,0.505639,0.079336,32.291969,16.290314,63,5541.33,0.084183
8.72917,3,35.7109,0.031164,0.508978,0.061255,32.301670,18.373522,63,5591.35,0.084143
8.73333,0,35.7345,0.031342,0.508959,0.059915,32.202435,17.849936,67,4738.00,0.063591
8.73333,1,35.7345,0.033855,0.508257,0.060424,32.016758,17.220369,62,4653.85,0.063548
8.73333,2,35.7345,0.040454,0.507334,0.070739,32.185726,16.961573,65,5634.17,0.084173
8.73333,3,35.7345,0.031392,0.508633,0.062549,32.302197,18.897272,63,5639.22,0.084143
8.73750,0,35.7355,0.031424,0.509112,0.062039,32.184036,18.696733,62,4563.14,0.063529
8.73750,1,35.7355,0.031295,0.508870,0.059911,32.073467,17.882381,63,4677.27,0.063519
8.73750,2,35.7355,0.031547,0.508540,0.062178,32.339993,18.018141,63,5552.89,0.084136
8.73750,3,35.7355,0.040004,0.507185,0.073415,32.338692,18.326956,63,5629.18,0.084139
8.74167,0,35.7590,0.032039,0.508438,0.064017,32.138142,18.888683,64,4689.15,0.063498
8.74167,1,35.7590,0.032099,0.508982,0.063410,32.111259,18.758951,61,4700.81,0.063504
8.74167,2,35.7590,0.031513,0.508963,0.059815,32.344631,18.600002,66,5668.27,0.084142
8.74167,3,35.7590,0.056093,0.505096,0.089573,32.380718,17.053818,63,5672.41,0.084160
8.74583,0,35.7609,0.045049,0.506659,0.077644,32.294350,17.959137,64,4642.16,0.063461
8.74583,1,35.7609,0.034072,0.508139,0.068056,32.105339,18.832598,61,4617.56,0.063455
8.74583,2,35.7609,0.032037,0.508403,0.061738,32.241436,18.032898,64,5619.90,0.084145
8.74583,3,35.7609,0.060512,0.504543,0.090843,32.296402,16.295418,63,5669.46,0.084186
8.75000,0,35.7840,0.059458,0.504853,0.093444,32.042908,16.757338,66,4696.76,0.063440
8.75000,1,35.7840,0.049965,0.506071,0.079238,32.297817,17.683773,62,4690.89,0.063432
8.75000,2,35.7840,0.035730,0.507897,0.062284,32.372005,17.317488,64,5645.06,0.084161
8.75000,3,35.7840,0.050645,0.505899,0.077147,32.278168,16.360453,63,5575.15,0.084174
8.75417,0,35.7859,0.058343,0.504997,0.084838,32.192066,16.287510,64,4612.81,0.063392
8.75417,1,35.7859,0.062216,0.504518,0.093952,32.189201,16.528414,62,4702.38,0.063418
8.75417,2,35.7859,0.032476,0.508335,0.059030,32.290039,17.338531,65,5674.87,0.084186
8.75417,3,35.7859,0.038602,0.507609,0.067907,32.451046,17.157923,63,5623.92,0.084173
8.75833,0,35.8086,0.046722,0.506603,0.073314,32.223263,16.609987,65,4667.70,0.063362
8.75833,1,35.8086,0.056921,0.505206,0.083452,32.139614,16.213863,62,4667.57,0.063395
8.75833,2,35.8086,0.031684,0.508878,0.061182,32.330925,18.072210,67,5737.46,0.084243
8.75833,3,35.8086,0.031535,0.508671,0.063019,32.236397,18.218149,64,5632.72,0.084187
8.76250,0,35.8115,0.035825,0.508130,0.065898,32.182533,17.522938,67,4687.54,0.063347
8.76250,1,35.8115,0.043097,0.507064,0.069665,32.163563,16.757471,62,4629.31,0.063354
8.76250,2,35.8115,0.031473,0.508831,0.062098,32.437458,18.788300,65,5718.33,0.084303
8.76250,3,35.8115,0.031239,0.508893,0.061022,32.425999,18.575754,62,5702.82,0.084239
8.76667,0,35.8339,0.031084,0.508966,0.059845,32.343147,18.473297,65,4692.12,0.063336
8.76667,1,35.8339,0.034660,0.508564,0.067607,32.267471,17.893669,61,4617.13,0.063304
8.76667,2,35.8339,0.034589,0.507891,0.066971,32.342655,18.700996,64,5714.25,0.084366
8.76667,3,35.8339,0.033459,0.508180,0.060020,32.309128,17.886181,64,5723.32,0.084313
8.77083,0,35.8374,0.033290,0.508914,0.064519,32.149429,18.500854,64,4647.88,0.063304
8.77083,1,35.8374,0.031184,0.509200,0.059845,32.064167,18.704878,61,4647.42,0.063262
8.77083,2,35.8374,0.049837,0.505903,0.080732,32.292694,17.589235,63,5590.20,0.084380
8.77083,3,35.8374,0.035773,0.507866,0.062268,32.418373,17.239853,61,5580.74,0.084321
8.77500,0,35.8581,0.034848,0.508178,0.061386,32.508923,17.729099,65,4645.34,0.063264
8.77500,1,35.8581,0.031528,0.508670,0.060643,32.172573,18.257050,63,4688.46,0.063241
8.77500,2,35.8581,0.061604,0.504454,0.094892,32.495270,16.536081,65,5685.05,0.084406
8.77500,3,35.8581,0.031741,0.508426,0.058289,32.361492,17.425097,65,5735.27,0.084377
8.77917,0,35.8622,0.035050,0.508111,0.061665,32.074856,17.250315,65,4725.95,0.063263
8.77917,1,35.8622,0.037162,0.507905,0.071023,32.367813,17.359779,63,4712.99,0.063246
8.77917,2,35.8622,0.056394,0.505125,0.082956,32.305767,16.229706,64,5641.30,0.084427
8.77917,3,35.8622,0.031546,0.508917,0.061380,32.433895,18.218596,62,5606.89,0.084390
8.78333,0,35.8829,0.031262,0.508754,0.058570,32.225578,17.629679,66,4725.46,0.063280
8.78333,1,35.8829,0.033866,0.508220,0.060381,32.157932,17.223356,61,4591.50,0.063209
8.78333,2,35.8829,0.043899,0.506844,0.071490,32.456947,16.738464,66,5689.05,0.084459
8.78333,3,35.8829,0.031082,0.508728,0.061849,32.449284,18.864525,65,5783.89,0.084469
8.78750,0,35.8872,0.030963,0.509089,0.061063,32.295952,18.456470,63,4683.63,0.063275
8.78750,1,35.8872,0.031279,0.508887,0.060209,32.336620,17.949713,62,4749.22,0.063227
8.78750,2,35.8872,0.034665,0.508215,0.068416,32.327164,17.744938,66,5668.71,0.084497
8.78750,3,35.8872,0.036266,0.507622,0.068796,32.429710,18.600573,63,5627.49,0.084499
8.79167,0,35.9079,0.031335,0.508748,0.062266,32.500256,18.949757,63,4652.87,0.063259
8.79167,1,35.9079,0.031963,0.508982,0.063136,32.263355,18.809341,62,4627.92,0.063205
8.79167,2,35.9079,0.031778,0.508867,0.060256,32.337269,18.574604,66,5709.11,0.084547
8.79167,3,35.9079,0.052554,0.505527,0.083086,32.448025,17.412542,64,5649.38,0.084525
8.79583,0,35.9118,0.039284,0.507378,0.072240,32.056480,18.419916,64,4636.34,0.063225
8.79583,1,35.9118,0.033937,0.508110,0.067780,32.262077,18.860939,62,4715.43,0.063206
8.79583,2,35.9118,0.032296,0.508550,0.063700,32.457073,18.297346,65,5682.61,0.084587
8.79583,3,35.9118,0.062278,0.504330,0.094209,32.492817,16.442152,65,5718.68,0.084578
8.80000,0,35.9326,0.055943,0.505261,0.089885,32.468220,17.183445,64,4711.88,0.063224
8.80000,1,35.9326,0.049968,0.505994,0.078722,32.264179,17.705126,61,4643.82,0.063188
8.80000,2,35.9326,0.035994,0.507864,0.062496,32.351501,17.488388,63,5620.08,0.084601
8.80000,3,35.9326,0.055162,0.505256,0.081686,32.407413,16.254173,64,5702.79,0.084628
8.80417,0,35.9366,0.061836,0.504550,0.091140,32.254601,16.403997,65,4659.46,0.063208
8.80417,1,35.9366,0.062983,0.504365,0.095105,32.208355,16.551767,62,4684.07,0.063180
8.80417,2,35.9366,0.034413,0.508074,0.060929,32.499939,17.230396,65,5683.75,0.084634
8.80417,3,35.9366,0.042569,0.507024,0.069871,32.423271,16.851725,63,5622.38,0.084642
8.80833,0,35.9567,0.052553,0.505796,0.079108,32.382442,16.395876,65,4677.22,0.063196
8.80833,1,35.9567,0.058223,0.505044,0.084689,32.261566,16.239645,62,4704.88,0.063185
8.80833,2,35.9567,0.031594,0.508715,0.059981,32.497440,17.780394,66,5657.84,0.084655
8.80833,3,35.9567,0.034782,0.508316,0.067755,32.608231,17.902721,63,5626.88,0.084644
8.81250,0,35.9609,0.040430,0.507497,0.067635,32.302181,17.092752,65,4683.34,0.063191
8.81250,1,35.9609,0.044310,0.506905,0.071505,32.372292,16.746517,63,4709.75,0.063198
8.81250,2,35.9609,0.031531,0.508885,0.061622,32.465721,18.595556,66,5787.25,0.084726
8.81250,3,35.9609,0.031256,0.508879,0.059692,32.342808,18.620375,64,5727.96,0.084697
8.81667,0,35.9817,0.034725,0.508642,0.066378,32.384804,18.116764,64,4645.75,0.063175
8.81667,1,35.9817,0.034373,0.508401,0.068161,32.293499,17.827438,62,4705.13,0.063207
8.81667,2,35.9817,0.031238,0.508339,0.062035,32.553562,18.886995,64,5627.65,0.084751
8.81667,3,35.9817,0.031485,0.508446,0.060772,32.536922,18.230862,65,5786.80,0.084785
8.82083,0,35.9862,0.031384,0.509028,0.061647,32.563965,18.685953,66,4730.96,0.063192
8.82083,1,35.9862,0.031224,0.509085,0.059796,32.325264,18.668112,62,4680.32,0.063211
8.82083,2,35.9862,0.043110,0.506710,0.076021,32.422688,18.123743,65,5732.65,0.084814
8.82083,3,35.9862,0.036221,0.507788,0.062722,32.502750,17.426737,63,5689.97,0.084846
8.82500,0,36.0064,0.032054,0.508458,0.058524,32.168079,18.139708,64,4674.09,0.063195
8.82500,1,36.0064,0.031270,0.508710,0.060972,32.323208,18.339489,62,4669.79,0.063205
8.82500,2,36.0064,0.059584,0.504667,0.094184,32.505463,16.901346,62,5480.42,0.084773
8.82500,3,36.0064,0.034251,0.508081,0.060783,32.537674,17.245329,64,5699.79,0.084880
8.82917,0,36.0101,0.036363,0.507920,0.062886,32.419022,17.394051,64,4693.83,0.063200
8.82917,1,36.0101,0.037031,0.507913,0.069010,32.308537,17.493494,61,4680.72,0.063202
8.82917,2,36.0101,0.061261,0.504422,0.089051,32.506573,16.263414,66,5805.02,0.084838
8.82917,3,36.0101,0.031456,0.508712,0.060068,32.596779,17.847723,64,5711.69,0.084929
8.83333,0,36.0307,0.033534,0.508352,0.060064,32.338562,17.349850,65,4748.87,0.063229
8.83333,1,36.0307,0.035151,0.508042,0.061719,32.433849,17.222090,62,4648.57,0.063190
8.83333,2,36.0307,0.050011,0.505943,0.076573,32.594299,16.424427,66,5729.90,0.084908
8.83333,3,36.0307,0.031253,0.508870,0.061305,32.506718,18.645224,63,5746.04,0.084998
8.83750,0,36.0355,0.031172,0.508911,0.060212,32.533352,18.049389,63,4703.27,0.063244
8.83750,1,36.0355,0.031260,0.508742,0.060504,32.387760,17.798698,61,4731.39,0.063211
8.83750,2,36.0355,0.038328,0.507583,0.069421,32.555973,17.269403,66,5746.66,0.084989
8.83750,3,36.0355,0.031409,0.508286,0.062017,32.452885,18.890438,63,5667.60,0.085041
8.84167,0,36.0555,0.031235,0.508964,0.061367,32.409752,18.778805,65,4673.34,0.063245
8.84167,1,36.0555,0.031549,0.508972,0.062733,32.347019,18.675795,61,4644.55,0.063201
8.84167,2,36.0555,0.031419,0.508605,0.058897,32.346180,18.296261,64,5695.56,0.085045
8.84167,3,36.0555,0.043447,0.506633,0.076218,32.639072,18.116554,63,5689.10,0.085081
8.84583,0,36.0599,0.032355,0.508295,0.063290,32.457249,18.882366,65,4777.00,0.063283
8.84583,1,36.0599,0.033496,0.508380,0.065093,32.385445,18.967661,62,4709.06,0.063218
8.84583,2,36.0599,0.033215,0.508791,0.064976,32.617905,18.613079,65,5757.07,0.085117
8.84583,3,36.0599,0.060012,0.504611,0.094693,32.555946,16.894489,63,5680.13,0.085118
8.85000,0,36.0799,0.046013,0.506494,0.078697,32.588776,17.987959,66,4737.03,0.063318
8.85000,1,36.0799,0.045351,0.506559,0.075094,32.441448,18.086321,62,4702.33,0.063240
8.85000,2,36.0799,0.033698,0.508098,0.060161,32.512997,17.902155,66,5805.69,0.085213
8.85000,3,36.0799,0.061716,0.504388,0.088760,32.652157,16.286947,64,5763.09,0.085196
8.85417,0,36.0847,0.061333,0.504619,0.095681,32.294590,16.808472,63,4699.49,0.063336
8.85417,1,36.0847,0.061890,0.504538,0.096773,32.303932,16.825899,62,4728.05,0.063273
8.85417,2,36.0847,0.036485,0.507737,0.063008,32.590668,17.250549,66,5782.77,0.085313
8.85417,3,36.0847,0.050123,0.505908,0.076609,32.526566,16.422455,64,5704.30,0.085263
8.85833,0,36.1051,0.060703,0.504676,0.087249,32.459961,16.310081,64,4651.80,0.063328
8.85833,1,36.1051,0.062016,0.504528,0.088486,32.560528,16.271614,62,4694.17,0.063288
8.85833,2,36.1051,0.032661,0.508278,0.059163,32.667706,17.387146,66,5754.01,0.085396
8.85833,3,36.1051,0.038524,0.507582,0.068879,32.714653,17.271046,62,5635.69,0.085293
8.86250,0,36.1089,0.048597,0.506281,0.075098,32.447922,16.548119,65,4740.35,0.063348
8.86250,1,36.1089,0.048872,0.506240,0.075402,32.437222,16.506254,63,4745.25,0.063324
8.86250,2,36.1089,0.031391,0.508814,0.060996,32.621033,18.136122,65,5670.31,0.085429
8.86250,3,36.1089,0.031182,0.508567,0.059424,32.475651,18.307316,65,5734.91,0.085346
8.86667,0,36.1291,0.037404,0.507887,0.068132,32.494911,17.457113,65,4668.22,0.063350
8.86667,1,36.1291,0.036765,0.507929,0.070647,32.604889,17.473181,62,4696.82,0.063341
8.86667,2,36.1291,0.031546,0.508759,0.061418,32.645622,18.828794,64,5683.94,0.085453
8.86667,3,36.1291,0.033303,0.508776,0.064637,32.676083,18.641001,62,5717.91,0.085395
8.87083,0,36.1329,0.031258,0.508790,0.059543,32.422642,18.438284,63,4664.71,0.063342
8.87083,1,36.1329,0.031353,0.508855,0.058884,32.349503,18.497440,62,4720.68,0.063359
8.87083,2,36.1329,0.033905,0.507904,0.064730,32.615795,18.785030,65,5714.83,0.085488
8.87083,3,36.1329,0.033407,0.508118,0.059892,32.563828,17.968224,65,5802.83,0.085482
8.87500,0,36.1535,0.033943,0.508886,0.065285,32.455540,18.633762,64,4703.53,0.063348
8.87500,1,36.1535,0.031264,0.508895,0.057720,32.488312,18.620056,62,4731.50,0.063384
8.87500,2,36.1535,0.049393,0.505915,0.081859,32.619102,17.729370,64,5704.00,0.085530
8.87500,3,36.1535,0.036739,0.507709,0.063201,32.659306,17.279644,65,5707.19,0.085537
8.87917,0,36.1573,0.034072,0.508191,0.060572,32.554085,17.904392,64,4781.44,0.063395
8.87917,1,36.1573,0.035267,0.508085,0.067690,32.723110,17.814909,63,4726.50,0.063416
8.87917,2,36.1573,0.063124,0.504210,0.096931,32.613388,16.617353,65,5726.31,0.085578
8.87917,3,36.1573,0.033085,0.508212,0.059572,32.693958,17.364040,65,5772.53,0.085611
8.88333,0,36.1780,0.036702,0.507885,0.063232,32.356606,17.301014,64,4759.61,0.063448
8.88333,1,36.1780,0.036893,0.507816,0.063362,32.407925,17.228035,62,4719.15,0.063448
8.88333,2,36.1780,0.059548,0.504616,0.086073,32.830669,16.239386,65,5787.42,0.085659
8.88333,3,36.1780,0.031265,0.508778,0.060658,32.690029,18.103327,63,5646.26,0.085640
8.88750,0,36.1812,0.032589,0.508427,0.059074,32.688324,17.470825,64,4729.81,0.063487
8.88750,1,36.1812,0.032097,0.508437,0.060537,32.501751,17.473459,61,4709.69,0.063474
8.88750,2,36.1812,0.046878,0.506363,0.073372,32.589890,16.600643,66,5818.54,0.085755
8.88750,3,36.1812,0.031094,0.508763,0.060736,32.536957,18.803417,64,5721.03,0.085690
8.89167,0,36.2026,0.031406,0.508950,0.060907,32.544029,18.211992,65,4756.54,0.063531
8.89167,1,36.2026,0.031292,0.508943,0.062446,32.508057,18.327024,61,4704.07,0.063495
8.89167,2,36.2026,0.036210,0.507875,0.069729,32.671848,17.573288,64,5730.87,0.085817
8.89167,3,36.2026,0.032988,0.507965,0.063439,32.718349,18.829239,64,5765.08,0.085762
8.89583,0,36.2056,0.031238,0.508878,0.060892,32.560108,18.871895,64,4676.27,0.063539
8.89583,1,36.2056,0.032339,0.508795,0.063642,32.684307,18.981966,62,4767.35,0.063537
8.89583,2,36.2056,0.031688,0.508677,0.059390,32.750751,18.506699,65,5696.41,0.085856
8.89583,3,36.2056,0.047534,0.506107,0.080146,32.659229,17.849308,63,5685.16,0.085800
8.90000,0,36.2266,0.033595,0.508039,0.063973,32.631489,18.840897,65,4798.42,0.063593
8.90000,1,36.2266,0.036225,0.507710,0.069603,32.354816,18.714521,62,4738.52,0.063580
8.90000,2,36.2266,0.032239,0.508655,0.063869,32.642139,18.539696,64,5673.46,0.085871
8.90000,3,36.2266,0.062863,0.504261,0.096513,32.793228,16.722986,64,5737.27,0.085844
8.90417,0,36.2288,0.048707,0.506121,0.081221,32.657948,17.827707,64,4626.88,0.063586
8.90417,1,36.2288,0.053483,0.505528,0.085202,32.638615,17.507080,61,4734.29,0.063610
8.90417,2,36.2288,0.034943,0.507946,0.061481,32.739517,17.778881,63,5670.84,0.085878
8.90417,3,36.2288,0.061142,0.504443,0.087621,32.740269,16.266592,64,5804.75,0.085916
8.90833,0,36.2507,0.063335,0.504339,0.096405,32.665562,16.727848,64,4703.61,0.063590
8.90833,1,36.2507,0.065138,0.504129,0.095737,32.587086,16.521862,62,4726.02,0.063631
8.90833,2,36.2507,0.036660,0.507735,0.063184,32.668156,17.235487,66,5820.46,0.085955
8.90833,3,36.2507,0.048560,0.506124,0.075113,32.775288,16.551769,64,5703.32,0.085965
8.91250,0,36.2533,0.060627,0.504638,0.087070,32.617306,16.304178,66,4768.81,0.063626
8.91250,1,36.2533,0.058176,0.504987,0.084692,32.612770,16.301670,62,4774.58,0.063676
8.91250,2,36.2533,0.032101,0.508313,0.059026,32.733486,17.467974,66,5807.86,0.086044
8.91250,3,36.2533,0.037438,0.507680,0.071069,32.688118,17.450119,64,5716.40,0.086013
8.91667,0,36.2754,0.047978,0.506380,0.074538,32.584682,16.628490,65,4803.60,0.063694
8.91667,1,36.2754,0.044111,0.506849,0.071486,32.625340,16.841240,63,4706.50,0.063705
8.91667,2,36.2754,0.031607,0.508796,0.061204,32.636242,18.249187,62,5543.19,0.086020
8.91667,3,36.2754,0.031499,0.508541,0.058541,32.797394,18.403513,63,5675.71,0.086022
8.92083,0,36.2761,0.037081,0.507876,0.068803,32.365009,17.551359,63,4642.27,0.063694
8.92083,1,36.2761,0.034078,0.508259,0.068102,32.487652,17.865345,62,4751.21,0.063735
8.92083,2,36.2761,0.031533,0.508649,0.060709,32.751896,18.877508,65,5751.05,0.086041
8.92083,3,36.2761,0.033352,0.508659,0.064632,32.806351,18.597790,65,5813.07,0.086086
8.92500,0,36.2991,0.031023,0.508697,0.058225,32.912926,18.502443,65,4745.92,0.063719
8.92500,1,36.2991,0.031421,0.508931,0.059441,32.563416,18.676407,62,4754.07,0.063770
8.92500,2,36.2991,0.034391,0.507733,0.064593,32.776634,18.774492,65,5790.15,0.086106
8.92500,3,36.2991,0.033930,0.508029,0.060377,32.636635,17.915178,62,5664.10,0.086109
8.92917,0,36.3004,0.033016,0.508807,0.064322,32.458714,18.631075,65,4773.84,0.063765
8.92917,1,36.3004,0.031286,0.508670,0.061059,32.689781,18.471230,62,4753.90,0.063810
8.92917,2,36.3004,0.050361,0.505755,0.082913,32.712795,17.694496,65,5730.49,0.086152
8.92917,3,36.3004,0.037132,0.507676,0.063563,32.893734,17.284397,64,5798.38,0.086174
8.93333,0,36.3236,0.033936,0.508177,0.060359,32.870754,17.942636,65,4835.42,0.063847
8.93333,1,36.3236,0.036752,0.507884,0.064434,32.617516,17.649551,62,4760.92,0.063861
8.93333,2,36.3236,0.064464,0.504056,0.096768,32.785992,16.623558,66,5828.90,0.086240
8.93333,3,36.3236,0.033282,0.508155,0.059828,32.858044,17.390291,63,5731.21,0.086231
8.93750,0,36.3242,0.037147,0.507837,0.063677,32.599106,17.331671,65,4782.59,0.063916
8.93750,1,36.3242,0.036622,0.507842,0.063136,32.526798,17.223486,61,4742.03,0.063906
8.93750,2,36.3242,0.060365,0.504522,0.086889,32.839180,16.246103,66,5804.02,0.086329
8.93750,3,36.3242,0.031408,0.508693,0.060779,32.860359,18.096357,65,5805.55,0.086319
8.94167,0,36.3488,0.033266,0.508330,0.060903,32.585728,17.456751,65,4776.65,0.063975
8.94167,1,36.3488,0.031438,0.508509,0.060910,32.807182,17.638872,62,4780.90,0.063964
8.94167,2,36.3488,0.047349,0.506295,0.073903,32.826130,16.631161,65,5721.82,0.086385
8.94167,3,36.3488,0.031397,0.508705,0.060298,32.710678,18.790506,64,5758.56,0.086388
8.94583,0,36.3478,0.031118,0.508863,0.061432,32.701950,18.143810,66,4793.25,0.064039
8.94583,1,36.3478,0.031302,0.508908,0.061735,32.713612,18.479092,60,4696.55,0.063988
8.94583,2,36.3478,0.036673,0.507785,0.071424,32.846558,17.579172,64,5718.21,0.086425
8.94583,3,36.3478,0.032232,0.508042,0.061593,32.927731,18.877855,64,5752.74,0.086445
8.95000,0,36.3729,0.031233,0.508861,0.060493,32.906441,18.818342,65,4713.03,0.064061
8.95000,1,36.3729,0.031337,0.508645,0.062571,32.758930,19.002769,62,4810.88,0.064045
8.95000,2,36.3729,0.031818,0.508547,0.059089,32.796951,18.484503,66,5836.89,0.086510
8.95000,3,36.3729,0.046158,0.506278,0.078301,32.863789,18.003353,63,5686.74,0.086476
8.95417,0,36.3713,0.031895,0.508213,0.060925,32.521366,18.908176,65,4802.52,0.064114
8.95417,1,36.3713,0.037609,0.507455,0.070228,32.719185,18.634237,62,4736.68,0.064084
8.95417,2,36.3713,0.032281,0.508628,0.063926,32.845993,18.583391,65,5695.23,0.086541
8.95417,3,36.3713,0.062856,0.504238,0.097467,32.885559,16.835014,63,5714.64,0.086500
8.95833,0,36.3968,0.045185,0.506553,0.077022,32.815441,18.117048,64,4729.67,0.064141
8.95833,1,36.3968,0.055652,0.505245,0.089514,32.512234,17.413624,62,4752.03,0.064118
8.95833,2,36.3968,0.034152,0.507995,0.060578,32.770657,17.904327,66,5732.60,0.086568
8.95833,3,36.3968,0.063151,0.504119,0.089608,32.896751,16.278498,64,5831.12,0.086573
8.96250,0,36.3948,0.062212,0.504494,0.096271,32.591915,16.946077,65,4803.41,0.064191
8.96250,1,36.3948,0.065981,0.504014,0.093869,32.816910,16.490055,62,4806.37,0.064178
8.96250,2,36.3948,0.037442,0.507631,0.063897,32.858170,17.298866,67,5864.63,0.086661
8.96250,3,36.3948,0.050782,0.505786,0.077284,32.854301,16.456726,62,5713.57,0.086621
8.96667,0,36.4216,0.063784,0.504216,0.090298,32.815269,16.342291,64,4709.75,0.064211
8.96667,1,36.4216,0.057953,0.504999,0.084408,32.638477,16.330906,63,4784.81,0.064230
8.96667,2,36.4216,0.033412,0.508144,0.059958,32.941113,17.405863,65,5674.93,0.086686
8.96667,3,36.4216,0.039316,0.507465,0.070907,32.889412,17.329765,63,5696.39,0.086641
8.97083,0,36.4177,0.051663,0.505817,0.078194,32.724216,16.461346,66,4835.92,0.064276
8.97083,1,36.4177,0.044275,0.506846,0.072549,32.868217,16.901937,62,4732.44,0.064263
8.97083,2,36.4177,0.031413,0.508691,0.060477,32.807667,18.089951,65,5771.57,0.086725
8.97083,3,36.4177,0.031352,0.508405,0.059180,32.966015,18.304281,62,5636.42,0.086627
8.97500,0,36.4449,0.040029,0.507521,0.070034,32.784920,17.319668,65,4713.14,0.064297
8.97500,1,36.4449,0.034583,0.508137,0.066492,32.867077,17.892775,61,4750.19,0.064289
8.97500,2,36.4449,0.031708,0.508689,0.060305,32.863857,18.778984,64,5793.39,0.086771
8.97500,3,36.4449,0.033712,0.508646,0.065195,32.887596,18.663553,66,5867.21,0.086706
8.97917,0,36.4417,0.031784,0.508482,0.061179,32.730240,18.286068,66,4804.72,0.064342
8.97917,1,36.4417,0.031235,0.508771,0.058857,32.569550,18.631517,62,4774.11,0.064327
8.97917,2,36.4417,0.031654,0.508087,0.060560,32.891720,18.903934,64,5737.56,0.086810
8.97917,3,36.4417,0.031911,0.508176,0.058397,33.017715,18.159231,65,5823.33,0.086795
8.98333,0,36.4696,0.033015,0.508799,0.064295,32.863605,18.714165,63,4777.24,0.064384
8.98333,1,36.4696,0.033702,0.508650,0.065120,32.946819,18.531912,63,4791.14,0.064377
8.98333,2,36.4696,0.044720,0.506441,0.076176,32.799381,18.127279,65,5726.04,0.086844
8.98333,3,36.4696,0.037362,0.507593,0.063787,32.841980,17.436558,65,5865.18,0.086901
8.98750,0,36.4651,0.031412,0.508444,0.057866,32.733856,18.290340,66,4831.96,0.064450
8.98750,1,36.4651,0.036016,0.507888,0.062441,32.718666,17.763075,62,4819.25,0.064446
8.98750,2,36.4651,0.062380,0.504311,0.097016,32.903675,16.931091,66,5835.06,0.086930
8.98750,3,36.4651,0.035346,0.507873,0.061786,33.103725,17.290953,64,5808.87,0.086995
8.99167,0,36.4946,0.036979,0.507825,0.063464,32.790501,17.562103,64,4775.33,0.064502
8.99167,1,36.4946,0.037530,0.507736,0.064091,32.847412,17.270639,62,4830.16,0.064523
8.99167,2,36.4946,0.064601,0.503935,0.091105,33.018230,16.315348,66,5810.65,0.087019
8.99167,3,36.4946,0.031346,0.508523,0.060056,32.971931,17.843962,62,5670.44,0.087023
8.99583,0,36.4880,0.036028,0.507965,0.062573,32.840088,17.325968,66,4845.35,0.064582
8.99583,1,36.4880,0.032187,0.508385,0.061761,32.737862,17.532274,62,4733.92,0.064563
8.99583,2,36.4880,0.052478,0.505516,0.078950,32.818672,16.407249,64,5653.05,0.087028
8.99583,3,36.4880,0.031335,0.508734,0.060023,32.973946,18.585730,64,5811.01,0.087076
9.00000,0,36.5183,0.031170,0.508591,0.060697,32.984943,17.793827,65,4821.48,0.064652
9.00000,1,36.5183,0.031248,0.508859,0.062458,32.969925,18.344778,61,4827.47,0.064630
9.00000,2,36.5183,0.040683,0.507256,0.073030,32.947334,17.213600,64,5660.47,0.087016
9.00000,3,36.5183,0.031574,0.508358,0.059573,32.920574,18.947340,66,5790.17,0.087122
9.00417,0,36.5104,0.031361,0.508866,0.060202,32.635418,18.519823,64,4770.05,0.064698
9.00417,1,36.5104,0.031371,0.508723,0.062072,32.694389,18.942543,62,4742.91,0.064664
9.00417,2,36.5104,0.032305,0.508256,0.059324,32.967064,18.179367,64,5761.30,0.087043
9.00417,3,36.5104,0.038064,0.507210,0.067614,33.064632,18.542818,64,5806.75,0.087178
9.00833,0,36.5445,0.031416,0.508628,0.059035,32.874542,18.958103,64,4762.02,0.064726
9.00833,1,36.5445,0.033493,0.507935,0.064820,32.810555,18.877962,63,4801.78,0.064708
9.00833,2,36.5445,0.032069,0.508621,0.063964,32.933262,18.658630,65,5815.22,0.087109
9.00833,3,36.5445,0.056180,0.505076,0.089160,32.959034,17.410004,62,5662.20,0.087180
9.01250,0,36.5051,0.035636,0.507715,0.064578,33.012936,18.745361,64,4807.72,0.064769
9.01250,1,36.5051,0.048633,0.506113,0.081286,32.804798,17.902311,61,4659.27,0.064694
9.01250,2,36.5051,0.031543,0.508375,0.057999,32.962345,18.340508,64,5742.84,0.087145
9.01250,3,36.5051,0.066286,0.503786,0.094301,33.020069,16.486671,63,5696.03,0.087174
9.01667,0,36.4630,0.051865,0.505752,0.084834,32.539364,17.700518,64,4684.24,0.064750
9.01667,1,36.4630,0.064123,0.504263,0.096602,32.900555,16.802233,62,4764.98,0.064696
9.01667,2,36.4630,0.036295,0.507770,0.062750,32.920025,17.617117,64,5616.55,0.087113
9.01667,3,36.4630,0.057895,0.504787,0.084395,32.964138,16.271490,62,5541.15,0.087086
9.02083,0,36.4248,0.064632,0.504111,0.093300,32.921761,16.670542,64,4757.16,0.064746
9.02083,1,36.4248,0.061952,0.504461,0.088453,32.647724,16.362146,62,4710.91,0.064682
9.02083,2,36.4248,0.036056,0.507849,0.063438,32.869415,17.303061,62,5555.50,0.087014
9.02083,3,36.4248,0.044440,0.506733,0.072617,32.885643,16.853836,62,5512.63,0.086947
9.02500,0,36.3938,0.059626,0.504693,0.086095,32.436222,16.290945,67,4875.82,0.064797
9.02500,1,36.3938,0.049016,0.506142,0.075561,32.690304,16.619616,64,4870.77,0.064746
9.02500,2,36.3938,0.031550,0.508510,0.062686,32.945816,17.700916,63,5327.81,0.086785
9.02500,3,36.3938,0.034453,0.508086,0.067415,32.817513,17.880299,60,5275.63,0.086663
9.02917,0,36.3553,0.046634,0.506559,0.073179,32.866074,16.740620,66,4880.36,0.064882
9.02917,1,36.3553,0.037736,0.507745,0.070356,32.633266,17.483133,62,4741.98,0.064784
9.02917,2,36.3553,0.031689,0.508838,0.063348,32.784550,18.463245,62,5222.12,0.086442
9.02917,3,36.3553,0.031406,0.508707,0.058999,32.919468,18.598568,62,5296.31,0.086323
9.03333,0,36.3224,0.036016,0.508029,0.069072,32.538837,17.718145,66,4884.02,0.064973
9.03333,1,36.3224,0.031461,0.508612,0.058201,32.677589,18.397644,63,4880.12,0.064878
9.03333,2,36.3224,0.031918,0.508565,0.060062,32.757069,18.920263,63,5272.41,0.086078
9.03333,3,36.3224,0.033068,0.508628,0.064595,32.808701,18.493315,61,5258.50,0.085947
9.03750,0,36.2842,0.030980,0.508730,0.058190,32.508526,18.521355,65,4860.47,0.065063
9.03750,1,36.2842,0.031538,0.508825,0.062968,32.463287,18.650276,64,4920.31,0.065006
9.03750,2,36.2842,0.036469,0.507545,0.066311,32.705238,18.639086,60,5016.88,0.085592
9.03750,3,36.2842,0.034883,0.507988,0.061337,32.693501,17.758421,60,5064.87,0.085455
9.04167,0,36.2488,0.033740,0.508805,0.065360,32.654648,18.585676,66,4837.88,0.065148
9.04167,1,36.2488,0.032833,0.508301,0.059242,32.614834,18.090393,63,4859.05,0.065116
9.04167,2,36.2488,0.053280,0.505554,0.086314,32.742790,17.516890,61,4974.51,0.085034
9.04167,3,36.2488,0.036410,0.507870,0.063135,32.803799,17.304415,60,5039.38,0.084904
9.04583,0,36.2118,0.033290,0.508242,0.059713,32.466583,17.960949,65,4902.49,0.065257
9.04583,1,36.2118,0.036677,0.507833,0.063208,32.441288,17.410515,64,4984.73,0.065276
9.04583,2,36.2118,0.063929,0.504222,0.094531,32.736904,16.537708,60,4871.10,0.084404
9.04583,3,36.2118,0.031408,0.508489,0.062787,32.646057,17.582298,59,4925.04,0.084277
9.05000,0,36.1732,0.036325,0.507942,0.062841,32.549850,17.405323,68,4991.92,0.065421
9.05000,1,36.1732,0.033408,0.508271,0.062270,32.453777,17.391064,65,4969.22,0.065454
9.05000,2,36.1732,0.056777,0.505061,0.083307,32.555584,16.269537,61,4825.92,0.083725
9.05000,3,36.1732,0.031442,0.508917,0.062628,32.548058,18.339443,60,4968.23,0.083641
9.05417,0,36.1360,0.032310,0.508448,0.059369,32.534367,17.505106,66,4941.77,0.065584
9.05417,1,36.1360,0.031929,0.508882,0.063022,32.572044,18.099731,64,5024.44,0.065659
9.05417,2,36.1360,0.043817,0.506912,0.073372,32.687595,16.818094,60,4723.21,0.082995
9.05417,3,36.1360,0.031522,0.508716,0.060694,32.744137,18.898352,60,4774.05,0.082914
9.05833,0,36.0976,0.031378,0.508967,0.060995,32.465702,18.202606,67,5012.85,0.065781
9.05833,1,36.0976,0.032164,0.508920,0.063405,32.407391,18.856737,63,4859.18,0.065801
9.05833,2,36.0976,0.033821,0.508285,0.064704,32.540607,17.862267,60,4657.05,0.082214
9.05833,3,36.0976,0.035842,0.507685,0.066328,32.725388,18.669460,59,4734.63,0.082139
9.06250,0,36.0600,0.031077,0.508869,0.060488,32.359344,18.850431,67,4920.86,0.065933
9.06250,1,36.0600,0.033206,0.508126,0.066056,32.238155,18.882076,64,4968.62,0.065960
9.06250,2,36.0600,0.031464,0.508912,0.059534,32.517048,18.595732,60,4553.17,0.081373
9.06250,3,36.0600,0.052303,0.505684,0.085070,32.626999,17.534645,59,4593.66,0.081284
9.06667,0,36.0207,0.033832,0.508025,0.063912,32.449657,18.806147,67,5099.19,0.066149
9.06667,1,36.0207,0.047280,0.506306,0.076929,32.538246,17.890778,64,4882.97,0.066096
9.06667,2,36.0207,0.033997,0.508740,0.065735,32.528271,18.376225,61,4614.11,0.080537
9.06667,3,36.0207,0.062934,0.504370,0.094683,32.554329,16.522505,60,4623.35,0.080429
9.07083,0,35.9815,0.048760,0.506137,0.081636,32.337059,17.784868,67,4944.89,0.066308
9.07083,1,35.9815,0.061480,0.504622,0.094557,32.290951,16.737030,64,5047.25,0.066287
9.07083,2,35.9815,0.034929,0.508103,0.061414,32.402641,17.638662,59,4443.90,0.079641
9.07083,3,35.9815,0.055909,0.505208,0.082409,32.467796,16.260201,58,4475.37,0.079511
9.07500,0,35.9425,0.061598,0.504569,0.092075,32.320049,16.666971,67,5090.52,0.066520
9.07500,1,35.9425,0.058975,0.504929,0.085491,32.201073,16.306297,64,4910.13,0.066442
9.07500,2,35.9425,0.034861,0.508150,0.061361,32.481102,17.290789,58,4499.51,0.078750
9.07500,3,35.9425,0.042894,0.507066,0.072400,32.445988,16.816540,60,4545.55,0.078616
9.07917,0,35.9028,0.057416,0.505073,0.083948,32.227276,16.287218,66,4939.28,0.066671
9.07917,1,35.9028,0.045733,0.506661,0.072296,32.446644,16.658108,64,5006.70,0.066615
9.07917,2,35.9028,0.031370,0.508791,0.060213,32.489231,17.711565,58,4335.99,0.077806
9.07917,3,35.9028,0.033070,0.508461,0.065140,32.590927,17.907707,59,4386.04,0.077664
9.08333,0,35.8636,0.044662,0.506840,0.071234,32.190971,16.717865,68,5058.15,0.066855
9.08333,1,35.8636,0.034510,0.508249,0.067073,32.008251,17.660364,65,4959.08,0.066776
9.08333,2,35.8636,0.031633,0.509083,0.061818,32.366959,18.531906,59,4305.82,0.076836
9.08333,3,35.8636,0.031450,0.509023,0.059829,32.353157,18.616476,58,4345.11,0.076684
9.08750,0,35.8226,0.034269,0.508285,0.064100,32.221245,17.745544,68,5009.05,0.067022
9.08750,1,35.8226,0.031233,0.509064,0.059635,32.211884,18.581398,64,4978.73,0.066935
9.08750,2,35.8226,0.031571,0.508611,0.062482,32.421337,18.896736,58,4285.43,0.075858
9.08750,3,35.8226,0.032867,0.508682,0.064252,32.369247,18.245813,58,4286.95,0.075682
9.09167,0,35.7833,0.031398,0.508994,0.060693,32.122292,18.574917,67,5101.28,0.067221
9.09167,1,35.7833,0.031249,0.508874,0.058702,32.145012,18.458340,65,4993.02,0.067104
9.09167,2,35.7833,0.041655,0.507082,0.074583,32.344234,18.215357,57,4178.64,0.074842
9.09167,3,35.7833,0.035209,0.508117,0.061697,32.386250,17.495716,58,4246.94,0.074665
9.09583,0,35.7414,0.033962,0.508786,0.065108,32.155262,18.368196,68,5046.64,0.067404
9.09583,1,35.7414,0.035459,0.508168,0.069369,32.212948,17.618904,66,5114.03,0.067326
9.09583,2,35.7414,0.057530,0.505138,0.090793,32.338131,16.978920,59,4191.55,0.073832
9.09583,3,35.7414,0.033565,0.508355,0.060114,32.280373,17.297815,57,4175.80,0.073628
9.10000,0,35.7014,0.034557,0.508185,0.061018,32.155373,17.601707,70,5193.28,0.067654
9.10000,1,35.7014,0.034362,0.508197,0.060923,31.943283,17.248848,64,4965.73,0.067508
9.10000,2,35.7014,0.059671,0.504854,0.090927,32.295414,16.299669,58,4149.20,0.072818
9.10000,3,35.7014,0.031210,0.508962,0.060862,32.272923,17.885548,57,4198.20,0.072612
9.10417,0,35.6599,0.033839,0.508299,0.060466,31.861380,17.303717,68,5065.03,0.067857
9.10417,1,35.6599,0.031389,0.508791,0.060555,32.120892,17.747395,65,5015.73,0.067689
9.10417,2,35.6599,0.048280,0.506360,0.077683,32.137917,16.423895,57,4123.77,0.071811
9.10417,3,35.6599,0.031344,0.509099,0.062424,32.229782,18.700691,55,4035.68,0.071550
9.10833,0,35.6200,0.031293,0.508893,0.060576,32.173294,17.803537,68,5074.03,0.068042
9.10833,1,35.6200,0.032611,0.509019,0.063859,32.001526,18.610752,65,5051.86,0.067879
9.10833,2,35.6200,0.036328,0.508070,0.070845,32.230728,17.330799,55,3982.82,0.070753
9.10833,3,35.6200,0.033027,0.508308,0.065731,32.201805,18.801271,56,4040.67,0.070484
9.11250,0,35.5774,0.031336,0.509092,0.062194,31.872297,18.619267,68,5166.88,0.068261
9.11250,1,35.5774,0.034186,0.508347,0.066370,32.109627,18.863396,65,5078.96,0.068087
9.11250,2,35.5774,0.031526,0.509060,0.059747,32.106972,18.364883,55,3912.74,0.069663
9.11250,3,35.5774,0.047315,0.506423,0.077444,32.231800,17.762791,55,4001.66,0.069411
9.11667,0,35.5362,0.032539,0.508435,0.064460,32.035702,18.847086,67,5008.11,0.068421
9.11667,1,35.5362,0.046405,0.506513,0.073872,32.066387,17.880898,65,5061.88,0.068280
9.11667,2,35.5362,0.031924,0.509064,0.063541,31.993052,18.439402,54,3894.57,0.068572
9.11667,3,35.5362,0.059513,0.504923,0.093844,32.157825,16.605932,55,3979.18,0.068345
9.12083,0,35.4954,0.045105,0.506648,0.076057,32.050518,17.920519,68,5116.38,0.068603
9.12083,1,35.4954,0.059371,0.504884,0.093377,31.966330,16.683613,66,5069.52,0.068471
9.12083,2,35.4954,0.034278,0.508393,0.060818,32.160145,17.673117,55,3845.35,0.067480
9.12083,3,35.4954,0.055388,0.505507,0.083622,32.012611,16.241297,55,3914.18,0.067269
9.12500,0,35.4522,0.058132,0.505009,0.092061,31.838634,16.726524,68,5083.67,0.068776
9.12500,1,35.4522,0.056213,0.505337,0.082733,31.778143,16.221516,67,5099.13,0.068668
9.12500,2,35.4522,0.033786,0.508378,0.060343,31.961824,17.240498,56,3886.11,0.066423
9.12500,3,35.4522,0.042475,0.507249,0.072949,31.964266,16.729170,55,3861.97,0.066192
9.12917,0,35.4114,0.055748,0.505352,0.082288,31.778774,16.251881,68,5096.00,0.068949
9.12917,1,35.4114,0.042659,0.507099,0.069261,32.060856,16.675219,66,5065.79,0.068849
9.12917,2,35.4114,0.031734,0.508989,0.060692,32.024540,17.666195,55,3781.25,0.065352
9.12917,3,35.4114,0.031979,0.508693,0.061576,31.984831,17.830729,54,3810.98,0.065110
9.13333,0,35.3685,0.043554,0.507064,0.070118,31.872869,16.664921,69,5087.84,0.069114
9.13333,1,35.3685,0.033101,0.508661,0.065077,31.710150,17.827366,65,4989.36,0.068985
9.13333,2,35.3685,0.031582,0.509224,0.063163,31.975870,18.547405,56,3799.88,0.064301
9.13333,3,35.3685,0.031407,0.509267,0.060168,31.844080,18.563917,55,3807.88,0.064048
9.13750,0,35.3275,0.032669,0.508577,0.061428,31.674702,17.739096,70,5069.34,0.069257
9.13750,1,35.3275,0.031081,0.509271,0.059974,31.786732,18.641169,65,5010.57,0.069108
9.13750,2,35.3275,0.033855,0.508551,0.066124,31.915726,18.812391,55,3736.64,0.063252
9.13750,3,35.3275,0.033317,0.508787,0.064844,31.928440,18.035400,55,3835.68,0.063027
9.14167,0,35.2842,0.031976,0.509234,0.063183,31.785128,18.555025,69,5118.48,0.069408
9.14167,1,35.2842,0.031840,0.508713,0.059877,31.722559,18.087313,66,5069.95,0.069254
9.14167,2,35.2842,0.045856,0.506716,0.073845,31.821747,17.816469,54,3677.38,0.062204
9.14167,3,35.2842,0.034716,0.508349,0.061250,31.827131,17.331488,54,3710.86,0.061982
9.14583,0,35.2417,0.031116,0.508812,0.061338,31.571730,18.142326,69,5156.47,0.069581
9.14583,1,35.2417,0.035362,0.508216,0.069188,31.856003,17.270365,66,5112.16,0.069429
9.14583,2,35.2417,0.057691,0.505198,0.092410,31.816301,16.618826,54,3646.38,0.061159
9.14583,3,35.2417,0.031135,0.508800,0.057722,31.726627,17.379704,54,3677.82,0.060935
9.15000,0,35.1987,0.034401,0.508290,0.060928,31.730799,17.387207,69,5146.29,0.069758
9.15000,1,35.1987,0.031346,0.508655,0.059467,31.589874,17.345158,67,5125.48,0.069618
9.15000,2,35.1987,0.053983,0.505744,0.085506,31.801468,16.210583,54,3599.26,0.060114
9.15000,3,35.1987,0.031166,0.509261,0.062111,31.798470,18.168688,55,3688.44,0.059912
9.15417,0,35.1562,0.031342,0.508616,0.057991,31.690889,17.350225,70,5132.40,0.069930
9.15417,1,35.1562,0.031177,0.509107,0.062338,31.715996,18.207161,67,5113.74,0.069802
9.15417,2,35.1562,0.041248,0.507487,0.074712,31.716431,16.719269,54,3625.41,0.059105
9.15417,3,35.1562,0.033480,0.508985,0.064749,32.143887,18.823860,55,3601.67,0.058885
9.15833,0,35.1132,0.031317,0.509120,0.061865,31.503845,18.084187,70,5150.38,0.070105
9.15833,1,35.1132,0.035251,0.508764,0.066210,32.302563,18.827950,66,5102.35,0.069976
9.15833,2,35.1132,0.031594,0.508922,0.058322,31.779354,17.860943,54,3563.14,0.058100
9.15833,3,35.1132,0.040255,0.507521,0.072118,31.659460,18.245636,55,3661.83,0.057905
9.16250,0,35.0702,0.033380,0.508951,0.064282,31.958202,18.790487,69,5072.06,0.070242
9.16250,1,35.0702,0.041738,0.507174,0.068375,31.508789,18.159334,67,5091.09,0.070131
9.16250,2,35.0702,0.031431,0.509417,0.060093,31.655935,18.509230,53,3518.36,0.057104
9.16250,3,35.0702,0.054549,0.505636,0.087135,31.614878,16.945139,54,3561.56,0.056917
9.16667,0,35.0277,0.038918,0.507618,0.071375,31.412458,18.340778,70,5164.76,0.070402
9.16667,1,35.0277,0.055967,0.505345,0.090129,31.495878,16.827019,66,5026.11,0.070252
9.16667,2,35.0277,0.032255,0.508855,0.059654,31.522942,17.891392,54,3568.31,0.056152
9.16667,3,35.0277,0.055744,0.505483,0.088433,31.660450,16.234882,55,3539.86,0.055945
9.17083,0,34.9838,0.053029,0.505735,0.087183,31.362179,17.059048,70,5180.17,0.070567
9.17083,1,34.9838,0.055357,0.505423,0.082385,31.626558,16.180126,66,5054.42,0.070373
9.17083,2,34.9838,0.033980,0.508550,0.062572,31.670912,17.255877,53,3489.99,0.055203
9.17083,3,34.9838,0.044681,0.507040,0.075411,31.531668,16.463247,55,3575.46,0.055014
9.17500,0,34.9408,0.055386,0.505411,0.084119,31.717028,16.289309,68,5034.77,0.070665
9.17500,1,34.9408,0.042882,0.507136,0.069483,31.418282,16.536535,66,5019.44,0.070465
9.17500,2,34.9408,0.031581,0.509059,0.058162,31.525434,17.481432,53,3490.87,0.054280
9.17500,3,34.9408,0.033017,0.508685,0.065524,31.553677,17.497734,53,3495.23,0.054087
9.17917,0,34.8982,0.045195,0.506847,0.071832,31.388952,16.438019,70,5122.96,0.070772
9.17917,1,34.8982,0.031858,0.508759,0.062184,31.366091,17.694946,67,5082.73,0.070576
9.17917,2,34.8982,0.031626,0.509337,0.062055,31.565342,18.345699,53,3466.45,0.053376
9.17917,3,34.8982,0.031240,0.509490,0.060461,31.501207,18.442656,52,3436.15,0.053157
9.18333,0,34.8530,0.033577,0.508488,0.061654,31.407955,17.425398,70,5097.35,0.070872
9.18333,1,34.8530,0.031096,0.509418,0.060306,31.412624,18.544567,67,5062.41,0.070681
9.18333,2,34.8530,0.034291,0.508703,0.066197,31.852730,18.735085,53,3396.74,0.052465
9.18333,3,34.8530,0.031141,0.509113,0.057771,31.463343,18.098560,54,3449.66,0.052251
9.18750,0,34.8111,0.033740,0.509379,0.064868,31.376637,18.414635,70,5143.79,0.070988
9.18750,1,34.8111,0.031415,0.508829,0.058041,31.364542,17.981628,66,5107.89,0.070805
9.18750,2,34.8111,0.045771,0.506891,0.073386,31.370529,17.743530,53,3430.25,0.051590
9.18750,3,34.8111,0.034079,0.508618,0.066695,31.384443,17.329706,52,3409.33,0.051362
9.19167,0,34.7655,0.031129,0.509099,0.057769,31.035561,18.192404,69,5129.07,0.071104
9.19167,1,34.7655,0.034321,0.508393,0.064587,31.328482,17.193356,67,5096.35,0.070929
9.19167,2,34.7655,0.055882,0.505513,0.090227,31.443933,16.534286,53,3327.01,0.050702
9.19167,3,34.7655,0.031367,0.509000,0.058978,31.460424,17.353718,53,3448.11,0.050512
9.19583,0,34.7234,0.033750,0.508551,0.064982,31.280430,17.400614,69,5106.72,0.071209
9.19583,1,34.7234,0.033014,0.508921,0.064235,31.020149,17.390522,67,5128.20,0.071062
9.19583,2,34.7234,0.050701,0.506223,0.083366,31.346766,16.179703,53,3356.62,0.049849
9.19583,3,34.7234,0.031326,0.509391,0.060029,31.416317,18.166302,53,3403.23,0.049680
9.20000,0,34.6780,0.030998,0.508851,0.060355,31.118254,17.315672,70,5083.30,0.071300
9.20000,1,34.6780,0.032706,0.509245,0.063842,31.358849,18.338764,68,5137.52,0.071197
9.20000,2,34.6780,0.038189,0.507986,0.072581,31.273678,16.824965,53,3361.67,0.049032
9.20000,3,34.6780,0.033393,0.508897,0.064521,31.959499,18.718655,53,3386.60,0.048871
9.20417,0,34.6352,0.031262,0.509248,0.059701,31.230602,18.094076,71,5100.37,0.071394
9.20417,1,34.6352,0.034781,0.508539,0.066877,31.681995,18.705601,66,5045.61,0.071288
9.20417,2,34.6352,0.031504,0.509297,0.059631,31.285620,18.002466,53,3336.44,0.048239
9.20417,3,34.6352,0.043344,0.507209,0.073442,31.247906,17.901585,53,3363.49,0.048081
9.20833,0,34.5905,0.033361,0.508840,0.064172,31.890409,18.702583,71,5083.26,0.071473
9.20833,1,34.5905,0.046186,0.506693,0.075042,31.117941,17.663187,67,5075.14,0.071372
9.20833,2,34.5905,0.031413,0.509520,0.059203,31.118021,18.362749,53,3354.56,0.047482
9.20833,3,34.5905,0.054921,0.505659,0.087879,31.224508,16.633738,53,3410.02,0.047343
9.21250,0,34.5465,0.041747,0.507297,0.072357,31.218845,17.999321,71,5126.88,0.071563
9.21250,1,34.5465,0.056020,0.505398,0.089617,31.107534,16.451012,67,5055.63,0.071446
9.21250,2,34.5465,0.032856,0.508898,0.060063,31.268406,17.622639,52,3346.80,0.046760
9.21250,3,34.5465,0.051157,0.506163,0.083855,31.183651,16.153851,51,3343.78,0.046616
9.21667,0,34.5018,0.053734,0.505707,0.087889,30.893980,16.736506,69,5053.56,0.071622
9.21667,1,34.5018,0.049215,0.506284,0.075878,30.940073,16.144276,67,5035.43,0.071500
9.21667,2,34.5018,0.033147,0.508904,0.065300,31.139383,17.202629,52,3317.73,0.046055
9.21667,3,34.5018,0.038771,0.507923,0.071466,31.170563,16.702991,50,3308.44,0.045897
9.22083,0,34.4583,0.051023,0.506023,0.078363,30.963127,16.189131,69,5032.50,0.071655
9.22083,1,34.4583,0.036113,0.508110,0.062779,31.076580,16.920515,67,5085.38,0.071564
9.22083,2,34.4583,0.031522,0.509424,0.062053,31.177044,17.761206,53,3330.02,0.045377
9.22083,3,34.4583,0.031265,0.509329,0.059133,31.075558,17.892069,50,3289.83,0.045195
9.22500,0,34.4129,0.039344,0.507682,0.066048,31.023737,16.666506,70,5154.26,0.071735
9.22500,1,34.4129,0.031184,0.509357,0.062236,30.856985,18.148148,68,5091.37,0.071641
9.22500,2,34.4129,0.031800,0.509277,0.063252,31.457657,18.586996,53,3270.56,0.044700
9.22500,3,34.4129,0.031158,0.509605,0.059415,31.106520,18.372688,51,3273.46,0.044507
9.22917,0,34.3682,0.031241,0.509157,0.058721,30.844109,17.818806,70,5097.13,0.071808
9.22917,1,34.3682,0.030965,0.509319,0.058112,31.131163,18.309250,66,4985.26,0.071673
9.22917,2,34.3682,0.038169,0.507902,0.071521,31.034433,18.250338,52,3203.76,0.044011
9.22917,3,34.3682,0.032371,0.508983,0.060056,31.069103,17.643639,51,3357.46,0.043876
9.23333,0,34.3247,0.033541,0.509535,0.064448,30.999399,18.400732,69,5046.44,0.071845
9.23333,1,34.3247,0.033082,0.508683,0.059818,30.742628,17.439026,67,5055.18,0.071713
9.23333,2,34.3247,0.051930,0.506101,0.081293,31.073170,16.936199,54,3275.17,0.043376
9.23333,3,34.3247,0.032560,0.508941,0.064523,30.966700,17.180452,53,3356.17,0.043286
9.23750,0,34.2787,0.031598,0.508944,0.058343,30.896423,17.732943,68,5083.63,0.071888
9.23750,1,34.2787,0.032048,0.508857,0.063093,30.867670,17.171446,67,5106.18,0.071780
9.23750,2,34.2787,0.052701,0.506025,0.086919,30.923759,16.166859,54,3302.44,0.042795
9.23750,3,34.2787,0.032224,0.509459,0.063552,31.038788,17.720629,51,3330.83,0.042722
9.24167,0,34.2339,0.031908,0.508815,0.063793,30.822777,17.203735,70,5116.58,0.071951
9.24167,1,34.2339,0.035183,0.509346,0.066235,30.974422,17.936304,66,5003.77,0.071813
9.24167,2,34.2339,0.041271,0.507636,0.075130,30.919731,16.453997,54,3342.66,0.042268
9.24167,3,34.2339,0.032750,0.509305,0.063968,31.492689,18.565348,51,3259.09,0.042159
9.24583,0,34.1890,0.033081,0.509287,0.064238,30.754164,17.655777,71,5102.51,0.072007
9.24583,1,34.1890,0.032838,0.508950,0.063972,31.842947,18.642282,69,5113.92,0.071882
9.24583,2,34.1890,0.031521,0.509214,0.059783,30.872190,17.602230,53,3230.84,0.041721
9.24583,3,34.1890,0.038608,0.507902,0.070525,30.948700,18.194386,53,3334.28,0.041639
9.25000,0,34.1430,0.033080,0.509207,0.064324,31.127705,18.497925,70,5086.98,0.072060
9.25000,1,34.1430,0.041920,0.507306,0.069943,30.704929,17.919783,67,5002.29,0.071911
9.25000,2,34.1430,0.031541,0.509694,0.060492,30.840561,18.317600,53,3289.74,0.041215
9.25000,3,34.1430,0.051775,0.506169,0.083269,30.786665,16.861881,52,3271.05,0.041125
9.25417,0,34.0992,0.037203,0.507958,0.069396,30.628281,18.262634,71,5081.69,0.072101
9.25417,1,34.0992,0.053545,0.505779,0.087527,30.891874,16.608952,67,5074.31,0.071957
9.25417,2,34.0992,0.031479,0.509138,0.058226,30.772980,17.703135,53,3277.83,0.040729
9.25417,3,34.0992,0.051392,0.506220,0.085030,30.862928,16.143082,52,3362.24,0.040670
9.25833,0,34.0520,0.050188,0.506254,0.083744,30.645439,16.990294,69,5006.55,0.072106
9.25833,1,34.0520,0.049337,0.506292,0.079623,30.439413,16.107832,67,5075.75,0.072002
9.25833,2,34.0520,0.031869,0.509027,0.061864,30.758684,17.162783,53,3274.08,0.040271
9.25833,3,34.0520,0.039736,0.507874,0.072943,30.667879,16.511490,51,3232.18,0.040193
9.26250,0,34.0083,0.051116,0.506131,0.079782,30.803818,16.196396,69,5051.39,0.072120
9.26250,1,34.0083,0.036630,0.508080,0.063340,30.659256,16.726486,68,5061.52,0.072038
9.26250,2,34.0083,0.034760,0.509535,0.066192,30.612490,17.610394,50,3211.21,0.039802
9.26250,3,34.0083,0.031411,0.509368,0.060719,30.745909,17.697100,50,3215.10,0.039711
9.26667,0,33.9613,0.040305,0.507629,0.067002,30.406929,16.476055,70,5067.56,0.072144
9.26667,1,33.9613,0.031042,0.509428,0.061263,30.494812,17.972939,69,5074.72,0.072079
9.26667,2,33.9613,0.034985,0.509395,0.066578,31.150818,18.465651,53,3273.74,0.039365
9.26667,3,33.9613,0.030989,0.509699,0.059646,30.603340,18.275351,51,3230.10,0.039252
9.27083,0,33.9167,0.030949,0.509154,0.058177,30.478607,17.613142,70,5040.14,0.072159
9.27083,1,33.9167,0.031074,0.509474,0.061573,30.657497,18.213667,68,5007.08,0.072088
9.27083,2,33.9167,0.038003,0.508018,0.066436,30.563074,18.163893,53,3212.13,0.038927
9.27083,3,33.9167,0.031638,0.509116,0.058405,30.680401,17.583675,52,3309.94,0.038847
9.27500,0,33.8706,0.032132,0.509654,0.063248,30.466080,18.287540,69,4999.78,0.072148
9.27500,1,33.8706,0.032044,0.508861,0.058851,30.376465,17.408226,67,5002.90,0.072079
9.27500,2,33.8706,0.050943,0.506280,0.081014,30.637682,16.849506,54,3283.31,0.038540
9.27500,3,33.8706,0.031387,0.509124,0.061884,30.521065,17.152222,52,3317.40,0.038482
9.27917,0,33.8249,0.031156,0.509109,0.057962,30.329502,17.722685,70,5034.90,0.072140
9.27917,1,33.8249,0.031058,0.509044,0.059716,30.417244,17.170620,67,5080.02,0.072098
9.27917,2,33.8249,0.050486,0.506374,0.084725,30.487171,16.111467,53,3271.36,0.038181
9.27917,3,33.8249,0.034665,0.509604,0.065813,30.442331,17.732327,53,3353.45,0.038162
9.28333,0,33.7777,0.030981,0.509000,0.060472,30.485138,17.182247,69,5020.26,0.072133
9.28333,1,33.7777,0.031018,0.509443,0.061856,30.338034,17.944756,68,5088.00,0.072130
9.28333,2,33.7777,0.038647,0.508036,0.072793,30.537052,16.509848,52,3283.28,0.037854
9.28333,3,33.7777,0.034030,0.509295,0.065122,31.452480,18.500433,52,3297.43,0.037844
9.28750,0,33.7323,0.033810,0.509405,0.064828,30.149576,17.643410,71,5119.82,0.072174
9.28750,1,33.7323,0.031170,0.508902,0.057930,31.451300,18.529512,68,5019.83,0.072144
9.28750,2,33.7323,0.031599,0.509498,0.060042,30.437050,17.713902,53,3286.05,0.037549
9.28750,3,33.7323,0.040369,0.507745,0.067160,30.439182,17.927534,53,3340.01,0.037557
9.29167,0,33.6849,0.033265,0.509235,0.064454,31.127850,18.440514,71,5084.00,0.072212
9.29167,1,33.6849,0.043621,0.507168,0.071952,30.186636,17.630627,67,4992.97,0.072139
9.29167,2,33.6849,0.031442,0.509723,0.059694,30.393250,18.158054,53,3289.45,0.037265
9.29167,3,33.6849,0.051461,0.506274,0.083611,30.363176,16.618336,51,3266.28,0.037260
9.29583,0,33.6396,0.038493,0.507881,0.066845,30.085295,18.046268,69,5028.82,0.072219
9.29583,1,33.6396,0.051829,0.506004,0.085803,30.291225,16.395464,68,5007.17,0.072129
9.29583,2,33.6396,0.031605,0.509176,0.058357,30.348288,17.453176,52,3255.57,0.036979
9.29583,3,33.6396,0.047816,0.506766,0.081768,30.464832,16.100323,52,3302.97,0.036982
9.30000,0,33.5923,0.049775,0.506387,0.083981,30.330767,16.776131,72,5172.19,0.072277
9.30000,1,33.5923,0.044731,0.506930,0.073867,30.364004,16.131126,70,5139.88,0.072188
9.30000,2,33.5923,0.031414,0.509275,0.061344,30.256002,17.157028,54,3325.36,0.036733
9.30000,3,33.5923,0.035536,0.508472,0.069887,30.230528,16.711107,52,3314.92,0.036730
9.30417,0,33.5441,0.047665,0.506630,0.075945,30.161613,16.157251,69,5042.02,0.072305
9.30417,1,33.5441,0.033061,0.508674,0.060105,30.103689,17.001398,68,5011.94,0.072207
9.30417,2,33.5441,0.033096,0.509667,0.064526,30.331257,17.848898,54,3331.60,0.036513
9.30417,3,33.5441,0.031234,0.509700,0.060680,30.340437,17.911783,50,3239.98,0.036466
9.30833,0,33.5001,0.036284,0.508214,0.063162,30.209316,16.656504,71,5069.70,0.072328
9.30833,1,33.5001,0.031036,0.509677,0.061683,30.184732,18.077074,67,4992.06,0.072202
9.30833,2,33.5001,0.031480,0.509113,0.060097,31.297670,18.432337,54,3278.08,0.036281
9.30833,3,33.5001,0.031127,0.509641,0.058228,30.137642,18.016613,52,3315.55,0.036236
9.31250,0,33.4507,0.030863,0.509534,0.059877,30.015566,17.808733,71,5007.02,0.072316
9.31250,1,33.4507,0.030994,0.509388,0.059674,30.133064,17.892118,68,5036.97,0.072203
9.31250,2,33.4507,0.043044,0.507412,0.069815,30.317295,17.586941,53,3336.36,0.036082
9.31250,3,33.4507,0.031495,0.509194,0.058320,30.197071,17.286556,50,3302.04,0.036025
9.31667,0,33.4054,0.032958,0.509650,0.064077,30.208860,18.099493,70,5010.01,0.072294
9.31667,1,33.4054,0.031004,0.509042,0.057813,30.176605,17.206831,67,4996.40,0.072185
9.31667,2,33.4054,0.051176,0.506334,0.084577,30.205378,16.377836,53,3323.52,0.035896
9.31667,3,33.4054,0.031290,0.509491,0.060094,30.087652,17.253553,53,3364.37,0.035855
9.32083,0,33.3568,0.031046,0.509148,0.057848,29.834265,17.439903,70,5048.19,0.072284
9.32083,1,33.3568,0.031122,0.509373,0.058734,30.103334,17.384417,68,5120.86,0.072219
9.32083,2,33.3568,0.043995,0.507285,0.078226,30.085320,16.129526,55,3368.56,0.035745
9.32083,3,33.3568,0.031079,0.509700,0.060978,30.112514,18.066555,52,3335.13,0.035697
9.32500,0,33.3090,0.030900,0.509296,0.058161,29.967960,17.242832,71,5080.00,0.072302
9.32500,1,33.3090,0.030958,0.509388,0.059371,30.264074,18.200474,68,5046.34,0.072241
9.32500,2,33.3090,0.032221,0.508993,0.064245,30.033913,17.003937,54,3356.27,0.035607
9.32500,3,33.3090,0.033546,0.508740,0.060365,30.350800,18.293722,53,3390.84,0.035575
9.32917,0,33.2617,0.031080,0.509527,0.060139,29.890110,17.930853,70,5028.96,0.072305
9.32917,1,33.2617,0.036020,0.508239,0.063086,30.034527,18.129261,69,5051.49,0.072258
9.32917,2,33.2617,0.031509,0.509864,0.061332,29.944471,18.003435,52,3294.18,0.035456
9.32917,3,33.2617,0.046262,0.506985,0.074345,29.974751,17.146999,52,3338.70,0.035442
9.33333,0,33.2139,0.031938,0.508825,0.058770,30.663469,18.317425,70,5039.55,0.072307
9.33333,1,33.2139,0.047853,0.506627,0.079633,29.839865,16.894783,69,5048.87,0.072271
9.33333,2,33.2139,0.031370,0.509534,0.058196,30.015312,17.727262,54,3348.75,0.035327
9.33333,3,33.2139,0.049372,0.506530,0.083226,30.076502,16.175125,53,3359.42,0.035321
9.33750,0,33.1660,0.043631,0.507231,0.073926,29.728809,17.366659,70,4966.62,0.072275
9.33750,1,33.1660,0.047369,0.506643,0.079847,29.880163,16.127483,68,5024.94,0.072265
9.33750,2,33.1660,0.031277,0.509327,0.058132,29.919468,17.146610,53,3340.89,0.035207
9.33750,3,33.1660,0.039434,0.507936,0.073376,29.875380,16.306999,53,3376.84,0.035217
9.34167,0,33.1185,0.048381,0.506552,0.081703,29.949551,16.316235,71,5124.51,0.072301
9.34167,1,33.1185,0.036620,0.508180,0.063650,29.714605,16.503553,69,5024.80,0.072262
9.34167,2,33.1185,0.031328,0.509693,0.060183,29.858772,17.471943,53,3346.13,0.035099
9.34167,3,33.1185,0.031187,0.509484,0.059722,29.922945,17.406977,52,3375.07,0.035122
9.34583,0,33.0688,0.040162,0.507674,0.067011,29.609169,16.275768,72,5023.61,0.072301
9.34583,1,33.0688,0.030879,0.509507,0.059905,29.934902,17.628792,69,5065.69,0.072275
9.34583,2,33.0688,0.031361,0.509493,0.059129,30.739918,18.225939,54,3412.62,0.035030
9.34583,3,33.0688,0.030992,0.509880,0.060074,29.783764,18.004456,51,3317.14,0.035014
9.35000,0,33.0222,0.031030,0.509212,0.058085,29.689636,17.261703,73,5096.57,0.072328
9.35000,1,33.0222,0.032650,0.509664,0.063461,29.703863,17.961802,69,5021.83,0.072278
9.35000,2,33.0222,0.038435,0.508087,0.065215,29.771606,17.841972,52,3302.78,0.034923
9.35000,3,33.0222,0.031045,0.509416,0.057937,29.854160,17.432007,52,3364.57,0.034919
9.35417,0,32.9723,0.030988,0.509818,0.060656,29.655382,18.015987,72,5078.90,0.072353
9.35417,1,32.9723,0.031040,0.509272,0.057861,29.780680,17.368490,68,5011.65,0.072274
9.35417,2,32.9723,0.048597,0.506702,0.079257,29.754848,16.611828,52,3368.89,0.034838
9.35417,3,32.9723,0.030889,0.509480,0.057754,29.746981,17.140369,54,3444.92,0.034870
9.35833,0,32.9250,0.034099,0.509483,0.064761,29.615459,17.609175,69,4989.61,0.072335
9.35833,1,32.9250,0.031025,0.509409,0.058329,29.584223,17.244967,68,5035.83,0.072270
9.35833,2,32.9250,0.044870,0.507212,0.078617,29.688667,16.093857,54,3353.83,0.034764
9.35833,3,32.9250,0.031106,0.509777,0.060455,29.705879,17.769720,53,3425.93,0.034831
9.36250,0,32.8754,0.031177,0.509389,0.058069,29.796743,17.228218,71,5014.51,0.072315
9.36250,1,32.8754,0.031119,0.509520,0.060175,29.746231,17.912746,70,5144.19,0.072314
9.36250,2,32.8754,0.033638,0.508847,0.065267,29.727575,16.723322,53,3384.62,0.034712
9.36250,3,32.8754,0.031413,0.509080,0.058194,30.589476,18.219736,53,3374.22,0.034777
9.36667,0,32.8263,0.030839,0.509620,0.060061,29.484728,17.657175,71,5103.38,0.072343
9.36667,1,32.8263,0.033058,0.508655,0.059910,29.938597,18.118685,70,5075.31,0.072351
9.36667,2,32.8263,0.031348,0.509870,0.061273,29.484285,17.770449,53,3401.09,0.034674
9.36667,3,32.8263,0.043065,0.507447,0.070144,29.601175,17.300694,51,3360.22,0.034715
9.37083,0,32.7775,0.030959,0.509123,0.057869,30.527151,18.171547,72,5078.77,0.072375
9.37083,1,32.7775,0.044228,0.507133,0.076100,29.469240,17.083315,68,5044.00,0.072372
9.37083,2,32.7775,0.031424,0.509697,0.058303,29.542442,17.693783,54,3378.52,0.034630
9.37083,3,32.7775,0.047906,0.506789,0.081176,29.702961,16.255453,53,3333.26,0.034640
9.37500,0,32.7287,0.040093,0.507739,0.071978,29.416100,17.505001,73,5075.23,0.072405
9.37500,1,32.7287,0.046214,0.506847,0.079837,29.443987,16.209011,68,5017.15,0.072374
9.37500,2,32.7287,0.031266,0.509450,0.058133,29.518309,17.148863,54,3390.51,0.034587
9.37500,3,32.7287,0.039552,0.507961,0.073993,29.531208,16.225233,53,3418.66,0.034601
9.37917,0,32.6794,0.046320,0.506911,0.079348,29.428289,16.452852,72,5117.26,0.072448
9.37917,1,32.6794,0.037148,0.508149,0.066254,29.637344,16.398930,69,5077.44,0.072400
9.37917,2,32.6794,0.031271,0.509768,0.059980,29.508543,17.393333,55,3450.29,0.034578
9.37917,3,32.6794,0.030914,0.509455,0.059897,29.521877,17.209684,52,3429.81,0.034587
9.38333,0,32.6291,0.040235,0.507792,0.067150,29.379162,16.263309,71,5062.97,0.072473
9.38333,1,32.6291,0.031020,0.509494,0.059753,29.307775,17.400084,69,5037.38,0.072413
9.38333,2,32.6291,0.031215,0.509570,0.059193,30.296322,18.086103,55,3459.20,0.034588
9.38333,3,32.6291,0.030997,0.509934,0.060395,29.524134,17.855791,53,3412.83,0.034578
9.38750,0,32.5805,0.030751,0.509227,0.057650,29.446121,17.081184,71,5042.13,0.072481
9.38750,1,32.5805,0.033430,0.509785,0.064344,29.326403,17.849146,69,5040.60,0.072420
9.38750,2,32.5805,0.037809,0.508219,0.064646,29.445639,17.726200,54,3375.18,0.034568
9.38750,3,32.5805,0.031167,0.509574,0.058044,29.421219,17.382555,52,3397.59,0.034560
9.39167,0,32.5301,0.030788,0.509877,0.060728,29.218540,17.827114,70,4995.49,0.072459
9.39167,1,32.5301,0.030848,0.509418,0.057767,29.366646,17.361431,68,5041.61,0.072419
9.39167,2,32.5301,0.046654,0.506987,0.077560,29.325693,16.547565,51,3313.77,0.034509
9.39167,3,32.5301,0.030846,0.509645,0.057936,29.336580,17.148003,54,3466.35,0.034561
9.39583,0,32.4814,0.030926,0.509657,0.060870,29.231306,17.566755,72,5047.90,0.072451
9.39583,1,32.4814,0.030873,0.509533,0.058846,29.206457,17.222687,69,5133.78,0.072459
9.39583,2,32.4814,0.042608,0.507542,0.075733,29.450056,16.105591,56,3427.77,0.034494
9.39583,3,32.4814,0.030931,0.509845,0.060337,29.313225,17.732243,53,3458.11,0.034572
9.40000,0,32.4296,0.033564,0.509607,0.064650,29.292980,17.246689,71,5079.20,0.072471
9.40000,1,32.4296,0.030873,0.509583,0.059923,29.293661,17.802767,69,5072.71,0.072489
9.40000,2,32.4296,0.032268,0.509093,0.063697,29.238338,16.764284,55,3374.49,0.034473
9.40000,3,32.4296,0.032057,0.509036,0.058932,29.914104,18.032722,52,3377.15,0.034549
9.40417,0,32.3814,0.030779,0.509764,0.060244,29.042259,17.650789,71,5045.44,0.072483
9.40417,1,32.3814,0.033195,0.508705,0.060337,29.403120,17.931654,69,5041.13,0.072499
9.40417,2,32.3814,0.031189,0.509953,0.061290,29.282583,17.681894,54,3437.31,0.034473
9.40417,3,32.3814,0.042692,0.507499,0.070151,29.195078,17.084213,53,3418.19,0.034536
9.40833,0,32.3302,0.031034,0.509258,0.057946,29.949797,18.033480,72,5105.41,0.072515
9.40833,1,32.3302,0.042957,0.507328,0.074780,29.172232,16.961781,70,5101.30,0.072532
9.40833,2,32.3302,0.031413,0.509753,0.058398,29.098415,17.503798,55,3412.54,0.034471
9.40833,3,32.3302,0.045249,0.507154,0.078021,29.194160,16.188335,54,3485.71,0.034557
9.41250,0,32.2796,0.038678,0.507963,0.067307,29.090788,17.394419,72,5068.98,0.072543
9.41250,1,32.2796,0.043546,0.507239,0.076792,29.062635,16.193089,68,5092.85,0.072569
9.41250,2,32.2796,0.031191,0.509640,0.058121,29.203857,17.092922,54,3431.88,0.034482
9.41250,3,32.2796,0.036768,0.508456,0.071118,29.188002,16.331181,52,3381.65,0.034545
9.41667,0,32.2297,0.043396,0.507306,0.076841,29.095778,16.447849,71,5024.00,0.072548
9.41667,1,32.2297,0.034869,0.508519,0.063586,29.128420,16.484039,70,5095.13,0.072603
9.41667,2,32.2297,0.031152,0.509897,0.060589,29.112076,17.470797,54,3454.64,0.034502
9.41667,3,32.2297,0.030876,0.509763,0.061724,29.011002,17.298847,53,3438.20,0.034549
9.42083,0,32.1789,0.037848,0.508167,0.064789,28.757744,16.332655,73,5188.26,0.072620
9.42083,1,32.1789,0.030731,0.509680,0.060204,28.844887,17.410616,71,5149.18,0.072671
9.42083,2,32.1789,0.031301,0.509433,0.058332,30.103565,17.982943,53,3378.22,0.034493
9.42083,3,32.1789,0.030979,0.509981,0.059963,29.260975,17.679276,53,3394.95,0.034535
9.42500,0,32.1271,0.030938,0.509458,0.058693,29.029465,17.121258,71,5034.15,0.072650
9.42500,1,32.1271,0.030785,0.509824,0.060639,29.116631,17.647436,69,5033.20,0.072690
9.42500,2,32.1271,0.039592,0.507999,0.066465,29.067495,17.337446,54,3396.08,0.034479
9.42500,3,32.1271,0.030792,0.509676,0.057710,29.026066,17.205811,53,3466.17,0.034545
9.42917,0,32.0793,0.031209,0.509988,0.061085,28.778868,17.705177,71,5051.37,0.072665
9.42917,1,32.0793,0.033613,0.509641,0.064567,28.958107,17.242851,69,5010.45,0.072679
9.42917,2,32.0793,0.044756,0.507268,0.077195,28.899792,16.313499,53,3380.23,0.034461
9.42917,3,32.0793,0.030794,0.509833,0.059405,28.897829,17.201563,54,3488.20,0.034572
9.43333,0,32.0258,0.030608,0.509786,0.060586,28.937426,17.462862,71,5023.65,0.072656
9.43333,1,32.0258,0.030702,0.509756,0.059858,28.897535,17.333790,69,5079.37,0.072684
9.43333,2,32.0258,0.038267,0.508233,0.071927,28.985632,16.204412,57,3485.14,0.034492
9.43333,3,32.0258,0.030973,0.509767,0.059827,29.311584,17.792597,52,3432.35,0.034587
9.43750,0,31.9764,0.032754,0.509791,0.063508,28.670094,17.282875,73,5205.57,0.072723
9.43750,1,31.9764,0.030954,0.509515,0.059332,29.510246,17.810942,69,5087.30,0.072713
9.43750,2,31.9764,0.031100,0.509598,0.060328,28.794203,17.036848,55,3357.63,0.034481
9.43750,3,31.9764,0.035019,0.508681,0.061931,28.850264,17.676779,52,3304.88,0.034534
9.44167,0,31.9233,0.030790,0.509762,0.060240,28.691462,17.684750,73,5093.06,0.072768
9.44167,1,31.9233,0.035248,0.508413,0.062532,28.798611,17.558041,69,5069.20,0.072739
9.44167,2,31.9233,0.031197,0.510017,0.060939,28.824057,17.599798,56,3436.34,0.034479
9.44167,3,31.9233,0.043280,0.507501,0.073269,28.795725,16.662390,52,3352.60,0.034483
9.44583,0,31.8755,0.031645,0.509084,0.058576,28.947039,17.800413,73,5081.25,0.072798
9.44583,1,31.8755,0.042114,0.507468,0.076071,28.810499,16.624866,68,5010.01,0.072735
9.44583,2,31.8755,0.031228,0.509774,0.058220,28.671108,17.234974,54,3423.85,0.034472
9.44583,3,31.8755,0.041029,0.507820,0.074517,28.843008,16.139380,54,3447.55,0.034476
9.45000,0,31.8217,0.038928,0.508015,0.069326,28.692684,17.074177,73,5006.13,0.072783
9.45000,1,31.8217,0.039401,0.507935,0.070361,28.579752,16.240650,70,5139.14,0.072770
9.45000,2,31.8217,0.031082,0.509876,0.059583,28.765057,17.135529,56,3479.39,0.034496
9.45000,3,31.8217,0.032095,0.509189,0.062828,28.725573,16.644531,54,3458.14,0.034495
9.45417,0,31.7714,0.039929,0.507885,0.073194,28.531424,16.410585,72,5118.16,0.072810
9.45417,1,31.7714,0.031133,0.509185,0.058106,28.677895,16.795065,71,5140.93,0.072826
9.45417,2,31.7714,0.031128,0.509887,0.060383,28.729725,17.656563,55,3426.66,0.034510
9.45417,3,31.7714,0.031015,0.510005,0.061198,28.791441,17.456995,54,3468.24,0.034526
9.45833,0,31.7180,0.033510,0.508840,0.061334,28.709837,16.571735,73,5162.56,0.072875
9.45833,1,31.7180,0.030786,0.509912,0.060839,28.324583,17.469322,71,5116.84,0.072884
9.45833,2,31.7180,0.033503,0.508925,0.060428,28.646608,17.666367,54,3386.66,0.034505
9.45833,3,31.7180,0.030785,0.509899,0.058889,28.564196,17.366020,54,3415.21,0.034533
9.46250,0,31.6679,0.030829,0.509747,0.060276,28.425388,17.270100,72,5062.93,0.072909
9.46250,1,31.6679,0.030682,0.509869,0.059469,28.838974,17.394974,70,5104.44,0.072930
9.46250,2,31.6679,0.041760,0.507715,0.070215,28.549797,16.723749,54,3374.02,0.034485
9.46250,3,31.6679,0.030926,0.509844,0.058802,28.692581,17.071173,54,3425.10,0.034531
9.46667,0,31.6158,0.030912,0.509954,0.060418,28.341095,17.488205,74,5124.83,0.072958
9.46667,1,31.6158,0.033754,0.509820,0.064451,28.461351,17.199856,69,5089.40,0.072967
9.46667,2,31.6158,0.040708,0.507901,0.074220,28.579874,16.130976,52,3309.30,0.034432
9.46667,3,31.6158,0.030840,0.509993,0.060525,28.461845,17.423712,53,3454.63,0.034533
9.47083,0,31.5643,0.032674,0.509902,0.063334,28.413092,17.277020,73,5072.05,0.072985
9.47083,1,31.5643,0.030735,0.509826,0.060341,28.380816,17.519936,71,5124.51,0.073012
9.47083,2,31.5643,0.032465,0.509184,0.064895,28.588036,16.553719,55,3407.51,0.034413
9.47083,3,31.5643,0.030911,0.509393,0.057899,29.324640,17.730280,52,3366.72,0.034503
9.47500,0,31.5126,0.030961,0.509977,0.060685,28.479816,17.406796,73,5195.86,0.073061
9.47500,1,31.5126,0.031047,0.509166,0.057974,28.900253,17.667219,70,5033.64,0.073028
9.47500,2,31.5126,0.031120,0.510049,0.061273,28.406191,17.334888,54,3374.51,0.034387
9.47500,3,31.5126,0.039134,0.508120,0.067062,28.476755,17.023956,53,3406.30,0.034478
9.47917,0,31.4604,0.030581,0.509611,0.058599,29.003769,17.699318,73,5032.07,0.073074
9.47917,1,31.4604,0.037620,0.508138,0.065676,28.191225,17.009907,70,5077.61,0.073042
9.47917,2,31.4604,0.031158,0.509995,0.059702,28.414366,17.316418,54,3411.31,0.034376
9.47917,3,31.4604,0.041475,0.507788,0.074114,28.366640,16.232687,53,3359.22,0.034437
9.48333,0,31.4096,0.034645,0.508682,0.063595,28.225428,17.320101,73,5129.57,0.073107
9.48333,1,31.4096,0.039188,0.507929,0.072931,28.344387,16.383478,70,5076.81,0.073060
9.48333,2,31.4096,0.031138,0.509937,0.059378,28.365477,17.036411,52,3370.91,0.034349
9.48333,3,31.4096,0.034712,0.508830,0.068075,28.447727,16.337465,54,3429.12,0.034422
9.48750,0,31.3559,0.038336,0.508123,0.072021,28.354118,16.618517,72,5116.95,0.073141
9.48750,1,31.3559,0.033526,0.508876,0.063707,28.178431,16.486954,70,5063.69,0.073073
9.48750,2,31.3559,0.031037,0.510045,0.060799,28.264193,17.352339,54,3404.84,0.034337
9.48750,3,31.3559,0.030684,0.509894,0.060183,28.176352,17.103098,53,3383.65,0.034397
9.49167,0,31.3053,0.035100,0.508639,0.063646,28.148411,16.444868,73,5072.06,0.073154
9.49167,1,31.3053,0.030818,0.509779,0.060308,28.182892,17.142328,72,5126.24,0.073108
9.49167,2,31.3053,0.031154,0.509442,0.058171,29.027367,17.628513,54,3409.29,0.034331
9.49167,3,31.3053,0.030887,0.510081,0.060271,28.359402,17.346483,54,3353.16,0.034359
9.49583,0,31.2515,0.030710,0.509569,0.058819,28.194180,16.933588,74,5171.40,0.073207
9.49583,1,31.2515,0.031053,0.509975,0.060657,28.194788,17.350737,70,5018.00,0.073110
9.49583,2,31.2515,0.038415,0.508260,0.066972,28.257738,16.959169,53,3351.40,0.034297
9.49583,3,31.2515,0.030786,0.509954,0.059034,28.252977,17.058868,54,3415.23,0.034339
9.50000,0,31.2006,0.030919,0.510021,0.061016,28.106787,17.353193,73,5077.69,0.073225
9.50000,1,31.2006,0.032260,0.509934,0.062863,28.139505,17.158110,71,5135.07,0.073147
9.50000,2,31.2006,0.040334,0.507977,0.071692,28.140251,16.219864,53,3359.86,0.034263
9.50000,3,31.2006,0.030920,0.510067,0.060579,28.168896,17.191538,53,3398.33,0.034318
9.50417,0,31.1468,0.030696,0.510064,0.060160,28.034113,17.276028,73,5118.32,0.073255
9.50417,1,31.1468,0.030826,0.509925,0.060590,27.876610,17.314226,73,5226.17,0.073238
9.50417,2,31.1468,0.033795,0.508992,0.065700,28.094711,16.340422,53,3327.03,0.034214
9.50417,3,31.1468,0.030607,0.509706,0.058463,28.977013,17.568676,53,3339.40,0.034269
9.50833,0,31.0950,0.030719,0.510085,0.060498,28.032516,17.287031,73,5076.43,0.073280
9.50833,1,31.0950,0.030743,0.509510,0.058369,28.733683,17.536697,71,5088.40,0.073283
9.50833,2,31.0950,0.031164,0.509974,0.060824,28.065842,17.062925,54,3342.67,0.034165
9.50833,3,31.0950,0.036119,0.508604,0.063775,28.153919,17.139753,53,3334.03,0.034208
9.51250,0,31.0435,0.030747,0.509872,0.059705,28.402838,17.536356,73,5104.07,0.073309
9.51250,1,31.0435,0.034833,0.508619,0.061936,27.839657,17.104948,72,5099.70,0.073315
9.51250,2,31.0435,0.031005,0.510129,0.060509,28.025515,17.245539,53,3332.28,0.034109
9.51250,3,31.0435,0.040100,0.508013,0.069727,27.985868,16.337334,53,3400.62,0.034174
9.51667,0,30.9898,0.032305,0.509143,0.059380,27.898226,17.380392,73,5112.16,0.073341
9.51667,1,30.9898,0.037345,0.508253,0.070710,28.081196,16.495676,71,5098.26,0.073342
9.51667,2,30.9898,0.031068,0.510036,0.059774,27.956352,16.994555,54,3362.73,0.034071
9.51667,3,30.9898,0.035231,0.508771,0.066695,27.987600,16.235043,53,3350.39,0.034129
9.52083,0,30.9380,0.036797,0.508514,0.063840,27.848499,16.768669,73,5064.91,0.073351
9.52083,1,30.9380,0.033611,0.508918,0.061356,27.785334,16.439814,70,5059.21,0.073345
9.52083,2,30.9380,0.030929,0.510099,0.060777,27.964542,17.182138,54,3343.88,0.034030
9.52083,3,30.9380,0.030865,0.509848,0.060716,28.000572,16.869232,55,3420.95,0.034114
9.52500,0,30.8848,0.035237,0.508793,0.062287,27.798101,16.474623,75,5161.74,0.073392
9.52500,1,30.8848,0.030735,0.509724,0.059699,27.802322,16.942028,73,5160.27,0.073391
9.52500,2,30.8848,0.031006,0.509636,0.058361,28.689852,17.470890,54,3365.40,0.034004
9.52500,3,30.8848,0.030689,0.510165,0.060719,27.828455,17.211296,53,3340.88,0.034075
9.52917,0,30.8308,0.030856,0.509614,0.058379,27.768951,16.808775,74,5088.34,0.073418
9.52917,1,30.8308,0.030910,0.510035,0.060973,27.801689,17.208277,73,5112.33,0.073428
9.52917,2,30.8308,0.036342,0.508600,0.063454,27.834021,16.962471,53,3287.74,0.033945
9.52917,3,30.8308,0.030663,0.510084,0.059451,28.066315,16.995356,52,3286.21,0.033999
9.53333,0,30.7804,0.030955,0.510109,0.061062,27.551931,17.212164,75,5154.72,0.073467
9.53333,1,30.7804,0.030611,0.510053,0.060282,27.608177,17.117605,71,5133.60,0.073473
9.53333,2,30.7804,0.038894,0.508249,0.070643,27.772026,16.250647,52,3267.91,0.033862
9.53333,3,30.7804,0.030753,0.510128,0.060559,27.754974,17.087217,54,3370.21,0.033946
9.53750,0,30.7252,0.030768,0.510137,0.060579,27.787956,17.202522,73,5063.23,0.073483
9.53750,1,30.7252,0.030844,0.510085,0.060745,27.757679,17.241623,73,5126.86,0.073512
9.53750,2,30.7252,0.033576,0.509069,0.064782,27.621859,16.288391,54,3334.62,0.033806
9.53750,3,30.7252,0.030659,0.509818,0.058900,28.469080,17.403915,53,3328.56,0.033887
9.54167,0,30.6749,0.030608,0.510164,0.060583,27.525877,17.171003,74,5165.01,0.073533
9.54167,1,30.6749,0.030743,0.509722,0.058935,28.223349,17.431543,72,5088.22,0.073537
9.54167,2,30.6749,0.031024,0.509990,0.060475,27.723425,16.896334,53,3248.51,0.033721
9.54167,3,30.6749,0.034809,0.508845,0.062485,27.737621,17.050747,54,3358.53,0.033835
9.54583,0,30.6191,0.030739,0.510006,0.060032,27.954651,17.381374,74,5096.29,0.073560
9.54583,1,30.6191,0.033404,0.508965,0.060451,27.533047,17.099888,72,5083.40,0.073550
9.54583,2,30.6191,0.030948,0.510194,0.060905,27.651390,17.112000,53,3273.61,0.033643
9.54583,3,30.6191,0.038374,0.508321,0.070241,27.715145,16.321051,52,3230.20,0.033731
9.55000,0,30.5697,0.031560,0.509337,0.058712,27.397835,17.268766,74,5128.97,0.073590
9.55000,1,30.5697,0.036025,0.508589,0.063072,27.578436,16.534060,73,5137.41,0.073584
9.55000,2,30.5697,0.031009,0.510133,0.060205,27.575048,16.923435,54,3318.68,0.033579
9.55000,3,30.5697,0.034246,0.508964,0.065323,27.546778,16.228373,54,3321.83,0.033656
9.55417,0,30.5131,0.035649,0.508706,0.062714,27.543245,16.701132,73,5053.51,0.073592
9.55417,1,30.5131,0.032916,0.509103,0.060016,27.605213,16.453960,73,5102.68,0.073604
9.55417,2,30.5131,0.030951,0.510163,0.060883,27.527010,17.075657,53,3296.89,0.033517
9.55417,3,30.5131,0.030643,0.509915,0.059593,27.605055,16.767534,53,3265.09,0.033567
9.55833,0,30.4637,0.034380,0.508880,0.061496,27.408691,16.408855,74,5116.78,0.073609
9.55833,1,30.4637,0.030791,0.509861,0.059797,27.293203,16.873829,72,5073.64,0.073608
9.55833,2,30.4637,0.030923,0.509712,0.058304,28.185701,17.298239,53,3322.33,0.033464
9.55833,3,30.4637,0.030567,0.510224,0.060774,27.616671,17.063885,53,3324.98,0.033506
9.56250,0,30.4068,0.030789,0.509652,0.058391,27.411772,16.689701,74,5125.08,0.073633
9.56250,1,30.4068,0.030660,0.510182,0.060889,27.266273,17.120932,72,5066.04,0.073605
9.56250,2,30.4068,0.035478,0.508787,0.063557,27.519392,16.819630,53,3208.27,0.033371
9.56250,3,30.4068,0.030694,0.510179,0.060076,27.443850,16.903425,52,3235.27,0.033409
9.56667,0,30.3571,0.030569,0.510146,0.060799,27.186260,17.064138,75,5100.71,0.073645
9.56667,1,30.3571,0.030683,0.510169,0.060542,27.273716,17.062874,72,5114.92,0.073620
9.56667,2,30.3571,0.037100,0.508528,0.068321,27.355986,16.207758,52,3223.27,0.033266
9.56667,3,30.3571,0.030759,0.510196,0.060696,27.363533,17.000576,53,3300.94,0.033328
9.57083,0,30.3011,0.030834,0.510227,0.060867,27.276266,17.058041,75,5156.19,0.073681
9.57083,1,30.3011,0.030666,0.510113,0.060689,27.245657,17.124918,72,5088.60,0.073633
9.57083,2,30.3011,0.032198,0.509283,0.061521,27.372551,16.289854,53,3244.61,0.033172
9.57083,3,30.3011,0.030707,0.509799,0.058718,27.993639,17.232176,54,3327.65,0.033269
9.57500,0,30.2499,0.030522,0.510227,0.060651,27.227104,17.062851,74,5102.52,0.073700
9.57500,1,30.2499,0.030765,0.509749,0.058780,27.856941,17.231539,72,5070.82,0.073636
9.57500,2,30.2499,0.030912,0.510076,0.060681,27.345247,16.813702,54,3331.32,0.033128
9.57500,3,30.2499,0.034398,0.508932,0.061684,27.344847,16.854893,52,3237.53,0.033187
9.57917,0,30.1948,0.030576,0.509995,0.059647,27.646276,17.229254,74,5074.27,0.073698
9.57917,1,30.1948,0.033238,0.509065,0.060363,27.143217,16.908964,71,5052.35,0.073622
9.57917,2,30.1948,0.030933,0.510253,0.060981,27.126944,16.940655,53,3273.21,0.033071
9.57917,3,30.1948,0.036717,0.508589,0.065567,27.202202,16.249308,53,3288.68,0.033120
9.58333,0,30.1428,0.031698,0.509346,0.058830,27.147818,17.062904,74,5154.58,0.073720
9.58333,1,30.1428,0.034882,0.508837,0.062022,27.090424,16.458622,71,4999.61,0.073585
9.58333,2,30.1428,0.030984,0.510238,0.060721,27.281776,16.840170,53,3249.35,0.033004
9.58333,3,30.1428,0.032548,0.509274,0.063695,27.243017,16.230953,53,3210.99,0.033025
9.58750,0,30.0880,0.034822,0.508848,0.061950,27.061935,16.552031,74,5104.60,0.073724
9.58750,1,30.0880,0.031599,0.509354,0.058803,27.215714,16.446777,73,5160.08,0.073610
9.58750,2,30.0880,0.030724,0.510191,0.060539,27.033941,17.011549,52,3210.99,0.032911
9.58750,3,30.0880,0.030629,0.510073,0.060167,27.188251,16.712219,53,3235.23,0.032929
9.59167,0,30.0353,0.033061,0.509172,0.060135,27.072588,16.357477,73,5079.94,0.073720
9.59167,1,30.0353,0.030652,0.509989,0.060104,26.985250,16.790535,72,5105.78,0.073631
9.59167,2,30.0353,0.030858,0.509623,0.058053,27.503098,17.084120,54,3195.50,0.032805
9.59167,3,30.0353,0.030640,0.510291,0.060810,27.275320,16.897797,53,3248.91,0.032838
9.59583,0,29.9819,0.030597,0.509889,0.059066,26.929438,16.663034,75,5136.75,0.073739
9.59583,1,29.9819,0.030631,0.510185,0.060953,26.845203,16.944340,72,5128.73,0.073663
9.59583,2,29.9819,0.035128,0.508849,0.063511,26.968510,16.566380,53,3182.24,0.032693
9.59583,3,29.9819,0.030471,0.510266,0.060344,27.085709,16.801374,53,3247.01,0.032749
9.60000,0,29.9277,0.030868,0.510234,0.061184,27.111727,16.932768,74,5010.76,0.073711
9.60000,1,29.9277,0.030786,0.510191,0.060910,27.083782,16.907898,73,5059.05,0.073658
9.60000,2,29.9277,0.035099,0.508865,0.065015,27.114727,16.132061,53,3203.85,0.032593
9.60000,3,29.9277,0.030600,0.510190,0.060529,27.055950,16.942413,53,3270.15,0.032675
9.60417,0,29.8759,0.030450,0.510248,0.060630,26.952219,16.893778,75,5129.32,0.073716
9.60417,1,29.8759,0.030496,0.510131,0.060312,26.981489,17.030079,72,5117.12,0.073672
9.60417,2,29.8759,0.031037,0.509658,0.060416,26.891443,16.330536,54,3189.42,0.032495
9.60417,3,29.8759,0.030566,0.509685,0.057700,27.407793,17.019341,54,3227.99,0.032589
9.60833,0,29.8194,0.030672,0.510200,0.060814,26.919418,16.943876,75,5141.71,0.073741
9.60833,1,29.8194,0.030721,0.509665,0.058087,27.207863,17.048918,73,5145.49,0.073708
9.60833,2,29.8194,0.030850,0.510254,0.061037,26.925552,16.752716,53,3200.04,0.032404
9.60833,3,29.8194,0.034537,0.508973,0.062932,26.949598,16.560791,53,3208.34,0.032493
9.61250,0,29.7681,0.030695,0.509896,0.059148,27.289276,17.056623,75,5159.88,0.073785
9.61250,1,29.7681,0.033329,0.509088,0.060461,26.723721,16.648975,72,5070.06,0.073721
9.61250,2,29.7681,0.030921,0.510325,0.061073,26.817898,16.783531,54,3227.21,0.032328
9.61250,3,29.7681,0.034722,0.508955,0.064194,26.868595,16.136356,52,3179.89,0.032386
9.61667,0,29.7124,0.032263,0.509278,0.059469,26.546869,16.794319,75,5011.64,0.073763
9.61667,1,29.7124,0.033472,0.509081,0.060690,26.927322,16.305210,72,5045.20,0.073704
9.61667,2,29.7124,0.030884,0.510297,0.060965,26.814537,16.745838,53,3182.65,0.032237
9.61667,3,29.7124,0.030617,0.509649,0.058987,26.960783,16.299816,54,3248.26,0.032307
9.62083,0,29.6612,0.033919,0.509073,0.061029,26.706915,16.365152,75,5108.13,0.073758
9.62083,1,29.6612,0.030599,0.509651,0.057905,26.586073,16.420025,72,5123.17,0.073713
9.62083,2,29.6612,0.030753,0.510087,0.059990,27.161352,16.915131,53,3204.09,0.032157
9.62083,3,29.6612,0.030524,0.510216,0.060652,26.792269,16.677849,53,3155.95,0.032200
9.62500,0,29.6040,0.031207,0.509508,0.058375,26.821220,16.328730,74,5056.40,0.073739
9.62500,1,29.6040,0.030599,0.510137,0.060598,26.704309,16.742735,72,5067.58,0.073703
9.62500,2,29.6040,0.031574,0.509448,0.058741,26.675817,16.778179,53,3125.37,0.032044
9.62500,3,29.6040,0.030590,0.510309,0.060809,26.737011,16.718809,53,3190.38,0.032097
9.62917,0,29.5542,0.030685,0.510061,0.060172,26.596069,16.622248,76,5168.80,0.073764
9.62917,1,29.5542,0.030656,0.510276,0.060984,26.596542,16.805094,71,5015.21,0.073672
9.62917,2,29.5542,0.034685,0.508987,0.064594,26.737608,16.280018,53,3166.43,0.031940
9.62917,3,29.5542,0.030555,0.510295,0.060711,26.744316,16.707764,54,3230.10,0.032015
9.63333,0,29.4963,0.030420,0.510272,0.060831,26.629026,16.772533,75,5058.00,0.073749
9.63333,1,29.4963,0.030532,0.510258,0.060788,26.540705,16.792643,72,5047.25,0.073643
9.63333,2,29.4963,0.032568,0.509331,0.063089,26.542229,16.101376,52,3158.86,0.031843
9.63333,3,29.4963,0.030598,0.510118,0.059837,27.000027,16.851753,53,3168.50,0.031918
9.63750,0,29.4463,0.030661,0.510297,0.060984,26.493599,16.765512,75,5133.44,0.073753
9.63750,1,29.4463,0.030721,0.510036,0.059898,26.919920,16.899061,73,5146.44,0.073663
9.63750,2,29.4463,0.030890,0.510016,0.059741,26.615107,16.409573,52,3188.78,0.031761
9.63750,3,29.4463,0.031366,0.509519,0.058558,26.521475,16.717768,52,3127.66,0.031802
9.64167,0,29.3878,0.030504,0.510184,0.060265,26.676249,16.849951,74,5050.28,0.073736
9.64167,1,29.3878,0.030815,0.509507,0.058076,26.315775,16.760540,73,5097.60,0.073673
9.64167,2,29.3878,0.030840,0.510334,0.061269,26.383852,16.641445,53,3125.16,0.031655
9.64167,3,29.3878,0.034109,0.509063,0.062307,26.641581,16.253630,53,3189.75,0.031706
9.64583,0,29.3387,0.030506,0.509742,0.057834,26.610895,16.824762,75,5078.22,0.073723
9.64583,1,29.3387,0.033070,0.509141,0.060266,26.378025,16.362772,73,5123.84,0.073692
9.64583,2,29.3387,0.030740,0.510342,0.060964,26.493303,16.611923,54,3140.40,0.031554
9.64583,3,29.3387,0.032209,0.509384,0.063384,26.414072,16.071987,51,3066.13,0.031566
9.65000,0,29.2804,0.032713,0.509254,0.059897,26.291454,16.452209,74,5073.23,0.073712
9.65000,1,29.2804,0.031513,0.509430,0.058700,26.650600,16.219051,74,5138.00,0.073719
9.65000,2,29.2804,0.030707,0.510278,0.060723,26.432247,16.676262,52,2993.45,0.031383
9.65000,3,29.2804,0.030623,0.510006,0.059583,26.533825,16.363050,54,3259.23,0.031487
9.65417,0,29.2303,0.032251,0.509328,0.059363,26.511679,16.193230,75,5053.07,0.073696
9.65417,1,29.2303,0.030480,0.509968,0.059413,26.216311,16.452490,73,5071.93,0.073716
9.65417,2,29.2303,0.030771,0.509885,0.058625,26.716030,16.734159,53,3115.82,0.031260
9.65417,3,29.2303,0.030463,0.510323,0.060857,26.367537,16.579134,53,3159.40,0.031393
9.65833,0,29.1733,0.030727,0.509848,0.058804,26.217966,16.338825,75,5131.35,0.073709
9.65833,1,29.1733,0.030607,0.510254,0.060975,26.422930,16.636459,72,5011.15,0.073681
9.65833,2,29.1733,0.032726,0.509300,0.059912,26.337862,16.406681,53,3200.55,0.031192
9.65833,3,29.1733,0.030537,0.510378,0.060844,26.457312,16.563784,54,3150.92,0.031303
9.66250,0,29.1209,0.030504,0.510245,0.060662,26.342407,16.590446,75,5059.84,0.073693
9.66250,1,29.1209,0.030507,0.510310,0.060879,26.197145,16.628674,72,5048.75,0.073648
9.66250,2,29.1209,0.033127,0.509262,0.063443,26.344307,16.055399,53,3116.78,0.031108
9.66250,3,29.1209,0.030506,0.510296,0.060473,26.256874,16.633093,52,3099.78,0.031191
9.66667,0,29.0652,0.030446,0.510337,0.060876,26.316837,16.625574,76,5128.41,0.073697
9.66667,1,29.0652,0.030702,0.510213,0.060622,26.356722,16.691578,72,5014.58,0.073606
9.66667,2,29.0652,0.030730,0.509817,0.060517,26.114712,16.141317,52,3116.46,0.031016
9.66667,3,29.0652,0.030497,0.509881,0.058339,26.514429,16.661514,53,3189.81,0.031114
9.67083,0,29.0118,0.030507,0.510293,0.060656,26.026772,16.632418,75,5110.36,0.073698
9.67083,1,29.0118,0.030394,0.509841,0.058381,26.417376,16.693932,74,5092.22,0.073596
9.67083,2,29.0118,0.030804,0.510276,0.060854,26.228045,16.421665,53,3162.87,0.030951
9.67083,3,29.0118,0.032404,0.509361,0.060039,26.269190,16.336607,52,3102.74,0.031017
9.67500,0,28.9560,0.030482,0.509994,0.059273,26.437042,16.682083,76,5060.85,0.073679
9.67500,1,28.9560,0.031702,0.509412,0.058956,26.124218,16.411207,74,5068.93,0.073585
9.67500,2,28.9560,0.030812,0.510374,0.061198,26.157675,16.483507,52,3118.44,0.030872
9.67500,3,28.9560,0.032594,0.509339,0.062853,26.155102,16.022993,52,3074.03,0.030901
9.67917,0,28.9034,0.031008,0.509548,0.058253,25.956261,16.479282,75,5093.97,0.073669
9.67917,1,28.9034,0.031913,0.509385,0.059125,26.128187,16.150826,73,5025.29,0.073555
9.67917,2,28.9034,0.030609,0.510360,0.060809,26.130701,16.495028,52,3054.27,0.030758
9.67917,3,28.9034,0.030530,0.509843,0.058768,26.107264,16.119350,52,3146.14,0.030808
9.68333,0,28.8477,0.032114,0.509396,0.059320,26.181908,16.184368,75,5100.98,0.073662
9.68333,1,28.8477,0.030711,0.509798,0.058605,25.835104,16.199665,73,5114.16,0.073560
9.68333,2,28.8477,0.030664,0.510134,0.059749,26.400019,16.569431,53,3128.15,0.030671
9.68333,3,28.8477,0.030498,0.510292,0.060533,26.223799,16.372192,52,3118.98,0.030718
9.68750,0,28.7935,0.030523,0.509730,0.057790,25.904127,16.155184,75,5064.23,0.073645
9.68750,1,28.7935,0.030492,0.510209,0.060513,26.020102,16.426067,74,5104.06,0.073570
9.68750,2,28.7935,0.030923,0.509653,0.058174,25.975840,16.406675,53,3113.48,0.030591
9.68750,3,28.7935,0.030496,0.510394,0.060939,25.934874,16.427608,54,3145.17,0.030645
9.69167,0,28.7386,0.030612,0.510148,0.060211,25.935791,16.334885,76,5026.99,0.073611
9.69167,1,28.7386,0.030600,0.510322,0.060974,25.790136,16.479477,72,5042.68,0.073550
9.69167,2,28.7386,0.032472,0.509393,0.060684,25.867144,16.065151,52,3090.88,0.030507
9.69167,3,28.7386,0.030287,0.510358,0.060492,26.086782,16.428143,53,3122.49,0.030568
9.69583,0,28.6846,0.030510,0.510330,0.060962,25.881042,16.425266,75,5054.50,0.073578
9.69583,1,28.6846,0.030528,0.510295,0.060695,25.883640,16.498281,73,5026.14,0.073513
9.69583,2,28.6846,0.030670,0.509705,0.058711,25.885162,15.981340,52,3060.11,0.030411
9.69583,3,28.6846,0.030387,0.510103,0.059311,26.178535,16.482996,53,3116.12,0.030486
9.70000,0,28.6293,0.030518,0.510326,0.060809,25.767395,16.455280,76,5116.38,0.073572
9.70000,1,28.6293,0.030485,0.510048,0.059407,26.118366,16.528284,73,5051.39,0.073486
9.70000,2,28.6293,0.030750,0.510180,0.060198,25.769238,16.180561,52,3010.39,0.030290
9.70000,3,28.6293,0.030885,0.509664,0.058172,25.946207,16.315744,51,2988.70,0.030343
9.70417,0,28.5755,0.030383,0.510174,0.059806,26.004553,16.521635,75,5080.57,0.073560
9.70417,1,28.5755,0.030489,0.509650,0.057805,25.625681,16.364225,73,5053.34,0.073464
9.70417,2,28.5755,0.030618,0.510376,0.060979,25.795485,16.318211,53,3064.70,0.030178
9.70417,3,28.5755,0.032081,0.509468,0.059831,25.808807,16.016985,53,3045.55,0.030211
9.70833,0,28.5213,0.030550,0.509809,0.057967,25.678497,16.416729,75,5064.06,0.073539
9.70833,1,28.5213,0.031452,0.509490,0.058668,25.720213,16.103262,73,5069.28,0.073450
9.70833,2,28.5213,0.030617,0.510409,0.060935,25.752460,16.330473,52,3017.50,0.030052
9.70833,3,28.5213,0.030465,0.509764,0.057957,25.811092,15.962140,53,3093.83,0.030104
9.71250,0,28.4664,0.031400,0.509553,0.058661,25.658789,16.134260,75,5076.78,0.073522
9.71250,1,28.4664,0.030697,0.509734,0.058145,25.725004,16.054310,74,5061.07,0.073435
9.71250,2,28.4664,0.030603,0.510270,0.060177,25.851524,16.383837,52,3035.30,0.029936
9.71250,3,28.4664,0.030450,0.510207,0.060054,25.817142,16.145241,54,3102.30,0.030015
9.71667,0,28.4117,0.030535,0.509715,0.057806,25.511885,16.013647,75,5083.81,0.073511
9.71667,1,28.4117,0.030359,0.510133,0.059856,25.612188,16.201784,75,5148.37,0.073461
9.71667,2,28.4117,0.030636,0.509877,0.058120,25.590946,16.307602,52,3052.43,0.029839
9.71667,3,28.4117,0.030507,0.510413,0.060874,25.646250,16.249718,52,3021.99,0.029901
9.72083,0,28.3563,0.030400,0.510091,0.059531,25.561174,16.131992,75,5030.63,0.073485
9.72083,1,28.3563,0.030507,0.510335,0.060843,25.675854,16.308449,74,5039.30,0.073448
9.72083,2,28.3563,0.031593,0.509556,0.058899,25.680460,16.029058,53,3080.19,0.029758
9.72083,3,28.3563,0.030409,0.510408,0.060681,25.708462,16.277397,53,3065.47,0.029804
9.72500,0,28.3031,0.030500,0.510321,0.060745,25.519999,16.263243,75,5033.29,0.073451
9.72500,1,28.3031,0.030409,0.510343,0.060605,25.408487,16.328728,72,4985.84,0.073395
9.72500,2,28.3031,0.030696,0.509703,0.058132,25.494158,15.871357,52,3021.87,0.029661
9.72500,3,28.3031,0.030465,0.510235,0.059814,25.720846,16.312092,53,3056.61,0.029709
9.72917,0,28.2470,0.030416,0.510359,0.060781,25.410011,16.303890,76,5065.11,0.073420
9.72917,1,28.2470,0.030417,0.510152,0.059840,25.726830,16.348133,73,5064.56,0.073365
9.72917,2,28.2470,0.030700,0.510135,0.059686,25.422424,15.990866,53,3005.42,0.029555
9.72917,3,28.2470,0.030318,0.509856,0.057685,25.551186,16.210024,52,3051.49,0.029614
9.73333,0,28.1926,0.030614,0.510230,0.060333,25.597822,16.325689,75,5064.91,0.073396
9.73333,1,28.1926,0.030537,0.509788,0.058143,25.505440,16.243820,74,5027.65,0.073329
9.73333,2,28.1926,0.030670,0.510400,0.060927,25.363834,16.143322,52,3026.14,0.029458
9.73333,3,28.1926,0.031339,0.509603,0.059756,25.425522,15.939207,52,3061.15,0.029526
9.73750,0,28.1376,0.030308,0.509958,0.058416,25.406538,16.262154,75,5026.07,0.073355
9.73750,1,28.1376,0.030820,0.509609,0.058078,25.287537,16.020576,73,5003.75,0.073278
9.73750,2,28.1376,0.030633,0.510426,0.060961,25.491795,16.183556,53,3095.94,0.029398
9.73750,3,28.1376,0.030494,0.509793,0.058867,25.552376,15.832003,51,2998.35,0.029422
9.74167,0,28.0828,0.030660,0.509692,0.058029,25.320932,16.054958,75,5037.48,0.073311
9.74167,1,28.0828,0.030547,0.509791,0.058019,25.287516,15.922695,73,5073.36,0.073253
9.74167,2,28.0828,0.030632,0.510305,0.060389,25.446545,16.192829,53,3031.66,0.029320
9.74167,3,28.0828,0.030448,0.510188,0.059716,25.466555,15.970785,52,3070.36,0.029346
9.74583,0,28.0267,0.030296,0.509755,0.057633,25.230907,15.896588,75,5049.89,0.073278
9.74583,1,28.0267,0.030596,0.510122,0.059792,25.322821,16.031340,75,5073.34,0.073239
9.74583,2,28.0267,0.030593,0.510006,0.058736,25.348398,16.138123,53,3046.52,0.029250
9.74583,3,28.0267,0.030470,0.510413,0.060729,25.336504,16.086910,52,3021.07,0.029260
9.75000,0,27.9723,0.030505,0.510074,0.059379,25.264223,15.966354,76,5109.75,0.073278
9.75000,1,27.9723,0.030474,0.510328,0.060651,25.185392,16.125313,74,5070.34,0.073234
9.75000,2,27.9723,0.030801,0.509744,0.058785,25.246824,15.926501,51,2954.38,0.029141
9.75000,3,27.9723,0.030472,0.510412,0.060764,25.395765,16.108740,53,3069.02,0.029188
9.75417,0,27.9162,0.030389,0.510310,0.060457,25.214392,16.089691,76,5078.68,0.073277
9.75417,1,27.9162,0.030516,0.510313,0.060768,25.168270,16.141180,74,5001.35,0.073201
9.75417,2,27.9162,0.030672,0.509806,0.057993,25.253191,15.796018,53,3029.58,0.029058
9.75417,3,27.9162,0.030246,0.510275,0.059812,25.293243,16.118658,51,2980.72,0.029087
9.75833,0,27.8627,0.030477,0.510367,0.060782,25.060226,16.114073,75,5040.17,0.073253
9.75833,1,27.8627,0.030376,0.510191,0.059854,25.343468,16.145988,73,5000.55,0.073155
9.75833,2,27.8627,0.030601,0.510134,0.059386,25.102943,15.851974,53,3008.55,0.028972
9.75833,3,27.8627,0.030309,0.509971,0.058250,25.188719,16.040041,52,3030.57,0.029001
9.76250,0,27.8063,0.030462,0.510281,0.060260,25.175425,16.134098,75,5059.34,0.073226
9.76250,1,27.8063,0.030583,0.509934,0.058654,25.216127,16.089388,73,5002.70,0.073107
9.76250,2,27.8063,0.030636,0.510385,0.060760,25.071074,15.958224,53,2973.71,0.028874
9.76250,3,27.8063,0.030631,0.509769,0.057969,25.191448,15.846813,52,3010.63,0.028911
9.76667,0,27.7520,0.030255,0.510053,0.058771,25.072886,16.103851,76,5078.63,0.073207
9.76667,1,27.7520,0.030419,0.509759,0.057698,24.899645,15.914575,74,5063.28,0.073087
9.76667,2,27.7520,0.030503,0.510435,0.060771,25.057901,15.986318,53,2978.75,0.028776
9.76667,3,27.7520,0.030433,0.509906,0.059266,25.051933,15.738448,52,2981.86,0.028809
9.77083,0,27.6957,0.030357,0.509836,0.057756,24.874596,15.928472,76,5059.09,0.073187
9.77083,1,27.6957,0.030553,0.509868,0.058282,25.017960,15.808983,73,5013.98,0.073056
9.77083,2,27.6957,0.030571,0.510333,0.060369,25.044935,15.999640,54,3008.30,0.028692
9.77083,3,27.6957,0.030407,0.510202,0.059595,25.111355,15.810626,52,2988.36,0.028712
9.77500,0,27.6418,0.030414,0.509862,0.057893,25.031042,15.792706,76,5009.43,0.073142
9.77500,1,27.6418,0.030396,0.510131,0.059519,25.028015,15.863434,72,4988.81,0.073006
9.77500,2,27.6418,0.030499,0.510105,0.058925,24.998569,15.962176,52,2941.86,0.028586
9.77500,3,27.6418,0.030269,0.510387,0.060370,25.030420,15.900082,52,3013.03,0.028625
9.77917,0,27.5858,0.030430,0.510092,0.059307,24.912874,15.812142,75,5056.23,0.073107
9.77917,1,27.5858,0.030433,0.510314,0.060494,24.856869,15.935534,73,5053.55,0.072981
9.77917,2,27.5858,0.030554,0.509888,0.057893,24.864866,15.815086,51,2952.37,0.028482
9.77917,3,27.5858,0.030300,0.510411,0.060491,24.903053,15.925418,52,2986.50,0.028533
9.78333,0,27.5304,0.030507,0.510304,0.060441,24.894726,15.900053,77,5028.60,0.073068
9.78333,1,27.5304,0.030380,0.510319,0.060485,24.792936,15.969150,74,5030.64,0.072954
9.78333,2,27.5304,0.030500,0.509923,0.057975,24.906441,15.684893,53,2974.34,0.028390
9.78333,3,27.5304,0.030312,0.510288,0.059869,24.942991,15.948912,53,3046.21,0.028469
9.78750,0,27.4752,0.030264,0.510359,0.060462,24.716791,15.941097,76,4999.11,0.073015
9.78750,1,27.4752,0.030335,0.510224,0.059875,24.902794,15.981210,73,5046.59,0.072930
9.78750,2,27.4752,0.030573,0.510159,0.059451,24.779594,15.690647,53,2984.32,0.028316
9.78750,3,27.4752,0.030283,0.510073,0.058500,24.845358,15.872850,52,2965.70,0.028384
9.79167,0,27.4193,0.030354,0.510301,0.060100,24.813002,15.958195,76,5042.16,0.072978
9.79167,1,27.4193,0.030499,0.509995,0.058888,24.777634,15.913936,74,5075.32,0.072923
9.79167,2,27.4193,0.030592,0.510372,0.060576,24.717884,15.770426,51,2897.32,0.028207
9.79167,3,27.4193,0.030377,0.509901,0.058830,24.813402,15.704730,52,3000.50,0.028302
9.79583,0,27.3639,0.030353,0.510104,0.059065,24.712488,15.909959,76,5044.76,0.072954
9.79583,1,27.3639,0.030516,0.509844,0.058004,24.568399,15.759567,74,5027.19,0.072902
9.79583,2,27.3639,0.030402,0.510430,0.060547,24.739059,15.825592,53,2967.21,0.028121
9.79583,3,27.3639,0.030284,0.509978,0.058713,24.664604,15.591924,51,2952.49,0.028207
9.80000,0,27.3089,0.030431,0.509911,0.058152,24.633875,15.758170,77,5061.79,0.072939
9.80000,1,27.3089,0.030559,0.509938,0.058622,24.642094,15.674634,73,5004.91,0.072868
9.80000,2,27.3089,0.030468,0.510357,0.060155,24.702641,15.843729,54,2991.72,0.028054
9.80000,3,27.3089,0.030345,0.510236,0.059521,24.854979,15.644359,52,2943.34,0.028109
9.80417,0,27.2528,0.030472,0.509936,0.058373,24.573446,15.651930,76,5067.18,0.072927
9.80417,1,27.2528,0.030277,0.510165,0.059470,24.465345,15.698367,74,5038.14,0.072846
9.80417,2,27.2528,0.030550,0.510162,0.059176,24.611059,15.788390,52,2945.63,0.027973
9.80417,3,27.2528,0.030261,0.510387,0.060259,24.648394,15.734254,53,3033.89,0.028051
9.80833,0,27.1969,0.030414,0.510127,0.059427,24.505617,15.672132,77,5065.65,0.072918
9.80833,1,27.1969,0.030534,0.510330,0.060490,24.674564,15.772576,74,4946.35,0.072789
9.80833,2,27.1969,0.030451,0.509982,0.058262,24.504589,15.637421,51,2906.09,0.027879
9.80833,3,27.1969,0.030357,0.510408,0.060449,24.619558,15.760930,52,2948.75,0.027967
9.81250,0,27.1421,0.030393,0.510314,0.060297,24.409086,15.722841,76,4973.97,0.072861
9.81250,1,27.1421,0.030359,0.510361,0.060383,24.451191,15.804326,73,5039.47,0.072754
9.81250,2,27.1421,0.030499,0.510004,0.058429,24.502439,15.530289,53,2970.51,0.027809
9.81250,3,27.1421,0.030350,0.510307,0.059838,24.555084,15.758033,52,2953.11,0.027883
9.81667,0,27.0857,0.030430,0.510401,0.060469,24.374025,15.771943,77,5042.41,0.072824
9.81667,1,27.0857,0.030215,0.510228,0.059720,24.520428,15.785017,74,4987.64,0.072707
9.81667,2,27.0857,0.030477,0.510227,0.059476,24.462528,15.548688,52,2922.12,0.027726
9.81667,3,27.0857,0.030295,0.510119,0.058685,24.510410,15.682713,52,3006.10,0.027823
9.82083,0,27.0302,0.030290,0.510317,0.059961,24.462000,15.779805,77,5019.92,0.072782
9.82083,1,27.0302,0.030446,0.510038,0.058885,24.481779,15.710737,75,5098.85,0.072706
9.82083,2,27.0302,0.030611,0.510407,0.060503,24.370417,15.612330,51,2868.28,0.027621
9.82083,3,27.0302,0.030178,0.509991,0.057942,24.459053,15.543989,51,2947.13,0.027741
9.82500,0,26.9738,0.030369,0.510132,0.059153,24.366970,15.703458,76,5091.78,0.072779
9.82500,1,26.9738,0.030348,0.509948,0.058291,24.241201,15.586958,73,4987.81,0.072678
9.82500,2,26.9738,0.030456,0.510425,0.060470,24.368958,15.646633,53,2963.61,0.027552
9.82500,3,26.9738,0.030283,0.510097,0.059034,24.454872,15.462432,51,2909.38,0.027643
9.82917,0,26.9190,0.030416,0.509983,0.058539,24.275400,15.576610,76,5047.15,0.072766
9.82917,1,26.9190,0.030459,0.510021,0.058888,24.279680,15.527062,74,5045.64,0.072666
9.82917,2,26.9190,0.030472,0.510356,0.060022,24.348223,15.651913,53,2950.60,0.027487
9.82917,3,26.9190,0.030283,0.510285,0.059590,24.314690,15.509772,52,2949.88,0.027563
9.83333,0,26.8620,0.030258,0.510010,0.058513,24.140411,15.503964,78,5039.53,0.072747
9.83333,1,26.8620,0.030367,0.510198,0.059656,24.374399,15.549202,74,5023.53,0.072648
9.83333,2,26.8620,0.030483,0.510202,0.059140,24.245127,15.596895,52,2924.38,0.027416
9.83333,3,26.8620,0.030410,0.510393,0.060350,24.288935,15.557584,53,2976.44,0.027501
9.83750,0,26.8068,0.030306,0.510211,0.059502,24.173384,15.521102,76,5021.92,0.072719
9.83750,1,26.8068,0.030354,0.510318,0.060291,24.076998,15.585416,74,5000.42,0.072617
9.83750,2,26.8068,0.030420,0.510060,0.058477,24.345171,15.466378,52,2901.58,0.027338
9.83750,3,26.8068,0.030207,0.510415,0.060138,24.233408,15.565075,51,2910.19,0.027417
9.84167,0,26.7505,0.030490,0.510353,0.060322,24.121424,15.561617,77,5034.93,0.072692
9.84167,1,26.7505,0.030358,0.510329,0.060234,24.173763,15.601808,73,5034.05,0.072596
9.84167,2,26.7505,0.030309,0.510112,0.058622,24.104548,15.377657,51,2881.49,0.027248
9.84167,3,26.7505,0.030211,0.510321,0.059594,24.261051,15.555719,51,2939.58,0.027337
9.84583,0,26.6946,0.030463,0.510383,0.060379,24.164953,15.583864,77,5093.66,0.072693
9.84583,1,26.6946,0.030366,0.510241,0.059727,24.096922,15.589931,73,5040.80,0.072588
9.84583,2,26.6946,0.030324,0.510284,0.059495,24.116354,15.407971,52,2910.26,0.027169
9.84583,3,26.6946,0.030200,0.510177,0.058666,24.220207,15.485847,52,2907.84,0.027250
9.85000,0,26.6382,0.030127,0.510292,0.059716,24.060598,15.569401,77,4997.38,0.072663
9.85000,1,26.6382,0.030274,0.510114,0.058850,24.034767,15.539481,74,4992.44,0.072557
9.85000,2,26.6382,0.030556,0.510412,0.060393,23.971453,15.456135,54,2913.48,0.027096
9.85000,3,26.6382,0.030231,0.510097,0.058322,24.102308,15.374487,50,2893.30,0.027157
9.85417,0,26.5835,0.030262,0.510144,0.059140,24.038498,15.504979,78,5029.82,0.072633
9.85417,1,26.5835,0.030367,0.510027,0.058632,23.978973,15.425651,73,4951.58,0.072500
9.85417,2,26.5835,0.030497,0.510429,0.060426,24.030642,15.469701,53,2891.31,0.027015
9.85417,3,26.5835,0.030237,0.510148,0.058866,24.098003,15.321760,52,2923.03,0.027077
9.85833,0,26.5263,0.030361,0.510075,0.058695,23.833431,15.406221,76,5002.48,0.072586
9.85833,1,26.5263,0.030433,0.510089,0.059211,23.919956,15.356004,75,5077.16,0.072489
9.85833,2,26.5263,0.030340,0.510351,0.059818,23.982077,15.449625,53,2906.23,0.026943
9.85833,3,26.5263,0.030227,0.510312,0.059679,23.930809,15.340907,51,2899.69,0.026994
9.86250,0,26.4703,0.030085,0.510150,0.058720,23.930918,15.357133,77,5051.34,0.072565
9.86250,1,26.4703,0.030263,0.510232,0.059684,23.812210,15.373734,74,4972.64,0.072452
9.86250,2,26.4703,0.030257,0.510220,0.058934,23.890545,15.384879,53,2916.31,0.026879
9.86250,3,26.4703,0.030268,0.510419,0.060170,24.014315,15.382067,52,2918.09,0.026924
9.86667,0,26.4142,0.030490,0.510264,0.059851,23.847631,15.371255,78,5088.75,0.072565
9.86667,1,26.4142,0.030414,0.510334,0.060249,23.719893,15.411234,74,5000.05,0.072422
9.86667,2,26.4142,0.030477,0.510142,0.058775,23.808092,15.285769,52,2858.51,0.026796
9.86667,3,26.4142,0.030202,0.510424,0.059973,23.847113,15.399204,53,2979.59,0.026882
9.87083,0,26.3570,0.030323,0.510335,0.060164,23.730541,15.375113,77,5041.95,0.072552
9.87083,1,26.3570,0.030280,0.510346,0.060052,23.770369,15.432843,74,4972.93,0.072382
9.87083,2,26.3570,0.030377,0.510195,0.059057,23.810305,15.228414,52,2872.79,0.026722
9.87083,3,26.3570,0.030213,0.510345,0.059472,23.910273,15.362320,52,2916.87,0.026825
9.87500,0,26.3017,0.030291,0.510351,0.060133,23.764097,15.371153,76,5030.07,0.072526
9.87500,1,26.3017,0.030360,0.510250,0.059591,23.721844,15.401173,74,5011.23,0.072355
9.87500,2,26.3017,0.030403,0.510327,0.059812,23.739227,15.249045,54,2935.49,0.026677
9.87500,3,26.3017,0.030110,0.510213,0.058666,23.884497,15.279387,51,2856.31,0.026742
9.87917,0,26.2442,0.030339,0.510288,0.059721,23.690931,15.372251,77,5051.81,0.072508
9.87917,1,26.2442,0.030285,0.510090,0.058975,23.700069,15.318378,75,5102.31,0.072375
9.87917,2,26.2442,0.030345,0.510443,0.060125,23.793951,15.274421,52,2830.83,0.026593
9.87917,3,26.2442,0.030186,0.510155,0.058607,23.642706,15.194779,52,2884.44,0.026659
9.88333,0,26.1883,0.030224,0.510183,0.059039,23.646317,15.329250,77,4952.29,0.072458
9.88333,1,26.1883,0.030355,0.510056,0.058940,23.674881,15.223086,75,5037.03,0.072375
9.88333,2,26.1883,0.030474,0.510446,0.060230,23.656637,15.280954,52,2874.76,0.026516
9.88333,3,26.1883,0.030283,0.510238,0.059216,23.565010,15.170937,52,2887.17,0.026580
9.88750,0,26.1328,0.030311,0.510146,0.058904,23.452467,15.227720,77,5051.88,0.072440
9.88750,1,26.1328,0.030387,0.510167,0.059352,23.406221,15.201888,76,5070.24,0.072386
9.88750,2,26.1328,0.030164,0.510365,0.059458,23.588289,15.249918,52,2867.94,0.026442
9.88750,3,26.1328,0.030219,0.510364,0.059775,23.709860,15.183315,52,2915.06,0.026518
9.89167,0,26.0743,0.030400,0.510202,0.059305,23.621008,15.170098,76,4985.46,0.072407
9.89167,1,26.0743,0.030339,0.510295,0.059904,23.530809,15.229746,75,4919.54,0.072331
9.89167,2,26.0743,0.030305,0.510260,0.059030,23.584757,15.187184,52,2855.73,0.026369
9.89167,3,26.0743,0.030270,0.510439,0.060115,23.598368,15.200893,52,2918.05,0.026464
9.89583,0,26.0208,0.030250,0.510297,0.059765,23.527189,15.186739,77,5060.09,0.072391
9.89583,1,26.0208,0.030266,0.510357,0.060074,23.479065,15.234635,75,4939.71,0.072265
9.89583,2,26.0208,0.030388,0.510210,0.058998,23.416698,15.103529,52,2855.96,0.026299
9.89583,3,26.0208,0.030132,0.510420,0.059759,23.514690,15.198049,52,2848.26,0.026384
9.90000,0,25.9612,0.030198,0.510341,0.060021,23.348969,15.208817,78,5079.90,0.072387
9.90000,1,25.9612,0.030434,0.510327,0.060004,23.418520,15.222421,75,5058.24,0.072255
9.90000,2,25.9612,0.030376,0.510280,0.059369,23.419519,15.057231,51,2815.87,0.026211
9.90000,3,25.9612,0.030090,0.510324,0.059237,23.494602,15.162888,53,2887.06,0.026311
9.90417,0,25.9065,0.030251,0.510340,0.059947,23.425894,15.197659,77,5008.44,0.072363
9.90417,1,25.9065,0.030237,0.510241,0.059342,23.270884,15.184955,74,4919.32,0.072198
9.90417,2,25.9065,0.030399,0.510380,0.059944,23.458038,15.080757,51,2806.10,0.026116
9.90417,3,25.9065,0.030181,0.510255,0.058844,23.400366,15.088593,52,2883.65,0.026238
9.90833,0,25.8500,0.030242,0.510300,0.059511,23.371357,15.173328,77,5062.38,0.072349
9.90833,1,25.8500,0.030468,0.510143,0.059245,23.342146,15.114838,74,5041.38,0.072183
9.90833,2,25.8500,0.030274,0.510439,0.060009,23.301594,15.099445,52,2841.99,0.026037
9.90833,3,25.8500,0.030160,0.510261,0.058908,23.380606,15.019870,51,2813.02,0.026140
9.91250,0,25.7923,0.030059,0.510216,0.058890,23.229141,15.107987,78,5056.66,0.072342
9.91250,1,25.7923,0.030254,0.510143,0.059111,23.142271,15.049905,75,5035.46,0.072183
9.91250,2,25.7923,0.030284,0.510437,0.059905,23.369156,15.091340,53,2867.96,0.025974
9.91250,3,25.7923,0.030260,0.510322,0.059442,23.346571,14.997796,52,2867.11,0.026062
9.91667,0,25.7367,0.030178,0.510211,0.058984,23.352549,15.034906,76,4998.70,0.072315
9.91667,1,25.7367,0.030337,0.510251,0.059556,23.229298,15.041379,76,5061.15,0.072194
9.91667,2,25.7367,0.030332,0.510367,0.059530,23.290747,15.045547,52,2857.16,0.025915
9.91667,3,25.7367,0.030180,0.510394,0.059797,23.292238,15.012096,52,2885.28,0.026003
9.92083,0,25.6787,0.030291,0.510258,0.059510,23.111897,15.004641,78,5005.97,0.072288
9.92083,1,25.6787,0.030217,0.510348,0.059867,23.115555,15.050949,74,4984.01,0.072174
9.92083,2,25.6787,0.030266,0.510298,0.059066,23.176132,14.977117,52,2813.41,0.025843
9.92083,3,25.6787,0.030190,0.510446,0.059924,23.289410,15.019113,52,2850.79,0.025934
9.92500,0,25.6233,0.030137,0.510336,0.059737,23.026579,15.003045,77,5018.42,0.072261
9.92500,1,25.6233,0.030289,0.510374,0.060025,23.199860,15.049894,74,5007.91,0.072154
9.92500,2,25.6233,0.030225,0.510301,0.059028,23.308353,14.931654,52,2783.63,0.025754
9.92500,3,25.6233,0.030113,0.510421,0.059618,23.078894,15.000240,53,2867.87,0.025868
9.92917,0,25.5654,0.030245,0.510379,0.060019,23.122669,15.016295,77,5015.49,0.072235
9.92917,1,25.5654,0.030351,0.510286,0.059743,23.054037,15.032883,76,5065.42,0.072159
9.92917,2,25.5654,0.030332,0.510338,0.059530,23.013155,14.907257,54,2861.08,0.025696
9.92917,3,25.5654,0.030136,0.510350,0.059205,23.238314,14.952270,52,2857.97,0.025805
9.93333,0,25.5089,0.030215,0.510379,0.059751,23.067368,15.016607,77,5049.47,0.072229
9.93333,1,25.5089,0.030166,0.510209,0.059204,22.946922,14.965323,76,5026.28,0.072159
9.93333,2,25.5089,0.030329,0.510420,0.059949,23.072302,14.905109,52,2853.27,0.025648
9.93333,3,25.5089,0.030081,0.510300,0.058868,23.010662,14.890115,52,2810.69,0.025727
9.93750,0,25.4514,0.030170,0.510304,0.059331,22.917080,14.969561,77,4996.80,0.072206
9.93750,1,25.4514,0.030260,0.510212,0.059174,23.003145,14.901662,75,4985.07,0.072135
9.93750,2,25.4514,0.030296,0.510472,0.060024,22.927702,14.902167,52,2780.68,0.025570
9.93750,3,25.4514,0.030113,0.510315,0.059119,23.070997,14.842154,52,2837.31,0.025652
9.94167,0,25.3958,0.030167,0.510247,0.059132,22.837099,14.896708,78,5103.49,0.072222
9.94167,1,25.3958,0.030153,0.510243,0.059232,22.861565,14.884130,75,4979.38,0.072107
9.94167,2,25.3958,0.030236,0.510450,0.059716,22.960947,14.879863,52,2802.85,0.025493
9.94167,3,25.3958,0.030134,0.510370,0.059539,22.926054,14.827415,52,2838.68,0.025581
9.94583,0,25.3372,0.030134,0.510266,0.059222,22.838127,14.844633,77,5039.36,0.072220
9.94583,1,25.3372,0.030284,0.510304,0.059744,22.953302,14.875019,75,4987.14,0.072081
9.94583,2,25.3372,0.030209,0.510383,0.059270,22.800879,14.831699,52,2804.71,0.025420
9.94583,3,25.3372,0.030181,0.510444,0.059817,22.897253,14.822536,51,2757.24,0.025478
9.95000,0,25.2824,0.030183,0.510331,0.059580,22.863401,14.838939,78,5064.13,0.072222
9.95000,1,25.2824,0.030109,0.510353,0.059742,22.742046,14.869848,76,5000.30,0.072063
9.95000,2,25.2824,0.030303,0.510335,0.059212,22.877731,14.788588,51,2781.98,0.025335
9.95000,3,25.2824,0.030056,0.510462,0.059706,22.926323,14.831230,52,2845.03,0.025404
9.95417,0,25.2235,0.030258,0.510380,0.059876,22.785297,14.844726,77,5025.81,0.072210
9.95417,1,25.2235,0.030242,0.510355,0.059841,22.691441,14.849315,75,5005.05,0.072048
9.95417,2,25.2235,0.030357,0.510338,0.059443,22.752041,14.750302,53,2829.69,0.025273
9.95417,3,25.2235,0.030093,0.510412,0.059448,22.757980,14.808801,53,2852.55,0.025350
9.95833,0,25.1678,0.030200,0.510392,0.059862,22.693193,14.827107,77,5046.06,0.072201
9.95833,1,25.1678,0.030196,0.510314,0.059530,22.785990,14.813834,74,4920.34,0.071998
9.95833,2,25.1678,0.030292,0.510396,0.059732,22.744677,14.723435,52,2805.76,0.025214
9.95833,3,25.1678,0.030196,0.510367,0.059257,22.759222,14.749344,52,2799.78,0.025281
9.96250,0,25.1096,0.030090,0.510359,0.059484,22.728266,14.798555,77,4973.88,0.072155
9.96250,1,25.1096,0.030270,0.510230,0.059306,22.668467,14.771710,76,5069.52,0.071997
9.96250,2,25.1096,0.030209,0.510469,0.059844,22.671394,14.716963,53,2780.39,0.025144
9.96250,3,25.1096,0.030031,0.510335,0.059043,22.713707,14.692924,53,2841.95,0.025225
9.96667,0,25.0527,0.030149,0.510312,0.059288,22.524996,14.745735,78,5000.06,0.072117
9.96667,1,25.0527,0.030226,0.510234,0.059289,22.492229,14.717361,76,4997.79,0.071981
9.96667,2,25.0527,0.030179,0.510509,0.059748,22.610126,14.712040,53,2824.93,0.025095
9.96667,3,25.0527,0.030107,0.510374,0.059288,22.731680,14.644160,52,2805.94,0.025163
9.97083,0,24.9955,0.030120,0.510300,0.059217,22.559092,14.697857,77,5007.17,0.072085
9.97083,1,24.9955,0.030135,0.510309,0.059445,22.520309,14.684513,75,4930.94,0.071930
9.97083,2,24.9955,0.030166,0.510471,0.059506,22.621498,14.686291,52,2742.84,0.025016
9.97083,3,24.9955,0.030151,0.510451,0.059646,22.565840,14.639585,51,2740.59,0.025067
9.97500,0,24.9391,0.030352,0.510323,0.059637,22.645344,14.667729,78,5086.06,0.072084
9.97500,1,24.9391,0.030331,0.510378,0.059874,22.498226,14.684564,75,5000.34,0.071906
9.97500,2,24.9391,0.030039,0.510390,0.059155,22.610083,14.632667,51,2770.99,0.024935
9.97500,3,24.9391,0.030028,0.510484,0.059647,22.622252,14.653509,52,2783.49,0.024980
9.97917,0,24.8807,0.030135,0.510352,0.059684,22.535995,14.663058,78,5047.18,0.072080
9.97917,1,24.8807,0.030095,0.510377,0.059738,22.397125,14.681638,75,5063.13,0.071920
9.97917,2,24.8807,0.030182,0.510333,0.059248,22.415894,14.584244,52,2793.37,0.024867
9.97917,3,24.8807,0.029991,0.510456,0.059482,22.538248,14.642566,53,2825.94,0.024921
9.98333,0,24.8241,0.030200,0.510388,0.059814,22.311340,14.647053,77,5012.86,0.072067
9.98333,1,24.8241,0.030193,0.510338,0.059681,22.354935,14.656185,76,5067.96,0.071947
9.98333,2,24.8241,0.030412,0.510392,0.059721,22.411938,14.554959,52,2768.15,0.024799
9.98333,3,24.8241,0.030112,0.510400,0.059442,22.448088,14.590195,52,2813.86,0.024867
9.98750,0,24.7659,0.030208,0.510392,0.059761,22.359171,14.619196,77,5022.66,0.072059
9.98750,1,24.7659,0.030169,0.510314,0.059396,22.415916,14.612238,76,5009.67,0.071952
9.98750,2,24.7659,0.030251,0.510490,0.059777,22.429131,14.546668,53,2753.65,0.024727
9.98750,3,24.7659,0.030120,0.510376,0.059242,22.416994,14.526264,51,2782.19,0.024801
9.99167,0,24.7094,0.030173,0.510354,0.059482,22.209276,14.588883,79,5019.49,0.072048
9.99167,1,24.7094,0.030247,0.510288,0.059451,22.256712,14.564849,75,4979.90,0.071934
9.99167,2,24.7094,0.030117,0.510528,0.059742,22.365936,14.538116,51,2679.63,0.024623
9.99167,3,24.7094,0.029955,0.510403,0.059447,22.396364,14.479851,52,2770.82,0.024721
9.99583,0,24.6520,0.030152,0.510327,0.059325,22.445385,14.544583,78,5017.52,0.072031
9.99583,1,24.6520,0.030269,0.510335,0.059460,22.237377,14.522153,74,4960.54,0.071899
9.99583,2,24.6520,0.030084,0.510490,0.059528,22.274408,14.521385,53,2760.84,0.024543
9.99583,3,24.6520,0.030091,0.510464,0.059432,22.284222,14.472898,51,2762.84,0.024639
10.00000,0,24.5952,0.030089,0.510339,0.059336,22.131433,14.498248,77,5046.41,0.072022
10.00000,1,24.5952,0.030105,0.510372,0.059518,22.135332,14.513029,75,4981.52,0.071870
10.00000,2,24.5952,0.030198,0.510430,0.059448,22.261362,14.478622,52,2745.66,0.024468
10.00000,3,24.5952,0.030118,0.510491,0.059677,22.308725,14.472485,51,2748.96,0.024553
10.00417,0,24.5371,0.030172,0.510345,0.059576,22.213741,14.480126,79,5094.75,0.072038
10.00417,1,24.5371,0.030292,0.510384,0.059883,22.069780,14.495917,74,4928.19,0.071826
10.00417,2,24.5371,0.030182,0.510392,0.059347,22.081324,14.414781,54,2806.40,0.024422
10.00417,3,24.5371,0.030067,0.510465,0.059651,22.224491,14.455927,52,2798.49,0.024496
10.00833,0,24.4797,0.030032,0.510389,0.059586,21.972355,14.462921,78,4995.98,0.072014
10.00833,1,24.4797,0.030107,0.510359,0.059657,22.102959,14.466438,76,5067.16,0.071833
10.00833,2,24.4797,0.030156,0.510421,0.059390,22.192348,14.377723,53,2757.29,0.024370
10.00833,3,24.4797,0.029987,0.510419,0.059433,22.289019,14.433875,54,2823.87,0.024461
10.01250,0,24.4209,0.030080,0.510414,0.059705,22.168159,14.440869,78,4993.72,0.071984
10.01250,1,24.4209,0.030293,0.510340,0.059683,22.011089,14.434407,75,4968.29,0.071812
10.01250,2,24.4209,0.030114,0.510481,0.059533,22.027700,14.366001,52,2702.42,0.024297
10.01250,3,24.4209,0.030009,0.510416,0.059276,22.020924,14.374591,53,2769.52,0.024406
10.01667,0,24.3650,0.030026,0.510408,0.059459,21.993067,14.413259,78,4971.43,0.071938
10.01667,1,24.3650,0.030089,0.510344,0.059293,21.968246,14.407485,75,5021.93,0.071802
10.01667,2,24.3650,0.030125,0.510504,0.059701,22.023907,14.366054,52,2724.46,0.024226
10.01667,3,24.3650,0.030015,0.510445,0.059216,22.140266,14.335687,53,2794.60,0.024357
10.02083,0,24.3057,0.030005,0.510360,0.059308,21.965521,14.388646,78,5087.71,0.071943
10.02083,1,24.3057,0.030131,0.510338,0.059349,21.987362,14.376882,76,5035.34,0.071810
10.02083,2,24.3057,0.030105,0.510506,0.059636,21.975220,14.351146,53,2748.02,0.024169
10.02083,3,24.3057,0.030005,0.510474,0.059335,22.039053,14.302474,53,2759.93,0.024297
10.02500,0,24.2483,0.030074,0.510344,0.059353,21.757280,14.341884,78,4962.93,0.071913
10.02500,1,24.2483,0.030123,0.510359,0.059500,21.841900,14.338292,76,4948.62,0.071779
10.02500,2,24.2483,0.030147,0.510497,0.059587,21.858131,14.310072,53,2761.22,0.024123
10.02500,3,24.2483,0.030042,0.510505,0.059516,21.857931,14.286633,52,2741.29,0.024230
10.02917,0,24.1917,0.030221,0.510360,0.059621,21.957037,14.294571,78,5036.35,0.071897
10.02917,1,24.1917,0.030186,0.510391,0.059715,21.845297,14.302394,76,5019.17,0.071769
10.02917,2,24.1917,0.030170,0.510472,0.059458,21.875174,14.259965,53,2706.18,0.024056
10.02917,3,24.1917,0.030073,0.510487,0.059632,21.846746,14.271060,52,2740.93,0.024158
10.03333,0,24.1319,0.029982,0.510399,0.059501,21.762228,14.271148,78,5009.57,0.071879
10.03333,1,24.1319,0.030229,0.510402,0.059766,21.756138,14.281750,76,5014.29,0.071764
10.03333,2,24.1319,0.029928,0.510476,0.059156,21.775240,14.218542,53,2734.77,0.023995
10.03333,3,24.1319,0.030003,0.510462,0.059525,21.892174,14.249358,53,2736.43,0.024085
10.03750,0,24.0763,0.030065,0.510411,0.059616,21.694763,14.267300,79,5072.51,0.071889
10.03750,1,24.0763,0.030071,0.510389,0.059535,21.733305,14.268810,76,5046.64,0.071780
10.03750,2,24.0763,0.029998,0.510504,0.059371,21.769466,14.201090,53,2693.19,0.023920
10.03750,3,24.0763,0.029958,0.510463,0.059341,21.824343,14.212297,52,2717.60,0.024004
10.04167,0,24.0162,0.030107,0.510418,0.059640,21.609375,14.240438,78,5004.40,0.071882
10.04167,1,24.0162,0.030037,0.510385,0.059410,21.566509,14.249352,76,4971.76,0.071767
10.04167,2,24.0162,0.030059,0.510533,0.059605,21.764624,14.177423,52,2680.26,0.023833
10.04167,3,24.0162,0.029918,0.510492,0.059219,21.706703,14.173397,52,2700.17,0.023913
10.04583,0,23.9618,0.030061,0.510419,0.059506,21.707588,14.216936,78,5055.04,0.071887
10.04583,1,23.9618,0.030094,0.510344,0.059386,21.702965,14.198307,76,5008.27,0.071762
10.04583,2,23.9618,0.030159,0.510525,0.059712,21.596825,14.158601,52,2699.87,0.023753
10.04583,3,23.9618,0.029979,0.510507,0.059310,21.716122,14.141107,53,2735.47,0.023837
10.05000,0,23.9007,0.029955,0.510386,0.059263,21.482588,14.173511,78,4988.87,0.071868
10.05000,1,23.9007,0.030162,0.510360,0.059503,21.584534,14.144073,75,4996.38,0.071750
10.05000,2,23.9007,0.030090,0.510501,0.059580,21.636978,14.126883,53,2706.84,0.023682
10.05000,3,23.9007,0.029977,0.510512,0.059398,21.713381,14.098325,53,2728.64,0.023768
10.05417,0,23.8459,0.030090,0.510385,0.059447,21.416683,14.121613,79,5040.16,0.071862
10.05417,1,23.8459,0.030018,0.510379,0.059456,21.565510,14.130564,77,5045.58,0.071761
10.05417,2,23.8459,0.029988,0.510500,0.059327,21.555429,14.094198,53,2703.14,0.023616
10.05417,3,23.8459,0.030620,0.510519,0.060612,21.569166,14.073557,53,2738.58,0.023707
10.05833,0,23.7845,0.030072,0.510414,0.059581,21.541864,14.098307,78,5069.33,0.071878
10.05833,1,23.7845,0.030084,0.510414,0.059619,21.482092,14.111974,76,4989.93,0.071758
10.05833,2,23.7845,0.029958,0.510520,0.059265,21.517282,14.063174,53,2694.67,0.023551
10.05833,3,23.7845,0.030608,0.510521,0.060620,21.536793,14.063561,53,2718.71,0.023643
10.06250,0,23.7294,0.030019,0.510449,0.059608,21.393492,14.083951,79,4970.87,0.071856
10.06250,1,23.7294,0.030099,0.510441,0.059627,21.417305,14.089606,76,4957.74,0.071729
10.06250,2,23.7294,0.030096,0.510528,0.059508,21.420923,14.026705,53,2682.79,0.023483
10.06250,3,23.7294,0.029923,0.510522,0.059718,21.505346,14.047669,52,2685.93,0.023565
10.06667,0,23.6700,0.030182,0.510456,0.059796,21.448799,14.067690,77,5005.81,0.071830
10.06667,1,23.6700,0.030119,0.510415,0.059556,21.324369,14.070155,76,4965.66,0.071695
10.06667,2,23.6700,0.030133,0.510542,0.059617,21.333649,13.991903,53,2685.45,0.023413
10.06667,3,23.6700,0.029930,0.510509,0.059282,21.497820,14.008612,52,2693.94,0.023487
10.07083,0,23.6128,0.029967,0.510423,0.059468,21.230036,14.035792,78,5007.58,0.071804
10.07083,1,23.6128,0.029893,0.510388,0.059262,21.303417,14.026223,76,4955.09,0.071654
10.07083,2,23.6128,0.029973,0.510579,0.059506,21.453650,13.990697,54,2714.46,0.023358
10.07083,3,23.6128,0.029980,0.510510,0.059337,21.367617,13.962874,52,2717.57,0.023424
10.07500,0,23.5541,0.030069,0.510398,0.059482,21.297564,13.990102,78,5005.89,0.071776
10.07500,1,23.5541,0.030111,0.510388,0.059461,21.130669,13.977920,77,5037.90,0.071650
10.07500,2,23.5541,0.030041,0.510646,0.059567,21.243715,13.996332,54,2737.62,0.023322
10.07500,3,23.5541,0.030015,0.510525,0.059438,21.309256,13.935770,52,2684.59,0.023359
10.07917,0,23.4953,0.030055,0.510403,0.059484,21.187569,13.946108,79,5072.36,0.071784
10.07917,1,23.4953,0.030123,0.510401,0.059564,21.211365,13.948405,76,4989.27,0.071642
10.07917,2,23.4953,0.029913,0.510706,0.059342,21.223536,14.014952,55,2681.17,0.023267
10.07917,3,23.4953,0.030030,0.510510,0.059568,21.220692,13.906649,53,2705.86,0.023301
10.08333,0,23.4373,0.030180,0.510430,0.059661,21.188976,13.921152,79,4982.06,0.071764
10.08333,1,23.4373,0.030072,0.510428,0.059589,21.185179,13.930182,76,4967.91,0.071619
10.08333,2,23.4373,0.029682,0.510716,0.059067,21.283560,14.023215,56,2650.28,0.023195
10.08333,3,23.4373,0.029947,0.510512,0.059506,21.309719,13.884001,54,2739.71,0.023258
10.08750,0,23.3795,0.029997,0.510449,0.059554,21.165541,13.903545,79,5079.43,0.071774
10.08750,1,23.3795,0.030153,0.510450,0.059710,21.035769,13.914921,75,4980.65,0.071603
10.08750,2,23.3795,0.029770,0.510699,0.059155,21.065710,13.982867,58,2729.58,0.023156
10.08750,3,23.3795,0.029851,0.510549,0.059342,21.251396,13.858687,52,2614.86,0.023173
10.09167,0,23.3200,0.029961,0.510474,0.059574,21.124310,13.883337,78,4988.61,0.071755
10.09167,1,23.3200,0.029933,0.510422,0.059400,21.010859,13.881369,76,4992.65,0.071590
10.09167,2,23.3200,0.030038,0.510721,0.059552,21.017193,13.920659,58,2711.58,0.023114
10.09167,3,23.3200,0.029952,0.510560,0.059385,21.114765,13.822699,52,2660.90,0.023096
10.09583,0,23.2633,0.029865,0.510459,0.059395,20.951157,13.851877,78,5004.57,0.071733
10.09583,1,23.2633,0.030201,0.510405,0.059640,20.949238,13.840622,77,5003.45,0.071583
10.09583,2,23.2633,0.030414,0.510729,0.060006,20.888824,13.876380,57,2752.67,0.023091
10.09583,3,23.2633,0.030026,0.510547,0.059421,21.136574,13.784940,53,2691.82,0.023043
10.10000,0,23.2026,0.030224,0.510432,0.059702,21.103113,13.805515,78,4991.77,0.071707
10.10000,1,23.2026,0.029909,0.510417,0.059267,20.841248,13.801650,76,5044.21,0.071594
10.10000,2,23.2026,0.029819,0.510754,0.059330,21.122129,13.864995,57,2744.25,0.023073
10.10000,3,23.2026,0.029870,0.510544,0.059325,20.880846,13.740732,53,2658.64,0.022988
10.10417,0,23.1450,0.029974,0.510422,0.059435,20.809008,13.765693,79,5020.46,0.071697
10.10417,1,23.1450,0.030009,0.510416,0.059479,20.956657,13.775467,77,5062.28,0.071622
10.10417,2,23.1450,0.029920,0.510791,0.059383,20.927313,13.858301,55,2654.09,0.023017
10.10417,3,23.1450,0.029905,0.510549,0.059561,20.994804,13.723196,52,2668.30,0.022930
10.10833,0,23.0855,0.030056,0.510443,0.059517,20.811766,13.737126,78,4996.95,0.071685
10.10833,1,23.0855,0.030132,0.510436,0.059616,20.747543,13.746593,77,5042.92,0.071645
10.10833,2,23.0855,0.030021,0.510790,0.059423,20.759974,13.825814,56,2638.21,0.022941
10.10833,3,23.0855,0.029946,0.510550,0.059528,20.968184,13.703458,52,2617.52,0.022848
10.11250,0,23.0286,0.030047,0.510472,0.059626,20.862177,13.724689,78,5012.02,0.071681
10.11250,1,23.0286,0.030034,0.510449,0.059599,20.783401,13.721023,76,4975.52,0.071636
10.11250,2,23.0286,0.030172,0.510773,0.059635,20.720911,13.772974,56,2587.60,0.022835
10.11250,3,23.0286,0.029943,0.510540,0.059473,20.846811,13.690126,53,2706.96,0.022793
10.11667,0,22.9696,0.029898,0.510494,0.059490,20.641996,13.700915,78,4964.48,0.071653
10.11667,1,22.9696,0.029981,0.510455,0.059490,20.874369,13.694207,75,4914.77,0.071584
10.11667,2,22.9696,0.030041,0.510735,0.059553,20.697653,13.725261,57,2645.69,0.022752
10.11667,3,22.9696,0.029814,0.510553,0.059305,20.853561,13.652323,52,2636.08,0.022721
10.12083,0,22.9124,0.029925,0.510476,0.059489,20.787251,13.664339,78,4974.52,0.071614
10.12083,1,22.9124,0.029883,0.510441,0.059345,20.669468,13.661819,77,5044.61,0.071574
10.12083,2,22.9124,0.030034,0.510745,0.059590,20.623795,13.698359,56,2638.54,0.022674
10.12083,3,22.9124,0.029846,0.510569,0.059304,20.795710,13.601611,54,2689.77,0.022669
10.12500,0,22.8517,0.030069,0.510460,0.059570,20.669971,13.616954,78,5011.49,0.071596
10.12500,1,22.8517,0.030097,0.510446,0.059550,20.578632,13.629327,76,4997.41,0.071561
10.12500,2,22.8517,0.030059,0.510791,0.059620,20.619080,13.692822,55,2632.64,0.022601
10.12500,3,22.8517,0.029983,0.510583,0.059629,20.790749,13.566396,53,2660.27,0.022612
10.12917,0,22.7948,0.029891,0.510442,0.059413,20.510624,13.586631,78,4992.68,0.071577
10.12917,1,22.7948,0.030139,0.510457,0.059611,20.570950,13.592813,78,5056.89,0.071574
10.12917,2,22.7948,0.029977,0.510834,0.059469,20.534948,13.673361,54,2599.92,0.022518
10.12917,3,22.7948,0.030902,0.510603,0.060695,20.563974,13.538527,53,2650.91,0.022548
10.13333,0,22.7346,0.029975,0.510464,0.059442,20.529589,13.568303,78,5007.19,0.071569
10.13333,1,22.7346,0.030160,0.510445,0.059706,20.426113,13.566960,77,5047.31,0.071593
10.13333,2,22.7346,0.030022,0.510813,0.059545,20.541599,13.635165,56,2566.54,0.022419
10.13333,3,22.7346,0.033055,0.510617,0.063055,20.595602,13.512358,53,2617.46,0.022466
10.13750,0,22.6778,0.029976,0.510488,0.059577,20.469368,13.540800,79,5076.74,0.071599
10.13750,1,22.6778,0.030004,0.510459,0.059538,20.402311,13.536284,77,5046.57,0.071619
10.13750,2,22.6778,0.029822,0.510767,0.059237,20.460169,13.580793,56,2647.05,0.022349
10.13750,3,22.6778,0.034077,0.510595,0.064029,20.470100,13.486898,54,2667.55,0.022406
10.14167,0,22.6171,0.029888,0.510487,0.059431,20.405991,13.505671,79,4997.48,0.071607
10.14167,1,22.6171,0.029959,0.510470,0.059518,20.346554,13.508016,76,4963.18,0.071606
10.14167,2,22.6171,0.030029,0.510778,0.059516,20.362776,13.534107,55,2641.34,0.022293
10.14167,3,22.6171,0.029910,0.510612,0.059382,20.410320,13.451798,53,2645.95,0.022349
10.14583,0,22.5605,0.029917,0.510492,0.059516,20.375977,13.468474,79,5057.43,0.071627
10.14583,1,22.5605,0.030148,0.510478,0.059631,20.378540,13.477254,77,4979.44,0.071590
10.14583,2,22.5605,0.030007,0.510811,0.059556,20.254427,13.520107,55,2647.41,0.022246
10.14583,3,22.5605,0.029811,0.510676,0.059191,20.469086,13.439080,53,2619.95,0.022284
10.15000,0,22.4990,0.029973,0.510476,0.059489,20.352423,13.440397,78,4958.19,0.071605
10.15000,1,22.4990,0.029875,0.510479,0.059348,20.355526,13.450142,76,4961.10,0.071558
10.15000,2,22.4990,0.030003,0.510846,0.059591,20.313526,13.515968,55,2610.29,0.022186
10.15000,3,22.4990,0.029975,0.510735,0.059345,20.335365,13.457354,54,2636.71,0.022224
10.15417,0,22.4430,0.029926,0.510477,0.059455,20.238821,13.414186,79,5042.52,0.071603
10.15417,1,22.4430,0.029937,0.510467,0.059395,20.179108,13.408350,77,4999.49,0.071542
10.15417,2,22.4430,0.030012,0.510842,0.059523,20.233295,13.481815,55,2589.46,0.022115
10.15417,3,22.4430,0.029836,0.510738,0.059415,20.297386,13.455413,54,2644.20,0.022169
10.15833,0,22.3811,0.029941,0.510495,0.059425,20.264050,13.388248,78,4932.60,0.071561
10.15833,1,22.3811,0.030056,0.510476,0.059549,20.231394,13.375922,78,5058.00,0.071551
10.15833,2,22.3811,0.029926,0.510819,0.059417,20.190964,13.434457,55,2545.71,0.022023
10.15833,3,22.3811,0.029792,0.510744,0.059546,20.297300,13.409835,53,2584.75,0.022086
10.16250,0,22.3256,0.029945,0.510501,0.059526,20.189241,13.349338,79,5004.89,0.071544
10.16250,1,22.3256,0.030037,0.510485,0.059594,20.135918,13.352580,77,4954.98,0.071525
10.16250,2,22.3256,0.030044,0.510781,0.059532,20.194485,13.396292,55,2565.61,0.021932
10.16250,3,22.3256,0.029865,0.510762,0.059483,20.234621,13.353994,53,2559.38,0.021984
10.16667,0,22.2653,0.029900,0.510501,0.059423,20.117245,13.306960,79,5059.87,0.071554
10.16667,1,22.2653,0.030021,0.510507,0.059579,19.993641,13.325788,78,4987.26,0.071508
10.16667,2,22.2653,0.029978,0.510772,0.059508,20.000328,13.354739,55,2550.22,0.021833
10.16667,3,22.2653,0.029895,0.510762,0.059417,20.087893,13.320271,53,2617.01,0.021903
10.17083,0,22.2073,0.029889,0.510506,0.059477,20.000643,13.283710,78,4995.38,0.071546
10.17083,1,22.2073,0.029975,0.510509,0.059513,20.029806,13.299158,77,4986.50,0.071492
10.17083,2,22.2073,0.029905,0.510806,0.059479,20.028250,13.345502,54,2582.28,0.021752
10.17083,3,22.2073,0.029918,0.510753,0.059392,20.122335,13.306033,53,2590.02,0.021822
10.17500,0,22.1483,0.029924,0.510512,0.059482,20.099630,13.262897,78,4987.40,0.071528
10.17500,1,22.1483,0.030027,0.510495,0.059522,20.028271,13.263213,78,4953.35,0.071459
10.17500,2,22.1483,0.030036,0.510846,0.059576,19.941477,13.321843,55,2572.32,0.021676
10.17500,3,22.1483,0.029884,0.510742,0.059371,20.004112,13.283016,53,2579.28,0.021740
10.17917,0,22.0897,0.029983,0.510511,0.059514,19.972994,13.229720,78,5048.02,0.071530
10.17917,1,22.0897,0.029955,0.510489,0.059449,19.909552,13.217545,78,4973.73,0.071434
10.17917,2,22.0897,0.030002,0.510837,0.059588,19.960358,13.292507,56,2609.10,0.021618
10.17917,3,22.0897,0.029837,0.510743,0.059422,19.971869,13.241092,53,2581.15,0.021664
10.18333,0,22.0298,0.029887,0.510498,0.059446,19.975706,13.192899,78,4978.48,0.071509
10.18333,1,22.0298,0.029970,0.510496,0.059512,19.821527,13.186457,78,4982.37,0.071414
10.18333,2,22.0298,0.029827,0.510820,0.059376,19.906763,13.245825,55,2604.13,0.021568
10.18333,3,22.0298,0.029867,0.510764,0.059451,19.977558,13.202420,53,2571.93,0.021590
10.18750,0,21.9717,0.029824,0.510493,0.059415,19.779902,13.150878,79,5047.11,0.071511
10.18750,1,21.9717,0.030063,0.510499,0.059594,19.904318,13.167595,76,4962.36,0.071390
10.18750,2,21.9717,0.029953,0.510819,0.059450,19.895458,13.212960,55,2586.40,0.021512
10.18750,3,21.9717,0.029824,0.510793,0.059463,19.863951,13.173499,52,2564.16,0.021516
10.19167,0,21.9114,0.029899,0.510519,0.059468,19.769089,13.124730,77,4976.49,0.071488
10.19167,1,21.9114,0.029961,0.510522,0.059536,19.715082,13.143913,77,4985.14,0.071372
10.19167,2,21.9114,0.029953,0.510826,0.059460,19.730181,13.185469,54,2511.30,0.021423
10.19167,3,21.9114,0.029893,0.510796,0.059487,19.831823,13.150020,53,2581.22,0.021445
10.19583,0,21.8540,0.029834,0.510538,0.059407,19.711033,13.105312,78,5006.55,0.071471
10.19583,1,21.8540,0.029901,0.510528,0.059439,19.705969,13.105717,77,5001.70,0.071365
10.19583,2,21.8540,0.029906,0.510818,0.059423,19.704708,13.153309,56,2553.32,0.021344
10.19583,3,21.8540,0.029884,0.510770,0.059421,19.795469,13.121903,53,2557.51,0.021368
10.20000,0,21.7936,0.029943,0.510536,0.059493,19.828716,13.077336,78,4975.36,0.071445
10.20000,1,21.7936,0.030072,0.510516,0.059611,19.665215,13.069916,77,4998.34,0.071358
10.20000,2,21.7936,0.029969,0.510827,0.059530,19.785364,13.123163,55,2554.75,0.021271
10.20000,3,21.7936,0.029784,0.510759,0.059311,19.624800,13.086155,52,2568.79,0.021297
10.20417,0,21.7357,0.029918,0.510536,0.059509,19.592648,13.036381,79,4995.65,0.071426
10.20417,1,21.7357,0.029812,0.510506,0.059300,19.625095,13.036090,77,4930.37,0.071322
10.20417,2,21.7357,0.029927,0.510853,0.059481,19.571417,13.093295,56,2592.83,0.021219
10.20417,3,21.7357,0.029918,0.510768,0.059454,19.650007,13.043204,53,2567.52,0.021234
10.20833,0,21.6755,0.029816,0.510521,0.059372,19.530924,12.995667,78,4992.94,0.071403
10.20833,1,21.6755,0.030024,0.510507,0.059571,19.489679,12.992023,77,4996.13,0.071305
10.20833,2,21.6755,0.029822,0.510855,0.059334,19.528811,13.063801,55,2540.66,0.021155
10.20833,3,21.6755,0.029843,0.510788,0.059430,19.653414,13.010766,53,2552.43,0.021167
10.21250,0,21.6164,0.029870,0.510509,0.059418,19.458635,12.963257,78,5044.49,0.071406
10.21250,1,21.6164,0.030013,0.510520,0.059562,19.591412,12.980740,78,5013.19,0.071307
10.21250,2,21.6164,0.030065,0.510844,0.059574,19.745960,13.033190,55,2567.80,0.021098
10.21250,3,21.6164,0.029839,0.510803,0.059476,19.508068,12.987041,54,2583.44,0.021115
10.21667,0,21.5563,0.029797,0.510527,0.059377,19.588846,12.937077,79,5049.86,0.071423
10.21667,1,21.5563,0.029884,0.510538,0.059462,19.335190,12.951219,77,4980.65,0.071305
10.21667,2,21.5563,0.029789,0.510850,0.059309,19.396090,12.990122,55,2565.08,0.021048
10.21667,3,21.5563,0.029847,0.510811,0.059465,19.507000,12.960536,53,2549.30,0.021056
10.22083,0,21.4974,0.029897,0.510552,0.059451,19.358824,12.916924,78,4950.79,0.071399
10.22083,1,21.4974,0.029879,0.510530,0.059452,19.529531,12.916421,77,4980.86,0.071294
10.22083,2,21.4974,0.029879,0.510852,0.059404,19.438736,12.965783,55,2520.82,0.020980
10.22083,3,21.4974,0.029751,0.510805,0.059324,19.390381,12.932234,53,2540.52,0.020989
10.22500,0,21.4383,0.029831,0.510571,0.059401,19.276375,12.882669,79,5001.27,0.071383
10.22500,1,21.4383,0.029850,0.510520,0.059428,19.330635,12.873099,78,5039.42,0.071307
10.22500,2,21.4383,0.029873,0.510843,0.059408,19.412695,12.936830,56,2558.84,0.020924
10.22500,3,21.4383,0.029914,0.510788,0.059460,19.349121,12.893032,53,2551.50,0.020929
10.22917,0,21.3777,0.029910,0.510557,0.059500,19.331572,12.852350,79,5066.03,0.071403
10.22917,1,21.3777,0.029863,0.510522,0.059410,19.325281,12.838181,78,5006.81,0.071320
10.22917,2,21.3777,0.029946,0.510861,0.059458,19.263481,12.898508,55,2520.16,0.020857
10.22917,3,21.3777,0.029783,0.510788,0.059331,19.332584,12.855946,53,2531.60,0.020861
10.23333,0,21.3190,0.029650,0.510531,0.059221,19.248180,12.805656,78,4959.82,0.071389
10.23333,1,21.3190,0.029798,0.510541,0.059346,19.215462,12.816365,77,4957.01,0.071304
10.23333,2,21.3190,0.029959,0.510870,0.059505,19.193935,12.867913,55,2546.31,0.020798
10.23333,3,21.3190,0.029832,0.510805,0.059441,19.329084,12.823560,53,2524.87,0.020792
10.23750,0,21.2600,0.029891,0.510532,0.059490,19.295286,12.765886,79,4983.07,0.071367
10.23750,1,21.2600,0.030029,0.510539,0.059616,19.175716,12.789876,76,4926.00,0.071262
10.23750,2,21.2600,0.029844,0.510868,0.059352,19.261858,12.832909,55,2531.93,0.020737
10.23750,3,21.2600,0.029841,0.510822,0.059459,19.213203,12.795628,53,2530.51,0.020726
10.24167,0,21.1999,0.029900,0.510553,0.059498,19.069809,12.747125,79,5022.61,0.071357
10.24167,1,21.1999,0.029862,0.510538,0.059425,19.144320,12.754273,77,4988.95,0.071244
10.24167,2,21.1999,0.029773,0.510876,0.059303,19.148932,12.809777,54,2490.46,0.020659
10.24167,3,21.1999,0.029794,0.510821,0.059447,19.186996,12.768556,53,2519.95,0.020656
10.24583,0,21.1403,0.029862,0.510585,0.059438,19.065092,12.726274,78,4941.36,0.071318
10.24583,1,21.1403,0.029861,0.510543,0.059441,19.007322,12.718699,77,4981.75,0.071225
10.24583,2,21.1403,0.029765,0.510871,0.059300,19.115709,12.776589,55,2524.68,0.020592
10.24583,3,21.1403,0.029710,0.510814,0.059316,19.093796,12.732460,53,2529.90,0.020593
10.25000,0,21.0815,0.029768,0.510595,0.059369,19.120043,12.695313,78,4961.76,0.071279
10.25000,1,21.0815,0.029841,0.510546,0.059421,19.148138,12.681278,78,5017.62,0.071222
10.25000,2,21.0815,0.029989,0.510873,0.059607,18.960806,12.738490,55,2463.28,0.020505
10.25000,3,21.0815,0.029911,0.510803,0.059479,19.055679,12.700625,53,2542.90,0.020535
10.25417,0,21.0208,0.029833,0.510572,0.059468,18.974850,12.649152,79,4983.42,0.071255
10.25417,1,21.0208,0.029890,0.510552,0.059456,19.211014,12.654969,78,4985.98,0.071212
10.25417,2,21.0208,0.029895,0.510867,0.059444,18.956177,12.707644,55,2510.35,0.020436
10.25417,3,21.0208,0.029747,0.510810,0.059348,18.989820,12.662941,53,2506.18,0.020467
10.25833,0,20.9621,0.029730,0.510552,0.059319,18.894444,12.606778,79,5073.11,0.071275
10.25833,1,20.9621,0.029802,0.510554,0.059376,18.818516,12.617255,78,4959.19,0.071196
10.25833,2,20.9621,0.029879,0.510878,0.059472,18.934425,12.675117,55,2507.27,0.020372
10.25833,3,20.9621,0.029822,0.510824,0.059463,18.957966,12.630026,53,2523.20,0.020406
10.26250,0,20.9011,0.029819,0.510549,0.059404,18.822807,12.578663,78,5012.96,0.071282
10.26250,1,20.9011,0.029844,0.510561,0.059460,18.880009,12.586623,78,4985.06,0.071188
10.26250,2,20.9011,0.029853,0.510888,0.059386,18.822304,12.647626,55,2509.50,0.020314
10.26250,3,20.9011,0.029768,0.510835,0.059446,18.924061,12.601734,53,2497.55,0.020338
10.26667,0,20.8424,0.029868,0.510556,0.059482,18.793411,12.551890,79,5030.67,0.071292
10.26667,1,20.8424,0.029909,0.510564,0.059534,18.795998,12.561906,78,4963.25,0.071175
10.26667,2,20.8424,0.029736,0.510885,0.059287,18.761997,12.605703,55,2495.88,0.020252
10.26667,3,20.8424,0.029728,0.510833,0.059360,18.838335,12.569648,53,2508.54,0.020275
10.27083,0,20.7816,0.029817,0.510582,0.059458,18.819633,12.525854,78,4943.39,0.071263
10.27083,1,20.7816,0.029816,0.510570,0.059420,18.700632,12.526276,78,5005.40,0.071172
10.27083,2,20.7816,0.029871,0.510886,0.059443,18.794561,12.578106,54,2476.74,0.020183
10.27083,3,20.7816,0.029805,0.510838,0.059464,18.854767,12.534474,53,2511.10,0.020215
10.27500,0,20.7227,0.029703,0.510590,0.059315,18.660631,12.497766,78,4982.25,0.071241
10.27500,1,20.7227,0.029831,0.510573,0.059469,18.655258,12.495988,78,4995.76,0.071169
10.27500,2,20.7227,0.029800,0.510885,0.059392,18.650696,12.544166,55,2496.21,0.020122
10.27500,3,20.7227,0.029795,0.510840,0.059414,18.775265,12.505711,53,2511.44,0.020159
10.27917,0,20.6618,0.029865,0.510587,0.059518,18.704502,12.451349,79,4996.00,0.071227
10.27917,1,20.6618,0.029834,0.510563,0.059430,18.701679,12.455902,78,4982.45,0.071161
10.27917,2,20.6618,0.029831,0.510886,0.059452,18.682499,12.509235,55,2492.19,0.020066
10.27917,3,20.6618,0.029884,0.510840,0.059520,18.678608,12.466884,52,2484.93,0.020095
10.28333,0,20.6024,0.029715,0.510584,0.059334,18.651360,12.416113,79,5014.35,0.071225
10.28333,1,20.6024,0.029787,0.510565,0.059399,18.555700,12.420716,77,4992.59,0.071157
10.28333,2,20.6024,0.029814,0.510889,0.059354,18.560125,12.478221,55,2485.86,0.020008
10.28333,3,20.6024,0.029701,0.510841,0.059363,18.617853,12.431952,54,2503.02,0.020038
10.28750,0,20.5416,0.029737,0.510587,0.059342,18.477676,12.384624,79,4979.58,0.071213
10.28750,1,20.5416,0.029833,0.510568,0.059432,18.526400,12.392347,77,4959.29,0.071139
10.28750,2,20.5416,0.029863,0.510898,0.059451,18.511774,12.444163,55,2500.29,0.019958
10.28750,3,20.5416,0.029760,0.510843,0.059436,18.564554,12.404082,53,2489.16,0.019981
10.29167,0,20.4823,0.029889,0.510597,0.059532,18.605196,12.363900,78,5004.51,0.071205
10.29167,1,20.4823,0.029819,0.510572,0.059438,18.499680,12.362977,78,5003.42,0.071137
10.29167,2,20.4823,0.029752,0.510905,0.059342,18.522837,12.415714,54,2471.37,0.019900
10.29167,3,20.4823,0.029686,0.510856,0.059329,18.503618,12.371359,53,2495.79,0.019926
10.29583,0,20.4209,0.029831,0.510605,0.059484,18.388952,12.333953,79,5016.96,0.071207
10.29583,1,20.4209,0.029757,0.510596,0.059365,18.414059,12.327974,78,4992.37,0.071137
10.29583,2,20.4209,0.029778,0.510905,0.059382,18.430605,12.376201,54,2476.06,0.019844
10.29583,3,20.4209,0.029823,0.510858,0.059494,18.465826,12.336075,53,2484.61,0.019870
10.30000,0,20.3616,0.029795,0.510607,0.059446,18.466074,12.294008,78,5019.41,0.071214
10.30000,1,20.3616,0.029793,0.510591,0.059398,18.345112,12.293348,77,4975.26,0.071131
10.30000,2,20.3616,0.029807,0.510905,0.059409,18.377253,12.350219,54,2422.40,0.019765
10.30000,3,20.3616,0.029756,0.510852,0.059408,18.390871,12.309760,53,2489.94,0.019812
10.30417,0,20.3011,0.029820,0.510604,0.059503,18.365194,12.253610,78,4993.04,0.071210
10.30417,1,20.3011,0.029880,0.510597,0.059502,18.287371,12.265460,78,4987.24,0.071127
10.30417,2,20.3011,0.029770,0.510887,0.059369,18.284998,12.313959,55,2490.47,0.019711
10.30417,3,20.3011,0.029819,0.510852,0.059491,18.409328,12.268863,53,2467.14,0.019749
10.30833,0,20.2411,0.029694,0.510599,0.059306,18.238480,12.214061,79,4993.02,0.071202
10.30833,1,20.2411,0.029798,0.510595,0.059431,18.278721,12.231322,77,4930.77,0.071098
10.30833,2,20.2411,0.029765,0.510905,0.059378,18.312986,12.278062,54,2462.70,0.019654
10.30833,3,20.2411,0.029672,0.510865,0.059320,18.292078,12.237224,53,2475.59,0.019690
10.31250,0,20.1809,0.029791,0.510597,0.059419,18.172932,12.195133,78,5011.37,0.071196
10.31250,1,20.1809,0.029648,0.510590,0.059268,18.151939,12.190752,77,5000.16,0.071092
10.31250,2,20.1809,0.029742,0.510926,0.059320,18.196712,12.254126,54,2439.87,0.019589
10.31250,3,20.1809,0.029754,0.510869,0.059408,18.265526,12.206880,53,2463.35,0.019627
10.31667,0,20.1200,0.029814,0.510613,0.059493,18.228973,12.161759,78,4930.68,0.071159
10.31667,1,20.1200,0.029826,0.510599,0.059444,18.258934,12.157780,78,4995.26,0.071086
10.31667,2,20.1200,0.029745,0.510923,0.059382,18.090919,12.213257,54,2466.20,0.019533
10.31667,3,20.1200,0.029753,0.510870,0.059446,18.146009,12.171902,53,2469.87,0.019569
10.32083,0,20.0608,0.029859,0.510619,0.059512,18.204277,12.131972,79,5009.84,0.071147
10.32083,1,20.0608,0.029802,0.510599,0.059444,18.079567,12.128876,77,4963.50,0.071071
10.32083,2,20.0608,0.029802,0.510921,0.059399,18.149954,12.177982,53,2445.26,0.019473
10.32083,3,20.0608,0.029736,0.510872,0.059372,18.198189,12.138423,53,2437.64,0.019500
10.32500,0,19.9993,0.029701,0.510619,0.059363,18.015791,12.086762,79,5018.35,0.071148
10.32500,1,19.9993,0.029778,0.510595,0.059382,18.006599,12.096192,78,4978.31,0.071061
10.32500,2,19.9993,0.029784,0.510916,0.059434,18.010124,12.142241,54,2415.65,0.019399
10.32500,3,19.9993,0.029660,0.510874,0.059318,18.054762,12.104654,54,2469.41,0.019440
10.32917,0,19.9398,0.029715,0.510617,0.059388,18.145071,12.051723,79,5028.36,0.071157
10.32917,1,19.9398,0.029699,0.510600,0.059358,17.968365,12.060522,79,5029.16,0.071078
10.32917,2,19.9398,0.029762,0.510912,0.059390,17.970926,12.118533,54,2433.95,0.019332
10.32917,3,19.9398,0.029716,0.510879,0.059360,18.061043,12.073457,53,2451.37,0.019377
10.33333,0,19.8785,0.029831,0.510607,0.059471,17.980988,12.022794,78,4987.29,0.071156
10.33333,1,19.8785,0.029765,0.510607,0.059397,17.934956,12.025011,78,4962.47,0.071072
10.33333,2,19.8785,0.029773,0.510916,0.059392,17.950565,12.078311,53,2426.34,0.019265
10.33333,3,19.8785,0.029703,0.510881,0.059375,17.997690,12.039365,54,2465.22,0.019322
10.33750,0,19.8193,0.029693,0.510614,0.059333,17.874329,11.988955,78,5006.18,0.071155
10.33750,1,19.8193,0.029735,0.510626,0.059369,17.994080,12.001006,77,4974.45,0.071064
10.33750,2,19.8193,0.029763,0.510929,0.059399,17.842409,12.049394,54,2461.31,0.019218
10.33750,3,19.8193,0.029752,0.510888,0.059403,17.959629,12.002993,53,2453.63,0.019269
10.34167,0,19.7573,0.029868,0.510620,0.059581,17.956310,11.958231,78,4998.52,0.071151
10.34167,1,19.7573,0.029666,0.510629,0.059315,17.910847,11.968204,77,4973.21,0.071054
10.34167,2,19.7573,0.029707,0.510938,0.059329,17.840794,12.017616,54,2422.69,0.019162
10.34167,3,19.7573,0.029694,0.510887,0.059383,17.878639,11.972951,53,2452.19,0.019217
10.34583,0,19.6977,0.029662,0.510636,0.059321,17.747843,11.925187,78,4914.49,0.071107
10.34583,1,19.6977,0.029796,0.510622,0.059443,17.776724,11.926967,77,4941.36,0.071022
10.34583,2,19.6977,0.029809,0.510939,0.059433,17.808060,11.979125,53,2408.22,0.019098
10.34583,3,19.6977,0.029724,0.510890,0.059386,17.751602,11.934402,53,2438.11,0.019158
10.35000,0,19.6375,0.029749,0.510637,0.059444,17.699259,11.894385,78,5026.12,0.071097
10.35000,1,19.6375,0.029700,0.510615,0.059338,17.757547,11.888133,78,4977.94,0.071006
10.35000,2,19.6375,0.029703,0.510932,0.059340,17.731014,11.944638,54,2452.42,0.019052
10.35000,3,19.6375,0.029726,0.510887,0.059421,17.849873,11.905466,53,2457.49,0.019110
10.35417,0,19.5752,0.029630,0.510626,0.059195,17.726343,11.852954,78,5008.70,0.071094
10.35417,1,19.5752,0.029721,0.510604,0.059350,17.610231,11.852331,77,4950.16,0.070984
10.35417,2,19.5752,0.029776,0.510941,0.059400,17.656008,11.907595,53,2430.32,0.019005
10.35417,3,19.5752,0.029739,0.510890,0.059379,17.636263,11.864966,53,2437.67,0.019059
10.35833,0,19.5160,0.029757,0.510633,0.059447,17.732162,11.822282,79,4980.72,0.071079
10.35833,1,19.5160,0.029715,0.510606,0.059368,17.636543,11.826735,78,5031.67,0.070995
10.35833,2,19.5160,0.029694,0.510944,0.059355,17.576185,11.877731,53,2419.13,0.018954
10.35833,3,19.5160,0.029662,0.510895,0.059274,17.721289,11.833632,53,2429.02,0.019003
10.36250,0,19.4538,0.029769,0.510629,0.059416,17.509783,11.783923,78,5019.98,0.071083
10.36250,1,19.4538,0.029657,0.510632,0.059298,17.522331,11.797089,78,4942.69,0.070981
10.36250,2,19.4538,0.029728,0.510945,0.059349,17.561356,11.845448,54,2407.40,0.018896
10.36250,3,19.4538,0.029739,0.510905,0.059412,17.572842,11.802877,54,2435.94,0.018950
10.36667,0,19.3944,0.029735,0.510649,0.059409,17.668587,11.763555,78,4948.38,0.071058
10.36667,1,19.3944,0.029667,0.510651,0.059314,17.466084,11.763218,78,4970.16,0.070966
10.36667,2,19.3944,0.029679,0.510957,0.059330,17.465263,11.815166,53,2390.71,0.018831
10.36667,3,19.3944,0.029709,0.510915,0.059340,17.522421,11.770856,52,2386.74,0.018875
10.37083,0,19.3336,0.029743,0.510652,0.059463,17.487970,11.722005,78,4975.58,0.071036
10.37083,1,19.3336,0.029647,0.510640,0.059287,17.450352,11.722751,78,4991.04,0.070959
10.37083,2,19.3336,0.029713,0.510953,0.059345,17.418789,11.775371,53,2410.16,0.018771
10.37083,3,19.3336,0.029704,0.510917,0.059363,17.512514,11.735216,53,2422.72,0.018812
10.37500,0,19.2726,0.029734,0.510646,0.059378,17.353701,11.683071,78,4975.66,0.071016
10.37500,1,19.2726,0.029693,0.510633,0.059343,17.454912,11.686243,78,5000.87,0.070961
10.37500,2,19.2726,0.029680,0.510958,0.059350,17.415836,11.738411,52,2375.81,0.018700
10.37500,3,19.2726,0.029695,0.510906,0.059363,17.362083,11.694698,53,2419.60,0.018752
10.37917,0,19.2121,0.029707,0.510646,0.059355,17.484646,11.651446,78,5023.27,0.071021
10.37917,1,19.2121,0.029691,0.510622,0.059307,17.276566,11.653700,77,4958.44,0.070950
10.37917,2,19.2121,0.029674,0.510955,0.059306,17.326757,11.711847,53,2408.98,0.018643
10.37917,3,19.2121,0.029662,0.510902,0.059284,17.429831,11.665709,54,2431.85,0.018703
10.38333,0,19.1510,0.029723,0.510645,0.059357,17.238050,11.619769,78,5020.29,0.071031
10.38333,1,19.1510,0.029739,0.510630,0.059381,17.363773,11.622598,78,5027.19,0.070967
10.38333,2,19.1510,0.029748,0.510952,0.059418,17.317995,11.671201,53,2381.13,0.018582
10.38333,3,19.1510,0.029675,0.510913,0.059309,17.302778,11.627719,53,2393.51,0.018640
10.38750,0,19.0899,0.029726,0.510656,0.059306,17.362509,11.589956,78,5014.19,0.071045
10.38750,1,19.0899,0.029734,0.510649,0.059399,17.200598,11.594128,77,4910.60,0.070943
10.38750,2,19.0899,0.029670,0.510957,0.059282,17.202923,11.641648,53,2384.96,0.018522
10.38750,3,19.0899,0.029698,0.510923,0.059376,17.271753,11.598181,53,2408.65,0.018581
10.39167,0,19.0302,0.029648,0.510660,0.059281,17.138685,11.554129,78,4957.06,0.071026
10.39167,1,19.0302,0.029659,0.510658,0.059314,17.153650,11.559440,77,4990.06,0.070934
10.39167,2,19.0302,0.029663,0.510965,0.059323,17.165745,11.609939,53,2387.53,0.018464
10.39167,3,19.0302,0.029707,0.510930,0.059319,17.192879,11.570570,53,2396.03,0.018521
10.39583,0,18.9684,0.029797,0.510661,0.059514,17.313732,11.515042,79,4991.26,0.071014
10.39583,1,18.9684,0.029675,0.510661,0.059343,17.205751,11.520274,78,5005.82,0.070939
10.39583,2,18.9684,0.029747,0.510973,0.059399,17.201019,11.573657,53,2405.01,0.018417
10.39583,3,18.9684,0.029660,0.510924,0.059252,17.126591,11.528493,53,2402.14,0.018466
10.40000,0,18.9075,0.029681,0.510662,0.059269,17.031504,11.480111,79,5000.50,0.071011
10.40000,1,18.9075,0.029648,0.510652,0.059275,17.099777,11.480216,78,4995.52,0.070946
10.40000,2,18.9075,0.029655,0.510974,0.059260,17.024052,11.531620,53,2396.43,0.018372
10.40000,3,18.9075,0.029678,0.510925,0.059322,17.120766,11.489540,53,2377.25,0.018405
10.40417,0,18.8465,0.029685,0.510670,0.059363,17.085501,11.446811,79,5027.16,0.071025
10.40417,1,18.8465,0.029673,0.510642,0.059342,17.021896,11.445174,77,4986.63,0.070952
10.40417,2,18.8465,0.029679,0.510970,0.059359,17.025541,11.497981,53,2380.84,0.018319
10.40417,3,18.8465,0.029659,0.510925,0.059283,17.038187,11.459217,54,2386.80,0.018346
10.40833,0,18.7853,0.029682,0.510674,0.059363,17.001623,11.418068,78,4939.87,0.071004
10.40833,1,18.7853,0.029702,0.510648,0.059359,16.980604,11.420267,77,4968.48,0.070943
10.40833,2,18.7853,0.029731,0.510969,0.059401,16.976168,11.465966,53,2363.05,0.018259
10.40833,3,18.7853,0.029696,0.510931,0.059335,17.002317,11.425099,53,2376.15,0.018284
10.41250,0,18.7253,0.029697,0.510664,0.059369,16.963688,11.376847,79,5025.92,0.071009
10.41250,1,18.7253,0.029708,0.510658,0.059351,16.845881,11.383086,77,4951.25,0.070926
10.41250,2,18.7253,0.029648,0.510978,0.059275,16.860140,11.432460,53,2348.59,0.018190
10.41250,3,18.7253,0.029684,0.510938,0.059305,16.880423,11.389874,54,2397.90,0.018230
10.41667,0,18.6632,0.029666,0.510671,0.059314,16.849464,11.338540,78,4977.72,0.070998
10.41667,1,18.6632,0.029736,0.510666,0.059399,16.881834,11.349344,77,4975.14,0.070915
10.41667,2,18.6632,0.029664,0.510985,0.059310,16.873940,11.404118,53,2362.55,0.018129
10.41667,3,18.6632,0.029680,0.510940,0.059335,16.851294,11.357063,53,2376.33,0.018173
10.42083,0,18.6031,0.029733,0.510680,0.059428,16.993387,11.307953,78,4951.97,0.070972
10.42083,1,18.6031,0.029708,0.510672,0.059321,16.903845,11.310718,77,4959.91,0.070896
10.42083,2,18.6031,0.029648,0.510985,0.059291,16.813843,11.362076,53,2362.25,0.018071
10.42083,3,18.6031,0.029691,0.510938,0.059282,16.804850,11.322676,53,2368.59,0.018113
10.42500,0,18.5418,0.029667,0.510688,0.059315,16.696289,11.278007,78,4984.96,0.070954
10.42500,1,18.5418,0.029665,0.510673,0.059292,16.770563,11.276815,77,4971.17,0.070881
10.42500,2,18.5418,0.029643,0.510981,0.059285,16.724371,11.328069,53,2362.60,0.018016
10.42500,3,18.5418,0.029694,0.510943,0.059269,16.760265,11.286095,53,2377.75,0.018058
10.42917,0,18.4803,0.029707,0.510692,0.059311,16.639814,11.243644,78,4905.64,0.070905
10.42917,1,18.4803,0.029682,0.510665,0.059347,16.816324,11.242111,77,5002.61,0.070875
10.42917,2,18.4803,0.029624,0.510980,0.059243,16.663593,11.288764,53,2363.52,0.017964
10.42917,3,18.4803,0.029676,0.510950,0.059301,16.762259,11.253263,53,2372.75,0.018005
10.43333,0,18.4197,0.029691,0.510684,0.059336,16.838938,11.211957,80,5055.82,0.070916
10.43333,1,18.4197,0.029700,0.510670,0.059321,16.578751,11.207219,78,4928.73,0.070851
10.43333,2,18.4197,0.029687,0.510985,0.059337,16.693172,11.262241,53,2353.74,0.017911
10.43333,3,18.4197,0.029683,0.510948,0.059269,16.671206,11.216732,53,2360.32,0.017949
10.43750,0,18.3576,0.029684,0.510689,0.059356,16.535559,11.165229,79,5038.54,0.070936
10.43750,1,18.3576,0.029730,0.510679,0.059430,16.725813,11.180591,77,4965.62,0.070839
10.43750,2,18.3576,0.029622,0.510991,0.059210,16.527781,11.228086,53,2341.31,0.017853
10.43750,3,18.3576,0.029684,0.510950,0.059277,16.577118,11.178600,54,2387.87,0.017904
10.44167,0,18.2968,0.029704,0.510686,0.059356,16.628546,11.132968,78,4990.52,0.070938
10.44167,1,18.2968,0.029668,0.510686,0.059278,16.427172,11.136600,77,4958.83,0.070827
10.44167,2,18.2968,0.029664,0.510995,0.059295,16.540398,11.194752,53,2353.24,0.017803
10.44167,3,18.2968,0.029693,0.510952,0.059191,16.609417,11.150782,53,2354.78,0.017851
10.44583,0,18.2355,0.029681,0.510688,0.059344,16.448416,11.102063,78,4976.98,0.070928
10.44583,1,18.2355,0.029699,0.510688,0.059344,16.523394,11.109674,78,5001.70,0.070832
10.44583,2,18.2355,0.029669,0.511001,0.059272,16.404049,11.150084,53,2341.99,0.017750
10.44583,3,18.2355,0.029689,0.510954,0.059333,16.452106,11.112794,53,2357.28,0.017797
10.45000,0,18.1739,0.029691,0.510694,0.059315,16.453533,11.068877,79,5025.49,0.070937
10.45000,1,18.1739,0.029694,0.510678,0.059274,16.389181,11.065471,78,5017.68,0.070853
10.45000,2,18.1739,0.029649,0.510998,0.059281,16.533022,11.117523,53,2323.28,0.017689
10.45000,3,18.1739,0.029703,0.510958,0.059283,16.448715,11.076935,53,2353.94,0.017742
10.45417,0,18.1124,0.029687,0.510700,0.059369,16.391785,11.033501,79,5007.48,0.070949
10.45417,1,18.1124,0.029685,0.510687,0.059353,16.278490,11.037469,77,4912.92,0.070833
10.45417,2,18.1124,0.029637,0.510989,0.059176,16.358755,11.084711,53,2330.55,0.017631
10.45417,3,18.1124,0.029678,0.510971,0.059284,16.398935,11.043697,53,2339.16,0.017682
10.45833,0,18.0522,0.029714,0.510707,0.059335,16.268482,10.992737,78,4944.80,0.070926
10.45833,1,18.0522,0.029687,0.510687,0.059312,16.269575,10.999610,77,4965.00,0.070817
10.45833,2,18.0522,0.029648,0.510997,0.059256,16.283344,11.051782,53,2309.52,0.017565
10.45833,3,18.0522,0.029674,0.510969,0.059191,16.306372,11.007766,54,2362.24,0.017630
10.46250,0,17.9902,0.029684,0.510705,0.059222,16.335541,10.965499,79,4983.34,0.070909
10.46250,1,17.9902,0.029703,0.510686,0.059404,16.216616,10.964382,78,5002.84,0.070819
10.46250,2,17.9902,0.029681,0.511003,0.059319,16.266443,11.020188,53,2339.88,0.017513
10.46250,3,17.9902,0.029678,0.510960,0.059225,16.236095,10.974373,53,2353.26,0.017581
10.46667,0,17.9262,0.029708,0.510707,0.059364,16.288145,10.924471,79,5019.32,0.070914
10.46667,1,17.9262,0.029707,0.510698,0.059266,16.335043,10.930811,78,4972.53,0.070819
10.46667,2,17.9262,0.029667,0.511008,0.059273,16.231825,10.979301,53,2322.57,0.017461
10.46667,3,17.9262,0.029725,0.510966,0.059263,16.220888,10.936281,53,2320.98,0.017520
10.47083,0,17.8609,0.029667,0.510708,0.059280,16.115273,10.890034,79,4972.34,0.070905
10.47083,1,17.8609,0.029695,0.510702,0.059315,16.029266,10.887223,77,4916.23,0.070790
10.47083,2,17.8609,0.029663,0.511008,0.059192,16.104771,10.936294,53,2291.78,0.017394
10.47083,3,17.8609,0.029684,0.510975,0.059293,16.206497,10.902601,53,2324.52,0.017455
10.47500,0,17.7946,0.029701,0.510703,0.059387,16.074574,10.847325,79,5003.59,0.070900
10.47500,1,17.7946,0.029699,0.510691,0.059338,16.199003,10.859336,77,4936.10,0.070761
10.47500,2,17.7946,0.029662,0.511012,0.059270,16.101397,10.905674,53,2290.33,0.017323
10.47500,3,17.7946,0.029695,0.510983,0.059265,16.111216,10.863529,53,2324.47,0.017391
10.47917,0,17.7267,0.029699,0.510715,0.059312,16.014566,10.810086,79,5002.32,0.070895
10.47917,1,17.7267,0.029681,0.510695,0.059253,15.997968,10.815798,78,5031.69,0.070777
10.47917,2,17.7267,0.029654,0.511002,0.059144,15.959092,10.866748,53,2276.97,0.017247
10.47917,3,17.7267,0.029678,0.510984,0.059193,16.053469,10.821400,53,2337.64,0.017332
10.48333,0,17.6595,0.029699,0.510710,0.059316,16.009991,10.775023,79,5026.65,0.070909
10.48333,1,17.6595,0.029699,0.510705,0.059314,16.132170,10.777544,78,5003.04,0.070798
10.48333,2,17.6595,0.029657,0.511004,0.059310,15.906964,10.824352,53,2276.46,0.017173
10.48333,3,17.6595,0.029723,0.510987,0.059268,15.947313,10.781262,52,2308.19,0.017265
10.48750,0,17.5927,0.029705,0.510706,0.059324,15.900897,10.730998,80,5067.00,0.070948
10.48750,1,17.5927,0.029699,0.510698,0.059304,15.848397,10.737610,77,5021.60,0.070834
10.48750,2,17.5927,0.029658,0.511024,0.059196,16.017548,10.790433,53,2266.82,0.017096
10.48750,3,17.5927,0.029702,0.510989,0.059257,15.940643,10.744856,53,2287.55,0.017186
10.49167,0,17.5250,0.029701,0.510709,0.059301,15.811883,10.690237,79,5009.65,0.070973
10.49167,1,17.5250,0.029733,0.510698,0.059297,15.840427,10.700482,77,5052.37,0.070886
10.49167,2,17.5250,0.029669,0.511041,0.059208,15.811613,10.749709,53,2239.82,0.017007
10.49167,3,17.5250,0.029706,0.510983,0.059246,15.810327,10.706383,53,2304.81,0.017111
10.49583,0,17.4585,0.029698,0.510715,0.059360,15.798412,10.658035,79,5069.10,0.071022
10.49583,1,17.4585,0.029697,0.510702,0.059339,15.870136,10.659320,79,4983.62,0.070915
10.49583,2,17.4585,0.029665,0.511043,0.059234,15.766620,10.714314,53,2250.75,0.016921
10.49583,3,17.4585,0.029682,0.510990,0.059226,15.782109,10.671025,52,2256.94,0.017018
10.50000,0,17.3912,0.029675,0.510718,0.059250,15.668312,10.618987,79,5031.94,0.071058
10.50000,1,17.3912,0.029714,0.510690,0.059325,15.776671,10.620296,78,5056.93,0.070967
10.50000,2,17.3912,0.029666,0.511030,0.059226,15.672139,10.672761,53,2219.96,0.016823
10.50000,3,17.3912,0.029713,0.511006,0.059259,15.772007,10.631971,52,2237.06,0.016911
10.50417,0,17.3243,0.029719,0.510718,0.059238,15.670152,10.581923,79,5065.41,0.071107
10.50417,1,17.3243,0.029716,0.510703,0.059255,15.615050,10.585031,78,5060.02,0.071029
10.50417,2,17.3243,0.029664,0.511011,0.059189,15.693149,10.629070,53,2214.72,0.016719
10.50417,3,17.3243,0.029697,0.511011,0.059213,15.650984,10.589661,52,2250.05,0.016807
10.50833,0,17.2571,0.029688,0.510718,0.059314,15.565240,10.539557,79,5069.05,0.071165
10.50833,1,17.2571,0.029732,0.510713,0.059355,15.653447,10.548511,77,4979.40,0.071060
10.50833,2,17.2571,0.029636,0.511014,0.059199,15.569393,10.591098,52,2213.24,0.016615
10.50833,3,17.2571,0.029709,0.511007,0.059296,15.641595,10.550985,52,2241.09,0.016703
10.51250,0,17.1908,0.029700,0.510721,0.059265,15.515304,10.500775,80,5045.57,0.071208
10.51250,1,17.1908,0.029732,0.510718,0.059212,15.489961,10.507909,78,5038.18,0.071102
10.51250,2,17.1908,0.029679,0.511039,0.059303,15.503405,10.558979,52,2195.10,0.016506
10.51250,3,17.1908,0.029748,0.511010,0.059228,15.544361,10.515836,51,2210.26,0.016588
10.51667,0,17.1232,0.029714,0.510725,0.059283,15.585210,10.464955,79,5076.49,0.071260
10.51667,1,17.1232,0.029716,0.510705,0.059275,15.649510,10.466860,78,5100.77,0.071178
10.51667,2,17.1232,0.029678,0.511054,0.059245,15.526099,10.520020,52,2162.52,0.016383
10.51667,3,17.1232,0.029721,0.511020,0.059263,15.470493,10.475853,51,2207.11,0.016468
10.52083,0,17.0562,0.029707,0.510727,0.059288,15.400790,10.423725,79,5055.36,0.071313
10.52083,1,17.0562,0.029704,0.510696,0.059270,15.347113,10.424372,78,5024.13,0.071230
10.52083,2,17.0562,0.029692,0.511055,0.059182,15.377671,10.480664,53,2170.97,0.016260
10.52083,3,17.0562,0.029737,0.511025,0.059295,15.411695,10.439496,52,2199.07,0.016346
10.52500,0,16.9903,0.029723,0.510728,0.059335,15.486573,10.389369,80,5075.82,0.071369
10.52500,1,16.9903,0.029733,0.510704,0.059225,15.317124,10.384628,79,5105.58,0.071309
10.52500,2,16.9903,0.029659,0.511045,0.059130,15.366151,10.440816,52,2155.91,0.016135
10.52500,3,16.9903,0.029722,0.511025,0.059238,15.351533,10.397680,51,2189.95,0.016223
10.52917,0,16.9222,0.029706,0.510735,0.059211,15.263172,10.345821,80,5117.86,0.071449
10.52917,1,16.9222,0.029694,0.510722,0.059310,15.322742,10.355473,78,5030.41,0.071368
10.52917,2,16.9222,0.029680,0.511040,0.059178,15.244924,10.397553,53,2169.36,0.016019
10.52917,3,16.9222,0.029710,0.511032,0.059191,15.307405,10.361888,51,2193.48,0.016106
10.53333,0,16.8564,0.029724,0.510733,0.059289,15.231357,10.306666,79,5110.99,0.071530
10.53333,1,16.8564,0.029734,0.510726,0.059212,15.304262,10.312816,79,5071.07,0.071436
10.53333,2,16.8564,0.029656,0.511046,0.059207,15.320650,10.360024,52,2162.67,0.015906
10.53333,3,16.8564,0.029748,0.511033,0.059227,15.207128,10.319231,50,2170.73,0.015985
10.53750,0,16.7890,0.029721,0.510732,0.059350,15.168921,10.273293,79,5083.60,0.071599
10.53750,1,16.7890,0.029717,0.510722,0.059247,15.215493,10.275854,78,5057.72,0.071500
10.53750,2,16.7890,0.029650,0.511054,0.059275,15.142611,10.324936,52,2144.41,0.015790
10.53750,3,16.7890,0.029717,0.511030,0.059225,15.176466,10.283675,51,2189.05,0.015874
10.54167,0,16.7232,0.029704,0.510728,0.059161,15.108693,10.230122,80,5076.13,0.071657
10.54167,1,16.7232,0.029720,0.510719,0.059190,15.186714,10.238949,79,5111.23,0.071582
10.54167,2,16.7232,0.029680,0.511060,0.059151,15.159244,10.288028,53,2133.50,0.015672
10.54167,3,16.7232,0.029730,0.511029,0.059261,15.195489,10.242759,51,2169.65,0.015760
10.54583,0,16.6563,0.029733,0.510727,0.059310,15.098416,10.184631,80,5080.20,0.071717
10.54583,1,16.6563,0.029738,0.510726,0.059313,15.024600,10.190025,78,5029.59,0.071633
10.54583,2,16.6563,0.029690,0.511060,0.059251,15.011198,10.244863,53,2134.72,0.015558
10.54583,3,16.6563,0.029733,0.511035,0.059243,15.097600,10.201972,51,2156.92,0.015644
10.55000,0,16.5912,0.029718,0.510737,0.059246,15.004451,10.155708,80,5103.63,0.071782
10.55000,1,16.5912,0.029705,0.510720,0.059263,15.119204,10.159883,78,5101.69,0.071705
10.55000,2,16.5912,0.029659,0.511059,0.059171,14.998425,10.209250,52,2124.51,0.015443
10.55000,3,16.5912,0.029727,0.511044,0.059191,15.009259,10.167847,51,2159.25,0.015532
10.55417,0,16.5241,0.029731,0.510747,0.059247,14.874414,10.118128,80,5110.97,0.071854
10.55417,1,16.5241,0.029721,0.510721,0.059193,14.914176,10.118257,79,5087.83,0.071779
10.55417,2,16.5241,0.029704,0.511059,0.059242,14.906174,10.168784,52,2110.23,0.015326
10.55417,3,16.5241,0.029715,0.511053,0.059207,14.917363,10.130915,51,2143.79,0.015416
10.55833,0,16.4592,0.029755,0.510752,0.059263,14.938353,10.081452,80,5117.76,0.071930
10.55833,1,16.4592,0.029721,0.510737,0.059242,15.085848,10.082397,78,5014.10,0.071820
10.55833,2,16.4592,0.029662,0.511062,0.059163,14.896690,10.131877,53,2107.39,0.015209
10.55833,3,16.4592,0.029732,0.511056,0.059208,14.937758,10.092307,51,2119.26,0.015292
10.56250,0,16.3940,0.029740,0.510755,0.059316,14.868057,10.043074,80,5072.81,0.071981
10.56250,1,16.3940,0.029737,0.510743,0.059195,14.756493,10.046305,79,5096.51,0.071881
10.56250,2,16.3940,0.029685,0.511065,0.059195,14.774627,10.095733,52,2101.79,0.015092
10.56250,3,16.3940,0.029718,0.511055,0.059226,14.870537,10.053949,51,2143.42,0.015180
10.56667,0,16.3281,0.029727,0.510752,0.059152,14.717798,10.000187,80,5134.51,0.072053
10.56667,1,16.3281,0.029738,0.510747,0.059252,14.867408,10.011090,79,5074.66,0.071943
10.56667,2,16.3281,0.029700,0.511067,0.059203,14.744441,10.055078,52,2102.13,0.014981
10.56667,3,16.3281,0.029705,0.511049,0.059190,14.809164,10.013237,51,2136.95,0.015073
10.57083,0,16.2628,0.029719,0.510752,0.059268,14.798019,9.965428,80,5049.82,0.072093
10.57083,1,16.2628,0.029754,0.510742,0.059212,14.718581,9.966776,79,5110.76,0.072014
10.57083,2,16.2628,0.029704,0.511075,0.059185,14.734320,10.017407,53,2111.56,0.014880
10.57083,3,16.2628,0.029745,0.511054,0.059226,14.744582,9.976267,51,2125.40,0.014967
10.57500,0,16.1979,0.029731,0.510758,0.059252,14.644281,9.926428,80,5103.01,0.072147
10.57500,1,16.1979,0.029737,0.510749,0.059203,14.591928,9.929388,78,5004.19,0.072042
10.57500,2,16.1979,0.029704,0.511077,0.059229,14.666398,9.980218,53,2097.50,0.014779
10.57500,3,16.1979,0.029716,0.511066,0.059193,14.683513,9.940569,51,2128.44,0.014867
10.57917,0,16.1329,0.029752,0.510762,0.059282,14.611297,9.893338,80,5051.46,0.072174
10.57917,1,16.1329,0.029725,0.510742,0.059191,14.725166,9.892854,78,5087.98,0.072086
10.57917,2,16.1329,0.029687,0.511072,0.059214,14.547190,9.939178,53,2090.95,0.014679
10.57917,3,16.1329,0.029750,0.511081,0.059238,14.612783,9.905827,51,2140.72,0.014778
10.58333,0,16.0677,0.029728,0.510767,0.059323,14.535704,9.847801,80,5120.10,0.072226
10.58333,1,16.0677,0.029739,0.510755,0.059222,14.468184,9.858276,78,5035.06,0.072117
10.58333,2,16.0677,0.029705,0.511071,0.059172,14.504313,9.900869,53,2090.80,0.014585
10.58333,3,16.0677,0.029738,0.511109,0.059214,14.576433,9.879315,52,2167.90,0.014707
10.58750,0,16.0022,0.029730,0.510768,0.059186,14.414200,9.817038,81,5119.78,0.072282
10.58750,1,16.0022,0.029754,0.510775,0.059226,14.549247,9.822168,78,4986.12,0.072121
10.58750,2,16.0022,0.029719,0.511074,0.059209,14.425814,9.869446,52,2083.12,0.014495
10.58750,3,16.0022,0.029751,0.511149,0.059213,14.544761,9.862982,54,2203.88,0.014660
10.59167,0,15.9373,0.029738,0.510765,0.059267,14.438804,9.777014,80,5103.67,0.072326
10.59167,1,15.9373,0.029725,0.510764,0.059206,14.500293,9.780963,78,5048.24,0.072144
10.59167,2,15.9373,0.029706,0.511078,0.059264,14.408140,9.826447,53,2083.08,0.014415
10.59167,3,15.9373,0.029737,0.511203,0.059263,14.451322,9.859258,55,2243.81,0.014641
10.59583,0,15.8710,0.029727,0.510761,0.059244,14.290725,9.733621,80,5084.05,0.072357
10.59583,1,15.8710,0.029712,0.510756,0.059063,14.298467,9.737660,78,5131.01,0.072208
10.59583,2,15.8710,0.029703,0.511082,0.059197,14.374717,9.787734,52,2078.04,0.014346
10.59583,3,15.8710,0.029740,0.511244,0.059391,14.348980,9.847493,54,2241.77,0.014632
10.60000,0,15.8052,0.029725,0.510763,0.059193,14.277934,9.692104,80,5114.64,0.072406
10.60000,1,15.8052,0.029726,0.510748,0.059168,14.386086,9.696599,79,5100.85,0.072274
10.60000,2,15.8052,0.029692,0.511087,0.059140,14.281882,9.749688,53,2067.15,0.014280
10.60000,3,15.8052,0.029760,0.511272,0.059277,14.314778,9.794296,53,2154.32,0.014586
10.60417,0,15.7405,0.029731,0.510773,0.059229,14.254576,9.659980,80,5084.50,0.072447
10.60417,1,15.7405,0.029728,0.510758,0.059241,14.186358,9.662068,78,5013.65,0.072299
10.60417,2,15.7405,0.029709,0.511090,0.059150,14.246322,9.712718,53,2067.27,0.014213
10.60417,3,15.7405,0.029737,0.511281,0.058861,14.400925,9.730680,54,2151.09,0.014527
10.60833,0,15.6764,0.029725,0.510780,0.059178,14.162845,9.626902,81,5116.19,0.072492
10.60833,1,15.6764,0.029696,0.510769,0.059159,14.109850,9.627563,78,5033.74,0.072319
10.60833,2,15.6764,0.029695,0.511092,0.059149,14.208475,9.676603,53,2054.44,0.014140
10.60833,3,15.6764,0.029678,0.511265,0.059104,14.143119,9.675079,54,2129.81,0.014453
10.61250,0,15.6112,0.029714,0.510774,0.059172,14.210771,9.586443,80,5110.67,0.072533
10.61250,1,15.6112,0.029739,0.510791,0.059172,14.238352,9.591840,78,5013.95,0.072328
10.61250,2,15.6112,0.029684,0.511093,0.059124,14.067345,9.635599,53,2068.01,0.014071
10.61250,3,15.6112,0.029747,0.511237,0.059474,14.080622,9.644456,53,2129.33,0.014378
10.61667,0,15.5472,0.029718,0.510777,0.059128,14.011280,9.547523,81,5110.82,0.072570
10.61667,1,15.5472,0.029713,0.510786,0.059076,14.066303,9.550902,79,4963.93,0.072312
10.61667,2,15.5472,0.029719,0.511094,0.059176,14.057019,9.598524,53,2070.04,0.014005
10.61667,3,15.5472,0.029750,0.511243,0.059408,14.055198,9.624292,53,2103.39,0.014294
10.62083,0,15.4831,0.029737,0.510782,0.059184,13.938164,9.503882,81,5106.78,0.072596
10.62083,1,15.4831,0.029728,0.510784,0.059216,14.051950,9.510721,79,5047.37,0.072323
10.62083,2,15.4831,0.029709,0.511095,0.059180,13.996737,9.560382,53,2061.36,0.013937
10.62083,3,15.4831,0.029736,0.511270,0.059114,14.008525,9.600133,53,2104.94,0.014209
10.62500,0,15.4186,0.029730,0.510785,0.059226,14.118179,9.474877,80,5113.63,0.072626
10.62500,1,15.4186,0.029711,0.510776,0.059082,13.960707,9.467686,79,5069.09,0.072356
10.62500,2,15.4186,0.029681,0.511098,0.059108,13.928689,9.523470,53,2062.10,0.013869
10.62500,3,15.4186,0.029742,0.511289,0.059132,13.930583,9.551037,54,2119.60,0.014135
10.62917,0,15.3538,0.029742,0.510784,0.059151,13.817960,9.429983,81,5105.59,0.072656
10.62917,1,15.3538,0.029712,0.510772,0.059173,13.843978,9.433855,78,4987.86,0.072358
10.62917,2,15.3538,0.029709,0.511098,0.059124,13.917350,9.485792,53,2060.40,0.013805
10.62917,3,15.3538,0.029686,0.511293,0.059137,13.857888,9.502179,53,2093.00,0.014055
10.63333,0,15.2906,0.029747,0.510791,0.059195,13.921623,9.394627,81,5057.35,0.072658
10.63333,1,15.2906,0.029715,0.510781,0.059136,13.862937,9.398825,79,4979.22,0.072342
10.63333,2,15.2906,0.029717,0.511102,0.059142,13.785653,9.443844,53,2068.76,0.013745
10.63333,3,15.2906,0.029698,0.511278,0.059142,13.773442,9.457327,53,2109.17,0.013984
10.63750,0,15.2267,0.029698,0.510797,0.059158,13.829451,9.358353,81,5114.61,0.072672
10.63750,1,15.2267,0.029714,0.510805,0.059127,13.839016,9.366325,78,4994.28,0.072329
10.63750,2,15.2267,0.029705,0.511102,0.059129,13.802751,9.410949,53,2077.33,0.013694
10.63750,3,15.2267,0.029760,0.511266,0.059167,13.732312,9.422859,54,2110.45,0.013921
10.64167,0,15.1622,0.029742,0.510800,0.059202,13.673497,9.324186,80,5074.91,0.072673
10.64167,1,15.1622,0.029725,0.510810,0.059108,13.719439,9.327288,79,5011.38,0.072324
10.64167,2,15.1622,0.029709,0.511103,0.059148,13.735902,9.371089,53,2082.12,0.013650
10.64167,3,15.1622,0.029684,0.511256,0.059213,13.698092,9.396103,54,2134.91,0.013875
10.64583,0,15.0980,0.029704,0.510797,0.059126,13.656316,9.279808,80,5062.59,0.072663
10.64583,1,15.0980,0.029730,0.510801,0.059038,13.620548,9.284637,78,4941.43,0.072288
10.64583,2,15.0980,0.029682,0.511107,0.059093,13.642156,9.331011,53,2076.48,0.013610
10.64583,3,15.0980,0.029716,0.511271,0.059232,13.627319,9.358953,54,2095.33,0.013820
10.65000,0,15.0344,0.029714,0.510803,0.059131,13.669294,9.243023,80,5064.04,0.072645
10.65000,1,15.0344,0.029715,0.510794,0.059131,13.551706,9.242304,80,5048.07,0.072289
10.65000,2,15.0344,0.029709,0.511107,0.059150,13.604044,9.293558,53,2079.22,0.013572
10.65000,3,15.0344,0.029763,0.511280,0.059236,13.569501,9.319794,54,2114.52,0.013772
10.65417,0,14.9701,0.029715,0.510804,0.059129,13.503799,9.207110,81,5089.50,0.072643
10.65417,1,14.9701,0.029699,0.510794,0.059167,13.636218,9.209955,79,5031.03,0.072298
10.65417,2,14.9701,0.029694,0.511107,0.059070,13.546810,9.256732,53,2069.14,0.013532
10.65417,3,14.9701,0.029715,0.511292,0.059039,13.571957,9.273678,54,2127.25,0.013734
10.65833,0,14.9060,0.029720,0.510806,0.059171,13.565435,9.168900,81,5057.91,0.072634
10.65833,1,14.9060,0.029729,0.510797,0.059120,13.426682,9.170424,79,5014.32,0.072300
10.65833,2,14.9060,0.029689,0.511111,0.059111,13.477653,9.220266,53,2056.79,0.013489
10.65833,3,14.9060,0.029701,0.511294,0.059089,13.487748,9.237209,54,2133.04,0.013703
10.66250,0,14.8422,0.029747,0.510805,0.059175,13.371926,9.126940,81,5056.47,0.072620
10.66250,1,14.8422,0.029730,0.510810,0.059059,13.416769,9.136514,78,4983.92,0.072285
10.66250,2,14.8422,0.029706,0.511116,0.059054,13.471768,9.182522,53,2084.92,0.013460
10.66250,3,14.8422,0.029710,0.511288,0.059092,13.361637,9.200931,54,2114.85,0.013669
10.66667,0,14.7786,0.029688,0.510807,0.059111,13.470344,9.093084,81,5035.68,0.072594
10.66667,1,14.7786,0.029712,0.510817,0.059153,13.442090,9.097638,79,4991.69,0.072265
10.66667,2,14.7786,0.029676,0.511117,0.059039,13.320301,9.142694,53,2077.91,0.013433
10.66667,3,14.7786,0.029735,0.511285,0.059234,13.388847,9.166007,54,2124.11,0.013640
10.67083,0,14.7151,0.029715,0.510814,0.059087,13.285656,9.055825,81,5044.45,0.072567
10.67083,1,14.7151,0.029696,0.510816,0.059156,13.259531,9.058377,79,4990.69,0.072243
10.67083,2,14.7151,0.029681,0.511118,0.059084,13.364236,9.105223,53,2093.96,0.013415
10.67083,3,14.7151,0.029742,0.511284,0.059160,13.260839,9.129916,54,2127.36,0.013616
10.67500,0,14.6516,0.029718,0.510820,0.059072,13.232376,9.019535,81,5038.02,0.072537
10.67500,1,14.6516,0.029699,0.510813,0.059090,13.262673,9.023206,79,4930.46,0.072193
10.67500,2,14.6516,0.029684,0.511119,0.059084,13.252239,9.066680,53,2085.61,0.013397
10.67500,3,14.6516,0.029720,0.511288,0.059161,13.252618,9.090306,54,2134.43,0.013599
10.67917,0,14.5886,0.029702,0.510819,0.059120,13.257053,8.984823,81,5028.00,0.072497
10.67917,1,14.5886,0.029700,0.510813,0.059083,13.138763,8.981762,80,5024.71,0.072174
10.67917,2,14.5886,0.029679,0.511121,0.059046,13.184265,9.029168,53,2082.51,0.013381
10.67917,3,14.5886,0.029705,0.511298,0.059027,13.147997,9.048931,54,2125.02,0.013580
10.68333,0,14.5253,0.029719,0.510816,0.059067,13.096366,8.940128,81,5052.84,0.072470
10.68333,1,14.5253,0.029701,0.510823,0.059150,13.259365,8.949517,79,4914.08,0.072120
10.68333,2,14.5253,0.029691,0.511125,0.059045,13.152905,8.996078,53,2078.59,0.013362
10.68333,3,14.5253,0.029707,0.511305,0.059089,13.162270,9.013773,54,2132.01,0.013564
10.68750,0,14.4625,0.029700,0.510821,0.059089,13.163241,8.905172,81,5053.08,0.072443
10.68750,1,14.4625,0.029722,0.510820,0.059062,13.040292,8.910554,80,5035.69,0.072108
10.68750,2,14.4625,0.029697,0.511124,0.059031,13.042187,8.956286,53,2093.12,0.013351
10.68750,3,14.4625,0.029725,0.511300,0.059108,13.030757,8.976562,54,2126.75,0.013549
10.69167,0,14.3992,0.029703,0.510826,0.059119,12.996515,8.870460,81,5017.34,0.072407
10.69167,1,14.3992,0.029693,0.510827,0.059061,13.067842,8.874687,80,4917.86,0.072058
10.69167,2,14.3992,0.029680,0.511125,0.059043,12.990038,8.915631,53,2088.22,0.013341
10.69167,3,14.3992,0.029738,0.511293,0.059110,13.042017,8.939265,54,2154.74,0.013547
10.69583,0,14.3365,0.029734,0.510832,0.059113,12.983862,8.830809,81,5041.86,0.072372
10.69583,1,14.3365,0.029700,0.510829,0.059140,13.084591,8.836450,80,5017.83,0.072040
10.69583,2,14.3365,0.029666,0.511125,0.059039,12.950944,8.880212,53,2089.59,0.013333
10.69583,3,14.3365,0.029724,0.511291,0.059126,12.936358,8.900527,54,2141.93,0.013544
10.70000,0,14.2734,0.029701,0.510834,0.059023,12.981151,8.797281,81,5023.83,0.072337
10.70000,1,14.2734,0.029677,0.510832,0.059100,12.884964,8.797293,79,4902.74,0.071981
10.70000,2,14.2734,0.029681,0.511131,0.059026,12.905255,8.843008,53,2099.27,0.013332
10.70000,3,14.2734,0.029695,0.511293,0.059042,12.881311,8.861459,54,2139.12,0.013541
10.70417,0,14.2110,0.029706,0.510837,0.059055,12.810946,8.751995,81,5019.26,0.072292
10.70417,1,14.2110,0.029713,0.510831,0.059075,12.855291,8.759467,80,4978.44,0.071942
10.70417,2,14.2110,0.029679,0.511132,0.059024,12.822680,8.804805,53,2094.39,0.013330
10.70417,3,14.2110,0.029710,0.511300,0.059096,12.933082,8.827414,54,2157.17,0.013545
10.70833,0,14.1483,0.029726,0.510833,0.059063,12.827402,8.718321,81,5016.55,0.072247
10.70833,1,14.1483,0.029729,0.510832,0.059058,12.759303,8.724427,80,5013.71,0.071926
10.70833,2,14.1483,0.029678,0.511131,0.059048,12.790779,8.767155,53,2091.53,0.013329
10.70833,3,14.1483,0.029722,0.511307,0.059087,12.745917,8.787305,54,2169.21,0.013558
10.71250,0,14.0855,0.029716,0.510837,0.059083,12.701526,8.680205,81,4973.36,0.072188
10.71250,1,14.0855,0.029715,0.510836,0.059040,12.796903,8.686435,79,4885.22,0.071857
10.71250,2,14.0855,0.029692,0.511134,0.059008,12.743031,8.729966,53,2088.98,0.013328
10.71250,3,14.0855,0.029713,0.511302,0.059082,12.724805,8.748986,54,2165.11,0.013570
10.71667,0,14.0236,0.029703,0.510840,0.059069,12.675757,8.644570,81,5017.23,0.072136
10.71667,1,14.0236,0.029699,0.510842,0.059072,12.660316,8.650344,80,4926.73,0.071791
10.71667,2,14.0236,0.029680,0.511141,0.059024,12.714316,8.694960,53,2100.18,0.013333
10.71667,3,14.0236,0.029724,0.511303,0.059073,12.618087,8.709060,54,2142.92,0.013573
10.72083,0,13.9615,0.029701,0.510842,0.059055,12.593057,8.605072,81,5018.22,0.072087
10.72083,1,13.9615,0.029699,0.510848,0.059135,12.709854,8.611474,80,4969.06,0.071747
10.72083,2,13.9615,0.029663,0.511142,0.059036,12.634932,8.657613,53,2106.88,0.013341
10.72083,3,13.9615,0.029725,0.511301,0.059099,12.624185,8.675183,54,2133.27,0.013570
10.72500,0,13.8992,0.029716,0.510846,0.059067,12.563178,8.568210,81,4984.23,0.072029
10.72500,1,13.8992,0.029700,0.510850,0.059108,12.583693,8.575361,80,4935.01,0.071694
10.72500,2,13.8992,0.029684,0.511144,0.059065,12.566805,8.616123,53,2111.88,0.013351
10.72500,3,13.8992,0.029740,0.511291,0.059143,12.596438,8.639629,55,2183.40,0.013586
10.72917,0,13.8371,0.029714,0.510848,0.059031,12.542792,8.532654,81,5000.88,0.071975
10.72917,1,13.8371,0.029713,0.510845,0.059067,12.521263,8.538091,80,4928.94,0.071637
10.72917,2,13.8371,0.029683,0.511153,0.059046,12.454131,8.582184,53,2109.31,0.013363
10.72917,3,13.8371,0.029729,0.511296,0.059033,12.506118,8.598131,54,2170.65,0.013604
10.73333,0,13.7750,0.029732,0.510850,0.059065,12.440973,8.495462,81,4985.68,0.071916
10.73333,1,13.7750,0.029726,0.510848,0.059095,12.481396,8.497274,80,4907.48,0.071569
10.73333,2,13.7750,0.029679,0.511154,0.059005,12.442269,8.545852,53,2124.98,0.013383
10.73333,3,13.7750,0.029710,0.511306,0.059025,12.437281,8.560375,55,2187.40,0.013631
10.73750,0,13.7130,0.029679,0.510852,0.059038,12.383942,8.457764,81,4972.69,0.071848
10.73750,1,13.7130,0.029712,0.510846,0.059086,12.423199,8.461628,80,4922.84,0.071504
10.73750,2,13.7130,0.029679,0.511152,0.059027,12.414018,8.507430,53,2116.90,0.013403
10.73750,3,13.7130,0.029708,0.511319,0.059127,12.439636,8.528118,54,2159.58,0.013647
10.74167,0,13.6514,0.029710,0.510857,0.059044,12.380976,8.423079,81,5004.46,0.071792
10.74167,1,13.6514,0.029714,0.510852,0.059056,12.423306,8.426477,80,4924.62,0.071444
10.74167,2,13.6514,0.029692,0.511150,0.059034,12.341975,8.467725,53,2116.70,0.013421
10.74167,3,13.6514,0.029721,0.511313,0.059082,12.314192,8.488258,54,2171.45,0.013664
10.74583,0,13.5895,0.029704,0.510860,0.059059,12.300900,8.383657,81,4967.32,0.071726
10.74583,1,13.5895,0.029712,0.510854,0.059076,12.330778,8.391454,80,4921.40,0.071383
10.74583,2,13.5895,0.029677,0.511151,0.059072,12.301950,8.430446,53,2126.13,0.013442
10.74583,3,13.5895,0.029715,0.511310,0.058999,12.352618,8.451942,55,2181.92,0.013686
10.75000,0,13.5279,0.029700,0.510860,0.059029,12.255612,8.346231,81,4949.86,0.071650
10.75000,1,13.5279,0.029710,0.510858,0.059034,12.245115,8.348147,80,4915.49,0.071318
10.75000,2,13.5279,0.029685,0.511151,0.059024,12.200398,8.393489,53,2127.60,0.013465
10.75000,3,13.5279,0.029716,0.511312,0.059001,12.191525,8.411889,54,2182.13,0.013710
10.75417,0,13.4664,0.029714,0.510867,0.059066,12.150175,8.313638,81,4945.62,0.071569
10.75417,1,13.4664,0.029696,0.510860,0.058982,12.185436,8.318339,80,4925.63,0.071256
10.75417,2,13.4664,0.029678,0.511155,0.059026,12.193072,8.360428,53,2110.75,0.013481
10.75417,3,13.4664,0.029707,0.511312,0.059111,12.253835,8.375659,55,2178.99,0.013731
10.75833,0,13.4050,0.029692,0.510865,0.059027,12.117818,8.275007,81,4967.90,0.071499
10.75833,1,13.4050,0.029727,0.510863,0.059065,12.114595,8.279933,80,4888.32,0.071181
10.75833,2,13.4050,0.029687,0.511159,0.059009,12.164999,8.324008,53,2116.80,0.013495
10.75833,3,13.4050,0.029723,0.511315,0.059069,12.093168,8.339466,54,2193.75,0.013756
10.76250,0,13.3438,0.029716,0.510866,0.058998,12.060733,8.231175,82,4954.47,0.071426
10.76250,1,13.3438,0.029696,0.510865,0.059040,12.146452,8.239528,80,4900.05,0.071108
10.76250,2,13.3438,0.029675,0.511158,0.058979,12.042716,8.284034,54,2121.29,0.013513
10.76250,3,13.3438,0.029707,0.511317,0.059053,12.169900,8.301932,55,2198.49,0.013784
10.76667,0,13.2825,0.029693,0.510868,0.059016,12.025043,8.200084,81,4953.89,0.071353
10.76667,1,13.2825,0.029697,0.510866,0.058984,11.988474,8.203544,81,4896.04,0.071034
10.76667,2,13.2825,0.029677,0.511153,0.059055,12.016516,8.246449,53,2134.15,0.013537
10.76667,3,13.2825,0.029722,0.511323,0.059019,11.975709,8.266092,54,2193.13,0.013811
10.77083,0,13.2213,0.029729,0.510870,0.059068,11.923540,8.163010,81,4922.87,0.071267
10.77083,1,13.2213,0.029717,0.510866,0.059012,12.055434,8.163946,81,4895.22,0.070959
10.77083,2,13.2213,0.029695,0.511156,0.059031,12.015742,8.209949,53,2130.10,0.013561
10.77083,3,13.2213,0.029707,0.511321,0.059034,12.019835,8.228963,55,2190.28,0.013836
10.77500,0,13.1603,0.029714,0.510875,0.058988,11.885419,8.128325,81,4938.49,0.071185
10.77500,1,13.1603,0.029759,0.510867,0.059105,11.892589,8.128474,80,4898.69,0.070886
10.77500,2,13.1603,0.029684,0.511159,0.058991,11.835739,8.169831,53,2133.28,0.013585
10.77500,3,13.1603,0.029723,0.511313,0.059058,11.862270,8.191411,55,2204.07,0.013865
10.77917,0,13.0993,0.029745,0.510880,0.059076,11.830443,8.088028,81,4940.95,0.071108
10.77917,1,13.0993,0.029714,0.510873,0.059045,11.894656,8.096354,81,4881.03,0.070808
10.77917,2,13.0993,0.029674,0.511163,0.059041,11.882655,8.141178,54,2141.29,0.013613
10.77917,3,13.0993,0.029705,0.511321,0.058988,11.877522,8.151957,55,2192.71,0.013890
10.78333,0,13.0384,0.029709,0.510883,0.059029,11.771452,8.055427,82,4942.02,0.071033
10.78333,1,13.0384,0.029711,0.510881,0.059038,11.729625,8.058004,80,4855.10,0.070719
10.78333,2,13.0384,0.029722,0.511166,0.058969,11.725745,8.103117,54,2150.94,0.013646
10.78333,3,13.0384,0.029704,0.511324,0.059014,11.760908,8.116423,55,2197.67,0.013916
10.78750,0,12.9776,0.029724,0.510882,0.058997,11.721560,8.017569,81,4912.68,0.070945
10.78750,1,12.9776,0.029712,0.510885,0.059073,11.890534,8.023227,81,4875.73,0.070634
10.78750,2,12.9776,0.029675,0.511172,0.058993,11.713139,8.063066,54,2140.75,0.013674
10.78750,3,12.9776,0.029713,0.511327,0.059009,11.727966,8.086056,54,2184.03,0.013936
10.79167,0,12.9170,0.029704,0.510883,0.059034,11.647627,7.982468,81,4950.18,0.070872
10.79167,1,12.9170,0.029741,0.510881,0.059038,11.694612,7.982123,81,4871.91,0.070553
10.79167,2,12.9170,0.029695,0.511170,0.059070,11.704982,8.029686,54,2154.57,0.013704
10.79167,3,12.9170,0.029721,0.511330,0.058992,11.644365,8.041493,55,2201.40,0.013960
10.79583,0,12.8562,0.029713,0.510883,0.059072,11.650084,7.941888,81,4911.32,0.070787
10.79583,1,12.8562,0.029731,0.510878,0.059136,11.633857,7.945139,80,4865.23,0.070470
10.79583,2,12.8562,0.029676,0.511164,0.059006,11.625777,7.989034,54,2153.16,0.013734
10.79583,3,12.8562,0.029737,0.511329,0.059102,11.652505,8.008423,55,2198.45,0.013985
10.80000,0,12.7957,0.029698,0.510889,0.059064,11.637022,7.908528,81,4915.12,0.070702
10.80000,1,12.7957,0.029710,0.510881,0.058979,11.546576,7.909616,80,4847.21,0.070379
10.80000,2,12.7957,0.029690,0.511159,0.058944,11.553938,7.948668,54,2157.92,0.013766
10.80000,3,12.7957,0.029736,0.511326,0.058969,11.557299,7.968112,55,2188.82,0.014005
10.80417,0,12.7353,0.029713,0.510897,0.059044,11.462503,7.871677,81,4918.13,0.070618
10.80417,1,12.7353,0.029745,0.510886,0.059136,11.573810,7.876789,80,4839.37,0.070285
10.80417,2,12.7353,0.029707,0.511166,0.059044,11.515597,7.921301,54,2146.33,0.013791
10.80417,3,12.7353,0.029704,0.511324,0.058942,11.509152,7.930935,55,2212.77,0.014033
10.80833,0,12.6750,0.029713,0.510892,0.059000,11.451093,7.835839,81,4928.85,0.070539
10.80833,1,12.6750,0.029727,0.510893,0.059024,11.439346,7.844799,81,4849.49,0.070196
10.80833,2,12.6750,0.029659,0.511176,0.058933,11.423742,7.880951,54,2148.65,0.013814
10.80833,3,12.6750,0.029720,0.511331,0.058940,11.458449,7.898452,55,2209.08,0.014061
10.81250,0,12.6147,0.029713,0.510893,0.059014,11.386129,7.798526,81,4901.95,0.070452
10.81250,1,12.6147,0.029726,0.510896,0.059023,11.457406,7.802793,81,4855.83,0.070112
10.81250,2,12.6147,0.029679,0.511178,0.058977,11.450967,7.845559,54,2151.73,0.013839
10.81250,3,12.6147,0.029737,0.511334,0.059037,11.393055,7.862232,55,2205.76,0.014086
10.81667,0,12.5545,0.029696,0.510893,0.058976,11.366223,7.757716,81,4909.60,0.070368
10.81667,1,12.5545,0.029724,0.510893,0.059041,11.410053,7.762638,80,4826.94,0.070020
10.81667,2,12.5545,0.029689,0.511176,0.058958,11.321198,7.806190,54,2159.71,0.013866
10.81667,3,12.5545,0.029720,0.511340,0.059019,11.441250,7.826048,56,2216.65,0.014115
10.82083,0,12.4924,0.029727,0.510897,0.059055,11.325133,7.725255,81,4913.14,0.070287
10.82083,1,12.4924,0.029701,0.510886,0.058990,11.324567,7.725144,81,4866.45,0.069944
10.82083,2,12.4924,0.029678,0.511171,0.058951,11.296385,7.767981,54,2153.61,0.013891
10.82083,3,12.4924,0.029706,0.511341,0.058942,11.277644,7.782897,56,2217.10,0.014144
10.82500,0,12.4280,0.029718,0.510901,0.059027,11.250515,7.687285,81,4908.24,0.070208
10.82500,1,12.4280,0.029694,0.510890,0.058973,11.238790,7.689517,81,4855.30,0.069870
10.82500,2,12.4280,0.029675,0.511172,0.058917,11.178209,7.728537,54,2147.47,0.013912
10.82500,3,12.4280,0.029736,0.511341,0.059034,11.271481,7.745172,55,2198.58,0.014163
10.82917,0,12.3621,0.029712,0.510898,0.059013,11.152875,7.646222,81,4916.92,0.070136
10.82917,1,12.3621,0.029725,0.510895,0.059011,11.261127,7.651519,81,4855.35,0.069800
10.82917,2,12.3621,0.029685,0.511176,0.058929,11.166726,7.690896,54,2141.33,0.013927
10.82917,3,12.3621,0.029704,0.511339,0.058883,11.148537,7.708426,55,2200.76,0.014178
10.83333,0,12.2948,0.029712,0.510903,0.059006,11.098781,7.603443,82,4891.68,0.070057
10.83333,1,12.2948,0.029726,0.510903,0.059045,11.155944,7.612457,81,4864.22,0.069735
10.83333,2,12.2948,0.029702,0.511184,0.058948,11.118961,7.651514,54,2122.47,0.013930
10.83333,3,12.2948,0.029725,0.511344,0.059100,11.162535,7.667880,55,2192.61,0.014186
10.83750,0,12.2274,0.029726,0.510902,0.058975,11.055822,7.564347,82,4922.45,0.069992
10.83750,1,12.2274,0.029718,0.510902,0.058966,11.076291,7.569012,81,4882.46,0.069683
10.83750,2,12.2274,0.029682,0.511187,0.058955,11.002850,7.607480,54,2119.10,0.013927
10.83750,3,12.2274,0.029720,0.511348,0.058931,11.029449,7.626920,55,2185.71,0.014186
10.84167,0,12.1599,0.029711,0.510902,0.058994,10.980681,7.524479,81,4929.69,0.069939
10.84167,1,12.1599,0.029726,0.510894,0.059008,11.067285,7.524978,81,4891.88,0.069643
10.84167,2,12.1599,0.029687,0.511188,0.058885,10.954084,7.568142,54,2112.16,0.013917
10.84167,3,12.1599,0.029713,0.511350,0.059002,11.070814,7.584240,55,2168.83,0.014175
10.84583,0,12.0924,0.029697,0.510899,0.059023,10.945650,7.483934,82,4940.33,0.069898
10.84583,1,12.0924,0.029709,0.510895,0.058972,10.983884,7.484687,81,4879.92,0.069604
10.84583,2,12.0924,0.029690,0.511190,0.058913,10.918489,7.525350,54,2094.84,0.013896
10.84583,3,12.0924,0.029736,0.511352,0.058954,10.907598,7.540293,55,2140.67,0.014145
10.85000,0,12.0251,0.029728,0.510899,0.058988,10.873558,7.438666,82,4957.86,0.069870
10.85000,1,12.0251,0.029750,0.510897,0.059053,10.870315,7.446488,81,4900.15,0.069578
10.85000,2,12.0251,0.029679,0.511187,0.058941,10.891438,7.487534,54,2081.19,0.013863
10.85000,3,12.0251,0.029735,0.511352,0.058957,10.872199,7.500115,55,2151.28,0.014113
10.85417,0,11.9577,0.029727,0.510902,0.058947,10.790359,7.400198,82,4970.48,0.069855
10.85417,1,11.9577,0.029726,0.510904,0.059037,10.888607,7.409105,81,4896.38,0.069557
10.85417,2,11.9577,0.029688,0.511191,0.058916,10.829986,7.446223,54,2067.21,0.013819
10.85417,3,11.9577,0.029735,0.511352,0.058928,10.828220,7.464578,55,2151.78,0.014079
10.85833,0,11.8903,0.029702,0.510902,0.058976,10.750759,7.359567,82,4986.78,0.069852
10.85833,1,11.8903,0.029711,0.510911,0.058939,10.826116,7.368362,81,4885.39,0.069537
10.85833,2,11.8903,0.029697,0.511197,0.058962,10.789286,7.405430,54,2069.34,0.013774
10.85833,3,11.8903,0.029716,0.511359,0.058928,10.707503,7.417634,55,2118.36,0.014030
10.86250,0,11.8231,0.029714,0.510906,0.058972,10.678246,7.321064,82,4975.93,0.069849
10.86250,1,11.8231,0.029727,0.510908,0.059011,10.662879,7.321579,82,4918.32,0.069532
10.86250,2,11.8231,0.029682,0.511198,0.058865,10.709106,7.362160,54,2050.55,0.013720
10.86250,3,11.8231,0.029736,0.511360,0.058978,10.689164,7.379327,55,2101.05,0.013967
10.86667,0,11.7559,0.029711,0.510908,0.058958,10.697656,7.281392,82,4991.78,0.069856
10.86667,1,11.7559,0.029693,0.510910,0.058898,10.639990,7.284019,82,4922.70,0.069537
10.86667,2,11.7559,0.029688,0.511200,0.058927,10.644568,7.323749,54,2038.77,0.013656
10.86667,3,11.7559,0.029718,0.511358,0.058970,10.657041,7.338251,55,2113.69,0.013907
10.87083,0,11.6887,0.029759,0.510907,0.059061,10.602071,7.234970,82,4988.85,0.069865
10.87083,1,11.6887,0.029727,0.510905,0.058968,10.669577,7.241257,82,4922.63,0.069546
10.87083,2,11.6887,0.029678,0.511204,0.058954,10.577622,7.280935,54,2027.29,0.013586
10.87083,3,11.6887,0.029693,0.511363,0.058869,10.551575,7.297381,55,2091.94,0.013837
10.87500,0,11.6216,0.029714,0.510910,0.058989,10.599777,7.199227,82,5002.64,0.069882
10.87500,1,11.6216,0.029728,0.510905,0.058982,10.489079,7.203484,82,4927.90,0.069560
10.87500,2,11.6216,0.029684,0.511205,0.058946,10.532629,7.238266,53,2019.60,0.013511
10.87500,3,11.6216,0.029705,0.511368,0.058915,10.468537,7.252701,55,2096.30,0.013768
10.87917,0,11.5544,0.029715,0.510916,0.058960,10.410123,7.157859,82,4980.36,0.069893
10.87917,1,11.5544,0.029727,0.510910,0.058996,10.565055,7.162337,82,4923.31,0.069572
10.87917,2,11.5544,0.029685,0.511208,0.058889,10.450211,7.200492,54,2013.99,0.013434
10.87917,3,11.5544,0.029707,0.511368,0.058930,10.477505,7.216647,55,2080.44,0.013693
10.88333,0,11.4876,0.029714,0.510914,0.058990,10.403580,7.115113,82,4998.53,0.069909
10.88333,1,11.4876,0.029712,0.510915,0.058953,10.384974,7.118535,82,4934.53,0.069589
10.88333,2,11.4876,0.029681,0.511209,0.058924,10.406517,7.159761,53,2002.07,0.013353
10.88333,3,11.4876,0.029723,0.511372,0.059001,10.438065,7.171765,55,2066.34,0.013611
10.88750,0,11.4208,0.029683,0.510914,0.058996,10.385858,7.078728,82,5007.84,0.069931
10.88750,1,11.4208,0.029727,0.510912,0.058931,10.352597,7.082128,82,4939.66,0.069612
10.88750,2,11.4208,0.029682,0.511212,0.058890,10.341225,7.119300,53,1980.00,0.013262
10.88750,3,11.4208,0.029707,0.511376,0.058870,10.316068,7.131327,55,2051.15,0.013520
10.89167,0,11.3546,0.029715,0.510914,0.058953,10.242188,7.033381,82,5009.66,0.069957
10.89167,1,11.3546,0.029724,0.510913,0.058960,10.235120,7.038762,82,4935.18,0.069635
10.89167,2,11.3546,0.029656,0.511217,0.058863,10.245343,7.077888,53,1972.03,0.013166
10.89167,3,11.3546,0.029706,0.511374,0.058921,10.257789,7.094148,55,2045.22,0.013426
10.89583,0,11.2887,0.029731,0.510917,0.058914,10.258209,6.995452,82,5017.01,0.069988
10.89583,1,11.2887,0.029681,0.510916,0.058929,10.272499,6.998889,82,4931.07,0.069656
10.89583,2,11.2887,0.029691,0.511219,0.058930,10.242664,7.037323,53,1972.23,0.013069
10.89583,3,11.2887,0.029717,0.511380,0.058903,10.211047,7.048576,55,2045.29,0.013333
10.90000,0,11.2231,0.029716,0.510918,0.058916,10.136250,6.958908,82,5001.81,0.070011
10.90000,1,11.2231,0.029729,0.510918,0.058971,10.130727,6.961715,82,4924.45,0.069673
10.90000,2,11.2231,0.029669,0.511216,0.058874,10.115492,6.998222,53,1964.89,0.012973
10.90000,3,11.2231,0.029687,0.511383,0.058888,10.182050,7.012451,55,2034.25,0.013238
10.90417,0,11.1579,0.029703,0.510923,0.058985,10.127338,6.916611,82,5016.83,0.070038
10.90417,1,11.1579,0.029729,0.510920,0.059010,10.137250,6.922018,82,4942.67,0.069696
10.90417,2,11.1579,0.029697,0.511220,0.058862,10.122767,6.958149,53,1955.57,0.012876
10.90417,3,11.1579,0.029716,0.511384,0.058957,10.077172,6.972464,55,2034.74,0.013146
10.90833,0,11.0930,0.029715,0.510924,0.058872,9.982551,6.876590,83,5024.21,0.070070
10.90833,1,11.0930,0.029729,0.510919,0.058935,10.032574,6.881353,82,4967.90,0.069734
10.90833,2,11.0930,0.029682,0.511222,0.058843,10.011713,6.915312,53,1951.89,0.012779
10.90833,3,11.0930,0.029709,0.511383,0.058869,10.074301,6.928724,55,2028.64,0.013054
10.91250,0,11.0281,0.029702,0.510920,0.058946,9.985256,6.837677,82,5020.24,0.070103
10.91250,1,11.0281,0.029730,0.510918,0.058981,10.045659,6.837933,82,4942.44,0.069766
10.91250,2,11.0281,0.029693,0.511227,0.058881,10.012207,6.878740,53,1939.59,0.012681
10.91250,3,11.0281,0.029703,0.511386,0.058931,9.945402,6.892794,55,2017.99,0.012960
10.91667,0,10.9639,0.029702,0.510926,0.058879,9.945752,6.798488,82,4983.12,0.070120
10.91667,1,10.9639,0.029762,0.510922,0.059011,9.926079,6.802177,82,4942.08,0.069791
10.91667,2,10.9639,0.029696,0.511229,0.058899,9.943231,6.843911,53,1943.02,0.012587
10.91667,3,10.9639,0.029687,0.511390,0.058816,9.934479,6.854185,55,2021.96,0.012870
10.92083,0,10.9000,0.029716,0.510926,0.058913,9.935561,6.757939,83,4998.51,0.070135
10.92083,1,10.9000,0.029699,0.510928,0.058905,9.859002,6.767292,82,4941.89,0.069812
10.92083,2,10.9000,0.029675,0.511231,0.058853,9.884982,6.798621,53,1943.22,0.012497
10.92083,3,10.9000,0.029700,0.511390,0.058975,9.865087,6.811847,55,2022.28,0.012786
10.92500,0,10.8362,0.029733,0.510927,0.058963,9.764201,6.722139,83,5004.71,0.070153
10.92500,1,10.8362,0.029730,0.510933,0.058931,9.831053,6.726213,82,4937.55,0.069831
10.92500,2,10.8362,0.029678,0.511232,0.058863,9.784910,6.760550,53,1938.80,0.012411
10.92500,3,10.8362,0.029698,0.511392,0.058850,9.821497,6.770988,55,2013.42,0.012702
10.92917,0,10.7728,0.029718,0.510932,0.058905,9.803484,6.682351,83,5003.38,0.070170
10.92917,1,10.7728,0.029715,0.510932,0.058948,9.759702,6.686559,82,4931.68,0.069845
10.92917,2,10.7728,0.029681,0.511229,0.058887,9.762876,6.722862,53,1934.55,0.012327
10.92917,3,10.7728,0.029715,0.511397,0.058923,9.726542,6.735603,55,2010.08,0.012620
10.93333,0,10.7098,0.029733,0.510928,0.058981,9.781876,6.645801,83,5015.06,0.070191
10.93333,1,10.7098,0.029731,0.510931,0.058929,9.708187,6.647789,82,4947.18,0.069865
10.93333,2,10.7098,0.029695,0.511226,0.058915,9.696383,6.682839,52,1937.17,0.012248
10.93333,3,10.7098,0.029694,0.511397,0.058892,9.708731,6.696840,55,1999.87,0.012537
10.93750,0,10.6469,0.029719,0.510934,0.058883,9.660834,6.606352,83,4998.95,0.070207
10.93750,1,10.6469,0.029717,0.510934,0.058964,9.671521,6.608644,82,4923.86,0.069876
10.93750,2,10.6469,0.029681,0.511233,0.058874,9.668086,6.646063,53,1934.52,0.012171
10.93750,3,10.6469,0.029695,0.511398,0.058864,9.628183,6.658680,55,2002.71,0.012459
10.94167,0,10.5844,0.029694,0.510936,0.058919,9.604373,6.564576,82,5000.09,0.070220
10.94167,1,10.5844,0.029717,0.510935,0.058933,9.607752,6.572398,82,4936.03,0.069888
10.94167,2,10.5844,0.029694,0.511241,0.058854,9.567158,6.606017,53,1938.38,0.012100
10.94167,3,10.5844,0.029712,0.511398,0.058937,9.564925,6.619951,55,2011.69,0.012389
10.94583,0,10.5220,0.029748,0.510940,0.058930,9.532644,6.531381,83,4983.72,0.070224
10.94583,1,10.5220,0.029715,0.510936,0.058899,9.579418,6.535261,82,4938.12,0.069900
10.94583,2,10.5220,0.029681,0.511242,0.058834,9.500325,6.569676,53,1939.73,0.012034
10.94583,3,10.5220,0.029707,0.511399,0.058880,9.533006,6.579606,55,2004.44,0.012322
10.95000,0,10.4600,0.029704,0.510942,0.058864,9.441142,6.490187,82,4980.17,0.070223
10.95000,1,10.4600,0.029716,0.510940,0.058933,9.537982,6.491759,82,4894.51,0.069890
10.95000,2,10.4600,0.029681,0.511239,0.058850,9.471570,6.530217,53,1942.49,0.011975
10.95000,3,10.4600,0.029714,0.511400,0.058906,9.483559,6.542313,55,2009.84,0.012262
10.95417,0,10.3983,0.029704,0.510943,0.058899,9.521389,6.453583,82,4972.05,0.070214
10.95417,1,10.3983,0.029731,0.510946,0.058917,9.457475,6.460592,82,4903.40,0.069876
10.95417,2,10.3983,0.029682,0.511239,0.058848,9.424737,6.492015,53,1939.55,0.011919
10.95417,3,10.3983,0.029724,0.511402,0.058866,9.395964,6.501512,55,2019.16,0.012210
10.95833,0,10.3369,0.029719,0.510945,0.058912,9.350038,6.415158,82,4977.06,0.070203
10.95833,1,10.3369,0.029732,0.510945,0.058962,9.360975,6.417865,82,4916.31,0.069866
10.95833,2,10.3369,0.029681,0.511240,0.058845,9.368214,6.452017,53,1950.41,0.011872
10.95833,3,10.3369,0.029716,0.511403,0.058881,9.374678,6.469595,55,2004.76,0.012159
10.96250,0,10.2756,0.029704,0.510947,0.058865,9.376925,6.378978,82,4964.14,0.070186
10.96250,1,10.2756,0.029718,0.510945,0.058944,9.391791,6.383013,82,4916.31,0.069857
10.96250,2,10.2756,0.032754,0.511250,0.061913,9.293197,6.419548,53,1946.75,0.011828
10.96250,3,10.2756,0.029711,0.511404,0.058846,9.281950,6.428627,55,2024.91,0.012119
10.96667,0,10.2145,0.029735,0.510949,0.058914,9.244347,6.339081,82,4971.74,0.070172
10.96667,1,10.2145,0.029717,0.510944,0.058913,9.266445,6.345711,82,4920.14,0.069850
10.96667,2,10.2145,0.029649,0.511272,0.058776,9.753054,6.381471,53,1952.05,0.011790
10.96667,3,10.2145,0.029697,0.511407,0.058890,9.247273,6.393232,55,2022.32,0.012083
10.97083,0,10.1535,0.029718,0.510951,0.058899,9.222150,6.305889,82,4962.86,0.070155
10.97083,1,10.1535,0.029732,0.510950,0.058935,9.217257,6.308236,82,4893.37,0.069831
10.97083,2,10.1535,0.029620,0.511314,0.058712,11.843380,6.351529,54,1980.62,0.011770
10.97083,3,10.1535,0.029696,0.511405,0.058847,9.181828,6.353905,55,2023.47,0.012054
10.97500,0,10.0928,0.029705,0.510954,0.058851,9.197258,6.268666,82,4954.50,0.070132
10.97500,1,10.0928,0.029733,0.510950,0.058916,9.144660,6.269979,82,4883.47,0.069802
10.97500,2,10.0928,0.029504,0.511346,0.058725,12.010056,6.319832,55,2027.40,0.011777
10.97500,3,10.0928,0.029681,0.511405,0.058834,9.132761,6.314872,55,2025.60,0.012035
10.97917,0,10.0320,0.029704,0.510954,0.058930,9.130793,6.227964,82,4944.72,0.070101
10.97917,1,10.0320,0.029716,0.510953,0.058885,9.088136,6.235057,81,4884.61,0.069770
10.97917,2,10.0320,0.029649,0.511361,0.058798,9.088240,6.286121,56,2038.76,0.011799
10.97917,3,10.0320,0.029682,0.511408,0.058840,9.090492,6.279781,55,2021.92,0.012022
10.98333,0,9.9715,0.029720,0.510953,0.058883,9.073156,6.190844,82,4941.42,0.070065
10.98333,1,9.9715,0.029701,0.510958,0.058863,9.060962,6.200360,81,4869.91,0.069730
10.98333,2,9.9715,0.029908,0.511347,0.059055,9.008306,6.250794,55,2031.72,0.011822
10.98333,3,9.9715,0.029711,0.511409,0.058858,9.030084,6.245357,55,2022.90,0.012014
10.98750,0,9.9113,0.029689,0.510959,0.058854,8.999611,6.155595,82,4917.74,0.070017
10.98750,1,9.9113,0.029731,0.510958,0.058918,8.995733,6.158468,81,4885.90,0.069692
10.98750,2,9.9113,0.029756,0.511368,0.058892,9.012309,6.201133,55,1996.84,0.011829
10.98750,3,9.9113,0.029698,0.511407,0.058834,8.968116,6.203746,55,2029.32,0.012008
10.99167,0,9.8516,0.029703,0.510964,0.058866,8.986427,6.120712,82,4916.57,0.069965
10.99167,1,9.8516,0.029717,0.510961,0.058885,8.941948,6.122427,81,4875.68,0.069650
10.99167,2,9.8516,0.029602,0.511394,0.058745,8.929871,6.160769,56,2002.41,0.011833
10.99167,3,9.8516,0.029697,0.511404,0.058820,8.904152,6.168231,55,2046.72,0.012010
10.99583,0,9.7920,0.029689,0.510968,0.058855,8.838110,6.081940,82,4900.87,0.069905
10.99583,1,9.7920,0.029718,0.510957,0.058896,8.851209,6.086763,81,4882.17,0.069608
10.99583,2,9.7920,0.029622,0.511392,0.058716,8.908112,6.133789,56,2004.16,0.011838
10.99583,3,9.7920,0.029696,0.511411,0.058856,8.909465,6.129490,55,2035.75,0.012011
11.00000,0,9.7327,0.029689,0.510968,0.058816,8.867852,6.047571,82,4898.98,0.069844
11.00000,1,9.7327,0.029707,0.510959,0.058873,8.855020,6.050231,81,4864.51,0.069559
11.00000,2,9.7327,0.029691,0.511372,0.058800,8.815726,6.097844,56,2003.71,0.011842
11.00000,3,9.7327,0.029710,0.511412,0.058871,8.813208,6.095538,55,2046.32,0.012016
11.00417,0,9.6737,0.029703,0.510965,0.058838,8.803684,6.006269,82,4897.70,0.069781
11.00417,1,9.6737,0.029716,0.510963,0.058898,8.797041,6.014906,81,4877.71,0.069512
11.00417,2,9.6737,0.029764,0.511362,0.058937,8.814063,6.061168,55,1998.36,0.011845
11.00417,3,9.6737,0.029710,0.511410,0.058825,8.761559,6.058690,55,2056.17,0.012027
11.00833,0,9.6149,0.029688,0.510966,0.058853,8.719657,5.969954,82,4891.81,0.069718
11.00833,1,9.6149,0.029688,0.510969,0.058824,8.678242,5.980357,81,4847.15,0.069454
11.00833,2,9.6149,0.029759,0.511372,0.058864,8.705004,6.019437,55,1997.45,0.011847
11.00833,3,9.6149,0.029682,0.511409,0.058812,8.705678,6.024075,55,2065.00,0.012042
11.01250,0,9.5564,0.029681,0.510971,0.058833,8.695957,5.938378,82,4864.38,0.069641
11.01250,1,9.5564,0.029702,0.510976,0.058824,8.646770,5.942739,81,4849.18,0.069389
11.01250,2,9.5564,0.029672,0.511388,0.058814,8.671252,5.984812,56,2010.40,0.011856
11.01250,3,9.5564,0.029712,0.511410,0.058865,8.678423,5.983364,55,2073.26,0.012063
11.01667,0,9.4980,0.029673,0.510974,0.058820,8.580086,5.903020,82,4856.65,0.069557
11.01667,1,9.4980,0.029722,0.510977,0.058860,8.620914,5.908277,81,4830.39,0.069314
11.01667,2,9.4980,0.029657,0.511391,0.058823,8.644474,5.951294,56,2015.38,0.011871
11.01667,3,9.4980,0.029695,0.511412,0.058870,8.613729,5.948342,55,2075.51,0.012087
11.02083,0,9.4400,0.029687,0.510977,0.058800,8.602907,5.866154,82,4853.11,0.069469
11.02083,1,9.4400,0.029738,0.510970,0.058875,8.535357,5.868923,81,4842.93,0.069241
11.02083,2,9.4400,0.029678,0.511385,0.058846,8.580952,5.912477,56,2030.77,0.011895
11.02083,3,9.4400,0.029695,0.511413,0.058825,8.549610,5.915141,56,2089.58,0.012119
11.02500,0,9.3820,0.029669,0.510979,0.058786,8.492977,5.832049,82,4854.62,0.069382
11.02500,1,9.3820,0.029707,0.510972,0.058847,8.559140,5.834854,81,4835.85,0.069166
11.02500,2,9.3820,0.029703,0.511377,0.058848,8.560340,5.880389,56,2035.21,0.011924
11.02500,3,9.3820,0.029710,0.511413,0.058824,8.498519,5.877546,56,2095.28,0.012156
11.02917,0,9.3242,0.029702,0.510979,0.058852,8.491370,5.794526,82,4849.40,0.069295
11.02917,1,9.3242,0.029735,0.510977,0.058903,8.415975,5.803356,81,4810.00,0.069080
11.02917,2,9.3242,0.029730,0.511373,0.058890,8.445666,5.840974,56,2043.47,0.011960
11.02917,3,9.3242,0.029680,0.511411,0.058820,8.442994,5.842192,56,2100.52,0.012198
11.03333,0,9.2666,0.029687,0.510981,0.058855,8.404907,5.757587,82,4841.78,0.069205
11.03333,1,9.2666,0.029714,0.510986,0.058840,8.356933,5.763570,81,4796.45,0.068984
11.03333,2,9.2666,0.029686,0.511378,0.058788,8.412785,5.806532,56,2048.54,0.012000
11.03333,3,9.2666,0.029695,0.511411,0.058867,8.413766,5.804547,56,2108.48,0.012243
11.03750,0,9.2092,0.029671,0.510984,0.058836,8.415145,5.729310,82,4829.78,0.069107
11.03750,1,9.2092,0.029708,0.510987,0.058863,8.370525,5.733968,81,4807.92,0.068891
11.03750,2,9.2092,0.029685,0.511385,0.058810,8.358084,5.772644,56,2055.24,0.012044
11.03750,3,9.2092,0.029683,0.511411,0.058841,8.359291,5.769715,56,2110.92,0.012290
11.04167,0,9.1521,0.029685,0.510985,0.058841,8.288896,5.688310,82,4820.67,0.069006
11.04167,1,9.1521,0.029715,0.510989,0.058838,8.272000,5.691315,81,4778.39,0.068786
11.04167,2,9.1521,0.029702,0.511387,0.058847,8.331901,5.736094,56,2062.70,0.012091
11.04167,3,9.1521,0.029685,0.511412,0.058830,8.306922,5.737052,56,2119.03,0.012341
11.04583,0,9.0952,0.029701,0.510986,0.058788,8.236257,5.654471,82,4816.72,0.068900
11.04583,1,9.0952,0.029725,0.510987,0.058875,8.247600,5.660676,81,4786.93,0.068682
11.04583,2,9.0952,0.029691,0.511385,0.058788,8.245682,5.702029,57,2076.28,0.012145
11.04583,3,9.0952,0.029700,0.511414,0.058829,8.246321,5.700354,56,2124.79,0.012395
11.05000,0,9.0384,0.029669,0.510988,0.058823,8.208364,5.619068,82,4814.87,0.068795
11.05000,1,9.0384,0.029712,0.510989,0.058836,8.188113,5.622656,82,4761.11,0.068569
11.05000,2,9.0384,0.029727,0.511381,0.058829,8.215648,5.664616,57,2083.88,0.012204
11.05000,3,9.0384,0.029676,0.511415,0.058775,8.187305,5.664119,56,2129.26,0.012451
11.05417,0,8.9818,0.029701,0.510989,0.058822,8.094852,5.584081,81,4808.65,0.068687
11.05417,1,8.9818,0.029711,0.510992,0.058900,8.207811,5.588374,82,4760.88,0.068453
11.05417,2,8.9818,0.029695,0.511382,0.058813,8.129195,5.629073,57,2092.58,0.012266
11.05417,3,8.9818,0.029724,0.511415,0.058852,8.152874,5.631342,56,2140.85,0.012513
11.05833,0,8.9254,0.029669,0.510991,0.058777,8.148973,5.551357,81,4802.22,0.068576
11.05833,1,8.9254,0.029700,0.510997,0.058814,8.104501,5.557597,81,4760.56,0.068339
11.05833,2,8.9254,0.029674,0.511386,0.058801,8.137568,5.598244,57,2097.93,0.012332
11.05833,3,8.9254,0.029687,0.511414,0.058801,8.106637,5.593219,57,2146.27,0.012577
11.06250,0,8.8692,0.029668,0.510994,0.058763,8.015031,5.515404,81,4795.53,0.068464
11.06250,1,8.8692,0.029700,0.511002,0.058825,8.075505,5.521593,81,4739.56,0.068217
11.06250,2,8.8692,0.029732,0.511388,0.058876,8.039990,5.560029,57,2102.85,0.012399
11.06250,3,8.8692,0.029692,0.511415,0.058805,8.057684,5.559689,56,2146.71,0.012641
11.06667,0,8.8132,0.029683,0.510998,0.058774,8.008797,5.480062,81,4788.35,0.068347
11.06667,1,8.8132,0.029681,0.511000,0.058808,7.965096,5.485958,81,4747.19,0.068098
11.06667,2,8.8132,0.029685,0.511389,0.058785,8.022334,5.527948,57,2115.08,0.012469
11.06667,3,8.8132,0.029691,0.511416,0.058822,8.008226,5.528385,57,2159.34,0.012709
11.07083,0,8.7573,0.029684,0.511001,0.058811,7.994415,5.449186,81,4782.89,0.068230
11.07083,1,8.7573,0.029701,0.510999,0.058827,7.938612,5.450941,81,4736.98,0.067977
11.07083,2,8.7573,0.029720,0.511386,0.058837,7.931044,5.492470,57,2122.40,0.012543
11.07083,3,8.7573,0.029706,0.511416,0.058807,7.941959,5.490982,56,2167.89,0.012782
11.07500,0,8.7016,0.029667,0.511002,0.058791,7.847425,5.411567,81,4771.01,0.068108
11.07500,1,8.7016,0.029705,0.511001,0.058817,7.908772,5.416136,82,4726.02,0.067852
11.07500,2,8.7016,0.029691,0.511386,0.058796,7.946616,5.454225,57,2128.69,0.012619
11.07500,3,8.7016,0.029678,0.511415,0.058793,7.878123,5.456339,57,2171.47,0.012855
11.07917,0,8.6461,0.029681,0.511002,0.058741,7.850265,5.377203,81,4769.46,0.067986
11.07917,1,8.6461,0.029718,0.511004,0.058879,7.842529,5.382564,82,4727.33,0.067729
11.07917,2,8.6461,0.029696,0.511386,0.058816,7.824273,5.420080,57,2134.96,0.012696
11.07917,3,8.6461,0.029691,0.511415,0.058806,7.856076,5.419741,57,2181.84,0.012932
11.08333,0,8.5907,0.029666,0.511005,0.058779,7.769452,5.346167,81,4754.89,0.067859
11.08333,1,8.5907,0.029674,0.511009,0.058787,7.801772,5.350657,82,4719.03,0.067603
11.08333,2,8.5907,0.029703,0.511386,0.058809,7.787098,5.388829,57,2139.97,0.012774
11.08333,3,8.5907,0.029679,0.511415,0.058781,7.802289,5.389533,57,2190.50,0.013012
11.08750,0,8.5355,0.029666,0.511007,0.058775,7.742433,5.310107,81,4747.31,0.067729
11.08750,1,8.5355,0.029662,0.511010,0.058775,7.807710,5.318073,82,4707.27,0.067473
11.08750,2,8.5355,0.029689,0.511387,0.058777,7.715941,5.355308,58,2149.19,0.012855
11.08750,3,8.5355,0.029689,0.511416,0.058775,7.744457,5.353093,57,2193.80,0.013092
11.09167,0,8.4805,0.029684,0.511010,0.058798,7.714110,5.277225,81,4745.63,0.067598
11.09167,1,8.4805,0.029650,0.511011,0.058796,7.688717,5.279963,81,4697.77,0.067339
11.09167,2,8.4805,0.029702,0.511389,0.058806,7.696324,5.320682,58,2153.27,0.012936
11.09167,3,8.4805,0.029674,0.511418,0.058774,7.702449,5.319448,57,2201.35,0.013173
11.09583,0,8.4257,0.029639,0.511012,0.058763,7.657942,5.241029,81,4738.71,0.067466
11.09583,1,8.4257,0.029681,0.511011,0.058827,7.656730,5.246394,81,4693.23,0.067204
11.09583,2,8.4257,0.029672,0.511389,0.058744,7.659881,5.285947,57,2158.28,0.013017
11.09583,3,8.4257,0.029658,0.511418,0.058777,7.638102,5.286849,57,2208.19,0.013256
11.10000,0,8.3711,0.029657,0.511015,0.058768,7.554241,5.208418,81,4724.05,0.067329
11.10000,1,8.3711,0.029678,0.511014,0.058825,7.606549,5.212957,81,4689.38,0.067069
11.10000,2,8.3711,0.029673,0.511390,0.058753,7.584190,5.250941,57,2171.40,0.013102
11.10000,3,8.3711,0.029703,0.511418,0.058821,7.569400,5.252524,57,2216.36,0.013340
11.10417,0,8.3166,0.029665,0.511014,0.058729,7.524073,5.173890,81,4711.08,0.067187
11.10417,1,8.3166,0.029679,0.511015,0.058763,7.557940,5.178838,81,4684.78,0.066932
11.10417,2,8.3166,0.029691,0.511390,0.058782,7.591228,5.216695,58,2175.86,0.013188
11.10417,3,8.3166,0.029685,0.511418,0.058774,7.530938,5.214869,57,2224.47,0.013427
11.10833,0,8.2623,0.029648,0.511014,0.058761,7.552689,5.140798,81,4715.76,0.067047
11.10833,1,8.2623,0.029696,0.511018,0.058845,7.530900,5.146163,81,4681.36,0.066797
11.10833,2,8.2623,0.029685,0.511392,0.058714,7.449526,5.184162,58,2185.33,0.013276
11.10833,3,8.2623,0.029672,0.511419,0.058760,7.480028,5.182664,57,2225.48,0.013512
11.11250,0,8.2081,0.029664,0.511013,0.058779,7.417420,5.106828,81,4715.07,0.066911
11.11250,1,8.2081,0.029684,0.511021,0.058800,7.472871,5.111989,81,4669.42,0.066659
11.11250,2,8.2081,0.029684,0.511391,0.058764,7.453801,5.150266,58,2184.24,0.013362
11.11250,3,8.2081,0.029674,0.511417,0.058780,7.431763,5.150811,57,2232.49,0.013598
11.11667,0,8.1541,0.029652,0.511016,0.058721,7.508085,5.077369,81,4705.71,0.066774
11.11667,1,8.1541,0.029675,0.511023,0.058791,7.419708,5.079722,81,4660.12,0.066519
11.11667,2,8.1541,0.029685,0.511392,0.058742,7.399664,5.118341,58,2196.02,0.013449
11.11667,3,8.1541,0.029687,0.511418,0.058779,7.405344,5.119510,57,2237.80,0.013684
11.12083,0,8.1002,0.029678,0.511018,0.058730,7.337957,5.039110,81,4712.14,0.066641
11.12083,1,8.1002,0.029670,0.511022,0.058770,7.407567,5.047845,80,4659.84,0.066381
11.12083,2,8.1002,0.029653,0.511389,0.058689,7.314425,5.082904,58,2203.14,0.013538
11.12083,3,8.1002,0.029676,0.511418,0.058797,7.323920,5.079329,57,2238.38,0.013767
11.12500,0,8.0465,0.029662,0.511024,0.058779,7.343410,5.010887,81,4689.43,0.066503
11.12500,1,8.0465,0.029687,0.511023,0.058774,7.371326,5.013681,81,4657.26,0.066244
11.12500,2,8.0465,0.029699,0.511392,0.058792,7.300066,5.050559,58,2203.56,0.013624
11.12500,3,8.0465,0.029701,0.511420,0.058777,7.311365,5.051617,57,2250.34,0.013853
11.12917,0,7.9932,0.029677,0.511025,0.058792,7.256679,4.974672,81,4692.25,0.066366
11.12917,1,7.9932,0.029688,0.511024,0.058773,7.260632,4.976907,81,4644.82,0.066104
11.12917,2,7.9932,0.029684,0.511394,0.058731,7.234435,5.016216,58,2209.71,0.013710
11.12917,3,7.9932,0.029678,0.511422,0.058724,7.223930,5.017628,57,2251.89,0.013937
11.13333,0,7.9403,0.029651,0.511026,0.058722,7.238986,4.943340,81,4686.13,0.066229
11.13333,1,7.9403,0.029672,0.511028,0.058727,7.225522,4.949481,80,4637.60,0.065964
11.13333,2,7.9403,0.029683,0.511394,0.058796,7.205039,4.984160,58,2214.66,0.013795
11.13333,3,7.9403,0.029685,0.511424,0.058711,7.169725,4.983535,57,2255.94,0.014020
11.13750,0,7.8878,0.029653,0.511028,0.058721,7.174102,4.911446,80,4666.91,0.066085
11.13750,1,7.8878,0.029675,0.511029,0.058778,7.188352,4.915150,80,4626.52,0.065819
11.13750,2,7.8878,0.029683,0.511393,0.058733,7.165077,4.952508,59,2222.57,0.013880
11.13750,3,7.8878,0.029684,0.511424,0.058777,7.199811,4.953691,57,2264.68,0.014104
11.14167,0,7.8357,0.029645,0.511030,0.058684,7.139726,4.875964,81,4664.81,0.065940
11.14167,1,7.8357,0.029661,0.511032,0.058732,7.136836,4.882769,80,4622.04,0.065672
11.14167,2,7.8357,0.029697,0.511394,0.058778,7.122120,4.920070,59,2225.71,0.013965
11.14167,3,7.8357,0.029684,0.511420,0.058760,7.106464,4.915665,57,2274.91,0.014191
11.14583,0,7.7841,0.029644,0.511031,0.058684,7.063015,4.847992,81,4659.46,0.065794
11.14583,1,7.7841,0.029657,0.511032,0.058714,7.144618,4.850968,80,4624.76,0.065530
11.14583,2,7.7841,0.029673,0.511394,0.058724,7.069723,4.886665,59,2232.78,0.014050
11.14583,3,7.7841,0.029669,0.511417,0.058719,7.076138,4.887066,57,2275.63,0.014276
11.15000,0,7.7329,0.029705,0.511034,0.058808,7.062981,4.816495,80,4651.80,0.065648
11.15000,1,7.7329,0.029641,0.511035,0.058715,7.048401,4.819492,80,4610.46,0.065384
11.15000,2,7.7329,0.029681,0.511395,0.058745,7.019632,4.854877,59,2238.06,0.014135
11.15000,3,7.7329,0.029667,0.511418,0.058740,6.995164,4.853139,58,2282.98,0.014362
11.15417,0,7.6822,0.029643,0.511036,0.058716,6.979514,4.783817,81,4642.01,0.065500
11.15417,1,7.6822,0.029650,0.511036,0.058675,7.002108,4.786537,80,4607.17,0.065238
11.15417,2,7.6822,0.029691,0.511395,0.058726,6.979952,4.822554,59,2246.75,0.014222
11.15417,3,7.6822,0.029669,0.511421,0.058721,6.958152,4.824324,57,2288.32,0.014447
11.15833,0,7.6318,0.029674,0.511038,0.058731,6.925739,4.748816,80,4635.51,0.065350
11.15833,1,7.6318,0.029671,0.511037,0.058698,6.905241,4.754038,80,4590.15,0.065087
11.15833,2,7.6318,0.029676,0.511395,0.058712,6.956965,4.790252,59,2252.41,0.014309
11.15833,3,7.6318,0.029682,0.511422,0.058723,6.911449,4.789751,57,2294.47,0.014533
11.16250,0,7.5820,0.029642,0.511039,0.058715,6.887954,4.721591,81,4624.41,0.065197
11.16250,1,7.5820,0.029654,0.511041,0.058666,6.943746,4.725207,80,4587.97,0.064935
11.16250,2,7.5820,0.029681,0.511396,0.058749,6.910766,4.760852,59,2258.91,0.014397
11.16250,3,7.5820,0.029688,0.511424,0.058755,6.928049,4.762764,58,2304.22,0.014621
11.16667,0,7.5325,0.029657,0.511041,0.058683,6.838945,4.692121,81,4615.53,0.065042
11.16667,1,7.5325,0.029655,0.511044,0.058701,6.873127,4.697673,80,4573.22,0.064778
11.16667,2,7.5325,0.029664,0.511396,0.058717,6.831286,4.730233,59,2268.15,0.014486
11.16667,3,7.5325,0.029659,0.511424,0.058678,6.831383,4.728578,58,2313.95,0.014712
11.17083,0,7.4835,0.029672,0.511043,0.058746,6.845172,4.660224,80,4605.01,0.064882
11.17083,1,7.4835,0.029641,0.511044,0.058686,6.842239,4.661335,80,4571.72,0.064621
11.17083,2,7.4835,0.029680,0.511395,0.058717,6.791571,4.697406,59,2274.42,0.014577
11.17083,3,7.4835,0.029661,0.511423,0.058720,6.786529,4.696049,58,2319.95,0.014804
11.17500,0,7.4348,0.029671,0.511045,0.058685,6.734916,4.627765,81,4597.67,0.064722
11.17500,1,7.4348,0.029673,0.511046,0.058719,6.739542,4.633204,80,4556.08,0.064459
11.17500,2,7.4348,0.029652,0.511396,0.058691,6.733196,4.667192,59,2281.48,0.014669
11.17500,3,7.4348,0.029665,0.511421,0.058710,6.780107,4.669724,58,2329.00,0.014898
11.17917,0,7.3866,0.029650,0.511047,0.058726,6.699603,4.600757,81,4590.51,0.064559
11.17917,1,7.3866,0.029630,0.511048,0.058661,6.781784,4.605782,80,4553.34,0.064297
11.17917,2,7.3866,0.029678,0.511398,0.058716,6.722613,4.638479,59,2292.37,0.014764
11.17917,3,7.3866,0.029680,0.511421,0.058688,6.674296,4.638663,59,2338.49,0.014994
11.18333,0,7.3387,0.029670,0.511049,0.058700,6.644643,4.570072,81,4577.16,0.064393
11.18333,1,7.3387,0.029653,0.511051,0.058700,6.664964,4.573146,80,4536.84,0.064130
11.18333,2,7.3387,0.029671,0.511398,0.058680,6.651013,4.609039,60,2299.87,0.014861
11.18333,3,7.3387,0.029666,0.511424,0.058749,6.630649,4.608393,59,2345.00,0.015092
11.18750,0,7.2912,0.029670,0.511049,0.058700,6.625518,4.539537,80,4565.69,0.064222
11.18750,1,7.2912,0.029667,0.511052,0.058714,6.674437,4.542084,80,4532.44,0.063961
11.18750,2,7.2912,0.029670,0.511397,0.058694,6.659971,4.577898,60,2308.78,0.014959
11.18750,3,7.2912,0.029668,0.511424,0.058660,6.595417,4.577489,59,2354.41,0.015192
11.19167,0,7.2440,0.029626,0.511053,0.058653,6.580345,4.512019,81,4556.66,0.064049
11.19167,1,7.2440,0.029652,0.511055,0.058686,6.559062,4.519158,80,4517.82,0.063788
11.19167,2,7.2440,0.029673,0.511397,0.058699,6.617243,4.550573,60,2310.32,0.015057
11.19167,3,7.2440,0.029668,0.511424,0.058676,6.532458,4.550937,59,2361.39,0.015293
11.19583,0,7.1972,0.029669,0.511054,0.058716,6.534077,4.483647,81,4549.45,0.063874
11.19583,1,7.1972,0.029651,0.511056,0.058654,6.592832,4.487367,80,4515.37,0.063615
11.19583,2,7.1972,0.029675,0.511397,0.058640,6.514915,4.521765,60,2319.47,0.015156
11.19583,3,7.1972,0.029670,0.511423,0.058711,6.548000,4.519393,59,2366.14,0.015393
11.20000,0,7.1507,0.029643,0.511056,0.058644,6.462150,4.455873,81,4539.87,0.063698
11.20000,1,7.1507,0.029666,0.511059,0.058700,6.452839,4.458159,80,4498.45,0.063437
11.20000,2,7.1507,0.029678,0.511396,0.058675,6.482949,4.490660,61,2334.16,0.015259
11.20000,3,7.1507,0.029677,0.511422,0.058694,6.460953,4.492214,60,2378.42,0.015496
11.20417,0,7.1045,0.029637,0.511059,0.058686,6.557886,4.424481,81,4528.96,0.063518
11.20417,1,7.1045,0.029650,0.511059,0.058730,6.502987,4.429214,80,4489.04,0.063256
11.20417,2,7.1045,0.029675,0.511396,0.058672,6.442089,4.464740,60,2341.23,0.015363
11.20417,3,7.1045,0.029677,0.511422,0.058734,6.453451,4.459777,60,2384.51,0.015600
11.20833,0,7.0586,0.029667,0.511060,0.058670,6.399384,4.398119,81,4518.90,0.063336
11.20833,1,7.0586,0.029665,0.511061,0.058716,6.400814,4.402176,80,4483.92,0.063074
11.20833,2,7.0586,0.029644,0.511396,0.058641,6.429588,4.432677,61,2355.23,0.015472
11.20833,3,7.0586,0.029661,0.511422,0.058671,6.377910,4.436199,60,2396.69,0.015708
11.21250,0,7.0130,0.029666,0.511063,0.058701,6.379190,4.368932,81,4507.31,0.063151
11.21250,1,7.0130,0.029664,0.511064,0.058699,6.410754,4.371597,80,4470.17,0.062889
11.21250,2,7.0130,0.029644,0.511397,0.058661,6.356714,4.406853,61,2359.73,0.015581
11.21250,3,7.0130,0.029661,0.511423,0.058689,6.361609,4.403619,60,2403.35,0.015816
11.21667,0,6.9677,0.029666,0.511066,0.058716,6.365280,4.341413,81,4499.21,0.062963
11.21667,1,6.9677,0.029649,0.511064,0.058701,6.368190,4.344931,80,4477.77,0.062708
11.21667,2,6.9677,0.029674,0.511397,0.058661,6.372261,4.376967,61,2365.94,0.015690
11.21667,3,6.9677,0.029634,0.511423,0.058661,6.297442,4.377517,60,2408.76,0.015925
11.22083,0,6.9226,0.029650,0.511066,0.058686,6.315720,4.311910,81,4490.63,0.062776
11.22083,1,6.9226,0.029648,0.511066,0.058700,6.320066,4.315629,80,4448.40,0.062520
11.22083,2,6.9226,0.029642,0.511397,0.058641,6.268354,4.349055,62,2374.31,0.015800
11.22083,3,6.9226,0.029676,0.511422,0.058672,6.262774,4.348012,60,2415.75,0.016034
11.22500,0,6.8779,0.029649,0.511068,0.058685,6.249583,4.286649,81,4482.89,0.062588
11.22500,1,6.8779,0.029647,0.511068,0.058684,6.251742,4.289140,81,4445.20,0.062331
11.22500,2,6.8779,0.029673,0.511399,0.058658,6.244229,4.321462,61,2377.03,0.015908
11.22500,3,6.8779,0.029659,0.511422,0.058640,6.220261,4.320467,60,2427.73,0.016144
11.22917,0,6.8334,0.029664,0.511070,0.058700,6.236714,4.261312,81,4471.12,0.062397
11.22917,1,6.8334,0.029633,0.511072,0.058670,6.259351,4.261626,81,4425.41,0.062135
11.22917,2,6.8334,0.029656,0.511400,0.058656,6.180898,4.296260,61,2386.67,0.016017
11.22917,3,6.8334,0.029674,0.511421,0.058650,6.162999,4.293422,60,2433.72,0.016254
11.23333,0,6.7891,0.029648,0.511071,0.058640,6.161509,4.231234,81,4460.87,0.062203
11.23333,1,6.7891,0.029646,0.511074,0.058669,6.216037,4.235085,80,4426.94,0.061941
11.23333,2,6.7891,0.029657,0.511399,0.058612,6.165405,4.266554,61,2396.08,0.016127
11.23333,3,6.7891,0.029658,0.511422,0.058660,6.147126,4.268058,60,2441.23,0.016365
11.23750,0,6.7451,0.029663,0.511073,0.058654,6.141261,4.201232,81,4454.58,0.062009
11.23750,1,6.7451,0.029661,0.511075,0.058699,6.115418,4.206692,81,4420.31,0.061748
11.23750,2,6.7451,0.029656,0.511398,0.058641,6.090178,4.235550,61,2404.59,0.016238
11.23750,3,6.7451,0.029657,0.511422,0.058642,6.141379,4.239377,60,2450.94,0.016477
11.24167,0,6.7013,0.029662,0.511075,0.058670,6.073733,4.176582,81,4446.96,0.061815
11.24167,1,6.7013,0.029646,0.511076,0.058655,6.131605,4.179441,81,4403.05,0.061552
11.24167,2,6.7013,0.029640,0.511398,0.058601,6.109073,4.211792,62,2415.21,0.016352
11.24167,3,6.7013,0.029657,0.511421,0.058658,6.060935,4.206729,60,2457.12,0.016590
11.24583,0,6.6577,0.029662,0.511077,0.058686,6.024734,4.146467,81,4436.64,0.061620
11.24583,1,6.6577,0.029644,0.511078,0.058701,6.085309,4.151160,81,4393.98,0.061354
11.24583,2,6.6577,0.029668,0.511399,0.058670,6.033328,4.182577,62,2421.97,0.016465
11.24583,3,6.6577,0.029657,0.511421,0.058651,6.007309,4.183459,60,2462.25,0.016702
11.25000,0,6.6144,0.029631,0.511079,0.058609,5.995577,4.125635,81,4428.59,0.061424
11.25000,1,6.6144,0.029659,0.511080,0.058685,6.019158,4.125808,80,4392.44,0.061158
11.25000,2,6.6144,0.029639,0.511398,0.058612,5.991136,4.157235,62,2428.53,0.016579
11.25000,3,6.6144,0.029633,0.511422,0.058634,6.007559,4.156342,60,2470.99,0.016814
11.25417,0,6.5712,0.029646,0.511080,0.058640,5.971312,4.096245,81,4417.68,0.061227
11.25417,1,6.5712,0.029628,0.511082,0.058640,6.002357,4.098135,81,4382.98,0.060962
11.25417,2,6.5712,0.029669,0.511399,0.058641,5.976891,4.128872,62,2435.92,0.016692
11.25417,3,6.5712,0.029671,0.511423,0.058661,5.998997,4.131532,60,2476.81,0.016926
11.25833,0,6.5283,0.029645,0.511081,0.058640,5.924103,4.066443,81,4410.68,0.061030
11.25833,1,6.5283,0.029674,0.511085,0.058715,5.963478,4.071506,81,4363.70,0.060761
11.25833,2,6.5283,0.029656,0.511402,0.058628,5.934595,4.101836,62,2441.11,0.016804
11.25833,3,6.5283,0.029655,0.511422,0.058644,5.915117,4.098231,60,2484.31,0.017037
11.26250,0,6.4856,0.029645,0.511084,0.058624,5.887669,4.043347,81,4402.26,0.060832
11.26250,1,6.4856,0.029658,0.511086,0.058654,5.892719,4.045393,81,4367.88,0.060564
11.26250,2,6.4856,0.029652,0.511407,0.058606,5.898180,4.078435,62,2438.25,0.016911
11.26250,3,6.4856,0.029655,0.511422,0.058630,5.911099,4.077758,60,2490.57,0.017147
11.26667,0,6.4431,0.029644,0.511086,0.058624,5.844818,4.015507,81,4396.29,0.060636
11.26667,1,6.4431,0.029643,0.511087,0.058641,5.904358,4.018300,81,4354.81,0.060367
11.26667,2,6.4431,0.029644,0.511402,0.058633,5.847840,4.049227,62,2451.50,0.017019
11.26667,3,6.4431,0.029610,0.511422,0.058596,5.866342,4.047987,60,2494.82,0.017255
11.27083,0,6.4008,0.029629,0.511087,0.058610,5.801634,3.987955,81,4390.62,0.060441
11.27083,1,6.4008,0.029626,0.511089,0.058671,5.805675,3.993424,81,4349.35,0.060171
11.27083,2,6.4008,0.029645,0.511402,0.058618,5.804647,4.021976,62,2457.74,0.017127
11.27083,3,6.4008,0.029638,0.511423,0.058620,5.780452,4.023960,61,2501.37,0.017363
11.27500,0,6.3587,0.029643,0.511088,0.058640,5.767740,3.967432,81,4381.77,0.060246
11.27500,1,6.3587,0.029626,0.511091,0.058671,5.850863,3.967854,81,4339.35,0.059975
11.27500,2,6.3587,0.029637,0.511405,0.058606,5.786713,4.001162,62,2463.74,0.017234
11.27500,3,6.3587,0.029638,0.511423,0.058611,5.777487,3.994634,60,2506.89,0.017469
11.27917,0,6.3167,0.029627,0.511090,0.058625,5.720007,3.937180,81,4374.72,0.060053
11.27917,1,6.3167,0.029625,0.511091,0.058639,5.780571,3.939958,81,4334.37,0.059781
11.27917,2,6.3167,0.029636,0.511405,0.058616,5.728842,3.970011,62,2473.63,0.017342
11.27917,3,6.3167,0.029653,0.511423,0.058598,5.712435,3.971400,61,2522.24,0.017579
11.28333,0,6.2749,0.029642,0.511090,0.058640,5.708319,3.912426,81,4367.05,0.059860
11.28333,1,6.2749,0.029640,0.511094,0.058641,5.738919,3.914571,81,4329.10,0.059588
11.28333,2,6.2749,0.029635,0.511405,0.058588,5.711001,3.944963,62,2481.89,0.017451
11.28333,3,6.2749,0.029652,0.511422,0.058597,5.666093,3.945068,61,2520.66,0.017686
11.28750,0,6.2332,0.029642,0.511092,0.058625,5.668875,3.886790,81,4360.17,0.059668
11.28750,1,6.2332,0.029624,0.511097,0.058640,5.698104,3.889864,81,4305.19,0.059390
11.28750,2,6.2332,0.029635,0.511405,0.058566,5.642828,3.921947,62,2485.05,0.017559
11.28750,3,6.2332,0.029637,0.511422,0.058603,5.681624,3.914814,61,2529.52,0.017793
11.29167,0,6.1918,0.029657,0.511094,0.058670,5.679121,3.856959,81,4352.90,0.059476
11.29167,1,6.1918,0.029639,0.511098,0.058655,5.624623,3.861705,81,4307.40,0.059194
11.29167,2,6.1918,0.029626,0.511405,0.058591,5.626371,3.892128,62,2493.15,0.017667
11.29167,3,6.1918,0.029651,0.511423,0.058635,5.627341,3.891739,61,2528.48,0.017897
11.29583,0,6.1505,0.029641,0.511096,0.058640,5.584376,3.834099,81,4348.48,0.059285
11.29583,1,6.1505,0.029654,0.511099,0.058672,5.623731,3.837063,81,4305.84,0.059003
11.29583,2,6.1505,0.029634,0.511406,0.058612,5.585184,3.866634,62,2494.68,0.017771
11.29583,3,6.1505,0.029621,0.511423,0.058597,5.575218,3.864681,61,2532.05,0.017998
11.30000,0,6.1094,0.029640,0.511097,0.058624,5.544046,3.808870,81,4343.08,0.059098
11.30000,1,6.1094,0.029654,0.511099,0.058655,5.575511,3.811170,81,4299.95,0.058816
11.30000,2,6.1094,0.029649,0.511407,0.058662,5.585299,3.841147,62,2496.99,0.017872
11.30000,3,6.1094,0.029650,0.511424,0.058605,5.557082,3.839660,61,2539.19,0.018097
11.30417,0,6.0684,0.029640,0.511098,0.058672,5.506345,3.783523,81,4337.49,0.058913
11.30417,1,6.0684,0.029638,0.511100,0.058641,5.505519,3.785723,81,4295.27,0.058631
11.30417,2,6.0684,0.029649,0.511408,0.058614,5.478619,3.814598,62,2497.56,0.017968
11.30417,3,6.0684,0.029620,0.511424,0.058543,5.504542,3.813005,61,2545.05,0.018194
11.30833,0,6.0276,0.029609,0.511099,0.058595,5.498539,3.757806,81,4330.58,0.058729
11.30833,1,6.0276,0.029637,0.511102,0.058671,5.522940,3.760423,81,4289.49,0.058449
11.30833,2,6.0276,0.029633,0.511406,0.058601,5.501092,3.790991,62,2503.12,0.018063
11.30833,3,6.0276,0.029635,0.511425,0.058617,5.508174,3.790156,61,2548.09,0.018290
11.31250,0,5.9869,0.029639,0.511100,0.058639,5.429694,3.732659,81,4325.56,0.058549
11.31250,1,5.9869,0.029637,0.511103,0.058656,5.479780,3.735625,81,4283.71,0.058269
11.31250,2,5.9869,0.029620,0.511409,0.058587,5.401815,3.766417,62,2507.83,0.018156
11.31250,3,5.9869,0.029615,0.511425,0.058549,5.424729,3.762051,61,2556.17,0.018385
11.31667,0,5.9463,0.029639,0.511102,0.058609,5.408322,3.705287,81,4315.67,0.058368
11.31667,1,5.9463,0.029652,0.511105,0.058672,5.413853,3.710039,81,4276.69,0.058090
11.31667,2,5.9463,0.029663,0.511408,0.058661,5.408047,3.739254,62,2514.74,0.018249
11.31667,3,5.9463,0.029633,0.511421,0.058586,5.393726,3.737255,61,2556.37,0.018477
11.32083,0,5.9059,0.029623,0.511104,0.058625,5.379773,3.684591,81,4310.08,0.058189
11.32083,1,5.9059,0.029621,0.511107,0.058656,5.399504,3.684532,81,4273.61,0.057914
11.32083,2,5.9059,0.029647,0.511407,0.058616,5.350710,3.712289,62,2518.68,0.018340
11.32083,3,5.9059,0.029618,0.511423,0.058532,5.317589,3.712210,61,2566.69,0.018570
11.32500,0,5.8656,0.029638,0.511105,0.058640,5.331391,3.656991,81,4310.46,0.058015
11.32500,1,5.8656,0.029636,0.511107,0.058624,5.362264,3.659182,81,4261.97,0.057738
11.32500,2,5.8656,0.029632,0.511407,0.058645,5.338457,3.688108,63,2520.15,0.018429
11.32500,3,5.8656,0.029633,0.511424,0.058616,5.345325,3.686032,61,2562.81,0.018658
11.32917,0,5.8255,0.029622,0.511106,0.058610,5.293827,3.633545,81,4303.35,0.057842
11.32917,1,5.8255,0.029635,0.511109,0.058610,5.304699,3.636072,81,4258.67,0.057565
11.32917,2,5.8255,0.029616,0.511408,0.058554,5.296707,3.663835,62,2522.68,0.018515
11.32917,3,5.8255,0.029633,0.511427,0.058604,5.281079,3.664690,62,2564.86,0.018742
11.33333,0,5.7855,0.029637,0.511107,0.058641,5.223581,3.606181,81,4299.23,0.057672
11.33333,1,5.7855,0.029635,0.511111,0.058641,5.311024,3.610907,81,4251.21,0.057393
11.33333,2,5.7855,0.029646,0.511410,0.058599,5.310891,3.640080,63,2526.86,0.018599
11.33333,3,5.7855,0.029617,0.511426,0.058588,5.274393,3.637060,62,2571.38,0.018826
11.33750,0,5.7457,0.029606,0.511109,0.058579,5.224100,3.585969,81,4293.11,0.057503
11.33750,1,5.7457,0.029635,0.511111,0.058641,5.266936,3.583730,81,4247.80,0.057223
11.33750,2,5.7457,0.029615,0.511410,0.058553,5.218577,3.614091,63,2525.08,0.018679
11.33750,3,5.7457,0.029631,0.511427,0.058571,5.220085,3.614084,62,2572.43,0.018906
11.34167,0,5.7059,0.029621,0.511110,0.058624,5.200921,3.555115,81,4291.62,0.057339
11.34167,1,5.7059,0.029634,0.511112,0.058595,5.236765,3.563542,81,4251.59,0.057060
11.34167,2,5.7059,0.029630,0.511411,0.058615,5.207158,3.586455,63,2526.46,0.018755
11.34167,3,5.7059,0.029616,0.511424,0.058571,5.210861,3.584420,62,2576.20,0.018984
11.34583,0,5.6663,0.029605,0.511111,0.058594,5.201498,3.537693,81,4287.63,0.057178
11.34583,1,5.6663,0.029619,0.511113,0.058624,5.136059,3.534266,81,4242.01,0.056900
11.34583,2,5.6663,0.029645,0.511410,0.058616,5.170782,3.566078,63,2529.71,0.018829
11.34583,3,5.6663,0.029616,0.511426,0.058632,5.173011,3.563178,62,2581.44,0.019060
11.35000,0,5.6268,0.029620,0.511111,0.058595,5.101343,3.506734,81,4282.28,0.057019
11.35000,1,5.6268,0.029618,0.511116,0.058594,5.133922,3.513485,81,4232.11,0.056739
11.35000,2,5.6268,0.029630,0.511410,0.058553,5.103577,3.539582,63,2534.84,0.018902
11.35000,3,5.6268,0.029631,0.511426,0.058587,5.112755,3.539246,62,2581.76,0.019134
11.35417,0,5.5874,0.029620,0.511113,0.058595,5.146412,3.483992,81,4279.79,0.056863
11.35417,1,5.5874,0.029618,0.511115,0.058625,5.146395,3.486662,81,4232.10,0.056582
11.35417,2,5.5874,0.029629,0.511411,0.058599,5.199113,3.513003,63,2535.50,0.018973
11.35417,3,5.5874,0.029616,0.511426,0.058588,5.089402,3.511368,61,2581.93,0.019205
11.35833,0,5.5481,0.029620,0.511114,0.058611,5.057928,3.461103,81,4276.59,0.056711
11.35833,1,5.5481,0.029618,0.511116,0.058580,5.074915,3.461775,81,4230.84,0.056429
11.35833,2,5.5481,0.029614,0.511413,0.058540,5.029330,3.491814,63,2540.74,0.019042
11.35833,3,5.5481,0.029615,0.511427,0.058551,5.049593,3.488984,62,2587.17,0.019274
11.36250,0,5.5089,0.029604,0.511115,0.058548,5.009683,3.435163,81,4273.42,0.056562
11.36250,1,5.5089,0.029617,0.511118,0.058564,5.032089,3.441210,81,4224.27,0.056279
11.36250,2,5.5089,0.029614,0.511414,0.058585,5.066639,3.465033,63,2540.41,0.019109
11.36250,3,5.5089,0.029615,0.511427,0.058596,5.009418,3.462979,62,2587.85,0.019341
11.36667,0,5.4698,0.029619,0.511116,0.058594,4.978940,3.410775,81,4270.14,0.056416
11.36667,1,5.4698,0.029617,0.511119,0.058595,5.000052,3.412632,81,4223.89,0.056133
11.36667,2,5.4698,0.029613,0.511414,0.058539,4.939289,3.439811,63,2538.27,0.019172
11.36667,3,5.4698,0.029630,0.511427,0.058572,4.969145,3.438492,62,2589.72,0.019405
11.37083,0,5.4309,0.029619,0.511116,0.058610,4.934317,3.386945,81,4267.82,0.056273
11.37083,1,5.4309,0.029617,0.511120,0.058595,4.990041,3.389867,81,4219.59,0.055991
11.37083,2,5.4309,0.029613,0.511413,0.058585,4.936172,3.416752,63,2541.53,0.019233
11.37083,3,5.4309,0.029615,0.511428,0.058573,4.947589,3.416937,62,2589.38,0.019466
11.37500,0,5.3920,0.029603,0.511118,0.058595,4.951294,3.361998,81,4262.86,0.056133
11.37500,1,5.3920,0.029601,0.511120,0.058579,4.920810,3.364916,81,4215.62,0.055851
11.37500,2,5.3920,0.029613,0.511414,0.058555,4.931991,3.391465,63,2543.67,0.019291
11.37500,3,5.3920,0.029615,0.511430,0.058566,4.899599,3.386870,62,2589.04,0.019523
11.37917,0,5.3532,0.029603,0.511118,0.058564,4.885211,3.339303,81,4260.34,0.055996
11.37917,1,5.3532,0.029616,0.511121,0.058610,4.885878,3.341788,81,4216.61,0.055716
11.37917,2,5.3532,0.029628,0.511414,0.058555,4.859159,3.366568,63,2542.29,0.019346
11.37917,3,5.3532,0.029614,0.511432,0.058557,4.869479,3.366932,62,2588.89,0.019577
11.38333,0,5.3146,0.029578,0.511120,0.058570,4.848298,3.315209,81,4257.79,0.055863
11.38333,1,5.3146,0.029616,0.511123,0.058625,4.876066,3.318596,81,4213.77,0.055584
11.38333,2,5.3146,0.029612,0.511416,0.058539,4.852036,3.345070,63,2545.10,0.019399
11.38333,3,5.3146,0.029598,0.511433,0.058527,4.829029,3.342708,62,2595.32,0.019631
11.38750,0,5.2760,0.029594,0.511121,0.058570,4.809495,3.290970,81,4255.56,0.055733
11.38750,1,5.2760,0.029585,0.511124,0.058579,4.837141,3.293129,81,4208.74,0.055455
11.38750,2,5.2760,0.029628,0.511417,0.058540,4.780097,3.318142,63,2547.78,0.019451
11.38750,3,5.2760,0.029598,0.511433,0.058557,4.793662,3.319189,62,2594.74,0.019682
11.39167,0,5.2375,0.029602,0.511120,0.058580,4.742970,3.267006,81,4250.53,0.055605
11.39167,1,5.2375,0.029616,0.511125,0.058580,4.769848,3.267166,81,4203.92,0.055327
11.39167,2,5.2375,0.029612,0.511416,0.058556,4.772652,3.295988,63,2548.34,0.019501
11.39167,3,5.2375,0.029613,0.511431,0.058548,4.753623,3.294139,62,2595.57,0.019731
11.39583,0,5.1990,0.029618,0.511122,0.058580,4.757207,3.240452,81,4254.55,0.055482
11.39583,1,5.1990,0.029600,0.511125,0.058595,4.788865,3.244976,81,4206.97,0.055205
11.39583,2,5.1990,0.029612,0.511416,0.058540,4.702615,3.271305,63,2548.15,0.019548
11.39583,3,5.1990,0.029613,0.511431,0.058588,4.739571,3.268952,63,2598.41,0.019779
11.40000,0,5.1607,0.029587,0.511123,0.058565,4.720201,3.221778,81,4249.61,0.055362
11.40000,1,5.1607,0.029615,0.511126,0.058594,4.746057,3.223946,81,4205.41,0.055088
11.40000,2,5.1607,0.029612,0.511417,0.058588,4.690335,3.246156,63,2548.36,0.019593
11.40000,3,5.1607,0.029585,0.511433,0.058513,4.707427,3.248015,63,2596.78,0.019824
11.40417,0,5.1224,0.029586,0.511124,0.058550,4.688058,3.195455,81,4247.88,0.055246
11.40417,1,5.1224,0.029600,0.511127,0.058564,4.656186,3.196141,81,4198.47,0.054971
11.40417,2,5.1224,0.029611,0.511419,0.058573,4.724456,3.226711,63,2547.55,0.019635
11.40417,3,5.1224,0.029612,0.511434,0.058557,4.661917,3.220143,63,2596.41,0.019866
11.40833,0,5.0841,0.029586,0.511124,0.058550,4.636511,3.169076,81,4247.84,0.055134
11.40833,1,5.0841,0.029600,0.511127,0.058565,4.622705,3.175333,81,4202.12,0.054860
11.40833,2,5.0841,0.029611,0.511418,0.058557,4.596522,3.197674,63,2548.07,0.019675
11.40833,3,5.0841,0.029597,0.511434,0.058528,4.655426,3.197045,63,2598.23,0.019906
11.41250,0,5.0458,0.029571,0.511125,0.058473,4.584464,3.149501,81,4246.21,0.055025
11.41250,1,5.0458,0.029584,0.511128,0.058580,4.629824,3.149851,81,4201.65,0.054754
11.41250,2,5.0458,0.029611,0.511419,0.058542,4.614556,3.174834,63,2548.46,0.019713
11.41250,3,5.0458,0.029597,0.511434,0.058542,4.590293,3.172961,63,2600.99,0.019945
11.41667,0,5.0073,0.029586,0.511126,0.058550,4.569805,3.122367,81,4243.71,0.054920
11.41667,1,5.0073,0.029588,0.511130,0.058568,4.565988,3.127080,81,4194.51,0.054648
11.41667,2,5.0073,0.029593,0.511419,0.058523,4.581031,3.152256,63,2549.44,0.019749
11.41667,3,5.0073,0.029597,0.511433,0.058511,4.547832,3.152059,63,2599.91,0.019982
11.42083,0,4.9689,0.029586,0.511126,0.058518,4.541121,3.101367,81,4241.27,0.054816
11.42083,1,4.9689,0.029584,0.511131,0.058565,4.588307,3.100124,81,4194.87,0.054546
11.42083,2,4.9689,0.029611,0.511420,0.058557,4.510399,3.126124,63,2548.27,0.019782
11.42083,3,4.9689,0.029585,0.511433,0.058516,4.510957,3.122447,63,2598.02,0.020015
11.42500,0,4.9303,0.029581,0.511127,0.058530,4.489848,3.076449,81,4241.85,0.054717
11.42500,1,4.9303,0.029569,0.511131,0.058535,4.524332,3.080471,81,4192.71,0.054447
11.42500,2,4.9303,0.029595,0.511421,0.058512,4.471626,3.104579,63,2547.62,0.019814
11.42500,3,4.9303,0.029597,0.511435,0.058527,4.471291,3.103818,63,2597.68,0.020046
11.42917,0,4.8918,0.029570,0.511127,0.058503,4.453040,3.049106,81,4239.44,0.054620
11.42917,1,4.8918,0.029599,0.511131,0.058564,4.510070,3.053085,81,4190.60,0.054350
11.42917,2,4.8918,0.029610,0.511421,0.058542,4.489239,3.077410,63,2546.51,0.019842
11.42917,3,4.8918,0.029597,0.511436,0.058543,4.425753,3.076528,63,2595.48,0.020074
11.43333,0,4.8532,0.029585,0.511128,0.058534,4.441585,3.027982,81,4243.93,0.054529
11.43333,1,4.8532,0.029584,0.511132,0.058565,4.472764,3.027953,81,4191.96,0.054258
11.43333,2,4.8532,0.029610,0.511422,0.058508,4.393584,3.051830,63,2546.16,0.019868
11.43333,3,4.8532,0.029596,0.511436,0.058526,4.427224,3.050139,63,2594.20,0.020099
11.43750,0,4.8145,0.029585,0.511128,0.058549,4.376633,3.002916,81,4246.44,0.054443
11.43750,1,4.8145,0.029583,0.511132,0.058565,4.395228,3.004903,81,4191.82,0.054170
11.43750,2,4.8145,0.029595,0.511422,0.058510,4.362233,3.031535,63,2543.27,0.019891
11.43750,3,4.8145,0.029596,0.511436,0.058481,4.382119,3.028854,63,2592.35,0.020121
11.44167,0,4.7758,0.029570,0.511129,0.058519,4.343226,2.979417,81,4247.38,0.054362
11.44167,1,4.7758,0.029583,0.511133,0.058549,4.370369,2.981950,81,4195.30,0.054088
11.44167,2,4.7758,0.029580,0.511424,0.058496,4.379425,3.005346,63,2539.98,0.019910
11.44167,3,4.7758,0.029581,0.511437,0.058527,4.342182,3.004176,63,2592.13,0.020140
11.44583,0,4.7371,0.029585,0.511130,0.058504,4.304716,2.956886,81,4248.80,0.054286
11.44583,1,4.7371,0.029583,0.511135,0.058534,4.359509,2.959040,81,4193.72,0.054010
11.44583,2,4.7371,0.029595,0.511424,0.058526,4.310221,2.981895,63,2539.13,0.019926
11.44583,3,4.7371,0.029579,0.511440,0.058479,4.284095,2.980973,63,2586.71,0.020155
11.45000,0,4.6983,0.029569,0.511130,0.058488,4.266140,2.931140,81,4247.29,0.054213
11.45000,1,4.6983,0.029568,0.511135,0.058472,4.293152,2.933191,81,4197.18,0.053938
11.45000,2,4.6983,0.029595,0.511425,0.058511,4.280097,2.956960,63,2536.15,0.019939
11.45000,3,4.6983,0.029580,0.511441,0.058485,4.274412,2.955642,63,2587.92,0.020167
11.45417,0,4.6595,0.029584,0.511130,0.058472,4.262841,2.911555,81,4248.55,0.054144
11.45417,1,4.6595,0.029583,0.511134,0.058518,4.236400,2.912195,81,4197.90,0.053870
11.45417,2,4.6595,0.029584,0.511425,0.058489,4.264690,2.933039,63,2534.40,0.019950
11.45417,3,4.6595,0.029581,0.511441,0.058527,4.263146,2.931758,63,2584.22,0.020177
11.45833,0,4.6206,0.029561,0.511129,0.058449,4.192698,2.882811,81,4248.36,0.054079
11.45833,1,4.6206,0.029568,0.511135,0.058456,4.189055,2.882840,81,4200.89,0.053807
11.45833,2,4.6206,0.029579,0.511427,0.058465,4.220202,2.905196,63,2531.72,0.019957
11.45833,3,4.6206,0.029581,0.511440,0.058495,4.221046,2.905894,63,2583.45,0.020185
11.46250,0,4.5817,0.029569,0.511129,0.058458,4.177149,2.856977,81,4250.76,0.054018
11.46250,1,4.5817,0.029567,0.511136,0.058457,4.181815,2.862385,81,4199.47,0.053747
11.46250,2,4.5817,0.029579,0.511427,0.058464,4.182398,2.887385,63,2529.99,0.019962
11.46250,3,4.5817,0.029566,0.511441,0.058496,4.157200,2.883019,63,2580.07,0.020189
11.46667,0,4.5427,0.029600,0.511131,0.058519,4.174534,2.836673,81,4254.64,0.053962
11.46667,1,4.5427,0.029567,0.511137,0.058488,4.139066,2.838453,81,4201.49,0.053691
11.46667,2,4.5427,0.029579,0.511428,0.058449,4.141280,2.858864,63,2529.23,0.019965
11.46667,3,4.5427,0.029581,0.511443,0.058511,4.115259,2.857673,63,2579.68,0.020192
11.47083,0,4.5038,0.029569,0.511132,0.058458,4.103856,2.809442,81,4253.77,0.053909
11.47083,1,4.5038,0.029567,0.511138,0.058487,4.155902,2.811186,81,4203.25,0.053640
11.47083,2,4.5038,0.029579,0.511429,0.058481,4.114269,2.835851,63,2526.27,0.019966
11.47083,3,4.5038,0.029565,0.511444,0.058465,4.104025,2.834791,63,2576.27,0.020192
11.47500,0,4.4647,0.029554,0.511132,0.058473,4.072049,2.788012,81,4256.69,0.053861
11.47500,1,4.4647,0.029567,0.511137,0.058487,4.068946,2.790340,81,4204.19,0.053592
11.47500,2,4.4647,0.029579,0.511430,0.058435,4.043405,2.809750,63,2521.38,0.019964
11.47500,3,4.4647,0.029565,0.511444,0.058451,4.094234,2.809574,63,2574.64,0.020190
11.47917,0,4.4257,0.029584,0.511132,0.058487,4.053887,2.758680,81,4258.12,0.053817
11.47917,1,4.4257,0.029560,0.511137,0.058450,4.045305,2.760354,81,4207.08,0.053548
11.47917,2,4.4257,0.029566,0.511431,0.058498,4.084322,2.785133,63,2520.13,0.019960
11.47917,3,4.4257,0.029580,0.511445,0.058481,4.021432,2.783567,63,2571.66,0.020186
11.48333,0,4.3867,0.029554,0.511132,0.058457,3.991104,2.736962,81,4258.64,0.053775
11.48333,1,4.3867,0.029567,0.511138,0.058442,4.006770,2.739015,81,4209.03,0.053509
11.48333,2,4.3867,0.029579,0.511432,0.058495,4.015541,2.761304,63,2516.88,0.019953
11.48333,3,4.3867,0.029550,0.511445,0.058466,3.985723,2.760611,63,2567.78,0.020179
11.48750,0,4.3476,0.029554,0.511133,0.058458,3.980289,2.714889,81,4261.43,0.053738
11.48750,1,4.3476,0.029552,0.511138,0.058471,4.003098,2.713562,81,4209.82,0.053472
11.48750,2,4.3476,0.029548,0.511432,0.058465,3.975249,2.735876,63,2512.06,0.019943
11.48750,3,4.3476,0.029565,0.511445,0.058481,3.954442,2.734418,63,2566.12,0.020169
11.49167,0,4.3085,0.029554,0.511133,0.058442,3.939066,2.690352,81,4262.88,0.053703
11.49167,1,4.3085,0.029552,0.511139,0.058426,3.965890,2.691827,81,4213.77,0.053440
11.49167,2,4.3085,0.029579,0.511434,0.058449,3.943768,2.712279,63,2510.60,0.019931
11.49167,3,4.3085,0.029550,0.511447,0.058450,3.968880,2.711194,63,2565.86,0.020159
11.49583,0,4.2694,0.029554,0.511133,0.058458,3.873780,2.663238,81,4265.13,0.053673
11.49583,1,4.2694,0.029552,0.511140,0.058442,3.897850,2.665244,81,4215.50,0.053411
11.49583,2,4.2694,0.029557,0.511434,0.058458,3.932479,2.686928,63,2508.69,0.019918
11.49583,3,4.2694,0.029565,0.511448,0.058449,3.876394,2.683300,63,2561.66,0.020146
11.50000,0,4.2303,0.029554,0.511132,0.058411,3.863171,2.641503,81,4270.12,0.053647
11.50000,1,4.2303,0.029567,0.511139,0.058442,3.863180,2.642680,81,4214.76,0.053385
11.50000,2,4.2303,0.029548,0.511434,0.058404,3.863219,2.663703,63,2504.44,0.019902
11.50000,3,4.2303,0.029550,0.511448,0.058419,3.865379,2.662244,63,2559.03,0.020132
11.50417,0,4.1911,0.029569,0.511133,0.058442,3.821894,2.615063,81,4269.50,0.053624
11.50417,1,4.1911,0.029567,0.511140,0.058488,3.834968,2.616729,81,4221.01,0.053364
11.50417,2,4.1911,0.029564,0.511434,0.058465,3.827104,2.637523,63,2501.64,0.019885
11.50417,3,4.1911,0.029550,0.511448,0.058450,3.857961,2.639747,63,2554.28,0.020114
11.50833,0,4.1520,0.029554,0.511134,0.058427,3.810489,2.590847,81,4275.96,0.053605
11.50833,1,4.1520,0.029552,0.511140,0.058458,3.785647,2.591895,81,4223.10,0.053346
11.50833,2,4.1520,0.029564,0.511435,0.058434,3.814256,2.613256,63,2498.46,0.019866
11.50833,3,4.1520,0.029565,0.511449,0.058448,3.788547,2.608850,63,2552.86,0.020095
11.51250,0,4.1128,0.029554,0.511134,0.058412,3.749030,2.566963,81,4276.60,0.053590
11.51250,1,4.1128,0.029552,0.511141,0.058427,3.776088,2.569152,81,4224.31,0.053331
11.51250,2,4.1128,0.029564,0.511436,0.058434,3.778593,2.588954,63,2494.62,0.019845
11.51250,3,4.1128,0.029550,0.511449,0.058449,3.746189,2.588096,63,2549.65,0.020075
11.51667,0,4.0737,0.029553,0.511135,0.058427,3.734436,2.542015,81,4278.70,0.053578
11.51667,1,4.0737,0.029552,0.511140,0.058427,3.735030,2.542957,81,4226.79,0.053320
11.51667,2,4.0737,0.029543,0.511437,0.058383,3.710967,2.563357,63,2492.24,0.019822
11.51667,3,4.0737,0.029565,0.511451,0.058465,3.705077,2.562800,63,2546.67,0.020052
11.52083,0,4.0345,0.029539,0.511135,0.058396,3.672142,2.518550,81,4280.84,0.053568
11.52083,1,4.0345,0.029552,0.511141,0.058428,3.718118,2.518196,81,4228.13,0.053310
11.52083,2,4.0345,0.029564,0.511438,0.058449,3.700487,2.540295,63,2489.89,0.019798
11.52083,3,4.0345,0.029550,0.511451,0.058403,3.700567,2.542072,63,2544.04,0.020029
11.52500,0,3.9953,0.029554,0.511135,0.058427,3.628577,2.490485,81,4282.29,0.053560
11.52500,1,3.9953,0.029552,0.511142,0.058426,3.679512,2.497491,81,4229.76,0.053303
11.52500,2,3.9953,0.029536,0.511437,0.058407,3.624435,2.514176,63,2488.25,0.019774
11.52500,3,3.9953,0.029519,0.511451,0.058358,3.668734,2.514110,63,2540.66,0.020004
11.52917,0,3.9561,0.029539,0.511135,0.058412,3.623136,2.470258,81,4286.85,0.053556
11.52917,1,3.9561,0.029552,0.511142,0.058443,3.612569,2.470852,81,4231.93,0.053298
11.52917,2,3.9561,0.029537,0.511438,0.058393,3.622992,2.491606,63,2484.33,0.019747
11.52917,3,3.9561,0.029550,0.511452,0.058419,3.591451,2.490419,63,2539.39,0.019978
11.53333,0,3.9169,0.029528,0.511135,0.058402,3.585547,2.446514,81,4285.63,0.053553
11.53333,1,3.9169,0.029537,0.511142,0.058412,3.640154,2.447116,81,4232.98,0.053295
11.53333,2,3.9169,0.029564,0.511437,0.058419,3.556473,2.465915,63,2482.65,0.019721
11.53333,3,3.9169,0.029534,0.511453,0.058403,3.578413,2.462507,63,2537.76,0.019952
11.53750,0,3.8776,0.029554,0.511136,0.058473,3.564019,2.420037,81,4289.44,0.053552
11.53750,1,3.8776,0.029537,0.511142,0.058396,3.534478,2.419026,81,4234.85,0.053294
11.53750,2,3.8776,0.029521,0.511439,0.058375,3.570816,2.440443,63,2479.32,0.019693
11.53750,3,3.8776,0.029535,0.511452,0.058373,3.574738,2.439092,63,2533.96,0.019924
11.54167,0,3.8384,0.029538,0.511136,0.058443,3.499836,2.393725,81,4292.81,0.053554
11.54167,1,3.8384,0.029537,0.511142,0.058380,3.516778,2.400279,81,4239.08,0.053297
11.54167,2,3.8384,0.029533,0.511440,0.058373,3.497447,2.417194,63,2477.37,0.019665
11.54167,3,3.8384,0.029535,0.511453,0.058356,3.485065,2.418161,63,2531.28,0.019896
11.54583,0,3.7991,0.029528,0.511136,0.058402,3.495464,2.373382,81,4292.95,0.053558
11.54583,1,3.7991,0.029522,0.511145,0.058334,3.492324,2.372698,81,4238.46,0.053300
11.54583,2,3.7991,0.029548,0.511441,0.058388,3.467570,2.391349,63,2475.27,0.019636
11.54583,3,3.7991,0.029550,0.511455,0.058433,3.491804,2.388689,63,2530.42,0.019868
11.55000,0,3.7598,0.029523,0.511137,0.058366,3.486997,2.348721,81,4296.19,0.053563
11.55000,1,3.7598,0.029537,0.511144,0.058379,3.455209,2.346963,81,4241.42,0.053305
11.55000,2,3.7598,0.029522,0.511440,0.058362,3.461582,2.367821,63,2474.86,0.019608
11.55000,3,3.7598,0.029534,0.511455,0.058373,3.403946,2.366234,63,2527.76,0.019839
11.55417,0,3.7205,0.029554,0.511138,0.058443,3.386243,2.319571,81,4298.17,0.053571
11.55417,1,3.7205,0.029552,0.511144,0.058410,3.417079,2.326337,81,4243.08,0.053312
11.55417,2,3.7205,0.029518,0.511442,0.058403,3.412587,2.342578,63,2470.54,0.019579
11.55417,3,3.7205,0.029504,0.511455,0.058317,3.413908,2.342434,63,2525.54,0.019810
11.55833,0,3.6812,0.029500,0.511137,0.058358,3.380396,2.299723,81,4298.09,0.053579
11.55833,1,3.6812,0.029516,0.511144,0.058342,3.377224,2.298216,81,4244.67,0.053321
11.55833,2,3.6812,0.029522,0.511442,0.058391,3.351950,2.316261,63,2469.71,0.019549
11.55833,3,3.6812,0.029519,0.511455,0.058341,3.348897,2.315505,63,2523.81,0.019781
11.56250,0,3.6419,0.029515,0.511137,0.058372,3.338933,2.271060,81,4301.11,0.053589
11.56250,1,3.6419,0.029537,0.511144,0.058409,3.336735,2.273534,81,4246.73,0.053331
11.56250,2,3.6419,0.029534,0.511443,0.058388,3.315124,2.293479,63,2466.15,0.019519
11.56250,3,3.6419,0.029519,0.511456,0.058357,3.317288,2.293091,63,2521.80,0.019751
11.56667,0,3.6025,0.029523,0.511138,0.058397,3.331907,2.250612,81,4303.00,0.053600
11.56667,1,3.6025,0.029537,0.511145,0.058379,3.298003,2.252363,81,4249.13,0.053342
11.56667,2,3.6025,0.029518,0.511444,0.058342,3.302002,2.268651,63,2463.72,0.019489
11.56667,3,3.6025,0.029520,0.511457,0.058342,3.290476,2.267433,63,2519.47,0.019721
11.57083,0,3.5631,0.029514,0.511138,0.058372,3.262347,2.223378,81,4305.37,0.053613
11.57083,1,3.5631,0.029522,0.511145,0.058380,3.255404,2.222172,81,4250.80,0.053355
11.57083,2,3.5631,0.029518,0.511444,0.058327,3.262334,2.242282,63,2462.63,0.019459
11.57083,3,3.5631,0.029535,0.511458,0.058372,3.252975,2.239243,63,2517.67,0.019691
11.57500,0,3.5238,0.029514,0.511138,0.058387,3.225547,2.200092,81,4307.20,0.053627
11.57500,1,3.5238,0.029506,0.511146,0.058317,3.255253,2.203908,81,4250.95,0.053369
11.57500,2,3.5238,0.029518,0.511444,0.058373,3.246598,2.218647,63,2460.19,0.019428
11.57500,3,3.5238,0.029518,0.511458,0.058355,3.224485,2.220387,63,2515.40,0.019661
11.57917,0,3.4844,0.029530,0.511138,0.058388,3.183600,2.173964,81,4308.47,0.053642
11.57917,1,3.4844,0.029522,0.511145,0.058302,3.208172,2.173105,81,4254.18,0.053384
11.57917,2,3.4844,0.029534,0.511444,0.058387,3.185492,2.193221,63,2459.00,0.019398
11.57917,3,3.4844,0.029535,0.511458,0.058342,3.206099,2.190141,63,2513.34,0.019631
11.58333,0,3.4449,0.029524,0.511138,0.058334,3.205585,2.151559,81,4311.81,0.053659
11.58333,1,3.4449,0.029522,0.511146,0.058363,3.206584,2.153300,81,4255.41,0.053400
11.58333,2,3.4449,0.029519,0.511444,0.058311,3.149121,2.169821,63,2457.21,0.019368
11.58333,3,3.4449,0.029489,0.511458,0.058311,3.152042,2.171974,63,2513.30,0.019602
11.58750,0,3.4055,0.029509,0.511139,0.058320,3.134852,2.126186,81,4311.80,0.053677
11.58750,1,3.4055,0.029522,0.511147,0.058379,3.108185,2.128529,81,4255.77,0.053417
11.58750,2,3.4055,0.029519,0.511445,0.058373,3.108214,2.145126,63,2457.25,0.019339
11.58750,3,3.4055,0.029489,0.511459,0.058326,3.115575,2.141220,63,2511.20,0.019572
11.59167,0,3.3660,0.029509,0.511140,0.058351,3.125364,2.101114,81,4313.95,0.053695
11.59167,1,3.3660,0.029519,0.511147,0.058346,3.123693,2.102341,81,4255.41,0.053433
11.59167,2,3.3660,0.029519,0.511446,0.058358,3.094285,2.119427,63,2453.44,0.019309
11.59167,3,3.3660,0.029520,0.511459,0.058357,3.100434,2.120900,63,2509.82,0.019544
11.59583,0,3.3265,0.029517,0.511139,0.058358,3.056658,2.078352,81,4314.13,0.053713
11.59583,1,3.3265,0.029519,0.511148,0.058345,3.058736,2.079849,81,4258.69,0.053451
11.59583,2,3.3265,0.029518,0.511446,0.058327,3.054708,2.095719,63,2452.76,0.019280
11.59583,3,3.3265,0.029492,0.511461,0.058344,3.022930,2.092786,63,2508.25,0.019515
11.60000,0,3.2870,0.029493,0.511140,0.058349,3.017590,2.052879,81,4315.75,0.053731
11.60000,1,3.2870,0.029507,0.511149,0.058302,2.992312,2.054024,81,4259.03,0.053469
11.60000,2,3.2870,0.029519,0.511447,0.058342,3.017024,2.069661,63,2451.29,0.019251
11.60000,3,3.2870,0.029504,0.511461,0.058340,2.994850,2.071909,63,2506.64,0.019487
11.60417,0,3.2475,0.029501,0.511141,0.058357,2.978300,2.027470,81,4319.84,0.053751
11.60417,1,3.2475,0.029489,0.511149,0.058284,2.979231,2.028462,81,4263.56,0.053488
11.60417,2,3.2475,0.029504,0.511447,0.058342,2.978574,2.044184,63,2450.17,0.019223
11.60417,3,3.2475,0.029520,0.511461,0.058326,2.960797,2.041420,63,2506.04,0.019459
11.60833,0,3.2079,0.029524,0.511140,0.058335,2.935992,2.001565,81,4318.75,0.053771
11.60833,1,3.2079,0.029507,0.511149,0.058318,2.993381,2.003851,81,4264.68,0.053509
11.60833,2,3.2079,0.029512,0.511447,0.058366,2.933924,2.016567,63,2448.85,0.019196
11.60833,3,3.2079,0.029505,0.511461,0.058295,2.939851,2.020976,63,2504.46,0.019432
11.61250,0,3.1684,0.029505,0.511140,0.058332,2.928222,1.978775,81,4321.65,0.053792
11.61250,1,3.1684,0.029507,0.511149,0.058288,2.904408,1.979950,81,4265.39,0.053530
11.61250,2,3.1684,0.029504,0.511448,0.058327,2.885838,1.997448,63,2447.20,0.019168
11.61250,3,3.1684,0.029505,0.511461,0.058299,2.896729,1.992923,63,2502.38,0.019405
11.61667,0,3.1288,0.029489,0.511141,0.058300,2.886275,1.952789,81,4323.78,0.053814
11.61667,1,3.1288,0.029506,0.511150,0.058333,2.865934,1.954876,81,4268.27,0.053553
11.61667,2,3.1288,0.029519,0.511448,0.058342,2.884051,1.968677,63,2445.36,0.019141
11.61667,3,3.1288,0.029505,0.511462,0.058310,2.864133,1.969369,63,2501.45,0.019378
11.62083,0,3.0891,0.029479,0.511141,0.058305,2.849650,1.927703,81,4324.45,0.053837
11.62083,1,3.0891,0.029517,0.511151,0.058344,2.825765,1.929099,81,4269.30,0.053576
11.62083,2,3.0891,0.029504,0.511449,0.058281,2.851424,1.946403,63,2443.82,0.019114
11.62083,3,3.0891,0.029492,0.511462,0.058297,2.832780,1.943330,63,2499.90,0.019351
11.62500,0,3.0495,0.029494,0.511141,0.058334,2.817533,1.904845,81,4325.24,0.053860
11.62500,1,3.0495,0.029507,0.511151,0.058333,2.811053,1.906695,81,4267.57,0.053597
11.62500,2,3.0495,0.029483,0.511449,0.058321,2.788215,1.920941,63,2444.15,0.019088
11.62500,3,3.0495,0.029520,0.511463,0.058310,2.785347,1.920208,63,2499.76,0.019326
11.62917,0,3.0098,0.029494,0.511142,0.058335,2.776750,1.879227,81,4326.03,0.053882
11.62917,1,3.0098,0.029505,0.511152,0.058316,2.771217,1.880727,81,4270.21,0.053619
11.62917,2,3.0098,0.029504,0.511449,0.058296,2.747804,1.895036,63,2442.47,0.019063
11.62917,3,3.0098,0.029493,0.511464,0.058237,2.746711,1.894594,63,2497.81,0.019300
11.63333,0,2.9701,0.029490,0.511142,0.058300,2.730185,1.854002,81,4328.29,0.053905
11.63333,1,2.9701,0.029507,0.511152,0.058304,2.735391,1.855557,81,4270.03,0.053641
11.63333,2,2.9701,0.029519,0.511450,0.058297,2.730131,1.870182,63,2441.22,0.019037
11.63333,3,2.9701,0.029490,0.511463,0.058279,2.736579,1.869938,63,2497.63,0.019276
11.63750,0,2.9304,0.029491,0.511143,0.058286,2.723299,1.830922,81,4328.35,0.053927
11.63750,1,2.9304,0.029501,0.511152,0.058297,2.695934,1.831394,81,4271.96,0.053663
11.63750,2,2.9304,0.029489,0.511451,0.058297,2.690076,1.844105,63,2440.67,0.019013
11.63750,3,2.9304,0.029520,0.511465,0.058310,2.729151,1.845499,63,2496.40,0.019252
11.64167,0,2.8906,0.029490,0.511142,0.058330,2.682376,1.805921,81,4328.89,0.053950
11.64167,1,2.8906,0.029508,0.511152,0.058258,2.644989,1.806805,81,4276.02,0.053687
11.64167,2,2.8906,0.029519,0.511451,0.058311,2.661248,1.822670,63,2438.86,0.018989
11.64167,3,2.8906,0.029505,0.511465,0.058279,2.690472,1.820377,63,2495.27,0.019228
11.64583,0,2.8508,0.029490,0.511143,0.058315,2.614903,1.780339,81,4333.77,0.053974
11.64583,1,2.8508,0.029492,0.511153,0.058255,2.641409,1.781306,81,4276.76,0.053711
11.64583,2,2.8508,0.029504,0.511451,0.058326,2.608954,1.792976,63,2438.54,0.018966
11.64583,3,2.8508,0.029520,0.511465,0.058279,2.590296,1.795528,63,2495.00,0.019206
11.65000,0,2.8110,0.029492,0.511143,0.058318,2.601553,1.754728,81,4330.39,0.053997
11.65000,1,2.8110,0.029477,0.511154,0.058257,2.606242,1.755882,81,4277.78,0.053735
11.65000,2,2.8110,0.029519,0.511452,0.058296,2.582308,1.771943,63,2437.00,0.018943
11.65000,3,2.8110,0.029490,0.511466,0.058294,2.578045,1.768358,63,2493.82,0.019183
11.65417,0,2.7712,0.029479,0.511144,0.058319,2.542463,1.731199,81,4334.43,0.054020
11.65417,1,2.7712,0.029495,0.511154,0.058228,2.534407,1.732201,81,4279.14,0.053760
11.65417,2,2.7712,0.029519,0.511452,0.058312,2.548685,1.743758,63,2434.80,0.018920
11.65417,3,2.7712,0.029478,0.511467,0.058283,2.569217,1.746451,63,2493.08,0.019161
11.65833,0,2.7313,0.029494,0.511144,0.058319,2.500687,1.705940,81,4335.80,0.054045
11.65833,1,2.7313,0.029477,0.511153,0.058242,2.559208,1.707160,81,4280.26,0.053784
11.65833,2,2.7313,0.029519,0.511452,0.058326,2.505498,1.723088,63,2436.17,0.018898
11.65833,3,2.7313,0.029463,0.511467,0.058206,2.521839,1.717151,63,2491.88,0.019140
11.66250,0,2.6914,0.029479,0.511146,0.058273,2.490619,1.680791,81,4336.44,0.054069
11.66250,1,2.6914,0.029494,0.511154,0.058227,2.480931,1.681520,81,4281.18,0.053809
11.66250,2,2.6914,0.029504,0.511452,0.058296,2.457580,1.692369,63,2434.82,0.018877
11.66250,3,2.6914,0.029494,0.511467,0.058264,2.511961,1.694674,63,2490.76,0.019119
11.66667,0,2.6514,0.029464,0.511145,0.058258,2.450675,1.658038,81,4337.54,0.054093
11.66667,1,2.6514,0.029494,0.511155,0.058226,2.450230,1.655749,81,4282.41,0.053833
11.66667,2,2.6514,0.029486,0.511453,0.058292,2.425064,1.672438,63,2433.05,0.018855
11.66667,3,2.6514,0.029462,0.511467,0.058252,2.420002,1.669661,63,2490.65,0.019099
11.67083,0,2.6115,0.029508,0.511146,0.058316,2.401319,1.627688,81,4338.53,0.054118
11.67083,1,2.6115,0.029480,0.511155,0.058290,2.409022,1.631267,81,4281.71,0.053857
11.67083,2,2.6115,0.029471,0.511453,0.058262,2.377036,1.641627,63,2432.34,0.018835
11.67083,3,2.6115,0.029481,0.511467,0.058270,2.391961,1.644898,63,2490.13,0.019079
11.67500,0,2.5715,0.029464,0.511146,0.058288,2.403005,1.609437,81,4337.68,0.054141
11.67500,1,2.5715,0.029480,0.511155,0.058213,2.364026,1.608115,81,4282.88,0.053880
11.67500,2,2.5715,0.029474,0.511455,0.058280,2.365750,1.623125,63,2433.05,0.018815
11.67500,3,2.5715,0.029521,0.511468,0.058264,2.345659,1.617745,63,2489.44,0.019060
11.67917,0,2.5315,0.029478,0.511146,0.058287,2.355731,1.579099,81,4339.54,0.054164
11.67917,1,2.5315,0.029464,0.511157,0.058211,2.331476,1.582823,81,4283.46,0.053903
11.67917,2,2.5315,0.029474,0.511454,0.058235,2.329243,1.592882,63,2432.73,0.018797
11.67917,3,2.5315,0.029497,0.511468,0.058256,2.309213,1.596337,63,2488.99,0.019041
11.68333,0,2.4918,0.029480,0.511148,0.058289,2.293510,1.557643,81,4338.35,0.054186
11.68333,1,2.4918,0.029464,0.511157,0.058260,2.318340,1.556916,81,4282.10,0.053925
11.68333,2,2.4918,0.029474,0.511455,0.058250,2.302430,1.571880,63,2433.79,0.018780
11.68333,3,2.4918,0.029480,0.511468,0.058268,2.296855,1.566541,63,2488.70,0.019024
11.68750,0,2.4524,0.029479,0.511148,0.058272,2.307331,1.530327,81,4340.00,0.054208
11.68750,1,2.4524,0.029480,0.511157,0.058244,2.272771,1.529591,81,4284.00,0.053946
11.68750,2,2.4524,0.029489,0.511454,0.058266,2.252160,1.543647,63,2433.00,0.018763
11.68750,3,2.4524,0.029482,0.511469,0.058210,2.251756,1.543388,63,2488.38,0.019007
11.69167,0,2.4137,0.029465,0.511148,0.058259,2.209828,1.505092,81,4339.48,0.054229
11.69167,1,2.4137,0.029466,0.511158,0.058167,2.246254,1.510971,81,4282.25,0.053966
11.69167,2,2.4137,0.029489,0.511454,0.058280,2.211829,1.517999,63,2434.65,0.018749
11.69167,3,2.4137,0.029466,0.511468,0.058255,2.225900,1.520653,63,2489.99,0.018993
11.69583,0,2.3756,0.029480,0.511149,0.058228,2.238547,1.486829,81,4335.20,0.054247
11.69583,1,2.3756,0.029462,0.511158,0.058179,2.204904,1.484990,81,4278.51,0.053983
11.69583,2,2.3756,0.029474,0.511456,0.058263,2.233671,1.499272,63,2437.78,0.018736
11.69583,3,2.3756,0.029467,0.511470,0.058240,2.178214,1.496585,63,2492.00,0.018980
11.70000,0,2.3385,0.029464,0.511150,0.058258,2.196479,1.461664,81,4331.59,0.054262
11.70000,1,2.3385,0.029482,0.511159,0.058229,2.168866,1.462305,81,4275.15,0.053996
11.70000,2,2.3385,0.029456,0.511455,0.058185,2.171360,1.473262,63,2440.32,0.018727
11.70000,3,2.3385,0.029466,0.511470,0.058240,2.141738,1.472695,63,2494.54,0.018971
11.70417,0,2.3022,0.029479,0.511151,0.058257,2.130630,1.437782,81,4326.20,0.054272
11.70417,1,2.3022,0.029465,0.511160,0.058243,2.136551,1.439165,81,4271.72,0.054005
11.70417,2,2.3022,0.029459,0.511455,0.058218,2.105948,1.450147,63,2444.44,0.018721
11.70417,3,2.3022,0.029480,0.511468,0.058238,2.113991,1.450058,63,2499.36,0.018965
11.70833,0,2.2669,0.029464,0.511152,0.058258,2.095647,1.415732,81,4321.04,0.054277
11.70833,1,2.2669,0.029465,0.511161,0.058244,2.095118,1.416206,81,4267.22,0.054010
11.70833,2,2.2669,0.029474,0.511453,0.058217,2.097741,1.427257,63,2449.62,0.018720
11.70833,3,2.2669,0.029465,0.511468,0.058239,2.097555,1.426983,63,2504.90,0.018965
11.71250,0,2.2327,0.029479,0.511152,0.058288,2.062923,1.394463,81,4312.58,0.054275
11.71250,1,2.2327,0.029465,0.511163,0.058259,2.061144,1.395152,81,4258.13,0.054008
11.71250,2,2.2327,0.029472,0.511452,0.058231,2.061485,1.404022,63,2458.44,0.018724
11.71250,3,2.2327,0.029467,0.511467,0.058208,2.064684,1.405921,63,2513.55,0.018971
11.71667,0,2.1994,0.029449,0.511155,0.058259,2.032325,1.373074,81,4300.49,0.054265
11.71667,1,2.1994,0.029479,0.511164,0.058242,2.054153,1.371925,81,4245.06,0.053996
11.71667,2,2.1994,0.029455,0.511452,0.058199,2.035124,1.387620,63,2470.07,0.018737
11.71667,3,2.1994,0.029466,0.511467,0.058178,2.031124,1.385155,63,2523.36,0.018985
11.72083,0,2.1673,0.029449,0.511157,0.058181,2.022431,1.350298,81,4289.51,0.054246
11.72083,1,2.1673,0.029464,0.511165,0.058210,2.000060,1.355872,81,4233.55,0.053973
11.72083,2,2.1673,0.029459,0.511451,0.058217,1.995762,1.361983,63,2481.55,0.018759
11.72083,3,2.1673,0.029460,0.511466,0.058219,1.998756,1.363430,63,2534.35,0.019008
11.72500,0,2.1363,0.029462,0.511158,0.058195,1.965347,1.333636,81,4273.06,0.054214
11.72500,1,2.1363,0.029449,0.511168,0.058227,1.971994,1.334545,81,4219.35,0.053939
11.72500,2,2.1363,0.029457,0.511451,0.058201,1.997963,1.345568,63,2495.08,0.018790
11.72500,3,2.1363,0.029463,0.511465,0.058201,1.958618,1.344981,63,2546.64,0.019040
11.72917,0,2.1063,0.029446,0.511160,0.058194,1.967652,1.315698,81,4258.66,0.054171
11.72917,1,2.1063,0.029478,0.511170,0.058225,1.974750,1.316988,81,4206.04,0.053893
11.72917,2,2.1063,0.029440,0.511450,0.058184,1.944902,1.328988,63,2510.50,0.018833
11.72917,3,2.1063,0.029460,0.511463,0.058229,1.955786,1.326358,63,2560.65,0.019084
11.73333,0,2.0775,0.029459,0.511162,0.058253,1.940774,1.299037,81,4242.82,0.054115
11.73333,1,2.0775,0.029491,0.511171,0.058239,1.936383,1.298062,81,4190.43,0.053835
11.73333,2,2.0775,0.029453,0.511447,0.058181,1.933898,1.306304,63,2526.52,0.018887
11.73333,3,2.0775,0.029447,0.511462,0.058198,1.928322,1.307730,63,2575.81,0.019138
11.73750,0,2.0497,0.029463,0.511164,0.058228,1.883715,1.280972,81,4225.53,0.054046
11.73750,1,2.0497,0.029474,0.511173,0.058203,1.911914,1.281839,81,4173.66,0.053763
11.73750,2,2.0497,0.029451,0.511446,0.058164,1.888321,1.293654,63,2545.22,0.018953
11.73750,3,2.0497,0.029445,0.511461,0.058173,1.885096,1.291342,63,2592.37,0.019205
11.74167,0,2.0231,0.029463,0.511166,0.058258,1.912428,1.262168,81,4206.46,0.053963
11.74167,1,2.0231,0.029473,0.511176,0.058191,1.912220,1.263190,81,4155.76,0.053678
11.74167,2,2.0231,0.029443,0.511444,0.058137,1.883748,1.270691,63,2564.86,0.019033
11.74167,3,2.0231,0.029444,0.511459,0.058203,1.885684,1.273292,63,2610.93,0.019285
11.74583,0,1.9976,0.029455,0.511168,0.058235,1.860636,1.248863,81,4187.93,0.053866
11.74583,1,1.9976,0.029456,0.511178,0.058204,1.864291,1.251777,81,4135.69,0.053577
11.74583,2,1.9976,0.029458,0.511443,0.058186,1.839278,1.261552,63,2586.70,0.019126
11.74583,3,1.9976,0.029459,0.511458,0.058173,1.842994,1.260816,63,2630.53,0.019378
11.75000,0,1.9732,0.029453,0.511172,0.058233,1.861680,1.230326,81,4167.04,0.053754
11.75000,1,1.9732,0.029454,0.511181,0.058194,1.830372,1.231131,81,4116.99,0.053463
11.75000,2,1.9732,0.029447,0.511441,0.058176,1.868541,1.243033,63,2607.05,0.019233
11.75000,3,1.9732,0.029455,0.511456,0.058186,1.829486,1.242703,63,2651.20,0.019485
11.75417,0,1.9495,0.029442,0.511174,0.058192,1.792617,1.218341,81,4145.98,0.053627
11.75417,1,1.9495,0.029436,0.511183,0.058175,1.813216,1.219751,81,4098.77,0.053334
11.75417,2,1.9495,0.029449,0.511438,0.058208,1.814964,1.229850,63,2628.78,0.019353
11.75417,3,1.9495,0.029428,0.511454,0.058159,1.785599,1.228662,63,2673.08,0.019606
11.75833,0,1.9267,0.029432,0.511177,0.058183,1.821604,1.205062,81,4122.98,0.053486
11.75833,1,1.9267,0.029449,0.511185,0.058199,1.794982,1.203776,81,4076.67,0.053191
11.75833,2,1.9267,0.029442,0.511436,0.058156,1.790719,1.213199,63,2651.86,0.019486
11.75833,3,1.9267,0.029442,0.511451,0.058126,1.781908,1.214294,63,2695.70,0.019741
11.76250,0,1.9046,0.029444,0.511179,0.058240,1.792929,1.185664,81,4099.65,0.053328
11.76250,1,1.9046,0.029475,0.511188,0.058211,1.769708,1.191401,81,4054.73,0.053032
11.76250,2,1.9046,0.029438,0.511434,0.058169,1.801126,1.200938,63,2676.98,0.019634
11.76250,3,1.9046,0.029446,0.511450,0.058149,1.764776,1.198340,63,2719.75,0.019891
11.76667,0,1.8833,0.029454,0.511182,0.058251,1.780650,1.176876,81,4076.75,0.053156
11.76667,1,1.8833,0.029443,0.511190,0.058209,1.777147,1.177459,81,4031.10,0.052858
11.76667,2,1.8833,0.029465,0.511431,0.058178,1.748509,1.187087,63,2701.15,0.019796
11.76667,3,1.8833,0.029442,0.511447,0.058177,1.745934,1.186379,63,2743.04,0.020054
11.77083,0,1.8629,0.029437,0.511184,0.058220,1.727133,1.162671,81,4052.96,0.052969
11.77083,1,1.8629,0.029470,0.511194,0.058222,1.724879,1.163347,81,4010.66,0.052670
11.77083,2,1.8629,0.029443,0.511430,0.058175,1.728824,1.172995,63,2725.46,0.019971
11.77083,3,1.8629,0.029411,0.511445,0.058140,1.728649,1.175312,63,2767.86,0.020231
11.77500,0,1.8432,0.029452,0.511187,0.058219,1.740495,1.153542,81,4029.54,0.052768
11.77500,1,1.8432,0.029437,0.511197,0.058190,1.734250,1.149504,81,3986.87,0.052468
11.77500,2,1.8432,0.029460,0.511427,0.058168,1.708406,1.161412,63,2751.70,0.020159
11.77500,3,1.8432,0.029439,0.511442,0.058185,1.708966,1.160575,63,2793.14,0.020421
11.77917,0,1.8243,0.029441,0.511190,0.058209,1.717323,1.137064,81,4003.99,0.052552
11.77917,1,1.8243,0.029447,0.511198,0.058170,1.695359,1.142938,81,3964.79,0.052252
11.77917,2,1.8243,0.029455,0.511424,0.058188,1.693443,1.149115,63,2777.18,0.020361
11.77917,3,1.8243,0.029428,0.511439,0.058159,1.688058,1.148456,63,2818.38,0.020624
11.78333,0,1.8062,0.029427,0.511193,0.058211,1.676138,1.128310,81,3980.43,0.052322
11.78333,1,1.8062,0.029442,0.511201,0.058165,1.699538,1.129700,81,3942.33,0.052022
11.78333,2,1.8062,0.029450,0.511422,0.058168,1.676045,1.140383,63,2803.38,0.020574
11.78333,3,1.8062,0.029440,0.511437,0.058172,1.675886,1.140091,63,2844.61,0.020840
11.78750,0,1.7889,0.029451,0.511196,0.058235,1.680758,1.116529,81,3954.68,0.052079
11.78750,1,1.7889,0.029453,0.511204,0.058161,1.663109,1.119312,81,3915.73,0.051779
11.78750,2,1.7889,0.029462,0.511419,0.058196,1.653406,1.123801,63,2830.82,0.020800
11.78750,3,1.7889,0.029439,0.511434,0.058187,1.684740,1.128137,63,2871.03,0.021068
11.79167,0,1.7724,0.029432,0.511199,0.058187,1.639990,1.106874,81,3930.70,0.051823
11.79167,1,1.7724,0.029449,0.511207,0.058174,1.693876,1.106121,81,3893.54,0.051523
11.79167,2,1.7724,0.029444,0.511418,0.058179,1.643788,1.118883,63,2858.03,0.021039
11.79167,3,1.7724,0.029435,0.511433,0.058153,1.642194,1.116342,63,2896.88,0.021307
11.79583,0,1.7566,0.029429,0.511201,0.058215,1.623115,1.095749,81,3905.23,0.051555
11.79583,1,1.7566,0.029429,0.511210,0.058155,1.629965,1.098572,81,3866.83,0.051253
11.79583,2,1.7566,0.029453,0.511415,0.058189,1.623618,1.105316,63,2885.33,0.021288
11.79583,3,1.7566,0.029431,0.511430,0.058165,1.631938,1.105185,63,2923.57,0.021558
11.80000,0,1.7416,0.029439,0.511204,0.058165,1.635213,1.086948,81,3878.96,0.051273
11.80000,1,1.7416,0.029424,0.511213,0.058211,1.634124,1.087394,81,3843.67,0.050971
11.80000,2,1.7416,0.029450,0.511413,0.058187,1.638725,1.098360,63,2912.27,0.021549
11.80000,3,1.7416,0.029438,0.511427,0.058188,1.622015,1.097944,63,2949.94,0.021820
11.80417,0,1.7272,0.029449,0.511207,0.058191,1.623323,1.079902,81,3855.70,0.050981
11.80417,1,1.7272,0.029483,0.511216,0.058240,1.600238,1.080537,81,3819.60,0.050678
11.80417,2,1.7272,0.029459,0.511410,0.058196,1.623418,1.088967,63,2940.14,0.021820
11.80417,3,1.7272,0.029434,0.511425,0.058200,1.599031,1.089161,63,2976.99,0.022092
11.80833,0,1.7136,0.029459,0.511210,0.058247,1.610413,1.070430,81,3829.12,0.050677
11.80833,1,1.7136,0.029445,0.511219,0.058203,1.609122,1.071118,81,3794.69,0.050374
11.80833,2,1.7136,0.029460,0.511407,0.058182,1.585790,1.082397,63,2967.21,0.022100
11.80833,3,1.7136,0.029424,0.511421,0.058146,1.593709,1.079555,63,3003.27,0.022373
11.81250,0,1.7006,0.029453,0.511213,0.058166,1.603334,1.063212,81,3804.10,0.050362
11.81250,1,1.7006,0.029454,0.511222,0.058198,1.627296,1.062226,81,3768.61,0.050059
11.81250,2,1.7006,0.029434,0.511405,0.058187,1.594223,1.068118,63,2994.29,0.022390
11.81250,3,1.7006,0.029436,0.511420,0.058174,1.587709,1.072147,63,3030.17,0.022664
11.81667,0,1.6883,0.029418,0.511216,0.058176,1.556538,1.052095,81,3779.36,0.050038
11.81667,1,1.6883,0.029418,0.511224,0.058162,1.558475,1.054569,81,3745.46,0.049734
11.81667,2,1.6883,0.029468,0.511403,0.058222,1.559737,1.065905,63,3021.38,0.022688
11.81667,3,1.6883,0.029436,0.511417,0.058158,1.582267,1.062678,63,3056.18,0.022963
11.82083,0,1.6767,0.029459,0.511219,0.058233,1.581682,1.049924,81,3753.11,0.049703
11.82083,1,1.6767,0.029475,0.511227,0.058220,1.547878,1.048118,81,3720.06,0.049399
11.82083,2,1.6767,0.029454,0.511401,0.058210,1.550575,1.058682,63,3047.07,0.022994
11.82083,3,1.6767,0.029452,0.511415,0.058207,1.564196,1.058295,63,3081.99,0.023269
11.82500,0,1.6656,0.029438,0.511221,0.058228,1.557483,1.038060,81,3730.20,0.049360
11.82500,1,1.6656,0.029440,0.511230,0.058185,1.566244,1.043038,81,3697.29,0.049055
11.82500,2,1.6656,0.029433,0.511398,0.058174,1.561293,1.049460,63,3073.60,0.023307
11.82500,3,1.6656,0.029442,0.511412,0.058166,1.538830,1.051162,63,3108.26,0.023583
11.82917,0,1.6551,0.029432,0.511224,0.058223,1.557801,1.033459,81,3705.04,0.049009
11.82917,1,1.6551,0.029449,0.511232,0.058164,1.527003,1.033841,81,3674.74,0.048705
11.82917,2,1.6551,0.029457,0.511396,0.058199,1.552678,1.044180,63,3099.82,0.023626
11.82917,3,1.6551,0.029446,0.511408,0.058171,1.522238,1.041698,63,3133.87,0.023902
11.83333,0,1.6452,0.029456,0.511226,0.058232,1.543551,1.028456,81,3682.46,0.048651
11.83333,1,1.6452,0.029457,0.511235,0.058203,1.529556,1.027326,81,3649.62,0.048347
11.83333,2,1.6452,0.029435,0.511393,0.058178,1.539622,1.035161,63,3123.90,0.023951
11.83333,3,1.6452,0.029429,0.511407,0.058155,1.514675,1.034955,63,3158.23,0.024228
11.83750,0,1.6358,0.029450,0.511229,0.058227,1.528775,1.019916,81,3658.61,0.048287
11.83750,1,1.6358,0.029467,0.511238,0.058199,1.504997,1.022389,81,3627.84,0.047983
11.83750,2,1.6358,0.029445,0.511392,0.058188,1.536156,1.032904,63,3150.01,0.024281
11.83750,3,1.6358,0.029473,0.511404,0.058215,1.511623,1.032482,63,3183.22,0.024558
11.84167,0,1.6270,0.029445,0.511232,0.058222,1.525717,1.014672,81,3636.35,0.047917
11.84167,1,1.6270,0.029463,0.511241,0.058226,1.514959,1.016135,81,3603.43,0.047613
11.84167,2,1.6270,0.029425,0.511390,0.058141,1.519699,1.023981,63,3174.34,0.024615
11.84167,3,1.6270,0.029433,0.511403,0.058145,1.492848,1.023639,63,3207.08,0.024892
11.84583,0,1.6187,0.029463,0.511234,0.058271,1.513636,1.010269,81,3611.72,0.047541
11.84583,1,1.6187,0.029441,0.511244,0.058204,1.514991,1.010917,81,3580.09,0.047237
11.84583,2,1.6187,0.029457,0.511388,0.058186,1.513931,1.018882,63,3197.73,0.024953
11.84583,3,1.6187,0.029468,0.511400,0.058211,1.487368,1.021002,63,3230.70,0.025230
11.85000,0,1.6108,0.029464,0.511237,0.058242,1.513911,1.007840,81,3589.06,0.047160
11.85000,1,1.6108,0.029480,0.511245,0.058259,1.510373,1.008669,81,3557.01,0.046855
11.85000,2,1.6108,0.029448,0.511386,0.058193,1.508200,1.014177,63,3221.90,0.025294
11.85000,3,1.6108,0.029458,0.511398,0.058217,1.489841,1.013735,63,3254.30,0.025571
11.85417,0,1.6034,0.029443,0.511240,0.058253,1.504007,1.001158,80,3565.40,0.046774
11.85417,1,1.6034,0.029444,0.511248,0.058209,1.498654,1.001715,81,3534.10,0.046469
11.85417,2,1.6034,0.029438,0.511383,0.058169,1.504079,1.012194,63,3245.39,0.025638
11.85417,3,1.6034,0.029431,0.511395,0.058161,1.474226,1.011534,63,3276.70,0.025914
11.85833,0,1.5964,0.029421,0.511242,0.058200,1.496272,0.996584,80,3544.25,0.046385
11.85833,1,1.5964,0.029452,0.511250,0.058232,1.492297,0.996834,81,3514.18,0.046080
11.85833,2,1.5964,0.029474,0.511381,0.058236,1.494130,1.007774,63,3267.39,0.025984
11.85833,3,1.5964,0.029438,0.511393,0.058168,1.473077,1.006998,63,3298.37,0.026259
11.86250,0,1.5899,0.029462,0.511244,0.058272,1.513388,0.991847,80,3524.80,0.045994
11.86250,1,1.5899,0.029465,0.511254,0.058199,1.485947,0.991897,81,3492.63,0.045689
11.86250,2,1.5899,0.029437,0.511380,0.058184,1.482206,0.998148,63,3286.92,0.026329
11.86250,3,1.5899,0.029434,0.511392,0.058150,1.484507,0.999978,63,3318.79,0.026604
11.86667,0,1.5837,0.029457,0.511246,0.058252,1.483900,0.991544,80,3503.32,0.045600
11.86667,1,1.5837,0.029458,0.511256,0.058254,1.508652,0.990955,81,3473.42,0.045296
11.86667,2,1.5837,0.029436,0.511378,0.058183,1.490505,1.000325,63,3306.57,0.026675
11.86667,3,1.5837,0.029435,0.511390,0.058166,1.457694,0.997658,63,3338.79,0.026948
11.87083,0,1.5776,0.029450,0.511249,0.058231,1.480327,0.984830,80,3483.76,0.045206
11.87083,1,1.5776,0.029436,0.511258,0.058202,1.477910,0.987800,81,3452.06,0.044902
11.87083,2,1.5776,0.029475,0.511377,0.058177,1.483264,0.996063,63,3326.97,0.027019
11.87083,3,1.5776,0.029454,0.511388,0.058171,1.475777,0.995491,63,3358.47,0.027293
11.87500,0,1.5716,0.029474,0.511250,0.058270,1.474148,0.982636,80,3465.87,0.044812
11.87500,1,1.5716,0.029444,0.511260,0.058226,1.470169,0.983173,81,3433.66,0.044508
11.87500,2,1.5716,0.029450,0.511376,0.058184,1.467340,0.989063,63,3345.40,0.027363
11.87500,3,1.5716,0.029432,0.511386,0.058165,1.453838,0.993364,63,3376.82,0.027635
11.87917,0,1.5655,0.029453,0.511252,0.058234,1.467330,0.977839,80,3449.91,0.044419
11.87917,1,1.5655,0.029455,0.511261,0.058221,1.459676,0.978383,81,3420.03,0.044117
11.87917,2,1.5655,0.029441,0.511374,0.058190,1.467456,0.988637,63,3362.38,0.027704
11.87917,3,1.5655,0.029440,0.511384,0.058158,1.439588,0.985607,63,3393.46,0.027975
11.88333,0,1.5595,0.029464,0.511254,0.058231,1.459174,0.973134,80,3436.65,0.044031
11.88333,1,1.5595,0.029481,0.511263,0.058308,1.453570,0.973765,81,3404.84,0.043730
11.88333,2,1.5595,0.029447,0.511373,0.058181,1.455723,0.981810,63,3377.22,0.028041
11.88333,3,1.5595,0.029455,0.511383,0.058143,1.458135,0.984131,63,3408.76,0.028311
11.88750,0,1.5534,0.029474,0.511255,0.058271,1.456958,0.970795,80,3420.95,0.043646
11.88750,1,1.5534,0.029475,0.511265,0.058242,1.455816,0.973797,81,3387.25,0.043345
11.88750,2,1.5534,0.029465,0.511371,0.058215,1.461449,0.982120,63,3392.32,0.028375
11.88750,3,1.5534,0.029433,0.511382,0.058151,1.450197,0.979319,63,3422.27,0.028642
11.89167,0,1.5472,0.029452,0.511257,0.058265,1.474158,0.966658,80,3406.34,0.043265
11.89167,1,1.5472,0.029470,0.511267,0.058268,1.437293,0.965261,81,3375.79,0.042966
11.89167,2,1.5472,0.029472,0.511371,0.058177,1.449293,0.977008,64,3405.36,0.028702
11.89167,3,1.5472,0.029426,0.511380,0.058161,1.425149,0.974384,63,3435.05,0.028968
11.89583,0,1.5410,0.029431,0.511258,0.058244,1.438625,0.961803,80,3395.01,0.042890
11.89583,1,1.5410,0.029450,0.511268,0.058232,1.440160,0.964964,81,3361.73,0.042592
11.89583,2,1.5410,0.029442,0.511371,0.058193,1.437482,0.970310,64,3415.93,0.029024
11.89583,3,1.5410,0.029426,0.511379,0.058130,1.440971,0.972666,63,3446.29,0.029286
11.90000,0,1.5347,0.029458,0.511259,0.058225,1.433207,0.959418,80,3386.00,0.042523
11.90000,1,1.5347,0.029459,0.511269,0.058242,1.435465,0.960125,81,3351.07,0.042225
11.90000,2,1.5347,0.029451,0.511370,0.058187,1.435001,0.968484,64,3424.69,0.029337
11.90000,3,1.5347,0.029446,0.511379,0.058151,1.417318,0.967436,63,3456.26,0.029597
11.90417,0,1.5284,0.029423,0.511260,0.058221,1.425443,0.957072,80,3377.59,0.042163
11.90417,1,1.5284,0.029455,0.511270,0.058253,1.454747,0.955621,81,3346.38,0.041869
11.90417,2,1.5284,0.029428,0.511369,0.058133,1.426482,0.963625,64,3431.78,0.029640
11.90417,3,1.5284,0.029410,0.511378,0.058130,1.425689,0.962920,63,3464.58,0.029899
11.90833,0,1.5219,0.029463,0.511261,0.058261,1.448540,0.949790,80,3368.62,0.041813
11.90833,1,1.5219,0.029464,0.511271,0.058262,1.417231,0.950955,81,3334.63,0.041520
11.90833,2,1.5219,0.029445,0.511369,0.058182,1.423459,0.960917,64,3439.63,0.029935
11.90833,3,1.5219,0.029440,0.511377,0.058160,1.427185,0.960597,63,3472.66,0.030192
11.91250,0,1.5153,0.029459,0.511262,0.058242,1.408909,0.944004,80,3359.27,0.041471
11.91250,1,1.5153,0.029461,0.511271,0.058214,1.410946,0.946844,81,3323.98,0.041180
11.91250,2,1.5153,0.029451,0.511369,0.058203,1.412160,0.954039,64,3445.50,0.030220
11.91250,3,1.5153,0.029443,0.511377,0.058179,1.394709,0.953960,63,3478.86,0.030475
11.91667,0,1.5086,0.029454,0.511263,0.058268,1.435777,0.943457,80,3352.66,0.041138
11.91667,1,1.5086,0.029456,0.511272,0.058270,1.406846,0.944267,81,3318.00,0.040849
11.91667,2,1.5086,0.029441,0.511369,0.058178,1.408026,0.951793,64,3449.65,0.030495
11.91667,3,1.5086,0.029434,0.511376,0.058139,1.411964,0.951481,63,3483.88,0.030748
11.92083,0,1.5017,0.029450,0.511263,0.058233,1.429730,0.938552,80,3348.91,0.040816
11.92083,1,1.5017,0.029437,0.511273,0.058220,1.399591,0.939342,81,3313.86,0.040529
11.92083,2,1.5017,0.029459,0.511369,0.058181,1.402663,0.944628,64,3451.81,0.030758
11.92083,3,1.5017,0.029424,0.511377,0.058130,1.400560,0.946558,63,3487.54,0.031010
11.92500,0,1.4946,0.029432,0.511263,0.058215,1.392031,0.933788,80,3344.54,0.040505
11.92500,1,1.4946,0.029449,0.511273,0.058247,1.421650,0.934626,81,3307.48,0.040220
11.92500,2,1.4946,0.029429,0.511369,0.058166,1.396634,0.941994,64,3454.47,0.031010
11.92500,3,1.4946,0.029457,0.511376,0.058147,1.394913,0.944523,63,3490.29,0.031260
11.92917,0,1.4874,0.029428,0.511263,0.058211,1.385896,0.929085,80,3340.30,0.040205
11.92917,1,1.4874,0.029444,0.511273,0.058212,1.384279,0.930115,81,3304.46,0.039923
11.92917,2,1.4874,0.029481,0.511369,0.058202,1.393653,0.942441,64,3455.97,0.031250
11.92917,3,1.4874,0.029447,0.511375,0.058169,1.384853,0.937110,63,3492.18,0.031498
11.93333,0,1.4800,0.029454,0.511263,0.058252,1.378471,0.924660,80,3339.09,0.039918
11.93333,1,1.4800,0.029456,0.511273,0.058224,1.388508,0.927551,81,3302.21,0.039638
11.93333,2,1.4800,0.029456,0.511369,0.058208,1.375134,0.930490,64,3454.92,0.031477
11.93333,3,1.4800,0.029428,0.511375,0.058134,1.383814,0.932259,63,3492.37,0.031724
11.93750,0,1.4724,0.029451,0.511263,0.058249,1.400896,0.920547,80,3339.61,0.039644
11.93750,1,1.4724,0.029453,0.511273,0.058236,1.371539,0.921544,81,3302.24,0.039366
11.93750,2,1.4724,0.029445,0.511369,0.058152,1.374924,0.930993,64,3452.63,0.031691
11.93750,3,1.4724,0.029437,0.511376,0.058174,1.373323,0.930762,63,3491.58,0.031936
11.94167,0,1.4645,0.029433,0.511263,0.058201,1.364657,0.915777,80,3339.68,0.039383
11.94167,1,1.4645,0.029466,0.511274,0.058218,1.390658,0.916546,81,3301.99,0.039108
11.94167,2,1.4645,0.029432,0.511370,0.058170,1.376650,0.923762,64,3450.35,0.031892
11.94167,3,1.4645,0.029427,0.511376,0.058133,1.363760,0.923699,63,3490.22,0.032136
11.94583,0,1.4564,0.029445,0.511263,0.058243,1.360708,0.911129,80,3339.78,0.039136
11.94583,1,1.4564,0.029462,0.511273,0.058230,1.353694,0.908955,81,3304.14,0.038865
11.94583,2,1.4564,0.029452,0.511370,0.058189,1.350753,0.914265,64,3446.49,0.032080
11.94583,3,1.4564,0.029415,0.511376,0.058136,1.381350,0.916186,63,3487.26,0.032322
11.95000,0,1.4481,0.029474,0.511262,0.058257,1.346070,0.904370,81,3343.23,0.038903
11.95000,1,1.4481,0.029475,0.511273,0.058289,1.374485,0.907218,81,3301.94,0.038634
11.95000,2,1.4481,0.029439,0.511371,0.058176,1.348801,0.914111,64,3441.62,0.032253
11.95000,3,1.4481,0.029431,0.511377,0.058153,1.352936,0.911765,63,3483.60,0.032495
11.95417,0,1.4395,0.029470,0.511261,0.058253,1.365017,0.899242,81,3348.27,0.038684
11.95417,1,1.4395,0.029472,0.511272,0.058255,1.365037,0.900076,81,3307.89,0.038418
11.95417,2,1.4395,0.029473,0.511372,0.058195,1.344522,0.906258,64,3435.18,0.032413
11.95417,3,1.4395,0.029421,0.511377,0.058143,1.343861,0.906901,63,3478.65,0.032654
11.95833,0,1.4306,0.029468,0.511261,0.058251,1.332423,0.892453,81,3352.77,0.038481
11.95833,1,1.4306,0.029455,0.511271,0.058238,1.359739,0.892694,81,3311.49,0.038218
11.95833,2,1.4306,0.029459,0.511373,0.058212,1.332858,0.899846,64,3428.71,0.032558
11.95833,3,1.4306,0.029453,0.511378,0.058190,1.339135,0.902147,63,3473.14,0.032798
11.96250,0,1.4213,0.029451,0.511260,0.058234,1.321434,0.887749,81,3356.90,0.038293
11.96250,1,1.4213,0.029453,0.511271,0.058206,1.350751,0.888812,81,3314.22,0.038031
11.96250,2,1.4213,0.029463,0.511374,0.058215,1.319476,0.895386,64,3421.28,0.032690
11.96250,3,1.4213,0.029424,0.511378,0.058161,1.323401,0.892929,63,3466.60,0.032929
11.96667,0,1.4118,0.029448,0.511261,0.058231,1.310372,0.881140,81,3364.05,0.038119
11.96667,1,1.4118,0.029450,0.511270,0.058233,1.308835,0.881577,81,3321.53,0.037860
11.96667,2,1.4118,0.029447,0.511375,0.058200,1.316164,0.888773,64,3412.21,0.032806
11.96667,3,1.4118,0.029458,0.511379,0.058180,1.312122,0.890276,63,3459.18,0.033045
11.97083,0,1.4019,0.029447,0.511259,0.058245,1.329800,0.876475,81,3370.22,0.037960
11.97083,1,1.4019,0.029465,0.511270,0.058232,1.301513,0.877061,81,3325.54,0.037703
11.97083,2,1.4019,0.029435,0.511376,0.058157,1.310235,0.884388,64,3403.67,0.032909
11.97083,3,1.4019,0.029458,0.511381,0.058180,1.309314,0.884008,63,3450.96,0.033147
11.97500,0,1.3917,0.029446,0.511258,0.058214,1.290726,0.869213,81,3377.78,0.037816
11.97500,1,1.3917,0.029447,0.511269,0.058261,1.319265,0.869901,81,3332.59,0.037561
11.97500,2,1.3917,0.029422,0.511377,0.058159,1.322281,0.879035,64,3394.26,0.032998
11.97500,3,1.3917,0.029405,0.511381,0.058127,1.321502,0.878713,63,3441.99,0.033235
11.97917,0,1.3811,0.029444,0.511258,0.058227,1.295152,0.862399,81,3389.76,0.037689
11.97917,1,1.3811,0.029460,0.511269,0.058274,1.307890,0.862397,81,3342.43,0.037435
11.97917,2,1.3811,0.029426,0.511379,0.058163,1.293565,0.870156,64,3382.98,0.033073
11.97917,3,1.3811,0.029417,0.511382,0.058124,1.286871,0.869661,63,3432.07,0.033309
11.98333,0,1.3701,0.029444,0.511257,0.058227,1.296545,0.855729,81,3397.17,0.037576
11.98333,1,1.3701,0.029460,0.511267,0.058258,1.300224,0.858446,81,3350.02,0.037324
11.98333,2,1.3701,0.029456,0.511380,0.058179,1.264480,0.861061,64,3371.50,0.033133
11.98333,3,1.3701,0.029423,0.511384,0.058130,1.271460,0.860919,63,3421.37,0.033368
11.98750,0,1.3588,0.029443,0.511255,0.058211,1.258989,0.846659,81,3407.70,0.037478
11.98750,1,1.3588,0.029430,0.511266,0.058228,1.255027,0.847065,81,3360.23,0.037228
11.98750,2,1.3588,0.029440,0.511382,0.058162,1.262979,0.858981,64,3359.19,0.033179
11.98750,3,1.3588,0.029408,0.511385,0.058130,1.267925,0.858062,63,3409.84,0.033414
11.99167,0,1.3470,0.029457,0.511255,0.058225,1.252047,0.842051,81,3417.73,0.037395
11.99167,1,1.3470,0.029460,0.511265,0.058242,1.272207,0.842765,81,3367.67,0.037147
11.99167,2,1.3470,0.029442,0.511383,0.058179,1.246642,0.849400,63,3347.05,0.033212
11.99167,3,1.3470,0.029401,0.511386,0.058123,1.249869,0.849106,63,3397.85,0.033445
11.99583,0,1.3348,0.029456,0.511253,0.058193,1.267541,0.837601,81,3428.64,0.037327
11.99583,1,1.3348,0.029459,0.511265,0.058211,1.268754,0.837982,81,3378.55,0.037079
11.99583,2,1.3348,0.029428,0.511385,0.058135,1.243670,0.842312,63,3334.14,0.033231
11.99583,3,1.3348,0.029421,0.511388,0.058128,1.263376,0.841780,63,3385.20,0.033463
