t,x,y,z,speed_mps,fwd_mps,rpm,gear,boost_bar,throttle,brake,steer,airborne,aero_drag_N,aero_downforce_N,aero_front_N,aero_rear_N,aero_side_N,aero_pitch_Nm,w0_strut_m,w0_strutrate_mps,w0_strutforce_N,w0_arb_N,w1_strut_m,w1_strutrate_mps,w1_strutforce_N,w1_arb_N,w2_strut_m,w2_strutrate_mps,w2_strutforce_N,w2_arb_N,w3_strut_m,w3_strutrate_mps,w3_strutforce_N,w3_arb_N,w0_load_N,w0_slip,w0_slipang,w0_steer,w0_omega,w0_contact,w0_braketemp_K,w0_abs,w1_load_N,w1_slip,w1_slipang,w1_steer,w1_omega,w1_contact,w1_braketemp_K,w1_abs,w2_load_N,w2_slip,w2_slipang,w2_steer,w2_omega,w2_contact,w2_braketemp_K,w2_abs,w3_load_N,w3_slip,w3_slipang,w3_steer,w3_omega,w3_contact,w3_braketemp_K,w3_abs
0.0000,0.0000,0.0000,0.5300,0.000,0.000,700.0,2,0.000,0.000,0.000,0.000,0,0.00,0.00,0.00,0.00,0.00,0.00,0.03403,-0.1943,2255.0,0.0,0.03388,-0.2325,2438.5,356.3,0.03400,-0.2027,2295.0,0.0,0.03384,-0.2418,2483.2,371.5,1518.5,0.0000,0.0000,0.0000,0.000,1,293.15,0,1518.5,0.0000,0.0000,0.0000,0.000,1,293.15,0,1518.5,0.0000,0.0000,0.0000,0.000,1,293.15,0,1518.5,0.0000,0.0000,0.0000,0.000,1,293.15,0
0.0167,-0.0000,0.0000,0.5293,0.050,-0.000,700.0,2,0.000,0.000,0.000,0.000,0,0.00,0.00,0.00,0.00,0.00,0.00,0.03154,0.0038,2934.7,-32.2,0.03159,0.0375,2952.4,-161.8,0.03147,0.0209,3104.1,-38.9,0.03154,0.0537,3096.8,-195.5,3747.6,-0.0000,0.0000,0.0000,0.000,1,293.15,0,3802.0,-0.0000,0.0000,0.0000,0.000,1,293.15,0,4028.3,-0.0000,0.0000,0.0000,0.000,1,293.15,0,4035.5,-0.0000,0.0000,0.0000,0.000,1,293.15,0
0.0333,-0.0000,0.0000,0.5286,0.035,0.000,700.0,2,0.000,0.000,0.000,0.000,0,0.00,0.00,0.00,0.00,0.00,0.00,0.03341,0.0317,3209.6,19.1,0.03326,0.0289,3246.2,75.9,0.03336,0.0094,3267.3,66.9,0.03319,-0.0066,3176.9,57.4,3068.3,0.0000,-0.0000,0.0000,-0.000,1,293.15,0,3117.4,0.0000,-0.0000,0.0000,0.000,1,293.15,0,3055.8,0.0000,-0.0000,0.0000,-0.000,1,293.15,0,3075.9,0.0000,-0.0000,0.0000,0.000,1,293.15,0
0.0500,-0.0000,0.0000,0.5280,0.040,-0.000,700.0,2,0.000,0.000,0.000,0.000,0,0.00,0.00,0.00,0.00,0.00,0.00,0.03332,0.0250,3103.3,-53.5,0.03351,0.0575,3290.5,-16.4,0.03327,0.0474,3296.7,-67.6,0.03345,0.0636,3425.1,-21.3,3496.6,-0.0000,-0.0001,0.0000,0.000,1,293.15,0,3682.5,-0.0000,-0.0001,0.0000,0.000,1,293.15,0,3726.8,-0.0000,-0.0001,0.0000,0.000,1,293.15,0,3745.6,-0.0000,-0.0001,0.0000,0.000,1,293.15,0
0.0667,-0.0000,-0.0000,0.5274,0.031,-0.000,700.0,2,0.000,0.000,0.000,0.000,0,0.00,0.00,0.00,0.00,0.00,0.00,0.03412,0.0062,3158.3,38.1,0.03409,-0.0035,3087.9,10.8,0.03417,0.0120,3312.2,54.2,0.03410,-0.0069,3188.1,17.9,3191.5,0.0000,0.0000,0.0000,0.000,1,293.15,0,3198.3,0.0000,0.0000,0.0000,0.000,1,293.15,0,3264.8,0.0000,0.0000,0.0000,0.000,1,293.15,0,3226.5,0.0000,0.0000,0.0000,0.000,1,293.15,0
0.0833,-0.0000,-0.0000,0.5269,0.028,-0.000,700.0,2,0.000,0.000,0.000,0.000,0,0.00,0.00,0.00,0.00,0.00,0.00,0.03469,0.0635,3374.6,-23.2,0.03474,0.0423,3300.1,-9.2,0.03461,0.0523,3445.0,-17.0,0.03471,0.0519,3454.4,-11.5,3606.7,0.0000,0.0001,0.0000,0.000,1,293.15,0,3390.4,0.0000,0.0001,0.0000,0.000,1,293.15,0,3676.6,0.0000,0.0001,0.0000,0.000,1,293.15,0,3656.3,0.0000,0.0001,0.0000,0.000,1,293.15,0
0.1000,-0.0000,-0.0000,0.5265,0.024,0.000,700.0,2,0.000,0.000,0.000,0.000,0,0.00,0.00,0.00,0.00,0.00,0.00,0.03484,0.0347,3245.9,-36.2,0.03496,0.0468,3299.5,-41.0,0.03484,0.0165,3287.8,-28.4,0.03493,0.0277,3341.1,-29.6,3652.1,0.0000,0.0000,0.0000,0.000,1,293.15,0,3663.7,0.0000,0.0000,0.0000,0.000,1,293.15,0,3651.9,0.0000,0.0000,0.0000,0.000,1,293.15,0,3677.8,0.0000,0.0000,0.0000,-0.000,1,293.15,0
0.1167,-0.0000,0.0000,0.5262,0.017,-0.000,700.0,2,0.000,0.000,0.000,0.000,0,0.00,0.00,0.00,0.00,0.00,0.00,0.03519,-0.0164,3102.8,21.2,0.03514,-0.0186,3080.5,10.8,0.03536,0.0006,3305.7,31.1,0.03529,-0.0170,3222.7,30.1,3214.1,0.0000,-0.0000,0.0000,0.000,1,293.15,0,3239.7,0.0000,-0.0000,0.0000,0.000,1,293.15,0,3305.6,0.0000,-0.0000,0.0000,0.000,1,293.15,0,3238.9,0.0000,-0.0000,0.0000,0.000,1,293.15,0
0.1333,-0.0000,0.0000,0.5260,0.013,-0.000,700.0,2,0.000,0.000,0.000,0.000,0,0.00,0.00,0.00,0.00,0.00,0.00,0.03561,0.0123,3247.4,19.7,0.03558,-0.0036,3193.7,35.4,0.03558,0.0382,3441.6,-12.6,0.03567,0.0358,3438.9,-9.7,3254.1,0.0000,-0.0000,0.0000,0.000,1,293.15,0,3198.5,0.0000,-0.0000,0.0000,0.000,1,293.15,0,3668.6,0.0000,-0.0000,0.0000,0.000,1,293.15,0,3638.6,0.0000,-0.0000,0.0000,0.000,1,293.15,0
0.1500,-0.0000,-0.0000,0.5259,0.010,0.000,700.0,2,0.000,0.000,0.000,0.000,0,0.00,0.00,0.00,0.00,0.00,0.00,0.03568,0.0416,3327.4,-30.1,0.03578,0.0472,3362.7,-24.2,0.03557,0.0094,3282.8,-43.0,0.03564,0.0217,3363.6,-20.7,3652.8,0.0000,0.0000,0.0000,0.000,1,293.15,0,3637.1,0.0000,0.0000,0.0000,0.000,1,293.15,0,3672.6,0.0000,0.0000,0.0000,0.000,1,293.15,0,3680.4,0.0000,0.0000,0.0000,0.000,1,293.15,0
0.1667,-0.0000,-0.0000,0.5258,0.004,0.000,700.0,2,0.000,0.000,0.000,0.000,0,0.00,0.00,0.00,0.00,0.00,0.00,0.03561,-0.0181,3107.3,9.9,0.03563,0.0022,3172.1,-13.3,0.03580,-0.0259,3239.0,57.1,0.03568,-0.0360,3147.8,17.6,3333.5,0.0000,0.0000,0.0000,0.000,1,293.15,0,3510.8,0.0000,0.0000,0.0000,0.000,1,293.15,0,3223.9,0.0000,0.0000,0.0000,0.000,1,293.15,0,3246.6,0.0000,0.0000,0.0000,0.000,1,293.15,0
0.1833,-0.0000,-0.0000,0.5257,0.001,-0.000,700.0,2,0.000,0.000,0.000,0.000,0,0.00,0.00,0.00,0.00,0.00,0.00,0.03581,-0.0211,3116.3,20.8,0.03577,-0.0274,3091.5,25.3,0.03595,0.0306,3429.9,-11.0,0.03597,0.0150,3368.5,-4.1,3187.4,0.0000,0.0000,0.0000,0.000,1,293.15,0,3194.4,0.0000,0.0000,0.0000,0.000,1,293.15,0,3641.7,0.0000,0.0000,0.0000,0.000,1,293.15,0,3491.5,0.0000,0.0000,0.0000,0.000,1,293.15,0
0.2000,-0.0000,0.0000,0.5258,0.001,0.000,700.0,2,0.000,0.000,0.000,0.000,0,0.00,0.00,0.00,0.00,0.00,0.00,0.03589,0.0293,3293.6,-22.5,0.03591,0.0104,3248.1,12.2,0.03575,0.0138,3318.1,-37.4,0.03583,0.0225,3381.8,-16.6,3491.5,0.0000,-0.0000,0.0000,0.000,1,293.15,0,3307.7,0.0000,-0.0000,0.0000,0.000,1,293.15,0,3672.3,0.0000,-0.0000,0.0000,0.000,1,293.15,0,3668.8,0.0000,-0.0000,0.0000,0.000,1,293.15,0
0.2167,-0.0000,0.0000,0.5258,0.003,0.000,700.0,2,0.000,0.000,0.000,0.000,0,0.00,0.00,0.00,0.00,0.00,0.00,0.03563,0.0022,3181.1,-4.6,0.03568,0.0211,3224.1,-45.2,0.03564,-0.0424,3123.8,24.5,0.03564,-0.0198,3213.2,13.4,3534.4,0.0000,-0.0000,0.0000,0.000,1,293.15,0,3644.9,0.0000,-0.0000,0.0000,0.000,1,293.15,0,3244.0,0.0000,-0.0000,0.0000,0.000,1,293.15,0,3496.1,0.0000,-0.0000,0.0000,-0.000,1,293.15,0
0.2333,-0.0000,-0.0000,0.5259,0.006,-0.000,700.0,2,0.000,0.000,0.000,0.000,0,0.00,0.00,0.00,0.00,0.00,0.00,0.03562,-0.0298,3066.5,18.7,0.03557,-0.0338,3037.8,10.1,0.03580,-0.0120,3278.3,35.1,0.03570,-0.0295,3189.3,29.0,3202.4,0.0000,0.0000,0.0000,-0.000,1,293.15,0,3204.5,0.0000,0.0000,0.0000,0.000,1,293.15,0,3282.3,0.0000,0.0000,0.0000,-0.000,1,293.15,0,3216.0,0.0000,0.0000,0.0000,0.000,1,293.15,0
0.2500,-0.0000,-0.0000,0.5260,0.006,-0.000,700.0,2,0.000,0.000,0.000,0.000,0,0.00,0.00,0.00,0.00,0.00,0.00,0.03569,-0.0011,3182.1,7.5,0.03567,-0.0099,3182.7,47.2,0.03567,0.0257,3381.0,-22.5,0.03573,0.0270,3403.2,-9.8,3204.7,0.0000,0.0000,0.0000,0.000,1,293.15,0,3190.4,0.0000,0.0000,0.0000,0.000,1,293.15,0,3653.2,0.0000,0.0000,0.0000,-0.000,1,293.15,0,3623.8,0.0000,0.0000,0.0000,-0.000,1,293.15,0
0.2667,-0.0000,-0.0000,0.5261,0.005,0.000,700.0,2,0.000,0.000,0.000,0.000,0,0.00,0.00,0.00,0.00,0.00,0.00,0.03540,0.0157,3208.9,-22.2,0.03546,0.0280,3236.4,-50.9,0.03538,-0.0043,3229.5,-24.3,0.03542,0.0109,3292.4,-31.9,3622.2,0.0000,0.0000,0.0000,0.000,1,293.15,0,3640.0,0.0000,0.0000,0.0000,0.000,1,293.15,0,3610.0,0.0000,0.0000,0.0000,0.000,1,293.15,0,3664.1,0.0000,0.0000,0.0000,0.000,1,293.15,0
0.2833,-0.0000,0.0000,0.5262,0.008,0.000,700.0,2,0.000,0.000,0.000,0.000,0,0.00,0.00,0.00,0.00,0.00,0.00,0.03529,-0.0317,3032.4,10.8,0.03523,-0.0300,3036.1,10.3,0.03533,-0.0403,3115.7,24.6,0.03524,-0.0416,3100.8,20.7,3195.1,0.0000,-0.0000,0.0000,0.000,1,293.15,0,3224.3,0.0000,-0.0000,0.0000,0.000,1,293.15,0,3210.2,0.0000,-0.0000,0.0000,0.000,1,293.15,0,3245.3,0.0000,-0.0000,0.0000,0.000,1,293.15,0
0.3000,-0.0000,0.0000,0.5263,0.008,0.000,700.0,2,0.000,0.000,0.000,0.000,0,0.00,0.00,0.00,0.00,0.00,0.00,0.03536,-0.0022,3189.3,37.2,0.03531,-0.0158,3112.9,22.0,0.03539,0.0059,3310.6,10.5,0.03533,-0.0205,3199.9,20.8,3198.2,0.0000,-0.0000,0.0000,0.000,1,293.15,0,3177.3,0.0000,-0.0000,0.0000,0.000,1,293.15,0,3400.4,0.0000,-0.0000,0.0000,0.000,1,293.15,0,3208.8,0.0000,-0.0000,0.0000,0.000,1,293.15,0
0.3167,-0.0000,-0.0000,0.5264,0.005,-0.000,700.0,2,0.000,0.000,0.000,0.000,0,0.00,0.00,0.00,0.00,0.00,0.00,0.03505,0.0083,3153.9,-26.6,0.03515,0.0293,3245.0,-30.7,0.03515,0.0220,3323.0,-35.3,0.03524,0.0279,3373.0,-16.1,3524.6,0.0000,-0.0000,0.0000,0.000,1,293.15,0,3633.5,0.0000,-0.0000,0.0000,0.000,1,293.15,0,3660.1,0.0000,0.0000,0.0000,0.000,1,293.15,0,3641.3,0.0000,-0.0000,0.0000,0.000,1,293.15,0
0.3333,-0.0000,-0.0000,0.5266,0.006,-0.000,700.0,2,0.000,0.000,0.000,0.000,0,0.00,0.00,0.00,0.00,0.00,0.00,0.03499,-0.0294,3026.8,11.5,0.03493,-0.0271,3030.9,9.2,0.03491,-0.0321,3114.5,10.6,0.03493,-0.0026,3226.9,-9.2,3188.1,0.0000,0.0000,0.0000,0.000,1,293.15,0,3221.0,0.0000,0.0000,0.0000,0.000,1,293.15,0,3340.6,0.0000,0.0000,0.0000,0.000,1,293.15,0,3602.7,0.0000,0.0000,0.0000,0.000,1,293.15,0
0.3500,-0.0000,-0.0000,0.5266,0.006,0.000,700.0,2,0.000,0.000,0.000,0.000,0,0.00,0.00,0.00,0.00,0.00,0.00,0.03506,0.0016,3186.4,34.5,0.03501,-0.0119,3110.0,18.3,0.03499,-0.0267,3168.9,36.3,0.03492,-0.0366,3106.5,21.8,3212.1,0.0000,0.0000,0.0000,0.000,1,293.15,0,3183.9,0.0000,0.0000,0.0000,0.000,1,293.15,0,3207.7,0.0000,0.0000,0.0000,-0.000,1,293.15,0,3206.2,0.0000,0.0000,0.0000,0.000,1,293.15,0
0.3667,-0.0000,0.0000,0.5267,0.004,-0.000,700.0,2,0.000,0.000,0.000,0.000,0,0.00,0.00,0.00,0.00,0.00,0.00,0.03478,0.0052,3134.8,-17.7,0.03488,0.0291,3231.2,-29.0,0.03502,0.0255,3350.3,-15.9,0.03501,0.0088,3296.1,4.7,3474.9,0.0000,-0.0000,0.0000,-0.000,1,293.15,0,3627.5,0.0000,-0.0000,0.0000,0.000,1,293.15,0,3555.2,0.0000,0.0000,0.0000,0.000,1,293.15,0,3385.7,0.0000,-0.0000,0.0000,0.000,1,293.15,0
0.3833,-0.0000,0.0000,0.5268,0.003,-0.000,700.0,2,0.000,0.000,0.000,0.000,0,0.00,0.00,0.00,0.00,0.00,0.00,0.03477,-0.0253,3031.3,10.5,0.03472,-0.0247,3029.6,8.8,0.03477,0.0140,3273.0,-28.0,0.03482,0.0242,3314.0,-35.3,3192.7,0.0000,-0.0000,0.0000,0.000,1,293.15,0,3215.0,0.0000,-0.0000,0.0000,0.000,1,293.15,0,3656.9,0.0000,-0.0000,0.0000,0.000,1,293.15,0,3659.9,0.0000,-0.0000,0.0000,0.000,1,293.15,0
0.4000,-0.0000,-0.0000,0.5268,0.003,0.000,700.0,2,0.000,0.000,0.000,0.000,0,0.00,0.00,0.00,0.00,0.00,0.00,0.03488,0.0036,3177.6,26.8,0.03484,-0.0072,3126.8,24.8,0.03465,-0.0359,3090.8,17.8,0.03462,-0.0300,3106.4,9.2,3204.8,0.0000,-0.0000,0.0000,0.000,1,293.15,0,3189.4,0.0000,-0.0000,0.0000,0.000,1,293.15,0,3238.9,0.0000,0.0000,0.0000,0.000,1,293.15,0,3325.1,0.0000,-0.0000,0.0000,0.000,1,293.15,0
0.4167,-0.0000,-0.0000,0.5269,0.002,0.000,700.0,2,0.000,0.000,0.000,0.000,0,0.00,0.00,0.00,0.00,0.00,0.00,0.03464,0.0076,3142.2,-12.9,0.03472,0.0298,3220.2,-34.5,0.03482,-0.0138,3202.3,22.1,0.03477,-0.0236,3176.0,41.8,3482.1,0.0000,0.0000,0.0000,0.000,1,293.15,0,3621.9,0.0000,0.0000,0.0000,-0.000,1,293.15,0,3208.6,0.0000,0.0000,0.0000,0.000,1,293.15,0,3204.5,0.0000,0.0000,0.0000,0.000,1,293.15,0
0.4333,-0.0000,-0.0000,0.5269,0.001,-0.000,700.0,2,0.000,0.000,0.000,0.000,0,0.00,0.00,0.00,0.00,0.00,0.00,0.03466,-0.0232,3033.8,9.8,0.03461,-0.0225,3032.8,8.7,0.03480,0.0330,3368.4,-19.0,0.03485,0.0320,3369.2,-16.4,3195.5,0.0000,0.0000,0.0000,0.000,1,293.15,0,3216.5,0.0000,0.0000,0.0000,0.000,1,293.15,0,3642.8,0.0000,0.0000,0.0000,0.000,1,293.15,0,3591.8,0.0000,0.0000,0.0000,0.000,1,293.15,0
0.4500,-0.0000,-0.0000,0.5269,0.000,0.000,700.0,2,0.000,0.000,0.000,0.000,0,0.00,0.00,0.00,0.00,0.00,0.00,0.03480,0.0039,3170.5,22.7,0.03477,-0.0060,3132.0,28.1,0.03459,0.0026,3223.8,-16.3,0.03464,0.0174,3267.9,-40.7,3199.9,0.0000,0.0000,0.0000,0.000,1,293.15,0,3189.3,0.0000,0.0000,0.0000,0.000,1,293.15,0,3599.6,0.0000,0.0000,0.0000,0.000,1,293.15,0,3659.3,0.0000,-0.0000,0.0000,0.000,1,293.15,0
0.4667,-0.0000,0.0000,0.5269,0.000,0.000,700.0,2,0.000,0.000,0.000,0.000,0,0.00,0.00,0.00,0.00,0.00,0.00,0.03461,0.0136,3162.3,-16.9,0.03469,0.0333,3228.7,-39.3,0.03464,-0.0323,3108.9,20.8,0.03457,-0.0344,3094.1,19.0,3523.9,0.0000,-0.0000,0.0000,0.000,1,293.15,0,3630.7,0.0000,-0.0000,0.0000,0.000,1,293.15,0,3212.1,0.0000,-0.0000,0.0000,0.000,1,293.15,0,3239.0,0.0000,-0.0000,0.0000,0.000,1,293.15,0
0.4833,-0.0000,-0.0000,0.5269,0.001,-0.000,700.0,2,0.000,0.000,0.000,0.000,0,0.00,0.00,0.00,0.00,0.00,0.00,0.03464,-0.0225,3035.3,9.7,0.03460,-0.0222,3032.6,8.2,0.03482,0.0097,3288.3,3.8,0.03478,-0.0124,3215.3,30.9,3198.2,0.0000,-0.0000,0.0000,0.000,1,293.15,0,3216.9,0.0000,-0.0000,0.0000,0.000,1,293.15,0,3363.3,0.0000,0.0000,0.0000,0.000,1,293.15,0,3210.2,0.0000,-0.0000,0.0000,0.000,1,293.15,0
0.5000,-0.0000,-0.0000,0.5269,0.001,-0.000,700.0,2,0.000,0.000,0.000,0.000,0,0.00,0.00,0.00,0.00,0.00,0.00,0.03480,0.0037,3167.8,20.8,0.03478,-0.0065,3130.5,28.7,0.03472,0.0300,3340.5,-28.6,0.03480,0.0343,3372.6,-20.6,3201.5,0.0000,0.0000,0.0000,0.000,1,293.15,0,3186.3,0.0000,0.0000,0.0000,0.000,1,293.15,0,3662.0,0.0000,0.0000,0.0000,0.000,1,293.15,0,3640.1,0.0000,-0.0000,0.0000,0.000,1,293.15,0
0.5167,-0.0000,-0.0000,0.5269,0.002,0.000,700.0,2,0.000,0.000,0.000,0.000,0,0.00,0.00,0.00,0.00,0.00,0.00,0.03465,0.0210,3187.7,-25.3,0.03474,0.0370,3243.8,-42.8,0.03459,-0.0176,3158.9,8.5,0.03462,0.0099,3249.0,-25.0,3579.3,0.0000,0.0000,0.0000,0.000,1,293.15,0,3636.8,0.0000,0.0000,0.0000,-0.000,1,293.15,0,3426.7,0.0000,0.0000,0.0000,-0.000,1,293.15,0,3654.2,0.0000,-0.0000,0.0000,0.000,1,293.15,0
0.5333,-0.0000,-0.0000,0.5269,0.000,-0.000,700.0,2,0.000,0.000,0.000,0.000,0,0.00,0.00,0.00,0.00,0.00,0.00,0.03467,-0.0227,3036.5,10.5,0.03462,-0.0224,3032.2,6.9,0.03475,-0.0246,3164.1,35.7,0.03467,-0.0318,3112.3,20.5,3201.3,0.0000,0.0000,0.0000,0.000,1,293.15,0,3221.0,0.0000,0.0000,0.0000,0.000,1,293.15,0,3206.8,0.0000,0.0000,0.0000,0.000,1,293.15,0,3222.1,0.0000,-0.0000,0.0000,0.000,1,293.15,0
0.5500,-0.0000,0.0000,0.5268,0.000,-0.000,700.0,2,0.000,0.000,0.000,0.000,0,0.00,0.00,0.00,0.00,0.00,0.00,0.03487,0.0041,3187.6,35.5,0.03482,-0.0089,3115.2,21.4,0.03490,0.0302,3368.6,-11.5,0.03486,-0.0002,3246.7,3.9,3197.5,0.0000,0.0000,0.0000,0.000,1,293.15,0,3178.5,0.0000,-0.0000,0.0000,0.000,1,293.15,0,3556.9,0.0000,0.0000,0.0000,0.000,1,293.15,0,3274.5,0.0000,-0.0000,0.0000,0.000,1,293.15,0
0.5667,-0.0000,0.0000,0.5268,0.002,-0.000,700.0,2,0.000,0.000,0.000,0.000,0,0.00,0.00,0.00,0.00,0.00,0.00,0.03470,0.0214,3173.1,-44.0,0.03482,0.0389,3271.9,-27.2,0.03472,0.0219,3285.9,-47.4,0.03482,0.0319,3367.3,-16.4,3574.3,0.0000,-0.0000,0.0000,0.000,1,293.15,0,3630.2,0.0000,-0.0000,0.0000,0.000,1,293.15,0,3662.9,0.0000,0.0000,0.0000,0.000,1,293.15,0,3655.6,0.0000,-0.0000,0.0000,-0.000,1,293.15,0
0.5833,-0.0000,-0.0000,0.5268,0.001,-0.000,700.0,2,0.000,0.000,0.000,0.000,0,0.00,0.00,0.00,0.00,0.00,0.00,0.03472,-0.0248,3031.0,11.1,0.03465,-0.0216,3037.2,6.9,0.03465,-0.0349,3094.8,17.7,0.03468,-0.0049,3219.4,7.8,3196.0,0.0000,0.0000,0.0000,-0.000,1,293.15,0,3233.7,0.0000,-0.0000,0.0000,0.000,1,293.15,0,3246.4,0.0000,0.0000,0.0000,0.000,1,293.15,0,3546.9,0.0000,-0.0000,0.0000,0.000,1,293.15,0
0.6000,-0.0000,-0.0000,0.5268,0.000,0.000,700.0,2,0.000,0.000,0.000,0.000,0,0.00,0.00,0.00,0.00,0.00,0.00,0.03492,0.0024,3198.8,50.9,0.03485,-0.0128,3090.2,11.1,0.03489,-0.0155,3226.8,50.4,0.03479,-0.0288,3133.6,21.3,3193.9,0.0000,0.0000,0.0000,0.000,1,293.15,0,3174.2,0.0000,0.0000,0.0000,0.000,1,293.15,0,3210.2,0.0000,0.0000,0.0000,0.000,1,293.15,0,3205.3,0.0000,-0.0000,0.0000,0.000,1,293.15,0
0.6167,-0.0000,-0.0000,0.5268,0.002,-0.000,700.0,2,0.000,0.000,0.000,0.000,0,0.00,0.00,0.00,0.00,0.00,0.00,0.03475,0.0259,3184.2,-55.6,0.03489,0.0414,3289.1,-24.7,0.03492,0.0350,3380.4,-22.7,0.03498,0.0299,3374.6,-8.7,3609.6,0.0000,0.0000,0.0000,0.000,1,293.15,0,3629.3,0.0000,-0.0000,0.0000,0.000,1,293.15,0,3639.7,0.0000,0.0000,0.0000,0.000,1,293.15,0,3555.8,0.0000,-0.0000,0.0000,0.000,1,293.15,0
0.6333,-0.0000,-0.0000,0.5267,0.001,-0.000,700.0,2,0.000,0.000,0.000,0.000,0,0.00,0.00,0.00,0.00,0.00,0.00,0.03475,-0.0250,3032.2,11.4,0.03469,-0.0229,3032.6,5.7,0.03474,0.0095,3260.0,-19.6,0.03478,0.0204,3285.4,-44.9,3200.3,0.0000,0.0000,0.0000,0.000,1,293.15,0,3230.8,0.0000,-0.0000,0.0000,0.000,1,293.15,0,3652.6,0.0000,0.0000,0.0000,0.000,1,293.15,0,3666.6,0.0000,-0.0000,0.0000,0.000,1,293.15,0
0.6500,-0.0000,-0.0000,0.5267,0.000,0.000,700.0,2,0.000,0.000,0.000,0.000,0,0.00,0.00,0.00,0.00,0.00,0.00,0.03496,0.0019,3187.2,39.4,0.03490,-0.0109,3109.9,19.8,0.03478,-0.0324,3115.2,19.6,0.03471,-0.0352,3097.3,17.9,3191.9,0.0000,0.0000,0.0000,0.000,1,293.15,0,3179.1,0.0000,-0.0000,0.0000,-0.000,1,293.15,0,3225.7,0.0000,0.0000,0.0000,0.000,1,293.15,0,3243.7,0.0000,-0.0000,0.0000,0.000,1,293.15,0
0.6667,-0.0000,-0.0000,0.5267,0.001,0.000,700.0,2,0.000,0.000,0.000,0.000,0,0.00,0.00,0.00,0.00,0.00,0.00,0.03479,0.0261,3197.0,-45.5,0.03490,0.0396,3271.3,-35.2,0.03497,0.0011,3258.9,3.9,0.03494,-0.0152,3226.1,45.2,3623.7,0.0000,0.0000,0.0000,-0.000,1,293.15,0,3631.9,0.0000,-0.0000,0.0000,0.000,1,293.15,0,3296.6,0.0000,0.0000,0.0000,0.000,1,293.15,0,3208.8,0.0000,-0.0000,0.0000,0.000,1,293.15,0
0.6833,-0.0000,-0.0000,0.5267,0.001,-0.000,700.0,2,0.000,0.000,0.000,0.000,0,0.00,0.00,0.00,0.00,0.00,0.00,0.03478,-0.0252,3031.5,9.9,0.03472,-0.0225,3037.3,7.1,0.03490,0.0311,3366.1,-18.6,0.03496,0.0349,3382.6,-22.3,3200.3,0.0000,0.0000,0.0000,0.000,1,293.15,0,3233.3,0.0000,-0.0000,0.0000,0.000,1,293.15,0,3659.9,0.0000,0.0000,0.0000,0.000,1,293.15,0,3646.8,0.0000,-0.0000,0.0000,0.000,1,293.15,0
0.7000,-0.0000,-0.0000,0.5267,0.000,0.000,700.0,2,0.000,0.000,0.000,0.000,0,0.00,0.00,0.00,0.00,0.00,0.00,0.03497,-0.0009,3174.6,38.4,0.03492,-0.0138,3096.2,17.9,0.03475,-0.0113,3196.6,9.2,0.03477,0.0074,3233.7,-37.8,3191.4,0.0000,0.0000,0.0000,0.000,1,293.15,0,3175.9,0.0000,0.0000,0.0000,0.000,1,293.15,0,3496.6,0.0000,0.0000,0.0000,0.000,1,293.15,0,3637.5,0.0000,-0.0000,0.0000,0.000,1,293.15,0
0.7167,-0.0000,-0.0000,0.5267,0.000,0.000,700.0,2,0.000,0.000,0.000,0.000,0,0.00,0.00,0.00,0.00,0.00,0.00,0.03483,0.0300,3215.5,-46.0,0.03494,0.0416,3283.4,-34.1,0.03487,-0.0273,3151.1,27.5,0.03481,-0.0340,3115.1,24.8,3635.9,0.0000,0.0000,0.0000,0.000,1,293.15,0,3628.2,0.0000,-0.0000,0.0000,0.000,1,293.15,0,3209.0,0.0000,0.0000,0.0000,0.000,1,293.15,0,3220.0,0.0000,-0.0000,0.0000,0.000,1,293.15,0
0.7333,-0.0000,-0.0000,0.5267,0.000,-0.000,700.0,2,0.000,0.000,0.000,0.000,0,0.00,0.00,0.00,0.00,0.00,0.00,0.03478,-0.0242,3036.6,10.8,0.03473,-0.0233,3030.6,3.6,0.03502,0.0258,3357.5,-10.1,0.03500,0.0061,3287.8,9.1,3212.5,0.0000,0.0000,0.0000,0.000,1,293.15,0,3231.7,0.0000,-0.0000,0.0000,0.000,1,293.15,0,3529.1,0.0000,0.0000,0.0000,0.000,1,293.15,0,3348.0,0.0000,-0.0000,0.0000,0.000,1,293.15,0
0.7500,-0.0000,-0.0000,0.5267,0.000,-0.000,700.0,2,0.000,0.000,0.000,0.000,0,0.00,0.00,0.00,0.00,0.00,0.00,0.03495,-0.0044,3143.3,23.1,0.03492,-0.0148,3098.4,24.4,0.03484,0.0210,3301.2,-35.0,0.03490,0.0308,3359.3,-23.8,3192.1,0.0000,0.0000,0.0000,0.000,1,293.15,0,3175.6,0.0000,-0.0000,0.0000,0.000,1,293.15,0,3663.5,0.0000,0.0000,0.0000,0.000,1,293.15,0,3661.6,0.0000,-0.0000,0.0000,0.000,1,293.15,0
0.7667,-0.0000,-0.0000,0.5267,0.001,0.000,700.0,2,0.000,0.000,0.000,0.000,0,0.00,0.00,0.00,0.00,0.00,0.00,0.03487,0.0327,3243.3,-32.2,0.03495,0.0422,3282.5,-37.9,0.03474,-0.0324,3108.9,15.5,0.03476,-0.0112,3191.1,2.8,3629.1,0.0000,0.0000,0.0000,-0.000,1,293.15,0,3620.5,0.0000,-0.0000,0.0000,0.000,1,293.15,0,3281.0,0.0000,0.0000,0.0000,0.000,1,293.15,0,3495.1,0.0000,-0.0000,0.0000,0.000,1,293.15,0
0.7833,-0.0000,-0.0000,0.5267,0.001,-0.000,700.0,2,0.000,0.000,0.000,0.000,0,0.00,0.00,0.00,0.00,0.00,0.00,0.03476,-0.0228,3040.3,9.6,0.03471,-0.0222,3032.1,1.3,0.03495,-0.0175,3216.6,45.4,0.03486,-0.0288,3140.1,24.2,3225.9,0.0000,0.0000,0.0000,0.000,1,293.15,0,3239.5,0.0000,0.0000,0.0000,0.000,1,293.15,0,3208.8,0.0000,0.0000,0.0000,0.000,1,293.15,0,3212.1,0.0000,-0.0000,0.0000,-0.000,1,293.15,0
0.8000,-0.0000,-0.0000,0.5267,0.001,-0.000,700.0,2,0.000,0.000,0.000,0.000,0,0.00,0.00,0.00,0.00,0.00,0.00,0.03493,-0.0099,3114.4,19.1,0.03490,-0.0190,3078.5,23.3,0.03499,0.0346,3384.4,-20.3,0.03500,0.0189,3325.9,-9.8,3185.6,0.0000,0.0000,0.0000,0.000,1,293.15,0,3170.9,0.0000,-0.0000,0.0000,0.000,1,293.15,0,3640.2,0.0000,0.0000,0.0000,0.000,1,293.15,0,3461.8,0.0000,-0.0000,0.0000,0.000,1,293.15,0
0.8167,-0.0000,-0.0000,0.5267,0.001,0.000,700.0,2,0.000,0.000,0.000,0.000,0,0.00,0.00,0.00,0.00,0.00,0.00,0.03492,0.0385,3265.0,-37.5,0.03496,0.0363,3267.4,-28.0,0.03478,0.0108,3247.4,-40.0,0.03485,0.0236,3319.2,-29.1,3629.6,0.0000,0.0000,0.0000,0.000,1,293.15,0,3515.7,0.0000,-0.0000,0.0000,0.000,1,293.15,0,3653.4,0.0000,0.0000,0.0000,-0.000,1,293.15,0,3663.3,0.0000,-0.0000,0.0000,0.000,1,293.15,0
0.8333,-0.0000,-0.0000,0.5267,0.000,0.000,700.0,2,0.000,0.000,0.000,0.000,0,0.00,0.00,0.00,0.00,0.00,0.00,0.03473,-0.0222,3038.4,6.7,0.03471,-0.0165,3055.9,0.6,0.03479,-0.0350,3108.7,24.3,0.03473,-0.0285,3123.1,12.9,3235.0,0.0000,0.0000,0.0000,0.000,1,293.15,0,3290.6,0.0000,-0.0000,0.0000,0.000,1,293.15,0,3223.2,0.0000,0.0000,0.0000,0.000,1,293.15,0,3325.2,0.0000,-0.0000,0.0000,0.000,1,293.15,0
0.8500,-0.0000,-0.0000,0.5267,0.001,-0.000,700.0,2,0.000,0.000,0.000,0.000,0,0.00,0.00,0.00,0.00,0.00,0.00,0.03490,-0.0149,3088.4,16.0,0.03486,-0.0207,3067.0,21.3,0.03497,-0.0018,3265.8,23.6,0.03491,-0.0191,3193.5,31.5,3181.2,0.0000,0.0000,0.0000,0.000,1,293.15,0,3180.5,0.0000,-0.0000,0.0000,0.000,1,293.15,0,3287.6,0.0000,0.0000,0.0000,0.000,1,293.15,0,3210.5,0.0000,-0.0000,0.0000,0.000,1,293.15,0
0.8667,-0.0000,-0.0000,0.5267,0.001,0.000,700.0,2,0.000,0.000,0.000,0.000,0,0.00,0.00,0.00,0.00,0.00,0.00,0.03495,0.0420,3286.3,-33.1,0.03496,0.0269,3233.9,-21.3,0.03491,0.0325,3366.7,-24.3,0.03499,0.0337,3384.3,-16.7,3611.7,0.0000,0.0000,0.0000,0.000,1,293.15,0,3401.0,0.0000,-0.0000,0.0000,0.000,1,293.15,0,3659.3,0.0000,0.0000,0.0000,0.000,1,293.15,0,3624.9,0.0000,-0.0000,0.0000,0.000,1,293.15,0
0.8833,-0.0000,-0.0000,0.5267,0.001,-0.000,700.0,2,0.000,0.000,0.000,0.000,0,0.00,0.00,0.00,0.00,0.00,0.00,0.03471,-0.0226,3032.1,3.4,0.03472,-0.0062,3101.5,1.3,0.03473,-0.0105,3181.8,-8.1,0.03478,0.0133,3273.1,-25.4,3237.6,0.0000,0.0000,0.0000,0.000,1,293.15,0,3384.0,0.0000,-0.0000,0.0000,0.000,1,293.15,0,3496.4,0.0000,0.0000,0.0000,0.000,1,293.15,0,3662.9,0.0000,-0.0000,0.0000,0.000,1,293.15,0
0.9000,-0.0000,-0.0000,0.5267,0.001,0.000,700.0,2,0.000,0.000,0.000,0.000,0,0.00,0.00,0.00,0.00,0.00,0.00,0.03490,-0.0167,3088.3,23.8,0.03484,-0.0213,3057.8,16.2,0.03485,-0.0289,3147.5,32.6,0.03476,-0.0344,3105.0,19.2,3174.3,0.0000,0.0000,0.0000,0.000,1,293.15,0,3187.1,0.0000,-0.0000,0.0000,0.000,1,293.15,0,3209.0,0.0000,0.0000,0.0000,0.000,1,293.15,0,3228.6,0.0000,-0.0000,0.0000,0.000,1,293.15,0
0.9167,-0.0000,-0.0000,0.5267,0.000,0.000,700.0,2,0.000,0.000,0.000,0.000,0,0.00,0.00,0.00,0.00,0.00,0.00,0.03494,0.0437,3286.1,-40.3,0.03495,0.0175,3197.1,-17.5,0.03499,0.0242,3347.5,-11.2,0.03496,-0.0041,3246.5,14.9,3620.7,0.0000,0.0000,0.0000,-0.000,1,293.15,0,3307.9,0.0000,-0.0000,0.0000,0.000,1,293.15,0,3506.3,0.0000,0.0000,0.0000,0.000,1,293.15,0,3256.5,0.0000,-0.0000,0.0000,0.000,1,293.15,0
0.9333,-0.0000,-0.0000,0.5267,0.001,-0.000,700.0,2,0.000,0.000,0.000,0.000,0,0.00,0.00,0.00,0.00,0.00,0.00,0.03469,-0.0222,3031.5,1.7,0.03474,0.0034,3144.1,1.6,0.03482,0.0224,3303.9,-37.6,0.03490,0.0322,3368.7,-20.3,3240.8,0.0000,-0.0000,0.0000,0.000,1,293.15,0,3467.1,0.0000,-0.0000,0.0000,0.000,1,293.15,0,3661.3,0.0000,0.0000,0.0000,-0.000,1,293.15,0,3661.0,0.0000,-0.0000,0.0000,0.000,1,293.15,0
0.9500,-0.0000,-0.0000,0.5267,0.001,0.000,700.0,2,0.000,0.000,0.000,0.000,0,0.00,0.00,0.00,0.00,0.00,0.00,0.03488,-0.0196,3077.4,25.8,0.03481,-0.0224,3048.6,13.3,0.03471,-0.0316,3110.7,15.5,0.03472,-0.0129,3178.7,-0.0,3169.4,0.0000,0.0000,0.0000,0.000,1,293.15,0,3193.3,0.0000,-0.0000,0.0000,0.000,1,293.15,0,3291.2,0.0000,0.0000,0.0000,0.000,1,293.15,0,3481.0,0.0000,-0.0000,0.0000,0.000,1,293.15,0
0.9667,-0.0000,-0.0000,0.5267,0.001,0.000,700.0,2,0.000,0.000,0.000,0.000,0,0.00,0.00,0.00,0.00,0.00,0.00,0.03495,0.0403,3279.9,-32.4,0.03495,0.0123,3186.2,-6.0,0.03491,-0.0171,3201.6,31.1,0.03485,-0.0279,3152.3,32.7,3555.9,0.0000,0.0000,0.0000,0.000,1,293.15,0,3254.3,0.0000,0.0000,0.0000,0.000,1,293.15,0,3212.1,0.0000,0.0000,0.0000,0.000,1,293.15,0,3207.4,0.0000,-0.0000,0.0000,0.000,1,293.15,0
0.9833,-0.0000,-0.0000,0.5267,0.001,-0.000,700.0,2,0.000,0.000,0.000,0.000,0,0.00,0.00,0.00,0.00,0.00,0.00,0.03468,-0.0217,3031.2,0.3,0.03475,0.0090,3168.2,1.4,0.03497,0.0333,3379.2,-18.6,0.03500,0.0294,3374.3,-8.2,3245.2,0.0000,0.0000,0.0000,0.000,1,293.15,0,3516.2,0.0000,-0.0000,0.0000,0.000,1,293.15,0,3625.6,0.0000,0.0000,0.0000,0.000,1,293.15,0,3556.2,0.0000,-0.0000,0.0000,0.000,1,293.15,0
1.0000,-0.0000,-0.0000,0.5267,0.000,-0.000,700.0,3,0.000,1.000,0.000,0.000,0,0.00,0.00,0.00,0.00,0.00,0.00,0.03486,-0.0195,3074.7,23.9,0.03480,-0.0237,3040.9,11.7,0.03477,0.0119,3278.5,-13.1,0.03480,0.0206,3282.8,-49.1,3177.8,0.0000,0.0000,0.0000,0.000,1,293.15,0,3189.1,0.0000,-0.0000,0.0000,0.000,1,293.15,0,3661.1,0.0000,0.0000,0.0000,0.693,1,293.15,0,3663.7,0.0000,-0.0000,0.0000,0.693,1,293.15,0
1.0167,0.0009,-0.0000,0.5267,0.065,0.065,700.0,3,0.000,1.000,0.000,0.000,0,0.00,0.00,0.00,0.00,0.00,0.00,0.03472,0.0003,3114.8,-13.0,0.03474,-0.0092,3116.4,28.3,0.03484,-0.0123,3205.3,17.4,0.03480,-0.0086,3179.5,-22.8,3261.4,-0.0091,0.0002,0.0000,0.144,1,293.15,0,3192.4,-0.0092,0.0001,0.0000,0.140,1,293.15,0,3432.0,0.2465,-0.0001,0.0000,2.179,1,293.15,0,3466.2,0.2458,-0.0002,0.0000,2.180,1,293.15,0
1.0333,0.0038,0.0000,0.5267,0.193,0.193,700.0,3,0.000,1.000,0.000,0.000,0,0.00,0.00,0.00,0.00,0.00,0.00,0.03409,-0.0531,2871.8,7.8,0.03404,-0.0543,2878.1,21.9,0.03560,0.0686,3589.2,-1.1,0.03563,0.0664,3541.3,-40.7,3029.7,-0.0125,0.0002,0.0000,0.439,1,293.15,0,3043.9,-0.0125,0.0001,0.0000,0.440,1,293.15,0,3845.9,0.6117,-0.0001,0.0000,2.959,1,293.15,0,3793.7,0.6153,-0.0002,0.0000,2.962,1,293.15,0
1.0500,0.0087,-0.0000,0.5267,0.306,0.306,700.0,3,0.000,1.000,0.000,0.000,0,0.00,0.00,0.00,0.00,0.00,0.00,0.03291,-0.0818,2678.1,1.9,0.03287,-0.0821,2707.7,35.3,0.03688,0.0689,3682.9,19.6,0.03685,0.0630,3600.6,-34.9,2842.7,-0.0122,0.0001,0.0000,0.645,1,293.15,0,2865.6,-0.0120,0.0001,0.0000,0.645,1,293.15,0,3854.4,1.0029,-0.0000,0.0000,3.313,1,293.15,0,3806.8,1.0077,-0.0001,0.0000,3.315,1,293.15,0
1.0667,0.0151,-0.0000,0.5268,0.396,0.396,700.0,3,0.000,1.000,0.000,0.000,0,0.00,0.00,0.00,0.00,0.00,0.00,0.03149,-0.0845,2584.5,-0.8,0.03146,-0.0830,2617.3,26.7,0.03821,0.0780,3773.7,-3.5,0.03827,0.0813,3777.3,-18.0,2788.0,-0.0118,-0.0000,0.0000,0.815,1,293.15,0,2817.8,-0.0116,-0.0000,0.0000,0.816,1,293.15,0,3955.6,1.3177,0.0001,0.0000,3.444,1,293.15,0,3975.3,1.3148,0.0000,0.0000,3.445,1,293.15,0
1.0833,0.0229,-0.0000,0.5268,0.476,0.476,700.0,3,0.000,1.000,0.000,0.000,0,0.00,0.00,0.00,0.00,0.00,0.00,0.03013,-0.0784,2537.5,2.1,0.03011,-0.0787,2552.4,19.7,0.03950,0.0679,3805.4,2.6,0.03957,0.0739,3808.0,-25.0,2747.4,-0.0114,-0.0000,0.0000,0.968,1,293.15,0,2762.2,-0.0113,-0.0000,0.0000,0.967,1,293.15,0,4001.0,1.5480,0.0001,0.0000,3.521,1,293.15,0,4050.5,1.5401,0.0000,0.0000,3.523,1,293.15,0
1.1000,0.0320,0.0000,0.5268,0.555,0.555,700.0,3,0.000,1.000,0.000,0.000,0,0.56,1.72,0.84,0.89,-0.00,2.19,0.02890,-0.0691,2507.1,2.0,0.02889,-0.0682,2520.4,12.4,0.04078,0.0765,3922.2,12.0,0.04076,0.0751,3858.9,-43.9,2731.1,-0.0115,0.0000,0.0000,1.120,1,293.15,0,2749.5,-0.0113,0.0000,0.0000,1.119,1,293.15,0,4138.8,1.6734,-0.0000,0.0000,3.566,1,293.15,0,4103.0,1.6778,-0.0001,0.0000,3.565,1,293.15,0
1.1167,0.0423,-0.0000,0.5268,0.633,0.633,700.0,3,0.000,1.000,0.000,0.000,0,0.73,2.24,1.09,1.16,0.00,2.85,0.02781,-0.0665,2455.9,2.1,0.02779,-0.0667,2472.6,20.9,0.04183,0.0638,3891.6,-18.0,0.04190,0.0653,3919.0,-0.9,2649.3,-0.0115,0.0001,0.0000,1.270,1,293.15,0,2666.8,-0.0115,0.0001,0.0000,1.271,1,293.15,0,4080.5,1.7440,-0.0001,0.0000,3.609,1,293.15,0,4072.4,1.7451,-0.0001,0.0000,3.606,1,293.15,0
1.1333,0.0540,-0.0000,0.5268,0.712,0.712,700.0,3,0.000,1.000,0.000,0.000,0,0.92,2.83,1.38,1.47,0.00,3.60,0.02681,-0.0555,2444.7,2.1,0.02679,-0.0557,2451.0,10.4,0.04273,0.0468,3883.4,2.0,0.04274,0.0457,3879.8,2.8,2660.1,-0.0115,0.0000,0.0000,1.425,1,293.15,0,2667.0,-0.0114,0.0000,0.0000,1.425,1,293.15,0,4014.3,1.7446,0.0000,0.0000,3.651,1,293.15,0,4015.0,1.7430,-0.0000,0.0000,3.650,1,293.15,0
1.1500,0.0671,-0.0000,0.5268,0.790,0.790,700.0,3,0.000,1.000,0.000,0.000,0,1.13,3.49,1.70,1.81,-0.00,4.44,0.02610,-0.0367,2482.1,-0.1,0.02609,-0.0370,2490.6,10.9,0.04348,0.0359,3876.7,5.0,0.04349,0.0383,3884.0,0.7,2682.9,-0.0111,0.0000,0.0000,1.577,1,293.15,0,2686.1,-0.0110,0.0000,0.0000,1.577,1,293.15,0,4016.6,1.6763,0.0000,0.0000,3.693,1,293.15,0,4051.7,1.6693,0.0000,0.0000,3.692,1,293.15,0
1.1667,0.0814,-0.0000,0.5268,0.869,0.869,700.0,3,0.000,1.000,0.000,0.000,0,1.37,4.21,2.06,2.18,-0.00,5.37,0.02547,-0.0357,2450.7,1.8,0.02546,-0.0351,2455.7,4.9,0.04407,0.0379,3910.9,-1.1,0.04407,0.0371,3875.9,-31.9,2663.8,-0.0111,-0.0000,0.0000,1.731,1,293.15,0,2672.9,-0.0111,-0.0000,0.0000,1.731,1,293.15,0,4172.5,1.5448,0.0000,0.0000,3.733,1,293.15,0,4129.2,1.5495,-0.0000,0.0000,3.734,1,293.15,0
1.1833,0.0970,-0.0000,0.5268,0.948,0.948,700.0,3,0.000,1.000,0.000,0.000,0,1.63,5.02,2.45,2.60,-0.00,6.39,0.02509,-0.0177,2501.8,-1.9,0.02510,-0.0178,2509.7,6.1,0.04452,0.0197,3863.7,9.6,0.04451,0.0178,3837.7,-7.2,2703.4,-0.0107,0.0000,0.0000,1.884,1,293.15,0,2705.8,-0.0106,0.0000,0.0000,1.883,1,293.15,0,4031.3,1.4314,-0.0000,0.0000,3.772,1,293.15,0,4025.0,1.4305,-0.0000,0.0000,3.774,1,293.15,0
1.2000,0.1140,-0.0000,0.5268,1.031,1.031,700.0,3,0.000,1.000,0.000,0.000,0,1.93,5.93,2.89,3.07,0.00,7.55,0.02480,-0.0129,2506.5,-0.4,0.02480,-0.0115,2509.9,-3.0,0.04479,0.0173,3844.5,-13.0,0.04482,0.0127,3855.5,17.4,2727.6,-0.0108,-0.0000,0.0000,2.048,1,293.15,0,2735.5,-0.0108,-0.0000,0.0000,2.048,1,293.15,0,4008.1,1.2845,-0.0000,0.0000,3.799,1,293.15,0,3966.0,1.2889,-0.0000,0.0000,3.801,1,293.15,0
1.2167,0.1325,-0.0000,0.5267,1.118,1.118,700.0,3,0.000,1.000,0.000,0.000,0,2.27,6.98,3.40,3.62,0.00,8.88,0.02465,-0.0104,2509.4,0.5,0.02465,-0.0107,2514.4,6.5,0.04503,0.0022,3817.4,14.9,0.04501,0.0131,3841.0,-9.0,2694.3,-0.0108,0.0000,0.0000,2.218,1,293.15,0,2700.2,-0.0108,0.0000,0.0000,2.218,1,293.15,0,3992.5,1.1282,-0.0000,0.0000,3.826,1,293.15,0,4098.6,1.1156,-0.0000,0.0000,3.821,1,293.15,0
1.2333,0.1525,-0.0000,0.5267,1.213,1.213,700.0,3,0.000,1.000,0.000,0.000,0,2.67,8.21,4.01,4.26,0.00,10.46,0.02454,-0.0051,2522.8,-2.0,0.02455,-0.0050,2529.2,3.3,0.04527,0.0226,3916.6,10.6,0.04527,0.0252,3877.8,-39.0,2720.3,-0.0109,0.0000,0.0000,2.407,1,293.15,0,2724.5,-0.0109,0.0000,0.0000,2.407,1,293.15,0,4179.5,0.9524,0.0000,0.0000,3.836,1,293.15,0,4182.2,0.9509,0.0000,0.0000,3.839,1,293.15,0
1.2500,0.1742,-0.0000,0.5267,1.319,1.319,700.0,3,0.000,1.000,0.000,0.000,0,3.16,9.70,4.73,5.03,-0.00,12.36,0.02442,-0.0060,2512.2,-1.3,0.02443,-0.0066,2514.9,3.4,0.04544,0.0093,3858.8,4.3,0.04544,0.0012,3836.7,17.9,2708.0,-0.0113,-0.0000,0.0000,2.617,1,293.15,0,2707.0,-0.0113,-0.0000,0.0000,2.617,1,293.15,0,3974.2,0.8120,0.0000,0.0000,3.855,1,293.15,0,3937.2,0.8144,0.0000,0.0000,3.857,1,293.15,0
1.2667,0.1979,-0.0000,0.5266,1.436,1.436,700.0,3,0.000,1.000,0.000,0.000,0,3.74,11.51,5.61,5.97,-0.00,14.66,0.02426,-0.0115,2483.1,2.6,0.02425,-0.0125,2477.1,1.2,0.04567,0.0144,3891.4,2.2,0.04568,0.0077,3857.4,-2.7,2679.5,-0.0118,-0.0000,0.0000,2.852,1,293.15,0,2675.8,-0.0118,-0.0000,0.0000,2.851,1,293.15,0,4073.8,0.6513,0.0000,0.0000,3.859,1,293.15,0,4024.6,0.6541,0.0000,0.0000,3.861,1,293.15,0
1.2833,0.2238,-0.0000,0.5266,1.572,1.572,700.0,3,0.001,1.000,0.000,0.000,0,4.48,13.78,6.72,7.14,-0.00,17.55,0.02398,-0.0203,2429.9,3.1,0.02396,-0.0204,2431.3,6.4,0.04609,0.0329,3997.3,3.9,0.04611,0.0420,3998.4,-36.8,2617.5,-0.0126,0.0000,0.0000,3.121,1,293.15,0,2622.5,-0.0125,0.0000,0.0000,3.121,1,293.15,0,4263.8,0.4943,-0.0000,0.0000,3.845,1,293.15,0,4317.5,0.4918,-0.0000,0.0000,3.845,1,293.15,0
1.3000,0.2522,-0.0000,0.5265,1.724,1.724,700.0,3,0.001,1.000,0.000,0.000,0,5.39,16.58,8.09,8.59,0.00,21.11,0.02353,-0.0343,2342.0,2.1,0.02351,-0.0335,2360.7,18.7,0.04667,0.0285,3996.6,-6.6,0.04670,0.0319,4035.4,15.5,2508.4,-0.0132,0.0001,0.0000,3.419,1,293.15,0,2532.2,-0.0132,0.0001,0.0000,3.420,1,293.15,0,4134.1,0.3581,-0.0000,0.0000,3.897,1,293.15,0,4172.5,0.3569,-0.0000,0.0000,3.892,1,293.15,0
1.3167,0.2832,-0.0000,0.5265,1.876,1.876,700.0,3,0.001,1.000,0.000,0.000,0,6.39,19.64,9.58,10.18,0.00,25.00,0.02290,-0.0432,2268.4,4.1,0.02288,-0.0443,2274.9,16.6,0.04736,0.0658,4207.4,2.4,0.04737,0.0595,4124.2,-53.0,2444.4,-0.0134,0.0000,0.0000,3.716,1,293.15,0,2453.3,-0.0133,0.0000,0.0000,3.716,1,293.15,0,4495.3,0.2286,0.0000,0.0000,3.943,1,293.15,0,4397.1,0.2302,0.0000,0.0000,3.948,1,293.15,0
1.3333,0.3168,-0.0000,0.5264,2.035,2.035,700.0,3,0.001,1.000,0.000,0.000,0,7.51,23.10,11.27,11.97,0.00,29.39,0.02218,-0.0455,2213.7,2.9,0.02218,-0.0405,2238.9,6.9,0.04816,0.0377,4109.9,-9.6,0.04817,0.0381,4142.1,20.4,2427.2,-0.0135,0.0001,0.0000,4.028,1,293.15,0,2479.6,-0.0134,0.0001,0.0000,4.030,1,293.15,0,4231.4,0.1294,-0.0001,0.0000,4.030,1,293.15,0,4237.2,0.1295,-0.0001,0.0000,4.026,1,293.15,0
1.3500,0.3528,-0.0000,0.5264,2.177,2.176,700.0,3,0.001,1.000,0.000,0.000,0,8.60,26.43,12.89,13.69,0.00,33.63,0.02141,-0.0445,2168.9,0.3,0.02141,-0.0454,2180.2,15.6,0.04902,0.0506,4226.9,7.0,0.04905,0.0521,4188.6,-39.4,2361.7,-0.0119,0.0001,0.0000,4.297,1,293.15,0,2369.4,-0.0118,0.0001,0.0000,4.297,1,293.15,0,4473.1,0.0484,-0.0000,0.0000,4.262,1,293.15,0,4469.0,0.0485,-0.0000,0.0000,4.262,1,293.15,0
1.3667,0.3901,-0.0000,0.5264,2.244,2.244,700.0,3,0.001,1.000,0.000,0.000,0,9.14,28.08,13.70,14.55,0.00,35.74,0.02094,-0.0149,2263.8,-2.1,0.02096,-0.0138,2259.8,-12.2,0.04967,0.0258,4135.6,-5.3,0.04968,0.0223,4151.5,25.6,2521.7,-0.0081,0.0000,0.0000,4.407,1,293.15,0,2520.1,-0.0081,0.0000,0.0000,4.407,1,293.15,0,4239.5,0.0261,0.0000,0.0000,4.535,1,293.15,0,4226.7,0.0264,0.0000,0.0000,4.534,1,293.15,0
1.3833,0.4281,-0.0000,0.5263,2.286,2.286,709.4,3,0.001,1.000,0.000,0.000,0,9.49,29.15,14.22,15.11,-0.00,37.09,0.02105,0.0170,2407.2,-2.2,0.02108,0.0173,2399.5,-12.4,0.04957,-0.0299,3887.5,0.6,0.04955,-0.0336,3922.2,52.8,2632.1,-0.0071,-0.0000,0.0000,4.484,1,293.15,0,2624.2,-0.0072,-0.0000,0.0000,4.484,1,293.15,0,3945.1,0.0262,0.0000,0.0000,4.641,1,293.15,0,3962.6,0.0262,0.0000,0.0000,4.637,1,293.15,0
1.4000,0.4667,-0.0000,0.5263,2.325,2.324,722.5,3,0.001,1.000,0.000,0.000,0,9.81,30.14,14.70,15.62,-0.00,38.34,0.02161,0.0424,2549.0,-2.4,0.02164,0.0431,2534.2,-22.1,0.04899,-0.0269,3880.8,9.2,0.04898,-0.0235,3847.2,-39.2,2778.4,-0.0067,-0.0001,0.0000,4.559,1,293.15,0,2766.0,-0.0067,-0.0001,0.0000,4.559,1,293.15,0,4201.8,0.0270,0.0000,0.0000,4.717,1,293.15,0,4208.4,0.0269,0.0000,0.0000,4.720,1,293.15,0
1.4167,0.5061,-0.0000,0.5262,2.365,2.365,734.3,3,0.001,1.000,0.000,0.000,0,10.15,31.19,15.22,16.16,-0.00,39.68,0.02250,0.0584,2670.2,-3.8,0.02253,0.0584,2659.3,-16.4,0.04811,-0.0706,3633.7,0.6,0.04808,-0.0759,3670.0,62.4,2868.6,-0.0065,-0.0000,0.0000,4.638,1,293.15,0,2852.8,-0.0065,-0.0000,0.0000,4.638,1,293.15,0,3703.6,0.0291,0.0000,0.0000,4.815,1,293.15,0,3712.0,0.0290,0.0000,0.0000,4.816,1,293.15,0
1.4333,0.5460,-0.0000,0.5261,2.403,2.403,746.8,3,0.001,1.000,0.000,0.000,0,10.48,32.21,15.72,16.69,-0.00,40.96,0.02361,0.0718,2796.0,-2.0,0.02365,0.0727,2773.4,-30.3,0.04707,-0.0666,3596.4,-2.0,0.04706,-0.0629,3638.6,24.2,3019.0,-0.0062,-0.0000,0.0000,4.714,1,293.15,0,3001.4,-0.0062,-0.0000,0.0000,4.714,1,293.15,0,3792.9,0.0304,0.0000,0.0000,4.895,1,293.15,0,3839.6,0.0300,0.0000,0.0000,4.894,1,293.15,0
1.4500,0.5867,-0.0000,0.5261,2.442,2.442,758.6,3,0.001,1.000,0.000,0.000,0,10.83,33.26,16.23,17.23,0.00,42.29,0.02487,0.0770,2892.1,-3.1,0.02490,0.0762,2870.8,-22.9,0.04594,-0.0685,3541.5,8.7,0.04592,-0.0660,3551.5,8.5,3089.5,-0.0059,-0.0000,0.0000,4.791,1,293.15,0,3063.0,-0.0060,-0.0000,0.0000,4.790,1,293.15,0,3755.9,0.0314,0.0000,0.0000,4.978,1,293.15,0,3798.3,0.0312,0.0000,0.0000,4.975,1,293.15,0
1.4667,0.6279,-0.0000,0.5260,2.481,2.481,770.5,3,0.002,1.000,0.000,0.000,0,11.17,34.32,16.74,17.78,-0.00,43.63,0.02617,0.0769,2969.7,-1.7,0.02619,0.0770,2950.1,-23.0,0.04468,-0.0709,3453.3,-4.7,0.04466,-0.0723,3482.5,31.9,3162.9,-0.0058,-0.0000,0.0000,4.867,1,293.15,0,3144.5,-0.0059,-0.0000,0.0000,4.867,1,293.15,0,3638.2,0.0328,0.0000,0.0000,5.059,1,293.15,0,3641.0,0.0327,0.0000,0.0000,5.063,1,293.15,0
1.4833,0.6698,-0.0000,0.5259,2.519,2.519,782.1,3,0.002,1.000,0.000,0.000,0,11.52,35.39,17.27,18.33,-0.00,44.98,0.02742,0.0722,3022.7,-1.9,0.02745,0.0716,3009.2,-14.2,0.04350,-0.0744,3374.1,-7.1,0.04348,-0.0753,3407.6,31.2,3193.5,-0.0056,-0.0000,0.0000,4.942,1,293.15,0,3177.5,-0.0057,-0.0000,0.0000,4.942,1,293.15,0,3572.5,0.0336,0.0000,0.0000,5.144,1,293.15,0,3576.7,0.0335,0.0000,0.0000,5.144,1,293.15,0
1.5000,0.7124,-0.0000,0.5259,2.558,2.558,793.6,3,0.002,1.000,0.000,0.000,0,11.88,36.49,17.80,18.90,-0.00,46.37,0.02859,0.0697,3081.0,-0.9,0.02861,0.0702,3059.3,-25.8,0.04243,-0.0657,3368.0,3.9,0.04242,-0.0632,3400.0,25.7,3288.3,-0.0056,-0.0000,0.0000,5.021,1,293.15,0,3270.8,-0.0056,-0.0000,0.0000,5.020,1,293.15,0,3539.8,0.0341,0.0000,0.0000,5.224,1,293.15,0,3589.3,0.0341,0.0000,0.0000,5.221,1,293.15,0
1.5167,0.7556,-0.0000,0.5259,2.597,2.597,805.2,3,0.002,1.000,0.000,0.000,0,12.24,37.59,18.34,19.47,-0.00,47.76,0.02964,0.0576,3094.7,4.9,0.02964,0.0580,3073.0,-18.5,0.04144,-0.0512,3377.6,1.3,0.04144,-0.0474,3397.6,4.0,3272.9,-0.0055,-0.0000,0.0000,5.095,1,293.15,0,3268.6,-0.0055,-0.0000,0.0000,5.095,1,293.15,0,3611.7,0.0345,0.0000,0.0000,5.299,1,293.15,0,3650.8,0.0342,0.0000,0.0000,5.301,1,293.15,0
1.5333,0.7994,-0.0000,0.5259,2.635,2.635,817.0,3,0.002,1.000,0.000,0.000,0,12.60,38.71,18.89,20.05,0.00,49.20,0.03053,0.0612,3153.3,-2.9,0.03051,0.0513,3080.2,-32.1,0.04059,-0.0460,3358.0,3.8,0.04057,-0.0451,3350.9,-6.5,3396.2,-0.0054,-0.0000,0.0000,5.173,1,293.15,0,3270.1,-0.0054,-0.0000,0.0000,5.170,1,293.15,0,3611.8,0.0346,0.0000,0.0000,5.381,1,293.15,0,3616.5,0.0346,0.0000,0.0000,5.383,1,293.15,0
1.5500,0.8439,-0.0000,0.5259,2.674,2.674,828.9,3,0.002,1.000,0.000,0.000,0,12.98,39.88,19.46,20.66,0.00,50.68,0.03117,0.0303,3054.2,-5.6,0.03118,0.0326,3073.6,3.8,0.03988,-0.0379,3350.3,-1.8,0.03989,-0.0377,3357.1,4.0,3224.0,-0.0055,-0.0000,0.0000,5.248,1,293.15,0,3235.5,-0.0055,-0.0000,0.0000,5.248,1,293.15,0,3580.0,0.0349,0.0000,0.0000,5.464,1,293.15,0,3583.9,0.0349,0.0000,0.0000,5.463,1,293.15,0
1.5667,0.8891,-0.0000,0.5260,2.714,2.714,840.8,3,0.002,1.000,0.000,0.000,0,13.37,41.07,20.04,21.28,0.00,52.20,0.03167,0.0305,3088.3,-0.9,0.03169,0.0306,3080.1,-10.3,0.03933,-0.0275,3370.2,1.3,0.03933,-0.0287,3370.7,7.2,3287.7,-0.0055,-0.0000,0.0000,5.327,1,293.15,0,3281.5,-0.0055,-0.0000,0.0000,5.327,1,293.15,0,3568.5,0.0352,0.0000,0.0000,5.545,1,293.15,0,3569.3,0.0351,0.0000,0.0000,5.543,1,293.15,0
1.5833,0.9349,-0.0000,0.5260,2.754,2.754,852.9,3,0.002,1.000,0.000,0.000,0,13.77,42.30,20.64,21.91,-0.00,53.76,0.03205,0.0199,3066.4,1.8,0.03206,0.0198,3055.1,-9.5,0.03891,-0.0207,3374.7,-1.1,0.03890,-0.0210,3382.9,8.2,3265.9,-0.0055,0.0000,0.0000,5.406,1,293.15,0,3261.5,-0.0055,0.0000,0.0000,5.406,1,293.15,0,3570.3,0.0353,0.0000,0.0000,5.628,1,293.15,0,3572.5,0.0353,0.0000,0.0000,5.626,1,293.15,0
1.6000,0.9814,-0.0000,0.5261,2.795,2.795,865.1,3,0.002,1.000,0.000,0.000,0,14.17,43.55,21.25,22.56,-0.00,55.37,0.03224,0.0090,3030.1,1.4,0.03224,0.0092,3024.9,-4.2,0.03859,-0.0176,3371.4,-1.2,0.03859,-0.0175,3383.9,10.9,3225.5,-0.0055,0.0000,0.0000,5.485,1,293.15,0,3224.4,-0.0055,0.0000,0.0000,5.485,1,293.15,0,3555.3,0.0354,-0.0000,0.0000,5.712,1,293.15,0,3563.3,0.0354,-0.0000,0.0000,5.709,1,293.15,0
1.6167,1.0286,-0.0000,0.5262,2.836,2.836,877.4,3,0.002,1.000,0.000,0.000,0,14.59,44.84,21.88,23.23,-0.00,57.03,0.03232,0.0020,3003.2,0.7,0.03231,0.0016,3002.3,1.6,0.03842,-0.0103,3395.3,-0.3,0.03841,-0.0128,3391.9,7.9,3189.7,-0.0055,-0.0000,0.0000,5.566,1,293.15,0,3188.2,-0.0055,-0.0000,0.0000,5.566,1,293.15,0,3578.2,0.0353,-0.0000,0.0000,5.794,1,293.15,0,3561.6,0.0353,-0.0000,0.0000,5.793,1,293.15,0
1.6333,1.0764,-0.0000,0.5263,2.877,2.877,889.8,3,0.003,1.000,0.000,0.000,0,15.02,46.17,22.52,23.92,0.00,58.72,0.03228,-0.0046,2973.3,0.6,0.03227,-0.0048,2975.7,4.6,0.03835,-0.0027,3424.8,-1.0,0.03834,-0.0029,3425.6,1.3,3157.9,-0.0055,0.0000,0.0000,5.647,1,293.15,0,3158.8,-0.0055,0.0000,0.0000,5.647,1,293.15,0,3622.8,0.0350,-0.0000,0.0000,5.878,1,293.15,0,3618.3,0.0351,-0.0000,0.0000,5.876,1,293.15,0
1.6500,1.1250,-0.0000,0.5263,2.919,2.919,902.4,3,0.003,1.000,0.000,0.000,0,15.46,47.52,23.18,24.62,0.00,60.46,0.03216,-0.0094,2944.9,-0.0,0.03215,-0.0096,2949.8,6.0,0.03833,0.0004,3438.5,-0.0,0.03833,0.0009,3439.3,-1.4,3132.0,-0.0055,0.0000,0.0000,5.729,1,293.15,0,3133.8,-0.0055,0.0000,0.0000,5.729,1,293.15,0,3638.7,0.0350,-0.0000,0.0000,5.963,1,293.15,0,3640.5,0.0350,-0.0000,0.0000,5.961,1,293.15,0
1.6667,1.1743,-0.0000,0.5264,2.961,2.961,915.0,3,0.003,1.000,0.000,0.000,0,15.92,48.92,23.86,25.35,0.00,62.25,0.03198,-0.0125,2922.5,0.7,0.03197,-0.0127,2926.2,5.7,0.03842,0.0061,3469.2,0.7,0.03842,0.0062,3465.3,-3.9,3111.6,-0.0055,0.0000,0.0000,5.812,1,293.15,0,3114.2,-0.0055,0.0000,0.0000,5.812,1,293.15,0,3669.3,0.0348,-0.0000,0.0000,6.048,1,293.15,0,3667.5,0.0349,-0.0000,0.0000,6.047,1,293.15,0
1.6833,1.2242,-0.0000,0.5265,3.004,3.004,927.8,3,0.003,1.000,0.000,0.000,0,16.38,50.35,24.56,26.09,0.00,64.08,0.03175,-0.0146,2900.3,0.7,0.03174,-0.0146,2904.0,4.6,0.03852,0.0051,3468.9,-1.0,0.03852,0.0057,3477.5,4.9,3095.0,-0.0055,0.0000,0.0000,5.896,1,293.15,0,3098.8,-0.0055,0.0000,0.0000,5.896,1,293.15,0,3647.2,0.0348,-0.0000,0.0000,6.137,1,293.15,0,3655.2,0.0349,-0.0000,0.0000,6.135,1,293.15,0
1.7000,1.2749,-0.0000,0.5265,3.048,3.048,940.6,3,0.003,1.000,0.000,0.000,0,16.86,51.82,25.28,26.86,0.00,65.96,0.03149,-0.0154,2881.7,-0.3,0.03149,-0.0154,2886.4,4.6,0.03868,0.0016,3463.0,0.1,0.03867,-0.0009,3470.1,19.0,3080.7,-0.0056,0.0000,0.0000,5.982,1,293.15,0,3082.7,-0.0055,0.0000,0.0000,5.982,1,293.15,0,3596.2,0.0349,-0.0000,0.0000,6.227,1,293.15,0,3592.4,0.0349,-0.0000,0.0000,6.226,1,293.15,0
1.7167,1.3264,-0.0000,0.5266,3.091,3.091,953.8,3,0.003,1.000,0.000,0.000,0,17.34,53.32,26.01,27.63,-0.00,67.88,0.03123,-0.0153,2868.9,1.2,0.03122,-0.0153,2869.8,2.7,0.03884,0.0049,3482.0,-4.3,0.03884,0.0034,3501.7,21.9,3069.0,-0.0056,0.0000,0.0000,6.068,1,293.15,0,3071.3,-0.0056,0.0000,0.0000,6.068,1,293.15,0,3616.5,0.0349,-0.0000,0.0000,6.315,1,293.15,0,3617.4,0.0350,-0.0000,0.0000,6.314,1,293.15,0
1.7333,1.3785,-0.0000,0.5266,3.135,3.135,967.1,3,0.003,1.000,0.000,0.000,0,17.84,54.84,26.75,28.42,-0.00,69.83,0.03097,-0.0145,2857.5,1.1,0.03096,-0.0144,2858.2,1.8,0.03903,0.0063,3502.9,0.3,0.03902,0.0054,3509.4,11.0,3059.8,-0.0055,0.0000,0.0000,6.153,1,293.15,0,3062.1,-0.0055,0.0000,0.0000,6.153,1,293.15,0,3656.4,0.0348,-0.0000,0.0000,6.405,1,293.15,0,3658.8,0.0349,-0.0000,0.0000,6.403,1,293.15,0
1.7500,1.4314,-0.0000,0.5267,3.179,3.179,980.5,3,0.003,1.000,0.000,0.000,0,18.35,56.40,27.51,29.23,0.00,71.82,0.03073,-0.0136,2847.8,1.0,0.03072,-0.0131,2848.6,0.5,0.03925,0.0157,3558.8,1.8,0.03926,0.0182,3552.9,-15.5,3053.4,-0.0055,0.0000,0.0000,6.240,1,293.15,0,3057.1,-0.0055,0.0000,0.0000,6.240,1,293.15,0,3782.3,0.0345,-0.0000,0.0000,6.492,1,293.15,0,3793.3,0.0346,-0.0000,0.0000,6.490,1,293.15,0
1.7667,1.4851,-0.0000,0.5267,3.224,3.224,994.2,3,0.003,1.000,0.000,0.000,0,18.86,57.99,28.28,30.05,0.00,73.84,0.03050,-0.0125,2839.2,0.6,0.03049,-0.0123,2841.0,1.8,0.03941,0.0155,3568.8,4.2,0.03942,0.0171,3541.2,-30.6,3041.2,-0.0054,-0.0000,0.0000,6.327,1,293.15,0,3044.2,-0.0054,-0.0000,0.0000,6.327,1,293.15,0,3833.1,0.0346,0.0000,0.0000,6.583,1,293.15,0,3825.5,0.0347,0.0000,0.0000,6.582,1,293.15,0
1.7833,1.5395,-0.0000,0.5267,3.269,3.269,1007.7,3,0.004,1.000,0.000,0.000,0,19.40,59.64,29.09,30.91,0.00,75.95,0.03030,-0.0118,2830.2,0.1,0.03030,-0.0119,2834.4,4.8,0.03959,0.0114,3555.2,-1.1,0.03959,0.0088,3542.3,-2.0,3023.5,-0.0055,-0.0000,0.0000,6.416,1,293.15,0,3026.4,-0.0055,-0.0000,0.0000,6.416,1,293.15,0,3749.1,0.0349,0.0000,0.0000,6.678,1,293.15,0,3721.7,0.0351,0.0000,0.0000,6.678,1,293.15,0
1.8000,1.5946,-0.0000,0.5267,3.315,3.315,1021.5,3,0.004,1.000,0.000,0.000,0,19.94,61.32,29.91,31.78,0.00,78.09,0.03014,-0.0097,2829.6,-0.5,0.03014,-0.0099,2834.9,5.6,0.03973,0.0005,3509.1,-5.9,0.03973,-0.0013,3532.5,25.6,3019.9,-0.0055,-0.0000,0.0000,6.506,1,293.15,0,3022.4,-0.0055,-0.0000,0.0000,6.506,1,293.15,0,3641.6,0.0353,0.0000,0.0000,6.777,1,293.15,0,3640.2,0.0354,0.0000,0.0000,6.774,1,293.15,0
1.8167,1.6505,-0.0000,0.5267,3.361,3.361,1035.6,3,0.004,1.000,0.000,0.000,0,20.50,63.01,30.74,32.66,-0.00,80.24,0.03000,-0.0079,2830.7,0.3,0.03000,-0.0079,2831.7,1.8,0.03993,0.0186,3607.2,0.7,0.03993,0.0183,3584.2,-20.9,3028.4,-0.0054,-0.0000,0.0000,6.595,1,293.15,0,3029.3,-0.0054,-0.0000,0.0000,6.595,1,293.15,0,3848.2,0.0351,0.0000,0.0000,6.863,1,293.15,0,3827.0,0.0352,0.0000,0.0000,6.862,1,293.15,0
1.8333,1.7072,-0.0000,0.5266,3.406,3.406,1049.9,3,0.004,1.000,0.000,0.000,0,21.06,64.74,31.58,33.55,0.00,82.44,0.02990,-0.0045,2839.1,0.1,0.02990,-0.0040,2839.4,-1.9,0.03999,0.0076,3562.5,1.6,0.04000,0.0112,3557.5,-19.8,3045.8,-0.0053,0.0000,0.0000,6.685,1,293.15,0,3048.7,-0.0053,0.0000,0.0000,6.685,1,293.15,0,3808.8,0.0354,-0.0000,0.0000,6.963,1,293.15,0,3823.6,0.0355,-0.0000,0.0000,6.960,1,293.15,0
1.8500,1.7647,-0.0000,0.5266,3.454,3.454,1063.6,3,0.004,1.000,0.000,0.000,0,21.65,66.56,32.47,34.50,0.00,84.75,0.02982,-0.0048,2832.6,-0.1,0.02982,-0.0049,2834.2,1.6,0.04014,-0.0020,3525.2,-1.3,0.04014,-0.0054,3539.4,28.2,3029.3,-0.0054,-0.0000,0.0000,6.779,1,293.15,0,3030.9,-0.0054,-0.0000,0.0000,6.779,1,293.15,0,3637.4,0.0359,0.0000,0.0000,7.063,1,293.15,0,3634.2,0.0359,0.0000,0.0000,7.062,1,293.15,0
1.8667,1.8229,-0.0000,0.5266,3.500,3.500,1078.4,3,0.004,1.000,0.000,0.000,0,22.23,68.35,33.34,35.42,-0.00,87.02,0.02977,-0.0030,2837.0,-0.8,0.02977,-0.0032,2840.3,3.4,0.04025,0.0157,3611.1,0.2,0.04026,0.0182,3597.0,-25.7,3027.9,-0.0053,0.0000,0.0000,6.869,1,293.15,0,3028.2,-0.0053,0.0000,0.0000,6.869,1,293.15,0,3871.9,0.0357,0.0000,0.0000,7.153,1,293.15,0,3871.2,0.0358,0.0000,0.0000,7.151,1,293.15,0
1.8833,1.8819,0.0000,0.5266,3.548,3.548,1092.6,3,0.004,1.000,0.000,0.000,0,22.85,70.24,34.26,36.40,-0.00,89.42,0.02973,-0.0011,2844.3,0.1,0.02974,-0.0007,2843.6,-2.0,0.04032,-0.0009,3540.0,-1.0,0.04032,-0.0018,3556.9,20.2,3047.6,-0.0053,0.0000,0.0000,6.964,1,293.15,0,3049.1,-0.0053,0.0000,0.0000,6.964,1,293.15,0,3675.6,0.0363,-0.0000,0.0000,7.258,1,293.15,0,3684.5,0.0364,-0.0000,0.0000,7.256,1,293.15,0
1.9000,1.9418,0.0000,0.5265,3.595,3.595,1107.5,3,0.004,1.000,0.000,0.000,0,23.46,72.11,35.18,37.37,0.00,91.80,0.02971,-0.0018,2839.6,-0.1,0.02971,-0.0020,2840.4,1.3,0.04041,0.0160,3618.8,-2.2,0.04043,0.0185,3609.1,-23.9,3033.8,-0.0053,-0.0000,0.0000,7.056,1,293.15,0,3034.4,-0.0053,-0.0000,0.0000,7.056,1,293.15,0,3881.3,0.0362,0.0000,0.0000,7.350,1,293.15,0,3878.4,0.0363,0.0000,0.0000,7.348,1,293.15,0
1.9167,2.0024,0.0000,0.5265,3.644,3.644,1122.1,3,0.005,1.000,0.000,0.000,0,24.10,74.07,36.13,38.39,0.00,94.29,0.02970,-0.0005,2844.0,-0.8,0.02971,-0.0006,2847.1,2.4,0.04045,-0.0050,3527.4,-1.6,0.04045,-0.0037,3552.6,17.5,3035.6,-0.0052,0.0000,0.0000,7.151,1,293.15,0,3036.8,-0.0052,0.0000,0.0000,7.151,1,293.15,0,3678.2,0.0368,-0.0000,0.0000,7.459,1,293.15,0,3704.1,0.0369,-0.0000,0.0000,7.456,1,293.15,0
1.9333,2.0638,0.0000,0.5265,3.692,3.692,1137.2,3,0.005,1.000,0.000,0.000,0,24.74,76.05,37.09,39.41,0.00,96.79,0.02971,0.0008,2850.6,0.1,0.02971,0.0006,2848.5,-1.3,0.04056,0.0180,3638.0,0.4,0.04057,0.0179,3608.7,-29.1,3049.9,-0.0052,-0.0000,0.0000,7.246,1,293.15,0,3047.9,-0.0052,-0.0000,0.0000,7.246,1,293.15,0,3906.9,0.0367,0.0000,0.0000,7.550,1,293.15,0,3881.4,0.0367,0.0000,0.0000,7.549,1,293.15,0
1.9500,2.1261,0.0000,0.5264,3.741,3.741,1152.1,3,0.005,1.000,0.000,0.000,0,25.41,78.09,38.09,40.47,-0.00,99.39,0.02971,-0.0000,2846.5,-0.5,0.02971,-0.0000,2849.2,2.2,0.04055,-0.0071,3519.1,-6.3,0.04055,-0.0045,3566.3,29.2,3037.3,-0.0052,0.0000,0.0000,7.344,1,293.15,0,3038.5,-0.0052,0.0000,0.0000,7.344,1,293.15,0,3649.3,0.0376,-0.0000,0.0000,7.662,1,293.15,0,3687.9,0.0374,-0.0000,0.0000,7.660,1,293.15,0
1.9667,2.1892,0.0000,0.5264,3.790,3.790,1167.4,3,0.005,1.000,0.000,0.000,0,26.07,80.15,39.10,41.53,0.00,101.99,0.02972,0.0016,2854.8,0.3,0.02972,0.0016,2851.9,-2.9,0.04062,0.0038,3581.5,4.1,0.04062,0.0028,3559.7,-13.5,3057.6,-0.0051,-0.0000,0.0000,7.440,1,293.15,0,3056.0,-0.0051,-0.0000,0.0000,7.440,1,293.15,0,3803.8,0.0374,0.0000,0.0000,7.760,1,293.15,0,3792.0,0.0375,0.0000,0.0000,7.760,1,293.15,0
1.9833,2.2531,0.0000,0.5264,3.841,3.841,1182.6,3,0.005,1.000,0.000,0.000,0,26.77,82.28,40.14,42.64,-0.00,104.70,0.02972,-0.0005,2845.3,-0.4,0.02972,-0.0007,2848.0,3.1,0.04068,0.0064,3589.8,-2.9,0.04069,0.0075,3599.4,1.8,3033.3,-0.0051,0.0000,0.0000,7.538,1,293.15,0,3033.7,-0.0051,0.0000,0.0000,7.538,1,293.15,0,3782.8,0.0376,-0.0000,0.0000,7.864,1,293.15,0,3787.8,0.0378,-0.0000,0.0000,7.862,1,293.15,0
2.0000,2.3178,0.0000,0.5264,3.891,3.891,1198.0,3,0.005,1.000,0.000,0.000,0,27.48,84.45,41.20,43.76,0.00,107.45,0.02972,-0.0002,2846.9,-0.2,0.02972,-0.0001,2848.0,0.3,0.04069,-0.0049,3540.4,-1.9,0.04069,-0.0067,3552.0,17.2,3042.9,-0.0051,-0.0000,0.0000,7.637,1,293.15,0,3044.1,-0.0051,-0.0000,0.0000,7.637,1,293.15,0,3692.8,0.0382,0.0000,0.0000,7.974,1,293.15,0,3692.3,0.0382,0.0000,0.0000,7.971,1,293.15,0
2.0167,2.3834,0.0000,0.5263,3.941,3.941,1213.7,3,0.005,1.000,0.000,0.000,0,28.19,86.65,42.27,44.90,-0.00,110.25,0.02972,-0.0003,2846.1,-0.3,0.02972,-0.0005,2847.3,1.4,0.04076,0.0045,3591.3,3.0,0.04076,0.0053,3577.9,-14.4,3039.0,-0.0050,-0.0000,0.0000,7.736,1,293.15,0,3039.2,-0.0050,-0.0000,0.0000,7.736,1,293.15,0,3819.0,0.0381,0.0000,0.0000,8.075,1,293.15,0,3819.4,0.0381,0.0000,0.0000,8.073,1,293.15,0
2.0333,2.4498,0.0000,0.5263,3.992,3.992,1229.4,3,0.006,1.000,0.000,0.000,0,28.93,88.91,43.37,46.07,-0.00,113.12,0.02971,-0.0012,2841.5,-0.1,0.02971,-0.0014,2842.7,1.5,0.04081,0.0109,3619.4,-0.4,0.04082,0.0139,3611.5,-22.3,3034.6,-0.0050,0.0000,0.0000,7.836,1,293.15,0,3035.0,-0.0050,0.0000,0.0000,7.836,1,293.15,0,3876.6,0.0383,-0.0000,0.0000,8.178,1,293.15,0,3881.3,0.0383,-0.0000,0.0000,8.176,1,293.15,0
2.0500,2.5171,0.0000,0.5263,4.045,4.045,1244.7,3,0.006,1.000,0.000,0.000,0,29.69,91.26,44.52,47.28,-0.00,116.10,0.02969,-0.0007,2843.6,0.3,0.02970,-0.0006,2843.0,-1.0,0.04087,0.0039,3587.6,-3.7,0.04087,0.0033,3602.2,13.3,3043.0,-0.0051,0.0000,0.0000,7.940,1,293.15,0,3044.0,-0.0051,0.0000,0.0000,7.940,1,293.15,0,3749.2,0.0387,-0.0000,0.0000,8.289,1,293.15,0,3750.7,0.0387,-0.0000,0.0000,8.287,1,293.15,0
2.0667,2.5853,0.0000,0.5263,4.097,4.097,1260.4,3,0.006,1.000,0.000,0.000,0,30.46,93.61,45.67,48.50,0.00,119.09,0.02967,-0.0012,2839.6,-0.4,0.02968,-0.0012,2841.4,1.3,0.04090,-0.0034,3558.5,-1.9,0.04089,-0.0053,3572.5,20.6,3034.1,-0.0050,-0.0000,0.0000,8.042,1,293.15,0,3035.1,-0.0050,-0.0000,0.0000,8.042,1,293.15,0,3698.7,0.0390,0.0000,0.0000,8.400,1,293.15,0,3698.8,0.0390,0.0000,0.0000,8.398,1,293.15,0
2.0833,2.6543,0.0000,0.5263,4.149,4.149,1276.5,3,0.006,1.000,0.000,0.000,0,31.24,96.00,46.83,49.74,0.00,122.12,0.02965,-0.0018,2835.9,-0.3,0.02965,-0.0019,2837.6,1.9,0.04093,-0.0039,3562.3,2.3,0.04093,-0.0051,3558.5,4.1,3029.1,-0.0049,-0.0000,0.0000,8.143,1,293.15,0,3029.7,-0.0049,-0.0000,0.0000,8.143,1,293.15,0,3742.1,0.0391,0.0000,0.0000,8.508,1,293.15,0,3740.6,0.0391,0.0000,0.0000,8.506,1,293.15,0
2.1000,2.7242,0.0000,0.5263,4.201,4.201,1292.5,3,0.006,1.000,0.000,0.000,0,32.03,98.44,48.02,51.01,-0.00,125.23,0.02962,-0.0024,2832.5,0.4,0.02962,-0.0026,2832.1,0.9,0.04099,0.0024,3595.3,4.0,0.04099,0.0013,3575.6,-10.9,3027.0,-0.0049,-0.0000,0.0000,8.246,1,293.15,0,3027.1,-0.0049,-0.0000,0.0000,8.246,1,293.15,0,3811.3,0.0391,0.0000,0.0000,8.614,1,293.15,0,3799.1,0.0392,0.0000,0.0000,8.614,1,293.15,0
2.1167,2.7950,0.0000,0.5263,4.254,4.254,1308.8,3,0.006,1.000,0.000,0.000,0,32.84,100.93,49.24,52.30,-0.00,128.39,0.02959,-0.0019,2832.8,0.4,0.02959,-0.0016,2831.7,-1.8,0.04102,-0.0011,3580.4,3.3,0.04102,0.0004,3573.2,-10.6,3035.4,-0.0048,0.0000,0.0000,8.350,1,293.15,0,3036.6,-0.0048,0.0000,0.0000,8.350,1,293.15,0,3801.2,0.0394,-0.0000,0.0000,8.726,1,293.15,0,3810.3,0.0394,-0.0000,0.0000,8.724,1,293.15,0
2.1333,2.8667,0.0000,0.5263,4.308,4.308,1324.9,3,0.006,1.000,0.000,0.000,0,33.68,103.50,50.49,53.62,-0.00,131.65,0.02956,-0.0008,2835.4,0.4,0.02956,-0.0006,2833.1,-3.0,0.04110,0.0028,3603.0,4.3,0.04110,0.0024,3585.6,-11.4,3040.9,-0.0048,-0.0000,0.0000,8.456,1,293.15,0,3040.9,-0.0048,-0.0000,0.0000,8.456,1,293.15,0,3819.1,0.0395,0.0000,0.0000,8.835,1,293.15,0,3813.1,0.0395,0.0000,0.0000,8.834,1,293.15,0
2.1500,2.9393,0.0000,0.5263,4.361,4.361,1341.4,3,0.007,1.000,0.000,0.000,0,34.52,106.08,51.75,54.96,-0.00,134.94,0.02952,-0.0018,2828.6,-0.2,0.02952,-0.0018,2829.9,1.1,0.04113,0.0056,3614.6,1.5,0.04114,0.0073,3603.8,-17.1,3023.9,-0.0048,0.0000,0.0000,8.560,1,293.15,0,3024.4,-0.0048,0.0000,0.0000,8.560,1,293.15,0,3854.8,0.0397,-0.0000,0.0000,8.946,1,293.15,0,3855.9,0.0397,-0.0000,0.0000,8.944,1,293.15,0
2.1667,3.0128,0.0000,0.5263,4.415,4.415,1357.8,3,0.007,1.000,0.000,0.000,0,35.38,108.73,53.04,56.34,0.00,138.31,0.02949,-0.0022,2824.2,-0.8,0.02949,-0.0023,2827.3,2.6,0.04118,-0.0022,3584.9,4.0,0.04117,-0.0010,3575.6,-10.1,3017.0,-0.0047,0.0000,0.0000,8.666,1,293.15,0,3017.7,-0.0047,0.0000,0.0000,8.666,1,293.15,0,3803.1,0.0399,-0.0000,0.0000,9.062,1,293.15,0,3809.1,0.0400,-0.0000,0.0000,9.060,1,293.15,0
2.1833,3.0872,0.0000,0.5262,4.470,4.470,1374.3,3,0.007,1.000,0.000,0.000,0,36.27,111.45,54.37,57.74,0.00,141.76,0.02944,-0.0021,2822.4,-0.7,0.02944,-0.0022,2824.5,2.0,0.04124,-0.0005,3595.4,3.9,0.04124,-0.0010,3583.4,-6.1,3016.7,-0.0047,-0.0000,0.0000,8.774,1,293.15,0,3016.5,-0.0047,-0.0000,0.0000,8.774,1,293.15,0,3799.3,0.0401,0.0000,0.0000,9.175,1,293.15,0,3798.8,0.0401,0.0000,0.0000,9.173,1,293.15,0
2.2000,3.1625,0.0000,0.5262,4.525,4.525,1390.9,3,0.007,1.000,0.000,0.000,0,37.16,114.21,55.72,59.17,-0.00,145.27,0.02941,-0.0020,2821.3,-0.0,0.02941,-0.0023,2822.0,1.7,0.04130,-0.0054,3578.4,5.7,0.04128,-0.0075,3566.8,3.9,3014.3,-0.0047,0.0000,0.0000,8.883,1,293.15,0,3013.7,-0.0047,0.0000,0.0000,8.883,1,293.15,0,3749.8,0.0404,-0.0000,0.0000,9.291,1,293.15,0,3745.4,0.0404,-0.0000,0.0000,9.290,1,293.15,0
2.2167,3.2387,0.0000,0.5262,4.581,4.581,1407.5,3,0.007,1.000,0.000,0.000,0,38.09,117.06,57.11,60.65,0.00,148.88,0.02937,-0.0022,2818.1,-0.4,0.02937,-0.0021,2820.7,2.0,0.04139,0.0004,3601.5,-2.2,0.04138,-0.0056,3596.5,20.1,3011.6,-0.0048,0.0000,0.0000,8.994,1,293.15,0,3012.6,-0.0048,0.0000,0.0000,8.994,1,293.15,0,3740.1,0.0405,-0.0000,0.0000,9.405,1,293.15,0,3702.1,0.0407,-0.0000,0.0000,9.405,1,293.15,0
2.2333,3.3159,0.0000,0.5262,4.637,4.637,1424.6,3,0.007,1.000,0.000,0.000,0,39.02,119.91,58.50,62.12,0.00,152.51,0.02933,-0.0021,2815.9,-0.9,0.02933,-0.0019,2820.0,2.4,0.04146,0.0104,3640.3,-11.3,0.04148,0.0115,3663.0,5.0,3009.6,-0.0048,-0.0000,0.0000,9.103,1,293.15,0,3011.8,-0.0048,-0.0000,0.0000,9.103,1,293.15,0,3845.5,0.0406,0.0000,0.0000,9.513,1,293.15,0,3842.6,0.0406,0.0000,0.0000,9.516,1,293.15,0
2.2500,3.3940,0.0000,0.5262,4.692,4.692,1442.0,3,0.008,1.000,0.000,0.000,0,39.96,122.79,59.90,63.62,0.00,156.17,0.02929,-0.0013,2818.0,-0.1,0.02929,-0.0012,2818.0,-0.5,0.04148,0.0118,3655.5,-3.6,0.04149,0.0139,3653.3,-15.8,3017.7,-0.0047,-0.0000,0.0000,9.211,1,293.15,0,3017.8,-0.0047,-0.0000,0.0000,9.211,1,293.15,0,3901.4,0.0408,0.0000,0.0000,9.632,1,293.15,0,3897.9,0.0408,0.0000,0.0000,9.629,1,293.15,0
2.2667,3.4730,0.0000,0.5262,4.748,4.748,1459.3,3,0.008,1.000,0.000,0.000,0,40.92,125.75,61.34,65.15,-0.00,159.92,0.02925,-0.0016,2814.8,0.3,0.02925,-0.0013,2813.7,-1.9,0.04149,-0.0046,3591.3,4.6,0.04149,-0.0037,3579.8,-10.5,3018.1,-0.0046,0.0000,0.0000,9.321,1,293.15,0,3018.7,-0.0046,0.0000,0.0000,9.321,1,293.15,0,3811.2,0.0411,-0.0000,0.0000,9.757,1,293.15,0,3816.1,0.0412,-0.0000,0.0000,9.755,1,293.15,0
2.2833,3.5530,0.0000,0.5262,4.807,4.807,1476.0,3,0.008,1.000,0.000,0.000,0,41.93,128.86,62.86,66.76,-0.00,163.87,0.02922,-0.0025,2808.7,0.2,0.02922,-0.0025,2809.2,0.7,0.04164,-0.0043,3599.1,3.1,0.04163,-0.0080,3602.3,23.6,3004.6,-0.0047,0.0000,0.0000,9.437,1,293.15,0,3005.6,-0.0047,0.0000,0.0000,9.437,1,293.15,0,3714.3,0.0413,-0.0000,0.0000,9.875,1,293.15,0,3711.2,0.0414,-0.0000,0.0000,9.875,1,293.15,0
2.3000,3.6339,0.0000,0.5262,4.863,4.863,1494.0,3,0.008,1.000,0.000,0.000,0,42.92,131.90,64.35,68.34,0.00,167.74,0.02919,-0.0025,2806.9,0.2,0.02919,-0.0026,2807.5,1.2,0.04167,0.0179,3690.5,-6.3,0.04169,0.0195,3691.0,-13.7,3001.4,-0.0047,-0.0000,0.0000,9.548,1,293.15,0,3002.0,-0.0047,-0.0000,0.0000,9.548,1,293.15,0,3931.4,0.0414,0.0000,0.0000,9.986,1,293.15,0,3923.0,0.0414,0.0000,0.0000,9.983,1,293.15,0
2.3167,3.7158,0.0000,0.5262,4.921,4.921,1511.7,3,0.008,1.000,0.000,0.000,0,43.94,135.03,65.87,69.96,-0.00,171.71,0.02916,-0.0018,2808.0,0.0,0.02916,-0.0021,2808.5,1.6,0.04168,0.0004,3621.6,2.2,0.04168,0.0012,3614.3,-8.1,3001.0,-0.0046,0.0000,0.0000,9.659,1,293.15,0,3000.6,-0.0046,0.0000,0.0000,9.659,1,293.15,0,3836.3,0.0417,-0.0000,0.0000,10.113,1,293.15,0,3837.4,0.0418,-0.0000,0.0000,10.112,1,293.15,0
2.3333,3.7987,0.0000,0.5261,4.980,4.980,1528.9,3,0.008,1.000,0.000,0.000,0,45.01,138.30,67.47,71.65,0.00,175.86,0.02912,-0.0011,2809.1,-0.1,0.02912,-0.0009,2809.0,-1.1,0.04182,-0.0006,3625.1,3.3,0.04182,-0.0030,3621.5,10.4,3010.3,-0.0046,0.0000,0.0000,9.777,1,293.15,0,3010.7,-0.0045,0.0000,0.0000,9.777,1,293.15,0,3778.2,0.0418,-0.0000,0.0000,10.235,1,293.15,0,3775.2,0.0418,-0.0000,0.0000,10.234,1,293.15,0
2.3500,3.8825,0.0000,0.5261,5.038,5.038,1547.3,3,0.009,1.000,0.000,0.000,0,46.06,141.52,69.04,73.32,0.00,179.95,0.02909,-0.0021,2803.0,0.3,0.02909,-0.0020,2803.0,-0.2,0.04183,0.0093,3661.8,-4.7,0.04184,0.0103,3664.6,-7.2,3001.1,-0.0046,-0.0000,0.0000,9.890,1,293.15,0,3002.2,-0.0046,-0.0000,0.0000,9.890,1,293.15,0,3886.2,0.0421,0.0000,0.0000,10.354,1,293.15,0,3881.9,0.0421,0.0000,0.0000,10.351,1,293.15,0
2.3667,3.9674,0.0000,0.5261,5.097,5.097,1565.1,3,0.009,1.000,0.000,0.000,0,47.15,144.87,70.68,75.05,-0.00,184.20,0.02907,-0.0018,2803.2,0.2,0.02907,-0.0018,2804.2,1.5,0.04193,-0.0020,3625.2,3.7,0.04193,0.0020,3640.8,1.6,2996.0,-0.0045,0.0000,0.0000,10.006,1,293.15,0,2997.2,-0.0045,0.0000,0.0000,10.006,1,293.15,0,3806.8,0.0423,-0.0000,0.0000,10.480,1,293.15,0,3849.2,0.0421,-0.0000,0.0000,10.479,1,293.15,0
2.3833,4.0532,0.0000,0.5261,5.156,5.156,1583.6,3,0.009,1.000,0.000,0.000,0,48.24,148.24,72.32,76.80,0.00,188.48,0.02903,-0.0009,2804.4,-0.2,0.02904,-0.0003,2805.6,-1.8,0.04195,0.0053,3655.4,0.4,0.04195,0.0058,3649.2,-8.3,3007.9,-0.0045,0.0000,0.0000,10.123,1,293.15,0,3011.6,-0.0045,0.0000,0.0000,10.123,1,293.15,0,3871.1,0.0425,0.0000,0.0000,10.603,1,293.15,0,3869.8,0.0426,0.0000,0.0000,10.601,1,293.15,0
2.4000,4.1400,0.0000,0.5261,5.217,5.217,1601.4,3,0.009,1.000,0.000,0.000,0,49.39,151.75,74.03,78.61,-0.00,192.93,0.02900,-0.0025,2796.7,0.6,0.02900,-0.0027,2796.1,1.0,0.04207,0.0017,3650.7,5.0,0.04206,-0.0004,3639.6,3.9,2990.7,-0.0045,0.0000,0.0000,10.242,1,293.15,0,2990.9,-0.0045,0.0000,0.0000,10.241,1,293.15,0,3816.4,0.0426,-0.0000,0.0000,10.728,1,293.15,0,3810.5,0.0427,-0.0000,0.0000,10.729,1,293.15,0
2.4167,4.2278,0.0000,0.5261,5.276,5.276,1620.1,3,0.009,1.000,0.000,0.000,0,50.53,155.24,75.74,80.42,0.00,197.36,0.02896,-0.0018,2796.4,-0.5,0.02896,-0.0015,2798.1,-0.0,0.04208,-0.0010,3634.0,-0.2,0.04209,-0.0010,3638.2,4.0,2996.2,-0.0044,-0.0000,0.0000,10.359,1,293.15,0,2997.6,-0.0044,-0.0000,0.0000,10.359,1,293.15,0,3819.1,0.0430,0.0000,0.0000,10.856,1,293.15,0,3823.3,0.0430,0.0000,0.0000,10.855,1,293.15,0
2.4333,4.3166,0.0000,0.5260,5.337,5.337,1638.3,3,0.009,1.000,0.000,0.000,0,51.70,158.85,77.50,82.29,0.00,201.94,0.02893,-0.0021,2793.9,0.2,0.02893,-0.0023,2793.8,0.9,0.04216,0.0054,3665.5,-1.6,0.04217,0.0042,3666.2,4.6,2988.9,-0.0045,-0.0000,0.0000,10.479,1,293.15,0,2988.8,-0.0045,-0.0000,0.0000,10.479,1,293.15,0,3846.3,0.0431,0.0000,0.0000,10.980,1,293.15,0,3838.1,0.0432,0.0000,0.0000,10.979,1,293.15,0
2.4500,4.4065,0.0000,0.5260,5.399,5.399,1656.7,3,0.010,1.000,0.000,0.000,0,52.89,162.51,79.29,84.19,-0.00,206.59,0.02890,-0.0014,2794.9,0.1,0.02890,-0.0012,2794.9,-0.8,0.04225,0.0011,3651.8,-0.4,0.04224,0.0003,3656.0,7.6,2995.2,-0.0044,0.0000,0.0000,10.600,1,293.15,0,2996.1,-0.0044,0.0000,0.0000,10.600,1,293.15,0,3823.8,0.0432,-0.0000,0.0000,11.109,1,293.15,0,3823.4,0.0433,-0.0000,0.0000,11.107,1,293.15,0
2.4667,4.4973,0.0000,0.5260,5.460,5.460,1675.5,3,0.010,1.000,0.000,0.000,0,54.10,166.21,81.09,86.10,0.00,211.27,0.02887,-0.0019,2791.4,0.1,0.02887,-0.0019,2792.0,0.9,0.04230,0.0060,3675.3,-1.3,0.04230,0.0070,3677.3,-4.1,2986.4,-0.0044,-0.0000,0.0000,10.719,1,293.15,0,2987.3,-0.0044,-0.0000,0.0000,10.719,1,293.15,0,3882.3,0.0434,0.0000,0.0000,11.235,1,293.15,0,3885.5,0.0434,0.0000,0.0000,11.233,1,293.15,0
2.4833,4.5892,0.0000,0.5260,5.522,5.522,1694.1,3,0.010,1.000,0.000,0.000,0,55.33,169.99,82.94,88.06,0.00,216.08,0.02884,-0.0023,2787.4,-0.1,0.02884,-0.0022,2788.7,0.8,0.04236,-0.0003,3652.4,0.9,0.04235,-0.0008,3652.4,3.2,2983.8,-0.0043,-0.0000,0.0000,10.841,1,293.15,0,2985.3,-0.0043,-0.0000,0.0000,10.841,1,293.15,0,3835.9,0.0436,0.0000,0.0000,11.366,1,293.15,0,3836.4,0.0436,0.0000,0.0000,11.365,1,293.15,0
2.5000,4.6822,0.0000,0.5260,5.584,5.584,1712.9,3,0.010,1.000,0.000,0.000,0,56.59,173.84,84.82,90.05,0.00,220.96,0.02881,-0.0007,2792.3,-0.6,0.02882,-0.0006,2794.0,0.2,0.04242,0.0040,3670.9,-3.3,0.04243,0.0033,3675.7,3.9,2990.4,-0.0043,-0.0000,0.0000,10.963,1,293.15,0,2991.8,-0.0043,-0.0000,0.0000,10.964,1,293.15,0,3861.3,0.0437,0.0000,0.0000,11.494,1,293.15,0,3854.5,0.0438,0.0000,0.0000,11.492,1,293.15,0
2.5167,4.7762,0.0000,0.5259,5.646,5.646,1731.8,3,0.010,1.000,0.000,0.007,0,57.86,177.76,86.73,92.08,-0.00,225.92,0.02878,-0.0021,2785.8,0.3,0.02879,-0.0021,2785.4,-0.2,0.04249,0.0016,3665.8,-1.4,0.04250,0.0012,3672.1,6.2,2984.0,-0.0043,0.0001,0.0002,11.086,1,293.15,0,2985.1,-0.0043,0.0001,0.0002,11.087,1,293.15,0,3844.8,0.0439,0.0000,0.0000,11.625,1,293.15,0,3846.9,0.0439,0.0000,0.0000,11.623,1,293.15,0
2.5333,4.8712,0.0000,0.5259,5.709,5.709,1751.0,3,0.010,1.000,0.000,0.013,0,59.15,181.72,88.66,94.13,-0.00,230.93,0.02875,-0.0019,2784.2,-0.4,0.02876,-0.0016,2786.9,1.0,0.04254,0.0053,3684.6,-1.6,0.04255,0.0052,3684.2,-2.2,2980.6,-0.0043,0.0005,0.0007,11.209,1,293.15,0,2983.8,-0.0043,0.0005,0.0007,11.210,1,293.15,0,3887.2,0.0441,0.0000,0.0000,11.755,1,293.15,0,3884.5,0.0440,0.0000,0.0000,11.753,1,293.15,0
2.5500,4.9672,0.0000,0.5259,5.772,5.772,1770.0,3,0.011,1.000,0.000,0.020,0,60.47,185.77,90.63,96.23,-0.00,236.07,0.02872,-0.0022,2779.0,-2.7,0.02874,-0.0005,2793.8,4.1,0.04260,0.0048,3677.9,-9.6,0.04265,0.0071,3705.3,5.2,2973.1,-0.0042,0.0009,0.0015,11.331,1,293.15,0,2990.4,-0.0043,0.0009,0.0015,11.336,1,293.15,0,3883.0,0.0443,0.0000,0.0000,11.883,1,293.15,0,3900.3,0.0440,0.0000,0.0000,11.886,1,293.15,0
2.5667,5.0644,0.0001,0.5259,5.836,5.836,1789.2,3,0.011,1.000,0.000,0.026,0,61.81,189.88,92.64,98.35,-0.00,241.28,0.02868,-0.0027,2769.1,-7.8,0.02874,-0.0004,2798.4,8.6,0.04266,0.0037,3678.6,-7.1,0.04274,0.0057,3704.4,5.8,2965.5,-0.0042,0.0014,0.0026,11.454,1,293.15,0,2992.7,-0.0042,0.0014,0.0026,11.463,1,293.15,0,3875.2,0.0446,0.0001,0.0000,12.016,1,293.15,0,3904.6,0.0440,0.0001,0.0000,12.019,1,293.15,0
2.5833,5.1626,0.0002,0.5259,5.900,5.900,1808.6,3,0.011,1.000,0.000,0.033,0,63.17,194.04,94.68,100.51,-0.00,246.57,0.02863,-0.0034,2757.0,-13.6,0.02874,0.0009,2811.6,15.6,0.04268,-0.0010,3643.4,-22.1,0.04283,0.0039,3719.0,23.5,2950.6,-0.0042,0.0018,0.0039,11.576,1,293.15,0,3007.7,-0.0042,0.0018,0.0039,11.593,1,293.15,0,3836.0,0.0451,0.0001,0.0000,12.153,1,293.15,0,3899.2,0.0439,0.0001,0.0000,12.153,1,293.15,0
2.6000,5.2618,0.0003,0.5258,5.964,5.964,1828.1,3,0.011,1.000,0.000,0.039,0,64.56,198.28,96.74,102.71,-0.00,251.95,0.02857,-0.0034,2749.3,-18.6,0.02875,0.0003,2813.7,19.9,0.04270,0.0024,3651.6,-30.3,0.04294,0.0055,3735.9,27.7,2944.9,-0.0042,0.0023,0.0054,11.698,1,293.15,0,3009.6,-0.0042,0.0023,0.0054,11.723,1,293.15,0,3853.4,0.0455,0.0002,0.0000,12.286,1,293.15,0,3913.5,0.0439,0.0002,0.0000,12.286,1,293.15,0
2.6167,5.3622,0.0005,0.5258,6.029,6.028,1847.9,3,0.011,1.000,0.000,0.046,0,65.96,202.56,98.83,104.92,-0.00,257.39,0.02851,-0.0035,2738.6,-25.4,0.02876,0.0009,2823.4,26.3,0.04270,0.0010,3645.3,-30.3,0.04302,0.0052,3737.4,26.1,2935.7,-0.0041,0.0028,0.0070,11.820,1,293.15,0,3019.7,-0.0041,0.0028,0.0070,11.854,1,293.15,0,3854.0,0.0462,0.0002,0.0000,12.420,1,293.15,0,3946.8,0.0436,0.0002,0.0000,12.424,1,293.15,0
2.6333,5.4636,0.0008,0.5258,6.094,6.094,1867.5,3,0.012,1.000,0.000,0.052,0,67.40,206.96,100.98,107.20,-0.00,262.98,0.02846,-0.0033,2732.0,-29.4,0.02878,0.0006,2827.0,30.6,0.04274,0.0015,3637.2,-42.8,0.04315,0.0068,3768.0,43.1,2927.9,-0.0041,0.0032,0.0088,11.943,1,293.15,0,3024.5,-0.0041,0.0032,0.0088,11.989,1,293.15,0,3830.9,0.0467,0.0003,0.0000,12.554,1,293.15,0,3949.3,0.0434,0.0003,0.0000,12.560,1,293.15,0
2.6500,5.5661,0.0012,0.5258,6.159,6.159,1887.3,3,0.012,1.000,0.000,0.058,0,68.85,211.41,103.15,109.50,-0.00,268.62,0.02840,-0.0034,2721.6,-36.3,0.02879,0.0010,2835.9,36.9,0.04278,0.0032,3641.1,-48.4,0.04328,0.0068,3776.2,44.3,2919.4,-0.0041,0.0037,0.0108,12.065,1,293.15,0,3033.7,-0.0041,0.0037,0.0108,12.123,1,293.15,0,3847.0,0.0472,0.0003,0.0000,12.691,1,293.15,0,3969.1,0.0431,0.0003,0.0000,12.695,1,293.15,0
2.6667,5.6697,0.0017,0.5258,6.225,6.225,1907.5,3,0.012,1.000,0.000,0.064,0,70.32,215.90,105.34,111.83,-0.00,274.33,0.02835,-0.0034,2714.1,-40.4,0.02880,0.0007,2840.1,41.7,0.04278,-0.0002,3621.9,-52.6,0.04336,0.0068,3786.4,50.3,2909.8,-0.0041,0.0042,0.0129,12.187,1,293.15,0,3038.0,-0.0041,0.0042,0.0129,12.258,1,293.15,0,3825.6,0.0478,0.0004,0.0000,12.826,1,293.15,0,3996.3,0.0430,0.0004,0.0000,12.837,1,293.15,0
2.6833,5.7745,0.0023,0.5257,6.291,6.291,1927.7,3,0.012,1.000,0.000,0.070,0,71.82,220.48,107.58,114.20,-0.00,280.15,0.02830,-0.0029,2708.4,-45.6,0.02881,0.0005,2844.4,46.4,0.04279,0.0037,3636.8,-55.6,0.04343,0.0055,3784.3,50.1,2905.3,-0.0041,0.0046,0.0150,12.310,1,293.15,0,3039.0,-0.0040,0.0046,0.0150,12.395,1,293.15,0,3846.8,0.0483,0.0004,0.0000,12.959,1,293.15,0,3987.4,0.0430,0.0004,0.0000,12.981,1,293.15,0
2.7000,5.8803,0.0031,0.5257,6.358,6.358,1947.6,3,0.012,1.000,0.000,0.076,0,73.36,225.18,109.87,116.63,-0.00,286.12,0.02825,-0.0033,2698.2,-51.2,0.02883,0.0006,2851.8,52.4,0.04286,0.0033,3632.8,-61.6,0.04358,0.0058,3807.6,64.1,2894.3,-0.0041,0.0050,0.0173,12.434,1,293.15,0,3046.7,-0.0040,0.0051,0.0173,12.535,1,293.15,0,3817.5,0.0486,0.0005,0.0000,13.093,1,293.15,0,3990.1,0.0428,0.0005,0.0000,13.124,1,293.15,0
2.7167,5.9872,0.0040,0.5257,6.424,6.424,1968.3,3,0.012,1.000,0.000,0.081,0,74.89,229.86,112.16,119.05,-0.00,292.07,0.02818,-0.0034,2687.4,-57.9,0.02884,0.0001,2855.9,58.4,0.04282,-0.0016,3600.1,-70.1,0.04363,0.0021,3796.2,67.3,2885.6,-0.0040,0.0054,0.0196,12.555,1,293.15,0,3048.4,-0.0040,0.0055,0.0196,12.674,1,293.15,0,3807.2,0.0493,0.0006,0.0000,13.231,1,293.15,0,4000.6,0.0429,0.0006,0.0000,13.271,1,293.15,0
2.7333,6.0952,0.0050,0.5257,6.492,6.491,1988.4,3,0.013,1.000,0.000,0.087,0,76.48,234.72,114.53,121.57,-0.00,298.25,0.02814,-0.0030,2682.3,-62.2,0.02885,0.0011,2866.8,63.7,0.04291,0.0081,3639.9,-78.3,0.04380,0.0110,3852.3,74.5,2876.7,-0.0040,0.0057,0.0219,12.681,1,293.15,0,3060.6,-0.0040,0.0059,0.0219,12.817,1,293.15,0,3839.8,0.0495,0.0007,0.0000,13.360,1,293.15,0,4041.1,0.0427,0.0007,0.0000,13.414,1,293.15,0
2.7500,6.2044,0.0063,0.5256,6.559,6.558,2009.4,3,0.013,1.000,0.000,0.092,0,78.06,239.55,116.88,124.07,-0.00,304.38,0.02808,-0.0030,2674.3,-67.1,0.02887,0.0006,2869.1,67.5,0.04287,-0.0019,3585.8,-85.5,0.04385,0.0041,3829.5,80.1,2872.4,-0.0040,0.0061,0.0243,12.802,1,293.15,0,3065.8,-0.0039,0.0063,0.0243,12.958,1,293.15,0,3801.2,0.0501,0.0009,0.0000,13.502,1,293.15,0,4045.0,0.0428,0.0008,0.0000,13.565,1,293.15,0
2.7667,6.3147,0.0077,0.5256,6.627,6.627,2029.6,3,0.013,1.000,0.000,0.097,0,79.71,244.57,119.34,126.67,-0.00,310.76,0.02803,-0.0042,2661.1,-71.8,0.02888,0.0001,2874.2,74.0,0.04295,0.0028,3611.8,-84.8,0.04400,0.0065,3860.5,92.5,2854.9,-0.0040,0.0064,0.0267,12.929,1,293.15,0,3071.8,-0.0039,0.0066,0.0267,13.103,1,293.15,0,3780.3,0.0505,0.0010,0.0000,13.634,1,293.15,0,4040.8,0.0427,0.0010,0.0000,13.714,1,293.15,0
2.7833,6.4261,0.0093,0.5256,6.695,6.695,2050.7,3,0.013,1.000,0.000,0.101,0,81.34,249.56,121.77,129.25,-0.00,317.10,0.02798,-0.0031,2657.5,-77.3,0.02889,0.0010,2883.2,78.6,0.04293,0.0005,3583.9,-101.8,0.04407,0.0089,3879.4,96.9,2852.8,-0.0040,0.0067,0.0291,13.052,1,293.15,0,3079.8,-0.0039,0.0070,0.0291,13.247,1,293.15,0,3795.2,0.0509,0.0011,0.0000,13.772,1,293.15,0,4087.8,0.0428,0.0011,0.0000,13.862,1,293.15,0
2.8000,6.5387,0.0112,0.5256,6.764,6.763,2071.4,3,0.013,1.000,0.000,0.106,0,83.03,254.69,124.28,131.91,-0.01,323.63,0.02793,-0.0034,2648.3,-82.4,0.02891,0.0005,2889.2,85.3,0.04298,-0.0012,3581.7,-98.8,0.04418,0.0038,3866.7,101.4,2838.9,-0.0039,0.0070,0.0315,13.177,1,293.15,0,3081.7,-0.0038,0.0073,0.0315,13.392,1,293.15,0,3770.8,0.0513,0.0012,0.0000,13.909,1,293.15,0,4065.3,0.0427,0.0012,0.0000,14.016,1,293.15,0
2.8167,6.6524,0.0132,0.5255,6.833,6.833,2092.3,3,0.014,1.000,0.000,0.110,0,84.74,259.90,126.82,134.61,-0.01,330.25,0.02787,-0.0029,2641.8,-87.6,0.02892,0.0004,2892.3,88.4,0.04301,0.0021,3592.3,-104.6,0.04429,0.0034,3878.8,109.5,2838.5,-0.0040,0.0072,0.0339,13.304,1,293.15,0,3088.8,-0.0038,0.0077,0.0339,13.540,1,293.15,0,3770.8,0.0518,0.0014,0.0000,14.045,1,293.15,0,4054.6,0.0426,0.0014,0.0000,14.168,1,293.15,0
2.8333,6.7673,0.0156,0.5255,6.902,6.902,2113.5,3,0.014,1.000,0.000,0.114,0,86.46,265.15,129.38,137.33,-0.01,336.92,0.02783,-0.0036,2633.7,-90.6,0.02893,0.0005,2899.5,94.2,0.04305,0.0083,3607.8,-119.1,0.04441,0.0117,3915.5,102.7,2821.9,-0.0039,0.0075,0.0363,13.429,1,293.15,0,3095.2,-0.0038,0.0080,0.0363,13.687,1,293.15,0,3847.5,0.0520,0.0015,0.0000,14.179,1,293.15,0,4134.8,0.0426,0.0015,0.0000,14.317,1,293.15,0
2.8500,6.8833,0.0181,0.5255,6.972,6.971,2134.8,3,0.014,1.000,0.000,0.118,0,88.21,270.50,131.99,140.10,-0.01,343.72,0.02778,-0.0027,2627.4,-97.4,0.02894,0.0014,2907.5,98.0,0.04306,0.0018,3573.4,-124.6,0.04450,0.0046,3903.8,118.5,2824.8,-0.0039,0.0077,0.0386,13.556,1,293.15,0,3107.3,-0.0038,0.0083,0.0386,13.836,1,293.15,0,3787.2,0.0526,0.0017,0.0000,14.322,1,293.15,0,4098.0,0.0426,0.0016,0.0000,14.474,1,293.15,0
2.8667,7.0005,0.0210,0.5254,7.042,7.041,2156.0,3,0.014,1.000,0.000,0.121,0,89.99,275.94,134.65,142.91,-0.01,350.62,0.02773,-0.0033,2616.5,-102.8,0.02896,0.0008,2911.4,103.7,0.04309,0.0024,3572.0,-130.8,0.04460,0.0084,3934.3,126.2,2813.1,-0.0039,0.0079,0.0409,13.684,1,293.15,0,3109.2,-0.0038,0.0086,0.0409,13.985,1,293.15,0,3780.1,0.0529,0.0018,0.0000,14.460,1,293.15,0,4132.7,0.0426,0.0018,0.0000,14.627,1,293.15,0
2.8833,7.1189,0.0241,0.5254,7.113,7.111,2177.5,3,0.014,1.000,0.000,0.124,0,91.80,281.45,137.34,145.76,-0.01,357.62,0.02768,-0.0037,2608.4,-106.6,0.02897,0.0004,2916.1,109.4,0.04312,-0.0001,3557.3,-135.1,0.04471,0.0075,3943.0,133.7,2799.6,-0.0039,0.0081,0.0432,13.812,1,293.15,0,3111.3,-0.0037,0.0089,0.0432,14.135,1,293.15,0,3758.2,0.0534,0.0020,0.0000,14.602,1,293.15,0,4147.4,0.0426,0.0019,0.0000,14.783,1,293.15,0
2.9000,7.2384,0.0275,0.5254,7.183,7.182,2198.9,3,0.015,1.000,0.000,0.127,0,93.64,287.05,140.07,148.66,-0.01,364.74,0.02788,0.0557,2800.5,-180.1,0.03027,0.2696,4109.7,75.9,0.04317,0.0015,3562.7,-139.8,0.04482,0.0072,3952.4,138.9,3270.6,-0.0037,0.0080,0.0453,13.955,1,293.15,0,5413.3,-0.0030,0.0081,0.0453,14.368,1,293.15,0,3760.0,0.0537,0.0021,0.0000,14.742,1,293.15,0,4146.2,0.0426,0.0021,0.0000,14.940,1,293.15,0
2.9167,7.3589,0.0316,0.5264,7.258,7.256,2220.2,3,0.015,1.000,0.000,0.130,0,95.59,293.10,142.99,151.86,-0.02,373.11,0.04188,1.2080,8097.2,-604.8,0.04698,1.1751,8787.5,-39.4,0.04346,0.0297,3753.4,-90.0,0.04485,0.0037,3863.4,63.9,9066.4,0.0072,0.0030,0.0474,12.340,1,293.15,0,9003.0,-0.0543,0.0045,0.0474,21.430,1,293.15,0,4001.6,0.0546,0.0031,0.0000,14.838,1,293.15,0,4080.9,0.0413,0.0031,0.0000,15.124,1,293.15,0
2.9333,7.4808,0.0362,0.5301,7.337,7.333,2238.7,3,0.015,1.000,0.000,0.132,0,97.68,300.46,146.43,155.99,-0.03,385.55,0.06221,1.1070,8537.5,-717.5,0.06786,0.9548,9260.0,427.6,0.04416,0.0532,3921.3,-63.5,0.04516,0.0303,3957.4,23.4,8480.8,0.0332,-0.0008,0.0494,9.592,1,293.15,0,7784.5,-0.1524,0.0008,0.0494,18.743,1,293.15,0,4189.3,0.0519,0.0038,0.0000,14.907,1,293.15,0,4192.4,0.0410,0.0037,0.0000,15.297,1,293.15,0
2.9500,7.6037,0.0411,0.5364,7.422,7.414,2256.8,3,0.015,1.000,0.000,0.134,0,99.92,309.56,150.56,161.28,-0.03,403.04,0.07531,0.7396,7138.3,-1045.2,0.08219,0.7566,9188.4,688.6,0.04556,0.0996,4303.1,38.9,0.04576,0.0366,3903.4,-90.0,7687.5,0.0141,0.0012,0.0514,13.093,1,293.15,0,8216.3,-0.1124,0.0028,0.0514,19.405,1,293.15,0,4556.6,0.0448,0.0024,0.0000,14.981,1,293.15,0,4098.4,0.0422,0.0024,0.0000,15.473,1,293.15,0
2.9667,7.7281,0.0464,0.5451,7.489,7.476,2276.7,3,0.015,1.000,0.000,0.136,0,101.68,319.47,154.93,167.20,-0.03,424.99,0.08594,0.4484,6900.7,-369.3,0.09161,0.5482,8175.0,296.5,0.04724,0.1036,4520.1,152.5,0.04634,0.0489,3890.6,-187.3,6852.4,-0.0131,0.0025,0.0532,16.858,1,293.15,0,8769.4,0.0123,0.0039,0.0532,12.223,1,293.15,0,4717.6,0.0394,0.0015,0.0000,15.076,1,293.15,0,4141.9,0.0440,0.0014,0.0000,15.658,1,293.15,0
2.9833,7.8539,0.0520,0.5561,7.555,7.537,2297.5,3,0.016,1.000,0.000,0.137,0,103.44,331.04,160.01,174.12,-0.03,451.41,0.09332,0.4903,7245.1,-426.6,0.09834,0.3292,7116.7,22.3,0.04868,0.0884,4482.4,110.4,0.04745,0.0689,4077.8,-145.3,8214.4,0.0825,0.0019,0.0549,8.032,1,293.15,0,7405.9,0.0341,0.0038,0.0549,11.386,1,293.15,0,4697.1,0.0392,0.0023,0.0000,15.227,1,293.15,0,4256.8,0.0433,0.0023,0.0000,15.793,1,293.15,0
3.0000,7.9807,0.0580,0.5689,7.665,7.643,2319.4,3,0.016,1.000,0.000,0.139,0,106.44,348.25,167.74,184.08,-0.03,487.41,0.09582,0.0328,5505.8,-216.4,0.10072,0.0801,6456.4,405.1,0.04995,0.0755,4483.4,106.4,0.04862,0.0724,4164.6,-132.9,5065.6,-0.0405,0.0029,0.0566,16.592,1,293.15,0,6754.5,0.0203,0.0044,0.0566,13.579,1,293.15,0,4686.2,0.0374,0.0022,0.0000,15.390,1,293.15,0,4355.4,0.0401,0.0021,0.0000,15.952,1,293.15,0
3.0167,8.1086,0.0644,0.5833,7.743,7.720,2342.0,3,0.016,1.000,0.000,0.139,0,108.61,355.46,170.88,188.59,-0.04,502.67,0.09451,-0.1449,4471.9,-432.2,0.10058,-0.1080,5785.4,569.2,0.05107,0.0745,4546.0,118.7,0.04966,0.0522,4109.5,-149.5,4387.6,-0.0119,0.0027,0.0581,15.028,1,293.15,0,6010.5,-0.0010,0.0045,0.0581,16.121,1,293.15,0,4765.3,0.0375,0.0030,0.0000,15.537,1,293.15,0,4265.2,0.0391,0.0029,0.0000,16.125,1,293.15,0
3.0333,8.2377,0.0711,0.5989,7.835,7.813,2365.5,3,0.016,1.000,0.000,0.140,0,111.22,348.22,167.56,185.10,-0.04,482.86,0.09151,-0.2000,3903.9,-676.9,0.09834,-0.2614,5251.1,765.9,0.05229,0.0760,4732.3,238.8,0.05008,0.0111,3833.6,-261.9,4033.8,-0.0040,0.0029,0.0595,14.938,1,293.15,0,4736.6,-0.1062,0.0051,0.0595,18.086,1,293.15,0,4927.7,0.0356,0.0032,0.0000,15.658,1,293.15,0,3982.8,0.0405,0.0031,0.0000,16.343,1,293.15,0
3.0500,8.3678,0.0783,0.6154,7.893,7.874,2389.9,3,0.017,1.000,0.000,0.140,0,112.91,339.47,163.49,180.79,-0.04,462.00,0.08688,-0.2963,3392.4,-633.7,0.09396,-0.3110,4900.1,742.9,0.05341,0.0607,4807.6,329.5,0.05020,0.0050,3734.3,-340.1,3561.4,-0.0031,0.0045,0.0608,15.002,1,293.15,0,4803.5,-0.0328,0.0064,0.0608,16.891,1,293.15,0,4981.8,0.0339,0.0024,0.0000,15.788,1,293.15,0,3931.7,0.0445,0.0024,0.0000,16.545,1,293.15,0
3.0667,8.4989,0.0857,0.6327,7.957,7.940,2414.5,3,0.017,1.000,0.000,0.140,0,114.76,332.61,160.30,177.47,-0.04,444.78,0.08107,-0.3716,2946.5,-571.4,0.08814,-0.3715,4447.6,715.6,0.05424,0.0400,4809.2,385.0,0.05017,-0.0047,3642.9,-386.3,3084.7,-0.0033,0.0054,0.0619,15.101,1,293.15,0,4571.6,-0.0148,0.0072,0.0619,16.108,1,293.15,0,4979.5,0.0335,0.0022,0.0000,15.936,1,293.15,0,3834.7,0.0473,0.0021,0.0000,16.738,1,293.15,0
3.0833,8.6309,0.0936,0.6506,8.019,8.005,2439.2,3,0.017,1.000,0.000,0.139,0,116.58,326.91,157.65,174.74,-0.04,430.05,0.07447,-0.4068,2523.9,-618.8,0.08187,-0.3845,4252.2,766.0,0.05468,0.0190,4754.5,403.2,0.05008,-0.0076,3608.0,-403.7,2691.5,-0.0034,0.0061,0.0630,15.202,1,293.15,0,4423.8,-0.0042,0.0079,0.0630,15.811,1,293.15,0,4948.3,0.0341,0.0022,0.0000,16.094,1,293.15,0,3810.3,0.0492,0.0022,0.0000,16.918,1,293.15,0
3.1000,8.7640,0.1018,0.6688,8.081,8.071,2463.9,3,0.017,1.000,0.000,0.139,0,118.42,322.32,155.52,172.59,-0.04,417.61,0.06741,-0.4268,2148.7,-648.6,0.07520,-0.4059,3963.2,790.9,0.05491,0.0111,4762.9,436.9,0.04982,-0.0219,3494.9,-440.1,2354.1,-0.0038,0.0067,0.0638,15.308,1,293.15,0,4173.6,-0.0024,0.0085,0.0638,15.865,1,293.15,0,4978.4,0.0346,0.0023,0.0000,16.245,1,293.15,0,3677.0,0.0511,0.0022,0.0000,17.108,1,293.15,0
3.1167,8.8980,0.1104,0.6872,8.141,8.134,2488.6,3,0.017,1.000,0.000,0.137,0,120.22,318.57,153.77,170.88,-0.04,406.98,0.06020,-0.4332,1800.6,-680.6,0.06835,-0.4120,3719.3,822.1,0.05496,-0.0006,4756.4,480.7,0.04940,-0.0281,3412.3,-474.3,2016.2,-0.0042,0.0074,0.0646,15.412,1,293.15,0,3931.9,-0.0025,0.0092,0.0646,15.971,1,293.15,0,4959.0,0.0349,0.0022,0.0000,16.394,1,293.15,0,3621.0,0.0534,0.0021,0.0000,17.299,1,293.15,0
3.1333,9.0330,0.1194,0.7058,8.199,8.195,2513.2,3,0.018,1.000,0.000,0.136,0,121.98,315.56,152.37,169.54,-0.04,397.93,0.05306,-0.4248,1518.1,-690.1,0.06147,-0.4085,3469.0,827.8,0.05489,-0.0081,4754.8,515.7,0.04888,-0.0348,3325.3,-506.0,1737.0,-0.0044,0.0081,0.0652,15.516,1,293.15,0,3705.9,-0.0026,0.0099,0.0652,16.078,1,293.15,0,4960.4,0.0351,0.0022,0.0000,16.543,1,293.15,0,3535.0,0.0559,0.0021,0.0000,17.489,1,293.15,0
3.1500,9.1689,0.1287,0.7242,8.257,8.254,2537.8,3,0.018,1.000,0.000,0.134,0,123.70,324.81,156.80,174.33,-0.04,412.96,0.04625,-0.3985,1283.5,-720.3,0.05495,-0.3837,3312.9,842.5,0.05474,-0.0097,4773.2,548.3,0.04826,-0.0383,3238.4,-546.2,1524.3,-0.0045,0.0088,0.0657,15.617,1,293.15,0,3546.7,-0.0027,0.0106,0.0657,16.178,1,293.15,0,5011.3,0.0353,0.0021,0.0000,16.687,1,293.15,0,3454.3,0.0586,0.0020,0.0000,17.681,1,293.15,0
3.1667,9.3058,0.1383,0.7426,8.313,8.310,2561.9,3,0.018,1.000,0.000,0.132,0,125.40,334.85,161.61,179.52,-0.04,429.58,0.03996,-0.3642,1110.4,-728.1,0.04888,-0.3540,3157.6,835.8,0.05455,-0.0132,4785.9,585.6,0.04763,-0.0383,3175.1,-578.0,1361.5,-0.0045,0.0094,0.0660,15.717,1,293.15,0,3418.7,-0.0028,0.0112,0.0660,16.279,1,293.15,0,5017.4,0.0354,0.0020,0.0000,16.830,1,293.15,0,3400.9,0.0612,0.0019,0.0000,17.868,1,293.15,0
3.1833,9.4436,0.1483,0.7607,8.369,8.365,2585.8,3,0.018,1.000,0.000,0.130,0,127.07,345.79,166.84,185.16,-0.04,448.03,0.03430,-0.3257,966.1,-739.0,0.04337,-0.3166,3047.7,831.4,0.05432,-0.0151,4794.5,613.3,0.04701,-0.0364,3122.7,-607.4,1225.4,-0.0045,0.0100,0.0662,15.815,1,293.15,0,3322.4,-0.0028,0.0117,0.0662,16.375,1,293.15,0,5041.0,0.0356,0.0019,0.0000,16.973,1,293.15,0,3361.5,0.0637,0.0019,0.0000,18.051,1,293.15,0
3.2000,9.5824,0.1587,0.7785,8.424,8.417,2609.2,3,0.018,1.000,0.000,0.127,0,128.73,357.91,172.63,191.40,-0.04,468.86,0.02927,-0.2871,827.4,-765.0,0.03860,-0.2698,3019.0,844.8,0.05411,-0.0117,4826.9,640.6,0.04644,-0.0303,3091.6,-637.5,1085.6,-0.0045,0.0104,0.0663,15.912,1,293.15,0,3311.1,-0.0028,0.0121,0.0663,16.468,1,293.15,0,5087.3,0.0357,0.0019,0.0000,17.111,1,293.15,0,3348.4,0.0659,0.0018,0.0000,18.227,1,293.15,0
3.2167,9.7221,0.1694,0.7959,8.479,8.468,2631.9,3,0.019,1.000,0.000,0.124,0,130.39,371.56,179.13,198.43,-0.04,492.76,0.02489,-0.2477,723.9,-784.4,0.03449,-0.2309,2974.8,852.3,0.05395,-0.0073,4867.9,669.2,0.04593,-0.0279,3043.0,-670.4,978.1,-0.0044,0.0108,0.0662,16.009,1,293.15,0,3272.1,-0.0028,0.0124,0.0662,16.560,1,293.15,0,5146.7,0.0356,0.0018,0.0000,17.245,1,293.15,0,3305.7,0.0681,0.0017,0.0000,18.402,1,293.15,0
3.2333,9.8628,0.1804,0.8130,8.535,8.518,2653.9,3,0.019,1.000,0.000,0.121,0,132.05,387.22,186.58,206.47,-0.04,520.70,0.02118,-0.2055,645.6,-821.7,0.03112,-0.1847,3008.9,873.5,0.05389,-0.0012,4920.1,696.8,0.04552,-0.0224,3020.5,-697.2,906.5,-0.0043,0.0110,0.0659,16.105,1,293.15,0,3302.4,-0.0027,0.0126,0.0659,16.647,1,293.15,0,5199.5,0.0354,0.0017,0.0000,17.376,1,293.15,0,3276.3,0.0701,0.0016,0.0000,18.570,1,293.15,0
3.2500,10.0044,0.1918,0.8298,8.590,8.565,2675.4,3,0.019,1.000,0.000,0.118,0,133.69,405.48,195.25,215.85,-0.04,553.96,0.01818,-0.1643,614.8,-844.5,0.02846,-0.1437,3044.1,883.8,0.05397,0.0076,4997.4,730.8,0.04519,-0.0173,2986.6,-737.0,872.7,-0.0042,0.0110,0.0656,16.198,1,293.15,0,3351.4,-0.0026,0.0126,0.0656,16.736,1,293.15,0,5296.5,0.0349,0.0016,0.0000,17.500,1,293.15,0,3248.3,0.0719,0.0015,0.0000,18.738,1,293.15,0
3.2667,10.1469,0.2035,0.8461,8.645,8.611,2696.3,3,0.019,1.000,0.000,0.114,0,135.33,427.31,205.59,227.06,-0.04,594.52,0.01589,-0.1222,624.2,-871.2,0.02650,-0.1021,3122.8,897.0,0.05418,0.0175,5085.7,765.0,0.04497,-0.0099,2968.0,-777.2,881.8,-0.0041,0.0109,0.0650,16.288,1,293.15,0,3435.4,-0.0026,0.0125,0.0650,16.821,1,293.15,0,5406.0,0.0342,0.0015,0.0000,17.619,1,293.15,0,3233.5,0.0736,0.0014,0.0000,18.900,1,293.15,0
3.2833,10.2904,0.2156,0.8622,8.701,8.656,2716.4,3,0.020,1.000,0.000,0.110,0,136.98,454.21,218.29,240.87,-0.04,645.49,0.01424,-0.0863,648.4,-894.6,0.02518,-0.0669,3208.5,910.1,0.05458,0.0278,5192.5,806.7,0.04489,-0.0027,2952.8,-820.1,902.3,-0.0041,0.0106,0.0643,16.376,1,293.15,0,3530.2,-0.0026,0.0122,0.0643,16.907,1,293.15,0,5518.6,0.0333,0.0013,0.0000,17.734,1,293.15,0,3214.6,0.0752,0.0013,0.0000,19.059,1,293.15,0
3.3000,10.4349,0.2281,0.8779,8.756,8.699,2736.1,3,0.020,1.000,0.000,0.106,0,138.60,449.50,216.88,237.04,-0.04,621.14,0.01314,-0.0538,676.4,-934.0,0.02447,-0.0308,3352.7,942.2,0.05511,0.0358,5292.6,845.9,0.04494,0.0076,2957.6,-863.7,921.2,-0.0040,0.0102,0.0635,16.462,1,293.15,0,3659.3,-0.0024,0.0117,0.0635,16.984,1,293.15,0,5638.3,0.0324,0.0012,0.0000,17.847,1,293.15,0,3241.8,0.0763,0.0012,0.0000,19.210,1,293.15,0
3.3167,10.5805,0.2409,0.8935,8.832,8.763,2744.9,3,0.020,1.000,0.000,0.101,0,140.92,443.93,215.33,232.28,-0.04,589.73,0.01253,-0.0284,719.4,-959.4,0.02420,-0.0115,3437.2,960.0,0.05612,0.1113,5125.2,293.3,0.04981,0.7686,7045.6,-423.1,963.9,-0.0050,0.0082,0.0626,16.562,1,293.15,0,3734.6,-0.0039,0.0102,0.0626,17.169,1,293.15,0,5764.2,0.0308,0.0020,0.0000,18.024,1,293.15,0,9561.1,0.0604,0.0016,0.0000,18.565,1,293.15,0
3.3333,10.7293,0.2546,0.9100,9.055,8.978,2701.5,3,0.020,1.000,0.000,0.097,0,148.08,455.63,222.37,235.93,-0.05,578.66,0.01221,-0.0138,882.3,-837.4,0.02325,-0.1087,2843.0,837.7,0.06664,1.0474,8594.4,-912.1,0.07020,1.3549,11270.8,229.2,1118.8,-0.0123,0.0011,0.0615,16.932,1,293.15,0,2922.8,-0.0044,0.0031,0.0615,17.576,1,293.15,0,10143.2,0.0319,0.0052,0.0000,17.869,1,293.15,0,12011.5,0.0059,0.0047,0.0000,17.817,1,293.15,0
3.3500,10.8805,0.2688,0.9287,9.201,9.128,2658.2,3,0.020,1.000,0.000,0.092,0,152.94,465.02,228.48,237.52,-0.05,562.67,0.01281,0.0850,1864.6,-313.8,0.02020,-0.2024,1649.5,228.4,0.08853,1.4254,11610.3,-436.5,0.09327,1.3892,11909.8,-123.4,2308.6,-0.0059,0.0066,0.0602,17.407,1,293.15,0,1896.1,-0.0071,0.0075,0.0602,17.770,1,293.15,0,12455.8,0.0075,-0.0024,0.0000,17.663,1,293.15,0,12436.5,0.0125,-0.0031,0.0000,17.923,1,293.15,0
3.3667,11.0330,0.2830,0.9503,9.289,9.228,2645.3,3,0.021,1.000,0.000,0.087,0,155.99,476.75,235.91,239.22,-0.04,548.55,0.01651,0.2482,3427.1,316.2,0.01798,-0.0971,1337.8,-395.7,0.11254,1.4004,12651.5,67.6,0.11458,1.2075,11276.3,-463.5,3728.4,-0.0027,0.0046,0.0589,17.468,1,293.15,0,1672.1,-0.0045,0.0060,0.0589,17.982,1,293.15,0,13041.2,0.0078,0.0005,0.0000,17.539,1,293.15,0,11638.6,0.0071,-0.0001,0.0000,18.132,1,293.15,0
3.3833,11.1860,0.2975,0.9749,9.351,9.302,2651.1,3,0.021,1.000,0.000,0.081,0,158.20,488.86,244.04,239.13,-0.03,523.89,0.01927,0.1210,3168.1,425.2,0.01704,-0.0240,1558.0,-427.4,0.13357,1.1694,12010.2,158.9,0.13336,1.0657,10921.7,-447.0,3350.0,-0.0029,0.0035,0.0574,17.602,1,293.15,0,1938.3,-0.0051,0.0050,0.0574,18.185,1,293.15,0,12293.7,0.0077,0.0007,0.0000,17.609,1,293.15,0,11238.6,0.0078,0.0005,0.0000,18.188,1,293.15,0
3.4000,11.3396,0.3124,1.0024,9.407,9.370,2661.9,3,0.021,1.000,0.000,0.076,0,160.22,426.89,220.65,194.86,-0.03,301.92,0.02102,0.0979,3024.3,272.0,0.01811,0.1236,2385.3,-295.9,0.15044,0.9075,10868.0,122.7,0.14954,0.9107,10435.8,-319.9,3301.1,-0.0026,0.0031,0.0557,17.715,1,293.15,0,2867.4,-0.0029,0.0047,0.0557,18.311,1,293.15,0,11109.3,0.0081,0.0008,0.0000,17.690,1,293.15,0,10843.6,0.0086,0.0008,0.0000,18.301,1,293.15,0
3.4167,11.4934,0.3276,1.0325,9.456,9.430,2678.2,3,0.021,1.000,0.000,0.070,0,162.02,368.42,199.20,157.72,-0.03,119.80,0.02234,0.0689,2681.7,-27.4,0.02107,0.1893,3159.0,13.6,0.16275,0.6325,9537.1,12.3,0.16218,0.6628,9549.1,-113.7,2945.7,-0.0030,0.0027,0.0540,17.834,1,293.15,0,3479.1,-0.0024,0.0041,0.0540,18.390,1,293.15,0,9720.6,0.0098,0.0010,0.0000,17.837,1,293.15,0,9739.1,0.0095,0.0011,0.0000,18.431,1,293.15,0
3.4333,11.6475,0.3432,1.0648,9.499,9.480,2700.7,3,0.022,1.000,0.000,0.064,0,163.57,371.78,201.01,159.15,-0.03,120.88,0.02348,0.0771,2621.6,-191.1,0.02417,0.1802,3448.8,154.6,0.17029,0.3568,8191.9,-85.6,0.17058,0.4067,8567.1,55.7,2950.2,-0.0028,0.0023,0.0521,17.940,1,293.15,0,3754.7,-0.0022,0.0036,0.0521,18.475,1,293.15,0,8394.3,0.0121,0.0011,0.0000,18.042,1,293.15,0,8767.4,0.0113,0.0011,0.0000,18.575,1,293.15,0
3.4500,11.8019,0.3591,1.0989,9.537,9.524,2727.7,3,0.022,1.000,0.000,0.058,0,164.93,374.79,202.64,160.44,-0.03,121.84,0.02500,0.0986,2771.2,-224.1,0.02683,0.1465,3492.9,184.9,0.17344,0.0960,6934.8,-143.0,0.17446,0.1296,7433.6,194.2,3089.9,-0.0026,0.0017,0.0501,18.023,1,293.15,0,3766.3,-0.0022,0.0029,0.0501,18.542,1,293.15,0,7109.0,0.0156,0.0012,0.0000,18.273,1,293.15,0,7550.4,0.0139,0.0011,0.0000,18.757,1,293.15,0
3.4667,11.9565,0.3752,1.1343,9.570,9.561,2757.7,3,0.022,1.000,0.000,0.052,0,166.13,377.46,204.09,161.58,-0.03,122.69,0.02681,0.1114,2985.4,-171.3,0.02882,0.1035,3374.2,134.9,0.17275,-0.1139,5966.0,-130.9,0.17413,-0.0976,6416.0,236.4,3287.5,-0.0024,0.0010,0.0480,18.093,1,293.15,0,3623.5,-0.0019,0.0022,0.0480,18.596,1,293.15,0,6154.7,0.0205,0.0014,0.0000,18.510,1,293.15,0,6615.3,0.0177,0.0012,0.0000,18.958,1,293.15,0
3.4833,12.1114,0.3916,1.1707,9.604,9.598,2787.7,3,0.022,1.000,0.000,0.046,0,167.35,380.23,205.58,162.77,-0.02,123.57,0.02859,0.1009,3123.2,-91.9,0.03020,0.0692,3240.9,69.0,0.16952,-0.2340,5431.7,-89.9,0.17078,-0.2468,5672.9,204.5,3395.4,-0.0023,0.0005,0.0458,18.168,1,293.15,0,3518.2,-0.0022,0.0015,0.0458,18.667,1,293.15,0,5701.1,0.0255,0.0016,0.0000,18.712,1,293.15,0,5939.8,0.0225,0.0014,0.0000,19.154,1,293.15,0
3.5000,12.2668,0.4083,1.2079,9.644,9.640,2816.3,3,0.022,1.000,0.000,0.039,0,168.76,383.47,207.33,164.15,-0.02,124.60,0.03007,0.0791,3171.1,-35.6,0.03105,0.0443,3131.4,18.0,0.16496,-0.2984,5159.7,-39.6,0.16581,-0.3226,5254.9,164.0,3450.3,-0.0024,0.0000,0.0435,18.259,1,293.15,0,3416.4,-0.0024,0.0010,0.0435,18.737,1,293.15,0,5455.2,0.0299,0.0016,0.0000,18.886,1,293.15,0,5553.6,0.0275,0.0014,0.0000,19.336,1,293.15,0
3.5167,12.4228,0.4251,1.2456,9.690,9.687,2840.9,3,0.023,1.000,0.000,0.033,0,170.39,387.21,209.35,165.75,-0.02,125.80,0.03110,0.0509,3131.5,-12.6,0.03162,0.0254,3069.2,4.8,0.15969,-0.3313,5021.5,1.2,0.16008,-0.3516,5051.4,123.7,3406.0,-0.0026,-0.0004,0.0410,18.357,1,293.15,0,3339.2,-0.0024,0.0005,0.0410,18.815,1,293.15,0,5344.5,0.0331,0.0017,0.0000,19.040,1,293.15,0,5405.6,0.0315,0.0015,0.0000,19.491,1,293.15,0
3.5333,12.5796,0.4422,1.2839,9.741,9.738,2863.0,3,0.023,1.000,0.000,0.026,0,172.18,465.87,239.95,213.68,-0.02,344.52,0.03160,0.0228,3050.2,-1.4,0.03187,0.0091,3011.2,2.9,0.15382,-0.3617,4861.2,11.3,0.15398,-0.3729,4918.7,120.4,3320.7,-0.0025,-0.0009,0.0385,18.458,1,293.15,0,3296.0,-0.0025,-0.0001,0.0385,18.904,1,293.15,0,5187.1,0.0357,0.0018,0.0000,19.200,1,293.15,0,5282.6,0.0341,0.0016,0.0000,19.626,1,293.15,0
3.5500,12.7371,0.4595,1.3227,9.794,9.793,2883.4,3,0.023,1.000,0.000,0.020,0,174.08,607.82,301.67,296.55,-0.01,704.70,0.03172,-0.0019,2948.9,-3.6,0.03186,-0.0056,2957.0,12.3,0.14774,-0.3691,4794.9,9.4,0.14774,-0.3754,4871.1,114.7,3217.9,-0.0027,-0.0013,0.0359,18.573,1,293.15,0,3237.2,-0.0025,-0.0006,0.0359,18.993,1,293.15,0,5149.4,0.0376,0.0017,0.0000,19.345,1,293.15,0,5234.3,0.0359,0.0016,0.0000,19.749,1,293.15,0
3.5667,12.8954,0.4770,1.3618,9.850,9.848,2903.1,3,0.023,1.000,0.000,0.013,0,176.05,543.42,271.56,264.95,-0.01,576.40,0.03154,-0.0152,2884.7,-1.0,0.03161,-0.0189,2885.5,12.0,0.14146,-0.3745,4736.4,6.9,0.14138,-0.3800,4812.5,109.0,3157.1,-0.0027,-0.0018,0.0333,18.687,1,293.15,0,3158.6,-0.0025,-0.0012,0.0333,19.085,1,293.15,0,5119.5,0.0389,0.0017,0.0000,19.491,1,293.15,0,5178.2,0.0371,0.0015,0.0000,19.868,1,293.15,0
3.5833,13.0547,0.4947,1.4011,9.907,9.906,2921.6,3,0.024,1.000,0.000,0.007,0,178.14,548.72,273.12,270.69,-0.01,603.05,0.03097,-0.0556,2905.2,224.7,0.02955,-0.2398,1633.4,-177.9,0.13519,-0.3778,4693.9,12.8,0.13507,-0.3751,4812.0,119.4,3102.9,-0.0029,-0.0023,0.0305,18.815,1,293.15,0,1447.8,-0.0054,-0.0016,0.0305,19.218,1,293.15,0,5022.9,0.0400,0.0016,0.0000,19.630,1,293.15,0,5166.5,0.0379,0.0015,0.0000,19.982,1,293.15,0
3.6000,13.2149,0.5126,1.4404,9.966,9.965,2940.4,3,0.024,1.000,0.000,-0.000,0,180.25,554.64,275.19,275.98,-0.01,625.69,0.02887,-0.2261,2515.9,685.2,0.02385,-0.3938,363.1,-459.9,0.12847,-0.4288,4289.9,-100.0,0.12909,-0.3395,5081.8,271.9,2298.1,-0.0035,-0.0033,0.0277,18.940,1,293.15,0,368.3,-0.0066,-0.0018,0.0277,19.462,1,293.15,0,4528.7,0.0431,0.0021,0.0000,19.821,1,293.15,0,5524.0,0.0363,0.0021,0.0000,20.061,1,293.15,0
3.6167,13.3763,0.5308,1.4793,10.023,10.022,2961.4,3,0.024,1.000,0.000,-0.007,0,182.31,557.38,276.09,278.82,-0.01,636.19,0.02160,-0.4977,698.0,452.4,0.01615,-0.4697,0.0,-244.6,0.12057,-0.4780,3596.5,-474.3,0.12389,-0.2998,5561.1,623.8,777.7,-0.0073,-0.0045,0.0248,19.203,1,293.15,0,0.0,0.0000,0.0000,0.0248,19.598,0,293.15,0,3939.1,0.0504,0.0033,0.0000,20.127,1,293.15,0,5963.1,0.0321,0.0032,0.0000,20.063,1,293.15,0
3.6333,13.5387,0.5493,1.5173,10.081,10.079,2982.8,3,0.024,1.000,0.000,-0.013,0,184.41,562.16,278.16,282.07,-0.01,646.31,0.01269,-0.5305,0.0,188.7,0.00878,-0.4212,0.0,-33.2,0.11314,-0.4315,3550.1,-621.6,0.11885,-0.3131,5564.4,755.8,1.7,-0.0055,-0.0059,0.0219,19.455,1,293.15,0,0.0,0.0000,0.0000,0.0219,19.598,0,293.15,0,3887.6,0.0575,0.0034,0.0000,20.344,1,293.15,0,5876.7,0.0298,0.0033,0.0000,20.148,1,293.15,0
3.6500,13.7024,0.5681,1.5544,10.136,10.134,3005.5,3,0.024,1.000,0.000,-0.020,0,186.44,567.94,280.93,285.25,-0.01,654.51,0.00508,-0.4100,0.0,95.9,0.00263,-0.3361,0.0,-5.9,0.10629,-0.3962,3579.8,-624.6,0.11316,-0.3590,5248.0,742.1,0.0,0.0000,0.0000,0.0189,19.455,0,293.15,0,0.0,0.0000,0.0000,0.0189,19.598,0,293.15,0,3931.4,0.0605,0.0029,0.0000,20.511,1,293.15,0,5544.4,0.0313,0.0027,0.0000,20.298,1,293.15,0
3.6667,13.8671,0.5873,1.5906,10.194,10.191,3027.8,3,0.025,1.000,0.000,-0.026,0,188.55,574.90,284.48,288.44,-0.01,660.81,0.00000,0.0000,0.0,-435.6,0.00000,0.0000,395.1,0.0,0.10015,-0.3502,3771.5,-507.9,0.10681,-0.3901,4851.3,608.0,0.0,0.0000,0.0000,0.0159,19.455,0,293.15,0,0.0,0.0000,0.0000,0.0159,19.598,0,293.15,0,4131.3,0.0607,0.0022,0.0000,20.617,1,293.15,0,5170.3,0.0349,0.0020,0.0000,20.488,1,293.15,0
3.6833,14.0331,0.6066,1.6258,10.254,10.250,3049.0,3,0.025,1.000,0.000,-0.033,0,190.77,583.51,289.05,291.84,-0.00,665.66,0.00000,0.0000,395.0,0.0,0.00000,0.0000,395.0,0.0,0.09473,-0.3100,4015.5,-311.9,0.09999,-0.4163,4375.5,402.5,0.0,0.0000,0.0000,0.0128,19.455,0,293.15,0,0.0,0.0000,0.0000,0.0128,19.598,0,293.15,0,4365.0,0.0580,0.0014,0.0000,20.679,1,293.15,0,4684.7,0.0403,0.0012,0.0000,20.718,1,293.15,0
3.7000,14.2003,0.6262,1.6602,10.315,10.312,3069.8,3,0.025,1.000,0.000,-0.039,0,193.08,594.82,295.18,295.79,-0.00,670.06,0.00000,0.0000,394.9,0.0,0.00000,0.0000,394.9,0.0,0.08993,-0.2734,4259.0,-102.5,0.09309,-0.4083,4010.9,176.2,0.0,0.0000,0.0000,0.0097,19.455,0,293.15,0,0.0,0.0000,0.0000,0.0097,19.598,0,293.15,0,4625.1,0.0540,0.0006,0.0000,20.730,1,293.15,0,4347.4,0.0462,0.0004,0.0000,20.947,1,293.15,0
3.7167,14.3687,0.6460,1.6936,10.378,10.375,3090.5,3,0.025,1.000,0.000,-0.046,0,195.44,602.60,300.28,296.28,-0.00,655.42,0.00000,0.0000,394.7,0.0,0.00000,0.0000,394.7,0.0,0.08552,-0.2593,4358.9,65.2,0.08653,-0.3840,3767.8,10.6,0.0,0.0000,0.0000,0.0066,19.455,0,293.15,0,0.0,0.0000,0.0000,0.0066,19.598,0,293.15,0,4699.4,0.0502,-0.0001,0.0000,20.802,1,293.15,0,4096.2,0.0519,-0.0002,0.0000,21.174,1,293.15,0
3.7333,14.5384,0.6660,1.7261,10.441,10.437,3112.3,3,0.026,1.000,0.000,-0.052,0,197.80,719.71,355.63,353.67,-0.00,872.67,0.00000,0.0000,394.6,0.0,0.00000,0.0000,394.6,0.0,0.08127,-0.2515,4360.6,168.1,0.08060,-0.3345,3701.9,-91.4,0.0,0.0000,0.0000,0.0035,19.455,0,293.15,0,0.0,0.0000,0.0000,0.0035,19.598,0,293.15,0,4683.8,0.0482,-0.0003,0.0000,20.909,1,293.15,0,4067.0,0.0564,-0.0004,0.0000,21.366,1,293.15,0
3.7500,14.7093,0.6861,1.7576,10.506,10.502,3133.5,3,0.026,1.000,0.000,-0.058,0,200.26,455.82,246.44,195.09,-0.00,147.83,0.00000,0.0000,394.5,0.0,0.00000,0.0000,394.5,0.0,0.07725,-0.2434,4298.8,207.0,0.07553,-0.2904,3695.5,-122.4,0.0,0.0000,0.0000,0.0003,19.455,0,293.15,0,0.0,0.0000,0.0000,0.0003,19.598,0,293.15,0,4579.4,0.0480,-0.0003,0.0000,21.049,1,293.15,0,4010.8,0.0589,-0.0004,0.0000,21.528,1,293.15,0
3.7667,14.8814,0.7064,1.7882,10.570,10.566,3155.9,3,0.026,1.000,0.000,-0.064,0,202.71,461.43,249.48,197.49,-0.00,149.64,0.00000,0.0000,394.3,0.0,0.00000,0.0000,394.3,0.0,0.07330,-0.2302,4215.9,206.6,0.07110,-0.2502,3699.0,-137.1,0.0,0.0000,0.0000,-0.0028,19.455,0,293.15,0,0.0,0.0000,0.0000,-0.0028,19.598,0,293.15,0,4523.1,0.0492,-0.0001,0.0000,21.212,1,293.15,0,4019.8,0.0600,-0.0001,0.0000,21.674,1,293.15,0
3.7833,15.0548,0.7269,1.8179,10.635,10.631,3178.5,3,0.026,1.000,0.000,-0.070,0,205.22,436.37,209.18,241.48,-0.00,509.44,0.00000,0.0000,394.2,0.0,0.00000,0.0000,394.2,0.0,0.06948,-0.2253,4049.6,163.6,0.06734,-0.2102,3773.1,-96.4,0.0,0.0000,0.0000,-0.0059,19.455,0,293.15,0,0.0,0.0000,0.0000,-0.0059,19.598,0,293.15,0,4349.5,0.0512,0.0003,0.0000,21.400,1,293.15,0,4100.2,0.0601,0.0002,0.0000,21.801,1,293.15,0
3.8000,15.2295,0.7476,1.8465,10.702,10.699,3200.7,3,0.026,1.000,0.000,-0.076,0,207.83,441.94,211.85,244.57,-0.00,515.93,0.00000,0.0000,394.1,0.0,0.00000,0.0000,394.1,0.0,0.06598,-0.2023,3963.1,113.0,0.06425,-0.1690,3877.9,-51.1,0.0,0.0000,0.0000,-0.0090,19.455,0,293.15,0,0.0,0.0000,0.0000,-0.0090,19.598,0,293.15,0,4247.1,0.0537,0.0006,0.0000,21.589,1,293.15,0,4205.2,0.0590,0.0006,0.0000,21.914,1,293.15,0
3.8167,15.4055,0.7686,1.8742,10.771,10.769,3222.7,3,0.027,1.000,0.000,-0.081,0,210.54,447.70,214.61,247.75,-0.00,522.64,0.00000,0.0000,393.9,0.0,0.00000,0.0000,393.9,0.0,0.06279,-0.1826,3834.2,27.9,0.06178,-0.1338,4004.3,21.2,0.0,0.0000,0.0000,-0.0121,19.455,0,293.15,0,0.0,0.0000,0.0000,-0.0121,19.598,0,293.15,0,4130.1,0.0562,0.0010,0.0000,21.793,1,293.15,0,4317.6,0.0571,0.0009,0.0000,22.015,1,293.15,0
3.8333,15.5828,0.7897,1.9010,10.844,10.842,3244.0,3,0.027,1.000,0.000,-0.087,0,213.38,453.74,217.51,251.10,-0.00,529.68,0.00000,0.0000,393.8,0.0,0.00000,0.0000,393.8,0.0,0.06016,-0.1472,3829.9,-22.5,0.05986,-0.1088,4074.8,62.7,0.0,0.0000,0.0000,-0.0152,19.455,0,293.15,0,0.0,0.0000,0.0000,-0.0152,19.598,0,293.15,0,4110.4,0.0582,0.0012,0.0000,21.979,1,293.15,0,4354.1,0.0548,0.0012,0.0000,22.126,1,293.15,0
3.8500,15.7615,0.8112,1.9267,10.917,10.915,3265.9,3,0.027,1.000,0.000,-0.092,0,216.27,459.88,220.45,254.50,-0.00,536.84,0.00000,0.0000,393.6,0.0,0.00000,0.0000,393.6,0.0,0.05799,-0.1194,3821.5,-60.1,0.05829,-0.0818,4153.3,89.8,0.0,0.0000,0.0000,-0.0182,19.455,0,293.15,0,0.0,0.0000,0.0000,-0.0182,19.598,0,293.15,0,4099.6,0.0591,0.0013,0.0000,22.157,1,293.15,0,4460.7,0.0530,0.0013,0.0000,22.249,1,293.15,0
3.8667,15.9415,0.8329,1.9516,10.992,10.991,3287.7,3,0.027,1.000,0.000,-0.097,0,219.26,466.25,223.50,258.02,-0.00,544.26,0.00000,0.0000,393.5,0.0,0.00000,0.0000,393.5,0.0,0.05630,-0.0927,3832.4,-92.6,0.05707,-0.0708,4172.0,114.0,0.0,0.0000,0.0000,-0.0212,19.455,0,293.15,0,0.0,0.0000,0.0000,-0.0212,19.598,0,293.15,0,4102.6,0.0594,0.0013,0.0000,22.331,1,293.15,0,4427.4,0.0515,0.0013,0.0000,22.387,1,293.15,0
3.8833,16.1230,0.8549,1.9755,11.068,11.067,3310.1,3,0.028,1.000,0.000,-0.101,0,222.31,472.74,226.61,261.61,-0.00,551.83,0.00000,0.0000,393.3,0.0,0.00000,0.0000,393.3,0.0,0.05502,-0.0672,3872.2,-108.2,0.05611,-0.0517,4221.7,121.6,0.0,0.0000,0.0000,-0.0242,19.455,0,293.15,0,0.0,0.0000,0.0000,-0.0242,19.598,0,293.15,0,4135.4,0.0590,0.0012,0.0000,22.497,1,293.15,0,4477.8,0.0504,0.0012,0.0000,22.533,1,293.15,0
3.9000,16.3057,0.8771,1.9985,11.143,11.143,3333.7,3,0.028,1.000,0.000,-0.106,0,225.36,479.22,229.72,265.20,-0.00,559.40,0.00000,0.0000,393.2,0.0,0.00000,0.0000,393.2,0.0,0.05413,-0.0496,3991.1,-26.5,0.05454,-0.1941,3433.8,45.0,0.0,0.0000,0.0000,-0.0271,19.455,0,293.15,0,0.0,0.0000,0.0000,-0.0271,19.598,0,293.15,0,4214.4,0.0581,0.0010,0.0000,22.647,1,293.15,0,3129.2,0.0526,0.0010,0.0000,22.813,1,293.15,0
3.9167,16.4894,0.8995,2.0203,11.185,11.185,3363.7,3,0.028,1.000,0.000,-0.110,0,227.03,482.79,231.43,267.17,-0.00,563.55,0.00000,0.0000,393.1,0.0,0.00000,0.0000,393.1,0.0,0.05241,-0.1342,4502.6,945.3,0.04663,-0.5559,519.9,-869.2,0.0,0.0000,0.0000,-0.0299,19.455,0,293.15,0,0.0,0.0000,0.0000,-0.0299,19.598,0,293.15,0,4628.9,0.0529,-0.0011,0.0000,22.606,1,293.15,0,589.9,0.0724,-0.0003,0.0000,23.495,1,293.15,0
3.9333,16.6736,0.9219,2.0404,11.195,11.195,3393.7,3,0.028,1.000,0.000,-0.114,0,227.44,483.67,231.85,267.66,-0.00,564.57,0.00000,0.0000,392.9,0.0,0.00000,0.0000,392.9,0.0,0.04451,-0.6998,1452.6,812.8,0.03602,-0.6789,0.0,-393.3,0.0,0.0000,0.0000,-0.0326,19.455,0,293.15,0,0.0,0.0000,0.0000,-0.0326,19.598,0,293.15,0,1057.6,0.0563,-0.0021,0.0000,22.964,1,293.15,0,0.0,0.0000,0.0000,0.0000,24.042,0,293.15,0
3.9500,16.8577,0.9444,2.0580,11.176,11.176,3423.7,3,0.028,1.000,0.000,-0.118,0,226.68,482.06,231.08,266.77,-0.00,562.70,0.00000,0.0000,392.8,0.0,0.00000,0.0000,392.8,0.0,0.03133,-0.8024,0.0,347.3,0.02492,-0.6443,0.0,-86.7,0.0,0.0000,0.0000,-0.0353,19.455,0,293.15,0,0.0,0.0000,0.0000,-0.0353,19.598,0,293.15,0,44.5,0.0677,-0.0010,0.0000,23.219,1,293.15,0,0.0,0.0000,0.0000,0.0000,24.434,0,293.15,0
3.9667,17.0417,0.9668,2.0732,11.159,11.159,3453.7,3,0.029,1.000,0.000,-0.121,1,225.99,480.60,230.38,265.96,-0.00,560.98,0.00000,0.0000,392.7,0.0,0.00000,0.0000,392.7,0.0,0.01939,-0.6539,0.0,173.3,0.01526,-0.5364,0.0,-19.6,0.0,0.0000,0.0000,-0.0379,19.455,0,293.15,0,0.0,0.0000,0.0000,-0.0379,19.598,0,293.15,0,0.0,0.0000,0.0000,0.0000,23.512,0,293.15,0,0.0,0.0000,0.0000,0.0000,24.696,0,293.15,0
3.9833,17.2257,0.9893,2.0857,11.144,11.144,3483.7,3,0.029,1.000,0.000,-0.124,1,225.39,479.33,229.77,265.25,-0.00,559.50,0.00000,0.0000,392.6,0.0,0.00000,0.0000,392.6,0.0,0.01017,-0.4965,0.0,109.1,0.00754,-0.4213,0.0,1.5,0.0,0.0000,0.0000,-0.0405,19.455,0,293.15,0,0.0,0.0000,0.0000,-0.0405,19.598,0,293.15,0,0.0,0.0000,0.0000,0.0000,23.747,0,293.15,0,0.0,0.0000,0.0000,0.0000,24.903,0,293.15,0
4.0000,17.4096,1.0117,2.0957,11.132,11.132,3513.7,3,0.029,1.000,0.000,-0.127,1,224.88,478.26,229.26,264.66,-0.00,558.24,0.00000,0.0000,392.6,0.0,0.00000,0.0000,392.6,0.0,0.00325,-0.3699,0.0,70.3,0.00157,-0.3223,0.0,9.9,0.0,0.0000,0.0000,-0.0429,19.455,0,293.15,0,0.0,0.0000,0.0000,-0.0429,19.598,0,293.15,0,0.0,0.0000,0.0000,0.0000,23.973,0,293.15,0,0.0,0.0000,0.0000,0.0000,25.102,0,293.15,0
4.0167,17.5935,1.0341,2.1032,11.121,11.121,3543.7,3,0.029,1.000,0.000,-0.130,1,224.46,477.38,228.84,264.18,-0.00,557.21,0.00000,0.0000,392.5,0.0,0.00000,0.0000,392.5,0.0,0.00000,0.0000,399.5,0.0,0.00000,0.0000,399.5,0.0,0.0,0.0000,0.0000,-0.0452,19.455,0,293.15,0,0.0,0.0000,0.0000,-0.0452,19.598,0,293.15,0,0.0,0.0000,0.0000,0.0000,24.197,0,293.15,0,0.0,0.0000,0.0000,0.0000,25.300,0,293.15,0
4.0333,17.7773,1.0566,2.1082,11.113,11.113,3573.7,3,0.030,1.000,0.000,-0.132,1,224.13,476.67,228.50,263.78,0.00,556.38,0.00000,0.0000,392.5,0.0,0.00000,0.0000,392.5,0.0,0.00000,0.0000,399.4,0.0,0.00000,0.0000,399.4,0.0,0.0,0.0000,0.0000,-0.0475,19.455,0,293.15,0,0.0,0.0000,0.0000,-0.0475,19.598,0,293.15,0,0.0,0.0000,0.0000,0.0000,24.421,0,293.15,0,0.0,0.0000,0.0000,0.0000,25.497,0,293.15,0
4.0500,17.9610,1.0790,2.1109,11.107,11.106,3603.7,3,0.030,1.000,0.000,-0.134,1,223.87,476.12,228.23,263.48,0.00,555.75,0.00000,0.0000,392.4,0.0,0.00000,0.0000,392.4,0.0,0.00000,0.0000,399.4,0.0,0.00000,0.0000,399.4,0.0,0.0,0.0000,0.0000,-0.0496,19.455,0,293.15,0,0.0,0.0000,0.0000,-0.0496,19.598,0,293.15,0,0.0,0.0000,0.0000,0.0000,24.645,0,293.15,0,0.0,0.0000,0.0000,0.0000,25.695,0,293.15,0
4.0667,18.1447,1.1014,2.1111,11.103,11.102,3633.7,3,0.030,1.000,0.000,-0.136,1,223.71,475.74,228.05,263.27,0.00,555.32,0.00000,0.0000,392.4,0.0,0.00000,0.0000,392.4,0.0,0.00000,0.0000,399.4,0.0,0.00000,0.0000,399.4,0.0,0.0,0.0000,0.0000,-0.0516,19.455,0,293.15,0,0.0,0.0000,0.0000,-0.0516,19.598,0,293.15,0,0.0,0.0000,0.0000,0.0000,24.869,0,293.15,0,0.0,0.0000,0.0000,0.0000,25.893,0,293.15,0
4.0833,18.3283,1.1238,2.1090,11.101,11.100,3663.7,3,0.030,1.000,0.000,-0.137,1,223.62,475.54,227.95,263.16,0.00,555.10,0.00000,0.0000,392.4,0.0,0.00000,0.0000,392.4,0.0,0.00000,0.0000,399.4,0.0,0.00000,0.0000,399.4,0.0,0.0,0.0000,0.0000,-0.0535,19.455,0,293.15,0,0.0,0.0000,0.0000,-0.0535,19.598,0,293.15,0,0.0,0.0000,0.0000,0.0000,25.092,0,293.15,0,0.0,0.0000,0.0000,0.0000,26.091,0,293.15,0
4.1000,18.5119,1.1462,2.1045,11.101,11.099,3693.7,3,0.031,1.000,0.000,-0.139,1,223.62,475.51,227.94,263.14,0.00,555.09,0.00000,0.0000,392.4,0.0,0.00000,0.0000,392.4,0.0,0.00000,0.0000,399.4,0.0,0.00000,0.0000,399.4,0.0,0.0,0.0000,0.0000,-0.0552,19.455,0,293.15,0,0.0,0.0000,0.0000,-0.0552,19.598,0,293.15,0,0.0,0.0000,0.0000,0.0000,25.315,0,293.15,0,0.0,0.0000,0.0000,0.0000,26.289,0,293.15,0
4.1167,18.6955,1.1686,2.0976,11.103,11.101,3723.7,3,0.031,1.000,0.000,-0.139,1,223.70,475.66,228.01,263.23,0.00,555.28,0.00000,0.0000,392.4,0.0,0.00000,0.0000,392.4,0.0,0.00000,0.0000,399.4,0.0,0.00000,0.0000,399.4,0.0,0.0,0.0000,0.0000,-0.0569,19.455,0,293.15,0,0.0,0.0000,0.0000,-0.0569,19.598,0,293.15,0,0.0,0.0000,0.0000,0.0000,25.539,0,293.15,0,0.0,0.0000,0.0000,0.0000,26.487,0,293.15,0
4.1333,18.8790,1.1910,2.0884,11.107,11.105,3753.7,3,0.031,1.000,0.000,-0.140,1,223.86,475.98,228.17,263.41,0.00,555.68,0.00000,0.0000,392.5,0.0,0.00000,0.0000,392.5,0.0,0.00000,0.0000,399.4,0.0,0.00000,0.0000,399.4,0.0,0.0,0.0000,0.0000,-0.0584,19.455,0,293.15,0,0.0,0.0000,0.0000,-0.0584,19.598,0,293.15,0,0.0,0.0000,0.0000,0.0000,25.762,0,293.15,0,0.0,0.0000,0.0000,0.0000,26.685,0,293.15,0
4.1500,19.0625,1.2133,2.0767,11.113,11.111,3783.7,3,0.031,1.000,0.000,-0.140,1,224.11,476.48,228.41,263.68,0.00,556.28,0.00000,0.0000,392.5,0.0,0.00000,0.0000,392.5,0.0,0.00000,0.0000,399.5,0.0,0.00000,0.0000,399.5,0.0,0.0,0.0000,0.0000,-0.0598,19.455,0,293.15,0,0.0,0.0000,0.0000,-0.0598,19.598,0,293.15,0,0.0,0.0000,0.0000,0.0000,25.985,0,293.15,0,0.0,0.0000,0.0000,0.0000,26.884,0,293.15,0
4.1667,19.2459,1.2357,2.0627,11.121,11.119,3813.7,3,0.031,1.000,0.000,-0.140,1,224.44,477.15,228.73,264.05,0.00,557.09,0.00000,0.0000,392.6,0.0,0.00000,0.0000,392.6,0.0,0.00000,0.0000,399.5,0.0,0.00000,0.0000,399.5,0.0,0.0,0.0000,0.0000,-0.0610,19.455,0,293.15,0,0.0,0.0000,0.0000,-0.0610,19.598,0,293.15,0,0.0,0.0000,0.0000,0.0000,26.208,0,293.15,0,0.0,0.0000,0.0000,0.0000,27.082,0,293.15,0
4.1833,19.4293,1.2580,2.0463,11.132,11.129,3843.7,3,0.032,1.000,0.000,-0.139,1,224.85,477.99,229.13,264.52,0.00,558.10,0.00000,0.0000,392.7,0.0,0.00000,0.0000,392.7,0.0,0.00000,0.0000,399.6,0.0,0.00000,0.0000,399.6,0.0,0.0,0.0000,0.0000,-0.0622,19.455,0,293.15,0,0.0,0.0000,0.0000,-0.0622,19.598,0,293.15,0,0.0,0.0000,0.0000,0.0000,26.430,0,293.15,0,0.0,0.0000,0.0000,0.0000,27.281,0,293.15,0
4.2000,19.6127,1.2804,2.0274,11.144,11.141,3873.7,3,0.032,1.000,0.000,-0.139,1,225.35,479.01,229.62,265.09,0.00,559.32,0.00000,0.0000,392.7,0.0,0.00000,0.0000,392.7,0.0,0.00000,0.0000,399.7,0.0,0.00000,0.0000,399.7,0.0,0.0,0.0000,0.0000,-0.0631,19.455,0,293.15,0,0.0,0.0000,0.0000,-0.0631,19.598,0,293.15,0,0.0,0.0000,0.0000,0.0000,26.653,0,293.15,0,0.0,0.0000,0.0000,0.0000,27.480,0,293.15,0
4.2167,19.7961,1.3027,2.0063,11.158,11.155,3903.7,3,0.032,1.000,0.000,-0.137,1,225.92,480.20,230.19,265.75,0.00,560.74,0.00000,0.0000,392.8,0.0,0.00000,0.0000,392.8,0.0,0.00000,0.0000,399.8,0.0,0.00000,0.0000,399.8,0.0,0.0,0.0000,0.0000,-0.0639,19.455,0,293.15,0,0.0,0.0000,0.0000,-0.0639,19.598,0,293.15,0,0.0,0.0000,0.0000,0.0000,26.875,0,293.15,0,0.0,0.0000,0.0000,0.0000,27.679,0,293.15,0
4.2333,19.9795,1.3250,1.9827,11.175,11.170,3933.7,3,0.032,1.000,0.000,-0.136,1,226.58,481.57,230.85,266.51,0.01,562.37,0.00000,0.0000,392.9,0.0,0.00000,0.0000,392.9,0.0,0.00000,0.0000,399.9,0.0,0.00000,0.0000,399.9,0.0,0.0,0.0000,0.0000,-0.0646,19.455,0,293.15,0,0.0,0.0000,0.0000,-0.0646,19.598,0,293.15,0,0.0,0.0000,0.0000,0.0000,27.098,0,293.15,0,0.0,0.0000,0.0000,0.0000,27.878,0,293.15,0
4.2500,20.1628,1.3473,1.9567,11.193,11.188,3963.7,3,0.033,1.000,0.000,-0.134,1,227.33,483.11,231.59,267.36,0.01,564.20,0.00000,0.0000,393.1,0.0,0.00000,0.0000,393.1,0.0,0.00000,0.0000,400.0,0.0,0.00000,0.0000,400.0,0.0,0.0,0.0000,0.0000,-0.0652,19.455,0,293.15,0,0.0,0.0000,0.0000,-0.0652,19.598,0,293.15,0,0.0,0.0000,0.0000,0.0000,27.320,0,293.15,0,0.0,0.0000,0.0000,0.0000,28.077,0,293.15,0
4.2667,20.3462,1.3696,1.9284,11.214,11.208,3993.7,3,0.033,1.000,0.000,-0.132,1,228.15,484.82,232.41,268.31,0.01,566.23,0.00000,0.0000,393.2,0.0,0.00000,0.0000,393.2,0.0,0.00000,0.0000,400.2,0.0,0.00000,0.0000,400.2,0.0,0.0,0.0000,0.0000,-0.0656,19.455,0,293.15,0,0.0,0.0000,0.0000,-0.0656,19.598,0,293.15,0,0.0,0.0000,0.0000,0.0000,27.542,0,293.15,0,0.0,0.0000,0.0000,0.0000,28.276,0,293.15,0
4.2833,20.5295,1.3919,1.8977,11.236,11.230,4023.7,3,0.033,1.000,0.000,-0.130,1,229.06,486.70,233.31,269.35,0.01,568.47,0.00000,0.0000,393.4,0.0,0.00000,0.0000,393.4,0.0,0.00000,0.0000,400.3,0.0,0.00000,0.0000,400.3,0.0,0.0,0.0000,0.0000,-0.0658,19.455,0,293.15,0,0.0,0.0000,0.0000,-0.0658,19.598,0,293.15,0,0.0,0.0000,0.0000,0.0000,27.764,0,293.15,0,0.0,0.0000,0.0000,0.0000,28.476,0,293.15,0
4.3000,20.7128,1.4141,1.8646,11.261,11.254,4053.7,3,0.033,1.000,0.000,-0.127,1,230.05,488.76,234.30,270.49,0.02,570.91,0.00000,0.0000,393.5,0.0,0.00000,0.0000,393.5,0.0,0.00000,0.0000,400.5,0.0,0.00000,0.0000,400.5,0.0,0.0,0.0000,0.0000,-0.0659,19.455,0,293.15,0,0.0,0.0000,0.0000,-0.0659,19.598,0,293.15,0,0.0,0.0000,0.0000,0.0000,27.986,0,293.15,0,0.0,0.0000,0.0000,0.0000,28.675,0,293.15,0
4.3167,20.8962,1.4364,1.8291,11.287,11.280,4083.7,3,0.034,1.000,0.000,-0.124,1,231.13,490.99,235.37,271.73,0.02,573.56,0.00000,0.0000,393.7,0.0,0.00000,0.0000,393.7,0.0,0.00000,0.0000,400.7,0.0,0.00000,0.0000,400.7,0.0,0.0,0.0000,0.0000,-0.0658,19.455,0,293.15,0,0.0,0.0000,0.0000,-0.0658,19.598,0,293.15,0,0.0,0.0000,0.0000,0.0000,28.208,0,293.15,0,0.0,0.0000,0.0000,0.0000,28.875,0,293.15,0
4.3333,21.0795,1.4586,1.7912,11.316,11.307,4113.7,3,0.034,1.000,0.000,-0.121,1,232.28,493.39,236.52,273.06,0.02,576.41,0.00000,0.0000,393.9,0.0,0.00000,0.0000,393.9,0.0,0.00000,0.0000,400.9,0.0,0.00000,0.0000,400.9,0.0,0.0,0.0000,0.0000,-0.0656,19.455,0,293.15,0,0.0,0.0000,0.0000,-0.0656,19.598,0,293.15,0,0.0,0.0000,0.0000,0.0000,28.430,0,293.15,0,0.0,0.0000,0.0000,0.0000,29.074,0,293.15,0
4.3500,21.2629,1.4808,1.7510,11.346,11.337,4143.7,3,0.034,1.000,0.000,-0.118,1,233.52,495.96,237.76,274.49,0.03,579.46,0.00000,0.0000,394.1,0.0,0.00000,0.0000,394.1,0.0,0.00000,0.0000,401.1,0.0,0.00000,0.0000,401.1,0.0,0.0,0.0000,0.0000,-0.0653,19.455,0,293.15,0,0.0,0.0000,0.0000,-0.0653,19.598,0,293.15,0,0.0,0.0000,0.0000,0.0000,28.651,0,293.15,0,0.0,0.0000,0.0000,0.0000,29.274,0,293.15,0
4.3667,21.4463,1.5030,1.7084,11.378,11.369,4173.7,3,0.034,1.000,0.000,-0.114,1,234.84,498.71,239.07,276.01,0.03,582.72,0.00000,0.0000,394.3,0.0,0.00000,0.0000,394.3,0.0,0.00000,0.0000,401.3,0.0,0.00000,0.0000,401.3,0.0,0.0,0.0000,0.0000,-0.0648,19.455,0,293.15,0,0.0,0.0000,0.0000,-0.0648,19.598,0,293.15,0,0.0,0.0000,0.0000,0.0000,28.873,0,293.15,0,0.0,0.0000,0.0000,0.0000,29.474,0,293.15,0
4.3833,21.6297,1.5252,1.6634,11.412,11.402,4203.7,3,0.034,1.000,0.000,-0.110,1,236.24,501.63,240.47,277.63,0.04,586.17,0.00000,0.0000,394.5,0.0,0.00000,0.0000,394.5,0.0,0.00000,0.0000,401.5,0.0,0.00000,0.0000,401.5,0.0,0.0,0.0000,0.0000,-0.0641,19.455,0,293.15,0,0.0,0.0000,0.0000,-0.0641,19.598,0,293.15,0,0.0,0.0000,0.0000,0.0000,29.094,0,293.15,0,0.0,0.0000,0.0000,0.0000,29.674,0,293.15,0
4.4000,21.8131,1.5474,1.6160,11.448,11.437,4233.7,3,0.035,1.000,0.000,-0.106,1,237.73,504.72,241.96,279.34,0.04,589.84,0.00000,0.0000,394.7,0.0,0.00000,0.0000,394.7,0.0,0.00000,0.0000,401.7,0.0,0.00000,0.0000,401.7,0.0,0.0,0.0000,0.0000,-0.0633,19.455,0,293.15,0,0.0,0.0000,0.0000,-0.0633,19.598,0,293.15,0,0.0,0.0000,0.0000,0.0000,29.315,0,293.15,0,0.0,0.0000,0.0000,0.0000,29.874,0,293.15,0
4.4167,21.9965,1.5695,1.5662,11.486,11.475,4263.7,3,0.035,1.000,0.000,-0.101,1,239.30,507.98,243.52,281.15,0.05,593.70,0.00000,0.0000,395.0,0.0,0.00000,0.0000,395.0,0.0,0.00000,0.0000,402.0,0.0,0.00000,0.0000,402.0,0.0,0.0,0.0000,0.0000,-0.0624,19.455,0,293.15,0,0.0,0.0000,0.0000,-0.0624,19.598,0,293.15,0,0.0,0.0000,0.0000,0.0000,29.536,0,293.15,0,0.0,0.0000,0.0000,0.0000,30.075,0,293.15,0
4.4333,22.1800,1.5916,1.5141,11.526,11.514,4293.7,3,0.035,1.000,0.000,-0.097,1,240.95,511.41,245.17,283.05,0.06,597.77,0.00000,0.0000,395.2,0.0,0.00000,0.0000,395.2,0.0,0.00000,0.0000,402.2,0.0,0.00000,0.0000,402.2,0.0,0.0,0.0000,0.0000,-0.0613,19.455,0,293.15,0,0.0,0.0000,0.0000,-0.0613,19.598,0,293.15,0,0.0,0.0000,0.0000,0.0000,29.757,0,293.15,0,0.0,0.0000,0.0000,0.0000,30.275,0,293.15,0
4.4500,22.3635,1.6137,1.4596,11.568,11.554,4323.7,3,0.035,1.000,0.000,-0.092,1,242.68,515.02,246.90,285.05,0.06,602.04,0.00000,0.0000,395.5,0.0,0.00000,0.0000,395.5,0.0,0.00000,0.0000,402.5,0.0,0.00000,0.0000,402.5,0.0,0.0,0.0000,0.0000,-0.0601,19.455,0,293.15,0,0.0,0.0000,0.0000,-0.0601,19.598,0,293.15,0,0.0,0.0000,0.0000,0.0000,29.978,0,293.15,0,0.0,0.0000,0.0000,0.0000,30.475,0,293.15,0
4.4667,22.5470,1.6358,1.4027,11.611,11.597,4353.7,3,0.036,1.000,0.000,-0.087,1,244.50,518.80,248.71,287.15,0.07,606.52,0.00000,0.0000,395.8,0.0,0.00000,0.0000,395.8,0.0,0.00000,0.0000,402.8,0.0,0.00000,0.0000,402.8,0.0,0.0,0.0000,0.0000,-0.0587,19.455,0,293.15,0,0.0,0.0000,0.0000,-0.0587,19.598,0,293.15,0,0.0,0.0000,0.0000,0.0000,30.199,0,293.15,0,0.0,0.0000,0.0000,0.0000,30.676,0,293.15,0
4.4833,22.7306,1.6579,1.3434,11.656,11.642,4383.7,3,0.036,1.000,0.000,-0.081,1,246.39,522.75,250.61,289.33,0.08,611.19,0.00000,0.0000,396.1,0.0,0.00000,0.0000,396.1,0.0,0.00000,0.0000,403.1,0.0,0.00000,0.0000,403.1,0.0,0.0,0.0000,0.0000,-0.0572,19.455,0,293.15,0,0.0,0.0000,0.0000,-0.0572,19.598,0,293.15,0,0.0,0.0000,0.0000,0.0000,30.420,0,293.15,0,0.0,0.0000,0.0000,0.0000,30.877,0,293.15,0
4.5000,22.9142,1.6799,1.2817,11.703,11.688,4413.7,3,0.036,1.000,0.000,-0.076,1,248.37,527.60,253.15,291.62,0.09,614.74,0.00000,0.0000,396.4,0.0,0.00000,0.0000,396.4,0.0,0.00000,0.0000,403.4,0.0,0.00000,0.0000,403.4,0.0,0.0,0.0000,0.0000,-0.0556,19.455,0,293.15,0,0.0,0.0000,0.0000,-0.0556,19.598,0,293.15,0,0.0,0.0000,0.0000,0.0000,30.641,0,293.15,0,0.0,0.0000,0.0000,0.0000,31.077,0,293.15,0
4.5167,23.0979,1.7019,1.2176,11.752,11.736,4443.7,3,0.036,1.000,0.000,-0.070,1,250.44,532.82,255.93,294.00,0.11,618.13,0.00000,0.0000,396.7,0.0,0.00000,0.0000,396.7,0.0,0.00000,0.0000,403.7,0.0,0.00000,0.0000,403.7,0.0,0.0,0.0000,0.0000,-0.0539,19.455,0,293.15,0,0.0,0.0000,0.0000,-0.0539,19.598,0,293.15,0,0.0,0.0000,0.0000,0.0000,30.861,0,293.15,0,0.0,0.0000,0.0000,0.0000,31.278,0,293.15,0
4.5333,23.2816,1.7239,1.1512,11.802,11.785,4473.7,3,0.037,1.000,0.000,-0.064,0,252.58,538.36,258.91,296.46,0.12,621.41,0.00014,0.0346,1103.0,0.0,0.00000,0.0000,693.4,-63.4,0.00000,0.0000,404.1,0.0,0.00000,0.0000,404.1,0.0,1529.8,-0.0422,-0.0559,-0.0520,20.972,1,293.15,0,713.1,-0.0572,-0.0573,-0.0520,20.322,1,293.15,0,0.0,0.0000,0.0000,0.0000,31.082,0,293.15,0,0.0,0.0000,0.0000,0.0000,31.479,0,293.15,0
4.5500,23.4658,1.7428,1.0839,11.813,11.791,4503.7,3,0.037,1.000,0.000,-0.058,0,252.99,539.23,259.71,296.30,0.33,619.57,0.01777,2.0238,8046.4,-2690.4,0.03393,3.2962,18131.9,948.5,0.00000,0.0000,404.4,0.0,0.00000,0.0000,404.4,0.0,12280.8,0.0851,-0.0174,-0.0500,9.283,1,293.15,0,23207.1,-0.0477,-0.0128,-0.0500,42.649,1,293.15,0,0.0,0.0000,0.0000,0.0000,31.302,0,293.15,0,0.0,0.0000,0.0000,0.0000,31.680,0,293.15,0
4.5667,23.6510,1.7617,1.0201,11.769,11.760,4533.7,3,0.037,1.000,0.000,-0.052,0,251.27,537.43,259.22,294.53,0.18,612.92,0.07277,3.8267,19465.1,-2049.5,0.09849,4.0401,24047.0,618.5,0.00000,0.0000,404.5,0.0,0.00000,0.0000,404.5,0.0,21277.3,0.1356,-0.0019,-0.0479,11.840,1,293.15,0,26987.0,0.2198,0.0053,-0.0479,22.636,1,293.15,0,0.0,0.0000,0.0000,0.0000,31.522,0,293.15,0,0.0,0.0000,0.0000,0.0000,31.881,0,293.15,0
4.5833,23.8385,1.7807,0.9626,11.779,11.764,4563.7,3,0.037,1.000,0.000,-0.046,0,251.60,539.40,260.58,294.84,0.24,611.16,0.13800,4.0004,22473.4,-1686.4,0.16341,3.8531,24092.8,392.9,0.00000,0.0000,404.5,0.0,0.00000,0.0000,404.5,0.0,23785.7,0.1270,-0.0002,-0.0457,12.622,1,293.15,0,26084.5,0.2415,0.0048,-0.0457,24.389,1,293.15,0,0.0,0.0000,0.0000,0.0000,31.742,0,293.15,0,0.0,0.0000,0.0000,0.0000,32.083,0,293.15,0
4.6000,24.0284,1.7994,0.9115,11.884,11.854,4593.7,3,0.038,1.000,0.000,-0.039,0,255.92,557.05,269.32,303.68,0.22,634.21,0.20306,3.8523,23876.7,-7.2,0.21539,2.8102,18065.9,-1186.5,0.00000,0.0000,404.2,0.0,0.00000,0.0000,404.2,0.0,25034.5,0.3453,-0.0047,-0.0434,19.537,1,293.15,0,18119.6,-0.3446,-0.0030,-0.0434,22.561,1,293.15,0,0.0,0.0000,0.0000,0.0000,31.962,0,293.15,0,0.0,0.0000,0.0000,0.0000,32.284,0,293.15,0
4.6167,24.2211,1.8179,0.8656,11.920,11.879,4623.7,3,0.038,1.000,0.000,-0.033,0,257.32,574.98,277.98,312.67,0.20,665.33,0.25193,2.5958,19561.8,1101.2,0.24923,1.6656,12506.1,-1755.4,0.00000,0.0000,403.9,0.0,0.00000,0.0000,403.9,0.0,20001.3,0.1720,-0.0004,-0.0410,20.731,1,293.15,0,11930.4,-0.1183,-0.0002,-0.0410,39.247,1,293.15,0,0.0,0.0000,0.0000,0.0000,32.182,0,293.15,0,0.0,0.0000,0.0000,0.0000,32.486,0,293.15,0
4.6333,24.4163,1.8372,0.8233,12.044,12.002,4653.7,3,0.038,1.000,0.000,-0.026,0,262.70,603.35,291.66,327.26,0.17,709.91,0.28164,1.1780,13807.2,1587.0,0.26861,0.8019,8945.1,-1520.7,0.00000,0.0000,403.4,0.0,0.00000,0.0000,403.4,0.0,13068.8,-0.0980,0.0020,-0.0385,42.331,1,293.15,0,8349.4,-0.1080,0.0009,-0.0385,35.951,1,293.15,0,0.0,0.0000,0.0000,0.0000,32.402,0,293.15,0,0.0,0.0000,0.0000,0.0000,32.687,0,293.15,0
4.6500,24.6123,1.8566,0.7827,12.027,11.996,4683.7,3,0.038,1.000,0.000,-0.020,0,262.11,619.94,299.63,335.39,0.17,742.85,0.29082,0.3392,9962.9,1474.1,0.27595,0.3342,7108.6,-1287.2,0.00000,0.0000,402.9,0.0,0.00000,0.0000,402.9,0.0,9537.4,0.0773,0.0028,-0.0359,14.533,1,293.15,0,7500.5,0.1533,0.0019,-0.0359,17.408,1,293.15,0,0.0,0.0000,0.0000,0.0000,32.622,0,293.15,0,0.0,0.0000,0.0000,0.0000,32.889,0,293.15,0
4.6667,24.8090,1.8762,0.7428,12.091,12.072,4713.7,3,0.039,1.000,0.000,-0.013,0,265.09,648.69,313.43,349.96,0.16,793.27,0.28456,-0.9866,2357.9,-134.3,0.27808,-0.0657,7685.3,1078.9,0.00000,0.0000,402.3,0.0,0.00000,0.0000,402.3,0.0,596.0,0.0166,0.0034,-0.0332,24.133,1,293.15,0,7484.4,0.0940,0.0039,-0.0332,16.671,1,293.15,0,0.0,0.0000,0.0000,0.0000,32.842,0,293.15,0,0.0,0.0000,0.0000,0.0000,33.090,0,293.15,0
4.6833,25.0063,1.8958,0.7021,12.124,12.115,4743.7,3,0.039,1.000,0.000,-0.007,0,266.64,680.12,328.46,365.76,0.17,851.85,0.26459,-1.1727,0.0,-1941.1,0.27437,-0.2589,7991.8,2272.7,0.00000,0.0000,401.8,0.0,0.00000,0.0000,401.8,0.0,0.0,0.0000,0.0000,-0.0305,24.133,0,293.15,0,8286.3,0.0968,0.0016,-0.0305,15.917,1,293.15,0,0.0,0.0000,0.0000,0.0000,33.061,0,293.15,0,0.0,0.0000,0.0000,0.0000,33.292,0,293.15,0
4.7000,25.2038,1.9155,0.6606,12.155,12.147,4773.7,3,0.039,1.000,0.000,0.000,0,268.05,721.23,348.05,386.48,0.17,930.02,0.24680,-1.0151,0.0,-2518.2,0.26827,-0.4655,7573.1,2812.7,0.00000,0.0000,401.3,0.0,0.00000,0.0000,401.3,0.0,0.0,0.0000,0.0000,-0.0277,24.133,0,293.15,0,7545.5,0.0959,0.0003,-0.0277,16.783,1,293.15,0,0.0,0.0000,0.0000,0.0000,33.281,0,293.15,0,0.0,0.0000,0.0000,0.0000,33.494,0,293.15,0
4.7167,25.4016,1.9351,0.6180,12.188,12.169,4803.7,3,0.039,1.000,0.000,0.007,0,269.33,778.99,375.45,415.69,0.18,1042.00,0.23043,-0.9750,0.0,-2487.9,0.25724,-0.7741,6130.5,2811.0,0.00000,0.0000,400.8,0.0,0.00000,0.0000,400.8,0.0,0.0,0.0000,0.0000,-0.0248,24.133,0,293.15,0,6074.0,0.0832,-0.0007,-0.0248,18.050,1,293.15,0,0.0,0.0000,0.0000,0.0000,33.500,0,293.15,0,0.0,0.0000,0.0000,0.0000,33.696,0,293.15,0
4.7333,25.5996,1.9546,0.5740,12.218,12.176,4833.7,3,0.040,1.000,0.000,0.013,0,270.35,869.52,418.15,461.69,0.18,1221.38,0.21399,-0.9971,0.0,-2264.6,0.24175,-1.0060,4812.0,2609.7,0.00000,0.0000,400.4,0.0,0.00000,0.0000,400.4,0.0,0.0,0.0000,0.0000,-0.0219,24.133,0,293.15,0,4842.7,0.0739,-0.0006,-0.0219,19.859,1,293.15,0,0.0,0.0000,0.0000,0.0000,33.720,0,293.15,0,0.0,0.0000,0.0000,0.0000,33.898,0,293.15,0
4.7500,25.7976,1.9742,0.5285,12.256,12.175,4863.7,3,0.040,1.000,0.000,0.020,0,271.56,850.78,412.99,444.68,0.16,1124.71,0.20459,0.0873,5833.2,-1113.5,0.22493,-0.9164,2820.3,294.4,0.00000,0.0000,400.0,0.0,0.00000,0.0000,400.0,0.0,8613.6,-0.0336,0.0014,-0.0189,31.272,1,293.15,0,3463.1,0.0238,0.0005,-0.0189,23.159,1,293.15,0,0.0,0.0000,0.0000,0.0000,33.939,0,293.15,0,0.0,0.0000,0.0000,0.0000,34.100,0,293.15,0
4.7667,25.9956,1.9939,0.4825,12.280,12.154,4893.7,3,0.040,1.000,0.000,0.026,0,272.02,834.79,413.51,417.63,0.14,954.25,0.21454,0.6167,11333.8,1957.4,0.21162,-0.7685,1060.2,-2068.6,0.00000,0.0000,399.7,0.0,0.00000,0.0000,399.7,0.0,11270.7,-0.0904,0.0038,-0.0159,34.375,1,293.15,0,1304.7,-0.0013,0.0044,-0.0159,23.462,1,293.15,0,0.0,0.0000,0.0000,0.0000,34.158,0,293.15,0,0.0,0.0000,0.0000,0.0000,34.303,0,293.15,0
4.7833,26.1939,2.0143,0.4365,12.296,12.115,4923.7,3,0.040,1.000,0.000,0.033,0,272.05,622.02,336.32,266.32,0.11,202.58,0.21997,0.1032,9972.9,2881.8,0.19923,-0.7277,571.5,-2682.2,0.00813,1.5510,9090.8,732.9,0.00172,0.4128,0.0,-2976.8,9436.9,-0.0896,0.0070,-0.0128,31.742,1,293.15,0,830.1,-0.0005,0.0096,-0.0128,23.333,1,293.15,0,14839.4,0.3075,0.0278,0.0000,33.168,1,293.15,0,2115.2,0.3495,0.0301,0.0000,34.192,1,293.15,0
4.8000,26.3948,2.0395,0.3945,12.435,12.250,4888.9,3,0.041,1.000,0.000,0.039,0,278.24,639.01,345.48,273.48,0.00,207.10,0.21308,-0.8733,4501.9,1837.8,0.19125,-0.2004,4573.8,-1015.3,0.06838,4.4831,26019.1,1017.9,0.05780,4.6335,21982.7,-3140.6,2998.8,-0.1068,0.0215,-0.0097,24.469,1,293.15,0,5876.2,-0.0067,0.0185,-0.0097,23.937,1,293.15,0,28237.9,0.3273,-0.0067,0.0000,32.476,1,293.15,0,25310.1,0.3653,-0.0083,0.0000,33.247,1,293.15,0
4.8167,26.5992,2.0650,0.3621,12.548,12.415,4845.6,3,0.041,1.000,0.000,0.046,0,284.00,650.25,351.56,278.30,0.00,210.90,0.19584,-0.9832,1101.4,-986.3,0.19170,0.0431,7924.8,1237.8,0.14463,4.3790,26632.0,-209.6,0.14099,4.8847,28176.9,-956.1,1541.8,-0.0095,0.0117,-0.0066,23.995,1,293.15,0,7980.9,-0.1198,0.0120,-0.0066,30.466,1,293.15,0,25887.5,0.3383,0.0033,0.0000,32.232,1,293.15,0,27719.8,0.3681,0.0029,0.0000,32.857,1,293.15,0
4.8333,26.8070,2.0921,0.3402,12.679,12.596,4802.2,3,0.041,1.000,0.000,0.052,0,290.62,664.08,359.04,284.21,0.00,215.30,0.18127,-0.7986,1125.9,-1723.6,0.19089,-0.1436,7750.6,1907.8,0.20772,3.4249,21648.8,-1103.1,0.21329,3.9161,25401.3,334.2,1584.8,-0.0083,0.0047,-0.0035,24.474,1,293.15,0,7602.4,-0.1498,0.0064,-0.0035,30.581,1,293.15,0,20655.4,0.3244,0.0003,0.0000,31.991,1,293.15,0,24139.1,0.3558,0.0001,0.0000,32.517,1,293.15,0
4.8500,27.0182,2.1195,0.3267,12.839,12.790,4758.9,3,0.041,1.000,0.000,0.058,0,298.49,681.12,368.25,291.51,0.00,220.79,0.17064,-0.5414,2480.1,-1476.7,0.18522,-0.4734,5893.0,1561.3,0.25488,2.4915,17474.3,-1161.1,0.26534,2.6475,20061.6,648.6,2984.4,-0.0055,0.0020,-0.0003,25.058,1,293.15,0,5658.4,-0.1279,0.0026,-0.0003,29.398,1,293.15,0,16660.5,0.2951,-0.0012,0.0000,31.724,1,293.15,0,18792.8,0.3257,-0.0010,0.0000,32.192,1,293.15,0
4.8667,27.2329,2.1469,0.3198,13.021,12.991,4715.6,3,0.042,1.000,0.000,0.064,0,307.30,700.40,378.68,299.76,0.00,227.10,0.16434,-0.3121,4578.9,-380.2,0.17412,-0.7516,3472.4,445.2,0.28984,2.0043,15995.7,-541.3,0.29816,1.6274,14686.1,-136.2,4903.8,-0.0037,0.0030,0.0028,25.614,1,293.15,0,3442.8,-0.0289,0.0030,0.0028,25.802,1,293.15,0,16234.9,0.2535,-0.0007,0.0000,31.415,1,293.15,0,13916.4,0.2853,-0.0007,0.0000,31.858,1,293.15,0
4.8833,27.4513,2.1749,0.3181,13.242,13.224,4672.2,3,0.042,1.000,0.000,0.070,0,317.97,724.42,391.66,310.04,0.00,234.85,0.15747,-0.5180,3977.4,-22.4,0.16226,-0.6321,3830.8,321.7,0.32047,1.5102,15276.7,891.2,0.31845,0.9455,10698.2,-1047.2,3772.3,-0.0087,0.0065,0.0059,26.135,1,293.15,0,4355.1,-0.0022,0.0062,0.0059,26.017,1,293.15,0,14376.9,0.2263,0.0019,0.0000,31.103,1,293.15,0,10020.6,0.2398,0.0019,0.0000,31.464,1,293.15,0
4.9000,27.6739,2.2040,0.3201,13.502,13.491,4628.9,3,0.042,1.000,0.000,0.076,0,330.70,753.35,407.30,322.41,-0.00,244.18,0.14702,-0.6504,2750.6,-603.8,0.15302,-0.5472,4678.0,830.6,0.32812,0.0560,7636.8,-12.5,0.32630,0.2584,8805.7,222.3,2918.6,-0.0045,0.0080,0.0090,26.507,1,293.15,0,4837.4,-0.0016,0.0080,0.0090,26.531,1,293.15,0,7111.2,0.1815,0.0012,0.0000,30.860,1,293.15,0,8532.8,0.1878,0.0012,0.0000,31.004,1,293.15,0
4.9167,27.9008,2.2341,0.3242,13.763,13.754,4585.6,3,0.042,1.000,0.000,0.081,0,343.65,782.65,423.14,334.96,-0.00,253.72,0.13614,-0.6508,2876.5,-424.3,0.14191,-0.7506,3518.3,638.9,0.32501,-0.2568,5525.2,-652.1,0.32842,0.0723,8514.4,787.7,3084.6,-0.0041,0.0064,0.0121,27.004,1,293.15,0,3471.9,-0.0030,0.0065,0.0121,27.121,1,293.15,0,5569.9,0.1537,0.0005,0.0000,31.044,1,293.15,0,8579.9,0.1404,0.0006,0.0000,30.455,1,293.15,0
4.9333,28.1316,2.2648,0.3297,14.010,14.001,4542.2,3,0.043,1.000,0.000,0.087,0,356.08,810.88,438.41,347.04,-0.00,262.88,0.12624,-0.5395,3775.8,52.0,0.12870,-0.7944,2684.8,80.5,0.32027,-0.4508,4316.3,-934.2,0.32793,-0.1433,7969.5,1249.3,4130.7,-0.0019,0.0057,0.0152,27.444,1,293.15,0,2882.1,-0.0041,0.0058,0.0152,27.651,1,293.15,0,3991.9,0.1407,0.0016,0.0000,31.266,1,293.15,0,7770.3,0.0989,0.0015,0.0000,30.004,1,293.15,0
4.9500,28.3662,2.2964,0.3363,14.231,14.223,4498.9,3,0.043,1.000,0.000,0.092,0,367.44,836.71,452.37,358.10,-0.00,271.27,0.11717,-0.5704,4003.8,529.6,0.11485,-0.8586,1845.7,-309.4,0.31758,0.3362,8237.1,-665.8,0.32485,-0.1139,6644.1,-198.1,4111.5,-0.0030,0.0059,0.0182,27.904,1,293.15,0,1973.6,-0.0063,0.0062,0.0182,28.078,1,293.15,0,10860.4,0.1138,0.0031,0.0000,30.768,1,293.15,0,7309.3,0.0624,0.0032,0.0000,29.584,1,293.15,0
4.9667,28.6055,2.3291,0.3446,14.534,14.527,4455.6,3,0.043,1.000,0.000,0.097,0,383.28,872.53,471.74,373.43,-0.00,282.95,0.10595,-0.7536,3054.1,585.0,0.10093,-0.7955,1928.5,-252.2,0.32617,0.2824,9576.4,882.1,0.32385,-0.1379,6076.2,-649.2,2995.5,-0.0042,0.0135,0.0212,28.536,1,293.15,0,2301.1,-0.0064,0.0134,0.0212,28.664,1,293.15,0,8745.0,0.0653,0.0013,0.0000,29.755,1,293.15,0,5899.1,0.0471,0.0013,0.0000,30.130,1,293.15,0
4.9833,28.8478,2.3626,0.3541,14.705,14.699,4424.6,3,0.043,1.000,0.000,0.101,0,392.34,892.97,482.79,382.19,-0.00,289.63,0.09256,-0.8097,1975.6,55.7,0.08968,-0.6034,2969.0,215.5,0.32154,-0.5435,5061.5,236.8,0.31853,-0.3774,5750.7,167.1,2172.1,-0.0033,0.0164,0.0242,28.834,1,293.15,0,3381.2,-0.0026,0.0162,0.0242,29.027,1,293.15,0,4554.9,0.0403,0.0014,0.0000,30.106,1,293.15,0,5854.8,0.0500,0.0013,0.0000,30.403,1,293.15,0
5.0000,29.0918,2.3969,0.3639,14.813,14.807,4439.8,3,0.043,1.000,0.000,0.106,0,398.12,905.99,489.83,387.77,-0.01,293.91,0.07966,-0.7467,1543.8,-283.1,0.08020,-0.5856,3053.6,502.3,0.31127,-0.5738,4268.8,-364.5,0.31213,-0.3802,6025.7,486.5,1839.1,-0.0038,0.0149,0.0271,28.992,1,293.15,0,3187.4,-0.0027,0.0151,0.0271,29.275,1,293.15,0,4697.6,0.0473,0.0022,0.0000,30.505,1,293.15,0,6236.1,0.0358,0.0022,0.0000,30.263,1,293.15,0
5.0167,29.3375,2.4317,0.3740,14.913,14.906,4461.0,3,0.044,1.000,0.000,0.110,0,403.49,918.14,496.40,392.97,-0.01,297.87,0.06809,-0.6554,1565.9,-259.9,0.07015,-0.6063,2552.9,436.6,0.30224,-0.5502,4396.2,-302.6,0.30477,-0.5023,5443.9,509.3,1899.7,-0.0038,0.0158,0.0299,29.180,1,293.15,0,2766.5,-0.0027,0.0160,0.0299,29.478,1,293.15,0,4528.6,0.0491,0.0016,0.0000,30.707,1,293.15,0,5437.6,0.0310,0.0016,0.0000,30.478,1,293.15,0
5.0333,29.5845,2.4671,0.3840,14.989,14.983,4491.0,3,0.044,1.000,0.000,0.114,0,407.66,927.60,501.52,397.02,-0.01,300.96,0.05824,-0.5547,1735.6,-135.5,0.06017,-0.5849,2104.4,284.1,0.29251,-0.5967,4283.1,-151.4,0.29479,-0.6337,4629.2,355.9,2052.2,-0.0031,0.0176,0.0327,29.324,1,293.15,0,2369.3,-0.0029,0.0178,0.0327,29.630,1,293.15,0,4472.0,0.0496,0.0014,0.0000,30.879,1,293.15,0,4780.0,0.0350,0.0014,0.0000,30.815,1,293.15,0
5.0500,29.8326,2.5030,0.3939,15.064,15.057,4521.0,3,0.044,1.000,0.000,0.118,0,411.74,936.87,506.53,400.99,-0.01,303.97,0.04979,-0.4811,1758.1,-56.5,0.05108,-0.5162,1913.7,191.2,0.28239,-0.6186,4226.0,-57.2,0.28383,-0.6641,4354.9,276.5,2040.9,-0.0031,0.0196,0.0353,29.454,1,293.15,0,2216.9,-0.0031,0.0198,0.0353,29.783,1,293.15,0,4390.5,0.0492,0.0020,0.0000,31.026,1,293.15,0,4534.8,0.0393,0.0019,0.0000,31.107,1,293.15,0
5.0667,30.0819,2.5395,0.4034,15.136,15.129,4551.0,3,0.044,1.000,0.000,0.121,0,415.67,945.80,511.36,404.81,-0.01,306.88,0.04235,-0.4249,1651.1,-47.2,0.04328,-0.4374,1858.1,167.4,0.27153,-0.6742,3909.7,-61.4,0.27263,-0.6789,4263.8,309.4,1919.9,-0.0031,0.0212,0.0379,29.572,1,293.15,0,2166.4,-0.0031,0.0214,0.0379,29.935,1,293.15,0,4040.5,0.0511,0.0028,0.0000,31.246,1,293.15,0,4463.5,0.0420,0.0027,0.0000,31.347,1,293.15,0
5.0833,30.3323,2.5766,0.4124,15.206,15.198,4581.0,3,0.045,1.000,0.000,0.124,0,419.49,954.46,516.04,408.52,-0.01,309.70,0.03589,-0.3643,1551.0,-73.8,0.03680,-0.3596,1863.5,170.2,0.26007,-0.6949,3701.8,-116.4,0.26130,-0.6804,4242.9,351.1,1830.9,-0.0032,0.0226,0.0405,29.683,1,293.15,0,2158.0,-0.0031,0.0228,0.0405,30.084,1,293.15,0,3896.5,0.0543,0.0036,0.0000,31.477,1,293.15,0,4436.5,0.0435,0.0035,0.0000,31.546,1,293.15,0
5.1000,30.5838,2.6143,0.4209,15.274,15.266,4611.0,3,0.045,1.000,0.000,0.127,0,423.29,963.08,520.70,412.21,-0.01,312.51,0.03049,-0.2982,1512.9,-100.5,0.03155,-0.2885,1886.0,171.5,0.24835,-0.7100,3554.7,-135.8,0.24983,-0.6906,4167.7,379.5,1803.2,-0.0032,0.0239,0.0429,29.795,1,293.15,0,2163.8,-0.0031,0.0242,0.0429,30.230,1,293.15,0,3735.9,0.0578,0.0043,0.0000,31.710,1,293.15,0,4366.5,0.0446,0.0043,0.0000,31.744,1,293.15,0
5.1167,30.8363,2.6527,0.4289,15.342,15.334,4641.0,3,0.045,1.000,0.000,0.130,0,427.06,971.62,525.32,415.87,-0.01,315.29,0.02617,-0.2330,1518.8,-127.3,0.02750,-0.2164,1970.8,176.3,0.23644,-0.7107,3460.6,-168.5,0.23828,-0.6928,4123.8,402.5,1810.1,-0.0032,0.0250,0.0452,29.904,1,293.15,0,2259.2,-0.0030,0.0253,0.0452,30.379,1,293.15,0,3673.0,0.0615,0.0050,0.0000,31.936,1,293.15,0,4336.1,0.0455,0.0050,0.0000,31.935,1,293.15,0
5.1333,31.0899,2.6919,0.4362,15.411,15.402,4671.0,3,0.045,1.000,0.000,0.132,0,430.89,980.30,530.02,419.59,-0.01,318.12,0.02293,-0.1714,1566.0,-152.7,0.02457,-0.1510,2091.6,188.3,0.22452,-0.7142,3349.7,-204.4,0.22673,-0.6938,4099.9,439.6,1833.8,-0.0031,0.0260,0.0475,30.014,1,293.15,0,2368.0,-0.0029,0.0263,0.0475,30.530,1,293.15,0,3561.2,0.0645,0.0057,0.0000,32.153,1,293.15,0,4302.2,0.0468,0.0056,0.0000,32.134,1,293.15,0
5.1500,31.3446,2.7318,0.4431,15.481,15.472,4701.0,3,0.045,1.000,0.000,0.134,0,434.81,989.15,534.80,423.37,-0.01,321.01,0.02070,-0.1136,1648.5,-181.9,0.02269,-0.0906,2251.3,202.0,0.21267,-0.7098,3280.4,-236.4,0.21525,-0.6876,4104.1,471.5,1904.6,-0.0031,0.0268,0.0496,30.127,1,293.15,0,2522.1,-0.0028,0.0271,0.0496,30.687,1,293.15,0,3487.0,0.0676,0.0065,0.0000,32.367,1,293.15,0,4299.4,0.0479,0.0064,0.0000,32.327,1,293.15,0
5.1667,31.6003,2.7726,0.4494,15.551,15.543,4731.0,3,0.046,1.000,0.000,0.136,0,438.79,998.13,539.66,427.22,-0.02,323.95,0.01935,-0.0624,1749.3,-216.3,0.02170,-0.0400,2421.4,216.1,0.20090,-0.7027,3225.4,-266.7,0.20388,-0.6775,4122.3,498.0,2015.3,-0.0030,0.0272,0.0516,30.241,1,293.15,0,2683.1,-0.0027,0.0277,0.0516,30.849,1,293.15,0,3436.0,0.0708,0.0073,0.0000,32.582,1,293.15,0,4336.7,0.0487,0.0071,0.0000,32.514,1,293.15,0
5.1833,31.8571,2.8143,0.4552,15.623,15.616,4761.0,3,0.046,1.000,0.000,0.137,0,442.89,1007.36,544.64,431.17,-0.02,326.96,0.01874,-0.0222,1848.0,-251.5,0.02154,0.0072,2644.1,247.0,0.18929,-0.6920,3187.3,-298.1,0.19269,-0.6662,4146.3,524.5,2084.8,-0.0029,0.0274,0.0535,30.356,1,293.15,0,2904.3,-0.0025,0.0279,0.0535,31.019,1,293.15,0,3401.4,0.0740,0.0081,0.0000,32.799,1,293.15,0,4374.0,0.0491,0.0079,0.0000,32.698,1,293.15,0
5.2000,32.1150,2.8570,0.4607,15.697,15.691,4791.0,3,0.046,1.000,0.000,0.139,0,447.11,1016.84,549.77,435.23,-0.02,330.07,0.01875,0.0128,1959.0,-290.6,0.02199,0.0379,2829.5,274.3,0.17784,-0.6825,3131.1,-342.1,0.18170,-0.6562,4179.9,565.2,2196.2,-0.0028,0.0274,0.0552,30.475,1,293.15,0,3058.8,-0.0023,0.0280,0.0552,31.192,1,293.15,0,3345.2,0.0772,0.0089,0.0000,33.021,1,293.15,0,4387.5,0.0495,0.0087,0.0000,32.881,1,293.15,0
5.2167,32.3740,2.9008,0.4658,15.773,15.767,4821.0,3,0.046,1.000,0.000,0.139,0,451.45,1026.58,555.04,439.41,-0.02,333.26,0.01923,0.0374,2057.1,-326.6,0.02291,0.0640,3029.0,306.7,0.16659,-0.6711,3086.1,-385.1,0.17094,-0.6427,4228.8,604.2,2279.2,-0.0028,0.0271,0.0569,30.597,1,293.15,0,3248.7,-0.0022,0.0278,0.0569,31.372,1,293.15,0,3300.3,0.0804,0.0098,0.0000,33.242,1,293.15,0,4431.1,0.0495,0.0096,0.0000,33.062,1,293.15,0
5.2333,32.6341,2.9457,0.4707,15.850,15.845,4851.0,3,0.046,1.000,0.000,0.140,0,455.91,1036.60,560.46,443.70,-0.02,336.54,0.02006,0.0560,2158.1,-356.3,0.02420,0.0890,3238.5,331.9,0.15557,-0.6550,3072.6,-419.6,0.16039,-0.6251,4287.5,632.4,2374.3,-0.0027,0.0267,0.0584,30.723,1,293.15,0,3500.0,-0.0022,0.0274,0.0584,31.560,1,293.15,0,3289.4,0.0834,0.0107,0.0000,33.458,1,293.15,0,4507.6,0.0495,0.0104,0.0000,33.242,1,293.15,0
5.2500,32.8953,2.9919,0.4753,15.930,15.925,4881.0,3,0.047,1.000,0.000,0.140,0,460.49,1046.90,566.02,448.11,-0.03,339.91,0.02115,0.0686,2220.7,-414.4,0.02587,0.0945,3421.3,392.2,0.14480,-0.6382,3063.7,-453.9,0.15008,-0.6149,4308.4,656.4,2416.4,-0.0027,0.0261,0.0598,30.850,1,293.15,0,3597.7,-0.0020,0.0271,0.0598,31.744,1,293.15,0,3295.0,0.0863,0.0116,0.0000,33.676,1,293.15,0,4527.1,0.0494,0.0112,0.0000,33.427,1,293.15,0
5.2667,33.1577,3.0394,0.4798,16.011,16.008,4911.0,3,0.047,1.000,0.000,0.140,0,465.25,1350.41,686.39,631.18,-0.03,1172.16,0.02233,0.0735,2285.5,-442.5,0.02748,0.1001,3560.2,413.0,0.13435,-0.6207,3066.0,-479.9,0.14001,-0.5984,4360.4,680.8,2499.1,-0.0027,0.0256,0.0610,30.987,1,293.15,0,3774.9,-0.0019,0.0266,0.0610,31.936,1,293.15,0,3283.3,0.0887,0.0124,0.0000,33.883,1,293.15,0,4576.2,0.0494,0.0121,0.0000,33.616,1,293.15,0
5.2833,33.4213,3.0883,0.4841,16.095,16.093,4939.9,3,0.047,1.000,0.000,0.139,0,470.16,1453.73,727.79,704.80,-0.03,1516.37,0.02355,0.0720,2327.0,-467.9,0.02906,0.0970,3672.7,446.9,0.12425,-0.5944,3080.7,-497.4,0.13022,-0.5768,4401.4,682.6,2514.8,-0.0026,0.0252,0.0622,31.128,1,293.15,0,3868.5,-0.0018,0.0263,0.0622,32.129,1,293.15,0,3319.7,0.0906,0.0132,0.0000,34.083,1,293.15,0,4643.2,0.0493,0.0128,0.0000,33.806,1,293.15,0
5.3000,33.6861,3.1385,0.4882,16.183,16.181,4966.9,3,0.047,1.000,0.000,0.139,0,475.32,1464.06,729.29,720.62,-0.03,1598.16,0.02475,0.0708,2373.0,-488.6,0.03056,0.0879,3736.3,464.0,0.11469,-0.5628,3068.3,-523.9,0.12095,-0.5475,4455.7,701.1,2573.0,-0.0027,0.0247,0.0631,31.280,1,293.15,0,3925.2,-0.0018,0.0259,0.0631,32.327,1,293.15,0,3299.1,0.0919,0.0140,0.0000,34.277,1,293.15,0,4670.2,0.0489,0.0136,0.0000,33.987,1,293.15,0
5.3167,33.9520,3.1902,0.4922,16.269,16.267,4994.6,3,0.047,1.000,0.000,0.137,0,480.41,1477.98,733.37,735.32,-0.04,1667.11,0.02586,0.0643,2395.1,-504.0,0.03194,0.0784,3793.3,484.2,0.10555,-0.5388,3003.0,-531.3,0.11201,-0.5271,4410.9,699.3,2586.9,-0.0026,0.0243,0.0639,31.429,1,293.15,0,3983.2,-0.0018,0.0256,0.0639,32.521,1,293.15,0,3237.4,0.0934,0.0148,0.0000,34.482,1,293.15,0,4643.7,0.0487,0.0143,0.0000,34.182,1,293.15,0
5.3333,34.2192,3.2433,0.4961,16.355,16.353,5023.0,3,0.048,1.000,0.000,0.136,0,485.48,1480.84,733.06,742.13,-0.04,1697.88,0.02681,0.0539,2393.6,-517.3,0.03312,0.0699,3843.0,504.2,0.09690,-0.5063,2943.1,-542.9,0.10354,-0.4966,4385.1,699.9,2574.7,-0.0026,0.0239,0.0646,31.576,1,293.15,0,4044.0,-0.0017,0.0253,0.0646,32.710,1,293.15,0,3177.7,0.0951,0.0156,0.0000,34.691,1,293.15,0,4617.4,0.0488,0.0151,0.0000,34.377,1,293.15,0
5.3500,34.4874,3.2979,0.4998,16.438,16.437,5052.4,3,0.048,1.000,0.000,0.134,0,490.47,1489.19,735.61,750.79,-0.04,1733.40,0.02762,0.0425,2385.7,-523.7,0.03409,0.0541,3842.3,517.9,0.08878,-0.4759,2856.6,-548.8,0.09553,-0.4722,4302.4,695.1,2555.8,-0.0026,0.0237,0.0652,31.721,1,293.15,0,4036.6,-0.0017,0.0251,0.0652,32.895,1,293.15,0,3092.7,0.0971,0.0165,0.0000,34.914,1,293.15,0,4525.9,0.0492,0.0159,0.0000,34.583,1,293.15,0
5.3667,34.7568,3.3540,0.5033,16.520,16.519,5082.4,3,0.048,1.000,0.000,0.132,0,495.34,1500.82,739.93,760.41,-0.04,1770.99,0.02831,0.0373,2396.0,-530.6,0.03488,0.0402,3829.8,521.8,0.08120,-0.4411,2780.0,-549.4,0.08802,-0.4355,4249.4,681.9,2581.0,-0.0026,0.0234,0.0656,31.864,1,293.15,0,4010.9,-0.0017,0.0249,0.0656,33.073,1,293.15,0,3022.9,0.0994,0.0175,0.0000,35.139,1,293.15,0,4501.5,0.0500,0.0168,0.0000,34.791,1,293.15,0
5.3833,35.0272,3.4116,0.5066,16.600,16.599,5112.4,3,0.048,1.000,0.000,0.130,0,500.18,1514.69,745.48,770.63,-0.03,1809.35,0.02884,0.0287,2376.8,-543.4,0.03551,0.0323,3843.4,535.2,0.07425,-0.4034,2709.2,-551.0,0.08112,-0.4028,4172.4,671.8,2568.7,-0.0026,0.0232,0.0658,32.006,1,293.15,0,4017.7,-0.0017,0.0248,0.0658,33.246,1,293.15,0,2949.4,0.1019,0.0185,0.0000,35.370,1,293.15,0,4409.9,0.0508,0.0178,0.0000,34.999,1,293.15,0
5.4000,35.2987,3.4708,0.5096,16.679,16.678,5142.4,3,0.048,1.000,0.000,0.127,0,504.96,1529.95,751.85,781.09,-0.03,1847.43,0.02921,0.0201,2357.7,-547.1,0.03596,0.0260,3846.6,540.8,0.06795,-0.3629,2646.1,-558.6,0.07487,-0.3589,4148.2,664.1,2552.8,-0.0026,0.0231,0.0659,32.146,1,293.15,0,4042.0,-0.0017,0.0247,0.0659,33.418,1,293.15,0,2891.8,0.1043,0.0195,0.0000,35.599,1,293.15,0,4393.8,0.0516,0.0188,0.0000,35.197,1,293.15,0
5.4167,35.5711,3.5314,0.5124,16.757,16.756,5172.4,3,0.049,1.000,0.000,0.124,0,509.71,1546.07,758.77,791.61,-0.03,1884.58,0.02944,0.0116,2330.4,-551.2,0.03629,0.0163,3831.2,549.5,0.06231,-0.3232,2592.5,-560.7,0.06928,-0.3195,4106.6,653.6,2520.0,-0.0026,0.0230,0.0658,32.285,1,293.15,0,4027.1,-0.0017,0.0246,0.0658,33.586,1,293.15,0,2836.1,0.1068,0.0206,0.0000,35.831,1,293.15,0,4355.0,0.0524,0.0198,0.0000,35.396,1,293.15,0
5.4333,35.8445,3.5936,0.5148,16.836,16.835,5202.4,3,0.049,1.000,0.000,0.121,0,514.49,1562.82,766.12,802.10,-0.03,1920.48,0.02954,0.0043,2289.4,-566.4,0.03649,0.0093,3829.2,566.5,0.05738,-0.2796,2559.5,-574.9,0.06447,-0.2710,4131.4,652.8,2480.9,-0.0026,0.0228,0.0656,32.427,1,293.15,0,4007.8,-0.0017,0.0245,0.0656,33.751,1,293.15,0,2804.8,0.1091,0.0215,0.0000,36.062,1,293.15,0,4385.4,0.0528,0.0207,0.0000,35.580,1,293.15,0
5.4500,36.1190,3.6574,0.5170,16.914,16.914,5232.4,3,0.049,1.000,0.000,0.118,0,519.33,1579.93,773.77,812.47,-0.02,1954.79,0.02952,-0.0030,2254.1,-569.9,0.03658,0.0037,3815.9,572.8,0.05316,-0.2376,2547.6,-581.5,0.06035,-0.2304,4131.5,644.7,2444.1,-0.0027,0.0228,0.0653,32.572,1,293.15,0,4013.2,-0.0016,0.0244,0.0653,33.914,1,293.15,0,2795.0,0.1112,0.0224,0.0000,36.291,1,293.15,0,4387.7,0.0532,0.0216,0.0000,35.766,1,293.15,0
5.4667,36.3944,3.7228,0.5187,16.995,16.995,5262.4,3,0.049,1.000,0.000,0.114,0,524.30,1597.43,781.73,822.76,-0.02,1987.55,0.02943,-0.0072,2219.4,-580.9,0.03657,-0.0017,3801.8,582.3,0.04965,-0.1947,2554.7,-598.6,0.05700,-0.1851,4190.0,648.2,2419.0,-0.0028,0.0227,0.0648,32.723,1,293.15,0,3993.1,-0.0017,0.0243,0.0648,34.080,1,293.15,0,2800.0,0.1129,0.0232,0.0000,36.517,1,293.15,0,4436.5,0.0533,0.0223,0.0000,35.942,1,293.15,0
5.4833,36.6708,3.7898,0.5202,17.079,17.078,5292.0,3,0.049,1.000,0.000,0.110,0,529.45,1615.27,789.96,832.98,-0.02,2018.75,0.02924,-0.0130,2177.1,-587.7,0.03649,-0.0072,3784.2,592.7,0.04687,-0.1508,2603.5,-608.5,0.05437,-0.1408,4263.1,643.5,2371.2,-0.0029,0.0226,0.0641,32.882,1,293.15,0,3974.4,-0.0017,0.0242,0.0641,34.247,1,293.15,0,2848.9,0.1142,0.0238,0.0000,36.734,1,293.15,0,4517.7,0.0533,0.0229,0.0000,36.114,1,293.15,0
5.5000,36.9483,3.8586,0.5213,17.165,17.165,5319.6,3,0.050,1.000,0.000,0.106,0,534.84,1633.51,798.50,843.17,-0.02,2048.57,0.02899,-0.0169,2136.1,-598.0,0.03634,-0.0108,3774.2,606.0,0.04474,-0.1135,2638.0,-632.5,0.05244,-0.1013,4361.7,655.5,2324.7,-0.0030,0.0224,0.0633,33.050,1,293.15,0,3953.4,-0.0017,0.0240,0.0633,34.417,1,293.15,0,2881.7,0.1150,0.0242,0.0000,36.949,1,293.15,0,4599.7,0.0528,0.0232,0.0000,36.274,1,293.15,0
5.5167,37.2270,3.9290,0.5221,17.255,17.255,5345.3,3,0.050,1.000,0.000,0.101,0,540.47,1652.12,807.32,853.34,-0.02,2077.04,0.02868,-0.0201,2098.7,-603.4,0.03614,-0.0117,3764.2,611.2,0.04327,-0.0750,2728.4,-637.7,0.05112,-0.0635,4462.2,650.0,2291.5,-0.0031,0.0223,0.0624,33.229,1,293.15,0,3967.0,-0.0017,0.0238,0.0624,34.592,1,293.15,0,2965.2,0.1149,0.0243,0.0000,37.137,1,293.15,0,4712.4,0.0521,0.0234,0.0000,36.428,1,293.15,0
5.5333,37.5068,4.0013,0.5226,17.350,17.349,5368.8,3,0.050,1.000,0.000,0.097,0,546.40,1671.21,816.46,863.58,-0.01,2104.45,0.02832,-0.0214,2066.2,-610.0,0.03587,-0.0173,3732.4,617.4,0.04237,-0.0407,2812.6,-659.5,0.05042,-0.0305,4585.5,659.7,2261.8,-0.0032,0.0221,0.0613,33.419,1,293.15,0,3924.1,-0.0017,0.0236,0.0613,34.770,1,293.15,0,3051.8,0.1138,0.0242,0.0000,37.311,1,293.15,0,4814.2,0.0508,0.0233,0.0000,36.568,1,293.15,0
5.5500,37.7877,4.0753,0.5228,17.447,17.447,5390.5,3,0.050,1.000,0.000,0.092,0,552.56,1690.63,825.85,873.82,-0.01,2130.76,0.02794,-0.0228,2031.2,-617.0,0.03558,-0.0178,3721.1,624.2,0.04198,-0.0125,2907.1,-670.3,0.05021,-0.0026,4703.6,663.5,2228.8,-0.0033,0.0219,0.0601,33.619,1,293.15,0,3918.2,-0.0017,0.0233,0.0601,34.952,1,293.15,0,3138.5,0.1119,0.0238,0.0000,37.466,1,293.15,0,4932.6,0.0493,0.0229,0.0000,36.704,1,293.15,0
5.5667,38.0700,4.1512,0.5228,17.549,17.548,5410.4,3,0.051,1.000,0.000,0.087,0,559.00,1710.51,835.53,884.14,-0.01,2156.27,0.02757,-0.0225,2008.3,-619.8,0.03527,-0.0201,3697.8,627.7,0.04209,0.0151,3036.0,-670.5,0.05042,0.0236,4826.4,658.3,2203.3,-0.0034,0.0216,0.0587,33.830,1,293.15,0,3888.3,-0.0017,0.0229,0.0587,35.135,1,293.15,0,3255.1,0.1089,0.0231,0.0000,37.595,1,293.15,0,5063.9,0.0476,0.0223,0.0000,36.840,1,293.15,0
5.5833,38.3535,4.2289,0.5227,17.654,17.653,5428.7,3,0.051,1.000,0.000,0.081,0,565.69,1730.83,845.50,894.57,-0.01,2181.15,0.02720,-0.0209,1994.2,-619.0,0.03491,-0.0203,3673.8,624.0,0.04262,0.0396,3170.2,-672.9,0.05101,0.0418,4932.0,654.0,2196.7,-0.0035,0.0212,0.0572,34.051,1,293.15,0,3872.8,-0.0017,0.0225,0.0572,35.324,1,293.15,0,3384.7,0.1051,0.0223,0.0000,37.705,1,293.15,0,5150.1,0.0459,0.0215,0.0000,36.978,1,293.15,0
5.6000,38.6384,4.3085,0.5224,17.760,17.760,5446.2,3,0.051,1.000,0.000,0.076,0,572.55,1751.39,855.63,905.01,-0.01,2205.35,0.02687,-0.0199,1985.9,-612.3,0.03456,-0.0229,3638.6,619.2,0.04347,0.0601,3314.7,-664.6,0.05182,0.0551,5013.6,636.4,2181.4,-0.0036,0.0208,0.0556,34.279,1,293.15,0,3832.1,-0.0018,0.0220,0.0556,35.513,1,293.15,0,3537.1,0.1006,0.0212,0.0000,37.796,1,293.15,0,5230.1,0.0443,0.0205,0.0000,37.123,1,293.15,0
5.6167,38.9247,4.3899,0.5220,17.869,17.868,5463.0,3,0.051,1.000,0.000,0.070,0,579.57,1772.23,865.95,915.50,-0.01,2229.07,0.02657,-0.0165,1988.5,-606.8,0.03420,-0.0222,3613.3,610.6,0.04454,0.0695,3415.5,-661.9,0.05283,0.0612,5081.8,629.3,2190.2,-0.0036,0.0203,0.0539,34.513,1,293.15,0,3805.4,-0.0018,0.0214,0.0539,35.703,1,293.15,0,3641.9,0.0956,0.0201,0.0000,37.884,1,293.15,0,5280.8,0.0429,0.0195,0.0000,37.274,1,293.15,0
5.6333,39.2123,4.4730,0.5215,17.978,17.977,5480.0,3,0.051,1.000,0.000,0.064,0,586.66,1793.13,876.33,925.96,-0.01,2252.22,0.02635,-0.0110,2014.1,-592.0,0.03386,-0.0188,3592.0,593.6,0.04574,0.0732,3505.1,-650.3,0.05392,0.0670,5152.7,622.5,2216.8,-0.0035,0.0197,0.0520,34.749,1,293.15,0,3792.9,-0.0018,0.0207,0.0520,35.895,1,293.15,0,3712.3,0.0907,0.0189,0.0000,37.971,1,293.15,0,5349.6,0.0416,0.0184,0.0000,37.430,1,293.15,0
5.6500,39.5013,4.5580,0.5209,18.088,18.087,5497.0,3,0.052,1.000,0.000,0.058,0,593.85,1814.21,886.83,936.45,-0.01,2275.11,0.02621,-0.0068,2044.2,-572.1,0.03353,-0.0192,3552.3,573.3,0.04713,0.0809,3646.8,-613.6,0.05505,0.0697,5186.4,590.7,2243.8,-0.0035,0.0190,0.0500,34.989,1,293.15,0,3747.3,-0.0018,0.0199,0.0500,36.086,1,293.15,0,3830.4,0.0854,0.0177,0.0000,38.043,1,293.15,0,5392.8,0.0406,0.0172,0.0000,37.598,1,293.15,0
5.6667,39.7917,4.6447,0.5203,18.197,18.196,5514.8,3,0.052,1.000,0.000,0.052,0,601.01,1835.18,897.28,946.84,-0.01,2297.52,0.02615,-0.0011,2087.0,-550.2,0.03324,-0.0149,3529.1,547.6,0.04848,0.0784,3720.4,-597.1,0.05617,0.0631,5191.4,573.6,2292.8,-0.0034,0.0181,0.0479,35.226,1,293.15,0,3736.3,-0.0018,0.0190,0.0479,36.278,1,293.15,0,3908.3,0.0806,0.0166,0.0000,38.134,1,293.15,0,5378.5,0.0397,0.0162,0.0000,37.770,1,293.15,0
5.6833,40.0835,4.7330,0.5197,18.305,18.304,5533.7,3,0.052,1.000,0.000,0.046,0,608.14,1856.02,907.69,957.14,-0.01,2319.58,0.02621,0.0051,2149.8,-517.0,0.03299,-0.0124,3492.0,513.7,0.04982,0.0780,3817.1,-565.2,0.05718,0.0574,5181.0,542.3,2351.2,-0.0033,0.0172,0.0457,35.461,1,293.15,0,3710.2,-0.0018,0.0180,0.0457,36.468,1,293.15,0,4003.5,0.0761,0.0156,0.0000,38.227,1,293.15,0,5364.5,0.0392,0.0152,0.0000,37.951,1,293.15,0
5.7000,40.3766,4.8229,0.5192,18.411,18.410,5553.7,3,0.052,1.000,0.000,0.039,0,615.22,1876.74,918.04,967.38,-0.01,2341.41,0.02634,0.0096,2195.5,-498.4,0.03285,-0.0073,3486.5,494.3,0.05109,0.0717,3876.9,-539.0,0.05812,0.0554,5192.3,520.2,2394.6,-0.0032,0.0161,0.0434,35.692,1,293.15,0,3693.3,-0.0019,0.0168,0.0434,36.655,1,293.15,0,4057.1,0.0720,0.0147,0.0000,38.335,1,293.15,0,5384.8,0.0388,0.0144,0.0000,38.132,1,293.15,0
5.7167,40.6711,4.9144,0.5186,18.516,18.515,5574.9,3,0.052,1.000,0.000,0.033,0,622.23,1897.27,928.30,977.51,-0.01,2363.04,0.02655,0.0143,2255.5,-471.0,0.03274,-0.0063,3455.2,464.9,0.05226,0.0647,3937.5,-503.2,0.05892,0.0445,5149.4,490.1,2456.0,-0.0031,0.0150,0.0410,35.919,1,293.15,0,3653.8,-0.0018,0.0156,0.0410,36.838,1,293.15,0,4106.7,0.0686,0.0139,0.0000,38.456,1,293.15,0,5338.8,0.0386,0.0136,0.0000,38.321,1,293.15,0
5.7333,40.9670,5.0073,0.5181,18.618,18.617,5597.4,3,0.053,1.000,0.000,0.026,0,629.15,1917.61,938.46,987.55,-0.01,2384.54,0.02686,0.0211,2324.6,-448.6,0.03273,0.0010,3461.3,439.6,0.05328,0.0564,3972.6,-479.9,0.05958,0.0368,5120.9,466.7,2527.3,-0.0030,0.0137,0.0385,36.142,1,293.15,0,3657.0,-0.0018,0.0143,0.0385,37.020,1,293.15,0,4150.9,0.0656,0.0132,0.0000,38.592,1,293.15,0,5304.3,0.0386,0.0129,0.0000,38.510,1,293.15,0
5.7500,41.2641,5.1016,0.5176,18.720,18.718,5620.9,3,0.053,1.000,0.000,0.020,0,635.99,1937.80,948.54,997.55,-0.01,2406.07,0.02723,0.0215,2385.4,-411.3,0.03275,0.0024,3433.4,405.2,0.05417,0.0495,4015.0,-448.9,0.06011,0.0287,5078.2,437.1,2578.1,-0.0029,0.0125,0.0359,36.361,1,293.15,0,3650.9,-0.0018,0.0130,0.0359,37.199,1,293.15,0,4196.3,0.0632,0.0126,0.0000,38.739,1,293.15,0,5264.7,0.0387,0.0123,0.0000,38.703,1,293.15,0
5.7667,41.5626,5.1973,0.5172,18.819,18.818,5645.5,3,0.053,1.000,0.000,0.013,0,642.77,1957.87,958.54,1007.50,-0.01,2427.69,0.02764,0.0262,2445.8,-394.8,0.03286,0.0042,3428.1,385.7,0.05493,0.0430,4049.6,-420.7,0.06049,0.0185,5019.3,407.5,2643.3,-0.0028,0.0111,0.0332,36.578,1,293.15,0,3615.5,-0.0018,0.0116,0.0332,37.373,1,293.15,0,4242.2,0.0612,0.0120,0.0000,38.896,1,293.15,0,5196.6,0.0390,0.0118,0.0000,38.900,1,293.15,0
5.7833,41.8624,5.2943,0.5168,18.917,18.916,5671.1,3,0.053,1.000,0.000,0.007,0,649.48,1977.81,968.46,1017.42,-0.01,2449.42,0.02811,0.0303,2510.9,-374.2,0.03302,0.0133,3452.0,362.0,0.05553,0.0330,4063.6,-389.5,0.06073,0.0138,4983.9,382.2,2714.0,-0.0027,0.0098,0.0305,36.792,1,293.15,0,3650.9,-0.0018,0.0102,0.0305,37.545,1,293.15,0,4248.2,0.0598,0.0115,0.0000,39.078,1,293.15,0,5182.0,0.0392,0.0113,0.0000,39.082,1,293.15,0
5.8000,42.1635,5.3925,0.5165,19.014,19.013,5697.3,3,0.053,1.000,0.000,-0.000,0,656.14,1997.72,978.35,1027.35,-0.01,2471.44,0.02859,0.0276,2561.7,-339.4,0.03315,0.0091,3409.5,329.9,0.05601,0.0243,4074.3,-361.7,0.06087,0.0065,4935.4,360.3,2758.9,-0.0026,0.0084,0.0277,37.004,1,293.15,0,3619.7,-0.0018,0.0088,0.0277,37.714,1,293.15,0,4249.3,0.0588,0.0110,0.0000,39.266,1,293.15,0,5133.3,0.0395,0.0108,0.0000,39.272,1,293.15,0
5.8167,42.4659,5.4918,0.5162,19.110,19.109,5724.2,3,0.054,1.000,0.000,-0.007,0,662.78,2017.60,988.21,1037.31,-0.00,2493.73,0.02911,0.0326,2640.2,-312.2,0.03334,0.0101,3395.7,301.8,0.05639,0.0206,4100.1,-337.5,0.06088,-0.0029,4864.0,331.2,2835.2,-0.0025,0.0071,0.0248,37.216,1,293.15,0,3590.9,-0.0018,0.0074,0.0248,37.880,1,293.15,0,4294.6,0.0578,0.0105,0.0000,39.451,1,293.15,0,5038.4,0.0401,0.0103,0.0000,39.469,1,293.15,0
5.8333,42.7696,5.5923,0.5160,19.205,19.204,5751.5,3,0.054,1.000,0.000,-0.013,0,669.40,2037.52,998.06,1047.33,-0.00,2516.39,0.02963,0.0322,2689.9,-290.7,0.03353,0.0094,3379.5,277.8,0.05668,0.0162,4125.0,-306.1,0.06082,-0.0067,4814.7,301.7,2893.0,-0.0025,0.0057,0.0219,37.427,1,293.15,0,3566.0,-0.0018,0.0060,0.0219,38.042,1,293.15,0,4318.0,0.0569,0.0099,0.0000,39.641,1,293.15,0,5001.6,0.0407,0.0098,0.0000,39.664,1,293.15,0
5.8500,43.0746,5.6939,0.5158,19.300,19.299,5779.1,3,0.054,1.000,0.000,-0.020,0,676.00,2057.46,1007.92,1057.39,-0.00,2539.40,0.03013,0.0284,2728.6,-264.0,0.03369,0.0087,3363.5,256.0,0.05687,0.0091,4127.3,-280.5,0.06067,-0.0092,4775.6,280.2,2920.3,-0.0024,0.0044,0.0189,37.636,1,293.15,0,3549.0,-0.0018,0.0046,0.0189,38.204,1,293.15,0,4315.0,0.0562,0.0094,0.0000,39.836,1,293.15,0,4970.9,0.0414,0.0093,0.0000,39.860,1,293.15,0
5.8667,43.3809,5.7964,0.5157,19.394,19.393,5806.9,3,0.054,1.000,0.000,-0.026,0,682.62,2077.51,1017.81,1067.54,-0.00,2562.81,0.03061,0.0279,2779.9,-238.1,0.03384,0.0051,3331.8,231.5,0.05704,0.0099,4171.4,-247.5,0.06048,-0.0105,4723.9,243.0,2967.5,-0.0024,0.0030,0.0159,37.846,1,293.15,0,3499.4,-0.0018,0.0032,0.0159,38.362,1,293.15,0,4371.6,0.0554,0.0088,0.0000,40.026,1,293.15,0,4936.9,0.0421,0.0087,0.0000,40.057,1,293.15,0
5.8833,43.6886,5.8999,0.5155,19.488,19.488,5834.4,3,0.054,1.000,0.000,-0.033,0,689.27,2097.70,1027.75,1077.80,-0.00,2586.65,0.03107,0.0276,2836.0,-206.4,0.03395,0.0058,3308.7,199.3,0.05715,0.0071,4184.7,-226.6,0.06023,-0.0184,4657.4,222.9,3025.5,-0.0023,0.0016,0.0128,38.058,1,293.15,0,3494.9,-0.0018,0.0018,0.0128,38.522,1,293.15,0,4385.6,0.0547,0.0082,0.0000,40.222,1,293.15,0,4826.6,0.0430,0.0082,0.0000,40.258,1,293.15,0
5.9000,43.9976,6.0042,0.5155,19.582,19.581,5862.0,3,0.055,1.000,0.000,-0.039,0,695.92,2117.92,1037.70,1088.09,-0.00,2610.74,0.03150,0.0271,2887.8,-176.9,0.03403,0.0038,3273.8,168.3,0.05723,0.0049,4214.0,-190.9,0.05997,-0.0138,4635.0,190.9,3082.9,-0.0023,0.0003,0.0097,38.271,1,293.15,0,3463.2,-0.0018,0.0004,0.0097,38.678,1,293.15,0,4405.2,0.0539,0.0076,0.0000,40.416,1,293.15,0,4848.8,0.0437,0.0075,0.0000,40.450,1,293.15,0
5.9167,44.3080,6.1094,0.5154,19.676,19.676,5889.2,3,0.055,1.000,0.000,-0.046,0,702.62,2138.34,1047.74,1098.52,-0.00,2635.27,0.03189,0.0236,2927.2,-144.3,0.03405,0.0010,3231.7,137.6,0.05734,0.0044,4253.0,-154.9,0.05969,-0.0158,4580.8,158.1,3119.9,-0.0022,-0.0011,0.0066,38.484,1,293.15,0,3430.8,-0.0018,-0.0010,0.0066,38.834,1,293.15,0,4434.2,0.0530,0.0069,0.0000,40.605,1,293.15,0,4793.3,0.0446,0.0069,0.0000,40.647,1,293.15,0
5.9333,44.6198,6.2153,0.5154,19.770,19.769,5916.5,3,0.055,1.000,0.000,-0.052,0,709.31,2158.65,1057.71,1108.90,0.00,2659.88,0.03226,0.0209,2966.6,-114.2,0.03407,0.0006,3205.5,111.8,0.05741,0.0076,4293.8,-131.6,0.05937,-0.0190,4518.3,124.3,3148.6,-0.0022,-0.0025,0.0035,38.696,1,293.15,0,3408.9,-0.0018,-0.0024,0.0035,38.989,1,293.15,0,4505.3,0.0522,0.0062,0.0000,40.794,1,293.15,0,4712.6,0.0454,0.0062,0.0000,40.843,1,293.15,0
5.9500,44.9331,6.3219,0.5153,19.864,19.863,5943.4,3,0.055,1.000,0.000,-0.058,0,716.06,2179.06,1067.73,1119.35,0.00,2684.83,0.03261,0.0190,2999.9,-91.9,0.03407,0.0003,3181.1,88.9,0.05752,0.0072,4321.2,-107.1,0.05909,-0.0192,4482.1,101.4,3185.7,-0.0022,-0.0039,0.0003,38.910,1,293.15,0,3376.5,-0.0018,-0.0038,0.0003,39.142,1,293.15,0,4528.1,0.0512,0.0055,0.0000,40.982,1,293.15,0,4651.4,0.0462,0.0055,0.0000,41.037,1,293.15,0
5.9667,45.2477,6.4291,0.5153,19.957,19.956,5970.2,3,0.055,1.000,0.000,-0.064,0,722.81,2199.46,1077.73,1129.81,0.00,2709.85,0.03293,0.0192,3043.2,-67.5,0.03403,-0.0038,3131.7,58.7,0.05764,0.0095,4373.0,-71.5,0.05879,-0.0199,4426.1,61.6,3247.2,-0.0022,-0.0052,-0.0028,39.126,1,293.15,0,3315.4,-0.0019,-0.0052,-0.0028,39.294,1,293.15,0,4590.9,0.0502,0.0047,0.0000,41.167,1,293.15,0,4601.3,0.0471,0.0047,0.0000,41.233,1,293.15,0
5.9833,45.5638,6.5368,0.5153,20.050,20.050,5996.9,3,0.056,1.000,0.000,-0.070,0,729.59,2219.95,1087.78,1140.33,0.00,2735.03,0.03324,0.0191,3095.9,-31.6,0.03397,-0.0038,3093.1,23.6,0.05778,0.0115,4422.8,-36.8,0.05852,-0.0177,4386.8,24.9,3297.3,-0.0021,-0.0067,-0.0059,39.340,1,293.15,0,3295.6,-0.0019,-0.0067,-0.0059,39.446,1,293.15,0,4645.2,0.0492,0.0039,0.0000,41.350,1,293.15,0,4572.3,0.0479,0.0039,0.0000,41.425,1,293.15,0
6.0000,45.8814,6.6451,0.5153,20.144,20.143,6023.4,3,0.056,1.000,0.000,-0.076,0,736.39,2240.54,1097.88,1150.89,0.00,2760.34,0.03352,0.0147,3125.5,1.7,0.03387,-0.0068,3048.5,-2.0,0.05795,0.0147,4481.2,-0.7,0.05826,-0.0151,4348.3,-13.8,3307.4,-0.0021,-0.0081,-0.0090,39.553,1,293.15,0,3244.0,-0.0019,-0.0081,-0.0090,39.596,1,293.15,0,4708.4,0.0481,0.0030,0.0000,41.530,1,293.15,0,4539.9,0.0488,0.0030,0.0000,41.617,1,293.15,0
6.0167,46.2005,6.7537,0.5152,20.236,20.236,6049.9,3,0.056,1.000,0.000,-0.081,0,743.19,2261.12,1107.97,1161.45,0.00,2785.63,0.03380,0.0177,3182.2,30.1,0.03373,-0.0088,2994.5,-40.4,0.05813,0.0134,4520.8,37.0,0.05800,-0.0112,4321.2,-46.7,3392.5,-0.0021,-0.0095,-0.0121,39.771,1,293.15,0,3185.4,-0.0019,-0.0095,-0.0121,39.745,1,293.15,0,4733.9,0.0470,0.0021,0.0000,41.713,1,293.15,0,4528.2,0.0497,0.0021,0.0000,41.809,1,293.15,0
6.0333,46.5212,6.8627,0.5152,20.329,20.329,6076.0,3,0.056,1.000,0.000,-0.087,0,750.04,2281.84,1118.13,1172.07,0.00,2811.02,0.03405,0.0134,3214.7,67.7,0.03359,-0.0080,2962.7,-67.7,0.05836,0.0081,4554.3,83.6,0.05775,-0.0145,4265.3,-76.1,3396.8,-0.0020,-0.0109,-0.0152,39.984,1,293.15,0,3165.7,-0.0020,-0.0109,-0.0152,39.895,1,293.15,0,4718.0,0.0459,0.0012,0.0000,41.894,1,293.15,0,4456.3,0.0506,0.0012,0.0000,42.006,1,293.15,0
6.0500,46.8433,6.9719,0.5152,20.421,20.421,6102.4,3,0.056,1.000,0.000,-0.092,0,756.85,2302.44,1128.24,1182.62,0.00,2836.19,0.03430,0.0171,3271.6,94.6,0.03344,-0.0100,2908.9,-104.7,0.05857,0.0124,4626.0,126.5,0.05751,-0.0117,4222.0,-121.5,3482.2,-0.0020,-0.0123,-0.0182,40.200,1,293.15,0,3100.5,-0.0020,-0.0123,-0.0182,40.042,1,293.15,0,4793.2,0.0448,0.0003,0.0000,42.072,1,293.15,0,4432.8,0.0514,0.0003,0.0000,42.198,1,293.15,0
6.0667,47.1670,7.0813,0.5151,20.514,20.513,6128.3,3,0.057,1.000,0.000,-0.097,0,763.71,2323.17,1138.42,1193.24,0.00,2861.46,0.03460,0.0187,3334.4,133.9,0.03330,-0.0089,2867.5,-142.6,0.05887,0.0196,4699.3,154.0,0.05732,-0.0157,4152.2,-164.7,3538.6,-0.0019,-0.0137,-0.0212,40.413,1,293.15,0,3063.6,-0.0020,-0.0137,-0.0212,40.190,1,293.15,0,4909.0,0.0437,-0.0006,0.0000,42.247,1,293.15,0,4327.5,0.0523,-0.0006,0.0000,42.392,1,293.15,0
6.0833,47.4923,7.1907,0.5151,20.605,20.604,6154.6,3,0.057,1.000,0.000,-0.101,0,770.52,2343.75,1148.53,1203.76,0.01,2886.46,0.03490,0.0177,3389.8,177.1,0.03314,-0.0085,2822.8,-180.6,0.05909,0.0143,4712.5,181.1,0.05711,-0.0109,4140.3,-188.8,3578.4,-0.0018,-0.0151,-0.0242,40.623,1,293.15,0,3029.1,-0.0020,-0.0151,-0.0242,40.337,1,293.15,0,4918.0,0.0427,-0.0016,0.0000,42.429,1,293.15,0,4324.7,0.0532,-0.0016,0.0000,42.582,1,293.15,0
6.1000,47.8192,7.3002,0.5150,20.696,20.696,6180.5,3,0.057,1.000,0.000,-0.106,0,777.38,2364.44,1158.69,1214.33,0.01,2911.52,0.03519,0.0148,3419.6,204.1,0.03298,-0.0116,2774.3,-206.9,0.05939,0.0151,4778.1,229.7,0.05696,-0.0095,4099.1,-229.1,3609.0,-0.0018,-0.0165,-0.0271,40.836,1,293.15,0,2953.5,-0.0020,-0.0164,-0.0271,40.481,1,293.15,0,4956.2,0.0416,-0.0026,0.0000,42.607,1,293.15,0,4296.8,0.0541,-0.0026,0.0000,42.772,1,293.15,0
6.1167,48.1478,7.4096,0.5150,20.787,20.786,6206.6,3,0.057,1.000,0.000,-0.110,0,784.20,2385.04,1168.82,1224.85,0.01,2936.37,0.03548,0.0183,3486.8,240.1,0.03284,-0.0085,2740.7,-246.3,0.05967,0.0160,4818.3,253.6,0.05680,-0.0097,4058.1,-261.9,3683.3,-0.0018,-0.0179,-0.0299,41.046,1,293.15,0,2929.8,-0.0021,-0.0178,-0.0299,40.627,1,293.15,0,5024.2,0.0407,-0.0035,0.0000,42.787,1,293.15,0,4244.3,0.0549,-0.0036,0.0000,42.961,1,293.15,0
6.1333,48.4779,7.5188,0.5149,20.877,20.877,6232.5,3,0.057,1.000,0.000,-0.114,0,791.03,2405.64,1178.95,1235.35,0.01,2961.13,0.03578,0.0170,3537.9,280.4,0.03269,-0.0083,2693.1,-286.6,0.05997,0.0174,4884.6,300.4,0.05662,-0.0124,3998.5,-301.3,3736.0,-0.0018,-0.0192,-0.0327,41.257,1,293.15,0,2902.5,-0.0021,-0.0191,-0.0327,40.772,1,293.15,0,5065.2,0.0397,-0.0045,0.0000,42.964,1,293.15,0,4171.7,0.0559,-0.0045,0.0000,43.156,1,293.15,0
6.1500,48.8098,7.6278,0.5148,20.967,20.966,6258.4,3,0.058,1.000,0.000,-0.118,0,797.83,2426.11,1189.02,1245.78,0.01,2985.64,0.03609,0.0186,3601.1,320.2,0.03254,-0.0084,2645.1,-325.2,0.06028,0.0181,4941.5,340.7,0.05648,-0.0081,3966.0,-346.5,3793.6,-0.0017,-0.0205,-0.0353,41.463,1,293.15,0,2851.3,-0.0021,-0.0204,-0.0353,40.914,1,293.15,0,5137.1,0.0388,-0.0055,0.0000,43.140,1,293.15,0,4179.9,0.0568,-0.0055,0.0000,43.344,1,293.15,0
6.1667,49.1432,7.7365,0.5147,21.056,21.055,6284.2,3,0.058,1.000,0.000,-0.121,0,804.63,2446.61,1199.11,1256.21,0.01,3010.07,0.03642,0.0214,3666.1,355.6,0.03240,-0.0063,2607.6,-363.8,0.06060,0.0190,4988.6,369.5,0.05632,-0.0096,3920.1,-378.5,3865.9,-0.0017,-0.0218,-0.0379,41.670,1,293.15,0,2812.3,-0.0022,-0.0216,-0.0379,41.057,1,293.15,0,5193.4,0.0379,-0.0064,0.0000,43.316,1,293.15,0,4105.6,0.0578,-0.0065,0.0000,43.537,1,293.15,0
6.1833,49.4784,7.8447,0.5146,21.144,21.143,6309.9,3,0.058,1.000,0.000,-0.124,0,811.41,2467.01,1209.16,1266.57,0.01,3034.29,0.03674,0.0186,3703.4,387.8,0.03229,-0.0063,2575.1,-390.8,0.06091,0.0175,5034.9,409.1,0.05617,-0.0098,3879.2,-411.9,3889.3,-0.0016,-0.0231,-0.0405,41.873,1,293.15,0,2771.0,-0.0022,-0.0228,-0.0405,41.198,1,293.15,0,5221.5,0.0370,-0.0074,0.0000,43.493,1,293.15,0,4061.7,0.0587,-0.0075,0.0000,43.728,1,293.15,0
6.2000,49.8153,7.9525,0.5145,21.232,21.231,6335.6,3,0.058,1.000,0.000,-0.127,0,818.17,2487.35,1219.18,1276.90,0.01,3058.36,0.03709,0.0203,3765.5,423.5,0.03219,-0.0067,2529.3,-429.0,0.06124,0.0193,5098.6,450.1,0.05603,-0.0108,3825.9,-454.0,3958.0,-0.0015,-0.0243,-0.0429,42.075,1,293.15,0,2721.5,-0.0022,-0.0240,-0.0429,41.338,1,293.15,0,5286.8,0.0362,-0.0084,0.0000,43.666,1,293.15,0,4008.4,0.0597,-0.0085,0.0000,43.920,1,293.15,0
6.2167,50.1539,8.0596,0.5144,21.319,21.318,6361.4,3,0.058,1.000,0.000,-0.130,0,824.88,2507.55,1229.14,1287.15,0.01,3082.20,0.03744,0.0229,3829.3,457.4,0.03209,-0.0052,2489.5,-469.8,0.06154,0.0164,5133.3,484.7,0.05587,-0.0104,3785.6,-489.0,4040.7,-0.0016,-0.0254,-0.0452,42.280,1,293.15,0,2690.3,-0.0022,-0.0251,-0.0452,41.478,1,293.15,0,5325.9,0.0354,-0.0093,0.0000,43.841,1,293.15,0,3977.9,0.0607,-0.0095,0.0000,44.112,1,293.15,0
6.2333,50.4942,8.1661,0.5143,21.405,21.404,6387.1,3,0.059,1.000,0.000,-0.132,0,831.58,2527.69,1239.07,1297.36,0.01,3105.90,0.03780,0.0199,3875.9,497.5,0.03201,-0.0049,2456.7,-499.5,0.06185,0.0172,5192.5,527.1,0.05573,-0.0080,3748.6,-530.0,4057.3,-0.0016,-0.0265,-0.0475,42.478,1,293.15,0,2654.2,-0.0022,-0.0261,-0.0475,41.617,1,293.15,0,5379.8,0.0346,-0.0103,0.0000,44.014,1,293.15,0,3960.9,0.0617,-0.0105,0.0000,44.302,1,293.15,0
6.2500,50.8363,8.2718,0.5142,21.491,21.490,6412.7,3,0.059,1.000,0.000,-0.134,0,838.26,2547.78,1248.99,1307.53,0.01,3129.48,0.03820,0.0247,3955.8,536.1,0.03194,-0.0028,2415.9,-545.0,0.06217,0.0191,5252.3,564.4,0.05557,-0.0102,3691.6,-569.9,4154.5,-0.0015,-0.0276,-0.0496,42.675,1,293.15,0,2625.1,-0.0023,-0.0271,-0.0496,41.755,1,293.15,0,5445.6,0.0339,-0.0112,0.0000,44.185,1,293.15,0,3891.9,0.0628,-0.0115,0.0000,44.497,1,293.15,0
6.2667,51.1800,8.3766,0.5141,21.576,21.575,6438.2,3,0.059,1.000,0.000,-0.136,0,844.93,2567.82,1258.88,1317.68,0.01,3152.96,0.03856,0.0245,4006.4,568.4,0.03187,-0.0025,2378.6,-579.5,0.06249,0.0180,5289.8,593.6,0.05542,-0.0124,3645.6,-599.2,4212.2,-0.0015,-0.0285,-0.0516,42.872,1,293.15,0,2587.9,-0.0023,-0.0281,-0.0516,41.893,1,293.15,0,5484.8,0.0332,-0.0122,0.0000,44.357,1,293.15,0,3818.7,0.0639,-0.0125,0.0000,44.691,1,293.15,0
6.2833,51.5256,8.4805,0.5140,21.660,21.659,6463.8,3,0.059,1.000,0.000,-0.137,0,851.54,2587.70,1268.68,1327.74,0.01,3176.20,0.03895,0.0245,4057.8,598.9,0.03181,-0.0033,2340.8,-611.3,0.06277,0.0158,5328.7,630.3,0.05527,-0.0102,3613.8,-633.8,4267.7,-0.0014,-0.0295,-0.0535,43.064,1,293.15,0,2535.8,-0.0023,-0.0289,-0.0535,42.029,1,293.15,0,5519.4,0.0326,-0.0131,0.0000,44.530,1,293.15,0,3806.4,0.0649,-0.0134,0.0000,44.882,1,293.15,0
6.3000,51.8729,8.5834,0.5139,21.744,21.743,6489.3,3,0.059,1.000,0.000,-0.139,0,858.14,2607.53,1278.47,1337.77,0.01,3199.37,0.03934,0.0217,4100.9,634.0,0.03177,-0.0034,2310.7,-638.4,0.06306,0.0161,5377.8,665.9,0.05512,-0.0074,3586.0,-667.3,4288.4,-0.0014,-0.0304,-0.0552,43.256,1,293.15,0,2497.2,-0.0024,-0.0298,-0.0552,42.165,1,293.15,0,5561.7,0.0319,-0.0140,0.0000,44.699,1,293.15,0,3782.5,0.0660,-0.0144,0.0000,45.073,1,293.15,0
6.3167,52.2219,8.6852,0.5138,21.826,21.826,6514.9,3,0.060,1.000,0.000,-0.139,0,864.69,2627.24,1288.20,1347.74,0.01,3222.37,0.03972,0.0216,4157.8,671.5,0.03174,-0.0010,2283.6,-674.0,0.06333,0.0162,5426.1,701.9,0.05496,-0.0083,3534.8,-707.0,4339.2,-0.0014,-0.0312,-0.0569,43.444,1,293.15,0,2486.7,-0.0024,-0.0305,-0.0569,42.302,1,293.15,0,5621.6,0.0314,-0.0149,0.0000,44.868,1,293.15,0,3742.7,0.0671,-0.0153,0.0000,45.267,1,293.15,0
6.3333,52.5728,8.7858,0.5136,21.909,21.908,6540.2,3,0.060,1.000,0.000,-0.140,0,871.25,2646.97,1297.94,1357.72,0.01,3245.37,0.04010,0.0250,4216.4,695.9,0.03171,-0.0013,2243.6,-711.0,0.06359,0.0153,5466.8,735.2,0.05483,-0.0090,3496.3,-736.1,4434.6,-0.0014,-0.0319,-0.0584,43.632,1,293.15,0,2443.8,-0.0024,-0.0312,-0.0584,42.438,1,293.15,0,5649.9,0.0309,-0.0158,0.0000,45.038,1,293.15,0,3697.0,0.0681,-0.0162,0.0000,45.459,1,293.15,0
6.3500,52.9254,8.8852,0.5135,21.990,21.989,6565.6,3,0.060,1.000,0.000,-0.140,0,877.75,2666.53,1307.60,1367.60,0.01,3268.16,0.04047,0.0215,4252.3,727.3,0.03169,-0.0019,2217.2,-734.1,0.06383,0.0162,5496.6,751.4,0.05468,-0.0061,3473.3,-764.8,4447.8,-0.0014,-0.0326,-0.0598,43.818,1,293.15,0,2406.5,-0.0024,-0.0319,-0.0598,42.573,1,293.15,0,5718.8,0.0304,-0.0166,0.0000,45.206,1,293.15,0,3674.4,0.0692,-0.0171,0.0000,45.649,1,293.15,0
6.3667,53.2798,8.9833,0.5134,22.072,22.071,6590.7,3,0.060,1.000,0.000,-0.140,0,884.26,2686.13,1317.27,1377.51,0.01,3290.98,0.04084,0.0227,4313.3,763.8,0.03168,0.0004,2192.3,-768.1,0.06409,0.0139,5546.1,800.1,0.05452,-0.0103,3413.0,-799.0,4499.1,-0.0014,-0.0332,-0.0610,44.001,1,293.15,0,2395.1,-0.0025,-0.0324,-0.0610,42.709,1,293.15,0,5724.4,0.0299,-0.0174,0.0000,45.371,1,293.15,0,3610.6,0.0703,-0.0179,0.0000,45.845,1,293.15,0
6.3833,53.6359,9.0799,0.5133,22.152,22.151,6615.9,3,0.060,1.000,0.000,-0.139,0,890.72,2705.57,1326.87,1387.34,0.01,3313.60,0.04120,0.0218,4351.0,787.0,0.03167,-0.0005,2162.5,-793.3,0.06431,0.0132,5575.1,822.9,0.05437,-0.0085,3387.5,-825.5,4544.6,-0.0014,-0.0338,-0.0622,44.185,1,293.15,0,2352.8,-0.0025,-0.0329,-0.0622,42.844,1,293.15,0,5765.6,0.0295,-0.0182,0.0000,45.537,1,293.15,0,3585.4,0.0714,-0.0188,0.0000,46.036,1,293.15,0
6.4000,53.9938,9.1751,0.5132,22.232,22.231,6640.7,3,0.061,1.000,0.000,-0.139,0,897.20,2725.09,1336.51,1397.20,0.01,3336.31,0.04155,0.0209,4395.9,817.7,0.03168,0.0008,2140.9,-820.9,0.06454,0.0113,5598.9,845.8,0.05425,-0.0094,3358.9,-844.8,4580.3,-0.0016,-0.0342,-0.0631,44.378,1,293.15,0,2339.7,-0.0025,-0.0334,-0.0631,42.981,1,293.15,0,5780.2,0.0291,-0.0190,0.0000,45.703,1,293.15,0,3536.1,0.0724,-0.0196,0.0000,46.226,1,293.15,0
6.4167,54.3535,9.2687,0.5131,22.311,22.310,6665.7,3,0.061,1.000,0.000,-0.137,0,903.60,2744.40,1346.05,1406.96,0.01,3358.75,0.04189,0.0218,4439.4,840.0,0.03168,0.0005,2113.0,-847.8,0.06474,0.0132,5645.4,875.2,0.05411,-0.0036,3342.8,-880.3,4637.5,-0.0022,-0.0346,-0.0639,44.604,1,293.15,0,2307.2,-0.0026,-0.0337,-0.0639,43.116,1,293.15,0,5843.9,0.0287,-0.0198,0.0000,45.863,1,293.15,0,3557.8,0.0734,-0.0204,0.0000,46.414,1,293.15,0
6.4333,54.7150,9.3608,0.5130,22.391,22.390,6690.1,3,0.061,1.000,0.000,-0.136,0,910.07,2763.90,1355.67,1416.81,0.01,3381.43,0.04222,0.0208,4476.9,864.8,0.03170,0.0010,2090.4,-873.2,0.06497,0.0118,5680.8,907.6,0.05399,-0.0089,3287.3,-906.0,4678.0,-0.0045,-0.0350,-0.0646,44.967,1,293.15,0,2290.6,-0.0026,-0.0340,-0.0646,43.254,1,293.15,0,5859.8,0.0283,-0.0205,0.0000,46.025,1,293.15,0,3482.6,0.0743,-0.0211,0.0000,46.605,1,293.15,0
6.4500,55.0782,9.4512,0.5129,22.470,22.469,6714.7,3,0.061,1.000,0.000,-0.134,0,916.53,2783.41,1365.30,1426.66,0.01,3404.10,0.04251,0.0156,4488.9,884.5,0.03171,0.0012,2079.0,-886.5,0.06512,0.0110,5692.6,916.5,0.05388,-0.0036,3287.2,-924.6,4675.0,-0.0133,-0.0352,-0.0652,45.837,1,293.15,0,2278.3,-0.0027,-0.0342,-0.0652,43.392,1,293.15,0,5903.3,0.0280,-0.0212,0.0000,46.187,1,293.15,0,3497.2,0.0751,-0.0219,0.0000,46.788,1,293.15,0
6.4667,55.4432,9.5398,0.5128,22.553,22.552,6738.5,3,0.061,1.000,0.000,-0.132,0,923.33,2803.92,1375.43,1437.04,0.01,3428.01,0.04280,0.0100,4506.6,911.1,0.03173,0.0000,2064.5,-897.3,0.06533,0.0108,5720.1,936.2,0.05383,-0.0033,3273.2,-938.1,4648.0,-0.0466,-0.0353,-0.0656,48.320,1,293.15,0,2250.3,-0.0028,-0.0343,-0.0656,43.535,1,293.15,0,5911.2,0.0274,-0.0219,0.0000,46.349,1,293.15,0,3464.3,0.0757,-0.0226,0.0000,46.968,1,293.15,0
6.4833,55.8100,9.6268,0.5127,22.636,22.635,6762.4,3,0.062,1.000,0.000,-0.130,0,930.14,2824.48,1385.58,1447.43,0.01,3451.96,0.04303,0.0063,4521.7,930.7,0.03173,-0.0017,2044.9,-909.6,0.06553,0.0135,5772.9,968.2,0.05373,-0.0069,3218.5,-971.8,4643.7,-0.0830,-0.0354,-0.0658,49.381,1,293.15,0,2222.9,-0.0030,-0.0343,-0.0658,43.678,1,293.15,0,5966.5,0.0270,-0.0225,0.0000,46.504,1,293.15,0,3413.8,0.0763,-0.0233,0.0000,47.155,1,293.15,0
6.5000,56.1785,9.7119,0.5126,22.714,22.713,6786.2,3,0.062,1.000,0.000,0.000,0,936.58,2843.96,1395.20,1457.27,0.01,3474.53,0.04329,0.0073,4555.5,947.2,0.03177,0.0022,2046.7,-926.4,0.06567,0.0058,5749.5,974.0,0.05366,-0.0026,3232.7,-973.5,4677.5,-0.0846,-0.0341,-0.0642,49.665,1,293.15,0,2233.6,-0.0031,-0.0329,-0.0642,43.824,1,293.15,0,5938.2,0.0267,-0.0231,0.0000,46.665,1,293.15,0,3432.3,0.0769,-0.0239,0.0000,47.334,1,293.15,0
6.5167,56.5488,9.7953,0.5125,22.793,22.792,6793.2,4,0.062,1.000,0.000,0.000,0,943.10,2863.77,1404.98,1467.26,0.00,3497.39,0.04347,-0.0005,4532.7,949.1,0.03186,0.0047,2068.0,-920.5,0.06575,0.0056,5751.4,973.1,0.05366,0.0031,3256.1,-975.8,4638.1,-0.0859,-0.0286,-0.0580,50.000,1,293.15,0,2257.8,-0.0032,-0.0274,-0.0580,43.987,1,293.15,0,5950.3,0.0268,-0.0235,0.0000,47.457,1,293.15,0,3464.4,0.0770,-0.0243,0.0000,48.111,1,293.15,0
6.5333,56.9212,9.8772,0.5124,22.907,22.906,6749.8,4,0.062,1.000,0.000,0.000,0,952.56,2892.60,1419.19,1481.87,0.00,3531.16,0.04341,-0.0167,4421.5,910.4,0.03200,0.0069,2130.9,-875.0,0.06581,0.0008,5693.5,934.6,0.05392,0.0237,3404.0,-932.6,4522.3,-0.0836,-0.0241,-0.0525,50.150,1,293.15,0,2310.0,-0.0038,-0.0230,-0.0525,44.216,1,293.15,0,5882.6,0.0634,-0.0241,0.0000,49.058,1,293.15,0,3625.6,0.1216,-0.0249,0.0000,50.221,1,293.15,0
6.5500,57.2965,9.9579,0.5123,23.058,23.057,6706.5,4,0.062,1.000,0.000,0.000,0,965.16,2931.11,1438.16,1501.42,0.00,3576.56,0.04284,-0.0505,4167.7,831.3,0.03198,-0.0076,2147.5,-795.4,0.06596,0.0213,5709.9,852.5,0.05468,0.0628,3673.5,-873.9,4303.3,-0.0564,-0.0207,-0.0474,48.924,1,293.15,0,2323.6,-0.0039,-0.0197,-0.0474,44.519,1,293.15,0,5952.1,0.0834,-0.0251,0.0000,50.259,1,293.15,0,3910.5,0.1540,-0.0260,0.0000,51.918,1,293.15,0
6.5667,57.6748,10.0376,0.5122,23.216,23.215,6663.2,4,0.063,1.000,0.000,0.000,0,978.41,2970.97,1457.78,1521.70,-0.00,3624.22,0.04181,-0.0722,3942.3,751.5,0.03177,-0.0177,2177.2,-710.3,0.06638,0.0304,5685.2,769.7,0.05597,0.0828,3912.7,-784.6,4084.0,-0.0310,-0.0184,-0.0428,47.730,1,293.15,0,2355.2,-0.0039,-0.0176,-0.0428,44.847,1,293.15,0,5897.0,0.1019,-0.0262,0.0000,51.434,1,293.15,0,4119.0,0.1793,-0.0270,0.0000,53.371,1,293.15,0
6.5833,58.0560,10.1163,0.5121,23.379,23.378,6619.8,4,0.063,1.000,0.000,0.000,0,992.14,3012.01,1477.99,1542.59,-0.01,3673.55,0.04051,-0.0791,3762.1,667.9,0.03135,-0.0293,2172.6,-642.1,0.06709,0.0457,5720.6,707.2,0.05752,0.0933,4090.9,-724.0,3960.0,-0.0094,-0.0170,-0.0387,46.979,1,293.15,0,2350.1,-0.0038,-0.0163,-0.0387,45.188,1,293.15,0,5922.1,0.1193,-0.0270,0.0000,52.559,1,293.15,0,4282.8,0.1997,-0.0278,0.0000,54.657,1,293.15,0
6.6000,58.4403,10.1941,0.5120,23.546,23.545,6576.5,4,0.063,1.000,0.000,0.000,0,1006.36,3054.59,1498.96,1564.26,-0.01,3724.64,0.03921,-0.0786,3664.9,636.0,0.03071,-0.0436,2109.4,-607.8,0.06806,0.0581,5794.8,685.9,0.05907,0.0910,4176.6,-698.4,3854.8,-0.0030,-0.0160,-0.0350,47.002,1,293.15,0,2288.3,-0.0040,-0.0155,-0.0350,45.537,1,293.15,0,5969.3,0.1353,-0.0275,0.0000,53.627,1,293.15,0,4367.7,0.2168,-0.0283,0.0000,55.842,1,293.15,0
6.6167,58.8277,10.2709,0.5118,23.715,23.714,6533.2,4,0.063,1.000,0.000,0.000,0,1020.87,3098.08,1520.38,1586.37,-0.02,3776.56,0.03795,-0.0727,3612.3,624.5,0.02983,-0.0566,2008.5,-603.3,0.06922,0.0719,5898.5,681.2,0.06052,0.0883,4219.7,-707.1,3818.3,-0.0019,-0.0154,-0.0316,47.262,1,293.15,0,2195.4,-0.0042,-0.0149,-0.0316,45.890,1,293.15,0,6101.3,0.1497,-0.0276,0.0000,54.631,1,293.15,0,4435.8,0.2318,-0.0284,0.0000,56.959,1,293.15,0
6.6333,59.2181,10.3468,0.5117,23.888,23.886,6489.8,4,0.063,1.000,0.000,0.000,0,1035.72,3142.67,1542.37,1608.98,-0.03,3829.36,0.03676,-0.0683,3562.0,618.8,0.02884,-0.0599,1939.0,-601.9,0.07052,0.0813,5983.7,672.8,0.06199,0.0822,4266.8,-697.0,3777.1,-0.0019,-0.0149,-0.0286,47.558,1,293.15,0,2138.2,-0.0045,-0.0145,-0.0286,46.256,1,293.15,0,6171.0,0.1629,-0.0274,0.0000,55.582,1,293.15,0,4427.2,0.2449,-0.0281,0.0000,57.999,1,293.15,0
6.6500,59.6117,10.4217,0.5115,24.061,24.059,6446.5,4,0.064,1.000,0.000,0.000,0,1050.80,3187.97,1564.73,1631.90,-0.04,3882.49,0.03579,-0.0526,3597.0,638.3,0.02785,-0.0586,1864.7,-625.0,0.07194,0.0843,6076.5,696.8,0.06335,0.0830,4307.7,-717.9,3807.2,-0.0019,-0.0144,-0.0258,47.859,1,293.15,0,2062.7,-0.0047,-0.0142,-0.0258,46.624,1,293.15,0,6250.8,0.1745,-0.0268,0.0000,56.468,1,293.15,0,4507.5,0.2562,-0.0274,0.0000,58.991,1,293.15,0
6.6667,60.0085,10.4956,0.5113,24.237,24.234,6403.2,4,0.064,1.000,0.000,0.000,0,1066.17,3234.22,1587.58,1655.24,-0.04,3936.28,0.03480,-0.0648,3486.9,634.0,0.02687,-0.0587,1826.4,-606.3,0.07332,0.0782,6094.2,689.5,0.06472,0.0809,4368.2,-706.4,3663.8,-0.0020,-0.0140,-0.0233,48.157,1,293.15,0,2024.6,-0.0049,-0.0138,-0.0233,47.002,1,293.15,0,6261.6,0.1849,-0.0259,0.0000,57.233,1,293.15,0,4550.2,0.2660,-0.0264,0.0000,59.843,1,293.15,0
6.6833,60.4084,10.5687,0.5110,24.414,24.411,6359.8,4,0.064,1.000,0.000,0.000,0,1081.75,3281.11,1610.78,1678.82,-0.05,3990.13,0.03396,-0.0453,3526.6,636.2,0.02603,-0.0459,1813.9,-624.0,0.07461,0.0840,6161.4,682.2,0.06603,0.0801,4403.7,-721.7,3732.3,-0.0020,-0.0136,-0.0211,48.467,1,293.15,0,2022.8,-0.0049,-0.0135,-0.0211,47.387,1,293.15,0,6395.0,0.1797,-0.0247,0.0000,57.081,1,293.15,0,4610.8,0.2609,-0.0252,0.0000,59.860,1,293.15,0
6.7000,60.8115,10.6408,0.5107,24.594,24.591,6316.5,4,0.064,1.000,0.000,0.000,0,1097.75,3329.26,1634.64,1702.97,-0.05,4044.87,0.03314,-0.0474,3453.4,616.7,0.02533,-0.0380,1828.0,-602.7,0.07588,0.0682,6128.2,673.6,0.06737,0.0798,4490.3,-688.3,3655.7,-0.0020,-0.0132,-0.0191,48.780,1,293.15,0,2038.0,-0.0049,-0.0131,-0.0191,47.779,1,293.15,0,6299.6,0.1639,-0.0235,0.0000,56.647,1,293.15,0,4680.1,0.2459,-0.0240,0.0000,59.596,1,293.15,0
6.7167,61.2179,10.7121,0.5104,24.776,24.772,6273.2,4,0.064,1.000,0.000,0.000,0,1114.02,3378.20,1658.92,1727.42,-0.05,4099.85,0.03238,-0.0438,3397.5,588.1,0.02483,-0.0251,1884.5,-571.9,0.07695,0.0610,6100.3,639.6,0.06872,0.0819,4587.7,-655.0,3589.1,-0.0020,-0.0127,-0.0172,49.097,1,293.15,0,2095.0,-0.0048,-0.0126,-0.0172,48.178,1,293.15,0,6281.3,0.1472,-0.0223,0.0000,56.201,1,293.15,0,4784.3,0.2290,-0.0227,0.0000,59.253,1,293.15,0
6.7333,61.6274,10.7826,0.5100,24.960,24.956,6229.8,4,0.064,1.000,0.000,0.000,0,1130.59,3428.04,1683.68,1752.25,-0.05,4155.22,0.03177,-0.0365,3366.1,558.9,0.02452,-0.0148,1936.1,-546.0,0.07793,0.0573,6089.1,610.1,0.07004,0.0806,4664.0,-625.3,3560.4,-0.0022,-0.0123,-0.0156,49.425,1,293.15,0,2143.0,-0.0047,-0.0122,-0.0156,48.578,1,293.15,0,6273.5,0.1308,-0.0211,0.0000,55.772,1,293.15,0,4867.1,0.2115,-0.0214,0.0000,58.882,1,293.15,0
6.7500,62.0403,10.8524,0.5096,25.144,25.140,6186.5,4,0.065,1.000,0.000,0.000,0,1147.35,3478.48,1708.78,1777.29,-0.05,4210.65,0.03125,-0.0274,3348.3,531.1,0.02435,-0.0074,1981.4,-522.3,0.07870,0.0436,6006.5,562.9,0.07126,0.0716,4718.1,-577.9,3546.1,-0.0021,-0.0118,-0.0141,49.752,1,293.15,0,2186.3,-0.0045,-0.0118,-0.0141,48.978,1,293.15,0,6205.1,0.1153,-0.0198,0.0000,55.386,1,293.15,0,4917.8,0.1940,-0.0201,0.0000,58.493,1,293.15,0
6.7667,62.4563,10.9215,0.5091,25.330,25.326,6143.2,4,0.065,1.000,0.000,0.000,0,1164.35,3529.66,1734.28,1802.60,-0.05,4266.14,0.03088,-0.0154,3349.1,501.2,0.02431,0.0018,2036.3,-504.4,0.07939,0.0371,5966.1,527.8,0.07241,0.0683,4790.7,-534.9,3572.5,-0.0021,-0.0113,-0.0127,50.089,1,293.15,0,2244.9,-0.0044,-0.0113,-0.0127,49.380,1,293.15,0,6146.4,0.1002,-0.0185,0.0000,55.011,1,293.15,0,4989.6,0.1762,-0.0187,0.0000,58.081,1,293.15,0
6.7833,62.8757,10.9900,0.5086,25.517,25.512,6099.8,4,0.065,1.000,0.000,0.000,0,1181.58,3581.57,1760.18,1828.18,-0.04,4321.75,0.03069,-0.0062,3367.3,491.2,0.02436,0.0055,2063.4,-495.8,0.08012,0.0517,6039.0,509.3,0.07349,0.0613,4796.1,-538.5,3585.5,-0.0021,-0.0108,-0.0115,50.426,1,293.15,0,2276.0,-0.0043,-0.0107,-0.0115,49.780,1,293.15,0,6274.1,0.0855,-0.0171,0.0000,54.626,1,293.15,0,4997.6,0.1584,-0.0173,0.0000,57.665,1,293.15,0
6.8000,63.2983,11.0579,0.5081,25.705,25.701,6056.5,4,0.065,1.000,0.000,0.000,0,1199.09,3634.42,1786.59,1854.15,-0.04,4377.88,0.03060,-0.0025,3367.4,480.4,0.02447,0.0097,2104.1,-480.1,0.08092,0.0446,6031.3,506.2,0.07447,0.0609,4857.5,-511.9,3565.8,-0.0021,-0.0102,-0.0104,50.766,1,293.15,0,2316.5,-0.0043,-0.0101,-0.0104,50.183,1,293.15,0,6199.0,0.0705,-0.0157,0.0000,54.244,1,293.15,0,5052.8,0.1412,-0.0158,0.0000,57.259,1,293.15,0
6.8167,63.7241,11.1252,0.5076,25.893,25.888,6013.2,4,0.065,1.000,0.000,0.000,0,1216.63,3687.46,1813.11,1880.16,-0.03,4433.75,0.03058,-0.0006,3354.0,459.8,0.02469,0.0162,2167.9,-456.8,0.08165,0.0438,6019.0,473.1,0.07547,0.0610,4917.6,-489.5,3541.7,-0.0021,-0.0096,-0.0094,51.100,1,293.15,0,2380.4,-0.0041,-0.0096,-0.0094,50.590,1,293.15,0,6221.8,0.0569,-0.0139,0.0000,53.971,1,293.15,0,5116.6,0.1238,-0.0140,0.0000,56.824,1,293.15,0
6.8333,64.1531,11.1920,0.5071,26.068,26.064,5969.8,4,0.065,1.000,0.000,0.000,0,1233.20,3737.70,1838.26,1904.68,-0.03,4485.92,0.03069,0.0090,3377.1,435.6,0.02502,0.0237,2232.9,-443.7,0.08232,0.0384,6004.7,460.9,0.07635,0.0499,4913.7,-475.0,3590.0,-0.0020,-0.0092,-0.0085,51.408,1,293.15,0,2443.1,-0.0038,-0.0092,-0.0085,50.981,1,293.15,0,6205.8,0.0486,-0.0120,0.0000,53.913,1,293.15,0,5105.5,0.1059,-0.0121,0.0000,56.314,1,293.15,0
6.8500,64.5849,11.2582,0.5066,26.233,26.228,5926.5,4,0.066,1.000,0.000,0.000,0,1248.80,3785.06,1862.02,1927.69,-0.02,4534.42,0.03087,0.0116,3364.8,402.1,0.02553,0.0344,2346.8,-405.5,0.08273,0.0160,5890.0,434.4,0.07709,0.0456,4969.0,-426.8,3559.7,-0.0019,-0.0089,-0.0077,51.686,1,293.15,0,2547.2,-0.0035,-0.0089,-0.0077,51.354,1,293.15,0,6045.4,0.0432,-0.0099,0.0000,53.966,1,293.15,0,5180.8,0.0865,-0.0100,0.0000,55.686,1,293.15,0
6.8667,65.0194,11.3241,0.5061,26.386,26.382,5883.2,4,0.066,1.000,0.000,0.000,0,1263.42,3829.57,1884.38,1949.23,-0.02,4579.35,0.03112,0.0205,3365.1,350.1,0.02628,0.0517,2503.5,-367.1,0.08294,0.0077,5802.1,377.1,0.07781,0.0413,5028.5,-373.7,3594.1,-0.0019,-0.0085,-0.0069,51.949,1,293.15,0,2730.4,-0.0030,-0.0085,-0.0069,51.710,1,293.15,0,5980.0,0.0395,-0.0078,0.0000,54.044,1,293.15,0,5225.2,0.0668,-0.0078,0.0000,55.088,1,293.15,0
6.8833,65.4562,11.3897,0.5057,26.516,26.512,5851.1,4,0.066,1.000,0.000,0.000,0,1275.93,3867.74,1903.62,1967.54,-0.01,4616.79,0.03157,0.0308,3390.0,305.9,0.02728,0.0660,2671.9,-318.0,0.08283,-0.0149,5635.6,316.8,0.07829,0.0217,5024.6,-305.7,3592.5,-0.0017,-0.0079,-0.0063,52.173,1,293.15,0,2886.9,-0.0025,-0.0079,-0.0063,52.001,1,293.15,0,5812.7,0.0359,-0.0062,0.0000,54.096,1,293.15,0,5189.3,0.0528,-0.0062,0.0000,54.726,1,293.15,0
6.9000,65.8948,11.4550,0.5052,26.624,26.620,5839.3,4,0.066,1.000,0.000,0.000,0,1286.36,3899.63,1919.76,1982.67,-0.01,4646.95,0.03227,0.0479,3445.9,249.1,0.02858,0.0848,2874.9,-270.8,0.08237,-0.0364,5475.7,270.1,0.07846,0.0031,5002.9,-249.2,3660.9,-0.0016,-0.0070,-0.0057,52.370,1,293.15,0,3081.3,-0.0021,-0.0070,-0.0057,52.235,1,293.15,0,5644.6,0.0335,-0.0050,0.0000,54.193,1,293.15,0,5183.4,0.0442,-0.0050,0.0000,54.571,1,293.15,0
6.9167,66.3352,11.5201,0.5048,26.717,26.714,5840.0,4,0.066,1.000,0.000,0.000,0,1295.39,3927.32,1933.81,1995.72,-0.00,4672.54,0.03326,0.0680,3540.7,202.7,0.03017,0.0989,3061.2,-235.7,0.08159,-0.0534,5313.1,210.6,0.07835,-0.0134,4987.7,-185.6,3770.4,-0.0015,-0.0061,-0.0051,52.548,1,293.15,0,3264.6,-0.0018,-0.0061,-0.0051,52.432,1,293.15,0,5486.9,0.0324,-0.0041,0.0000,54.331,1,293.15,0,5155.4,0.0393,-0.0041,0.0000,54.549,1,293.15,0
6.9333,66.7769,11.5849,0.5044,26.801,26.798,5848.7,4,0.066,1.000,0.000,0.000,0,1303.48,3952.18,1946.43,2007.41,-0.00,4695.42,0.03453,0.0836,3651.2,176.1,0.03189,0.1055,3206.6,-216.1,0.08057,-0.0678,5179.5,176.8,0.07785,-0.0412,4879.8,-149.6,3886.6,-0.0014,-0.0053,-0.0046,52.710,1,293.15,0,3412.4,-0.0017,-0.0053,-0.0046,52.603,1,293.15,0,5361.4,0.0322,-0.0035,0.0000,54.491,1,293.15,0,5030.9,0.0371,-0.0035,0.0000,54.631,1,293.15,0
6.9500,67.2200,11.6496,0.5041,26.878,26.876,5862.1,4,0.066,1.000,0.000,0.000,0,1311.05,3975.43,1958.21,2018.38,-0.00,4717.15,0.03598,0.0910,3741.7,155.9,0.03369,0.1093,3344.0,-195.0,0.07938,-0.0729,5096.6,157.5,0.07710,-0.0467,4847.7,-130.5,3966.3,-0.0014,-0.0045,-0.0042,52.864,1,293.15,0,3549.5,-0.0016,-0.0045,-0.0042,52.760,1,293.15,0,5284.8,0.0324,-0.0031,0.0000,54.656,1,293.15,0,5053.6,0.0361,-0.0031,0.0000,54.745,1,293.15,0
6.9667,67.6644,11.7142,0.5038,26.953,26.951,5877.7,4,0.067,1.000,0.000,0.000,0,1318.36,3997.85,1969.53,2029.07,-0.00,4738.90,0.03752,0.0954,3822.0,134.2,0.03555,0.1141,3490.5,-171.0,0.07806,-0.0848,4963.1,123.6,0.07615,-0.0628,4783.5,-87.6,4034.8,-0.0014,-0.0038,-0.0038,53.010,1,293.15,0,3697.2,-0.0015,-0.0038,-0.0038,52.911,1,293.15,0,5134.8,0.0329,-0.0028,0.0000,54.844,1,293.15,0,4945.4,0.0358,-0.0028,0.0000,54.892,1,293.15,0
6.9833,68.1101,11.7787,0.5036,27.025,27.023,5895.0,4,0.067,1.000,0.000,0.000,0,1325.46,4019.61,1980.47,2039.58,-0.00,4760.98,0.03907,0.0961,3888.3,115.4,0.03736,0.1075,3575.4,-155.7,0.07671,-0.0785,4928.1,107.8,0.07509,-0.0670,4723.0,-90.3,4111.3,-0.0013,-0.0032,-0.0034,53.154,1,293.15,0,3772.2,-0.0014,-0.0032,-0.0034,53.055,1,293.15,0,5152.4,0.0336,-0.0025,0.0000,55.016,1,293.15,0,4918.5,0.0359,-0.0025,0.0000,55.048,1,293.15,0
7.0000,68.5569,11.8432,0.5035,27.097,27.096,5912.6,4,0.067,1.000,0.000,0.000,0,1332.54,4041.24,1991.26,2050.20,-0.00,4784.10,0.04053,0.0889,3919.2,100.9,0.03902,0.0973,3635.9,-139.2,0.07538,-0.0788,4877.1,106.2,0.07396,-0.0658,4698.9,-78.5,4143.3,-0.0014,-0.0027,-0.0031,53.299,1,293.15,0,3827.6,-0.0014,-0.0027,-0.0031,53.198,1,293.15,0,5068.7,0.0341,-0.0024,0.0000,55.193,1,293.15,0,4915.1,0.0363,-0.0024,0.0000,55.211,1,293.15,0
7.0167,69.0050,11.9076,0.5035,27.169,27.168,5930.3,4,0.067,1.000,0.000,0.000,0,1339.61,4062.75,2001.94,2060.92,-0.00,4808.23,0.04185,0.0764,3926.9,94.1,0.04051,0.0853,3682.4,-119.1,0.07408,-0.0799,4811.5,93.3,0.07282,-0.0672,4669.3,-59.2,4121.8,-0.0013,-0.0024,-0.0028,53.436,1,293.15,0,3867.1,-0.0014,-0.0024,-0.0028,53.340,1,293.15,0,4984.0,0.0347,-0.0022,0.0000,55.373,1,293.15,0,4866.0,0.0366,-0.0022,0.0000,55.379,1,293.15,0
7.0333,69.4542,11.9720,0.5035,27.241,27.240,5947.8,4,0.067,1.000,0.000,0.000,0,1346.69,4084.26,2012.55,2071.79,-0.00,4833.39,0.04301,0.0642,3930.8,91.4,0.04179,0.0716,3704.2,-104.6,0.07287,-0.0737,4781.5,80.9,0.07172,-0.0660,4639.7,-52.3,4101.0,-0.0013,-0.0021,-0.0025,53.573,1,293.15,0,3880.6,-0.0014,-0.0021,-0.0025,53.483,1,293.15,0,4965.0,0.0352,-0.0021,0.0000,55.542,1,293.15,0,4817.9,0.0370,-0.0021,0.0000,55.546,1,293.15,0
7.0500,69.9047,12.0363,0.5035,27.312,27.311,5965.2,4,0.067,1.000,0.000,0.000,0,1353.78,4105.72,2023.09,2082.77,-0.00,4859.42,0.04400,0.0530,3928.1,86.8,0.04288,0.0609,3724.9,-93.8,0.07173,-0.0662,4759.8,68.2,0.07070,-0.0611,4622.5,-52.4,4090.2,-0.0012,-0.0018,-0.0023,53.708,1,293.15,0,3906.2,-0.0014,-0.0018,-0.0023,53.626,1,293.15,0,4976.3,0.0357,-0.0020,0.0000,55.702,1,293.15,0,4812.9,0.0372,-0.0020,0.0000,55.713,1,293.15,0
7.0667,70.3564,12.1007,0.5036,27.384,27.383,5982.2,4,0.067,1.000,0.000,0.000,0,1360.92,4127.32,2033.66,2093.93,-0.00,4886.34,0.04480,0.0450,3928.5,81.8,0.04375,0.0488,3713.6,-96.8,0.07073,-0.0543,4778.3,71.5,0.06976,-0.0539,4606.2,-64.9,4124.9,-0.0013,-0.0016,-0.0021,53.851,1,293.15,0,3916.8,-0.0014,-0.0016,-0.0021,53.771,1,293.15,0,5011.8,0.0360,-0.0019,0.0000,55.860,1,293.15,0,4821.1,0.0376,-0.0019,0.0000,55.870,1,293.15,0
7.0833,70.8093,12.1651,0.5037,27.457,27.456,5998.5,4,0.067,1.000,0.000,0.000,0,1368.16,4149.17,2044.31,2105.29,-0.00,4914.11,0.04542,0.0329,3898.0,72.7,0.04444,0.0336,3699.1,-80.4,0.06986,-0.0474,4775.1,70.9,0.06896,-0.0470,4609.3,-61.4,4083.8,-0.0013,-0.0015,-0.0019,53.994,1,293.15,0,3869.2,-0.0014,-0.0015,-0.0019,53.914,1,293.15,0,4991.7,0.0361,-0.0018,0.0000,56.013,1,293.15,0,4823.6,0.0377,-0.0018,0.0000,56.029,1,293.15,0
7.1000,71.2634,12.2296,0.5038,27.530,27.529,6014.6,4,0.068,1.000,0.000,0.000,0,1375.43,4171.12,2054.99,2116.76,-0.00,4942.39,0.04585,0.0235,3871.0,64.8,0.04496,0.0254,3701.7,-68.1,0.06911,-0.0373,4775.6,55.5,0.06829,-0.0401,4616.2,-58.9,4052.9,-0.0013,-0.0014,-0.0017,54.131,1,293.15,0,3868.1,-0.0013,-0.0014,-0.0017,54.058,1,293.15,0,5022.7,0.0363,-0.0017,0.0000,56.164,1,293.15,0,4821.1,0.0377,-0.0018,0.0000,56.179,1,293.15,0
7.1167,71.7188,12.2940,0.5040,27.603,27.602,6030.1,4,0.068,1.000,0.000,0.000,0,1382.76,4193.26,2065.75,2128.36,-0.00,4971.11,0.04616,0.0124,3835.8,62.6,0.04531,0.0172,3687.0,-65.1,0.06847,-0.0399,4733.1,50.0,0.06772,-0.0312,4653.7,-38.9,4027.1,-0.0013,-0.0012,-0.0015,54.274,1,293.15,0,3878.4,-0.0014,-0.0012,-0.0015,54.207,1,293.15,0,4936.5,0.0363,-0.0017,0.0000,56.326,1,293.15,0,4858.2,0.0376,-0.0017,0.0000,56.321,1,293.15,0
7.1333,72.1754,12.3586,0.5041,27.677,27.677,6044.9,4,0.068,1.000,0.000,0.000,0,1390.21,4215.75,2076.69,2140.13,-0.00,5000.25,0.04636,0.0101,3841.8,68.9,0.04552,0.0067,3650.4,-67.0,0.06805,-0.0225,4801.9,57.1,0.06732,-0.0265,4650.8,-46.5,4021.2,-0.0013,-0.0011,-0.0014,54.418,1,293.15,0,3824.1,-0.0014,-0.0011,-0.0014,54.354,1,293.15,0,4988.2,0.0361,-0.0016,0.0000,56.458,1,293.15,0,4818.3,0.0374,-0.0016,0.0000,56.470,1,293.15,0
7.1500,72.6332,12.4231,0.5042,27.750,27.750,6060.1,4,0.068,1.000,0.000,0.000,0,1397.59,4238.05,2087.53,2151.81,-0.00,5029.14,0.04639,0.0043,3796.2,46.4,0.04566,0.0070,3671.7,-53.9,0.06769,-0.0211,4794.2,57.4,0.06697,-0.0139,4689.2,-51.1,4011.9,-0.0013,-0.0011,-0.0012,54.561,1,293.15,0,3859.3,-0.0014,-0.0011,-0.0012,54.500,1,293.15,0,4992.9,0.0360,-0.0015,0.0000,56.600,1,293.15,0,4914.2,0.0374,-0.0015,0.0000,56.607,1,293.15,0
7.1667,73.0922,12.4878,0.5044,27.824,27.824,6074.9,4,0.068,1.000,0.000,0.000,0,1405.02,4260.53,2098.48,2163.53,-0.00,5057.98,0.04637,-0.0029,3766.7,49.0,0.04568,-0.0011,3644.8,-46.7,0.06738,-0.0176,4781.8,41.9,0.06675,-0.0110,4705.2,-39.1,3958.6,-0.0013,-0.0010,-0.0011,54.701,1,293.15,0,3824.9,-0.0014,-0.0010,-0.0011,54.646,1,293.15,0,4987.7,0.0361,-0.0014,0.0000,56.745,1,293.15,0,4908.9,0.0370,-0.0014,0.0000,56.750,1,293.15,0
7.1833,73.5525,12.5525,0.5044,27.898,27.897,6089.5,4,0.068,1.000,0.000,0.000,0,1412.49,4283.13,2109.51,2175.26,-0.00,5086.55,0.04631,-0.0031,3772.2,58.2,0.04563,-0.0077,3604.4,-55.9,0.06718,-0.0027,4839.7,40.6,0.06663,-0.0045,4718.9,-50.0,3964.4,-0.0014,-0.0009,-0.0010,54.845,1,293.15,0,3790.3,-0.0014,-0.0009,-0.0010,54.794,1,293.15,0,5068.9,0.0359,-0.0013,0.0000,56.879,1,293.15,0,4930.8,0.0368,-0.0013,0.0000,56.884,1,293.15,0
7.2000,74.0141,12.6173,0.5045,27.973,27.972,6103.2,4,0.068,1.000,0.000,0.000,0,1420.06,4306.07,2120.73,2187.11,-0.00,5115.14,0.04621,-0.0052,3741.2,41.4,0.04555,-0.0112,3600.4,-41.0,0.06717,-0.0027,4844.4,45.6,0.06661,-0.0045,4727.1,-40.7,3941.8,-0.0013,-0.0009,-0.0009,54.989,1,293.15,0,3742.9,-0.0014,-0.0009,-0.0009,54.939,1,293.15,0,5028.0,0.0355,-0.0012,0.0000,57.018,1,293.15,0,4906.1,0.0364,-0.0012,0.0000,57.024,1,293.15,0
7.2167,74.4768,12.6822,0.5046,28.047,28.046,6117.5,4,0.068,1.000,0.000,0.000,0,1427.83,4329.28,2132.34,2198.79,-0.00,5142.05,0.04608,-0.0022,3744.1,37.5,0.04549,0.0003,3647.4,-41.0,0.06716,0.0043,4862.5,32.6,0.06664,0.0036,4766.3,-39.1,3953.8,-0.0014,-0.0008,-0.0008,55.133,1,293.15,0,3835.4,-0.0014,-0.0008,-0.0008,55.089,1,293.15,0,5074.8,0.0354,-0.0012,0.0000,57.147,1,293.15,0,4946.1,0.0361,-0.0012,0.0000,57.160,1,293.15,0
7.2333,74.9408,12.7471,0.5046,28.120,28.120,6131.6,4,0.069,1.000,0.000,0.000,0,1435.78,4352.82,2144.28,2210.43,-0.00,5167.97,0.04589,-0.0008,3734.4,31.1,0.04538,0.0097,3670.1,-53.1,0.06722,0.0040,4857.8,26.9,0.06673,0.0024,4767.2,-36.7,4002.0,-0.0013,-0.0008,-0.0007,55.277,1,293.15,0,3945.1,-0.0014,-0.0008,-0.0007,55.240,1,293.15,0,5081.3,0.0352,-0.0011,0.0000,57.285,1,293.15,0,4946.0,0.0358,-0.0011,0.0000,57.299,1,293.15,0
7.2500,75.4061,12.8122,0.5046,28.194,28.194,6145.6,4,0.069,1.000,0.000,0.000,0,1443.76,4376.49,2156.32,2222.06,-0.00,5193.54,0.04571,-0.0166,3662.6,36.8,0.04520,-0.0100,3589.0,-40.3,0.06734,0.0070,4883.6,34.2,0.06690,0.0120,4818.6,-35.1,3887.8,-0.0014,-0.0007,-0.0007,55.419,1,293.15,0,3828.0,-0.0014,-0.0007,-0.0007,55.384,1,293.15,0,5075.1,0.0348,-0.0010,0.0000,57.424,1,293.15,0,5024.3,0.0355,-0.0010,0.0000,57.422,1,293.15,0
7.2667,75.8725,12.8773,0.5045,28.268,28.267,6159.7,4,0.069,1.000,0.000,0.000,0,1451.71,4400.05,2168.34,2233.56,-0.00,5218.45,0.04565,-0.0208,3657.5,52.6,0.04514,-0.0211,3562.0,-16.3,0.06746,0.0088,4891.2,28.6,0.06706,0.0088,4811.9,-34.0,3759.9,-0.0014,-0.0007,-0.0006,55.556,1,293.15,0,3700.2,-0.0015,-0.0007,-0.0006,55.526,1,293.15,0,5095.1,0.0347,-0.0009,0.0000,57.554,1,293.15,0,5003.4,0.0352,-0.0009,0.0000,57.567,1,293.15,0
7.2833,76.3402,12.9425,0.5045,28.341,28.340,6173.6,4,0.069,1.000,0.000,0.000,0,1459.70,4423.76,2180.46,2245.06,-0.00,5242.96,0.04563,0.0051,3755.1,39.2,0.04516,-0.0058,3624.0,-21.3,0.06767,0.0101,4908.6,31.8,0.06728,0.0161,4857.6,-30.6,3888.4,-0.0013,-0.0006,-0.0006,55.700,1,293.15,0,3721.0,-0.0014,-0.0006,-0.0006,55.669,1,293.15,0,5090.1,0.0343,-0.0009,0.0000,57.694,1,293.15,0,5064.4,0.0349,-0.0009,0.0000,57.691,1,293.15,0
7.3000,76.8091,13.0079,0.5044,28.414,28.413,6187.8,4,0.069,1.000,0.000,0.000,0,1467.63,4447.31,2192.53,2256.41,-0.00,5266.85,0.04549,0.0169,3775.3,15.4,0.04512,0.0229,3715.4,-52.3,0.06783,0.0095,4901.7,21.2,0.06750,0.0134,4858.4,-26.0,4071.5,-0.0012,-0.0006,-0.0005,55.847,1,293.15,0,3989.5,-0.0013,-0.0006,-0.0005,55.820,1,293.15,0,5103.5,0.0342,-0.0008,0.0000,57.828,1,293.15,0,5056.8,0.0347,-0.0008,0.0000,57.834,1,293.15,0
7.3167,77.2792,13.0733,0.5043,28.487,28.486,6201.8,4,0.069,1.000,0.000,0.000,0,1475.63,4471.04,2204.73,2267.79,-0.00,5290.56,0.04535,-0.0147,3645.7,29.2,0.04498,-0.0045,3598.7,-43.4,0.06808,0.0146,4948.6,35.2,0.06773,0.0177,4879.8,-33.7,3903.0,-0.0014,-0.0005,-0.0004,55.992,1,293.15,0,3893.3,-0.0014,-0.0005,-0.0004,55.969,1,293.15,0,5124.5,0.0339,-0.0007,0.0000,57.962,1,293.15,0,5089.9,0.0344,-0.0007,0.0000,57.963,1,293.15,0
7.3333,77.7505,13.1389,0.5041,28.560,28.559,6215.7,4,0.069,1.000,0.000,0.000,0,1483.60,4494.72,2216.91,2279.10,-0.00,5313.83,0.04543,-0.0219,3638.0,48.4,0.04506,-0.0195,3582.3,0.5,0.06830,0.0139,4937.7,18.6,0.06801,0.0127,4877.8,-23.9,3701.2,-0.0014,-0.0005,-0.0004,56.123,1,293.15,0,3715.5,-0.0015,-0.0005,-0.0004,56.106,1,293.15,0,5136.0,0.0338,-0.0007,0.0000,58.095,1,293.15,0,5054.7,0.0341,-0.0007,0.0000,58.106,1,293.15,0
7.3500,78.2230,13.2046,0.5040,28.631,28.631,6230.2,4,0.069,1.000,0.000,0.000,0,1491.48,4518.13,2228.99,2290.21,-0.00,5336.38,0.04556,0.0207,3801.9,22.3,0.04520,0.0055,3674.6,-21.8,0.06846,0.0090,4925.1,21.6,0.06819,0.0116,4881.7,-22.8,3974.6,-0.0013,-0.0004,-0.0004,56.268,1,293.15,0,3770.7,-0.0014,-0.0004,-0.0004,56.245,1,293.15,0,5115.7,0.0336,-0.0006,0.0000,58.240,1,293.15,0,5082.6,0.0341,-0.0006,0.0000,58.242,1,293.15,0
7.3667,78.6967,13.2704,0.5038,28.704,28.703,6244.2,4,0.069,1.000,0.000,0.000,0,1499.45,4541.85,2241.24,2301.42,-0.00,5358.92,0.04549,0.0210,3776.5,-1.0,0.04526,0.0324,3772.0,-43.6,0.06869,0.0146,4954.6,16.7,0.06844,0.0150,4909.0,-20.5,4092.9,-0.0013,-0.0004,-0.0003,56.414,1,293.15,0,4069.9,-0.0012,-0.0004,-0.0003,56.395,1,293.15,0,5147.6,0.0334,-0.0006,0.0000,58.372,1,293.15,0,5091.6,0.0338,-0.0006,0.0000,58.374,1,293.15,0
7.3833,79.1716,13.3363,0.5037,28.775,28.774,6258.2,4,0.070,1.000,0.000,0.000,0,1507.39,4565.46,2253.45,2312.55,-0.00,5381.21,0.04548,-0.0185,3633.4,26.7,0.04524,0.0005,3656.8,-19.8,0.06893,0.0129,4963.1,23.4,0.06868,0.0166,4920.6,-25.6,3827.5,-0.0014,-0.0004,-0.0003,56.550,1,293.15,0,3944.7,-0.0014,-0.0004,-0.0003,56.540,1,293.15,0,5152.8,0.0332,-0.0005,0.0000,58.506,1,293.15,0,5134.4,0.0337,-0.0005,0.0000,58.509,1,293.15,0
7.4000,79.6476,13.4024,0.5035,28.846,28.846,6272.5,4,0.070,1.000,0.000,0.000,0,1515.27,4588.94,2265.61,2323.59,-0.00,5403.11,0.04576,-0.0028,3740.7,52.4,0.04545,-0.0144,3617.5,-5.5,0.06909,0.0112,4952.5,14.1,0.06888,0.0091,4897.4,-23.1,3789.9,-0.0013,-0.0003,-0.0003,56.682,1,293.15,0,3711.8,-0.0014,-0.0003,-0.0003,56.670,1,293.15,0,5165.6,0.0333,-0.0005,0.0000,58.643,1,293.15,0,5093.0,0.0335,-0.0005,0.0000,58.653,1,293.15,0
7.4167,80.1249,13.4685,0.5033,28.918,28.917,6286.4,4,0.070,1.000,0.000,0.000,0,1523.22,4612.63,2277.89,2334.68,-0.00,5424.99,0.04592,0.0402,3884.3,2.6,0.04572,0.0322,3800.6,-36.5,0.06929,0.0115,4957.8,9.9,0.06911,0.0109,4925.5,-12.8,4146.1,-0.0012,-0.0003,-0.0002,56.832,1,293.15,0,3990.0,-0.0013,-0.0003,-0.0002,56.816,1,293.15,0,5151.1,0.0330,-0.0004,0.0000,58.784,1,293.15,0,5102.5,0.0333,-0.0004,0.0000,58.783,1,293.15,0
7.4333,80.6033,13.5348,0.5032,28.988,28.988,6300.7,4,0.070,1.000,0.000,0.000,0,1531.10,4636.13,2290.08,2345.69,-0.00,5446.66,0.04586,0.0144,3756.2,-11.2,0.04573,0.0302,3778.7,-50.2,0.06949,0.0121,4978.8,20.6,0.06929,0.0159,4942.8,-24.8,4133.9,-0.0014,-0.0003,-0.0002,56.978,1,293.15,0,4145.6,-0.0013,-0.0003,-0.0002,56.962,1,293.15,0,5175.9,0.0329,-0.0004,0.0000,58.917,1,293.15,0,5169.5,0.0332,-0.0004,0.0000,58.915,1,293.15,0
7.4500,81.0829,13.6013,0.5030,29.059,29.058,6314.7,4,0.070,1.000,0.000,0.000,0,1539.01,4659.71,2302.31,2356.73,-0.00,5468.43,0.04608,-0.0246,3646.8,37.1,0.04584,-0.0270,3594.4,6.8,0.06965,0.0056,4952.7,17.4,0.06947,0.0077,4923.9,-13.6,3728.9,-0.0015,-0.0003,-0.0002,57.102,1,293.15,0,3723.3,-0.0014,-0.0003,-0.0002,57.091,1,293.15,0,5131.0,0.0328,-0.0004,0.0000,59.055,1,293.15,0,5118.0,0.0330,-0.0004,0.0000,59.062,1,293.15,0
7.4667,81.5636,13.6678,0.5028,29.129,29.128,6328.9,4,0.070,1.000,0.000,0.000,0,1546.89,4683.24,2314.53,2367.70,-0.00,5489.84,0.04641,0.0349,3871.5,-11.7,0.04627,0.0120,3783.4,6.5,0.06980,0.0139,4983.1,4.5,0.06967,0.0151,4964.6,-14.6,4047.2,-0.0012,-0.0002,-0.0002,57.242,1,293.15,0,3799.1,-0.0012,-0.0002,-0.0002,57.224,1,293.15,0,5196.8,0.0327,-0.0003,0.0000,59.185,1,293.15,0,5165.6,0.0328,-0.0003,0.0000,59.190,1,293.15,0
7.4833,82.0455,13.7345,0.5026,29.199,29.198,6342.8,4,0.070,1.000,0.000,0.000,0,1554.79,4706.85,2326.78,2378.72,-0.00,5511.48,0.04640,0.0315,3842.8,-24.6,0.04632,0.0414,3858.1,-47.9,0.06998,0.0074,4971.2,14.8,0.06985,0.0087,4942.6,-14.4,4237.4,-0.0012,-0.0002,-0.0002,57.389,1,293.15,0,4190.0,-0.0011,-0.0002,-0.0002,57.371,1,293.15,0,5158.3,0.0326,-0.0003,0.0000,59.328,1,293.15,0,5147.1,0.0328,-0.0003,0.0000,59.326,1,293.15,0
7.5000,82.5286,13.8014,0.5025,29.269,29.268,6357.1,4,0.070,1.000,0.000,0.000,0,1562.64,4730.31,2338.96,2389.69,-0.00,5533.04,0.04654,-0.0184,3681.3,22.3,0.04636,-0.0115,3665.7,-14.3,0.07010,0.0087,4972.5,5.9,0.06999,0.0113,4961.8,-12.7,3871.4,-0.0014,-0.0002,-0.0001,57.518,1,293.15,0,3907.8,-0.0014,-0.0002,-0.0001,57.511,1,293.15,0,5181.4,0.0325,-0.0003,0.0000,59.463,1,293.15,0,5172.8,0.0327,-0.0003,0.0000,59.460,1,293.15,0
7.5167,83.0128,13.8684,0.5023,29.339,29.338,6370.8,4,0.070,1.000,0.000,0.000,0,1570.55,4753.95,2351.24,2400.73,-0.00,5554.70,0.04692,0.0098,3831.8,32.3,0.04671,-0.0114,3705.6,7.9,0.07027,0.0079,4978.7,8.7,0.07016,0.0079,4957.9,-7.9,3888.8,-0.0013,-0.0002,-0.0001,57.648,1,293.15,0,3733.8,-0.0013,-0.0002,-0.0001,57.639,1,293.15,0,5164.3,0.0324,-0.0002,0.0000,59.595,1,293.15,0,5144.0,0.0325,-0.0002,0.0000,59.600,1,293.15,0
7.5333,83.4982,13.9355,0.5022,29.408,29.407,6385.0,4,0.071,1.000,0.000,0.000,0,1578.39,4777.38,2363.41,2411.65,-0.00,5576.13,0.04707,0.0459,3937.6,-25.0,0.04702,0.0434,3929.1,-20.4,0.07039,0.0057,4971.7,7.4,0.07027,0.0094,4969.5,-7.6,4230.2,-0.0012,-0.0002,-0.0001,57.791,1,293.15,0,4121.6,-0.0012,-0.0002,-0.0001,57.782,1,293.15,0,5162.8,0.0324,-0.0002,0.0000,59.733,1,293.15,0,5170.0,0.0324,-0.0002,0.0000,59.732,1,293.15,0
7.5500,83.9847,14.0027,0.5020,29.477,29.476,6399.0,4,0.071,1.000,0.000,0.000,0,1586.25,4800.88,2375.61,2422.64,-0.00,5597.80,0.04704,0.0091,3796.5,-5.7,0.04699,0.0256,3825.3,-45.9,0.07050,0.0071,4989.0,13.7,0.07041,0.0063,4953.7,-14.4,4148.3,-0.0013,-0.0001,-0.0001,57.933,1,293.15,0,4208.2,-0.0012,-0.0002,-0.0001,57.926,1,293.15,0,5180.3,0.0322,-0.0002,0.0000,59.866,1,293.15,0,5160.7,0.0324,-0.0002,0.0000,59.869,1,293.15,0
7.5667,84.4724,14.0701,0.5018,29.546,29.545,6413.0,4,0.071,1.000,0.000,0.000,0,1594.11,4824.37,2387.80,2433.62,-0.00,5619.44,0.04729,-0.0270,3696.8,38.2,0.04714,-0.0223,3686.6,15.2,0.07061,0.0109,4997.6,0.8,0.07055,0.0109,4982.8,-11.4,3751.0,-0.0014,-0.0001,-0.0001,58.053,1,293.15,0,3842.1,-0.0014,-0.0001,-0.0001,58.054,1,293.15,0,5216.2,0.0321,-0.0002,0.0000,59.998,1,293.15,0,5188.2,0.0323,-0.0002,0.0000,59.999,1,293.15,0
7.5833,84.9611,14.1377,0.5017,29.614,29.613,6426.7,4,0.071,1.000,0.000,0.000,0,1601.97,4847.92,2400.03,2444.62,-0.00,5641.08,0.04765,0.0281,3901.1,-13.0,0.04755,0.0043,3826.1,19.6,0.07075,0.0060,4988.9,9.1,0.07067,0.0078,4976.9,-7.9,4046.1,-0.0012,-0.0001,-0.0001,58.193,1,293.15,0,3814.3,-0.0012,-0.0001,-0.0001,58.179,1,293.15,0,5175.1,0.0320,-0.0002,0.0000,60.138,1,293.15,0,5178.3,0.0322,-0.0002,0.0000,60.132,1,293.15,0
7.6000,85.4510,14.2054,0.5015,29.683,29.682,6440.6,4,0.071,1.000,0.000,0.000,0,1609.82,4871.40,2412.23,2455.59,-0.00,5662.70,0.04768,0.0397,3937.6,-27.8,0.04767,0.0397,3930.8,-34.0,0.07083,0.0038,4980.2,7.0,0.07078,0.0125,5011.2,0.4,4289.5,-0.0012,-0.0001,-0.0001,58.334,1,293.15,0,4189.5,-0.0012,-0.0001,-0.0001,58.325,1,293.15,0,5148.7,0.0319,-0.0002,0.0000,60.273,1,293.15,0,5224.1,0.0321,-0.0002,0.0000,60.262,1,293.15,0
7.6167,85.9421,14.2732,0.5014,29.751,29.750,6454.2,4,0.071,1.000,0.000,0.000,0,1617.70,4894.97,2424.46,2466.62,-0.00,5684.59,0.04772,-0.0107,3769.4,19.5,0.04763,0.0016,3762.4,-36.1,0.07099,0.0115,5022.3,8.4,0.07092,0.0067,4975.1,-14.6,4030.1,-0.0014,-0.0001,-0.0001,58.469,1,293.15,0,4108.2,-0.0013,-0.0001,-0.0001,58.467,1,293.15,0,5226.1,0.0318,-0.0001,0.0000,60.397,1,293.15,0,5171.0,0.0319,-0.0001,0.0000,60.399,1,293.15,0
7.6333,86.4343,14.3412,0.5013,29.819,29.818,6468.2,4,0.071,1.000,0.000,0.000,0,1625.51,4918.34,2436.59,2477.55,-0.00,5706.21,0.04806,-0.0077,3808.9,29.3,0.04794,-0.0234,3736.3,31.0,0.07105,0.0012,4974.9,4.8,0.07101,0.0092,5005.8,1.5,3820.3,-0.0013,-0.0001,-0.0001,58.587,1,293.15,0,3750.1,-0.0014,-0.0001,-0.0001,58.585,1,293.15,0,5149.8,0.0318,-0.0001,0.0000,60.536,1,293.15,0,5215.0,0.0318,-0.0001,0.0000,60.533,1,293.15,0
7.6500,86.9276,14.4093,0.5011,29.887,29.886,6481.5,4,0.071,1.000,0.000,0.000,0,1633.39,4941.95,2448.86,2488.59,-0.00,5728.00,0.04825,0.0397,3981.4,-11.8,0.04823,0.0345,3958.8,-11.0,0.07121,0.0084,5020.5,11.8,0.07116,0.0067,4989.7,-9.6,4208.2,-0.0012,-0.0001,-0.0001,58.735,1,293.15,0,4124.2,-0.0012,-0.0001,-0.0001,58.726,1,293.15,0,5200.8,0.0316,-0.0001,0.0000,60.661,1,293.15,0,5189.2,0.0318,-0.0001,0.0000,60.664,1,293.15,0
7.6667,87.4220,14.4776,0.5010,29.954,29.953,6495.6,4,0.071,1.000,0.000,0.000,0,1641.17,4965.23,2460.95,2499.48,-0.00,5749.59,0.04818,0.0124,3850.2,-21.9,0.04820,0.0322,3921.3,-37.0,0.07126,0.0056,4994.0,-4.3,0.07125,0.0121,5020.7,-6.5,4221.8,-0.0012,-0.0001,-0.0001,58.868,1,293.15,0,4301.5,-0.0012,-0.0001,-0.0001,58.864,1,293.15,0,5218.6,0.0317,-0.0001,0.0000,60.795,1,293.15,0,5253.4,0.0316,-0.0001,0.0000,60.791,1,293.15,0
7.6833,87.9175,14.5460,0.5009,30.021,30.021,6508.8,4,0.072,1.000,0.000,0.000,0,1649.06,4988.83,2473.20,2510.53,-0.00,5771.54,0.04841,-0.0294,3752.2,49.8,0.04829,-0.0264,3725.5,15.9,0.07141,0.0059,5007.6,2.1,0.07136,0.0048,4993.4,-4.9,3769.6,-0.0013,-0.0001,-0.0000,58.985,1,293.15,0,3882.4,-0.0014,-0.0001,-0.0000,58.991,1,293.15,0,5206.3,0.0315,-0.0001,0.0000,60.923,1,293.15,0,5181.0,0.0315,-0.0001,0.0000,60.931,1,293.15,0
7.7000,88.4141,14.6145,0.5007,30.088,30.088,6522.4,4,0.072,1.000,0.000,0.000,0,1656.87,5012.26,2485.38,2521.47,-0.00,5793.14,0.04871,0.0258,3965.0,9.6,0.04865,0.0071,3875.5,4.0,0.07153,0.0116,5041.8,6.3,0.07149,0.0086,5005.0,-15.1,4090.2,-0.0012,-0.0001,-0.0000,59.122,1,293.15,0,3945.3,-0.0012,-0.0001,-0.0000,59.117,1,293.15,0,5254.1,0.0313,-0.0001,0.0000,61.050,1,293.15,0,5215.9,0.0315,-0.0001,0.0000,61.057,1,293.15,0
7.7167,88.9118,14.6832,0.5006,30.155,30.154,6536.0,4,0.072,1.000,0.000,0.000,0,1664.69,5035.68,2497.55,2532.41,-0.00,5814.77,0.04874,0.0296,3946.6,-26.4,0.04875,0.0392,3996.6,-18.4,0.07159,0.0044,4998.9,-6.5,0.07160,0.0106,5035.1,1.4,4254.6,-0.0011,-0.0001,-0.0000,59.256,1,293.15,0,4260.5,-0.0011,-0.0001,-0.0000,59.255,1,293.15,0,5206.7,0.0314,-0.0001,0.0000,61.187,1,293.15,0,5248.5,0.0313,-0.0001,0.0000,61.183,1,293.15,0
7.7333,89.4107,14.7521,0.5005,30.222,30.221,6549.3,4,0.072,1.000,0.000,0.000,0,1672.55,5059.23,2509.78,2543.43,-0.00,5836.63,0.04879,-0.0047,3852.0,24.7,0.04873,0.0025,3814.2,-41.2,0.07172,0.0022,5007.6,7.4,0.07170,0.0057,5018.6,3.3,4106.4,-0.0013,-0.0001,-0.0000,59.394,1,293.15,0,4157.2,-0.0013,-0.0001,-0.0000,59.395,1,293.15,0,5167.5,0.0312,-0.0001,0.0000,61.324,1,293.15,0,5210.2,0.0312,-0.0001,0.0000,61.312,1,293.15,0
7.7500,89.9106,14.8211,0.5004,30.289,30.288,6562.7,4,0.072,1.000,0.000,0.000,0,1680.35,5082.61,2521.94,2554.34,-0.00,5858.19,0.04908,0.0028,3886.4,13.2,0.04900,-0.0149,3813.0,19.9,0.07185,0.0078,5030.4,-0.2,0.07183,0.0082,5023.8,-8.1,3974.0,-0.0012,-0.0000,-0.0000,59.514,1,293.15,0,3857.6,-0.0013,-0.0000,-0.0000,59.510,1,293.15,0,5244.8,0.0311,-0.0001,0.0000,61.440,1,293.15,0,5235.5,0.0312,-0.0001,0.0000,61.446,1,293.15,0
7.7667,90.4116,14.8902,0.5002,30.355,30.354,6575.9,4,0.072,1.000,0.000,0.000,0,1688.20,5106.16,2534.19,2565.32,-0.00,5879.83,0.04920,0.0322,3976.2,-29.8,0.04922,0.0328,4003.1,-6.5,0.07196,0.0072,5033.7,1.6,0.07192,0.0016,5005.9,0.2,4254.6,-0.0012,-0.0000,-0.0000,59.653,1,293.15,0,4193.6,-0.0012,-0.0000,-0.0000,59.648,1,293.15,0,5216.5,0.0310,-0.0001,0.0000,61.569,1,293.15,0,5163.1,0.0310,-0.0001,0.0000,61.582,1,293.15,0
7.7833,90.9137,14.9595,0.5001,30.421,30.420,6589.1,4,0.072,1.000,0.000,0.000,0,1696.02,5129.63,2546.39,2576.27,-0.00,5901.47,0.04919,0.0042,3873.5,-11.3,0.04920,0.0146,3906.2,-24.4,0.07207,0.0034,5034.8,15.4,0.07203,0.0010,5008.6,1.6,4179.5,-0.0012,-0.0000,-0.0000,59.785,1,293.15,0,4219.3,-0.0011,-0.0000,-0.0000,59.778,1,293.15,0,5172.9,0.0307,-0.0001,0.0000,61.701,1,293.15,0,5177.9,0.0310,-0.0001,0.0000,61.709,1,293.15,0
7.8000,91.4169,15.0289,0.5000,30.487,30.486,6602.5,4,0.072,1.000,0.000,0.000,0,1703.80,5152.97,2558.54,2587.15,-0.00,5922.90,0.04945,-0.0079,3878.2,33.3,0.04936,-0.0141,3819.2,5.4,0.07217,0.0018,5026.9,11.1,0.07215,0.0040,5023.8,-1.2,3959.1,-0.0012,-0.0000,-0.0000,59.903,1,293.15,0,3960.9,-0.0013,-0.0000,-0.0000,59.905,1,293.15,0,5189.8,0.0308,-0.0000,0.0000,61.837,1,293.15,0,5226.0,0.0309,-0.0000,0.0000,61.827,1,293.15,0
7.8167,91.9212,15.0985,0.4998,30.552,30.552,6615.7,4,0.072,1.000,0.000,0.000,0,1711.58,5176.38,2570.73,2598.03,-0.00,5944.25,0.04963,0.0306,4009.0,-11.2,0.04961,0.0121,3926.2,-12.6,0.07227,0.0010,5025.4,9.6,0.07226,0.0042,5029.9,-0.2,4248.7,-0.0012,-0.0000,-0.0000,60.040,1,293.15,0,4055.3,-0.0012,-0.0000,-0.0000,60.032,1,293.15,0,5190.8,0.0307,-0.0000,0.0000,61.964,1,293.15,0,5234.9,0.0308,-0.0000,0.0000,61.954,1,293.15,0
7.8333,92.4266,15.1682,0.4997,30.618,30.617,6628.6,4,0.072,1.000,0.000,0.000,0,1719.42,5199.92,2582.98,2608.98,-0.00,5965.77,0.04962,0.0108,3917.0,-16.6,0.04966,0.0183,3948.0,-20.2,0.07241,0.0008,5033.7,13.2,0.07237,-0.0022,5007.1,1.7,4219.5,-0.0012,-0.0000,-0.0000,60.168,1,293.15,0,4236.0,-0.0012,-0.0000,-0.0000,60.166,1,293.15,0,5181.4,0.0306,-0.0000,0.0000,62.089,1,293.15,0,5175.3,0.0307,-0.0000,0.0000,62.088,1,293.15,0
7.8500,92.9331,15.2381,0.4996,30.684,30.683,6641.4,4,0.073,1.000,0.000,0.000,0,1727.26,5223.51,2595.27,2619.95,-0.00,5987.28,0.04984,-0.0069,3882.0,14.6,0.04979,-0.0105,3857.4,7.8,0.07257,0.0136,5094.7,10.5,0.07253,0.0026,5027.8,-5.3,4014.1,-0.0013,-0.0000,-0.0000,60.293,1,293.15,0,4010.0,-0.0013,-0.0000,-0.0000,60.292,1,293.15,0,5259.8,0.0303,-0.0000,0.0000,62.199,1,293.15,0,5176.3,0.0305,-0.0000,0.0000,62.215,1,293.15,0
7.8667,93.4406,15.3081,0.4995,30.748,30.747,6655.0,4,0.073,1.000,0.000,0.000,0,1734.93,5246.61,2607.32,2630.65,-0.00,6008.13,0.05003,0.0236,4003.3,-5.5,0.05001,0.0112,3947.5,-6.9,0.07260,0.0074,5041.6,-15.5,0.07264,0.0143,5090.0,0.2,4213.9,-0.0011,-0.0000,-0.0000,60.420,1,293.15,0,4089.5,-0.0012,-0.0000,-0.0000,60.417,1,293.15,0,5279.2,0.0305,-0.0000,0.0000,62.332,1,293.15,0,5313.9,0.0304,-0.0000,0.0000,62.327,1,293.15,0
7.8833,93.9492,15.3783,0.4993,30.813,30.812,6667.4,4,0.073,1.000,0.000,0.000,0,1742.78,5270.24,2619.63,2641.62,-0.00,6029.61,0.05009,0.0114,3954.0,-4.5,0.05009,0.0161,3960.7,-18.5,0.07279,-0.0030,5040.5,22.9,0.07274,0.0003,5029.9,-0.9,4211.6,-0.0012,-0.0000,-0.0000,60.551,1,293.15,0,4222.5,-0.0012,-0.0000,-0.0000,60.550,1,293.15,0,5169.8,0.0302,-0.0000,0.0000,62.464,1,293.15,0,5231.8,0.0304,-0.0000,0.0000,62.461,1,293.15,0
7.9000,94.4588,15.4486,0.4992,30.877,30.876,6681.2,4,0.073,1.000,0.000,0.000,0,1750.42,5293.28,2631.66,2652.27,-0.00,6050.30,0.05023,-0.0026,3905.7,0.8,0.05024,-0.0016,3919.6,9.7,0.07278,0.0058,5038.1,-18.7,0.07284,0.0201,5124.3,0.2,4071.2,-0.0012,-0.0000,-0.0000,60.672,1,293.15,0,4094.1,-0.0012,-0.0000,-0.0000,60.674,1,293.15,0,5287.3,0.0304,-0.0000,0.0000,62.584,1,293.15,0,5384.0,0.0303,-0.0000,0.0000,62.572,1,293.15,0
7.9167,94.9696,15.5190,0.4991,30.943,30.942,6692.5,4,0.073,1.000,0.000,0.000,0,1758.43,5317.46,2644.27,2663.47,-0.00,6072.12,0.05043,0.0115,3981.9,6.8,0.05040,0.0055,3945.4,-2.4,0.07311,0.0248,5154.3,-1.0,0.07312,0.0062,5061.9,-9.6,4151.7,-0.0011,-0.0000,-0.0000,60.801,1,293.15,0,4106.6,-0.0012,-0.0000,-0.0000,60.801,1,293.15,0,5357.9,0.0299,-0.0000,0.0000,62.684,1,293.15,0,5194.8,0.0299,-0.0000,0.0000,62.708,1,293.15,0
7.9333,95.4814,15.5896,0.4989,31.006,31.005,6706.0,4,0.073,1.000,0.000,0.000,0,1766.03,5340.36,2656.21,2674.08,-0.00,6092.87,0.05052,0.0075,3940.1,-21.7,0.05055,0.0131,3997.5,9.6,0.07317,-0.0059,5029.9,10.9,0.07308,-0.0046,5020.6,-0.6,4167.0,-0.0012,-0.0000,-0.0000,60.927,1,293.15,0,4185.0,-0.0011,-0.0000,-0.0000,60.924,1,293.15,0,5199.6,0.0300,-0.0000,0.0000,62.837,1,293.15,0,5207.4,0.0301,-0.0000,0.0000,62.836,1,293.15,0
7.9500,95.9942,15.6604,0.4988,31.070,31.069,6718.5,4,0.073,1.000,0.000,0.000,0,1773.82,5363.89,2668.49,2684.97,-0.00,6114.05,0.05066,0.0009,3938.0,-2.2,0.05069,0.0023,3962.8,15.1,0.07330,0.0107,5098.6,-0.3,0.07330,0.0155,5119.3,-1.1,4092.1,-0.0012,-0.0000,-0.0000,61.050,1,293.15,0,4121.6,-0.0011,-0.0000,-0.0000,61.049,1,293.15,0,5287.9,0.0298,-0.0000,0.0000,62.944,1,293.15,0,5324.5,0.0298,-0.0000,0.0000,62.945,1,293.15,0
7.9667,96.5081,15.7312,0.4987,31.133,31.132,6731.7,4,0.073,1.000,0.000,0.000,0,1781.47,5386.97,2680.54,2695.63,-0.00,6134.79,0.05083,0.0127,3995.4,-3.8,0.05087,0.0107,3991.8,-0.5,0.07329,-0.0054,5000.7,-25.1,0.07339,0.0074,5111.4,24.3,4191.8,-0.0011,-0.0000,-0.0000,61.174,1,293.15,0,4178.0,-0.0011,-0.0000,-0.0000,61.174,1,293.15,0,5205.3,0.0300,-0.0000,0.0000,63.089,1,293.15,0,5309.6,0.0297,-0.0000,0.0000,63.067,1,293.15,0
7.9833,97.0230,15.8023,0.4985,31.195,31.195,6744.8,4,0.073,1.000,0.000,0.000,0,1789.10,5410.09,2692.63,2706.27,-0.00,6155.30,0.05100,0.0103,4009.3,12.8,0.05096,0.0087,3964.2,-23.7,0.07332,0.0005,5065.7,12.4,0.07338,-0.0064,5018.7,-5.7,4229.6,-0.0011,-0.0000,-0.0000,61.301,1,293.15,0,4209.9,-0.0012,-0.0000,-0.0000,61.304,1,293.15,0,5240.3,0.0298,0.0000,0.0000,63.206,1,293.15,0,5221.3,0.0300,-0.0000,0.0000,63.211,1,293.15,0
8.0000,97.5390,15.8734,0.4984,31.259,31.258,6757.1,4,0.074,1.000,0.000,0.000,0,1796.88,5433.71,2704.99,2717.10,-0.00,6176.00,0.05116,0.0009,3955.6,-7.9,0.05112,0.0009,3980.9,19.2,0.07357,0.0202,5160.9,9.2,0.07349,0.0200,5123.3,-24.8,4114.5,-0.0012,0.0000,-0.0000,61.426,1,293.15,0,4104.4,-0.0012,0.0000,-0.0000,61.422,1,293.15,0,5385.6,0.0295,-0.0000,0.0000,63.307,1,293.15,0,5357.6,0.0297,-0.0000,0.0000,63.311,1,293.15,0
8.0167,98.0560,15.9447,0.4983,31.323,31.322,6768.7,4,0.074,1.000,0.000,0.000,0,1804.72,5457.48,2717.42,2728.04,-0.00,6197.09,0.05128,0.0139,4005.4,-20.1,0.05135,0.0173,4050.5,7.1,0.07370,-0.0057,5012.9,-26.4,0.07376,0.0020,5115.2,38.8,4228.5,-0.0012,-0.0000,-0.0000,61.552,1,293.15,0,4238.9,-0.0011,-0.0000,-0.0000,61.549,1,293.15,0,5175.8,0.0295,-0.0000,0.0000,63.450,1,293.15,0,5238.2,0.0293,-0.0000,0.0000,63.438,1,293.15,0
8.0333,98.5741,16.0162,0.4981,31.385,31.384,6782.2,4,0.074,1.000,0.000,0.000,0,1812.26,5480.41,2729.43,2738.55,-0.00,6217.20,0.05143,0.0103,4028.9,11.7,0.05142,0.0143,4018.3,-15.5,0.07379,0.0180,5154.1,3.9,0.07378,0.0158,5113.4,-26.1,4226.6,-0.0011,-0.0000,-0.0000,61.672,1,293.15,0,4265.5,-0.0012,-0.0000,-0.0000,61.675,1,293.15,0,5402.4,0.0294,-0.0000,0.0000,63.546,1,293.15,0,5361.3,0.0294,-0.0000,0.0000,63.557,1,293.15,0
8.0500,99.0931,16.0878,0.4980,31.447,31.446,6794.3,4,0.074,1.000,0.000,0.000,0,1819.96,5503.81,2741.68,2749.27,-0.00,6237.76,0.05159,0.0050,4003.8,2.5,0.05161,0.0074,4025.5,12.6,0.07390,0.0064,5106.3,4.6,0.07391,0.0026,5071.3,-13.3,4146.5,-0.0012,-0.0000,-0.0000,61.792,1,293.15,0,4192.1,-0.0011,-0.0000,-0.0000,61.794,1,293.15,0,5323.8,0.0293,-0.0000,0.0000,63.679,1,293.15,0,5289.6,0.0294,-0.0000,0.0000,63.682,1,293.15,0
8.0667,99.6133,16.1595,0.4978,31.510,31.509,6778.5,5,0.074,1.000,0.000,0.000,0,1827.69,5527.33,2754.00,2760.05,-0.00,6258.36,0.05174,0.0086,4026.0,1.8,0.05175,0.0172,4067.0,5.1,0.07405,0.0058,5098.6,-5.7,0.07404,-0.0018,5072.2,2.3,4190.8,-0.0011,-0.0000,-0.0000,61.916,1,293.15,0,4274.0,-0.0012,-0.0000,-0.0000,61.920,1,293.15,0,5299.5,0.0401,-0.0000,0.0000,65.108,1,293.15,0,5225.1,0.0401,-0.0000,0.0000,65.132,1,293.15,0
8.0833,100.1352,16.2315,0.4977,31.631,31.630,6735.2,5,0.074,1.000,0.000,0.000,0,1842.69,5572.26,2777.36,2781.12,-0.00,6300.70,0.05173,-0.0165,3912.4,-2.3,0.05172,-0.0185,3940.2,34.5,0.07424,0.0193,5169.0,-3.6,0.07427,0.0203,5171.2,-7.2,4023.5,-0.0016,-0.0000,-0.0000,62.170,1,293.15,0,4034.3,-0.0016,-0.0000,-0.0000,62.170,1,293.15,0,5379.4,0.0654,-0.0000,0.0000,66.561,1,293.15,0,5382.8,0.0656,-0.0000,0.0000,66.560,1,293.15,0
8.1000,100.6599,16.3039,0.4975,31.797,31.796,6691.9,5,0.074,1.000,0.000,0.000,0,1863.40,5634.13,2809.51,2810.24,-0.00,6359.62,0.05124,-0.0279,3842.3,-0.4,0.05121,-0.0391,3813.0,20.0,0.07492,0.0535,5348.3,-4.7,0.07494,0.0472,5297.3,-27.5,4005.7,-0.0017,-0.0000,-0.0000,62.503,1,293.15,0,3926.6,-0.0017,-0.0000,-0.0000,62.496,1,293.15,0,5590.5,0.0731,-0.0000,0.0000,67.223,1,293.15,0,5504.2,0.0731,-0.0000,0.0000,67.258,1,293.15,0
8.1167,101.1875,16.3766,0.4973,31.981,31.980,6648.5,5,0.074,1.000,0.000,0.000,0,1886.43,5703.05,2845.35,2842.60,-0.00,6424.80,0.05020,-0.0651,3618.3,-15.1,0.05024,-0.0495,3735.9,33.0,0.07603,0.0736,5484.2,-0.2,0.07607,0.0771,5471.8,-29.6,3826.7,-0.0019,0.0000,-0.0000,62.861,1,293.15,0,3964.5,-0.0018,0.0000,-0.0000,62.864,1,293.15,0,5697.3,0.0739,-0.0000,0.0000,67.622,1,293.15,0,5705.9,0.0741,-0.0000,0.0000,67.615,1,293.15,0
8.1333,101.7183,16.4498,0.4971,32.173,32.172,6605.2,5,0.074,1.000,0.000,0.000,0,1910.68,5775.76,2883.23,2876.60,-0.00,6492.73,0.04917,-0.0661,3588.5,8.5,0.04913,-0.0734,3562.4,15.6,0.07755,0.0995,5648.7,-7.9,0.07759,0.0992,5624.7,-32.0,3778.2,-0.0020,0.0000,-0.0000,63.237,1,293.15,0,3743.1,-0.0020,0.0000,-0.0000,63.234,1,293.15,0,5866.4,0.0718,-0.0000,0.0000,67.854,1,293.15,0,5826.7,0.0719,-0.0000,0.0000,67.858,1,293.15,0
8.1500,102.2523,16.5235,0.4969,32.369,32.367,6561.9,5,0.074,1.000,0.000,0.000,0,1935.48,5850.32,2922.12,2911.34,-0.00,6561.72,0.04784,-0.0871,3434.5,8.7,0.04779,-0.0858,3456.9,28.3,0.07938,0.1150,5779.3,-11.6,0.07942,0.1156,5759.3,-36.0,3605.3,-0.0021,0.0000,-0.0000,63.611,1,293.15,0,3645.9,-0.0021,0.0000,-0.0000,63.612,1,293.15,0,6005.4,0.0685,-0.0001,0.0000,68.039,1,293.15,0,5962.3,0.0685,-0.0001,0.0000,68.057,1,293.15,0
8.1667,102.7896,16.5976,0.4966,32.564,32.562,6518.5,5,0.075,1.000,0.000,0.000,0,1960.47,5925.74,2961.54,2946.29,-0.00,6630.42,0.04635,-0.0900,3341.1,0.2,0.04631,-0.0912,3361.1,27.2,0.08137,0.1214,5877.8,-10.6,0.08143,0.1223,5863.4,-31.3,3546.0,-0.0022,0.0000,-0.0000,63.993,1,293.15,0,3551.6,-0.0022,0.0000,-0.0000,63.990,1,293.15,0,6079.1,0.0652,-0.0001,0.0000,68.253,1,293.15,0,6050.4,0.0653,-0.0001,0.0000,68.270,1,293.15,0
8.1833,103.3300,16.6721,0.4962,32.757,32.755,6475.2,5,0.075,1.000,0.000,0.000,0,1985.43,6001.52,3001.25,2981.13,-0.00,6697.95,0.04484,-0.0904,3265.7,0.8,0.04482,-0.0887,3300.1,29.2,0.08345,0.1266,5969.8,-11.6,0.08352,0.1273,5954.5,-32.4,3462.5,-0.0022,0.0000,-0.0000,64.367,1,293.15,0,3498.7,-0.0022,0.0000,-0.0000,64.366,1,293.15,0,6172.3,0.0626,-0.0001,0.0000,68.492,1,293.15,0,6141.2,0.0626,-0.0001,0.0000,68.508,1,293.15,0
8.2000,103.8736,16.7470,0.4958,32.950,32.946,6431.8,5,0.075,1.000,0.000,0.000,0,2010.37,6077.89,3041.38,3015.92,-0.00,6764.26,0.04343,-0.0828,3231.6,4.6,0.04341,-0.0816,3253.5,22.7,0.08557,0.1281,6057.6,0.6,0.08565,0.1327,6040.7,-39.5,3429.2,-0.0022,0.0000,-0.0000,64.743,1,293.15,0,3464.0,-0.0022,0.0000,-0.0000,64.741,1,293.15,0,6242.1,0.0603,-0.0001,0.0000,68.764,1,293.15,0,6263.1,0.0606,-0.0001,0.0000,68.759,1,293.15,0
8.2167,104.4204,16.8224,0.4954,33.139,33.136,6388.5,5,0.075,1.000,0.000,0.000,0,2035.19,6154.65,3081.84,3050.54,-0.00,6829.03,0.04216,-0.0734,3209.5,6.3,0.04213,-0.0717,3227.3,17.9,0.08764,0.1250,6109.1,1.4,0.08769,0.1212,6045.0,-46.7,3407.2,-0.0022,0.0000,-0.0000,65.113,1,293.15,0,3444.5,-0.0022,0.0000,-0.0000,65.112,1,293.15,0,6317.4,0.0589,-0.0001,0.0000,69.068,1,293.15,0,6256.1,0.0591,-0.0001,0.0000,69.085,1,293.15,0
8.2333,104.9703,16.8982,0.4949,33.329,33.325,6345.2,5,0.075,1.000,0.000,0.000,0,2060.18,6232.85,3123.17,3085.41,-0.00,6893.06,0.04109,-0.0603,3207.9,2.7,0.04107,-0.0590,3225.7,16.2,0.08965,0.1176,6119.6,-15.1,0.08971,0.1183,6116.7,-23.1,3408.4,-0.0022,-0.0000,-0.0000,65.485,1,293.15,0,3433.5,-0.0022,-0.0000,-0.0000,65.484,1,293.15,0,6313.4,0.0577,-0.0001,0.0000,69.391,1,293.15,0,6280.5,0.0576,-0.0001,0.0000,69.399,1,293.15,0
8.2500,105.5232,16.9745,0.4943,33.516,33.511,6301.8,5,0.075,1.000,0.000,0.000,0,2084.96,6311.60,3164.93,3120.08,-0.00,6955.42,0.04026,-0.0438,3231.9,-0.9,0.04024,-0.0453,3233.1,7.5,0.09152,0.1098,6153.1,-0.9,0.09157,0.1084,6115.3,-34.0,3454.0,-0.0022,-0.0000,-0.0000,65.856,1,293.15,0,3441.6,-0.0022,-0.0000,-0.0000,65.851,1,293.15,0,6344.5,0.0570,-0.0001,0.0000,69.744,1,293.15,0,6311.9,0.0572,-0.0001,0.0000,69.754,1,293.15,0
8.2667,106.0793,17.0511,0.4937,33.703,33.698,6258.5,5,0.075,1.000,0.000,0.000,0,2109.94,6392.35,3207.86,3155.22,-0.00,7017.47,0.03966,-0.0310,3258.7,1.7,0.03965,-0.0291,3269.0,4.2,0.09331,0.1018,6164.6,-4.1,0.09334,0.1044,6154.8,-26.3,3469.8,-0.0022,-0.0000,-0.0000,66.223,1,293.15,0,3490.5,-0.0022,-0.0000,-0.0000,66.221,1,293.15,0,6350.6,0.0563,-0.0001,0.0000,70.099,1,293.15,0,6343.8,0.0565,-0.0001,0.0000,70.093,1,293.15,0
8.2833,106.6385,17.1282,0.4930,33.890,33.884,6215.2,5,0.075,1.000,0.000,0.000,0,2134.96,6474.80,3251.81,3190.68,-0.00,7079.06,0.03929,-0.0170,3295.3,-2.6,0.03930,-0.0171,3302.0,3.8,0.09494,0.0930,6160.3,-13.3,0.09503,0.0942,6168.1,-13.2,3506.3,-0.0021,-0.0000,-0.0000,66.590,1,293.15,0,3507.2,-0.0021,-0.0000,-0.0000,66.587,1,293.15,0,6343.0,0.0549,-0.0001,0.0000,70.272,1,293.15,0,6335.5,0.0548,-0.0001,0.0000,70.274,1,293.15,0
8.3000,107.2005,17.2056,0.4922,34.064,34.058,6171.8,5,0.075,1.000,0.000,0.000,0,2158.53,6554.88,3294.65,3224.47,-0.00,7136.23,0.03917,-0.0014,3360.9,2.0,0.03919,0.0003,3361.3,-5.8,0.09646,0.0878,6199.2,8.6,0.09647,0.0839,6140.6,-32.1,3571.4,-0.0020,-0.0000,-0.0000,66.934,1,293.15,0,3588.4,-0.0020,-0.0000,-0.0000,66.931,1,293.15,0,6378.0,0.0475,-0.0001,0.0000,70.112,1,293.15,0,6334.5,0.0478,-0.0001,0.0000,70.126,1,293.15,0
8.3167,107.7651,17.2834,0.4915,34.215,34.209,6128.5,5,0.075,1.000,0.000,0.000,0,2179.09,6628.31,3334.13,3254.60,-0.00,7185.17,0.03936,0.0188,3449.4,-6.1,0.03939,0.0204,3453.9,-10.2,0.09772,0.0660,6113.9,-9.6,0.09779,0.0695,6140.4,-0.7,3678.4,-0.0018,-0.0000,-0.0000,67.231,1,293.15,0,3677.9,-0.0017,-0.0000,-0.0000,67.229,1,293.15,0,6273.7,0.0408,-0.0001,0.0000,69.983,1,293.15,0,6299.6,0.0407,-0.0001,0.0000,69.975,1,293.15,0
8.3333,108.3319,17.3615,0.4906,34.342,34.335,6085.2,5,0.075,1.000,0.000,0.000,0,2196.43,6694.25,3369.80,3280.69,-0.00,7225.11,0.03992,0.0441,3585.8,-8.0,0.03998,0.0451,3582.0,-19.1,0.09877,0.0538,6088.2,-6.3,0.09881,0.0548,6101.5,1.3,3822.3,-0.0016,-0.0000,-0.0000,67.482,1,293.15,0,3810.0,-0.0016,-0.0000,-0.0000,67.479,1,293.15,0,6244.1,0.0345,-0.0001,0.0000,69.819,1,293.15,0,6251.6,0.0345,-0.0001,0.0000,69.823,1,293.15,0
8.3500,108.9004,17.4398,0.4898,34.443,34.436,6042.9,5,0.075,1.000,0.000,0.000,0,2210.30,6734.07,3393.17,3292.65,-0.00,7214.40,0.04095,0.0820,3797.5,-13.1,0.04099,0.0742,3731.2,-47.9,0.09936,0.0278,6003.5,13.0,0.09936,0.0252,5969.2,-9.5,4102.1,-0.0014,-0.0000,-0.0000,67.687,1,293.15,0,3973.9,-0.0013,-0.0000,-0.0000,67.677,1,293.15,0,6159.8,0.0293,-0.0001,0.0000,69.666,1,293.15,0,6158.0,0.0297,-0.0001,0.0000,69.675,1,293.15,0
8.3667,109.4702,17.5184,0.4890,34.521,34.515,6023.5,5,0.076,1.000,0.000,0.000,0,2221.15,6765.59,3412.28,3300.44,-0.00,7194.46,0.04255,0.0903,3913.8,-14.6,0.04262,0.0870,3900.6,-17.3,0.09948,0.0001,5862.2,-4.8,0.09953,0.0041,5898.7,12.7,4116.3,-0.0013,-0.0000,-0.0000,67.836,1,293.15,0,4062.3,-0.0012,-0.0000,-0.0000,67.831,1,293.15,0,6033.8,0.0253,-0.0000,0.0000,69.593,1,293.15,0,6082.1,0.0253,-0.0000,0.0000,69.577,1,293.15,0
8.3833,110.0411,17.5970,0.4882,34.584,34.579,6020.2,5,0.076,1.000,0.000,0.000,0,2229.88,6791.54,3428.43,3305.57,-0.00,7169.61,0.04452,0.1311,4188.7,-15.2,0.04461,0.1253,4143.0,-40.3,0.09924,-0.0237,5752.7,0.8,0.09927,-0.0224,5777.7,18.9,4423.5,-0.0011,-0.0000,-0.0000,67.961,1,293.15,0,4329.2,-0.0010,-0.0000,-0.0000,67.955,1,293.15,0,5911.9,0.0235,-0.0000,0.0000,69.621,1,293.15,0,5953.1,0.0235,-0.0000,0.0000,69.621,1,293.15,0
8.4000,110.6129,17.6758,0.4875,34.640,34.635,6024.6,5,0.076,1.000,0.000,0.000,0,2237.56,6815.02,3443.16,3309.80,-0.00,7144.83,0.04654,0.1240,4257.9,-16.0,0.04667,0.1358,4296.9,-33.9,0.09864,-0.0450,5635.4,-4.2,0.09868,-0.0434,5679.6,31.7,4482.2,-0.0010,-0.0000,-0.0000,68.069,1,293.15,0,4545.5,-0.0010,-0.0000,-0.0000,68.069,1,293.15,0,5792.3,0.0231,-0.0000,0.0000,69.716,1,293.15,0,5839.1,0.0229,-0.0000,0.0000,69.708,1,293.15,0
8.4167,111.1855,17.7547,0.4869,34.691,34.686,6033.2,5,0.076,1.000,0.000,0.000,0,2244.69,6837.33,3457.08,3313.90,-0.00,7122.29,0.04878,0.1222,4375.0,-0.3,0.04890,0.1316,4397.6,-23.3,0.09773,-0.0620,5532.3,-6.2,0.09775,-0.0586,5589.3,34.6,4516.8,-0.0010,-0.0000,-0.0000,68.166,1,293.15,0,4601.7,-0.0010,-0.0000,-0.0000,68.172,1,293.15,0,5704.3,0.0232,-0.0000,0.0000,69.835,1,293.15,0,5759.1,0.0230,-0.0000,0.0000,69.822,1,293.15,0
8.4333,111.7590,17.8337,0.4864,34.741,34.737,6043.1,5,0.076,1.000,0.000,0.000,0,2251.65,6859.45,3470.66,3318.51,-0.00,7104.07,0.05106,0.1321,4529.5,3.3,0.05114,0.1342,4499.5,-39.5,0.09664,-0.0665,5483.0,-7.0,0.09667,-0.0673,5519.5,32.1,4701.2,-0.0009,-0.0000,-0.0000,68.263,1,293.15,0,4710.0,-0.0010,-0.0000,-0.0000,68.274,1,293.15,0,5670.2,0.0235,0.0000,0.0000,69.951,1,293.15,0,5690.8,0.0233,0.0000,0.0000,69.947,1,293.15,0
8.4500,112.3333,17.9128,0.4860,34.789,34.786,6054.1,5,0.076,1.000,0.000,0.000,0,2258.42,6881.06,3483.66,3323.73,-0.00,7091.34,0.05327,0.1283,4615.6,2.9,0.05332,0.1209,4550.7,-32.2,0.09538,-0.0736,5432.2,7.8,0.09537,-0.0768,5419.6,9.8,4768.9,-0.0008,-0.0000,-0.0000,68.355,1,293.15,0,4697.7,-0.0010,-0.0000,-0.0000,68.371,1,293.15,0,5651.2,0.0240,0.0000,0.0000,70.081,1,293.15,0,5649.7,0.0240,0.0000,0.0000,70.075,1,293.15,0
8.4667,112.9085,17.9920,0.4856,34.839,34.836,6064.3,5,0.076,1.000,0.000,0.000,0,2265.35,6903.00,3496.50,3330.01,0.00,7085.23,0.05527,0.1279,4693.2,-9.2,0.05535,0.1234,4642.1,-44.1,0.09409,-0.0815,5350.8,-2.9,0.09411,-0.0815,5388.9,34.6,4923.9,-0.0007,-0.0000,-0.0000,68.447,1,293.15,0,4846.2,-0.0010,-0.0000,-0.0000,68.474,1,293.15,0,5532.8,0.0244,0.0000,0.0000,70.212,1,293.15,0,5566.9,0.0242,0.0000,0.0000,70.206,1,293.15,0
8.4833,113.4844,18.0713,0.4854,34.888,34.885,6075.2,5,0.076,1.000,0.000,0.000,0,2272.18,6924.36,3508.69,3337.02,0.00,7085.36,0.05714,0.1075,4694.9,-2.6,0.05719,0.1083,4668.4,-34.4,0.09275,-0.0751,5358.8,12.9,0.09275,-0.0715,5372.2,9.8,4894.9,-0.0005,-0.0000,-0.0000,68.528,1,293.15,0,4875.1,-0.0011,-0.0000,-0.0000,68.582,1,293.15,0,5562.9,0.0247,0.0000,0.0000,70.329,1,293.15,0,5630.4,0.0247,0.0000,0.0000,70.316,1,293.15,0
8.5000,114.0611,18.1508,0.4853,34.938,34.936,6084.8,5,0.076,1.000,0.000,0.000,0,2279.20,6945.86,3520.59,3345.16,0.00,7092.66,0.05876,0.0881,4684.5,0.7,0.05882,0.0964,4706.5,-16.4,0.09152,-0.0755,5308.5,-0.7,0.09153,-0.0764,5332.8,27.1,4837.2,-0.0001,-0.0000,-0.0000,68.587,1,293.15,0,4909.5,-0.0013,-0.0000,-0.0000,68.699,1,293.15,0,5501.0,0.0250,0.0000,0.0000,70.447,1,293.15,0,5522.9,0.0248,0.0000,0.0000,70.445,1,293.15,0
8.5167,114.6387,18.2303,0.4852,34.987,34.985,6095.0,5,0.076,1.000,0.000,0.000,0,2286.10,6966.57,3531.75,3353.93,0.00,7105.90,0.06020,0.0817,4719.8,1.6,0.06022,0.0746,4664.3,-23.8,0.09023,-0.0780,5260.1,-1.0,0.09025,-0.0754,5299.7,26.6,4900.1,0.0009,-0.0000,-0.0000,68.592,1,293.15,0,4827.4,-0.0017,-0.0000,-0.0000,68.830,1,293.15,0,5457.8,0.0253,0.0000,0.0000,70.566,1,293.15,0,5506.9,0.0252,0.0000,0.0000,70.568,1,293.15,0
8.5333,115.2171,18.3100,0.4852,35.036,35.035,6104.6,5,0.076,1.000,0.000,0.000,0,2293.49,6988.24,3542.58,3364.52,0.00,7127.55,0.06141,0.0726,4725.7,-4.0,0.06144,0.0729,4704.7,-27.9,0.08904,-0.0670,5270.3,-5.7,0.08909,-0.0667,5303.0,24.1,4946.7,0.0029,-0.0000,-0.0000,68.492,1,293.15,0,4922.9,-0.0025,-0.0000,-0.0000,69.009,1,293.15,0,5479.1,0.0254,0.0001,0.0000,70.672,1,293.15,0,5506.8,0.0254,0.0001,0.0000,70.678,1,293.15,0
8.5500,115.7963,18.3898,0.4853,35.086,35.085,6113.8,5,0.076,1.000,0.000,0.000,0,2301.05,7010.01,3553.01,3376.14,0.00,7155.16,0.06240,0.0537,4687.5,-1.8,0.06236,0.0472,4640.7,-18.9,0.08801,-0.0589,5287.7,5.6,0.08801,-0.0624,5277.4,11.3,4892.8,0.0071,-0.0000,-0.0000,68.210,1,293.15,0,4806.3,-0.0040,-0.0000,-0.0000,69.220,1,293.15,0,5492.8,0.0256,0.0001,0.0000,70.778,1,293.15,0,5485.4,0.0255,0.0001,0.0000,70.787,1,293.15,0
8.5667,116.3763,18.4697,0.4854,35.136,35.135,6122.6,5,0.076,1.000,0.000,0.000,0,2308.62,7031.53,3563.10,3388.24,0.00,7186.50,0.06320,0.0488,4692.7,-8.2,0.06317,0.0439,4664.1,-14.8,0.08708,-0.0547,5273.8,0.8,0.08704,-0.0601,5262.3,15.4,4910.4,0.0149,-0.0001,-0.0000,67.586,1,293.15,0,4831.4,-0.0065,-0.0001,-0.0000,69.547,1,293.15,0,5476.7,0.0257,0.0001,0.0000,70.885,1,293.15,0,5435.5,0.0255,0.0001,0.0000,70.897,1,293.15,0
8.5833,116.9572,18.5497,0.4856,35.185,35.184,6132.4,5,0.076,1.000,0.000,0.000,0,2316.01,7052.36,3572.71,3400.41,0.00,7219.83,0.06374,0.0285,4623.6,-11.3,0.06377,0.0344,4658.7,-3.1,0.08607,-0.0612,5203.8,-8.3,0.08606,-0.0487,5291.0,22.4,4835.3,0.0249,-0.0001,-0.0000,66.932,1,293.15,0,4864.7,-0.0103,-0.0001,-0.0000,69.998,1,293.15,0,5420.3,0.0260,0.0001,0.0000,71.006,1,293.15,0,5526.1,0.0258,0.0001,0.0000,70.995,1,293.15,0
8.6000,117.5389,18.6299,0.4858,35.237,35.236,6140.0,5,0.076,1.000,0.000,0.000,0,2323.90,7074.62,3582.96,3413.45,0.00,7255.73,0.06417,0.0318,4644.1,-22.7,0.06421,0.0155,4587.5,-9.8,0.08539,-0.0301,5324.7,-7.4,0.08545,-0.0335,5328.8,10.2,4910.8,0.0327,-0.0001,-0.0000,66.284,1,293.15,0,4729.0,-0.0174,-0.0001,-0.0000,70.573,1,293.15,0,5544.1,0.0257,0.0002,0.0000,71.084,1,293.15,0,5527.0,0.0255,0.0002,0.0000,71.082,1,293.15,0
8.6167,118.1215,18.7102,0.4860,35.287,35.286,6148.5,5,0.076,1.000,0.000,0.000,0,2331.60,7096.27,3592.83,3426.42,0.00,7292.61,0.06444,0.0158,4598.2,-10.1,0.06442,0.0139,4589.8,-9.1,0.08480,-0.0459,5260.4,19.0,0.08473,-0.0447,5251.8,6.9,4839.1,0.0384,-0.0001,-0.0000,66.139,1,293.15,0,4785.1,-0.0216,-0.0001,-0.0000,71.064,1,293.15,0,5422.8,0.0258,0.0002,0.0000,71.204,1,293.15,0,5462.7,0.0257,0.0002,0.0000,71.197,1,293.15,0
8.6333,118.7049,18.7905,0.4861,35.340,35.339,6156.5,5,0.077,1.000,0.000,0.000,0,2339.67,7119.05,3603.26,3439.92,0.00,7330.42,0.06467,0.0226,4624.9,-22.1,0.06466,0.0068,4562.7,-15.2,0.08428,-0.0217,5331.1,-3.6,0.08426,-0.0288,5306.9,5.0,4916.6,0.0380,-0.0002,-0.0000,66.088,1,293.15,0,4722.7,-0.0302,-0.0002,-0.0000,71.707,1,293.15,0,5545.9,0.0255,0.0002,0.0000,71.281,1,293.15,0,5478.5,0.0253,0.0002,0.0000,71.289,1,293.15,0
8.6500,119.2891,18.8711,0.4863,35.391,35.391,6164.7,5,0.077,1.000,0.000,0.000,0,2347.58,7141.43,3613.51,3453.17,0.00,7367.59,0.06470,0.0065,4557.6,-20.9,0.06471,0.0022,4560.0,0.3,0.08384,-0.0198,5323.3,-5.8,0.08385,-0.0179,5342.3,4.3,4812.7,0.0356,-0.0002,-0.0000,66.599,1,293.15,0,4733.0,-0.0322,-0.0002,-0.0000,71.967,1,293.15,0,5545.7,0.0255,0.0002,0.0000,71.381,1,293.15,0,5554.7,0.0253,0.0002,0.0000,71.376,1,293.15,0
8.6667,119.8742,18.9517,0.4865,35.443,35.442,6172.9,5,0.077,1.000,0.000,0.000,0,2355.50,7163.93,3623.87,3466.31,0.00,7403.76,0.06473,0.0073,4562.6,-20.2,0.06471,-0.0095,4501.2,-7.8,0.08349,-0.0139,5343.9,-0.9,0.08350,-0.0147,5337.6,-3.7,4840.6,0.0328,-0.0002,-0.0000,66.845,1,293.15,0,4646.6,-0.0342,-0.0002,-0.0000,72.018,1,293.15,0,5569.6,0.0254,0.0002,0.0000,71.476,1,293.15,0,5557.9,0.0252,0.0002,0.0000,71.473,1,293.15,0
8.6833,120.4601,19.0324,0.4866,35.494,35.493,6180.6,5,0.077,1.000,0.000,0.000,0,2363.33,7186.29,3634.24,3479.16,0.00,7438.31,0.06474,-0.0014,4538.3,-6.8,0.06467,-0.0135,4493.6,4.0,0.08327,-0.0112,5347.9,-1.8,0.08325,-0.0094,5358.2,0.9,4745.2,0.0337,-0.0002,-0.0000,67.076,1,293.15,0,4616.0,-0.0330,-0.0002,-0.0000,71.981,1,293.15,0,5559.1,0.0253,0.0002,0.0000,71.568,1,293.15,0,5565.7,0.0249,0.0002,0.0000,71.570,1,293.15,0
8.7000,121.0469,19.1133,0.4867,35.545,35.545,6188.4,5,0.077,1.000,0.000,0.000,0,2371.27,7209.07,3644.91,3491.95,0.00,7471.51,0.06463,0.0049,4553.8,-14.8,0.06461,-0.0083,4502.8,-7.1,0.08308,-0.0108,5342.8,-2.6,0.08308,-0.0117,5349.8,8.5,4814.8,0.0287,-0.0001,-0.0000,67.397,1,293.15,0,4660.2,-0.0317,-0.0001,-0.0000,72.079,1,293.15,0,5531.9,0.0252,0.0002,0.0000,71.668,1,293.15,0,5526.1,0.0248,0.0002,0.0000,71.671,1,293.15,0
8.7167,121.6345,19.1943,0.4868,35.596,35.595,6196.2,5,0.077,1.000,0.000,0.000,0,2379.14,7231.74,3655.62,3504.41,0.00,7502.74,0.06454,-0.0037,4505.4,-22.1,0.06453,-0.0146,4487.6,7.9,0.08298,-0.0049,5362.8,-5.8,0.08300,-0.0042,5379.0,6.2,4751.0,0.0268,-0.0001,-0.0000,67.759,1,293.15,0,4619.6,-0.0309,-0.0001,-0.0000,72.052,1,293.15,0,5563.0,0.0251,0.0002,0.0000,71.759,1,293.15,0,5570.1,0.0246,0.0002,0.0000,71.759,1,293.15,0
8.7333,122.2230,19.2754,0.4869,35.646,35.646,6204.0,5,0.077,1.000,0.000,0.000,0,2386.96,7254.37,3666.42,3516.52,0.00,7531.74,0.06445,0.0026,4544.1,-7.2,0.06443,-0.0061,4499.3,-13.3,0.08297,-0.0009,5389.5,2.7,0.08295,-0.0027,5374.4,-3.5,4803.0,0.0246,-0.0001,-0.0000,67.934,1,293.15,0,4697.2,-0.0274,-0.0001,-0.0000,72.055,1,293.15,0,5589.3,0.0248,0.0002,0.0000,71.845,1,293.15,0,5571.6,0.0246,0.0002,0.0000,71.858,1,293.15,0
8.7500,122.8122,19.3566,0.4869,35.697,35.696,6211.7,5,0.077,1.000,0.000,0.000,0,2394.80,7277.15,3677.42,3528.38,0.00,7558.65,0.06435,-0.0015,4515.7,-13.2,0.06433,-0.0067,4505.2,-0.8,0.08296,0.0012,5396.4,0.6,0.08297,0.0043,5412.7,2.1,4758.3,0.0233,-0.0001,-0.0000,68.204,1,293.15,0,4683.2,-0.0261,-0.0001,-0.0000,72.040,1,293.15,0,5582.5,0.0247,0.0001,0.0000,71.941,1,293.15,0,5616.7,0.0244,0.0001,0.0000,71.943,1,293.15,0
8.7667,123.4024,19.4379,0.4869,35.747,35.747,6219.3,5,0.077,1.000,0.000,0.000,0,2402.66,7300.04,3688.58,3539.99,0.00,7583.62,0.06426,-0.0006,4525.5,-4.0,0.06424,-0.0088,4485.8,-7.1,0.08304,0.0061,5419.7,-1.1,0.08305,0.0013,5397.2,-2.3,4757.8,0.0219,-0.0001,-0.0000,68.412,1,293.15,0,4669.4,-0.0248,-0.0001,-0.0000,72.023,1,293.15,0,5620.5,0.0246,0.0001,0.0000,72.029,1,293.15,0,5578.6,0.0243,0.0001,0.0000,72.041,1,293.15,0
8.7833,123.9933,19.5193,0.4869,35.797,35.797,6227.2,5,0.077,1.000,0.000,0.000,0,2410.45,7322.84,3699.81,3551.22,0.00,7606.26,0.06418,-0.0040,4497.1,-14.5,0.06418,-0.0084,4502.2,9.9,0.08314,0.0098,5436.4,-4.3,0.08313,0.0095,5430.1,-9.1,4712.3,0.0211,-0.0001,-0.0000,68.631,1,293.15,0,4654.5,-0.0244,-0.0001,-0.0000,72.074,1,293.15,0,5665.1,0.0244,0.0001,0.0000,72.117,1,293.15,0,5642.5,0.0242,0.0001,0.0000,72.128,1,293.15,0
8.8000,124.5851,19.6009,0.4868,35.848,35.847,6234.5,5,0.077,1.000,0.000,0.000,0,2418.30,7345.88,3711.26,3562.29,0.00,7627.20,0.06416,0.0016,4525.9,-8.8,0.06414,-0.0083,4490.6,-0.4,0.08329,0.0120,5455.7,-0.1,0.08330,0.0087,5433.4,-7.5,4749.8,0.0206,-0.0001,-0.0000,68.719,1,293.15,0,4644.2,-0.0237,-0.0001,-0.0000,72.108,1,293.15,0,5663.7,0.0243,0.0001,0.0000,72.209,1,293.15,0,5630.3,0.0240,0.0001,0.0000,72.220,1,293.15,0
8.8167,125.1776,19.6826,0.4868,35.897,35.896,6242.4,5,0.077,1.000,0.000,0.000,0,2426.05,7368.69,3722.69,3572.95,0.00,7645.99,0.06415,0.0072,4544.3,-14.6,0.06412,0.0005,4519.4,-9.0,0.08341,0.0067,5431.5,-4.5,0.08341,0.0043,5424.3,-0.2,4808.3,0.0201,-0.0001,-0.0000,68.780,1,293.15,0,4704.7,-0.0226,-0.0001,-0.0000,72.215,1,293.15,0,5635.7,0.0242,0.0001,0.0000,72.309,1,293.15,0,5603.3,0.0240,0.0001,0.0000,72.320,1,293.15,0
8.8333,125.7710,19.7643,0.4867,35.947,35.946,6249.9,5,0.077,1.000,0.000,0.000,0,2433.89,7391.88,3734.41,3583.52,0.00,7663.25,0.06413,0.0044,4532.0,-13.6,0.06414,0.0003,4526.9,-1.5,0.08360,0.0142,5468.9,-6.9,0.08361,0.0093,5452.4,-1.6,4772.0,0.0198,-0.0001,-0.0000,68.953,1,293.15,0,4711.0,-0.0232,-0.0001,-0.0000,72.363,1,293.15,0,5677.3,0.0241,0.0001,0.0000,72.396,1,293.15,0,5623.9,0.0238,0.0001,0.0000,72.406,1,293.15,0
8.8500,126.3653,19.8462,0.4865,35.996,35.996,6257.7,5,0.077,1.000,0.000,0.000,0,2441.65,7414.90,3746.14,3593.77,0.00,7678.72,0.06414,0.0055,4538.6,-12.5,0.06415,-0.0007,4522.2,-2.3,0.08378,0.0120,5470.0,-1.9,0.08381,0.0148,5482.2,-3.3,4776.5,0.0198,-0.0001,-0.0000,69.043,1,293.15,0,4699.3,-0.0236,-0.0001,-0.0000,72.472,1,293.15,0,5670.2,0.0240,0.0001,0.0000,72.489,1,293.15,0,5693.6,0.0237,0.0001,0.0000,72.492,1,293.15,0
8.8667,126.9603,19.9282,0.4864,36.046,36.045,6265.1,5,0.077,1.000,0.000,0.000,0,2449.44,7438.09,3758.01,3603.90,0.00,7693.02,0.06421,0.0086,4556.6,-11.1,0.06421,0.0005,4527.1,-5.1,0.08402,0.0115,5481.4,4.3,0.08400,0.0039,5440.1,-2.1,4795.6,0.0207,-0.0001,-0.0000,69.039,1,293.15,0,4699.2,-0.0245,-0.0001,-0.0000,72.630,1,293.15,0,5658.6,0.0238,0.0001,0.0000,72.580,1,293.15,0,5599.6,0.0236,0.0001,0.0000,72.599,1,293.15,0
8.8833,127.5561,20.0104,0.4863,36.094,36.094,6273.2,5,0.077,1.000,0.000,0.000,0,2457.10,7461.01,3769.83,3613.65,0.00,7705.46,0.06431,0.0129,4581.4,-9.0,0.06428,0.0035,4535.5,-12.3,0.08417,0.0144,5482.2,-13.2,0.08420,0.0178,5510.5,-1.1,4831.9,0.0222,-0.0001,-0.0000,68.970,1,293.15,0,4713.2,-0.0250,-0.0001,-0.0000,72.783,1,293.15,0,5709.1,0.0238,0.0001,0.0000,72.670,1,293.15,0,5716.1,0.0235,0.0001,0.0000,72.676,1,293.15,0
8.9000,128.1528,20.0926,0.4861,36.144,36.143,6280.5,5,0.077,1.000,0.000,0.000,0,2464.90,7484.39,3781.93,3623.49,0.00,7717.41,0.06440,0.0121,4568.2,-22.2,0.06438,0.0026,4544.0,-4.1,0.08441,0.0071,5468.1,-1.5,0.08442,0.0101,5492.9,9.2,4835.7,0.0233,-0.0001,-0.0000,68.973,1,293.15,0,4699.0,-0.0266,-0.0001,-0.0000,72.972,1,293.15,0,5632.4,0.0236,0.0001,0.0000,72.770,1,293.15,0,5667.1,0.0234,0.0001,0.0000,72.776,1,293.15,0
8.9167,128.7502,20.1749,0.4859,36.192,36.191,6288.4,5,0.077,1.000,0.000,0.000,0,2472.59,7507.58,3793.99,3633.08,0.00,7728.21,0.06451,0.0097,4569.5,-14.9,0.06452,0.0035,4558.6,0.7,0.08460,0.0133,5498.2,-5.9,0.08463,0.0090,5484.5,-1.3,4800.7,0.0250,-0.0001,-0.0000,68.987,1,293.15,0,4721.2,-0.0286,-0.0001,-0.0000,73.245,1,293.15,0,5703.2,0.0237,0.0002,0.0000,72.859,1,293.15,0,5662.5,0.0233,0.0002,0.0000,72.867,1,293.15,0
8.9333,129.3485,20.2574,0.4857,36.241,36.240,6296.2,5,0.078,1.000,0.000,0.000,0,2480.30,7530.88,3806.15,3642.58,0.00,7738.20,0.06466,0.0167,4602.7,-18.3,0.06465,0.0029,4554.6,-6.0,0.08481,0.0138,5509.6,-3.2,0.08484,0.0138,5509.8,-4.4,4858.9,0.0267,-0.0002,-0.0000,68.854,1,293.15,0,4698.7,-0.0309,-0.0002,-0.0000,73.454,1,293.15,0,5715.6,0.0236,0.0002,0.0000,72.948,1,293.15,0,5714.8,0.0233,0.0002,0.0000,72.955,1,293.15,0
8.9500,129.9476,20.3399,0.4856,36.289,36.288,6303.8,5,0.078,1.000,0.000,0.000,0,2487.98,7554.22,3818.36,3652.00,0.00,7747.61,0.06479,0.0124,4588.3,-19.3,0.06479,0.0055,4572.3,-5.2,0.08502,0.0070,5486.9,-1.9,0.08505,0.0139,5526.9,5.5,4849.9,0.0282,-0.0002,-0.0000,68.853,1,293.15,0,4745.3,-0.0317,-0.0002,-0.0000,73.688,1,293.15,0,5664.0,0.0235,0.0002,0.0000,73.046,1,293.15,0,5731.6,0.0232,0.0002,0.0000,73.047,1,293.15,0
8.9667,130.5474,20.4226,0.4854,36.337,36.336,6311.5,5,0.078,1.000,0.000,0.000,0,2495.66,7577.64,3830.63,3661.36,0.00,7756.47,0.06494,0.0136,4597.7,-20.9,0.06494,0.0046,4574.1,-5.3,0.08523,0.0094,5512.1,5.2,0.08523,0.0115,5511.5,-4.5,4863.5,0.0296,-0.0002,-0.0000,68.813,1,293.15,0,4739.1,-0.0337,-0.0002,-0.0000,73.908,1,293.15,0,5696.1,0.0234,0.0002,0.0000,73.143,1,293.15,0,5718.9,0.0232,0.0002,0.0000,73.134,1,293.15,0
8.9833,131.1481,20.5054,0.4852,36.385,36.385,6319.2,5,0.078,1.000,0.000,0.000,0,2503.38,7601.25,3843.03,3670.72,0.00,7764.98,0.06517,0.0226,4633.8,-33.2,0.06518,0.0075,4601.5,-0.2,0.08541,0.0136,5524.6,-6.6,0.08544,0.0101,5514.1,-2.4,4912.9,0.0327,-0.0002,-0.0000,68.571,1,293.15,0,4719.9,-0.0389,-0.0002,-0.0000,74.303,1,293.15,0,5735.4,0.0234,0.0002,0.0000,73.225,1,293.15,0,5699.2,0.0230,0.0002,0.0000,73.235,1,293.15,0
9.0000,131.7495,20.5883,0.4850,36.433,36.432,6326.8,5,0.078,1.000,0.000,0.000,0,2511.01,7624.66,3855.34,3679.96,0.00,7773.18,0.06529,0.0117,4595.4,-29.1,0.06527,0.0040,4590.0,-0.1,0.08565,0.0129,5543.8,8.3,0.08563,0.0093,5510.4,-8.4,4872.8,0.0328,-0.0002,-0.0000,68.753,1,293.15,0,4739.9,-0.0362,-0.0002,-0.0000,74.267,1,293.15,0,5726.9,0.0232,0.0002,0.0000,73.322,1,293.15,0,5701.8,0.0230,0.0002,0.0000,73.321,1,293.15,0
9.0167,132.3506,20.6711,0.4852,36.390,36.389,6283.4,5,0.078,0.000,1.000,0.000,0,1775.37,4666.93,1950.56,2627.44,0.00,8675.13,0.06495,-0.0200,4506.4,33.3,0.06485,-0.0299,4371.4,-54.2,0.08562,-0.0112,5422.2,-2.9,0.08561,-0.0179,5418.8,24.3,4790.6,-0.0664,-0.0001,-0.0000,67.291,1,293.15,0,4699.6,-0.1021,-0.0001,-0.0000,67.028,1,293.15,0,5562.2,0.0093,0.0001,0.0000,72.090,1,293.15,0,5523.5,0.0092,0.0001,0.0000,72.089,1,293.15,0
9.0333,132.9493,20.7537,0.4859,36.243,36.243,6240.1,5,0.078,0.000,1.000,0.000,0,1761.52,4623.64,1928.35,2611.82,0.00,8654.07,0.06566,0.0413,4746.5,-21.5,0.06574,0.0340,4774.2,34.9,0.08425,-0.1207,4889.5,5.5,0.08421,-0.1252,4933.9,71.9,4855.8,-0.0542,0.0000,-0.0000,66.607,1,293.15,0,4807.6,-0.0541,0.0000,-0.0000,66.457,1,293.15,0,4966.8,0.0074,0.0000,0.0000,71.707,1,293.15,0,5001.3,0.0074,0.0000,0.0000,71.697,1,293.15,0
9.0500,133.5456,20.8358,0.4869,36.099,36.099,6196.8,5,0.078,0.000,1.000,0.000,0,1747.97,4580.22,1904.34,2600.91,0.00,8665.80,0.06601,0.0272,4727.0,6.3,0.06602,0.0281,4689.1,-35.9,0.08180,-0.1555,4659.0,12.7,0.08173,-0.1606,4674.9,53.9,4989.0,-0.0615,0.0000,-0.0000,67.173,1,293.15,0,4976.7,-0.0618,0.0000,-0.0000,67.153,1,293.15,0,4807.9,0.0058,0.0001,0.0000,71.287,1,293.15,0,4827.0,0.0057,0.0001,0.0000,71.294,1,293.15,0
9.0667,134.1394,20.9177,0.4883,35.945,35.945,6153.4,5,0.078,0.000,1.000,0.000,0,1733.53,4535.48,1878.89,2591.48,0.00,8691.46,0.06676,0.0514,4866.4,10.7,0.06668,0.0397,4767.2,-34.5,0.07861,-0.2118,4306.8,23.8,0.07845,-0.2186,4311.2,64.5,5083.7,-0.0544,0.0000,-0.0000,66.773,1,293.15,0,4955.2,-0.0569,0.0000,-0.0000,66.515,1,293.15,0,4446.4,0.0042,0.0001,0.0000,70.869,1,293.15,0,4461.6,0.0041,0.0001,0.0000,70.874,1,293.15,0
9.0833,134.7306,20.9992,0.4899,35.789,35.789,6110.1,5,0.078,0.000,1.000,0.000,0,1718.90,4492.81,1854.12,2583.74,0.00,8726.27,0.06744,0.0371,4821.9,1.6,0.06735,0.0339,4795.0,-7.8,0.07489,-0.2343,4064.3,15.2,0.07475,-0.2332,4126.4,77.6,4998.2,-0.0569,0.0000,-0.0000,66.347,1,293.15,0,4942.3,-0.0572,0.0000,-0.0000,66.185,1,293.15,0,4213.6,0.0024,0.0001,0.0000,70.431,1,293.15,0,4291.3,0.0023,0.0001,0.0000,70.434,1,293.15,0
9.1000,135.3191,21.0803,0.4916,35.626,35.626,6066.8,5,0.078,0.000,1.000,0.000,0,1703.78,4444.03,1826.75,2572.04,0.00,8743.57,0.06822,0.0478,4910.7,13.1,0.06811,0.0514,4882.3,-26.6,0.07082,-0.2465,3857.4,15.5,0.07066,-0.2450,3920.0,77.0,5099.0,-0.0516,0.0000,-0.0000,66.029,1,293.15,0,5097.6,-0.0526,0.0000,-0.0000,66.098,1,293.15,0,4020.7,0.0007,0.0001,0.0000,69.982,1,293.15,0,4097.9,0.0005,0.0001,0.0000,69.985,1,293.15,0
9.1167,135.9049,21.1611,0.4934,35.462,35.462,6023.4,5,0.077,0.000,1.000,0.000,0,1688.61,4369.37,1788.10,2544.96,0.00,8692.86,0.06900,0.0408,4920.4,23.4,0.06884,0.0397,4864.3,-21.7,0.06674,-0.2415,3726.4,22.0,0.06652,-0.2425,3746.4,55.2,5067.5,-0.0531,0.0000,-0.0000,65.704,1,293.15,0,5042.8,-0.0547,0.0000,-0.0000,65.747,1,293.15,0,3933.0,-0.0013,0.0001,0.0000,69.523,1,293.15,0,3963.4,-0.0014,0.0001,0.0000,69.529,1,293.15,0
9.1333,136.4880,21.2415,0.4952,35.294,35.294,5980.1,5,0.077,0.000,1.000,0.000,0,1673.11,4300.87,1752.69,2519.93,0.00,8647.67,0.06966,0.0507,4950.6,-14.7,0.06961,0.0528,4952.0,-20.4,0.06277,-0.2388,3566.8,13.8,0.06257,-0.2373,3619.4,68.2,5205.1,-0.0499,0.0000,-0.0000,65.607,1,293.15,0,5153.6,-0.0511,0.0000,-0.0000,65.517,1,293.15,0,3755.4,-0.0032,0.0001,0.0000,69.058,1,293.15,0,3806.4,-0.0032,0.0001,0.0000,69.066,1,293.15,0
9.1500,137.0683,21.3215,0.4970,35.127,35.126,5936.8,5,0.077,0.000,1.000,0.000,0,1657.70,4238.92,1720.71,2497.12,0.00,8607.94,0.07030,0.0266,4890.8,6.3,0.07016,0.0252,4857.9,-15.4,0.05883,-0.2342,3422.5,19.5,0.05863,-0.2332,3454.8,56.1,5087.7,-0.0568,0.0000,-0.0000,65.378,1,293.15,0,5036.1,-0.0556,0.0000,-0.0000,65.140,1,293.15,0,3626.6,-0.0052,0.0001,0.0000,68.587,1,293.15,0,3673.2,-0.0052,0.0001,0.0000,68.596,1,293.15,0
9.1667,137.6458,21.4011,0.4987,34.955,34.954,5893.4,5,0.077,0.000,1.000,0.000,0,1641.97,4181.57,1691.37,2475.32,0.00,8568.77,0.07094,0.0429,4986.7,7.0,0.07085,0.0375,4935.9,-17.2,0.05504,-0.2219,3300.2,13.0,0.05485,-0.2227,3328.5,53.7,5169.9,-0.0535,0.0000,-0.0000,65.075,1,293.15,0,5099.8,-0.0547,0.0000,-0.0000,64.946,1,293.15,0,3519.3,-0.0072,0.0001,0.0000,68.122,1,293.15,0,3539.2,-0.0072,0.0001,0.0000,68.112,1,293.15,0
9.1833,138.2204,21.4803,0.5004,34.782,34.781,5850.1,5,0.077,0.000,1.000,0.000,0,1626.27,4128.67,1664.57,2454.55,0.00,8529.90,0.07133,0.0173,4891.2,8.2,0.07122,0.0263,4904.7,-13.1,0.05150,-0.2055,3204.5,10.0,0.05133,-0.2063,3232.1,49.5,5084.6,-0.0571,0.0000,-0.0000,64.719,1,293.15,0,5129.5,-0.0550,0.0000,-0.0000,64.739,1,293.15,0,3429.4,-0.0093,0.0000,0.0000,67.642,1,293.15,0,3442.6,-0.0092,0.0000,0.0000,67.638,1,293.15,0
9.2000,138.7921,21.5591,0.5019,34.607,34.605,5806.8,5,0.077,0.000,1.000,0.000,0,1610.38,4078.67,1639.62,2433.99,0.00,8488.22,0.07180,0.0276,4953.7,8.9,0.07170,0.0208,4900.3,-11.1,0.04826,-0.1849,3138.3,9.0,0.04810,-0.1872,3151.5,40.4,5127.8,-0.0546,0.0000,-0.0000,64.358,1,293.15,0,5051.7,-0.0536,0.0000,-0.0000,64.064,1,293.15,0,3373.8,-0.0113,0.0000,0.0000,67.161,1,293.15,0,3367.1,-0.0112,0.0000,0.0000,67.160,1,293.15,0
9.2167,139.3609,21.6376,0.5032,34.431,34.429,5763.4,5,0.076,0.000,1.000,0.000,0,1594.52,4031.26,1616.33,2413.59,0.00,8443.65,0.07206,0.0121,4904.1,17.1,0.07196,0.0145,4882.4,-11.4,0.04538,-0.1639,3089.7,11.3,0.04524,-0.1648,3100.4,33.3,5069.2,-0.0543,0.0000,-0.0000,63.822,1,293.15,0,5084.6,-0.0574,0.0000,-0.0000,64.073,1,293.15,0,3318.0,-0.0132,0.0001,0.0000,66.679,1,293.15,0,3325.4,-0.0133,0.0001,0.0000,66.683,1,293.15,0
9.2333,139.9268,21.7156,0.5044,34.252,34.250,5720.1,5,0.076,0.000,1.000,0.000,0,1578.46,3985.06,1594.07,2392.69,0.00,8393.87,0.07231,0.0124,4907.7,10.0,0.07224,0.0124,4891.6,-3.4,0.04286,-0.1428,3053.4,10.7,0.04273,-0.1408,3075.2,30.2,5069.8,-0.0530,0.0000,-0.0000,63.403,1,293.15,0,5066.2,-0.0528,0.0000,-0.0000,63.383,1,293.15,0,3271.0,-0.0152,0.0000,0.0000,66.197,1,293.15,0,3302.2,-0.0153,0.0000,0.0000,66.205,1,293.15,0
9.2500,140.4898,21.7932,0.5054,34.072,34.070,5676.8,5,0.076,0.000,1.000,0.000,0,1562.47,3940.19,1572.82,2371.49,0.00,8339.72,0.07249,0.0103,4921.1,26.1,0.07234,0.0077,4847.8,-30.5,0.04073,-0.1192,3041.9,6.2,0.04061,-0.1188,3053.5,22.3,5120.8,-0.0537,0.0000,-0.0000,63.273,1,293.15,0,5083.8,-0.0561,0.0000,-0.0000,63.321,1,293.15,0,3274.1,-0.0172,0.0001,0.0000,65.717,1,293.15,0,3277.5,-0.0172,0.0001,0.0000,65.727,1,293.15,0
9.2667,141.0497,21.8705,0.5062,33.891,33.888,5633.4,5,0.076,0.000,1.000,0.000,0,1546.33,3895.61,1552.11,2349.51,0.00,8279.77,0.07253,0.0087,4876.1,-13.3,0.07254,0.0160,4925.2,3.5,0.03895,-0.0987,3033.3,2.0,0.03887,-0.0973,3056.6,23.3,5094.7,-0.0553,0.0000,-0.0000,62.942,1,293.15,0,5131.2,-0.0536,0.0000,-0.0000,62.940,1,293.15,0,3253.9,-0.0192,0.0000,0.0000,65.246,1,293.15,0,3268.7,-0.0191,0.0000,0.0000,65.241,1,293.15,0
9.2833,141.6066,21.9473,0.5069,33.708,33.705,5590.1,5,0.075,0.000,1.000,0.000,0,1530.17,3851.33,1531.87,2326.89,0.00,8214.88,0.07266,0.0048,4876.4,-0.9,0.07264,0.0002,4855.6,-0.7,0.03754,-0.0781,3053.0,7.3,0.03747,-0.0781,3056.6,14.8,5072.9,-0.0557,0.0000,-0.0000,62.552,1,293.15,0,5025.7,-0.0576,0.0000,-0.0000,62.512,1,293.15,0,3262.0,-0.0210,0.0001,0.0000,64.768,1,293.15,0,3270.3,-0.0210,0.0001,0.0000,64.765,1,293.15,0
9.3000,142.1604,22.0236,0.5074,33.522,33.519,5546.8,5,0.075,0.000,1.000,0.000,0,1513.83,3806.75,1511.79,2303.41,0.00,8144.52,0.07275,0.0061,4905.0,19.0,0.07265,-0.0031,4826.1,-16.1,0.03645,-0.0602,3071.4,6.2,0.03638,-0.0593,3076.7,11.5,5085.8,-0.0552,0.0000,-0.0000,62.195,1,293.15,0,5006.8,-0.0561,0.0000,-0.0000,62.020,1,293.15,0,3275.2,-0.0228,0.0000,0.0000,64.293,1,293.15,0,3285.0,-0.0228,0.0000,0.0000,64.289,1,293.15,0
9.3167,142.7112,22.0996,0.5077,33.334,33.332,5503.4,5,0.075,0.000,1.000,0.000,0,1497.42,3762.00,1491.90,2279.25,0.00,8069.65,0.07273,-0.0089,4816.2,-3.9,0.07274,0.0042,4899.3,21.8,0.03562,-0.0438,3090.2,-1.7,0.03557,-0.0436,3098.5,8.4,4964.9,-0.0549,0.0000,-0.0000,61.450,1,293.15,0,5086.0,-0.0563,0.0000,-0.0000,61.916,1,293.15,0,3311.9,-0.0246,0.0000,0.0000,63.816,1,293.15,0,3303.4,-0.0245,0.0000,0.0000,63.815,1,293.15,0
9.3333,143.2588,22.1751,0.5080,33.144,33.142,5460.1,5,0.075,0.000,1.000,0.000,0,1480.91,3716.92,1472.09,2254.40,0.00,7990.60,0.07278,0.0005,4859.1,-3.8,0.07279,0.0036,4882.9,6.5,0.03503,-0.0302,3119.9,0.3,0.03501,-0.0301,3121.8,3.1,5046.4,-0.0531,0.0000,-0.0000,61.234,1,293.15,0,5071.5,-0.0576,0.0000,-0.0000,61.577,1,293.15,0,3337.8,-0.0262,0.0001,0.0000,63.340,1,293.15,0,3335.3,-0.0263,0.0001,0.0000,63.342,1,293.15,0
9.3500,143.8033,22.2502,0.5081,32.952,32.949,5416.8,5,0.074,0.000,1.000,0.000,0,1464.29,3671.52,1452.31,2228.98,0.00,7908.04,0.07282,0.0075,4902.1,7.0,0.07280,0.0026,4859.9,-12.8,0.03464,-0.0194,3145.9,0.7,0.03462,-0.0208,3141.5,3.5,5109.1,-0.0524,0.0000,-0.0000,61.006,1,293.15,0,5065.0,-0.0580,0.0000,-0.0000,61.222,1,293.15,0,3349.4,-0.0278,0.0001,0.0000,62.864,1,293.15,0,3337.6,-0.0280,0.0001,0.0000,62.868,1,293.15,0
9.3667,144.3445,22.3249,0.5082,32.758,32.755,5373.4,5,0.074,0.000,1.000,0.000,0,1447.60,3625.86,1432.58,2203.09,0.00,7822.70,0.07283,-0.0057,4835.7,-1.9,0.07286,0.0087,4911.2,9.7,0.03438,-0.0148,3153.6,2.6,0.03439,-0.0107,3173.4,3.9,5013.3,-0.0581,0.0000,-0.0000,60.690,1,293.15,0,5143.9,-0.0533,0.0000,-0.0000,60.806,1,293.15,0,3345.0,-0.0295,0.0000,0.0000,62.385,1,293.15,0,3390.1,-0.0296,0.0000,0.0000,62.395,1,293.15,0
9.3833,144.8825,22.3991,0.5082,32.561,32.559,5330.1,5,0.074,0.000,1.000,0.000,0,1430.82,3579.94,1412.84,2176.81,0.00,7735.11,0.07291,0.0042,4871.7,-11.8,0.07293,-0.0002,4868.9,4.1,0.03426,-0.0040,3188.3,-3.6,0.03428,-0.0025,3201.5,1.6,5088.5,-0.0583,0.0000,-0.0000,60.572,1,293.15,0,5036.0,-0.0552,0.0000,-0.0000,60.206,1,293.15,0,3395.7,-0.0311,0.0000,0.0000,61.921,1,293.15,0,3408.8,-0.0311,0.0000,0.0000,61.913,1,293.15,0
9.4000,145.4172,22.4729,0.5081,32.362,32.360,5286.8,5,0.073,0.000,1.000,0.000,0,1413.90,3533.65,1393.02,2150.17,0.00,7645.65,0.07300,0.0054,4892.1,-0.0,0.07302,0.0067,4896.8,-1.9,0.03419,-0.0038,3186.6,-2.8,0.03421,-0.0007,3205.7,1.7,5089.1,-0.0547,0.0000,-0.0000,59.961,1,293.15,0,5103.2,-0.0548,0.0000,-0.0000,60.018,1,293.15,0,3390.7,-0.0327,0.0000,0.0000,61.430,1,293.15,0,3417.2,-0.0327,0.0000,0.0000,61.443,1,293.15,0
9.4167,145.9486,22.5462,0.5081,32.162,32.160,5243.4,5,0.073,0.000,1.000,0.000,0,1396.99,3487.41,1373.29,2123.45,0.00,7555.53,0.07311,0.0026,4885.8,1.7,0.07313,0.0069,4908.7,4.9,0.03416,-0.0030,3194.1,2.8,0.03417,-0.0014,3199.5,0.8,5058.3,-0.0583,0.0000,-0.0000,59.698,1,293.15,0,5108.4,-0.0539,0.0000,-0.0000,59.590,1,293.15,0,3382.4,-0.0342,0.0000,0.0000,60.950,1,293.15,0,3404.7,-0.0343,0.0000,0.0000,60.960,1,293.15,0
9.4333,146.4767,22.6190,0.5080,31.959,31.956,5200.1,5,0.073,0.000,1.000,0.000,0,1379.90,3440.74,1353.41,2096.43,0.00,7464.22,0.07325,0.0092,4923.9,5.7,0.07323,0.0035,4884.8,-7.5,0.03417,-0.0001,3207.6,3.5,0.03416,-0.0010,3199.3,-0.9,5116.3,-0.0505,0.0000,-0.0000,58.987,1,293.15,0,5068.3,-0.0543,0.0000,-0.0000,59.101,1,293.15,0,3396.1,-0.0357,0.0000,0.0000,60.471,1,293.15,0,3394.8,-0.0358,0.0000,0.0000,60.478,1,293.15,0
9.4500,147.0014,22.6914,0.5079,31.755,31.753,5156.8,5,0.072,0.000,1.000,0.000,0,1362.93,3394.50,1333.73,2069.64,0.00,7373.62,0.07337,0.0137,4926.0,-16.1,0.07342,0.0134,4945.0,2.5,0.03412,-0.0032,3181.5,-6.0,0.03414,-0.0009,3205.6,6.4,5151.7,-0.0560,0.0000,-0.0000,59.073,1,293.15,0,5130.7,-0.0540,0.0000,-0.0000,58.871,1,293.15,0,3380.2,-0.0374,0.0000,0.0000,59.992,1,293.15,0,3400.3,-0.0373,0.0000,0.0000,59.987,1,293.15,0
9.4667,147.5227,22.7633,0.5079,31.550,31.548,5113.4,5,0.072,0.000,1.000,0.000,0,1345.88,3348.12,1314.00,2042.80,0.00,7282.97,0.07349,0.0007,4883.0,-6.7,0.07352,0.0119,4949.3,9.7,0.03409,-0.0033,3185.8,0.3,0.03410,-0.0045,3183.2,2.4,5069.1,-0.0575,0.0000,-0.0000,58.521,1,293.15,0,5163.1,-0.0540,0.0000,-0.0000,58.578,1,293.15,0,3377.2,-0.0389,0.0000,0.0000,59.507,1,293.15,0,3374.7,-0.0388,0.0000,0.0000,59.501,1,293.15,0
9.4833,148.0406,22.8348,0.5079,31.343,31.341,5070.1,5,0.072,0.000,1.000,0.000,0,1328.79,3301.73,1294.27,2015.99,0.00,7192.59,0.07364,0.0115,4941.1,-1.3,0.07366,0.0060,4917.0,-2.1,0.03399,-0.0065,3166.2,-0.0,0.03401,-0.0068,3169.3,3.7,5136.2,-0.0557,0.0000,-0.0000,58.210,1,293.15,0,5092.7,-0.0540,0.0000,-0.0000,57.965,1,293.15,0,3357.7,-0.0405,0.0000,0.0000,59.017,1,293.15,0,3362.7,-0.0404,0.0000,0.0000,59.014,1,293.15,0
9.5000,148.5551,22.9057,0.5079,31.135,31.132,5026.8,5,0.071,0.000,1.000,0.000,0,1311.72,3255.48,1274.59,1989.31,0.00,7102.85,0.07373,0.0051,4915.5,-2.3,0.07375,0.0094,4935.2,-2.0,0.03386,-0.0085,3148.9,-0.7,0.03388,-0.0084,3155.3,4.4,5120.3,-0.0551,0.0000,-0.0000,57.731,1,293.15,0,5153.6,-0.0537,0.0000,-0.0000,57.738,1,293.15,0,3342.8,-0.0421,0.0000,0.0000,58.527,1,293.15,0,3350.1,-0.0419,0.0000,0.0000,58.526,1,293.15,0
9.5167,149.0661,22.9762,0.5079,30.925,30.923,4983.4,5,0.071,0.000,1.000,0.000,0,1294.66,3209.36,1254.97,1962.77,0.00,7013.80,0.07387,0.0027,4922.7,10.8,0.07386,0.0031,4914.1,0.7,0.03370,-0.0121,3125.0,0.7,0.03370,-0.0117,3132.1,5.7,5079.4,-0.0548,0.0000,-0.0000,57.168,1,293.15,0,5104.4,-0.0536,0.0000,-0.0000,57.184,1,293.15,0,3313.8,-0.0437,0.0000,0.0000,58.034,1,293.15,0,3326.3,-0.0435,0.0000,0.0000,58.034,1,293.15,0
9.5333,149.5737,23.0463,0.5080,30.716,30.713,4940.1,5,0.071,0.000,1.000,0.000,0,1277.71,3163.63,1235.50,1936.50,0.00,6925.87,0.07391,0.0043,4918.3,-2.1,0.07392,0.0048,4917.9,-5.1,0.03349,-0.0127,3112.4,2.4,0.03347,-0.0146,3101.7,1.4,5133.4,-0.0545,-0.0000,-0.0000,56.928,1,293.15,0,5131.1,-0.0594,-0.0000,-0.0000,57.226,1,293.15,0,3309.9,-0.0453,0.0000,0.0000,57.545,1,293.15,0,3296.1,-0.0452,0.0000,0.0000,57.540,1,293.15,0
9.5500,150.0778,23.1158,0.5081,30.505,30.502,4896.8,5,0.070,0.000,1.000,0.000,0,1260.71,3117.89,1216.03,1910.26,0.00,6838.28,0.07406,0.0024,4919.7,2.1,0.07408,0.0076,4950.8,10.2,0.03323,-0.0180,3068.3,-2.7,0.03323,-0.0155,3093.0,10.7,5074.5,-0.0543,-0.0000,-0.0000,56.318,1,293.15,0,5135.4,-0.0594,-0.0000,-0.0000,56.824,1,293.15,0,3258.3,-0.0469,0.0000,0.0000,57.046,1,293.15,0,3284.0,-0.0468,0.0000,0.0000,57.049,1,293.15,0
9.5667,150.5783,23.1849,0.5083,30.292,30.290,4853.4,5,0.070,0.000,1.000,0.000,0,1243.76,3072.38,1196.66,1884.22,0.00,6751.51,0.07410,0.0101,4948.5,-4.3,0.07411,0.0031,4914.0,-8.1,0.03293,-0.0172,3063.8,6.0,0.03291,-0.0188,3050.0,0.5,5174.1,-0.0541,-0.0000,-0.0000,56.195,1,293.15,0,5101.6,-0.0575,-0.0000,-0.0000,56.194,1,293.15,0,3257.8,-0.0484,0.0000,0.0000,56.553,1,293.15,0,3252.4,-0.0486,0.0000,0.0000,56.553,1,293.15,0
9.5833,151.0754,23.2534,0.5084,30.080,30.077,4810.1,5,0.070,0.000,1.000,0.000,0,1226.89,3027.20,1177.43,1858.38,0.00,6665.57,0.07409,-0.0001,4911.3,3.6,0.07408,0.0022,4908.0,-9.4,0.03260,-0.0185,3032.7,-0.5,0.03258,-0.0226,3016.8,2.8,5126.6,-0.0561,0.0000,-0.0000,55.790,1,293.15,0,5139.7,-0.0584,0.0000,-0.0000,55.973,1,293.15,0,3241.7,-0.0501,0.0000,0.0000,56.056,1,293.15,0,3203.5,-0.0502,0.0000,0.0000,56.057,1,293.15,0
9.6000,151.5689,23.3215,0.5086,29.866,29.863,4766.8,5,0.069,0.000,1.000,0.000,0,1209.99,2982.03,1158.22,1832.56,0.00,6579.73,0.07414,0.0024,4921.3,0.7,0.07413,-0.0016,4905.0,2.3,0.03225,-0.0201,3001.5,-4.7,0.03223,-0.0229,2998.0,5.8,5105.9,-0.0535,0.0000,-0.0000,55.128,1,293.15,0,5074.4,-0.0563,0.0000,-0.0000,55.214,1,293.15,0,3215.9,-0.0518,0.0000,0.0000,55.568,1,293.15,0,3181.7,-0.0518,0.0000,0.0000,55.553,1,293.15,0
9.6167,152.0590,23.3891,0.5088,29.651,29.649,4723.4,5,0.069,0.000,1.000,0.000,0,1193.20,2937.24,1139.19,1806.97,0.00,6494.69,0.07410,-0.0059,4883.0,0.3,0.07411,0.0019,4922.9,5.8,0.03189,-0.0217,2979.0,1.3,0.03187,-0.0219,2980.3,4.5,5066.4,-0.0552,0.0000,-0.0000,54.721,1,293.15,0,5137.2,-0.0536,0.0000,-0.0000,54.822,1,293.15,0,3180.0,-0.0535,0.0000,0.0000,55.070,1,293.15,0,3180.8,-0.0534,0.0000,0.0000,55.061,1,293.15,0
9.6333,152.5454,23.4563,0.5090,29.436,29.434,4680.1,5,0.069,0.000,1.000,0.000,0,1176.48,2892.76,1120.30,1781.55,0.00,6410.24,0.07413,0.0000,4904.8,-4.9,0.07415,0.0006,4920.3,7.5,0.03150,-0.0240,2949.9,4.8,0.03149,-0.0222,2958.9,6.6,5093.1,-0.0540,0.0000,-0.0000,54.308,1,293.15,0,5098.7,-0.0560,0.0000,-0.0000,54.447,1,293.15,0,3135.5,-0.0551,0.0000,0.0000,54.568,1,293.15,0,3164.4,-0.0551,0.0000,0.0000,54.567,1,293.15,0
9.6500,153.0283,23.5229,0.5092,29.221,29.219,4636.8,5,0.068,0.000,1.000,0.000,0,1159.85,2848.61,1101.58,1756.31,0.00,6326.37,0.07409,-0.0015,4900.3,-1.1,0.07408,-0.0016,4897.5,-3.1,0.03112,-0.0205,2938.5,-0.1,0.03109,-0.0243,2921.9,1.7,5112.1,-0.0559,0.0000,-0.0000,54.076,1,293.15,0,5102.2,-0.0573,0.0000,-0.0000,54.126,1,293.15,0,3151.9,-0.0568,0.0000,0.0000,54.076,1,293.15,0,3112.6,-0.0567,0.0000,0.0000,54.066,1,293.15,0
9.6667,153.5076,23.5890,0.5094,29.005,29.002,4593.4,5,0.068,0.000,1.000,0.000,0,1143.25,2804.64,1082.97,1731.15,0.00,6242.70,0.07406,-0.0057,4887.7,5.3,0.07400,-0.0057,4879.3,-0.9,0.03072,-0.0259,2892.5,0.9,0.03070,-0.0237,2911.5,11.1,5076.1,-0.0571,0.0000,-0.0000,53.624,1,293.15,0,5069.8,-0.0574,0.0000,-0.0000,53.624,1,293.15,0,3078.0,-0.0585,0.0000,0.0000,53.571,1,293.15,0,3103.6,-0.0584,0.0000,0.0000,53.571,1,293.15,0
9.6833,153.9834,23.6547,0.5097,28.788,28.785,4550.1,5,0.067,0.000,1.000,0.000,0,1126.70,2760.89,1064.47,1706.08,0.00,6159.21,0.07398,-0.0061,4860.1,-17.4,0.07402,0.0022,4936.3,20.9,0.03032,-0.0249,2875.0,2.8,0.03032,-0.0215,2898.1,10.3,5051.9,-0.0593,0.0000,-0.0000,53.264,1,293.15,0,5115.5,-0.0540,0.0000,-0.0000,53.103,1,293.15,0,3056.3,-0.0601,-0.0000,0.0000,53.070,1,293.15,0,3102.0,-0.0602,-0.0000,0.0000,53.082,1,293.15,0
9.7000,154.4555,23.7198,0.5099,28.571,28.568,4506.7,5,0.067,0.000,1.000,0.000,0,1110.29,2717.61,1046.21,1681.24,0.00,6076.40,0.07390,-0.0041,4883.8,0.3,0.07391,-0.0035,4881.1,-5.6,0.02994,-0.0239,2861.2,6.7,0.02993,-0.0229,2864.6,6.0,5101.7,-0.0596,0.0000,-0.0000,53.025,1,293.15,0,5105.0,-0.0599,0.0000,-0.0000,53.047,1,293.15,0,3042.9,-0.0619,0.0000,0.0000,52.573,1,293.15,0,3068.5,-0.0619,0.0000,0.0000,52.582,1,293.15,0
9.7167,154.9241,23.7845,0.5102,28.353,28.350,4463.4,5,0.067,0.000,1.000,0.000,0,1093.91,2674.46,1028.04,1656.44,0.00,5993.53,0.07385,-0.0059,4876.9,3.2,0.07379,-0.0073,4863.0,-2.5,0.02957,-0.0234,2838.3,3.4,0.02954,-0.0236,2839.2,6.8,5077.7,-0.0603,0.0000,-0.0000,52.565,1,293.15,0,5054.1,-0.0610,0.0000,-0.0000,52.524,1,293.15,0,3027.0,-0.0636,0.0000,0.0000,52.076,1,293.15,0,3031.8,-0.0636,0.0000,0.0000,52.082,1,293.15,0
9.7333,155.3890,23.8486,0.5104,28.133,28.130,4420.1,5,0.066,0.000,1.000,0.000,0,1077.53,2631.43,1009.95,1631.65,0.00,5910.54,0.07373,-0.0106,4846.0,-2.9,0.07372,-0.0079,4873.0,13.0,0.02921,-0.0208,2822.6,-2.4,0.02919,-0.0212,2827.3,5.3,5021.6,-0.0610,0.0000,-0.0000,52.002,1,293.15,0,5046.6,-0.0572,0.0000,-0.0000,51.855,1,293.15,0,3032.0,-0.0653,-0.0000,0.0000,51.581,1,293.15,0,3022.4,-0.0653,-0.0000,0.0000,51.589,1,293.15,0
9.7500,155.8503,23.9123,0.5106,27.914,27.911,4376.7,5,0.066,0.000,1.000,0.000,0,1061.06,2589.57,992.89,1607.01,0.00,5826.02,0.07362,-0.0035,4883.8,7.9,0.07359,-0.0072,4852.3,-6.2,0.02884,-0.0235,2798.6,7.3,0.02882,-0.0223,2801.7,6.0,5078.7,-0.0583,-0.0000,-0.0000,51.589,1,293.15,0,5050.1,-0.0594,-0.0000,-0.0000,51.581,1,293.15,0,2977.4,-0.0670,0.0000,0.0000,51.077,1,293.15,0,3003.8,-0.0670,0.0000,0.0000,51.090,1,293.15,0
9.7667,156.3080,23.9754,0.5109,27.694,27.691,4333.4,5,0.065,0.000,1.000,0.000,0,1044.40,2549.33,977.28,1582.51,0.00,5739.12,0.07352,-0.0074,4860.1,4.9,0.07348,-0.0074,4855.5,1.8,0.02849,-0.0205,2783.7,-0.3,0.02847,-0.0190,2793.0,3.8,5043.2,-0.0603,0.0000,-0.0000,51.180,1,293.15,0,5044.3,-0.0603,0.0000,-0.0000,51.183,1,293.15,0,2990.9,-0.0687,0.0000,0.0000,50.593,1,293.15,0,3000.0,-0.0687,0.0000,0.0000,50.587,1,293.15,0
9.7833,156.7620,24.0381,0.5111,27.472,27.469,4290.1,5,0.065,0.000,1.000,0.000,0,1027.77,2509.16,961.70,1558.03,0.00,5652.17,0.07338,-0.0076,4854.8,5.4,0.07337,-0.0078,4846.0,-1.7,0.02815,-0.0207,2761.9,-1.2,0.02814,-0.0188,2776.6,6.4,5047.9,-0.0598,0.0000,-0.0000,50.738,1,293.15,0,5050.8,-0.0599,0.0000,-0.0000,50.764,1,293.15,0,2963.7,-0.0704,0.0000,0.0000,50.094,1,293.15,0,2977.4,-0.0704,0.0000,0.0000,50.090,1,293.15,0
9.8000,157.2124,24.1002,0.5113,27.250,27.248,4246.7,5,0.065,0.000,1.000,0.000,0,1011.24,2469.20,946.22,1533.64,0.00,5565.46,0.07329,-0.0040,4868.0,6.2,0.07327,-0.0024,4864.7,-3.3,0.02782,-0.0185,2753.2,0.6,0.02780,-0.0180,2756.4,2.6,5059.5,-0.0577,-0.0000,-0.0000,50.213,1,293.15,0,5078.4,-0.0606,-0.0000,-0.0000,50.450,1,293.15,0,2959.3,-0.0722,0.0000,0.0000,49.597,1,293.15,0,2962.0,-0.0721,0.0000,0.0000,49.593,1,293.15,0
9.8167,157.6591,24.1619,0.5116,27.028,27.025,4203.4,5,0.064,0.000,1.000,0.000,0,994.79,2429.44,930.82,1509.36,0.00,5479.04,0.07315,-0.0073,4843.7,1.2,0.07313,-0.0082,4834.4,-3.3,0.02752,-0.0193,2733.1,2.1,0.02749,-0.0179,2739.8,4.3,5055.0,-0.0605,0.0000,-0.0000,49.948,1,293.15,0,5041.2,-0.0590,0.0000,-0.0000,49.820,1,293.15,0,2929.7,-0.0739,0.0000,0.0000,49.099,1,293.15,0,2942.1,-0.0738,0.0000,0.0000,49.094,1,293.15,0
9.8333,158.1021,24.2230,0.5118,26.805,26.802,4160.1,5,0.064,0.000,1.000,0.000,0,978.43,2389.88,915.52,1485.17,0.00,5392.81,0.07305,-0.0071,4846.2,7.0,0.07303,-0.0064,4840.2,-1.6,0.02722,-0.0181,2725.0,6.6,0.02718,-0.0194,2710.6,0.4,5033.3,-0.0597,-0.0000,-0.0000,49.393,1,293.15,0,5046.4,-0.0600,-0.0000,-0.0000,49.467,1,293.15,0,2918.4,-0.0756,0.0000,0.0000,48.603,1,293.15,0,2910.3,-0.0756,0.0000,0.0000,48.592,1,293.15,0
9.8500,158.5414,24.2836,0.5120,26.581,26.579,4116.7,5,0.063,0.000,1.000,0.000,0,962.19,2350.62,900.34,1461.14,0.00,5307.07,0.07295,0.0009,4870.7,-0.2,0.07290,-0.0084,4813.2,-14.8,0.02690,-0.0175,2703.9,1.8,0.02688,-0.0165,2708.2,2.8,5114.5,-0.0601,-0.0000,-0.0000,49.242,1,293.15,0,5008.7,-0.0635,-0.0000,-0.0000,49.102,1,293.15,0,2904.2,-0.0774,0.0000,0.0000,48.103,1,293.15,0,2913.1,-0.0773,0.0000,0.0000,48.101,1,293.15,0
9.8667,158.9770,24.3437,0.5122,26.357,26.354,4073.4,5,0.063,0.000,1.000,0.000,0,946.00,2311.44,885.20,1437.14,0.00,5221.34,0.07286,-0.0056,4842.6,3.2,0.07285,-0.0063,4839.6,4.1,0.02661,-0.0171,2683.7,-2.3,0.02659,-0.0180,2687.6,6.3,5021.7,-0.0604,-0.0000,-0.0000,48.522,1,293.15,0,5022.7,-0.0638,-0.0000,-0.0000,48.728,1,293.15,0,2885.6,-0.0792,0.0000,0.0000,47.602,1,293.15,0,2875.4,-0.0790,0.0000,0.0000,47.602,1,293.15,0
9.8833,159.4089,24.4033,0.5124,26.131,26.128,4030.1,5,0.063,0.000,1.000,0.000,0,929.88,2272.43,870.13,1413.21,0.00,5135.79,0.07280,0.0044,4895.6,14.7,0.07272,-0.0066,4805.5,-24.0,0.02629,-0.0205,2653.5,1.6,0.02628,-0.0173,2672.6,7.5,5117.2,-0.0574,-0.0000,-0.0000,48.187,1,293.15,0,5010.9,-0.0613,-0.0000,-0.0000,48.121,1,293.15,0,2842.7,-0.0810,0.0000,0.0000,47.098,1,293.15,0,2875.2,-0.0808,0.0000,0.0000,47.103,1,293.15,0
9.9000,159.8371,24.4624,0.5126,25.906,25.903,3986.7,5,0.062,0.000,1.000,0.000,0,913.93,2233.82,855.23,1389.52,0.00,5051.03,0.07269,-0.0047,4815.9,-20.9,0.07272,-0.0077,4841.2,16.2,0.02600,-0.0146,2657.7,-2.3,0.02601,-0.0163,2657.4,4.1,5032.6,-0.0615,0.0000,-0.0000,47.765,1,293.15,0,4988.4,-0.0635,0.0000,-0.0000,47.718,1,293.15,0,2864.0,-0.0827,0.0000,0.0000,46.609,1,293.15,0,2852.8,-0.0826,0.0000,0.0000,46.605,1,293.15,0
9.9167,160.2615,24.5210,0.5128,25.679,25.676,3943.4,5,0.062,0.000,1.000,0.000,0,897.98,2195.21,840.33,1365.81,0.00,4966.11,0.07264,-0.0084,4846.1,27.4,0.07252,-0.0100,4796.2,-11.3,0.02575,-0.0174,2640.5,7.7,0.02571,-0.0195,2621.6,1.0,5000.2,-0.0594,-0.0000,-0.0000,47.079,1,293.15,0,5002.8,-0.0622,-0.0000,-0.0000,47.276,1,293.15,0,2827.8,-0.0843,0.0000,0.0000,46.104,1,293.15,0,2814.3,-0.0845,0.0000,0.0000,46.102,1,293.15,0
9.9333,160.6822,24.5790,0.5130,25.453,25.450,3900.1,5,0.061,0.000,1.000,0.000,0,882.22,2157.05,825.62,1342.35,0.00,4882.01,0.07250,-0.0075,4815.9,-1.4,0.07245,-0.0015,4846.2,3.9,0.02543,-0.0179,2604.7,-6.3,0.02543,-0.0132,2640.0,8.0,5012.6,-0.0641,0.0000,-0.0000,46.956,1,293.15,0,5049.8,-0.0612,0.0000,-0.0000,46.907,1,293.15,0,2814.7,-0.0863,0.0000,0.0000,45.609,1,293.15,0,2848.4,-0.0863,0.0000,0.0000,45.609,1,293.15,0
9.9500,161.0992,24.6365,0.5131,25.225,25.222,3856.7,5,0.061,0.000,1.000,0.000,0,866.51,2118.99,810.94,1318.93,0.00,4798.04,0.07250,-0.0158,4786.2,4.7,0.07244,-0.0064,4838.1,17.7,0.02514,-0.0195,2578.5,-8.0,0.02520,-0.0157,2623.1,16.5,4928.3,-0.0672,0.0000,-0.0000,46.414,1,293.15,0,5013.8,-0.0622,0.0000,-0.0000,46.414,1,293.15,0,2768.5,-0.0881,-0.0000,0.0000,45.102,1,293.15,0,2815.0,-0.0879,-0.0000,0.0000,45.110,1,293.15,0
9.9667,161.5123,24.6936,0.5133,24.996,24.993,3813.4,5,0.061,0.000,1.000,0.000,0,850.86,2081.08,796.33,1295.61,-0.00,4714.37,0.07234,-0.0042,4777.2,-48.9,0.07254,-0.0044,4874.8,42.2,0.02488,-0.0151,2583.8,-5.7,0.02493,-0.0152,2601.7,9.2,4999.9,-0.0638,0.0000,-0.0000,46.026,1,293.15,0,4991.7,-0.0618,0.0000,-0.0000,45.848,1,293.15,0,2785.3,-0.0899,-0.0000,0.0000,44.613,1,293.15,0,2797.6,-0.0898,-0.0000,0.0000,44.610,1,293.15,0
9.9833,161.9217,24.7501,0.5135,24.768,24.765,3770.1,5,0.060,0.000,1.000,0.000,0,835.37,2043.55,781.87,1272.51,-0.00,4631.47,0.07234,-0.0173,4795.7,26.6,0.07227,-0.0147,4770.0,-7.5,0.02463,-0.0147,2590.4,13.9,0.02460,-0.0177,2553.5,-7.6,4949.7,-0.0619,-0.0000,-0.0000,45.334,1,293.15,0,4999.9,-0.0641,-0.0000,-0.0000,45.610,1,293.15,0,2782.6,-0.0916,0.0000,0.0000,44.114,1,293.15,0,2769.5,-0.0920,0.0000,0.0000,44.103,1,293.15,0
10.0000,162.3273,24.8060,0.5137,24.538,24.535,3726.8,5,0.060,0.000,1.000,0.000,0,819.92,2006.09,767.45,1249.43,-0.00,4548.49,0.07221,-0.0084,4780.5,-22.5,0.07225,0.0076,4901.3,26.9,0.02436,-0.0162,2556.3,3.6,0.02432,-0.0137,2564.1,2.3,4972.1,-0.0658,0.0000,-0.0000,45.137,1,293.15,0,5089.6,-0.0540,0.0000,-0.0000,44.756,1,293.15,0,2751.3,-0.0935,-0.0000,0.0000,43.606,1,293.15,0,2771.0,-0.0936,-0.0000,0.0000,43.618,1,293.15,0
10.0167,162.7291,24.8615,0.5139,24.308,24.305,3683.4,5,0.059,0.000,1.000,0.000,0,804.64,1969.05,753.19,1226.60,0.00,4466.41,0.07222,-0.0049,4819.6,0.8,0.07216,-0.0125,4783.0,-0.1,0.02407,-0.0189,2525.0,1.8,0.02405,-0.0161,2543.1,8.9,5019.3,-0.0589,-0.0000,-0.0000,44.472,1,293.15,0,4941.0,-0.0658,-0.0000,-0.0000,44.588,1,293.15,0,2707.5,-0.0954,0.0000,0.0000,43.099,1,293.15,0,2735.4,-0.0955,0.0000,0.0000,43.114,1,293.15,0
10.0333,163.1271,24.9164,0.5140,24.077,24.075,3640.1,5,0.059,0.000,1.000,0.000,0,789.45,1932.21,739.01,1203.87,0.00,4384.63,0.07218,0.0074,4861.0,-10.1,0.07214,0.0002,4830.4,-7.7,0.02380,-0.0142,2524.9,-2.5,0.02377,-0.0174,2512.5,1.1,5106.5,-0.0679,0.0000,-0.0000,44.748,1,293.15,0,5007.9,-0.0554,0.0000,-0.0000,43.740,1,293.15,0,2741.1,-0.0974,-0.0000,0.0000,42.617,1,293.15,0,2700.2,-0.0973,-0.0000,0.0000,42.601,1,293.15,0
10.0500,163.5213,24.9708,0.5142,23.846,23.843,3596.8,5,0.059,0.000,1.000,0.000,0,774.35,1895.59,724.93,1181.28,0.00,4303.32,0.07212,0.0005,4825.9,-12.6,0.07210,-0.0051,4814.8,1.8,0.02354,-0.0182,2493.8,0.7,0.02352,-0.0162,2511.1,10.1,5056.8,-0.0673,0.0000,-0.0000,44.109,1,293.15,0,4978.8,-0.0577,0.0000,-0.0000,43.346,1,293.15,0,2675.5,-0.0992,-0.0000,0.0000,42.109,1,293.15,0,2697.6,-0.0992,-0.0000,0.0000,42.105,1,293.15,0
10.0667,163.9117,25.0247,0.5144,23.614,23.612,3553.4,5,0.058,0.000,1.000,0.000,0,759.38,1859.27,710.96,1158.86,0.00,4222.60,0.07203,-0.0042,4809.5,-5.6,0.07205,0.0005,4843.3,7.6,0.02327,-0.0160,2490.2,3.2,0.02326,-0.0131,2502.4,3.3,5004.1,-0.0683,0.0000,-0.0000,43.534,1,293.15,0,5040.7,-0.0575,0.0000,-0.0000,43.063,1,293.15,0,2682.8,-0.1012,-0.0000,0.0000,41.613,1,293.15,0,2713.7,-0.1011,-0.0000,0.0000,41.612,1,293.15,0
10.0833,164.2982,25.0780,0.5145,23.382,23.379,3510.1,5,0.058,0.000,1.000,0.000,0,744.52,1823.21,697.09,1136.60,0.00,4142.39,0.07199,0.0002,4832.3,-0.2,0.07197,-0.0057,4798.5,-7.5,0.02300,-0.0147,2477.8,2.3,0.02300,-0.0149,2474.7,0.5,5053.4,-0.0626,-0.0000,-0.0000,42.947,1,293.15,0,4990.8,-0.0648,-0.0000,-0.0000,42.879,1,293.15,0,2681.3,-0.1031,0.0000,0.0000,41.110,1,293.15,0,2682.6,-0.1032,0.0000,0.0000,41.112,1,293.15,0
10.1000,164.6808,25.1308,0.5147,23.149,23.146,3466.8,5,0.057,0.000,1.000,0.000,0,729.74,1787.33,683.30,1114.43,0.00,4062.50,0.07197,-0.0003,4833.1,3.6,0.07195,-0.0037,4809.9,-3.7,0.02274,-0.0172,2454.0,5.9,0.02272,-0.0151,2458.9,2.5,5030.5,-0.0632,0.0000,-0.0000,42.442,1,293.15,0,5000.7,-0.0624,0.0000,-0.0000,42.327,1,293.15,0,2642.1,-0.1050,0.0000,0.0000,40.606,1,293.15,0,2669.9,-0.1052,0.0000,0.0000,40.611,1,293.15,0
10.1167,165.0597,25.1831,0.5149,22.916,22.913,3423.4,5,0.057,0.000,1.000,0.000,0,715.14,1751.89,669.68,1092.52,0.00,3983.52,0.07186,-0.0027,4821.5,6.7,0.07184,-0.0021,4807.5,-9.3,0.02247,-0.0165,2438.1,3.3,0.02246,-0.0147,2447.6,5.5,5029.7,-0.0653,-0.0000,-0.0000,42.095,1,293.15,0,5034.4,-0.0671,-0.0000,-0.0000,42.217,1,293.15,0,2623.7,-0.1070,0.0000,0.0000,40.104,1,293.15,0,2648.5,-0.1071,0.0000,0.0000,40.114,1,293.15,0
10.1333,165.4346,25.2348,0.5151,22.682,22.679,3380.1,5,0.056,0.000,1.000,0.000,0,700.57,1716.52,656.09,1070.66,0.00,3904.61,0.07181,-0.0032,4802.7,-8.1,0.07184,-0.0012,4831.8,11.1,0.02220,-0.0161,2416.4,-3.1,0.02219,-0.0175,2414.9,2.8,4993.3,-0.0626,-0.0000,-0.0000,41.386,1,293.15,0,5010.4,-0.0660,-0.0000,-0.0000,41.600,1,293.15,0,2631.0,-0.1091,0.0000,0.0000,39.612,1,293.15,0,2609.6,-0.1092,0.0000,0.0000,39.597,1,293.15,0
10.1500,165.8057,25.2860,0.5152,22.447,22.444,3336.8,5,0.056,0.000,1.000,0.000,0,686.13,1681.45,642.62,1048.96,0.00,3826.27,0.07177,-0.0028,4820.4,9.1,0.07172,-0.0080,4779.4,-7.7,0.02194,-0.0172,2407.3,8.8,0.02191,-0.0162,2404.6,3.7,5015.4,-0.0634,-0.0000,-0.0000,41.035,1,293.15,0,4972.1,-0.0649,-0.0000,-0.0000,40.990,1,293.15,0,2582.3,-0.1110,0.0000,0.0000,39.104,1,293.15,0,2603.6,-0.1112,0.0000,0.0000,39.107,1,293.15,0
10.1667,166.1729,25.3367,0.5154,22.211,22.209,3293.4,5,0.056,0.000,1.000,0.000,0,671.82,1646.66,629.26,1027.42,0.00,3748.50,0.07173,-0.0037,4803.7,-2.2,0.07172,0.0013,4832.2,4.7,0.02167,-0.0176,2375.3,-4.2,0.02166,-0.0140,2402.8,7.9,4996.3,-0.0652,0.0000,-0.0000,40.608,1,293.15,0,5034.2,-0.0617,0.0000,-0.0000,40.534,1,293.15,0,2578.5,-0.1134,0.0000,0.0000,38.598,1,293.15,0,2604.9,-0.1130,0.0000,0.0000,38.615,1,293.15,0
10.1833,166.5363,25.3869,0.5155,21.976,21.973,3250.1,5,0.055,0.000,1.000,0.000,0,657.64,1612.20,616.03,1006.09,0.00,3671.42,0.07166,-0.0071,4786.2,-2.2,0.07168,-0.0028,4813.8,5.8,0.02140,-0.0164,2366.5,-1.4,0.02141,-0.0145,2382.4,5.5,4978.9,-0.0640,0.0000,-0.0000,40.045,1,293.15,0,5021.5,-0.0660,0.0000,-0.0000,40.262,1,293.15,0,2567.4,-0.1153,0.0000,0.0000,38.105,1,293.15,0,2587.5,-0.1152,0.0000,0.0000,38.108,1,293.15,0
10.2000,166.8957,25.4365,0.5157,21.740,21.737,3206.8,5,0.055,0.000,1.000,0.000,0,643.58,1578.03,602.92,984.92,0.00,3594.90,0.07165,-0.0037,4810.6,7.9,0.07162,-0.0004,4818.2,1.8,0.02117,-0.0149,2363.3,3.0,0.02115,-0.0145,2361.8,1.2,4980.2,-0.0682,0.0000,-0.0000,39.761,1,293.15,0,5019.5,-0.0669,0.0000,-0.0000,39.819,1,293.15,0,2562.1,-0.1173,0.0000,0.0000,37.611,1,293.15,0,2566.9,-0.1172,0.0000,0.0000,37.606,1,293.15,0
10.2167,167.2511,25.4855,0.5159,21.502,21.500,3163.4,5,0.054,0.000,1.000,0.000,0,629.62,1544.08,589.89,963.89,0.00,3518.82,0.07157,-0.0051,4803.0,8.9,0.07156,-0.0029,4802.2,-1.2,0.02091,-0.0169,2338.6,3.9,0.02089,-0.0172,2336.2,4.0,4980.2,-0.0682,0.0000,-0.0000,39.288,1,293.15,0,5014.3,-0.0686,0.0000,-0.0000,39.433,1,293.15,0,2528.0,-0.1195,0.0000,0.0000,37.106,1,293.15,0,2531.3,-0.1194,0.0000,0.0000,37.100,1,293.15,0
10.2333,167.6027,25.5340,0.5160,21.265,21.262,3120.1,5,0.054,0.000,1.000,0.000,0,615.77,1510.39,576.97,943.00,0.00,3443.26,0.07155,-0.0009,4808.6,-2.7,0.07155,0.0004,4821.0,3.7,0.02066,-0.0119,2338.1,-2.9,0.02066,-0.0132,2338.7,3.5,5003.2,-0.0712,0.0000,-0.0000,39.026,1,293.15,0,5012.8,-0.0681,0.0000,-0.0000,38.906,1,293.15,0,2545.3,-0.1214,0.0000,0.0000,36.609,1,293.15,0,2532.1,-0.1214,0.0000,0.0000,36.615,1,293.15,0
10.2500,167.9503,25.5820,0.5162,21.026,21.023,3076.8,5,0.053,0.000,1.000,0.000,0,602.02,1476.95,564.14,922.27,0.00,3368.22,0.07148,-0.0033,4798.2,-0.1,0.07147,-0.0047,4784.9,-7.1,0.02043,-0.0153,2314.1,2.7,0.02040,-0.0169,2306.3,3.6,5021.5,-0.0678,-0.0000,-0.0000,38.476,1,293.15,0,4999.7,-0.0724,-0.0000,-0.0000,38.608,1,293.15,0,2506.7,-0.1235,0.0000,0.0000,36.106,1,293.15,0,2495.3,-0.1237,0.0000,0.0000,36.104,1,293.15,0
10.2667,168.2940,25.6295,0.5163,20.786,20.784,3033.7,5,0.053,0.000,1.000,0.000,0,588.38,1443.74,551.41,901.67,0.00,3293.62,0.07145,0.0008,4827.3,12.2,0.07142,-0.0040,4779.7,-13.5,0.02017,-0.0132,2303.2,-1.4,0.02016,-0.0137,2304.6,3.1,5027.4,-0.0646,-0.0000,-0.0000,37.833,1,293.15,0,4993.0,-0.0724,-0.0000,-0.0000,38.117,1,293.15,0,2508.3,-0.1256,0.0001,0.0000,35.609,1,293.15,0,2499.8,-0.1258,0.0001,0.0000,35.612,1,293.15,0
10.2833,168.6337,25.6763,0.5165,20.547,20.544,2991.7,5,0.053,0.000,1.000,0.000,0,574.89,1410.89,538.82,881.29,0.00,3219.81,0.07142,-0.0024,4790.0,-10.0,0.07146,-0.0008,4814.0,5.6,0.01992,-0.0159,2274.6,-2.0,0.01992,-0.0156,2284.9,7.1,5003.3,-0.0671,-0.0000,-0.0000,37.445,1,293.15,0,5011.1,-0.0740,-0.0000,-0.0000,37.740,1,293.15,0,2471.8,-0.1278,0.0000,0.0000,35.117,1,293.15,0,2476.6,-0.1278,0.0000,0.0000,35.111,1,293.15,0
10.3000,168.9695,25.7227,0.5166,20.306,20.303,2950.2,5,0.052,0.000,1.000,0.000,0,561.50,1378.31,526.33,861.07,0.00,3146.53,0.07135,-0.0112,4769.7,10.4,0.07132,-0.0061,4786.0,6.0,0.01968,-0.0147,2267.7,1.5,0.01966,-0.0150,2267.2,3.0,4925.9,-0.0697,0.0000,-0.0000,36.824,1,293.15,0,4986.4,-0.0703,0.0000,-0.0000,37.030,1,293.15,0,2465.2,-0.1297,0.0000,0.0000,34.633,1,293.15,0,2465.2,-0.1297,0.0000,0.0000,34.625,1,293.15,0
10.3167,169.3013,25.7685,0.5168,20.065,20.062,2909.5,5,0.052,0.000,1.000,0.000,0,548.26,1346.04,513.96,841.03,0.00,3073.88,0.07133,-0.0013,4810.5,9.0,0.07133,0.0011,4811.4,-0.7,0.01943,-0.0153,2247.6,-0.1,0.01943,-0.0138,2259.5,5.6,4982.1,-0.0702,0.0000,-0.0000,36.520,1,293.15,0,5021.1,-0.0724,0.0000,-0.0000,36.750,1,293.15,0,2442.8,-0.1315,0.0000,0.0000,34.150,1,293.15,0,2459.3,-0.1313,0.0000,0.0000,34.152,1,293.15,0
10.3333,169.6291,25.8137,0.5169,19.823,19.821,2869.2,5,0.051,0.000,1.000,0.000,0,535.12,1314.03,501.70,821.15,0.00,3001.77,0.07130,-0.0040,4793.4,5.0,0.07129,0.0000,4806.7,0.8,0.01918,-0.0149,2237.0,3.6,0.01917,-0.0167,2226.8,2.2,4975.9,-0.0675,-0.0000,-0.0000,35.913,1,293.15,0,5019.0,-0.0730,-0.0000,-0.0000,36.270,1,293.15,0,2430.9,-0.1329,0.0000,0.0000,33.675,1,293.15,0,2421.5,-0.1331,0.0000,0.0000,33.674,1,293.15,0
10.3500,169.9529,25.8584,0.5171,19.581,19.578,2829.5,5,0.051,0.000,1.000,0.000,0,522.12,1282.35,489.56,801.46,0.00,2930.33,0.07127,-0.0035,4792.6,2.6,0.07128,0.0004,4812.9,5.9,0.01894,-0.0149,2218.4,-0.0,0.01893,-0.0132,2230.7,5.8,4965.7,-0.0702,0.0000,-0.0000,35.504,1,293.15,0,5009.5,-0.0701,0.0000,-0.0000,35.627,1,293.15,0,2412.4,-0.1345,0.0000,0.0000,33.209,1,293.15,0,2427.5,-0.1343,0.0000,0.0000,33.211,1,293.15,0
10.3667,170.2727,25.9026,0.5172,19.339,19.336,2790.0,5,0.050,0.000,1.000,0.000,0,509.29,1251.06,477.58,782.02,0.00,2859.75,0.07124,0.0015,4815.2,4.6,0.07123,0.0054,4820.0,-7.1,0.01870,-0.0127,2216.2,4.0,0.01868,-0.0124,2211.6,-0.9,5018.6,-0.0713,-0.0000,-0.0000,35.213,1,293.15,0,5049.9,-0.0715,-0.0000,-0.0000,35.315,1,293.15,0,2416.5,-0.1357,0.0000,0.0000,32.748,1,293.15,0,2421.4,-0.1359,0.0000,0.0000,32.749,1,293.15,0
10.3833,170.5884,25.9461,0.5174,19.096,19.093,2751.1,5,0.050,0.000,1.000,0.000,0,496.57,1220.04,465.70,762.73,0.00,2789.73,0.07122,-0.0033,4789.9,1.2,0.07121,-0.0054,4780.3,1.1,0.01848,-0.0119,2211.1,9.4,0.01845,-0.0123,2192.9,-5.3,4982.8,-0.0728,-0.0000,-0.0000,34.702,1,293.15,0,4966.4,-0.0730,-0.0000,-0.0000,34.663,1,293.15,0,2406.9,-0.1369,0.0000,0.0000,32.293,1,293.15,0,2410.1,-0.1372,0.0000,0.0000,32.289,1,293.15,0
10.4000,170.9002,25.9892,0.5175,18.852,18.850,2712.6,5,0.050,0.000,1.000,0.000,0,483.98,1189.33,453.94,743.63,0.00,2720.35,0.07117,0.0017,4814.1,5.5,0.07114,-0.0002,4791.5,-7.3,0.01824,-0.0132,2186.1,5.2,0.01823,-0.0115,2186.9,-0.1,5014.8,-0.0718,-0.0000,-0.0000,34.233,1,293.15,0,4994.1,-0.0744,-0.0000,-0.0000,34.293,1,293.15,0,2380.2,-0.1381,0.0000,0.0000,31.834,1,293.15,0,2399.1,-0.1383,0.0000,0.0000,31.837,1,293.15,0
10.4167,171.2079,26.0317,0.5177,18.608,18.605,2674.5,5,0.049,0.000,1.000,0.000,0,471.50,1158.88,442.29,724.69,0.00,2651.50,0.07112,-0.0011,4800.2,6.0,0.07112,-0.0001,4793.4,-5.2,0.01801,-0.0151,2157.1,-0.5,0.01802,-0.0125,2178.4,9.1,4995.8,-0.0702,-0.0000,-0.0000,33.637,1,293.15,0,5012.2,-0.0755,-0.0000,-0.0000,33.914,1,293.15,0,2342.2,-0.1392,0.0000,0.0000,31.382,1,293.15,0,2372.5,-0.1392,0.0000,0.0000,31.381,1,293.15,0
10.4333,171.5116,26.0736,0.5178,18.364,18.362,2636.3,5,0.049,0.000,1.000,0.000,0,459.25,1128.97,430.84,706.08,0.00,2583.85,0.07110,-0.0011,4796.9,3.1,0.07107,-0.0089,4759.0,0.3,0.01778,-0.0127,2149.3,-3.8,0.01778,-0.0155,2144.3,3.7,4983.9,-0.0766,0.0000,-0.0000,33.355,1,293.15,0,4919.5,-0.0781,0.0000,-0.0000,33.228,1,293.15,0,2359.9,-0.1404,0.0000,0.0000,30.933,1,293.15,0,2330.2,-0.1403,0.0000,0.0000,30.926,1,293.15,0
10.4500,171.8113,26.1149,0.5179,18.119,18.117,2598.5,4,0.048,0.000,1.000,0.000,0,447.08,1099.26,419.47,687.58,0.00,2516.58,0.07102,-0.0042,4776.3,-0.8,0.07104,0.0082,4829.5,-2.4,0.01757,-0.0143,2135.6,3.3,0.01756,-0.0131,2144.4,7.2,4987.9,-0.0830,0.0000,-0.0000,33.097,1,293.15,0,5089.3,-0.0753,0.0000,-0.0000,33.133,1,293.15,0,2313.6,-0.1414,-0.0000,0.0000,30.483,1,293.15,0,2336.4,-0.1411,-0.0000,0.0000,30.484,1,293.15,0
10.4667,172.1068,26.1557,0.5181,17.866,17.864,2628.5,4,0.048,0.000,1.000,0.000,0,434.68,1068.97,407.88,668.72,0.00,2447.95,0.07104,0.0000,4798.7,2.4,0.07102,-0.0044,4775.4,-0.9,0.01734,-0.0142,2121.9,3.9,0.01733,-0.0126,2129.9,5.7,4990.5,-0.0714,-0.0000,-0.0000,32.180,1,293.15,0,4953.9,-0.0786,-0.0000,-0.0000,32.324,1,293.15,0,2302.9,-0.2202,0.0000,0.0000,26.453,1,293.15,0,2327.2,-0.2202,0.0000,0.0000,26.455,1,293.15,0
10.4833,172.3979,26.1959,0.5182,17.598,17.595,2658.5,4,0.048,0.000,1.000,0.000,0,421.71,1037.25,395.75,648.95,0.00,2375.98,0.07105,0.0124,4839.4,-11.4,0.07110,0.0202,4880.5,-6.3,0.01708,-0.0200,2077.5,2.5,0.01706,-0.0196,2084.4,8.6,5080.0,-0.0713,-0.0000,-0.0000,31.847,1,293.15,0,5126.4,-0.0756,-0.0000,-0.0000,32.115,1,293.15,0,2260.0,-0.2606,0.0000,0.0000,25.513,1,293.15,0,2271.6,-0.2605,0.0000,0.0000,25.513,1,293.15,0
10.5000,172.6846,26.2355,0.5184,17.331,17.328,2671.0,4,0.047,0.000,1.000,0.000,0,409.00,1006.18,383.87,629.60,0.00,2305.50,0.07123,0.0019,4813.0,1.1,0.07119,0.0051,4820.9,-3.5,0.01670,-0.0230,2040.3,2.6,0.01668,-0.0250,2033.0,5.5,5015.5,-0.0808,0.0000,-0.0000,31.510,1,293.15,0,5028.6,-0.0750,0.0000,-0.0000,31.313,1,293.15,0,2235.4,-0.2519,-0.0000,0.0000,25.521,1,293.15,0,2223.1,-0.2520,-0.0000,0.0000,25.522,1,293.15,0
10.5167,172.9668,26.2744,0.5185,17.062,17.059,2674.9,4,0.047,0.000,1.000,0.000,0,396.41,975.40,372.10,610.41,0.00,2235.62,0.07148,0.0237,4910.4,-5.8,0.07149,0.0230,4909.3,-4.2,0.01624,-0.0292,1979.2,-1.1,0.01624,-0.0262,2005.4,12.3,5114.1,-0.0714,-0.0000,-0.0000,30.793,1,293.15,0,5095.3,-0.0755,-0.0000,-0.0000,30.903,1,293.15,0,2170.8,-0.2394,0.0000,0.0000,25.536,1,293.15,0,2203.7,-0.2393,0.0000,0.0000,25.547,1,293.15,0
10.5333,173.2446,26.3128,0.5186,16.795,16.793,2675.5,4,0.047,0.000,1.000,0.000,0,384.12,945.35,360.61,591.68,0.00,2167.40,0.07174,0.0085,4866.4,7.3,0.07173,0.0041,4841.6,1.4,0.01577,-0.0290,1952.9,2.6,0.01576,-0.0300,1953.4,8.5,5026.6,-0.0778,0.0000,-0.0000,30.282,1,293.15,0,5007.8,-0.0780,0.0000,-0.0000,30.273,1,293.15,0,2145.0,-0.2276,0.0000,0.0000,25.521,1,293.15,0,2146.6,-0.2274,0.0000,0.0000,25.518,1,293.15,0
10.5500,173.5181,26.3505,0.5188,16.530,16.528,2671.2,4,0.046,0.000,1.000,0.000,0,372.10,915.94,349.37,573.34,0.00,2100.55,0.07195,0.0130,4890.6,3.9,0.07196,0.0230,4933.2,2.4,0.01531,-0.0260,1935.0,1.7,0.01529,-0.0282,1927.3,5.1,5053.8,-0.0728,-0.0000,-0.0000,29.597,1,293.15,0,5149.7,-0.0768,-0.0000,-0.0000,30.007,1,293.15,0,2137.4,-0.2167,0.0000,0.0000,25.453,1,293.15,0,2122.3,-0.2169,0.0000,0.0000,25.454,1,293.15,0
10.5667,173.7872,26.3877,0.5189,16.269,16.266,2662.4,4,0.046,0.000,1.000,0.000,0,360.43,887.37,338.45,555.52,-0.00,2035.58,0.07219,0.0110,4900.8,13.6,0.07219,0.0121,4881.7,-10.2,0.01487,-0.0257,1906.1,0.9,0.01485,-0.0238,1918.9,6.3,5075.0,-0.0757,-0.0000,-0.0000,29.258,1,293.15,0,5102.3,-0.0819,-0.0000,-0.0000,29.552,1,293.15,0,2107.1,-0.2072,0.0000,0.0000,25.343,1,293.15,0,2126.4,-0.2072,0.0000,0.0000,25.351,1,293.15,0
10.5833,174.0521,26.4243,0.5190,16.009,16.006,2650.0,4,0.045,0.000,1.000,0.000,0,348.99,859.35,327.74,538.04,-0.00,1971.78,0.07236,0.0058,4870.8,0.3,0.07236,0.0151,4913.3,1.8,0.01450,-0.0218,1901.8,4.0,0.01448,-0.0218,1900.5,4.0,5054.6,-0.0803,0.0000,-0.0000,28.824,1,293.15,0,5134.4,-0.0805,0.0000,-0.0000,29.019,1,293.15,0,2095.8,-0.1984,-0.0000,0.0000,25.205,1,293.15,0,2102.0,-0.1984,-0.0000,0.0000,25.211,1,293.15,0
10.6000,174.3127,26.4602,0.5191,15.750,15.747,2634.2,4,0.045,0.000,1.000,0.000,0,337.79,831.90,317.26,520.90,-0.00,1909.23,0.07246,0.0028,4862.0,0.7,0.07248,0.0037,4865.2,-0.3,0.01416,-0.0176,1890.9,-3.2,0.01416,-0.0168,1903.7,5.8,5054.6,-0.0806,0.0000,-0.0000,28.321,1,293.15,0,5066.8,-0.0829,0.0000,-0.0000,28.401,1,293.15,0,2098.0,-0.1905,-0.0000,0.0000,25.040,1,293.15,0,2103.9,-0.1904,-0.0000,0.0000,25.042,1,293.15,0
10.6167,174.5689,26.4956,0.5192,15.492,15.489,2615.7,4,0.045,0.000,1.000,0.000,0,326.79,804.93,306.96,504.06,-0.00,1847.71,0.07255,0.0082,4883.7,-4.4,0.07254,-0.0006,4844.2,-5.2,0.01393,-0.0144,1896.2,4.1,0.01390,-0.0150,1889.6,1.4,5102.8,-0.0826,-0.0000,-0.0000,27.950,1,293.15,0,5012.9,-0.0831,-0.0000,-0.0000,27.714,1,293.15,0,2090.5,-0.1830,-0.0000,0.0000,24.850,1,293.15,0,2088.7,-0.1830,-0.0000,0.0000,24.844,1,293.15,0
10.6333,174.8210,26.5304,0.5193,15.234,15.231,2594.4,4,0.044,0.000,1.000,0.000,0,316.03,778.51,296.87,487.55,-0.00,1787.38,0.07256,-0.0035,4845.7,8.5,0.07253,-0.0014,4843.8,-1.8,0.01371,-0.0110,1890.9,-1.8,0.01371,-0.0092,1903.8,3.3,5024.7,-0.0855,0.0000,-0.0000,27.284,1,293.15,0,5051.9,-0.0854,0.0000,-0.0000,27.309,1,293.15,0,2094.6,-0.1763,-0.0000,0.0000,24.632,1,293.15,0,2107.5,-0.1761,-0.0000,0.0000,24.633,1,293.15,0
10.6500,175.0688,26.5646,0.5194,14.976,14.973,2571.1,4,0.044,0.000,1.000,0.000,0,305.41,752.43,286.91,471.25,-0.00,1727.78,0.07256,0.0015,4854.3,-5.2,0.07256,0.0027,4870.2,5.8,0.01358,-0.0068,1904.5,1.9,0.01357,-0.0083,1895.0,-0.0,5048.0,-0.0852,0.0000,-0.0000,26.751,1,293.15,0,5051.4,-0.0847,0.0000,-0.0000,26.776,1,293.15,0,2102.2,-0.1697,-0.0000,0.0000,24.398,1,293.15,0,2089.7,-0.1699,-0.0000,0.0000,24.396,1,293.15,0
10.6667,175.3123,26.5982,0.5195,14.722,14.719,2545.5,4,0.044,0.000,1.000,0.000,0,295.13,727.18,277.28,455.47,-0.00,1670.08,0.07242,-0.0138,4791.6,4.6,0.07241,-0.0131,4792.8,2.7,0.01346,-0.0069,1893.7,-0.4,0.01345,-0.0061,1899.3,1.9,4980.1,-0.0986,0.0000,-0.0000,25.837,1,293.15,0,4996.2,-0.0982,0.0000,-0.0000,25.862,1,293.15,0,2092.8,-0.1642,-0.0000,0.0000,24.140,1,293.15,0,2099.1,-0.1640,-0.0000,0.0000,24.140,1,293.15,0
10.6833,175.5518,26.6313,0.5195,14.469,14.467,2518.1,4,0.043,0.000,1.000,0.000,0,285.09,702.51,267.86,440.04,-0.00,1613.60,0.07226,-0.0055,4819.8,2.0,0.07226,-0.0054,4816.2,-2.1,0.01339,-0.0023,1910.4,0.8,0.01339,-0.0029,1906.1,-1.0,5022.9,-0.1073,0.0000,-0.0000,25.244,1,293.15,0,5026.3,-0.1071,0.0000,-0.0000,25.245,1,293.15,0,2110.0,-0.1589,-0.0000,0.0000,23.870,1,293.15,0,2105.5,-0.1590,-0.0000,0.0000,23.871,1,293.15,0
10.7000,175.7870,26.6638,0.5196,14.218,14.216,2489.5,4,0.043,0.000,1.000,0.000,0,275.28,678.37,258.65,424.93,-0.00,1558.32,0.07207,-0.0143,4778.5,6.3,0.07205,-0.0127,4779.2,0.8,0.01340,0.0015,1925.6,-1.3,0.01339,0.0013,1925.6,-0.1,4967.7,-0.1174,-0.0000,-0.0000,24.444,1,293.15,0,4988.6,-0.1188,-0.0000,-0.0000,24.448,1,293.15,0,2125.2,-0.1540,-0.0000,0.0000,23.592,1,293.15,0,2118.8,-0.1539,-0.0000,0.0000,23.590,1,293.15,0
10.7167,176.0182,26.6957,0.5196,13.969,13.967,2459.7,4,0.043,0.000,1.000,0.000,0,265.72,654.87,249.69,410.23,-0.00,1504.46,0.07179,-0.0149,4760.7,1.6,0.07176,-0.0105,4773.7,-3.8,0.01344,0.0014,1928.6,-0.5,0.01343,0.0023,1933.6,0.8,4980.5,-0.1297,-0.0000,-0.0000,23.734,1,293.15,0,5007.4,-0.1307,-0.0000,-0.0000,23.768,1,293.15,0,2122.7,-0.1494,0.0000,0.0000,23.299,1,293.15,0,2128.2,-0.1494,0.0000,0.0000,23.296,1,293.15,0
10.7333,176.2452,26.7270,0.5197,13.720,13.718,2428.4,4,0.042,0.000,1.000,0.000,0,256.33,631.76,240.87,395.76,-0.00,1451.48,0.07166,-0.0010,4816.6,1.5,0.07166,-0.0029,4796.1,-10.4,0.01349,0.0046,1947.7,0.7,0.01349,0.0044,1942.7,-3.3,5043.3,-0.1356,-0.0000,-0.0000,23.230,1,293.15,0,5020.0,-0.1344,-0.0000,-0.0000,23.205,1,293.15,0,2147.7,-0.1452,-0.0000,0.0000,22.996,1,293.15,0,2142.9,-0.1451,-0.0000,0.0000,22.991,1,293.15,0
10.7500,176.4681,26.7578,0.5197,13.472,13.470,2396.1,4,0.042,0.000,1.000,0.000,0,247.14,609.16,232.25,381.62,-0.00,1399.71,0.07149,-0.0063,4776.0,-9.8,0.07151,-0.0127,4764.2,5.8,0.01358,0.0070,1967.3,3.6,0.01356,0.0043,1942.8,-7.6,4992.3,-0.1461,0.0000,-0.0000,22.473,1,293.15,0,4930.5,-0.1427,0.0000,-0.0000,22.443,1,293.15,0,2169.2,-0.1411,-0.0000,0.0000,22.679,1,293.15,0,2141.0,-0.1412,-0.0000,0.0000,22.679,1,293.15,0
10.7667,176.6870,26.7880,0.5198,13.226,13.224,2362.7,4,0.041,0.000,1.000,0.000,0,238.21,587.20,223.87,367.89,0.00,1349.45,0.07130,-0.0166,4747.3,13.7,0.07123,-0.0161,4726.4,-6.5,0.01367,0.0029,1955.6,4.5,0.01365,0.0064,1965.6,-0.3,4938.8,-0.1548,-0.0001,-0.0000,21.741,1,293.15,0,4945.1,-0.1594,-0.0001,-0.0000,21.684,1,293.15,0,2135.6,-0.1378,0.0001,0.0000,22.352,1,293.15,0,2169.9,-0.1375,0.0001,0.0000,22.352,1,293.15,0
10.7833,176.9018,26.8176,0.5199,12.982,12.980,2328.1,4,0.041,0.000,1.000,0.000,0,229.50,565.79,215.70,354.50,0.00,1300.46,0.07103,-0.0096,4750.8,-3.3,0.07097,-0.0156,4718.5,-7.0,0.01377,0.0062,1980.0,7.1,0.01374,0.0082,1969.9,-9.7,4991.0,-0.1684,-0.0000,-0.0000,21.124,1,293.15,0,4910.6,-0.1672,-0.0000,-0.0000,21.044,1,293.15,0,2178.3,-0.1343,0.0001,0.0000,22.020,1,293.15,0,2190.5,-0.1343,0.0001,0.0000,22.022,1,293.15,0
10.8000,177.1127,26.8467,0.5200,12.739,12.737,2293.3,4,0.041,0.000,1.000,0.000,0,220.98,544.86,207.71,341.41,0.00,1252.58,0.07063,-0.0194,4677.8,-18.6,0.07067,-0.0156,4732.0,17.5,0.01387,0.0048,1964.9,-8.3,0.01390,0.0060,1989.1,9.1,4899.0,-0.1824,0.0000,-0.0000,20.308,1,293.15,0,4918.5,-0.1770,0.0000,-0.0000,20.432,1,293.15,0,2153.8,-0.1315,0.0000,0.0000,21.677,1,293.15,0,2162.7,-0.1313,0.0000,0.0000,21.680,1,293.15,0
10.8167,177.3195,26.8753,0.5201,12.496,12.493,2306.7,3,0.040,0.000,1.000,0.000,0,212.62,524.33,199.87,328.58,0.00,1205.64,0.07031,-0.0234,4670.8,3.8,0.07032,-0.0252,4667.0,7.4,0.01399,0.0120,2009.0,-3.9,0.01402,0.0123,2009.5,-6.1,4856.8,-0.1909,0.0000,-0.0000,19.642,1,293.15,0,4859.9,-0.1905,0.0000,-0.0000,19.644,1,293.15,0,2224.7,-0.1793,-0.0000,0.0000,19.166,1,293.15,0,2220.5,-0.1794,-0.0000,0.0000,19.167,1,293.15,0
10.8333,177.5219,26.9032,0.5202,12.229,12.227,2336.7,3,0.040,0.000,1.000,0.000,0,203.64,502.27,191.45,314.79,0.00,1155.21,0.07006,-0.0135,4715.9,15.4,0.06999,-0.0120,4697.3,-7.1,0.01413,0.0022,1982.6,3.4,0.01412,0.0007,1973.6,1.8,4900.8,-0.1974,-0.0000,-0.0000,19.104,1,293.15,0,4920.0,-0.2014,-0.0000,-0.0000,19.064,1,293.15,0,2160.0,-0.2765,0.0001,0.0000,17.005,1,293.15,0,2152.9,-0.2766,0.0001,0.0000,17.008,1,293.15,0
10.8500,177.7199,26.9306,0.5204,11.958,11.956,2366.7,3,0.040,0.000,1.000,0.000,0,194.71,480.37,183.09,301.10,0.00,1105.17,0.06994,-0.0074,4711.7,-11.0,0.07002,-0.0031,4765.0,20.6,0.01398,-0.0138,1901.8,2.7,0.01397,-0.0124,1911.4,7.2,4886.0,-0.2061,0.0000,-0.0000,18.418,1,293.15,0,4938.7,-0.2014,0.0000,-0.0000,18.542,1,293.15,0,2081.2,-0.2878,0.0000,0.0000,16.771,1,293.15,0,2101.7,-0.2875,0.0000,0.0000,16.776,1,293.15,0
10.8667,177.9135,26.9573,0.5205,11.689,11.687,2385.3,3,0.040,0.000,1.000,0.000,0,186.06,459.14,174.99,287.83,0.00,1056.65,0.06999,0.0128,4821.4,8.9,0.06998,0.0027,4744.5,-23.7,0.01373,-0.0173,1870.8,4.4,0.01369,-0.0196,1857.3,3.7,5052.0,-0.2133,0.0000,-0.0000,18.009,1,293.15,0,4963.2,-0.2147,0.0000,-0.0000,17.858,1,293.15,0,2060.0,-0.2695,0.0000,0.0000,16.859,1,293.15,0,2041.6,-0.2696,0.0000,0.0000,16.860,1,293.15,0
10.8833,178.1026,26.9834,0.5207,11.421,11.419,2397.5,3,0.039,0.000,1.000,0.000,0,177.61,438.41,167.07,274.87,0.00,1009.29,0.07011,0.0062,4799.8,11.4,0.07005,0.0056,4770.4,-13.2,0.01338,-0.0219,1824.7,1.6,0.01334,-0.0228,1821.0,5.1,4996.1,-0.2209,-0.0000,-0.0000,17.284,1,293.15,0,4985.1,-0.2251,-0.0000,-0.0000,17.223,1,293.15,0,2023.3,-0.2488,0.0001,0.0000,16.923,1,293.15,0,2009.4,-0.2490,0.0001,0.0000,16.923,1,293.15,0
10.9000,178.2873,27.0089,0.5209,11.158,11.156,2403.6,3,0.039,0.000,1.000,0.000,0,169.53,418.57,159.50,262.47,0.00,963.94,0.07017,0.0043,4784.5,2.0,0.07017,0.0164,4835.9,0.8,0.01298,-0.0253,1782.3,1.6,0.01295,-0.0223,1799.8,7.4,4967.7,-0.2336,-0.0000,-0.0000,16.591,1,293.15,0,5070.9,-0.2341,-0.0000,-0.0000,16.708,1,293.15,0,1977.1,-0.2298,0.0001,0.0000,16.937,1,293.15,0,2004.5,-0.2296,0.0001,0.0000,16.942,1,293.15,0
10.9167,178.4678,27.0338,0.5211,10.900,10.898,2403.6,3,0.039,0.000,1.000,0.000,0,161.78,399.53,152.23,250.57,0.00,920.42,0.07028,0.0051,4789.7,-0.4,0.07029,0.0032,4774.7,-7.6,0.01258,-0.0231,1765.3,1.1,0.01258,-0.0220,1775.9,7.4,5006.6,-0.2467,0.0000,-0.0000,15.950,1,293.15,0,4987.4,-0.2454,0.0000,-0.0000,15.938,1,293.15,0,1959.3,-0.2121,0.0000,0.0000,16.913,1,293.15,0,1975.8,-0.2120,0.0000,0.0000,16.916,1,293.15,0
10.9333,178.6441,27.0581,0.5212,10.646,10.645,2398.0,3,0.038,0.000,1.000,0.000,0,154.35,381.27,145.27,239.15,0.00,878.65,0.07037,0.0095,4816.1,3.4,0.07035,-0.0042,4740.7,-11.4,0.01224,-0.0191,1757.8,-0.8,0.01223,-0.0203,1758.8,5.9,5028.5,-0.2582,0.0000,-0.0000,15.375,1,293.15,0,4908.1,-0.2584,0.0000,-0.0000,15.223,1,293.15,0,1958.3,-0.1957,-0.0000,0.0000,16.856,1,293.15,0,1950.0,-0.1958,-0.0000,0.0000,16.852,1,293.15,0
10.9500,178.8163,27.0819,0.5214,10.400,10.398,2387.4,3,0.038,0.000,1.000,0.000,0,147.27,363.89,138.63,228.27,0.00,838.83,0.07026,0.0005,4768.3,-0.8,0.07025,-0.0082,4714.6,-16.1,0.01198,-0.0125,1772.3,2.4,0.01195,-0.0140,1758.0,-3.7,5018.9,-0.2767,0.0000,-0.0000,14.676,1,293.15,0,4927.9,-0.2760,0.0000,-0.0000,14.581,1,293.15,0,1986.5,-0.1803,-0.0000,0.0000,16.761,1,293.15,0,1968.1,-0.1805,-0.0000,0.0000,16.762,1,293.15,0
10.9667,178.9845,27.1051,0.5215,10.155,10.153,2372.6,3,0.038,0.000,1.000,0.000,0,140.42,347.02,132.20,217.71,0.00,800.14,0.07021,-0.0084,4734.8,6.3,0.07019,-0.0047,4749.7,5.6,0.01179,-0.0098,1776.2,7.1,0.01177,-0.0080,1773.5,-2.0,4902.5,-0.2865,-0.0000,-0.0000,13.986,1,293.15,0,4947.1,-0.2879,-0.0000,-0.0000,14.020,1,293.15,0,1967.0,-0.1666,0.0000,0.0000,16.638,1,293.15,0,1987.4,-0.1664,0.0000,0.0000,16.638,1,293.15,0
10.9833,179.1487,27.1278,0.5216,9.915,9.914,2353.7,3,0.037,0.000,1.000,0.000,0,133.88,330.91,126.06,207.63,0.00,763.18,0.06992,-0.0148,4677.0,-12.9,0.06994,-0.0194,4677.3,7.2,0.01171,-0.0010,1803.8,1.1,0.01168,-0.0048,1776.7,-6.8,4908.1,-0.3079,0.0000,-0.0000,13.316,1,293.15,0,4853.2,-0.3049,0.0000,-0.0000,13.301,1,293.15,0,2019.5,-0.1534,-0.0000,0.0000,16.493,1,293.15,0,1972.3,-0.1537,-0.0000,0.0000,16.487,1,293.15,0
11.0000,179.3089,27.1499,0.5217,9.678,9.677,2331.5,3,0.037,0.000,1.000,0.000,0,127.55,315.32,120.12,197.86,0.00,727.34,0.06966,-0.0213,4654.4,2.7,0.06966,-0.0173,4674.5,5.6,0.01177,0.0073,1847.6,4.9,0.01172,0.0072,1827.5,-11.8,4847.4,-0.3208,-0.0000,-0.0000,12.683,1,293.15,0,4889.7,-0.3210,-0.0000,-0.0000,12.731,1,293.15,0,2058.3,-0.1412,0.0001,0.0000,16.323,1,293.15,0,2042.7,-0.1414,0.0001,0.0000,16.321,1,293.15,0
11.0167,179.4653,27.1715,0.5218,9.444,9.442,2306.1,3,0.037,0.000,1.000,0.000,0,121.44,300.25,114.37,188.41,0.00,692.67,0.06938,-0.0226,4642.7,7.5,0.06937,-0.0234,4638.0,7.0,0.01189,0.0072,1858.8,8.5,0.01185,0.0085,1848.9,-4.5,4817.5,-0.3359,-0.0000,-0.0000,12.088,1,293.15,0,4830.3,-0.3356,-0.0000,-0.0000,12.093,1,293.15,0,2034.5,-0.1305,0.0001,0.0000,16.125,1,293.15,0,2046.7,-0.1302,0.0001,0.0000,16.127,1,293.15,0
11.0333,179.6179,27.1926,0.5218,9.213,9.211,2277.4,3,0.036,0.000,1.000,0.000,0,115.58,285.78,108.85,179.34,0.00,659.36,0.06898,-0.0235,4599.8,-16.1,0.06903,-0.0173,4665.1,20.6,0.01209,0.0135,1891.1,-0.6,0.01206,0.0147,1888.9,-6.4,4807.5,-0.3537,-0.0000,-0.0000,11.497,1,293.15,0,4856.5,-0.3504,-0.0000,-0.0000,11.593,1,293.15,0,2095.5,-0.1198,0.0000,0.0000,15.914,1,293.15,0,2088.9,-0.1198,0.0000,0.0000,15.913,1,293.15,0
11.0500,179.7667,27.2131,0.5219,8.985,8.984,2245.9,3,0.036,0.000,1.000,0.000,0,109.94,271.85,103.55,170.61,0.00,627.30,0.06856,-0.0250,4600.6,7.6,0.06857,-0.0246,4591.7,-3.7,0.01234,0.0151,1915.3,-0.3,0.01233,0.0156,1912.9,-4.0,4811.9,-0.3704,0.0000,-0.0000,10.943,1,293.15,0,4832.7,-0.3694,0.0000,-0.0000,10.956,1,293.15,0,2109.3,-0.1105,0.0000,0.0000,15.679,1,293.15,0,2104.8,-0.1105,0.0000,0.0000,15.676,1,293.15,0
11.0667,179.9118,27.2331,0.5219,8.760,8.759,2211.4,3,0.036,0.000,1.000,0.000,0,104.50,258.44,98.43,162.19,0.00,596.41,0.06808,-0.0342,4549.3,14.8,0.06806,-0.0320,4551.9,8.3,0.01262,0.0178,1947.5,0.7,0.01263,0.0203,1952.5,-5.9,4708.6,-0.3873,-0.0000,-0.0000,10.311,1,293.15,0,4761.7,-0.3876,-0.0000,-0.0000,10.340,1,293.15,0,2141.4,-0.1020,0.0000,0.0000,15.425,1,293.15,0,2161.0,-0.1018,0.0000,0.0000,15.425,1,293.15,0
11.0833,180.0532,27.2527,0.5220,8.538,8.537,2174.7,3,0.036,0.000,1.000,0.000,0,99.26,245.50,93.51,154.08,0.00,566.62,0.06759,-0.0317,4524.9,-1.4,0.06760,-0.0244,4570.2,11.6,0.01297,0.0216,1983.4,-3.5,0.01300,0.0232,1989.8,-5.9,4723.0,-0.4046,0.0000,-0.0000,9.781,1,293.15,0,4794.1,-0.4026,0.0000,-0.0000,9.863,1,293.15,0,2187.1,-0.0942,0.0000,0.0000,15.157,1,293.15,0,2194.3,-0.0942,0.0000,0.0000,15.156,1,293.15,0
11.1000,180.1910,27.2717,0.5221,8.318,8.317,2135.5,3,0.035,0.000,1.000,0.000,0,94.22,233.04,88.76,146.27,0.00,537.93,0.06707,-0.0352,4497.3,6.4,0.06706,-0.0386,4484.9,9.5,0.01335,0.0245,2019.3,-5.9,0.01337,0.0231,2013.7,-6.9,4680.7,-0.4226,0.0000,-0.0000,9.219,1,293.15,0,4671.6,-0.4223,0.0000,-0.0000,9.205,1,293.15,0,2230.4,-0.0873,-0.0000,0.0000,14.873,1,293.15,0,2206.7,-0.0874,-0.0000,0.0000,14.870,1,293.15,0
11.1167,180.3252,27.2902,0.5222,8.101,8.100,2094.2,3,0.035,0.000,1.000,0.000,0,89.37,221.09,84.20,138.78,0.00,510.42,0.06653,-0.0310,4496.1,8.2,0.06647,-0.0359,4462.7,-1.3,0.01373,0.0234,2043.1,-2.5,0.01374,0.0211,2027.4,-8.5,4703.8,-0.4397,-0.0000,-0.0000,8.722,1,293.15,0,4662.9,-0.4412,-0.0000,-0.0000,8.688,1,293.15,0,2249.9,-0.0814,0.0000,0.0000,14.571,1,293.15,0,2218.1,-0.0816,0.0000,0.0000,14.572,1,293.15,0
11.1333,180.4559,27.3083,0.5223,7.888,7.887,2051.1,3,0.035,0.000,1.000,0.000,0,84.73,209.65,79.84,131.60,0.00,484.08,0.06600,-0.0336,4460.2,4.4,0.06596,-0.0396,4446.0,17.9,0.01407,0.0205,2052.1,-3.4,0.01408,0.0215,2054.4,-6.1,4621.3,-0.4631,-0.0000,-0.0000,8.048,1,293.15,0,4588.3,-0.4636,-0.0000,-0.0000,8.031,1,293.15,0,2257.3,-0.0765,0.0000,0.0000,14.258,1,293.15,0,2254.0,-0.0765,0.0000,0.0000,14.258,1,293.15,0
11.1500,180.5832,27.3258,0.5224,7.683,7.682,2007.8,3,0.034,0.000,1.000,0.000,0,80.37,198.89,75.74,124.86,0.00,459.34,0.06539,-0.0358,4432.6,10.9,0.06536,-0.0368,4415.9,-0.1,0.01442,0.0197,2075.8,0.3,0.01442,0.0210,2075.7,-5.3,4633.1,-0.4929,-0.0000,-0.0000,7.362,1,293.15,0,4639.3,-0.4923,-0.0000,-0.0000,7.363,1,293.15,0,2267.2,-0.0726,0.0000,0.0000,13.942,1,293.15,0,2272.7,-0.0726,0.0000,0.0000,13.941,1,293.15,0
11.1667,180.7071,27.3429,0.5225,7.483,7.482,1964.5,3,0.034,0.000,1.000,0.000,0,76.26,188.75,71.88,118.50,0.00,436.00,0.06485,-0.0278,4428.9,-5.8,0.06479,-0.0377,4394.8,5.2,0.01478,0.0201,2101.6,1.0,0.01477,0.0216,2100.7,-6.6,4657.2,-0.5231,-0.0000,-0.0000,6.734,1,293.15,0,4553.7,-0.5253,-0.0000,-0.0000,6.698,1,293.15,0,2294.3,-0.0693,0.0000,0.0000,13.628,1,293.15,0,2302.2,-0.0693,0.0000,0.0000,13.625,1,293.15,0
11.1833,180.8279,27.3596,0.5226,7.291,7.290,1921.1,3,0.034,0.000,1.000,0.000,0,72.39,179.21,68.24,112.53,0.00,414.07,0.06417,-0.0405,4349.1,-2.7,0.06411,-0.0421,4347.3,4.7,0.01515,0.0248,2141.9,-4.2,0.01516,0.0249,2140.5,-6.9,4582.7,-0.5553,-0.0000,-0.0000,6.089,1,293.15,0,4551.9,-0.5562,-0.0000,-0.0000,6.084,1,293.15,0,2347.3,-0.0664,0.0000,0.0000,13.316,1,293.15,0,2337.8,-0.0665,0.0000,0.0000,13.314,1,293.15,0
11.2000,180.9456,27.3759,0.5228,7.104,7.103,1877.8,3,0.034,0.000,1.000,0.000,0,68.73,170.18,64.80,106.87,0.00,393.32,0.06345,-0.0418,4323.0,5.7,0.06343,-0.0409,4325.3,4.7,0.01554,0.0225,2163.7,1.9,0.01555,0.0237,2160.7,-7.3,4531.1,-0.5861,0.0000,-0.0000,5.517,1,293.15,0,4550.1,-0.5851,0.0000,-0.0000,5.527,1,293.15,0,2353.6,-0.0641,0.0000,0.0000,13.001,1,293.15,0,2363.2,-0.0641,0.0000,0.0000,13.004,1,293.15,0
11.2167,181.0602,27.3917,0.5229,6.922,6.922,1834.5,3,0.033,0.000,1.000,0.000,0,65.26,161.62,61.54,101.51,0.00,373.64,0.06273,-0.0351,4309.8,-7.2,0.06270,-0.0447,4270.5,-3.2,0.01596,0.0275,2208.9,-2.6,0.01598,0.0254,2193.9,-9.5,4577.0,-0.6126,0.0000,-0.0000,5.014,1,293.15,0,4469.7,-0.6157,0.0000,-0.0000,4.985,1,293.15,0,2414.9,-0.0621,0.0000,0.0000,12.697,1,293.15,0,2387.7,-0.0623,0.0000,0.0000,12.692,1,293.15,0
11.2333,181.1719,27.4071,0.5231,6.745,6.744,1791.1,3,0.033,0.000,1.000,0.000,0,61.95,153.47,58.43,96.40,0.00,354.90,0.06192,-0.0501,4212.0,-6.2,0.06191,-0.0504,4243.0,27.0,0.01641,0.0263,2238.1,2.2,0.01641,0.0259,2223.5,-10.3,4395.4,-0.6455,-0.0000,-0.0000,4.471,1,293.15,0,4401.0,-0.6453,-0.0000,-0.0000,4.479,1,293.15,0,2432.2,-0.0606,0.0000,0.0000,12.386,1,293.15,0,2421.8,-0.0607,0.0000,0.0000,12.386,1,293.15,0
11.2500,181.2808,27.4221,0.5233,6.571,6.570,1747.8,3,0.033,0.000,1.000,0.000,0,58.80,145.71,55.47,91.53,0.00,337.05,0.06115,-0.0475,4208.7,11.7,0.06111,-0.0454,4212.1,7.7,0.01685,0.0263,2264.2,-0.3,0.01684,0.0265,2256.0,-9.0,4393.9,-0.6721,-0.0000,-0.0000,4.014,1,293.15,0,4432.0,-0.6705,-0.0000,-0.0000,4.024,1,293.15,0,2462.2,-0.0595,0.0000,0.0000,12.081,1,293.15,0,2452.4,-0.0595,0.0000,0.0000,12.079,1,293.15,0
11.2667,181.3868,27.4368,0.5234,6.401,6.400,1704.5,3,0.033,0.000,1.000,0.000,0,55.79,138.29,52.65,86.89,0.00,320.01,0.06034,-0.0493,4155.9,0.7,0.06032,-0.0459,4180.3,11.3,0.01727,0.0253,2286.9,-0.4,0.01727,0.0260,2281.4,-9.1,4366.4,-0.6988,-0.0000,-0.0000,3.562,1,293.15,0,4399.5,-0.6977,-0.0000,-0.0000,3.576,1,293.15,0,2486.7,-0.0587,0.0000,0.0000,11.775,1,293.15,0,2484.0,-0.0586,0.0000,0.0000,11.773,1,293.15,0
11.2833,181.4901,27.4510,0.5236,6.233,6.233,1661.1,3,0.032,0.000,1.000,0.000,0,52.91,131.19,49.94,82.43,0.00,303.65,0.05959,-0.0441,4157.7,11.7,0.05955,-0.0448,4145.8,4.9,0.01769,0.0245,2312.2,1.1,0.01768,0.0242,2301.0,-8.5,4348.1,-0.7260,-0.0000,-0.0000,3.144,1,293.15,0,4360.4,-0.7252,-0.0000,-0.0000,3.145,1,293.15,0,2506.1,-0.0581,0.0000,0.0000,11.472,1,293.15,0,2496.6,-0.0582,0.0000,0.0000,11.468,1,293.15,0
11.3000,181.5906,27.4649,0.5238,6.069,6.068,1617.8,3,0.032,0.000,1.000,0.000,0,50.16,124.40,47.35,78.18,0.00,288.03,0.05878,-0.0442,4121.8,11.4,0.05874,-0.0442,4102.0,-6.7,0.01807,0.0226,2326.9,-0.6,0.01807,0.0220,2317.3,-7.2,4350.4,-0.7516,-0.0000,-0.0000,2.737,1,293.15,0,4357.4,-0.7510,-0.0000,-0.0000,2.736,1,293.15,0,2524.0,-0.0580,0.0000,0.0000,11.165,1,293.15,0,2509.6,-0.0581,0.0000,0.0000,11.167,1,293.15,0
11.3167,181.6885,27.4784,0.5240,5.907,5.906,1574.5,3,0.032,0.000,1.000,0.000,0,47.51,117.86,44.86,74.08,0.00,272.99,0.05812,-0.0392,4134.0,30.2,0.05801,-0.0437,4062.9,-16.7,0.01842,0.0202,2339.0,-0.5,0.01842,0.0210,2337.0,-5.8,4329.0,-0.7793,-0.0000,-0.0000,2.345,1,293.15,0,4310.4,-0.7791,-0.0000,-0.0000,2.330,1,293.15,0,2533.9,-0.0581,0.0000,0.0000,10.863,1,293.15,0,2532.6,-0.0582,0.0000,0.0000,10.864,1,293.15,0
11.3333,181.7837,27.4916,0.5241,5.747,5.746,1531.1,3,0.031,0.000,1.000,0.000,0,44.97,111.60,42.47,70.15,0.00,258.55,0.05728,-0.0524,3964.8,-44.9,0.05730,-0.0639,4004.8,43.7,0.01875,0.0196,2357.4,-0.5,0.01875,0.0184,2345.9,-6.8,4221.3,-0.8089,0.0000,-0.0000,1.919,1,293.15,0,4080.4,-0.8183,0.0000,-0.0000,1.899,1,293.15,0,2556.1,-0.0584,-0.0000,0.0000,10.562,1,293.15,0,2538.8,-0.0586,-0.0000,0.0000,10.562,1,293.15,0
11.3500,181.8763,27.5044,0.5243,5.588,5.587,1487.8,3,0.031,0.000,1.000,0.000,0,42.52,105.55,40.17,66.35,0.00,244.61,0.05680,-0.0266,4098.6,-1.9,0.05679,-0.0228,4130.8,14.3,0.01904,0.0178,2369.9,0.8,0.01904,0.0178,2362.9,-5.9,4283.8,-0.8366,-0.0000,-0.0000,1.589,1,293.15,0,4321.4,-0.8348,-0.0000,-0.0000,1.600,1,293.15,0,2563.3,-0.0590,0.0000,0.0000,10.262,1,293.15,0,2558.4,-0.0592,0.0000,0.0000,10.262,1,293.15,0
11.3667,181.9663,27.5168,0.5245,5.433,5.432,1444.5,3,0.031,0.000,1.000,0.000,0,40.20,99.80,37.98,62.75,0.00,231.36,0.05604,-0.0271,4112.8,47.9,0.05594,-0.0332,3974.1,-60.1,0.01930,0.0151,2378.4,4.9,0.01927,0.0121,2348.1,-10.1,4377.3,-0.8586,-0.0000,-0.0000,1.249,1,293.15,0,4343.9,-0.8580,-0.0000,-0.0000,1.226,1,293.15,0,2575.3,-0.0600,0.0000,0.0000,9.962,1,293.15,0,2542.5,-0.0604,0.0000,0.0000,9.960,1,293.15,0
11.3833,182.0537,27.5289,0.5246,5.276,5.276,1401.1,3,0.031,0.000,1.000,0.000,0,37.91,94.16,35.83,59.20,0.00,218.33,0.05579,-0.0181,4089.1,-3.9,0.05577,-0.0143,4125.7,17.3,0.01951,0.0103,2362.6,-3.1,0.01950,0.0126,2376.9,1.5,4262.0,-0.8960,-0.0000,-0.0000,0.868,1,293.15,0,4293.5,-0.8945,-0.0000,-0.0000,0.879,1,293.15,0,2553.1,-0.0612,0.0000,0.0000,9.662,1,293.15,0,2564.6,-0.0612,0.0000,0.0000,9.661,1,293.15,0
11.4000,182.1386,27.5406,0.5248,5.124,5.124,1357.8,3,0.030,0.000,1.000,0.000,0,35.76,88.83,33.80,55.86,0.00,206.02,0.05485,-0.0392,3888.2,-71.1,0.05514,-0.0452,3978.2,31.7,0.01970,0.0132,2393.1,2.7,0.01968,0.0107,2369.3,-8.9,4252.5,-0.9183,0.0001,-0.0000,0.507,1,293.15,0,4166.8,-0.9307,0.0001,-0.0000,0.508,1,293.15,0,2595.1,-0.0627,-0.0001,0.0000,9.367,1,293.15,0,2566.2,-0.0627,-0.0001,0.0000,9.363,1,293.15,0
11.4167,182.2210,27.5520,0.5249,4.970,4.970,1314.5,3,0.030,0.000,1.000,0.000,0,33.64,83.58,31.80,52.56,-0.00,193.90,0.05483,-0.0577,3965.2,86.9,0.05449,-0.0458,3930.8,16.5,0.01988,0.0084,2399.4,18.2,0.01978,0.0076,2353.7,-17.6,3892.4,-0.9809,-0.0002,-0.0000,0.177,1,293.15,0,4091.4,-0.9599,-0.0002,-0.0000,0.195,1,293.15,0,2584.8,-0.0640,0.0001,0.0000,9.066,1,293.15,0,2568.2,-0.0642,0.0001,0.0000,9.066,1,293.15,0
11.4333,182.3008,27.5630,0.5250,4.816,4.815,1271.1,3,0.030,0.000,1.000,0.000,0,31.58,78.49,29.86,49.37,0.00,182.13,0.05429,0.0155,4133.9,-37.0,0.05442,0.0046,4131.6,2.1,0.01995,0.0066,2369.5,-8.1,0.01994,0.0064,2377.0,0.9,4425.5,-0.9723,0.0000,-0.0000,0.000,1,293.15,0,4297.7,-0.9847,0.0000,-0.0000,0.000,1,293.15,0,2581.8,-0.0658,0.0000,0.0000,8.768,1,293.15,0,2560.8,-0.0657,0.0000,0.0000,8.768,1,293.15,0
11.4500,182.3781,27.5737,0.5251,4.661,4.661,1228.1,3,0.030,0.000,1.000,0.000,0,29.59,73.54,27.98,46.26,0.00,170.69,0.05412,-0.0219,4046.1,44.4,0.05393,0.0217,4145.1,-36.5,0.02001,0.0017,2361.8,1.8,0.02001,0.0034,2367.7,0.2,4240.4,-0.9993,-0.0001,-0.0000,0.000,1,293.15,0,4595.3,-0.9669,-0.0001,-0.0000,0.000,1,293.15,0,2549.9,-0.0674,0.0001,0.0000,8.469,1,293.15,0,2567.8,-0.0672,0.0001,0.0000,8.468,1,293.15,0
11.4667,182.4528,27.5840,0.5252,4.505,4.505,1185.7,3,0.029,0.000,1.000,0.000,0,27.64,68.72,26.14,43.23,0.00,159.52,0.05365,-0.0749,3802.0,51.6,0.05359,-0.0828,3762.7,49.4,0.02000,0.0010,2344.5,-11.5,0.02008,0.0011,2369.9,8.6,3754.9,-1.0288,0.0001,-0.0000,0.000,1,293.15,0,3834.9,-1.0205,0.0001,-0.0000,0.000,1,293.15,0,2548.8,-0.0688,-0.0001,0.0000,8.171,1,293.15,0,2558.5,-0.0684,-0.0001,0.0000,8.172,1,293.15,0
11.4833,182.5249,27.5939,0.5253,4.348,4.348,1143.7,3,0.029,0.000,1.000,0.000,0,25.75,64.02,24.35,40.27,-0.00,148.63,0.05381,0.0676,4319.3,-55.7,0.05398,0.0320,4239.4,11.3,0.02001,0.0012,2356.6,-0.6,0.02005,-0.0044,2334.7,-0.7,4585.6,-0.9833,0.0001,-0.0000,0.000,1,293.15,0,4237.0,-1.0123,0.0001,-0.0000,0.000,1,293.15,0,2555.9,-0.0698,-0.0001,0.0000,7.877,1,293.15,0,2522.5,-0.0699,-0.0001,0.0000,7.876,1,293.15,0
11.5000,182.5944,27.6035,0.5254,4.194,4.193,1101.8,3,0.029,0.000,1.000,0.000,0,23.95,59.57,22.66,37.47,-0.00,138.31,0.05318,-0.0701,3764.9,14.9,0.05317,-0.0077,4021.9,2.5,0.01998,-0.0044,2334.4,3.4,0.01997,-0.0033,2335.4,0.2,3980.4,-1.0081,-0.0001,-0.0000,0.000,1,293.15,0,4513.6,-0.9680,-0.0001,-0.0000,0.000,1,293.15,0,2523.7,-0.0710,0.0001,0.0000,7.581,1,293.15,0,2537.4,-0.0710,0.0001,0.0000,7.584,1,293.15,0
11.5167,182.6614,27.6128,0.5255,4.035,4.034,1060.1,3,0.029,0.000,1.000,0.000,0,22.17,55.14,20.98,34.69,-0.00,128.05,0.05366,0.0139,4177.3,41.9,0.05358,-0.0507,3860.4,8.6,0.01991,-0.0022,2339.6,3.3,0.01989,-0.0069,2309.7,-4.6,4197.5,-1.0095,0.0000,-0.0000,0.000,1,293.15,0,3751.3,-1.0414,0.0000,-0.0000,0.000,1,293.15,0,2542.2,-0.0716,-0.0000,0.0000,7.288,1,293.15,0,2499.9,-0.0719,-0.0000,0.0000,7.289,1,293.15,0
11.5333,182.7258,27.6217,0.5255,3.880,3.879,1018.4,3,0.029,0.000,1.000,0.000,0,20.50,50.99,19.40,32.08,0.00,118.42,0.05323,0.0081,4029.4,-61.3,0.05341,0.0703,4371.8,3.8,0.01983,-0.0067,2317.8,6.9,0.01978,-0.0055,2309.9,-3.3,4401.4,-0.9857,-0.0001,-0.0000,0.000,1,293.15,0,4825.9,-0.9607,-0.0001,-0.0000,0.000,1,293.15,0,2509.9,-0.0729,0.0001,0.0000,6.997,1,293.15,0,2515.3,-0.0729,0.0001,0.0000,6.995,1,293.15,0
11.5500,182.7875,27.6302,0.5256,3.722,3.721,976.7,3,0.028,0.000,1.000,0.000,0,18.86,46.92,17.85,29.52,0.00,108.99,0.05344,-0.0357,3990.5,79.8,0.05323,-0.0714,3722.9,-23.7,0.01973,-0.0040,2319.9,3.2,0.01967,-0.0098,2283.2,-4.0,4045.6,-1.0149,0.0000,-0.0000,0.000,1,293.15,0,3846.2,-1.0227,0.0000,-0.0000,0.000,1,293.15,0,2523.1,-0.0735,0.0000,0.0000,6.704,1,293.15,0,2459.3,-0.0740,0.0000,0.0000,6.698,1,293.15,0
11.5667,182.8467,27.6384,0.5256,3.564,3.564,935.1,3,0.028,0.000,1.000,0.000,0,17.30,43.03,16.37,27.08,0.00,99.95,0.05352,0.0427,4194.9,-58.6,0.05365,0.0518,4320.8,21.7,0.01959,-0.0110,2278.4,1.5,0.01957,-0.0044,2314.0,9.2,4463.8,-0.9888,-0.0000,-0.0000,0.000,1,293.15,0,4469.9,-0.9916,-0.0000,-0.0000,-0.000,1,293.15,0,2452.3,-0.0751,0.0000,0.0000,6.405,1,293.15,0,2512.2,-0.0746,0.0000,0.0000,6.411,1,293.15,0
11.5833,182.9033,27.6462,0.5256,3.407,3.407,893.3,3,0.028,0.000,1.000,0.000,0,15.81,39.33,14.96,24.75,0.00,91.37,0.05343,-0.0283,3973.8,31.7,0.05334,0.0031,4056.8,-17.2,0.01947,-0.0092,2281.8,4.7,0.01947,-0.0041,2302.0,2.2,4154.1,-1.0066,-0.0000,-0.0000,0.000,1,293.15,0,4433.8,-0.9811,-0.0000,-0.0000,0.000,1,293.15,0,2465.9,-0.0759,0.0001,0.0000,6.115,1,293.15,0,2521.4,-0.0754,0.0001,0.0000,6.115,1,293.15,0
11.6000,182.9572,27.6536,0.5256,3.248,3.248,851.6,3,0.028,0.000,1.000,0.000,0,14.37,35.75,13.60,22.49,0.00,83.04,0.05372,0.0162,4161.4,13.1,0.05371,-0.0084,4047.4,6.3,0.01934,-0.0062,2281.0,-1.1,0.01938,-0.0045,2294.2,2.0,4278.2,-1.0032,0.0001,-0.0000,-0.000,1,293.15,0,4111.9,-1.0161,0.0001,-0.0000,-0.000,1,293.15,0,2481.0,-0.0766,-0.0001,0.0000,5.819,1,293.15,0,2506.9,-0.0764,-0.0001,0.0000,5.823,1,293.15,0
11.6167,183.0086,27.6607,0.5256,3.091,3.090,809.9,3,0.027,0.000,1.000,0.000,0,13.01,32.36,12.31,20.36,-0.00,75.18,0.05363,0.0122,4120.4,-6.4,0.05370,0.0333,4197.0,-23.9,0.01923,-0.0084,2267.6,2.2,0.01926,-0.0047,2288.9,4.9,4400.9,-0.9901,0.0000,-0.0000,0.000,1,293.15,0,4551.3,-0.9796,0.0000,-0.0000,0.000,1,293.15,0,2450.2,-0.0781,-0.0000,0.0000,5.524,1,293.15,0,2501.1,-0.0774,-0.0000,0.0000,5.529,1,293.15,0
11.6333,183.0573,27.6674,0.5256,2.931,2.931,768.0,2,0.027,0.000,1.000,0.000,0,11.70,29.12,11.08,18.32,-0.00,67.64,0.05382,-0.0026,4093.4,21.8,0.05377,-0.0085,4031.2,-12.0,0.01912,-0.0086,2266.4,8.8,0.01915,-0.0053,2275.6,2.0,4261.2,-1.0029,-0.0000,-0.0000,0.000,1,293.15,0,4231.8,-1.0033,-0.0000,-0.0000,0.000,1,293.15,0,2437.5,-0.0792,-0.0000,0.0000,5.229,1,293.15,0,2493.1,-0.0785,-0.0000,0.0000,5.233,1,293.15,0
11.6500,183.1034,27.6738,0.5256,2.772,2.772,726.2,2,0.027,0.000,1.000,0.000,0,10.46,26.03,9.90,16.38,-0.00,60.48,0.05393,0.0133,4149.8,4.8,0.05393,0.0144,4141.1,-8.8,0.01904,-0.0068,2259.7,-0.2,0.01905,-0.0079,2264.4,8.4,4344.9,-0.9974,-0.0000,-0.0000,0.000,1,293.15,0,4356.2,-0.9961,-0.0000,-0.0000,0.000,1,293.15,0,2437.0,-0.0804,0.0000,0.0000,4.934,1,293.15,0,2441.3,-0.0801,0.0000,0.0000,4.937,1,293.15,0
11.6667,183.1469,27.6798,0.5256,2.612,2.612,700.0,2,0.027,0.000,1.000,0.000,0,9.29,23.12,8.80,14.55,0.00,53.71,0.05399,0.0023,4105.7,5.4,0.05400,0.0065,4111.7,-7.1,0.01897,-0.0018,2271.3,-6.2,0.01897,-0.0050,2263.7,-0.1,4305.3,-0.9997,-0.0000,-0.0000,0.000,1,293.15,0,4345.6,-0.9963,-0.0000,-0.0000,0.000,1,293.15,0,2489.9,-0.0808,0.0000,0.0000,4.656,1,293.15,0,2451.2,-0.0814,0.0000,0.0000,4.651,1,293.15,0
11.6833,183.1877,27.6854,0.5256,2.453,2.453,700.0,2,0.027,0.000,1.000,0.000,0,8.19,20.39,7.75,12.83,0.00,47.35,0.05414,-0.0008,4094.3,0.3,0.05414,-0.0017,4104.5,14.6,0.01889,-0.0069,2260.0,9.6,0.01890,-0.0022,2271.9,0.2,4243.7,-1.0061,-0.0000,-0.0000,0.000,1,293.15,0,4251.1,-1.0053,-0.0000,-0.0000,0.000,1,293.15,0,2432.3,-0.0719,0.0000,0.0000,4.516,1,293.15,0,2495.1,-0.0715,0.0000,0.0000,4.522,1,293.15,0
11.7000,183.2260,27.6907,0.5256,2.302,2.302,700.0,2,0.026,0.000,1.000,0.000,0,7.22,17.96,6.83,11.30,-0.00,41.72,0.05421,0.0129,4169.6,13.2,0.05417,0.0128,4136.6,-17.3,0.01891,0.0045,2296.6,-5.2,0.01890,0.0015,2282.4,-5.9,4365.4,-0.9966,-0.0000,-0.0000,0.000,1,293.15,0,4364.2,-0.9953,-0.0000,-0.0000,-0.000,1,293.15,0,2523.9,-0.0462,0.0000,0.0000,4.403,1,293.15,0,2479.7,-0.0465,0.0000,0.0000,4.399,1,293.15,0
11.7167,183.2621,27.6957,0.5256,2.167,2.167,700.0,2,0.026,0.000,1.000,0.000,0,6.40,15.91,6.05,10.01,0.00,36.96,0.05411,-0.0195,4021.3,10.2,0.05409,-0.0119,4060.4,17.1,0.01898,0.0030,2308.3,8.7,0.01900,0.0071,2320.3,1.4,4151.1,-1.0117,-0.0000,-0.0000,0.000,1,293.15,0,4247.3,-1.0030,-0.0000,-0.0000,0.000,1,293.15,0,2468.9,-0.0177,0.0000,0.0000,4.273,1,293.15,0,2529.1,-0.0176,0.0000,0.0000,4.272,1,293.15,0
11.7333,183.2961,27.7004,0.5256,2.050,2.050,700.0,2,0.026,0.000,1.000,0.000,0,5.72,14.23,5.41,8.96,0.00,33.06,0.05393,-0.0121,4047.4,12.3,0.05392,-0.0108,4041.9,1.3,0.01920,0.0174,2369.2,-8.1,0.01923,0.0179,2374.3,-7.4,4213.4,-1.0043,0.0000,-0.0000,-0.000,1,293.15,0,4250.3,-1.0011,0.0000,-0.0000,0.000,1,293.15,0,2596.7,0.0093,-0.0000,0.0000,4.148,1,293.15,0,2585.4,0.0094,-0.0000,0.0000,4.147,1,293.15,0
11.7500,183.3285,27.7049,0.5256,1.950,1.950,700.0,2,0.026,0.000,1.000,0.000,0,5.18,12.88,4.90,8.10,-0.00,29.91,0.05344,-0.0374,3904.3,0.6,0.05341,-0.0306,3938.9,7.7,0.01955,0.0211,2418.4,2.1,0.01957,0.0233,2419.9,-7.3,4113.9,-1.0071,-0.0000,-0.0000,0.000,1,293.15,0,4166.3,-1.0026,-0.0000,-0.0000,0.000,1,293.15,0,2608.6,0.0333,0.0000,0.0000,4.038,1,293.15,0,2631.1,0.0333,0.0000,0.0000,4.037,1,293.15,0
11.7667,183.3594,27.7092,0.5256,1.862,1.862,700.0,2,0.025,0.000,1.000,0.000,0,4.72,11.75,4.47,7.39,0.00,27.30,0.05273,-0.0500,3826.4,10.2,0.05271,-0.0463,3839.5,8.2,0.02003,0.0329,2493.3,-5.6,0.02007,0.0364,2504.3,-12.6,4017.4,-1.0095,-0.0000,-0.0000,0.000,1,293.15,0,4070.3,-1.0054,-0.0000,-0.0000,0.000,1,293.15,0,2712.9,0.0558,0.0000,0.0000,3.947,1,293.15,0,2729.7,0.0558,0.0000,0.0000,3.945,1,293.15,0
11.7833,183.3891,27.7133,0.5255,1.788,1.788,700.0,2,0.025,0.000,1.000,0.000,0,4.35,10.83,4.12,6.82,0.00,25.16,0.05187,-0.0634,3720.3,1.9,0.05181,-0.0615,3752.8,28.7,0.02082,0.0543,2637.8,-5.8,0.02088,0.0577,2641.2,-20.8,3886.6,-1.0156,-0.0000,-0.0000,0.000,1,293.15,0,3917.9,-1.0132,-0.0000,-0.0000,0.000,1,293.15,0,2861.4,0.0761,0.0000,0.0000,3.859,1,293.15,0,2873.2,0.0762,0.0000,0.0000,3.858,1,293.15,0
11.8000,183.4177,27.7172,0.5255,1.727,1.727,700.0,2,0.025,0.000,1.000,0.000,0,4.06,10.10,3.84,6.36,-0.00,23.46,0.05075,-0.0647,3657.1,-3.5,0.05069,-0.0705,3646.9,14.1,0.02186,0.0675,2757.3,-10.1,0.02191,0.0645,2735.5,-21.5,3888.6,-1.0071,0.0000,-0.0000,0.000,1,293.15,0,3831.3,-1.0139,0.0000,-0.0000,-0.000,1,293.15,0,2982.8,0.0939,-0.0000,0.0000,3.784,1,293.15,0,2929.3,0.0945,-0.0000,0.0000,3.786,1,293.15,0
11.8167,183.4455,27.7211,0.5255,1.677,1.677,700.0,2,0.025,0.000,1.000,0.000,0,3.83,9.52,3.62,5.99,-0.00,22.11,0.04942,-0.0791,3530.2,-5.3,0.04943,-0.0803,3559.9,28.9,0.02306,0.0779,2881.0,-7.3,0.02308,0.0696,2827.3,-25.7,3735.4,-1.0126,0.0001,-0.0000,0.000,1,293.15,0,3745.8,-1.0145,0.0001,-0.0000,0.000,1,293.15,0,3100.0,0.1092,-0.0001,0.0000,3.717,1,293.15,0,2998.2,0.1106,-0.0001,0.0000,3.726,1,293.15,0
11.8333,183.4726,27.7248,0.5254,1.635,1.635,700.0,2,0.025,0.000,1.000,0.000,0,3.64,9.06,3.45,5.70,-0.00,21.04,0.04804,-0.0909,3423.0,4.1,0.04801,-0.0929,3445.3,36.4,0.02436,0.0828,2992.3,1.7,0.02435,0.0769,2930.0,-34.3,3586.7,-1.0195,0.0001,-0.0000,-0.000,1,293.15,0,3607.5,-1.0196,0.0001,-0.0000,0.000,1,293.15,0,3204.6,0.1224,-0.0002,0.0000,3.665,1,293.15,0,3124.8,0.1238,-0.0002,0.0000,3.673,1,293.15,0
11.8500,183.4991,27.7285,0.5254,1.603,1.603,700.0,2,0.024,0.000,1.000,0.000,0,3.50,8.70,3.31,5.48,-0.00,20.21,0.04655,-0.0911,3345.5,-0.2,0.04654,-0.0875,3396.2,35.6,0.02573,0.0800,3073.1,11.1,0.02572,0.0831,3049.6,-26.4,3525.8,-1.0170,0.0001,-0.0000,0.000,1,293.15,0,3587.3,-1.0134,0.0001,-0.0000,0.000,1,293.15,0,3233.0,0.1341,-0.0002,0.0000,3.624,1,293.15,0,3256.0,0.1345,-0.0002,0.0000,3.627,1,293.15,0
11.8667,183.5252,27.7321,0.5254,1.577,1.577,700.0,2,0.024,0.000,1.000,0.000,0,3.39,8.43,3.21,5.30,-0.00,19.57,0.04502,-0.0925,3273.6,9.1,0.04496,-0.0955,3272.5,23.9,0.02711,0.0766,3141.0,10.0,0.02709,0.0814,3126.2,-24.9,3462.8,-1.0150,0.0001,-0.0000,0.000,1,293.15,0,3465.1,-1.0167,0.0001,-0.0000,0.000,1,293.15,0,3303.3,0.1437,-0.0002,0.0000,3.599,1,293.15,0,3333.9,0.1437,-0.0002,0.0000,3.595,1,293.15,0
11.8833,183.5509,27.7356,0.5255,1.553,1.553,700.0,2,0.024,0.000,1.000,0.000,0,3.29,8.17,3.11,5.14,0.00,18.98,0.04353,-0.0892,3209.4,5.2,0.04347,-0.0873,3235.0,25.2,0.02857,0.0898,3274.4,-3.4,0.02854,0.0864,3225.7,-34.9,3403.3,-1.0139,0.0001,-0.0000,0.000,1,293.15,0,3439.4,-1.0118,0.0001,-0.0000,0.000,1,293.15,0,3497.4,0.1523,-0.0001,0.0000,3.580,1,293.15,0,3416.9,0.1534,-0.0001,0.0000,3.584,1,293.15,0
11.9000,183.5762,27.7391,0.5256,1.528,1.528,700.0,2,0.024,0.000,1.000,0.000,0,3.18,7.91,3.01,4.98,0.00,18.38,0.04209,-0.0835,3159.3,3.1,0.04204,-0.0849,3164.7,17.0,0.02981,0.0683,3253.6,-2.0,0.02983,0.0691,3252.8,-7.7,3380.4,-1.0090,0.0000,-0.0000,0.000,1,293.15,0,3378.5,-1.0114,0.0000,-0.0000,0.000,1,293.15,0,3408.2,0.1672,-0.0000,0.0000,3.578,1,293.15,0,3409.3,0.1669,-0.0000,0.0000,3.581,1,293.15,0
11.9167,183.6011,27.7425,0.5257,1.502,1.502,700.0,2,0.024,0.000,1.000,0.000,0,3.07,7.64,2.91,4.81,0.00,17.75,0.04075,-0.0761,3120.5,1.3,0.04073,-0.0755,3139.6,18.8,0.03097,0.0613,3311.7,18.8,0.03097,0.0617,3290.0,-4.2,3333.7,-1.0082,0.0000,-0.0000,0.000,1,293.15,0,3353.4,-1.0084,0.0000,-0.0000,0.000,1,293.15,0,3395.9,0.1834,0.0000,0.0000,3.574,1,293.15,0,3434.9,0.1825,0.0000,0.0000,3.573,1,293.15,0
11.9333,183.6254,27.7459,0.5258,1.471,1.471,700.0,2,0.023,0.000,1.000,0.000,0,2.95,7.34,2.79,4.62,-0.00,17.05,0.03964,-0.0601,3130.3,-0.4,0.03963,-0.0623,3137.0,16.1,0.03180,0.0448,3278.5,10.7,0.03183,0.0506,3274.8,-20.4,3340.3,-1.0041,0.0001,-0.0000,0.000,1,293.15,0,3336.3,-1.0071,0.0001,-0.0000,0.000,1,293.15,0,3457.8,0.2004,-0.0000,0.0000,3.574,1,293.15,0,3517.3,0.1993,-0.0000,0.0000,3.571,1,293.15,0
11.9500,183.6492,27.7492,0.5259,1.438,1.438,700.0,2,0.023,0.000,1.000,0.000,0,2.82,7.01,2.67,4.41,-0.00,16.30,0.03869,-0.0521,3110.7,-4.6,0.03869,-0.0476,3150.7,15.9,0.03249,0.0242,3227.3,10.8,0.03250,0.0346,3266.1,3.4,3326.2,-1.0032,0.0001,-0.0000,0.000,1,293.15,0,3367.6,-1.0006,0.0001,-0.0000,-0.000,1,293.15,0,3352.2,0.2244,-0.0001,0.0000,3.573,1,293.15,0,3465.0,0.2218,-0.0001,0.0000,3.572,1,293.15,0
11.9667,183.6724,27.7524,0.5260,1.400,1.400,700.0,2,0.023,0.000,1.000,0.000,0,2.67,6.65,2.53,4.18,-0.00,15.45,0.03800,-0.0332,3164.3,3.9,0.03799,-0.0374,3142.8,0.8,0.03294,0.0280,3238.2,-20.8,0.03298,0.0272,3262.4,4.4,3380.9,-0.9968,0.0000,-0.0000,0.000,1,293.15,0,3355.0,-1.0013,0.0000,-0.0000,0.000,1,293.15,0,3457.0,0.2473,-0.0001,0.0000,3.569,1,293.15,0,3421.7,0.2483,-0.0001,0.0000,3.568,1,293.15,0
11.9833,183.6949,27.7555,0.5261,1.356,1.356,700.0,2,0.023,0.000,1.000,0.000,0,2.51,6.24,2.37,3.93,-0.00,14.50,0.03752,-0.0241,3178.4,4.3,0.03752,-0.0211,3187.8,1.3,0.03320,0.0075,3184.9,2.2,0.03318,0.0037,3174.9,10.0,3382.4,-0.9977,-0.0000,-0.0000,0.000,1,293.15,0,3414.9,-0.9950,-0.0000,-0.0000,0.000,1,293.15,0,3334.1,0.2806,-0.0000,0.0000,3.569,1,293.15,0,3312.0,0.2814,-0.0000,0.0000,3.570,1,293.15,0
