# SolidArc mesh export — units: metres, Y up matches source; per-face materials via usemtl.
# vertices: duplicated per face (sharp low-poly edges)
mtllib Hatchback.mtl
o Body
v 0.1 0 0.32
v 0.1 1.88 0.32
v 0.521865 1.88 0.32
v 0.521865 1.86524 0.32
v 0.521865 1.8431 0.32
v 0.521865 1.80989 0.32
v 0.521865 1.76008 0.32
v 0.521865 1.68536 0.32
v 0.521865 1.57328 0.32
v 0.521865 1.41585 0.32
v 0.521865 1.25842 0.32
v 0.521865 1.10099 0.32
v 0.521865 0.943557 0.32
v 0.521865 0.786125 0.32
v 0.521865 0.628693 0.32
v 0.521865 0.471261 0.32
v 0.521865 0.313829 0.32
v 0.521865 0.156398 0.32
v 0.521865 0 0.32
v 1.37814 0 0.32
v 1.37814 0.019679 0.32
v 1.37814 0.0491975 0.32
v 1.37814 0.0934752 0.32
v 1.37814 0.159892 0.32
v 1.37814 0.392717 0.32
v 1.37814 0.451754 0.32
v 1.37814 0.540309 0.32
v 1.37814 0.673142 0.32
v 1.37814 0.830574 0.32
v 1.37814 0.988006 0.32
v 1.37814 1.14544 0.32
v 1.37814 1.30287 0.32
v 1.37814 1.4603 0.32
v 1.37814 1.61773 0.32
v 1.37814 1.77517 0.32
v 1.37814 1.88 0.32
v 2.33191 1.88 0.32
v 2.33191 1.87016 0.32
v 2.33191 1.8554 0.32
v 2.33191 1.83326 0.32
v 2.33191 1.80005 0.32
v 2.33191 1.75024 0.32
v 2.33191 1.67552 0.32
v 2.33191 1.56345 0.32
v 2.33191 1.40601 0.32
v 2.33191 1.24858 0.32
v 2.33191 1.09115 0.32
v 2.33191 0.933717 0.32
v 2.33191 0.776286 0.32
v 2.33191 0.618854 0.32
v 2.33191 0.461422 0.32
v 2.33191 0.30399 0.32
v 2.33191 0.146558 0.32
v 2.33191 0 0.32
v 3.16809 0 0.32
v 3.16809 0.019679 0.32
v 3.16809 0.0491975 0.32
v 3.16809 0.0934752 0.32
v 3.16809 0.159892 0.32
v 3.16809 0.259517 0.32
v 3.16809 0.417582 0.32
v 3.16809 0.476619 0.32
v 3.16809 0.565174 0.32
v 3.16809 0.698008 0.32
v 3.16809 0.855439 0.32
v 3.16809 1.01287 0.32
v 3.16809 1.1703 0.32
v 3.16809 1.32774 0.32
v 3.16809 1.48517 0.32
v 3.16809 1.6426 0.32
v 3.16809 1.80003 0.32
v 3.16809 1.88 0.32
v 3.5 1.88 0.32
v 3.5 0 0.32
v 3.5 0 0.32
v 3.56 0 0.43
v 3.62 0 0.54
v 3.5 0.94 0.32
v 3.56 0.94 0.43
v 3.62 0.94 0.54
v 3.5 1.88 0.32
v 3.56 1.88 0.43
v 3.62 1.88 0.54
v 3.62 0 0.54
v 3.56 0 0.74
v 3.5 0 0.94
v 3.62 0.94 0.54
v 3.56 0.94 0.74
v 3.5 0.94 0.94
v 3.62 1.88 0.54
v 3.56 1.88 0.74
v 3.5 1.88 0.94
v 3.5 0 0.94
v 3.4 0 1.11
v 3.3 0 1.28
v 3.5 0.94 0.94
v 3.4 0.94 1.11
v 3.3 0.94 1.28
v 3.5 1.88 0.94
v 3.4 1.88 1.11
v 3.3 1.88 1.28
v 3.3 0 1.28
v 3.125 0 1.34
v 2.95 0 1.4
v 3.3 0.94 1.28
v 3.125 0.94 1.34
v 2.95 0.94 1.4
v 3.3 1.88 1.28
v 3.125 1.88 1.34
v 2.95 1.88 1.4
v 2.95 0 1.4
v 2.325 0 1.41
v 1.7 0 1.42
v 2.95 0.94 1.4
v 2.325 0.94 1.41
v 1.7 0.94 1.42
v 2.95 1.88 1.4
v 2.325 1.88 1.41
v 1.7 1.88 1.42
v 1.7 0 1.42
v 1.45 0 1.21
v 1.2 0 1
v 1.7 0.94 1.42
v 1.45 0.94 1.21
v 1.2 0.94 1
v 1.7 1.88 1.42
v 1.45 1.88 1.21
v 1.2 1.88 1
v 1.2 0 1
v 1.1 0 1.03
v 1 0 1.06
v 1.2 0.94 1
v 1.1 0.94 1.03
v 1 0.94 1.06
v 1.2 1.88 1
v 1.1 1.88 1.03
v 1 1.88 1.06
v 1 0 1.06
v 0.8 0 1.01
v 0.6 0 0.96
v 1 0.94 1.06
v 0.8 0.94 1.01
v 0.6 0.94 0.96
v 1 1.88 1.06
v 0.8 1.88 1.01
v 0.6 1.88 0.96
v 0.6 0 0.96
v 0.45 0 0.85
v 0.3 0 0.74
v 0.6 0.94 0.96
v 0.45 0.94 0.85
v 0.3 0.94 0.74
v 0.6 1.88 0.96
v 0.45 1.88 0.85
v 0.3 1.88 0.74
v 0.3 0 0.74
v 0.2 0 0.63
v 0.1 0 0.52
v 0.3 0.94 0.74
v 0.2 0.94 0.63
v 0.1 0.94 0.52
v 0.3 1.88 0.74
v 0.2 1.88 0.63
v 0.1 1.88 0.52
v 0.1 0 0.52
v 0.1 0 0.42
v 0.1 0 0.32
v 0.1 0.94 0.52
v 0.1 0.94 0.42
v 0.1 0.94 0.32
v 0.1 1.88 0.52
v 0.1 1.88 0.42
v 0.1 1.88 0.32
v 3.5 0 0.32
v 3.62 0 0.54
v 3.5 0 0.94
v 3.3 0 1.28
v 2.95 0 1.4
v 1.7 0 1.42
v 1.2 0 1
v 1 0 1.06
v 0.6 0 0.96
v 0.3 0 0.74
v 0.1 0 0.52
v 0.1 0 0.32
v 0.521865 0 0.32
v 0.520466 0 0.339978
v 0.52 0 0.36
v 0.521805 0 0.399358
v 0.527205 0 0.438386
v 0.536154 0 0.476755
v 0.548578 0 0.514144
v 0.564372 0 0.550239
v 0.583403 0 0.584737
v 0.605513 0 0.617349
v 0.630514 0 0.647799
v 0.658197 0 0.675834
v 0.68833 0 0.701217
v 0.72066 0 0.723735
v 0.754916 0 0.7432
v 0.790809 0 0.759447
v 0.828039 0 0.772341
v 0.866293 0 0.781774
v 0.905249 0 0.787665
v 0.944581 0 0.789966
v 0.983959 0 0.788657
v 1.02305 0 0.783749
v 1.06153 0 0.775284
v 1.09907 0 0.763333
v 1.13536 0 0.747995
v 1.1701 0 0.7294
v 1.20299 0 0.707703
v 1.23375 0 0.683088
v 1.26213 0 0.65576
v 1.28789 0 0.625949
v 1.31082 0 0.593905
v 1.33071 0 0.559898
v 1.34741 0 0.524212
v 1.36077 0 0.487148
v 1.37069 0 0.449016
v 1.37707 0 0.410137
v 1.37986 0 0.370837
v 1.37905 0 0.331446
v 1.37814 0 0.32
v 2.33191 0 0.32
v 2.33048 0 0.339977
v 2.33 0 0.36
v 2.33185 0 0.399358
v 2.33738 0 0.43837
v 2.34654 0 0.476691
v 2.35925 0 0.513986
v 2.3754 0 0.549926
v 2.39484 0 0.584194
v 2.41741 0 0.616489
v 2.44291 0 0.646527
v 2.47111 0 0.674043
v 2.50177 0 0.698795
v 2.53461 0 0.720566
v 2.56935 0 0.739163
v 2.60567 0 0.754424
v 2.64327 0 0.766213
v 2.68181 0 0.774427
v 2.72094 0 0.778994
v 2.76033 0 0.779873
v 2.79963 0 0.777057
v 2.8385 0 0.770571
v 2.87658 0 0.760471
v 2.91355 0 0.746847
v 2.94908 0 0.729818
v 2.98286 0 0.709534
v 3.01459 0 0.686175
v 3.044 0 0.659944
v 3.07081 0 0.631074
v 3.0948 0 0.599819
v 3.11576 0 0.566452
v 3.13349 0 0.531269
v 3.14786 0 0.494578
v 3.15872 0 0.456703
v 3.16598 0 0.417977
v 3.16958 0 0.378741
v 3.16949 0 0.33934
v 3.16809 0 0.32
v 0.1 1.88 0.32
v 0.1 1.88 0.52
v 0.3 1.88 0.74
v 0.6 1.88 0.96
v 1 1.88 1.06
v 1.2 1.88 1
v 1.7 1.88 1.42
v 2.95 1.88 1.4
v 3.3 1.88 1.28
v 3.5 1.88 0.94
v 3.62 1.88 0.54
v 3.5 1.88 0.32
v 3.16809 1.88 0.32
v 3.17 1.88 0.359355
v 3.16821 1.88 0.398716
v 3.16274 1.88 0.437736
v 3.15364 1.88 0.476072
v 3.14099 1.88 0.513386
v 3.1249 1.88 0.549351
v 3.1055 1.88 0.583649
v 3.08298 1.88 0.615978
v 3.05753 1.88 0.646055
v 3.02937 1.88 0.673615
v 2.99875 1.88 0.698414
v 2.96594 1.88 0.720235
v 2.93123 1.88 0.738885
v 2.89493 1.88 0.754202
v 2.85735 1.88 0.766048
v 2.81883 1.88 0.774322
v 2.7797 1.88 0.778948
v 2.74031 1.88 0.779888
v 2.70101 1.88 0.777133
v 2.66213 1.88 0.770706
v 2.62403 1.88 0.760665
v 2.58704 1.88 0.747097
v 2.55148 1.88 0.730123
v 2.51767 1.88 0.709892
v 2.48591 1.88 0.686581
v 2.45647 1.88 0.660395
v 2.42961 1.88 0.631567
v 2.40557 1.88 0.600348
v 2.38456 1.88 0.567014
v 2.36677 1.88 0.531858
v 2.35235 1.88 0.495189
v 2.34143 1.88 0.457331
v 2.33411 1.88 0.418616
v 2.33045 1.88 0.379385
v 2.33 1.88 0.36
v 2.33046 1.88 0.340321
v 2.33184 1.88 0.320685
v 2.33191 1.88 0.32
v 1.37814 1.88 0.32
v 1.38 1.88 0.359355
v 1.37825 1.88 0.398716
v 1.37291 1.88 0.437751
v 1.36402 1.88 0.476134
v 1.35165 1.88 0.513542
v 1.33591 1.88 0.549661
v 1.31693 1.88 0.584187
v 1.29487 1.88 0.616832
v 1.26992 1.88 0.64732
v 1.24228 1.88 0.675396
v 1.21218 1.88 0.700824
v 1.17988 1.88 0.723391
v 1.14566 1.88 0.742907
v 1.10979 1.88 0.759208
v 1.07258 1.88 0.772158
v 1.03434 1.88 0.781648
v 0.995392 1.88 0.787597
v 0.956064 1.88 0.789957
v 0.916684 1.88 0.788707
v 0.877584 1.88 0.783858
v 0.839093 1.88 0.775451
v 0.801532 1.88 0.763556
v 0.765217 1.88 0.748272
v 0.730454 1.88 0.729729
v 0.697535 1.88 0.708082
v 0.666734 1.88 0.683513
v 0.638312 1.88 0.656228
v 0.612507 1.88 0.626455
v 0.589535 1.88 0.594446
v 0.569589 1.88 0.560468
v 0.552837 1.88 0.524808
v 0.539419 1.88 0.487764
v 0.529449 1.88 0.449647
v 0.523009 1.88 0.410777
v 0.520153 1.88 0.371482
v 0.52 1.88 0.36
v 0.521014 1.88 0.330482
v 0.521865 1.88 0.32
v 0.52 1.11022e-16 0.36
v 0.520466 -5.65568e-17 0.339978
v 0.521865 -1.08138e-16 0.32
v 0.521865 0.156398 0.32
v 0.521865 0.313829 0.32
v 0.521865 0.471261 0.32
v 0.521865 0.628693 0.32
v 0.521865 0.786125 0.32
v 0.521865 0.943557 0.32
v 0.521865 1.10099 0.32
v 0.521865 1.25842 0.32
v 0.521865 1.41585 0.32
v 0.521865 1.57328 0.32
v 0.521865 1.68536 0.32
v 0.521865 1.76008 0.32
v 0.521865 1.80989 0.32
v 0.521865 1.8431 0.32
v 0.521865 1.86524 0.32
v 0.521865 1.88 0.32
v 0.521014 1.88 0.330482
v 0.52 -0.45 0.36
v 0.521865 0.94 0.32
v 0.520357 0.94 0.342477
v 0.521739 -1.08232e-16 0.321363
v 0.521739 1.88 0.321363
v 0.520428 -5.65133e-17 0.34083
v 0.520428 1.06957 0.34083
v 0.521739 0.94 0.321363
v 0.520428 0.94 0.34083
v 0.52 2.33 0.36
v 0.520153 1.88 0.371482
v 0.523009 1.88 0.410777
v 0.529449 1.88 0.449647
v 0.539419 1.88 0.487764
v 0.552837 1.88 0.524808
v 0.569589 1.88 0.560468
v 0.589535 1.88 0.594446
v 0.612507 1.88 0.626455
v 0.638312 1.88 0.656228
v 0.666734 1.88 0.683513
v 0.697535 1.88 0.708082
v 0.730454 1.88 0.729729
v 0.765217 1.88 0.748272
v 0.801532 1.88 0.763556
v 0.839093 1.88 0.775451
v 0.877584 1.88 0.783858
v 0.916684 1.88 0.788707
v 0.956064 1.88 0.789957
v 0.995392 1.88 0.787597
v 1.03434 1.88 0.781648
v 1.07258 1.88 0.772158
v 1.10979 1.88 0.759208
v 1.14566 1.88 0.742907
v 1.17988 1.88 0.723391
v 1.21218 1.88 0.700824
v 1.24228 1.88 0.675396
v 1.26992 1.88 0.64732
v 1.29487 1.88 0.616832
v 1.31693 1.88 0.584187
v 1.33591 1.88 0.549661
v 1.35165 1.88 0.513542
v 1.36402 1.88 0.476134
v 1.37291 1.88 0.437751
v 1.37825 1.88 0.398716
v 1.38 1.88 0.359355
v 1.37814 1.88 0.32
v 1.37814 1.77517 0.32
v 1.37814 1.61773 0.32
v 1.37814 1.4603 0.32
v 1.37814 1.30287 0.32
v 1.37814 1.14544 0.32
v 1.37814 0.988006 0.32
v 1.37814 0.830574 0.32
v 1.37814 0.673142 0.32
v 1.37814 0.540309 0.32
v 1.37814 0.451754 0.32
v 1.37814 0.392717 0.32
v 1.37814 0.159892 0.32
v 1.37814 0.0934752 0.32
v 1.37814 0.0491975 0.32
v 1.37814 0.019679 0.32
v 1.37814 -5.75504e-17 0.32
v 1.37905 -5.69873e-17 0.331446
v 1.37986 -5.60833e-17 0.370837
v 1.37707 1.07453e-16 0.410137
v 1.37069 -5.9773e-17 0.449016
v 1.36077 -6.1282e-17 0.487148
v 1.34741 -6.25494e-17 0.524212
v 1.33071 -6.35647e-17 0.559898
v 1.31082 9.85657e-17 0.593905
v 1.28789 -6.4807e-17 0.625949
v 1.26213 -6.50236e-17 0.65576
v 1.23375 -6.49673e-17 0.683088
v 1.20299 -6.46385e-17 0.707703
v 1.1701 -6.40401e-17 0.7294
v 1.13536 1.00181e-16 0.747995
v 1.09907 1.01766e-16 0.763333
v 1.06153 1.03701e-16 0.775284
v 1.02305 -5.90832e-17 0.783749
v 0.983959 -5.72552e-17 0.788657
v 0.944581 1.10615e-16 0.789966
v 0.905249 1.07815e-16 0.787665
v 0.866293 1.05314e-16 0.781774
v 0.828039 -6.10885e-17 0.772341
v 0.790809 -6.23899e-17 0.759447
v 0.754916 9.98087e-17 0.7432
v 0.72066 -6.42313e-17 0.723735
v 0.68833 -6.47559e-17 0.701217
v 0.658197 -6.501e-17 0.675834
v 0.630514 -6.49912e-17 0.647799
v 0.605513 9.80276e-17 0.617349
v 0.583403 9.88218e-17 0.584737
v 0.564372 -6.33111e-17 0.550239
v 0.548578 -6.22256e-17 0.514144
v 0.536154 -6.08906e-17 0.476755
v 0.527205 -5.93174e-17 0.438386
v 0.521805 1.08182e-16 0.399358
v 0.52 2.33 0.36
v 0.520634 0.94 0.383333
v 1.37814 0.94 0.32
v 0.520428 1.88 0.37917
v 0.520428 1.18602 0.37917
v 0.521739 0.0420483 0.398637
v 0.521739 1.88 0.398637
v 0.523977 1.06911e-16 0.418349
v 0.523977 1.88 0.418349
v 0.527179 -5.93112e-17 0.438244
v 0.527179 1.88 0.438244
v 0.531377 -6.01569e-17 0.458257
v 0.531377 1.88 0.458257
v 0.536598 -6.09504e-17 0.478318
v 0.536598 1.88 0.478318
v 0.542865 -6.16866e-17 0.498352
v 0.542865 1.88 0.498352
v 0.550191 -6.23605e-17 0.518281
v 0.550191 1.88 0.518281
v 0.558582 -6.29675e-17 0.538023
v 0.558582 1.88 0.538023
v 0.568038 -6.35032e-17 0.557497
v 0.568038 1.88 0.557497
v 0.578547 9.90687e-17 0.576617
v 0.578547 1.88 0.576617
v 0.590092 -6.43454e-17 0.5953
v 0.590092 1.88 0.5953
v 0.602644 -6.46454e-17 0.613464
v 0.602644 1.88 0.613464
v 0.616168 9.77989e-17 0.631028
v 0.616168 1.88 0.631028
v 0.630619 -6.49918e-17 0.647916
v 0.630619 1.88 0.647916
v 0.645944 -6.50354e-17 0.664056
v 0.645944 1.88 0.664056
v 0.662084 -6.49918e-17 0.679381
v 0.662084 1.88 0.679381
v 0.678972 -6.48615e-17 0.693832
v 0.678972 1.88 0.693832
v 0.696536 -6.46454e-17 0.707356
v 0.696536 1.88 0.707356
v 0.7147 -6.43454e-17 0.719908
v 0.7147 1.88 0.719908
v 0.733383 -6.39636e-17 0.731453
v 0.733383 1.88 0.731453
v 0.752503 9.97199e-17 0.741962
v 0.752503 1.88 0.741962
v 0.771977 1.00477e-16 0.751418
v 0.771977 1.88 0.751418
v 0.791719 -6.23605e-17 0.759809
v 0.791719 1.88 0.759809
v 0.811648 -6.16866e-17 0.767135
v 0.811648 1.88 0.767135
v 0.831682 -6.09504e-17 0.773402
v 0.831682 1.88 0.773402
v 0.851743 1.04452e-16 0.778623
v 0.851743 1.88 0.778623
v 0.871756 1.05648e-16 0.782821
v 0.871756 1.88 0.782821
v 0.891651 1.06911e-16 0.786023
v 0.891651 1.88 0.786023
v 0.911363 1.08232e-16 0.788261
v 0.911363 1.88 0.788261
v 0.93083 1.09605e-16 0.789572
v 0.93083 1.88 0.789572
v 0.95 1.11022e-16 0.79
v 0.95 1.88 0.79
v 0.96917 -5.65133e-17 0.789572
v 0.96917 1.88 0.789572
v 0.988637 -5.74842e-17 0.788261
v 0.988637 1.88 0.788261
v 1.00835 -5.84186e-17 0.786023
v 1.00835 1.88 0.786023
v 1.02824 -5.93112e-17 0.782821
v 1.02824 1.88 0.782821
v 1.04826 1.04452e-16 0.778623
v 1.04826 1.88 0.778623
v 1.06832 1.0333e-16 0.773402
v 1.06832 1.88 0.773402
v 1.08835 1.02289e-16 0.767135
v 1.08835 1.88 0.767135
v 1.10828 1.01336e-16 0.759809
v 1.10828 1.88 0.759809
v 1.12802 1.00477e-16 0.751418
v 1.12802 1.88 0.751418
v 1.1475 9.97199e-17 0.741962
v 1.1475 1.88 0.741962
v 1.16662 -6.39636e-17 0.731453
v 1.16662 1.88 0.731453
v 1.1853 -6.43454e-17 0.719908
v 1.1853 1.88 0.719908
v 1.20346 -6.46454e-17 0.707356
v 1.20346 1.88 0.707356
v 1.22103 -6.48615e-17 0.693832
v 1.22103 1.88 0.693832
v 1.23792 -6.49918e-17 0.679381
v 1.23792 1.88 0.679381
v 1.25406 -6.50354e-17 0.664056
v 1.25406 1.88 0.664056
v 1.26938 -6.49918e-17 0.647916
v 1.26938 1.88 0.647916
v 1.28383 -6.48615e-17 0.631028
v 1.28383 1.88 0.631028
v 1.29736 -6.46454e-17 0.613464
v 1.29736 1.88 0.613464
v 1.30991 1.62874e-16 0.5953
v 1.30991 1.88 0.5953
v 1.32145 9.90687e-17 0.576617
v 1.32145 1.88 0.576617
v 1.33196 -6.35032e-17 0.557497
v 1.33196 1.88 0.557497
v 1.34142 -6.29675e-17 0.538023
v 1.34142 1.88 0.538023
v 1.34981 -6.23605e-17 0.518281
v 1.34981 1.88 0.518281
v 1.35713 -6.16866e-17 0.498352
v 1.35713 1.88 0.498352
v 1.3634 -6.09504e-17 0.478318
v 1.3634 1.88 0.478318
v 1.36862 -6.01569e-17 0.458257
v 1.36862 1.88 0.458257
v 1.37282 -5.93112e-17 0.438244
v 1.37282 1.88 0.438244
v 1.37602 1.06911e-16 0.418349
v 1.37602 1.88 0.418349
v 1.37826 1.08232e-16 0.398637
v 1.37826 1.88 0.398637
v 1.37957 -5.65133e-17 0.37917
v 1.37957 1.88 0.37917
v 1.38 -5.55112e-17 0.36
v 1.38 1.88 0.36
v 1.37957 -5.65133e-17 0.34083
v 1.37957 1.88 0.34083
v 1.37826 -5.74842e-17 0.321363
v 1.37826 1.88 0.321363
v 0.521739 0.94 0.398637
v 0.523977 0.94 0.418349
v 0.527179 0.94 0.438244
v 0.531377 0.94 0.458257
v 0.536598 0.94 0.478318
v 0.542865 0.94 0.498352
v 0.550191 0.94 0.518281
v 0.558582 0.94 0.538023
v 0.568038 0.94 0.557497
v 0.578547 0.94 0.576617
v 0.590092 0.94 0.5953
v 0.602644 0.94 0.613464
v 0.616168 0.94 0.631028
v 0.630619 0.94 0.647916
v 0.645944 0.94 0.664056
v 0.662084 0.94 0.679381
v 0.678972 0.94 0.693832
v 0.696536 0.94 0.707356
v 0.7147 0.94 0.719908
v 0.733383 0.94 0.731453
v 0.752503 0.94 0.741962
v 0.771977 0.94 0.751418
v 0.791719 0.94 0.759809
v 0.811648 0.94 0.767135
v 0.831682 0.94 0.773402
v 0.851743 0.94 0.778623
v 0.871756 0.94 0.782821
v 0.891651 0.94 0.786023
v 0.911363 0.94 0.788261
v 0.93083 0.94 0.789572
v 0.95 0.94 0.79
v 0.96917 0.94 0.789572
v 0.988637 0.94 0.788261
v 1.00835 0.94 0.786023
v 1.02824 0.94 0.782821
v 1.04826 0.94 0.778623
v 1.06832 0.94 0.773402
v 1.08835 0.94 0.767135
v 1.10828 0.94 0.759809
v 1.12802 0.94 0.751418
v 1.1475 0.94 0.741962
v 1.16662 0.94 0.731453
v 1.1853 0.94 0.719908
v 1.20346 0.94 0.707356
v 1.22103 0.94 0.693832
v 1.23792 0.94 0.679381
v 1.25406 0.94 0.664056
v 1.26938 0.94 0.647916
v 1.28383 0.94 0.631028
v 1.29736 0.94 0.613464
v 1.30991 0.94 0.5953
v 1.32145 0.94 0.576617
v 1.33196 0.94 0.557497
v 1.34142 0.94 0.538023
v 1.34981 0.94 0.518281
v 1.35713 0.94 0.498352
v 1.3634 0.94 0.478318
v 1.36862 0.94 0.458257
v 1.37282 0.94 0.438244
v 1.37602 0.94 0.418349
v 1.37826 0.94 0.398637
v 1.37957 0.94 0.37917
v 1.38 0.94 0.36
v 1.37957 0.94 0.34083
v 1.37826 0.94 0.321363
v 2.33 -5.55112e-17 0.36
v 2.33048 -5.65812e-17 0.339977
v 2.33191 1.08073e-16 0.32
v 2.33191 0.146558 0.32
v 2.33191 0.30399 0.32
v 2.33191 0.461422 0.32
v 2.33191 0.618854 0.32
v 2.33191 0.776286 0.32
v 2.33191 0.933717 0.32
v 2.33191 1.09115 0.32
v 2.33191 1.24858 0.32
v 2.33191 1.40601 0.32
v 2.33191 1.56345 0.32
v 2.33191 1.67552 0.32
v 2.33191 1.75024 0.32
v 2.33191 1.80005 0.32
v 2.33191 1.83326 0.32
v 2.33191 1.8554 0.32
v 2.33191 1.87016 0.32
v 2.33191 1.88 0.32
v 2.33184 1.88 0.320685
v 2.33046 1.88 0.340321
v 2.33 -0.45 0.36
v 2.33191 0.94 0.32
v 2.33016 0.94 0.348302
v 2.3317 1.08232e-16 0.322261
v 2.3317 1.88 0.322261
v 2.33042 -5.65133e-17 0.341276
v 2.33042 1.76781 0.341276
v 2.3317 0.94 0.322261
v 2.33042 0.94 0.341276
v 2.33 2.33 0.36
v 2.33045 1.88 0.379385
v 2.33411 1.88 0.418616
v 2.34143 1.88 0.457331
v 2.35235 1.88 0.495189
v 2.36677 1.88 0.531858
v 2.38456 1.88 0.567014
v 2.40557 1.88 0.600348
v 2.42961 1.88 0.631567
v 2.45647 1.88 0.660395
v 2.48591 1.88 0.686581
v 2.51767 1.88 0.709892
v 2.55148 1.88 0.730123
v 2.58704 1.88 0.747097
v 2.62403 1.88 0.760665
v 2.66213 1.88 0.770706
v 2.70101 1.88 0.777133
v 2.74031 1.88 0.779888
v 2.7797 1.88 0.778948
v 2.81883 1.88 0.774322
v 2.85735 1.88 0.766048
v 2.89493 1.88 0.754202
v 2.93123 1.88 0.738885
v 2.96594 1.88 0.720235
v 2.99875 1.88 0.698414
v 3.02937 1.88 0.673615
v 3.05753 1.88 0.646055
v 3.08298 1.88 0.615978
v 3.1055 1.88 0.583649
v 3.1249 1.88 0.549351
v 3.14099 1.88 0.513386
v 3.15364 1.88 0.476072
v 3.16274 1.88 0.437736
v 3.16821 1.88 0.398716
v 3.17 1.88 0.359355
v 3.16809 1.88 0.32
v 3.16809 1.80003 0.32
v 3.16809 1.6426 0.32
v 3.16809 1.48517 0.32
v 3.16809 1.32774 0.32
v 3.16809 1.1703 0.32
v 3.16809 1.01287 0.32
v 3.16809 0.855439 0.32
v 3.16809 0.698008 0.32
v 3.16809 0.565174 0.32
v 3.16809 0.476619 0.32
v 3.16809 0.417582 0.32
v 3.16809 0.259517 0.32
v 3.16809 0.159892 0.32
v 3.16809 0.0934752 0.32
v 3.16809 0.0491975 0.32
v 3.16809 0.019679 0.32
v 3.16809 1.08073e-16 0.32
v 3.16949 -5.66144e-17 0.33934
v 3.16958 -5.65143e-17 0.378741
v 3.16598 1.06845e-16 0.417977
v 3.15872 -1.04409e-16 0.456703
v 3.14786 -6.16665e-17 0.494578
v 3.13349 -6.28889e-17 0.531269
v 3.11576 -6.3844e-17 0.566452
v 3.0948 -6.45234e-17 0.599819
v 3.07081 9.77145e-17 0.631074
v 3.044 -6.50337e-17 0.659944
v 3.01459 -6.48601e-17 0.686175
v 2.98286 -6.44019e-17 0.709534
v 2.94908 -6.3663e-17 0.729818
v 2.91355 -6.26501e-17 0.746847
v 2.87658 -6.13719e-17 0.760471
v 2.8385 -5.98398e-17 0.770571
v 2.79963 -1.07407e-16 0.777057
v 2.76033 -5.60699e-17 0.779873
v 2.72094 -5.70469e-17 0.778994
v 2.68181 -5.89394e-17 0.774427
v 2.64327 -6.05994e-17 0.766213
v 2.60567 -6.20123e-17 0.754424
v 2.56935 -6.31655e-17 0.739163
v 2.53461 -6.40491e-17 0.720566
v 2.50177 9.80908e-17 0.698795
v 2.47111 -6.49783e-17 0.674043
v 2.44291 9.75806e-17 0.646527
v 2.41741 -6.47674e-17 0.616489
v 2.39484 -6.42351e-17 0.584194
v 2.3754 -6.34236e-17 0.549926
v 2.35925 1.01365e-16 0.513986
v 2.34654 -6.09943e-17 0.476691
v 2.33738 -5.93978e-17 0.43837
v 2.33185 1.08118e-16 0.399358
v 2.33 2.33 0.36
v 2.33065 0.94 0.38333
v 3.16809 0.94 0.32
v 2.33042 1.89523 0.378724
v 2.33042 1.21224 0.378724
v 2.3317 0.0944874 0.397739
v 2.3317 1.88 0.397739
v 2.33388 1.06911e-16 0.416992
v 2.33388 1.88 0.416992
v 2.33701 -5.93112e-17 0.436424
v 2.33701 1.88 0.436424
v 2.34111 -6.01569e-17 0.455972
v 2.34111 1.88 0.455972
v 2.34621 -6.09504e-17 0.475566
v 2.34621 1.88 0.475566
v 2.35233 -6.16866e-17 0.495134
v 2.35233 1.88 0.495134
v 2.35949 1.01336e-16 0.5146
v 2.35949 1.88 0.5146
v 2.36769 -6.29675e-17 0.533883
v 2.36769 1.88 0.533883
v 2.37692 -6.35032e-17 0.552904
v 2.37692 1.88 0.552904
v 2.38719 -6.39636e-17 0.571579
v 2.38719 1.88 0.571579
v 2.39846 -6.43454e-17 0.589828
v 2.39846 1.88 0.589828
v 2.41072 -6.46454e-17 0.607569
v 2.41072 1.88 0.607569
v 2.42393 -6.48615e-17 0.624725
v 2.42393 1.88 0.624725
v 2.43805 9.76146e-17 0.64122
v 2.43805 1.88 0.64122
v 2.45302 9.7553e-17 0.656985
v 2.45302 1.88 0.656985
v 2.46878 -6.49918e-17 0.671954
v 2.46878 1.88 0.671954
v 2.48527 -9.77989e-17 0.686068
v 2.48527 1.88 0.686068
v 2.50243 9.81045e-17 0.699278
v 2.50243 1.88 0.699278
v 2.52017 -6.43454e-17 0.711538
v 2.52017 1.88 0.711538
v 2.53842 -6.39636e-17 0.722814
v 2.53842 1.88 0.722814
v 2.5571 -6.35032e-17 0.733079
v 2.5571 1.88 0.733079
v 2.57612 -6.29675e-17 0.742315
v 2.57612 1.88 0.742315
v 2.5954 -6.23605e-17 0.750511
v 2.5954 1.88 0.750511
v 2.61487 -6.16866e-17 0.757667
v 2.61487 1.88 0.757667
v 2.63443 -6.09504e-17 0.763788
v 2.63443 1.88 0.763788
v 2.65403 -6.01569e-17 0.768888
v 2.65403 1.88 0.768888
v 2.67358 -5.93112e-17 0.772988
v 2.67358 1.88 0.772988
v 2.69301 -5.84186e-17 0.776115
v 2.69301 1.88 0.776115
v 2.71226 -5.74842e-17 0.778301
v 2.71226 1.88 0.778301
v 2.73128 -5.65133e-17 0.779582
v 2.73128 1.88 0.779582
v 2.75 -5.55112e-17 0.78
v 2.75 1.88 0.78
v 2.76872 -5.65133e-17 0.779582
v 2.76872 1.88 0.779582
v 2.78774 -1.08232e-16 0.778301
v 2.78774 1.88 0.778301
v 2.80699 -1.06911e-16 0.776115
v 2.80699 1.88 0.776115
v 2.82642 -5.93112e-17 0.772988
v 2.82642 1.88 0.772988
v 2.84597 -6.01569e-17 0.768888
v 2.84597 1.88 0.768888
v 2.86557 -6.09504e-17 0.763788
v 2.86557 1.88 0.763788
v 2.88513 -6.16866e-17 0.757667
v 2.88513 1.88 0.757667
v 2.9046 -6.23605e-17 0.750511
v 2.9046 1.88 0.750511
v 2.92388 -6.29675e-17 0.742315
v 2.92388 1.88 0.742315
v 2.9429 -6.35032e-17 0.733079
v 2.9429 1.88 0.733079
v 2.96158 -6.39636e-17 0.722814
v 2.96158 1.88 0.722814
v 2.97983 -6.43454e-17 0.711538
v 2.97983 1.88 0.711538
v 2.99757 -6.46454e-17 0.699278
v 2.99757 1.88 0.699278
v 3.01473 -6.48615e-17 0.686068
v 3.01473 1.88 0.686068
v 3.03122 -6.49918e-17 0.671954
v 3.03122 1.88 0.671954
v 3.04698 -6.50354e-17 0.656985
v 3.04698 1.88 0.656985
v 3.06195 9.76146e-17 0.64122
v 3.06195 1.88 0.64122
v 3.07607 9.77989e-17 0.624725
v 3.07607 1.88 0.624725
v 3.08928 -6.46454e-17 0.607569
v 3.08928 1.88 0.607569
v 3.10154 -6.43454e-17 0.589828
v 3.10154 1.88 0.589828
v 3.11281 -6.39636e-17 0.571579
v 3.11281 1.88 0.571579
v 3.12308 -6.35032e-17 0.552904
v 3.12308 1.88 0.552904
v 3.13231 -6.29675e-17 0.533883
v 3.13231 1.88 0.533883
v 3.14051 -6.23605e-17 0.5146
v 3.14051 1.88 0.5146
v 3.14767 -6.16866e-17 0.495134
v 3.14767 1.88 0.495134
v 3.15379 -6.09504e-17 0.475566
v 3.15379 1.88 0.475566
v 3.15889 -1.04452e-16 0.455972
v 3.15889 1.88 0.455972
v 3.16299 -5.93112e-17 0.436424
v 3.16299 1.88 0.436424
v 3.16612 1.06911e-16 0.416992
v 3.16612 1.88 0.416992
v 3.1683 -5.74842e-17 0.397739
v 3.1683 1.88 0.397739
v 3.16958 -5.65133e-17 0.378724
v 3.16958 1.88 0.378724
v 3.17 -5.55112e-17 0.36
v 3.17 1.88 0.36
v 3.16958 -5.65133e-17 0.341276
v 3.16958 1.88 0.341276
v 3.1683 1.08232e-16 0.322261
v 3.1683 1.88 0.322261
v 2.3317 0.94 0.397739
v 2.33388 0.94 0.416992
v 2.33701 0.94 0.436424
v 2.34111 0.94 0.455972
v 2.34621 0.94 0.475566
v 2.35233 0.94 0.495134
v 2.35949 0.94 0.5146
v 2.36769 0.94 0.533883
v 2.37692 0.94 0.552904
v 2.38719 0.94 0.571579
v 2.39846 0.94 0.589828
v 2.41072 0.94 0.607569
v 2.42393 0.94 0.624725
v 2.43805 0.94 0.64122
v 2.45302 0.94 0.656985
v 2.46878 0.94 0.671954
v 2.48527 0.94 0.686068
v 2.50243 0.94 0.699278
v 2.52017 0.94 0.711538
v 2.53842 0.94 0.722814
v 2.5571 0.94 0.733079
v 2.57612 0.94 0.742315
v 2.5954 0.94 0.750511
v 2.61487 0.94 0.757667
v 2.63443 0.94 0.763788
v 2.65403 0.94 0.768888
v 2.67358 0.94 0.772988
v 2.69301 0.94 0.776115
v 2.71226 0.94 0.778301
v 2.73128 0.94 0.779582
v 2.75 0.94 0.78
v 2.76872 0.94 0.779582
v 2.78774 0.94 0.778301
v 2.80699 0.94 0.776115
v 2.82642 0.94 0.772988
v 2.84597 0.94 0.768888
v 2.86557 0.94 0.763788
v 2.88513 0.94 0.757667
v 2.9046 0.94 0.750511
v 2.92388 0.94 0.742315
v 2.9429 0.94 0.733079
v 2.96158 0.94 0.722814
v 2.97983 0.94 0.711538
v 2.99757 0.94 0.699278
v 3.01473 0.94 0.686068
v 3.03122 0.94 0.671954
v 3.04698 0.94 0.656985
v 3.06195 0.94 0.64122
v 3.07607 0.94 0.624725
v 3.08928 0.94 0.607569
v 3.10154 0.94 0.589828
v 3.11281 0.94 0.571579
v 3.12308 0.94 0.552904
v 3.13231 0.94 0.533883
v 3.14051 0.94 0.5146
v 3.14767 0.94 0.495134
v 3.15379 0.94 0.475566
v 3.15889 0.94 0.455972
v 3.16299 0.94 0.436424
v 3.16612 0.94 0.416992
v 3.1683 0.94 0.397739
v 3.16958 0.94 0.378724
v 3.17 0.94 0.36
v 3.16958 0.94 0.341276
v 3.1683 0.94 0.322261
vn -0 -0 -1
vn -0 -0 -1
vn -0 -0 -1
vn -0 -0 -1
vn -0 -0 -1
vn -0 -0 -1
vn -0 -0 -1
vn -0 -0 -1
vn -8.88178e-18 0 -1
vn -1.38778e-17 0 -1
vn -8.88178e-18 0 -1
vn -8.88178e-18 0 -1
vn -8.88178e-18 0 -1
vn 4.44089e-18 -0 -1
vn -0 -0 -1
vn -1.58207e-17 0 -1
vn -5.41234e-18 0 -1
vn -5.06539e-18 0 -1
vn -0 -0 -1
vn -0 -0 -1
vn 5.81132e-19 -0 -1
vn -3.81639e-19 0 -1
vn -7.04298e-18 0 -1
vn 6.31439e-18 -0 -1
vn -1.23512e-17 0 -1
vn 9.71445e-19 -0 -1
vn -1.58207e-17 0 -1
vn -2.498e-18 0 -1
vn 6.93889e-18 -0 -1
vn -1.58207e-17 0 -1
vn -1.58207e-17 0 -1
vn -8.88178e-18 0 -1
vn -8.88178e-18 0 -1
vn -0 -0 -1
vn -0 -0 -1
vn -0 -0 -1
vn -0 -0 -1
vn -0 -0 -1
vn -0 -0 -1
vn -0 -0 -1
vn -0 -0 -1
vn -0 -0 -1
vn -0 -0 -1
vn -8.88178e-18 0 -1
vn -8.88178e-18 0 -1
vn 8.88178e-18 -0 -1
vn -8.88178e-18 0 -1
vn -8.88178e-18 0 -1
vn 4.44089e-18 -0 -1
vn -3.46945e-18 0 -1
vn -1.58207e-17 0 -1
vn 6.93889e-18 -0 -1
vn -3.57353e-18 0 -1
vn -0 -0 -1
vn -0 -0 -1
vn 5.81132e-19 -0 -1
vn -5.37764e-19 0 -1
vn -6.73073e-18 0 -1
vn 5.68989e-18 -0 -1
vn -4.85723e-19 0 -1
vn -5.41234e-18 0 -1
vn 4.44089e-18 -0 -1
vn -1.23512e-17 0 -1
vn -1.13798e-17 0 -1
vn -8.88178e-18 0 -1
vn -0 -0 -1
vn 1.58207e-17 -0 -1
vn -8.88178e-18 0 -1
vn -0 -0 -1
vn -0 -0 -1
vn -0 -0 -1
vn -0 -0 -1
vn -0 -0 -1
vn -0 -0 -1
vn 0.877896 -0 -0.478852
vn 0.877896 -0 -0.478852
vn 0.877896 -0 -0.478852
vn 0.877896 -0 -0.478852
vn 0.877896 -0 -0.478852
vn 0.877896 -0 -0.478852
vn 0.877896 -0 -0.478852
vn 0.877896 -0 -0.478852
vn 0.877896 -0 -0.478852
vn 0.957826 -0 0.287348
vn 0.957826 -0 0.287348
vn 0.957826 -0 0.287348
vn 0.957826 -0 0.287348
vn 0.957826 -0 0.287348
vn 0.957826 -0 0.287348
vn 0.957826 -0 0.287348
vn 0.957826 -0 0.287348
vn 0.957826 -0 0.287348
vn 0.861934 -0 0.50702
vn 0.861934 -0 0.50702
vn 0.861934 -0 0.50702
vn 0.861934 -0 0.50702
vn 0.861934 -0 0.50702
vn 0.861934 -0 0.50702
vn 0.861934 -0 0.50702
vn 0.861934 -0 0.50702
vn 0.861934 -0 0.50702
vn 0.324324 -0 0.945946
vn 0.324324 -0 0.945946
vn 0.324324 -0 0.945946
vn 0.324324 -0 0.945946
vn 0.324324 -0 0.945946
vn 0.324324 -0 0.945946
vn 0.324324 -0 0.945946
vn 0.324324 -0 0.945946
vn 0.324324 -0 0.945946
vn 0.015998 -0 0.999872
vn 0.015998 -0 0.999872
vn 0.015998 -0 0.999872
vn 0.015998 -0 0.999872
vn 0.015998 -0 0.999872
vn 0.015998 -0 0.999872
vn 0.015998 -0 0.999872
vn 0.015998 -0 0.999872
vn 0.015998 -0 0.999872
vn -0.643192 -0 0.765705
vn -0.643192 -0 0.765705
vn -0.643192 -0 0.765705
vn -0.643192 -0 0.765705
vn -0.643192 -0 0.765705
vn -0.643192 -0 0.765705
vn -0.643192 -0 0.765705
vn -0.643192 -0 0.765705
vn -0.643192 -0 0.765705
vn 0.287348 -0 0.957826
vn 0.287348 -0 0.957826
vn 0.287348 -0 0.957826
vn 0.287348 -0 0.957826
vn 0.287348 -0 0.957826
vn 0.287348 -0 0.957826
vn 0.287348 -0 0.957826
vn 0.287348 -0 0.957826
vn 0.287348 -0 0.957826
vn -0.242536 -0 0.970143
vn -0.242536 -0 0.970143
vn -0.242536 -0 0.970143
vn -0.242536 -0 0.970143
vn -0.242536 -0 0.970143
vn -0.242536 -0 0.970143
vn -0.242536 -0 0.970143
vn -0.242536 -0 0.970143
vn -0.242536 -0 0.970143
vn -0.591364 -0 0.806405
vn -0.591364 -0 0.806405
vn -0.591364 -0 0.806405
vn -0.591364 -0 0.806405
vn -0.591364 -0 0.806405
vn -0.591364 -0 0.806405
vn -0.591364 -0 0.806405
vn -0.591364 -0 0.806405
vn -0.591364 -0 0.806405
vn -0.73994 -0 0.672673
vn -0.73994 -0 0.672673
vn -0.73994 -0 0.672673
vn -0.73994 -0 0.672673
vn -0.73994 -0 0.672673
vn -0.73994 -0 0.672673
vn -0.73994 -0 0.672673
vn -0.73994 -0 0.672673
vn -0.73994 -0 0.672673
vn -1 0 -0
vn -1 0 -0
vn -1 0 -0
vn -1 0 -0
vn -1 0 -0
vn -1 0 -0
vn -1 0 -0
vn -1 0 -0
vn -1 0 -0
vn 0 -1 0
vn 0 -1 0
vn 0 -1 0
vn 0 -1 0
vn 0 -1 0
vn 0 -1 0
vn 0 -1 0
vn 0 -1 0
vn 0 -1 0
vn 0 -1 0
vn 0 -1 0
vn 0 -1 0
vn 0 -1 0
vn 0 -1 0
vn 0 -1 0
vn 0 -1 0
vn 0 -1 0
vn 0 -1 0
vn 0 -1 0
vn 0 -1 0
vn 0 -1 0
vn 0 -1 0
vn 0 -1 0
vn 0 -1 0
vn 0 -1 0
vn 0 -1 0
vn 0 -1 0
vn 0 -1 0
vn 0 -1 0
vn 0 -1 0
vn 0 -1 0
vn 0 -1 0
vn 0 -1 0
vn 0 -1 0
vn 0 -1 0
vn 0 -1 0
vn 0 -1 0
vn 0 -1 0
vn 0 -1 0
vn 0 -1 0
vn 0 -1 0
vn 0 -1 0
vn 0 -1 0
vn 0 -1 0
vn 0 -1 0
vn 0 -1 0
vn 0 -1 0
vn 0 -1 0
vn 0 -1 0
vn 0 -1 0
vn 0 -1 0
vn 0 -1 0
vn 0 -1 0
vn 0 -1 0
vn 0 -1 0
vn 0 -1 0
vn 0 -1 0
vn 0 -1 0
vn 0 -1 0
vn 0 -1 0
vn 0 -1 0
vn 0 -1 0
vn 0 -1 0
vn 0 -1 0
vn 0 -1 0
vn 0 -1 0
vn 0 -1 0
vn 0 -1 0
vn 0 -1 0
vn 0 -1 0
vn 0 -1 0
vn 0 -1 0
vn 0 -1 0
vn 0 -1 0
vn 0 -1 0
vn 0 -1 0
vn 0 -1 0
vn 0 -1 0
vn 0 -1 0
vn 0 -1 0
vn 0 -1 0
vn 0 -1 0
vn 0 -1 0
vn 0 -1 0
vn 0 -1 0
vn 0 -1 0
vn 0 -1 0
vn 0 -1 0
vn 0 -1 0
vn 6.16174e-17 1 -0
vn 0 1 -0
vn 0 1 -2.22045e-16
vn 3.33067e-18 1 -2.22045e-16
vn 5.55112e-17 1 -1.11022e-16
vn 0 1 -2.22045e-16
vn 5.55112e-17 1 -1.11022e-16
vn 1.07692e-16 1 -0
vn 3.33067e-18 1 -2.498e-16
vn 1.63203e-16 1 -1.38778e-17
vn 1.66533e-18 1 -2.28983e-16
vn 5.55112e-17 1 -2.35922e-16
vn 6.32827e-17 1 -2.498e-16
vn 5.63438e-17 1 -2.498e-16
vn 2.94209e-17 1 -2.77556e-17
vn 3.91354e-17 1 -2.22045e-16
vn 8.32667e-19 1 -2.498e-16
vn 9.54792e-17 1 -2.77556e-17
vn 1.66533e-18 1 -2.498e-16
vn -3.85186e-34 1 -2.77556e-17
vn 3.10862e-17 1 -2.77556e-17
vn 3.33067e-18 1 -2.77556e-17
vn 1.66533e-18 1 -2.22045e-16
vn 2.94209e-17 1 -0
vn 8.16014e-17 1 -2.77556e-16
vn 1.37113e-16 1 -2.77556e-16
vn 1.09357e-16 1 -1.11022e-16
vn 5.71765e-17 1 -1.66533e-16
vn 8.32667e-17 1 -1.66533e-16
vn 2.94209e-17 1 -1.66533e-16
vn 2.94209e-17 1 -1.66533e-16
vn 1.66533e-18 1 -1.66533e-16
vn 0 1 -1.66533e-16
vn 0 1 -1.66533e-16
vn 8.32667e-17 1 -1.66533e-16
vn 2.94209e-17 1 -1.66533e-16
vn 8.32667e-17 1 -1.66533e-16
vn 1.66533e-18 1 -5.55112e-17
vn 5.38458e-17 1 -1.66533e-16
vn 2.77556e-17 1 -1.66533e-16
vn 3.33067e-18 1 -1.66533e-16
vn 1.66533e-18 1 -1.66533e-16
vn 8.32667e-17 1 -1.66533e-16
vn 1.35447e-16 1 -1.66533e-16
vn 1.55431e-17 1 -1.66533e-16
vn 3.91354e-17 1 -5.55112e-17
vn 1.55431e-17 1 -1.66533e-16
vn 5.63438e-17 1 -5.55112e-17
vn 2.498e-18 1 -5.55112e-17
vn 3.33067e-18 1 -1.66533e-16
vn 8.16014e-17 1 -1.66533e-16
vn 3.9968e-17 1 -1.11022e-16
vn 2.498e-18 1 -1.11022e-16
vn 1.1019e-16 1 -2.22045e-16
vn 1.08524e-16 1 -1.11022e-16
vn 1.66533e-18 1 -1.11022e-16
vn 6.93889e-17 1 -1.11022e-16
vn 3.10862e-17 1 -2.22045e-16
vn 2.94209e-17 1 -1.11022e-16
vn 3.10862e-17 1 -1.11022e-16
vn 1.66533e-18 1 -2.22045e-16
vn 0 1 -1.11022e-16
vn 2.94209e-17 1 -1.11022e-16
vn 0 1 -1.11022e-16
vn 2.60902e-17 1 -0
vn 0 1 -1.11022e-16
vn 2.77556e-17 1 -2.22045e-16
vn 8.32667e-17 1 -2.22045e-16
vn -5.21805e-17 1 -1.11022e-16
vn 2.60902e-17 1 -1.11022e-16
vn 1.66533e-18 1 -2.22045e-16
vn 1.09357e-16 1 -2.22045e-16
vn 0 1 -1.11022e-16
vn 5.55112e-17 1 -2.22045e-16
vn 2.77556e-17 1 -2.22045e-16
vn 2.77556e-17 1 -2.22045e-16
vn 1.37113e-16 1 -0
vn 0 1 -0
vn 1.09357e-16 1 -2.22045e-16
vn 1.37113e-16 1 -0
vn 8.32667e-17 1 -0
vn 2.77556e-17 1 -2.22045e-16
vn 1.37113e-16 1 -0
vn 5.63438e-17 1 -0
vn 7.02216e-17 1 -0
vn 1.08524e-16 1 -2.22045e-16
vn 2.94209e-17 1 -2.22045e-16
vn 1.66533e-18 1 -2.22045e-16
vn 7.54952e-17 1 -0
vn 1.07692e-16 1 -2.22045e-16
vn 1 -0 5.47707e-16
vn 0.998915 -0 0.0465621
vn 0.995664 -0 0.0930233
vn 0.995664 -0 0.0930233
vn 0.995664 -0 0.0930233
vn 0.995664 -0 0.0930233
vn 0.995664 -0 0.0930233
vn 0.995664 -0 0.0930233
vn 0.995664 -0 0.0930233
vn 0.995664 -0 0.0930233
vn 0.995664 -0 0.0930233
vn 0.995664 -0 0.0930233
vn 0.995664 -0 0.0930233
vn 0.995664 -0 0.0930233
vn 0.995664 -0 0.0930233
vn 0.995664 -0 0.0930233
vn 0.995664 -0 0.0930233
vn 0.995664 -0 0.0930233
vn 0.995664 -0 0.0930233
vn 0.997641 -0 0.0686476
vn 1 -0 5.47707e-16
vn 0.995664 -0 0.0930233
vn 0.999169 -0 0.0407502
vn 0.995955 -0 0.0898544
vn 0.995955 -0 0.0898544
vn 0.999006 -0 0.0445802
vn 0.999006 -0 0.0445802
vn 0.995955 -0 0.0898544
vn 0.999006 -0 0.0445802
vn 1 -0 -0
vn 0.999643 -0 -0.0267015
vn 0.993003 -0 -0.118087
vn 0.978026 -0 -0.208481
vn 0.954839 -0 -0.297125
vn 0.923635 -0 -0.383274
vn 0.884676 -0 -0.466206
vn 0.838291 -0 -0.545223
vn 0.784868 -0 -0.619663
vn 0.724855 -0 -0.688901
vn 0.658757 -0 -0.752356
vn 0.587129 -0 -0.809494
vn 0.510571 -0 -0.859836
vn 0.429727 -0 -0.902959
vn 0.345275 -0 -0.938502
vn 0.257924 -0 -0.966165
vn 0.168408 -0 -0.985717
vn 0.0774787 -0 -0.996994
vn -0.0141016 0 -0.999901
vn -0.105563 0 -0.994413
vn -0.196139 0 -0.980576
vn -0.285068 0 -0.958507
vn -0.371604 0 -0.928391
vn -0.45502 0 -0.890481
vn -0.534616 0 -0.845095
vn -0.609723 0 -0.792614
vn -0.679712 0 -0.733479
vn -0.743994 0 -0.668186
vn -0.80203 0 -0.597283
vn -0.853333 0 -0.521366
vn -0.897472 0 -0.441072
vn -0.934076 0 -0.357075
vn -0.962838 0 -0.27008
vn -0.983517 0 -0.180817
vn -0.995938 0 -0.0900369
vn -0.999999 -0 0.00149948
vn -0.995664 -0 0.0930233
vn -0.995664 -0 0.0930233
vn -0.995664 -0 0.0930233
vn -0.995664 -0 0.0930233
vn -0.995664 -0 0.0930233
vn -0.995664 -0 0.0930233
vn -0.995664 -0 0.0930233
vn -0.995664 -0 0.0930233
vn -0.995664 -0 0.0930233
vn -0.995664 -0 0.0930233
vn -0.995664 -0 0.0930233
vn -0.995664 -0 0.0930233
vn -0.995664 -0 0.0930233
vn -0.995664 -0 0.0930233
vn -0.995664 -0 0.0930233
vn -0.995664 -0 0.0930233
vn -0.995664 -0 0.0930233
vn -0.997793 -0 0.0664044
vn -0.999682 0 -0.0252025
vn -0.993179 0 -0.116598
vn -0.978338 0 -0.207014
vn -0.955283 0 -0.295693
vn -0.924208 0 -0.381889
vn -0.885374 0 -0.464879
vn -0.839108 0 -0.543966
vn -0.785796 0 -0.618486
vn -0.725887 0 -0.687814
vn -0.659885 0 -0.751367
vn -0.588342 0 -0.808612
vn -0.51186 0 -0.859069
vn -0.43108 0 -0.902314
vn -0.346682 0 -0.937983
vn -0.259373 0 -0.965777
vn -0.169886 0 -0.985464
vn -0.0789736 0 -0.996877
vn 0.0126022 -0 -0.999921
vn 0.104072 -0 -0.99457
vn 0.194669 -0 -0.980869
vn 0.28363 -0 -0.958934
vn 0.370211 -0 -0.928948
vn 0.453684 -0 -0.891163
vn 0.533348 -0 -0.845896
vn 0.608534 -0 -0.793528
vn 0.678611 -0 -0.734498
vn 0.742991 -0 -0.669301
vn 0.801134 -0 -0.598485
vn 0.85255 -0 -0.522645
vn 0.896809 -0 -0.442417
vn 0.933539 -0 -0.358475
vn 0.962432 -0 -0.271523
vn 0.983244 -0 -0.182292
vn 0.995802 -0 -0.0915302
vn 1 -0 -0
vn 0.998527 -0 -0.0542625
vn -0.995664 -0 0.0930233
vn 0.999006 -0 -0.0445802
vn 0.999006 -0 -0.0445802
vn 0.995955 -0 -0.0898544
vn 0.995955 -0 -0.0898544
vn 0.990751 -0 -0.135695
vn 0.990751 -0 -0.135695
vn 0.983305 -0 -0.181963
vn 0.983305 -0 -0.181963
vn 0.973543 -0 -0.228505
vn 0.973543 -0 -0.228505
vn 0.961399 -0 -0.275158
vn 0.961399 -0 -0.275158
vn 0.946825 -0 -0.321749
vn 0.946825 -0 -0.321749
vn 0.929788 -0 -0.368095
vn 0.929788 -0 -0.368095
vn 0.910273 -0 -0.414008
vn 0.910273 -0 -0.414008
vn 0.888284 -0 -0.459295
vn 0.888284 -0 -0.459295
vn 0.863844 -0 -0.50376
vn 0.863844 -0 -0.50376
vn 0.836996 -0 -0.54721
vn 0.836996 -0 -0.54721
vn 0.807804 -0 -0.589451
vn 0.807804 -0 -0.589451
vn 0.776353 -0 -0.630298
vn 0.776353 -0 -0.630298
vn 0.742747 -0 -0.669572
vn 0.742747 -0 -0.669572
vn 0.707107 -0 -0.707107
vn 0.707107 -0 -0.707107
vn 0.669572 -0 -0.742747
vn 0.669572 -0 -0.742747
vn 0.630298 -0 -0.776353
vn 0.630298 -0 -0.776353
vn 0.589451 -0 -0.807804
vn 0.589451 -0 -0.807804
vn 0.54721 -0 -0.836996
vn 0.54721 -0 -0.836996
vn 0.50376 -0 -0.863844
vn 0.50376 -0 -0.863844
vn 0.459295 -0 -0.888284
vn 0.459295 -0 -0.888284
vn 0.414008 -0 -0.910273
vn 0.414008 -0 -0.910273
vn 0.368095 -0 -0.929788
vn 0.368095 -0 -0.929788
vn 0.321749 -0 -0.946825
vn 0.321749 -0 -0.946825
vn 0.275158 -0 -0.961399
vn 0.275158 -0 -0.961399
vn 0.228505 -0 -0.973543
vn 0.228505 -0 -0.973543
vn 0.181963 -0 -0.983305
vn 0.181963 -0 -0.983305
vn 0.135695 -0 -0.990751
vn 0.135695 -0 -0.990751
vn 0.0898544 -0 -0.995955
vn 0.0898544 -0 -0.995955
vn 0.0445802 -0 -0.999006
vn 0.0445802 -0 -0.999006
vn 0 -0 -1
vn -9.12844e-17 0 -1
vn -0.0445802 0 -0.999006
vn -0.0445802 0 -0.999006
vn -0.0898544 0 -0.995955
vn -0.0898544 0 -0.995955
vn -0.135695 0 -0.990751
vn -0.135695 0 -0.990751
vn -0.181963 0 -0.983305
vn -0.181963 0 -0.983305
vn -0.228505 0 -0.973543
vn -0.228505 0 -0.973543
vn -0.275158 0 -0.961399
vn -0.275158 0 -0.961399
vn -0.321749 0 -0.946825
vn -0.321749 0 -0.946825
vn -0.368095 0 -0.929788
vn -0.368095 0 -0.929788
vn -0.414008 0 -0.910273
vn -0.414008 0 -0.910273
vn -0.459295 0 -0.888284
vn -0.459295 0 -0.888284
vn -0.50376 0 -0.863844
vn -0.50376 0 -0.863844
vn -0.54721 0 -0.836996
vn -0.54721 0 -0.836996
vn -0.589451 0 -0.807804
vn -0.589451 0 -0.807804
vn -0.630298 0 -0.776353
vn -0.630298 0 -0.776353
vn -0.669572 0 -0.742747
vn -0.669572 0 -0.742747
vn -0.707107 0 -0.707107
vn -0.707107 0 -0.707107
vn -0.742747 0 -0.669572
vn -0.742747 0 -0.669572
vn -0.776353 0 -0.630298
vn -0.776353 0 -0.630298
vn -0.807804 0 -0.589451
vn -0.807804 0 -0.589451
vn -0.836996 0 -0.54721
vn -0.836996 0 -0.54721
vn -0.863844 0 -0.50376
vn -0.863844 0 -0.50376
vn -0.888284 0 -0.459295
vn -0.888284 0 -0.459295
vn -0.910273 0 -0.414008
vn -0.910273 0 -0.414008
vn -0.929788 0 -0.368095
vn -0.929788 0 -0.368095
vn -0.946825 0 -0.321749
vn -0.946825 0 -0.321749
vn -0.961399 0 -0.275158
vn -0.961399 0 -0.275158
vn -0.973543 0 -0.228505
vn -0.973543 0 -0.228505
vn -0.983305 0 -0.181963
vn -0.983305 0 -0.181963
vn -0.990751 0 -0.135695
vn -0.990751 0 -0.135695
vn -0.995955 0 -0.0898544
vn -0.995955 0 -0.0898544
vn -0.999006 0 -0.0445802
vn -0.999006 0 -0.0445802
vn -1 0 -1.82569e-16
vn -1 0 -0
vn -0.999006 -0 0.0445802
vn -0.999006 -0 0.0445802
vn -0.995955 -0 0.0898544
vn -0.995955 -0 0.0898544
vn 0.995955 -0 -0.0898544
vn 0.990751 -0 -0.135695
vn 0.983305 -0 -0.181963
vn 0.973543 -0 -0.228505
vn 0.961399 -0 -0.275158
vn 0.946825 -0 -0.321749
vn 0.929788 -0 -0.368095
vn 0.910273 -0 -0.414008
vn 0.888284 -0 -0.459295
vn 0.863844 -0 -0.50376
vn 0.836996 -0 -0.54721
vn 0.807804 -0 -0.589451
vn 0.776353 -0 -0.630298
vn 0.742747 -0 -0.669572
vn 0.707107 -0 -0.707107
vn 0.669572 -0 -0.742747
vn 0.630298 -0 -0.776353
vn 0.589451 -0 -0.807804
vn 0.54721 -0 -0.836996
vn 0.50376 -0 -0.863844
vn 0.459295 -0 -0.888284
vn 0.414008 -0 -0.910273
vn 0.368095 -0 -0.929788
vn 0.321749 -0 -0.946825
vn 0.275158 -0 -0.961399
vn 0.228505 -0 -0.973543
vn 0.181963 -0 -0.983305
vn 0.135695 -0 -0.990751
vn 0.0898544 -0 -0.995955
vn 0.0445802 -0 -0.999006
vn 9.12844e-17 -0 -1
vn -0.0445802 0 -0.999006
vn -0.0898544 0 -0.995955
vn -0.135695 0 -0.990751
vn -0.181963 0 -0.983305
vn -0.228505 0 -0.973543
vn -0.275158 0 -0.961399
vn -0.321749 0 -0.946825
vn -0.368095 0 -0.929788
vn -0.414008 0 -0.910273
vn -0.459295 0 -0.888284
vn -0.50376 0 -0.863844
vn -0.54721 0 -0.836996
vn -0.589451 0 -0.807804
vn -0.630298 0 -0.776353
vn -0.669572 0 -0.742747
vn -0.707107 0 -0.707107
vn -0.742747 0 -0.669572
vn -0.776353 0 -0.630298
vn -0.807804 0 -0.589451
vn -0.836996 0 -0.54721
vn -0.863844 0 -0.50376
vn -0.888284 0 -0.459295
vn -0.910273 0 -0.414008
vn -0.929788 0 -0.368095
vn -0.946825 0 -0.321749
vn -0.961399 0 -0.275158
vn -0.973543 0 -0.228505
vn -0.983305 0 -0.181963
vn -0.990751 0 -0.135695
vn -0.995955 0 -0.0898544
vn -0.999006 0 -0.0445802
vn -1 0 -1.82569e-16
vn -0.999006 -0 0.0445802
vn -0.995955 -0 0.0898544
vn 1 -0 -0
vn 0.998863 -0 0.0476733
vn 0.995455 -0 0.0952381
vn 0.995455 -0 0.0952381
vn 0.995455 -0 0.0952381
vn 0.995455 -0 0.0952381
vn 0.995455 -0 0.0952381
vn 0.995455 -0 0.0952381
vn 0.995455 -0 0.0952381
vn 0.995455 -0 0.0952381
vn 0.995455 -0 0.0952381
vn 0.995455 -0 0.0952381
vn 0.995455 -0 0.0952381
vn 0.995455 -0 0.0952381
vn 0.995455 -0 0.0952381
vn 0.995455 -0 0.0952381
vn 0.995455 -0 0.0952381
vn 0.995455 -0 0.0952381
vn 0.995455 -0 0.0952381
vn 0.995455 -0 0.0952381
vn 0.995609 -0 0.0936065
vn 0.998902 -0 0.0468547
vn 1 -0 -0
vn 0.995455 -0 0.0952381
vn 0.999612 -0 0.0278528
vn 0.995955 -0 0.0898544
vn 0.995955 -0 0.0898544
vn 0.999006 -0 0.0445802
vn 0.999006 -0 0.0445802
vn 0.995955 -0 0.0898544
vn 0.999006 -0 0.0445802
vn 1 -0 -0
vn 0.998934 -0 -0.0461557
vn 0.990213 -0 -0.139562
vn 0.972778 -0 -0.23174
vn 0.946781 -0 -0.321879
vn 0.912451 -0 -0.409185
vn 0.870092 -0 -0.49289
vn 0.820075 -0 -0.572257
vn 0.76284 -0 -0.646587
vn 0.698892 -0 -0.715227
vn 0.628793 -0 -0.777573
vn 0.55316 -0 -0.833075
vn 0.472659 -0 -0.881245
vn 0.387998 -0 -0.92166
vn 0.299922 -0 -0.953964
vn 0.209207 -0 -0.977871
vn 0.116651 -0 -0.993173
vn 0.0230677 -0 -0.999734
vn -0.0707183 0 -0.997496
vn -0.163882 0 -0.98648
vn -0.255603 0 -0.966782
vn -0.345075 0 -0.938575
vn -0.43151 0 -0.902108
vn -0.514147 0 -0.857702
vn -0.59226 0 -0.805747
vn -0.66516 0 -0.746701
vn -0.732206 0 -0.681084
vn -0.792808 0 -0.609472
vn -0.846432 0 -0.532497
vn -0.892607 0 -0.450835
vn -0.930927 0 -0.365205
vn -0.961054 0 -0.276361
vn -0.982722 0 -0.185085
vn -0.995742 0 -0.0921806
vn -0.999999 -0 0.0015355
vn -0.995455 -0 0.0952381
vn -0.995455 -0 0.0952381
vn -0.995455 -0 0.0952381
vn -0.995455 -0 0.0952381
vn -0.995455 -0 0.0952381
vn -0.995455 -0 0.0952381
vn -0.995455 -0 0.0952381
vn -0.995455 -0 0.0952381
vn -0.995455 -0 0.0952381
vn -0.995455 -0 0.0952381
vn -0.995455 -0 0.0952381
vn -0.995455 -0 0.0952381
vn -0.995455 -0 0.0952381
vn -0.995455 -0 0.0952381
vn -0.995455 -0 0.0952381
vn -0.995455 -0 0.0952381
vn -0.995455 -0 0.0952381
vn -0.995455 -0 0.0952381
vn -0.998789 -0 0.0491907
vn -0.999004 0 -0.0446217
vn -0.990426 0 -0.138042
vn -0.973132 0 -0.230246
vn -0.947274 0 -0.320425
vn -0.913079 0 -0.407783
vn -0.870848 0 -0.491553
vn -0.820952 0 -0.570997
vn -0.763832 0 -0.645415
vn -0.699989 0 -0.714153
vn -0.629986 0 -0.776606
vn -0.554439 0 -0.832225
vn -0.474012 0 -0.880519
vn -0.389413 0 -0.921063
vn -0.301387 0 -0.953502
vn -0.210708 0 -0.977549
vn -0.118176 0 -0.992993
vn -0.0246028 0 -0.999697
vn 0.0691865 -0 -0.997604
vn 0.162367 -0 -0.98673
vn 0.254118 -0 -0.967173
vn 0.343634 -0 -0.939104
vn 0.430124 -0 -0.90277
vn 0.51283 -0 -0.85849
vn 0.591022 -0 -0.806656
vn 0.664012 -0 -0.747722
vn 0.731159 -0 -0.682207
vn 0.791871 -0 -0.610689
vn 0.845613 -0 -0.533796
vn 0.891914 -0 -0.452205
vn 0.930365 -0 -0.366634
vn 0.960628 -0 -0.277837
vn 0.982437 -0 -0.186594
vn 0.9956 -0 -0.0937095
vn 1 -0 -0
vn 0.998456 -0 -0.0555481
vn -0.995455 -0 0.0952381
vn 0.999006 -0 -0.0445802
vn 0.999006 -0 -0.0445802
vn 0.995955 -0 -0.0898544
vn 0.995955 -0 -0.0898544
vn 0.990751 -0 -0.135695
vn 0.990751 -0 -0.135695
vn 0.983305 -0 -0.181963
vn 0.983305 -0 -0.181963
vn 0.973543 -0 -0.228505
vn 0.973543 -0 -0.228505
vn 0.961399 -0 -0.275158
vn 0.961399 -0 -0.275158
vn 0.946825 -0 -0.321749
vn 0.946825 -0 -0.321749
vn 0.929788 -0 -0.368095
vn 0.929788 -0 -0.368095
vn 0.910273 -0 -0.414008
vn 0.910273 -0 -0.414008
vn 0.888284 -0 -0.459295
vn 0.888284 -0 -0.459295
vn 0.863844 -0 -0.50376
vn 0.863844 -0 -0.50376
vn 0.836996 -0 -0.54721
vn 0.836996 -0 -0.54721
vn 0.807804 -0 -0.589451
vn 0.807804 -0 -0.589451
vn 0.776353 -0 -0.630298
vn 0.776353 -0 -0.630298
vn 0.742747 -0 -0.669572
vn 0.742747 -0 -0.669572
vn 0.707107 -0 -0.707107
vn 0.707107 -0 -0.707107
vn 0.669572 -0 -0.742747
vn 0.669572 -0 -0.742747
vn 0.630298 -0 -0.776353
vn 0.630298 -0 -0.776353
vn 0.589451 -0 -0.807804
vn 0.589451 -0 -0.807804
vn 0.54721 -0 -0.836996
vn 0.54721 -0 -0.836996
vn 0.50376 -0 -0.863844
vn 0.50376 -0 -0.863844
vn 0.459295 -0 -0.888284
vn 0.459295 -0 -0.888284
vn 0.414008 -0 -0.910273
vn 0.414008 -0 -0.910273
vn 0.368095 -0 -0.929788
vn 0.368095 -0 -0.929788
vn 0.321749 -0 -0.946825
vn 0.321749 -0 -0.946825
vn 0.275158 -0 -0.961399
vn 0.275158 -0 -0.961399
vn 0.228505 -0 -0.973543
vn 0.228505 -0 -0.973543
vn 0.181963 -0 -0.983305
vn 0.181963 -0 -0.983305
vn 0.135695 -0 -0.990751
vn 0.135695 -0 -0.990751
vn 0.0898544 -0 -0.995955
vn 0.0898544 -0 -0.995955
vn 0.0445802 -0 -0.999006
vn 0.0445802 -0 -0.999006
vn -1.86916e-16 0 -1
vn 2.80374e-16 -0 -1
vn -0.0445802 0 -0.999006
vn -0.0445802 0 -0.999006
vn -0.0898544 0 -0.995955
vn -0.0898544 0 -0.995955
vn -0.135695 0 -0.990751
vn -0.135695 0 -0.990751
vn -0.181963 0 -0.983305
vn -0.181963 0 -0.983305
vn -0.228505 0 -0.973543
vn -0.228505 0 -0.973543
vn -0.275158 0 -0.961399
vn -0.275158 0 -0.961399
vn -0.321749 0 -0.946825
vn -0.321749 0 -0.946825
vn -0.368095 0 -0.929788
vn -0.368095 0 -0.929788
vn -0.414008 0 -0.910273
vn -0.414008 0 -0.910273
vn -0.459295 0 -0.888284
vn -0.459295 0 -0.888284
vn -0.50376 0 -0.863844
vn -0.50376 0 -0.863844
vn -0.54721 0 -0.836996
vn -0.54721 0 -0.836996
vn -0.589451 0 -0.807804
vn -0.589451 0 -0.807804
vn -0.630298 0 -0.776353
vn -0.630298 0 -0.776353
vn -0.669572 0 -0.742747
vn -0.669572 0 -0.742747
vn -0.707107 0 -0.707107
vn -0.707107 0 -0.707107
vn -0.742747 0 -0.669572
vn -0.742747 0 -0.669572
vn -0.776353 0 -0.630298
vn -0.776353 0 -0.630298
vn -0.807804 0 -0.589451
vn -0.807804 0 -0.589451
vn -0.836996 0 -0.54721
vn -0.836996 0 -0.54721
vn -0.863844 0 -0.50376
vn -0.863844 0 -0.50376
vn -0.888284 0 -0.459295
vn -0.888284 0 -0.459295
vn -0.910273 0 -0.414008
vn -0.910273 0 -0.414008
vn -0.929788 0 -0.368095
vn -0.929788 0 -0.368095
vn -0.946825 0 -0.321749
vn -0.946825 0 -0.321749
vn -0.961399 0 -0.275158
vn -0.961399 0 -0.275158
vn -0.973543 0 -0.228505
vn -0.973543 0 -0.228505
vn -0.983305 0 -0.181963
vn -0.983305 0 -0.181963
vn -0.990751 0 -0.135695
vn -0.990751 0 -0.135695
vn -0.995955 0 -0.0898544
vn -0.995955 0 -0.0898544
vn -0.999006 0 -0.0445802
vn -0.999006 0 -0.0445802
vn -1 0 -0
vn -1 -0 7.47663e-16
vn -0.999006 -0 0.0445802
vn -0.999006 -0 0.0445802
vn -0.995955 -0 0.0898544
vn -0.995955 -0 0.0898544
vn 0.995955 -0 -0.0898544
vn 0.990751 -0 -0.135695
vn 0.983305 -0 -0.181963
vn 0.973543 -0 -0.228505
vn 0.961399 -0 -0.275158
vn 0.946825 -0 -0.321749
vn 0.929788 -0 -0.368095
vn 0.910273 -0 -0.414008
vn 0.888284 -0 -0.459295
vn 0.863844 -0 -0.50376
vn 0.836996 -0 -0.54721
vn 0.807804 -0 -0.589451
vn 0.776353 -0 -0.630298
vn 0.742747 -0 -0.669572
vn 0.707107 -0 -0.707107
vn 0.669572 -0 -0.742747
vn 0.630298 -0 -0.776353
vn 0.589451 -0 -0.807804
vn 0.54721 -0 -0.836996
vn 0.50376 -0 -0.863844
vn 0.459295 -0 -0.888284
vn 0.414008 -0 -0.910273
vn 0.368095 -0 -0.929788
vn 0.321749 -0 -0.946825
vn 0.275158 -0 -0.961399
vn 0.228505 -0 -0.973543
vn 0.181963 -0 -0.983305
vn 0.135695 -0 -0.990751
vn 0.0898544 -0 -0.995955
vn 0.0445802 -0 -0.999006
vn -0 -0 -1
vn -0.0445802 0 -0.999006
vn -0.0898544 0 -0.995955
vn -0.135695 0 -0.990751
vn -0.181963 0 -0.983305
vn -0.228505 0 -0.973543
vn -0.275158 0 -0.961399
vn -0.321749 0 -0.946825
vn -0.368095 0 -0.929788
vn -0.414008 0 -0.910273
vn -0.459295 0 -0.888284
vn -0.50376 0 -0.863844
vn -0.54721 0 -0.836996
vn -0.589451 0 -0.807804
vn -0.630298 0 -0.776353
vn -0.669572 0 -0.742747
vn -0.707107 0 -0.707107
vn -0.742747 0 -0.669572
vn -0.776353 0 -0.630298
vn -0.807804 0 -0.589451
vn -0.836996 0 -0.54721
vn -0.863844 0 -0.50376
vn -0.888284 0 -0.459295
vn -0.910273 0 -0.414008
vn -0.929788 0 -0.368095
vn -0.946825 0 -0.321749
vn -0.961399 0 -0.275158
vn -0.973543 0 -0.228505
vn -0.983305 0 -0.181963
vn -0.990751 0 -0.135695
vn -0.995955 0 -0.0898544
vn -0.999006 0 -0.0445802
vn -1 0 -1.49533e-15
vn -0.999006 -0 0.0445802
vn -0.995955 -0 0.0898544
g Body_plastic-red
usemtl plastic-red
f 1//1 18//18 19//19
f 1//1 17//17 18//18
f 1//1 16//16 17//17
f 1//1 15//15 16//16
f 1//1 14//14 15//15
f 1//1 13//13 14//14
f 1//1 12//12 13//13
f 1//1 11//11 12//12
f 1//1 10//10 11//11
f 1//1 9//9 10//10
f 1//1 8//8 9//9
f 1//1 7//7 8//8
f 1//1 6//6 7//7
f 1//1 5//5 6//6
f 1//1 4//4 5//5
f 1//1 3//3 4//4
f 3//3 1//1 2//2
f 20//20 53//53 54//54
f 20//20 52//52 53//53
f 20//20 51//51 52//52
f 20//20 50//50 51//51
f 20//20 49//49 50//50
f 20//20 48//48 49//49
f 20//20 47//47 48//48
f 20//20 46//46 47//47
f 20//20 45//45 46//46
f 20//20 44//44 45//45
f 20//20 43//43 44//44
f 20//20 42//42 43//43
f 20//20 41//41 42//42
f 20//20 40//40 41//41
f 20//20 39//39 40//40
f 20//20 38//38 39//39
f 20//20 37//37 38//38
f 37//37 35//35 36//36
f 37//37 34//34 35//35
f 37//37 33//33 34//34
f 37//37 32//32 33//33
f 37//37 31//31 32//32
f 37//37 30//30 31//31
f 37//37 29//29 30//30
f 37//37 28//28 29//29
f 37//37 27//27 28//28
f 37//37 26//26 27//27
f 37//37 25//25 26//26
f 37//37 24//24 25//25
f 37//37 23//23 24//24
f 37//37 22//22 23//23
f 20//20 22//22 37//37
f 22//22 20//20 21//21
f 55//55 73//73 74//74
f 73//73 71//71 72//72
f 73//73 70//70 71//71
f 73//73 69//69 70//70
f 73//73 68//68 69//69
f 73//73 67//67 68//68
f 73//73 66//66 67//67
f 73//73 65//65 66//66
f 73//73 64//64 65//65
f 73//73 63//63 64//64
f 73//73 62//62 63//63
f 73//73 61//61 62//62
f 73//73 60//60 61//61
f 73//73 59//59 60//60
f 73//73 58//58 59//59
f 55//55 58//58 73//73
f 58//58 55//55 56//56
f 75//75 79//79 76//76
f 75//75 78//78 79//79
f 76//76 80//80 77//77
f 76//76 79//79 80//80
f 78//78 82//82 79//79
f 78//78 81//81 82//82
f 79//79 83//83 80//80
f 79//79 82//82 83//83
f 84//84 88//88 85//85
f 84//84 87//87 88//88
f 85//85 89//89 86//86
f 85//85 88//88 89//89
f 87//87 91//91 88//88
f 87//87 90//90 91//91
f 88//88 92//92 89//89
f 88//88 91//91 92//92
f 93//93 97//97 94//94
f 93//93 96//96 97//97
f 94//94 98//98 95//95
f 94//94 97//97 98//98
f 96//96 100//100 97//97
f 96//96 99//99 100//100
f 97//97 101//101 98//98
f 97//97 100//100 101//101
f 111//111 115//115 112//112
f 111//111 114//114 115//115
f 112//112 116//116 113//113
f 112//112 115//115 116//116
f 114//114 118//118 115//115
f 114//114 117//117 118//118
f 115//115 119//119 116//116
f 115//115 118//118 119//119
f 129//129 133//133 130//130
f 129//129 132//132 133//133
f 130//130 134//134 131//131
f 130//130 133//133 134//134
f 132//132 136//136 133//133
f 132//132 135//135 136//136
f 133//133 137//137 134//134
f 133//133 136//136 137//137
f 138//138 142//142 139//139
f 138//138 141//141 142//142
f 139//139 143//143 140//140
f 139//139 142//142 143//143
f 141//141 145//145 142//142
f 141//141 144//144 145//145
f 142//142 146//146 143//143
f 142//142 145//145 146//146
f 147//147 151//151 148//148
f 147//147 150//150 151//151
f 148//148 152//152 149//149
f 148//148 151//151 152//152
f 150//150 154//154 151//151
f 150//150 153//153 154//154
f 151//151 155//155 152//152
f 151//151 154//154 155//155
f 156//156 160//160 157//157
f 156//156 159//159 160//160
f 157//157 161//161 158//158
f 157//157 160//160 161//161
f 159//159 163//163 160//160
f 159//159 162//162 163//163
f 160//160 164//164 161//161
f 160//160 163//163 164//164
f 165//165 169//169 166//166
f 165//165 168//168 169//169
f 166//166 170//170 167//167
f 166//166 169//169 170//170
f 168//168 172//172 169//169
f 168//168 171//171 172//172
f 169//169 173//173 170//170
f 169//169 172//172 173//173
f 262//262 174//174 175//175
f 262//262 175//175 176//176
f 262//262 176//176 177//177
f 177//177 178//178 179//179
f 177//177 179//179 180//180
f 180//180 181//181 182//182
f 180//180 182//182 183//183
f 177//177 180//180 183//183
f 183//183 184//184 185//185
f 183//183 185//185 186//186
f 183//183 186//186 187//187
f 183//183 187//187 188//188
f 183//183 188//188 189//189
f 183//183 189//189 190//190
f 183//183 190//190 191//191
f 183//183 191//191 192//192
f 183//183 192//192 193//193
f 183//183 193//193 194//194
f 183//183 194//194 195//195
f 183//183 195//195 196//196
f 183//183 196//196 197//197
f 183//183 197//197 198//198
f 183//183 198//198 199//199
f 183//183 199//199 200//200
f 183//183 200//200 201//201
f 183//183 201//201 202//202
f 183//183 202//202 203//203
f 177//177 183//183 203//203
f 177//177 203//203 204//204
f 177//177 204//204 205//205
f 177//177 205//205 206//206
f 177//177 206//206 207//207
f 177//177 207//207 208//208
f 177//177 208//208 209//209
f 177//177 209//209 210//210
f 177//177 210//210 211//211
f 177//177 211//211 212//212
f 177//177 212//212 213//213
f 177//177 213//213 214//214
f 177//177 214//214 215//215
f 177//177 215//215 216//216
f 177//177 216//216 217//217
f 177//177 217//217 218//218
f 177//177 218//218 219//219
f 177//177 219//219 220//220
f 177//177 220//220 221//221
f 177//177 221//221 222//222
f 177//177 222//222 223//223
f 177//177 223//223 224//224
f 224//224 225//225 226//226
f 224//224 226//226 227//227
f 224//224 227//227 228//228
f 224//224 228//228 229//229
f 224//224 229//229 230//230
f 224//224 230//230 231//231
f 224//224 231//231 232//232
f 224//224 232//232 233//233
f 224//224 233//233 234//234
f 224//224 234//234 235//235
f 224//224 235//235 236//236
f 224//224 236//236 237//237
f 177//177 224//224 237//237
f 177//177 237//237 238//238
f 177//177 238//238 239//239
f 177//177 239//239 240//240
f 177//177 240//240 241//241
f 177//177 241//241 242//242
f 177//177 242//242 243//243
f 177//177 243//243 244//244
f 177//177 244//244 245//245
f 177//177 245//245 246//246
f 177//177 246//246 247//247
f 177//177 247//247 248//248
f 177//177 248//248 249//249
f 177//177 249//249 250//250
f 177//177 250//250 251//251
f 177//177 251//251 252//252
f 177//177 252//252 253//253
f 177//177 253//253 254//254
f 177//177 254//254 255//255
f 177//177 255//255 256//256
f 177//177 256//256 257//257
f 177//177 257//257 258//258
f 177//177 258//258 259//259
f 177//177 259//259 260//260
f 177//177 260//260 261//261
f 177//177 261//261 262//262
f 352//352 263//263 264//264
f 352//352 264//264 265//265
f 265//265 266//266 267//267
f 265//265 267//267 268//268
f 268//268 269//269 270//270
f 265//265 268//268 270//270
f 265//265 270//270 271//271
f 271//271 272//272 273//273
f 271//271 273//273 274//274
f 271//271 274//274 275//275
f 271//271 275//275 276//276
f 271//271 276//276 277//277
f 271//271 277//277 278//278
f 271//271 278//278 279//279
f 271//271 279//279 280//280
f 271//271 280//280 281//281
f 271//271 281//281 282//282
f 271//271 282//282 283//283
f 271//271 283//283 284//284
f 271//271 284//284 285//285
f 271//271 285//285 286//286
f 271//271 286//286 287//287
f 271//271 287//287 288//288
f 271//271 288//288 289//289
f 271//271 289//289 290//290
f 271//271 290//290 291//291
f 271//271 291//291 292//292
f 271//271 292//292 293//293
f 271//271 293//293 294//294
f 271//271 294//294 295//295
f 271//271 295//295 296//296
f 271//271 296//296 297//297
f 271//271 297//297 298//298
f 271//271 298//298 299//299
f 312//312 313//313 314//314
f 311//311 312//312 314//314
f 310//310 311//311 314//314
f 309//309 310//310 314//314
f 308//308 309//309 314//314
f 307//307 308//308 314//314
f 306//306 307//307 314//314
f 305//305 306//306 314//314
f 304//304 305//305 314//314
f 303//303 304//304 314//314
f 302//302 303//303 314//314
f 301//301 302//302 314//314
f 300//300 301//301 314//314
f 299//299 300//300 314//314
f 271//271 299//299 314//314
f 271//271 314//314 315//315
f 271//271 315//315 316//316
f 271//271 316//316 317//317
f 271//271 317//317 318//318
f 271//271 318//318 319//319
f 271//271 319//319 320//320
f 271//271 320//320 321//321
f 271//271 321//321 322//322
f 271//271 322//322 323//323
f 271//271 323//323 324//324
f 271//271 324//324 325//325
f 271//271 325//325 326//326
f 271//271 326//326 327//327
f 271//271 327//327 328//328
f 271//271 328//328 329//329
f 271//271 329//329 330//330
f 271//271 330//330 331//331
f 271//271 331//331 332//332
f 271//271 332//332 333//333
f 265//265 271//271 333//333
f 265//265 333//333 334//334
f 265//265 334//334 335//335
f 265//265 335//335 336//336
f 265//265 336//336 337//337
f 265//265 337//337 338//338
f 265//265 338//338 339//339
f 265//265 339//339 340//340
f 265//265 340//340 341//341
f 265//265 341//341 342//342
f 265//265 342//342 343//343
f 265//265 343//343 344//344
f 265//265 344//344 345//345
f 265//265 345//345 346//346
f 265//265 346//346 347//347
f 265//265 347//347 348//348
f 265//265 348//348 349//349
f 265//265 349//349 350//350
f 265//265 350//350 351//351
f 265//265 351//351 352//352
f 373//373 381//381 375//375
f 373//373 378//378 381//381
f 373//373 353//353 378//378
f 375//375 381//381 379//379
f 381//381 372//372 379//379
f 381//381 377//377 372//372
f 377//377 381//381 380//380
f 380//380 371//371 377//377
f 380//380 370//370 371//371
f 380//380 369//369 370//370
f 380//380 368//368 369//369
f 380//380 367//367 368//368
f 380//380 366//366 367//367
f 380//380 365//365 366//366
f 380//380 364//364 365//365
f 380//380 363//363 364//364
f 380//380 362//362 363//363
f 380//380 361//361 362//362
f 361//361 380//380 374//374
f 380//380 360//360 374//374
f 380//380 359//359 360//360
f 380//380 358//358 359//359
f 380//380 357//357 358//358
f 380//380 356//356 357//357
f 380//380 355//355 356//356
f 355//355 380//380 376//376
f 380//380 354//354 376//376
f 380//380 378//378 354//354
f 378//378 380//380 381//381
f 475//475 477//477 469//469
f 475//475 606//606 477//477
f 606//606 475//475 605//605
f 606//606 479//479 477//477
f 479//479 606//606 607//607
f 607//607 468//468 479//479
f 607//607 481//481 468//468
f 481//481 607//607 608//608
f 608//608 467//467 481//481
f 608//608 483//483 467//467
f 483//483 608//608 609//609
f 609//609 485//485 483//483
f 485//485 609//609 610//610
f 610//610 466//466 485//485
f 610//610 487//487 466//466
f 487//487 610//610 611//611
f 611//611 489//489 487//487
f 489//489 611//611 612//612
f 612//612 465//465 489//489
f 612//612 491//491 465//465
f 491//491 612//612 613//613
f 613//613 493//493 491//491
f 493//493 613//613 614//614
f 614//614 464//464 493//493
f 614//614 495//495 464//464
f 495//495 614//614 615//615
f 615//615 497//497 495//495
f 497//497 615//615 616//616
f 616//616 463//463 497//497
f 616//616 499//499 463//463
f 499//499 616//616 617//617
f 617//617 462//462 499//499
f 617//617 501//501 462//462
f 501//501 617//617 618//618
f 618//618 503//503 501//501
f 503//503 618//618 619//619
f 619//619 461//461 503//503
f 619//619 505//505 461//461
f 505//505 619//619 620//620
f 620//620 507//507 505//505
f 507//507 620//620 621//621
f 621//621 460//460 507//507
f 621//621 509//509 460//460
f 509//509 621//621 622//622
f 622//622 511//511 509//509
f 511//511 622//622 623//623
f 623//623 459//459 511//511
f 623//623 513//513 459//459
f 513//513 623//623 624//624
f 624//624 515//515 513//513
f 515//515 624//624 625//625
f 625//625 458//458 515//515
f 625//625 517//517 458//458
f 517//517 625//625 626//626
f 626//626 457//457 517//517
f 626//626 519//519 457//457
f 519//519 626//626 627//627
f 627//627 521//521 519//519
f 521//521 627//627 628//628
f 628//628 456//456 521//521
f 628//628 523//523 456//456
f 523//523 628//628 629//629
f 629//629 525//525 523//523
f 525//525 629//629 630//630
f 630//630 455//455 525//525
f 630//630 527//527 455//455
f 527//527 630//630 631//631
f 631//631 529//529 527//527
f 529//529 631//631 632//632
f 632//632 454//454 529//529
f 632//632 531//531 454//454
f 531//531 632//632 633//633
f 633//633 533//533 531//531
f 533//533 633//633 634//634
f 634//634 453//453 533//533
f 634//634 535//535 453//453
f 535//535 634//634 635//635
f 635//635 537//537 535//535
f 537//537 635//635 636//636
f 636//636 452//452 537//537
f 636//636 539//539 452//452
f 539//539 636//636 637//637
f 637//637 541//541 539//539
f 541//541 637//637 638//638
f 638//638 451//451 541//541
f 638//638 543//543 451//451
f 543//543 638//638 639//639
f 639//639 545//545 543//543
f 545//545 639//639 640//640
f 640//640 450//450 545//545
f 640//640 547//547 450//450
f 547//547 640//640 641//641
f 641//641 549//549 547//547
f 549//549 641//641 642//642
f 642//642 449//449 549//549
f 642//642 551//551 449//449
f 551//551 642//642 643//643
f 643//643 553//553 551//551
f 553//553 643//643 644//644
f 644//644 448//448 553//553
f 644//644 555//555 448//448
f 555//555 644//644 645//645
f 645//645 557//557 555//555
f 557//557 645//645 646//646
f 646//646 447//447 557//557
f 646//646 559//559 447//447
f 559//559 646//646 647//647
f 647//647 446//446 559//559
f 647//647 561//561 446//446
f 561//561 647//647 648//648
f 648//648 563//563 561//561
f 563//563 648//648 649//649
f 649//649 445//445 563//563
f 649//649 565//565 445//445
f 565//565 649//649 650//650
f 650//650 567//567 565//565
f 567//567 650//650 651//651
f 651//651 444//444 567//567
f 651//651 569//569 444//444
f 569//569 651//651 652//652
f 652//652 571//571 569//569
f 571//571 652//652 653//653
f 653//653 443//443 571//571
f 653//653 573//573 443//443
f 573//573 653//653 654//654
f 654//654 575//575 573//573
f 575//575 654//654 655//655
f 655//655 442//442 575//575
f 655//655 577//577 442//442
f 577//577 655//655 656//656
f 656//656 441//441 577//577
f 656//656 579//579 441//441
f 579//579 656//656 657//657
f 657//657 581//581 579//579
f 581//581 657//657 658//658
f 658//658 440//440 581//581
f 658//658 583//583 440//440
f 583//583 658//658 659//659
f 659//659 585//585 583//583
f 585//585 659//659 660//660
f 660//660 439//439 585//585
f 660//660 587//587 439//439
f 587//587 660//660 661//661
f 661//661 589//589 587//587
f 589//589 661//661 662//662
f 662//662 438//438 589//589
f 662//662 591//591 438//438
f 591//591 662//662 663//663
f 663//663 593//593 591//591
f 593//593 663//663 664//664
f 664//664 437//437 593//593
f 664//664 595//595 437//437
f 595//595 664//664 665//665
f 665//665 597//597 595//595
f 597//597 665//665 666//666
f 666//666 436//436 597//597
f 666//666 599//599 436//436
f 599//599 666//666 667//667
f 667//667 601//601 599//599
f 601//601 667//667 668//668
f 668//668 435//435 601//601
f 668//668 603//603 435//435
f 603//603 668//668 669//669
f 669//669 434//434 603//603
f 669//669 433//433 434//434
f 669//669 432//432 433//433
f 669//669 431//431 432//432
f 669//669 430//430 431//431
f 669//669 429//429 430//430
f 669//669 428//428 429//429
f 669//669 427//427 428//428
f 669//669 426//426 427//427
f 669//669 425//425 426//426
f 425//425 669//669 472//472
f 669//669 424//424 472//472
f 669//669 423//423 424//424
f 669//669 422//422 423//423
f 669//669 421//421 422//422
f 669//669 420//420 421//421
f 669//669 419//419 420//420
f 669//669 418//418 419//419
f 418//418 669//669 604//604
f 669//669 602//602 604//604
f 602//602 669//669 668//668
f 668//668 417//417 602//602
f 668//668 600//600 417//417
f 600//600 668//668 667//667
f 667//667 598//598 600//600
f 598//598 667//667 666//666
f 666//666 596//596 598//598
f 596//596 666//666 665//665
f 665//665 416//416 596//596
f 665//665 594//594 416//416
f 594//594 665//665 664//664
f 664//664 415//415 594//594
f 664//664 592//592 415//415
f 592//592 664//664 663//663
f 663//663 590//590 592//592
f 590//590 663//663 662//662
f 662//662 414//414 590//590
f 662//662 588//588 414//414
f 588//588 662//662 661//661
f 661//661 586//586 588//588
f 586//586 661//661 660//660
f 660//660 413//413 586//586
f 660//660 584//584 413//413
f 584//584 660//660 659//659
f 659//659 582//582 584//584
f 582//582 659//659 658//658
f 658//658 412//412 582//582
f 658//658 580//580 412//412
f 580//580 658//658 657//657
f 657//657 578//578 580//580
f 578//578 657//657 656//656
f 656//656 411//411 578//578
f 656//656 576//576 411//411
f 576//576 656//656 655//655
f 655//655 574//574 576//576
f 574//574 655//655 654//654
f 654//654 410//410 574//574
f 654//654 572//572 410//410
f 572//572 654//654 653//653
f 653//653 409//409 572//572
f 653//653 570//570 409//409
f 570//570 653//653 652//652
f 652//652 568//568 570//570
f 568//568 652//652 651//651
f 651//651 408//408 568//568
f 651//651 566//566 408//408
f 566//566 651//651 650//650
f 650//650 564//564 566//566
f 564//564 650//650 649//649
f 649//649 407//407 564//564
f 649//649 562//562 407//407
f 562//562 649//649 648//648
f 648//648 560//560 562//562
f 560//560 648//648 647//647
f 647//647 406//406 560//560
f 647//647 558//558 406//406
f 558//558 647//647 646//646
f 646//646 556//556 558//558
f 556//556 646//646 645//645
f 645//645 405//405 556//556
f 645//645 554//554 405//405
f 554//554 645//645 644//644
f 644//644 404//404 554//554
f 644//644 552//552 404//404
f 552//552 644//644 643//643
f 643//643 550//550 552//552
f 550//550 643//643 642//642
f 642//642 403//403 550//550
f 642//642 548//548 403//403
f 548//548 642//642 641//641
f 641//641 546//546 548//548
f 546//546 641//641 640//640
f 640//640 402//402 546//546
f 640//640 544//544 402//402
f 544//544 640//640 639//639
f 639//639 542//542 544//544
f 542//542 639//639 638//638
f 638//638 401//401 542//542
f 638//638 540//540 401//401
f 540//540 638//638 637//637
f 637//637 538//538 540//540
f 538//538 637//637 636//636
f 636//636 400//400 538//538
f 636//636 536//536 400//400
f 536//536 636//636 635//635
f 635//635 534//534 536//536
f 534//534 635//635 634//634
f 634//634 399//399 534//534
f 634//634 532//532 399//399
f 532//532 634//634 633//633
f 633//633 530//530 532//532
f 530//530 633//633 632//632
f 632//632 398//398 530//530
f 632//632 528//528 398//398
f 528//528 632//632 631//631
f 631//631 526//526 528//528
f 526//526 631//631 630//630
f 630//630 397//397 526//526
f 630//630 524//524 397//397
f 524//524 630//630 629//629
f 629//629 522//522 524//524
f 522//522 629//629 628//628
f 628//628 396//396 522//522
f 628//628 520//520 396//396
f 520//520 628//628 627//627
f 627//627 518//518 520//520
f 518//518 627//627 626//626
f 626//626 395//395 518//518
f 626//626 516//516 395//395
f 516//516 626//626 625//625
f 625//625 514//514 516//516
f 514//514 625//625 624//624
f 624//624 394//394 514//514
f 624//624 512//512 394//394
f 512//512 624//624 623//623
f 623//623 393//393 512//512
f 623//623 510//510 393//393
f 510//510 623//623 622//622
f 622//622 508//508 510//510
f 508//508 622//622 621//621
f 621//621 392//392 508//508
f 621//621 506//506 392//392
f 506//506 621//621 620//620
f 620//620 504//504 506//506
f 504//504 620//620 619//619
f 619//619 391//391 504//504
f 619//619 502//502 391//391
f 502//502 619//619 618//618
f 618//618 500//500 502//502
f 500//500 618//618 617//617
f 617//617 390//390 500//500
f 617//617 498//498 390//390
f 498//498 617//617 616//616
f 616//616 496//496 498//498
f 496//496 616//616 615//615
f 615//615 389//389 496//496
f 615//615 494//494 389//389
f 494//494 615//615 614//614
f 614//614 388//388 494//494
f 614//614 492//492 388//388
f 492//492 614//614 613//613
f 613//613 490//490 492//492
f 490//490 613//613 612//612
f 612//612 387//387 490//490
f 612//612 488//488 387//387
f 488//488 612//612 611//611
f 611//611 486//486 488//488
f 486//486 611//611 610//610
f 610//610 386//386 486//486
f 610//610 484//484 386//386
f 484//484 610//610 609//609
f 609//609 482//482 484//484
f 482//482 609//609 608//608
f 608//608 385//385 482//482
f 608//608 480//480 385//385
f 480//480 608//608 607//607
f 607//607 478//478 480//480
f 478//478 607//607 606//606
f 606//606 384//384 478//478
f 606//606 476//476 384//384
f 476//476 606//606 605//605
f 605//605 473//473 476//476
f 605//605 474//474 473//473
f 474//474 605//605 471//471
f 474//474 383//383 473//473
f 383//383 474//474 382//382
f 471//471 605//605 475//475
f 692//692 700//700 694//694
f 692//692 697//697 700//700
f 692//692 670//670 697//697
f 694//694 700//700 698//698
f 700//700 691//691 698//698
f 700//700 696//696 691//691
f 696//696 700//700 699//699
f 699//699 690//690 696//696
f 699//699 689//689 690//690
f 699//699 688//688 689//689
f 699//699 687//687 688//688
f 699//699 686//686 687//687
f 699//699 685//685 686//686
f 699//699 684//684 685//685
f 699//699 683//683 684//684
f 699//699 682//682 683//683
f 699//699 681//681 682//682
f 699//699 680//680 681//681
f 699//699 679//679 680//680
f 679//679 699//699 693//693
f 699//699 678//678 693//693
f 699//699 677//677 678//678
f 699//699 676//676 677//677
f 699//699 675//675 676//676
f 699//699 674//674 675//675
f 699//699 673//673 674//674
f 699//699 672//672 673//673
f 672//672 699//699 695//695
f 699//699 671//671 695//695
f 699//699 697//697 671//671
f 697//697 699//699 700//700
f 793//793 795//795 787//787
f 793//793 924//924 795//795
f 924//924 793//793 923//923
f 924//924 797//797 795//795
f 797//797 924//924 925//925
f 925//925 786//786 797//797
f 925//925 799//799 786//786
f 799//799 925//925 926//926
f 926//926 801//801 799//799
f 801//801 926//926 927//927
f 927//927 785//785 801//801
f 927//927 803//803 785//785
f 803//803 927//927 928//928
f 928//928 784//784 803//803
f 928//928 805//805 784//784
f 805//805 928//928 929//929
f 929//929 807//807 805//805
f 807//807 929//929 930//930
f 930//930 783//783 807//807
f 930//930 809//809 783//783
f 809//809 930//930 931//931
f 931//931 811//811 809//809
f 811//811 931//931 932//932
f 932//932 782//782 811//811
f 932//932 813//813 782//782
f 813//813 932//932 933//933
f 933//933 815//815 813//813
f 815//815 933//933 934//934
f 934//934 781//781 815//815
f 934//934 817//817 781//781
f 817//817 934//934 935//935
f 935//935 819//819 817//817
f 819//819 935//935 936//936
f 936//936 780//780 819//819
f 936//936 821//821 780//780
f 821//821 936//936 937//937
f 937//937 823//823 821//821
f 823//823 937//937 938//938
f 938//938 779//779 823//823
f 938//938 825//825 779//779
f 825//825 938//938 939//939
f 939//939 778//778 825//825
f 939//939 827//827 778//778
f 827//827 939//939 940//940
f 940//940 829//829 827//827
f 829//829 940//940 941//941
f 941//941 777//777 829//829
f 941//941 831//831 777//777
f 831//831 941//941 942//942
f 942//942 833//833 831//831
f 833//833 942//942 943//943
f 943//943 776//776 833//833
f 943//943 835//835 776//776
f 835//835 943//943 944//944
f 944//944 837//837 835//835
f 837//837 944//944 945//945
f 945//945 775//775 837//837
f 945//945 839//839 775//775
f 839//839 945//945 946//946
f 946//946 841//841 839//839
f 841//841 946//946 947//947
f 947//947 774//774 841//841
f 947//947 843//843 774//774
f 843//843 947//947 948//948
f 948//948 845//845 843//843
f 845//845 948//948 949//949
f 949//949 773//773 845//845
f 949//949 847//847 773//773
f 847//847 949//949 950//950
f 950//950 849//849 847//847
f 849//849 950//950 951//951
f 951//951 772//772 849//849
f 951//951 851//851 772//772
f 851//851 951//951 952//952
f 952//952 853//853 851//851
f 853//853 952//952 953//953
f 953//953 771//771 853//853
f 953//953 855//855 771//771
f 855//855 953//953 954//954
f 954//954 857//857 855//855
f 857//857 954//954 955//955
f 955//955 770//770 857//857
f 955//955 859//859 770//770
f 859//859 955//955 956//956
f 956//956 861//861 859//859
f 861//861 956//956 957//957
f 957//957 769//769 861//861
f 957//957 863//863 769//769
f 863//863 957//957 958//958
f 958//958 865//865 863//863
f 865//865 958//958 959//959
f 959//959 768//768 865//865
f 959//959 867//867 768//768
f 867//867 959//959 960//960
f 960//960 869//869 867//867
f 869//869 960//960 961//961
f 961//961 767//767 869//869
f 961//961 871//871 767//767
f 871//871 961//961 962//962
f 962//962 873//873 871//871
f 873//873 962//962 963//963
f 963//963 766//766 873//873
f 963//963 875//875 766//766
f 875//875 963//963 964//964
f 964//964 877//877 875//875
f 877//877 964//964 965//965
f 965//965 765//765 877//877
f 965//965 879//879 765//765
f 879//879 965//965 966//966
f 966//966 764//764 879//879
f 966//966 881//881 764//764
f 881//881 966//966 967//967
f 967//967 883//883 881//881
f 883//883 967//967 968//968
f 968//968 763//763 883//883
f 968//968 885//885 763//763
f 885//885 968//968 969//969
f 969//969 887//887 885//885
f 887//887 969//969 970//970
f 970//970 762//762 887//887
f 970//970 889//889 762//762
f 889//889 970//970 971//971
f 971//971 891//891 889//889
f 891//891 971//971 972//972
f 972//972 761//761 891//891
f 972//972 893//893 761//761
f 893//893 972//972 973//973
f 973//973 895//895 893//893
f 895//895 973//973 974//974
f 974//974 760//760 895//895
f 974//974 897//897 760//760
f 897//897 974//974 975//975
f 975//975 899//899 897//897
f 899//899 975//975 976//976
f 976//976 759//759 899//899
f 976//976 901//901 759//759
f 901//901 976//976 977//977
f 977//977 903//903 901//901
f 903//903 977//977 978//978
f 978//978 758//758 903//903
f 978//978 905//905 758//758
f 905//905 978//978 979//979
f 979//979 757//757 905//905
f 979//979 907//907 757//757
f 907//907 979//979 980//980
f 980//980 909//909 907//907
f 909//909 980//980 981//981
f 981//981 756//756 909//909
f 981//981 911//911 756//756
f 911//911 981//981 982//982
f 982//982 913//913 911//911
f 913//913 982//982 983//983
f 983//983 755//755 913//913
f 983//983 915//915 755//755
f 915//915 983//983 984//984
f 984//984 917//917 915//915
f 917//917 984//984 985//985
f 985//985 919//919 917//917
f 919//919 985//985 986//986
f 986//986 754//754 919//919
f 986//986 921//921 754//754
f 921//921 986//986 987//987
f 987//987 753//753 921//921
f 987//987 752//752 753//753
f 987//987 751//751 752//752
f 987//987 750//750 751//751
f 987//987 749//749 750//750
f 987//987 748//748 749//749
f 987//987 747//747 748//748
f 987//987 746//746 747//747
f 987//987 745//745 746//746
f 987//987 744//744 745//745
f 987//987 743//743 744//744
f 743//743 987//987 790//790
f 987//987 742//742 790//790
f 987//987 741//741 742//742
f 987//987 740//740 741//741
f 987//987 739//739 740//740
f 987//987 738//738 739//739
f 987//987 737//737 738//738
f 987//987 736//736 737//737
f 736//736 987//987 922//922
f 987//987 920//920 922//922
f 920//920 987//987 986//986
f 986//986 735//735 920//920
f 986//986 918//918 735//735
f 918//918 986//986 985//985
f 985//985 916//916 918//918
f 916//916 985//985 984//984
f 984//984 914//914 916//916
f 914//914 984//984 983//983
f 983//983 734//734 914//914
f 983//983 912//912 734//734
f 912//912 983//983 982//982
f 982//982 910//910 912//912
f 910//910 982//982 981//981
f 981//981 733//733 910//910
f 981//981 908//908 733//733
f 908//908 981//981 980//980
f 980//980 906//906 908//908
f 906//906 980//980 979//979
f 979//979 732//732 906//906
f 979//979 904//904 732//732
f 904//904 979//979 978//978
f 978//978 731//731 904//904
f 978//978 902//902 731//731
f 902//902 978//978 977//977
f 977//977 900//900 902//902
f 900//900 977//977 976//976
f 976//976 730//730 900//900
f 976//976 898//898 730//730
f 898//898 976//976 975//975
f 975//975 896//896 898//898
f 896//896 975//975 974//974
f 974//974 729//729 896//896
f 974//974 894//894 729//729
f 894//894 974//974 973//973
f 973//973 892//892 894//894
f 892//892 973//973 972//972
f 972//972 728//728 892//892
f 972//972 890//890 728//728
f 890//890 972//972 971//971
f 971//971 888//888 890//890
f 888//888 971//971 970//970
f 970//970 727//727 888//888
f 970//970 886//886 727//727
f 886//886 970//970 969//969
f 969//969 884//884 886//886
f 884//884 969//969 968//968
f 968//968 726//726 884//884
f 968//968 882//882 726//726
f 882//882 968//968 967//967
f 967//967 725//725 882//882
f 967//967 880//880 725//725
f 880//880 967//967 966//966
f 966//966 878//878 880//880
f 878//878 966//966 965//965
f 965//965 724//724 878//878
f 965//965 876//876 724//724
f 876//876 965//965 964//964
f 964//964 874//874 876//876
f 874//874 964//964 963//963
f 963//963 723//723 874//874
f 963//963 872//872 723//723
f 872//872 963//963 962//962
f 962//962 870//870 872//872
f 870//870 962//962 961//961
f 961//961 722//722 870//870
f 961//961 868//868 722//722
f 868//868 961//961 960//960
f 960//960 866//866 868//868
f 866//866 960//960 959//959
f 959//959 721//721 866//866
f 959//959 864//864 721//721
f 864//864 959//959 958//958
f 958//958 862//862 864//864
f 862//862 958//958 957//957
f 957//957 720//720 862//862
f 957//957 860//860 720//720
f 860//860 957//957 956//956
f 956//956 858//858 860//860
f 858//858 956//956 955//955
f 955//955 719//719 858//858
f 955//955 856//856 719//719
f 856//856 955//955 954//954
f 954//954 854//854 856//856
f 854//854 954//954 953//953
f 953//953 718//718 854//854
f 953//953 852//852 718//718
f 852//852 953//953 952//952
f 952//952 850//850 852//852
f 850//850 952//952 951//951
f 951//951 717//717 850//850
f 951//951 848//848 717//717
f 848//848 951//951 950//950
f 950//950 846//846 848//848
f 846//846 950//950 949//949
f 949//949 716//716 846//846
f 949//949 844//844 716//716
f 844//844 949//949 948//948
f 948//948 842//842 844//844
f 842//842 948//948 947//947
f 947//947 715//715 842//842
f 947//947 840//840 715//715
f 840//840 947//947 946//946
f 946//946 838//838 840//840
f 838//838 946//946 945//945
f 945//945 714//714 838//838
f 945//945 836//836 714//714
f 836//836 945//945 944//944
f 944//944 834//834 836//836
f 834//834 944//944 943//943
f 943//943 713//713 834//834
f 943//943 832//832 713//713
f 832//832 943//943 942//942
f 942//942 830//830 832//832
f 830//830 942//942 941//941
f 941//941 712//712 830//830
f 941//941 828//828 712//712
f 828//828 941//941 940//940
f 940//940 711//711 828//828
f 940//940 826//826 711//711
f 826//826 940//940 939//939
f 939//939 824//824 826//826
f 824//824 939//939 938//938
f 938//938 710//710 824//824
f 938//938 822//822 710//710
f 822//822 938//938 937//937
f 937//937 820//820 822//822
f 820//820 937//937 936//936
f 936//936 709//709 820//820
f 936//936 818//818 709//709
f 818//818 936//936 935//935
f 935//935 816//816 818//818
f 816//816 935//935 934//934
f 934//934 708//708 816//816
f 934//934 814//814 708//708
f 814//814 934//934 933//933
f 933//933 812//812 814//814
f 812//812 933//933 932//932
f 932//932 707//707 812//812
f 932//932 810//810 707//707
f 810//810 932//932 931//931
f 931//931 808//808 810//810
f 808//808 931//931 930//930
f 930//930 706//706 808//808
f 930//930 806//806 706//706
f 806//806 930//930 929//929
f 929//929 705//705 806//806
f 929//929 804//804 705//705
f 804//804 929//929 928//928
f 928//928 802//802 804//804
f 802//802 928//928 927//927
f 927//927 704//704 802//802
f 927//927 800//800 704//704
f 800//800 927//927 926//926
f 926//926 798//798 800//800
f 798//798 926//926 925//925
f 925//925 703//703 798//798
f 925//925 796//796 703//703
f 796//796 925//925 924//924
f 924//924 794//794 796//796
f 794//794 924//924 923//923
f 923//923 702//702 794//794
f 923//923 791//791 702//702
f 923//923 792//792 791//791
f 792//792 923//923 789//789
f 791//791 792//792 701//701
f 789//789 923//923 793//793
g Body_glass
usemtl glass
f 102//102 106//106 103//103
f 102//102 105//105 106//106
f 103//103 107//107 104//104
f 103//103 106//106 107//107
f 105//105 109//109 106//106
f 105//105 108//108 109//109
f 106//106 110//110 107//107
f 106//106 109//109 110//110
f 120//120 124//124 121//121
f 120//120 123//123 124//124
f 121//121 125//125 122//122
f 121//121 124//124 125//125
f 123//123 127//127 124//124
f 123//123 126//126 127//127
f 124//124 128//128 125//125
f 124//124 127//127 128//128
o WFL
v 0.6 -0.02 0.36
v 0.601416 -0.02 0.391449
v 0.605843 -0.02 0.423687
v 0.61351 -0.02 0.456305
v 0.624574 -0.02 0.488833
v 0.639101 -0.02 0.520753
v 0.657052 -0.02 0.551523
v 0.678276 -0.02 0.580604
v 0.702513 -0.02 0.607487
v 0.729396 -0.02 0.631724
v 0.758477 -0.02 0.652948
v 0.789247 -0.02 0.670899
v 0.821167 -0.02 0.685426
v 0.853695 -0.02 0.69649
v 0.886313 -0.02 0.704157
v 0.918551 -0.02 0.708584
v 0.95 -0.02 0.71
v 0.981449 -0.02 0.708584
v 1.01369 -0.02 0.704157
v 1.04631 -0.02 0.69649
v 1.07883 -0.02 0.685426
v 1.11075 -0.02 0.670899
v 1.14152 -0.02 0.652948
v 1.1706 -0.02 0.631724
v 1.19749 -0.02 0.607487
v 1.22172 -0.02 0.580604
v 1.24295 -0.02 0.551523
v 1.2609 -0.02 0.520753
v 1.27543 -0.02 0.488833
v 1.28649 -0.02 0.456305
v 1.29416 -0.02 0.423687
v 1.29858 -0.02 0.391449
v 1.3 -0.02 0.36
v 1.29858 -0.02 0.328551
v 1.29416 -0.02 0.296313
v 1.28649 -0.02 0.263695
v 1.27543 -0.02 0.231167
v 1.2609 -0.02 0.199247
v 1.24295 -0.02 0.168477
v 1.22172 -0.02 0.139396
v 1.19749 -0.02 0.112513
v 1.1706 -0.02 0.0882764
v 1.14152 -0.02 0.0670516
v 1.11075 -0.02 0.0491006
v 1.07883 -0.02 0.0345741
v 1.04631 -0.02 0.0235104
v 1.01369 -0.02 0.0158431
v 0.981449 -0.02 0.0114158
v 0.95 -0.02 0.01
v 0.918551 -0.02 0.0114158
v 0.886313 -0.02 0.0158431
v 0.853695 -0.02 0.0235104
v 0.821167 -0.02 0.0345741
v 0.789247 -0.02 0.0491006
v 0.758477 -0.02 0.0670516
v 0.729396 -0.02 0.0882764
v 0.702513 -0.02 0.112513
v 0.678276 -0.02 0.139396
v 0.657052 -0.02 0.168477
v 0.639101 -0.02 0.199247
v 0.624574 -0.02 0.231167
v 0.61351 -0.02 0.263695
v 0.605843 -0.02 0.296313
v 0.601416 -0.02 0.328551
v 0.6 -0.02 0.36
v 0.6 0.13 0.36
v 0.601416 0.13 0.391449
v 0.605843 0.13 0.423687
v 0.61351 0.13 0.456305
v 0.624574 0.13 0.488833
v 0.639101 0.13 0.520753
v 0.657052 0.13 0.551523
v 0.678276 0.13 0.580604
v 0.702513 0.13 0.607487
v 0.729396 0.13 0.631724
v 0.758477 0.13 0.652948
v 0.789247 0.13 0.670899
v 0.821167 0.13 0.685426
v 0.853695 0.13 0.69649
v 0.886313 0.13 0.704157
v 0.918551 0.13 0.708584
v 0.95 0.13 0.71
v 0.981449 0.13 0.708584
v 1.01369 0.13 0.704157
v 1.04631 0.13 0.69649
v 1.07883 0.13 0.685426
v 1.11075 0.13 0.670899
v 1.14152 0.13 0.652948
v 1.1706 0.13 0.631724
v 1.19749 0.13 0.607487
v 1.22172 0.13 0.580604
v 1.24295 0.13 0.551523
v 1.2609 0.13 0.520753
v 1.27543 0.13 0.488833
v 1.28649 0.13 0.456305
v 1.29416 0.13 0.423687
v 1.29858 0.13 0.391449
v 1.3 0.13 0.36
v 1.29858 0.13 0.328551
v 1.29416 0.13 0.296313
v 1.28649 0.13 0.263695
v 1.27543 0.13 0.231167
v 1.2609 0.13 0.199247
v 1.24295 0.13 0.168477
v 1.22172 0.13 0.139396
v 1.19749 0.13 0.112513
v 1.1706 0.13 0.0882764
v 1.14152 0.13 0.0670516
v 1.11075 0.13 0.0491006
v 1.07883 0.13 0.0345741
v 1.04631 0.13 0.0235104
v 1.01369 0.13 0.0158431
v 0.981449 0.13 0.0114158
v 0.95 0.13 0.01
v 0.918551 0.13 0.0114158
v 0.886313 0.13 0.0158431
v 0.853695 0.13 0.0235104
v 0.821167 0.13 0.0345741
v 0.789247 0.13 0.0491006
v 0.758477 0.13 0.0670516
v 0.729396 0.13 0.0882764
v 0.702513 0.13 0.112513
v 0.678276 0.13 0.139396
v 0.657052 0.13 0.168477
v 0.639101 0.13 0.199247
v 0.624574 0.13 0.231167
v 0.61351 0.13 0.263695
v 0.605843 0.13 0.296313
v 0.601416 0.13 0.328551
v 0.6 0.13 0.36
v 0.6 0.28 0.36
v 0.601416 0.28 0.391449
v 0.605843 0.28 0.423687
v 0.61351 0.28 0.456305
v 0.624574 0.28 0.488833
v 0.639101 0.28 0.520753
v 0.657052 0.28 0.551523
v 0.678276 0.28 0.580604
v 0.702513 0.28 0.607487
v 0.729396 0.28 0.631724
v 0.758477 0.28 0.652948
v 0.789247 0.28 0.670899
v 0.821167 0.28 0.685426
v 0.853695 0.28 0.69649
v 0.886313 0.28 0.704157
v 0.918551 0.28 0.708584
v 0.95 0.28 0.71
v 0.981449 0.28 0.708584
v 1.01369 0.28 0.704157
v 1.04631 0.28 0.69649
v 1.07883 0.28 0.685426
v 1.11075 0.28 0.670899
v 1.14152 0.28 0.652948
v 1.1706 0.28 0.631724
v 1.19749 0.28 0.607487
v 1.22172 0.28 0.580604
v 1.24295 0.28 0.551523
v 1.2609 0.28 0.520753
v 1.27543 0.28 0.488833
v 1.28649 0.28 0.456305
v 1.29416 0.28 0.423687
v 1.29858 0.28 0.391449
v 1.3 0.28 0.36
v 1.29858 0.28 0.328551
v 1.29416 0.28 0.296313
v 1.28649 0.28 0.263695
v 1.27543 0.28 0.231167
v 1.2609 0.28 0.199247
v 1.24295 0.28 0.168477
v 1.22172 0.28 0.139396
v 1.19749 0.28 0.112513
v 1.1706 0.28 0.0882764
v 1.14152 0.28 0.0670516
v 1.11075 0.28 0.0491006
v 1.07883 0.28 0.0345741
v 1.04631 0.28 0.0235104
v 1.01369 0.28 0.0158431
v 0.981449 0.28 0.0114158
v 0.95 0.28 0.01
v 0.918551 0.28 0.0114158
v 0.886313 0.28 0.0158431
v 0.853695 0.28 0.0235104
v 0.821167 0.28 0.0345741
v 0.789247 0.28 0.0491006
v 0.758477 0.28 0.0670516
v 0.729396 0.28 0.0882764
v 0.702513 0.28 0.112513
v 0.678276 0.28 0.139396
v 0.657052 0.28 0.168477
v 0.639101 0.28 0.199247
v 0.624574 0.28 0.231167
v 0.61351 0.28 0.263695
v 0.605843 0.28 0.296313
v 0.601416 0.28 0.328551
v 0.6 0.28 0.36
v 0.6 -0.02 0.36
v 0.601416 -0.02 0.328551
v 0.605843 -0.02 0.296313
v 0.60926 -0.02 0.280023
v 0.61351 -0.02 0.263695
v 0.618611 -0.02 0.247388
v 0.624574 -0.02 0.231167
v 0.631404 -0.02 0.215097
v 0.639101 -0.02 0.199247
v 0.647655 -0.02 0.183684
v 0.657052 -0.02 0.168477
v 0.667269 -0.02 0.153692
v 0.678276 -0.02 0.139396
v 0.690039 -0.02 0.12565
v 0.702513 -0.02 0.112513
v 0.71565 -0.02 0.100039
v 0.729396 -0.02 0.0882764
v 0.743692 -0.02 0.0772686
v 0.758477 -0.02 0.0670516
v 0.773684 -0.02 0.0576548
v 0.789247 -0.02 0.0491006
v 0.805097 -0.02 0.0414043
v 0.821167 -0.02 0.0345741
v 0.837388 -0.02 0.0286112
v 0.853695 -0.02 0.0235104
v 0.870023 -0.02 0.0192601
v 0.886313 -0.02 0.0158431
v 0.918551 -0.02 0.0114158
v 0.95 -0.02 0.01
v 0.981449 -0.02 0.0114158
v 1.01369 -0.02 0.0158431
v 1.02998 -0.02 0.0192601
v 1.04631 -0.02 0.0235104
v 1.06261 -0.02 0.0286112
v 1.07883 -0.02 0.0345741
v 1.0949 -0.02 0.0414043
v 1.11075 -0.02 0.0491006
v 1.12632 -0.02 0.0576548
v 1.14152 -0.02 0.0670516
v 1.15631 -0.02 0.0772686
v 1.1706 -0.02 0.0882764
v 1.18435 -0.02 0.100039
v 1.19749 -0.02 0.112513
v 1.20996 -0.02 0.12565
v 1.22172 -0.02 0.139396
v 1.23273 -0.02 0.153692
v 1.24295 -0.02 0.168477
v 1.25235 -0.02 0.183684
v 1.2609 -0.02 0.199247
v 1.2686 -0.02 0.215097
v 1.27543 -0.02 0.231167
v 1.28139 -0.02 0.247388
v 1.28649 -0.02 0.263695
v 1.29074 -0.02 0.280023
v 1.29416 -0.02 0.296313
v 1.29858 -0.02 0.328551
v 1.3 -0.02 0.36
v 1.29858 -0.02 0.391449
v 1.29416 -0.02 0.423687
v 1.29074 -0.02 0.439977
v 1.28649 -0.02 0.456305
v 1.28139 -0.02 0.472612
v 1.27543 -0.02 0.488833
v 1.2686 -0.02 0.504903
v 1.2609 -0.02 0.520753
v 1.25235 -0.02 0.536316
v 1.24295 -0.02 0.551523
v 1.23273 -0.02 0.566308
v 1.22172 -0.02 0.580604
v 1.20996 -0.02 0.59435
v 1.19749 -0.02 0.607487
v 1.18435 -0.02 0.619961
v 1.1706 -0.02 0.631724
v 1.15631 -0.02 0.642731
v 1.14152 -0.02 0.652948
v 1.12632 -0.02 0.662345
v 1.11075 -0.02 0.670899
v 1.0949 -0.02 0.678596
v 1.07883 -0.02 0.685426
v 1.06261 -0.02 0.691389
v 1.04631 -0.02 0.69649
v 1.02998 -0.02 0.70074
v 1.01369 -0.02 0.704157
v 0.981449 -0.02 0.708584
v 0.95 -0.02 0.71
v 0.918551 -0.02 0.708584
v 0.886313 -0.02 0.704157
v 0.870023 -0.02 0.70074
v 0.853695 -0.02 0.69649
v 0.837388 -0.02 0.691389
v 0.821167 -0.02 0.685426
v 0.805097 -0.02 0.678596
v 0.789247 -0.02 0.670899
v 0.773684 -0.02 0.662345
v 0.758477 -0.02 0.652948
v 0.743692 -0.02 0.642731
v 0.729396 -0.02 0.631724
v 0.71565 -0.02 0.619961
v 0.702513 -0.02 0.607487
v 0.690039 -0.02 0.59435
v 0.678276 -0.02 0.580604
v 0.667269 -0.02 0.566308
v 0.657052 -0.02 0.551523
v 0.647655 -0.02 0.536316
v 0.639101 -0.02 0.520753
v 0.631404 -0.02 0.504903
v 0.624574 -0.02 0.488833
v 0.618611 -0.02 0.472612
v 0.61351 -0.02 0.456305
v 0.60926 -0.02 0.439977
v 0.605843 -0.02 0.423687
v 0.601416 -0.02 0.391449
v 0.6 0.28 0.36
v 0.601416 0.28 0.391449
v 0.605843 0.28 0.423687
v 0.60926 0.28 0.439977
v 0.61351 0.28 0.456305
v 0.618611 0.28 0.472612
v 0.624574 0.28 0.488833
v 0.631404 0.28 0.504903
v 0.639101 0.28 0.520753
v 0.647655 0.28 0.536316
v 0.657052 0.28 0.551523
v 0.667269 0.28 0.566308
v 0.678276 0.28 0.580604
v 0.690039 0.28 0.59435
v 0.702513 0.28 0.607487
v 0.71565 0.28 0.619961
v 0.729396 0.28 0.631724
v 0.743692 0.28 0.642731
v 0.758477 0.28 0.652948
v 0.773684 0.28 0.662345
v 0.789247 0.28 0.670899
v 0.805097 0.28 0.678596
v 0.821167 0.28 0.685426
v 0.837388 0.28 0.691389
v 0.853695 0.28 0.69649
v 0.870023 0.28 0.70074
v 0.886313 0.28 0.704157
v 0.918551 0.28 0.708584
v 0.95 0.28 0.71
v 0.981449 0.28 0.708584
v 1.01369 0.28 0.704157
v 1.02998 0.28 0.70074
v 1.04631 0.28 0.69649
v 1.06261 0.28 0.691389
v 1.07883 0.28 0.685426
v 1.0949 0.28 0.678596
v 1.11075 0.28 0.670899
v 1.12632 0.28 0.662345
v 1.14152 0.28 0.652948
v 1.15631 0.28 0.642731
v 1.1706 0.28 0.631724
v 1.18435 0.28 0.619961
v 1.19749 0.28 0.607487
v 1.20996 0.28 0.59435
v 1.22172 0.28 0.580604
v 1.23273 0.28 0.566308
v 1.24295 0.28 0.551523
v 1.25235 0.28 0.536316
v 1.2609 0.28 0.520753
v 1.2686 0.28 0.504903
v 1.27543 0.28 0.488833
v 1.28139 0.28 0.472612
v 1.28649 0.28 0.456305
v 1.29074 0.28 0.439977
v 1.29416 0.28 0.423687
v 1.29858 0.28 0.391449
v 1.3 0.28 0.36
v 1.29858 0.28 0.328551
v 1.29416 0.28 0.296313
v 1.29074 0.28 0.280023
v 1.28649 0.28 0.263695
v 1.28139 0.28 0.247388
v 1.27543 0.28 0.231167
v 1.2686 0.28 0.215097
v 1.2609 0.28 0.199247
v 1.25235 0.28 0.183684
v 1.24295 0.28 0.168477
v 1.23273 0.28 0.153692
v 1.22172 0.28 0.139396
v 1.20996 0.28 0.12565
v 1.19749 0.28 0.112513
v 1.18435 0.28 0.100039
v 1.1706 0.28 0.0882764
v 1.15631 0.28 0.0772686
v 1.14152 0.28 0.0670516
v 1.12632 0.28 0.0576548
v 1.11075 0.28 0.0491006
v 1.0949 0.28 0.0414043
v 1.07883 0.28 0.0345741
v 1.06261 0.28 0.0286112
v 1.04631 0.28 0.0235104
v 1.02998 0.28 0.0192601
v 1.01369 0.28 0.0158431
v 0.981449 0.28 0.0114158
v 0.95 0.28 0.01
v 0.918551 0.28 0.0114158
v 0.886313 0.28 0.0158431
v 0.870023 0.28 0.0192601
v 0.853695 0.28 0.0235104
v 0.837388 0.28 0.0286112
v 0.821167 0.28 0.0345741
v 0.805097 0.28 0.0414043
v 0.789247 0.28 0.0491006
v 0.773684 0.28 0.0576548
v 0.758477 0.28 0.0670516
v 0.743692 0.28 0.0772686
v 0.729396 0.28 0.0882764
v 0.71565 0.28 0.100039
v 0.702513 0.28 0.112513
v 0.690039 0.28 0.12565
v 0.678276 0.28 0.139396
v 0.667269 0.28 0.153692
v 0.657052 0.28 0.168477
v 0.647655 0.28 0.183684
v 0.639101 0.28 0.199247
v 0.631404 0.28 0.215097
v 0.624574 0.28 0.231167
v 0.618611 0.28 0.247388
v 0.61351 0.28 0.263695
v 0.60926 0.28 0.280023
v 0.605843 0.28 0.296313
v 0.601416 0.28 0.328551
vn -1 0 -1.12149e-16
vn -0.995955 0 0.0898544
vn -0.983305 0 0.181963
vn -0.961399 0 0.275158
vn -0.929788 0 0.368095
vn -0.888284 0 0.459295
vn -0.836996 0 0.54721
vn -0.776353 0 0.630298
vn -0.707107 0 0.707107
vn -0.630298 0 0.776353
vn -0.54721 0 0.836996
vn -0.459295 0 0.888284
vn -0.368095 0 0.929788
vn -0.275158 0 0.961399
vn -0.181963 0 0.983305
vn -0.0898544 0 0.995955
vn -2.24299e-16 0 1
vn 0.0898544 -0 0.995955
vn 0.181963 -0 0.983305
vn 0.275158 -0 0.961399
vn 0.368095 -0 0.929788
vn 0.459295 -0 0.888284
vn 0.54721 -0 0.836996
vn 0.630298 -0 0.776353
vn 0.707107 -0 0.707107
vn 0.776353 -0 0.630298
vn 0.836996 -0 0.54721
vn 0.888284 -0 0.459295
vn 0.929788 -0 0.368095
vn 0.961399 -0 0.275158
vn 0.983305 -0 0.181963
vn 0.995955 -0 0.0898544
vn 1 -0 4.48598e-16
vn 0.995955 0 -0.0898544
vn 0.983305 0 -0.181963
vn 0.961399 0 -0.275158
vn 0.929788 0 -0.368095
vn 0.888284 0 -0.459295
vn 0.836996 0 -0.54721
vn 0.776353 0 -0.630298
vn 0.707107 0 -0.707107
vn 0.630298 0 -0.776353
vn 0.54721 0 -0.836996
vn 0.459295 0 -0.888284
vn 0.368095 0 -0.929788
vn 0.275158 0 -0.961399
vn 0.181963 0 -0.983305
vn 0.0898544 0 -0.995955
vn 1.59463e-16 0 -1
vn -0.0898544 0 -0.995955
vn -0.181963 0 -0.983305
vn -0.275158 0 -0.961399
vn -0.368095 0 -0.929788
vn -0.459295 0 -0.888284
vn -0.54721 0 -0.836996
vn -0.630298 0 -0.776353
vn -0.707107 0 -0.707107
vn -0.776353 0 -0.630298
vn -0.836996 0 -0.54721
vn -0.888284 0 -0.459295
vn -0.929788 0 -0.368095
vn -0.961399 0 -0.275158
vn -0.983305 0 -0.181963
vn -0.995955 0 -0.0898544
vn -1 0 -3.36448e-16
vn -1 0 2.24299e-16
vn -0.995955 0 0.0898544
vn -0.983305 0 0.181963
vn -0.961399 0 0.275158
vn -0.929788 0 0.368095
vn -0.888284 0 0.459295
vn -0.836996 0 0.54721
vn -0.776353 0 0.630298
vn -0.707107 0 0.707107
vn -0.630298 0 0.776353
vn -0.54721 0 0.836996
vn -0.459295 0 0.888284
vn -0.368095 0 0.929788
vn -0.275158 0 0.961399
vn -0.181963 0 0.983305
vn -0.0898544 0 0.995955
vn -3.36448e-16 0 1
vn 0.0898544 -0 0.995955
vn 0.181963 -0 0.983305
vn 0.275158 -0 0.961399
vn 0.368095 -0 0.929788
vn 0.459295 -0 0.888284
vn 0.54721 -0 0.836996
vn 0.630298 -0 0.776353
vn 0.707107 -0 0.707107
vn 0.776353 -0 0.630298
vn 0.836996 -0 0.54721
vn 0.888284 -0 0.459295
vn 0.929788 -0 0.368095
vn 0.961399 -0 0.275158
vn 0.983305 -0 0.181963
vn 0.995955 -0 0.0898544
vn 1 -0 6.72897e-16
vn 0.995955 0 -0.0898544
vn 0.983305 0 -0.181963
vn 0.961399 0 -0.275158
vn 0.929788 0 -0.368095
vn 0.888284 0 -0.459295
vn 0.836996 0 -0.54721
vn 0.776353 0 -0.630298
vn 0.707107 0 -0.707107
vn 0.630298 0 -0.776353
vn 0.54721 0 -0.836996
vn 0.459295 0 -0.888284
vn 0.368095 0 -0.929788
vn 0.275158 0 -0.961399
vn 0.181963 0 -0.983305
vn 0.0898544 0 -0.995955
vn 1.55958e-16 0 -1
vn -0.0898544 0 -0.995955
vn -0.181963 0 -0.983305
vn -0.275158 0 -0.961399
vn -0.368095 0 -0.929788
vn -0.459295 0 -0.888284
vn -0.54721 0 -0.836996
vn -0.630298 0 -0.776353
vn -0.707107 0 -0.707107
vn -0.776353 0 -0.630298
vn -0.836996 0 -0.54721
vn -0.888284 0 -0.459295
vn -0.929788 0 -0.368095
vn -0.961399 0 -0.275158
vn -0.983305 0 -0.181963
vn -0.995955 0 -0.0898544
vn -1 0 -3.36448e-16
vn -1 0 -1.12149e-16
vn -0.995955 0 0.0898544
vn -0.983305 0 0.181963
vn -0.961399 0 0.275158
vn -0.929788 0 0.368095
vn -0.888284 0 0.459295
vn -0.836996 0 0.54721
vn -0.776353 0 0.630298
vn -0.707107 0 0.707107
vn -0.630298 0 0.776353
vn -0.54721 0 0.836996
vn -0.459295 0 0.888284
vn -0.368095 0 0.929788
vn -0.275158 0 0.961399
vn -0.181963 0 0.983305
vn -0.0898544 0 0.995955
vn -2.24299e-16 0 1
vn 0.0898544 -0 0.995955
vn 0.181963 -0 0.983305
vn 0.275158 -0 0.961399
vn 0.368095 -0 0.929788
vn 0.459295 -0 0.888284
vn 0.54721 -0 0.836996
vn 0.630298 -0 0.776353
vn 0.707107 -0 0.707107
vn 0.776353 -0 0.630298
vn 0.836996 -0 0.54721
vn 0.888284 -0 0.459295
vn 0.929788 -0 0.368095
vn 0.961399 -0 0.275158
vn 0.983305 -0 0.181963
vn 0.995955 -0 0.0898544
vn 1 -0 4.48598e-16
vn 0.995955 0 -0.0898544
vn 0.983305 0 -0.181963
vn 0.961399 0 -0.275158
vn 0.929788 0 -0.368095
vn 0.888284 0 -0.459295
vn 0.836996 0 -0.54721
vn 0.776353 0 -0.630298
vn 0.707107 0 -0.707107
vn 0.630298 0 -0.776353
vn 0.54721 0 -0.836996
vn 0.459295 0 -0.888284
vn 0.368095 0 -0.929788
vn 0.275158 0 -0.961399
vn 0.181963 0 -0.983305
vn 0.0898544 0 -0.995955
vn 1.59463e-16 0 -1
vn -0.0898544 0 -0.995955
vn -0.181963 0 -0.983305
vn -0.275158 0 -0.961399
vn -0.368095 0 -0.929788
vn -0.459295 0 -0.888284
vn -0.54721 0 -0.836996
vn -0.630298 0 -0.776353
vn -0.707107 0 -0.707107
vn -0.776353 0 -0.630298
vn -0.836996 0 -0.54721
vn -0.888284 0 -0.459295
vn -0.929788 0 -0.368095
vn -0.961399 0 -0.275158
vn -0.983305 0 -0.181963
vn -0.995955 0 -0.0898544
vn -1 0 -3.36448e-16
vn -3.95517e-18 -1 0
vn -3.95517e-18 -1 0
vn -3.95517e-18 -1 0
vn 1.73472e-18 -1 0
vn 1.73472e-18 -1 0
vn -3.95517e-18 -1 0
vn -3.95517e-18 -1 0
vn 1.73472e-18 -1 0
vn 1.35308e-18 -1 0
vn 2.84495e-18 -1 0
vn 1.97758e-18 -1 0
vn 1.11022e-18 -1 0
vn -1.11022e-18 -1 0
vn 1.73472e-18 -1 0
vn 1.42247e-18 -1 0
vn -1.11022e-18 -1 0
vn 1.85615e-18 -1 0
vn 1.85615e-18 -1 0
vn 8.67362e-19 -1 0
vn -1.23165e-18 -1 0
vn -2.13371e-18 -1 0
vn -2.41127e-18 -1 0
vn 1.85615e-18 -1 0
vn -1.66533e-18 -1 0
vn 2.13371e-18 -1 0
vn -8.67362e-20 -1 0
vn 2.07299e-18 -1 0
vn -3.18322e-18 -1 0
vn 1.249e-18 -1 0
vn -3.1225e-18 -1 0
vn 2.09902e-18 -1 0
vn -1.21431e-19 -1 0
vn 1.94289e-18 -1 0
vn -1.63931e-18 -1 0
vn -2.37657e-18 -1 0
vn 1.11022e-18 -1 0
vn 1.26635e-18 -1 0
vn 2.28983e-18 -1 0
vn 7.97973e-19 -1 0
vn -2.41127e-18 -1 0
vn -2.5327e-18 -1 0
vn -6.245e-19 -1 0
vn -2.42861e-19 -1 0
vn -2.84495e-18 -1 0
vn -2.22045e-18 -1 0
vn 1.73472e-18 -1 0
vn -1.97758e-18 -1 0
vn -1.97758e-18 -1 0
vn 1.11022e-18 -1 0
vn 0 -1 0
vn -2.22045e-18 -1 0
vn -2.22045e-18 -1 0
vn -3.95517e-18 -1 0
vn -2.22045e-18 -1 0
vn -2.22045e-18 -1 0
vn 0 -1 0
vn 1.73472e-18 -1 0
vn -2.22045e-18 -1 0
vn -2.22045e-18 -1 0
vn 3.46945e-18 -1 0
vn 2.22045e-18 -1 0
vn -2.22045e-18 -1 0
vn -2.22045e-18 -1 0
vn -2.22045e-18 -1 0
vn -2.22045e-18 -1 0
vn -2.22045e-18 -1 0
vn 0 -1 0
vn -2.22045e-18 -1 0
vn 0 -1 0
vn 3.46945e-18 -1 0
vn -4.44089e-18 -1 0
vn 3.46945e-18 -1 0
vn 0 -1 0
vn 0 -1 0
vn 0 -1 0
vn 3.46945e-18 -1 0
vn 0 -1 0
vn 0 -1 0
vn 0 -1 0
vn 0 -1 0
vn 0 -1 0
vn 0 -1 0
vn 0 -1 0
vn 0 -1 0
vn 0 -1 0
vn 0 -1 0
vn 0 -1 0
vn 0 -1 0
vn 0 -1 0
vn 0 -1 0
vn 0 -1 0
vn 0 -1 0
vn 0 -1 0
vn 0 -1 0
vn 0 -1 0
vn 0 -1 0
vn 0 -1 0
vn 3.46945e-18 -1 0
vn -4.44089e-18 -1 0
vn 3.46945e-18 -1 0
vn 0 -1 0
vn -2.22045e-18 -1 0
vn -2.22045e-18 -1 0
vn -2.22045e-18 -1 0
vn -2.22045e-18 -1 0
vn -2.22045e-18 -1 0
vn -2.22045e-18 -1 0
vn 0 -1 0
vn -3.46945e-18 -1 0
vn 3.46945e-18 -1 0
vn 1.73472e-18 -1 0
vn 0 -1 0
vn 2.77556e-17 1 5.55112e-17
vn 2.77556e-17 1 5.55112e-17
vn 3.10862e-17 1 5.55112e-17
vn 3.10862e-17 1 5.55112e-17
vn 0 1 5.55112e-17
vn 0 1 5.55112e-17
vn 3.33067e-18 1 5.55112e-17
vn 3.10862e-17 1 5.55112e-17
vn 3.10862e-17 1 5.55112e-17
vn 3.10862e-17 1 5.55112e-17
vn 0 1 5.55112e-17
vn 3.10862e-17 1 5.55112e-17
vn 0 1 5.55112e-17
vn 0 1 5.55112e-17
vn 0 1 5.55112e-17
vn 0 1 5.55112e-17
vn 0 1 5.55112e-17
vn 0 1 5.55112e-17
vn 0 1 5.55112e-17
vn 0 1 1.11022e-16
vn 0 1 -0
vn 0 1 1.11022e-16
vn 0 1 8.32667e-17
vn 0 1 8.32667e-17
vn 0 1 5.55112e-17
vn 0 1 8.32667e-17
vn 0 1 5.55112e-17
vn 0 1 8.32667e-17
vn 0 1 8.32667e-17
vn 0 1 8.32667e-17
vn 0 1 8.32667e-17
vn 0 1 5.55112e-17
vn 0 1 8.32667e-17
vn 0 1 5.55112e-17
vn 0 1 4.16334e-17
vn 0 1 8.32667e-17
vn 0 1 8.32667e-17
vn -5.55112e-17 1 1.38778e-17
vn 0 1 8.32667e-17
vn 0 1 6.93889e-17
vn 0 1 6.93889e-17
vn 0 1 6.93889e-17
vn 6.21725e-17 1 6.93889e-17
vn 0 1 6.245e-17
vn 0 1 6.245e-17
vn 3.10862e-17 1 6.93889e-17
vn 0 1 6.245e-17
vn 3.10862e-17 1 6.245e-17
vn 3.10862e-17 1 6.245e-17
vn 3.10862e-17 1 6.245e-17
vn 3.33067e-18 1 6.245e-17
vn 3.10862e-17 1 6.245e-17
vn 2.77556e-17 1 6.245e-17
vn 3.10862e-17 1 5.89806e-17
vn 2.77556e-17 1 5.89806e-17
vn 3.10862e-17 1 5.89806e-17
vn 2.77556e-17 1 5.89806e-17
vn 0 1 5.89806e-17
vn 3.10862e-17 1 5.89806e-17
vn 3.33067e-18 1 5.89806e-17
vn 3.10862e-17 1 5.89806e-17
vn 3.10862e-17 1 5.89806e-17
vn 4.4964e-17 1 6.245e-17
vn 4.4964e-17 1 6.245e-17
vn 4.4964e-17 1 6.245e-17
vn 1.55431e-17 1 6.245e-17
vn -3.10862e-17 1 6.245e-17
vn 3.10862e-17 1 1.17961e-16
vn 3.33067e-18 1 6.93889e-17
vn 1.55431e-17 1 6.93889e-17
vn 4.32987e-17 1 6.93889e-17
vn -1.55431e-17 1 1.249e-16
vn 4.4964e-17 1 6.93889e-17
vn 4.32987e-17 1 6.93889e-17
vn -8.60423e-18 1 8.32667e-17
vn 1.38778e-17 1 1.38778e-17
vn -2.85882e-17 1 8.32667e-17
vn -1.55431e-17 1 6.93889e-17
vn 3.80251e-17 1 8.32667e-17
vn -1.65146e-17 1 5.55112e-17
vn 3.80251e-17 1 5.55112e-17
vn -3.05311e-18 1 5.55112e-17
vn -2.33147e-17 1 5.55112e-17
vn 3.71925e-17 1 5.55112e-17
vn -2.44249e-17 1 5.55112e-17
vn 3.71925e-17 1 5.55112e-17
vn -2.55351e-17 1 8.32667e-17
vn -1.38778e-18 1 8.32667e-17
vn -2.55351e-17 1 8.32667e-17
vn 4.06619e-17 1 8.32667e-17
vn -2.51188e-17 1 5.55112e-17
vn -1.69309e-17 1 5.55112e-17
vn 2.72005e-17 1 -0
vn 9.4369e-18 1 1.11022e-16
vn -1.30451e-17 1 5.55112e-17
vn -2.16493e-17 1 5.55112e-17
vn -2.08167e-17 1 5.55112e-17
vn 3.63598e-17 1 5.55112e-17
vn -1.55431e-17 1 5.55112e-17
vn 0 1 5.55112e-17
vn 1.66533e-18 1 5.55112e-17
vn -1.66533e-18 1 5.55112e-17
vn 3.10862e-17 1 5.55112e-17
vn 2.94209e-17 1 1.11022e-16
vn -1.38778e-17 1 5.55112e-17
vn 1.38778e-17 1 5.55112e-17
vn -1.38778e-17 1 5.55112e-17
vn 1.55431e-17 1 5.55112e-17
vn 1.22125e-17 1 5.55112e-17
vn -2.77556e-17 1 5.55112e-17
vn 3.10862e-17 1 5.55112e-17
vn 3.10862e-17 1 5.55112e-17
g WFL_rubber
usemtl rubber
f 988//988 989//989 1054//1054
f 988//988 1054//1054 1053//1053
f 989//989 990//990 1055//1055
f 989//989 1055//1055 1054//1054
f 990//990 991//991 1056//1056
f 990//990 1056//1056 1055//1055
f 991//991 992//992 1057//1057
f 991//991 1057//1057 1056//1056
f 992//992 993//993 1058//1058
f 992//992 1058//1058 1057//1057
f 993//993 994//994 1059//1059
f 993//993 1059//1059 1058//1058
f 994//994 995//995 1060//1060
f 994//994 1060//1060 1059//1059
f 995//995 996//996 1061//1061
f 995//995 1061//1061 1060//1060
f 996//996 997//997 1062//1062
f 996//996 1062//1062 1061//1061
f 997//997 998//998 1063//1063
f 997//997 1063//1063 1062//1062
f 998//998 999//999 1064//1064
f 998//998 1064//1064 1063//1063
f 999//999 1000//1000 1065//1065
f 999//999 1065//1065 1064//1064
f 1000//1000 1001//1001 1066//1066
f 1000//1000 1066//1066 1065//1065
f 1001//1001 1002//1002 1067//1067
f 1001//1001 1067//1067 1066//1066
f 1002//1002 1003//1003 1068//1068
f 1002//1002 1068//1068 1067//1067
f 1003//1003 1004//1004 1069//1069
f 1003//1003 1069//1069 1068//1068
f 1004//1004 1005//1005 1070//1070
f 1004//1004 1070//1070 1069//1069
f 1005//1005 1006//1006 1071//1071
f 1005//1005 1071//1071 1070//1070
f 1006//1006 1007//1007 1072//1072
f 1006//1006 1072//1072 1071//1071
f 1007//1007 1008//1008 1073//1073
f 1007//1007 1073//1073 1072//1072
f 1008//1008 1009//1009 1074//1074
f 1008//1008 1074//1074 1073//1073
f 1009//1009 1010//1010 1075//1075
f 1009//1009 1075//1075 1074//1074
f 1010//1010 1011//1011 1076//1076
f 1010//1010 1076//1076 1075//1075
f 1011//1011 1012//1012 1077//1077
f 1011//1011 1077//1077 1076//1076
f 1012//1012 1013//1013 1078//1078
f 1012//1012 1078//1078 1077//1077
f 1013//1013 1014//1014 1079//1079
f 1013//1013 1079//1079 1078//1078
f 1014//1014 1015//1015 1080//1080
f 1014//1014 1080//1080 1079//1079
f 1015//1015 1016//1016 1081//1081
f 1015//1015 1081//1081 1080//1080
f 1016//1016 1017//1017 1082//1082
f 1016//1016 1082//1082 1081//1081
f 1017//1017 1018//1018 1083//1083
f 1017//1017 1083//1083 1082//1082
f 1018//1018 1019//1019 1084//1084
f 1018//1018 1084//1084 1083//1083
f 1019//1019 1020//1020 1085//1085
f 1019//1019 1085//1085 1084//1084
f 1020//1020 1021//1021 1086//1086
f 1020//1020 1086//1086 1085//1085
f 1021//1021 1022//1022 1087//1087
f 1021//1021 1087//1087 1086//1086
f 1022//1022 1023//1023 1088//1088
f 1022//1022 1088//1088 1087//1087
f 1023//1023 1024//1024 1089//1089
f 1023//1023 1089//1089 1088//1088
f 1024//1024 1025//1025 1090//1090
f 1024//1024 1090//1090 1089//1089
f 1025//1025 1026//1026 1091//1091
f 1025//1025 1091//1091 1090//1090
f 1026//1026 1027//1027 1092//1092
f 1026//1026 1092//1092 1091//1091
f 1027//1027 1028//1028 1093//1093
f 1027//1027 1093//1093 1092//1092
f 1028//1028 1029//1029 1094//1094
f 1028//1028 1094//1094 1093//1093
f 1029//1029 1030//1030 1095//1095
f 1029//1029 1095//1095 1094//1094
f 1030//1030 1031//1031 1096//1096
f 1030//1030 1096//1096 1095//1095
f 1031//1031 1032//1032 1097//1097
f 1031//1031 1097//1097 1096//1096
f 1032//1032 1033//1033 1098//1098
f 1032//1032 1098//1098 1097//1097
f 1033//1033 1034//1034 1099//1099
f 1033//1033 1099//1099 1098//1098
f 1034//1034 1035//1035 1100//1100
f 1034//1034 1100//1100 1099//1099
f 1035//1035 1036//1036 1101//1101
f 1035//1035 1101//1101 1100//1100
f 1036//1036 1037//1037 1102//1102
f 1036//1036 1102//1102 1101//1101
f 1037//1037 1038//1038 1103//1103
f 1037//1037 1103//1103 1102//1102
f 1038//1038 1039//1039 1104//1104
f 1038//1038 1104//1104 1103//1103
f 1039//1039 1040//1040 1105//1105
f 1039//1039 1105//1105 1104//1104
f 1040//1040 1041//1041 1106//1106
f 1040//1040 1106//1106 1105//1105
f 1041//1041 1042//1042 1107//1107
f 1041//1041 1107//1107 1106//1106
f 1042//1042 1043//1043 1108//1108
f 1042//1042 1108//1108 1107//1107
f 1043//1043 1044//1044 1109//1109
f 1043//1043 1109//1109 1108//1108
f 1044//1044 1045//1045 1110//1110
f 1044//1044 1110//1110 1109//1109
f 1045//1045 1046//1046 1111//1111
f 1045//1045 1111//1111 1110//1110
f 1046//1046 1047//1047 1112//1112
f 1046//1046 1112//1112 1111//1111
f 1047//1047 1048//1048 1113//1113
f 1047//1047 1113//1113 1112//1112
f 1048//1048 1049//1049 1114//1114
f 1048//1048 1114//1114 1113//1113
f 1049//1049 1050//1050 1115//1115
f 1049//1049 1115//1115 1114//1114
f 1050//1050 1051//1051 1116//1116
f 1050//1050 1116//1116 1115//1115
f 1051//1051 1052//1052 1117//1117
f 1051//1051 1117//1117 1116//1116
f 1053//1053 1054//1054 1119//1119
f 1053//1053 1119//1119 1118//1118
f 1054//1054 1055//1055 1120//1120
f 1054//1054 1120//1120 1119//1119
f 1055//1055 1056//1056 1121//1121
f 1055//1055 1121//1121 1120//1120
f 1056//1056 1057//1057 1122//1122
f 1056//1056 1122//1122 1121//1121
f 1057//1057 1058//1058 1123//1123
f 1057//1057 1123//1123 1122//1122
f 1058//1058 1059//1059 1124//1124
f 1058//1058 1124//1124 1123//1123
f 1059//1059 1060//1060 1125//1125
f 1059//1059 1125//1125 1124//1124
f 1060//1060 1061//1061 1126//1126
f 1060//1060 1126//1126 1125//1125
f 1061//1061 1062//1062 1127//1127
f 1061//1061 1127//1127 1126//1126
f 1062//1062 1063//1063 1128//1128
f 1062//1062 1128//1128 1127//1127
f 1063//1063 1064//1064 1129//1129
f 1063//1063 1129//1129 1128//1128
f 1064//1064 1065//1065 1130//1130
f 1064//1064 1130//1130 1129//1129
f 1065//1065 1066//1066 1131//1131
f 1065//1065 1131//1131 1130//1130
f 1066//1066 1067//1067 1132//1132
f 1066//1066 1132//1132 1131//1131
f 1067//1067 1068//1068 1133//1133
f 1067//1067 1133//1133 1132//1132
f 1068//1068 1069//1069 1134//1134
f 1068//1068 1134//1134 1133//1133
f 1069//1069 1070//1070 1135//1135
f 1069//1069 1135//1135 1134//1134
f 1070//1070 1071//1071 1136//1136
f 1070//1070 1136//1136 1135//1135
f 1071//1071 1072//1072 1137//1137
f 1071//1071 1137//1137 1136//1136
f 1072//1072 1073//1073 1138//1138
f 1072//1072 1138//1138 1137//1137
f 1073//1073 1074//1074 1139//1139
f 1073//1073 1139//1139 1138//1138
f 1074//1074 1075//1075 1140//1140
f 1074//1074 1140//1140 1139//1139
f 1075//1075 1076//1076 1141//1141
f 1075//1075 1141//1141 1140//1140
f 1076//1076 1077//1077 1142//1142
f 1076//1076 1142//1142 1141//1141
f 1077//1077 1078//1078 1143//1143
f 1077//1077 1143//1143 1142//1142
f 1078//1078 1079//1079 1144//1144
f 1078//1078 1144//1144 1143//1143
f 1079//1079 1080//1080 1145//1145
f 1079//1079 1145//1145 1144//1144
f 1080//1080 1081//1081 1146//1146
f 1080//1080 1146//1146 1145//1145
f 1081//1081 1082//1082 1147//1147
f 1081//1081 1147//1147 1146//1146
f 1082//1082 1083//1083 1148//1148
f 1082//1082 1148//1148 1147//1147
f 1083//1083 1084//1084 1149//1149
f 1083//1083 1149//1149 1148//1148
f 1084//1084 1085//1085 1150//1150
f 1084//1084 1150//1150 1149//1149
f 1085//1085 1086//1086 1151//1151
f 1085//1085 1151//1151 1150//1150
f 1086//1086 1087//1087 1152//1152
f 1086//1086 1152//1152 1151//1151
f 1087//1087 1088//1088 1153//1153
f 1087//1087 1153//1153 1152//1152
f 1088//1088 1089//1089 1154//1154
f 1088//1088 1154//1154 1153//1153
f 1089//1089 1090//1090 1155//1155
f 1089//1089 1155//1155 1154//1154
f 1090//1090 1091//1091 1156//1156
f 1090//1090 1156//1156 1155//1155
f 1091//1091 1092//1092 1157//1157
f 1091//1091 1157//1157 1156//1156
f 1092//1092 1093//1093 1158//1158
f 1092//1092 1158//1158 1157//1157
f 1093//1093 1094//1094 1159//1159
f 1093//1093 1159//1159 1158//1158
f 1094//1094 1095//1095 1160//1160
f 1094//1094 1160//1160 1159//1159
f 1095//1095 1096//1096 1161//1161
f 1095//1095 1161//1161 1160//1160
f 1096//1096 1097//1097 1162//1162
f 1096//1096 1162//1162 1161//1161
f 1097//1097 1098//1098 1163//1163
f 1097//1097 1163//1163 1162//1162
f 1098//1098 1099//1099 1164//1164
f 1098//1098 1164//1164 1163//1163
f 1099//1099 1100//1100 1165//1165
f 1099//1099 1165//1165 1164//1164
f 1100//1100 1101//1101 1166//1166
f 1100//1100 1166//1166 1165//1165
f 1101//1101 1102//1102 1167//1167
f 1101//1101 1167//1167 1166//1166
f 1102//1102 1103//1103 1168//1168
f 1102//1102 1168//1168 1167//1167
f 1103//1103 1104//1104 1169//1169
f 1103//1103 1169//1169 1168//1168
f 1104//1104 1105//1105 1170//1170
f 1104//1104 1170//1170 1169//1169
f 1105//1105 1106//1106 1171//1171
f 1105//1105 1171//1171 1170//1170
f 1106//1106 1107//1107 1172//1172
f 1106//1106 1172//1172 1171//1171
f 1107//1107 1108//1108 1173//1173
f 1107//1107 1173//1173 1172//1172
f 1108//1108 1109//1109 1174//1174
f 1108//1108 1174//1174 1173//1173
f 1109//1109 1110//1110 1175//1175
f 1109//1109 1175//1175 1174//1174
f 1110//1110 1111//1111 1176//1176
f 1110//1110 1176//1176 1175//1175
f 1111//1111 1112//1112 1177//1177
f 1111//1111 1177//1177 1176//1176
f 1112//1112 1113//1113 1178//1178
f 1112//1112 1178//1178 1177//1177
f 1113//1113 1114//1114 1179//1179
f 1113//1113 1179//1179 1178//1178
f 1114//1114 1115//1115 1180//1180
f 1114//1114 1180//1180 1179//1179
f 1115//1115 1116//1116 1181//1181
f 1115//1115 1181//1181 1180//1180
f 1116//1116 1117//1117 1182//1182
f 1116//1116 1182//1182 1181//1181
f 1294//1294 1183//1183 1184//1184
f 1294//1294 1184//1184 1185//1185
f 1294//1294 1185//1185 1186//1186
f 1294//1294 1186//1186 1187//1187
f 1294//1294 1187//1187 1188//1188
f 1294//1294 1188//1188 1189//1189
f 1294//1294 1189//1189 1190//1190
f 1294//1294 1190//1190 1191//1191
f 1294//1294 1191//1191 1192//1192
f 1294//1294 1192//1192 1193//1193
f 1294//1294 1193//1193 1194//1194
f 1294//1294 1194//1194 1195//1195
f 1294//1294 1195//1195 1196//1196
f 1294//1294 1196//1196 1197//1197
f 1294//1294 1197//1197 1198//1198
f 1294//1294 1198//1198 1199//1199
f 1294//1294 1199//1199 1200//1200
f 1294//1294 1200//1200 1201//1201
f 1294//1294 1201//1201 1202//1202
f 1294//1294 1202//1202 1203//1203
f 1294//1294 1203//1203 1204//1204
f 1294//1294 1204//1204 1205//1205
f 1294//1294 1205//1205 1206//1206
f 1294//1294 1206//1206 1207//1207
f 1294//1294 1207//1207 1208//1208
f 1294//1294 1208//1208 1209//1209
f 1294//1294 1209//1209 1210//1210
f 1294//1294 1210//1210 1211//1211
f 1294//1294 1211//1211 1212//1212
f 1294//1294 1212//1212 1213//1213
f 1294//1294 1213//1213 1214//1214
f 1294//1294 1214//1214 1215//1215
f 1294//1294 1215//1215 1216//1216
f 1294//1294 1216//1216 1217//1217
f 1294//1294 1217//1217 1218//1218
f 1294//1294 1218//1218 1219//1219
f 1294//1294 1219//1219 1220//1220
f 1294//1294 1220//1220 1221//1221
f 1294//1294 1221//1221 1222//1222
f 1294//1294 1222//1222 1223//1223
f 1294//1294 1223//1223 1224//1224
f 1294//1294 1224//1224 1225//1225
f 1294//1294 1225//1225 1226//1226
f 1294//1294 1226//1226 1227//1227
f 1294//1294 1227//1227 1228//1228
f 1294//1294 1228//1228 1229//1229
f 1294//1294 1229//1229 1230//1230
f 1294//1294 1230//1230 1231//1231
f 1294//1294 1231//1231 1232//1232
f 1294//1294 1232//1232 1233//1233
f 1294//1294 1233//1233 1234//1234
f 1294//1294 1234//1234 1235//1235
f 1294//1294 1235//1235 1236//1236
f 1294//1294 1236//1236 1237//1237
f 1294//1294 1237//1237 1238//1238
f 1294//1294 1238//1238 1239//1239
f 1294//1294 1239//1239 1240//1240
f 1294//1294 1240//1240 1241//1241
f 1294//1294 1241//1241 1242//1242
f 1294//1294 1242//1242 1243//1243
f 1294//1294 1243//1243 1244//1244
f 1294//1294 1244//1244 1245//1245
f 1294//1294 1245//1245 1246//1246
f 1294//1294 1246//1246 1247//1247
f 1294//1294 1247//1247 1248//1248
f 1294//1294 1248//1248 1249//1249
f 1294//1294 1249//1249 1250//1250
f 1294//1294 1250//1250 1251//1251
f 1294//1294 1251//1251 1252//1252
f 1294//1294 1252//1252 1253//1253
f 1294//1294 1253//1253 1254//1254
f 1294//1294 1254//1254 1255//1255
f 1294//1294 1255//1255 1256//1256
f 1294//1294 1256//1256 1257//1257
f 1294//1294 1257//1257 1258//1258
f 1294//1294 1258//1258 1259//1259
f 1294//1294 1259//1259 1260//1260
f 1294//1294 1260//1260 1261//1261
f 1294//1294 1261//1261 1262//1262
f 1294//1294 1262//1262 1263//1263
f 1294//1294 1263//1263 1264//1264
f 1294//1294 1264//1264 1265//1265
f 1294//1294 1265//1265 1266//1266
f 1294//1294 1266//1266 1267//1267
f 1294//1294 1267//1267 1268//1268
f 1294//1294 1268//1268 1269//1269
f 1294//1294 1269//1269 1270//1270
f 1294//1294 1270//1270 1271//1271
f 1294//1294 1271//1271 1272//1272
f 1294//1294 1272//1272 1273//1273
f 1294//1294 1273//1273 1274//1274
f 1294//1294 1274//1274 1275//1275
f 1294//1294 1275//1275 1276//1276
f 1294//1294 1276//1276 1277//1277
f 1294//1294 1277//1277 1278//1278
f 1294//1294 1278//1278 1279//1279
f 1294//1294 1279//1279 1280//1280
f 1294//1294 1280//1280 1281//1281
f 1294//1294 1281//1281 1282//1282
f 1294//1294 1282//1282 1283//1283
f 1294//1294 1283//1283 1284//1284
f 1294//1294 1284//1284 1285//1285
f 1294//1294 1285//1285 1286//1286
f 1294//1294 1286//1286 1287//1287
f 1294//1294 1287//1287 1288//1288
f 1294//1294 1288//1288 1289//1289
f 1294//1294 1289//1289 1290//1290
f 1294//1294 1290//1290 1291//1291
f 1294//1294 1291//1291 1292//1292
f 1292//1292 1293//1293 1294//1294
f 1406//1406 1295//1295 1296//1296
f 1406//1406 1296//1296 1297//1297
f 1406//1406 1297//1297 1298//1298
f 1406//1406 1298//1298 1299//1299
f 1406//1406 1299//1299 1300//1300
f 1406//1406 1300//1300 1301//1301
f 1406//1406 1301//1301 1302//1302
f 1406//1406 1302//1302 1303//1303
f 1406//1406 1303//1303 1304//1304
f 1406//1406 1304//1304 1305//1305
f 1406//1406 1305//1305 1306//1306
f 1406//1406 1306//1306 1307//1307
f 1406//1406 1307//1307 1308//1308
f 1406//1406 1308//1308 1309//1309
f 1406//1406 1309//1309 1310//1310
f 1406//1406 1310//1310 1311//1311
f 1406//1406 1311//1311 1312//1312
f 1406//1406 1312//1312 1313//1313
f 1406//1406 1313//1313 1314//1314
f 1406//1406 1314//1314 1315//1315
f 1406//1406 1315//1315 1316//1316
f 1406//1406 1316//1316 1317//1317
f 1406//1406 1317//1317 1318//1318
f 1406//1406 1318//1318 1319//1319
f 1406//1406 1319//1319 1320//1320
f 1406//1406 1320//1320 1321//1321
f 1406//1406 1321//1321 1322//1322
f 1406//1406 1322//1322 1323//1323
f 1406//1406 1323//1323 1324//1324
f 1406//1406 1324//1324 1325//1325
f 1406//1406 1325//1325 1326//1326
f 1406//1406 1326//1326 1327//1327
f 1406//1406 1327//1327 1328//1328
f 1406//1406 1328//1328 1329//1329
f 1406//1406 1329//1329 1330//1330
f 1406//1406 1330//1330 1331//1331
f 1406//1406 1331//1331 1332//1332
f 1406//1406 1332//1332 1333//1333
f 1406//1406 1333//1333 1334//1334
f 1406//1406 1334//1334 1335//1335
f 1406//1406 1335//1335 1336//1336
f 1406//1406 1336//1336 1337//1337
f 1406//1406 1337//1337 1338//1338
f 1406//1406 1338//1338 1339//1339
f 1406//1406 1339//1339 1340//1340
f 1406//1406 1340//1340 1341//1341
f 1406//1406 1341//1341 1342//1342
f 1406//1406 1342//1342 1343//1343
f 1406//1406 1343//1343 1344//1344
f 1406//1406 1344//1344 1345//1345
f 1406//1406 1345//1345 1346//1346
f 1406//1406 1346//1346 1347//1347
f 1406//1406 1347//1347 1348//1348
f 1406//1406 1348//1348 1349//1349
f 1406//1406 1349//1349 1350//1350
f 1406//1406 1350//1350 1351//1351
f 1406//1406 1351//1351 1352//1352
f 1406//1406 1352//1352 1353//1353
f 1406//1406 1353//1353 1354//1354
f 1406//1406 1354//1354 1355//1355
f 1406//1406 1355//1355 1356//1356
f 1406//1406 1356//1356 1357//1357
f 1406//1406 1357//1357 1358//1358
f 1406//1406 1358//1358 1359//1359
f 1406//1406 1359//1359 1360//1360
f 1406//1406 1360//1360 1361//1361
f 1406//1406 1361//1361 1362//1362
f 1406//1406 1362//1362 1363//1363
f 1406//1406 1363//1363 1364//1364
f 1406//1406 1364//1364 1365//1365
f 1406//1406 1365//1365 1366//1366
f 1406//1406 1366//1366 1367//1367
f 1406//1406 1367//1367 1368//1368
f 1406//1406 1368//1368 1369//1369
f 1406//1406 1369//1369 1370//1370
f 1406//1406 1370//1370 1371//1371
f 1406//1406 1371//1371 1372//1372
f 1406//1406 1372//1372 1373//1373
f 1406//1406 1373//1373 1374//1374
f 1406//1406 1374//1374 1375//1375
f 1406//1406 1375//1375 1376//1376
f 1406//1406 1376//1376 1377//1377
f 1406//1406 1377//1377 1378//1378
f 1406//1406 1378//1378 1379//1379
f 1406//1406 1379//1379 1380//1380
f 1406//1406 1380//1380 1381//1381
f 1406//1406 1381//1381 1382//1382
f 1406//1406 1382//1382 1383//1383
f 1406//1406 1383//1383 1384//1384
f 1406//1406 1384//1384 1385//1385
f 1406//1406 1385//1385 1386//1386
f 1406//1406 1386//1386 1387//1387
f 1406//1406 1387//1387 1388//1388
f 1406//1406 1388//1388 1389//1389
f 1406//1406 1389//1389 1390//1390
f 1406//1406 1390//1390 1391//1391
f 1406//1406 1391//1391 1392//1392
f 1406//1406 1392//1392 1393//1393
f 1406//1406 1393//1393 1394//1394
f 1406//1406 1394//1394 1395//1395
f 1406//1406 1395//1395 1396//1396
f 1406//1406 1396//1396 1397//1397
f 1406//1406 1397//1397 1398//1398
f 1406//1406 1398//1398 1399//1399
f 1406//1406 1399//1399 1400//1400
f 1406//1406 1400//1400 1401//1401
f 1406//1406 1401//1401 1402//1402
f 1406//1406 1402//1402 1403//1403
f 1406//1406 1403//1403 1404//1404
f 1404//1404 1405//1405 1406//1406
o WFR
v 0.6 1.6 0.36
v 0.601416 1.6 0.391449
v 0.605843 1.6 0.423687
v 0.61351 1.6 0.456305
v 0.624574 1.6 0.488833
v 0.639101 1.6 0.520753
v 0.657052 1.6 0.551523
v 0.678276 1.6 0.580604
v 0.702513 1.6 0.607487
v 0.729396 1.6 0.631724
v 0.758477 1.6 0.652948
v 0.789247 1.6 0.670899
v 0.821167 1.6 0.685426
v 0.853695 1.6 0.69649
v 0.886313 1.6 0.704157
v 0.918551 1.6 0.708584
v 0.95 1.6 0.71
v 0.981449 1.6 0.708584
v 1.01369 1.6 0.704157
v 1.04631 1.6 0.69649
v 1.07883 1.6 0.685426
v 1.11075 1.6 0.670899
v 1.14152 1.6 0.652948
v 1.1706 1.6 0.631724
v 1.19749 1.6 0.607487
v 1.22172 1.6 0.580604
v 1.24295 1.6 0.551523
v 1.2609 1.6 0.520753
v 1.27543 1.6 0.488833
v 1.28649 1.6 0.456305
v 1.29416 1.6 0.423687
v 1.29858 1.6 0.391449
v 1.3 1.6 0.36
v 1.29858 1.6 0.328551
v 1.29416 1.6 0.296313
v 1.28649 1.6 0.263695
v 1.27543 1.6 0.231167
v 1.2609 1.6 0.199247
v 1.24295 1.6 0.168477
v 1.22172 1.6 0.139396
v 1.19749 1.6 0.112513
v 1.1706 1.6 0.0882764
v 1.14152 1.6 0.0670516
v 1.11075 1.6 0.0491006
v 1.07883 1.6 0.0345741
v 1.04631 1.6 0.0235104
v 1.01369 1.6 0.0158431
v 0.981449 1.6 0.0114158
v 0.95 1.6 0.01
v 0.918551 1.6 0.0114158
v 0.886313 1.6 0.0158431
v 0.853695 1.6 0.0235104
v 0.821167 1.6 0.0345741
v 0.789247 1.6 0.0491006
v 0.758477 1.6 0.0670516
v 0.729396 1.6 0.0882764
v 0.702513 1.6 0.112513
v 0.678276 1.6 0.139396
v 0.657052 1.6 0.168477
v 0.639101 1.6 0.199247
v 0.624574 1.6 0.231167
v 0.61351 1.6 0.263695
v 0.605843 1.6 0.296313
v 0.601416 1.6 0.328551
v 0.6 1.6 0.36
v 0.6 1.75 0.36
v 0.601416 1.75 0.391449
v 0.605843 1.75 0.423687
v 0.61351 1.75 0.456305
v 0.624574 1.75 0.488833
v 0.639101 1.75 0.520753
v 0.657052 1.75 0.551523
v 0.678276 1.75 0.580604
v 0.702513 1.75 0.607487
v 0.729396 1.75 0.631724
v 0.758477 1.75 0.652948
v 0.789247 1.75 0.670899
v 0.821167 1.75 0.685426
v 0.853695 1.75 0.69649
v 0.886313 1.75 0.704157
v 0.918551 1.75 0.708584
v 0.95 1.75 0.71
v 0.981449 1.75 0.708584
v 1.01369 1.75 0.704157
v 1.04631 1.75 0.69649
v 1.07883 1.75 0.685426
v 1.11075 1.75 0.670899
v 1.14152 1.75 0.652948
v 1.1706 1.75 0.631724
v 1.19749 1.75 0.607487
v 1.22172 1.75 0.580604
v 1.24295 1.75 0.551523
v 1.2609 1.75 0.520753
v 1.27543 1.75 0.488833
v 1.28649 1.75 0.456305
v 1.29416 1.75 0.423687
v 1.29858 1.75 0.391449
v 1.3 1.75 0.36
v 1.29858 1.75 0.328551
v 1.29416 1.75 0.296313
v 1.28649 1.75 0.263695
v 1.27543 1.75 0.231167
v 1.2609 1.75 0.199247
v 1.24295 1.75 0.168477
v 1.22172 1.75 0.139396
v 1.19749 1.75 0.112513
v 1.1706 1.75 0.0882764
v 1.14152 1.75 0.0670516
v 1.11075 1.75 0.0491006
v 1.07883 1.75 0.0345741
v 1.04631 1.75 0.0235104
v 1.01369 1.75 0.0158431
v 0.981449 1.75 0.0114158
v 0.95 1.75 0.01
v 0.918551 1.75 0.0114158
v 0.886313 1.75 0.0158431
v 0.853695 1.75 0.0235104
v 0.821167 1.75 0.0345741
v 0.789247 1.75 0.0491006
v 0.758477 1.75 0.0670516
v 0.729396 1.75 0.0882764
v 0.702513 1.75 0.112513
v 0.678276 1.75 0.139396
v 0.657052 1.75 0.168477
v 0.639101 1.75 0.199247
v 0.624574 1.75 0.231167
v 0.61351 1.75 0.263695
v 0.605843 1.75 0.296313
v 0.601416 1.75 0.328551
v 0.6 1.75 0.36
v 0.6 1.9 0.36
v 0.601416 1.9 0.391449
v 0.605843 1.9 0.423687
v 0.61351 1.9 0.456305
v 0.624574 1.9 0.488833
v 0.639101 1.9 0.520753
v 0.657052 1.9 0.551523
v 0.678276 1.9 0.580604
v 0.702513 1.9 0.607487
v 0.729396 1.9 0.631724
v 0.758477 1.9 0.652948
v 0.789247 1.9 0.670899
v 0.821167 1.9 0.685426
v 0.853695 1.9 0.69649
v 0.886313 1.9 0.704157
v 0.918551 1.9 0.708584
v 0.95 1.9 0.71
v 0.981449 1.9 0.708584
v 1.01369 1.9 0.704157
v 1.04631 1.9 0.69649
v 1.07883 1.9 0.685426
v 1.11075 1.9 0.670899
v 1.14152 1.9 0.652948
v 1.1706 1.9 0.631724
v 1.19749 1.9 0.607487
v 1.22172 1.9 0.580604
v 1.24295 1.9 0.551523
v 1.2609 1.9 0.520753
v 1.27543 1.9 0.488833
v 1.28649 1.9 0.456305
v 1.29416 1.9 0.423687
v 1.29858 1.9 0.391449
v 1.3 1.9 0.36
v 1.29858 1.9 0.328551
v 1.29416 1.9 0.296313
v 1.28649 1.9 0.263695
v 1.27543 1.9 0.231167
v 1.2609 1.9 0.199247
v 1.24295 1.9 0.168477
v 1.22172 1.9 0.139396
v 1.19749 1.9 0.112513
v 1.1706 1.9 0.0882764
v 1.14152 1.9 0.0670516
v 1.11075 1.9 0.0491006
v 1.07883 1.9 0.0345741
v 1.04631 1.9 0.0235104
v 1.01369 1.9 0.0158431
v 0.981449 1.9 0.0114158
v 0.95 1.9 0.01
v 0.918551 1.9 0.0114158
v 0.886313 1.9 0.0158431
v 0.853695 1.9 0.0235104
v 0.821167 1.9 0.0345741
v 0.789247 1.9 0.0491006
v 0.758477 1.9 0.0670516
v 0.729396 1.9 0.0882764
v 0.702513 1.9 0.112513
v 0.678276 1.9 0.139396
v 0.657052 1.9 0.168477
v 0.639101 1.9 0.199247
v 0.624574 1.9 0.231167
v 0.61351 1.9 0.263695
v 0.605843 1.9 0.296313
v 0.601416 1.9 0.328551
v 0.6 1.9 0.36
v 0.6 1.6 0.36
v 0.601416 1.6 0.328551
v 0.605843 1.6 0.296313
v 0.60926 1.6 0.280023
v 0.61351 1.6 0.263695
v 0.618611 1.6 0.247388
v 0.624574 1.6 0.231167
v 0.631404 1.6 0.215097
v 0.639101 1.6 0.199247
v 0.647655 1.6 0.183684
v 0.657052 1.6 0.168477
v 0.667269 1.6 0.153692
v 0.678276 1.6 0.139396
v 0.690039 1.6 0.12565
v 0.702513 1.6 0.112513
v 0.71565 1.6 0.100039
v 0.729396 1.6 0.0882764
v 0.743692 1.6 0.0772686
v 0.758477 1.6 0.0670516
v 0.773684 1.6 0.0576548
v 0.789247 1.6 0.0491006
v 0.805097 1.6 0.0414043
v 0.821167 1.6 0.0345741
v 0.837388 1.6 0.0286112
v 0.853695 1.6 0.0235104
v 0.870023 1.6 0.0192601
v 0.886313 1.6 0.0158431
v 0.918551 1.6 0.0114158
v 0.95 1.6 0.01
v 0.981449 1.6 0.0114158
v 1.01369 1.6 0.0158431
v 1.02998 1.6 0.0192601
v 1.04631 1.6 0.0235104
v 1.06261 1.6 0.0286112
v 1.07883 1.6 0.0345741
v 1.0949 1.6 0.0414043
v 1.11075 1.6 0.0491006
v 1.12632 1.6 0.0576548
v 1.14152 1.6 0.0670516
v 1.15631 1.6 0.0772686
v 1.1706 1.6 0.0882764
v 1.18435 1.6 0.100039
v 1.19749 1.6 0.112513
v 1.20996 1.6 0.12565
v 1.22172 1.6 0.139396
v 1.23273 1.6 0.153692
v 1.24295 1.6 0.168477
v 1.25235 1.6 0.183684
v 1.2609 1.6 0.199247
v 1.2686 1.6 0.215097
v 1.27543 1.6 0.231167
v 1.28139 1.6 0.247388
v 1.28649 1.6 0.263695
v 1.29074 1.6 0.280023
v 1.29416 1.6 0.296313
v 1.29858 1.6 0.328551
v 1.3 1.6 0.36
v 1.29858 1.6 0.391449
v 1.29416 1.6 0.423687
v 1.29074 1.6 0.439977
v 1.28649 1.6 0.456305
v 1.28139 1.6 0.472612
v 1.27543 1.6 0.488833
v 1.2686 1.6 0.504903
v 1.2609 1.6 0.520753
v 1.25235 1.6 0.536316
v 1.24295 1.6 0.551523
v 1.23273 1.6 0.566308
v 1.22172 1.6 0.580604
v 1.20996 1.6 0.59435
v 1.19749 1.6 0.607487
v 1.18435 1.6 0.619961
v 1.1706 1.6 0.631724
v 1.15631 1.6 0.642731
v 1.14152 1.6 0.652948
v 1.12632 1.6 0.662345
v 1.11075 1.6 0.670899
v 1.0949 1.6 0.678596
v 1.07883 1.6 0.685426
v 1.06261 1.6 0.691389
v 1.04631 1.6 0.69649
v 1.02998 1.6 0.70074
v 1.01369 1.6 0.704157
v 0.981449 1.6 0.708584
v 0.95 1.6 0.71
v 0.918551 1.6 0.708584
v 0.886313 1.6 0.704157
v 0.870023 1.6 0.70074
v 0.853695 1.6 0.69649
v 0.837388 1.6 0.691389
v 0.821167 1.6 0.685426
v 0.805097 1.6 0.678596
v 0.789247 1.6 0.670899
v 0.773684 1.6 0.662345
v 0.758477 1.6 0.652948
v 0.743692 1.6 0.642731
v 0.729396 1.6 0.631724
v 0.71565 1.6 0.619961
v 0.702513 1.6 0.607487
v 0.690039 1.6 0.59435
v 0.678276 1.6 0.580604
v 0.667269 1.6 0.566308
v 0.657052 1.6 0.551523
v 0.647655 1.6 0.536316
v 0.639101 1.6 0.520753
v 0.631404 1.6 0.504903
v 0.624574 1.6 0.488833
v 0.618611 1.6 0.472612
v 0.61351 1.6 0.456305
v 0.60926 1.6 0.439977
v 0.605843 1.6 0.423687
v 0.601416 1.6 0.391449
v 0.6 1.9 0.36
v 0.601416 1.9 0.391449
v 0.605843 1.9 0.423687
v 0.60926 1.9 0.439977
v 0.61351 1.9 0.456305
v 0.618611 1.9 0.472612
v 0.624574 1.9 0.488833
v 0.631404 1.9 0.504903
v 0.639101 1.9 0.520753
v 0.647655 1.9 0.536316
v 0.657052 1.9 0.551523
v 0.667269 1.9 0.566308
v 0.678276 1.9 0.580604
v 0.690039 1.9 0.59435
v 0.702513 1.9 0.607487
v 0.71565 1.9 0.619961
v 0.729396 1.9 0.631724
v 0.743692 1.9 0.642731
v 0.758477 1.9 0.652948
v 0.773684 1.9 0.662345
v 0.789247 1.9 0.670899
v 0.805097 1.9 0.678596
v 0.821167 1.9 0.685426
v 0.837388 1.9 0.691389
v 0.853695 1.9 0.69649
v 0.870023 1.9 0.70074
v 0.886313 1.9 0.704157
v 0.918551 1.9 0.708584
v 0.95 1.9 0.71
v 0.981449 1.9 0.708584
v 1.01369 1.9 0.704157
v 1.02998 1.9 0.70074
v 1.04631 1.9 0.69649
v 1.06261 1.9 0.691389
v 1.07883 1.9 0.685426
v 1.0949 1.9 0.678596
v 1.11075 1.9 0.670899
v 1.12632 1.9 0.662345
v 1.14152 1.9 0.652948
v 1.15631 1.9 0.642731
v 1.1706 1.9 0.631724
v 1.18435 1.9 0.619961
v 1.19749 1.9 0.607487
v 1.20996 1.9 0.59435
v 1.22172 1.9 0.580604
v 1.23273 1.9 0.566308
v 1.24295 1.9 0.551523
v 1.25235 1.9 0.536316
v 1.2609 1.9 0.520753
v 1.2686 1.9 0.504903
v 1.27543 1.9 0.488833
v 1.28139 1.9 0.472612
v 1.28649 1.9 0.456305
v 1.29074 1.9 0.439977
v 1.29416 1.9 0.423687
v 1.29858 1.9 0.391449
v 1.3 1.9 0.36
v 1.29858 1.9 0.328551
v 1.29416 1.9 0.296313
v 1.29074 1.9 0.280023
v 1.28649 1.9 0.263695
v 1.28139 1.9 0.247388
v 1.27543 1.9 0.231167
v 1.2686 1.9 0.215097
v 1.2609 1.9 0.199247
v 1.25235 1.9 0.183684
v 1.24295 1.9 0.168477
v 1.23273 1.9 0.153692
v 1.22172 1.9 0.139396
v 1.20996 1.9 0.12565
v 1.19749 1.9 0.112513
v 1.18435 1.9 0.100039
v 1.1706 1.9 0.0882764
v 1.15631 1.9 0.0772686
v 1.14152 1.9 0.0670516
v 1.12632 1.9 0.0576548
v 1.11075 1.9 0.0491006
v 1.0949 1.9 0.0414043
v 1.07883 1.9 0.0345741
v 1.06261 1.9 0.0286112
v 1.04631 1.9 0.0235104
v 1.02998 1.9 0.0192601
v 1.01369 1.9 0.0158431
v 0.981449 1.9 0.0114158
v 0.95 1.9 0.01
v 0.918551 1.9 0.0114158
v 0.886313 1.9 0.0158431
v 0.870023 1.9 0.0192601
v 0.853695 1.9 0.0235104
v 0.837388 1.9 0.0286112
v 0.821167 1.9 0.0345741
v 0.805097 1.9 0.0414043
v 0.789247 1.9 0.0491006
v 0.773684 1.9 0.0576548
v 0.758477 1.9 0.0670516
v 0.743692 1.9 0.0772686
v 0.729396 1.9 0.0882764
v 0.71565 1.9 0.100039
v 0.702513 1.9 0.112513
v 0.690039 1.9 0.12565
v 0.678276 1.9 0.139396
v 0.667269 1.9 0.153692
v 0.657052 1.9 0.168477
v 0.647655 1.9 0.183684
v 0.639101 1.9 0.199247
v 0.631404 1.9 0.215097
v 0.624574 1.9 0.231167
v 0.618611 1.9 0.247388
v 0.61351 1.9 0.263695
v 0.60926 1.9 0.280023
v 0.605843 1.9 0.296313
v 0.601416 1.9 0.328551
vn -1 0 -1.12149e-16
vn -0.995955 0 0.0898544
vn -0.983305 0 0.181963
vn -0.961399 0 0.275158
vn -0.929788 0 0.368095
vn -0.888284 0 0.459295
vn -0.836996 0 0.54721
vn -0.776353 0 0.630298
vn -0.707107 0 0.707107
vn -0.630298 0 0.776353
vn -0.54721 0 0.836996
vn -0.459295 0 0.888284
vn -0.368095 0 0.929788
vn -0.275158 0 0.961399
vn -0.181963 0 0.983305
vn -0.0898544 0 0.995955
vn -2.24299e-16 0 1
vn 0.0898544 -0 0.995955
vn 0.181963 -0 0.983305
vn 0.275158 -0 0.961399
vn 0.368095 -0 0.929788
vn 0.459295 -0 0.888284
vn 0.54721 -0 0.836996
vn 0.630298 -0 0.776353
vn 0.707107 -0 0.707107
vn 0.776353 -0 0.630298
vn 0.836996 -0 0.54721
vn 0.888284 -0 0.459295
vn 0.929788 -0 0.368095
vn 0.961399 -0 0.275158
vn 0.983305 -0 0.181963
vn 0.995955 -0 0.0898544
vn 1 -0 4.48598e-16
vn 0.995955 0 -0.0898544
vn 0.983305 0 -0.181963
vn 0.961399 0 -0.275158
vn 0.929788 0 -0.368095
vn 0.888284 0 -0.459295
vn 0.836996 0 -0.54721
vn 0.776353 0 -0.630298
vn 0.707107 0 -0.707107
vn 0.630298 0 -0.776353
vn 0.54721 0 -0.836996
vn 0.459295 0 -0.888284
vn 0.368095 0 -0.929788
vn 0.275158 0 -0.961399
vn 0.181963 0 -0.983305
vn 0.0898544 0 -0.995955
vn 1.59463e-16 0 -1
vn -0.0898544 0 -0.995955
vn -0.181963 0 -0.983305
vn -0.275158 0 -0.961399
vn -0.368095 0 -0.929788
vn -0.459295 0 -0.888284
vn -0.54721 0 -0.836996
vn -0.630298 0 -0.776353
vn -0.707107 0 -0.707107
vn -0.776353 0 -0.630298
vn -0.836996 0 -0.54721
vn -0.888284 0 -0.459295
vn -0.929788 0 -0.368095
vn -0.961399 0 -0.275158
vn -0.983305 0 -0.181963
vn -0.995955 0 -0.0898544
vn -1 0 -3.36448e-16
vn -1 0 2.24299e-16
vn -0.995955 0 0.0898544
vn -0.983305 0 0.181963
vn -0.961399 0 0.275158
vn -0.929788 0 0.368095
vn -0.888284 0 0.459295
vn -0.836996 0 0.54721
vn -0.776353 0 0.630298
vn -0.707107 0 0.707107
vn -0.630298 0 0.776353
vn -0.54721 0 0.836996
vn -0.459295 0 0.888284
vn -0.368095 0 0.929788
vn -0.275158 0 0.961399
vn -0.181963 0 0.983305
vn -0.0898544 0 0.995955
vn -3.36448e-16 0 1
vn 0.0898544 -0 0.995955
vn 0.181963 -0 0.983305
vn 0.275158 -0 0.961399
vn 0.368095 -0 0.929788
vn 0.459295 -0 0.888284
vn 0.54721 -0 0.836996
vn 0.630298 -0 0.776353
vn 0.707107 -0 0.707107
vn 0.776353 -0 0.630298
vn 0.836996 -0 0.54721
vn 0.888284 -0 0.459295
vn 0.929788 -0 0.368095
vn 0.961399 -0 0.275158
vn 0.983305 -0 0.181963
vn 0.995955 -0 0.0898544
vn 1 -0 6.72897e-16
vn 0.995955 0 -0.0898544
vn 0.983305 0 -0.181963
vn 0.961399 0 -0.275158
vn 0.929788 0 -0.368095
vn 0.888284 0 -0.459295
vn 0.836996 0 -0.54721
vn 0.776353 0 -0.630298
vn 0.707107 0 -0.707107
vn 0.630298 0 -0.776353
vn 0.54721 0 -0.836996
vn 0.459295 0 -0.888284
vn 0.368095 0 -0.929788
vn 0.275158 0 -0.961399
vn 0.181963 0 -0.983305
vn 0.0898544 0 -0.995955
vn 1.55958e-16 0 -1
vn -0.0898544 0 -0.995955
vn -0.181963 0 -0.983305
vn -0.275158 0 -0.961399
vn -0.368095 0 -0.929788
vn -0.459295 0 -0.888284
vn -0.54721 0 -0.836996
vn -0.630298 0 -0.776353
vn -0.707107 0 -0.707107
vn -0.776353 0 -0.630298
vn -0.836996 0 -0.54721
vn -0.888284 0 -0.459295
vn -0.929788 0 -0.368095
vn -0.961399 0 -0.275158
vn -0.983305 0 -0.181963
vn -0.995955 0 -0.0898544
vn -1 0 -3.36448e-16
vn -1 0 -1.12149e-16
vn -0.995955 0 0.0898544
vn -0.983305 0 0.181963
vn -0.961399 0 0.275158
vn -0.929788 0 0.368095
vn -0.888284 0 0.459295
vn -0.836996 0 0.54721
vn -0.776353 0 0.630298
vn -0.707107 0 0.707107
vn -0.630298 0 0.776353
vn -0.54721 0 0.836996
vn -0.459295 0 0.888284
vn -0.368095 0 0.929788
vn -0.275158 0 0.961399
vn -0.181963 0 0.983305
vn -0.0898544 0 0.995955
vn -2.24299e-16 0 1
vn 0.0898544 -0 0.995955
vn 0.181963 -0 0.983305
vn 0.275158 -0 0.961399
vn 0.368095 -0 0.929788
vn 0.459295 -0 0.888284
vn 0.54721 -0 0.836996
vn 0.630298 -0 0.776353
vn 0.707107 -0 0.707107
vn 0.776353 -0 0.630298
vn 0.836996 -0 0.54721
vn 0.888284 -0 0.459295
vn 0.929788 -0 0.368095
vn 0.961399 -0 0.275158
vn 0.983305 -0 0.181963
vn 0.995955 -0 0.0898544
vn 1 -0 4.48598e-16
vn 0.995955 0 -0.0898544
vn 0.983305 0 -0.181963
vn 0.961399 0 -0.275158
vn 0.929788 0 -0.368095
vn 0.888284 0 -0.459295
vn 0.836996 0 -0.54721
vn 0.776353 0 -0.630298
vn 0.707107 0 -0.707107
vn 0.630298 0 -0.776353
vn 0.54721 0 -0.836996
vn 0.459295 0 -0.888284
vn 0.368095 0 -0.929788
vn 0.275158 0 -0.961399
vn 0.181963 0 -0.983305
vn 0.0898544 0 -0.995955
vn 1.59463e-16 0 -1
vn -0.0898544 0 -0.995955
vn -0.181963 0 -0.983305
vn -0.275158 0 -0.961399
vn -0.368095 0 -0.929788
vn -0.459295 0 -0.888284
vn -0.54721 0 -0.836996
vn -0.630298 0 -0.776353
vn -0.707107 0 -0.707107
vn -0.776353 0 -0.630298
vn -0.836996 0 -0.54721
vn -0.888284 0 -0.459295
vn -0.929788 0 -0.368095
vn -0.961399 0 -0.275158
vn -0.983305 0 -0.181963
vn -0.995955 0 -0.0898544
vn -1 0 -3.36448e-16
vn 3.9968e-16 -1 -2.35922e-16
vn 1.77636e-16 -1 -4.57967e-16
vn 2.88658e-16 -1 -2.35922e-16
vn -1.11022e-16 -1 -2.35922e-16
vn -1.11022e-16 -1 -2.498e-16
vn 2.88658e-16 -1 -2.22045e-16
vn 6.66134e-17 -1 -2.498e-16
vn 0 -1 -2.498e-16
vn -3.9968e-16 -1 -2.498e-16
vn -8.88178e-17 -1 -2.498e-16
vn 1.33227e-16 -1 -2.498e-16
vn 2.22045e-17 -1 -2.77556e-16
vn 3.10862e-16 -1 -2.77556e-16
vn 0 -1 -2.77556e-16
vn 1.22125e-16 -1 -2.77556e-16
vn -2.22045e-17 -1 -2.77556e-16
vn 1.77636e-16 -1 -2.77556e-16
vn 1.77636e-16 -1 -2.77556e-16
vn 5.55112e-17 -1 -2.22045e-16
vn 7.77156e-17 -1 -3.33067e-16
vn 1.4988e-16 -1 -3.33067e-16
vn -1.05471e-16 -1 -3.33067e-16
vn -1.66533e-17 -1 -3.33067e-16
vn -6.10623e-17 -1 -3.33067e-16
vn -1.11022e-17 -1 -1.11022e-16
vn -1.38778e-17 -1 -3.33067e-16
vn -2.77556e-18 -1 -1.11022e-16
vn 7.77156e-17 -1 -1.11022e-16
vn -2.80331e-16 -1 -4.44089e-16
vn 8.32667e-17 -1 -4.44089e-16
vn -8.32667e-18 -1 -4.44089e-16
vn -1.11022e-17 -1 -2.22045e-16
vn -1.66533e-17 -1 -4.44089e-16
vn -6.66134e-17 -1 -2.22045e-16
vn 3.4972e-16 -1 -2.22045e-16
vn -1.16573e-16 -1 -2.22045e-16
vn 1.55431e-16 -1 -4.44089e-16
vn 6.66134e-17 -1 -2.22045e-16
vn 6.10623e-17 -1 -2.22045e-16
vn 8.88178e-17 -1 -2.22045e-16
vn 7.77156e-17 -1 -2.22045e-16
vn -2.55351e-16 -1 -2.22045e-16
vn 3.33067e-17 -1 -2.22045e-16
vn -7.77156e-17 -1 -2.22045e-16
vn 1.11022e-17 -1 -2.22045e-16
vn 1.11022e-16 -1 -2.22045e-16
vn -2.22045e-17 -1 -2.22045e-16
vn -2.22045e-17 -1 -2.22045e-16
vn -8.88178e-17 -1 -2.22045e-16
vn 0 -1 -4.44089e-16
vn 3.9968e-16 -1 -2.22045e-16
vn 3.9968e-16 -1 -2.22045e-16
vn 6.66134e-17 -1 -2.22045e-16
vn 3.9968e-16 -1 -2.22045e-16
vn 6.66134e-17 -1 -2.22045e-16
vn 0 -1 -2.22045e-16
vn -2.22045e-16 -1 -2.22045e-16
vn 1.77636e-16 -1 -2.22045e-16
vn 3.9968e-16 -1 -2.22045e-16
vn 0 -1 -2.22045e-16
vn -1.77636e-16 -1 -2.22045e-16
vn 1.77636e-16 -1 -2.22045e-16
vn 3.9968e-16 -1 -2.22045e-16
vn 1.77636e-16 -1 -2.22045e-16
vn 1.77636e-16 -1 -2.22045e-16
vn 3.9968e-16 -1 -2.22045e-16
vn 2.22045e-16 -1 -2.22045e-16
vn 1.77636e-16 -1 -2.22045e-16
vn 0 -1 -2.22045e-16
vn -2.22045e-16 -1 -2.22045e-16
vn 3.55271e-16 -1 -2.22045e-16
vn 0 -1 -2.22045e-16
vn 0 -1 -2.22045e-16
vn 2.22045e-16 -1 -2.22045e-16
vn 2.22045e-16 -1 -4.44089e-16
vn 0 -1 -4.44089e-16
vn -2.22045e-16 -1 -4.44089e-16
vn -2.22045e-16 -1 -2.22045e-16
vn 2.22045e-16 -1 -2.22045e-16
vn 0 -1 -2.22045e-16
vn 0 -1 0
vn 0 -1 -2.22045e-16
vn 0 -1 0
vn 0 -1 0
vn 0 -1 -4.44089e-16
vn 0 -1 -3.33067e-16
vn 0 -1 -3.33067e-16
vn -2.22045e-16 -1 -3.33067e-16
vn 0 -1 -3.33067e-16
vn 0 -1 -3.33067e-16
vn 0 -1 -3.33067e-16
vn -2.22045e-16 -1 -3.33067e-16
vn -2.22045e-16 -1 -2.22045e-16
vn 2.22045e-16 -1 -3.33067e-16
vn 2.22045e-16 -1 -3.33067e-16
vn 0 -1 -3.33067e-16
vn 2.22045e-16 -1 -2.77556e-16
vn 0 -1 -2.77556e-16
vn 3.55271e-16 -1 -2.77556e-16
vn -2.22045e-16 -1 -2.77556e-16
vn 0 -1 -2.77556e-16
vn 1.77636e-16 -1 -2.22045e-16
vn 3.9968e-16 -1 -2.498e-16
vn 3.9968e-16 -1 -2.498e-16
vn 1.77636e-16 -1 -4.71845e-16
vn 1.77636e-16 -1 -2.498e-16
vn 3.9968e-16 -1 -2.498e-16
vn 0 -1 -2.22045e-16
vn 0 -1 -2.498e-16
vn 0 -1 -2.498e-16
vn 0 -1 -2.35922e-16
vn 0 -1 -2.35922e-16
vn 0 1 -0
vn 2.22045e-16 1 -0
vn 2.10942e-16 1 -0
vn 4.32987e-16 1 -0
vn 0 1 -0
vn 0 1 -0
vn -1.11022e-17 1 0
vn 2.10942e-16 1 -0
vn 2.10942e-16 1 -0
vn 4.32987e-16 1 -0
vn 0 1 -0
vn -1.11022e-17 1 0
vn 0 1 -0
vn 0 1 -0
vn 0 1 -0
vn 0 1 -0
vn 0 1 -0
vn 0 1 -0
vn 0 1 -0
vn 0 1 -0
vn 0 1 -0
vn 0 1 -0
vn 0 1 -0
vn 0 1 -0
vn 0 1 -0
vn 0 1 -0
vn 0 1 -0
vn 0 1 -0
vn 0 1 -0
vn 0 1 -0
vn 0 1 -0
vn 0 1 -0
vn 0 1 -0
vn 0 1 -0
vn 0 1 -0
vn 0 1 -0
vn 0 1 -0
vn 0 1 -0
vn 0 1 -0
vn 0 1 -0
vn 0 1 -0
vn 0 1 -0
vn 4.21885e-16 1 -0
vn 0 1 -0
vn 0 1 -0
vn -1.11022e-17 1 0
vn 0 1 -0
vn 4.32987e-16 1 -0
vn -1.11022e-17 1 0
vn 2.10942e-16 1 -0
vn -1.11022e-17 1 0
vn 2.10942e-16 1 -0
vn 2.22045e-16 1 -0
vn 4.32987e-16 1 -0
vn 2.22045e-16 1 -0
vn 4.32987e-16 1 -0
vn 0 1 -0
vn 2.22045e-16 1 -0
vn 2.10942e-16 1 -0
vn 4.32987e-16 1 -0
vn 9.99201e-17 1 -0
vn 4.32987e-16 1 -0
vn 9.99201e-17 1 -0
vn 2.10942e-16 1 -0
vn 9.99201e-17 1 -0
vn -5.55112e-18 1 0
vn -2.10942e-16 1 0
vn 9.99201e-17 1 -0
vn 9.99201e-17 1 -0
vn 4.996e-17 1 -0
vn 4.996e-17 1 -0
vn -2.72005e-16 1 0
vn 4.32987e-16 1 -0
vn 1.05471e-16 1 -0
vn -4.996e-17 1 0
vn -1.66533e-16 1 0
vn -1.36002e-16 1 0
vn -1.05471e-16 1 0
vn 3.4972e-16 1 -0
vn -3.05311e-17 1 0
vn 3.4972e-16 1 -0
vn 2.48412e-16 1 -0
vn 3.60822e-17 1 -0
vn 3.80251e-16 1 -0
vn -1.60288e-16 1 0
vn 3.80251e-16 1 -0
vn 3.19189e-17 1 -0
vn 2.42861e-16 1 -0
vn -7.91034e-17 1 0
vn -3.60822e-17 1 0
vn -8.04912e-17 1 0
vn -8.46545e-17 1 0
vn 3.23352e-16 1 -0
vn 2.69229e-16 1 -0
vn -5.82867e-17 1 0
vn 1.13798e-16 1 -0
vn 0 1 -0
vn 1.60982e-16 1 -0
vn 6.10623e-17 1 -0
vn 5.55112e-17 1 -0
vn 1.05471e-16 1 -0
vn -2.16493e-16 1 0
vn 2.10942e-16 1 -0
vn -5.55112e-18 1 0
vn 1.11022e-16 1 -0
vn 2.22045e-16 1 -0
vn 1.11022e-16 1 -0
vn -5.55112e-18 1 0
vn -2.16493e-16 1 0
vn 1.11022e-16 1 -0
vn 2.10942e-16 1 -0
vn 4.32987e-16 1 -0
g WFR_rubber
usemtl rubber
f 1407//1407 1408//1408 1473//1473
f 1407//1407 1473//1473 1472//1472
f 1408//1408 1409//1409 1474//1474
f 1408//1408 1474//1474 1473//1473
f 1409//1409 1410//1410 1475//1475
f 1409//1409 1475//1475 1474//1474
f 1410//1410 1411//1411 1476//1476
f 1410//1410 1476//1476 1475//1475
f 1411//1411 1412//1412 1477//1477
f 1411//1411 1477//1477 1476//1476
f 1412//1412 1413//1413 1478//1478
f 1412//1412 1478//1478 1477//1477
f 1413//1413 1414//1414 1479//1479
f 1413//1413 1479//1479 1478//1478
f 1414//1414 1415//1415 1480//1480
f 1414//1414 1480//1480 1479//1479
f 1415//1415 1416//1416 1481//1481
f 1415//1415 1481//1481 1480//1480
f 1416//1416 1417//1417 1482//1482
f 1416//1416 1482//1482 1481//1481
f 1417//1417 1418//1418 1483//1483
f 1417//1417 1483//1483 1482//1482
f 1418//1418 1419//1419 1484//1484
f 1418//1418 1484//1484 1483//1483
f 1419//1419 1420//1420 1485//1485
f 1419//1419 1485//1485 1484//1484
f 1420//1420 1421//1421 1486//1486
f 1420//1420 1486//1486 1485//1485
f 1421//1421 1422//1422 1487//1487
f 1421//1421 1487//1487 1486//1486
f 1422//1422 1423//1423 1488//1488
f 1422//1422 1488//1488 1487//1487
f 1423//1423 1424//1424 1489//1489
f 1423//1423 1489//1489 1488//1488
f 1424//1424 1425//1425 1490//1490
f 1424//1424 1490//1490 1489//1489
f 1425//1425 1426//1426 1491//1491
f 1425//1425 1491//1491 1490//1490
f 1426//1426 1427//1427 1492//1492
f 1426//1426 1492//1492 1491//1491
f 1427//1427 1428//1428 1493//1493
f 1427//1427 1493//1493 1492//1492
f 1428//1428 1429//1429 1494//1494
f 1428//1428 1494//1494 1493//1493
f 1429//1429 1430//1430 1495//1495
f 1429//1429 1495//1495 1494//1494
f 1430//1430 1431//1431 1496//1496
f 1430//1430 1496//1496 1495//1495
f 1431//1431 1432//1432 1497//1497
f 1431//1431 1497//1497 1496//1496
f 1432//1432 1433//1433 1498//1498
f 1432//1432 1498//1498 1497//1497
f 1433//1433 1434//1434 1499//1499
f 1433//1433 1499//1499 1498//1498
f 1434//1434 1435//1435 1500//1500
f 1434//1434 1500//1500 1499//1499
f 1435//1435 1436//1436 1501//1501
f 1435//1435 1501//1501 1500//1500
f 1436//1436 1437//1437 1502//1502
f 1436//1436 1502//1502 1501//1501
f 1437//1437 1438//1438 1503//1503
f 1437//1437 1503//1503 1502//1502
f 1438//1438 1439//1439 1504//1504
f 1438//1438 1504//1504 1503//1503
f 1439//1439 1440//1440 1505//1505
f 1439//1439 1505//1505 1504//1504
f 1440//1440 1441//1441 1506//1506
f 1440//1440 1506//1506 1505//1505
f 1441//1441 1442//1442 1507//1507
f 1441//1441 1507//1507 1506//1506
f 1442//1442 1443//1443 1508//1508
f 1442//1442 1508//1508 1507//1507
f 1443//1443 1444//1444 1509//1509
f 1443//1443 1509//1509 1508//1508
f 1444//1444 1445//1445 1510//1510
f 1444//1444 1510//1510 1509//1509
f 1445//1445 1446//1446 1511//1511
f 1445//1445 1511//1511 1510//1510
f 1446//1446 1447//1447 1512//1512
f 1446//1446 1512//1512 1511//1511
f 1447//1447 1448//1448 1513//1513
f 1447//1447 1513//1513 1512//1512
f 1448//1448 1449//1449 1514//1514
f 1448//1448 1514//1514 1513//1513
f 1449//1449 1450//1450 1515//1515
f 1449//1449 1515//1515 1514//1514
f 1450//1450 1451//1451 1516//1516
f 1450//1450 1516//1516 1515//1515
f 1451//1451 1452//1452 1517//1517
f 1451//1451 1517//1517 1516//1516
f 1452//1452 1453//1453 1518//1518
f 1452//1452 1518//1518 1517//1517
f 1453//1453 1454//1454 1519//1519
f 1453//1453 1519//1519 1518//1518
f 1454//1454 1455//1455 1520//1520
f 1454//1454 1520//1520 1519//1519
f 1455//1455 1456//1456 1521//1521
f 1455//1455 1521//1521 1520//1520
f 1456//1456 1457//1457 1522//1522
f 1456//1456 1522//1522 1521//1521
f 1457//1457 1458//1458 1523//1523
f 1457//1457 1523//1523 1522//1522
f 1458//1458 1459//1459 1524//1524
f 1458//1458 1524//1524 1523//1523
f 1459//1459 1460//1460 1525//1525
f 1459//1459 1525//1525 1524//1524
f 1460//1460 1461//1461 1526//1526
f 1460//1460 1526//1526 1525//1525
f 1461//1461 1462//1462 1527//1527
f 1461//1461 1527//1527 1526//1526
f 1462//1462 1463//1463 1528//1528
f 1462//1462 1528//1528 1527//1527
f 1463//1463 1464//1464 1529//1529
f 1463//1463 1529//1529 1528//1528
f 1464//1464 1465//1465 1530//1530
f 1464//1464 1530//1530 1529//1529
f 1465//1465 1466//1466 1531//1531
f 1465//1465 1531//1531 1530//1530
f 1466//1466 1467//1467 1532//1532
f 1466//1466 1532//1532 1531//1531
f 1467//1467 1468//1468 1533//1533
f 1467//1467 1533//1533 1532//1532
f 1468//1468 1469//1469 1534//1534
f 1468//1468 1534//1534 1533//1533
f 1469//1469 1470//1470 1535//1535
f 1469//1469 1535//1535 1534//1534
f 1470//1470 1471//1471 1536//1536
f 1470//1470 1536//1536 1535//1535
f 1472//1472 1473//1473 1538//1538
f 1472//1472 1538//1538 1537//1537
f 1473//1473 1474//1474 1539//1539
f 1473//1473 1539//1539 1538//1538
f 1474//1474 1475//1475 1540//1540
f 1474//1474 1540//1540 1539//1539
f 1475//1475 1476//1476 1541//1541
f 1475//1475 1541//1541 1540//1540
f 1476//1476 1477//1477 1542//1542
f 1476//1476 1542//1542 1541//1541
f 1477//1477 1478//1478 1543//1543
f 1477//1477 1543//1543 1542//1542
f 1478//1478 1479//1479 1544//1544
f 1478//1478 1544//1544 1543//1543
f 1479//1479 1480//1480 1545//1545
f 1479//1479 1545//1545 1544//1544
f 1480//1480 1481//1481 1546//1546
f 1480//1480 1546//1546 1545//1545
f 1481//1481 1482//1482 1547//1547
f 1481//1481 1547//1547 1546//1546
f 1482//1482 1483//1483 1548//1548
f 1482//1482 1548//1548 1547//1547
f 1483//1483 1484//1484 1549//1549
f 1483//1483 1549//1549 1548//1548
f 1484//1484 1485//1485 1550//1550
f 1484//1484 1550//1550 1549//1549
f 1485//1485 1486//1486 1551//1551
f 1485//1485 1551//1551 1550//1550
f 1486//1486 1487//1487 1552//1552
f 1486//1486 1552//1552 1551//1551
f 1487//1487 1488//1488 1553//1553
f 1487//1487 1553//1553 1552//1552
f 1488//1488 1489//1489 1554//1554
f 1488//1488 1554//1554 1553//1553
f 1489//1489 1490//1490 1555//1555
f 1489//1489 1555//1555 1554//1554
f 1490//1490 1491//1491 1556//1556
f 1490//1490 1556//1556 1555//1555
f 1491//1491 1492//1492 1557//1557
f 1491//1491 1557//1557 1556//1556
f 1492//1492 1493//1493 1558//1558
f 1492//1492 1558//1558 1557//1557
f 1493//1493 1494//1494 1559//1559
f 1493//1493 1559//1559 1558//1558
f 1494//1494 1495//1495 1560//1560
f 1494//1494 1560//1560 1559//1559
f 1495//1495 1496//1496 1561//1561
f 1495//1495 1561//1561 1560//1560
f 1496//1496 1497//1497 1562//1562
f 1496//1496 1562//1562 1561//1561
f 1497//1497 1498//1498 1563//1563
f 1497//1497 1563//1563 1562//1562
f 1498//1498 1499//1499 1564//1564
f 1498//1498 1564//1564 1563//1563
f 1499//1499 1500//1500 1565//1565
f 1499//1499 1565//1565 1564//1564
f 1500//1500 1501//1501 1566//1566
f 1500//1500 1566//1566 1565//1565
f 1501//1501 1502//1502 1567//1567
f 1501//1501 1567//1567 1566//1566
f 1502//1502 1503//1503 1568//1568
f 1502//1502 1568//1568 1567//1567
f 1503//1503 1504//1504 1569//1569
f 1503//1503 1569//1569 1568//1568
f 1504//1504 1505//1505 1570//1570
f 1504//1504 1570//1570 1569//1569
f 1505//1505 1506//1506 1571//1571
f 1505//1505 1571//1571 1570//1570
f 1506//1506 1507//1507 1572//1572
f 1506//1506 1572//1572 1571//1571
f 1507//1507 1508//1508 1573//1573
f 1507//1507 1573//1573 1572//1572
f 1508//1508 1509//1509 1574//1574
f 1508//1508 1574//1574 1573//1573
f 1509//1509 1510//1510 1575//1575
f 1509//1509 1575//1575 1574//1574
f 1510//1510 1511//1511 1576//1576
f 1510//1510 1576//1576 1575//1575
f 1511//1511 1512//1512 1577//1577
f 1511//1511 1577//1577 1576//1576
f 1512//1512 1513//1513 1578//1578
f 1512//1512 1578//1578 1577//1577
f 1513//1513 1514//1514 1579//1579
f 1513//1513 1579//1579 1578//1578
f 1514//1514 1515//1515 1580//1580
f 1514//1514 1580//1580 1579//1579
f 1515//1515 1516//1516 1581//1581
f 1515//1515 1581//1581 1580//1580
f 1516//1516 1517//1517 1582//1582
f 1516//1516 1582//1582 1581//1581
f 1517//1517 1518//1518 1583//1583
f 1517//1517 1583//1583 1582//1582
f 1518//1518 1519//1519 1584//1584
f 1518//1518 1584//1584 1583//1583
f 1519//1519 1520//1520 1585//1585
f 1519//1519 1585//1585 1584//1584
f 1520//1520 1521//1521 1586//1586
f 1520//1520 1586//1586 1585//1585
f 1521//1521 1522//1522 1587//1587
f 1521//1521 1587//1587 1586//1586
f 1522//1522 1523//1523 1588//1588
f 1522//1522 1588//1588 1587//1587
f 1523//1523 1524//1524 1589//1589
f 1523//1523 1589//1589 1588//1588
f 1524//1524 1525//1525 1590//1590
f 1524//1524 1590//1590 1589//1589
f 1525//1525 1526//1526 1591//1591
f 1525//1525 1591//1591 1590//1590
f 1526//1526 1527//1527 1592//1592
f 1526//1526 1592//1592 1591//1591
f 1527//1527 1528//1528 1593//1593
f 1527//1527 1593//1593 1592//1592
f 1528//1528 1529//1529 1594//1594
f 1528//1528 1594//1594 1593//1593
f 1529//1529 1530//1530 1595//1595
f 1529//1529 1595//1595 1594//1594
f 1530//1530 1531//1531 1596//1596
f 1530//1530 1596//1596 1595//1595
f 1531//1531 1532//1532 1597//1597
f 1531//1531 1597//1597 1596//1596
f 1532//1532 1533//1533 1598//1598
f 1532//1532 1598//1598 1597//1597
f 1533//1533 1534//1534 1599//1599
f 1533//1533 1599//1599 1598//1598
f 1534//1534 1535//1535 1600//1600
f 1534//1534 1600//1600 1599//1599
f 1535//1535 1536//1536 1601//1601
f 1535//1535 1601//1601 1600//1600
f 1713//1713 1602//1602 1603//1603
f 1713//1713 1603//1603 1604//1604
f 1713//1713 1604//1604 1605//1605
f 1713//1713 1605//1605 1606//1606
f 1713//1713 1606//1606 1607//1607
f 1713//1713 1607//1607 1608//1608
f 1713//1713 1608//1608 1609//1609
f 1713//1713 1609//1609 1610//1610
f 1713//1713 1610//1610 1611//1611
f 1713//1713 1611//1611 1612//1612
f 1713//1713 1612//1612 1613//1613
f 1713//1713 1613//1613 1614//1614
f 1713//1713 1614//1614 1615//1615
f 1713//1713 1615//1615 1616//1616
f 1713//1713 1616//1616 1617//1617
f 1713//1713 1617//1617 1618//1618
f 1713//1713 1618//1618 1619//1619
f 1713//1713 1619//1619 1620//1620
f 1713//1713 1620//1620 1621//1621
f 1713//1713 1621//1621 1622//1622
f 1713//1713 1622//1622 1623//1623
f 1713//1713 1623//1623 1624//1624
f 1713//1713 1624//1624 1625//1625
f 1713//1713 1625//1625 1626//1626
f 1713//1713 1626//1626 1627//1627
f 1713//1713 1627//1627 1628//1628
f 1713//1713 1628//1628 1629//1629
f 1713//1713 1629//1629 1630//1630
f 1713//1713 1630//1630 1631//1631
f 1713//1713 1631//1631 1632//1632
f 1713//1713 1632//1632 1633//1633
f 1713//1713 1633//1633 1634//1634
f 1713//1713 1634//1634 1635//1635
f 1713//1713 1635//1635 1636//1636
f 1713//1713 1636//1636 1637//1637
f 1713//1713 1637//1637 1638//1638
f 1713//1713 1638//1638 1639//1639
f 1713//1713 1639//1639 1640//1640
f 1713//1713 1640//1640 1641//1641
f 1713//1713 1641//1641 1642//1642
f 1713//1713 1642//1642 1643//1643
f 1713//1713 1643//1643 1644//1644
f 1713//1713 1644//1644 1645//1645
f 1713//1713 1645//1645 1646//1646
f 1713//1713 1646//1646 1647//1647
f 1713//1713 1647//1647 1648//1648
f 1713//1713 1648//1648 1649//1649
f 1713//1713 1649//1649 1650//1650
f 1713//1713 1650//1650 1651//1651
f 1713//1713 1651//1651 1652//1652
f 1713//1713 1652//1652 1653//1653
f 1713//1713 1653//1653 1654//1654
f 1713//1713 1654//1654 1655//1655
f 1713//1713 1655//1655 1656//1656
f 1713//1713 1656//1656 1657//1657
f 1713//1713 1657//1657 1658//1658
f 1713//1713 1658//1658 1659//1659
f 1713//1713 1659//1659 1660//1660
f 1713//1713 1660//1660 1661//1661
f 1713//1713 1661//1661 1662//1662
f 1713//1713 1662//1662 1663//1663
f 1713//1713 1663//1663 1664//1664
f 1713//1713 1664//1664 1665//1665
f 1713//1713 1665//1665 1666//1666
f 1713//1713 1666//1666 1667//1667
f 1713//1713 1667//1667 1668//1668
f 1713//1713 1668//1668 1669//1669
f 1713//1713 1669//1669 1670//1670
f 1713//1713 1670//1670 1671//1671
f 1713//1713 1671//1671 1672//1672
f 1713//1713 1672//1672 1673//1673
f 1713//1713 1673//1673 1674//1674
f 1713//1713 1674//1674 1675//1675
f 1713//1713 1675//1675 1676//1676
f 1713//1713 1676//1676 1677//1677
f 1713//1713 1677//1677 1678//1678
f 1713//1713 1678//1678 1679//1679
f 1713//1713 1679//1679 1680//1680
f 1713//1713 1680//1680 1681//1681
f 1713//1713 1681//1681 1682//1682
f 1713//1713 1682//1682 1683//1683
f 1713//1713 1683//1683 1684//1684
f 1713//1713 1684//1684 1685//1685
f 1713//1713 1685//1685 1686//1686
f 1713//1713 1686//1686 1687//1687
f 1713//1713 1687//1687 1688//1688
f 1713//1713 1688//1688 1689//1689
f 1713//1713 1689//1689 1690//1690
f 1713//1713 1690//1690 1691//1691
f 1713//1713 1691//1691 1692//1692
f 1713//1713 1692//1692 1693//1693
f 1713//1713 1693//1693 1694//1694
f 1713//1713 1694//1694 1695//1695
f 1713//1713 1695//1695 1696//1696
f 1713//1713 1696//1696 1697//1697
f 1713//1713 1697//1697 1698//1698
f 1713//1713 1698//1698 1699//1699
f 1713//1713 1699//1699 1700//1700
f 1713//1713 1700//1700 1701//1701
f 1713//1713 1701//1701 1702//1702
f 1713//1713 1702//1702 1703//1703
f 1713//1713 1703//1703 1704//1704
f 1713//1713 1704//1704 1705//1705
f 1713//1713 1705//1705 1706//1706
f 1713//1713 1706//1706 1707//1707
f 1713//1713 1707//1707 1708//1708
f 1713//1713 1708//1708 1709//1709
f 1713//1713 1709//1709 1710//1710
f 1713//1713 1710//1710 1711//1711
f 1711//1711 1712//1712 1713//1713
f 1825//1825 1714//1714 1715//1715
f 1825//1825 1715//1715 1716//1716
f 1825//1825 1716//1716 1717//1717
f 1825//1825 1717//1717 1718//1718
f 1825//1825 1718//1718 1719//1719
f 1825//1825 1719//1719 1720//1720
f 1825//1825 1720//1720 1721//1721
f 1825//1825 1721//1721 1722//1722
f 1825//1825 1722//1722 1723//1723
f 1825//1825 1723//1723 1724//1724
f 1825//1825 1724//1724 1725//1725
f 1825//1825 1725//1725 1726//1726
f 1825//1825 1726//1726 1727//1727
f 1825//1825 1727//1727 1728//1728
f 1825//1825 1728//1728 1729//1729
f 1825//1825 1729//1729 1730//1730
f 1825//1825 1730//1730 1731//1731
f 1825//1825 1731//1731 1732//1732
f 1825//1825 1732//1732 1733//1733
f 1825//1825 1733//1733 1734//1734
f 1825//1825 1734//1734 1735//1735
f 1825//1825 1735//1735 1736//1736
f 1825//1825 1736//1736 1737//1737
f 1825//1825 1737//1737 1738//1738
f 1825//1825 1738//1738 1739//1739
f 1825//1825 1739//1739 1740//1740
f 1825//1825 1740//1740 1741//1741
f 1825//1825 1741//1741 1742//1742
f 1825//1825 1742//1742 1743//1743
f 1825//1825 1743//1743 1744//1744
f 1825//1825 1744//1744 1745//1745
f 1825//1825 1745//1745 1746//1746
f 1825//1825 1746//1746 1747//1747
f 1825//1825 1747//1747 1748//1748
f 1825//1825 1748//1748 1749//1749
f 1825//1825 1749//1749 1750//1750
f 1825//1825 1750//1750 1751//1751
f 1825//1825 1751//1751 1752//1752
f 1825//1825 1752//1752 1753//1753
f 1825//1825 1753//1753 1754//1754
f 1825//1825 1754//1754 1755//1755
f 1825//1825 1755//1755 1756//1756
f 1825//1825 1756//1756 1757//1757
f 1825//1825 1757//1757 1758//1758
f 1825//1825 1758//1758 1759//1759
f 1825//1825 1759//1759 1760//1760
f 1825//1825 1760//1760 1761//1761
f 1825//1825 1761//1761 1762//1762
f 1825//1825 1762//1762 1763//1763
f 1825//1825 1763//1763 1764//1764
f 1825//1825 1764//1764 1765//1765
f 1825//1825 1765//1765 1766//1766
f 1825//1825 1766//1766 1767//1767
f 1825//1825 1767//1767 1768//1768
f 1825//1825 1768//1768 1769//1769
f 1825//1825 1769//1769 1770//1770
f 1825//1825 1770//1770 1771//1771
f 1825//1825 1771//1771 1772//1772
f 1825//1825 1772//1772 1773//1773
f 1825//1825 1773//1773 1774//1774
f 1825//1825 1774//1774 1775//1775
f 1825//1825 1775//1775 1776//1776
f 1825//1825 1776//1776 1777//1777
f 1825//1825 1777//1777 1778//1778
f 1825//1825 1778//1778 1779//1779
f 1825//1825 1779//1779 1780//1780
f 1825//1825 1780//1780 1781//1781
f 1825//1825 1781//1781 1782//1782
f 1825//1825 1782//1782 1783//1783
f 1825//1825 1783//1783 1784//1784
f 1825//1825 1784//1784 1785//1785
f 1825//1825 1785//1785 1786//1786
f 1825//1825 1786//1786 1787//1787
f 1825//1825 1787//1787 1788//1788
f 1825//1825 1788//1788 1789//1789
f 1825//1825 1789//1789 1790//1790
f 1825//1825 1790//1790 1791//1791
f 1825//1825 1791//1791 1792//1792
f 1825//1825 1792//1792 1793//1793
f 1825//1825 1793//1793 1794//1794
f 1825//1825 1794//1794 1795//1795
f 1825//1825 1795//1795 1796//1796
f 1825//1825 1796//1796 1797//1797
f 1825//1825 1797//1797 1798//1798
f 1825//1825 1798//1798 1799//1799
f 1825//1825 1799//1799 1800//1800
f 1825//1825 1800//1800 1801//1801
f 1825//1825 1801//1801 1802//1802
f 1825//1825 1802//1802 1803//1803
f 1825//1825 1803//1803 1804//1804
f 1825//1825 1804//1804 1805//1805
f 1825//1825 1805//1805 1806//1806
f 1825//1825 1806//1806 1807//1807
f 1825//1825 1807//1807 1808//1808
f 1825//1825 1808//1808 1809//1809
f 1825//1825 1809//1809 1810//1810
f 1825//1825 1810//1810 1811//1811
f 1825//1825 1811//1811 1812//1812
f 1825//1825 1812//1812 1813//1813
f 1825//1825 1813//1813 1814//1814
f 1825//1825 1814//1814 1815//1815
f 1825//1825 1815//1815 1816//1816
f 1825//1825 1816//1816 1817//1817
f 1825//1825 1817//1817 1818//1818
f 1825//1825 1818//1818 1819//1819
f 1825//1825 1819//1819 1820//1820
f 1825//1825 1820//1820 1821//1821
f 1825//1825 1821//1821 1822//1822
f 1825//1825 1822//1822 1823//1823
f 1823//1823 1824//1824 1825//1825
o WRL
v 2.41 -0.02 0.36
v 2.41138 -0.02 0.390551
v 2.41568 -0.02 0.421867
v 2.42312 -0.02 0.453554
v 2.43387 -0.02 0.485152
v 2.44798 -0.02 0.51616
v 2.46542 -0.02 0.546051
v 2.48604 -0.02 0.574301
v 2.50958 -0.02 0.600416
v 2.5357 -0.02 0.62396
v 2.56395 -0.02 0.644578
v 2.59384 -0.02 0.662017
v 2.62485 -0.02 0.676128
v 2.65645 -0.02 0.686876
v 2.68813 -0.02 0.694324
v 2.71945 -0.02 0.698625
v 2.75 -0.02 0.7
v 2.78055 -0.02 0.698625
v 2.81187 -0.02 0.694324
v 2.84355 -0.02 0.686876
v 2.87515 -0.02 0.676128
v 2.90616 -0.02 0.662017
v 2.93605 -0.02 0.644578
v 2.9643 -0.02 0.62396
v 2.99042 -0.02 0.600416
v 3.01396 -0.02 0.574301
v 3.03458 -0.02 0.546051
v 3.05202 -0.02 0.51616
v 3.06613 -0.02 0.485152
v 3.07688 -0.02 0.453554
v 3.08432 -0.02 0.421867
v 3.08862 -0.02 0.390551
v 3.09 -0.02 0.36
v 3.08862 -0.02 0.329449
v 3.08432 -0.02 0.298133
v 3.07688 -0.02 0.266446
v 3.06613 -0.02 0.234848
v 3.05202 -0.02 0.20384
v 3.03458 -0.02 0.173949
v 3.01396 -0.02 0.145699
v 2.99042 -0.02 0.119584
v 2.9643 -0.02 0.0960399
v 2.93605 -0.02 0.0754215
v 2.90616 -0.02 0.0579834
v 2.87515 -0.02 0.043872
v 2.84355 -0.02 0.0331244
v 2.81187 -0.02 0.0256762
v 2.78055 -0.02 0.0213753
v 2.75 -0.02 0.02
v 2.71945 -0.02 0.0213753
v 2.68813 -0.02 0.0256762
v 2.65645 -0.02 0.0331244
v 2.62485 -0.02 0.043872
v 2.59384 -0.02 0.0579834
v 2.56395 -0.02 0.0754215
v 2.5357 -0.02 0.0960399
v 2.50958 -0.02 0.119584
v 2.48604 -0.02 0.145699
v 2.46542 -0.02 0.173949
v 2.44798 -0.02 0.20384
v 2.43387 -0.02 0.234848
v 2.42312 -0.02 0.266446
v 2.41568 -0.02 0.298133
v 2.41138 -0.02 0.329449
v 2.41 -0.02 0.36
v 2.41 0.13 0.36
v 2.41138 0.13 0.390551
v 2.41568 0.13 0.421867
v 2.42312 0.13 0.453554
v 2.43387 0.13 0.485152
v 2.44798 0.13 0.51616
v 2.46542 0.13 0.546051
v 2.48604 0.13 0.574301
v 2.50958 0.13 0.600416
v 2.5357 0.13 0.62396
v 2.56395 0.13 0.644578
v 2.59384 0.13 0.662017
v 2.62485 0.13 0.676128
v 2.65645 0.13 0.686876
v 2.68813 0.13 0.694324
v 2.71945 0.13 0.698625
v 2.75 0.13 0.7
v 2.78055 0.13 0.698625
v 2.81187 0.13 0.694324
v 2.84355 0.13 0.686876
v 2.87515 0.13 0.676128
v 2.90616 0.13 0.662017
v 2.93605 0.13 0.644578
v 2.9643 0.13 0.62396
v 2.99042 0.13 0.600416
v 3.01396 0.13 0.574301
v 3.03458 0.13 0.546051
v 3.05202 0.13 0.51616
v 3.06613 0.13 0.485152
v 3.07688 0.13 0.453554
v 3.08432 0.13 0.421867
v 3.08862 0.13 0.390551
v 3.09 0.13 0.36
v 3.08862 0.13 0.329449
v 3.08432 0.13 0.298133
v 3.07688 0.13 0.266446
v 3.06613 0.13 0.234848
v 3.05202 0.13 0.20384
v 3.03458 0.13 0.173949
v 3.01396 0.13 0.145699
v 2.99042 0.13 0.119584
v 2.9643 0.13 0.0960399
v 2.93605 0.13 0.0754215
v 2.90616 0.13 0.0579834
v 2.87515 0.13 0.043872
v 2.84355 0.13 0.0331244
v 2.81187 0.13 0.0256762
v 2.78055 0.13 0.0213753
v 2.75 0.13 0.02
v 2.71945 0.13 0.0213753
v 2.68813 0.13 0.0256762
v 2.65645 0.13 0.0331244
v 2.62485 0.13 0.043872
v 2.59384 0.13 0.0579834
v 2.56395 0.13 0.0754215
v 2.5357 0.13 0.0960399
v 2.50958 0.13 0.119584
v 2.48604 0.13 0.145699
v 2.46542 0.13 0.173949
v 2.44798 0.13 0.20384
v 2.43387 0.13 0.234848
v 2.42312 0.13 0.266446
v 2.41568 0.13 0.298133
v 2.41138 0.13 0.329449
v 2.41 0.13 0.36
v 2.41 0.28 0.36
v 2.41138 0.28 0.390551
v 2.41568 0.28 0.421867
v 2.42312 0.28 0.453554
v 2.43387 0.28 0.485152
v 2.44798 0.28 0.51616
v 2.46542 0.28 0.546051
v 2.48604 0.28 0.574301
v 2.50958 0.28 0.600416
v 2.5357 0.28 0.62396
v 2.56395 0.28 0.644578
v 2.59384 0.28 0.662017
v 2.62485 0.28 0.676128
v 2.65645 0.28 0.686876
v 2.68813 0.28 0.694324
v 2.71945 0.28 0.698625
v 2.75 0.28 0.7
v 2.78055 0.28 0.698625
v 2.81187 0.28 0.694324
v 2.84355 0.28 0.686876
v 2.87515 0.28 0.676128
v 2.90616 0.28 0.662017
v 2.93605 0.28 0.644578
v 2.9643 0.28 0.62396
v 2.99042 0.28 0.600416
v 3.01396 0.28 0.574301
v 3.03458 0.28 0.546051
v 3.05202 0.28 0.51616
v 3.06613 0.28 0.485152
v 3.07688 0.28 0.453554
v 3.08432 0.28 0.421867
v 3.08862 0.28 0.390551
v 3.09 0.28 0.36
v 3.08862 0.28 0.329449
v 3.08432 0.28 0.298133
v 3.07688 0.28 0.266446
v 3.06613 0.28 0.234848
v 3.05202 0.28 0.20384
v 3.03458 0.28 0.173949
v 3.01396 0.28 0.145699
v 2.99042 0.28 0.119584
v 2.9643 0.28 0.0960399
v 2.93605 0.28 0.0754215
v 2.90616 0.28 0.0579834
v 2.87515 0.28 0.043872
v 2.84355 0.28 0.0331244
v 2.81187 0.28 0.0256762
v 2.78055 0.28 0.0213753
v 2.75 0.28 0.02
v 2.71945 0.28 0.0213753
v 2.68813 0.28 0.0256762
v 2.65645 0.28 0.0331244
v 2.62485 0.28 0.043872
v 2.59384 0.28 0.0579834
v 2.56395 0.28 0.0754215
v 2.5357 0.28 0.0960399
v 2.50958 0.28 0.119584
v 2.48604 0.28 0.145699
v 2.46542 0.28 0.173949
v 2.44798 0.28 0.20384
v 2.43387 0.28 0.234848
v 2.42312 0.28 0.266446
v 2.41568 0.28 0.298133
v 2.41138 0.28 0.329449
v 2.41 0.28 0.36
v 2.41 0.28 0.36
v 2.41138 0.28 0.390551
v 2.41568 0.28 0.421867
v 2.42312 0.28 0.453554
v 2.42808 0.28 0.469395
v 2.43387 0.28 0.485152
v 2.44051 0.28 0.500763
v 2.44798 0.28 0.51616
v 2.45629 0.28 0.531278
v 2.46542 0.28 0.546051
v 2.47535 0.28 0.560413
v 2.48604 0.28 0.574301
v 2.49747 0.28 0.587655
v 2.50958 0.28 0.600416
v 2.52235 0.28 0.612534
v 2.5357 0.28 0.62396
v 2.54959 0.28 0.634653
v 2.56395 0.28 0.644578
v 2.57872 0.28 0.653707
v 2.59384 0.28 0.662017
v 2.60924 0.28 0.669493
v 2.62485 0.28 0.676128
v 2.64061 0.28 0.681921
v 2.65645 0.28 0.686876
v 2.68813 0.28 0.694324
v 2.71945 0.28 0.698625
v 2.75 0.28 0.7
v 2.78055 0.28 0.698625
v 2.81187 0.28 0.694324
v 2.84355 0.28 0.686876
v 2.85939 0.28 0.681921
v 2.87515 0.28 0.676128
v 2.89076 0.28 0.669493
v 2.90616 0.28 0.662017
v 2.92128 0.28 0.653707
v 2.93605 0.28 0.644578
v 2.95041 0.28 0.634653
v 2.9643 0.28 0.62396
v 2.97765 0.28 0.612534
v 2.99042 0.28 0.600416
v 3.00253 0.28 0.587655
v 3.01396 0.28 0.574301
v 3.02465 0.28 0.560413
v 3.03458 0.28 0.546051
v 3.04371 0.28 0.531278
v 3.05202 0.28 0.51616
v 3.05949 0.28 0.500763
v 3.06613 0.28 0.485152
v 3.07192 0.28 0.469395
v 3.07688 0.28 0.453554
v 3.08432 0.28 0.421867
v 3.08862 0.28 0.390551
v 3.09 0.28 0.36
v 3.08862 0.28 0.329449
v 3.08432 0.28 0.298133
v 3.07688 0.28 0.266446
v 3.07192 0.28 0.250605
v 3.06613 0.28 0.234848
v 3.05949 0.28 0.219237
v 3.05202 0.28 0.20384
v 3.04371 0.28 0.188722
v 3.03458 0.28 0.173949
v 3.02465 0.28 0.159587
v 3.01396 0.28 0.145699
v 3.00253 0.28 0.132345
v 2.99042 0.28 0.119584
v 2.97765 0.28 0.107466
v 2.9643 0.28 0.0960399
v 2.95041 0.28 0.0853466
v 2.93605 0.28 0.0754215
v 2.92128 0.28 0.0662932
v 2.90616 0.28 0.0579834
v 2.89076 0.28 0.050507
v 2.87515 0.28 0.043872
v 2.85939 0.28 0.0380795
v 2.84355 0.28 0.0331244
v 2.81187 0.28 0.0256762
v 2.78055 0.28 0.0213753
v 2.75 0.28 0.02
v 2.71945 0.28 0.0213753
v 2.68813 0.28 0.0256762
v 2.65645 0.28 0.0331244
v 2.64061 0.28 0.0380795
v 2.62485 0.28 0.043872
v 2.60924 0.28 0.050507
v 2.59384 0.28 0.0579834
v 2.57872 0.28 0.0662932
v 2.56395 0.28 0.0754215
v 2.54959 0.28 0.0853466
v 2.5357 0.28 0.0960399
v 2.52235 0.28 0.107466
v 2.50958 0.28 0.119584
v 2.49747 0.28 0.132345
v 2.48604 0.28 0.145699
v 2.47535 0.28 0.159587
v 2.46542 0.28 0.173949
v 2.45629 0.28 0.188722
v 2.44798 0.28 0.20384
v 2.44051 0.28 0.219237
v 2.43387 0.28 0.234848
v 2.42808 0.28 0.250605
v 2.42312 0.28 0.266446
v 2.41568 0.28 0.298133
v 2.41138 0.28 0.329449
v 2.41 -0.02 0.36
v 2.41138 -0.02 0.329449
v 2.41568 -0.02 0.298133
v 2.42312 -0.02 0.266446
v 2.42808 -0.02 0.250605
v 2.43387 -0.02 0.234848
v 2.44051 -0.02 0.219237
v 2.44798 -0.02 0.20384
v 2.45629 -0.02 0.188722
v 2.46542 -0.02 0.173949
v 2.47535 -0.02 0.159587
v 2.48604 -0.02 0.145699
v 2.49747 -0.02 0.132345
v 2.50958 -0.02 0.119584
v 2.52235 -0.02 0.107466
v 2.5357 -0.02 0.0960399
v 2.54959 -0.02 0.0853466
v 2.56395 -0.02 0.0754215
v 2.57872 -0.02 0.0662932
v 2.59384 -0.02 0.0579834
v 2.60924 -0.02 0.050507
v 2.62485 -0.02 0.043872
v 2.64061 -0.02 0.0380795
v 2.65645 -0.02 0.0331244
v 2.68813 -0.02 0.0256762
v 2.71945 -0.02 0.0213753
v 2.75 -0.02 0.02
v 2.78055 -0.02 0.0213753
v 2.81187 -0.02 0.0256762
v 2.84355 -0.02 0.0331244
v 2.85939 -0.02 0.0380795
v 2.87515 -0.02 0.043872
v 2.89076 -0.02 0.050507
v 2.90616 -0.02 0.0579834
v 2.92128 -0.02 0.0662932
v 2.93605 -0.02 0.0754215
v 2.95041 -0.02 0.0853466
v 2.9643 -0.02 0.0960399
v 2.97765 -0.02 0.107466
v 2.99042 -0.02 0.119584
v 3.00253 -0.02 0.132345
v 3.01396 -0.02 0.145699
v 3.02465 -0.02 0.159587
v 3.03458 -0.02 0.173949
v 3.04371 -0.02 0.188722
v 3.05202 -0.02 0.20384
v 3.05949 -0.02 0.219237
v 3.06613 -0.02 0.234848
v 3.07192 -0.02 0.250605
v 3.07688 -0.02 0.266446
v 3.08432 -0.02 0.298133
v 3.08862 -0.02 0.329449
v 3.09 -0.02 0.36
v 3.08862 -0.02 0.390551
v 3.08432 -0.02 0.421867
v 3.07688 -0.02 0.453554
v 3.07192 -0.02 0.469395
v 3.06613 -0.02 0.485152
v 3.05949 -0.02 0.500763
v 3.05202 -0.02 0.51616
v 3.04371 -0.02 0.531278
v 3.03458 -0.02 0.546051
v 3.02465 -0.02 0.560413
v 3.01396 -0.02 0.574301
v 3.00253 -0.02 0.587655
v 2.99042 -0.02 0.600416
v 2.97765 -0.02 0.612534
v 2.9643 -0.02 0.62396
v 2.95041 -0.02 0.634653
v 2.93605 -0.02 0.644578
v 2.92128 -0.02 0.653707
v 2.90616 -0.02 0.662017
v 2.89076 -0.02 0.669493
v 2.87515 -0.02 0.676128
v 2.85939 -0.02 0.681921
v 2.84355 -0.02 0.686876
v 2.81187 -0.02 0.694324
v 2.78055 -0.02 0.698625
v 2.75 -0.02 0.7
v 2.71945 -0.02 0.698625
v 2.68813 -0.02 0.694324
v 2.65645 -0.02 0.686876
v 2.64061 -0.02 0.681921
v 2.62485 -0.02 0.676128
v 2.60924 -0.02 0.669493
v 2.59384 -0.02 0.662017
v 2.57872 -0.02 0.653707
v 2.56395 -0.02 0.644578
v 2.54959 -0.02 0.634653
v 2.5357 -0.02 0.62396
v 2.52235 -0.02 0.612534
v 2.50958 -0.02 0.600416
v 2.49747 -0.02 0.587655
v 2.48604 -0.02 0.574301
v 2.47535 -0.02 0.560413
v 2.46542 -0.02 0.546051
v 2.45629 -0.02 0.531278
v 2.44798 -0.02 0.51616
v 2.44051 -0.02 0.500763
v 2.43387 -0.02 0.485152
v 2.42808 -0.02 0.469395
v 2.42312 -0.02 0.453554
v 2.41568 -0.02 0.421867
v 2.41138 -0.02 0.390551
vn -1 0 0
vn -0.995955 0 0.0898544
vn -0.983305 0 0.181963
vn -0.961399 0 0.275158
vn -0.929788 0 0.368095
vn -0.888284 0 0.459295
vn -0.836996 0 0.54721
vn -0.776353 0 0.630298
vn -0.707107 0 0.707107
vn -0.630298 0 0.776353
vn -0.54721 0 0.836996
vn -0.459295 0 0.888284
vn -0.368095 0 0.929788
vn -0.275158 0 0.961399
vn -0.181963 0 0.983305
vn -0.0898544 0 0.995955
vn -0 0 1
vn 0.0898544 -0 0.995955
vn 0.181963 -0 0.983305
vn 0.275158 -0 0.961399
vn 0.368095 -0 0.929788
vn 0.459295 -0 0.888284
vn 0.54721 -0 0.836996
vn 0.630298 -0 0.776353
vn 0.707107 -0 0.707107
vn 0.776353 -0 0.630298
vn 0.836996 -0 0.54721
vn 0.888284 -0 0.459295
vn 0.929788 -0 0.368095
vn 0.961399 -0 0.275158
vn 0.983305 -0 0.181963
vn 0.995955 -0 0.0898544
vn 1 0 -9.23584e-16
vn 0.995955 0 -0.0898544
vn 0.983305 0 -0.181963
vn 0.961399 0 -0.275158
vn 0.929788 0 -0.368095
vn 0.888284 0 -0.459295
vn 0.836996 0 -0.54721
vn 0.776353 0 -0.630298
vn 0.707107 0 -0.707107
vn 0.630298 0 -0.776353
vn 0.54721 0 -0.836996
vn 0.459295 0 -0.888284
vn 0.368095 0 -0.929788
vn 0.275158 0 -0.961399
vn 0.181963 0 -0.983305
vn 0.0898544 0 -0.995955
vn 1.65956e-16 0 -1
vn -0.0898544 0 -0.995955
vn -0.181963 0 -0.983305
vn -0.275158 0 -0.961399
vn -0.368095 0 -0.929788
vn -0.459295 0 -0.888284
vn -0.54721 0 -0.836996
vn -0.630298 0 -0.776353
vn -0.707107 0 -0.707107
vn -0.776353 0 -0.630298
vn -0.836996 0 -0.54721
vn -0.888284 0 -0.459295
vn -0.929788 0 -0.368095
vn -0.961399 0 -0.275158
vn -0.983305 0 -0.181963
vn -0.995955 0 -0.0898544
vn -1 0 0
vn -1 0 0
vn -0.995955 0 0.0898544
vn -0.983305 0 0.181963
vn -0.961399 0 0.275158
vn -0.929788 0 0.368095
vn -0.888284 0 0.459295
vn -0.836996 0 0.54721
vn -0.776353 0 0.630298
vn -0.707107 0 0.707107
vn -0.630298 0 0.776353
vn -0.54721 0 0.836996
vn -0.459295 0 0.888284
vn -0.368095 0 0.929788
vn -0.275158 0 0.961399
vn -0.181963 0 0.983305
vn -0.0898544 0 0.995955
vn -1.15448e-16 0 1
vn 0.0898544 -0 0.995955
vn 0.181963 -0 0.983305
vn 0.275158 -0 0.961399
vn 0.368095 -0 0.929788
vn 0.459295 -0 0.888284
vn 0.54721 -0 0.836996
vn 0.630298 -0 0.776353
vn 0.707107 -0 0.707107
vn 0.776353 -0 0.630298
vn 0.836996 -0 0.54721
vn 0.888284 -0 0.459295
vn 0.929788 -0 0.368095
vn 0.961399 -0 0.275158
vn 0.983305 -0 0.181963
vn 0.995955 -0 0.0898544
vn 1 -0 0
vn 0.995955 0 -0.0898544
vn 0.983305 0 -0.181963
vn 0.961399 0 -0.275158
vn 0.929788 0 -0.368095
vn 0.888284 0 -0.459295
vn 0.836996 0 -0.54721
vn 0.776353 0 -0.630298
vn 0.707107 0 -0.707107
vn 0.630298 0 -0.776353
vn 0.54721 0 -0.836996
vn 0.459295 0 -0.888284
vn 0.368095 0 -0.929788
vn 0.275158 0 -0.961399
vn 0.181963 0 -0.983305
vn 0.0898544 0 -0.995955
vn 1.58741e-16 0 -1
vn -0.0898544 0 -0.995955
vn -0.181963 0 -0.983305
vn -0.275158 0 -0.961399
vn -0.368095 0 -0.929788
vn -0.459295 0 -0.888284
vn -0.54721 0 -0.836996
vn -0.630298 0 -0.776353
vn -0.707107 0 -0.707107
vn -0.776353 0 -0.630298
vn -0.836996 0 -0.54721
vn -0.888284 0 -0.459295
vn -0.929788 0 -0.368095
vn -0.961399 0 -0.275158
vn -0.983305 0 -0.181963
vn -0.995955 0 -0.0898544
vn -1 0 0
vn -1 0 0
vn -0.995955 0 0.0898544
vn -0.983305 0 0.181963
vn -0.961399 0 0.275158
vn -0.929788 0 0.368095
vn -0.888284 0 0.459295
vn -0.836996 0 0.54721
vn -0.776353 0 0.630298
vn -0.707107 0 0.707107
vn -0.630298 0 0.776353
vn -0.54721 0 0.836996
vn -0.459295 0 0.888284
vn -0.368095 0 0.929788
vn -0.275158 0 0.961399
vn -0.181963 0 0.983305
vn -0.0898544 0 0.995955
vn 0 0 1
vn 0.0898544 -0 0.995955
vn 0.181963 -0 0.983305
vn 0.275158 -0 0.961399
vn 0.368095 -0 0.929788
vn 0.459295 -0 0.888284
vn 0.54721 -0 0.836996
vn 0.630298 -0 0.776353
vn 0.707107 -0 0.707107
vn 0.776353 -0 0.630298
vn 0.836996 -0 0.54721
vn 0.888284 -0 0.459295
vn 0.929788 -0 0.368095
vn 0.961399 -0 0.275158
vn 0.983305 -0 0.181963
vn 0.995955 -0 0.0898544
vn 1 0 -9.23584e-16
vn 0.995955 0 -0.0898544
vn 0.983305 0 -0.181963
vn 0.961399 0 -0.275158
vn 0.929788 0 -0.368095
vn 0.888284 0 -0.459295
vn 0.836996 0 -0.54721
vn 0.776353 0 -0.630298
vn 0.707107 0 -0.707107
vn 0.630298 0 -0.776353
vn 0.54721 0 -0.836996
vn 0.459295 0 -0.888284
vn 0.368095 0 -0.929788
vn 0.275158 0 -0.961399
vn 0.181963 0 -0.983305
vn 0.0898544 0 -0.995955
vn 1.65956e-16 0 -1
vn -0.0898544 0 -0.995955
vn -0.181963 0 -0.983305
vn -0.275158 0 -0.961399
vn -0.368095 0 -0.929788
vn -0.459295 0 -0.888284
vn -0.54721 0 -0.836996
vn -0.630298 0 -0.776353
vn -0.707107 0 -0.707107
vn -0.776353 0 -0.630298
vn -0.836996 0 -0.54721
vn -0.888284 0 -0.459295
vn -0.929788 0 -0.368095
vn -0.961399 0 -0.275158
vn -0.983305 0 -0.181963
vn -0.995955 0 -0.0898544
vn -1 0 0
vn 0 1 -0
vn 0 1 -0
vn 0 1 -0
vn -2.77556e-17 1 0
vn 0 1 -0
vn 2.77556e-17 1 -0
vn 0 1 -0
vn 0 1 -0
vn 0 1 -0
vn 0 1 -0
vn 0 1 -0
vn 0 1 -0
vn 0 1 -0
vn 0 1 -0
vn 0 1 -0
vn 0 1 -0
vn 0 1 -0
vn 0 1 -0
vn 5.55112e-17 1 -0
vn 0 1 -0
vn 0 1 -0
vn 0 1 -0
vn 0 1 -0
vn 0 1 -0
vn 0 1 -0
vn 0 1 -0
vn 0 1 -0
vn 0 1 -0
vn 0 1 -0
vn 0 1 -0
vn 0 1 -0
vn 0 1 -0
vn 0 1 -0
vn 0 1 -0
vn 5.55112e-17 1 -0
vn 0 1 -0
vn 0 1 -0
vn 0 1 -0
vn 0 1 -0
vn 0 1 -0
vn 0 1 -0
vn 0 1 -0
vn 0 1 -0
vn 0 1 -0
vn 0 1 -0
vn 0 1 -0
vn -3.10862e-17 1 0
vn -3.33067e-18 1 0
vn -3.10862e-17 1 0
vn -3.33067e-18 1 0
vn 0 1 -0
vn -3.33067e-18 1 0
vn 0 1 -0
vn 0 1 -0
vn -3.33067e-18 1 0
vn -3.33067e-18 1 0
vn 1.55431e-17 1 -0
vn 1.38778e-17 1 -0
vn 1.55431e-17 1 -0
vn 1.55431e-17 1 -0
vn -1.38778e-17 1 0
vn 4.4964e-17 1 -0
vn -1.38778e-17 1 0
vn -4.4964e-17 1 0
vn 3.33067e-18 1 -0
vn -4.4964e-17 1 0
vn -1.66533e-18 1 0
vn -3.33067e-18 1 0
vn -2.85882e-17 1 0
vn -4.41314e-17 1 0
vn -9.4369e-18 1 0
vn -1.66533e-18 1 0
vn 1.30451e-17 1 -0
vn 1.22125e-17 1 -0
vn 2.81719e-17 1 -0
vn -2.47025e-17 1 0
vn -5.68989e-18 1 0
vn 8.32667e-19 1 -0
vn 3.59435e-17 1 -0
vn 1.66533e-18 1 -0
vn -5.27356e-18 1 0
vn 2.94209e-17 1 -0
vn 3.02536e-17 1 -0
vn 1.1241e-17 1 -0
vn 1.33227e-17 1 -0
vn 1.66533e-18 1 -0
vn -7.77156e-18 1 0
vn 7.77156e-18 1 -0
vn 2.16493e-17 1 -0
vn -5.27356e-18 1 0
vn -8.60423e-18 1 0
vn 9.4369e-18 1 -0
vn -1.38778e-17 1 0
vn -4.4964e-17 1 0
vn 4.4964e-17 1 -0
vn -3.10862e-17 1 0
vn -2.77556e-17 1 0
vn 4.32987e-17 1 -0
vn 0 1 -0
vn 1.55431e-17 1 -0
vn -4.32987e-17 1 0
vn -3.33067e-18 1 0
vn -3.33067e-18 1 0
vn -3.33067e-18 1 0
vn 2.22045e-18 -1 0
vn 0 -1 0
vn 1.73472e-18 -1 0
vn 1.73472e-18 -1 0
vn 1.11022e-18 -1 0
vn 4.85723e-19 -1 0
vn -6.245e-19 -1 0
vn -2.42861e-19 -1 0
vn 1.35308e-18 -1 0
vn 1.35308e-18 -1 0
vn 2.22045e-18 -1 0
vn -1.97758e-18 -1 0
vn 2.22045e-18 -1 0
vn -7.97973e-19 -1 0
vn 1.66533e-18 -1 0
vn -5.55112e-19 -1 0
vn -2.96638e-18 -1 0
vn -9.88792e-19 -1 0
vn -7.45931e-19 -1 0
vn -8.67362e-19 -1 0
vn -8.67362e-20 -1 0
vn -2.77556e-19 -1 0
vn -3.64292e-19 -1 0
vn 4.68375e-19 -1 0
vn -2.47198e-18 -1 0
vn -2.60209e-20 -1 0
vn -6.33174e-19 -1 0
vn -1.21431e-19 -1 0
vn 9.02056e-19 -1 0
vn 4.33681e-19 -1 0
vn -4.94396e-19 -1 0
vn -1.9082e-19 -1 0
vn -1.21431e-19 -1 0
vn -8.67362e-19 -1 0
vn -1.66533e-18 -1 0
vn 2.28983e-18 -1 0
vn -3.64292e-19 -1 0
vn -1.35308e-18 -1 0
vn 1.17961e-18 -1 0
vn 2.5327e-18 -1 0
vn -3.08781e-18 -1 0
vn 1.35308e-18 -1 0
vn -2.42861e-19 -1 0
vn 0 -1 0
vn -8.67362e-19 -1 0
vn -2.84495e-18 -1 0
vn -1.11022e-18 -1 0
vn -3.95517e-18 -1 0
vn -1.11022e-18 -1 0
vn 2.22045e-18 -1 0
vn 0 -1 0
vn 0 -1 0
vn 1.73472e-18 -1 0
vn 1.73472e-18 -1 0
vn 4.85723e-19 -1 0
vn 0 -1 0
vn 2.22045e-18 -1 0
vn -3.46945e-18 -1 0
vn 2.22045e-18 -1 0
vn -3.46945e-18 -1 0
vn 0 -1 0
vn 0 -1 0
vn 0 -1 0
vn 9.71445e-19 -1 0
vn 0 -1 0
vn 0 -1 0
vn 0 -1 0
vn 0 -1 0
vn 0 -1 0
vn 0 -1 0
vn 0 -1 0
vn 0 -1 0
vn 0 -1 0
vn 0 -1 0
vn -3.46945e-18 -1 0
vn 0 -1 0
vn 0 -1 0
vn 0 -1 0
vn 0 -1 0
vn 0 -1 0
vn 0 -1 0
vn 0 -1 0
vn 0 -1 0
vn 0 -1 0
vn 0 -1 0
vn 0 -1 0
vn 0 -1 0
vn 0 -1 0
vn 0 -1 0
vn 0 -1 0
vn 0 -1 0
vn 0 -1 0
vn 0 -1 0
vn 0 -1 0
vn 0 -1 0
vn 0 -1 0
vn 0 -1 0
vn -3.46945e-18 -1 0
vn 2.22045e-18 -1 0
vn 3.46945e-18 -1 0
vn 0 -1 0
vn 2.22045e-18 -1 0
vn 4.85723e-19 -1 0
vn 0 -1 0
g WRL_rubber
usemtl rubber
f 1826//1826 1827//1827 1892//1892
f 1826//1826 1892//1892 1891//1891
f 1827//1827 1828//1828 1893//1893
f 1827//1827 1893//1893 1892//1892
f 1828//1828 1829//1829 1894//1894
f 1828//1828 1894//1894 1893//1893
f 1829//1829 1830//1830 1895//1895
f 1829//1829 1895//1895 1894//1894
f 1830//1830 1831//1831 1896//1896
f 1830//1830 1896//1896 1895//1895
f 1831//1831 1832//1832 1897//1897
f 1831//1831 1897//1897 1896//1896
f 1832//1832 1833//1833 1898//1898
f 1832//1832 1898//1898 1897//1897
f 1833//1833 1834//1834 1899//1899
f 1833//1833 1899//1899 1898//1898
f 1834//1834 1835//1835 1900//1900
f 1834//1834 1900//1900 1899//1899
f 1835//1835 1836//1836 1901//1901
f 1835//1835 1901//1901 1900//1900
f 1836//1836 1837//1837 1902//1902
f 1836//1836 1902//1902 1901//1901
f 1837//1837 1838//1838 1903//1903
f 1837//1837 1903//1903 1902//1902
f 1838//1838 1839//1839 1904//1904
f 1838//1838 1904//1904 1903//1903
f 1839//1839 1840//1840 1905//1905
f 1839//1839 1905//1905 1904//1904
f 1840//1840 1841//1841 1906//1906
f 1840//1840 1906//1906 1905//1905
f 1841//1841 1842//1842 1907//1907
f 1841//1841 1907//1907 1906//1906
f 1842//1842 1843//1843 1908//1908
f 1842//1842 1908//1908 1907//1907
f 1843//1843 1844//1844 1909//1909
f 1843//1843 1909//1909 1908//1908
f 1844//1844 1845//1845 1910//1910
f 1844//1844 1910//1910 1909//1909
f 1845//1845 1846//1846 1911//1911
f 1845//1845 1911//1911 1910//1910
f 1846//1846 1847//1847 1912//1912
f 1846//1846 1912//1912 1911//1911
f 1847//1847 1848//1848 1913//1913
f 1847//1847 1913//1913 1912//1912
f 1848//1848 1849//1849 1914//1914
f 1848//1848 1914//1914 1913//1913
f 1849//1849 1850//1850 1915//1915
f 1849//1849 1915//1915 1914//1914
f 1850//1850 1851//1851 1916//1916
f 1850//1850 1916//1916 1915//1915
f 1851//1851 1852//1852 1917//1917
f 1851//1851 1917//1917 1916//1916
f 1852//1852 1853//1853 1918//1918
f 1852//1852 1918//1918 1917//1917
f 1853//1853 1854//1854 1919//1919
f 1853//1853 1919//1919 1918//1918
f 1854//1854 1855//1855 1920//1920
f 1854//1854 1920//1920 1919//1919
f 1855//1855 1856//1856 1921//1921
f 1855//1855 1921//1921 1920//1920
f 1856//1856 1857//1857 1922//1922
f 1856//1856 1922//1922 1921//1921
f 1857//1857 1858//1858 1923//1923
f 1857//1857 1923//1923 1922//1922
f 1858//1858 1859//1859 1924//1924
f 1858//1858 1924//1924 1923//1923
f 1859//1859 1860//1860 1925//1925
f 1859//1859 1925//1925 1924//1924
f 1860//1860 1861//1861 1926//1926
f 1860//1860 1926//1926 1925//1925
f 1861//1861 1862//1862 1927//1927
f 1861//1861 1927//1927 1926//1926
f 1862//1862 1863//1863 1928//1928
f 1862//1862 1928//1928 1927//1927
f 1863//1863 1864//1864 1929//1929
f 1863//1863 1929//1929 1928//1928
f 1864//1864 1865//1865 1930//1930
f 1864//1864 1930//1930 1929//1929
f 1865//1865 1866//1866 1931//1931
f 1865//1865 1931//1931 1930//1930
f 1866//1866 1867//1867 1932//1932
f 1866//1866 1932//1932 1931//1931
f 1867//1867 1868//1868 1933//1933
f 1867//1867 1933//1933 1932//1932
f 1868//1868 1869//1869 1934//1934
f 1868//1868 1934//1934 1933//1933
f 1869//1869 1870//1870 1935//1935
f 1869//1869 1935//1935 1934//1934
f 1870//1870 1871//1871 1936//1936
f 1870//1870 1936//1936 1935//1935
f 1871//1871 1872//1872 1937//1937
f 1871//1871 1937//1937 1936//1936
f 1872//1872 1873//1873 1938//1938
f 1872//1872 1938//1938 1937//1937
f 1873//1873 1874//1874 1939//1939
f 1873//1873 1939//1939 1938//1938
f 1874//1874 1875//1875 1940//1940
f 1874//1874 1940//1940 1939//1939
f 1875//1875 1876//1876 1941//1941
f 1875//1875 1941//1941 1940//1940
f 1876//1876 1877//1877 1942//1942
f 1876//1876 1942//1942 1941//1941
f 1877//1877 1878//1878 1943//1943
f 1877//1877 1943//1943 1942//1942
f 1878//1878 1879//1879 1944//1944
f 1878//1878 1944//1944 1943//1943
f 1879//1879 1880//1880 1945//1945
f 1879//1879 1945//1945 1944//1944
f 1880//1880 1881//1881 1946//1946
f 1880//1880 1946//1946 1945//1945
f 1881//1881 1882//1882 1947//1947
f 1881//1881 1947//1947 1946//1946
f 1882//1882 1883//1883 1948//1948
f 1882//1882 1948//1948 1947//1947
f 1883//1883 1884//1884 1949//1949
f 1883//1883 1949//1949 1948//1948
f 1884//1884 1885//1885 1950//1950
f 1884//1884 1950//1950 1949//1949
f 1885//1885 1886//1886 1951//1951
f 1885//1885 1951//1951 1950//1950
f 1886//1886 1887//1887 1952//1952
f 1886//1886 1952//1952 1951//1951
f 1887//1887 1888//1888 1953//1953
f 1887//1887 1953//1953 1952//1952
f 1888//1888 1889//1889 1954//1954
f 1888//1888 1954//1954 1953//1953
f 1889//1889 1890//1890 1955//1955
f 1889//1889 1955//1955 1954//1954
f 1891//1891 1892//1892 1957//1957
f 1891//1891 1957//1957 1956//1956
f 1892//1892 1893//1893 1958//1958
f 1892//1892 1958//1958 1957//1957
f 1893//1893 1894//1894 1959//1959
f 1893//1893 1959//1959 1958//1958
f 1894//1894 1895//1895 1960//1960
f 1894//1894 1960//1960 1959//1959
f 1895//1895 1896//1896 1961//1961
f 1895//1895 1961//1961 1960//1960
f 1896//1896 1897//1897 1962//1962
f 1896//1896 1962//1962 1961//1961
f 1897//1897 1898//1898 1963//1963
f 1897//1897 1963//1963 1962//1962
f 1898//1898 1899//1899 1964//1964
f 1898//1898 1964//1964 1963//1963
f 1899//1899 1900//1900 1965//1965
f 1899//1899 1965//1965 1964//1964
f 1900//1900 1901//1901 1966//1966
f 1900//1900 1966//1966 1965//1965
f 1901//1901 1902//1902 1967//1967
f 1901//1901 1967//1967 1966//1966
f 1902//1902 1903//1903 1968//1968
f 1902//1902 1968//1968 1967//1967
f 1903//1903 1904//1904 1969//1969
f 1903//1903 1969//1969 1968//1968
f 1904//1904 1905//1905 1970//1970
f 1904//1904 1970//1970 1969//1969
f 1905//1905 1906//1906 1971//1971
f 1905//1905 1971//1971 1970//1970
f 1906//1906 1907//1907 1972//1972
f 1906//1906 1972//1972 1971//1971
f 1907//1907 1908//1908 1973//1973
f 1907//1907 1973//1973 1972//1972
f 1908//1908 1909//1909 1974//1974
f 1908//1908 1974//1974 1973//1973
f 1909//1909 1910//1910 1975//1975
f 1909//1909 1975//1975 1974//1974
f 1910//1910 1911//1911 1976//1976
f 1910//1910 1976//1976 1975//1975
f 1911//1911 1912//1912 1977//1977
f 1911//1911 1977//1977 1976//1976
f 1912//1912 1913//1913 1978//1978
f 1912//1912 1978//1978 1977//1977
f 1913//1913 1914//1914 1979//1979
f 1913//1913 1979//1979 1978//1978
f 1914//1914 1915//1915 1980//1980
f 1914//1914 1980//1980 1979//1979
f 1915//1915 1916//1916 1981//1981
f 1915//1915 1981//1981 1980//1980
f 1916//1916 1917//1917 1982//1982
f 1916//1916 1982//1982 1981//1981
f 1917//1917 1918//1918 1983//1983
f 1917//1917 1983//1983 1982//1982
f 1918//1918 1919//1919 1984//1984
f 1918//1918 1984//1984 1983//1983
f 1919//1919 1920//1920 1985//1985
f 1919//1919 1985//1985 1984//1984
f 1920//1920 1921//1921 1986//1986
f 1920//1920 1986//1986 1985//1985
f 1921//1921 1922//1922 1987//1987
f 1921//1921 1987//1987 1986//1986
f 1922//1922 1923//1923 1988//1988
f 1922//1922 1988//1988 1987//1987
f 1923//1923 1924//1924 1989//1989
f 1923//1923 1989//1989 1988//1988
f 1924//1924 1925//1925 1990//1990
f 1924//1924 1990//1990 1989//1989
f 1925//1925 1926//1926 1991//1991
f 1925//1925 1991//1991 1990//1990
f 1926//1926 1927//1927 1992//1992
f 1926//1926 1992//1992 1991//1991
f 1927//1927 1928//1928 1993//1993
f 1927//1927 1993//1993 1992//1992
f 1928//1928 1929//1929 1994//1994
f 1928//1928 1994//1994 1993//1993
f 1929//1929 1930//1930 1995//1995
f 1929//1929 1995//1995 1994//1994
f 1930//1930 1931//1931 1996//1996
f 1930//1930 1996//1996 1995//1995
f 1931//1931 1932//1932 1997//1997
f 1931//1931 1997//1997 1996//1996
f 1932//1932 1933//1933 1998//1998
f 1932//1932 1998//1998 1997//1997
f 1933//1933 1934//1934 1999//1999
f 1933//1933 1999//1999 1998//1998
f 1934//1934 1935//1935 2000//2000
f 1934//1934 2000//2000 1999//1999
f 1935//1935 1936//1936 2001//2001
f 1935//1935 2001//2001 2000//2000
f 1936//1936 1937//1937 2002//2002
f 1936//1936 2002//2002 2001//2001
f 1937//1937 1938//1938 2003//2003
f 1937//1937 2003//2003 2002//2002
f 1938//1938 1939//1939 2004//2004
f 1938//1938 2004//2004 2003//2003
f 1939//1939 1940//1940 2005//2005
f 1939//1939 2005//2005 2004//2004
f 1940//1940 1941//1941 2006//2006
f 1940//1940 2006//2006 2005//2005
f 1941//1941 1942//1942 2007//2007
f 1941//1941 2007//2007 2006//2006
f 1942//1942 1943//1943 2008//2008
f 1942//1942 2008//2008 2007//2007
f 1943//1943 1944//1944 2009//2009
f 1943//1943 2009//2009 2008//2008
f 1944//1944 1945//1945 2010//2010
f 1944//1944 2010//2010 2009//2009
f 1945//1945 1946//1946 2011//2011
f 1945//1945 2011//2011 2010//2010
f 1946//1946 1947//1947 2012//2012
f 1946//1946 2012//2012 2011//2011
f 1947//1947 1948//1948 2013//2013
f 1947//1947 2013//2013 2012//2012
f 1948//1948 1949//1949 2014//2014
f 1948//1948 2014//2014 2013//2013
f 1949//1949 1950//1950 2015//2015
f 1949//1949 2015//2015 2014//2014
f 1950//1950 1951//1951 2016//2016
f 1950//1950 2016//2016 2015//2015
f 1951//1951 1952//1952 2017//2017
f 1951//1951 2017//2017 2016//2016
f 1952//1952 1953//1953 2018//2018
f 1952//1952 2018//2018 2017//2017
f 1953//1953 1954//1954 2019//2019
f 1953//1953 2019//2019 2018//2018
f 1954//1954 1955//1955 2020//2020
f 1954//1954 2020//2020 2019//2019
f 2124//2124 2021//2021 2022//2022
f 2124//2124 2022//2022 2023//2023
f 2124//2124 2023//2023 2024//2024
f 2124//2124 2024//2024 2025//2025
f 2124//2124 2025//2025 2026//2026
f 2124//2124 2026//2026 2027//2027
f 2124//2124 2027//2027 2028//2028
f 2124//2124 2028//2028 2029//2029
f 2124//2124 2029//2029 2030//2030
f 2124//2124 2030//2030 2031//2031
f 2124//2124 2031//2031 2032//2032
f 2124//2124 2032//2032 2033//2033
f 2124//2124 2033//2033 2034//2034
f 2124//2124 2034//2034 2035//2035
f 2124//2124 2035//2035 2036//2036
f 2124//2124 2036//2036 2037//2037
f 2124//2124 2037//2037 2038//2038
f 2124//2124 2038//2038 2039//2039
f 2124//2124 2039//2039 2040//2040
f 2124//2124 2040//2040 2041//2041
f 2124//2124 2041//2041 2042//2042
f 2124//2124 2042//2042 2043//2043
f 2124//2124 2043//2043 2044//2044
f 2124//2124 2044//2044 2045//2045
f 2124//2124 2045//2045 2046//2046
f 2124//2124 2046//2046 2047//2047
f 2124//2124 2047//2047 2048//2048
f 2124//2124 2048//2048 2049//2049
f 2124//2124 2049//2049 2050//2050
f 2124//2124 2050//2050 2051//2051
f 2124//2124 2051//2051 2052//2052
f 2124//2124 2052//2052 2053//2053
f 2124//2124 2053//2053 2054//2054
f 2124//2124 2054//2054 2055//2055
f 2124//2124 2055//2055 2056//2056
f 2124//2124 2056//2056 2057//2057
f 2124//2124 2057//2057 2058//2058
f 2124//2124 2058//2058 2059//2059
f 2124//2124 2059//2059 2060//2060
f 2124//2124 2060//2060 2061//2061
f 2124//2124 2061//2061 2062//2062
f 2124//2124 2062//2062 2063//2063
f 2124//2124 2063//2063 2064//2064
f 2124//2124 2064//2064 2065//2065
f 2124//2124 2065//2065 2066//2066
f 2124//2124 2066//2066 2067//2067
f 2124//2124 2067//2067 2068//2068
f 2124//2124 2068//2068 2069//2069
f 2124//2124 2069//2069 2070//2070
f 2124//2124 2070//2070 2071//2071
f 2124//2124 2071//2071 2072//2072
f 2124//2124 2072//2072 2073//2073
f 2124//2124 2073//2073 2074//2074
f 2124//2124 2074//2074 2075//2075
f 2124//2124 2075//2075 2076//2076
f 2124//2124 2076//2076 2077//2077
f 2124//2124 2077//2077 2078//2078
f 2124//2124 2078//2078 2079//2079
f 2124//2124 2079//2079 2080//2080
f 2124//2124 2080//2080 2081//2081
f 2124//2124 2081//2081 2082//2082
f 2124//2124 2082//2082 2083//2083
f 2124//2124 2083//2083 2084//2084
f 2124//2124 2084//2084 2085//2085
f 2124//2124 2085//2085 2086//2086
f 2124//2124 2086//2086 2087//2087
f 2124//2124 2087//2087 2088//2088
f 2124//2124 2088//2088 2089//2089
f 2124//2124 2089//2089 2090//2090
f 2124//2124 2090//2090 2091//2091
f 2124//2124 2091//2091 2092//2092
f 2124//2124 2092//2092 2093//2093
f 2124//2124 2093//2093 2094//2094
f 2124//2124 2094//2094 2095//2095
f 2124//2124 2095//2095 2096//2096
f 2124//2124 2096//2096 2097//2097
f 2124//2124 2097//2097 2098//2098
f 2124//2124 2098//2098 2099//2099
f 2124//2124 2099//2099 2100//2100
f 2124//2124 2100//2100 2101//2101
f 2124//2124 2101//2101 2102//2102
f 2124//2124 2102//2102 2103//2103
f 2124//2124 2103//2103 2104//2104
f 2124//2124 2104//2104 2105//2105
f 2124//2124 2105//2105 2106//2106
f 2124//2124 2106//2106 2107//2107
f 2124//2124 2107//2107 2108//2108
f 2124//2124 2108//2108 2109//2109
f 2124//2124 2109//2109 2110//2110
f 2124//2124 2110//2110 2111//2111
f 2124//2124 2111//2111 2112//2112
f 2124//2124 2112//2112 2113//2113
f 2124//2124 2113//2113 2114//2114
f 2124//2124 2114//2114 2115//2115
f 2124//2124 2115//2115 2116//2116
f 2124//2124 2116//2116 2117//2117
f 2124//2124 2117//2117 2118//2118
f 2124//2124 2118//2118 2119//2119
f 2124//2124 2119//2119 2120//2120
f 2124//2124 2120//2120 2121//2121
f 2124//2124 2121//2121 2122//2122
f 2122//2122 2123//2123 2124//2124
f 2228//2228 2125//2125 2126//2126
f 2228//2228 2126//2126 2127//2127
f 2228//2228 2127//2127 2128//2128
f 2228//2228 2128//2128 2129//2129
f 2228//2228 2129//2129 2130//2130
f 2228//2228 2130//2130 2131//2131
f 2228//2228 2131//2131 2132//2132
f 2228//2228 2132//2132 2133//2133
f 2228//2228 2133//2133 2134//2134
f 2228//2228 2134//2134 2135//2135
f 2228//2228 2135//2135 2136//2136
f 2228//2228 2136//2136 2137//2137
f 2228//2228 2137//2137 2138//2138
f 2228//2228 2138//2138 2139//2139
f 2228//2228 2139//2139 2140//2140
f 2228//2228 2140//2140 2141//2141
f 2228//2228 2141//2141 2142//2142
f 2228//2228 2142//2142 2143//2143
f 2228//2228 2143//2143 2144//2144
f 2228//2228 2144//2144 2145//2145
f 2228//2228 2145//2145 2146//2146
f 2228//2228 2146//2146 2147//2147
f 2228//2228 2147//2147 2148//2148
f 2228//2228 2148//2148 2149//2149
f 2228//2228 2149//2149 2150//2150
f 2228//2228 2150//2150 2151//2151
f 2228//2228 2151//2151 2152//2152
f 2228//2228 2152//2152 2153//2153
f 2228//2228 2153//2153 2154//2154
f 2228//2228 2154//2154 2155//2155
f 2228//2228 2155//2155 2156//2156
f 2228//2228 2156//2156 2157//2157
f 2228//2228 2157//2157 2158//2158
f 2228//2228 2158//2158 2159//2159
f 2228//2228 2159//2159 2160//2160
f 2228//2228 2160//2160 2161//2161
f 2228//2228 2161//2161 2162//2162
f 2228//2228 2162//2162 2163//2163
f 2228//2228 2163//2163 2164//2164
f 2228//2228 2164//2164 2165//2165
f 2228//2228 2165//2165 2166//2166
f 2228//2228 2166//2166 2167//2167
f 2228//2228 2167//2167 2168//2168
f 2228//2228 2168//2168 2169//2169
f 2228//2228 2169//2169 2170//2170
f 2228//2228 2170//2170 2171//2171
f 2228//2228 2171//2171 2172//2172
f 2228//2228 2172//2172 2173//2173
f 2228//2228 2173//2173 2174//2174
f 2228//2228 2174//2174 2175//2175
f 2228//2228 2175//2175 2176//2176
f 2228//2228 2176//2176 2177//2177
f 2228//2228 2177//2177 2178//2178
f 2228//2228 2178//2178 2179//2179
f 2228//2228 2179//2179 2180//2180
f 2228//2228 2180//2180 2181//2181
f 2228//2228 2181//2181 2182//2182
f 2228//2228 2182//2182 2183//2183
f 2228//2228 2183//2183 2184//2184
f 2228//2228 2184//2184 2185//2185
f 2228//2228 2185//2185 2186//2186
f 2228//2228 2186//2186 2187//2187
f 2228//2228 2187//2187 2188//2188
f 2228//2228 2188//2188 2189//2189
f 2228//2228 2189//2189 2190//2190
f 2228//2228 2190//2190 2191//2191
f 2228//2228 2191//2191 2192//2192
f 2228//2228 2192//2192 2193//2193
f 2228//2228 2193//2193 2194//2194
f 2228//2228 2194//2194 2195//2195
f 2228//2228 2195//2195 2196//2196
f 2228//2228 2196//2196 2197//2197
f 2228//2228 2197//2197 2198//2198
f 2228//2228 2198//2198 2199//2199
f 2228//2228 2199//2199 2200//2200
f 2228//2228 2200//2200 2201//2201
f 2228//2228 2201//2201 2202//2202
f 2228//2228 2202//2202 2203//2203
f 2228//2228 2203//2203 2204//2204
f 2228//2228 2204//2204 2205//2205
f 2228//2228 2205//2205 2206//2206
f 2228//2228 2206//2206 2207//2207
f 2228//2228 2207//2207 2208//2208
f 2228//2228 2208//2208 2209//2209
f 2228//2228 2209//2209 2210//2210
f 2228//2228 2210//2210 2211//2211
f 2228//2228 2211//2211 2212//2212
f 2228//2228 2212//2212 2213//2213
f 2228//2228 2213//2213 2214//2214
f 2228//2228 2214//2214 2215//2215
f 2228//2228 2215//2215 2216//2216
f 2228//2228 2216//2216 2217//2217
f 2228//2228 2217//2217 2218//2218
f 2228//2228 2218//2218 2219//2219
f 2228//2228 2219//2219 2220//2220
f 2228//2228 2220//2220 2221//2221
f 2228//2228 2221//2221 2222//2222
f 2228//2228 2222//2222 2223//2223
f 2228//2228 2223//2223 2224//2224
f 2228//2228 2224//2224 2225//2225
f 2228//2228 2225//2225 2226//2226
f 2226//2226 2227//2227 2228//2228
o WRR
v 2.41 1.6 0.36
v 2.41138 1.6 0.390551
v 2.41568 1.6 0.421867
v 2.42312 1.6 0.453554
v 2.43387 1.6 0.485152
v 2.44798 1.6 0.51616
v 2.46542 1.6 0.546051
v 2.48604 1.6 0.574301
v 2.50958 1.6 0.600416
v 2.5357 1.6 0.62396
v 2.56395 1.6 0.644578
v 2.59384 1.6 0.662017
v 2.62485 1.6 0.676128
v 2.65645 1.6 0.686876
v 2.68813 1.6 0.694324
v 2.71945 1.6 0.698625
v 2.75 1.6 0.7
v 2.78055 1.6 0.698625
v 2.81187 1.6 0.694324
v 2.84355 1.6 0.686876
v 2.87515 1.6 0.676128
v 2.90616 1.6 0.662017
v 2.93605 1.6 0.644578
v 2.9643 1.6 0.62396
v 2.99042 1.6 0.600416
v 3.01396 1.6 0.574301
v 3.03458 1.6 0.546051
v 3.05202 1.6 0.51616
v 3.06613 1.6 0.485152
v 3.07688 1.6 0.453554
v 3.08432 1.6 0.421867
v 3.08862 1.6 0.390551
v 3.09 1.6 0.36
v 3.08862 1.6 0.329449
v 3.08432 1.6 0.298133
v 3.07688 1.6 0.266446
v 3.06613 1.6 0.234848
v 3.05202 1.6 0.20384
v 3.03458 1.6 0.173949
v 3.01396 1.6 0.145699
v 2.99042 1.6 0.119584
v 2.9643 1.6 0.0960399
v 2.93605 1.6 0.0754215
v 2.90616 1.6 0.0579834
v 2.87515 1.6 0.043872
v 2.84355 1.6 0.0331244
v 2.81187 1.6 0.0256762
v 2.78055 1.6 0.0213753
v 2.75 1.6 0.02
v 2.71945 1.6 0.0213753
v 2.68813 1.6 0.0256762
v 2.65645 1.6 0.0331244
v 2.62485 1.6 0.043872
v 2.59384 1.6 0.0579834
v 2.56395 1.6 0.0754215
v 2.5357 1.6 0.0960399
v 2.50958 1.6 0.119584
v 2.48604 1.6 0.145699
v 2.46542 1.6 0.173949
v 2.44798 1.6 0.20384
v 2.43387 1.6 0.234848
v 2.42312 1.6 0.266446
v 2.41568 1.6 0.298133
v 2.41138 1.6 0.329449
v 2.41 1.6 0.36
v 2.41 1.75 0.36
v 2.41138 1.75 0.390551
v 2.41568 1.75 0.421867
v 2.42312 1.75 0.453554
v 2.43387 1.75 0.485152
v 2.44798 1.75 0.51616
v 2.46542 1.75 0.546051
v 2.48604 1.75 0.574301
v 2.50958 1.75 0.600416
v 2.5357 1.75 0.62396
v 2.56395 1.75 0.644578
v 2.59384 1.75 0.662017
v 2.62485 1.75 0.676128
v 2.65645 1.75 0.686876
v 2.68813 1.75 0.694324
v 2.71945 1.75 0.698625
v 2.75 1.75 0.7
v 2.78055 1.75 0.698625
v 2.81187 1.75 0.694324
v 2.84355 1.75 0.686876
v 2.87515 1.75 0.676128
v 2.90616 1.75 0.662017
v 2.93605 1.75 0.644578
v 2.9643 1.75 0.62396
v 2.99042 1.75 0.600416
v 3.01396 1.75 0.574301
v 3.03458 1.75 0.546051
v 3.05202 1.75 0.51616
v 3.06613 1.75 0.485152
v 3.07688 1.75 0.453554
v 3.08432 1.75 0.421867
v 3.08862 1.75 0.390551
v 3.09 1.75 0.36
v 3.08862 1.75 0.329449
v 3.08432 1.75 0.298133
v 3.07688 1.75 0.266446
v 3.06613 1.75 0.234848
v 3.05202 1.75 0.20384
v 3.03458 1.75 0.173949
v 3.01396 1.75 0.145699
v 2.99042 1.75 0.119584
v 2.9643 1.75 0.0960399
v 2.93605 1.75 0.0754215
v 2.90616 1.75 0.0579834
v 2.87515 1.75 0.043872
v 2.84355 1.75 0.0331244
v 2.81187 1.75 0.0256762
v 2.78055 1.75 0.0213753
v 2.75 1.75 0.02
v 2.71945 1.75 0.0213753
v 2.68813 1.75 0.0256762
v 2.65645 1.75 0.0331244
v 2.62485 1.75 0.043872
v 2.59384 1.75 0.0579834
v 2.56395 1.75 0.0754215
v 2.5357 1.75 0.0960399
v 2.50958 1.75 0.119584
v 2.48604 1.75 0.145699
v 2.46542 1.75 0.173949
v 2.44798 1.75 0.20384
v 2.43387 1.75 0.234848
v 2.42312 1.75 0.266446
v 2.41568 1.75 0.298133
v 2.41138 1.75 0.329449
v 2.41 1.75 0.36
v 2.41 1.9 0.36
v 2.41138 1.9 0.390551
v 2.41568 1.9 0.421867
v 2.42312 1.9 0.453554
v 2.43387 1.9 0.485152
v 2.44798 1.9 0.51616
v 2.46542 1.9 0.546051
v 2.48604 1.9 0.574301
v 2.50958 1.9 0.600416
v 2.5357 1.9 0.62396
v 2.56395 1.9 0.644578
v 2.59384 1.9 0.662017
v 2.62485 1.9 0.676128
v 2.65645 1.9 0.686876
v 2.68813 1.9 0.694324
v 2.71945 1.9 0.698625
v 2.75 1.9 0.7
v 2.78055 1.9 0.698625
v 2.81187 1.9 0.694324
v 2.84355 1.9 0.686876
v 2.87515 1.9 0.676128
v 2.90616 1.9 0.662017
v 2.93605 1.9 0.644578
v 2.9643 1.9 0.62396
v 2.99042 1.9 0.600416
v 3.01396 1.9 0.574301
v 3.03458 1.9 0.546051
v 3.05202 1.9 0.51616
v 3.06613 1.9 0.485152
v 3.07688 1.9 0.453554
v 3.08432 1.9 0.421867
v 3.08862 1.9 0.390551
v 3.09 1.9 0.36
v 3.08862 1.9 0.329449
v 3.08432 1.9 0.298133
v 3.07688 1.9 0.266446
v 3.06613 1.9 0.234848
v 3.05202 1.9 0.20384
v 3.03458 1.9 0.173949
v 3.01396 1.9 0.145699
v 2.99042 1.9 0.119584
v 2.9643 1.9 0.0960399
v 2.93605 1.9 0.0754215
v 2.90616 1.9 0.0579834
v 2.87515 1.9 0.043872
v 2.84355 1.9 0.0331244
v 2.81187 1.9 0.0256762
v 2.78055 1.9 0.0213753
v 2.75 1.9 0.02
v 2.71945 1.9 0.0213753
v 2.68813 1.9 0.0256762
v 2.65645 1.9 0.0331244
v 2.62485 1.9 0.043872
v 2.59384 1.9 0.0579834
v 2.56395 1.9 0.0754215
v 2.5357 1.9 0.0960399
v 2.50958 1.9 0.119584
v 2.48604 1.9 0.145699
v 2.46542 1.9 0.173949
v 2.44798 1.9 0.20384
v 2.43387 1.9 0.234848
v 2.42312 1.9 0.266446
v 2.41568 1.9 0.298133
v 2.41138 1.9 0.329449
v 2.41 1.9 0.36
v 2.41 1.9 0.36
v 2.41138 1.9 0.390551
v 2.41568 1.9 0.421867
v 2.42312 1.9 0.453554
v 2.42808 1.9 0.469395
v 2.43387 1.9 0.485152
v 2.44051 1.9 0.500763
v 2.44798 1.9 0.51616
v 2.45629 1.9 0.531278
v 2.46542 1.9 0.546051
v 2.47535 1.9 0.560413
v 2.48604 1.9 0.574301
v 2.49747 1.9 0.587655
v 2.50958 1.9 0.600416
v 2.52235 1.9 0.612534
v 2.5357 1.9 0.62396
v 2.54959 1.9 0.634653
v 2.56395 1.9 0.644578
v 2.57872 1.9 0.653707
v 2.59384 1.9 0.662017
v 2.60924 1.9 0.669493
v 2.62485 1.9 0.676128
v 2.64061 1.9 0.681921
v 2.65645 1.9 0.686876
v 2.68813 1.9 0.694324
v 2.71945 1.9 0.698625
v 2.75 1.9 0.7
v 2.78055 1.9 0.698625
v 2.81187 1.9 0.694324
v 2.84355 1.9 0.686876
v 2.85939 1.9 0.681921
v 2.87515 1.9 0.676128
v 2.89076 1.9 0.669493
v 2.90616 1.9 0.662017
v 2.92128 1.9 0.653707
v 2.93605 1.9 0.644578
v 2.95041 1.9 0.634653
v 2.9643 1.9 0.62396
v 2.97765 1.9 0.612534
v 2.99042 1.9 0.600416
v 3.00253 1.9 0.587655
v 3.01396 1.9 0.574301
v 3.02465 1.9 0.560413
v 3.03458 1.9 0.546051
v 3.04371 1.9 0.531278
v 3.05202 1.9 0.51616
v 3.05949 1.9 0.500763
v 3.06613 1.9 0.485152
v 3.07192 1.9 0.469395
v 3.07688 1.9 0.453554
v 3.08432 1.9 0.421867
v 3.08862 1.9 0.390551
v 3.09 1.9 0.36
v 3.08862 1.9 0.329449
v 3.08432 1.9 0.298133
v 3.07688 1.9 0.266446
v 3.07192 1.9 0.250605
v 3.06613 1.9 0.234848
v 3.05949 1.9 0.219237
v 3.05202 1.9 0.20384
v 3.04371 1.9 0.188722
v 3.03458 1.9 0.173949
v 3.02465 1.9 0.159587
v 3.01396 1.9 0.145699
v 3.00253 1.9 0.132345
v 2.99042 1.9 0.119584
v 2.97765 1.9 0.107466
v 2.9643 1.9 0.0960399
v 2.95041 1.9 0.0853466
v 2.93605 1.9 0.0754215
v 2.92128 1.9 0.0662932
v 2.90616 1.9 0.0579834
v 2.89076 1.9 0.050507
v 2.87515 1.9 0.043872
v 2.85939 1.9 0.0380795
v 2.84355 1.9 0.0331244
v 2.81187 1.9 0.0256762
v 2.78055 1.9 0.0213753
v 2.75 1.9 0.02
v 2.71945 1.9 0.0213753
v 2.68813 1.9 0.0256762
v 2.65645 1.9 0.0331244
v 2.64061 1.9 0.0380795
v 2.62485 1.9 0.043872
v 2.60924 1.9 0.050507
v 2.59384 1.9 0.0579834
v 2.57872 1.9 0.0662932
v 2.56395 1.9 0.0754215
v 2.54959 1.9 0.0853466
v 2.5357 1.9 0.0960399
v 2.52235 1.9 0.107466
v 2.50958 1.9 0.119584
v 2.49747 1.9 0.132345
v 2.48604 1.9 0.145699
v 2.47535 1.9 0.159587
v 2.46542 1.9 0.173949
v 2.45629 1.9 0.188722
v 2.44798 1.9 0.20384
v 2.44051 1.9 0.219237
v 2.43387 1.9 0.234848
v 2.42808 1.9 0.250605
v 2.42312 1.9 0.266446
v 2.41568 1.9 0.298133
v 2.41138 1.9 0.329449
v 2.41 1.6 0.36
v 2.41138 1.6 0.329449
v 2.41568 1.6 0.298133
v 2.42312 1.6 0.266446
v 2.42808 1.6 0.250605
v 2.43387 1.6 0.234848
v 2.44051 1.6 0.219237
v 2.44798 1.6 0.20384
v 2.45629 1.6 0.188722
v 2.46542 1.6 0.173949
v 2.47535 1.6 0.159587
v 2.48604 1.6 0.145699
v 2.49747 1.6 0.132345
v 2.50958 1.6 0.119584
v 2.52235 1.6 0.107466
v 2.5357 1.6 0.0960399
v 2.54959 1.6 0.0853466
v 2.56395 1.6 0.0754215
v 2.57872 1.6 0.0662932
v 2.59384 1.6 0.0579834
v 2.60924 1.6 0.050507
v 2.62485 1.6 0.043872
v 2.64061 1.6 0.0380795
v 2.65645 1.6 0.0331244
v 2.68813 1.6 0.0256762
v 2.71945 1.6 0.0213753
v 2.75 1.6 0.02
v 2.78055 1.6 0.0213753
v 2.81187 1.6 0.0256762
v 2.84355 1.6 0.0331244
v 2.85939 1.6 0.0380795
v 2.87515 1.6 0.043872
v 2.89076 1.6 0.050507
v 2.90616 1.6 0.0579834
v 2.92128 1.6 0.0662932
v 2.93605 1.6 0.0754215
v 2.95041 1.6 0.0853466
v 2.9643 1.6 0.0960399
v 2.97765 1.6 0.107466
v 2.99042 1.6 0.119584
v 3.00253 1.6 0.132345
v 3.01396 1.6 0.145699
v 3.02465 1.6 0.159587
v 3.03458 1.6 0.173949
v 3.04371 1.6 0.188722
v 3.05202 1.6 0.20384
v 3.05949 1.6 0.219237
v 3.06613 1.6 0.234848
v 3.07192 1.6 0.250605
v 3.07688 1.6 0.266446
v 3.08432 1.6 0.298133
v 3.08862 1.6 0.329449
v 3.09 1.6 0.36
v 3.08862 1.6 0.390551
v 3.08432 1.6 0.421867
v 3.07688 1.6 0.453554
v 3.07192 1.6 0.469395
v 3.06613 1.6 0.485152
v 3.05949 1.6 0.500763
v 3.05202 1.6 0.51616
v 3.04371 1.6 0.531278
v 3.03458 1.6 0.546051
v 3.02465 1.6 0.560413
v 3.01396 1.6 0.574301
v 3.00253 1.6 0.587655
v 2.99042 1.6 0.600416
v 2.97765 1.6 0.612534
v 2.9643 1.6 0.62396
v 2.95041 1.6 0.634653
v 2.93605 1.6 0.644578
v 2.92128 1.6 0.653707
v 2.90616 1.6 0.662017
v 2.89076 1.6 0.669493
v 2.87515 1.6 0.676128
v 2.85939 1.6 0.681921
v 2.84355 1.6 0.686876
v 2.81187 1.6 0.694324
v 2.78055 1.6 0.698625
v 2.75 1.6 0.7
v 2.71945 1.6 0.698625
v 2.68813 1.6 0.694324
v 2.65645 1.6 0.686876
v 2.64061 1.6 0.681921
v 2.62485 1.6 0.676128
v 2.60924 1.6 0.669493
v 2.59384 1.6 0.662017
v 2.57872 1.6 0.653707
v 2.56395 1.6 0.644578
v 2.54959 1.6 0.634653
v 2.5357 1.6 0.62396
v 2.52235 1.6 0.612534
v 2.50958 1.6 0.600416
v 2.49747 1.6 0.587655
v 2.48604 1.6 0.574301
v 2.47535 1.6 0.560413
v 2.46542 1.6 0.546051
v 2.45629 1.6 0.531278
v 2.44798 1.6 0.51616
v 2.44051 1.6 0.500763
v 2.43387 1.6 0.485152
v 2.42808 1.6 0.469395
v 2.42312 1.6 0.453554
v 2.41568 1.6 0.421867
v 2.41138 1.6 0.390551
vn -1 0 0
vn -0.995955 0 0.0898544
vn -0.983305 0 0.181963
vn -0.961399 0 0.275158
vn -0.929788 0 0.368095
vn -0.888284 0 0.459295
vn -0.836996 0 0.54721
vn -0.776353 0 0.630298
vn -0.707107 0 0.707107
vn -0.630298 0 0.776353
vn -0.54721 0 0.836996
vn -0.459295 0 0.888284
vn -0.368095 0 0.929788
vn -0.275158 0 0.961399
vn -0.181963 0 0.983305
vn -0.0898544 0 0.995955
vn 0 0 1
vn 0.0898544 -0 0.995955
vn 0.181963 -0 0.983305
vn 0.275158 -0 0.961399
vn 0.368095 -0 0.929788
vn 0.459295 -0 0.888284
vn 0.54721 -0 0.836996
vn 0.630298 -0 0.776353
vn 0.707107 -0 0.707107
vn 0.776353 -0 0.630298
vn 0.836996 -0 0.54721
vn 0.888284 -0 0.459295
vn 0.929788 -0 0.368095
vn 0.961399 -0 0.275158
vn 0.983305 -0 0.181963
vn 0.995955 -0 0.0898544
vn 1 0 -9.23584e-16
vn 0.995955 0 -0.0898544
vn 0.983305 0 -0.181963
vn 0.961399 0 -0.275158
vn 0.929788 0 -0.368095
vn 0.888284 0 -0.459295
vn 0.836996 0 -0.54721
vn 0.776353 0 -0.630298
vn 0.707107 0 -0.707107
vn 0.630298 0 -0.776353
vn 0.54721 0 -0.836996
vn 0.459295 0 -0.888284
vn 0.368095 0 -0.929788
vn 0.275158 0 -0.961399
vn 0.181963 0 -0.983305
vn 0.0898544 0 -0.995955
vn 1.65956e-16 0 -1
vn -0.0898544 0 -0.995955
vn -0.181963 0 -0.983305
vn -0.275158 0 -0.961399
vn -0.368095 0 -0.929788
vn -0.459295 0 -0.888284
vn -0.54721 0 -0.836996
vn -0.630298 0 -0.776353
vn -0.707107 0 -0.707107
vn -0.776353 0 -0.630298
vn -0.836996 0 -0.54721
vn -0.888284 0 -0.459295
vn -0.929788 0 -0.368095
vn -0.961399 0 -0.275158
vn -0.983305 0 -0.181963
vn -0.995955 0 -0.0898544
vn -1 0 0
vn -1 0 0
vn -0.995955 0 0.0898544
vn -0.983305 0 0.181963
vn -0.961399 0 0.275158
vn -0.929788 0 0.368095
vn -0.888284 0 0.459295
vn -0.836996 0 0.54721
vn -0.776353 0 0.630298
vn -0.707107 0 0.707107
vn -0.630298 0 0.776353
vn -0.54721 0 0.836996
vn -0.459295 0 0.888284
vn -0.368095 0 0.929788
vn -0.275158 0 0.961399
vn -0.181963 0 0.983305
vn -0.0898544 0 0.995955
vn -1.15448e-16 0 1
vn 0.0898544 -0 0.995955
vn 0.181963 -0 0.983305
vn 0.275158 -0 0.961399
vn 0.368095 -0 0.929788
vn 0.459295 -0 0.888284
vn 0.54721 -0 0.836996
vn 0.630298 -0 0.776353
vn 0.707107 -0 0.707107
vn 0.776353 -0 0.630298
vn 0.836996 -0 0.54721
vn 0.888284 -0 0.459295
vn 0.929788 -0 0.368095
vn 0.961399 -0 0.275158
vn 0.983305 -0 0.181963
vn 0.995955 -0 0.0898544
vn 1 -0 0
vn 0.995955 0 -0.0898544
vn 0.983305 0 -0.181963
vn 0.961399 0 -0.275158
vn 0.929788 0 -0.368095
vn 0.888284 0 -0.459295
vn 0.836996 0 -0.54721
vn 0.776353 0 -0.630298
vn 0.707107 0 -0.707107
vn 0.630298 0 -0.776353
vn 0.54721 0 -0.836996
vn 0.459295 0 -0.888284
vn 0.368095 0 -0.929788
vn 0.275158 0 -0.961399
vn 0.181963 0 -0.983305
vn 0.0898544 0 -0.995955
vn 1.58741e-16 0 -1
vn -0.0898544 0 -0.995955
vn -0.181963 0 -0.983305
vn -0.275158 0 -0.961399
vn -0.368095 0 -0.929788
vn -0.459295 0 -0.888284
vn -0.54721 0 -0.836996
vn -0.630298 0 -0.776353
vn -0.707107 0 -0.707107
vn -0.776353 0 -0.630298
vn -0.836996 0 -0.54721
vn -0.888284 0 -0.459295
vn -0.929788 0 -0.368095
vn -0.961399 0 -0.275158
vn -0.983305 0 -0.181963
vn -0.995955 0 -0.0898544
vn -1 0 0
vn -1 0 0
vn -0.995955 0 0.0898544
vn -0.983305 0 0.181963
vn -0.961399 0 0.275158
vn -0.929788 0 0.368095
vn -0.888284 0 0.459295
vn -0.836996 0 0.54721
vn -0.776353 0 0.630298
vn -0.707107 0 0.707107
vn -0.630298 0 0.776353
vn -0.54721 0 0.836996
vn -0.459295 0 0.888284
vn -0.368095 0 0.929788
vn -0.275158 0 0.961399
vn -0.181963 0 0.983305
vn -0.0898544 0 0.995955
vn 0 0 1
vn 0.0898544 -0 0.995955
vn 0.181963 -0 0.983305
vn 0.275158 -0 0.961399
vn 0.368095 -0 0.929788
vn 0.459295 -0 0.888284
vn 0.54721 -0 0.836996
vn 0.630298 -0 0.776353
vn 0.707107 -0 0.707107
vn 0.776353 -0 0.630298
vn 0.836996 -0 0.54721
vn 0.888284 -0 0.459295
vn 0.929788 -0 0.368095
vn 0.961399 -0 0.275158
vn 0.983305 -0 0.181963
vn 0.995955 -0 0.0898544
vn 1 0 -9.23584e-16
vn 0.995955 0 -0.0898544
vn 0.983305 0 -0.181963
vn 0.961399 0 -0.275158
vn 0.929788 0 -0.368095
vn 0.888284 0 -0.459295
vn 0.836996 0 -0.54721
vn 0.776353 0 -0.630298
vn 0.707107 0 -0.707107
vn 0.630298 0 -0.776353
vn 0.54721 0 -0.836996
vn 0.459295 0 -0.888284
vn 0.368095 0 -0.929788
vn 0.275158 0 -0.961399
vn 0.181963 0 -0.983305
vn 0.0898544 0 -0.995955
vn 1.65956e-16 0 -1
vn -0.0898544 0 -0.995955
vn -0.181963 0 -0.983305
vn -0.275158 0 -0.961399
vn -0.368095 0 -0.929788
vn -0.459295 0 -0.888284
vn -0.54721 0 -0.836996
vn -0.630298 0 -0.776353
vn -0.707107 0 -0.707107
vn -0.776353 0 -0.630298
vn -0.836996 0 -0.54721
vn -0.888284 0 -0.459295
vn -0.929788 0 -0.368095
vn -0.961399 0 -0.275158
vn -0.983305 0 -0.181963
vn -0.995955 0 -0.0898544
vn -1 0 0
vn 0 1 -0
vn 2.22045e-16 1 -0
vn 2.22045e-16 1 -0
vn 2.22045e-16 1 -0
vn -2.22045e-16 1 0
vn 2.22045e-16 1 -0
vn 0 1 -0
vn 2.22045e-16 1 -0
vn -2.22045e-16 1 0
vn 2.22045e-16 1 -0
vn 2.22045e-16 1 -0
vn 0 1 -0
vn 0 1 -0
vn 4.44089e-16 1 -0
vn -4.44089e-16 1 0
vn 0 1 -0
vn 0 1 -0
vn 0 1 -0
vn 0 1 -0
vn 0 1 -0
vn 0 1 -0
vn 0 1 -0
vn 0 1 -0
vn 0 1 -0
vn 0 1 -0
vn 0 1 -0
vn 0 1 -0
vn 0 1 -0
vn 0 1 -0
vn 0 1 -0
vn 0 1 -0
vn 0 1 -0
vn 0 1 -0
vn 4.44089e-16 1 -0
vn 0 1 -0
vn 0 1 -0
vn 0 1 -0
vn 0 1 -0
vn 4.44089e-16 1 -0
vn 4.44089e-16 1 -0
vn 0 1 -0
vn 0 1 -0
vn 0 1 -0
vn 2.22045e-16 1 -0
vn 0 1 -0
vn 2.22045e-16 1 -0
vn -4.32987e-16 1 0
vn -2.10942e-16 1 0
vn 1.11022e-17 1 -0
vn -2.10942e-16 1 0
vn 2.22045e-16 1 -0
vn -2.10942e-16 1 0
vn 0 1 -0
vn 2.22045e-16 1 -0
vn -2.10942e-16 1 0
vn -2.10942e-16 1 0
vn 3.27516e-16 1 -0
vn -1.11022e-16 1 0
vn 2.16493e-16 1 -0
vn 3.27516e-16 1 -0
vn -1.11022e-16 1 0
vn 3.21965e-16 1 -0
vn -1.11022e-16 1 0
vn -2.10942e-16 1 0
vn 1.55431e-16 1 -0
vn -3.77476e-16 1 0
vn -3.27516e-16 1 0
vn -2.66454e-16 1 0
vn -1.08247e-16 1 0
vn -3.2474e-16 1 0
vn -1.58207e-16 1 0
vn -2.22045e-17 1 0
vn 8.60423e-17 1 -0
vn -2.44249e-16 1 0
vn -5.68989e-17 1 0
vn -2.20657e-16 1 0
vn 1.6237e-16 1 -0
vn 2.47025e-16 1 -0
vn -1.80411e-17 1 0
vn 2.44249e-16 1 -0
vn 1.60982e-16 1 -0
vn 2.16493e-16 1 -0
vn -6.38378e-17 1 0
vn 1.91513e-16 1 -0
vn 7.35523e-17 1 -0
vn -3.33067e-17 1 0
vn -1.63758e-16 1 0
vn 1.63758e-16 1 -0
vn -1.13798e-16 1 0
vn 1.60982e-16 1 -0
vn 1.16573e-16 1 -0
vn 4.71845e-17 1 -0
vn 1.66533e-16 1 -0
vn -2.10942e-16 1 0
vn 3.21965e-16 1 -0
vn 1.11022e-17 1 -0
vn 2.22045e-16 1 -0
vn 3.27516e-16 1 -0
vn -1.11022e-16 1 0
vn 3.27516e-16 1 -0
vn -2.16493e-16 1 0
vn -2.10942e-16 1 0
vn -2.10942e-16 1 0
vn -2.10942e-16 1 0
vn 4.44089e-17 -1 0
vn -1.11022e-16 -1 0
vn -1.11022e-16 -1 0
vn -1.11022e-16 -1 0
vn -1.9984e-16 -1 0
vn 4.44089e-17 -1 0
vn 2.22045e-17 -1 0
vn 3.10862e-16 -1 0
vn 4.44089e-17 -1 0
vn 4.44089e-17 -1 0
vn -6.66134e-17 -1 0
vn 2.55351e-16 -1 0
vn -1.11022e-17 -1 0
vn 2.9976e-16 -1 0
vn -7.77156e-17 -1 0
vn -1.11022e-17 -1 0
vn -8.88178e-17 -1 0
vn -1.22125e-16 -1 0
vn -1.66533e-17 -1 0
vn -5.55112e-17 -1 0
vn -5.55112e-17 -1 0
vn -6.10623e-17 -1 0
vn 2.9976e-16 -1 0
vn -9.99201e-17 -1 0
vn 8.32667e-17 -1 0
vn -8.32667e-18 -1 0
vn -1.88738e-16 -1 0
vn -1.11022e-17 -1 0
vn 8.04912e-17 -1 0
vn -1.11022e-16 -1 0
vn 7.77156e-17 -1 0
vn -6.10623e-17 -1 0
vn -6.66134e-17 -1 0
vn -5.55112e-17 -1 0
vn 3.27516e-16 -1 0
vn -9.99201e-17 -1 0
vn 2.9976e-16 -1 0
vn 3.44169e-16 -1 0
vn 4.44089e-17 -1 0
vn -1.33227e-16 -1 0
vn 2.33147e-16 -1 0
vn 4.44089e-17 -1 0
vn -2.22045e-17 -1 0
vn -1.11022e-16 -1 0
vn 0 -1 0
vn -2.22045e-17 -1 0
vn -1.33227e-16 -1 0
vn 2.88658e-16 -1 0
vn 3.10862e-16 -1 0
vn 4.44089e-17 -1 0
vn -1.11022e-16 -1 0
vn -1.11022e-16 -1 0
vn 0 -1 0
vn 0 -1 0
vn -1.77636e-16 -1 0
vn 0 -1 0
vn 4.44089e-17 -1 0
vn 2.22045e-16 -1 0
vn -1.77636e-16 -1 0
vn -2.22045e-16 -1 0
vn 2.22045e-16 -1 0
vn 2.22045e-16 -1 0
vn 0 -1 0
vn -1.33227e-16 -1 0
vn 0 -1 0
vn 0 -1 0
vn 2.22045e-16 -1 0
vn -2.22045e-16 -1 0
vn -2.22045e-16 -1 0
vn 0 -1 0
vn 0 -1 0
vn 0 -1 0
vn -2.22045e-16 -1 0
vn 2.22045e-16 -1 0
vn 2.22045e-16 -1 0
vn 0 -1 0
vn 0 -1 0
vn 0 -1 0
vn 0 -1 0
vn 0 -1 0
vn 0 -1 0
vn 0 -1 0
vn 0 -1 0
vn 2.22045e-16 -1 0
vn -2.22045e-16 -1 0
vn 0 -1 0
vn 0 -1 0
vn 2.22045e-16 -1 0
vn -2.22045e-16 -1 0
vn -2.22045e-16 -1 0
vn 2.22045e-16 -1 0
vn 0 -1 0
vn 2.22045e-16 -1 0
vn 2.22045e-16 -1 0
vn 0 -1 0
vn 2.22045e-16 -1 0
vn 2.22045e-16 -1 0
vn -2.22045e-16 -1 0
vn -1.77636e-16 -1 0
vn -2.22045e-16 -1 0
vn 2.22045e-16 -1 0
vn 4.44089e-17 -1 0
vn -1.77636e-16 -1 0
vn 0 -1 0
g WRR_rubber
usemtl rubber
f 2229//2229 2230//2230 2295//2295
f 2229//2229 2295//2295 2294//2294
f 2230//2230 2231//2231 2296//2296
f 2230//2230 2296//2296 2295//2295
f 2231//2231 2232//2232 2297//2297
f 2231//2231 2297//2297 2296//2296
f 2232//2232 2233//2233 2298//2298
f 2232//2232 2298//2298 2297//2297
f 2233//2233 2234//2234 2299//2299
f 2233//2233 2299//2299 2298//2298
f 2234//2234 2235//2235 2300//2300
f 2234//2234 2300//2300 2299//2299
f 2235//2235 2236//2236 2301//2301
f 2235//2235 2301//2301 2300//2300
f 2236//2236 2237//2237 2302//2302
f 2236//2236 2302//2302 2301//2301
f 2237//2237 2238//2238 2303//2303
f 2237//2237 2303//2303 2302//2302
f 2238//2238 2239//2239 2304//2304
f 2238//2238 2304//2304 2303//2303
f 2239//2239 2240//2240 2305//2305
f 2239//2239 2305//2305 2304//2304
f 2240//2240 2241//2241 2306//2306
f 2240//2240 2306//2306 2305//2305
f 2241//2241 2242//2242 2307//2307
f 2241//2241 2307//2307 2306//2306
f 2242//2242 2243//2243 2308//2308
f 2242//2242 2308//2308 2307//2307
f 2243//2243 2244//2244 2309//2309
f 2243//2243 2309//2309 2308//2308
f 2244//2244 2245//2245 2310//2310
f 2244//2244 2310//2310 2309//2309
f 2245//2245 2246//2246 2311//2311
f 2245//2245 2311//2311 2310//2310
f 2246//2246 2247//2247 2312//2312
f 2246//2246 2312//2312 2311//2311
f 2247//2247 2248//2248 2313//2313
f 2247//2247 2313//2313 2312//2312
f 2248//2248 2249//2249 2314//2314
f 2248//2248 2314//2314 2313//2313
f 2249//2249 2250//2250 2315//2315
f 2249//2249 2315//2315 2314//2314
f 2250//2250 2251//2251 2316//2316
f 2250//2250 2316//2316 2315//2315
f 2251//2251 2252//2252 2317//2317
f 2251//2251 2317//2317 2316//2316
f 2252//2252 2253//2253 2318//2318
f 2252//2252 2318//2318 2317//2317
f 2253//2253 2254//2254 2319//2319
f 2253//2253 2319//2319 2318//2318
f 2254//2254 2255//2255 2320//2320
f 2254//2254 2320//2320 2319//2319
f 2255//2255 2256//2256 2321//2321
f 2255//2255 2321//2321 2320//2320
f 2256//2256 2257//2257 2322//2322
f 2256//2256 2322//2322 2321//2321
f 2257//2257 2258//2258 2323//2323
f 2257//2257 2323//2323 2322//2322
f 2258//2258 2259//2259 2324//2324
f 2258//2258 2324//2324 2323//2323
f 2259//2259 2260//2260 2325//2325
f 2259//2259 2325//2325 2324//2324
f 2260//2260 2261//2261 2326//2326
f 2260//2260 2326//2326 2325//2325
f 2261//2261 2262//2262 2327//2327
f 2261//2261 2327//2327 2326//2326
f 2262//2262 2263//2263 2328//2328
f 2262//2262 2328//2328 2327//2327
f 2263//2263 2264//2264 2329//2329
f 2263//2263 2329//2329 2328//2328
f 2264//2264 2265//2265 2330//2330
f 2264//2264 2330//2330 2329//2329
f 2265//2265 2266//2266 2331//2331
f 2265//2265 2331//2331 2330//2330
f 2266//2266 2267//2267 2332//2332
f 2266//2266 2332//2332 2331//2331
f 2267//2267 2268//2268 2333//2333
f 2267//2267 2333//2333 2332//2332
f 2268//2268 2269//2269 2334//2334
f 2268//2268 2334//2334 2333//2333
f 2269//2269 2270//2270 2335//2335
f 2269//2269 2335//2335 2334//2334
f 2270//2270 2271//2271 2336//2336
f 2270//2270 2336//2336 2335//2335
f 2271//2271 2272//2272 2337//2337
f 2271//2271 2337//2337 2336//2336
f 2272//2272 2273//2273 2338//2338
f 2272//2272 2338//2338 2337//2337
f 2273//2273 2274//2274 2339//2339
f 2273//2273 2339//2339 2338//2338
f 2274//2274 2275//2275 2340//2340
f 2274//2274 2340//2340 2339//2339
f 2275//2275 2276//2276 2341//2341
f 2275//2275 2341//2341 2340//2340
f 2276//2276 2277//2277 2342//2342
f 2276//2276 2342//2342 2341//2341
f 2277//2277 2278//2278 2343//2343
f 2277//2277 2343//2343 2342//2342
f 2278//2278 2279//2279 2344//2344
f 2278//2278 2344//2344 2343//2343
f 2279//2279 2280//2280 2345//2345
f 2279//2279 2345//2345 2344//2344
f 2280//2280 2281//2281 2346//2346
f 2280//2280 2346//2346 2345//2345
f 2281//2281 2282//2282 2347//2347
f 2281//2281 2347//2347 2346//2346
f 2282//2282 2283//2283 2348//2348
f 2282//2282 2348//2348 2347//2347
f 2283//2283 2284//2284 2349//2349
f 2283//2283 2349//2349 2348//2348
f 2284//2284 2285//2285 2350//2350
f 2284//2284 2350//2350 2349//2349
f 2285//2285 2286//2286 2351//2351
f 2285//2285 2351//2351 2350//2350
f 2286//2286 2287//2287 2352//2352
f 2286//2286 2352//2352 2351//2351
f 2287//2287 2288//2288 2353//2353
f 2287//2287 2353//2353 2352//2352
f 2288//2288 2289//2289 2354//2354
f 2288//2288 2354//2354 2353//2353
f 2289//2289 2290//2290 2355//2355
f 2289//2289 2355//2355 2354//2354
f 2290//2290 2291//2291 2356//2356
f 2290//2290 2356//2356 2355//2355
f 2291//2291 2292//2292 2357//2357
f 2291//2291 2357//2357 2356//2356
f 2292//2292 2293//2293 2358//2358
f 2292//2292 2358//2358 2357//2357
f 2294//2294 2295//2295 2360//2360
f 2294//2294 2360//2360 2359//2359
f 2295//2295 2296//2296 2361//2361
f 2295//2295 2361//2361 2360//2360
f 2296//2296 2297//2297 2362//2362
f 2296//2296 2362//2362 2361//2361
f 2297//2297 2298//2298 2363//2363
f 2297//2297 2363//2363 2362//2362
f 2298//2298 2299//2299 2364//2364
f 2298//2298 2364//2364 2363//2363
f 2299//2299 2300//2300 2365//2365
f 2299//2299 2365//2365 2364//2364
f 2300//2300 2301//2301 2366//2366
f 2300//2300 2366//2366 2365//2365
f 2301//2301 2302//2302 2367//2367
f 2301//2301 2367//2367 2366//2366
f 2302//2302 2303//2303 2368//2368
f 2302//2302 2368//2368 2367//2367
f 2303//2303 2304//2304 2369//2369
f 2303//2303 2369//2369 2368//2368
f 2304//2304 2305//2305 2370//2370
f 2304//2304 2370//2370 2369//2369
f 2305//2305 2306//2306 2371//2371
f 2305//2305 2371//2371 2370//2370
f 2306//2306 2307//2307 2372//2372
f 2306//2306 2372//2372 2371//2371
f 2307//2307 2308//2308 2373//2373
f 2307//2307 2373//2373 2372//2372
f 2308//2308 2309//2309 2374//2374
f 2308//2308 2374//2374 2373//2373
f 2309//2309 2310//2310 2375//2375
f 2309//2309 2375//2375 2374//2374
f 2310//2310 2311//2311 2376//2376
f 2310//2310 2376//2376 2375//2375
f 2311//2311 2312//2312 2377//2377
f 2311//2311 2377//2377 2376//2376
f 2312//2312 2313//2313 2378//2378
f 2312//2312 2378//2378 2377//2377
f 2313//2313 2314//2314 2379//2379
f 2313//2313 2379//2379 2378//2378
f 2314//2314 2315//2315 2380//2380
f 2314//2314 2380//2380 2379//2379
f 2315//2315 2316//2316 2381//2381
f 2315//2315 2381//2381 2380//2380
f 2316//2316 2317//2317 2382//2382
f 2316//2316 2382//2382 2381//2381
f 2317//2317 2318//2318 2383//2383
f 2317//2317 2383//2383 2382//2382
f 2318//2318 2319//2319 2384//2384
f 2318//2318 2384//2384 2383//2383
f 2319//2319 2320//2320 2385//2385
f 2319//2319 2385//2385 2384//2384
f 2320//2320 2321//2321 2386//2386
f 2320//2320 2386//2386 2385//2385
f 2321//2321 2322//2322 2387//2387
f 2321//2321 2387//2387 2386//2386
f 2322//2322 2323//2323 2388//2388
f 2322//2322 2388//2388 2387//2387
f 2323//2323 2324//2324 2389//2389
f 2323//2323 2389//2389 2388//2388
f 2324//2324 2325//2325 2390//2390
f 2324//2324 2390//2390 2389//2389
f 2325//2325 2326//2326 2391//2391
f 2325//2325 2391//2391 2390//2390
f 2326//2326 2327//2327 2392//2392
f 2326//2326 2392//2392 2391//2391
f 2327//2327 2328//2328 2393//2393
f 2327//2327 2393//2393 2392//2392
f 2328//2328 2329//2329 2394//2394
f 2328//2328 2394//2394 2393//2393
f 2329//2329 2330//2330 2395//2395
f 2329//2329 2395//2395 2394//2394
f 2330//2330 2331//2331 2396//2396
f 2330//2330 2396//2396 2395//2395
f 2331//2331 2332//2332 2397//2397
f 2331//2331 2397//2397 2396//2396
f 2332//2332 2333//2333 2398//2398
f 2332//2332 2398//2398 2397//2397
f 2333//2333 2334//2334 2399//2399
f 2333//2333 2399//2399 2398//2398
f 2334//2334 2335//2335 2400//2400
f 2334//2334 2400//2400 2399//2399
f 2335//2335 2336//2336 2401//2401
f 2335//2335 2401//2401 2400//2400
f 2336//2336 2337//2337 2402//2402
f 2336//2336 2402//2402 2401//2401
f 2337//2337 2338//2338 2403//2403
f 2337//2337 2403//2403 2402//2402
f 2338//2338 2339//2339 2404//2404
f 2338//2338 2404//2404 2403//2403
f 2339//2339 2340//2340 2405//2405
f 2339//2339 2405//2405 2404//2404
f 2340//2340 2341//2341 2406//2406
f 2340//2340 2406//2406 2405//2405
f 2341//2341 2342//2342 2407//2407
f 2341//2341 2407//2407 2406//2406
f 2342//2342 2343//2343 2408//2408
f 2342//2342 2408//2408 2407//2407
f 2343//2343 2344//2344 2409//2409
f 2343//2343 2409//2409 2408//2408
f 2344//2344 2345//2345 2410//2410
f 2344//2344 2410//2410 2409//2409
f 2345//2345 2346//2346 2411//2411
f 2345//2345 2411//2411 2410//2410
f 2346//2346 2347//2347 2412//2412
f 2346//2346 2412//2412 2411//2411
f 2347//2347 2348//2348 2413//2413
f 2347//2347 2413//2413 2412//2412
f 2348//2348 2349//2349 2414//2414
f 2348//2348 2414//2414 2413//2413
f 2349//2349 2350//2350 2415//2415
f 2349//2349 2415//2415 2414//2414
f 2350//2350 2351//2351 2416//2416
f 2350//2350 2416//2416 2415//2415
f 2351//2351 2352//2352 2417//2417
f 2351//2351 2417//2417 2416//2416
f 2352//2352 2353//2353 2418//2418
f 2352//2352 2418//2418 2417//2417
f 2353//2353 2354//2354 2419//2419
f 2353//2353 2419//2419 2418//2418
f 2354//2354 2355//2355 2420//2420
f 2354//2354 2420//2420 2419//2419
f 2355//2355 2356//2356 2421//2421
f 2355//2355 2421//2421 2420//2420
f 2356//2356 2357//2357 2422//2422
f 2356//2356 2422//2422 2421//2421
f 2357//2357 2358//2358 2423//2423
f 2357//2357 2423//2423 2422//2422
f 2527//2527 2424//2424 2425//2425
f 2527//2527 2425//2425 2426//2426
f 2527//2527 2426//2426 2427//2427
f 2527//2527 2427//2427 2428//2428
f 2527//2527 2428//2428 2429//2429
f 2527//2527 2429//2429 2430//2430
f 2527//2527 2430//2430 2431//2431
f 2527//2527 2431//2431 2432//2432
f 2527//2527 2432//2432 2433//2433
f 2527//2527 2433//2433 2434//2434
f 2527//2527 2434//2434 2435//2435
f 2527//2527 2435//2435 2436//2436
f 2527//2527 2436//2436 2437//2437
f 2527//2527 2437//2437 2438//2438
f 2527//2527 2438//2438 2439//2439
f 2527//2527 2439//2439 2440//2440
f 2527//2527 2440//2440 2441//2441
f 2527//2527 2441//2441 2442//2442
f 2527//2527 2442//2442 2443//2443
f 2527//2527 2443//2443 2444//2444
f 2527//2527 2444//2444 2445//2445
f 2527//2527 2445//2445 2446//2446
f 2527//2527 2446//2446 2447//2447
f 2527//2527 2447//2447 2448//2448
f 2527//2527 2448//2448 2449//2449
f 2527//2527 2449//2449 2450//2450
f 2527//2527 2450//2450 2451//2451
f 2527//2527 2451//2451 2452//2452
f 2527//2527 2452//2452 2453//2453
f 2527//2527 2453//2453 2454//2454
f 2527//2527 2454//2454 2455//2455
f 2527//2527 2455//2455 2456//2456
f 2527//2527 2456//2456 2457//2457
f 2527//2527 2457//2457 2458//2458
f 2527//2527 2458//2458 2459//2459
f 2527//2527 2459//2459 2460//2460
f 2527//2527 2460//2460 2461//2461
f 2527//2527 2461//2461 2462//2462
f 2527//2527 2462//2462 2463//2463
f 2527//2527 2463//2463 2464//2464
f 2527//2527 2464//2464 2465//2465
f 2527//2527 2465//2465 2466//2466
f 2527//2527 2466//2466 2467//2467
f 2527//2527 2467//2467 2468//2468
f 2527//2527 2468//2468 2469//2469
f 2527//2527 2469//2469 2470//2470
f 2527//2527 2470//2470 2471//2471
f 2527//2527 2471//2471 2472//2472
f 2527//2527 2472//2472 2473//2473
f 2527//2527 2473//2473 2474//2474
f 2527//2527 2474//2474 2475//2475
f 2527//2527 2475//2475 2476//2476
f 2527//2527 2476//2476 2477//2477
f 2527//2527 2477//2477 2478//2478
f 2527//2527 2478//2478 2479//2479
f 2527//2527 2479//2479 2480//2480
f 2527//2527 2480//2480 2481//2481
f 2527//2527 2481//2481 2482//2482
f 2527//2527 2482//2482 2483//2483
f 2527//2527 2483//2483 2484//2484
f 2527//2527 2484//2484 2485//2485
f 2527//2527 2485//2485 2486//2486
f 2527//2527 2486//2486 2487//2487
f 2527//2527 2487//2487 2488//2488
f 2527//2527 2488//2488 2489//2489
f 2527//2527 2489//2489 2490//2490
f 2527//2527 2490//2490 2491//2491
f 2527//2527 2491//2491 2492//2492
f 2527//2527 2492//2492 2493//2493
f 2527//2527 2493//2493 2494//2494
f 2527//2527 2494//2494 2495//2495
f 2527//2527 2495//2495 2496//2496
f 2527//2527 2496//2496 2497//2497
f 2527//2527 2497//2497 2498//2498
f 2527//2527 2498//2498 2499//2499
f 2527//2527 2499//2499 2500//2500
f 2527//2527 2500//2500 2501//2501
f 2527//2527 2501//2501 2502//2502
f 2527//2527 2502//2502 2503//2503
f 2527//2527 2503//2503 2504//2504
f 2527//2527 2504//2504 2505//2505
f 2527//2527 2505//2505 2506//2506
f 2527//2527 2506//2506 2507//2507
f 2527//2527 2507//2507 2508//2508
f 2527//2527 2508//2508 2509//2509
f 2527//2527 2509//2509 2510//2510
f 2527//2527 2510//2510 2511//2511
f 2527//2527 2511//2511 2512//2512
f 2527//2527 2512//2512 2513//2513
f 2527//2527 2513//2513 2514//2514
f 2527//2527 2514//2514 2515//2515
f 2527//2527 2515//2515 2516//2516
f 2527//2527 2516//2516 2517//2517
f 2527//2527 2517//2517 2518//2518
f 2527//2527 2518//2518 2519//2519
f 2527//2527 2519//2519 2520//2520
f 2527//2527 2520//2520 2521//2521
f 2527//2527 2521//2521 2522//2522
f 2527//2527 2522//2522 2523//2523
f 2527//2527 2523//2523 2524//2524
f 2527//2527 2524//2524 2525//2525
f 2525//2525 2526//2526 2527//2527
f 2631//2631 2528//2528 2529//2529
f 2631//2631 2529//2529 2530//2530
f 2631//2631 2530//2530 2531//2531
f 2631//2631 2531//2531 2532//2532
f 2631//2631 2532//2532 2533//2533
f 2631//2631 2533//2533 2534//2534
f 2631//2631 2534//2534 2535//2535
f 2631//2631 2535//2535 2536//2536
f 2631//2631 2536//2536 2537//2537
f 2631//2631 2537//2537 2538//2538
f 2631//2631 2538//2538 2539//2539
f 2631//2631 2539//2539 2540//2540
f 2631//2631 2540//2540 2541//2541
f 2631//2631 2541//2541 2542//2542
f 2631//2631 2542//2542 2543//2543
f 2631//2631 2543//2543 2544//2544
f 2631//2631 2544//2544 2545//2545
f 2631//2631 2545//2545 2546//2546
f 2631//2631 2546//2546 2547//2547
f 2631//2631 2547//2547 2548//2548
f 2631//2631 2548//2548 2549//2549
f 2631//2631 2549//2549 2550//2550
f 2631//2631 2550//2550 2551//2551
f 2631//2631 2551//2551 2552//2552
f 2631//2631 2552//2552 2553//2553
f 2631//2631 2553//2553 2554//2554
f 2631//2631 2554//2554 2555//2555
f 2631//2631 2555//2555 2556//2556
f 2631//2631 2556//2556 2557//2557
f 2631//2631 2557//2557 2558//2558
f 2631//2631 2558//2558 2559//2559
f 2631//2631 2559//2559 2560//2560
f 2631//2631 2560//2560 2561//2561
f 2631//2631 2561//2561 2562//2562
f 2631//2631 2562//2562 2563//2563
f 2631//2631 2563//2563 2564//2564
f 2631//2631 2564//2564 2565//2565
f 2631//2631 2565//2565 2566//2566
f 2631//2631 2566//2566 2567//2567
f 2631//2631 2567//2567 2568//2568
f 2631//2631 2568//2568 2569//2569
f 2631//2631 2569//2569 2570//2570
f 2631//2631 2570//2570 2571//2571
f 2631//2631 2571//2571 2572//2572
f 2631//2631 2572//2572 2573//2573
f 2631//2631 2573//2573 2574//2574
f 2631//2631 2574//2574 2575//2575
f 2631//2631 2575//2575 2576//2576
f 2631//2631 2576//2576 2577//2577
f 2631//2631 2577//2577 2578//2578
f 2631//2631 2578//2578 2579//2579
f 2631//2631 2579//2579 2580//2580
f 2631//2631 2580//2580 2581//2581
f 2631//2631 2581//2581 2582//2582
f 2631//2631 2582//2582 2583//2583
f 2631//2631 2583//2583 2584//2584
f 2631//2631 2584//2584 2585//2585
f 2631//2631 2585//2585 2586//2586
f 2631//2631 2586//2586 2587//2587
f 2631//2631 2587//2587 2588//2588
f 2631//2631 2588//2588 2589//2589
f 2631//2631 2589//2589 2590//2590
f 2631//2631 2590//2590 2591//2591
f 2631//2631 2591//2591 2592//2592
f 2631//2631 2592//2592 2593//2593
f 2631//2631 2593//2593 2594//2594
f 2631//2631 2594//2594 2595//2595
f 2631//2631 2595//2595 2596//2596
f 2631//2631 2596//2596 2597//2597
f 2631//2631 2597//2597 2598//2598
f 2631//2631 2598//2598 2599//2599
f 2631//2631 2599//2599 2600//2600
f 2631//2631 2600//2600 2601//2601
f 2631//2631 2601//2601 2602//2602
f 2631//2631 2602//2602 2603//2603
f 2631//2631 2603//2603 2604//2604
f 2631//2631 2604//2604 2605//2605
f 2631//2631 2605//2605 2606//2606
f 2631//2631 2606//2606 2607//2607
f 2631//2631 2607//2607 2608//2608
f 2631//2631 2608//2608 2609//2609
f 2631//2631 2609//2609 2610//2610
f 2631//2631 2610//2610 2611//2611
f 2631//2631 2611//2611 2612//2612
f 2631//2631 2612//2612 2613//2613
f 2631//2631 2613//2613 2614//2614
f 2631//2631 2614//2614 2615//2615
f 2631//2631 2615//2615 2616//2616
f 2631//2631 2616//2616 2617//2617
f 2631//2631 2617//2617 2618//2618
f 2631//2631 2618//2618 2619//2619
f 2631//2631 2619//2619 2620//2620
f 2631//2631 2620//2620 2621//2621
f 2631//2631 2621//2621 2622//2622
f 2631//2631 2622//2622 2623//2623
f 2631//2631 2623//2623 2624//2624
f 2631//2631 2624//2624 2625//2625
f 2631//2631 2625//2625 2626//2626
f 2631//2631 2626//2626 2627//2627
f 2631//2631 2627//2627 2628//2628
f 2631//2631 2628//2628 2629//2629
f 2629//2629 2630//2630 2631//2631
o HFL
v 0.78 -0.07 0.36
v 0.780688 -0.07 0.375275
v 0.782838 -0.07 0.390934
v 0.786562 -0.07 0.406777
v 0.791936 -0.07 0.422576
v 0.798992 -0.07 0.43808
v 0.807711 -0.07 0.453026
v 0.81802 -0.07 0.467151
v 0.829792 -0.07 0.480208
v 0.842849 -0.07 0.49198
v 0.856974 -0.07 0.502289
v 0.87192 -0.07 0.511008
v 0.887424 -0.07 0.518064
v 0.903223 -0.07 0.523438
v 0.919066 -0.07 0.527162
v 0.934725 -0.07 0.529312
v 0.95 -0.07 0.53
v 0.965275 -0.07 0.529312
v 0.980934 -0.07 0.527162
v 0.996777 -0.07 0.523438
v 1.01258 -0.07 0.518064
v 1.02808 -0.07 0.511008
v 1.04303 -0.07 0.502289
v 1.05715 -0.07 0.49198
v 1.07021 -0.07 0.480208
v 1.08198 -0.07 0.467151
v 1.09229 -0.07 0.453026
v 1.10101 -0.07 0.43808
v 1.10806 -0.07 0.422576
v 1.11344 -0.07 0.406777
v 1.11716 -0.07 0.390934
v 1.11931 -0.07 0.375275
v 1.12 -0.07 0.36
v 1.11931 -0.07 0.344725
v 1.11716 -0.07 0.329066
v 1.11344 -0.07 0.313223
v 1.10806 -0.07 0.297424
v 1.10101 -0.07 0.28192
v 1.09229 -0.07 0.266974
v 1.08198 -0.07 0.252849
v 1.07021 -0.07 0.239792
v 1.05715 -0.07 0.22802
v 1.04303 -0.07 0.217711
v 1.02808 -0.07 0.208992
v 1.01258 -0.07 0.201936
v 0.996777 -0.07 0.196562
v 0.980934 -0.07 0.192838
v 0.965275 -0.07 0.190688
v 0.95 -0.07 0.19
v 0.934725 -0.07 0.190688
v 0.919066 -0.07 0.192838
v 0.903223 -0.07 0.196562
v 0.887424 -0.07 0.201936
v 0.87192 -0.07 0.208992
v 0.856974 -0.07 0.217711
v 0.842849 -0.07 0.22802
v 0.829792 -0.07 0.239792
v 0.81802 -0.07 0.252849
v 0.807711 -0.07 0.266974
v 0.798992 -0.07 0.28192
v 0.791936 -0.07 0.297424
v 0.786562 -0.07 0.313223
v 0.782838 -0.07 0.329066
v 0.780688 -0.07 0.344725
v 0.78 -0.07 0.36
v 0.78 -0.04 0.36
v 0.780688 -0.04 0.375275
v 0.782838 -0.04 0.390934
v 0.786562 -0.04 0.406777
v 0.791936 -0.04 0.422576
v 0.798992 -0.04 0.43808
v 0.807711 -0.04 0.453026
v 0.81802 -0.04 0.467151
v 0.829792 -0.04 0.480208
v 0.842849 -0.04 0.49198
v 0.856974 -0.04 0.502289
v 0.87192 -0.04 0.511008
v 0.887424 -0.04 0.518064
v 0.903223 -0.04 0.523438
v 0.919066 -0.04 0.527162
v 0.934725 -0.04 0.529312
v 0.95 -0.04 0.53
v 0.965275 -0.04 0.529312
v 0.980934 -0.04 0.527162
v 0.996777 -0.04 0.523438
v 1.01258 -0.04 0.518064
v 1.02808 -0.04 0.511008
v 1.04303 -0.04 0.502289
v 1.05715 -0.04 0.49198
v 1.07021 -0.04 0.480208
v 1.08198 -0.04 0.467151
v 1.09229 -0.04 0.453026
v 1.10101 -0.04 0.43808
v 1.10806 -0.04 0.422576
v 1.11344 -0.04 0.406777
v 1.11716 -0.04 0.390934
v 1.11931 -0.04 0.375275
v 1.12 -0.04 0.36
v 1.11931 -0.04 0.344725
v 1.11716 -0.04 0.329066
v 1.11344 -0.04 0.313223
v 1.10806 -0.04 0.297424
v 1.10101 -0.04 0.28192
v 1.09229 -0.04 0.266974
v 1.08198 -0.04 0.252849
v 1.07021 -0.04 0.239792
v 1.05715 -0.04 0.22802
v 1.04303 -0.04 0.217711
v 1.02808 -0.04 0.208992
v 1.01258 -0.04 0.201936
v 0.996777 -0.04 0.196562
v 0.980934 -0.04 0.192838
v 0.965275 -0.04 0.190688
v 0.95 -0.04 0.19
v 0.934725 -0.04 0.190688
v 0.919066 -0.04 0.192838
v 0.903223 -0.04 0.196562
v 0.887424 -0.04 0.201936
v 0.87192 -0.04 0.208992
v 0.856974 -0.04 0.217711
v 0.842849 -0.04 0.22802
v 0.829792 -0.04 0.239792
v 0.81802 -0.04 0.252849
v 0.807711 -0.04 0.266974
v 0.798992 -0.04 0.28192
v 0.791936 -0.04 0.297424
v 0.786562 -0.04 0.313223
v 0.782838 -0.04 0.329066
v 0.780688 -0.04 0.344725
v 0.78 -0.04 0.36
v 0.78 -0.01 0.36
v 0.780688 -0.01 0.375275
v 0.782838 -0.01 0.390934
v 0.786562 -0.01 0.406777
v 0.791936 -0.01 0.422576
v 0.798992 -0.01 0.43808
v 0.807711 -0.01 0.453026
v 0.81802 -0.01 0.467151
v 0.829792 -0.01 0.480208
v 0.842849 -0.01 0.49198
v 0.856974 -0.01 0.502289
v 0.87192 -0.01 0.511008
v 0.887424 -0.01 0.518064
v 0.903223 -0.01 0.523438
v 0.919066 -0.01 0.527162
v 0.934725 -0.01 0.529312
v 0.95 -0.01 0.53
v 0.965275 -0.01 0.529312
v 0.980934 -0.01 0.527162
v 0.996777 -0.01 0.523438
v 1.01258 -0.01 0.518064
v 1.02808 -0.01 0.511008
v 1.04303 -0.01 0.502289
v 1.05715 -0.01 0.49198
v 1.07021 -0.01 0.480208
v 1.08198 -0.01 0.467151
v 1.09229 -0.01 0.453026
v 1.10101 -0.01 0.43808
v 1.10806 -0.01 0.422576
v 1.11344 -0.01 0.406777
v 1.11716 -0.01 0.390934
v 1.11931 -0.01 0.375275
v 1.12 -0.01 0.36
v 1.11931 -0.01 0.344725
v 1.11716 -0.01 0.329066
v 1.11344 -0.01 0.313223
v 1.10806 -0.01 0.297424
v 1.10101 -0.01 0.28192
v 1.09229 -0.01 0.266974
v 1.08198 -0.01 0.252849
v 1.07021 -0.01 0.239792
v 1.05715 -0.01 0.22802
v 1.04303 -0.01 0.217711
v 1.02808 -0.01 0.208992
v 1.01258 -0.01 0.201936
v 0.996777 -0.01 0.196562
v 0.980934 -0.01 0.192838
v 0.965275 -0.01 0.190688
v 0.95 -0.01 0.19
v 0.934725 -0.01 0.190688
v 0.919066 -0.01 0.192838
v 0.903223 -0.01 0.196562
v 0.887424 -0.01 0.201936
v 0.87192 -0.01 0.208992
v 0.856974 -0.01 0.217711
v 0.842849 -0.01 0.22802
v 0.829792 -0.01 0.239792
v 0.81802 -0.01 0.252849
v 0.807711 -0.01 0.266974
v 0.798992 -0.01 0.28192
v 0.791936 -0.01 0.297424
v 0.786562 -0.01 0.313223
v 0.782838 -0.01 0.329066
v 0.780688 -0.01 0.344725
v 0.78 -0.01 0.36
v 0.78 -0.07 0.36
v 0.780688 -0.07 0.344725
v 0.782838 -0.07 0.329066
v 0.786562 -0.07 0.313223
v 0.791936 -0.07 0.297424
v 0.795254 -0.07 0.289619
v 0.798992 -0.07 0.28192
v 0.803147 -0.07 0.274361
v 0.807711 -0.07 0.266974
v 0.812673 -0.07 0.259793
v 0.81802 -0.07 0.252849
v 0.823733 -0.07 0.246173
v 0.829792 -0.07 0.239792
v 0.836173 -0.07 0.233733
v 0.842849 -0.07 0.22802
v 0.849793 -0.07 0.222673
v 0.856974 -0.07 0.217711
v 0.864361 -0.07 0.213147
v 0.87192 -0.07 0.208992
v 0.879619 -0.07 0.205254
v 0.887424 -0.07 0.201936
v 0.903223 -0.07 0.196562
v 0.919066 -0.07 0.192838
v 0.934725 -0.07 0.190688
v 0.95 -0.07 0.19
v 0.965275 -0.07 0.190688
v 0.980934 -0.07 0.192838
v 0.996777 -0.07 0.196562
v 1.01258 -0.07 0.201936
v 1.02038 -0.07 0.205254
v 1.02808 -0.07 0.208992
v 1.03564 -0.07 0.213147
v 1.04303 -0.07 0.217711
v 1.05021 -0.07 0.222673
v 1.05715 -0.07 0.22802
v 1.06383 -0.07 0.233733
v 1.07021 -0.07 0.239792
v 1.07627 -0.07 0.246173
v 1.08198 -0.07 0.252849
v 1.08733 -0.07 0.259793
v 1.09229 -0.07 0.266974
v 1.09685 -0.07 0.274361
v 1.10101 -0.07 0.28192
v 1.10475 -0.07 0.289619
v 1.10806 -0.07 0.297424
v 1.11344 -0.07 0.313223
v 1.11716 -0.07 0.329066
v 1.11931 -0.07 0.344725
v 1.12 -0.07 0.36
v 1.11931 -0.07 0.375275
v 1.11716 -0.07 0.390934
v 1.11344 -0.07 0.406777
v 1.10806 -0.07 0.422576
v 1.10475 -0.07 0.430381
v 1.10101 -0.07 0.43808
v 1.09685 -0.07 0.445639
v 1.09229 -0.07 0.453026
v 1.08733 -0.07 0.460207
v 1.08198 -0.07 0.467151
v 1.07627 -0.07 0.473827
v 1.07021 -0.07 0.480208
v 1.06383 -0.07 0.486267
v 1.05715 -0.07 0.49198
v 1.05021 -0.07 0.497327
v 1.04303 -0.07 0.502289
v 1.03564 -0.07 0.506853
v 1.02808 -0.07 0.511008
v 1.02038 -0.07 0.514746
v 1.01258 -0.07 0.518064
v 0.996777 -0.07 0.523438
v 0.980934 -0.07 0.527162
v 0.965275 -0.07 0.529312
v 0.95 -0.07 0.53
v 0.934725 -0.07 0.529312
v 0.919066 -0.07 0.527162
v 0.903223 -0.07 0.523438
v 0.887424 -0.07 0.518064
v 0.879619 -0.07 0.514746
v 0.87192 -0.07 0.511008
v 0.864361 -0.07 0.506853
v 0.856974 -0.07 0.502289
v 0.849793 -0.07 0.497327
v 0.842849 -0.07 0.49198
v 0.836173 -0.07 0.486267
v 0.829792 -0.07 0.480208
v 0.823733 -0.07 0.473827
v 0.81802 -0.07 0.467151
v 0.812673 -0.07 0.460207
v 0.807711 -0.07 0.453026
v 0.803147 -0.07 0.445639
v 0.798992 -0.07 0.43808
v 0.795254 -0.07 0.430381
v 0.791936 -0.07 0.422576
v 0.786562 -0.07 0.406777
v 0.782838 -0.07 0.390934
v 0.780688 -0.07 0.375275
v 0.78 -0.01 0.36
v 0.780688 -0.01 0.375275
v 0.782838 -0.01 0.390934
v 0.786562 -0.01 0.406777
v 0.791936 -0.01 0.422576
v 0.795254 -0.01 0.430381
v 0.798992 -0.01 0.43808
v 0.803147 -0.01 0.445639
v 0.807711 -0.01 0.453026
v 0.812673 -0.01 0.460207
v 0.81802 -0.01 0.467151
v 0.823733 -0.01 0.473827
v 0.829792 -0.01 0.480208
v 0.836173 -0.01 0.486267
v 0.842849 -0.01 0.49198
v 0.849793 -0.01 0.497327
v 0.856974 -0.01 0.502289
v 0.864361 -0.01 0.506853
v 0.87192 -0.01 0.511008
v 0.879619 -0.01 0.514746
v 0.887424 -0.01 0.518064
v 0.903223 -0.01 0.523438
v 0.919066 -0.01 0.527162
v 0.934725 -0.01 0.529312
v 0.95 -0.01 0.53
v 0.965275 -0.01 0.529312
v 0.980934 -0.01 0.527162
v 0.996777 -0.01 0.523438
v 1.01258 -0.01 0.518064
v 1.02038 -0.01 0.514746
v 1.02808 -0.01 0.511008
v 1.03564 -0.01 0.506853
v 1.04303 -0.01 0.502289
v 1.05021 -0.01 0.497327
v 1.05715 -0.01 0.49198
v 1.06383 -0.01 0.486267
v 1.07021 -0.01 0.480208
v 1.07627 -0.01 0.473827
v 1.08198 -0.01 0.467151
v 1.08733 -0.01 0.460207
v 1.09229 -0.01 0.453026
v 1.09685 -0.01 0.445639
v 1.10101 -0.01 0.43808
v 1.10475 -0.01 0.430381
v 1.10806 -0.01 0.422576
v 1.11344 -0.01 0.406777
v 1.11716 -0.01 0.390934
v 1.11931 -0.01 0.375275
v 1.12 -0.01 0.36
v 1.11931 -0.01 0.344725
v 1.11716 -0.01 0.329066
v 1.11344 -0.01 0.313223
v 1.10806 -0.01 0.297424
v 1.10475 -0.01 0.289619
v 1.10101 -0.01 0.28192
v 1.09685 -0.01 0.274361
v 1.09229 -0.01 0.266974
v 1.08733 -0.01 0.259793
v 1.08198 -0.01 0.252849
v 1.07627 -0.01 0.246173
v 1.07021 -0.01 0.239792
v 1.06383 -0.01 0.233733
v 1.05715 -0.01 0.22802
v 1.05021 -0.01 0.222673
v 1.04303 -0.01 0.217711
v 1.03564 -0.01 0.213147
v 1.02808 -0.01 0.208992
v 1.02038 -0.01 0.205254
v 1.01258 -0.01 0.201936
v 0.996777 -0.01 0.196562
v 0.980934 -0.01 0.192838
v 0.965275 -0.01 0.190688
v 0.95 -0.01 0.19
v 0.934725 -0.01 0.190688
v 0.919066 -0.01 0.192838
v 0.903223 -0.01 0.196562
v 0.887424 -0.01 0.201936
v 0.879619 -0.01 0.205254
v 0.87192 -0.01 0.208992
v 0.864361 -0.01 0.213147
v 0.856974 -0.01 0.217711
v 0.849793 -0.01 0.222673
v 0.842849 -0.01 0.22802
v 0.836173 -0.01 0.233733
v 0.829792 -0.01 0.239792
v 0.823733 -0.01 0.246173
v 0.81802 -0.01 0.252849
v 0.812673 -0.01 0.259793
v 0.807711 -0.01 0.266974
v 0.803147 -0.01 0.274361
v 0.798992 -0.01 0.28192
v 0.795254 -0.01 0.289619
v 0.791936 -0.01 0.297424
v 0.786562 -0.01 0.313223
v 0.782838 -0.01 0.329066
v 0.780688 -0.01 0.344725
vn -1 0 -4.61792e-16
vn -0.995955 0 0.0898544
vn -0.983305 0 0.181963
vn -0.961399 0 0.275158
vn -0.929788 0 0.368095
vn -0.888284 0 0.459295
vn -0.836996 0 0.54721
vn -0.776353 0 0.630298
vn -0.707107 0 0.707107
vn -0.630298 0 0.776353
vn -0.54721 0 0.836996
vn -0.459295 0 0.888284
vn -0.368095 0 0.929788
vn -0.275158 0 0.961399
vn -0.181963 0 0.983305
vn -0.0898544 0 0.995955
vn -2.30896e-16 0 1
vn 0.0898544 -0 0.995955
vn 0.181963 -0 0.983305
vn 0.275158 -0 0.961399
vn 0.368095 -0 0.929788
vn 0.459295 -0 0.888284
vn 0.54721 -0 0.836996
vn 0.630298 -0 0.776353
vn 0.707107 -0 0.707107
vn 0.776353 -0 0.630298
vn 0.836996 -0 0.54721
vn 0.888284 -0 0.459295
vn 0.929788 -0 0.368095
vn 0.961399 -0 0.275158
vn 0.983305 -0 0.181963
vn 0.995955 -0 0.0898544
vn 1 0 -4.61792e-16
vn 0.995955 0 -0.0898544
vn 0.983305 0 -0.181963
vn 0.961399 0 -0.275158
vn 0.929788 0 -0.368095
vn 0.888284 0 -0.459295
vn 0.836996 0 -0.54721
vn 0.776353 0 -0.630298
vn 0.707107 0 -0.707107
vn 0.630298 0 -0.776353
vn 0.54721 0 -0.836996
vn 0.459295 0 -0.888284
vn 0.368095 0 -0.929788
vn 0.275158 0 -0.961399
vn 0.181963 0 -0.983305
vn 0.0898544 0 -0.995955
vn 2.30896e-16 0 -1
vn -0.0898544 0 -0.995955
vn -0.181963 0 -0.983305
vn -0.275158 0 -0.961399
vn -0.368095 0 -0.929788
vn -0.459295 0 -0.888284
vn -0.54721 0 -0.836996
vn -0.630298 0 -0.776353
vn -0.707107 0 -0.707107
vn -0.776353 0 -0.630298
vn -0.836996 0 -0.54721
vn -0.888284 0 -0.459295
vn -0.929788 0 -0.368095
vn -0.961399 0 -0.275158
vn -0.983305 0 -0.181963
vn -0.995955 0 -0.0898544
vn -1 0 -4.61792e-16
vn -1 0 0
vn -0.995955 0 0.0898544
vn -0.983305 0 0.181963
vn -0.961399 0 0.275158
vn -0.929788 0 0.368095
vn -0.888284 0 0.459295
vn -0.836996 0 0.54721
vn -0.776353 0 0.630298
vn -0.707107 0 0.707107
vn -0.630298 0 0.776353
vn -0.54721 0 0.836996
vn -0.459295 0 0.888284
vn -0.368095 0 0.929788
vn -0.275158 0 0.961399
vn -0.181963 0 0.983305
vn -0.0898544 0 0.995955
vn -4.61792e-16 0 1
vn 0.0898544 -0 0.995955
vn 0.181963 -0 0.983305
vn 0.275158 -0 0.961399
vn 0.368095 -0 0.929788
vn 0.459295 -0 0.888284
vn 0.54721 -0 0.836996
vn 0.630298 -0 0.776353
vn 0.707107 -0 0.707107
vn 0.776353 -0 0.630298
vn 0.836996 -0 0.54721
vn 0.888284 -0 0.459295
vn 0.929788 -0 0.368095
vn 0.961399 -0 0.275158
vn 0.983305 -0 0.181963
vn 0.995955 -0 0.0898544
vn 1 -0 0
vn 0.995955 0 -0.0898544
vn 0.983305 0 -0.181963
vn 0.961399 0 -0.275158
vn 0.929788 0 -0.368095
vn 0.888284 0 -0.459295
vn 0.836996 0 -0.54721
vn 0.776353 0 -0.630298
vn 0.707107 0 -0.707107
vn 0.630298 0 -0.776353
vn 0.54721 0 -0.836996
vn 0.459295 0 -0.888284
vn 0.368095 0 -0.929788
vn 0.275158 0 -0.961399
vn 0.181963 0 -0.983305
vn 0.0898544 0 -0.995955
vn 1.73172e-16 0 -1
vn -0.0898544 0 -0.995955
vn -0.181963 0 -0.983305
vn -0.275158 0 -0.961399
vn -0.368095 0 -0.929788
vn -0.459295 0 -0.888284
vn -0.54721 0 -0.836996
vn -0.630298 0 -0.776353
vn -0.707107 0 -0.707107
vn -0.776353 0 -0.630298
vn -0.836996 0 -0.54721
vn -0.888284 0 -0.459295
vn -0.929788 0 -0.368095
vn -0.961399 0 -0.275158
vn -0.983305 0 -0.181963
vn -0.995955 0 -0.0898544
vn -1 0 -4.61792e-16
vn -1 0 -4.61792e-16
vn -0.995955 0 0.0898544
vn -0.983305 0 0.181963
vn -0.961399 0 0.275158
vn -0.929788 0 0.368095
vn -0.888284 0 0.459295
vn -0.836996 0 0.54721
vn -0.776353 0 0.630298
vn -0.707107 0 0.707107
vn -0.630298 0 0.776353
vn -0.54721 0 0.836996
vn -0.459295 0 0.888284
vn -0.368095 0 0.929788
vn -0.275158 0 0.961399
vn -0.181963 0 0.983305
vn -0.0898544 0 0.995955
vn -2.30896e-16 0 1
vn 0.0898544 -0 0.995955
vn 0.181963 -0 0.983305
vn 0.275158 -0 0.961399
vn 0.368095 -0 0.929788
vn 0.459295 -0 0.888284
vn 0.54721 -0 0.836996
vn 0.630298 -0 0.776353
vn 0.707107 -0 0.707107
vn 0.776353 -0 0.630298
vn 0.836996 -0 0.54721
vn 0.888284 -0 0.459295
vn 0.929788 -0 0.368095
vn 0.961399 -0 0.275158
vn 0.983305 -0 0.181963
vn 0.995955 -0 0.0898544
vn 1 0 -4.61792e-16
vn 0.995955 0 -0.0898544
vn 0.983305 0 -0.181963
vn 0.961399 0 -0.275158
vn 0.929788 0 -0.368095
vn 0.888284 0 -0.459295
vn 0.836996 0 -0.54721
vn 0.776353 0 -0.630298
vn 0.707107 0 -0.707107
vn 0.630298 0 -0.776353
vn 0.54721 0 -0.836996
vn 0.459295 0 -0.888284
vn 0.368095 0 -0.929788
vn 0.275158 0 -0.961399
vn 0.181963 0 -0.983305
vn 0.0898544 0 -0.995955
vn 2.30896e-16 0 -1
vn -0.0898544 0 -0.995955
vn -0.181963 0 -0.983305
vn -0.275158 0 -0.961399
vn -0.368095 0 -0.929788
vn -0.459295 0 -0.888284
vn -0.54721 0 -0.836996
vn -0.630298 0 -0.776353
vn -0.707107 0 -0.707107
vn -0.776353 0 -0.630298
vn -0.836996 0 -0.54721
vn -0.888284 0 -0.459295
vn -0.929788 0 -0.368095
vn -0.961399 0 -0.275158
vn -0.983305 0 -0.181963
vn -0.995955 0 -0.0898544
vn -1 0 -4.61792e-16
vn -1.66533e-18 -1 0
vn 0 -1 0
vn 0 -1 0
vn 0 -1 0
vn 0 -1 0
vn 1.47105e-17 -1 0
vn 8.60423e-18 -1 0
vn 2.16493e-17 -1 0
vn -8.32667e-19 -1 0
vn -1.47105e-17 -1 0
vn -8.60423e-18 -1 0
vn -8.32667e-19 -1 0
vn -2.22045e-18 -1 0
vn 2.20657e-17 -1 0
vn 3.46945e-18 -1 0
vn -7.77156e-18 -1 0
vn -2.20657e-17 -1 0
vn -9.99201e-18 -1 0
vn 2.63678e-18 -1 0
vn -1.27676e-17 -1 0
vn 8.60423e-18 -1 0
vn 5.20417e-18 -1 0
vn 2.63678e-18 -1 0
vn 1.31839e-17 -1 0
vn -1.13798e-17 -1 0
vn 9.99201e-18 -1 0
vn 4.85723e-19 -1 0
vn 4.92661e-18 -1 0
vn 4.996e-18 -1 0
vn 9.29812e-18 -1 0
vn -4.16334e-19 -1 0
vn -1.42941e-17 -1 0
vn 3.05311e-18 -1 0
vn -1.1241e-17 -1 0
vn 8.32667e-19 -1 0
vn -1.1241e-17 -1 0
vn -2.22045e-18 -1 0
vn 0 -1 0
vn 8.60423e-18 -1 0
vn 1.47105e-17 -1 0
vn -7.77156e-18 -1 0
vn 7.77156e-18 -1 0
vn -1.38778e-17 -1 0
vn 6.93889e-18 -1 0
vn 2.2482e-17 -1 0
vn -1.66533e-18 -1 0
vn 0 -1 0
vn 1.55431e-17 -1 0
vn 0 -1 0
vn 0 -1 0
vn 0 -1 0
vn 1.66533e-18 -1 0
vn 0 -1 0
vn 0 -1 0
vn -1.22125e-17 -1 0
vn 0 -1 0
vn 0 -1 0
vn 0 -1 0
vn -2.77556e-17 -1 0
vn 0 -1 0
vn -3.10862e-17 -1 0
vn 0 -1 0
vn 0 -1 0
vn 0 -1 0
vn 0 -1 0
vn 0 -1 0
vn 0 -1 0
vn 0 -1 0
vn 0 -1 0
vn 0 -1 0
vn 0 -1 0
vn 2.77556e-17 -1 0
vn 0 -1 0
vn 2.77556e-17 -1 0
vn 0 -1 0
vn 0 -1 0
vn 0 -1 0
vn 0 -1 0
vn 0 -1 0
vn 0 -1 0
vn 0 -1 0
vn 0 -1 0
vn 3.10862e-17 -1 0
vn 0 -1 0
vn 0 -1 0
vn -2.77556e-17 -1 0
vn 0 -1 0
vn 2.77556e-17 -1 0
vn 0 -1 0
vn 0 -1 0
vn -1.22125e-17 -1 0
vn 0 -1 0
vn 0 -1 0
vn 0 -1 0
vn -1.66533e-18 -1 0
vn 1.66533e-18 -1 0
vn 0 1 3.46945e-18
vn 3.95517e-18 1 3.46945e-18
vn 0 1 3.46945e-18
vn 2.22045e-18 1 3.46945e-18
vn -2.22045e-18 1 3.46945e-18
vn 2.22045e-18 1 3.46945e-18
vn 0 1 3.46945e-18
vn 0 1 6.93889e-18
vn 4.44089e-18 1 3.46945e-18
vn 0 1 3.46945e-18
vn 0 1 3.46945e-18
vn 0 1 3.46945e-18
vn -4.44089e-18 1 3.46945e-18
vn 0 1 3.46945e-18
vn 0 1 3.46945e-18
vn 0 1 3.46945e-18
vn 0 1 6.93889e-18
vn 0 1 3.46945e-18
vn 0 1 6.93889e-18
vn 0 1 6.93889e-18
vn 3.46945e-18 1 3.46945e-18
vn 0 1 3.46945e-18
vn 0 1 5.20417e-18
vn 0 1 3.46945e-18
vn 0 1 3.46945e-18
vn 0 1 5.20417e-18
vn 0 1 3.46945e-18
vn 0 1 5.20417e-18
vn 0 1 5.20417e-18
vn 0 1 3.46945e-18
vn 0 1 4.33681e-18
vn 0 1 4.33681e-18
vn 0 1 4.33681e-18
vn 0 1 4.33681e-18
vn 0 1 4.33681e-18
vn 0 1 4.33681e-18
vn 3.46945e-18 1 4.33681e-18
vn 0 1 4.33681e-18
vn 0 1 4.33681e-18
vn 0 1 7.80626e-18
vn -3.46945e-18 1 3.90313e-18
vn 0 1 3.90313e-18
vn 0 1 3.90313e-18
vn 0 1 3.90313e-18
vn 0 1 3.90313e-18
vn 0 1 3.68629e-18
vn -3.95517e-18 1 3.68629e-18
vn 0 1 7.15573e-18
vn 0 1 3.68629e-18
vn 2.22045e-18 1 7.15573e-18
vn 2.22045e-18 1 3.68629e-18
vn 0 1 3.90313e-18
vn -2.84495e-18 1 3.46945e-18
vn -1.11022e-18 1 3.90313e-18
vn 1.11022e-18 1 3.90313e-18
vn -1.97758e-18 1 3.90313e-18
vn 1.35308e-18 1 7.80626e-18
vn -1.11022e-18 1 7.80626e-18
vn -1.73472e-18 1 7.80626e-18
vn 3.95517e-18 1 4.33681e-18
vn -8.67362e-19 1 4.33681e-18
vn -2.84495e-18 1 4.33681e-18
vn -1.97758e-18 1 4.33681e-18
vn -6.76542e-19 1 4.33681e-18
vn -2.09902e-18 1 4.33681e-18
vn -9.88792e-19 1 5.20417e-18
vn 7.45931e-19 1 5.20417e-18
vn 2.13371e-18 1 3.46945e-18
vn 9.19403e-19 1 1.73472e-18
vn 9.19403e-19 1 1.73472e-18
vn -2.31586e-18 1 3.46945e-18
vn -1.85615e-18 1 5.20417e-18
vn -7.89299e-19 1 6.93889e-18
vn 2.47198e-18 1 6.93889e-18
vn -1.32706e-18 1 5.20417e-18
vn -6.07153e-20 1 3.46945e-18
vn -1.21431e-19 1 6.93889e-18
vn 2.13371e-18 1 6.93889e-18
vn 7.45931e-19 1 3.46945e-18
vn 1.21431e-19 1 3.46945e-18
vn -5.55112e-19 1 3.46945e-18
vn 3.64292e-19 1 3.46945e-18
vn 1.66533e-18 1 3.46945e-18
vn 1.66533e-18 1 3.46945e-18
vn -1.97758e-18 1 3.46945e-18
vn 1.92593e-34 1 3.46945e-18
vn 6.245e-19 1 3.46945e-18
vn 2.42861e-19 1 3.46945e-18
vn 1.35308e-18 1 3.46945e-18
vn -4.85723e-19 1 3.46945e-18
vn 8.67362e-19 1 6.93889e-18
vn 0 1 3.46945e-18
vn -1.73472e-18 1 3.46945e-18
vn -1.73472e-18 1 3.46945e-18
vn 0 1 3.46945e-18
vn 0 1 3.46945e-18
g HFL_chrome
usemtl chrome
f 2632//2632 2633//2633 2698//2698
f 2632//2632 2698//2698 2697//2697
f 2633//2633 2634//2634 2699//2699
f 2633//2633 2699//2699 2698//2698
f 2634//2634 2635//2635 2700//2700
f 2634//2634 2700//2700 2699//2699
f 2635//2635 2636//2636 2701//2701
f 2635//2635 2701//2701 2700//2700
f 2636//2636 2637//2637 2702//2702
f 2636//2636 2702//2702 2701//2701
f 2637//2637 2638//2638 2703//2703
f 2637//2637 2703//2703 2702//2702
f 2638//2638 2639//2639 2704//2704
f 2638//2638 2704//2704 2703//2703
f 2639//2639 2640//2640 2705//2705
f 2639//2639 2705//2705 2704//2704
f 2640//2640 2641//2641 2706//2706
f 2640//2640 2706//2706 2705//2705
f 2641//2641 2642//2642 2707//2707
f 2641//2641 2707//2707 2706//2706
f 2642//2642 2643//2643 2708//2708
f 2642//2642 2708//2708 2707//2707
f 2643//2643 2644//2644 2709//2709
f 2643//2643 2709//2709 2708//2708
f 2644//2644 2645//2645 2710//2710
f 2644//2644 2710//2710 2709//2709
f 2645//2645 2646//2646 2711//2711
f 2645//2645 2711//2711 2710//2710
f 2646//2646 2647//2647 2712//2712
f 2646//2646 2712//2712 2711//2711
f 2647//2647 2648//2648 2713//2713
f 2647//2647 2713//2713 2712//2712
f 2648//2648 2649//2649 2714//2714
f 2648//2648 2714//2714 2713//2713
f 2649//2649 2650//2650 2715//2715
f 2649//2649 2715//2715 2714//2714
f 2650//2650 2651//2651 2716//2716
f 2650//2650 2716//2716 2715//2715
f 2651//2651 2652//2652 2717//2717
f 2651//2651 2717//2717 2716//2716
f 2652//2652 2653//2653 2718//2718
f 2652//2652 2718//2718 2717//2717
f 2653//2653 2654//2654 2719//2719
f 2653//2653 2719//2719 2718//2718
f 2654//2654 2655//2655 2720//2720
f 2654//2654 2720//2720 2719//2719
f 2655//2655 2656//2656 2721//2721
f 2655//2655 2721//2721 2720//2720
f 2656//2656 2657//2657 2722//2722
f 2656//2656 2722//2722 2721//2721
f 2657//2657 2658//2658 2723//2723
f 2657//2657 2723//2723 2722//2722
f 2658//2658 2659//2659 2724//2724
f 2658//2658 2724//2724 2723//2723
f 2659//2659 2660//2660 2725//2725
f 2659//2659 2725//2725 2724//2724
f 2660//2660 2661//2661 2726//2726
f 2660//2660 2726//2726 2725//2725
f 2661//2661 2662//2662 2727//2727
f 2661//2661 2727//2727 2726//2726
f 2662//2662 2663//2663 2728//2728
f 2662//2662 2728//2728 2727//2727
f 2663//2663 2664//2664 2729//2729
f 2663//2663 2729//2729 2728//2728
f 2664//2664 2665//2665 2730//2730
f 2664//2664 2730//2730 2729//2729
f 2665//2665 2666//2666 2731//2731
f 2665//2665 2731//2731 2730//2730
f 2666//2666 2667//2667 2732//2732
f 2666//2666 2732//2732 2731//2731
f 2667//2667 2668//2668 2733//2733
f 2667//2667 2733//2733 2732//2732
f 2668//2668 2669//2669 2734//2734
f 2668//2668 2734//2734 2733//2733
f 2669//2669 2670//2670 2735//2735
f 2669//2669 2735//2735 2734//2734
f 2670//2670 2671//2671 2736//2736
f 2670//2670 2736//2736 2735//2735
f 2671//2671 2672//2672 2737//2737
f 2671//2671 2737//2737 2736//2736
f 2672//2672 2673//2673 2738//2738
f 2672//2672 2738//2738 2737//2737
f 2673//2673 2674//2674 2739//2739
f 2673//2673 2739//2739 2738//2738
f 2674//2674 2675//2675 2740//2740
f 2674//2674 2740//2740 2739//2739
f 2675//2675 2676//2676 2741//2741
f 2675//2675 2741//2741 2740//2740
f 2676//2676 2677//2677 2742//2742
f 2676//2676 2742//2742 2741//2741
f 2677//2677 2678//2678 2743//2743
f 2677//2677 2743//2743 2742//2742
f 2678//2678 2679//2679 2744//2744
f 2678//2678 2744//2744 2743//2743
f 2679//2679 2680//2680 2745//2745
f 2679//2679 2745//2745 2744//2744
f 2680//2680 2681//2681 2746//2746
f 2680//2680 2746//2746 2745//2745
f 2681//2681 2682//2682 2747//2747
f 2681//2681 2747//2747 2746//2746
f 2682//2682 2683//2683 2748//2748
f 2682//2682 2748//2748 2747//2747
f 2683//2683 2684//2684 2749//2749
f 2683//2683 2749//2749 2748//2748
f 2684//2684 2685//2685 2750//2750
f 2684//2684 2750//2750 2749//2749
f 2685//2685 2686//2686 2751//2751
f 2685//2685 2751//2751 2750//2750
f 2686//2686 2687//2687 2752//2752
f 2686//2686 2752//2752 2751//2751
f 2687//2687 2688//2688 2753//2753
f 2687//2687 2753//2753 2752//2752
f 2688//2688 2689//2689 2754//2754
f 2688//2688 2754//2754 2753//2753
f 2689//2689 2690//2690 2755//2755
f 2689//2689 2755//2755 2754//2754
f 2690//2690 2691//2691 2756//2756
f 2690//2690 2756//2756 2755//2755
f 2691//2691 2692//2692 2757//2757
f 2691//2691 2757//2757 2756//2756
f 2692//2692 2693//2693 2758//2758
f 2692//2692 2758//2758 2757//2757
f 2693//2693 2694//2694 2759//2759
f 2693//2693 2759//2759 2758//2758
f 2694//2694 2695//2695 2760//2760
f 2694//2694 2760//2760 2759//2759
f 2695//2695 2696//2696 2761//2761
f 2695//2695 2761//2761 2760//2760
f 2697//2697 2698//2698 2763//2763
f 2697//2697 2763//2763 2762//2762
f 2698//2698 2699//2699 2764//2764
f 2698//2698 2764//2764 2763//2763
f 2699//2699 2700//2700 2765//2765
f 2699//2699 2765//2765 2764//2764
f 2700//2700 2701//2701 2766//2766
f 2700//2700 2766//2766 2765//2765
f 2701//2701 2702//2702 2767//2767
f 2701//2701 2767//2767 2766//2766
f 2702//2702 2703//2703 2768//2768
f 2702//2702 2768//2768 2767//2767
f 2703//2703 2704//2704 2769//2769
f 2703//2703 2769//2769 2768//2768
f 2704//2704 2705//2705 2770//2770
f 2704//2704 2770//2770 2769//2769
f 2705//2705 2706//2706 2771//2771
f 2705//2705 2771//2771 2770//2770
f 2706//2706 2707//2707 2772//2772
f 2706//2706 2772//2772 2771//2771
f 2707//2707 2708//2708 2773//2773
f 2707//2707 2773//2773 2772//2772
f 2708//2708 2709//2709 2774//2774
f 2708//2708 2774//2774 2773//2773
f 2709//2709 2710//2710 2775//2775
f 2709//2709 2775//2775 2774//2774
f 2710//2710 2711//2711 2776//2776
f 2710//2710 2776//2776 2775//2775
f 2711//2711 2712//2712 2777//2777
f 2711//2711 2777//2777 2776//2776
f 2712//2712 2713//2713 2778//2778
f 2712//2712 2778//2778 2777//2777
f 2713//2713 2714//2714 2779//2779
f 2713//2713 2779//2779 2778//2778
f 2714//2714 2715//2715 2780//2780
f 2714//2714 2780//2780 2779//2779
f 2715//2715 2716//2716 2781//2781
f 2715//2715 2781//2781 2780//2780
f 2716//2716 2717//2717 2782//2782
f 2716//2716 2782//2782 2781//2781
f 2717//2717 2718//2718 2783//2783
f 2717//2717 2783//2783 2782//2782
f 2718//2718 2719//2719 2784//2784
f 2718//2718 2784//2784 2783//2783
f 2719//2719 2720//2720 2785//2785
f 2719//2719 2785//2785 2784//2784
f 2720//2720 2721//2721 2786//2786
f 2720//2720 2786//2786 2785//2785
f 2721//2721 2722//2722 2787//2787
f 2721//2721 2787//2787 2786//2786
f 2722//2722 2723//2723 2788//2788
f 2722//2722 2788//2788 2787//2787
f 2723//2723 2724//2724 2789//2789
f 2723//2723 2789//2789 2788//2788
f 2724//2724 2725//2725 2790//2790
f 2724//2724 2790//2790 2789//2789
f 2725//2725 2726//2726 2791//2791
f 2725//2725 2791//2791 2790//2790
f 2726//2726 2727//2727 2792//2792
f 2726//2726 2792//2792 2791//2791
f 2727//2727 2728//2728 2793//2793
f 2727//2727 2793//2793 2792//2792
f 2728//2728 2729//2729 2794//2794
f 2728//2728 2794//2794 2793//2793
f 2729//2729 2730//2730 2795//2795
f 2729//2729 2795//2795 2794//2794
f 2730//2730 2731//2731 2796//2796
f 2730//2730 2796//2796 2795//2795
f 2731//2731 2732//2732 2797//2797
f 2731//2731 2797//2797 2796//2796
f 2732//2732 2733//2733 2798//2798
f 2732//2732 2798//2798 2797//2797
f 2733//2733 2734//2734 2799//2799
f 2733//2733 2799//2799 2798//2798
f 2734//2734 2735//2735 2800//2800
f 2734//2734 2800//2800 2799//2799
f 2735//2735 2736//2736 2801//2801
f 2735//2735 2801//2801 2800//2800
f 2736//2736 2737//2737 2802//2802
f 2736//2736 2802//2802 2801//2801
f 2737//2737 2738//2738 2803//2803
f 2737//2737 2803//2803 2802//2802
f 2738//2738 2739//2739 2804//2804
f 2738//2738 2804//2804 2803//2803
f 2739//2739 2740//2740 2805//2805
f 2739//2739 2805//2805 2804//2804
f 2740//2740 2741//2741 2806//2806
f 2740//2740 2806//2806 2805//2805
f 2741//2741 2742//2742 2807//2807
f 2741//2741 2807//2807 2806//2806
f 2742//2742 2743//2743 2808//2808
f 2742//2742 2808//2808 2807//2807
f 2743//2743 2744//2744 2809//2809
f 2743//2743 2809//2809 2808//2808
f 2744//2744 2745//2745 2810//2810
f 2744//2744 2810//2810 2809//2809
f 2745//2745 2746//2746 2811//2811
f 2745//2745 2811//2811 2810//2810
f 2746//2746 2747//2747 2812//2812
f 2746//2746 2812//2812 2811//2811
f 2747//2747 2748//2748 2813//2813
f 2747//2747 2813//2813 2812//2812
f 2748//2748 2749//2749 2814//2814
f 2748//2748 2814//2814 2813//2813
f 2749//2749 2750//2750 2815//2815
f 2749//2749 2815//2815 2814//2814
f 2750//2750 2751//2751 2816//2816
f 2750//2750 2816//2816 2815//2815
f 2751//2751 2752//2752 2817//2817
f 2751//2751 2817//2817 2816//2816
f 2752//2752 2753//2753 2818//2818
f 2752//2752 2818//2818 2817//2817
f 2753//2753 2754//2754 2819//2819
f 2753//2753 2819//2819 2818//2818
f 2754//2754 2755//2755 2820//2820
f 2754//2754 2820//2820 2819//2819
f 2755//2755 2756//2756 2821//2821
f 2755//2755 2821//2821 2820//2820
f 2756//2756 2757//2757 2822//2822
f 2756//2756 2822//2822 2821//2821
f 2757//2757 2758//2758 2823//2823
f 2757//2757 2823//2823 2822//2822
f 2758//2758 2759//2759 2824//2824
f 2758//2758 2824//2824 2823//2823
f 2759//2759 2760//2760 2825//2825
f 2759//2759 2825//2825 2824//2824
f 2760//2760 2761//2761 2826//2826
f 2760//2760 2826//2826 2825//2825
f 2922//2922 2827//2827 2828//2828
f 2922//2922 2828//2828 2829//2829
f 2922//2922 2829//2829 2830//2830
f 2922//2922 2830//2830 2831//2831
f 2922//2922 2831//2831 2832//2832
f 2922//2922 2832//2832 2833//2833
f 2922//2922 2833//2833 2834//2834
f 2922//2922 2834//2834 2835//2835
f 2922//2922 2835//2835 2836//2836
f 2922//2922 2836//2836 2837//2837
f 2922//2922 2837//2837 2838//2838
f 2922//2922 2838//2838 2839//2839
f 2922//2922 2839//2839 2840//2840
f 2922//2922 2840//2840 2841//2841
f 2922//2922 2841//2841 2842//2842
f 2922//2922 2842//2842 2843//2843
f 2922//2922 2843//2843 2844//2844
f 2922//2922 2844//2844 2845//2845
f 2922//2922 2845//2845 2846//2846
f 2922//2922 2846//2846 2847//2847
f 2922//2922 2847//2847 2848//2848
f 2922//2922 2848//2848 2849//2849
f 2922//2922 2849//2849 2850//2850
f 2922//2922 2850//2850 2851//2851
f 2922//2922 2851//2851 2852//2852
f 2922//2922 2852//2852 2853//2853
f 2922//2922 2853//2853 2854//2854
f 2922//2922 2854//2854 2855//2855
f 2922//2922 2855//2855 2856//2856
f 2922//2922 2856//2856 2857//2857
f 2922//2922 2857//2857 2858//2858
f 2922//2922 2858//2858 2859//2859
f 2922//2922 2859//2859 2860//2860
f 2922//2922 2860//2860 2861//2861
f 2922//2922 2861//2861 2862//2862
f 2922//2922 2862//2862 2863//2863
f 2922//2922 2863//2863 2864//2864
f 2922//2922 2864//2864 2865//2865
f 2922//2922 2865//2865 2866//2866
f 2922//2922 2866//2866 2867//2867
f 2922//2922 2867//2867 2868//2868
f 2922//2922 2868//2868 2869//2869
f 2922//2922 2869//2869 2870//2870
f 2922//2922 2870//2870 2871//2871
f 2922//2922 2871//2871 2872//2872
f 2922//2922 2872//2872 2873//2873
f 2922//2922 2873//2873 2874//2874
f 2922//2922 2874//2874 2875//2875
f 2922//2922 2875//2875 2876//2876
f 2922//2922 2876//2876 2877//2877
f 2922//2922 2877//2877 2878//2878
f 2922//2922 2878//2878 2879//2879
f 2922//2922 2879//2879 2880//2880
f 2922//2922 2880//2880 2881//2881
f 2922//2922 2881//2881 2882//2882
f 2922//2922 2882//2882 2883//2883
f 2922//2922 2883//2883 2884//2884
f 2922//2922 2884//2884 2885//2885
f 2922//2922 2885//2885 2886//2886
f 2922//2922 2886//2886 2887//2887
f 2922//2922 2887//2887 2888//2888
f 2922//2922 2888//2888 2889//2889
f 2922//2922 2889//2889 2890//2890
f 2922//2922 2890//2890 2891//2891
f 2922//2922 2891//2891 2892//2892
f 2922//2922 2892//2892 2893//2893
f 2922//2922 2893//2893 2894//2894
f 2922//2922 2894//2894 2895//2895
f 2922//2922 2895//2895 2896//2896
f 2922//2922 2896//2896 2897//2897
f 2922//2922 2897//2897 2898//2898
f 2922//2922 2898//2898 2899//2899
f 2922//2922 2899//2899 2900//2900
f 2922//2922 2900//2900 2901//2901
f 2922//2922 2901//2901 2902//2902
f 2922//2922 2902//2902 2903//2903
f 2922//2922 2903//2903 2904//2904
f 2922//2922 2904//2904 2905//2905
f 2922//2922 2905//2905 2906//2906
f 2922//2922 2906//2906 2907//2907
f 2922//2922 2907//2907 2908//2908
f 2922//2922 2908//2908 2909//2909
f 2922//2922 2909//2909 2910//2910
f 2922//2922 2910//2910 2911//2911
f 2922//2922 2911//2911 2912//2912
f 2922//2922 2912//2912 2913//2913
f 2922//2922 2913//2913 2914//2914
f 2922//2922 2914//2914 2915//2915
f 2922//2922 2915//2915 2916//2916
f 2922//2922 2916//2916 2917//2917
f 2922//2922 2917//2917 2918//2918
f 2922//2922 2918//2918 2919//2919
f 2922//2922 2919//2919 2920//2920
f 2920//2920 2921//2921 2922//2922
f 3018//3018 2923//2923 2924//2924
f 3018//3018 2924//2924 2925//2925
f 3018//3018 2925//2925 2926//2926
f 3018//3018 2926//2926 2927//2927
f 3018//3018 2927//2927 2928//2928
f 3018//3018 2928//2928 2929//2929
f 3018//3018 2929//2929 2930//2930
f 3018//3018 2930//2930 2931//2931
f 3018//3018 2931//2931 2932//2932
f 3018//3018 2932//2932 2933//2933
f 3018//3018 2933//2933 2934//2934
f 3018//3018 2934//2934 2935//2935
f 3018//3018 2935//2935 2936//2936
f 3018//3018 2936//2936 2937//2937
f 3018//3018 2937//2937 2938//2938
f 3018//3018 2938//2938 2939//2939
f 3018//3018 2939//2939 2940//2940
f 3018//3018 2940//2940 2941//2941
f 3018//3018 2941//2941 2942//2942
f 3018//3018 2942//2942 2943//2943
f 3018//3018 2943//2943 2944//2944
f 3018//3018 2944//2944 2945//2945
f 3018//3018 2945//2945 2946//2946
f 3018//3018 2946//2946 2947//2947
f 3018//3018 2947//2947 2948//2948
f 3018//3018 2948//2948 2949//2949
f 3018//3018 2949//2949 2950//2950
f 3018//3018 2950//2950 2951//2951
f 3018//3018 2951//2951 2952//2952
f 3018//3018 2952//2952 2953//2953
f 3018//3018 2953//2953 2954//2954
f 3018//3018 2954//2954 2955//2955
f 3018//3018 2955//2955 2956//2956
f 3018//3018 2956//2956 2957//2957
f 3018//3018 2957//2957 2958//2958
f 3018//3018 2958//2958 2959//2959
f 3018//3018 2959//2959 2960//2960
f 3018//3018 2960//2960 2961//2961
f 3018//3018 2961//2961 2962//2962
f 3018//3018 2962//2962 2963//2963
f 3018//3018 2963//2963 2964//2964
f 3018//3018 2964//2964 2965//2965
f 3018//3018 2965//2965 2966//2966
f 3018//3018 2966//2966 2967//2967
f 3018//3018 2967//2967 2968//2968
f 3018//3018 2968//2968 2969//2969
f 3018//3018 2969//2969 2970//2970
f 3018//3018 2970//2970 2971//2971
f 3018//3018 2971//2971 2972//2972
f 3018//3018 2972//2972 2973//2973
f 3018//3018 2973//2973 2974//2974
f 3018//3018 2974//2974 2975//2975
f 3018//3018 2975//2975 2976//2976
f 3018//3018 2976//2976 2977//2977
f 3018//3018 2977//2977 2978//2978
f 3018//3018 2978//2978 2979//2979
f 3018//3018 2979//2979 2980//2980
f 3018//3018 2980//2980 2981//2981
f 3018//3018 2981//2981 2982//2982
f 3018//3018 2982//2982 2983//2983
f 3018//3018 2983//2983 2984//2984
f 3018//3018 2984//2984 2985//2985
f 3018//3018 2985//2985 2986//2986
f 3018//3018 2986//2986 2987//2987
f 3018//3018 2987//2987 2988//2988
f 3018//3018 2988//2988 2989//2989
f 3018//3018 2989//2989 2990//2990
f 3018//3018 2990//2990 2991//2991
f 3018//3018 2991//2991 2992//2992
f 3018//3018 2992//2992 2993//2993
f 3018//3018 2993//2993 2994//2994
f 3018//3018 2994//2994 2995//2995
f 3018//3018 2995//2995 2996//2996
f 3018//3018 2996//2996 2997//2997
f 3018//3018 2997//2997 2998//2998
f 3018//3018 2998//2998 2999//2999
f 3018//3018 2999//2999 3000//3000
f 3018//3018 3000//3000 3001//3001
f 3018//3018 3001//3001 3002//3002
f 3018//3018 3002//3002 3003//3003
f 3018//3018 3003//3003 3004//3004
f 3018//3018 3004//3004 3005//3005
f 3018//3018 3005//3005 3006//3006
f 3018//3018 3006//3006 3007//3007
f 3018//3018 3007//3007 3008//3008
f 3018//3018 3008//3008 3009//3009
f 3018//3018 3009//3009 3010//3010
f 3018//3018 3010//3010 3011//3011
f 3018//3018 3011//3011 3012//3012
f 3018//3018 3012//3012 3013//3013
f 3018//3018 3013//3013 3014//3014
f 3018//3018 3014//3014 3015//3015
f 3018//3018 3015//3015 3016//3016
f 3016//3016 3017//3017 3018//3018
o HFR
v 0.78 1.88 0.36
v 0.780688 1.88 0.375275
v 0.782838 1.88 0.390934
v 0.786562 1.88 0.406777
v 0.791936 1.88 0.422576
v 0.798992 1.88 0.43808
v 0.807711 1.88 0.453026
v 0.81802 1.88 0.467151
v 0.829792 1.88 0.480208
v 0.842849 1.88 0.49198
v 0.856974 1.88 0.502289
v 0.87192 1.88 0.511008
v 0.887424 1.88 0.518064
v 0.903223 1.88 0.523438
v 0.919066 1.88 0.527162
v 0.934725 1.88 0.529312
v 0.95 1.88 0.53
v 0.965275 1.88 0.529312
v 0.980934 1.88 0.527162
v 0.996777 1.88 0.523438
v 1.01258 1.88 0.518064
v 1.02808 1.88 0.511008
v 1.04303 1.88 0.502289
v 1.05715 1.88 0.49198
v 1.07021 1.88 0.480208
v 1.08198 1.88 0.467151
v 1.09229 1.88 0.453026
v 1.10101 1.88 0.43808
v 1.10806 1.88 0.422576
v 1.11344 1.88 0.406777
v 1.11716 1.88 0.390934
v 1.11931 1.88 0.375275
v 1.12 1.88 0.36
v 1.11931 1.88 0.344725
v 1.11716 1.88 0.329066
v 1.11344 1.88 0.313223
v 1.10806 1.88 0.297424
v 1.10101 1.88 0.28192
v 1.09229 1.88 0.266974
v 1.08198 1.88 0.252849
v 1.07021 1.88 0.239792
v 1.05715 1.88 0.22802
v 1.04303 1.88 0.217711
v 1.02808 1.88 0.208992
v 1.01258 1.88 0.201936
v 0.996777 1.88 0.196562
v 0.980934 1.88 0.192838
v 0.965275 1.88 0.190688
v 0.95 1.88 0.19
v 0.934725 1.88 0.190688
v 0.919066 1.88 0.192838
v 0.903223 1.88 0.196562
v 0.887424 1.88 0.201936
v 0.87192 1.88 0.208992
v 0.856974 1.88 0.217711
v 0.842849 1.88 0.22802
v 0.829792 1.88 0.239792
v 0.81802 1.88 0.252849
v 0.807711 1.88 0.266974
v 0.798992 1.88 0.28192
v 0.791936 1.88 0.297424
v 0.786562 1.88 0.313223
v 0.782838 1.88 0.329066
v 0.780688 1.88 0.344725
v 0.78 1.88 0.36
v 0.78 1.91 0.36
v 0.780688 1.91 0.375275
v 0.782838 1.91 0.390934
v 0.786562 1.91 0.406777
v 0.791936 1.91 0.422576
v 0.798992 1.91 0.43808
v 0.807711 1.91 0.453026
v 0.81802 1.91 0.467151
v 0.829792 1.91 0.480208
v 0.842849 1.91 0.49198
v 0.856974 1.91 0.502289
v 0.87192 1.91 0.511008
v 0.887424 1.91 0.518064
v 0.903223 1.91 0.523438
v 0.919066 1.91 0.527162
v 0.934725 1.91 0.529312
v 0.95 1.91 0.53
v 0.965275 1.91 0.529312
v 0.980934 1.91 0.527162
v 0.996777 1.91 0.523438
v 1.01258 1.91 0.518064
v 1.02808 1.91 0.511008
v 1.04303 1.91 0.502289
v 1.05715 1.91 0.49198
v 1.07021 1.91 0.480208
v 1.08198 1.91 0.467151
v 1.09229 1.91 0.453026
v 1.10101 1.91 0.43808
v 1.10806 1.91 0.422576
v 1.11344 1.91 0.406777
v 1.11716 1.91 0.390934
v 1.11931 1.91 0.375275
v 1.12 1.91 0.36
v 1.11931 1.91 0.344725
v 1.11716 1.91 0.329066
v 1.11344 1.91 0.313223
v 1.10806 1.91 0.297424
v 1.10101 1.91 0.28192
v 1.09229 1.91 0.266974
v 1.08198 1.91 0.252849
v 1.07021 1.91 0.239792
v 1.05715 1.91 0.22802
v 1.04303 1.91 0.217711
v 1.02808 1.91 0.208992
v 1.01258 1.91 0.201936
v 0.996777 1.91 0.196562
v 0.980934 1.91 0.192838
v 0.965275 1.91 0.190688
v 0.95 1.91 0.19
v 0.934725 1.91 0.190688
v 0.919066 1.91 0.192838
v 0.903223 1.91 0.196562
v 0.887424 1.91 0.201936
v 0.87192 1.91 0.208992
v 0.856974 1.91 0.217711
v 0.842849 1.91 0.22802
v 0.829792 1.91 0.239792
v 0.81802 1.91 0.252849
v 0.807711 1.91 0.266974
v 0.798992 1.91 0.28192
v 0.791936 1.91 0.297424
v 0.786562 1.91 0.313223
v 0.782838 1.91 0.329066
v 0.780688 1.91 0.344725
v 0.78 1.91 0.36
v 0.78 1.94 0.36
v 0.780688 1.94 0.375275
v 0.782838 1.94 0.390934
v 0.786562 1.94 0.406777
v 0.791936 1.94 0.422576
v 0.798992 1.94 0.43808
v 0.807711 1.94 0.453026
v 0.81802 1.94 0.467151
v 0.829792 1.94 0.480208
v 0.842849 1.94 0.49198
v 0.856974 1.94 0.502289
v 0.87192 1.94 0.511008
v 0.887424 1.94 0.518064
v 0.903223 1.94 0.523438
v 0.919066 1.94 0.527162
v 0.934725 1.94 0.529312
v 0.95 1.94 0.53
v 0.965275 1.94 0.529312
v 0.980934 1.94 0.527162
v 0.996777 1.94 0.523438
v 1.01258 1.94 0.518064
v 1.02808 1.94 0.511008
v 1.04303 1.94 0.502289
v 1.05715 1.94 0.49198
v 1.07021 1.94 0.480208
v 1.08198 1.94 0.467151
v 1.09229 1.94 0.453026
v 1.10101 1.94 0.43808
v 1.10806 1.94 0.422576
v 1.11344 1.94 0.406777
v 1.11716 1.94 0.390934
v 1.11931 1.94 0.375275
v 1.12 1.94 0.36
v 1.11931 1.94 0.344725
v 1.11716 1.94 0.329066
v 1.11344 1.94 0.313223
v 1.10806 1.94 0.297424
v 1.10101 1.94 0.28192
v 1.09229 1.94 0.266974
v 1.08198 1.94 0.252849
v 1.07021 1.94 0.239792
v 1.05715 1.94 0.22802
v 1.04303 1.94 0.217711
v 1.02808 1.94 0.208992
v 1.01258 1.94 0.201936
v 0.996777 1.94 0.196562
v 0.980934 1.94 0.192838
v 0.965275 1.94 0.190688
v 0.95 1.94 0.19
v 0.934725 1.94 0.190688
v 0.919066 1.94 0.192838
v 0.903223 1.94 0.196562
v 0.887424 1.94 0.201936
v 0.87192 1.94 0.208992
v 0.856974 1.94 0.217711
v 0.842849 1.94 0.22802
v 0.829792 1.94 0.239792
v 0.81802 1.94 0.252849
v 0.807711 1.94 0.266974
v 0.798992 1.94 0.28192
v 0.791936 1.94 0.297424
v 0.786562 1.94 0.313223
v 0.782838 1.94 0.329066
v 0.780688 1.94 0.344725
v 0.78 1.94 0.36
v 0.78 1.88 0.36
v 0.780688 1.88 0.344725
v 0.782838 1.88 0.329066
v 0.786562 1.88 0.313223
v 0.791936 1.88 0.297424
v 0.795254 1.88 0.289619
v 0.798992 1.88 0.28192
v 0.803147 1.88 0.274361
v 0.807711 1.88 0.266974
v 0.812673 1.88 0.259793
v 0.81802 1.88 0.252849
v 0.823733 1.88 0.246173
v 0.829792 1.88 0.239792
v 0.836173 1.88 0.233733
v 0.842849 1.88 0.22802
v 0.849793 1.88 0.222673
v 0.856974 1.88 0.217711
v 0.864361 1.88 0.213147
v 0.87192 1.88 0.208992
v 0.879619 1.88 0.205254
v 0.887424 1.88 0.201936
v 0.903223 1.88 0.196562
v 0.919066 1.88 0.192838
v 0.934725 1.88 0.190688
v 0.95 1.88 0.19
v 0.965275 1.88 0.190688
v 0.980934 1.88 0.192838
v 0.996777 1.88 0.196562
v 1.01258 1.88 0.201936
v 1.02038 1.88 0.205254
v 1.02808 1.88 0.208992
v 1.03564 1.88 0.213147
v 1.04303 1.88 0.217711
v 1.05021 1.88 0.222673
v 1.05715 1.88 0.22802
v 1.06383 1.88 0.233733
v 1.07021 1.88 0.239792
v 1.07627 1.88 0.246173
v 1.08198 1.88 0.252849
v 1.08733 1.88 0.259793
v 1.09229 1.88 0.266974
v 1.09685 1.88 0.274361
v 1.10101 1.88 0.28192
v 1.10475 1.88 0.289619
v 1.10806 1.88 0.297424
v 1.11344 1.88 0.313223
v 1.11716 1.88 0.329066
v 1.11931 1.88 0.344725
v 1.12 1.88 0.36
v 1.11931 1.88 0.375275
v 1.11716 1.88 0.390934
v 1.11344 1.88 0.406777
v 1.10806 1.88 0.422576
v 1.10475 1.88 0.430381
v 1.10101 1.88 0.43808
v 1.09685 1.88 0.445639
v 1.09229 1.88 0.453026
v 1.08733 1.88 0.460207
v 1.08198 1.88 0.467151
v 1.07627 1.88 0.473827
v 1.07021 1.88 0.480208
v 1.06383 1.88 0.486267
v 1.05715 1.88 0.49198
v 1.05021 1.88 0.497327
v 1.04303 1.88 0.502289
v 1.03564 1.88 0.506853
v 1.02808 1.88 0.511008
v 1.02038 1.88 0.514746
v 1.01258 1.88 0.518064
v 0.996777 1.88 0.523438
v 0.980934 1.88 0.527162
v 0.965275 1.88 0.529312
v 0.95 1.88 0.53
v 0.934725 1.88 0.529312
v 0.919066 1.88 0.527162
v 0.903223 1.88 0.523438
v 0.887424 1.88 0.518064
v 0.879619 1.88 0.514746
v 0.87192 1.88 0.511008
v 0.864361 1.88 0.506853
v 0.856974 1.88 0.502289
v 0.849793 1.88 0.497327
v 0.842849 1.88 0.49198
v 0.836173 1.88 0.486267
v 0.829792 1.88 0.480208
v 0.823733 1.88 0.473827
v 0.81802 1.88 0.467151
v 0.812673 1.88 0.460207
v 0.807711 1.88 0.453026
v 0.803147 1.88 0.445639
v 0.798992 1.88 0.43808
v 0.795254 1.88 0.430381
v 0.791936 1.88 0.422576
v 0.786562 1.88 0.406777
v 0.782838 1.88 0.390934
v 0.780688 1.88 0.375275
v 0.78 1.94 0.36
v 0.780688 1.94 0.375275
v 0.782838 1.94 0.390934
v 0.786562 1.94 0.406777
v 0.791936 1.94 0.422576
v 0.795254 1.94 0.430381
v 0.798992 1.94 0.43808
v 0.803147 1.94 0.445639
v 0.807711 1.94 0.453026
v 0.812673 1.94 0.460207
v 0.81802 1.94 0.467151
v 0.823733 1.94 0.473827
v 0.829792 1.94 0.480208
v 0.836173 1.94 0.486267
v 0.842849 1.94 0.49198
v 0.849793 1.94 0.497327
v 0.856974 1.94 0.502289
v 0.864361 1.94 0.506853
v 0.87192 1.94 0.511008
v 0.879619 1.94 0.514746
v 0.887424 1.94 0.518064
v 0.903223 1.94 0.523438
v 0.919066 1.94 0.527162
v 0.934725 1.94 0.529312
v 0.95 1.94 0.53
v 0.965275 1.94 0.529312
v 0.980934 1.94 0.527162
v 0.996777 1.94 0.523438
v 1.01258 1.94 0.518064
v 1.02038 1.94 0.514746
v 1.02808 1.94 0.511008
v 1.03564 1.94 0.506853
v 1.04303 1.94 0.502289
v 1.05021 1.94 0.497327
v 1.05715 1.94 0.49198
v 1.06383 1.94 0.486267
v 1.07021 1.94 0.480208
v 1.07627 1.94 0.473827
v 1.08198 1.94 0.467151
v 1.08733 1.94 0.460207
v 1.09229 1.94 0.453026
v 1.09685 1.94 0.445639
v 1.10101 1.94 0.43808
v 1.10475 1.94 0.430381
v 1.10806 1.94 0.422576
v 1.11344 1.94 0.406777
v 1.11716 1.94 0.390934
v 1.11931 1.94 0.375275
v 1.12 1.94 0.36
v 1.11931 1.94 0.344725
v 1.11716 1.94 0.329066
v 1.11344 1.94 0.313223
v 1.10806 1.94 0.297424
v 1.10475 1.94 0.289619
v 1.10101 1.94 0.28192
v 1.09685 1.94 0.274361
v 1.09229 1.94 0.266974
v 1.08733 1.94 0.259793
v 1.08198 1.94 0.252849
v 1.07627 1.94 0.246173
v 1.07021 1.94 0.239792
v 1.06383 1.94 0.233733
v 1.05715 1.94 0.22802
v 1.05021 1.94 0.222673
v 1.04303 1.94 0.217711
v 1.03564 1.94 0.213147
v 1.02808 1.94 0.208992
v 1.02038 1.94 0.205254
v 1.01258 1.94 0.201936
v 0.996777 1.94 0.196562
v 0.980934 1.94 0.192838
v 0.965275 1.94 0.190688
v 0.95 1.94 0.19
v 0.934725 1.94 0.190688
v 0.919066 1.94 0.192838
v 0.903223 1.94 0.196562
v 0.887424 1.94 0.201936
v 0.879619 1.94 0.205254
v 0.87192 1.94 0.208992
v 0.864361 1.94 0.213147
v 0.856974 1.94 0.217711
v 0.849793 1.94 0.222673
v 0.842849 1.94 0.22802
v 0.836173 1.94 0.233733
v 0.829792 1.94 0.239792
v 0.823733 1.94 0.246173
v 0.81802 1.94 0.252849
v 0.812673 1.94 0.259793
v 0.807711 1.94 0.266974
v 0.803147 1.94 0.274361
v 0.798992 1.94 0.28192
v 0.795254 1.94 0.289619
v 0.791936 1.94 0.297424
v 0.786562 1.94 0.313223
v 0.782838 1.94 0.329066
v 0.780688 1.94 0.344725
vn -1 0 -4.61792e-16
vn -0.995955 0 0.0898544
vn -0.983305 0 0.181963
vn -0.961399 0 0.275158
vn -0.929788 0 0.368095
vn -0.888284 0 0.459295
vn -0.836996 0 0.54721
vn -0.776353 0 0.630298
vn -0.707107 0 0.707107
vn -0.630298 0 0.776353
vn -0.54721 0 0.836996
vn -0.459295 0 0.888284
vn -0.368095 0 0.929788
vn -0.275158 0 0.961399
vn -0.181963 0 0.983305
vn -0.0898544 0 0.995955
vn -2.30896e-16 0 1
vn 0.0898544 -0 0.995955
vn 0.181963 -0 0.983305
vn 0.275158 -0 0.961399
vn 0.368095 -0 0.929788
vn 0.459295 -0 0.888284
vn 0.54721 -0 0.836996
vn 0.630298 -0 0.776353
vn 0.707107 -0 0.707107
vn 0.776353 -0 0.630298
vn 0.836996 -0 0.54721
vn 0.888284 -0 0.459295
vn 0.929788 -0 0.368095
vn 0.961399 -0 0.275158
vn 0.983305 -0 0.181963
vn 0.995955 -0 0.0898544
vn 1 0 -4.61792e-16
vn 0.995955 0 -0.0898544
vn 0.983305 0 -0.181963
vn 0.961399 0 -0.275158
vn 0.929788 0 -0.368095
vn 0.888284 0 -0.459295
vn 0.836996 0 -0.54721
vn 0.776353 0 -0.630298
vn 0.707107 0 -0.707107
vn 0.630298 0 -0.776353
vn 0.54721 0 -0.836996
vn 0.459295 0 -0.888284
vn 0.368095 0 -0.929788
vn 0.275158 0 -0.961399
vn 0.181963 0 -0.983305
vn 0.0898544 0 -0.995955
vn 2.30896e-16 0 -1
vn -0.0898544 0 -0.995955
vn -0.181963 0 -0.983305
vn -0.275158 0 -0.961399
vn -0.368095 0 -0.929788
vn -0.459295 0 -0.888284
vn -0.54721 0 -0.836996
vn -0.630298 0 -0.776353
vn -0.707107 0 -0.707107
vn -0.776353 0 -0.630298
vn -0.836996 0 -0.54721
vn -0.888284 0 -0.459295
vn -0.929788 0 -0.368095
vn -0.961399 0 -0.275158
vn -0.983305 0 -0.181963
vn -0.995955 0 -0.0898544
vn -1 0 -4.61792e-16
vn -1 0 0
vn -0.995955 0 0.0898544
vn -0.983305 0 0.181963
vn -0.961399 0 0.275158
vn -0.929788 0 0.368095
vn -0.888284 0 0.459295
vn -0.836996 0 0.54721
vn -0.776353 0 0.630298
vn -0.707107 0 0.707107
vn -0.630298 0 0.776353
vn -0.54721 0 0.836996
vn -0.459295 0 0.888284
vn -0.368095 0 0.929788
vn -0.275158 0 0.961399
vn -0.181963 0 0.983305
vn -0.0898544 0 0.995955
vn -4.61792e-16 0 1
vn 0.0898544 -0 0.995955
vn 0.181963 -0 0.983305
vn 0.275158 -0 0.961399
vn 0.368095 -0 0.929788
vn 0.459295 -0 0.888284
vn 0.54721 -0 0.836996
vn 0.630298 -0 0.776353
vn 0.707107 -0 0.707107
vn 0.776353 -0 0.630298
vn 0.836996 -0 0.54721
vn 0.888284 -0 0.459295
vn 0.929788 -0 0.368095
vn 0.961399 -0 0.275158
vn 0.983305 -0 0.181963
vn 0.995955 -0 0.0898544
vn 1 -0 0
vn 0.995955 0 -0.0898544
vn 0.983305 0 -0.181963
vn 0.961399 0 -0.275158
vn 0.929788 0 -0.368095
vn 0.888284 0 -0.459295
vn 0.836996 0 -0.54721
vn 0.776353 0 -0.630298
vn 0.707107 0 -0.707107
vn 0.630298 0 -0.776353
vn 0.54721 0 -0.836996
vn 0.459295 0 -0.888284
vn 0.368095 0 -0.929788
vn 0.275158 0 -0.961399
vn 0.181963 0 -0.983305
vn 0.0898544 0 -0.995955
vn 1.73172e-16 0 -1
vn -0.0898544 0 -0.995955
vn -0.181963 0 -0.983305
vn -0.275158 0 -0.961399
vn -0.368095 0 -0.929788
vn -0.459295 0 -0.888284
vn -0.54721 0 -0.836996
vn -0.630298 0 -0.776353
vn -0.707107 0 -0.707107
vn -0.776353 0 -0.630298
vn -0.836996 0 -0.54721
vn -0.888284 0 -0.459295
vn -0.929788 0 -0.368095
vn -0.961399 0 -0.275158
vn -0.983305 0 -0.181963
vn -0.995955 0 -0.0898544
vn -1 0 -4.61792e-16
vn -1 0 -4.61792e-16
vn -0.995955 0 0.0898544
vn -0.983305 0 0.181963
vn -0.961399 0 0.275158
vn -0.929788 0 0.368095
vn -0.888284 0 0.459295
vn -0.836996 0 0.54721
vn -0.776353 0 0.630298
vn -0.707107 0 0.707107
vn -0.630298 0 0.776353
vn -0.54721 0 0.836996
vn -0.459295 0 0.888284
vn -0.368095 0 0.929788
vn -0.275158 0 0.961399
vn -0.181963 0 0.983305
vn -0.0898544 0 0.995955
vn -2.30896e-16 0 1
vn 0.0898544 -0 0.995955
vn 0.181963 -0 0.983305
vn 0.275158 -0 0.961399
vn 0.368095 -0 0.929788
vn 0.459295 -0 0.888284
vn 0.54721 -0 0.836996
vn 0.630298 -0 0.776353
vn 0.707107 -0 0.707107
vn 0.776353 -0 0.630298
vn 0.836996 -0 0.54721
vn 0.888284 -0 0.459295
vn 0.929788 -0 0.368095
vn 0.961399 -0 0.275158
vn 0.983305 -0 0.181963
vn 0.995955 -0 0.0898544
vn 1 0 -4.61792e-16
vn 0.995955 0 -0.0898544
vn 0.983305 0 -0.181963
vn 0.961399 0 -0.275158
vn 0.929788 0 -0.368095
vn 0.888284 0 -0.459295
vn 0.836996 0 -0.54721
vn 0.776353 0 -0.630298
vn 0.707107 0 -0.707107
vn 0.630298 0 -0.776353
vn 0.54721 0 -0.836996
vn 0.459295 0 -0.888284
vn 0.368095 0 -0.929788
vn 0.275158 0 -0.961399
vn 0.181963 0 -0.983305
vn 0.0898544 0 -0.995955
vn 2.30896e-16 0 -1
vn -0.0898544 0 -0.995955
vn -0.181963 0 -0.983305
vn -0.275158 0 -0.961399
vn -0.368095 0 -0.929788
vn -0.459295 0 -0.888284
vn -0.54721 0 -0.836996
vn -0.630298 0 -0.776353
vn -0.707107 0 -0.707107
vn -0.776353 0 -0.630298
vn -0.836996 0 -0.54721
vn -0.888284 0 -0.459295
vn -0.929788 0 -0.368095
vn -0.961399 0 -0.275158
vn -0.983305 0 -0.181963
vn -0.995955 0 -0.0898544
vn -1 0 -4.61792e-16
vn 8.61533e-16 -1 9.15934e-16
vn 0 -1 9.4369e-16
vn 0 -1 0
vn -2.22045e-16 -1 5.55112e-17
vn -2.22045e-16 -1 5.55112e-17
vn -2.08722e-16 -1 9.4369e-16
vn -8.61533e-16 -1 9.4369e-16
vn -2.08722e-16 -1 0
vn -2.35367e-16 -1 9.99201e-16
vn -2.35367e-16 -1 1.11022e-16
vn 6.39488e-16 -1 9.99201e-16
vn 3.19744e-16 -1 9.99201e-16
vn -2.02061e-16 -1 1.11022e-16
vn -2.02061e-16 -1 9.99201e-16
vn -4.44089e-16 -1 6.66134e-16
vn 6.52811e-16 -1 4.44089e-16
vn 4.24105e-16 -1 4.44089e-16
vn 2.28706e-16 -1 4.44089e-16
vn 4.30767e-16 -1 6.66134e-16
vn 6.00631e-16 -1 6.66134e-16
vn -8.06022e-16 -1 6.66134e-16
vn 5.55112e-17 -1 6.66134e-16
vn 4.21885e-17 -1 8.88178e-16
vn 1.83187e-16 -1 8.88178e-16
vn 2.48135e-16 -1 0
vn 1.32117e-16 -1 8.88178e-16
vn -1.9984e-17 -1 8.88178e-16
vn 2.33147e-17 -1 8.88178e-16
vn 5.21805e-17 -1 8.88178e-16
vn -3.23075e-16 -1 4.44089e-16
vn 3.81917e-16 -1 8.88178e-16
vn 1.04361e-16 -1 4.44089e-16
vn 4.37428e-16 -1 4.44089e-16
vn 6.52811e-16 -1 4.44089e-16
vn -5.41789e-16 -1 4.44089e-16
vn 6.52811e-16 -1 8.88178e-16
vn -2.02061e-16 -1 8.88178e-16
vn 3.33067e-16 -1 8.88178e-16
vn -4.17444e-16 -1 8.88178e-16
vn -4.30767e-16 -1 8.88178e-16
vn 6.52811e-16 -1 8.88178e-16
vn -2.08722e-16 -1 8.88178e-16
vn 0 -1 8.88178e-16
vn 0 -1 8.88178e-16
vn -1.95399e-16 -1 8.88178e-16
vn 1.95399e-16 -1 0
vn 0 -1 0
vn -8.61533e-16 -1 8.88178e-16
vn 0 -1 8.88178e-16
vn 0 -1 0
vn 0 -1 0
vn -8.61533e-16 -1 8.88178e-16
vn 0 -1 0
vn -4.44089e-16 -1 8.88178e-16
vn -8.61533e-16 -1 8.88178e-16
vn -4.44089e-16 -1 8.88178e-16
vn -4.44089e-16 -1 8.88178e-16
vn 0 -1 8.88178e-16
vn 0 -1 8.88178e-16
vn 0 -1 8.88178e-16
vn 8.34888e-16 -1 0
vn 0 -1 8.88178e-16
vn -8.88178e-16 -1 8.88178e-16
vn 0 -1 4.44089e-16
vn 0 -1 4.44089e-16
vn 0 -1 8.88178e-16
vn 0 -1 8.88178e-16
vn 0 -1 8.88178e-16
vn 0 -1 8.88178e-16
vn 0 -1 8.88178e-16
vn 0 -1 4.44089e-16
vn 0 -1 4.44089e-16
vn 0 -1 4.44089e-16
vn 0 -1 8.88178e-16
vn 0 -1 4.44089e-16
vn 0 -1 6.66134e-16
vn 0 -1 6.66134e-16
vn 0 -1 2.22045e-16
vn 0 -1 6.66134e-16
vn 0 -1 6.66134e-16
vn 0 -1 4.44089e-16
vn 0 -1 4.44089e-16
vn -8.34888e-16 -1 6.66134e-16
vn 0 -1 9.99201e-16
vn 0 -1 1.11022e-16
vn 0 -1 9.99201e-16
vn 0 -1 9.99201e-16
vn 0 -1 8.88178e-16
vn -4.44089e-16 -1 9.99201e-16
vn 4.44089e-16 -1 8.88178e-16
vn -8.61533e-16 -1 9.4369e-16
vn -4.44089e-16 -1 5.55112e-17
vn -1.04771e-31 -1 9.4369e-16
vn 0 -1 0
vn 8.61533e-16 -1 5.55112e-17
vn -8.61533e-16 -1 9.15934e-16
vn 0 1 8.88178e-16
vn -8.74856e-16 1 0
vn 0 1 -0
vn -8.74856e-16 1 8.88178e-16
vn -1.33227e-17 1 0
vn -4.30767e-16 1 0
vn -4.44089e-16 1 0
vn 4.44089e-16 1 -0
vn -8.61533e-16 1 0
vn -4.44089e-16 1 0
vn 0 1 8.88178e-16
vn 0 1 8.88178e-16
vn 8.61533e-16 1 8.88178e-16
vn 0 1 -0
vn 0 1 8.88178e-16
vn 0 1 8.88178e-16
vn 0 1 4.44089e-16
vn 0 1 4.44089e-16
vn 0 1 8.88178e-16
vn 0 1 8.88178e-16
vn 0 1 -0
vn 8.88178e-16 1 8.88178e-16
vn 0 1 8.88178e-16
vn 0 1 8.88178e-16
vn 0 1 4.44089e-16
vn 0 1 8.88178e-16
vn 0 1 8.88178e-16
vn 8.88178e-16 1 6.66134e-16
vn 0 1 6.66134e-16
vn 0 1 6.66134e-16
vn 0 1 4.44089e-16
vn 0 1 6.66134e-16
vn 0 1 6.66134e-16
vn 0 1 4.44089e-16
vn 0 1 -0
vn 0 1 -0
vn 0 1 9.99201e-16
vn 0 1 9.99201e-16
vn 0 1 8.88178e-16
vn 4.44089e-16 1 8.88178e-16
vn 0 1 9.99201e-16
vn 0 1 1.11022e-16
vn -4.44089e-16 1 9.4369e-16
vn 4.44089e-16 1 9.4369e-16
vn 0 1 -0
vn 0 1 9.4369e-16
vn 8.74856e-16 1 5.55112e-17
vn 0 1 2.77556e-17
vn 0 1 9.15934e-16
vn -8.74856e-16 1 2.77556e-17
vn -8.74856e-16 1 5.55112e-17
vn 2.22045e-16 1 8.88178e-16
vn 2.15383e-16 1 5.55112e-17
vn -6.66134e-18 1 9.4369e-16
vn -6.59472e-16 1 9.4369e-16
vn -6.66134e-18 1 1.11022e-16
vn -6.52811e-16 1 9.99201e-16
vn 2.15383e-16 1 8.88178e-16
vn 2.22045e-16 1 8.88178e-16
vn -8.74856e-16 1 1.11022e-16
vn 2.22045e-16 1 1.11022e-16
vn 2.15383e-16 1 2.22045e-16
vn 4.37428e-16 1 2.22045e-16
vn -2.28706e-16 1 4.44089e-16
vn 5.4512e-16 1 6.66134e-16
vn -3.33067e-18 1 6.66134e-16
vn 1.07692e-16 1 4.44089e-16
vn -2.17049e-16 1 6.66134e-16
vn -4.21885e-17 1 6.66134e-16
vn -4.86278e-16 1 6.66134e-16
vn -6.55032e-17 1 8.88178e-16
vn 2.44249e-17 1 4.44089e-16
vn 8.24341e-17 1 -0
vn 3.60822e-17 1 8.88178e-16
vn -6.21725e-17 1 8.88178e-16
vn 3.86913e-16 1 8.88178e-16
vn -5.88418e-17 1 8.88178e-16
vn -2.17049e-16 1 8.88178e-16
vn 1.07692e-16 1 4.44089e-16
vn 3.33067e-18 1 4.44089e-16
vn -2.25375e-16 1 4.44089e-16
vn -2.12053e-16 1 4.44089e-16
vn -3.23075e-16 1 0
vn -6.56142e-16 1 0
vn 2.15383e-16 1 8.88178e-16
vn 4.93038e-32 1 8.88178e-16
vn -6.66134e-18 1 8.88178e-16
vn -6.59472e-16 1 0
vn -6.52811e-16 1 8.88178e-16
vn 8.74856e-16 1 -0
vn 2.22045e-16 1 8.88178e-16
vn 2.22045e-16 1 -0
vn 2.22045e-16 1 -0
vn 2.22045e-16 1 8.88178e-16
vn 0 1 -0
vn 0 1 8.88178e-16
g HFR_chrome
usemtl chrome
f 3019//3019 3020//3020 3085//3085
f 3019//3019 3085//3085 3084//3084
f 3020//3020 3021//3021 3086//3086
f 3020//3020 3086//3086 3085//3085
f 3021//3021 3022//3022 3087//3087
f 3021//3021 3087//3087 3086//3086
f 3022//3022 3023//3023 3088//3088
f 3022//3022 3088//3088 3087//3087
f 3023//3023 3024//3024 3089//3089
f 3023//3023 3089//3089 3088//3088
f 3024//3024 3025//3025 3090//3090
f 3024//3024 3090//3090 3089//3089
f 3025//3025 3026//3026 3091//3091
f 3025//3025 3091//3091 3090//3090
f 3026//3026 3027//3027 3092//3092
f 3026//3026 3092//3092 3091//3091
f 3027//3027 3028//3028 3093//3093
f 3027//3027 3093//3093 3092//3092
f 3028//3028 3029//3029 3094//3094
f 3028//3028 3094//3094 3093//3093
f 3029//3029 3030//3030 3095//3095
f 3029//3029 3095//3095 3094//3094
f 3030//3030 3031//3031 3096//3096
f 3030//3030 3096//3096 3095//3095
f 3031//3031 3032//3032 3097//3097
f 3031//3031 3097//3097 3096//3096
f 3032//3032 3033//3033 3098//3098
f 3032//3032 3098//3098 3097//3097
f 3033//3033 3034//3034 3099//3099
f 3033//3033 3099//3099 3098//3098
f 3034//3034 3035//3035 3100//3100
f 3034//3034 3100//3100 3099//3099
f 3035//3035 3036//3036 3101//3101
f 3035//3035 3101//3101 3100//3100
f 3036//3036 3037//3037 3102//3102
f 3036//3036 3102//3102 3101//3101
f 3037//3037 3038//3038 3103//3103
f 3037//3037 3103//3103 3102//3102
f 3038//3038 3039//3039 3104//3104
f 3038//3038 3104//3104 3103//3103
f 3039//3039 3040//3040 3105//3105
f 3039//3039 3105//3105 3104//3104
f 3040//3040 3041//3041 3106//3106
f 3040//3040 3106//3106 3105//3105
f 3041//3041 3042//3042 3107//3107
f 3041//3041 3107//3107 3106//3106
f 3042//3042 3043//3043 3108//3108
f 3042//3042 3108//3108 3107//3107
f 3043//3043 3044//3044 3109//3109
f 3043//3043 3109//3109 3108//3108
f 3044//3044 3045//3045 3110//3110
f 3044//3044 3110//3110 3109//3109
f 3045//3045 3046//3046 3111//3111
f 3045//3045 3111//3111 3110//3110
f 3046//3046 3047//3047 3112//3112
f 3046//3046 3112//3112 3111//3111
f 3047//3047 3048//3048 3113//3113
f 3047//3047 3113//3113 3112//3112
f 3048//3048 3049//3049 3114//3114
f 3048//3048 3114//3114 3113//3113
f 3049//3049 3050//3050 3115//3115
f 3049//3049 3115//3115 3114//3114
f 3050//3050 3051//3051 3116//3116
f 3050//3050 3116//3116 3115//3115
f 3051//3051 3052//3052 3117//3117
f 3051//3051 3117//3117 3116//3116
f 3052//3052 3053//3053 3118//3118
f 3052//3052 3118//3118 3117//3117
f 3053//3053 3054//3054 3119//3119
f 3053//3053 3119//3119 3118//3118
f 3054//3054 3055//3055 3120//3120
f 3054//3054 3120//3120 3119//3119
f 3055//3055 3056//3056 3121//3121
f 3055//3055 3121//3121 3120//3120
f 3056//3056 3057//3057 3122//3122
f 3056//3056 3122//3122 3121//3121
f 3057//3057 3058//3058 3123//3123
f 3057//3057 3123//3123 3122//3122
f 3058//3058 3059//3059 3124//3124
f 3058//3058 3124//3124 3123//3123
f 3059//3059 3060//3060 3125//3125
f 3059//3059 3125//3125 3124//3124
f 3060//3060 3061//3061 3126//3126
f 3060//3060 3126//3126 3125//3125
f 3061//3061 3062//3062 3127//3127
f 3061//3061 3127//3127 3126//3126
f 3062//3062 3063//3063 3128//3128
f 3062//3062 3128//3128 3127//3127
f 3063//3063 3064//3064 3129//3129
f 3063//3063 3129//3129 3128//3128
f 3064//3064 3065//3065 3130//3130
f 3064//3064 3130//3130 3129//3129
f 3065//3065 3066//3066 3131//3131
f 3065//3065 3131//3131 3130//3130
f 3066//3066 3067//3067 3132//3132
f 3066//3066 3132//3132 3131//3131
f 3067//3067 3068//3068 3133//3133
f 3067//3067 3133//3133 3132//3132
f 3068//3068 3069//3069 3134//3134
f 3068//3068 3134//3134 3133//3133
f 3069//3069 3070//3070 3135//3135
f 3069//3069 3135//3135 3134//3134
f 3070//3070 3071//3071 3136//3136
f 3070//3070 3136//3136 3135//3135
f 3071//3071 3072//3072 3137//3137
f 3071//3071 3137//3137 3136//3136
f 3072//3072 3073//3073 3138//3138
f 3072//3072 3138//3138 3137//3137
f 3073//3073 3074//3074 3139//3139
f 3073//3073 3139//3139 3138//3138
f 3074//3074 3075//3075 3140//3140
f 3074//3074 3140//3140 3139//3139
f 3075//3075 3076//3076 3141//3141
f 3075//3075 3141//3141 3140//3140
f 3076//3076 3077//3077 3142//3142
f 3076//3076 3142//3142 3141//3141
f 3077//3077 3078//3078 3143//3143
f 3077//3077 3143//3143 3142//3142
f 3078//3078 3079//3079 3144//3144
f 3078//3078 3144//3144 3143//3143
f 3079//3079 3080//3080 3145//3145
f 3079//3079 3145//3145 3144//3144
f 3080//3080 3081//3081 3146//3146
f 3080//3080 3146//3146 3145//3145
f 3081//3081 3082//3082 3147//3147
f 3081//3081 3147//3147 3146//3146
f 3082//3082 3083//3083 3148//3148
f 3082//3082 3148//3148 3147//3147
f 3084//3084 3085//3085 3150//3150
f 3084//3084 3150//3150 3149//3149
f 3085//3085 3086//3086 3151//3151
f 3085//3085 3151//3151 3150//3150
f 3086//3086 3087//3087 3152//3152
f 3086//3086 3152//3152 3151//3151
f 3087//3087 3088//3088 3153//3153
f 3087//3087 3153//3153 3152//3152
f 3088//3088 3089//3089 3154//3154
f 3088//3088 3154//3154 3153//3153
f 3089//3089 3090//3090 3155//3155
f 3089//3089 3155//3155 3154//3154
f 3090//3090 3091//3091 3156//3156
f 3090//3090 3156//3156 3155//3155
f 3091//3091 3092//3092 3157//3157
f 3091//3091 3157//3157 3156//3156
f 3092//3092 3093//3093 3158//3158
f 3092//3092 3158//3158 3157//3157
f 3093//3093 3094//3094 3159//3159
f 3093//3093 3159//3159 3158//3158
f 3094//3094 3095//3095 3160//3160
f 3094//3094 3160//3160 3159//3159
f 3095//3095 3096//3096 3161//3161
f 3095//3095 3161//3161 3160//3160
f 3096//3096 3097//3097 3162//3162
f 3096//3096 3162//3162 3161//3161
f 3097//3097 3098//3098 3163//3163
f 3097//3097 3163//3163 3162//3162
f 3098//3098 3099//3099 3164//3164
f 3098//3098 3164//3164 3163//3163
f 3099//3099 3100//3100 3165//3165
f 3099//3099 3165//3165 3164//3164
f 3100//3100 3101//3101 3166//3166
f 3100//3100 3166//3166 3165//3165
f 3101//3101 3102//3102 3167//3167
f 3101//3101 3167//3167 3166//3166
f 3102//3102 3103//3103 3168//3168
f 3102//3102 3168//3168 3167//3167
f 3103//3103 3104//3104 3169//3169
f 3103//3103 3169//3169 3168//3168
f 3104//3104 3105//3105 3170//3170
f 3104//3104 3170//3170 3169//3169
f 3105//3105 3106//3106 3171//3171
f 3105//3105 3171//3171 3170//3170
f 3106//3106 3107//3107 3172//3172
f 3106//3106 3172//3172 3171//3171
f 3107//3107 3108//3108 3173//3173
f 3107//3107 3173//3173 3172//3172
f 3108//3108 3109//3109 3174//3174
f 3108//3108 3174//3174 3173//3173
f 3109//3109 3110//3110 3175//3175
f 3109//3109 3175//3175 3174//3174
f 3110//3110 3111//3111 3176//3176
f 3110//3110 3176//3176 3175//3175
f 3111//3111 3112//3112 3177//3177
f 3111//3111 3177//3177 3176//3176
f 3112//3112 3113//3113 3178//3178
f 3112//3112 3178//3178 3177//3177
f 3113//3113 3114//3114 3179//3179
f 3113//3113 3179//3179 3178//3178
f 3114//3114 3115//3115 3180//3180
f 3114//3114 3180//3180 3179//3179
f 3115//3115 3116//3116 3181//3181
f 3115//3115 3181//3181 3180//3180
f 3116//3116 3117//3117 3182//3182
f 3116//3116 3182//3182 3181//3181
f 3117//3117 3118//3118 3183//3183
f 3117//3117 3183//3183 3182//3182
f 3118//3118 3119//3119 3184//3184
f 3118//3118 3184//3184 3183//3183
f 3119//3119 3120//3120 3185//3185
f 3119//3119 3185//3185 3184//3184
f 3120//3120 3121//3121 3186//3186
f 3120//3120 3186//3186 3185//3185
f 3121//3121 3122//3122 3187//3187
f 3121//3121 3187//3187 3186//3186
f 3122//3122 3123//3123 3188//3188
f 3122//3122 3188//3188 3187//3187
f 3123//3123 3124//3124 3189//3189
f 3123//3123 3189//3189 3188//3188
f 3124//3124 3125//3125 3190//3190
f 3124//3124 3190//3190 3189//3189
f 3125//3125 3126//3126 3191//3191
f 3125//3125 3191//3191 3190//3190
f 3126//3126 3127//3127 3192//3192
f 3126//3126 3192//3192 3191//3191
f 3127//3127 3128//3128 3193//3193
f 3127//3127 3193//3193 3192//3192
f 3128//3128 3129//3129 3194//3194
f 3128//3128 3194//3194 3193//3193
f 3129//3129 3130//3130 3195//3195
f 3129//3129 3195//3195 3194//3194
f 3130//3130 3131//3131 3196//3196
f 3130//3130 3196//3196 3195//3195
f 3131//3131 3132//3132 3197//3197
f 3131//3131 3197//3197 3196//3196
f 3132//3132 3133//3133 3198//3198
f 3132//3132 3198//3198 3197//3197
f 3133//3133 3134//3134 3199//3199
f 3133//3133 3199//3199 3198//3198
f 3134//3134 3135//3135 3200//3200
f 3134//3134 3200//3200 3199//3199
f 3135//3135 3136//3136 3201//3201
f 3135//3135 3201//3201 3200//3200
f 3136//3136 3137//3137 3202//3202
f 3136//3136 3202//3202 3201//3201
f 3137//3137 3138//3138 3203//3203
f 3137//3137 3203//3203 3202//3202
f 3138//3138 3139//3139 3204//3204
f 3138//3138 3204//3204 3203//3203
f 3139//3139 3140//3140 3205//3205
f 3139//3139 3205//3205 3204//3204
f 3140//3140 3141//3141 3206//3206
f 3140//3140 3206//3206 3205//3205
f 3141//3141 3142//3142 3207//3207
f 3141//3141 3207//3207 3206//3206
f 3142//3142 3143//3143 3208//3208
f 3142//3142 3208//3208 3207//3207
f 3143//3143 3144//3144 3209//3209
f 3143//3143 3209//3209 3208//3208
f 3144//3144 3145//3145 3210//3210
f 3144//3144 3210//3210 3209//3209
f 3145//3145 3146//3146 3211//3211
f 3145//3145 3211//3211 3210//3210
f 3146//3146 3147//3147 3212//3212
f 3146//3146 3212//3212 3211//3211
f 3147//3147 3148//3148 3213//3213
f 3147//3147 3213//3213 3212//3212
f 3309//3309 3214//3214 3215//3215
f 3309//3309 3215//3215 3216//3216
f 3309//3309 3216//3216 3217//3217
f 3309//3309 3217//3217 3218//3218
f 3309//3309 3218//3218 3219//3219
f 3309//3309 3219//3219 3220//3220
f 3309//3309 3220//3220 3221//3221
f 3309//3309 3221//3221 3222//3222
f 3309//3309 3222//3222 3223//3223
f 3309//3309 3223//3223 3224//3224
f 3309//3309 3224//3224 3225//3225
f 3309//3309 3225//3225 3226//3226
f 3309//3309 3226//3226 3227//3227
f 3309//3309 3227//3227 3228//3228
f 3309//3309 3228//3228 3229//3229
f 3309//3309 3229//3229 3230//3230
f 3309//3309 3230//3230 3231//3231
f 3309//3309 3231//3231 3232//3232
f 3309//3309 3232//3232 3233//3233
f 3309//3309 3233//3233 3234//3234
f 3309//3309 3234//3234 3235//3235
f 3309//3309 3235//3235 3236//3236
f 3309//3309 3236//3236 3237//3237
f 3309//3309 3237//3237 3238//3238
f 3309//3309 3238//3238 3239//3239
f 3309//3309 3239//3239 3240//3240
f 3309//3309 3240//3240 3241//3241
f 3309//3309 3241//3241 3242//3242
f 3309//3309 3242//3242 3243//3243
f 3309//3309 3243//3243 3244//3244
f 3309//3309 3244//3244 3245//3245
f 3309//3309 3245//3245 3246//3246
f 3309//3309 3246//3246 3247//3247
f 3309//3309 3247//3247 3248//3248
f 3309//3309 3248//3248 3249//3249
f 3309//3309 3249//3249 3250//3250
f 3309//3309 3250//3250 3251//3251
f 3309//3309 3251//3251 3252//3252
f 3309//3309 3252//3252 3253//3253
f 3309//3309 3253//3253 3254//3254
f 3309//3309 3254//3254 3255//3255
f 3309//3309 3255//3255 3256//3256
f 3309//3309 3256//3256 3257//3257
f 3309//3309 3257//3257 3258//3258
f 3309//3309 3258//3258 3259//3259
f 3309//3309 3259//3259 3260//3260
f 3309//3309 3260//3260 3261//3261
f 3309//3309 3261//3261 3262//3262
f 3309//3309 3262//3262 3263//3263
f 3309//3309 3263//3263 3264//3264
f 3309//3309 3264//3264 3265//3265
f 3309//3309 3265//3265 3266//3266
f 3309//3309 3266//3266 3267//3267
f 3309//3309 3267//3267 3268//3268
f 3309//3309 3268//3268 3269//3269
f 3309//3309 3269//3269 3270//3270
f 3309//3309 3270//3270 3271//3271
f 3309//3309 3271//3271 3272//3272
f 3309//3309 3272//3272 3273//3273
f 3309//3309 3273//3273 3274//3274
f 3309//3309 3274//3274 3275//3275
f 3309//3309 3275//3275 3276//3276
f 3309//3309 3276//3276 3277//3277
f 3309//3309 3277//3277 3278//3278
f 3309//3309 3278//3278 3279//3279
f 3309//3309 3279//3279 3280//3280
f 3309//3309 3280//3280 3281//3281
f 3309//3309 3281//3281 3282//3282
f 3309//3309 3282//3282 3283//3283
f 3309//3309 3283//3283 3284//3284
f 3309//3309 3284//3284 3285//3285
f 3309//3309 3285//3285 3286//3286
f 3309//3309 3286//3286 3287//3287
f 3309//3309 3287//3287 3288//3288
f 3309//3309 3288//3288 3289//3289
f 3309//3309 3289//3289 3290//3290
f 3309//3309 3290//3290 3291//3291
f 3309//3309 3291//3291 3292//3292
f 3309//3309 3292//3292 3293//3293
f 3309//3309 3293//3293 3294//3294
f 3309//3309 3294//3294 3295//3295
f 3309//3309 3295//3295 3296//3296
f 3309//3309 3296//3296 3297//3297
f 3309//3309 3297//3297 3298//3298
f 3309//3309 3298//3298 3299//3299
f 3309//3309 3299//3299 3300//3300
f 3309//3309 3300//3300 3301//3301
f 3309//3309 3301//3301 3302//3302
f 3309//3309 3302//3302 3303//3303
f 3309//3309 3303//3303 3304//3304
f 3309//3309 3304//3304 3305//3305
f 3309//3309 3305//3305 3306//3306
f 3309//3309 3306//3306 3307//3307
f 3307//3307 3308//3308 3309//3309
f 3405//3405 3310//3310 3311//3311
f 3405//3405 3311//3311 3312//3312
f 3405//3405 3312//3312 3313//3313
f 3405//3405 3313//3313 3314//3314
f 3405//3405 3314//3314 3315//3315
f 3405//3405 3315//3315 3316//3316
f 3405//3405 3316//3316 3317//3317
f 3405//3405 3317//3317 3318//3318
f 3405//3405 3318//3318 3319//3319
f 3405//3405 3319//3319 3320//3320
f 3405//3405 3320//3320 3321//3321
f 3405//3405 3321//3321 3322//3322
f 3405//3405 3322//3322 3323//3323
f 3405//3405 3323//3323 3324//3324
f 3405//3405 3324//3324 3325//3325
f 3405//3405 3325//3325 3326//3326
f 3405//3405 3326//3326 3327//3327
f 3405//3405 3327//3327 3328//3328
f 3405//3405 3328//3328 3329//3329
f 3405//3405 3329//3329 3330//3330
f 3405//3405 3330//3330 3331//3331
f 3405//3405 3331//3331 3332//3332
f 3405//3405 3332//3332 3333//3333
f 3405//3405 3333//3333 3334//3334
f 3405//3405 3334//3334 3335//3335
f 3405//3405 3335//3335 3336//3336
f 3405//3405 3336//3336 3337//3337
f 3405//3405 3337//3337 3338//3338
f 3405//3405 3338//3338 3339//3339
f 3405//3405 3339//3339 3340//3340
f 3405//3405 3340//3340 3341//3341
f 3405//3405 3341//3341 3342//3342
f 3405//3405 3342//3342 3343//3343
f 3405//3405 3343//3343 3344//3344
f 3405//3405 3344//3344 3345//3345
f 3405//3405 3345//3345 3346//3346
f 3405//3405 3346//3346 3347//3347
f 3405//3405 3347//3347 3348//3348
f 3405//3405 3348//3348 3349//3349
f 3405//3405 3349//3349 3350//3350
f 3405//3405 3350//3350 3351//3351
f 3405//3405 3351//3351 3352//3352
f 3405//3405 3352//3352 3353//3353
f 3405//3405 3353//3353 3354//3354
f 3405//3405 3354//3354 3355//3355
f 3405//3405 3355//3355 3356//3356
f 3405//3405 3356//3356 3357//3357
f 3405//3405 3357//3357 3358//3358
f 3405//3405 3358//3358 3359//3359
f 3405//3405 3359//3359 3360//3360
f 3405//3405 3360//3360 3361//3361
f 3405//3405 3361//3361 3362//3362
f 3405//3405 3362//3362 3363//3363
f 3405//3405 3363//3363 3364//3364
f 3405//3405 3364//3364 3365//3365
f 3405//3405 3365//3365 3366//3366
f 3405//3405 3366//3366 3367//3367
f 3405//3405 3367//3367 3368//3368
f 3405//3405 3368//3368 3369//3369
f 3405//3405 3369//3369 3370//3370
f 3405//3405 3370//3370 3371//3371
f 3405//3405 3371//3371 3372//3372
f 3405//3405 3372//3372 3373//3373
f 3405//3405 3373//3373 3374//3374
f 3405//3405 3374//3374 3375//3375
f 3405//3405 3375//3375 3376//3376
f 3405//3405 3376//3376 3377//3377
f 3405//3405 3377//3377 3378//3378
f 3405//3405 3378//3378 3379//3379
f 3405//3405 3379//3379 3380//3380
f 3405//3405 3380//3380 3381//3381
f 3405//3405 3381//3381 3382//3382
f 3405//3405 3382//3382 3383//3383
f 3405//3405 3383//3383 3384//3384
f 3405//3405 3384//3384 3385//3385
f 3405//3405 3385//3385 3386//3386
f 3405//3405 3386//3386 3387//3387
f 3405//3405 3387//3387 3388//3388
f 3405//3405 3388//3388 3389//3389
f 3405//3405 3389//3389 3390//3390
f 3405//3405 3390//3390 3391//3391
f 3405//3405 3391//3391 3392//3392
f 3405//3405 3392//3392 3393//3393
f 3405//3405 3393//3393 3394//3394
f 3405//3405 3394//3394 3395//3395
f 3405//3405 3395//3395 3396//3396
f 3405//3405 3396//3396 3397//3397
f 3405//3405 3397//3397 3398//3398
f 3405//3405 3398//3398 3399//3399
f 3405//3405 3399//3399 3400//3400
f 3405//3405 3400//3400 3401//3401
f 3405//3405 3401//3401 3402//3402
f 3405//3405 3402//3402 3403//3403
f 3403//3403 3404//3404 3405//3405
o HRL
v 2.59 -0.07 0.36
v 2.59065 -0.07 0.374377
v 2.59267 -0.07 0.389114
v 2.59618 -0.07 0.404025
v 2.60123 -0.07 0.418895
v 2.60787 -0.07 0.433487
v 2.61608 -0.07 0.447554
v 2.62578 -0.07 0.460848
v 2.63686 -0.07 0.473137
v 2.64915 -0.07 0.484217
v 2.66245 -0.07 0.493919
v 2.67651 -0.07 0.502125
v 2.6911 -0.07 0.508766
v 2.70597 -0.07 0.513824
v 2.72089 -0.07 0.517329
v 2.73562 -0.07 0.519353
v 2.75 -0.07 0.52
v 2.76438 -0.07 0.519353
v 2.77911 -0.07 0.517329
v 2.79403 -0.07 0.513824
v 2.8089 -0.07 0.508766
v 2.82349 -0.07 0.502125
v 2.83755 -0.07 0.493919
v 2.85085 -0.07 0.484217
v 2.86314 -0.07 0.473137
v 2.87422 -0.07 0.460848
v 2.88392 -0.07 0.447554
v 2.89213 -0.07 0.433487
v 2.89877 -0.07 0.418895
v 2.90382 -0.07 0.404025
v 2.90733 -0.07 0.389114
v 2.90935 -0.07 0.374377
v 2.91 -0.07 0.36
v 2.90935 -0.07 0.345623
v 2.90733 -0.07 0.330886
v 2.90382 -0.07 0.315975
v 2.89877 -0.07 0.301105
v 2.89213 -0.07 0.286513
v 2.88392 -0.07 0.272446
v 2.87422 -0.07 0.259152
v 2.86314 -0.07 0.246863
v 2.85085 -0.07 0.235783
v 2.83755 -0.07 0.226081
v 2.82349 -0.07 0.217875
v 2.8089 -0.07 0.211234
v 2.79403 -0.07 0.206176
v 2.77911 -0.07 0.202671
v 2.76438 -0.07 0.200647
v 2.75 -0.07 0.2
v 2.73562 -0.07 0.200647
v 2.72089 -0.07 0.202671
v 2.70597 -0.07 0.206176
v 2.6911 -0.07 0.211234
v 2.67651 -0.07 0.217875
v 2.66245 -0.07 0.226081
v 2.64915 -0.07 0.235783
v 2.63686 -0.07 0.246863
v 2.62578 -0.07 0.259152
v 2.61608 -0.07 0.272446
v 2.60787 -0.07 0.286513
v 2.60123 -0.07 0.301105
v 2.59618 -0.07 0.315975
v 2.59267 -0.07 0.330886
v 2.59065 -0.07 0.345623
v 2.59 -0.07 0.36
v 2.59 -0.04 0.36
v 2.59065 -0.04 0.374377
v 2.59267 -0.04 0.389114
v 2.59618 -0.04 0.404025
v 2.60123 -0.04 0.418895
v 2.60787 -0.04 0.433487
v 2.61608 -0.04 0.447554
v 2.62578 -0.04 0.460848
v 2.63686 -0.04 0.473137
v 2.64915 -0.04 0.484217
v 2.66245 -0.04 0.493919
v 2.67651 -0.04 0.502125
v 2.6911 -0.04 0.508766
v 2.70597 -0.04 0.513824
v 2.72089 -0.04 0.517329
v 2.73562 -0.04 0.519353
v 2.75 -0.04 0.52
v 2.76438 -0.04 0.519353
v 2.77911 -0.04 0.517329
v 2.79403 -0.04 0.513824
v 2.8089 -0.04 0.508766
v 2.82349 -0.04 0.502125
v 2.83755 -0.04 0.493919
v 2.85085 -0.04 0.484217
v 2.86314 -0.04 0.473137
v 2.87422 -0.04 0.460848
v 2.88392 -0.04 0.447554
v 2.89213 -0.04 0.433487
v 2.89877 -0.04 0.418895
v 2.90382 -0.04 0.404025
v 2.90733 -0.04 0.389114
v 2.90935 -0.04 0.374377
v 2.91 -0.04 0.36
v 2.90935 -0.04 0.345623
v 2.90733 -0.04 0.330886
v 2.90382 -0.04 0.315975
v 2.89877 -0.04 0.301105
v 2.89213 -0.04 0.286513
v 2.88392 -0.04 0.272446
v 2.87422 -0.04 0.259152
v 2.86314 -0.04 0.246863
v 2.85085 -0.04 0.235783
v 2.83755 -0.04 0.226081
v 2.82349 -0.04 0.217875
v 2.8089 -0.04 0.211234
v 2.79403 -0.04 0.206176
v 2.77911 -0.04 0.202671
v 2.76438 -0.04 0.200647
v 2.75 -0.04 0.2
v 2.73562 -0.04 0.200647
v 2.72089 -0.04 0.202671
v 2.70597 -0.04 0.206176
v 2.6911 -0.04 0.211234
v 2.67651 -0.04 0.217875
v 2.66245 -0.04 0.226081
v 2.64915 -0.04 0.235783
v 2.63686 -0.04 0.246863
v 2.62578 -0.04 0.259152
v 2.61608 -0.04 0.272446
v 2.60787 -0.04 0.286513
v 2.60123 -0.04 0.301105
v 2.59618 -0.04 0.315975
v 2.59267 -0.04 0.330886
v 2.59065 -0.04 0.345623
v 2.59 -0.04 0.36
v 2.59 -0.01 0.36
v 2.59065 -0.01 0.374377
v 2.59267 -0.01 0.389114
v 2.59618 -0.01 0.404025
v 2.60123 -0.01 0.418895
v 2.60787 -0.01 0.433487
v 2.61608 -0.01 0.447554
v 2.62578 -0.01 0.460848
v 2.63686 -0.01 0.473137
v 2.64915 -0.01 0.484217
v 2.66245 -0.01 0.493919
v 2.67651 -0.01 0.502125
v 2.6911 -0.01 0.508766
v 2.70597 -0.01 0.513824
v 2.72089 -0.01 0.517329
v 2.73562 -0.01 0.519353
v 2.75 -0.01 0.52
v 2.76438 -0.01 0.519353
v 2.77911 -0.01 0.517329
v 2.79403 -0.01 0.513824
v 2.8089 -0.01 0.508766
v 2.82349 -0.01 0.502125
v 2.83755 -0.01 0.493919
v 2.85085 -0.01 0.484217
v 2.86314 -0.01 0.473137
v 2.87422 -0.01 0.460848
v 2.88392 -0.01 0.447554
v 2.89213 -0.01 0.433487
v 2.89877 -0.01 0.418895
v 2.90382 -0.01 0.404025
v 2.90733 -0.01 0.389114
v 2.90935 -0.01 0.374377
v 2.91 -0.01 0.36
v 2.90935 -0.01 0.345623
v 2.90733 -0.01 0.330886
v 2.90382 -0.01 0.315975
v 2.89877 -0.01 0.301105
v 2.89213 -0.01 0.286513
v 2.88392 -0.01 0.272446
v 2.87422 -0.01 0.259152
v 2.86314 -0.01 0.246863
v 2.85085 -0.01 0.235783
v 2.83755 -0.01 0.226081
v 2.82349 -0.01 0.217875
v 2.8089 -0.01 0.211234
v 2.79403 -0.01 0.206176
v 2.77911 -0.01 0.202671
v 2.76438 -0.01 0.200647
v 2.75 -0.01 0.2
v 2.73562 -0.01 0.200647
v 2.72089 -0.01 0.202671
v 2.70597 -0.01 0.206176
v 2.6911 -0.01 0.211234
v 2.67651 -0.01 0.217875
v 2.66245 -0.01 0.226081
v 2.64915 -0.01 0.235783
v 2.63686 -0.01 0.246863
v 2.62578 -0.01 0.259152
v 2.61608 -0.01 0.272446
v 2.60787 -0.01 0.286513
v 2.60123 -0.01 0.301105
v 2.59618 -0.01 0.315975
v 2.59267 -0.01 0.330886
v 2.59065 -0.01 0.345623
v 2.59 -0.01 0.36
v 2.59 -0.07 0.36
v 2.59065 -0.07 0.345623
v 2.59267 -0.07 0.330886
v 2.59618 -0.07 0.315975
v 2.60123 -0.07 0.301105
v 2.60436 -0.07 0.293759
v 2.60787 -0.07 0.286513
v 2.61179 -0.07 0.279398
v 2.61608 -0.07 0.272446
v 2.62075 -0.07 0.265688
v 2.62578 -0.07 0.259152
v 2.63116 -0.07 0.252868
v 2.63686 -0.07 0.246863
v 2.64287 -0.07 0.241161
v 2.64915 -0.07 0.235783
v 2.65569 -0.07 0.230751
v 2.66245 -0.07 0.226081
v 2.6694 -0.07 0.221785
v 2.67651 -0.07 0.217875
v 2.68376 -0.07 0.214356
v 2.6911 -0.07 0.211234
v 2.70597 -0.07 0.206176
v 2.72089 -0.07 0.202671
v 2.73562 -0.07 0.200647
v 2.75 -0.07 0.2
v 2.76438 -0.07 0.200647
v 2.77911 -0.07 0.202671
v 2.79403 -0.07 0.206176
v 2.8089 -0.07 0.211234
v 2.81624 -0.07 0.214356
v 2.82349 -0.07 0.217875
v 2.8306 -0.07 0.221785
v 2.83755 -0.07 0.226081
v 2.84431 -0.07 0.230751
v 2.85085 -0.07 0.235783
v 2.85713 -0.07 0.241161
v 2.86314 -0.07 0.246863
v 2.86884 -0.07 0.252868
v 2.87422 -0.07 0.259152
v 2.87925 -0.07 0.265688
v 2.88392 -0.07 0.272446
v 2.88821 -0.07 0.279398
v 2.89213 -0.07 0.286513
v 2.89564 -0.07 0.293759
v 2.89877 -0.07 0.301105
v 2.90382 -0.07 0.315975
v 2.90733 -0.07 0.330886
v 2.90935 -0.07 0.345623
v 2.91 -0.07 0.36
v 2.90935 -0.07 0.374377
v 2.90733 -0.07 0.389114
v 2.90382 -0.07 0.404025
v 2.89877 -0.07 0.418895
v 2.89564 -0.07 0.426241
v 2.89213 -0.07 0.433487
v 2.88821 -0.07 0.440602
v 2.88392 -0.07 0.447554
v 2.87925 -0.07 0.454312
v 2.87422 -0.07 0.460848
v 2.86884 -0.07 0.467132
v 2.86314 -0.07 0.473137
v 2.85713 -0.07 0.478839
v 2.85085 -0.07 0.484217
v 2.84431 -0.07 0.489249
v 2.83755 -0.07 0.493919
v 2.8306 -0.07 0.498215
v 2.82349 -0.07 0.502125
v 2.81624 -0.07 0.505644
v 2.8089 -0.07 0.508766
v 2.79403 -0.07 0.513824
v 2.77911 -0.07 0.517329
v 2.76438 -0.07 0.519353
v 2.75 -0.07 0.52
v 2.73562 -0.07 0.519353
v 2.72089 -0.07 0.517329
v 2.70597 -0.07 0.513824
v 2.6911 -0.07 0.508766
v 2.68376 -0.07 0.505644
v 2.67651 -0.07 0.502125
v 2.6694 -0.07 0.498215
v 2.66245 -0.07 0.493919
v 2.65569 -0.07 0.489249
v 2.64915 -0.07 0.484217
v 2.64287 -0.07 0.478839
v 2.63686 -0.07 0.473137
v 2.63116 -0.07 0.467132
v 2.62578 -0.07 0.460848
v 2.62075 -0.07 0.454312
v 2.61608 -0.07 0.447554
v 2.61179 -0.07 0.440602
v 2.60787 -0.07 0.433487
v 2.60436 -0.07 0.426241
v 2.60123 -0.07 0.418895
v 2.59618 -0.07 0.404025
v 2.59267 -0.07 0.389114
v 2.59065 -0.07 0.374377
v 2.59 -0.01 0.36
v 2.59065 -0.01 0.374377
v 2.59267 -0.01 0.389114
v 2.59618 -0.01 0.404025
v 2.60123 -0.01 0.418895
v 2.60436 -0.01 0.426241
v 2.60787 -0.01 0.433487
v 2.61179 -0.01 0.440602
v 2.61608 -0.01 0.447554
v 2.62075 -0.01 0.454312
v 2.62578 -0.01 0.460848
v 2.63116 -0.01 0.467132
v 2.63686 -0.01 0.473137
v 2.64287 -0.01 0.478839
v 2.64915 -0.01 0.484217
v 2.65569 -0.01 0.489249
v 2.66245 -0.01 0.493919
v 2.6694 -0.01 0.498215
v 2.67651 -0.01 0.502125
v 2.68376 -0.01 0.505644
v 2.6911 -0.01 0.508766
v 2.70597 -0.01 0.513824
v 2.72089 -0.01 0.517329
v 2.73562 -0.01 0.519353
v 2.75 -0.01 0.52
v 2.76438 -0.01 0.519353
v 2.77911 -0.01 0.517329
v 2.79403 -0.01 0.513824
v 2.8089 -0.01 0.508766
v 2.81624 -0.01 0.505644
v 2.82349 -0.01 0.502125
v 2.8306 -0.01 0.498215
v 2.83755 -0.01 0.493919
v 2.84431 -0.01 0.489249
v 2.85085 -0.01 0.484217
v 2.85713 -0.01 0.478839
v 2.86314 -0.01 0.473137
v 2.86884 -0.01 0.467132
v 2.87422 -0.01 0.460848
v 2.87925 -0.01 0.454312
v 2.88392 -0.01 0.447554
v 2.88821 -0.01 0.440602
v 2.89213 -0.01 0.433487
v 2.89564 -0.01 0.426241
v 2.89877 -0.01 0.418895
v 2.90382 -0.01 0.404025
v 2.90733 -0.01 0.389114
v 2.90935 -0.01 0.374377
v 2.91 -0.01 0.36
v 2.90935 -0.01 0.345623
v 2.90733 -0.01 0.330886
v 2.90382 -0.01 0.315975
v 2.89877 -0.01 0.301105
v 2.89564 -0.01 0.293759
v 2.89213 -0.01 0.286513
v 2.88821 -0.01 0.279398
v 2.88392 -0.01 0.272446
v 2.87925 -0.01 0.265688
v 2.87422 -0.01 0.259152
v 2.86884 -0.01 0.252868
v 2.86314 -0.01 0.246863
v 2.85713 -0.01 0.241161
v 2.85085 -0.01 0.235783
v 2.84431 -0.01 0.230751
v 2.83755 -0.01 0.226081
v 2.8306 -0.01 0.221785
v 2.82349 -0.01 0.217875
v 2.81624 -0.01 0.214356
v 2.8089 -0.01 0.211234
v 2.79403 -0.01 0.206176
v 2.77911 -0.01 0.202671
v 2.76438 -0.01 0.200647
v 2.75 -0.01 0.2
v 2.73562 -0.01 0.200647
v 2.72089 -0.01 0.202671
v 2.70597 -0.01 0.206176
v 2.6911 -0.01 0.211234
v 2.68376 -0.01 0.214356
v 2.67651 -0.01 0.217875
v 2.6694 -0.01 0.221785
v 2.66245 -0.01 0.226081
v 2.65569 -0.01 0.230751
v 2.64915 -0.01 0.235783
v 2.64287 -0.01 0.241161
v 2.63686 -0.01 0.246863
v 2.63116 -0.01 0.252868
v 2.62578 -0.01 0.259152
v 2.62075 -0.01 0.265688
v 2.61608 -0.01 0.272446
v 2.61179 -0.01 0.279398
v 2.60787 -0.01 0.286513
v 2.60436 -0.01 0.293759
v 2.60123 -0.01 0.301105
v 2.59618 -0.01 0.315975
v 2.59267 -0.01 0.330886
v 2.59065 -0.01 0.345623
vn -1 0 9.81308e-16
vn -0.995955 0 0.0898544
vn -0.983305 0 0.181963
vn -0.961399 0 0.275158
vn -0.929788 0 0.368095
vn -0.888284 0 0.459295
vn -0.836996 0 0.54721
vn -0.776353 0 0.630298
vn -0.707107 0 0.707107
vn -0.630298 0 0.776353
vn -0.54721 0 0.836996
vn -0.459295 0 0.888284
vn -0.368095 0 0.929788
vn -0.275158 0 0.961399
vn -0.181963 0 0.983305
vn -0.0898544 0 0.995955
vn -2.45327e-16 0 1
vn 0.0898544 -0 0.995955
vn 0.181963 -0 0.983305
vn 0.275158 -0 0.961399
vn 0.368095 -0 0.929788
vn 0.459295 -0 0.888284
vn 0.54721 -0 0.836996
vn 0.630298 -0 0.776353
vn 0.707107 -0 0.707107
vn 0.776353 -0 0.630298
vn 0.836996 -0 0.54721
vn 0.888284 -0 0.459295
vn 0.929788 -0 0.368095
vn 0.961399 -0 0.275158
vn 0.983305 -0 0.181963
vn 0.995955 -0 0.0898544
vn 1 -0 0
vn 0.995955 0 -0.0898544
vn 0.983305 0 -0.181963
vn 0.961399 0 -0.275158
vn 0.929788 0 -0.368095
vn 0.888284 0 -0.459295
vn 0.836996 0 -0.54721
vn 0.776353 0 -0.630298
vn 0.707107 0 -0.707107
vn 0.630298 0 -0.776353
vn 0.54721 0 -0.836996
vn 0.459295 0 -0.888284
vn 0.368095 0 -0.929788
vn 0.275158 0 -0.961399
vn 0.181963 0 -0.983305
vn 0.0898544 0 -0.995955
vn 1.22663e-16 0 -1
vn -0.0898544 0 -0.995955
vn -0.181963 0 -0.983305
vn -0.275158 0 -0.961399
vn -0.368095 0 -0.929788
vn -0.459295 0 -0.888284
vn -0.54721 0 -0.836996
vn -0.630298 0 -0.776353
vn -0.707107 0 -0.707107
vn -0.776353 0 -0.630298
vn -0.836996 0 -0.54721
vn -0.888284 0 -0.459295
vn -0.929788 0 -0.368095
vn -0.961399 0 -0.275158
vn -0.983305 0 -0.181963
vn -0.995955 0 -0.0898544
vn -1 0 -9.81308e-16
vn -1 0 1.96262e-15
vn -0.995955 0 0.0898544
vn -0.983305 0 0.181963
vn -0.961399 0 0.275158
vn -0.929788 0 0.368095
vn -0.888284 0 0.459295
vn -0.836996 0 0.54721
vn -0.776353 0 0.630298
vn -0.707107 0 0.707107
vn -0.630298 0 0.776353
vn -0.54721 0 0.836996
vn -0.459295 0 0.888284
vn -0.368095 0 0.929788
vn -0.275158 0 0.961399
vn -0.181963 0 0.983305
vn -0.0898544 0 0.995955
vn -4.90654e-16 0 1
vn 0.0898544 -0 0.995955
vn 0.181963 -0 0.983305
vn 0.275158 -0 0.961399
vn 0.368095 -0 0.929788
vn 0.459295 -0 0.888284
vn 0.54721 -0 0.836996
vn 0.630298 -0 0.776353
vn 0.707107 -0 0.707107
vn 0.776353 -0 0.630298
vn 0.836996 -0 0.54721
vn 0.888284 -0 0.459295
vn 0.929788 -0 0.368095
vn 0.961399 -0 0.275158
vn 0.983305 -0 0.181963
vn 0.995955 -0 0.0898544
vn 1 -0 9.81308e-16
vn 0.995955 0 -0.0898544
vn 0.983305 0 -0.181963
vn 0.961399 0 -0.275158
vn 0.929788 0 -0.368095
vn 0.888284 0 -0.459295
vn 0.836996 0 -0.54721
vn 0.776353 0 -0.630298
vn 0.707107 0 -0.707107
vn 0.630298 0 -0.776353
vn 0.54721 0 -0.836996
vn 0.459295 0 -0.888284
vn 0.368095 0 -0.929788
vn 0.275158 0 -0.961399
vn 0.181963 0 -0.983305
vn 0.0898544 0 -0.995955
vn 0 0 -1
vn -0.0898544 0 -0.995955
vn -0.181963 0 -0.983305
vn -0.275158 0 -0.961399
vn -0.368095 0 -0.929788
vn -0.459295 0 -0.888284
vn -0.54721 0 -0.836996
vn -0.630298 0 -0.776353
vn -0.707107 0 -0.707107
vn -0.776353 0 -0.630298
vn -0.836996 0 -0.54721
vn -0.888284 0 -0.459295
vn -0.929788 0 -0.368095
vn -0.961399 0 -0.275158
vn -0.983305 0 -0.181963
vn -0.995955 0 -0.0898544
vn -1 0 -9.81308e-16
vn -1 0 9.81308e-16
vn -0.995955 0 0.0898544
vn -0.983305 0 0.181963
vn -0.961399 0 0.275158
vn -0.929788 0 0.368095
vn -0.888284 0 0.459295
vn -0.836996 0 0.54721
vn -0.776353 0 0.630298
vn -0.707107 0 0.707107
vn -0.630298 0 0.776353
vn -0.54721 0 0.836996
vn -0.459295 0 0.888284
vn -0.368095 0 0.929788
vn -0.275158 0 0.961399
vn -0.181963 0 0.983305
vn -0.0898544 0 0.995955
vn -2.45327e-16 0 1
vn 0.0898544 -0 0.995955
vn 0.181963 -0 0.983305
vn 0.275158 -0 0.961399
vn 0.368095 -0 0.929788
vn 0.459295 -0 0.888284
vn 0.54721 -0 0.836996
vn 0.630298 -0 0.776353
vn 0.707107 -0 0.707107
vn 0.776353 -0 0.630298
vn 0.836996 -0 0.54721
vn 0.888284 -0 0.459295
vn 0.929788 -0 0.368095
vn 0.961399 -0 0.275158
vn 0.983305 -0 0.181963
vn 0.995955 -0 0.0898544
vn 1 -0 0
vn 0.995955 0 -0.0898544
vn 0.983305 0 -0.181963
vn 0.961399 0 -0.275158
vn 0.929788 0 -0.368095
vn 0.888284 0 -0.459295
vn 0.836996 0 -0.54721
vn 0.776353 0 -0.630298
vn 0.707107 0 -0.707107
vn 0.630298 0 -0.776353
vn 0.54721 0 -0.836996
vn 0.459295 0 -0.888284
vn 0.368095 0 -0.929788
vn 0.275158 0 -0.961399
vn 0.181963 0 -0.983305
vn 0.0898544 0 -0.995955
vn 1.22663e-16 0 -1
vn -0.0898544 0 -0.995955
vn -0.181963 0 -0.983305
vn -0.275158 0 -0.961399
vn -0.368095 0 -0.929788
vn -0.459295 0 -0.888284
vn -0.54721 0 -0.836996
vn -0.630298 0 -0.776353
vn -0.707107 0 -0.707107
vn -0.776353 0 -0.630298
vn -0.836996 0 -0.54721
vn -0.888284 0 -0.459295
vn -0.929788 0 -0.368095
vn -0.961399 0 -0.275158
vn -0.983305 0 -0.181963
vn -0.995955 0 -0.0898544
vn -1 0 -9.81308e-16
vn 1.55431e-17 -1 0
vn 1.55431e-17 -1 0
vn 1.55431e-17 -1 0
vn 1.38778e-17 -1 0
vn 1.38778e-17 -1 0
vn 6.93889e-18 -1 0
vn -2.16493e-17 -1 0
vn 2.2482e-17 -1 0
vn 7.77156e-18 -1 0
vn -2.94209e-17 -1 0
vn -7.77156e-18 -1 0
vn -6.10623e-18 -1 0
vn -1.47105e-17 -1 0
vn -4.71845e-18 -1 0
vn 4.16334e-19 -1 0
vn -4.71845e-18 -1 0
vn -4.30211e-18 -1 0
vn 8.18789e-18 -1 0
vn 8.32667e-19 -1 0
vn -1.23512e-17 -1 0
vn 7.14706e-18 -1 0
vn -5.20417e-18 -1 0
vn 2.55351e-17 -1 0
vn 1.16573e-17 -1 0
vn 7.97973e-18 -1 0
vn 8.46545e-18 -1 0
vn -9.08995e-18 -1 0
vn 2.22738e-17 -1 0
vn 3.67761e-18 -1 0
vn 6.93889e-18 -1 0
vn 8.32667e-19 -1 0
vn 3.05311e-18 -1 0
vn -3.46945e-18 -1 0
vn -2.63678e-18 -1 0
vn 1.249e-18 -1 0
vn 8.32667e-19 -1 0
vn -1.47105e-17 -1 0
vn 2.2482e-17 -1 0
vn -6.10623e-18 -1 0
vn 2.94209e-17 -1 0
vn -2.16493e-17 -1 0
vn 1.38778e-17 -1 0
vn 6.93889e-18 -1 0
vn 2.16493e-17 -1 0
vn 1.55431e-17 -1 0
vn 1.38778e-17 -1 0
vn 2.94209e-17 -1 0
vn 2.94209e-17 -1 0
vn 0 -1 0
vn 1.55431e-17 -1 0
vn 2.94209e-17 -1 0
vn 1.38778e-17 -1 0
vn 0 -1 0
vn -4.32987e-17 -1 0
vn 0 -1 0
vn -3.10862e-17 -1 0
vn -2.77556e-17 -1 0
vn 3.10862e-17 -1 0
vn 0 -1 0
vn 2.77556e-17 -1 0
vn 0 -1 0
vn -3.10862e-17 -1 0
vn 0 -1 0
vn 3.10862e-17 -1 0
vn 0 -1 0
vn 0 -1 0
vn 0 -1 0
vn 0 -1 0
vn 0 -1 0
vn 0 -1 0
vn 0 -1 0
vn 0 -1 0
vn 0 -1 0
vn 0 -1 0
vn 0 -1 0
vn 0 -1 0
vn 0 -1 0
vn -2.77556e-17 -1 0
vn 0 -1 0
vn 0 -1 0
vn 0 -1 0
vn 0 -1 0
vn 0 -1 0
vn 0 -1 0
vn 0 -1 0
vn 2.77556e-17 -1 0
vn 3.10862e-17 -1 0
vn 3.10862e-17 -1 0
vn 0 -1 0
vn 0 -1 0
vn 0 -1 0
vn 0 -1 0
vn 1.55431e-17 -1 0
vn 1.55431e-17 -1 0
vn 0 -1 0
vn 0 -1 0
vn 0 1 -0
vn -1.73472e-18 1 0
vn 2.22045e-18 1 -0
vn 0 1 -0
vn 0 1 -0
vn 2.22045e-18 1 -0
vn 0 1 -0
vn 3.46945e-18 1 -0
vn 0 1 -0
vn 4.44089e-18 1 -0
vn 0 1 -0
vn 0 1 -0
vn -3.46945e-18 1 0
vn 0 1 -0
vn 0 1 -0
vn 0 1 -0
vn 0 1 -0
vn 0 1 -0
vn 0 1 -0
vn 0 1 -0
vn 0 1 -0
vn 0 1 -0
vn 0 1 -0
vn 0 1 -0
vn 0 1 -0
vn 0 1 -0
vn 0 1 -0
vn 0 1 -0
vn 0 1 -0
vn 0 1 -0
vn 0 1 -0
vn 0 1 -0
vn 0 1 -0
vn 4.44089e-18 1 -0
vn 0 1 -0
vn 0 1 -0
vn 0 1 -0
vn 0 1 -0
vn 0 1 -0
vn 4.44089e-18 1 -0
vn 0 1 -0
vn 0 1 -0
vn -3.46945e-18 1 0
vn 2.22045e-18 1 -0
vn 0 1 -0
vn 0 1 -0
vn 2.22045e-18 1 -0
vn -1.73472e-18 1 0
vn -1.73472e-18 1 0
vn -1.73472e-18 1 0
vn 0 1 -0
vn 2.22045e-18 1 -0
vn 2.22045e-18 1 -0
vn -6.245e-19 1 0
vn -1.73472e-18 1 0
vn -1.35308e-18 1 0
vn 3.08781e-18 1 -0
vn -1.97758e-18 1 0
vn -1.97758e-18 1 0
vn 1.97758e-18 1 -0
vn -1.73472e-18 1 0
vn -2.5327e-18 1 0
vn -1.11022e-18 1 0
vn -7.97973e-19 1 0
vn 7.97973e-19 1 -0
vn -1.66533e-18 1 0
vn -4.33681e-19 1 0
vn -1.5786e-18 1 0
vn -8.67362e-20 1 0
vn 1.72605e-18 1 -0
vn 2.0383e-18 1 -0
vn -1.79544e-18 1 0
vn 2.68882e-18 1 -0
vn -8.32667e-19 1 0
vn 2.0383e-18 1 -0
vn 1.72605e-18 1 -0
vn 1.5786e-18 1 -0
vn -1.5786e-18 1 0
vn -1.66533e-18 1 0
vn -6.245e-19 1 0
vn 7.97973e-19 1 -0
vn 1.11022e-18 1 -0
vn 1.11022e-18 1 -0
vn 1.97758e-18 1 -0
vn 0 1 -0
vn 3.08781e-18 1 -0
vn 3.95517e-18 1 -0
vn -4.85723e-19 1 0
vn -1.11022e-18 1 0
vn 6.245e-19 1 -0
vn 0 1 -0
vn -6.245e-19 1 0
vn -1.73472e-18 1 0
vn -1.73472e-18 1 0
vn -1.73472e-18 1 0
vn 3.95517e-18 1 -0
g HRL_chrome
usemtl chrome
f 3406//3406 3407//3407 3472//3472
f 3406//3406 3472//3472 3471//3471
f 3407//3407 3408//3408 3473//3473
f 3407//3407 3473//3473 3472//3472
f 3408//3408 3409//3409 3474//3474
f 3408//3408 3474//3474 3473//3473
f 3409//3409 3410//3410 3475//3475
f 3409//3409 3475//3475 3474//3474
f 3410//3410 3411//3411 3476//3476
f 3410//3410 3476//3476 3475//3475
f 3411//3411 3412//3412 3477//3477
f 3411//3411 3477//3477 3476//3476
f 3412//3412 3413//3413 3478//3478
f 3412//3412 3478//3478 3477//3477
f 3413//3413 3414//3414 3479//3479
f 3413//3413 3479//3479 3478//3478
f 3414//3414 3415//3415 3480//3480
f 3414//3414 3480//3480 3479//3479
f 3415//3415 3416//3416 3481//3481
f 3415//3415 3481//3481 3480//3480
f 3416//3416 3417//3417 3482//3482
f 3416//3416 3482//3482 3481//3481
f 3417//3417 3418//3418 3483//3483
f 3417//3417 3483//3483 3482//3482
f 3418//3418 3419//3419 3484//3484
f 3418//3418 3484//3484 3483//3483
f 3419//3419 3420//3420 3485//3485
f 3419//3419 3485//3485 3484//3484
f 3420//3420 3421//3421 3486//3486
f 3420//3420 3486//3486 3485//3485
f 3421//3421 3422//3422 3487//3487
f 3421//3421 3487//3487 3486//3486
f 3422//3422 3423//3423 3488//3488
f 3422//3422 3488//3488 3487//3487
f 3423//3423 3424//3424 3489//3489
f 3423//3423 3489//3489 3488//3488
f 3424//3424 3425//3425 3490//3490
f 3424//3424 3490//3490 3489//3489
f 3425//3425 3426//3426 3491//3491
f 3425//3425 3491//3491 3490//3490
f 3426//3426 3427//3427 3492//3492
f 3426//3426 3492//3492 3491//3491
f 3427//3427 3428//3428 3493//3493
f 3427//3427 3493//3493 3492//3492
f 3428//3428 3429//3429 3494//3494
f 3428//3428 3494//3494 3493//3493
f 3429//3429 3430//3430 3495//3495
f 3429//3429 3495//3495 3494//3494
f 3430//3430 3431//3431 3496//3496
f 3430//3430 3496//3496 3495//3495
f 3431//3431 3432//3432 3497//3497
f 3431//3431 3497//3497 3496//3496
f 3432//3432 3433//3433 3498//3498
f 3432//3432 3498//3498 3497//3497
f 3433//3433 3434//3434 3499//3499
f 3433//3433 3499//3499 3498//3498
f 3434//3434 3435//3435 3500//3500
f 3434//3434 3500//3500 3499//3499
f 3435//3435 3436//3436 3501//3501
f 3435//3435 3501//3501 3500//3500
f 3436//3436 3437//3437 3502//3502
f 3436//3436 3502//3502 3501//3501
f 3437//3437 3438//3438 3503//3503
f 3437//3437 3503//3503 3502//3502
f 3438//3438 3439//3439 3504//3504
f 3438//3438 3504//3504 3503//3503
f 3439//3439 3440//3440 3505//3505
f 3439//3439 3505//3505 3504//3504
f 3440//3440 3441//3441 3506//3506
f 3440//3440 3506//3506 3505//3505
f 3441//3441 3442//3442 3507//3507
f 3441//3441 3507//3507 3506//3506
f 3442//3442 3443//3443 3508//3508
f 3442//3442 3508//3508 3507//3507
f 3443//3443 3444//3444 3509//3509
f 3443//3443 3509//3509 3508//3508
f 3444//3444 3445//3445 3510//3510
f 3444//3444 3510//3510 3509//3509
f 3445//3445 3446//3446 3511//3511
f 3445//3445 3511//3511 3510//3510
f 3446//3446 3447//3447 3512//3512
f 3446//3446 3512//3512 3511//3511
f 3447//3447 3448//3448 3513//3513
f 3447//3447 3513//3513 3512//3512
f 3448//3448 3449//3449 3514//3514
f 3448//3448 3514//3514 3513//3513
f 3449//3449 3450//3450 3515//3515
f 3449//3449 3515//3515 3514//3514
f 3450//3450 3451//3451 3516//3516
f 3450//3450 3516//3516 3515//3515
f 3451//3451 3452//3452 3517//3517
f 3451//3451 3517//3517 3516//3516
f 3452//3452 3453//3453 3518//3518
f 3452//3452 3518//3518 3517//3517
f 3453//3453 3454//3454 3519//3519
f 3453//3453 3519//3519 3518//3518
f 3454//3454 3455//3455 3520//3520
f 3454//3454 3520//3520 3519//3519
f 3455//3455 3456//3456 3521//3521
f 3455//3455 3521//3521 3520//3520
f 3456//3456 3457//3457 3522//3522
f 3456//3456 3522//3522 3521//3521
f 3457//3457 3458//3458 3523//3523
f 3457//3457 3523//3523 3522//3522
f 3458//3458 3459//3459 3524//3524
f 3458//3458 3524//3524 3523//3523
f 3459//3459 3460//3460 3525//3525
f 3459//3459 3525//3525 3524//3524
f 3460//3460 3461//3461 3526//3526
f 3460//3460 3526//3526 3525//3525
f 3461//3461 3462//3462 3527//3527
f 3461//3461 3527//3527 3526//3526
f 3462//3462 3463//3463 3528//3528
f 3462//3462 3528//3528 3527//3527
f 3463//3463 3464//3464 3529//3529
f 3463//3463 3529//3529 3528//3528
f 3464//3464 3465//3465 3530//3530
f 3464//3464 3530//3530 3529//3529
f 3465//3465 3466//3466 3531//3531
f 3465//3465 3531//3531 3530//3530
f 3466//3466 3467//3467 3532//3532
f 3466//3466 3532//3532 3531//3531
f 3467//3467 3468//3468 3533//3533
f 3467//3467 3533//3533 3532//3532
f 3468//3468 3469//3469 3534//3534
f 3468//3468 3534//3534 3533//3533
f 3469//3469 3470//3470 3535//3535
f 3469//3469 3535//3535 3534//3534
f 3471//3471 3472//3472 3537//3537
f 3471//3471 3537//3537 3536//3536
f 3472//3472 3473//3473 3538//3538
f 3472//3472 3538//3538 3537//3537
f 3473//3473 3474//3474 3539//3539
f 3473//3473 3539//3539 3538//3538
f 3474//3474 3475//3475 3540//3540
f 3474//3474 3540//3540 3539//3539
f 3475//3475 3476//3476 3541//3541
f 3475//3475 3541//3541 3540//3540
f 3476//3476 3477//3477 3542//3542
f 3476//3476 3542//3542 3541//3541
f 3477//3477 3478//3478 3543//3543
f 3477//3477 3543//3543 3542//3542
f 3478//3478 3479//3479 3544//3544
f 3478//3478 3544//3544 3543//3543
f 3479//3479 3480//3480 3545//3545
f 3479//3479 3545//3545 3544//3544
f 3480//3480 3481//3481 3546//3546
f 3480//3480 3546//3546 3545//3545
f 3481//3481 3482//3482 3547//3547
f 3481//3481 3547//3547 3546//3546
f 3482//3482 3483//3483 3548//3548
f 3482//3482 3548//3548 3547//3547
f 3483//3483 3484//3484 3549//3549
f 3483//3483 3549//3549 3548//3548
f 3484//3484 3485//3485 3550//3550
f 3484//3484 3550//3550 3549//3549
f 3485//3485 3486//3486 3551//3551
f 3485//3485 3551//3551 3550//3550
f 3486//3486 3487//3487 3552//3552
f 3486//3486 3552//3552 3551//3551
f 3487//3487 3488//3488 3553//3553
f 3487//3487 3553//3553 3552//3552
f 3488//3488 3489//3489 3554//3554
f 3488//3488 3554//3554 3553//3553
f 3489//3489 3490//3490 3555//3555
f 3489//3489 3555//3555 3554//3554
f 3490//3490 3491//3491 3556//3556
f 3490//3490 3556//3556 3555//3555
f 3491//3491 3492//3492 3557//3557
f 3491//3491 3557//3557 3556//3556
f 3492//3492 3493//3493 3558//3558
f 3492//3492 3558//3558 3557//3557
f 3493//3493 3494//3494 3559//3559
f 3493//3493 3559//3559 3558//3558
f 3494//3494 3495//3495 3560//3560
f 3494//3494 3560//3560 3559//3559
f 3495//3495 3496//3496 3561//3561
f 3495//3495 3561//3561 3560//3560
f 3496//3496 3497//3497 3562//3562
f 3496//3496 3562//3562 3561//3561
f 3497//3497 3498//3498 3563//3563
f 3497//3497 3563//3563 3562//3562
f 3498//3498 3499//3499 3564//3564
f 3498//3498 3564//3564 3563//3563
f 3499//3499 3500//3500 3565//3565
f 3499//3499 3565//3565 3564//3564
f 3500//3500 3501//3501 3566//3566
f 3500//3500 3566//3566 3565//3565
f 3501//3501 3502//3502 3567//3567
f 3501//3501 3567//3567 3566//3566
f 3502//3502 3503//3503 3568//3568
f 3502//3502 3568//3568 3567//3567
f 3503//3503 3504//3504 3569//3569
f 3503//3503 3569//3569 3568//3568
f 3504//3504 3505//3505 3570//3570
f 3504//3504 3570//3570 3569//3569
f 3505//3505 3506//3506 3571//3571
f 3505//3505 3571//3571 3570//3570
f 3506//3506 3507//3507 3572//3572
f 3506//3506 3572//3572 3571//3571
f 3507//3507 3508//3508 3573//3573
f 3507//3507 3573//3573 3572//3572
f 3508//3508 3509//3509 3574//3574
f 3508//3508 3574//3574 3573//3573
f 3509//3509 3510//3510 3575//3575
f 3509//3509 3575//3575 3574//3574
f 3510//3510 3511//3511 3576//3576
f 3510//3510 3576//3576 3575//3575
f 3511//3511 3512//3512 3577//3577
f 3511//3511 3577//3577 3576//3576
f 3512//3512 3513//3513 3578//3578
f 3512//3512 3578//3578 3577//3577
f 3513//3513 3514//3514 3579//3579
f 3513//3513 3579//3579 3578//3578
f 3514//3514 3515//3515 3580//3580
f 3514//3514 3580//3580 3579//3579
f 3515//3515 3516//3516 3581//3581
f 3515//3515 3581//3581 3580//3580
f 3516//3516 3517//3517 3582//3582
f 3516//3516 3582//3582 3581//3581
f 3517//3517 3518//3518 3583//3583
f 3517//3517 3583//3583 3582//3582
f 3518//3518 3519//3519 3584//3584
f 3518//3518 3584//3584 3583//3583
f 3519//3519 3520//3520 3585//3585
f 3519//3519 3585//3585 3584//3584
f 3520//3520 3521//3521 3586//3586
f 3520//3520 3586//3586 3585//3585
f 3521//3521 3522//3522 3587//3587
f 3521//3521 3587//3587 3586//3586
f 3522//3522 3523//3523 3588//3588
f 3522//3522 3588//3588 3587//3587
f 3523//3523 3524//3524 3589//3589
f 3523//3523 3589//3589 3588//3588
f 3524//3524 3525//3525 3590//3590
f 3524//3524 3590//3590 3589//3589
f 3525//3525 3526//3526 3591//3591
f 3525//3525 3591//3591 3590//3590
f 3526//3526 3527//3527 3592//3592
f 3526//3526 3592//3592 3591//3591
f 3527//3527 3528//3528 3593//3593
f 3527//3527 3593//3593 3592//3592
f 3528//3528 3529//3529 3594//3594
f 3528//3528 3594//3594 3593//3593
f 3529//3529 3530//3530 3595//3595
f 3529//3529 3595//3595 3594//3594
f 3530//3530 3531//3531 3596//3596
f 3530//3530 3596//3596 3595//3595
f 3531//3531 3532//3532 3597//3597
f 3531//3531 3597//3597 3596//3596
f 3532//3532 3533//3533 3598//3598
f 3532//3532 3598//3598 3597//3597
f 3533//3533 3534//3534 3599//3599
f 3533//3533 3599//3599 3598//3598
f 3534//3534 3535//3535 3600//3600
f 3534//3534 3600//3600 3599//3599
f 3696//3696 3601//3601 3602//3602
f 3696//3696 3602//3602 3603//3603
f 3696//3696 3603//3603 3604//3604
f 3696//3696 3604//3604 3605//3605
f 3696//3696 3605//3605 3606//3606
f 3696//3696 3606//3606 3607//3607
f 3696//3696 3607//3607 3608//3608
f 3696//3696 3608//3608 3609//3609
f 3696//3696 3609//3609 3610//3610
f 3696//3696 3610//3610 3611//3611
f 3696//3696 3611//3611 3612//3612
f 3696//3696 3612//3612 3613//3613
f 3696//3696 3613//3613 3614//3614
f 3696//3696 3614//3614 3615//3615
f 3696//3696 3615//3615 3616//3616
f 3696//3696 3616//3616 3617//3617
f 3696//3696 3617//3617 3618//3618
f 3696//3696 3618//3618 3619//3619
f 3696//3696 3619//3619 3620//3620
f 3696//3696 3620//3620 3621//3621
f 3696//3696 3621//3621 3622//3622
f 3696//3696 3622//3622 3623//3623
f 3696//3696 3623//3623 3624//3624
f 3696//3696 3624//3624 3625//3625
f 3696//3696 3625//3625 3626//3626
f 3696//3696 3626//3626 3627//3627
f 3696//3696 3627//3627 3628//3628
f 3696//3696 3628//3628 3629//3629
f 3696//3696 3629//3629 3630//3630
f 3696//3696 3630//3630 3631//3631
f 3696//3696 3631//3631 3632//3632
f 3696//3696 3632//3632 3633//3633
f 3696//3696 3633//3633 3634//3634
f 3696//3696 3634//3634 3635//3635
f 3696//3696 3635//3635 3636//3636
f 3696//3696 3636//3636 3637//3637
f 3696//3696 3637//3637 3638//3638
f 3696//3696 3638//3638 3639//3639
f 3696//3696 3639//3639 3640//3640
f 3696//3696 3640//3640 3641//3641
f 3696//3696 3641//3641 3642//3642
f 3696//3696 3642//3642 3643//3643
f 3696//3696 3643//3643 3644//3644
f 3696//3696 3644//3644 3645//3645
f 3696//3696 3645//3645 3646//3646
f 3696//3696 3646//3646 3647//3647
f 3696//3696 3647//3647 3648//3648
f 3696//3696 3648//3648 3649//3649
f 3696//3696 3649//3649 3650//3650
f 3696//3696 3650//3650 3651//3651
f 3696//3696 3651//3651 3652//3652
f 3696//3696 3652//3652 3653//3653
f 3696//3696 3653//3653 3654//3654
f 3696//3696 3654//3654 3655//3655
f 3696//3696 3655//3655 3656//3656
f 3696//3696 3656//3656 3657//3657
f 3696//3696 3657//3657 3658//3658
f 3696//3696 3658//3658 3659//3659
f 3696//3696 3659//3659 3660//3660
f 3696//3696 3660//3660 3661//3661
f 3696//3696 3661//3661 3662//3662
f 3696//3696 3662//3662 3663//3663
f 3696//3696 3663//3663 3664//3664
f 3696//3696 3664//3664 3665//3665
f 3696//3696 3665//3665 3666//3666
f 3696//3696 3666//3666 3667//3667
f 3696//3696 3667//3667 3668//3668
f 3696//3696 3668//3668 3669//3669
f 3696//3696 3669//3669 3670//3670
f 3696//3696 3670//3670 3671//3671
f 3696//3696 3671//3671 3672//3672
f 3696//3696 3672//3672 3673//3673
f 3696//3696 3673//3673 3674//3674
f 3696//3696 3674//3674 3675//3675
f 3696//3696 3675//3675 3676//3676
f 3696//3696 3676//3676 3677//3677
f 3696//3696 3677//3677 3678//3678
f 3696//3696 3678//3678 3679//3679
f 3696//3696 3679//3679 3680//3680
f 3696//3696 3680//3680 3681//3681
f 3696//3696 3681//3681 3682//3682
f 3696//3696 3682//3682 3683//3683
f 3696//3696 3683//3683 3684//3684
f 3696//3696 3684//3684 3685//3685
f 3696//3696 3685//3685 3686//3686
f 3696//3696 3686//3686 3687//3687
f 3696//3696 3687//3687 3688//3688
f 3696//3696 3688//3688 3689//3689
f 3696//3696 3689//3689 3690//3690
f 3696//3696 3690//3690 3691//3691
f 3696//3696 3691//3691 3692//3692
f 3696//3696 3692//3692 3693//3693
f 3696//3696 3693//3693 3694//3694
f 3694//3694 3695//3695 3696//3696
f 3792//3792 3697//3697 3698//3698
f 3792//3792 3698//3698 3699//3699
f 3792//3792 3699//3699 3700//3700
f 3792//3792 3700//3700 3701//3701
f 3792//3792 3701//3701 3702//3702
f 3792//3792 3702//3702 3703//3703
f 3792//3792 3703//3703 3704//3704
f 3792//3792 3704//3704 3705//3705
f 3792//3792 3705//3705 3706//3706
f 3792//3792 3706//3706 3707//3707
f 3792//3792 3707//3707 3708//3708
f 3792//3792 3708//3708 3709//3709
f 3792//3792 3709//3709 3710//3710
f 3792//3792 3710//3710 3711//3711
f 3792//3792 3711//3711 3712//3712
f 3792//3792 3712//3712 3713//3713
f 3792//3792 3713//3713 3714//3714
f 3792//3792 3714//3714 3715//3715
f 3792//3792 3715//3715 3716//3716
f 3792//3792 3716//3716 3717//3717
f 3792//3792 3717//3717 3718//3718
f 3792//3792 3718//3718 3719//3719
f 3792//3792 3719//3719 3720//3720
f 3792//3792 3720//3720 3721//3721
f 3792//3792 3721//3721 3722//3722
f 3792//3792 3722//3722 3723//3723
f 3792//3792 3723//3723 3724//3724
f 3792//3792 3724//3724 3725//3725
f 3792//3792 3725//3725 3726//3726
f 3792//3792 3726//3726 3727//3727
f 3792//3792 3727//3727 3728//3728
f 3792//3792 3728//3728 3729//3729
f 3792//3792 3729//3729 3730//3730
f 3792//3792 3730//3730 3731//3731
f 3792//3792 3731//3731 3732//3732
f 3792//3792 3732//3732 3733//3733
f 3792//3792 3733//3733 3734//3734
f 3792//3792 3734//3734 3735//3735
f 3792//3792 3735//3735 3736//3736
f 3792//3792 3736//3736 3737//3737
f 3792//3792 3737//3737 3738//3738
f 3792//3792 3738//3738 3739//3739
f 3792//3792 3739//3739 3740//3740
f 3792//3792 3740//3740 3741//3741
f 3792//3792 3741//3741 3742//3742
f 3792//3792 3742//3742 3743//3743
f 3792//3792 3743//3743 3744//3744
f 3792//3792 3744//3744 3745//3745
f 3792//3792 3745//3745 3746//3746
f 3792//3792 3746//3746 3747//3747
f 3792//3792 3747//3747 3748//3748
f 3792//3792 3748//3748 3749//3749
f 3792//3792 3749//3749 3750//3750
f 3792//3792 3750//3750 3751//3751
f 3792//3792 3751//3751 3752//3752
f 3792//3792 3752//3752 3753//3753
f 3792//3792 3753//3753 3754//3754
f 3792//3792 3754//3754 3755//3755
f 3792//3792 3755//3755 3756//3756
f 3792//3792 3756//3756 3757//3757
f 3792//3792 3757//3757 3758//3758
f 3792//3792 3758//3758 3759//3759
f 3792//3792 3759//3759 3760//3760
f 3792//3792 3760//3760 3761//3761
f 3792//3792 3761//3761 3762//3762
f 3792//3792 3762//3762 3763//3763
f 3792//3792 3763//3763 3764//3764
f 3792//3792 3764//3764 3765//3765
f 3792//3792 3765//3765 3766//3766
f 3792//3792 3766//3766 3767//3767
f 3792//3792 3767//3767 3768//3768
f 3792//3792 3768//3768 3769//3769
f 3792//3792 3769//3769 3770//3770
f 3792//3792 3770//3770 3771//3771
f 3792//3792 3771//3771 3772//3772
f 3792//3792 3772//3772 3773//3773
f 3792//3792 3773//3773 3774//3774
f 3792//3792 3774//3774 3775//3775
f 3792//3792 3775//3775 3776//3776
f 3792//3792 3776//3776 3777//3777
f 3792//3792 3777//3777 3778//3778
f 3792//3792 3778//3778 3779//3779
f 3792//3792 3779//3779 3780//3780
f 3792//3792 3780//3780 3781//3781
f 3792//3792 3781//3781 3782//3782
f 3792//3792 3782//3782 3783//3783
f 3792//3792 3783//3783 3784//3784
f 3792//3792 3784//3784 3785//3785
f 3792//3792 3785//3785 3786//3786
f 3792//3792 3786//3786 3787//3787
f 3792//3792 3787//3787 3788//3788
f 3792//3792 3788//3788 3789//3789
f 3792//3792 3789//3789 3790//3790
f 3790//3790 3791//3791 3792//3792
o HRR
v 2.59 1.88 0.36
v 2.59065 1.88 0.374377
v 2.59267 1.88 0.389114
v 2.59618 1.88 0.404025
v 2.60123 1.88 0.418895
v 2.60787 1.88 0.433487
v 2.61608 1.88 0.447554
v 2.62578 1.88 0.460848
v 2.63686 1.88 0.473137
v 2.64915 1.88 0.484217
v 2.66245 1.88 0.493919
v 2.67651 1.88 0.502125
v 2.6911 1.88 0.508766
v 2.70597 1.88 0.513824
v 2.72089 1.88 0.517329
v 2.73562 1.88 0.519353
v 2.75 1.88 0.52
v 2.76438 1.88 0.519353
v 2.77911 1.88 0.517329
v 2.79403 1.88 0.513824
v 2.8089 1.88 0.508766
v 2.82349 1.88 0.502125
v 2.83755 1.88 0.493919
v 2.85085 1.88 0.484217
v 2.86314 1.88 0.473137
v 2.87422 1.88 0.460848
v 2.88392 1.88 0.447554
v 2.89213 1.88 0.433487
v 2.89877 1.88 0.418895
v 2.90382 1.88 0.404025
v 2.90733 1.88 0.389114
v 2.90935 1.88 0.374377
v 2.91 1.88 0.36
v 2.90935 1.88 0.345623
v 2.90733 1.88 0.330886
v 2.90382 1.88 0.315975
v 2.89877 1.88 0.301105
v 2.89213 1.88 0.286513
v 2.88392 1.88 0.272446
v 2.87422 1.88 0.259152
v 2.86314 1.88 0.246863
v 2.85085 1.88 0.235783
v 2.83755 1.88 0.226081
v 2.82349 1.88 0.217875
v 2.8089 1.88 0.211234
v 2.79403 1.88 0.206176
v 2.77911 1.88 0.202671
v 2.76438 1.88 0.200647
v 2.75 1.88 0.2
v 2.73562 1.88 0.200647
v 2.72089 1.88 0.202671
v 2.70597 1.88 0.206176
v 2.6911 1.88 0.211234
v 2.67651 1.88 0.217875
v 2.66245 1.88 0.226081
v 2.64915 1.88 0.235783
v 2.63686 1.88 0.246863
v 2.62578 1.88 0.259152
v 2.61608 1.88 0.272446
v 2.60787 1.88 0.286513
v 2.60123 1.88 0.301105
v 2.59618 1.88 0.315975
v 2.59267 1.88 0.330886
v 2.59065 1.88 0.345623
v 2.59 1.88 0.36
v 2.59 1.91 0.36
v 2.59065 1.91 0.374377
v 2.59267 1.91 0.389114
v 2.59618 1.91 0.404025
v 2.60123 1.91 0.418895
v 2.60787 1.91 0.433487
v 2.61608 1.91 0.447554
v 2.62578 1.91 0.460848
v 2.63686 1.91 0.473137
v 2.64915 1.91 0.484217
v 2.66245 1.91 0.493919
v 2.67651 1.91 0.502125
v 2.6911 1.91 0.508766
v 2.70597 1.91 0.513824
v 2.72089 1.91 0.517329
v 2.73562 1.91 0.519353
v 2.75 1.91 0.52
v 2.76438 1.91 0.519353
v 2.77911 1.91 0.517329
v 2.79403 1.91 0.513824
v 2.8089 1.91 0.508766
v 2.82349 1.91 0.502125
v 2.83755 1.91 0.493919
v 2.85085 1.91 0.484217
v 2.86314 1.91 0.473137
v 2.87422 1.91 0.460848
v 2.88392 1.91 0.447554
v 2.89213 1.91 0.433487
v 2.89877 1.91 0.418895
v 2.90382 1.91 0.404025
v 2.90733 1.91 0.389114
v 2.90935 1.91 0.374377
v 2.91 1.91 0.36
v 2.90935 1.91 0.345623
v 2.90733 1.91 0.330886
v 2.90382 1.91 0.315975
v 2.89877 1.91 0.301105
v 2.89213 1.91 0.286513
v 2.88392 1.91 0.272446
v 2.87422 1.91 0.259152
v 2.86314 1.91 0.246863
v 2.85085 1.91 0.235783
v 2.83755 1.91 0.226081
v 2.82349 1.91 0.217875
v 2.8089 1.91 0.211234
v 2.79403 1.91 0.206176
v 2.77911 1.91 0.202671
v 2.76438 1.91 0.200647
v 2.75 1.91 0.2
v 2.73562 1.91 0.200647
v 2.72089 1.91 0.202671
v 2.70597 1.91 0.206176
v 2.6911 1.91 0.211234
v 2.67651 1.91 0.217875
v 2.66245 1.91 0.226081
v 2.64915 1.91 0.235783
v 2.63686 1.91 0.246863
v 2.62578 1.91 0.259152
v 2.61608 1.91 0.272446
v 2.60787 1.91 0.286513
v 2.60123 1.91 0.301105
v 2.59618 1.91 0.315975
v 2.59267 1.91 0.330886
v 2.59065 1.91 0.345623
v 2.59 1.91 0.36
v 2.59 1.94 0.36
v 2.59065 1.94 0.374377
v 2.59267 1.94 0.389114
v 2.59618 1.94 0.404025
v 2.60123 1.94 0.418895
v 2.60787 1.94 0.433487
v 2.61608 1.94 0.447554
v 2.62578 1.94 0.460848
v 2.63686 1.94 0.473137
v 2.64915 1.94 0.484217
v 2.66245 1.94 0.493919
v 2.67651 1.94 0.502125
v 2.6911 1.94 0.508766
v 2.70597 1.94 0.513824
v 2.72089 1.94 0.517329
v 2.73562 1.94 0.519353
v 2.75 1.94 0.52
v 2.76438 1.94 0.519353
v 2.77911 1.94 0.517329
v 2.79403 1.94 0.513824
v 2.8089 1.94 0.508766
v 2.82349 1.94 0.502125
v 2.83755 1.94 0.493919
v 2.85085 1.94 0.484217
v 2.86314 1.94 0.473137
v 2.87422 1.94 0.460848
v 2.88392 1.94 0.447554
v 2.89213 1.94 0.433487
v 2.89877 1.94 0.418895
v 2.90382 1.94 0.404025
v 2.90733 1.94 0.389114
v 2.90935 1.94 0.374377
v 2.91 1.94 0.36
v 2.90935 1.94 0.345623
v 2.90733 1.94 0.330886
v 2.90382 1.94 0.315975
v 2.89877 1.94 0.301105
v 2.89213 1.94 0.286513
v 2.88392 1.94 0.272446
v 2.87422 1.94 0.259152
v 2.86314 1.94 0.246863
v 2.85085 1.94 0.235783
v 2.83755 1.94 0.226081
v 2.82349 1.94 0.217875
v 2.8089 1.94 0.211234
v 2.79403 1.94 0.206176
v 2.77911 1.94 0.202671
v 2.76438 1.94 0.200647
v 2.75 1.94 0.2
v 2.73562 1.94 0.200647
v 2.72089 1.94 0.202671
v 2.70597 1.94 0.206176
v 2.6911 1.94 0.211234
v 2.67651 1.94 0.217875
v 2.66245 1.94 0.226081
v 2.64915 1.94 0.235783
v 2.63686 1.94 0.246863
v 2.62578 1.94 0.259152
v 2.61608 1.94 0.272446
v 2.60787 1.94 0.286513
v 2.60123 1.94 0.301105
v 2.59618 1.94 0.315975
v 2.59267 1.94 0.330886
v 2.59065 1.94 0.345623
v 2.59 1.94 0.36
v 2.59 1.88 0.36
v 2.59065 1.88 0.345623
v 2.59267 1.88 0.330886
v 2.59618 1.88 0.315975
v 2.60123 1.88 0.301105
v 2.60436 1.88 0.293759
v 2.60787 1.88 0.286513
v 2.61179 1.88 0.279398
v 2.61608 1.88 0.272446
v 2.62075 1.88 0.265688
v 2.62578 1.88 0.259152
v 2.63116 1.88 0.252868
v 2.63686 1.88 0.246863
v 2.64287 1.88 0.241161
v 2.64915 1.88 0.235783
v 2.65569 1.88 0.230751
v 2.66245 1.88 0.226081
v 2.6694 1.88 0.221785
v 2.67651 1.88 0.217875
v 2.68376 1.88 0.214356
v 2.6911 1.88 0.211234
v 2.70597 1.88 0.206176
v 2.72089 1.88 0.202671
v 2.73562 1.88 0.200647
v 2.75 1.88 0.2
v 2.76438 1.88 0.200647
v 2.77911 1.88 0.202671
v 2.79403 1.88 0.206176
v 2.8089 1.88 0.211234
v 2.81624 1.88 0.214356
v 2.82349 1.88 0.217875
v 2.8306 1.88 0.221785
v 2.83755 1.88 0.226081
v 2.84431 1.88 0.230751
v 2.85085 1.88 0.235783
v 2.85713 1.88 0.241161
v 2.86314 1.88 0.246863
v 2.86884 1.88 0.252868
v 2.87422 1.88 0.259152
v 2.87925 1.88 0.265688
v 2.88392 1.88 0.272446
v 2.88821 1.88 0.279398
v 2.89213 1.88 0.286513
v 2.89564 1.88 0.293759
v 2.89877 1.88 0.301105
v 2.90382 1.88 0.315975
v 2.90733 1.88 0.330886
v 2.90935 1.88 0.345623
v 2.91 1.88 0.36
v 2.90935 1.88 0.374377
v 2.90733 1.88 0.389114
v 2.90382 1.88 0.404025
v 2.89877 1.88 0.418895
v 2.89564 1.88 0.426241
v 2.89213 1.88 0.433487
v 2.88821 1.88 0.440602
v 2.88392 1.88 0.447554
v 2.87925 1.88 0.454312
v 2.87422 1.88 0.460848
v 2.86884 1.88 0.467132
v 2.86314 1.88 0.473137
v 2.85713 1.88 0.478839
v 2.85085 1.88 0.484217
v 2.84431 1.88 0.489249
v 2.83755 1.88 0.493919
v 2.8306 1.88 0.498215
v 2.82349 1.88 0.502125
v 2.81624 1.88 0.505644
v 2.8089 1.88 0.508766
v 2.79403 1.88 0.513824
v 2.77911 1.88 0.517329
v 2.76438 1.88 0.519353
v 2.75 1.88 0.52
v 2.73562 1.88 0.519353
v 2.72089 1.88 0.517329
v 2.70597 1.88 0.513824
v 2.6911 1.88 0.508766
v 2.68376 1.88 0.505644
v 2.67651 1.88 0.502125
v 2.6694 1.88 0.498215
v 2.66245 1.88 0.493919
v 2.65569 1.88 0.489249
v 2.64915 1.88 0.484217
v 2.64287 1.88 0.478839
v 2.63686 1.88 0.473137
v 2.63116 1.88 0.467132
v 2.62578 1.88 0.460848
v 2.62075 1.88 0.454312
v 2.61608 1.88 0.447554
v 2.61179 1.88 0.440602
v 2.60787 1.88 0.433487
v 2.60436 1.88 0.426241
v 2.60123 1.88 0.418895
v 2.59618 1.88 0.404025
v 2.59267 1.88 0.389114
v 2.59065 1.88 0.374377
v 2.59 1.94 0.36
v 2.59065 1.94 0.374377
v 2.59267 1.94 0.389114
v 2.59618 1.94 0.404025
v 2.60123 1.94 0.418895
v 2.60436 1.94 0.426241
v 2.60787 1.94 0.433487
v 2.61179 1.94 0.440602
v 2.61608 1.94 0.447554
v 2.62075 1.94 0.454312
v 2.62578 1.94 0.460848
v 2.63116 1.94 0.467132
v 2.63686 1.94 0.473137
v 2.64287 1.94 0.478839
v 2.64915 1.94 0.484217
v 2.65569 1.94 0.489249
v 2.66245 1.94 0.493919
v 2.6694 1.94 0.498215
v 2.67651 1.94 0.502125
v 2.68376 1.94 0.505644
v 2.6911 1.94 0.508766
v 2.70597 1.94 0.513824
v 2.72089 1.94 0.517329
v 2.73562 1.94 0.519353
v 2.75 1.94 0.52
v 2.76438 1.94 0.519353
v 2.77911 1.94 0.517329
v 2.79403 1.94 0.513824
v 2.8089 1.94 0.508766
v 2.81624 1.94 0.505644
v 2.82349 1.94 0.502125
v 2.8306 1.94 0.498215
v 2.83755 1.94 0.493919
v 2.84431 1.94 0.489249
v 2.85085 1.94 0.484217
v 2.85713 1.94 0.478839
v 2.86314 1.94 0.473137
v 2.86884 1.94 0.467132
v 2.87422 1.94 0.460848
v 2.87925 1.94 0.454312
v 2.88392 1.94 0.447554
v 2.88821 1.94 0.440602
v 2.89213 1.94 0.433487
v 2.89564 1.94 0.426241
v 2.89877 1.94 0.418895
v 2.90382 1.94 0.404025
v 2.90733 1.94 0.389114
v 2.90935 1.94 0.374377
v 2.91 1.94 0.36
v 2.90935 1.94 0.345623
v 2.90733 1.94 0.330886
v 2.90382 1.94 0.315975
v 2.89877 1.94 0.301105
v 2.89564 1.94 0.293759
v 2.89213 1.94 0.286513
v 2.88821 1.94 0.279398
v 2.88392 1.94 0.272446
v 2.87925 1.94 0.265688
v 2.87422 1.94 0.259152
v 2.86884 1.94 0.252868
v 2.86314 1.94 0.246863
v 2.85713 1.94 0.241161
v 2.85085 1.94 0.235783
v 2.84431 1.94 0.230751
v 2.83755 1.94 0.226081
v 2.8306 1.94 0.221785
v 2.82349 1.94 0.217875
v 2.81624 1.94 0.214356
v 2.8089 1.94 0.211234
v 2.79403 1.94 0.206176
v 2.77911 1.94 0.202671
v 2.76438 1.94 0.200647
v 2.75 1.94 0.2
v 2.73562 1.94 0.200647
v 2.72089 1.94 0.202671
v 2.70597 1.94 0.206176
v 2.6911 1.94 0.211234
v 2.68376 1.94 0.214356
v 2.67651 1.94 0.217875
v 2.6694 1.94 0.221785
v 2.66245 1.94 0.226081
v 2.65569 1.94 0.230751
v 2.64915 1.94 0.235783
v 2.64287 1.94 0.241161
v 2.63686 1.94 0.246863
v 2.63116 1.94 0.252868
v 2.62578 1.94 0.259152
v 2.62075 1.94 0.265688
v 2.61608 1.94 0.272446
v 2.61179 1.94 0.279398
v 2.60787 1.94 0.286513
v 2.60436 1.94 0.293759
v 2.60123 1.94 0.301105
v 2.59618 1.94 0.315975
v 2.59267 1.94 0.330886
v 2.59065 1.94 0.345623
vn -1 0 9.81308e-16
vn -0.995955 0 0.0898544
vn -0.983305 0 0.181963
vn -0.961399 0 0.275158
vn -0.929788 0 0.368095
vn -0.888284 0 0.459295
vn -0.836996 0 0.54721
vn -0.776353 0 0.630298
vn -0.707107 0 0.707107
vn -0.630298 0 0.776353
vn -0.54721 0 0.836996
vn -0.459295 0 0.888284
vn -0.368095 0 0.929788
vn -0.275158 0 0.961399
vn -0.181963 0 0.983305
vn -0.0898544 0 0.995955
vn -2.45327e-16 0 1
vn 0.0898544 -0 0.995955
vn 0.181963 -0 0.983305
vn 0.275158 -0 0.961399
vn 0.368095 -0 0.929788
vn 0.459295 -0 0.888284
vn 0.54721 -0 0.836996
vn 0.630298 -0 0.776353
vn 0.707107 -0 0.707107
vn 0.776353 -0 0.630298
vn 0.836996 -0 0.54721
vn 0.888284 -0 0.459295
vn 0.929788 -0 0.368095
vn 0.961399 -0 0.275158
vn 0.983305 -0 0.181963
vn 0.995955 -0 0.0898544
vn 1 -0 0
vn 0.995955 0 -0.0898544
vn 0.983305 0 -0.181963
vn 0.961399 0 -0.275158
vn 0.929788 0 -0.368095
vn 0.888284 0 -0.459295
vn 0.836996 0 -0.54721
vn 0.776353 0 -0.630298
vn 0.707107 0 -0.707107
vn 0.630298 0 -0.776353
vn 0.54721 0 -0.836996
vn 0.459295 0 -0.888284
vn 0.368095 0 -0.929788
vn 0.275158 0 -0.961399
vn 0.181963 0 -0.983305
vn 0.0898544 0 -0.995955
vn 1.22663e-16 0 -1
vn -0.0898544 0 -0.995955
vn -0.181963 0 -0.983305
vn -0.275158 0 -0.961399
vn -0.368095 0 -0.929788
vn -0.459295 0 -0.888284
vn -0.54721 0 -0.836996
vn -0.630298 0 -0.776353
vn -0.707107 0 -0.707107
vn -0.776353 0 -0.630298
vn -0.836996 0 -0.54721
vn -0.888284 0 -0.459295
vn -0.929788 0 -0.368095
vn -0.961399 0 -0.275158
vn -0.983305 0 -0.181963
vn -0.995955 0 -0.0898544
vn -1 0 -9.81308e-16
vn -1 0 1.96262e-15
vn -0.995955 0 0.0898544
vn -0.983305 0 0.181963
vn -0.961399 0 0.275158
vn -0.929788 0 0.368095
vn -0.888284 0 0.459295
vn -0.836996 0 0.54721
vn -0.776353 0 0.630298
vn -0.707107 0 0.707107
vn -0.630298 0 0.776353
vn -0.54721 0 0.836996
vn -0.459295 0 0.888284
vn -0.368095 0 0.929788
vn -0.275158 0 0.961399
vn -0.181963 0 0.983305
vn -0.0898544 0 0.995955
vn -4.90654e-16 0 1
vn 0.0898544 -0 0.995955
vn 0.181963 -0 0.983305
vn 0.275158 -0 0.961399
vn 0.368095 -0 0.929788
vn 0.459295 -0 0.888284
vn 0.54721 -0 0.836996
vn 0.630298 -0 0.776353
vn 0.707107 -0 0.707107
vn 0.776353 -0 0.630298
vn 0.836996 -0 0.54721
vn 0.888284 -0 0.459295
vn 0.929788 -0 0.368095
vn 0.961399 -0 0.275158
vn 0.983305 -0 0.181963
vn 0.995955 -0 0.0898544
vn 1 -0 9.81308e-16
vn 0.995955 0 -0.0898544
vn 0.983305 0 -0.181963
vn 0.961399 0 -0.275158
vn 0.929788 0 -0.368095
vn 0.888284 0 -0.459295
vn 0.836996 0 -0.54721
vn 0.776353 0 -0.630298
vn 0.707107 0 -0.707107
vn 0.630298 0 -0.776353
vn 0.54721 0 -0.836996
vn 0.459295 0 -0.888284
vn 0.368095 0 -0.929788
vn 0.275158 0 -0.961399
vn 0.181963 0 -0.983305
vn 0.0898544 0 -0.995955
vn 0 0 -1
vn -0.0898544 0 -0.995955
vn -0.181963 0 -0.983305
vn -0.275158 0 -0.961399
vn -0.368095 0 -0.929788
vn -0.459295 0 -0.888284
vn -0.54721 0 -0.836996
vn -0.630298 0 -0.776353
vn -0.707107 0 -0.707107
vn -0.776353 0 -0.630298
vn -0.836996 0 -0.54721
vn -0.888284 0 -0.459295
vn -0.929788 0 -0.368095
vn -0.961399 0 -0.275158
vn -0.983305 0 -0.181963
vn -0.995955 0 -0.0898544
vn -1 0 -9.81308e-16
vn -1 0 9.81308e-16
vn -0.995955 0 0.0898544
vn -0.983305 0 0.181963
vn -0.961399 0 0.275158
vn -0.929788 0 0.368095
vn -0.888284 0 0.459295
vn -0.836996 0 0.54721
vn -0.776353 0 0.630298
vn -0.707107 0 0.707107
vn -0.630298 0 0.776353
vn -0.54721 0 0.836996
vn -0.459295 0 0.888284
vn -0.368095 0 0.929788
vn -0.275158 0 0.961399
vn -0.181963 0 0.983305
vn -0.0898544 0 0.995955
vn -2.45327e-16 0 1
vn 0.0898544 -0 0.995955
vn 0.181963 -0 0.983305
vn 0.275158 -0 0.961399
vn 0.368095 -0 0.929788
vn 0.459295 -0 0.888284
vn 0.54721 -0 0.836996
vn 0.630298 -0 0.776353
vn 0.707107 -0 0.707107
vn 0.776353 -0 0.630298
vn 0.836996 -0 0.54721
vn 0.888284 -0 0.459295
vn 0.929788 -0 0.368095
vn 0.961399 -0 0.275158
vn 0.983305 -0 0.181963
vn 0.995955 -0 0.0898544
vn 1 -0 0
vn 0.995955 0 -0.0898544
vn 0.983305 0 -0.181963
vn 0.961399 0 -0.275158
vn 0.929788 0 -0.368095
vn 0.888284 0 -0.459295
vn 0.836996 0 -0.54721
vn 0.776353 0 -0.630298
vn 0.707107 0 -0.707107
vn 0.630298 0 -0.776353
vn 0.54721 0 -0.836996
vn 0.459295 0 -0.888284
vn 0.368095 0 -0.929788
vn 0.275158 0 -0.961399
vn 0.181963 0 -0.983305
vn 0.0898544 0 -0.995955
vn 1.22663e-16 0 -1
vn -0.0898544 0 -0.995955
vn -0.181963 0 -0.983305
vn -0.275158 0 -0.961399
vn -0.368095 0 -0.929788
vn -0.459295 0 -0.888284
vn -0.54721 0 -0.836996
vn -0.630298 0 -0.776353
vn -0.707107 0 -0.707107
vn -0.776353 0 -0.630298
vn -0.836996 0 -0.54721
vn -0.888284 0 -0.459295
vn -0.929788 0 -0.368095
vn -0.961399 0 -0.275158
vn -0.983305 0 -0.181963
vn -0.995955 0 -0.0898544
vn -1 0 -9.81308e-16
vn 2.66454e-17 -1 0
vn 2.66454e-17 -1 0
vn 2.66454e-17 -1 0
vn 0 -1 0
vn 0 -1 0
vn 0 -1 0
vn 2.08722e-16 -1 0
vn 2.66454e-17 -1 0
vn -2.08722e-16 -1 0
vn 1.95399e-16 -1 0
vn 4.30767e-16 -1 0
vn 1.33227e-17 -1 0
vn -1.33227e-17 -1 0
vn 6.4615e-16 -1 0
vn -1.04361e-16 -1 0
vn 6.4615e-16 -1 0
vn 2.08722e-16 -1 0
vn 1.9984e-17 -1 0
vn -5.41789e-16 -1 0
vn 1.07692e-16 -1 0
vn -4.40759e-16 -1 0
vn -1.66533e-16 -1 0
vn -9.10383e-17 -1 0
vn -3.13083e-16 -1 0
vn 7.21645e-17 -1 0
vn -3.36398e-16 -1 0
vn -2.28706e-16 -1 0
vn -1.43219e-16 -1 0
vn 3.91909e-16 -1 0
vn 0 -1 0
vn -5.41789e-16 -1 0
vn -1.17684e-16 -1 0
vn 2.22045e-16 -1 0
vn -2.08722e-16 -1 0
vn -2.02061e-16 -1 0
vn -2.08722e-16 -1 0
vn -1.33227e-17 -1 0
vn 2.66454e-17 -1 0
vn -4.30767e-16 -1 0
vn 2.66454e-17 -1 0
vn -2.35367e-16 -1 0
vn -2.22045e-16 -1 0
vn -2.22045e-16 -1 0
vn 1.33227e-17 -1 0
vn 2.66454e-17 -1 0
vn 0 -1 0
vn 2.66454e-17 -1 0
vn 2.66454e-17 -1 0
vn 0 -1 0
vn 2.66454e-17 -1 0
vn 2.66454e-17 -1 0
vn 0 -1 0
vn 0 -1 0
vn -2.66454e-17 -1 0
vn 0 -1 0
vn 1.27898e-15 -1 0
vn -4.44089e-16 -1 0
vn -8.34888e-16 -1 0
vn 0 -1 0
vn 8.88178e-16 -1 0
vn 0 -1 0
vn 8.34888e-16 -1 0
vn 0 -1 0
vn -8.34888e-16 -1 0
vn 0 -1 0
vn 0 -1 0
vn 0 -1 0
vn 0 -1 0
vn 0 -1 0
vn 0 -1 0
vn 0 -1 0
vn 0 -1 0
vn 0 -1 0
vn 0 -1 0
vn 0 -1 0
vn 0 -1 0
vn 8.88178e-16 -1 0
vn 0 -1 0
vn 0 -1 0
vn 0 -1 0
vn 0 -1 0
vn 0 -1 0
vn 0 -1 0
vn 0 -1 0
vn 0 -1 0
vn 8.88178e-16 -1 0
vn -8.34888e-16 -1 0
vn -8.34888e-16 -1 0
vn -4.44089e-16 -1 0
vn 4.44089e-16 -1 0
vn -4.44089e-16 -1 0
vn 4.44089e-16 -1 0
vn 2.66454e-17 -1 0
vn 2.66454e-17 -1 0
vn 0 -1 0
vn -4.44089e-16 -1 0
vn -9.86076e-32 1 8.88178e-16
vn 0 1 1.77636e-15
vn 1.33227e-17 1 8.88178e-16
vn -4.44089e-16 1 1.77636e-15
vn -4.44089e-16 1 8.88178e-16
vn -8.74856e-16 1 8.88178e-16
vn 0 1 8.88178e-16
vn 0 1 8.88178e-16
vn 0 1 8.88178e-16
vn -8.61533e-16 1 8.88178e-16
vn 0 1 1.77636e-15
vn 0 1 8.88178e-16
vn 0 1 8.88178e-16
vn 0 1 8.88178e-16
vn 0 1 8.88178e-16
vn 8.88178e-16 1 8.88178e-16
vn 0 1 8.88178e-16
vn 0 1 8.88178e-16
vn 0 1 1.33227e-15
vn 0 1 1.33227e-15
vn 0 1 8.88178e-16
vn 0 1 1.33227e-15
vn 0 1 1.33227e-15
vn 0 1 8.88178e-16
vn 0 1 8.88178e-16
vn 0 1 8.88178e-16
vn 0 1 8.88178e-16
vn 0 1 1.33227e-15
vn 0 1 1.33227e-15
vn 0 1 1.11022e-15
vn 0 1 1.33227e-15
vn 0 1 1.33227e-15
vn 0 1 1.11022e-15
vn -8.61533e-16 1 1.11022e-15
vn 0 1 1.11022e-15
vn 0 1 1.11022e-15
vn 0 1 1.9984e-15
vn -8.88178e-16 1 1.11022e-15
vn 0 1 1.11022e-15
vn -8.61533e-16 1 9.99201e-16
vn 0 1 1.9984e-15
vn 0 1 9.99201e-16
vn 0 1 9.99201e-16
vn -8.74856e-16 1 1.88738e-15
vn 0 1 1.83187e-15
vn -4.44089e-16 1 1.83187e-15
vn 1.33227e-17 1 9.99201e-16
vn -4.44089e-16 1 9.99201e-16
vn 0 1 1.83187e-15
vn 0 1 9.4369e-16
vn 4.44089e-16 1 9.99201e-16
vn 1.33227e-17 1 9.4369e-16
vn 1.33227e-17 1 1.83187e-15
vn 2.28706e-16 1 9.99201e-16
vn 4.44089e-16 1 9.99201e-16
vn 4.30767e-16 1 9.99201e-16
vn -6.52811e-16 1 1.11022e-15
vn 4.37428e-16 1 9.99201e-16
vn -6.66134e-18 1 1.11022e-15
vn 6.66134e-18 1 1.9984e-15
vn -1.11022e-16 1 1.11022e-15
vn 2.12053e-16 1 1.11022e-15
vn 6.59472e-16 1 1.11022e-15
vn 6.56142e-16 1 1.33227e-15
vn -7.67164e-16 1 1.11022e-15
vn 3.23075e-16 1 1.33227e-15
vn -3.33067e-16 1 1.33227e-15
vn -1.66533e-18 1 1.33227e-15
vn 1.58207e-16 1 1.33227e-15
vn -9.9365e-17 1 8.88178e-16
vn -5.46785e-16 1 1.77636e-15
vn -2.2371e-16 1 8.88178e-16
vn 8.32667e-18 1 8.88178e-16
vn -1.71529e-16 1 8.88178e-16
vn -5.46785e-16 1 1.33227e-15
vn -9.9365e-17 1 1.33227e-15
vn 1.68199e-16 1 1.33227e-15
vn -1.66533e-18 1 1.33227e-15
vn 5.4512e-16 1 1.33227e-15
vn -5.4845e-16 1 8.88178e-16
vn -7.67164e-16 1 1.77636e-15
vn -2.15383e-16 1 8.88178e-16
vn -1.04361e-16 1 1.77636e-15
vn 2.28706e-16 1 8.88178e-16
vn -1.11022e-16 1 1.77636e-15
vn 1.33227e-17 1 8.88178e-16
vn -6.52811e-16 1 8.88178e-16
vn 4.30767e-16 1 1.77636e-15
vn 2.15383e-16 1 8.88178e-16
vn 4.37428e-16 1 8.88178e-16
vn 4.44089e-16 1 8.88178e-16
vn 2.28706e-16 1 8.88178e-16
vn 9.86076e-32 1 8.88178e-16
vn 0 1 1.77636e-15
vn 4.44089e-16 1 8.88178e-16
vn 1.33227e-17 1 1.77636e-15
g HRR_chrome
usemtl chrome
f 3793//3793 3794//3794 3859//3859
f 3793//3793 3859//3859 3858//3858
f 3794//3794 3795//3795 3860//3860
f 3794//3794 3860//3860 3859//3859
f 3795//3795 3796//3796 3861//3861
f 3795//3795 3861//3861 3860//3860
f 3796//3796 3797//3797 3862//3862
f 3796//3796 3862//3862 3861//3861
f 3797//3797 3798//3798 3863//3863
f 3797//3797 3863//3863 3862//3862
f 3798//3798 3799//3799 3864//3864
f 3798//3798 3864//3864 3863//3863
f 3799//3799 3800//3800 3865//3865
f 3799//3799 3865//3865 3864//3864
f 3800//3800 3801//3801 3866//3866
f 3800//3800 3866//3866 3865//3865
f 3801//3801 3802//3802 3867//3867
f 3801//3801 3867//3867 3866//3866
f 3802//3802 3803//3803 3868//3868
f 3802//3802 3868//3868 3867//3867
f 3803//3803 3804//3804 3869//3869
f 3803//3803 3869//3869 3868//3868
f 3804//3804 3805//3805 3870//3870
f 3804//3804 3870//3870 3869//3869
f 3805//3805 3806//3806 3871//3871
f 3805//3805 3871//3871 3870//3870
f 3806//3806 3807//3807 3872//3872
f 3806//3806 3872//3872 3871//3871
f 3807//3807 3808//3808 3873//3873
f 3807//3807 3873//3873 3872//3872
f 3808//3808 3809//3809 3874//3874
f 3808//3808 3874//3874 3873//3873
f 3809//3809 3810//3810 3875//3875
f 3809//3809 3875//3875 3874//3874
f 3810//3810 3811//3811 3876//3876
f 3810//3810 3876//3876 3875//3875
f 3811//3811 3812//3812 3877//3877
f 3811//3811 3877//3877 3876//3876
f 3812//3812 3813//3813 3878//3878
f 3812//3812 3878//3878 3877//3877
f 3813//3813 3814//3814 3879//3879
f 3813//3813 3879//3879 3878//3878
f 3814//3814 3815//3815 3880//3880
f 3814//3814 3880//3880 3879//3879
f 3815//3815 3816//3816 3881//3881
f 3815//3815 3881//3881 3880//3880
f 3816//3816 3817//3817 3882//3882
f 3816//3816 3882//3882 3881//3881
f 3817//3817 3818//3818 3883//3883
f 3817//3817 3883//3883 3882//3882
f 3818//3818 3819//3819 3884//3884
f 3818//3818 3884//3884 3883//3883
f 3819//3819 3820//3820 3885//3885
f 3819//3819 3885//3885 3884//3884
f 3820//3820 3821//3821 3886//3886
f 3820//3820 3886//3886 3885//3885
f 3821//3821 3822//3822 3887//3887
f 3821//3821 3887//3887 3886//3886
f 3822//3822 3823//3823 3888//3888
f 3822//3822 3888//3888 3887//3887
f 3823//3823 3824//3824 3889//3889
f 3823//3823 3889//3889 3888//3888
f 3824//3824 3825//3825 3890//3890
f 3824//3824 3890//3890 3889//3889
f 3825//3825 3826//3826 3891//3891
f 3825//3825 3891//3891 3890//3890
f 3826//3826 3827//3827 3892//3892
f 3826//3826 3892//3892 3891//3891
f 3827//3827 3828//3828 3893//3893
f 3827//3827 3893//3893 3892//3892
f 3828//3828 3829//3829 3894//3894
f 3828//3828 3894//3894 3893//3893
f 3829//3829 3830//3830 3895//3895
f 3829//3829 3895//3895 3894//3894
f 3830//3830 3831//3831 3896//3896
f 3830//3830 3896//3896 3895//3895
f 3831//3831 3832//3832 3897//3897
f 3831//3831 3897//3897 3896//3896
f 3832//3832 3833//3833 3898//3898
f 3832//3832 3898//3898 3897//3897
f 3833//3833 3834//3834 3899//3899
f 3833//3833 3899//3899 3898//3898
f 3834//3834 3835//3835 3900//3900
f 3834//3834 3900//3900 3899//3899
f 3835//3835 3836//3836 3901//3901
f 3835//3835 3901//3901 3900//3900
f 3836//3836 3837//3837 3902//3902
f 3836//3836 3902//3902 3901//3901
f 3837//3837 3838//3838 3903//3903
f 3837//3837 3903//3903 3902//3902
f 3838//3838 3839//3839 3904//3904
f 3838//3838 3904//3904 3903//3903
f 3839//3839 3840//3840 3905//3905
f 3839//3839 3905//3905 3904//3904
f 3840//3840 3841//3841 3906//3906
f 3840//3840 3906//3906 3905//3905
f 3841//3841 3842//3842 3907//3907
f 3841//3841 3907//3907 3906//3906
f 3842//3842 3843//3843 3908//3908
f 3842//3842 3908//3908 3907//3907
f 3843//3843 3844//3844 3909//3909
f 3843//3843 3909//3909 3908//3908
f 3844//3844 3845//3845 3910//3910
f 3844//3844 3910//3910 3909//3909
f 3845//3845 3846//3846 3911//3911
f 3845//3845 3911//3911 3910//3910
f 3846//3846 3847//3847 3912//3912
f 3846//3846 3912//3912 3911//3911
f 3847//3847 3848//3848 3913//3913
f 3847//3847 3913//3913 3912//3912
f 3848//3848 3849//3849 3914//3914
f 3848//3848 3914//3914 3913//3913
f 3849//3849 3850//3850 3915//3915
f 3849//3849 3915//3915 3914//3914
f 3850//3850 3851//3851 3916//3916
f 3850//3850 3916//3916 3915//3915
f 3851//3851 3852//3852 3917//3917
f 3851//3851 3917//3917 3916//3916
f 3852//3852 3853//3853 3918//3918
f 3852//3852 3918//3918 3917//3917
f 3853//3853 3854//3854 3919//3919
f 3853//3853 3919//3919 3918//3918
f 3854//3854 3855//3855 3920//3920
f 3854//3854 3920//3920 3919//3919
f 3855//3855 3856//3856 3921//3921
f 3855//3855 3921//3921 3920//3920
f 3856//3856 3857//3857 3922//3922
f 3856//3856 3922//3922 3921//3921
f 3858//3858 3859//3859 3924//3924
f 3858//3858 3924//3924 3923//3923
f 3859//3859 3860//3860 3925//3925
f 3859//3859 3925//3925 3924//3924
f 3860//3860 3861//3861 3926//3926
f 3860//3860 3926//3926 3925//3925
f 3861//3861 3862//3862 3927//3927
f 3861//3861 3927//3927 3926//3926
f 3862//3862 3863//3863 3928//3928
f 3862//3862 3928//3928 3927//3927
f 3863//3863 3864//3864 3929//3929
f 3863//3863 3929//3929 3928//3928
f 3864//3864 3865//3865 3930//3930
f 3864//3864 3930//3930 3929//3929
f 3865//3865 3866//3866 3931//3931
f 3865//3865 3931//3931 3930//3930
f 3866//3866 3867//3867 3932//3932
f 3866//3866 3932//3932 3931//3931
f 3867//3867 3868//3868 3933//3933
f 3867//3867 3933//3933 3932//3932
f 3868//3868 3869//3869 3934//3934
f 3868//3868 3934//3934 3933//3933
f 3869//3869 3870//3870 3935//3935
f 3869//3869 3935//3935 3934//3934
f 3870//3870 3871//3871 3936//3936
f 3870//3870 3936//3936 3935//3935
f 3871//3871 3872//3872 3937//3937
f 3871//3871 3937//3937 3936//3936
f 3872//3872 3873//3873 3938//3938
f 3872//3872 3938//3938 3937//3937
f 3873//3873 3874//3874 3939//3939
f 3873//3873 3939//3939 3938//3938
f 3874//3874 3875//3875 3940//3940
f 3874//3874 3940//3940 3939//3939
f 3875//3875 3876//3876 3941//3941
f 3875//3875 3941//3941 3940//3940
f 3876//3876 3877//3877 3942//3942
f 3876//3876 3942//3942 3941//3941
f 3877//3877 3878//3878 3943//3943
f 3877//3877 3943//3943 3942//3942
f 3878//3878 3879//3879 3944//3944
f 3878//3878 3944//3944 3943//3943
f 3879//3879 3880//3880 3945//3945
f 3879//3879 3945//3945 3944//3944
f 3880//3880 3881//3881 3946//3946
f 3880//3880 3946//3946 3945//3945
f 3881//3881 3882//3882 3947//3947
f 3881//3881 3947//3947 3946//3946
f 3882//3882 3883//3883 3948//3948
f 3882//3882 3948//3948 3947//3947
f 3883//3883 3884//3884 3949//3949
f 3883//3883 3949//3949 3948//3948
f 3884//3884 3885//3885 3950//3950
f 3884//3884 3950//3950 3949//3949
f 3885//3885 3886//3886 3951//3951
f 3885//3885 3951//3951 3950//3950
f 3886//3886 3887//3887 3952//3952
f 3886//3886 3952//3952 3951//3951
f 3887//3887 3888//3888 3953//3953
f 3887//3887 3953//3953 3952//3952
f 3888//3888 3889//3889 3954//3954
f 3888//3888 3954//3954 3953//3953
f 3889//3889 3890//3890 3955//3955
f 3889//3889 3955//3955 3954//3954
f 3890//3890 3891//3891 3956//3956
f 3890//3890 3956//3956 3955//3955
f 3891//3891 3892//3892 3957//3957
f 3891//3891 3957//3957 3956//3956
f 3892//3892 3893//3893 3958//3958
f 3892//3892 3958//3958 3957//3957
f 3893//3893 3894//3894 3959//3959
f 3893//3893 3959//3959 3958//3958
f 3894//3894 3895//3895 3960//3960
f 3894//3894 3960//3960 3959//3959
f 3895//3895 3896//3896 3961//3961
f 3895//3895 3961//3961 3960//3960
f 3896//3896 3897//3897 3962//3962
f 3896//3896 3962//3962 3961//3961
f 3897//3897 3898//3898 3963//3963
f 3897//3897 3963//3963 3962//3962
f 3898//3898 3899//3899 3964//3964
f 3898//3898 3964//3964 3963//3963
f 3899//3899 3900//3900 3965//3965
f 3899//3899 3965//3965 3964//3964
f 3900//3900 3901//3901 3966//3966
f 3900//3900 3966//3966 3965//3965
f 3901//3901 3902//3902 3967//3967
f 3901//3901 3967//3967 3966//3966
f 3902//3902 3903//3903 3968//3968
f 3902//3902 3968//3968 3967//3967
f 3903//3903 3904//3904 3969//3969
f 3903//3903 3969//3969 3968//3968
f 3904//3904 3905//3905 3970//3970
f 3904//3904 3970//3970 3969//3969
f 3905//3905 3906//3906 3971//3971
f 3905//3905 3971//3971 3970//3970
f 3906//3906 3907//3907 3972//3972
f 3906//3906 3972//3972 3971//3971
f 3907//3907 3908//3908 3973//3973
f 3907//3907 3973//3973 3972//3972
f 3908//3908 3909//3909 3974//3974
f 3908//3908 3974//3974 3973//3973
f 3909//3909 3910//3910 3975//3975
f 3909//3909 3975//3975 3974//3974
f 3910//3910 3911//3911 3976//3976
f 3910//3910 3976//3976 3975//3975
f 3911//3911 3912//3912 3977//3977
f 3911//3911 3977//3977 3976//3976
f 3912//3912 3913//3913 3978//3978
f 3912//3912 3978//3978 3977//3977
f 3913//3913 3914//3914 3979//3979
f 3913//3913 3979//3979 3978//3978
f 3914//3914 3915//3915 3980//3980
f 3914//3914 3980//3980 3979//3979
f 3915//3915 3916//3916 3981//3981
f 3915//3915 3981//3981 3980//3980
f 3916//3916 3917//3917 3982//3982
f 3916//3916 3982//3982 3981//3981
f 3917//3917 3918//3918 3983//3983
f 3917//3917 3983//3983 3982//3982
f 3918//3918 3919//3919 3984//3984
f 3918//3918 3984//3984 3983//3983
f 3919//3919 3920//3920 3985//3985
f 3919//3919 3985//3985 3984//3984
f 3920//3920 3921//3921 3986//3986
f 3920//3920 3986//3986 3985//3985
f 3921//3921 3922//3922 3987//3987
f 3921//3921 3987//3987 3986//3986
f 4083//4083 3988//3988 3989//3989
f 4083//4083 3989//3989 3990//3990
f 4083//4083 3990//3990 3991//3991
f 4083//4083 3991//3991 3992//3992
f 4083//4083 3992//3992 3993//3993
f 4083//4083 3993//3993 3994//3994
f 4083//4083 3994//3994 3995//3995
f 4083//4083 3995//3995 3996//3996
f 4083//4083 3996//3996 3997//3997
f 4083//4083 3997//3997 3998//3998
f 4083//4083 3998//3998 3999//3999
f 4083//4083 3999//3999 4000//4000
f 4083//4083 4000//4000 4001//4001
f 4083//4083 4001//4001 4002//4002
f 4083//4083 4002//4002 4003//4003
f 4083//4083 4003//4003 4004//4004
f 4083//4083 4004//4004 4005//4005
f 4083//4083 4005//4005 4006//4006
f 4083//4083 4006//4006 4007//4007
f 4083//4083 4007//4007 4008//4008
f 4083//4083 4008//4008 4009//4009
f 4083//4083 4009//4009 4010//4010
f 4083//4083 4010//4010 4011//4011
f 4083//4083 4011//4011 4012//4012
f 4083//4083 4012//4012 4013//4013
f 4083//4083 4013//4013 4014//4014
f 4083//4083 4014//4014 4015//4015
f 4083//4083 4015//4015 4016//4016
f 4083//4083 4016//4016 4017//4017
f 4083//4083 4017//4017 4018//4018
f 4083//4083 4018//4018 4019//4019
f 4083//4083 4019//4019 4020//4020
f 4083//4083 4020//4020 4021//4021
f 4083//4083 4021//4021 4022//4022
f 4083//4083 4022//4022 4023//4023
f 4083//4083 4023//4023 4024//4024
f 4083//4083 4024//4024 4025//4025
f 4083//4083 4025//4025 4026//4026
f 4083//4083 4026//4026 4027//4027
f 4083//4083 4027//4027 4028//4028
f 4083//4083 4028//4028 4029//4029
f 4083//4083 4029//4029 4030//4030
f 4083//4083 4030//4030 4031//4031
f 4083//4083 4031//4031 4032//4032
f 4083//4083 4032//4032 4033//4033
f 4083//4083 4033//4033 4034//4034
f 4083//4083 4034//4034 4035//4035
f 4083//4083 4035//4035 4036//4036
f 4083//4083 4036//4036 4037//4037
f 4083//4083 4037//4037 4038//4038
f 4083//4083 4038//4038 4039//4039
f 4083//4083 4039//4039 4040//4040
f 4083//4083 4040//4040 4041//4041
f 4083//4083 4041//4041 4042//4042
f 4083//4083 4042//4042 4043//4043
f 4083//4083 4043//4043 4044//4044
f 4083//4083 4044//4044 4045//4045
f 4083//4083 4045//4045 4046//4046
f 4083//4083 4046//4046 4047//4047
f 4083//4083 4047//4047 4048//4048
f 4083//4083 4048//4048 4049//4049
f 4083//4083 4049//4049 4050//4050
f 4083//4083 4050//4050 4051//4051
f 4083//4083 4051//4051 4052//4052
f 4083//4083 4052//4052 4053//4053
f 4083//4083 4053//4053 4054//4054
f 4083//4083 4054//4054 4055//4055
f 4083//4083 4055//4055 4056//4056
f 4083//4083 4056//4056 4057//4057
f 4083//4083 4057//4057 4058//4058
f 4083//4083 4058//4058 4059//4059
f 4083//4083 4059//4059 4060//4060
f 4083//4083 4060//4060 4061//4061
f 4083//4083 4061//4061 4062//4062
f 4083//4083 4062//4062 4063//4063
f 4083//4083 4063//4063 4064//4064
f 4083//4083 4064//4064 4065//4065
f 4083//4083 4065//4065 4066//4066
f 4083//4083 4066//4066 4067//4067
f 4083//4083 4067//4067 4068//4068
f 4083//4083 4068//4068 4069//4069
f 4083//4083 4069//4069 4070//4070
f 4083//4083 4070//4070 4071//4071
f 4083//4083 4071//4071 4072//4072
f 4083//4083 4072//4072 4073//4073
f 4083//4083 4073//4073 4074//4074
f 4083//4083 4074//4074 4075//4075
f 4083//4083 4075//4075 4076//4076
f 4083//4083 4076//4076 4077//4077
f 4083//4083 4077//4077 4078//4078
f 4083//4083 4078//4078 4079//4079
f 4083//4083 4079//4079 4080//4080
f 4083//4083 4080//4080 4081//4081
f 4081//4081 4082//4082 4083//4083
f 4179//4179 4084//4084 4085//4085
f 4179//4179 4085//4085 4086//4086
f 4179//4179 4086//4086 4087//4087
f 4179//4179 4087//4087 4088//4088
f 4179//4179 4088//4088 4089//4089
f 4179//4179 4089//4089 4090//4090
f 4179//4179 4090//4090 4091//4091
f 4179//4179 4091//4091 4092//4092
f 4179//4179 4092//4092 4093//4093
f 4179//4179 4093//4093 4094//4094
f 4179//4179 4094//4094 4095//4095
f 4179//4179 4095//4095 4096//4096
f 4179//4179 4096//4096 4097//4097
f 4179//4179 4097//4097 4098//4098
f 4179//4179 4098//4098 4099//4099
f 4179//4179 4099//4099 4100//4100
f 4179//4179 4100//4100 4101//4101
f 4179//4179 4101//4101 4102//4102
f 4179//4179 4102//4102 4103//4103
f 4179//4179 4103//4103 4104//4104
f 4179//4179 4104//4104 4105//4105
f 4179//4179 4105//4105 4106//4106
f 4179//4179 4106//4106 4107//4107
f 4179//4179 4107//4107 4108//4108
f 4179//4179 4108//4108 4109//4109
f 4179//4179 4109//4109 4110//4110
f 4179//4179 4110//4110 4111//4111
f 4179//4179 4111//4111 4112//4112
f 4179//4179 4112//4112 4113//4113
f 4179//4179 4113//4113 4114//4114
f 4179//4179 4114//4114 4115//4115
f 4179//4179 4115//4115 4116//4116
f 4179//4179 4116//4116 4117//4117
f 4179//4179 4117//4117 4118//4118
f 4179//4179 4118//4118 4119//4119
f 4179//4179 4119//4119 4120//4120
f 4179//4179 4120//4120 4121//4121
f 4179//4179 4121//4121 4122//4122
f 4179//4179 4122//4122 4123//4123
f 4179//4179 4123//4123 4124//4124
f 4179//4179 4124//4124 4125//4125
f 4179//4179 4125//4125 4126//4126
f 4179//4179 4126//4126 4127//4127
f 4179//4179 4127//4127 4128//4128
f 4179//4179 4128//4128 4129//4129
f 4179//4179 4129//4129 4130//4130
f 4179//4179 4130//4130 4131//4131
f 4179//4179 4131//4131 4132//4132
f 4179//4179 4132//4132 4133//4133
f 4179//4179 4133//4133 4134//4134
f 4179//4179 4134//4134 4135//4135
f 4179//4179 4135//4135 4136//4136
f 4179//4179 4136//4136 4137//4137
f 4179//4179 4137//4137 4138//4138
f 4179//4179 4138//4138 4139//4139
f 4179//4179 4139//4139 4140//4140
f 4179//4179 4140//4140 4141//4141
f 4179//4179 4141//4141 4142//4142
f 4179//4179 4142//4142 4143//4143
f 4179//4179 4143//4143 4144//4144
f 4179//4179 4144//4144 4145//4145
f 4179//4179 4145//4145 4146//4146
f 4179//4179 4146//4146 4147//4147
f 4179//4179 4147//4147 4148//4148
f 4179//4179 4148//4148 4149//4149
f 4179//4179 4149//4149 4150//4150
f 4179//4179 4150//4150 4151//4151
f 4179//4179 4151//4151 4152//4152
f 4179//4179 4152//4152 4153//4153
f 4179//4179 4153//4153 4154//4154
f 4179//4179 4154//4154 4155//4155
f 4179//4179 4155//4155 4156//4156
f 4179//4179 4156//4156 4157//4157
f 4179//4179 4157//4157 4158//4158
f 4179//4179 4158//4158 4159//4159
f 4179//4179 4159//4159 4160//4160
f 4179//4179 4160//4160 4161//4161
f 4179//4179 4161//4161 4162//4162
f 4179//4179 4162//4162 4163//4163
f 4179//4179 4163//4163 4164//4164
f 4179//4179 4164//4164 4165//4165
f 4179//4179 4165//4165 4166//4166
f 4179//4179 4166//4166 4167//4167
f 4179//4179 4167//4167 4168//4168
f 4179//4179 4168//4168 4169//4169
f 4179//4179 4169//4169 4170//4170
f 4179//4179 4170//4170 4171//4171
f 4179//4179 4171//4171 4172//4172
f 4179//4179 4172//4172 4173//4173
f 4179//4179 4173//4173 4174//4174
f 4179//4179 4174//4174 4175//4175
f 4179//4179 4175//4175 4176//4176
f 4179//4179 4176//4176 4177//4177
f 4177//4177 4178//4178 4179//4179
o GLL
v 1.25 -0.015 1.04
v 2.05 -0.015 1.04
v 2.85 -0.015 1.04
v 1.25 -0.0075 1.04
v 2.05 -0.0075 1.04
v 2.85 -0.0075 1.04
v 1.25 0 1.04
v 2.05 0 1.04
v 2.85 0 1.04
v 1.25 -0.015 1.36
v 2.05 -0.015 1.36
v 2.85 -0.015 1.36
v 1.25 -0.0075 1.36
v 2.05 -0.0075 1.36
v 2.85 -0.0075 1.36
v 1.25 0 1.36
v 2.05 0 1.36
v 2.85 0 1.36
v 1.25 -0.015 1.04
v 2.05 -0.015 1.04
v 2.85 -0.015 1.04
v 1.25 -0.015 1.2
v 2.05 -0.015 1.2
v 2.85 -0.015 1.2
v 1.25 -0.015 1.36
v 2.05 -0.015 1.36
v 2.85 -0.015 1.36
v 1.25 0 1.04
v 2.05 0 1.04
v 2.85 0 1.04
v 1.25 0 1.2
v 2.05 0 1.2
v 2.85 0 1.2
v 1.25 0 1.36
v 2.05 0 1.36
v 2.85 0 1.36
v 1.25 -0.015 1.04
v 1.25 -0.0075 1.04
v 1.25 0 1.04
v 1.25 -0.015 1.2
v 1.25 -0.0075 1.2
v 1.25 0 1.2
v 1.25 -0.015 1.36
v 1.25 -0.0075 1.36
v 1.25 0 1.36
v 2.85 -0.015 1.04
v 2.85 -0.0075 1.04
v 2.85 0 1.04
v 2.85 -0.015 1.2
v 2.85 -0.0075 1.2
v 2.85 0 1.2
v 2.85 -0.015 1.36
v 2.85 -0.0075 1.36
v 2.85 0 1.36
vn -0 -0 -1
vn -0 -0 -1
vn -0 -0 -1
vn -0 -0 -1
vn -0 -0 -1
vn -0 -0 -1
vn -0 -0 -1
vn -0 -0 -1
vn -0 -0 -1
vn 0 0 1
vn 0 0 1
vn 0 0 1
vn 0 0 1
vn 0 0 1
vn 0 0 1
vn 0 0 1
vn 0 0 1
vn 0 0 1
vn 0 -1 0
vn 0 -1 0
vn 0 -1 0
vn 0 -1 0
vn 0 -1 0
vn 0 -1 0
vn 0 -1 0
vn 0 -1 0
vn 0 -1 0
vn -0 1 -0
vn -0 1 -0
vn -0 1 -0
vn -0 1 -0
vn -0 1 -0
vn -0 1 -0
vn -0 1 -0
vn -0 1 -0
vn -0 1 -0
vn -1 -0 -0
vn -1 -0 -0
vn -1 -0 -0
vn -1 -0 -0
vn -1 -0 -0
vn -1 -0 -0
vn -1 -0 -0
vn -1 -0 -0
vn -1 -0 -0
vn 1 0 0
vn 1 0 0
vn 1 0 0
vn 1 0 0
vn 1 0 0
vn 1 0 0
vn 1 0 0
vn 1 0 0
vn 1 0 0
g GLL_glass
usemtl glass
f 4180//4180 4184//4184 4181//4181
f 4180//4180 4183//4183 4184//4184
f 4181//4181 4185//4185 4182//4182
f 4181//4181 4184//4184 4185//4185
f 4183//4183 4187//4187 4184//4184
f 4183//4183 4186//4186 4187//4187
f 4184//4184 4188//4188 4185//4185
f 4184//4184 4187//4187 4188//4188
f 4189//4189 4190//4190 4193//4193
f 4189//4189 4193//4193 4192//4192
f 4190//4190 4191//4191 4194//4194
f 4190//4190 4194//4194 4193//4193
f 4192//4192 4193//4193 4196//4196
f 4192//4192 4196//4196 4195//4195
f 4193//4193 4194//4194 4197//4197
f 4193//4193 4197//4197 4196//4196
f 4198//4198 4199//4199 4202//4202
f 4198//4198 4202//4202 4201//4201
f 4199//4199 4200//4200 4203//4203
f 4199//4199 4203//4203 4202//4202
f 4201//4201 4202//4202 4205//4205
f 4201//4201 4205//4205 4204//4204
f 4202//4202 4203//4203 4206//4206
f 4202//4202 4206//4206 4205//4205
f 4207//4207 4211//4211 4208//4208
f 4207//4207 4210//4210 4211//4211
f 4208//4208 4212//4212 4209//4209
f 4208//4208 4211//4211 4212//4212
f 4210//4210 4214//4214 4211//4211
f 4210//4210 4213//4213 4214//4214
f 4211//4211 4215//4215 4212//4212
f 4211//4211 4214//4214 4215//4215
f 4216//4216 4220//4220 4217//4217
f 4216//4216 4219//4219 4220//4220
f 4217//4217 4221//4221 4218//4218
f 4217//4217 4220//4220 4221//4221
f 4219//4219 4223//4223 4220//4220
f 4219//4219 4222//4222 4223//4223
f 4220//4220 4224//4224 4221//4221
f 4220//4220 4223//4223 4224//4224
f 4225//4225 4226//4226 4229//4229
f 4225//4225 4229//4229 4228//4228
f 4226//4226 4227//4227 4230//4230
f 4226//4226 4230//4230 4229//4229
f 4228//4228 4229//4229 4232//4232
f 4228//4228 4232//4232 4231//4231
f 4229//4229 4230//4230 4233//4233
f 4229//4229 4233//4233 4232//4232
o GLR
v 1.25 1.88 1.04
v 2.05 1.88 1.04
v 2.85 1.88 1.04
v 1.25 1.8875 1.04
v 2.05 1.8875 1.04
v 2.85 1.8875 1.04
v 1.25 1.895 1.04
v 2.05 1.895 1.04
v 2.85 1.895 1.04
v 1.25 1.88 1.36
v 2.05 1.88 1.36
v 2.85 1.88 1.36
v 1.25 1.8875 1.36
v 2.05 1.8875 1.36
v 2.85 1.8875 1.36
v 1.25 1.895 1.36
v 2.05 1.895 1.36
v 2.85 1.895 1.36
v 1.25 1.88 1.04
v 2.05 1.88 1.04
v 2.85 1.88 1.04
v 1.25 1.88 1.2
v 2.05 1.88 1.2
v 2.85 1.88 1.2
v 1.25 1.88 1.36
v 2.05 1.88 1.36
v 2.85 1.88 1.36
v 1.25 1.895 1.04
v 2.05 1.895 1.04
v 2.85 1.895 1.04
v 1.25 1.895 1.2
v 2.05 1.895 1.2
v 2.85 1.895 1.2
v 1.25 1.895 1.36
v 2.05 1.895 1.36
v 2.85 1.895 1.36
v 1.25 1.88 1.04
v 1.25 1.8875 1.04
v 1.25 1.895 1.04
v 1.25 1.88 1.2
v 1.25 1.8875 1.2
v 1.25 1.895 1.2
v 1.25 1.88 1.36
v 1.25 1.8875 1.36
v 1.25 1.895 1.36
v 2.85 1.88 1.04
v 2.85 1.8875 1.04
v 2.85 1.895 1.04
v 2.85 1.88 1.2
v 2.85 1.8875 1.2
v 2.85 1.895 1.2
v 2.85 1.88 1.36
v 2.85 1.8875 1.36
v 2.85 1.895 1.36
vn -0 -0 -1
vn -0 -0 -1
vn -0 -0 -1
vn 0 -0 -1
vn 0 -0 -1
vn 0 -0 -1
vn -0 -0 -1
vn -0 -0 -1
vn -0 -0 -1
vn 0 0 1
vn 0 0 1
vn 0 0 1
vn -0 0 1
vn -0 0 1
vn -0 0 1
vn 0 0 1
vn 0 0 1
vn 0 0 1
vn 0 -1 0
vn 0 -1 0
vn 0 -1 0
vn 0 -1 0
vn 0 -1 0
vn 0 -1 0
vn 0 -1 0
vn 0 -1 0
vn 0 -1 0
vn -0 1 -0
vn -0 1 -0
vn -0 1 -0
vn -0 1 -0
vn -0 1 -0
vn -0 1 -0
vn -0 1 -0
vn -0 1 -0
vn -0 1 -0
vn -1 -0 -0
vn -1 -0 -0
vn -1 -0 -0
vn -1 -0 -0
vn -1 -0 -0
vn -1 -0 -0
vn -1 -0 -0
vn -1 -0 -0
vn -1 -0 -0
vn 1 0 0
vn 1 0 0
vn 1 0 0
vn 1 0 0
vn 1 0 0
vn 1 0 0
vn 1 0 0
vn 1 0 0
vn 1 0 0
g GLR_glass
usemtl glass
f 4234//4234 4238//4238 4235//4235
f 4234//4234 4237//4237 4238//4238
f 4235//4235 4239//4239 4236//4236
f 4235//4235 4238//4238 4239//4239
f 4237//4237 4241//4241 4238//4238
f 4237//4237 4240//4240 4241//4241
f 4238//4238 4242//4242 4239//4239
f 4238//4238 4241//4241 4242//4242
f 4243//4243 4244//4244 4247//4247
f 4243//4243 4247//4247 4246//4246
f 4244//4244 4245//4245 4248//4248
f 4244//4244 4248//4248 4247//4247
f 4246//4246 4247//4247 4250//4250
f 4246//4246 4250//4250 4249//4249
f 4247//4247 4248//4248 4251//4251
f 4247//4247 4251//4251 4250//4250
f 4252//4252 4253//4253 4256//4256
f 4252//4252 4256//4256 4255//4255
f 4253//4253 4254//4254 4257//4257
f 4253//4253 4257//4257 4256//4256
f 4255//4255 4256//4256 4259//4259
f 4255//4255 4259//4259 4258//4258
f 4256//4256 4257//4257 4260//4260
f 4256//4256 4260//4260 4259//4259
f 4261//4261 4265//4265 4262//4262
f 4261//4261 4264//4264 4265//4265
f 4262//4262 4266//4266 4263//4263
f 4262//4262 4265//4265 4266//4266
f 4264//4264 4268//4268 4265//4265
f 4264//4264 4267//4267 4268//4268
f 4265//4265 4269//4269 4266//4266
f 4265//4265 4268//4268 4269//4269
f 4270//4270 4274//4274 4271//4271
f 4270//4270 4273//4273 4274//4274
f 4271//4271 4275//4275 4272//4272
f 4271//4271 4274//4274 4275//4275
f 4273//4273 4277//4277 4274//4274
f 4273//4273 4276//4276 4277//4277
f 4274//4274 4278//4278 4275//4275
f 4274//4274 4277//4277 4278//4278
f 4279//4279 4280//4280 4283//4283
f 4279//4279 4283//4283 4282//4282
f 4280//4280 4281//4281 4284//4284
f 4280//4280 4284//4284 4283//4283
f 4282//4282 4283//4283 4286//4286
f 4282//4282 4286//4286 4285//4285
f 4283//4283 4284//4284 4287//4287
f 4283//4283 4287//4287 4286//4286
o HLA
v 0.03 0.24 0.56
v 0.065 0.24 0.56
v 0.1 0.24 0.56
v 0.03 0.45 0.56
v 0.065 0.45 0.56
v 0.1 0.45 0.56
v 0.03 0.66 0.56
v 0.065 0.66 0.56
v 0.1 0.66 0.56
v 0.03 0.24 0.76
v 0.065 0.24 0.76
v 0.1 0.24 0.76
v 0.03 0.45 0.76
v 0.065 0.45 0.76
v 0.1 0.45 0.76
v 0.03 0.66 0.76
v 0.065 0.66 0.76
v 0.1 0.66 0.76
v 0.03 0.24 0.56
v 0.065 0.24 0.56
v 0.1 0.24 0.56
v 0.03 0.24 0.66
v 0.065 0.24 0.66
v 0.1 0.24 0.66
v 0.03 0.24 0.76
v 0.065 0.24 0.76
v 0.1 0.24 0.76
v 0.03 0.66 0.56
v 0.065 0.66 0.56
v 0.1 0.66 0.56
v 0.03 0.66 0.66
v 0.065 0.66 0.66
v 0.1 0.66 0.66
v 0.03 0.66 0.76
v 0.065 0.66 0.76
v 0.1 0.66 0.76
v 0.03 0.24 0.56
v 0.03 0.45 0.56
v 0.03 0.66 0.56
v 0.03 0.24 0.66
v 0.03 0.45 0.66
v 0.03 0.66 0.66
v 0.03 0.24 0.76
v 0.03 0.45 0.76
v 0.03 0.66 0.76
v 0.1 0.24 0.56
v 0.1 0.45 0.56
v 0.1 0.66 0.56
v 0.1 0.24 0.66
v 0.1 0.45 0.66
v 0.1 0.66 0.66
v 0.1 0.24 0.76
v 0.1 0.45 0.76
v 0.1 0.66 0.76
vn -0 -0 -1
vn -0 -0 -1
vn -0 -0 -1
vn -0 -0 -1
vn -0 -0 -1
vn -0 -0 -1
vn -0 -0 -1
vn -0 -0 -1
vn -0 -0 -1
vn 0 0 1
vn 0 0 1
vn 0 0 1
vn 0 0 1
vn 0 0 1
vn 0 0 1
vn 0 0 1
vn 0 0 1
vn 0 0 1
vn 0 -1 0
vn 0 -1 0
vn 0 -1 0
vn 0 -1 0
vn 0 -1 0
vn 0 -1 0
vn 0 -1 0
vn 0 -1 0
vn 0 -1 0
vn -0 1 -0
vn -0 1 -0
vn -0 1 -0
vn -0 1 -0
vn -0 1 -0
vn -0 1 -0
vn -0 1 -0
vn -0 1 -0
vn -0 1 -0
vn -1 -0 -0
vn -1 -0 -0
vn -1 -0 -0
vn -1 0 -0
vn -1 0 -0
vn -1 0 -0
vn -1 -0 -0
vn -1 -0 -0
vn -1 -0 -0
vn 1 0 0
vn 1 0 0
vn 1 0 0
vn 1 -0 0
vn 1 -0 0
vn 1 -0 0
vn 1 0 0
vn 1 0 0
vn 1 0 0
g HLA_headlight
usemtl headlight
f 4288//4288 4292//4292 4289//4289
f 4288//4288 4291//4291 4292//4292
f 4289//4289 4293//4293 4290//4290
f 4289//4289 4292//4292 4293//4293
f 4291//4291 4295//4295 4292//4292
f 4291//4291 4294//4294 4295//4295
f 4292//4292 4296//4296 4293//4293
f 4292//4292 4295//4295 4296//4296
f 4297//4297 4298//4298 4301//4301
f 4297//4297 4301//4301 4300//4300
f 4298//4298 4299//4299 4302//4302
f 4298//4298 4302//4302 4301//4301
f 4300//4300 4301//4301 4304//4304
f 4300//4300 4304//4304 4303//4303
f 4301//4301 4302//4302 4305//4305
f 4301//4301 4305//4305 4304//4304
f 4306//4306 4307//4307 4310//4310
f 4306//4306 4310//4310 4309//4309
f 4307//4307 4308//4308 4311//4311
f 4307//4307 4311//4311 4310//4310
f 4309//4309 4310//4310 4313//4313
f 4309//4309 4313//4313 4312//4312
f 4310//4310 4311//4311 4314//4314
f 4310//4310 4314//4314 4313//4313
f 4315//4315 4319//4319 4316//4316
f 4315//4315 4318//4318 4319//4319
f 4316//4316 4320//4320 4317//4317
f 4316//4316 4319//4319 4320//4320
f 4318//4318 4322//4322 4319//4319
f 4318//4318 4321//4321 4322//4322
f 4319//4319 4323//4323 4320//4320
f 4319//4319 4322//4322 4323//4323
f 4324//4324 4328//4328 4325//4325
f 4324//4324 4327//4327 4328//4328
f 4325//4325 4329//4329 4326//4326
f 4325//4325 4328//4328 4329//4329
f 4327//4327 4331//4331 4328//4328
f 4327//4327 4330//4330 4331//4331
f 4328//4328 4332//4332 4329//4329
f 4328//4328 4331//4331 4332//4332
f 4333//4333 4334//4334 4337//4337
f 4333//4333 4337//4337 4336//4336
f 4334//4334 4335//4335 4338//4338
f 4334//4334 4338//4338 4337//4337
f 4336//4336 4337//4337 4340//4340
f 4336//4336 4340//4340 4339//4339
f 4337//4337 4338//4338 4341//4341
f 4337//4337 4341//4341 4340//4340
o HLB
v 0.03 1.24 0.56
v 0.065 1.24 0.56
v 0.1 1.24 0.56
v 0.03 1.45 0.56
v 0.065 1.45 0.56
v 0.1 1.45 0.56
v 0.03 1.66 0.56
v 0.065 1.66 0.56
v 0.1 1.66 0.56
v 0.03 1.24 0.76
v 0.065 1.24 0.76
v 0.1 1.24 0.76
v 0.03 1.45 0.76
v 0.065 1.45 0.76
v 0.1 1.45 0.76
v 0.03 1.66 0.76
v 0.065 1.66 0.76
v 0.1 1.66 0.76
v 0.03 1.24 0.56
v 0.065 1.24 0.56
v 0.1 1.24 0.56
v 0.03 1.24 0.66
v 0.065 1.24 0.66
v 0.1 1.24 0.66
v 0.03 1.24 0.76
v 0.065 1.24 0.76
v 0.1 1.24 0.76
v 0.03 1.66 0.56
v 0.065 1.66 0.56
v 0.1 1.66 0.56
v 0.03 1.66 0.66
v 0.065 1.66 0.66
v 0.1 1.66 0.66
v 0.03 1.66 0.76
v 0.065 1.66 0.76
v 0.1 1.66 0.76
v 0.03 1.24 0.56
v 0.03 1.45 0.56
v 0.03 1.66 0.56
v 0.03 1.24 0.66
v 0.03 1.45 0.66
v 0.03 1.66 0.66
v 0.03 1.24 0.76
v 0.03 1.45 0.76
v 0.03 1.66 0.76
v 0.1 1.24 0.56
v 0.1 1.45 0.56
v 0.1 1.66 0.56
v 0.1 1.24 0.66
v 0.1 1.45 0.66
v 0.1 1.66 0.66
v 0.1 1.24 0.76
v 0.1 1.45 0.76
v 0.1 1.66 0.76
vn -0 -0 -1
vn -0 -0 -1
vn -0 -0 -1
vn -0 -0 -1
vn -0 -0 -1
vn -0 -0 -1
vn -0 -0 -1
vn -0 -0 -1
vn -0 -0 -1
vn 0 0 1
vn 0 0 1
vn 0 0 1
vn 0 0 1
vn 0 0 1
vn 0 0 1
vn 0 0 1
vn 0 0 1
vn 0 0 1
vn 0 -1 0
vn 0 -1 0
vn 0 -1 0
vn 0 -1 0
vn 0 -1 0
vn 0 -1 0
vn 0 -1 0
vn 0 -1 0
vn 0 -1 0
vn -0 1 -0
vn -0 1 -0
vn -0 1 -0
vn -0 1 -0
vn -0 1 -0
vn -0 1 -0
vn -0 1 -0
vn -0 1 -0
vn -0 1 -0
vn -1 -0 -0
vn -1 -0 -0
vn -1 -0 -0
vn -1 -0 -0
vn -1 -0 -0
vn -1 -0 -0
vn -1 -0 -0
vn -1 -0 -0
vn -1 -0 -0
vn 1 0 0
vn 1 0 0
vn 1 0 0
vn 1 0 0
vn 1 0 0
vn 1 0 0
vn 1 0 0
vn 1 0 0
vn 1 0 0
g HLB_headlight
usemtl headlight
f 4342//4342 4346//4346 4343//4343
f 4342//4342 4345//4345 4346//4346
f 4343//4343 4347//4347 4344//4344
f 4343//4343 4346//4346 4347//4347
f 4345//4345 4349//4349 4346//4346
f 4345//4345 4348//4348 4349//4349
f 4346//4346 4350//4350 4347//4347
f 4346//4346 4349//4349 4350//4350
f 4351//4351 4352//4352 4355//4355
f 4351//4351 4355//4355 4354//4354
f 4352//4352 4353//4353 4356//4356
f 4352//4352 4356//4356 4355//4355
f 4354//4354 4355//4355 4358//4358
f 4354//4354 4358//4358 4357//4357
f 4355//4355 4356//4356 4359//4359
f 4355//4355 4359//4359 4358//4358
f 4360//4360 4361//4361 4364//4364
f 4360//4360 4364//4364 4363//4363
f 4361//4361 4362//4362 4365//4365
f 4361//4361 4365//4365 4364//4364
f 4363//4363 4364//4364 4367//4367
f 4363//4363 4367//4367 4366//4366
f 4364//4364 4365//4365 4368//4368
f 4364//4364 4368//4368 4367//4367
f 4369//4369 4373//4373 4370//4370
f 4369//4369 4372//4372 4373//4373
f 4370//4370 4374//4374 4371//4371
f 4370//4370 4373//4373 4374//4374
f 4372//4372 4376//4376 4373//4373
f 4372//4372 4375//4375 4376//4376
f 4373//4373 4377//4377 4374//4374
f 4373//4373 4376//4376 4377//4377
f 4378//4378 4382//4382 4379//4379
f 4378//4378 4381//4381 4382//4382
f 4379//4379 4383//4383 4380//4380
f 4379//4379 4382//4382 4383//4383
f 4381//4381 4385//4385 4382//4382
f 4381//4381 4384//4384 4385//4385
f 4382//4382 4386//4386 4383//4383
f 4382//4382 4385//4385 4386//4386
f 4387//4387 4388//4388 4391//4391
f 4387//4387 4391//4391 4390//4390
f 4388//4388 4389//4389 4392//4392
f 4388//4388 4392//4392 4391//4391
f 4390//4390 4391//4391 4394//4394
f 4390//4390 4394//4394 4393//4393
f 4391//4391 4392//4392 4395//4395
f 4391//4391 4395//4395 4394//4394
o TL
v 3.62 0.2 0.82
v 3.65 0.2 0.82
v 3.68 0.2 0.82
v 3.62 0.95 0.82
v 3.65 0.95 0.82
v 3.68 0.95 0.82
v 3.62 1.7 0.82
v 3.65 1.7 0.82
v 3.68 1.7 0.82
v 3.62 0.2 1.18
v 3.65 0.2 1.18
v 3.68 0.2 1.18
v 3.62 0.95 1.18
v 3.65 0.95 1.18
v 3.68 0.95 1.18
v 3.62 1.7 1.18
v 3.65 1.7 1.18
v 3.68 1.7 1.18
v 3.62 0.2 0.82
v 3.65 0.2 0.82
v 3.68 0.2 0.82
v 3.62 0.2 1
v 3.65 0.2 1
v 3.68 0.2 1
v 3.62 0.2 1.18
v 3.65 0.2 1.18
v 3.68 0.2 1.18
v 3.62 1.7 0.82
v 3.65 1.7 0.82
v 3.68 1.7 0.82
v 3.62 1.7 1
v 3.65 1.7 1
v 3.68 1.7 1
v 3.62 1.7 1.18
v 3.65 1.7 1.18
v 3.68 1.7 1.18
v 3.62 0.2 0.82
v 3.62 0.95 0.82
v 3.62 1.7 0.82
v 3.62 0.2 1
v 3.62 0.95 1
v 3.62 1.7 1
v 3.62 0.2 1.18
v 3.62 0.95 1.18
v 3.62 1.7 1.18
v 3.68 0.2 0.82
v 3.68 0.95 0.82
v 3.68 1.7 0.82
v 3.68 0.2 1
v 3.68 0.95 1
v 3.68 1.7 1
v 3.68 0.2 1.18
v 3.68 0.95 1.18
v 3.68 1.7 1.18
vn -0 -0 -1
vn -0 -0 -1
vn -0 -0 -1
vn -0 -0 -1
vn -0 -0 -1
vn -0 -0 -1
vn -0 -0 -1
vn -0 -0 -1
vn -0 -0 -1
vn 0 0 1
vn 0 0 1
vn 0 0 1
vn 0 0 1
vn 0 0 1
vn 0 0 1
vn 0 0 1
vn 0 0 1
vn 0 0 1
vn 0 -1 0
vn 0 -1 0
vn 0 -1 0
vn 0 -1 0
vn 0 -1 0
vn 0 -1 0
vn 0 -1 0
vn 0 -1 0
vn 0 -1 0
vn -0 1 -0
vn -0 1 -0
vn -0 1 -0
vn -0 1 -0
vn -0 1 -0
vn -0 1 -0
vn -0 1 -0
vn -0 1 -0
vn -0 1 -0
vn -1 -0 -0
vn -1 -0 -0
vn -1 -0 -0
vn -1 0 -0
vn -1 0 -0
vn -1 0 -0
vn -1 -0 -0
vn -1 -0 -0
vn -1 -0 -0
vn 1 0 0
vn 1 0 0
vn 1 0 0
vn 1 -0 0
vn 1 -0 0
vn 1 -0 0
vn 1 0 0
vn 1 0 0
vn 1 0 0
g TL_taillight
usemtl taillight
f 4396//4396 4400//4400 4397//4397
f 4396//4396 4399//4399 4400//4400
f 4397//4397 4401//4401 4398//4398
f 4397//4397 4400//4400 4401//4401
f 4399//4399 4403//4403 4400//4400
f 4399//4399 4402//4402 4403//4403
f 4400//4400 4404//4404 4401//4401
f 4400//4400 4403//4403 4404//4404
f 4405//4405 4406//4406 4409//4409
f 4405//4405 4409//4409 4408//4408
f 4406//4406 4407//4407 4410//4410
f 4406//4406 4410//4410 4409//4409
f 4408//4408 4409//4409 4412//4412
f 4408//4408 4412//4412 4411//4411
f 4409//4409 4410//4410 4413//4413
f 4409//4409 4413//4413 4412//4412
f 4414//4414 4415//4415 4418//4418
f 4414//4414 4418//4418 4417//4417
f 4415//4415 4416//4416 4419//4419
f 4415//4415 4419//4419 4418//4418
f 4417//4417 4418//4418 4421//4421
f 4417//4417 4421//4421 4420//4420
f 4418//4418 4419//4419 4422//4422
f 4418//4418 4422//4422 4421//4421
f 4423//4423 4427//4427 4424//4424
f 4423//4423 4426//4426 4427//4427
f 4424//4424 4428//4428 4425//4425
f 4424//4424 4427//4427 4428//4428
f 4426//4426 4430//4430 4427//4427
f 4426//4426 4429//4429 4430//4430
f 4427//4427 4431//4431 4428//4428
f 4427//4427 4430//4430 4431//4431
f 4432//4432 4436//4436 4433//4433
f 4432//4432 4435//4435 4436//4436
f 4433//4433 4437//4437 4434//4434
f 4433//4433 4436//4436 4437//4437
f 4435//4435 4439//4439 4436//4436
f 4435//4435 4438//4438 4439//4439
f 4436//4436 4440//4440 4437//4437
f 4436//4436 4439//4439 4440//4440
f 4441//4441 4442//4442 4445//4445
f 4441//4441 4445//4445 4444//4444
f 4442//4442 4443//4443 4446//4446
f 4442//4442 4446//4446 4445//4445
f 4444//4444 4445//4445 4448//4448
f 4444//4444 4448//4448 4447//4447
f 4445//4445 4446//4446 4449//4449
f 4445//4445 4449//4449 4448//4448
