# SolidArc mesh export — units: metres, Y up matches source; per-face materials via usemtl.
# vertices: welded (coincident position+normal merged per body)
mtllib MuscleCar74_welded.mtl
o Body
v 0.1 0 0.3
v 0.1 1.9 0.3
v 0.554207 1.9 0.3
v 0.554207 1.88925 0.3
v 0.554207 1.87312 0.3
v 0.554207 1.84892 0.3
v 0.554207 1.81263 0.3
v 0.554207 1.75819 0.3
v 0.554207 1.67653 0.3
v 0.554207 1.55404 0.3
v 0.554207 1.38198 0.3
v 0.554207 1.20993 0.3
v 0.554207 1.03787 0.3
v 0.554207 0.865814 0.3
v 0.554207 0.693758 0.3
v 0.554207 0.521702 0.3
v 0.554207 0.349645 0.3
v 0.554207 0.177589 0.3
v 0.554207 0.00553277 0.3
v 0.554207 0 0.3
v 1.40579 0 0.3
v 1.40579 0.0107535 0.3
v 1.40579 0.0268838 0.3
v 1.40579 0.0510792 0.3
v 1.40579 0.0873723 0.3
v 1.40579 0.141812 0.3
v 1.40579 0.335578 0.3
v 1.40579 0.400099 0.3
v 1.40579 0.49688 0.3
v 1.40579 0.642053 0.3
v 1.40579 0.814109 0.3
v 1.40579 0.986165 0.3
v 1.40579 1.15822 0.3
v 1.40579 1.33028 0.3
v 1.40579 1.50233 0.3
v 1.40579 1.67439 0.3
v 1.40579 1.84645 0.3
v 1.40579 1.9 0.3
v 2.86431 1.9 0.3
v 2.86431 1.88387 0.3
v 2.86431 1.85967 0.3
v 2.86431 1.82338 0.3
v 2.86431 1.76894 0.3
v 2.86431 1.68728 0.3
v 2.86431 1.56479 0.3
v 2.86431 1.39274 0.3
v 2.86431 1.22068 0.3
v 2.86431 1.04862 0.3
v 2.86431 0.876568 0.3
v 2.86431 0.704511 0.3
v 2.86431 0.532455 0.3
v 2.86431 0.360399 0.3
v 2.86431 0.188343 0.3
v 2.86431 0.0162863 0.3
v 2.86431 0 0.3
v 3.69569 0 0.3
v 3.69569 0.0107535 0.3
v 3.69569 0.0268838 0.3
v 3.69569 0.0510792 0.3
v 3.69569 0.0873723 0.3
v 3.69569 0.141812 0.3
v 3.69569 0.223472 0.3
v 3.69569 0.373639 0.3
v 3.69569 0.43816 0.3
v 3.69569 0.534942 0.3
v 3.69569 0.680114 0.3
v 3.69569 0.85217 0.3
v 3.69569 1.02423 0.3
v 3.69569 1.19628 0.3
v 3.69569 1.36834 0.3
v 3.69569 1.5404 0.3
v 3.69569 1.71245 0.3
v 3.69569 1.88451 0.3
v 3.69569 1.9 0.3
v 4.34 1.9 0.3
v 4.34 0 0.3
v 4.4 0 0.4
v 4.46 0 0.5
v 4.34 0.95 0.3
v 4.4 0.95 0.4
v 4.46 0.95 0.5
v 4.4 1.9 0.4
v 4.46 1.9 0.5
v 4.34 0 0.61
v 4.22 0 0.72
v 4.34 0.95 0.61
v 4.22 0.95 0.72
v 4.34 1.9 0.61
v 4.22 1.9 0.72
v 3.97 0 0.81
v 3.72 0 0.9
v 3.97 0.95 0.81
v 3.72 0.95 0.9
v 3.97 1.9 0.81
v 3.72 1.9 0.9
v 3.5 0 0.96
v 3.28 0 1.02
v 3.5 0.95 0.96
v 3.28 0.95 1.02
v 3.5 1.9 0.96
v 3.28 1.9 1.02
v 3.09 0 0.98
v 2.9 0 0.94
v 3.09 0.95 0.98
v 2.9 0.95 0.94
v 3.09 1.9 0.98
v 2.9 1.9 0.94
v 2.84 0 0.98
v 2.78 0 1.02
v 2.84 0.95 0.98
v 2.78 0.95 1.02
v 2.84 1.9 0.98
v 2.78 1.9 1.02
v 2.54 0 1.17
v 2.3 0 1.32
v 2.54 0.95 1.17
v 2.3 0.95 1.32
v 2.54 1.9 1.17
v 2.3 1.9 1.32
v 1.91 0 1.33
v 1.52 0 1.34
v 1.91 0.95 1.33
v 1.52 0.95 1.34
v 1.91 1.9 1.33
v 1.52 1.9 1.34
v 1.32 0 1.14
v 1.12 0 0.94
v 1.32 0.95 1.14
v 1.12 0.95 0.94
v 1.32 1.9 1.14
v 1.12 1.9 0.94
v 1.05 0 0.97
v 0.98 0 1
v 1.05 0.95 0.97
v 0.98 0.95 1
v 1.05 1.9 0.97
v 0.98 1.9 1
v 0.765 0 0.95
v 0.55 0 0.9
v 0.765 0.95 0.95
v 0.55 0.95 0.9
v 0.765 1.9 0.95
v 0.55 1.9 0.9
v 0.425 0 0.79
v 0.3 0 0.68
v 0.425 0.95 0.79
v 0.3 0.95 0.68
v 0.425 1.9 0.79
v 0.3 1.9 0.68
v 0.2 0 0.57
v 0.1 0 0.46
v 0.2 0.95 0.57
v 0.1 0.95 0.46
v 0.2 1.9 0.57
v 0.1 1.9 0.46
v 0.1 0 0.38
v 0.1 0.95 0.38
v 0.1 0.95 0.3
v 0.1 1.9 0.38
v 0.55034 0 0.342894
v 0.55 0 0.36
v 0.550538 0 0.381507
v 0.552151 0 0.40296
v 0.554836 0 0.424306
v 0.558584 0 0.445491
v 0.563387 0 0.466461
v 0.569234 0 0.487165
v 0.576108 0 0.507551
v 0.583994 0 0.527568
v 0.59287 0 0.547165
v 0.602716 0 0.566293
v 0.613507 0 0.584906
v 0.625214 0 0.602955
v 0.63781 0 0.620396
v 0.651262 0 0.637185
v 0.665538 0 0.65328
v 0.6806 0 0.668642
v 0.696412 0 0.68323
v 0.712934 0 0.69701
v 0.730124 0 0.709946
v 0.74794 0 0.722005
v 0.766336 0 0.733159
v 0.785268 0 0.743379
v 0.804687 0 0.752639
v 0.824544 0 0.760916
v 0.844791 0 0.768189
v 0.865377 0 0.774441
v 0.886249 0 0.779656
v 0.907356 0 0.783819
v 0.928645 0 0.786922
v 0.950062 0 0.788957
v 0.971554 0 0.789917
v 0.993068 0 0.789801
v 1.01455 0 0.78861
v 1.03594 0 0.786345
v 1.0572 0 0.783014
v 1.07826 0 0.778623
v 1.09907 0 0.773185
v 1.11959 0 0.766712
v 1.13976 0 0.759221
v 1.15953 0 0.750731
v 1.17884 0 0.741263
v 1.19766 0 0.73084
v 1.21594 0 0.719489
v 1.23362 0 0.707238
v 1.25067 0 0.694118
v 1.26705 0 0.680162
v 1.2827 0 0.665404
v 1.2976 0 0.649882
v 1.3117 0 0.633634
v 1.32497 0 0.616701
v 1.33738 0 0.599126
v 1.34889 0 0.580952
v 1.35948 0 0.562225
v 1.36912 0 0.542991
v 1.37779 0 0.5233
v 1.38546 0 0.5032
v 1.39211 0 0.482741
v 1.39773 0 0.461975
v 1.40231 0 0.440954
v 1.40583 0 0.41973
v 1.40829 0 0.398357
v 1.40967 0 0.376888
v 1.40998 0 0.355376
v 1.40921 0 0.333876
v 1.40736 0 0.312442
v 2.86035 0 0.342888
v 2.86 0 0.36
v 2.86055 0 0.381507
v 2.8622 0 0.402958
v 2.86495 0 0.424296
v 2.86879 0 0.445465
v 2.8737 0 0.46641
v 2.87969 0 0.487075
v 2.88672 0 0.507408
v 2.89478 0 0.527353
v 2.90386 0 0.54686
v 2.91392 0 0.565876
v 2.92494 0 0.584352
v 2.9369 0 0.602239
v 2.94975 0 0.61949
v 2.96347 0 0.636061
v 2.97802 0 0.651907
v 2.99337 0 0.666988
v 3.00946 0 0.681263
v 3.02627 0 0.694695
v 3.04374 0 0.707248
v 3.06183 0 0.718891
v 3.0805 0 0.729592
v 3.09968 0 0.739323
v 3.11934 0 0.748059
v 3.13943 0 0.755777
v 3.15988 0 0.762456
v 3.18064 0 0.768079
v 3.20167 0 0.772631
v 3.2229 0 0.776101
v 3.24429 0 0.778479
v 3.26576 0 0.779759
v 3.28727 0 0.779937
v 3.30877 0 0.779014
v 3.33019 0 0.776991
v 3.35148 0 0.773874
v 3.37257 0 0.769671
v 3.39343 0 0.764393
v 3.41399 0 0.758054
v 3.4342 0 0.75067
v 3.454 0 0.742261
v 3.47335 0 0.73285
v 3.49219 0 0.72246
v 3.51047 0 0.711119
v 3.52815 0 0.698857
v 3.54517 0 0.685705
v 3.5615 0 0.671699
v 3.57709 0 0.656875
v 3.59191 0 0.641273
v 3.6059 0 0.624932
v 3.61904 0 0.607896
v 3.63129 0 0.590209
v 3.64262 0 0.571919
v 3.65299 0 0.553072
v 3.66239 0 0.533719
v 3.67078 0 0.51391
v 3.67815 0 0.493697
v 3.68448 0 0.473133
v 3.68974 0 0.452273
v 3.69393 0 0.43117
v 3.69703 0 0.409881
v 3.69903 0 0.38846
v 3.69994 0 0.366966
v 3.69975 0 0.345452
v 3.69845 0 0.323977
v 3.69606 0 0.302597
v 3.69965 1.9 0.342888
v 3.6992 1.9 0.385957
v 3.69433 1.9 0.428752
v 3.68511 1.9 0.470824
v 3.67163 1.9 0.511731
v 3.65404 1.9 0.551042
v 3.6325 1.9 0.588345
v 3.60726 1.9 0.623245
v 3.57858 1.9 0.655378
v 3.54676 1.9 0.684404
v 3.51214 1.9 0.710018
v 3.47507 1.9 0.731952
v 3.43595 1.9 0.749974
v 3.39519 1.9 0.763895
v 3.35322 1.9 0.773568
v 3.31048 1.9 0.778893
v 3.26742 1.9 0.779812
v 3.22449 1.9 0.776316
v 3.18215 1.9 0.768442
v 3.14083 1.9 0.756272
v 3.10098 1.9 0.739935
v 3.06301 1.9 0.719603
v 3.02732 1.9 0.695489
v 2.99429 1.9 0.667847
v 2.96426 1.9 0.636967
v 2.93756 1.9 0.603175
v 2.91445 1.9 0.566826
v 2.8952 1.9 0.528301
v 2.87998 1.9 0.488006
v 2.86898 1.9 0.446366
v 2.86229 1.9 0.403817
v 2.86 1.9 0.360807
v 2.86 1.9 0.36
v 2.86124 1.9 0.327739
v 1.40966 1.9 0.342894
v 1.40922 1.9 0.38596
v 1.40447 1.9 0.428765
v 1.39546 1.9 0.470881
v 1.38228 1.9 0.511884
v 1.36507 1.9 0.551364
v 1.344 1.9 0.588924
v 1.31927 1.9 0.624187
v 1.29114 1.9 0.6568
v 1.25989 1.9 0.686436
v 1.22583 1.9 0.712797
v 1.18931 1.9 0.735619
v 1.15069 1.9 0.754673
v 1.11035 1.9 0.769767
v 1.06871 1.9 0.780751
v 1.02617 1.9 0.787514
v 0.983175 1.9 0.789988
v 0.940146 1.9 0.788149
v 0.897517 1.9 0.782015
v 0.855715 1.9 0.771647
v 0.81516 1.9 0.75715
v 0.776259 1.9 0.738668
v 0.739402 1.9 0.716388
v 0.704958 1.9 0.690533
v 0.673274 1.9 0.661362
v 0.644666 1.9 0.629168
v 0.619423 1.9 0.594273
v 0.597796 1.9 0.557029
v 0.580004 1.9 0.517807
v 0.566224 1.9 0.477003
v 0.556596 1.9 0.435025
v 0.551214 1.9 0.392295
v 0.55 1.9 0.36
v 0.550538 1.9 0.338493
v 0.552151 1.9 0.31704
v 0.55 -0.45 0.36
v 0.554207 0.95 0.3
v 0.550189 0.95 0.347236
v 0.553977 -9.9266e-18 0.301651
v 0.553977 1.9 0.301651
v 0.551739 5.07478e-17 0.321363
v 0.551739 1.9 0.321363
v 0.550428 5.30916e-17 0.34083
v 0.550428 1.64666 0.34083
v 0.553977 0.95 0.301651
v 0.551739 0.95 0.321363
v 0.550428 0.95 0.34083
v 0.55 2.35 0.36
v 0.550189 0.95 0.372764
v 1.40579 0.95 0.3
v 0.550428 0.253343 0.37917
v 0.550428 2.08146 0.37917
v 0.551739 -6.73643e-18 0.398637
v 0.551739 1.9 0.398637
v 0.553977 -9.9266e-18 0.418349
v 0.553977 1.9 0.418349
v 0.557179 -1.29743e-17 0.438244
v 0.557179 1.9 0.438244
v 0.561377 4.42952e-17 0.458257
v 0.561377 1.9 0.458257
v 0.566598 4.23796e-17 0.478318
v 0.566598 1.9 0.478318
v 0.572865 -2.10843e-17 0.498352
v 0.572865 1.9 0.498352
v 0.580191 -2.33852e-17 0.518281
v 0.580191 1.9 0.518281
v 0.588582 3.75099e-17 0.538023
v 0.588582 1.9 0.538023
v 0.598038 3.62167e-17 0.557497
v 0.598038 1.9 0.557497
v 0.608547 3.5105e-17 0.576617
v 0.608547 1.9 0.576617
v 0.620092 -3.01619e-17 0.5953
v 0.620092 1.9 0.5953
v 0.632644 3.34591e-17 0.613464
v 0.632644 1.9 0.613464
v 0.646168 -3.1924e-17 0.631028
v 0.646168 1.9 0.631028
v 0.660619 -3.2369e-17 0.647916
v 0.660619 1.9 0.647916
v 0.675944 3.25177e-17 0.664056
v 0.675944 1.9 0.664056
v 0.692084 3.26228e-17 0.679381
v 0.692084 1.9 0.679381
v 0.708972 3.29375e-17 0.693832
v 0.708972 1.9 0.693832
v 0.726536 3.34591e-17 0.707356
v 0.726536 1.9 0.707356
v 0.7447 -3.01619e-17 0.719908
v 0.7447 1.9 0.719908
v 0.763383 -2.88586e-17 0.731453
v 0.763383 1.9 0.731453
v 0.782503 -2.72865e-17 0.741962
v 0.782503 1.9 0.741962
v 0.801977 3.75099e-17 0.751418
v 0.801977 1.9 0.751418
v 0.821719 -2.33852e-17 0.759809
v 0.821719 1.9 0.759809
v 0.841648 -2.10843e-17 0.767135
v 0.841648 1.9 0.767135
v 0.861682 -1.0333e-16 0.773402
v 0.861682 1.9 0.773402
v 0.881743 4.42952e-17 0.778623
v 0.881743 1.9 0.778623
v 0.901756 4.63369e-17 0.782821
v 0.901756 1.9 0.782821
v 0.921651 -9.9266e-18 0.786023
v 0.921651 1.9 0.786023
v 0.941363 5.07478e-17 0.788261
v 0.941363 1.9 0.788261
v 0.96083 -3.42171e-18 0.789572
v 0.96083 1.9 0.789572
v 0.98 0 0.79
v 0.98 1.9 0.79
v 0.99917 -3.42171e-18 0.789572
v 0.99917 1.9 0.789572
v 1.01864 5.07478e-17 0.788261
v 1.01864 1.9 0.788261
v 1.03835 -9.9266e-18 0.786023
v 1.03835 1.9 0.786023
v 1.05824 4.63369e-17 0.782821
v 1.05824 1.9 0.782821
v 1.07826 1.9 0.778623
v 1.09832 4.23796e-17 0.773402
v 1.09832 1.9 0.773402
v 1.11835 4.06023e-17 0.767135
v 1.11835 1.9 0.767135
v 1.13828 3.89753e-17 0.759809
v 1.13828 1.9 0.759809
v 1.15802 -2.54576e-17 0.751418
v 1.15802 1.9 0.751418
v 1.1775 -2.72865e-17 0.741962
v 1.1775 1.9 0.741962
v 1.19662 -9.90687e-17 0.731453
v 1.19662 1.9 0.731453
v 1.2153 3.41835e-17 0.719908
v 1.2153 1.9 0.719908
v 1.23346 -3.11864e-17 0.707356
v 1.23346 1.9 0.707356
v 1.25103 -3.1924e-17 0.693832
v 1.25103 1.9 0.693832
v 1.26792 -3.2369e-17 0.679381
v 1.26792 1.9 0.679381
v 1.28406 -3.25177e-17 0.664056
v 1.28406 1.9 0.664056
v 1.29938 -3.2369e-17 0.647916
v 1.29938 1.9 0.647916
v 1.31383 3.29375e-17 0.631028
v 1.31383 1.9 0.631028
v 1.32736 3.34591e-17 0.613464
v 1.32736 1.9 0.613464
v 1.33991 -3.01619e-17 0.5953
v 1.33991 1.9 0.5953
v 1.35145 3.5105e-17 0.576617
v 1.35145 1.9 0.576617
v 1.36196 3.62167e-17 0.557497
v 1.36196 1.9 0.557497
v 1.37142 -2.54576e-17 0.538023
v 1.37142 1.9 0.538023
v 1.37981 -2.33852e-17 0.518281
v 1.37981 1.9 0.518281
v 1.38713 -2.10843e-17 0.498352
v 1.38713 1.9 0.498352
v 1.3934 4.23796e-17 0.478318
v 1.3934 1.9 0.478318
v 1.39862 -1.58617e-17 0.458257
v 1.39862 1.9 0.458257
v 1.40282 -1.29743e-17 0.438244
v 1.40282 1.9 0.438244
v 1.40602 -9.9266e-18 0.418349
v 1.40602 1.9 0.418349
v 1.40826 5.07478e-17 0.398637
v 1.40826 1.9 0.398637
v 1.40957 -3.42171e-18 0.37917
v 1.40957 1.9 0.37917
v 1.41 5.55112e-17 0.36
v 1.41 1.9 0.36
v 1.40957 5.30916e-17 0.34083
v 1.40957 1.9 0.34083
v 1.40826 -6.73643e-18 0.321363
v 1.40826 1.9 0.321363
v 1.40602 4.8492e-17 0.301651
v 1.40602 1.9 0.301651
v 0.550428 0.95 0.37917
v 0.551739 0.95 0.398637
v 0.553977 0.95 0.418349
v 0.557179 0.95 0.438244
v 0.561377 0.95 0.458257
v 0.566598 0.95 0.478318
v 0.572865 0.95 0.498352
v 0.580191 0.95 0.518281
v 0.588582 0.95 0.538023
v 0.598038 0.95 0.557497
v 0.608547 0.95 0.576617
v 0.620092 0.95 0.5953
v 0.632644 0.95 0.613464
v 0.646168 0.95 0.631028
v 0.660619 0.95 0.647916
v 0.675944 0.95 0.664056
v 0.692084 0.95 0.679381
v 0.708972 0.95 0.693832
v 0.726536 0.95 0.707356
v 0.7447 0.95 0.719908
v 0.763383 0.95 0.731453
v 0.782503 0.95 0.741962
v 0.801977 0.95 0.751418
v 0.821719 0.95 0.759809
v 0.841648 0.95 0.767135
v 0.861682 0.95 0.773402
v 0.881743 0.95 0.778623
v 0.901756 0.95 0.782821
v 0.921651 0.95 0.786023
v 0.941363 0.95 0.788261
v 0.96083 0.95 0.789572
v 0.98 0.95 0.79
v 0.99917 0.95 0.789572
v 1.01864 0.95 0.788261
v 1.03835 0.95 0.786023
v 1.05824 0.95 0.782821
v 1.07826 0.95 0.778623
v 1.09832 0.95 0.773402
v 1.11835 0.95 0.767135
v 1.13828 0.95 0.759809
v 1.15802 0.95 0.751418
v 1.1775 0.95 0.741962
v 1.19662 0.95 0.731453
v 1.2153 0.95 0.719908
v 1.23346 0.95 0.707356
v 1.25103 0.95 0.693832
v 1.26792 0.95 0.679381
v 1.28406 0.95 0.664056
v 1.29938 0.95 0.647916
v 1.31383 0.95 0.631028
v 1.32736 0.95 0.613464
v 1.33991 0.95 0.5953
v 1.35145 0.95 0.576617
v 1.36196 0.95 0.557497
v 1.37142 0.95 0.538023
v 1.37981 0.95 0.518281
v 1.38713 0.95 0.498352
v 1.3934 0.95 0.478318
v 1.39862 0.95 0.458257
v 1.40282 0.95 0.438244
v 1.40602 0.95 0.418349
v 1.40826 0.95 0.398637
v 1.40957 0.95 0.37917
v 1.41 0.95 0.36
v 1.40957 0.95 0.34083
v 1.40826 0.95 0.321363
v 1.40602 0.95 0.301651
v 2.86 -0.45 0.36
v 2.86431 0.95 0.3
v 2.86044 0.95 0.340886
v 2.86388 4.8492e-17 0.303008
v 2.86388 1.9 0.303008
v 2.8617 5.07478e-17 0.322261
v 2.8617 1.9 0.322261
v 2.86042 0.921617 0.341276
v 2.86042 5.30916e-17 0.341276
v 2.86388 0.95 0.303008
v 2.8617 0.95 0.322261
v 2.86 2.35 0.36
v 2.86019 0.95 0.372763
v 3.69569 0.95 0.3
v 2.86042 0.301664 0.378724
v 2.86042 1.9 0.378724
v 2.8617 -6.73643e-18 0.397739
v 2.8617 1.9 0.397739
v 2.86388 -9.9266e-18 0.416992
v 2.86388 1.9 0.416992
v 2.86701 -1.29743e-17 0.436424
v 2.86701 1.9 0.436424
v 2.87111 -1.58617e-17 0.455972
v 2.87111 1.9 0.455972
v 2.87621 -1.85708e-17 0.475566
v 2.87621 1.9 0.475566
v 2.88233 -2.10843e-17 0.495134
v 2.88233 1.9 0.495134
v 2.88949 -2.33852e-17 0.5146
v 2.88949 1.9 0.5146
v 2.89769 -2.54576e-17 0.533883
v 2.89769 1.9 0.533883
v 2.90692 -2.72865e-17 0.552904
v 2.90692 1.9 0.552904
v 2.91719 3.5105e-17 0.571579
v 2.91719 1.9 0.571579
v 2.92846 3.41835e-17 0.589828
v 2.92846 1.9 0.589828
v 2.94072 3.34591e-17 0.607569
v 2.94072 1.9 0.607569
v 2.95393 3.29375e-17 0.624725
v 2.95393 1.9 0.624725
v 2.96805 3.26228e-17 0.64122
v 2.96805 1.9 0.64122
v 2.98302 3.25177e-17 0.656985
v 2.98302 1.9 0.656985
v 2.99878 3.26228e-17 0.671954
v 2.99878 1.9 0.671954
v 3.01527 -3.1924e-17 0.686068
v 3.01527 1.9 0.686068
v 3.03243 3.34591e-17 0.699278
v 3.03243 1.9 0.699278
v 3.05017 -3.01619e-17 0.711538
v 3.05017 1.9 0.711538
v 3.06842 -2.88586e-17 0.722814
v 3.06842 1.9 0.722814
v 3.0871 -2.72865e-17 0.733079
v 3.0871 1.9 0.733079
v 3.10612 -2.54576e-17 0.742315
v 3.10612 1.9 0.742315
v 3.1254 -2.33852e-17 0.750511
v 3.1254 1.9 0.750511
v 3.14487 -2.10843e-17 0.757667
v 3.14487 1.9 0.757667
v 3.16443 -1.85708e-17 0.763788
v 3.16443 1.9 0.763788
v 3.18403 -1.58617e-17 0.768888
v 3.18403 1.9 0.768888
v 3.20358 -1.29743e-17 0.772988
v 3.20358 1.9 0.772988
v 3.22301 4.8492e-17 0.776115
v 3.22301 1.9 0.776115
v 3.24226 -6.73643e-18 0.778301
v 3.24226 1.9 0.778301
v 3.26128 -3.42171e-18 0.779582
v 3.26128 1.9 0.779582
v 3.28 0 0.78
v 3.28 1.9 0.78
v 3.29872 -3.42171e-18 0.779582
v 3.29872 1.9 0.779582
v 3.31774 -6.73643e-18 0.778301
v 3.31774 1.9 0.778301
v 3.33699 -9.9266e-18 0.776115
v 3.33699 1.9 0.776115
v 3.35642 -1.29743e-17 0.772988
v 3.35642 1.9 0.772988
v 3.37597 -1.58617e-17 0.768888
v 3.37597 1.9 0.768888
v 3.39557 -1.85708e-17 0.763788
v 3.39557 1.9 0.763788
v 3.41513 -2.10843e-17 0.757667
v 3.41513 1.9 0.757667
v 3.4346 3.89753e-17 0.750511
v 3.4346 1.9 0.750511
v 3.45388 -2.54576e-17 0.742315
v 3.45388 1.9 0.742315
v 3.4729 3.62167e-17 0.733079
v 3.4729 1.9 0.733079
v 3.49158 3.5105e-17 0.722814
v 3.49158 1.9 0.722814
v 3.50983 3.41835e-17 0.711538
v 3.50983 1.9 0.711538
v 3.52757 3.34591e-17 0.699278
v 3.52757 1.9 0.699278
v 3.54473 3.29375e-17 0.686068
v 3.54473 1.9 0.686068
v 3.56122 -3.2369e-17 0.671954
v 3.56122 1.9 0.671954
v 3.57698 -3.25177e-17 0.656985
v 3.57698 1.9 0.656985
v 3.59195 3.26228e-17 0.64122
v 3.59195 1.9 0.64122
v 3.60607 -3.1924e-17 0.624725
v 3.60607 1.9 0.624725
v 3.61928 3.34591e-17 0.607569
v 3.61928 1.9 0.607569
v 3.63154 -3.01619e-17 0.589828
v 3.63154 1.9 0.589828
v 3.64281 -9.90687e-17 0.571579
v 3.64281 1.9 0.571579
v 3.65308 -2.72865e-17 0.552904
v 3.65308 1.9 0.552904
v 3.66231 -2.54576e-17 0.533883
v 3.66231 1.9 0.533883
v 3.67051 -2.33852e-17 0.5146
v 3.67051 1.9 0.5146
v 3.67767 4.06023e-17 0.495134
v 3.67767 1.9 0.495134
v 3.68379 -1.85708e-17 0.475566
v 3.68379 1.9 0.475566
v 3.68889 4.42952e-17 0.455972
v 3.68889 1.9 0.455972
v 3.69299 4.63369e-17 0.436424
v 3.69299 1.9 0.436424
v 3.69612 4.8492e-17 0.416992
v 3.69612 1.9 0.416992
v 3.6983 -6.73643e-18 0.397739
v 3.6983 1.9 0.397739
v 3.69958 -3.42171e-18 0.378724
v 3.69958 1.9 0.378724
v 3.7 0 0.36
v 3.7 1.9 0.36
v 3.69958 5.30916e-17 0.341276
v 3.69958 1.9 0.341276
v 3.6983 -6.73643e-18 0.322261
v 3.6983 1.9 0.322261
v 3.69612 -9.9266e-18 0.303008
v 3.69612 1.9 0.303008
v 2.86042 0.95 0.378724
v 2.8617 0.95 0.397739
v 2.86388 0.95 0.416992
v 2.86701 0.95 0.436424
v 2.87111 0.95 0.455972
v 2.87621 0.95 0.475566
v 2.88233 0.95 0.495134
v 2.88949 0.95 0.5146
v 2.89769 0.95 0.533883
v 2.90692 0.95 0.552904
v 2.91719 0.95 0.571579
v 2.92846 0.95 0.589828
v 2.94072 0.95 0.607569
v 2.95393 0.95 0.624725
v 2.96805 0.95 0.64122
v 2.98302 0.95 0.656985
v 2.99878 0.95 0.671954
v 3.01527 0.95 0.686068
v 3.03243 0.95 0.699278
v 3.05017 0.95 0.711538
v 3.06842 0.95 0.722814
v 3.0871 0.95 0.733079
v 3.10612 0.95 0.742315
v 3.1254 0.95 0.750511
v 3.14487 0.95 0.757667
v 3.16443 0.95 0.763788
v 3.18403 0.95 0.768888
v 3.20358 0.95 0.772988
v 3.22301 0.95 0.776115
v 3.24226 0.95 0.778301
v 3.26128 0.95 0.779582
v 3.28 0.95 0.78
v 3.29872 0.95 0.779582
v 3.31774 0.95 0.778301
v 3.33699 0.95 0.776115
v 3.35642 0.95 0.772988
v 3.37597 0.95 0.768888
v 3.39557 0.95 0.763788
v 3.41513 0.95 0.757667
v 3.4346 0.95 0.750511
v 3.45388 0.95 0.742315
v 3.4729 0.95 0.733079
v 3.49158 0.95 0.722814
v 3.50983 0.95 0.711538
v 3.52757 0.95 0.699278
v 3.54473 0.95 0.686068
v 3.56122 0.95 0.671954
v 3.57698 0.95 0.656985
v 3.59195 0.95 0.64122
v 3.60607 0.95 0.624725
v 3.61928 0.95 0.607569
v 3.63154 0.95 0.589828
v 3.64281 0.95 0.571579
v 3.65308 0.95 0.552904
v 3.66231 0.95 0.533883
v 3.67051 0.95 0.5146
v 3.67767 0.95 0.495134
v 3.68379 0.95 0.475566
v 3.68889 0.95 0.455972
v 3.69299 0.95 0.436424
v 3.69612 0.95 0.416992
v 3.6983 0.95 0.397739
v 3.69958 0.95 0.378724
v 3.7 0.95 0.36
v 3.69958 0.95 0.341276
v 3.6983 0.95 0.322261
v 3.69612 0.95 0.303008
vn -0.57735 -0.57735 -0.57735
vn -0.57735 0.57735 -0.57735
vn 0.600305 0.606235 -0.521644
vn 0.754829 -0 -0.655921
vn 0.754829 -0 -0.655921
vn 0.754829 -0 -0.655921
vn 0.754829 -0 -0.655921
vn 0.754829 -0 -0.655921
vn 0.754829 0 -0.655921
vn 0.754829 -0 -0.655921
vn 0.754829 -0 -0.655921
vn 0.754829 -0 -0.655921
vn 0.754829 -0 -0.655921
vn 0.754829 -0 -0.655921
vn 0.754829 0 -0.655921
vn 0.754829 0 -0.655921
vn 0.754829 0 -0.655921
vn 0.754829 0 -0.655921
vn 0.754829 -0 -0.655921
vn 0.600305 -0.606235 -0.521644
vn -0.600305 -0.606235 -0.521644
vn -0.754829 0 -0.655921
vn -0.754829 -0 -0.655921
vn -0.754829 -0 -0.655921
vn -0.754829 -0 -0.655921
vn -0.754829 0 -0.655921
vn -0.754829 0 -0.655921
vn -0.754829 0 -0.655921
vn -0.754829 0 -0.655921
vn -0.754829 -0 -0.655921
vn -0.754829 0 -0.655921
vn -0.754829 0 -0.655921
vn -0.754829 -0 -0.655921
vn -0.754829 -0 -0.655921
vn -0.754829 -0 -0.655921
vn -0.754829 -0 -0.655921
vn -0.754829 -0 -0.655921
vn -0.600305 0.606235 -0.521644
vn 0.600751 0.606977 -0.520266
vn 0.755929 -0 -0.654654
vn 0.755929 -0 -0.654654
vn 0.755929 -0 -0.654654
vn 0.755929 -0 -0.654654
vn 0.755929 0 -0.654654
vn 0.755929 -0 -0.654654
vn 0.755929 -0 -0.654654
vn 0.755929 0 -0.654654
vn 0.755929 0 -0.654654
vn 0.755929 -0 -0.654654
vn 0.755929 0 -0.654654
vn 0.755929 0 -0.654654
vn 0.755929 -0 -0.654654
vn 0.755929 -0 -0.654654
vn 0.755929 0 -0.654654
vn 0.600751 -0.606977 -0.520266
vn -0.600751 -0.606977 -0.520266
vn -0.755929 -0 -0.654654
vn -0.755929 -0 -0.654654
vn -0.755929 -0 -0.654654
vn -0.755929 -0 -0.654654
vn -0.755929 0 -0.654654
vn -0.755929 0 -0.654654
vn -0.755929 0 -0.654654
vn -0.755929 -0 -0.654654
vn -0.755929 0 -0.654654
vn -0.755929 0 -0.654654
vn -0.755929 0 -0.654654
vn -0.755929 -0 -0.654654
vn -0.755929 -0 -0.654654
vn -0.755929 -0 -0.654654
vn -0.755929 -0 -0.654654
vn -0.755929 -0 -0.654654
vn -0.755929 -0 -0.654654
vn -0.600751 0.606977 -0.520266
vn 0.427201 0.498198 -0.754518
vn 0.427201 -0.498198 -0.754518
vn 0.857493 -0 -0.514496
vn 0.831463 -0.5423 0.120748
vn 0.857493 -0 -0.514496
vn 0.857493 -0 -0.514496
vn 0.989619 -0 0.143715
vn 0.857493 -0 -0.514496
vn 0.831463 0.5423 0.120748
vn 0.675725 -0 0.737154
vn 0.460877 -0.454315 0.762359
vn 0.675725 -0 0.737154
vn 0.51735 -0 0.855774
vn 0.675725 -0 0.737154
vn 0.460877 0.454315 0.762359
vn 0.338719 -0 0.940887
vn 0.269319 -0.447495 0.852769
vn 0.338719 -0 0.940887
vn 0.301155 -0 0.953575
vn 0.338719 -0 0.940887
vn 0.269319 0.447495 0.852769
vn 0.263117 -0 0.964764
vn 0.0261208 -0.457402 0.888876
vn 0.263117 -0 0.964764
vn 0.0293737 -0 0.999569
vn 0.263117 -0 0.964764
vn 0.0261208 0.457402 0.888876
vn -0.20601 -0 0.97855
vn 0.166234 -0.476739 0.863184
vn -0.20601 -0 0.97855
vn 0.189108 -0 0.981956
vn -0.20601 -0 0.97855
vn 0.166234 0.476739 0.863184
vn 0.5547 -0 0.83205
vn 0.485134 -0.447252 0.751406
vn 0.5547 -0 0.83205
vn 0.542408 -0 0.840115
vn 0.5547 -0 0.83205
vn 0.485134 0.447252 0.751406
vn 0.529999 -0 0.847998
vn 0.255679 -0.46016 0.850224
vn 0.529999 -0 0.847998
vn 0.287981 -0 0.957636
vn 0.529999 -0 0.847998
vn 0.255679 0.46016 0.850224
vn 0.0256326 -0 0.999671
vn -0.325714 -0.477955 0.815763
vn 0.0256326 -0 0.999671
vn -0.37081 -0 0.928709
vn 0.0256326 -0 0.999671
vn -0.325714 0.477955 0.815763
vn -0.707107 -0 0.707107
vn -0.161885 -0.516896 0.840602
vn -0.707107 -0 0.707107
vn -0.189108 -0 0.981956
vn -0.707107 -0 0.707107
vn -0.161885 0.516896 0.840602
vn 0.393919 -0 0.919145
vn 0.0779513 -0.465643 0.881533
vn 0.393919 -0 0.919145
vn 0.0880833 -0 0.996113
vn 0.393919 -0 0.919145
vn 0.0779513 0.465643 0.881533
vn -0.226513 -0 0.974008
vn -0.406549 -0.458268 0.790385
vn -0.226513 -0 0.974008
vn -0.457406 -0 0.889258
vn -0.226513 -0 0.974008
vn -0.406549 0.458268 0.790385
vn -0.660628 -0 0.750714
vn -0.62713 -0.447768 0.637347
vn -0.660628 -0 0.750714
vn -0.70137 -0 0.712797
vn -0.660628 -0 0.750714
vn -0.62713 0.447768 0.637347
vn -0.73994 -0 0.672673
vn -0.822055 -0.472462 0.317812
vn -0.73994 -0 0.672673
vn -0.932722 0 0.360597
vn -0.73994 -0 0.672673
vn -0.822055 0.472462 0.317812
vn -1 0 -0
vn -1 0 -0
vn -1 0 -0
vn -1 0 -0
vn 0.706547 -0.707107 0.0281293
vn 0.707107 -0.707107 4.51835e-16
vn 0.706222 -0.707107 -0.0353669
vn 0.703569 -0.707107 -0.0706453
vn 0.699155 -0.707107 -0.105747
vn 0.692991 -0.707107 -0.140584
vn 0.685092 -0.707107 -0.175069
vn 0.675478 -0.707107 -0.209115
vn 0.664174 -0.707107 -0.242638
vn 0.651206 -0.707107 -0.275554
vn 0.636609 -0.707107 -0.30778
vn 0.620418 -0.707107 -0.339236
vn 0.602674 -0.707107 -0.369843
vn 0.583422 -0.707107 -0.399523
vn 0.562709 -0.707107 -0.428204
vn 0.540588 -0.707107 -0.455813
vn 0.517113 -0.707107 -0.48228
vn 0.492344 -0.707107 -0.507541
vn 0.466342 -0.707107 -0.531531
vn 0.439173 -0.707107 -0.55419
vn 0.410905 -0.707107 -0.575462
vn 0.381608 -0.707107 -0.595294
vn 0.351356 -0.707107 -0.613636
vn 0.320225 -0.707107 -0.630441
vn 0.288291 -0.707107 -0.645669
vn 0.255637 -0.707107 -0.65928
vn 0.222342 -0.707107 -0.671241
vn 0.188491 -0.707107 -0.681521
vn 0.154167 -0.707107 -0.690096
vn 0.119458 -0.707107 -0.696943
vn 0.0844503 -0.707107 -0.702046
vn 0.0492308 -0.707107 -0.705391
vn 0.0138881 -0.707107 -0.70697
vn -0.0214893 -0.707107 -0.70678
vn -0.056813 -0.707107 -0.704821
vn -0.0919945 -0.707107 -0.701097
vn -0.126946 -0.707107 -0.695618
vn -0.204382 -0.447214 -0.870763
vn -0.195808 -0.707107 -0.679455
vn -0.229547 -0.707107 -0.668811
vn -0.262711 -0.707107 -0.656493
vn -0.295218 -0.707107 -0.642531
vn -0.326985 -0.707107 -0.626961
vn -0.357934 -0.707107 -0.609822
vn -0.387987 -0.707107 -0.591156
vn -0.417069 -0.707107 -0.571011
vn -0.445107 -0.707107 -0.549436
vn -0.472031 -0.707107 -0.526485
vn -0.497773 -0.707107 -0.502217
vn -0.522269 -0.707107 -0.476692
vn -0.545458 -0.707107 -0.449973
vn -0.567281 -0.707107 -0.422128
vn -0.587684 -0.707107 -0.393227
vn -0.606616 -0.707107 -0.363341
vn -0.62403 -0.707107 -0.332545
vn -0.639882 -0.707107 -0.300917
vn -0.654132 -0.707107 -0.268536
vn -0.666744 -0.707107 -0.235483
vn -0.677688 -0.707107 -0.20184
vn -0.686935 -0.707107 -0.167692
vn -0.694462 -0.707107 -0.133124
vn -0.700252 -0.707107 -0.0982227
vn -0.704288 -0.707107 -0.0630758
vn -0.706561 -0.707107 -0.0277709
vn -0.707066 -0.707107 0.00760347
vn -0.705801 -0.707107 0.0429588
vn -0.702769 -0.707107 0.0782066
vn 0.70652 -0.707107 0.0288089
vn 0.707107 -0.707107 -1.05736e-15
vn 0.706179 -0.707107 -0.036209
vn 0.703398 -0.707107 -0.0723229
vn 0.698772 -0.707107 -0.108247
vn 0.692312 -0.707107 -0.143887
vn 0.684036 -0.707107 -0.17915
vn 0.673965 -0.707107 -0.213942
vn 0.662125 -0.707107 -0.248174
vn 0.648548 -0.707107 -0.281754
vn 0.63327 -0.707107 -0.314594
vn 0.616329 -0.707107 -0.34661
vn 0.597772 -0.707107 -0.377715
vn 0.577646 -0.707107 -0.40783
vn 0.556004 -0.707107 -0.436875
vn 0.532903 -0.707107 -0.464773
vn 0.508405 -0.707107 -0.491452
vn 0.482572 -0.707107 -0.516841
vn 0.455473 -0.707107 -0.540874
vn 0.427178 -0.707107 -0.563488
vn 0.397763 -0.707107 -0.584623
vn 0.367305 -0.707107 -0.604225
vn 0.335882 -0.707107 -0.622241
vn 0.303578 -0.707107 -0.638624
vn 0.270478 -0.707107 -0.653331
vn 0.236668 -0.707107 -0.666325
vn 0.202236 -0.707107 -0.677569
vn 0.167275 -0.707107 -0.687037
vn 0.131874 -0.707107 -0.694701
vn 0.0961273 -0.707107 -0.700542
vn 0.0601283 -0.707107 -0.704546
vn 0.0239716 -0.707107 -0.7067
vn -0.012248 -0.707107 -0.707001
vn -0.0484355 -0.707107 -0.705446
vn -0.0844959 -0.707107 -0.70204
vn -0.120335 -0.707107 -0.696792
vn -0.155857 -0.707107 -0.689716
vn -0.190971 -0.707107 -0.68083
vn -0.225584 -0.707107 -0.670158
vn -0.259605 -0.707107 -0.657727
vn -0.292945 -0.707107 -0.643571
vn -0.325516 -0.707107 -0.627725
vn -0.357233 -0.707107 -0.610233
vn -0.388013 -0.707107 -0.59114
vn -0.417774 -0.707107 -0.570495
vn -0.44644 -0.707107 -0.548353
vn -0.473934 -0.707107 -0.524773
vn -0.500184 -0.707107 -0.499816
vn -0.525122 -0.707107 -0.473547
vn -0.548682 -0.707107 -0.446036
vn -0.570803 -0.707107 -0.417354
vn -0.591425 -0.707107 -0.387577
vn -0.610496 -0.707107 -0.356783
vn -0.627965 -0.707107 -0.325054
vn -0.643786 -0.707107 -0.292471
vn -0.657918 -0.707107 -0.259121
vn -0.670324 -0.707107 -0.22509
vn -0.680971 -0.707107 -0.19047
vn -0.689831 -0.707107 -0.155349
vn -0.696881 -0.707107 -0.119821
vn -0.702102 -0.707107 -0.0839785
vn -0.705481 -0.707107 -0.0479157
vn -0.70701 -0.707107 -0.011727
vn -0.706682 -0.707107 0.0244923
vn -0.704501 -0.707107 0.0606474
vn -0.700471 -0.707107 0.0966434
vn -0.70652 0.707107 0.0288089
vn -0.705755 0.707107 -0.0437004
vn -0.697569 0.707107 -0.11575
vn -0.682046 0.707107 -0.186583
vn -0.659351 0.707107 -0.255453
vn -0.629722 0.707107 -0.321637
vn -0.593471 0.707107 -0.384438
vn -0.550978 0.707107 -0.443197
vn -0.502691 0.707107 -0.497294
vn -0.449118 0.707107 -0.546162
vn -0.390821 0.707107 -0.589287
vn -0.328415 0.707107 -0.626214
vn -0.262555 0.707107 -0.656555
vn -0.193933 0.707107 -0.679993
vn -0.123272 0.707107 -0.696279
vn -0.0513153 0.707107 -0.705242
vn 0.0211815 0.707107 -0.706789
vn 0.0934556 0.707107 -0.700904
vn 0.164747 0.707107 -0.687647
vn 0.234306 0.707107 -0.667159
vn 0.3014 0.707107 -0.639654
vn 0.365325 0.707107 -0.605423
vn 0.425408 0.707107 -0.564825
vn 0.481018 0.707107 -0.518287
vn 0.531569 0.707107 -0.466299
vn 0.576529 0.707107 -0.409407
vn 0.615427 0.707107 -0.348209
vn 0.647853 0.707107 -0.28335
vn 0.673465 0.707107 -0.21551
vn 0.691995 0.707107 -0.145404
vn 0.703248 0.707107 -0.0737695
vn 0.707105 0.707107 -0.00135883
vn 1.38778e-18 1 -1.94289e-15
vn 0.705018 0.707107 0.0543135
vn -0.706547 0.707107 0.0281293
vn -0.705817 0.707107 -0.0426896
vn -0.698006 0.707107 -0.11308
vn -0.683194 0.707107 -0.182337
vn -0.661527 0.707107 -0.249764
vn -0.633224 0.707107 -0.314685
vn -0.598569 0.707107 -0.37645
vn -0.55791 0.707107 -0.434438
vn -0.511653 0.707107 -0.488068
vn -0.460264 0.707107 -0.536802
vn -0.404258 0.707107 -0.580151
vn -0.344196 0.707107 -0.61768
vn -0.280681 0.707107 -0.649013
vn -0.214351 0.707107 -0.673835
vn -0.14587 0.707107 -0.691897
vn -0.0759261 0.707107 -0.703019
vn -0.00522045 0.707107 -0.707088
vn 0.0655376 0.707107 -0.704063
vn 0.135638 0.707107 -0.693976
vn 0.204378 0.707107 -0.676927
vn 0.271068 0.707107 -0.653087
vn 0.335038 0.707107 -0.622695
vn 0.395648 0.707107 -0.586057
vn 0.452288 0.707107 -0.54354
vn 0.504391 0.707107 -0.49557
vn 0.551434 0.707107 -0.442629
vn 0.592946 0.707107 -0.385247
vn 0.628509 0.707107 -0.324001
vn 0.657767 0.707107 -0.259504
vn 0.680427 0.707107 -0.192404
vn 0.696261 0.707107 -0.123374
vn 0.70511 0.707107 -0.0531065
vn 0 1 -1.9984e-15
vn 0.706222 0.707107 0.0353669
vn 0.703569 0.707107 0.0706453
vn 1 -0 5.47707e-16
vn 0.990217 -0 0.139535
vn 0.999559 -0 0.0296847
vn 0.990751 -0 0.135695
vn 0.990751 -0 0.135695
vn 0.995955 -0 0.0898544
vn 0.995955 -0 0.0898544
vn 0.999006 -0 0.0445802
vn 0.999006 -0 0.0445802
vn 0.990751 -0 0.135695
vn 0.995955 -0 0.0898544
vn 0.999006 -0 0.0445802
vn 1 -0 -0
vn 0.999559 -0 -0.0296847
vn -0.990217 -0 0.139535
vn 0.999006 -0 -0.0445802
vn 0.999006 -0 -0.0445802
vn 0.995955 -0 -0.0898544
vn 0.995955 -0 -0.0898544
vn 0.990751 -0 -0.135695
vn 0.990751 -0 -0.135695
vn 0.983305 -0 -0.181963
vn 0.983305 -0 -0.181963
vn 0.973543 -0 -0.228505
vn 0.973543 -0 -0.228505
vn 0.961399 -0 -0.275158
vn 0.961399 -0 -0.275158
vn 0.946825 -0 -0.321749
vn 0.946825 -0 -0.321749
vn 0.929788 -0 -0.368095
vn 0.929788 -0 -0.368095
vn 0.910273 -0 -0.414008
vn 0.910273 -0 -0.414008
vn 0.888284 -0 -0.459295
vn 0.888284 -0 -0.459295
vn 0.863844 -0 -0.50376
vn 0.863844 -0 -0.50376
vn 0.836996 -0 -0.54721
vn 0.836996 -0 -0.54721
vn 0.807804 -0 -0.589451
vn 0.807804 -0 -0.589451
vn 0.776353 -0 -0.630298
vn 0.776353 -0 -0.630298
vn 0.742747 -0 -0.669572
vn 0.742747 -0 -0.669572
vn 0.707107 -0 -0.707107
vn 0.707107 -0 -0.707107
vn 0.669572 -0 -0.742747
vn 0.669572 -0 -0.742747
vn 0.630298 -0 -0.776353
vn 0.630298 -0 -0.776353
vn 0.589451 -0 -0.807804
vn 0.589451 -0 -0.807804
vn 0.54721 -0 -0.836996
vn 0.54721 -0 -0.836996
vn 0.50376 -0 -0.863844
vn 0.50376 -0 -0.863844
vn 0.459295 -0 -0.888284
vn 0.459295 -0 -0.888284
vn 0.414008 -0 -0.910273
vn 0.414008 -0 -0.910273
vn 0.368095 -0 -0.929788
vn 0.368095 -0 -0.929788
vn 0.321749 -0 -0.946825
vn 0.321749 -0 -0.946825
vn 0.275158 -0 -0.961399
vn 0.275158 -0 -0.961399
vn 0.228505 -0 -0.973543
vn 0.228505 -0 -0.973543
vn 0.181963 -0 -0.983305
vn 0.181963 -0 -0.983305
vn 0.135695 -0 -0.990751
vn 0.135695 -0 -0.990751
vn 0.0898544 -0 -0.995955
vn 0.0898544 -0 -0.995955
vn 0.0445802 -0 -0.999006
vn 0.0445802 -0 -0.999006
vn -4.56422e-16 0 -1
vn -9.12844e-17 0 -1
vn -0.0445802 0 -0.999006
vn -0.0445802 0 -0.999006
vn -0.0898544 0 -0.995955
vn -0.0898544 0 -0.995955
vn -0.135695 0 -0.990751
vn -0.135695 0 -0.990751
vn -0.181963 0 -0.983305
vn -0.181963 0 -0.983305
vn -0.228505 0 -0.973543
vn -0.275158 0 -0.961399
vn -0.275158 0 -0.961399
vn -0.321749 0 -0.946825
vn -0.321749 0 -0.946825
vn -0.368095 0 -0.929788
vn -0.368095 0 -0.929788
vn -0.414008 0 -0.910273
vn -0.414008 0 -0.910273
vn -0.459295 0 -0.888284
vn -0.459295 0 -0.888284
vn -0.50376 0 -0.863844
vn -0.50376 0 -0.863844
vn -0.54721 0 -0.836996
vn -0.54721 0 -0.836996
vn -0.589451 0 -0.807804
vn -0.589451 0 -0.807804
vn -0.630298 0 -0.776353
vn -0.630298 0 -0.776353
vn -0.669572 0 -0.742747
vn -0.669572 0 -0.742747
vn -0.707107 0 -0.707107
vn -0.707107 0 -0.707107
vn -0.742747 0 -0.669572
vn -0.742747 0 -0.669572
vn -0.776353 0 -0.630298
vn -0.776353 0 -0.630298
vn -0.807804 0 -0.589451
vn -0.807804 0 -0.589451
vn -0.836996 0 -0.54721
vn -0.836996 0 -0.54721
vn -0.863844 0 -0.50376
vn -0.863844 0 -0.50376
vn -0.888284 0 -0.459295
vn -0.888284 0 -0.459295
vn -0.910273 0 -0.414008
vn -0.910273 0 -0.414008
vn -0.929788 0 -0.368095
vn -0.929788 0 -0.368095
vn -0.946825 0 -0.321749
vn -0.946825 0 -0.321749
vn -0.961399 0 -0.275158
vn -0.961399 0 -0.275158
vn -0.973543 0 -0.228505
vn -0.973543 0 -0.228505
vn -0.983305 0 -0.181963
vn -0.983305 0 -0.181963
vn -0.990751 0 -0.135695
vn -0.990751 0 -0.135695
vn -0.995955 0 -0.0898544
vn -0.995955 0 -0.0898544
vn -0.999006 0 -0.0445802
vn -0.999006 0 -0.0445802
vn -1 0 -5.47707e-16
vn -1 0 -1.82569e-16
vn -0.999006 -0 0.0445802
vn -0.999006 -0 0.0445802
vn -0.995955 -0 0.0898544
vn -0.995955 -0 0.0898544
vn -0.990751 -0 0.135695
vn -0.990751 -0 0.135695
vn 0.999006 -0 -0.0445802
vn 0.995955 -0 -0.0898544
vn 0.990751 -0 -0.135695
vn 0.983305 -0 -0.181963
vn 0.973543 -0 -0.228505
vn 0.961399 -0 -0.275158
vn 0.946825 -0 -0.321749
vn 0.929788 -0 -0.368095
vn 0.910273 -0 -0.414008
vn 0.888284 -0 -0.459295
vn 0.863844 -0 -0.50376
vn 0.836996 -0 -0.54721
vn 0.807804 -0 -0.589451
vn 0.776353 -0 -0.630298
vn 0.742747 -0 -0.669572
vn 0.707107 -0 -0.707107
vn 0.669572 -0 -0.742747
vn 0.630298 -0 -0.776353
vn 0.589451 -0 -0.807804
vn 0.54721 -0 -0.836996
vn 0.50376 -0 -0.863844
vn 0.459295 -0 -0.888284
vn 0.414008 -0 -0.910273
vn 0.368095 -0 -0.929788
vn 0.321749 -0 -0.946825
vn 0.275158 -0 -0.961399
vn 0.228505 -0 -0.973543
vn 0.181963 -0 -0.983305
vn 0.135695 -0 -0.990751
vn 0.0898544 -0 -0.995955
vn 0.0445802 -0 -0.999006
vn 9.12844e-17 -0 -1
vn -0.0445802 0 -0.999006
vn -0.0898544 0 -0.995955
vn -0.135695 0 -0.990751
vn -0.181963 0 -0.983305
vn -0.228505 0 -0.973543
vn -0.275158 0 -0.961399
vn -0.321749 0 -0.946825
vn -0.368095 0 -0.929788
vn -0.414008 0 -0.910273
vn -0.459295 0 -0.888284
vn -0.50376 0 -0.863844
vn -0.54721 0 -0.836996
vn -0.589451 0 -0.807804
vn -0.630298 0 -0.776353
vn -0.669572 0 -0.742747
vn -0.707107 0 -0.707107
vn -0.742747 0 -0.669572
vn -0.776353 0 -0.630298
vn -0.807804 0 -0.589451
vn -0.836996 0 -0.54721
vn -0.863844 0 -0.50376
vn -0.888284 0 -0.459295
vn -0.910273 0 -0.414008
vn -0.929788 0 -0.368095
vn -0.946825 0 -0.321749
vn -0.961399 0 -0.275158
vn -0.973543 0 -0.228505
vn -0.983305 0 -0.181963
vn -0.990751 0 -0.135695
vn -0.995955 0 -0.0898544
vn -0.999006 0 -0.0445802
vn -1 0 -3.65138e-16
vn -0.999006 -0 0.0445802
vn -0.995955 -0 0.0898544
vn -0.990751 -0 0.135695
vn 1 -0 -7.47663e-16
vn 0.989743 -0 0.142857
vn 0.998964 -0 0.0455105
vn 0.990751 -0 0.135695
vn 0.990751 -0 0.135695
vn 0.995955 -0 0.0898544
vn 0.995955 -0 0.0898544
vn 0.999006 -0 0.0445802
vn 0.999006 -0 0.0445802
vn 0.990751 -0 0.135695
vn 0.995955 -0 0.0898544
vn 1 -0 7.47663e-16
vn 0.999538 -0 -0.030389
vn -0.989743 -0 0.142857
vn 0.999006 -0 -0.0445802
vn 0.999006 -0 -0.0445802
vn 0.995955 -0 -0.0898544
vn 0.995955 -0 -0.0898544
vn 0.990751 -0 -0.135695
vn 0.990751 -0 -0.135695
vn 0.983305 -0 -0.181963
vn 0.983305 -0 -0.181963
vn 0.973543 -0 -0.228505
vn 0.973543 -0 -0.228505
vn 0.961399 -0 -0.275158
vn 0.961399 -0 -0.275158
vn 0.946825 -0 -0.321749
vn 0.946825 -0 -0.321749
vn 0.929788 -0 -0.368095
vn 0.929788 -0 -0.368095
vn 0.910273 -0 -0.414008
vn 0.910273 -0 -0.414008
vn 0.888284 -0 -0.459295
vn 0.888284 -0 -0.459295
vn 0.863844 -0 -0.50376
vn 0.863844 -0 -0.50376
vn 0.836996 -0 -0.54721
vn 0.836996 -0 -0.54721
vn 0.807804 -0 -0.589451
vn 0.807804 -0 -0.589451
vn 0.776353 -0 -0.630298
vn 0.776353 -0 -0.630298
vn 0.742747 -0 -0.669572
vn 0.742747 -0 -0.669572
vn 0.707107 -0 -0.707107
vn 0.707107 -0 -0.707107
vn 0.669572 -0 -0.742747
vn 0.669572 -0 -0.742747
vn 0.630298 -0 -0.776353
vn 0.630298 -0 -0.776353
vn 0.589451 -0 -0.807804
vn 0.589451 -0 -0.807804
vn 0.54721 -0 -0.836996
vn 0.54721 -0 -0.836996
vn 0.50376 -0 -0.863844
vn 0.50376 -0 -0.863844
vn 0.459295 -0 -0.888284
vn 0.459295 -0 -0.888284
vn 0.414008 -0 -0.910273
vn 0.414008 -0 -0.910273
vn 0.368095 -0 -0.929788
vn 0.368095 -0 -0.929788
vn 0.321749 -0 -0.946825
vn 0.321749 -0 -0.946825
vn 0.275158 -0 -0.961399
vn 0.275158 -0 -0.961399
vn 0.228505 -0 -0.973543
vn 0.228505 -0 -0.973543
vn 0.181963 -0 -0.983305
vn 0.181963 -0 -0.983305
vn 0.135695 -0 -0.990751
vn 0.135695 -0 -0.990751
vn 0.0898544 -0 -0.995955
vn 0.0898544 -0 -0.995955
vn 0.0445802 -0 -0.999006
vn 0.0445802 -0 -0.999006
vn -9.34579e-17 0 -1
vn -1.86916e-16 0 -1
vn -0.0445802 0 -0.999006
vn -0.0445802 0 -0.999006
vn -0.0898544 0 -0.995955
vn -0.0898544 0 -0.995955
vn -0.135695 0 -0.990751
vn -0.135695 0 -0.990751
vn -0.181963 0 -0.983305
vn -0.181963 0 -0.983305
vn -0.228505 0 -0.973543
vn -0.228505 0 -0.973543
vn -0.275158 0 -0.961399
vn -0.275158 0 -0.961399
vn -0.321749 0 -0.946825
vn -0.321749 0 -0.946825
vn -0.368095 0 -0.929788
vn -0.368095 0 -0.929788
vn -0.414008 0 -0.910273
vn -0.414008 0 -0.910273
vn -0.459295 0 -0.888284
vn -0.459295 0 -0.888284
vn -0.50376 0 -0.863844
vn -0.50376 0 -0.863844
vn -0.54721 0 -0.836996
vn -0.54721 0 -0.836996
vn -0.589451 0 -0.807804
vn -0.589451 0 -0.807804
vn -0.630298 0 -0.776353
vn -0.630298 0 -0.776353
vn -0.669572 0 -0.742747
vn -0.669572 0 -0.742747
vn -0.707107 0 -0.707107
vn -0.707107 0 -0.707107
vn -0.742747 0 -0.669572
vn -0.742747 0 -0.669572
vn -0.776353 0 -0.630298
vn -0.776353 0 -0.630298
vn -0.807804 0 -0.589451
vn -0.807804 0 -0.589451
vn -0.836996 0 -0.54721
vn -0.836996 0 -0.54721
vn -0.863844 0 -0.50376
vn -0.863844 0 -0.50376
vn -0.888284 0 -0.459295
vn -0.888284 0 -0.459295
vn -0.910273 0 -0.414008
vn -0.910273 0 -0.414008
vn -0.929788 0 -0.368095
vn -0.929788 0 -0.368095
vn -0.946825 0 -0.321749
vn -0.946825 0 -0.321749
vn -0.961399 0 -0.275158
vn -0.961399 0 -0.275158
vn -0.973543 0 -0.228505
vn -0.973543 0 -0.228505
vn -0.983305 0 -0.181963
vn -0.983305 0 -0.181963
vn -0.990751 0 -0.135695
vn -0.990751 0 -0.135695
vn -0.995955 0 -0.0898544
vn -0.995955 0 -0.0898544
vn -0.999006 0 -0.0445802
vn -0.999006 0 -0.0445802
vn -1 0 -0
vn -1 0 -7.47663e-16
vn -0.999006 -0 0.0445802
vn -0.999006 -0 0.0445802
vn -0.995955 -0 0.0898544
vn -0.995955 -0 0.0898544
vn -0.990751 -0 0.135695
vn -0.990751 -0 0.135695
vn 0.999006 -0 -0.0445802
vn 0.995955 -0 -0.0898544
vn 0.990751 -0 -0.135695
vn 0.983305 -0 -0.181963
vn 0.973543 -0 -0.228505
vn 0.961399 -0 -0.275158
vn 0.946825 -0 -0.321749
vn 0.929788 -0 -0.368095
vn 0.910273 -0 -0.414008
vn 0.888284 -0 -0.459295
vn 0.863844 -0 -0.50376
vn 0.836996 -0 -0.54721
vn 0.807804 -0 -0.589451
vn 0.776353 -0 -0.630298
vn 0.742747 -0 -0.669572
vn 0.707107 -0 -0.707107
vn 0.669572 -0 -0.742747
vn 0.630298 -0 -0.776353
vn 0.589451 -0 -0.807804
vn 0.54721 -0 -0.836996
vn 0.50376 -0 -0.863844
vn 0.459295 -0 -0.888284
vn 0.414008 -0 -0.910273
vn 0.368095 -0 -0.929788
vn 0.321749 -0 -0.946825
vn 0.275158 -0 -0.961399
vn 0.228505 -0 -0.973543
vn 0.181963 -0 -0.983305
vn 0.135695 -0 -0.990751
vn 0.0898544 -0 -0.995955
vn 0.0445802 -0 -0.999006
vn -0 -0 -1
vn -0.0445802 0 -0.999006
vn -0.0898544 0 -0.995955
vn -0.135695 0 -0.990751
vn -0.181963 0 -0.983305
vn -0.228505 0 -0.973543
vn -0.275158 0 -0.961399
vn -0.321749 0 -0.946825
vn -0.368095 0 -0.929788
vn -0.414008 0 -0.910273
vn -0.459295 0 -0.888284
vn -0.50376 0 -0.863844
vn -0.54721 0 -0.836996
vn -0.589451 0 -0.807804
vn -0.630298 0 -0.776353
vn -0.669572 0 -0.742747
vn -0.707107 0 -0.707107
vn -0.742747 0 -0.669572
vn -0.776353 0 -0.630298
vn -0.807804 0 -0.589451
vn -0.836996 0 -0.54721
vn -0.863844 0 -0.50376
vn -0.888284 0 -0.459295
vn -0.910273 0 -0.414008
vn -0.929788 0 -0.368095
vn -0.946825 0 -0.321749
vn -0.961399 0 -0.275158
vn -0.973543 0 -0.228505
vn -0.983305 0 -0.181963
vn -0.990751 0 -0.135695
vn -0.995955 0 -0.0898544
vn -0.999006 0 -0.0445802
vn -1 0 -1.49533e-15
vn -0.999006 -0 0.0445802
vn -0.995955 -0 0.0898544
vn -0.990751 -0 0.135695
g Body_plastic-blue
usemtl plastic-blue
f 1//1 19//19 20//20
f 1//1 18//18 19//19
f 1//1 17//17 18//18
f 1//1 16//16 17//17
f 1//1 15//15 16//16
f 1//1 14//14 15//15
f 1//1 13//13 14//14
f 1//1 12//12 13//13
f 1//1 11//11 12//12
f 1//1 10//10 11//11
f 1//1 9//9 10//10
f 1//1 8//8 9//9
f 1//1 7//7 8//8
f 1//1 6//6 7//7
f 1//1 5//5 6//6
f 1//1 4//4 5//5
f 1//1 3//3 4//4
f 3//3 1//1 2//2
f 21//21 54//54 55//55
f 21//21 53//53 54//54
f 21//21 52//52 53//53
f 21//21 51//51 52//52
f 21//21 50//50 51//51
f 21//21 49//49 50//50
f 21//21 48//48 49//49
f 21//21 47//47 48//48
f 21//21 46//46 47//47
f 21//21 45//45 46//46
f 21//21 44//44 45//45
f 21//21 43//43 44//44
f 21//21 42//42 43//43
f 21//21 41//41 42//42
f 21//21 40//40 41//41
f 21//21 39//39 40//40
f 39//39 37//37 38//38
f 39//39 36//36 37//37
f 39//39 35//35 36//36
f 39//39 34//34 35//35
f 39//39 33//33 34//34
f 39//39 32//32 33//33
f 39//39 31//31 32//32
f 39//39 30//30 31//31
f 39//39 29//29 30//30
f 39//39 28//28 29//29
f 39//39 27//27 28//28
f 39//39 26//26 27//27
f 39//39 25//25 26//26
f 39//39 24//24 25//25
f 39//39 23//23 24//24
f 39//39 22//22 23//23
f 39//39 21//21 22//22
f 56//56 75//75 76//76
f 75//75 73//73 74//74
f 75//75 72//72 73//73
f 75//75 71//71 72//72
f 75//75 70//70 71//71
f 75//75 69//69 70//70
f 75//75 68//68 69//69
f 75//75 67//67 68//68
f 75//75 66//66 67//67
f 75//75 65//65 66//66
f 75//75 64//64 65//65
f 56//56 64//64 75//75
f 64//64 56//56 63//63
f 76//76 80//80 77//77
f 76//76 79//79 80//80
f 77//77 81//81 78//78
f 77//77 80//80 81//81
f 79//79 82//82 80//80
f 79//79 75//75 82//82
f 80//80 83//83 81//81
f 80//80 82//82 83//83
f 78//78 86//86 84//84
f 78//78 81//81 86//86
f 84//84 87//87 85//85
f 84//84 86//86 87//87
f 81//81 88//88 86//86
f 81//81 83//83 88//88
f 86//86 89//89 87//87
f 86//86 88//88 89//89
f 85//85 92//92 90//90
f 85//85 87//87 92//92
f 90//90 93//93 91//91
f 90//90 92//92 93//93
f 87//87 94//94 92//92
f 87//87 89//89 94//94
f 92//92 95//95 93//93
f 92//92 94//94 95//95
f 91//91 98//98 96//96
f 91//91 93//93 98//98
f 96//96 99//99 97//97
f 96//96 98//98 99//99
f 93//93 100//100 98//98
f 93//93 95//95 100//100
f 98//98 101//101 99//99
f 98//98 100//100 101//101
f 97//97 104//104 102//102
f 97//97 99//99 104//104
f 102//102 105//105 103//103
f 102//102 104//104 105//105
f 99//99 106//106 104//104
f 99//99 101//101 106//106
f 104//104 107//107 105//105
f 104//104 106//106 107//107
f 103//103 110//110 108//108
f 103//103 105//105 110//110
f 108//108 111//111 109//109
f 108//108 110//110 111//111
f 105//105 112//112 110//110
f 105//105 107//107 112//112
f 110//110 113//113 111//111
f 110//110 112//112 113//113
f 115//115 122//122 120//120
f 115//115 117//117 122//122
f 120//120 123//123 121//121
f 120//120 122//122 123//123
f 117//117 124//124 122//122
f 117//117 119//119 124//124
f 122//122 125//125 123//123
f 122//122 124//124 125//125
f 127//127 134//134 132//132
f 127//127 129//129 134//134
f 132//132 135//135 133//133
f 132//132 134//134 135//135
f 129//129 136//136 134//134
f 129//129 131//131 136//136
f 134//134 137//137 135//135
f 134//134 136//136 137//137
f 133//133 140//140 138//138
f 133//133 135//135 140//140
f 138//138 141//141 139//139
f 138//138 140//140 141//141
f 135//135 142//142 140//140
f 135//135 137//137 142//142
f 140//140 143//143 141//141
f 140//140 142//142 143//143
f 139//139 146//146 144//144
f 139//139 141//141 146//146
f 144//144 147//147 145//145
f 144//144 146//146 147//147
f 141//141 148//148 146//146
f 141//141 143//143 148//148
f 146//146 149//149 147//147
f 146//146 148//148 149//149
f 145//145 152//152 150//150
f 145//145 147//147 152//152
f 150//150 153//153 151//151
f 150//150 152//152 153//153
f 147//147 154//154 152//152
f 147//147 149//149 154//154
f 152//152 155//155 153//153
f 152//152 154//154 155//155
f 151//151 157//157 156//156
f 151//151 153//153 157//157
f 156//156 158//158 1//1
f 156//156 157//157 158//158
f 153//153 159//159 157//157
f 153//153 155//155 159//159
f 157//157 2//2 158//158
f 157//157 159//159 2//2
f 56//56 76//76 78//78
f 56//56 78//78 85//85
f 85//85 91//91 97//97
f 85//85 97//97 103//103
f 103//103 109//109 115//115
f 103//103 115//115 121//121
f 103//103 121//121 127//127
f 85//85 103//103 127//127
f 127//127 133//133 139//139
f 127//127 139//139 145//145
f 127//127 145//145 151//151
f 151//151 1//1 20//20
f 151//151 20//20 160//160
f 151//151 160//160 161//161
f 151//151 161//161 162//162
f 151//151 162//162 163//163
f 151//151 163//163 164//164
f 151//151 164//164 165//165
f 151//151 165//165 166//166
f 151//151 166//166 167//167
f 151//151 167//167 168//168
f 151//151 168//168 169//169
f 151//151 169//169 170//170
f 151//151 170//170 171//171
f 151//151 171//171 172//172
f 151//151 172//172 173//173
f 151//151 173//173 174//174
f 151//151 174//174 175//175
f 151//151 175//175 176//176
f 151//151 176//176 177//177
f 151//151 177//177 178//178
f 151//151 178//178 179//179
f 151//151 179//179 180//180
f 151//151 180//180 181//181
f 151//151 181//181 182//182
f 127//127 151//151 182//182
f 127//127 182//182 183//183
f 127//127 183//183 184//184
f 127//127 184//184 185//185
f 127//127 185//185 186//186
f 127//127 186//186 187//187
f 127//127 187//187 188//188
f 127//127 188//188 189//189
f 127//127 189//189 190//190
f 127//127 190//190 191//191
f 127//127 191//191 192//192
f 127//127 192//192 193//193
f 127//127 193//193 194//194
f 127//127 194//194 195//195
f 127//127 195//195 196//196
f 127//127 196//196 197//197
f 127//127 197//197 198//198
f 127//127 198//198 199//199
f 127//127 199//199 200//200
f 127//127 200//200 201//201
f 127//127 201//201 202//202
f 127//127 202//202 203//203
f 127//127 203//203 204//204
f 127//127 204//204 205//205
f 127//127 205//205 206//206
f 127//127 206//206 207//207
f 127//127 207//207 208//208
f 127//127 208//208 209//209
f 127//127 209//209 210//210
f 127//127 210//210 211//211
f 127//127 211//211 212//212
f 226//226 21//21 55//55
f 225//225 226//226 55//55
f 224//224 225//225 55//55
f 223//223 224//224 55//55
f 222//222 223//223 55//55
f 221//221 222//222 55//55
f 220//220 221//221 55//55
f 219//219 220//220 55//55
f 218//218 219//219 55//55
f 217//217 218//218 55//55
f 216//216 217//217 55//55
f 215//215 216//216 55//55
f 214//214 215//215 55//55
f 213//213 214//214 55//55
f 212//212 213//213 55//55
f 127//127 212//212 55//55
f 127//127 55//55 227//227
f 127//127 227//227 228//228
f 127//127 228//228 229//229
f 127//127 229//229 230//230
f 127//127 230//230 231//231
f 127//127 231//231 232//232
f 127//127 232//232 233//233
f 127//127 233//233 234//234
f 127//127 234//234 235//235
f 127//127 235//235 236//236
f 127//127 236//236 237//237
f 127//127 237//237 238//238
f 127//127 238//238 239//239
f 127//127 239//239 240//240
f 127//127 240//240 241//241
f 127//127 241//241 242//242
f 127//127 242//242 243//243
f 127//127 243//243 244//244
f 127//127 244//244 245//245
f 127//127 245//245 246//246
f 127//127 246//246 247//247
f 127//127 247//247 248//248
f 127//127 248//248 249//249
f 127//127 249//249 250//250
f 127//127 250//250 251//251
f 127//127 251//251 252//252
f 127//127 252//252 253//253
f 127//127 253//253 254//254
f 127//127 254//254 255//255
f 127//127 255//255 256//256
f 127//127 256//256 257//257
f 127//127 257//257 258//258
f 127//127 258//258 259//259
f 127//127 259//259 260//260
f 85//85 127//127 260//260
f 85//85 260//260 261//261
f 85//85 261//261 262//262
f 85//85 262//262 263//263
f 85//85 263//263 264//264
f 85//85 264//264 265//265
f 85//85 265//265 266//266
f 85//85 266//266 267//267
f 85//85 267//267 268//268
f 85//85 268//268 269//269
f 85//85 269//269 270//270
f 85//85 270//270 271//271
f 85//85 271//271 272//272
f 85//85 272//272 273//273
f 85//85 273//273 274//274
f 85//85 274//274 275//275
f 85//85 275//275 276//276
f 85//85 276//276 277//277
f 85//85 277//277 278//278
f 85//85 278//278 279//279
f 85//85 279//279 280//280
f 85//85 280//280 281//281
f 85//85 281//281 282//282
f 85//85 282//282 283//283
f 85//85 283//283 284//284
f 85//85 284//284 285//285
f 85//85 285//285 286//286
f 85//85 286//286 287//287
f 85//85 287//287 288//288
f 85//85 288//288 289//289
f 85//85 289//289 290//290
f 85//85 290//290 291//291
f 85//85 291//291 292//292
f 85//85 292//292 56//56
f 3//3 2//2 155//155
f 3//3 155//155 149//149
f 149//149 143//143 137//137
f 149//149 137//137 131//131
f 131//131 125//125 119//119
f 131//131 119//119 113//113
f 131//131 113//113 107//107
f 107//107 101//101 95//95
f 131//131 107//107 95//95
f 131//131 95//95 89//89
f 89//89 83//83 75//75
f 89//89 75//75 74//74
f 89//89 74//74 293//293
f 89//89 293//293 294//294
f 89//89 294//294 295//295
f 89//89 295//295 296//296
f 89//89 296//296 297//297
f 89//89 297//297 298//298
f 89//89 298//298 299//299
f 89//89 299//299 300//300
f 89//89 300//300 301//301
f 89//89 301//301 302//302
f 89//89 302//302 303//303
f 89//89 303//303 304//304
f 89//89 304//304 305//305
f 89//89 305//305 306//306
f 89//89 306//306 307//307
f 89//89 307//307 308//308
f 131//131 89//89 308//308
f 131//131 308//308 309//309
f 131//131 309//309 310//310
f 131//131 310//310 311//311
f 131//131 311//311 312//312
f 131//131 312//312 313//313
f 131//131 313//313 314//314
f 131//131 314//314 315//315
f 131//131 315//315 316//316
f 131//131 316//316 317//317
f 131//131 317//317 318//318
f 131//131 318//318 319//319
f 131//131 319//319 320//320
f 131//131 320//320 321//321
f 131//131 321//321 322//322
f 131//131 322//322 323//323
f 131//131 323//323 324//324
f 131//131 324//324 325//325
f 131//131 325//325 326//326
f 131//131 326//326 39//39
f 39//39 38//38 327//327
f 39//39 327//327 328//328
f 39//39 328//328 329//329
f 39//39 329//329 330//330
f 39//39 330//330 331//331
f 39//39 331//331 332//332
f 39//39 332//332 333//333
f 131//131 39//39 333//333
f 131//131 333//333 334//334
f 131//131 334//334 335//335
f 131//131 335//335 336//336
f 131//131 336//336 337//337
f 131//131 337//337 338//338
f 131//131 338//338 339//339
f 131//131 339//339 340//340
f 131//131 340//340 341//341
f 131//131 341//341 342//342
f 131//131 342//342 343//343
f 131//131 343//343 344//344
f 131//131 344//344 345//345
f 149//149 131//131 345//345
f 149//149 345//345 346//346
f 149//149 346//346 347//347
f 149//149 347//347 348//348
f 149//149 348//348 349//349
f 149//149 349//349 350//350
f 149//149 350//350 351//351
f 149//149 351//351 352//352
f 149//149 352//352 353//353
f 149//149 353//353 354//354
f 149//149 354//354 355//355
f 149//149 355//355 356//356
f 149//149 356//356 357//357
f 149//149 357//357 358//358
f 149//149 358//358 359//359
f 149//149 359//359 360//360
f 149//149 360//360 361//361
f 149//149 361//361 3//3
f 362//362 373//373 364//364
f 373//373 160//160 369//369
f 362//362 160//160 373//373
f 362//362 161//161 160//160
f 364//364 373//373 370//370
f 373//373 360//360 370//370
f 373//373 368//368 360//360
f 368//368 373//373 372//372
f 372//372 361//361 368//368
f 372//372 366//366 361//361
f 366//366 372//372 371//371
f 371//371 3//3 366//366
f 371//371 4//4 3//3
f 371//371 5//5 4//4
f 371//371 6//6 5//5
f 371//371 7//7 6//6
f 371//371 8//8 7//7
f 371//371 9//9 8//8
f 371//371 10//10 9//9
f 371//371 11//11 10//10
f 371//371 12//12 11//11
f 371//371 13//13 12//12
f 13//13 371//371 363//363
f 371//371 14//14 363//363
f 371//371 15//15 14//14
f 371//371 16//16 15//15
f 371//371 17//17 16//16
f 371//371 18//18 17//17
f 371//371 19//19 18//18
f 371//371 20//20 19//19
f 20//20 371//371 365//365
f 371//371 367//367 365//365
f 367//367 371//371 372//372
f 372//372 369//369 367//367
f 369//369 372//372 373//373
f 377//377 379//379 162//162
f 377//377 511//511 379//379
f 511//511 377//377 510//510
f 511//511 163//163 379//379
f 511//511 381//381 163//163
f 381//381 511//511 512//512
f 512//512 164//164 381//381
f 512//512 383//383 164//164
f 383//383 512//512 513//513
f 513//513 165//165 383//383
f 513//513 385//385 165//165
f 385//385 513//513 514//514
f 514//514 166//166 385//385
f 514//514 387//387 166//166
f 387//387 514//514 515//515
f 515//515 167//167 387//387
f 515//515 389//389 167//167
f 389//389 515//515 516//516
f 516//516 168//168 389//389
f 516//516 391//391 168//168
f 391//391 516//516 517//517
f 517//517 169//169 391//391
f 517//517 393//393 169//169
f 393//393 517//517 518//518
f 518//518 170//170 393//393
f 518//518 395//395 170//170
f 395//395 518//518 519//519
f 519//519 171//171 395//395
f 519//519 397//397 171//171
f 397//397 519//519 520//520
f 520//520 172//172 397//397
f 520//520 399//399 172//172
f 399//399 520//520 521//521
f 521//521 173//173 399//399
f 521//521 401//401 173//173
f 401//401 521//521 522//522
f 522//522 174//174 401//401
f 522//522 403//403 174//174
f 403//403 522//522 523//523
f 523//523 175//175 403//403
f 523//523 405//405 175//175
f 405//405 523//523 524//524
f 524//524 176//176 405//405
f 524//524 407//407 176//176
f 407//407 524//524 525//525
f 525//525 177//177 407//407
f 525//525 409//409 177//177
f 409//409 525//525 526//526
f 526//526 178//178 409//409
f 526//526 411//411 178//178
f 411//411 526//526 527//527
f 527//527 179//179 411//411
f 527//527 413//413 179//179
f 413//413 527//527 528//528
f 528//528 180//180 413//413
f 528//528 415//415 180//180
f 415//415 528//528 529//529
f 529//529 181//181 415//415
f 529//529 417//417 181//181
f 417//417 529//529 530//530
f 530//530 182//182 417//417
f 530//530 419//419 182//182
f 419//419 530//530 531//531
f 531//531 183//183 419//419
f 531//531 421//421 183//183
f 421//421 531//531 532//532
f 532//532 184//184 421//421
f 532//532 423//423 184//184
f 423//423 532//532 533//533
f 533//533 185//185 423//423
f 533//533 425//425 185//185
f 425//425 533//533 534//534
f 534//534 186//186 425//425
f 534//534 427//427 186//186
f 427//427 534//534 535//535
f 535//535 187//187 427//427
f 535//535 429//429 187//187
f 429//429 535//535 536//536
f 536//536 188//188 429//429
f 536//536 431//431 188//188
f 431//431 536//536 537//537
f 537//537 189//189 431//431
f 537//537 433//433 189//189
f 433//433 537//537 538//538
f 538//538 190//190 433//433
f 538//538 435//435 190//190
f 435//435 538//538 539//539
f 539//539 191//191 435//435
f 539//539 437//437 191//191
f 437//437 539//539 540//540
f 540//540 192//192 437//437
f 540//540 439//439 192//192
f 439//439 540//540 541//541
f 541//541 193//193 439//439
f 541//541 441//441 193//193
f 441//441 541//541 542//542
f 542//542 194//194 441//441
f 542//542 443//443 194//194
f 443//443 542//542 543//543
f 543//543 195//195 443//443
f 543//543 445//445 195//195
f 445//445 543//543 544//544
f 544//544 196//196 445//445
f 544//544 447//447 196//196
f 447//447 544//544 545//545
f 545//545 197//197 447//447
f 197//197 545//545 546//546
f 546//546 197//197 197//197
f 546//546 450//450 197//197
f 450//450 546//546 547//547
f 547//547 198//198 450//450
f 547//547 452//452 198//198
f 452//452 547//547 548//548
f 548//548 199//199 452//452
f 548//548 454//454 199//199
f 454//454 548//548 549//549
f 549//549 200//200 454//454
f 549//549 456//456 200//200
f 456//456 549//549 550//550
f 550//550 201//201 456//456
f 550//550 458//458 201//201
f 458//458 550//550 551//551
f 551//551 202//202 458//458
f 551//551 460//460 202//202
f 460//460 551//551 552//552
f 552//552 203//203 460//460
f 552//552 462//462 203//203
f 462//462 552//552 553//553
f 553//553 204//204 462//462
f 553//553 464//464 204//204
f 464//464 553//553 554//554
f 554//554 205//205 464//464
f 554//554 206//206 205//205
f 554//554 466//466 206//206
f 466//466 554//554 555//555
f 555//555 207//207 466//466
f 555//555 468//468 207//207
f 468//468 555//555 556//556
f 556//556 208//208 468//468
f 556//556 470//470 208//208
f 470//470 556//556 557//557
f 557//557 209//209 470//470
f 557//557 472//472 209//209
f 472//472 557//557 558//558
f 558//558 210//210 472//472
f 558//558 474//474 210//210
f 474//474 558//558 559//559
f 559//559 211//211 474//474
f 559//559 476//476 211//211
f 476//476 559//559 560//560
f 560//560 212//212 476//476
f 560//560 478//478 212//212
f 478//478 560//560 561//561
f 561//561 213//213 478//478
f 561//561 480//480 213//213
f 480//480 561//561 562//562
f 562//562 214//214 480//480
f 562//562 482//482 214//214
f 482//482 562//562 563//563
f 563//563 215//215 482//482
f 563//563 484//484 215//215
f 484//484 563//563 564//564
f 564//564 216//216 484//484
f 564//564 486//486 216//216
f 486//486 564//564 565//565
f 565//565 217//217 486//486
f 565//565 488//488 217//217
f 488//488 565//565 566//566
f 566//566 218//218 488//488
f 566//566 490//490 218//218
f 490//490 566//566 567//567
f 567//567 219//219 490//490
f 567//567 492//492 219//219
f 492//492 567//567 568//568
f 568//568 220//220 492//492
f 568//568 494//494 220//220
f 494//494 568//568 569//569
f 569//569 221//221 494//494
f 569//569 496//496 221//221
f 496//496 569//569 570//570
f 570//570 498//498 496//496
f 498//498 570//570 571//571
f 571//571 222//222 498//498
f 571//571 500//500 222//222
f 500//500 571//571 572//572
f 572//572 223//223 500//500
f 572//572 502//502 223//223
f 502//502 572//572 573//573
f 573//573 224//224 502//502
f 573//573 504//504 224//224
f 504//504 573//573 574//574
f 574//574 225//225 504//504
f 574//574 506//506 225//225
f 506//506 574//574 575//575
f 575//575 226//226 506//506
f 575//575 508//508 226//226
f 508//508 575//575 576//576
f 576//576 21//21 508//508
f 576//576 22//22 21//21
f 576//576 23//23 22//22
f 576//576 24//24 23//23
f 576//576 25//25 24//24
f 576//576 26//26 25//25
f 576//576 27//27 26//26
f 576//576 28//28 27//27
f 576//576 29//29 28//28
f 576//576 30//30 29//29
f 576//576 31//31 30//30
f 31//31 576//576 376//376
f 576//576 32//32 376//376
f 576//576 33//33 32//32
f 576//576 34//34 33//33
f 576//576 35//35 34//34
f 576//576 36//36 35//35
f 576//576 37//37 36//36
f 576//576 38//38 37//37
f 38//38 576//576 509//509
f 576//576 507//507 509//509
f 507//507 576//576 575//575
f 575//575 505//505 507//507
f 505//505 575//575 574//574
f 574//574 327//327 505//505
f 574//574 503//503 327//327
f 503//503 574//574 573//573
f 573//573 501//501 503//503
f 501//501 573//573 572//572
f 572//572 328//328 501//501
f 572//572 499//499 328//328
f 499//499 572//572 571//571
f 571//571 497//497 499//499
f 497//497 571//571 570//570
f 570//570 329//329 497//497
f 570//570 495//495 329//329
f 495//495 570//570 569//569
f 569//569 493//493 495//495
f 493//493 569//569 568//568
f 568//568 330//330 493//493
f 568//568 491//491 330//330
f 491//491 568//568 567//567
f 567//567 489//489 491//491
f 489//489 567//567 566//566
f 566//566 331//331 489//489
f 566//566 487//487 331//331
f 487//487 566//566 565//565
f 565//565 485//485 487//487
f 485//485 565//565 564//564
f 564//564 332//332 485//485
f 564//564 483//483 332//332
f 483//483 564//564 563//563
f 563//563 481//481 483//483
f 481//481 563//563 562//562
f 562//562 333//333 481//481
f 562//562 479//479 333//333
f 479//479 562//562 561//561
f 561//561 477//477 479//479
f 477//477 561//561 560//560
f 560//560 334//334 477//477
f 560//560 475//475 334//334
f 475//475 560//560 559//559
f 559//559 473//473 475//475
f 473//473 559//559 558//558
f 558//558 335//335 473//473
f 558//558 471//471 335//335
f 471//471 558//558 557//557
f 557//557 469//469 471//471
f 469//469 557//557 556//556
f 556//556 336//336 469//469
f 556//556 467//467 336//336
f 467//467 556//556 555//555
f 555//555 465//465 467//467
f 465//465 555//555 554//554
f 554//554 337//337 465//465
f 554//554 463//463 337//337
f 463//463 554//554 553//553
f 553//553 461//461 463//463
f 461//461 553//553 552//552
f 552//552 338//338 461//461
f 552//552 459//459 338//338
f 459//459 552//552 551//551
f 551//551 457//457 459//459
f 457//457 551//551 550//550
f 550//550 339//339 457//457
f 550//550 455//455 339//339
f 455//455 550//550 549//549
f 549//549 453//453 455//455
f 453//453 549//549 548//548
f 548//548 340//340 453//453
f 548//548 451//451 340//340
f 451//451 548//548 547//547
f 547//547 449//449 451//451
f 449//449 547//547 546//546
f 546//546 341//341 449//449
f 546//546 448//448 341//341
f 448//448 546//546 545//545
f 545//545 446//446 448//448
f 446//446 545//545 544//544
f 544//544 342//342 446//446
f 544//544 444//444 342//342
f 444//444 544//544 543//543
f 543//543 442//442 444//444
f 442//442 543//543 542//542
f 542//542 343//343 442//442
f 542//542 440//440 343//343
f 440//440 542//542 541//541
f 541//541 438//438 440//440
f 438//438 541//541 540//540
f 540//540 436//436 438//438
f 436//436 540//540 539//539
f 539//539 344//344 436//436
f 539//539 434//434 344//344
f 434//434 539//539 538//538
f 538//538 432//432 434//434
f 432//432 538//538 537//537
f 537//537 345//345 432//432
f 537//537 430//430 345//345
f 430//430 537//537 536//536
f 536//536 428//428 430//430
f 428//428 536//536 535//535
f 535//535 346//346 428//428
f 535//535 426//426 346//346
f 426//426 535//535 534//534
f 534//534 424//424 426//426
f 424//424 534//534 533//533
f 533//533 347//347 424//424
f 533//533 422//422 347//347
f 422//422 533//533 532//532
f 532//532 420//420 422//422
f 420//420 532//532 531//531
f 531//531 348//348 420//420
f 531//531 418//418 348//348
f 418//418 531//531 530//530
f 530//530 416//416 418//418
f 416//416 530//530 529//529
f 529//529 349//349 416//416
f 529//529 414//414 349//349
f 414//414 529//529 528//528
f 528//528 412//412 414//414
f 412//412 528//528 527//527
f 527//527 350//350 412//412
f 527//527 410//410 350//350
f 410//410 527//527 526//526
f 526//526 408//408 410//410
f 408//408 526//526 525//525
f 525//525 351//351 408//408
f 525//525 406//406 351//351
f 406//406 525//525 524//524
f 524//524 404//404 406//406
f 404//404 524//524 523//523
f 523//523 352//352 404//404
f 523//523 402//402 352//352
f 402//402 523//523 522//522
f 522//522 400//400 402//402
f 400//400 522//522 521//521
f 521//521 353//353 400//400
f 521//521 398//398 353//353
f 398//398 521//521 520//520
f 520//520 396//396 398//398
f 396//396 520//520 519//519
f 519//519 354//354 396//396
f 519//519 394//394 354//354
f 394//394 519//519 518//518
f 518//518 392//392 394//394
f 392//392 518//518 517//517
f 517//517 355//355 392//392
f 517//517 390//390 355//355
f 390//390 517//517 516//516
f 516//516 388//388 390//390
f 388//388 516//516 515//515
f 515//515 356//356 388//388
f 515//515 386//386 356//356
f 386//386 515//515 514//514
f 514//514 384//384 386//386
f 384//384 514//514 513//513
f 513//513 357//357 384//384
f 513//513 382//382 357//357
f 382//382 513//513 512//512
f 512//512 380//380 382//382
f 380//380 512//512 511//511
f 511//511 358//358 380//380
f 511//511 378//378 358//358
f 378//378 511//511 510//510
f 510//510 374//374 378//378
f 374//374 510//510 375//375
f 375//375 510//510 377//377
f 584//584 227//227 585//585
f 577//577 227//227 584//584
f 577//577 228//228 227//227
f 585//585 579//579 584//584
f 585//585 587//587 579//579
f 587//587 585//585 582//582
f 587//587 326//326 579//579
f 326//326 587//587 583//583
f 587//587 581//581 583//583
f 581//581 587//587 586//586
f 586//586 39//39 581//581
f 586//586 40//40 39//39
f 586//586 41//41 40//40
f 586//586 42//42 41//41
f 586//586 43//43 42//42
f 586//586 44//44 43//43
f 586//586 45//45 44//44
f 586//586 46//46 45//45
f 586//586 47//47 46//46
f 586//586 48//48 47//47
f 48//48 586//586 578//578
f 586//586 49//49 578//578
f 586//586 50//50 49//49
f 586//586 51//51 50//50
f 586//586 52//52 51//51
f 586//586 53//53 52//52
f 586//586 54//54 53//53
f 586//586 55//55 54//54
f 55//55 586//586 580//580
f 586//586 582//582 580//580
f 582//582 586//586 587//587
f 591//591 593//593 229//229
f 591//591 726//726 593//593
f 726//726 591//591 725//725
f 726//726 230//230 593//593
f 726//726 595//595 230//230
f 595//595 726//726 727//727
f 727//727 231//231 595//595
f 727//727 597//597 231//231
f 597//597 727//727 728//728
f 728//728 232//232 597//597
f 728//728 599//599 232//232
f 599//599 728//728 729//729
f 729//729 233//233 599//599
f 729//729 601//601 233//233
f 601//601 729//729 730//730
f 730//730 234//234 601//601
f 730//730 603//603 234//234
f 603//603 730//730 731//731
f 731//731 235//235 603//603
f 731//731 605//605 235//235
f 605//605 731//731 732//732
f 732//732 236//236 605//605
f 732//732 607//607 236//236
f 607//607 732//732 733//733
f 733//733 237//237 607//607
f 733//733 609//609 237//237
f 609//609 733//733 734//734
f 734//734 238//238 609//609
f 734//734 611//611 238//238
f 611//611 734//734 735//735
f 735//735 239//239 611//611
f 735//735 613//613 239//239
f 613//613 735//735 736//736
f 736//736 240//240 613//613
f 736//736 615//615 240//240
f 615//615 736//736 737//737
f 737//737 241//241 615//615
f 737//737 617//617 241//241
f 617//617 737//737 738//738
f 738//738 242//242 617//617
f 738//738 619//619 242//242
f 619//619 738//738 739//739
f 739//739 243//243 619//619
f 739//739 621//621 243//243
f 621//621 739//739 740//740
f 740//740 244//244 621//621
f 740//740 623//623 244//244
f 623//623 740//740 741//741
f 741//741 245//245 623//623
f 741//741 625//625 245//245
f 625//625 741//741 742//742
f 742//742 246//246 625//625
f 742//742 627//627 246//246
f 627//627 742//742 743//743
f 743//743 247//247 627//627
f 743//743 629//629 247//247
f 629//629 743//743 744//744
f 744//744 248//248 629//629
f 744//744 631//631 248//248
f 631//631 744//744 745//745
f 745//745 249//249 631//631
f 745//745 633//633 249//249
f 633//633 745//745 746//746
f 746//746 250//250 633//633
f 746//746 635//635 250//250
f 635//635 746//746 747//747
f 747//747 251//251 635//635
f 747//747 637//637 251//251
f 637//637 747//747 748//748
f 748//748 252//252 637//637
f 748//748 639//639 252//252
f 639//639 748//748 749//749
f 749//749 253//253 639//639
f 749//749 641//641 253//253
f 641//641 749//749 750//750
f 750//750 254//254 641//641
f 750//750 643//643 254//254
f 643//643 750//750 751//751
f 751//751 255//255 643//643
f 751//751 645//645 255//255
f 645//645 751//751 752//752
f 752//752 256//256 645//645
f 752//752 647//647 256//256
f 647//647 752//752 753//753
f 753//753 649//649 647//647
f 649//649 753//753 754//754
f 754//754 257//257 649//649
f 754//754 651//651 257//257
f 651//651 754//754 755//755
f 755//755 258//258 651//651
f 755//755 653//653 258//258
f 653//653 755//755 756//756
f 756//756 259//259 653//653
f 756//756 655//655 259//259
f 655//655 756//756 757//757
f 757//757 260//260 655//655
f 757//757 657//657 260//260
f 657//657 757//757 758//758
f 758//758 261//261 657//657
f 758//758 659//659 261//261
f 659//659 758//758 759//759
f 759//759 262//262 659//659
f 759//759 661//661 262//262
f 661//661 759//759 760//760
f 760//760 263//263 661//661
f 760//760 663//663 263//263
f 663//663 760//760 761//761
f 761//761 264//264 663//663
f 761//761 665//665 264//264
f 665//665 761//761 762//762
f 762//762 265//265 665//665
f 762//762 667//667 265//265
f 667//667 762//762 763//763
f 763//763 266//266 667//667
f 763//763 669//669 266//266
f 669//669 763//763 764//764
f 764//764 671//671 669//669
f 671//671 764//764 765//765
f 765//765 267//267 671//671
f 765//765 673//673 267//267
f 673//673 765//765 766//766
f 766//766 268//268 673//673
f 766//766 675//675 268//268
f 675//675 766//766 767//767
f 767//767 269//269 675//675
f 767//767 677//677 269//269
f 677//677 767//767 768//768
f 768//768 270//270 677//677
f 768//768 679//679 270//270
f 679//679 768//768 769//769
f 769//769 271//271 679//679
f 769//769 681//681 271//271
f 681//681 769//769 770//770
f 770//770 272//272 681//681
f 770//770 683//683 272//272
f 683//683 770//770 771//771
f 771//771 273//273 683//683
f 771//771 685//685 273//273
f 685//685 771//771 772//772
f 772//772 274//274 685//685
f 772//772 275//275 274//274
f 772//772 687//687 275//275
f 687//687 772//772 773//773
f 773//773 276//276 687//687
f 773//773 689//689 276//276
f 689//689 773//773 774//774
f 774//774 277//277 689//689
f 774//774 691//691 277//277
f 691//691 774//774 775//775
f 775//775 278//278 691//691
f 775//775 693//693 278//278
f 693//693 775//775 776//776
f 776//776 279//279 693//693
f 776//776 695//695 279//279
f 695//695 776//776 777//777
f 777//777 280//280 695//695
f 777//777 697//697 280//280
f 697//697 777//777 778//778
f 778//778 699//699 697//697
f 699//699 778//778 779//779
f 779//779 281//281 699//699
f 779//779 701//701 281//281
f 701//701 779//779 780//780
f 780//780 282//282 701//701
f 780//780 703//703 282//282
f 703//703 780//780 781//781
f 781//781 283//283 703//703
f 781//781 705//705 283//283
f 705//705 781//781 782//782
f 782//782 284//284 705//705
f 782//782 707//707 284//284
f 707//707 782//782 783//783
f 783//783 285//285 707//707
f 783//783 709//709 285//285
f 709//709 783//783 784//784
f 784//784 286//286 709//709
f 784//784 711//711 286//286
f 711//711 784//784 785//785
f 785//785 287//287 711//711
f 785//785 713//713 287//287
f 713//713 785//785 786//786
f 786//786 288//288 713//713
f 786//786 715//715 288//288
f 715//715 786//786 787//787
f 787//787 289//289 715//715
f 787//787 717//717 289//289
f 717//717 787//787 788//788
f 788//788 290//290 717//717
f 788//788 719//719 290//290
f 719//719 788//788 789//789
f 789//789 291//291 719//719
f 789//789 721//721 291//291
f 721//721 789//789 790//790
f 790//790 723//723 721//721
f 723//723 790//790 791//791
f 791//791 292//292 723//723
f 791//791 56//56 292//292
f 791//791 57//57 56//56
f 791//791 58//58 57//57
f 791//791 59//59 58//58
f 791//791 60//60 59//59
f 791//791 61//61 60//60
f 791//791 62//62 61//61
f 791//791 63//63 62//62
f 791//791 64//64 63//63
f 791//791 65//65 64//64
f 791//791 66//66 65//65
f 791//791 67//67 66//66
f 67//67 791//791 590//590
f 791//791 68//68 590//590
f 791//791 69//69 68//68
f 791//791 70//70 69//69
f 791//791 71//71 70//70
f 791//791 72//72 71//71
f 791//791 73//73 72//72
f 791//791 74//74 73//73
f 74//74 791//791 724//724
f 791//791 722//722 724//724
f 722//722 791//791 790//790
f 790//790 720//720 722//722
f 720//720 790//790 789//789
f 789//789 293//293 720//720
f 789//789 718//718 293//293
f 718//718 789//789 788//788
f 788//788 716//716 718//718
f 716//716 788//788 787//787
f 787//787 294//294 716//716
f 787//787 714//714 294//294
f 714//714 787//787 786//786
f 786//786 712//712 714//714
f 712//712 786//786 785//785
f 785//785 295//295 712//712
f 785//785 710//710 295//295
f 710//710 785//785 784//784
f 784//784 708//708 710//710
f 708//708 784//784 783//783
f 783//783 296//296 708//708
f 783//783 706//706 296//296
f 706//706 783//783 782//782
f 782//782 704//704 706//706
f 704//704 782//782 781//781
f 781//781 297//297 704//704
f 781//781 702//702 297//297
f 702//702 781//781 780//780
f 780//780 700//700 702//702
f 700//700 780//780 779//779
f 779//779 298//298 700//700
f 779//779 698//698 298//298
f 698//698 779//779 778//778
f 778//778 696//696 698//698
f 696//696 778//778 777//777
f 777//777 299//299 696//696
f 777//777 694//694 299//299
f 694//694 777//777 776//776
f 776//776 692//692 694//694
f 692//692 776//776 775//775
f 775//775 300//300 692//692
f 775//775 690//690 300//300
f 690//690 775//775 774//774
f 774//774 688//688 690//690
f 688//688 774//774 773//773
f 773//773 301//301 688//688
f 773//773 686//686 301//301
f 686//686 773//773 772//772
f 772//772 684//684 686//686
f 684//684 772//772 771//771
f 771//771 302//302 684//684
f 771//771 682//682 302//302
f 682//682 771//771 770//770
f 770//770 680//680 682//682
f 680//680 770//770 769//769
f 769//769 303//303 680//680
f 769//769 678//678 303//303
f 678//678 769//769 768//768
f 768//768 676//676 678//678
f 676//676 768//768 767//767
f 767//767 304//304 676//676
f 767//767 674//674 304//304
f 674//674 767//767 766//766
f 766//766 672//672 674//674
f 672//672 766//766 765//765
f 765//765 305//305 672//672
f 765//765 670//670 305//305
f 670//670 765//765 764//764
f 764//764 668//668 670//670
f 668//668 764//764 763//763
f 763//763 666//666 668//668
f 666//666 763//763 762//762
f 762//762 306//306 666//666
f 762//762 664//664 306//306
f 664//664 762//762 761//761
f 761//761 662//662 664//664
f 662//662 761//761 760//760
f 760//760 307//307 662//662
f 760//760 660//660 307//307
f 660//660 760//760 759//759
f 759//759 658//658 660//660
f 658//658 759//759 758//758
f 758//758 308//308 658//658
f 758//758 656//656 308//308
f 656//656 758//758 757//757
f 757//757 654//654 656//656
f 654//654 757//757 756//756
f 756//756 309//309 654//654
f 756//756 652//652 309//309
f 652//652 756//756 755//755
f 755//755 650//650 652//652
f 650//650 755//755 754//754
f 754//754 310//310 650//650
f 754//754 648//648 310//310
f 648//648 754//754 753//753
f 753//753 646//646 648//648
f 646//646 753//753 752//752
f 752//752 644//644 646//646
f 644//644 752//752 751//751
f 751//751 311//311 644//644
f 751//751 642//642 311//311
f 642//642 751//751 750//750
f 750//750 640//640 642//642
f 640//640 750//750 749//749
f 749//749 312//312 640//640
f 749//749 638//638 312//312
f 638//638 749//749 748//748
f 748//748 636//636 638//638
f 636//636 748//748 747//747
f 747//747 313//313 636//636
f 747//747 634//634 313//313
f 634//634 747//747 746//746
f 746//746 632//632 634//634
f 632//632 746//746 745//745
f 745//745 314//314 632//632
f 745//745 630//630 314//314
f 630//630 745//745 744//744
f 744//744 628//628 630//630
f 628//628 744//744 743//743
f 743//743 315//315 628//628
f 743//743 626//626 315//315
f 626//626 743//743 742//742
f 742//742 624//624 626//626
f 624//624 742//742 741//741
f 741//741 316//316 624//624
f 741//741 622//622 316//316
f 622//622 741//741 740//740
f 740//740 620//620 622//622
f 620//620 740//740 739//739
f 739//739 317//317 620//620
f 739//739 618//618 317//317
f 618//618 739//739 738//738
f 738//738 616//616 618//618
f 616//616 738//738 737//737
f 737//737 318//318 616//616
f 737//737 614//614 318//318
f 614//614 737//737 736//736
f 736//736 612//612 614//614
f 612//612 736//736 735//735
f 735//735 319//319 612//612
f 735//735 610//610 319//319
f 610//610 735//735 734//734
f 734//734 608//608 610//610
f 608//608 734//734 733//733
f 733//733 320//320 608//608
f 733//733 606//606 320//320
f 606//606 733//733 732//732
f 732//732 604//604 606//606
f 604//604 732//732 731//731
f 731//731 321//321 604//604
f 731//731 602//602 321//321
f 602//602 731//731 730//730
f 730//730 600//600 602//602
f 600//600 730//730 729//729
f 729//729 322//322 600//600
f 729//729 598//598 322//322
f 598//598 729//729 728//728
f 728//728 596//596 598//598
f 596//596 728//728 727//727
f 727//727 323//323 596//596
f 727//727 594//594 323//323
f 594//594 727//727 726//726
f 726//726 592//592 594//594
f 592//592 726//726 725//725
f 725//725 324//324 592//592
f 588//588 725//725 589//589
f 324//324 725//725 588//588
f 589//589 725//725 591//591
g Body_glass
usemtl glass
f 109//109 116//116 114//114
f 109//109 111//111 116//116
f 114//114 117//117 115//115
f 114//114 116//116 117//117
f 111//111 118//118 116//116
f 111//111 113//113 118//118
f 116//116 119//119 117//117
f 116//116 118//118 119//119
f 121//121 128//128 126//126
f 121//121 123//123 128//128
f 126//126 129//129 127//127
f 126//126 128//128 129//129
f 123//123 130//130 128//128
f 123//123 125//125 130//130
f 128//128 131//131 129//129
f 128//128 130//130 131//131
o WFL
v 0.63 -0.02 0.36
v 0.631416 -0.02 0.391449
v 0.635843 -0.02 0.423687
v 0.64351 -0.02 0.456305
v 0.654574 -0.02 0.488833
v 0.669101 -0.02 0.520753
v 0.687052 -0.02 0.551523
v 0.708276 -0.02 0.580604
v 0.732513 -0.02 0.607487
v 0.759396 -0.02 0.631724
v 0.788477 -0.02 0.652948
v 0.819247 -0.02 0.670899
v 0.851167 -0.02 0.685426
v 0.883695 -0.02 0.69649
v 0.916313 -0.02 0.704157
v 0.948551 -0.02 0.708584
v 0.98 -0.02 0.71
v 1.01145 -0.02 0.708584
v 1.04369 -0.02 0.704157
v 1.07631 -0.02 0.69649
v 1.10883 -0.02 0.685426
v 1.14075 -0.02 0.670899
v 1.17152 -0.02 0.652948
v 1.2006 -0.02 0.631724
v 1.22749 -0.02 0.607487
v 1.25172 -0.02 0.580604
v 1.27295 -0.02 0.551523
v 1.2909 -0.02 0.520753
v 1.30543 -0.02 0.488833
v 1.31649 -0.02 0.456305
v 1.32416 -0.02 0.423687
v 1.32858 -0.02 0.391449
v 1.33 -0.02 0.36
v 1.32858 -0.02 0.328551
v 1.32416 -0.02 0.296313
v 1.31649 -0.02 0.263695
v 1.30543 -0.02 0.231167
v 1.2909 -0.02 0.199247
v 1.27295 -0.02 0.168477
v 1.25172 -0.02 0.139396
v 1.22749 -0.02 0.112513
v 1.2006 -0.02 0.0882764
v 1.17152 -0.02 0.0670516
v 1.14075 -0.02 0.0491006
v 1.10883 -0.02 0.0345741
v 1.07631 -0.02 0.0235104
v 1.04369 -0.02 0.0158431
v 1.01145 -0.02 0.0114158
v 0.98 -0.02 0.01
v 0.948551 -0.02 0.0114158
v 0.916313 -0.02 0.0158431
v 0.883695 -0.02 0.0235104
v 0.851167 -0.02 0.0345741
v 0.819247 -0.02 0.0491006
v 0.788477 -0.02 0.0670516
v 0.759396 -0.02 0.0882764
v 0.732513 -0.02 0.112513
v 0.708276 -0.02 0.139396
v 0.687052 -0.02 0.168477
v 0.669101 -0.02 0.199247
v 0.654574 -0.02 0.231167
v 0.64351 -0.02 0.263695
v 0.635843 -0.02 0.296313
v 0.631416 -0.02 0.328551
v 0.63 0.13 0.36
v 0.631416 0.13 0.391449
v 0.635843 0.13 0.423687
v 0.64351 0.13 0.456305
v 0.654574 0.13 0.488833
v 0.669101 0.13 0.520753
v 0.687052 0.13 0.551523
v 0.708276 0.13 0.580604
v 0.732513 0.13 0.607487
v 0.759396 0.13 0.631724
v 0.788477 0.13 0.652948
v 0.819247 0.13 0.670899
v 0.851167 0.13 0.685426
v 0.883695 0.13 0.69649
v 0.916313 0.13 0.704157
v 0.948551 0.13 0.708584
v 0.98 0.13 0.71
v 1.01145 0.13 0.708584
v 1.04369 0.13 0.704157
v 1.07631 0.13 0.69649
v 1.10883 0.13 0.685426
v 1.14075 0.13 0.670899
v 1.17152 0.13 0.652948
v 1.2006 0.13 0.631724
v 1.22749 0.13 0.607487
v 1.25172 0.13 0.580604
v 1.27295 0.13 0.551523
v 1.2909 0.13 0.520753
v 1.30543 0.13 0.488833
v 1.31649 0.13 0.456305
v 1.32416 0.13 0.423687
v 1.32858 0.13 0.391449
v 1.33 0.13 0.36
v 1.32858 0.13 0.328551
v 1.32416 0.13 0.296313
v 1.31649 0.13 0.263695
v 1.30543 0.13 0.231167
v 1.2909 0.13 0.199247
v 1.27295 0.13 0.168477
v 1.25172 0.13 0.139396
v 1.22749 0.13 0.112513
v 1.2006 0.13 0.0882764
v 1.17152 0.13 0.0670516
v 1.14075 0.13 0.0491006
v 1.10883 0.13 0.0345741
v 1.07631 0.13 0.0235104
v 1.04369 0.13 0.0158431
v 1.01145 0.13 0.0114158
v 0.98 0.13 0.01
v 0.948551 0.13 0.0114158
v 0.916313 0.13 0.0158431
v 0.883695 0.13 0.0235104
v 0.851167 0.13 0.0345741
v 0.819247 0.13 0.0491006
v 0.788477 0.13 0.0670516
v 0.759396 0.13 0.0882764
v 0.732513 0.13 0.112513
v 0.708276 0.13 0.139396
v 0.687052 0.13 0.168477
v 0.669101 0.13 0.199247
v 0.654574 0.13 0.231167
v 0.64351 0.13 0.263695
v 0.635843 0.13 0.296313
v 0.631416 0.13 0.328551
v 0.63 0.28 0.36
v 0.631416 0.28 0.391449
v 0.635843 0.28 0.423687
v 0.64351 0.28 0.456305
v 0.654574 0.28 0.488833
v 0.669101 0.28 0.520753
v 0.687052 0.28 0.551523
v 0.708276 0.28 0.580604
v 0.732513 0.28 0.607487
v 0.759396 0.28 0.631724
v 0.788477 0.28 0.652948
v 0.819247 0.28 0.670899
v 0.851167 0.28 0.685426
v 0.883695 0.28 0.69649
v 0.916313 0.28 0.704157
v 0.948551 0.28 0.708584
v 0.98 0.28 0.71
v 1.01145 0.28 0.708584
v 1.04369 0.28 0.704157
v 1.07631 0.28 0.69649
v 1.10883 0.28 0.685426
v 1.14075 0.28 0.670899
v 1.17152 0.28 0.652948
v 1.2006 0.28 0.631724
v 1.22749 0.28 0.607487
v 1.25172 0.28 0.580604
v 1.27295 0.28 0.551523
v 1.2909 0.28 0.520753
v 1.30543 0.28 0.488833
v 1.31649 0.28 0.456305
v 1.32416 0.28 0.423687
v 1.32858 0.28 0.391449
v 1.33 0.28 0.36
v 1.32858 0.28 0.328551
v 1.32416 0.28 0.296313
v 1.31649 0.28 0.263695
v 1.30543 0.28 0.231167
v 1.2909 0.28 0.199247
v 1.27295 0.28 0.168477
v 1.25172 0.28 0.139396
v 1.22749 0.28 0.112513
v 1.2006 0.28 0.0882764
v 1.17152 0.28 0.0670516
v 1.14075 0.28 0.0491006
v 1.10883 0.28 0.0345741
v 1.07631 0.28 0.0235104
v 1.04369 0.28 0.0158431
v 1.01145 0.28 0.0114158
v 0.98 0.28 0.01
v 0.948551 0.28 0.0114158
v 0.916313 0.28 0.0158431
v 0.883695 0.28 0.0235104
v 0.851167 0.28 0.0345741
v 0.819247 0.28 0.0491006
v 0.788477 0.28 0.0670516
v 0.759396 0.28 0.0882764
v 0.732513 0.28 0.112513
v 0.708276 0.28 0.139396
v 0.687052 0.28 0.168477
v 0.669101 0.28 0.199247
v 0.654574 0.28 0.231167
v 0.64351 0.28 0.263695
v 0.635843 0.28 0.296313
v 0.631416 0.28 0.328551
v 0.63926 -0.02 0.280023
v 0.648611 -0.02 0.247388
v 0.661404 -0.02 0.215097
v 0.677655 -0.02 0.183684
v 0.697269 -0.02 0.153692
v 0.720039 -0.02 0.12565
v 0.74565 -0.02 0.100039
v 0.773692 -0.02 0.0772686
v 0.803684 -0.02 0.0576548
v 0.835097 -0.02 0.0414043
v 0.867388 -0.02 0.0286112
v 0.900023 -0.02 0.0192601
v 1.05998 -0.02 0.0192601
v 1.09261 -0.02 0.0286112
v 1.1249 -0.02 0.0414043
v 1.15632 -0.02 0.0576548
v 1.18631 -0.02 0.0772686
v 1.21435 -0.02 0.100039
v 1.23996 -0.02 0.12565
v 1.26273 -0.02 0.153692
v 1.28235 -0.02 0.183684
v 1.2986 -0.02 0.215097
v 1.31139 -0.02 0.247388
v 1.32074 -0.02 0.280023
v 1.32074 -0.02 0.439977
v 1.31139 -0.02 0.472612
v 1.2986 -0.02 0.504903
v 1.28235 -0.02 0.536316
v 1.26273 -0.02 0.566308
v 1.23996 -0.02 0.59435
v 1.21435 -0.02 0.619961
v 1.18631 -0.02 0.642731
v 1.15632 -0.02 0.662345
v 1.1249 -0.02 0.678596
v 1.09261 -0.02 0.691389
v 1.05998 -0.02 0.70074
v 0.900023 -0.02 0.70074
v 0.867388 -0.02 0.691389
v 0.835097 -0.02 0.678596
v 0.803684 -0.02 0.662345
v 0.773692 -0.02 0.642731
v 0.74565 -0.02 0.619961
v 0.720039 -0.02 0.59435
v 0.697269 -0.02 0.566308
v 0.677655 -0.02 0.536316
v 0.661404 -0.02 0.504903
v 0.648611 -0.02 0.472612
v 0.63926 -0.02 0.439977
v 0.63926 0.28 0.439977
v 0.648611 0.28 0.472612
v 0.661404 0.28 0.504903
v 0.677655 0.28 0.536316
v 0.697269 0.28 0.566308
v 0.720039 0.28 0.59435
v 0.74565 0.28 0.619961
v 0.773692 0.28 0.642731
v 0.803684 0.28 0.662345
v 0.835097 0.28 0.678596
v 0.867388 0.28 0.691389
v 0.900023 0.28 0.70074
v 1.05998 0.28 0.70074
v 1.09261 0.28 0.691389
v 1.1249 0.28 0.678596
v 1.15632 0.28 0.662345
v 1.18631 0.28 0.642731
v 1.21435 0.28 0.619961
v 1.23996 0.28 0.59435
v 1.26273 0.28 0.566308
v 1.28235 0.28 0.536316
v 1.2986 0.28 0.504903
v 1.31139 0.28 0.472612
v 1.32074 0.28 0.439977
v 1.32074 0.28 0.280023
v 1.31139 0.28 0.247388
v 1.2986 0.28 0.215097
v 1.28235 0.28 0.183684
v 1.26273 0.28 0.153692
v 1.23996 0.28 0.12565
v 1.21435 0.28 0.100039
v 1.18631 0.28 0.0772686
v 1.15632 0.28 0.0576548
v 1.1249 0.28 0.0414043
v 1.09261 0.28 0.0286112
v 1.05998 0.28 0.0192601
v 0.900023 0.28 0.0192601
v 0.867388 0.28 0.0286112
v 0.835097 0.28 0.0414043
v 0.803684 0.28 0.0576548
v 0.773692 0.28 0.0772686
v 0.74565 0.28 0.100039
v 0.720039 0.28 0.12565
v 0.697269 0.28 0.153692
v 0.677655 0.28 0.183684
v 0.661404 0.28 0.215097
v 0.648611 0.28 0.247388
v 0.63926 0.28 0.280023
vn -0.894427 -0.447214 -9.8661e-17
vn -0.704246 -0.707107 0.0635367
vn -0.695302 -0.707107 0.128667
vn -0.679812 -0.707107 0.194566
vn -0.65746 -0.707107 0.260282
vn -0.628112 -0.707107 0.32477
vn -0.591845 -0.707107 0.386936
vn -0.548965 -0.707107 0.445688
vn -0.5 -0.707107 0.5
vn -0.445688 -0.707107 0.548965
vn -0.386936 -0.707107 0.591845
vn -0.32477 -0.707107 0.628112
vn -0.260282 -0.707107 0.65746
vn -0.194566 -0.707107 0.679812
vn -0.128667 -0.707107 0.695302
vn -0.0635367 -0.707107 0.704246
vn -1.58603e-16 -0.707107 0.707107
vn 0.0635367 -0.707107 0.704246
vn 0.128667 -0.707107 0.695302
vn 0.194566 -0.707107 0.679812
vn 0.260282 -0.707107 0.65746
vn 0.32477 -0.707107 0.628112
vn 0.386936 -0.707107 0.591845
vn 0.445688 -0.707107 0.548965
vn 0.5 -0.707107 0.5
vn 0.548965 -0.707107 0.445688
vn 0.591845 -0.707107 0.386936
vn 0.628112 -0.707107 0.32477
vn 0.65746 -0.707107 0.260282
vn 0.679812 -0.707107 0.194566
vn 0.695302 -0.707107 0.128667
vn 0.704246 -0.707107 0.0635367
vn 0.707107 -0.707107 1.61057e-16
vn 0.704246 -0.707107 -0.0635367
vn 0.695302 -0.707107 -0.128667
vn 0.679812 -0.707107 -0.194566
vn 0.65746 -0.707107 -0.260282
vn 0.628112 -0.707107 -0.32477
vn 0.591845 -0.707107 -0.386936
vn 0.548965 -0.707107 -0.445688
vn 0.5 -0.707107 -0.5
vn 0.445688 -0.707107 -0.548965
vn 0.386936 -0.707107 -0.591845
vn 0.32477 -0.707107 -0.628112
vn 0.260282 -0.707107 -0.65746
vn 0.194566 -0.707107 -0.679812
vn 0.128667 -0.707107 -0.695302
vn 0.0635367 -0.707107 -0.704246
vn 1.13695e-16 -0.707107 -0.707107
vn -0.0635367 -0.707107 -0.704246
vn -0.128667 -0.707107 -0.695302
vn -0.194566 -0.707107 -0.679812
vn -0.260282 -0.707107 -0.65746
vn -0.32477 -0.707107 -0.628112
vn -0.386936 -0.707107 -0.591845
vn -0.445688 -0.707107 -0.548965
vn -0.5 -0.707107 -0.5
vn -0.548965 -0.707107 -0.445688
vn -0.591845 -0.707107 -0.386936
vn -0.628112 -0.707107 -0.32477
vn -0.65746 -0.707107 -0.260282
vn -0.679812 -0.707107 -0.194566
vn -0.695302 -0.707107 -0.128667
vn -0.704246 -0.707107 -0.0635367
vn -1 0 -5.60747e-17
vn -0.995955 0 0.0898544
vn -0.983305 0 0.181963
vn -0.961399 0 0.275158
vn -0.929788 0 0.368095
vn -0.888284 0 0.459295
vn -0.836996 0 0.54721
vn -0.776353 0 0.630298
vn -0.707107 0 0.707107
vn -0.630298 0 0.776353
vn -0.54721 0 0.836996
vn -0.459295 0 0.888284
vn -0.368095 0 0.929788
vn -0.275158 0 0.961399
vn -0.181963 0 0.983305
vn -0.0898544 0 0.995955
vn -3.36448e-16 0 1
vn 0.0898544 -0 0.995955
vn 0.181963 -0 0.983305
vn 0.275158 -0 0.961399
vn 0.368095 -0 0.929788
vn 0.459295 -0 0.888284
vn 0.54721 -0 0.836996
vn 0.630298 -0 0.776353
vn 0.707107 -0 0.707107
vn 0.776353 -0 0.630298
vn 0.836996 -0 0.54721
vn 0.888284 -0 0.459295
vn 0.929788 -0 0.368095
vn 0.961399 -0 0.275158
vn 0.983305 -0 0.181963
vn 0.995955 -0 0.0898544
vn 1 -0 6.72897e-16
vn 0.995955 0 -0.0898544
vn 0.983305 0 -0.181963
vn 0.961399 0 -0.275158
vn 0.929788 0 -0.368095
vn 0.888284 0 -0.459295
vn 0.836996 0 -0.54721
vn 0.776353 0 -0.630298
vn 0.707107 0 -0.707107
vn 0.630298 0 -0.776353
vn 0.54721 0 -0.836996
vn 0.459295 0 -0.888284
vn 0.368095 0 -0.929788
vn 0.275158 0 -0.961399
vn 0.181963 0 -0.983305
vn 0.0898544 0 -0.995955
vn 1.55958e-16 0 -1
vn -0.0898544 0 -0.995955
vn -0.181963 0 -0.983305
vn -0.275158 0 -0.961399
vn -0.368095 0 -0.929788
vn -0.459295 0 -0.888284
vn -0.54721 0 -0.836996
vn -0.630298 0 -0.776353
vn -0.707107 0 -0.707107
vn -0.776353 0 -0.630298
vn -0.836996 0 -0.54721
vn -0.888284 0 -0.459295
vn -0.929788 0 -0.368095
vn -0.961399 0 -0.275158
vn -0.983305 0 -0.181963
vn -0.995955 0 -0.0898544
vn -0.894427 0.447214 -7.54842e-17
vn -0.704246 0.707107 0.0635367
vn -0.695302 0.707107 0.128667
vn -0.679812 0.707107 0.194566
vn -0.65746 0.707107 0.260282
vn -0.628112 0.707107 0.32477
vn -0.591845 0.707107 0.386936
vn -0.548965 0.707107 0.445688
vn -0.5 0.707107 0.5
vn -0.445688 0.707107 0.548965
vn -0.386936 0.707107 0.591845
vn -0.32477 0.707107 0.628112
vn -0.260282 0.707107 0.65746
vn -0.194566 0.707107 0.679812
vn -0.128667 0.707107 0.695302
vn -0.0635367 0.707107 0.704246
vn -1.58603e-16 0.707107 0.707107
vn 0.0635367 0.707107 0.704246
vn 0.128667 0.707107 0.695302
vn 0.194566 0.707107 0.679812
vn 0.260282 0.707107 0.65746
vn 0.32477 0.707107 0.628112
vn 0.386936 0.707107 0.591845
vn 0.445688 0.707107 0.548965
vn 0.5 0.707107 0.5
vn 0.548965 0.707107 0.445688
vn 0.591845 0.707107 0.386936
vn 0.628112 0.707107 0.32477
vn 0.65746 0.707107 0.260282
vn 0.679812 0.707107 0.194566
vn 0.695302 0.707107 0.128667
vn 0.704246 0.707107 0.0635367
vn 0.707107 0.707107 2.00309e-16
vn 0.704246 0.707107 -0.0635367
vn 0.695302 0.707107 -0.128667
vn 0.679812 0.707107 -0.194566
vn 0.65746 0.707107 -0.260282
vn 0.628112 0.707107 -0.32477
vn 0.591845 0.707107 -0.386936
vn 0.548965 0.707107 -0.445688
vn 0.5 0.707107 -0.5
vn 0.445688 0.707107 -0.548965
vn 0.386936 0.707107 -0.591845
vn 0.32477 0.707107 -0.628112
vn 0.260282 0.707107 -0.65746
vn 0.194566 0.707107 -0.679812
vn 0.128667 0.707107 -0.695302
vn 0.0635367 0.707107 -0.704246
vn 9.44066e-17 0.707107 -0.707107
vn -0.0635367 0.707107 -0.704246
vn -0.128667 0.707107 -0.695302
vn -0.194566 0.707107 -0.679812
vn -0.260282 0.707107 -0.65746
vn -0.32477 0.707107 -0.628112
vn -0.386936 0.707107 -0.591845
vn -0.445688 0.707107 -0.548965
vn -0.5 0.707107 -0.5
vn -0.548965 0.707107 -0.445688
vn -0.591845 0.707107 -0.386936
vn -0.628112 0.707107 -0.32477
vn -0.65746 0.707107 -0.260282
vn -0.679812 0.707107 -0.194566
vn -0.695302 0.707107 -0.128667
vn -0.704246 0.707107 -0.0635367
vn 2.22045e-18 -1 7.15573e-18
vn 1.11022e-18 -1 7.15573e-18
vn -2.22045e-18 -1 3.90313e-18
vn 3.08781e-18 -1 4.33681e-18
vn -1.97758e-18 -1 3.90313e-18
vn 1.73472e-18 -1 3.46945e-18
vn -1.11022e-18 -1 4.33681e-18
vn -1.5439e-18 -1 4.33681e-18
vn -1.35308e-18 -1 5.20417e-18
vn -2.25514e-18 -1 5.20417e-18
vn -1.50921e-18 -1 5.20417e-18
vn 6.93889e-20 -1 1.73472e-18
vn -6.07153e-20 -1 6.93889e-18
vn -1.48319e-18 -1 3.46945e-18
vn 1.26635e-18 -1 6.93889e-18
vn -1.30104e-18 -1 3.46945e-18
vn -2.5327e-18 -1 3.46945e-18
vn -1.17961e-18 -1 3.46945e-18
vn 1.35308e-18 -1 3.46945e-18
vn 2.84495e-18 -1 3.46945e-18
vn 1.97758e-18 -1 3.46945e-18
vn 2.22045e-18 -1 3.46945e-18
vn -2.84495e-18 -1 3.46945e-18
vn 2.22045e-18 -1 3.46945e-18
vn 2.22045e-18 -1 3.46945e-18
vn 0 -1 3.46945e-18
vn 5.68989e-18 -1 6.93889e-18
vn 0 -1 6.93889e-18
vn 0 -1 3.46945e-18
vn 0 -1 3.46945e-18
vn 0 -1 3.46945e-18
vn 0 -1 3.46945e-18
vn -3.46945e-18 -1 3.46945e-18
vn 0 -1 3.46945e-18
vn 0 -1 3.46945e-18
vn 0 -1 6.93889e-18
vn 0 -1 5.20417e-18
vn 0 -1 5.20417e-18
vn 0 -1 5.20417e-18
vn 0 -1 4.33681e-18
vn 0 -1 4.33681e-18
vn 0 -1 4.33681e-18
vn 0 -1 4.33681e-18
vn 2.22045e-18 -1 4.33681e-18
vn 0 -1 3.90313e-18
vn 5.68989e-18 -1 7.37257e-18
vn 0 -1 7.37257e-18
vn 0 -1 3.68629e-18
vn -3.10862e-17 1 5.55112e-17
vn 0 1 5.55112e-17
vn -3.10862e-17 1 5.55112e-17
vn 3.10862e-17 1 5.55112e-17
vn -3.10862e-17 1 5.55112e-17
vn 0 1 5.55112e-17
vn 0 1 5.55112e-17
vn 0 1 5.55112e-17
vn -5.55112e-17 1 5.55112e-17
vn 0 1 1.11022e-16
vn 0 1 8.32667e-17
vn 0 1 8.32667e-17
vn 0 1 8.32667e-17
vn 0 1 5.55112e-17
vn 0 1 8.32667e-17
vn 0 1 8.32667e-17
vn 0 1 6.93889e-17
vn 0 1 1.249e-16
vn 0 1 6.93889e-17
vn 0 1 6.93889e-17
vn 3.10862e-17 1 6.245e-17
vn -3.10862e-17 1 6.245e-17
vn 0 1 6.245e-17
vn 0 1 5.89806e-17
vn -3.10862e-17 1 5.89806e-17
vn 4.32987e-17 1 6.245e-17
vn 1.38778e-17 1 6.245e-17
vn -4.32987e-17 1 6.245e-17
vn -3.10862e-17 1 6.245e-17
vn -4.4964e-17 1 6.245e-17
vn 4.4964e-17 1 6.93889e-17
vn -1.55431e-17 1 6.93889e-17
vn 1.38778e-17 1 8.32667e-17
vn -1.55431e-17 1 8.32667e-17
vn 3.94129e-17 1 5.55112e-17
vn -2.63678e-18 1 8.32667e-17
vn -9.71445e-19 1 5.55112e-17
vn 4.10783e-17 1 8.32667e-17
vn 3.33067e-17 1 1.11022e-16
vn 9.4369e-18 1 -0
vn -2.16493e-17 1 5.55112e-17
vn 3.63598e-17 1 5.55112e-17
vn 1.66533e-18 1 5.55112e-17
vn -1.54074e-33 1 5.55112e-17
vn 1.66533e-18 1 5.55112e-17
vn -1.72085e-17 1 5.55112e-17
vn -4.32987e-17 1 5.55112e-17
vn 2.77556e-17 1 5.55112e-17
g WFL_rubber
usemtl rubber
f 792//792 793//793 857//857
f 792//792 857//857 856//856
f 793//793 794//794 858//858
f 793//793 858//858 857//857
f 794//794 795//795 859//859
f 794//794 859//859 858//858
f 795//795 796//796 860//860
f 795//795 860//860 859//859
f 796//796 797//797 861//861
f 796//796 861//861 860//860
f 797//797 798//798 862//862
f 797//797 862//862 861//861
f 798//798 799//799 863//863
f 798//798 863//863 862//862
f 799//799 800//800 864//864
f 799//799 864//864 863//863
f 800//800 801//801 865//865
f 800//800 865//865 864//864
f 801//801 802//802 866//866
f 801//801 866//866 865//865
f 802//802 803//803 867//867
f 802//802 867//867 866//866
f 803//803 804//804 868//868
f 803//803 868//868 867//867
f 804//804 805//805 869//869
f 804//804 869//869 868//868
f 805//805 806//806 870//870
f 805//805 870//870 869//869
f 806//806 807//807 871//871
f 806//806 871//871 870//870
f 807//807 808//808 872//872
f 807//807 872//872 871//871
f 808//808 809//809 873//873
f 808//808 873//873 872//872
f 809//809 810//810 874//874
f 809//809 874//874 873//873
f 810//810 811//811 875//875
f 810//810 875//875 874//874
f 811//811 812//812 876//876
f 811//811 876//876 875//875
f 812//812 813//813 877//877
f 812//812 877//877 876//876
f 813//813 814//814 878//878
f 813//813 878//878 877//877
f 814//814 815//815 879//879
f 814//814 879//879 878//878
f 815//815 816//816 880//880
f 815//815 880//880 879//879
f 816//816 817//817 881//881
f 816//816 881//881 880//880
f 817//817 818//818 882//882
f 817//817 882//882 881//881
f 818//818 819//819 883//883
f 818//818 883//883 882//882
f 819//819 820//820 884//884
f 819//819 884//884 883//883
f 820//820 821//821 885//885
f 820//820 885//885 884//884
f 821//821 822//822 886//886
f 821//821 886//886 885//885
f 822//822 823//823 887//887
f 822//822 887//887 886//886
f 823//823 824//824 888//888
f 823//823 888//888 887//887
f 824//824 825//825 889//889
f 824//824 889//889 888//888
f 825//825 826//826 890//890
f 825//825 890//890 889//889
f 826//826 827//827 891//891
f 826//826 891//891 890//890
f 827//827 828//828 892//892
f 827//827 892//892 891//891
f 828//828 829//829 893//893
f 828//828 893//893 892//892
f 829//829 830//830 894//894
f 829//829 894//894 893//893
f 830//830 831//831 895//895
f 830//830 895//895 894//894
f 831//831 832//832 896//896
f 831//831 896//896 895//895
f 832//832 833//833 897//897
f 832//832 897//897 896//896
f 833//833 834//834 898//898
f 833//833 898//898 897//897
f 834//834 835//835 899//899
f 834//834 899//899 898//898
f 835//835 836//836 900//900
f 835//835 900//900 899//899
f 836//836 837//837 901//901
f 836//836 901//901 900//900
f 837//837 838//838 902//902
f 837//837 902//902 901//901
f 838//838 839//839 903//903
f 838//838 903//903 902//902
f 839//839 840//840 904//904
f 839//839 904//904 903//903
f 840//840 841//841 905//905
f 840//840 905//905 904//904
f 841//841 842//842 906//906
f 841//841 906//906 905//905
f 842//842 843//843 907//907
f 842//842 907//907 906//906
f 843//843 844//844 908//908
f 843//843 908//908 907//907
f 844//844 845//845 909//909
f 844//844 909//909 908//908
f 845//845 846//846 910//910
f 845//845 910//910 909//909
f 846//846 847//847 911//911
f 846//846 911//911 910//910
f 847//847 848//848 912//912
f 847//847 912//912 911//911
f 848//848 849//849 913//913
f 848//848 913//913 912//912
f 849//849 850//850 914//914
f 849//849 914//914 913//913
f 850//850 851//851 915//915
f 850//850 915//915 914//914
f 851//851 852//852 916//916
f 851//851 916//916 915//915
f 852//852 853//853 917//917
f 852//852 917//917 916//916
f 853//853 854//854 918//918
f 853//853 918//918 917//917
f 854//854 855//855 919//919
f 854//854 919//919 918//918
f 855//855 792//792 856//856
f 855//855 856//856 919//919
f 856//856 857//857 921//921
f 856//856 921//921 920//920
f 857//857 858//858 922//922
f 857//857 922//922 921//921
f 858//858 859//859 923//923
f 858//858 923//923 922//922
f 859//859 860//860 924//924
f 859//859 924//924 923//923
f 860//860 861//861 925//925
f 860//860 925//925 924//924
f 861//861 862//862 926//926
f 861//861 926//926 925//925
f 862//862 863//863 927//927
f 862//862 927//927 926//926
f 863//863 864//864 928//928
f 863//863 928//928 927//927
f 864//864 865//865 929//929
f 864//864 929//929 928//928
f 865//865 866//866 930//930
f 865//865 930//930 929//929
f 866//866 867//867 931//931
f 866//866 931//931 930//930
f 867//867 868//868 932//932
f 867//867 932//932 931//931
f 868//868 869//869 933//933
f 868//868 933//933 932//932
f 869//869 870//870 934//934
f 869//869 934//934 933//933
f 870//870 871//871 935//935
f 870//870 935//935 934//934
f 871//871 872//872 936//936
f 871//871 936//936 935//935
f 872//872 873//873 937//937
f 872//872 937//937 936//936
f 873//873 874//874 938//938
f 873//873 938//938 937//937
f 874//874 875//875 939//939
f 874//874 939//939 938//938
f 875//875 876//876 940//940
f 875//875 940//940 939//939
f 876//876 877//877 941//941
f 876//876 941//941 940//940
f 877//877 878//878 942//942
f 877//877 942//942 941//941
f 878//878 879//879 943//943
f 878//878 943//943 942//942
f 879//879 880//880 944//944
f 879//879 944//944 943//943
f 880//880 881//881 945//945
f 880//880 945//945 944//944
f 881//881 882//882 946//946
f 881//881 946//946 945//945
f 882//882 883//883 947//947
f 882//882 947//947 946//946
f 883//883 884//884 948//948
f 883//883 948//948 947//947
f 884//884 885//885 949//949
f 884//884 949//949 948//948
f 885//885 886//886 950//950
f 885//885 950//950 949//949
f 886//886 887//887 951//951
f 886//886 951//951 950//950
f 887//887 888//888 952//952
f 887//887 952//952 951//951
f 888//888 889//889 953//953
f 888//888 953//953 952//952
f 889//889 890//890 954//954
f 889//889 954//954 953//953
f 890//890 891//891 955//955
f 890//890 955//955 954//954
f 891//891 892//892 956//956
f 891//891 956//956 955//955
f 892//892 893//893 957//957
f 892//892 957//957 956//956
f 893//893 894//894 958//958
f 893//893 958//958 957//957
f 894//894 895//895 959//959
f 894//894 959//959 958//958
f 895//895 896//896 960//960
f 895//895 960//960 959//959
f 896//896 897//897 961//961
f 896//896 961//961 960//960
f 897//897 898//898 962//962
f 897//897 962//962 961//961
f 898//898 899//899 963//963
f 898//898 963//963 962//962
f 899//899 900//900 964//964
f 899//899 964//964 963//963
f 900//900 901//901 965//965
f 900//900 965//965 964//964
f 901//901 902//902 966//966
f 901//901 966//966 965//965
f 902//902 903//903 967//967
f 902//902 967//967 966//966
f 903//903 904//904 968//968
f 903//903 968//968 967//967
f 904//904 905//905 969//969
f 904//904 969//969 968//968
f 905//905 906//906 970//970
f 905//905 970//970 969//969
f 906//906 907//907 971//971
f 906//906 971//971 970//970
f 907//907 908//908 972//972
f 907//907 972//972 971//971
f 908//908 909//909 973//973
f 908//908 973//973 972//972
f 909//909 910//910 974//974
f 909//909 974//974 973//973
f 910//910 911//911 975//975
f 910//910 975//975 974//974
f 911//911 912//912 976//976
f 911//911 976//976 975//975
f 912//912 913//913 977//977
f 912//912 977//977 976//976
f 913//913 914//914 978//978
f 913//913 978//978 977//977
f 914//914 915//915 979//979
f 914//914 979//979 978//978
f 915//915 916//916 980//980
f 915//915 980//980 979//979
f 916//916 917//917 981//981
f 916//916 981//981 980//980
f 917//917 918//918 982//982
f 917//917 982//982 981//981
f 918//918 919//919 983//983
f 918//918 983//983 982//982
f 919//919 856//856 920//920
f 919//919 920//920 983//983
f 793//793 792//792 855//855
f 793//793 855//855 854//854
f 793//793 854//854 984//984
f 793//793 984//984 853//853
f 793//793 853//853 985//985
f 793//793 985//985 852//852
f 793//793 852//852 986//986
f 793//793 986//986 851//851
f 793//793 851//851 987//987
f 793//793 987//987 850//850
f 793//793 850//850 988//988
f 793//793 988//988 849//849
f 793//793 849//849 989//989
f 793//793 989//989 848//848
f 793//793 848//848 990//990
f 793//793 990//990 847//847
f 793//793 847//847 991//991
f 793//793 991//991 846//846
f 793//793 846//846 992//992
f 793//793 992//992 845//845
f 793//793 845//845 993//993
f 793//793 993//993 844//844
f 793//793 844//844 994//994
f 793//793 994//994 843//843
f 793//793 843//843 995//995
f 793//793 995//995 842//842
f 793//793 842//842 841//841
f 793//793 841//841 840//840
f 793//793 840//840 839//839
f 793//793 839//839 838//838
f 793//793 838//838 996//996
f 793//793 996//996 837//837
f 793//793 837//837 997//997
f 793//793 997//997 836//836
f 793//793 836//836 998//998
f 793//793 998//998 835//835
f 793//793 835//835 999//999
f 793//793 999//999 834//834
f 793//793 834//834 1000//1000
f 793//793 1000//1000 833//833
f 793//793 833//833 1001//1001
f 793//793 1001//1001 832//832
f 793//793 832//832 1002//1002
f 793//793 1002//1002 831//831
f 793//793 831//831 1003//1003
f 793//793 1003//1003 830//830
f 793//793 830//830 1004//1004
f 793//793 1004//1004 829//829
f 793//793 829//829 1005//1005
f 793//793 1005//1005 828//828
f 793//793 828//828 1006//1006
f 793//793 1006//1006 827//827
f 793//793 827//827 1007//1007
f 793//793 1007//1007 826//826
f 793//793 826//826 825//825
f 793//793 825//825 824//824
f 793//793 824//824 823//823
f 793//793 823//823 822//822
f 793//793 822//822 1008//1008
f 793//793 1008//1008 821//821
f 793//793 821//821 1009//1009
f 793//793 1009//1009 820//820
f 793//793 820//820 1010//1010
f 793//793 1010//1010 819//819
f 793//793 819//819 1011//1011
f 793//793 1011//1011 818//818
f 793//793 818//818 1012//1012
f 793//793 1012//1012 817//817
f 793//793 817//817 1013//1013
f 793//793 1013//1013 816//816
f 793//793 816//816 1014//1014
f 793//793 1014//1014 815//815
f 793//793 815//815 1015//1015
f 793//793 1015//1015 814//814
f 793//793 814//814 1016//1016
f 793//793 1016//1016 813//813
f 793//793 813//813 1017//1017
f 793//793 1017//1017 812//812
f 793//793 812//812 1018//1018
f 793//793 1018//1018 811//811
f 793//793 811//811 1019//1019
f 793//793 1019//1019 810//810
f 793//793 810//810 809//809
f 793//793 809//809 808//808
f 793//793 808//808 807//807
f 793//793 807//807 806//806
f 793//793 806//806 1020//1020
f 793//793 1020//1020 805//805
f 793//793 805//805 1021//1021
f 793//793 1021//1021 804//804
f 793//793 804//804 1022//1022
f 793//793 1022//1022 803//803
f 793//793 803//803 1023//1023
f 793//793 1023//1023 802//802
f 793//793 802//802 1024//1024
f 793//793 1024//1024 801//801
f 793//793 801//801 1025//1025
f 793//793 1025//1025 800//800
f 793//793 800//800 1026//1026
f 793//793 1026//1026 799//799
f 793//793 799//799 1027//1027
f 793//793 1027//1027 798//798
f 793//793 798//798 1028//1028
f 793//793 1028//1028 797//797
f 793//793 797//797 1029//1029
f 793//793 1029//1029 796//796
f 793//793 796//796 1030//1030
f 793//793 1030//1030 795//795
f 793//793 795//795 1031//1031
f 1031//1031 794//794 793//793
f 983//983 920//920 921//921
f 983//983 921//921 922//922
f 983//983 922//922 1032//1032
f 983//983 1032//1032 923//923
f 983//983 923//923 1033//1033
f 983//983 1033//1033 924//924
f 983//983 924//924 1034//1034
f 983//983 1034//1034 925//925
f 983//983 925//925 1035//1035
f 983//983 1035//1035 926//926
f 983//983 926//926 1036//1036
f 983//983 1036//1036 927//927
f 983//983 927//927 1037//1037
f 983//983 1037//1037 928//928
f 983//983 928//928 1038//1038
f 983//983 1038//1038 929//929
f 983//983 929//929 1039//1039
f 983//983 1039//1039 930//930
f 983//983 930//930 1040//1040
f 983//983 1040//1040 931//931
f 983//983 931//931 1041//1041
f 983//983 1041//1041 932//932
f 983//983 932//932 1042//1042
f 983//983 1042//1042 933//933
f 983//983 933//933 1043//1043
f 983//983 1043//1043 934//934
f 983//983 934//934 935//935
f 983//983 935//935 936//936
f 983//983 936//936 937//937
f 983//983 937//937 938//938
f 983//983 938//938 1044//1044
f 983//983 1044//1044 939//939
f 983//983 939//939 1045//1045
f 983//983 1045//1045 940//940
f 983//983 940//940 1046//1046
f 983//983 1046//1046 941//941
f 983//983 941//941 1047//1047
f 983//983 1047//1047 942//942
f 983//983 942//942 1048//1048
f 983//983 1048//1048 943//943
f 983//983 943//943 1049//1049
f 983//983 1049//1049 944//944
f 983//983 944//944 1050//1050
f 983//983 1050//1050 945//945
f 983//983 945//945 1051//1051
f 983//983 1051//1051 946//946
f 983//983 946//946 1052//1052
f 983//983 1052//1052 947//947
f 983//983 947//947 1053//1053
f 983//983 1053//1053 948//948
f 983//983 948//948 1054//1054
f 983//983 1054//1054 949//949
f 983//983 949//949 1055//1055
f 983//983 1055//1055 950//950
f 983//983 950//950 951//951
f 983//983 951//951 952//952
f 983//983 952//952 953//953
f 983//983 953//953 954//954
f 983//983 954//954 1056//1056
f 983//983 1056//1056 955//955
f 983//983 955//955 1057//1057
f 983//983 1057//1057 956//956
f 983//983 956//956 1058//1058
f 983//983 1058//1058 957//957
f 983//983 957//957 1059//1059
f 983//983 1059//1059 958//958
f 983//983 958//958 1060//1060
f 983//983 1060//1060 959//959
f 983//983 959//959 1061//1061
f 983//983 1061//1061 960//960
f 983//983 960//960 1062//1062
f 983//983 1062//1062 961//961
f 983//983 961//961 1063//1063
f 983//983 1063//1063 962//962
f 983//983 962//962 1064//1064
f 983//983 1064//1064 963//963
f 983//983 963//963 1065//1065
f 983//983 1065//1065 964//964
f 983//983 964//964 1066//1066
f 983//983 1066//1066 965//965
f 983//983 965//965 1067//1067
f 983//983 1067//1067 966//966
f 983//983 966//966 967//967
f 983//983 967//967 968//968
f 983//983 968//968 969//969
f 983//983 969//969 970//970
f 983//983 970//970 1068//1068
f 983//983 1068//1068 971//971
f 983//983 971//971 1069//1069
f 983//983 1069//1069 972//972
f 983//983 972//972 1070//1070
f 983//983 1070//1070 973//973
f 983//983 973//973 1071//1071
f 983//983 1071//1071 974//974
f 983//983 974//974 1072//1072
f 983//983 1072//1072 975//975
f 983//983 975//975 1073//1073
f 983//983 1073//1073 976//976
f 983//983 976//976 1074//1074
f 983//983 1074//1074 977//977
f 983//983 977//977 1075//1075
f 983//983 1075//1075 978//978
f 983//983 978//978 1076//1076
f 983//983 1076//1076 979//979
f 983//983 979//979 1077//1077
f 983//983 1077//1077 980//980
f 983//983 980//980 1078//1078
f 983//983 1078//1078 981//981
f 983//983 981//981 1079//1079
f 1079//1079 982//982 983//983
o WFR
v 0.63 1.62 0.36
v 0.631416 1.62 0.391449
v 0.635843 1.62 0.423687
v 0.64351 1.62 0.456305
v 0.654574 1.62 0.488833
v 0.669101 1.62 0.520753
v 0.687052 1.62 0.551523
v 0.708276 1.62 0.580604
v 0.732513 1.62 0.607487
v 0.759396 1.62 0.631724
v 0.788477 1.62 0.652948
v 0.819247 1.62 0.670899
v 0.851167 1.62 0.685426
v 0.883695 1.62 0.69649
v 0.916313 1.62 0.704157
v 0.948551 1.62 0.708584
v 0.98 1.62 0.71
v 1.01145 1.62 0.708584
v 1.04369 1.62 0.704157
v 1.07631 1.62 0.69649
v 1.10883 1.62 0.685426
v 1.14075 1.62 0.670899
v 1.17152 1.62 0.652948
v 1.2006 1.62 0.631724
v 1.22749 1.62 0.607487
v 1.25172 1.62 0.580604
v 1.27295 1.62 0.551523
v 1.2909 1.62 0.520753
v 1.30543 1.62 0.488833
v 1.31649 1.62 0.456305
v 1.32416 1.62 0.423687
v 1.32858 1.62 0.391449
v 1.33 1.62 0.36
v 1.32858 1.62 0.328551
v 1.32416 1.62 0.296313
v 1.31649 1.62 0.263695
v 1.30543 1.62 0.231167
v 1.2909 1.62 0.199247
v 1.27295 1.62 0.168477
v 1.25172 1.62 0.139396
v 1.22749 1.62 0.112513
v 1.2006 1.62 0.0882764
v 1.17152 1.62 0.0670516
v 1.14075 1.62 0.0491006
v 1.10883 1.62 0.0345741
v 1.07631 1.62 0.0235104
v 1.04369 1.62 0.0158431
v 1.01145 1.62 0.0114158
v 0.98 1.62 0.01
v 0.948551 1.62 0.0114158
v 0.916313 1.62 0.0158431
v 0.883695 1.62 0.0235104
v 0.851167 1.62 0.0345741
v 0.819247 1.62 0.0491006
v 0.788477 1.62 0.0670516
v 0.759396 1.62 0.0882764
v 0.732513 1.62 0.112513
v 0.708276 1.62 0.139396
v 0.687052 1.62 0.168477
v 0.669101 1.62 0.199247
v 0.654574 1.62 0.231167
v 0.64351 1.62 0.263695
v 0.635843 1.62 0.296313
v 0.631416 1.62 0.328551
v 0.63 1.77 0.36
v 0.631416 1.77 0.391449
v 0.635843 1.77 0.423687
v 0.64351 1.77 0.456305
v 0.654574 1.77 0.488833
v 0.669101 1.77 0.520753
v 0.687052 1.77 0.551523
v 0.708276 1.77 0.580604
v 0.732513 1.77 0.607487
v 0.759396 1.77 0.631724
v 0.788477 1.77 0.652948
v 0.819247 1.77 0.670899
v 0.851167 1.77 0.685426
v 0.883695 1.77 0.69649
v 0.916313 1.77 0.704157
v 0.948551 1.77 0.708584
v 0.98 1.77 0.71
v 1.01145 1.77 0.708584
v 1.04369 1.77 0.704157
v 1.07631 1.77 0.69649
v 1.10883 1.77 0.685426
v 1.14075 1.77 0.670899
v 1.17152 1.77 0.652948
v 1.2006 1.77 0.631724
v 1.22749 1.77 0.607487
v 1.25172 1.77 0.580604
v 1.27295 1.77 0.551523
v 1.2909 1.77 0.520753
v 1.30543 1.77 0.488833
v 1.31649 1.77 0.456305
v 1.32416 1.77 0.423687
v 1.32858 1.77 0.391449
v 1.33 1.77 0.36
v 1.32858 1.77 0.328551
v 1.32416 1.77 0.296313
v 1.31649 1.77 0.263695
v 1.30543 1.77 0.231167
v 1.2909 1.77 0.199247
v 1.27295 1.77 0.168477
v 1.25172 1.77 0.139396
v 1.22749 1.77 0.112513
v 1.2006 1.77 0.0882764
v 1.17152 1.77 0.0670516
v 1.14075 1.77 0.0491006
v 1.10883 1.77 0.0345741
v 1.07631 1.77 0.0235104
v 1.04369 1.77 0.0158431
v 1.01145 1.77 0.0114158
v 0.98 1.77 0.01
v 0.948551 1.77 0.0114158
v 0.916313 1.77 0.0158431
v 0.883695 1.77 0.0235104
v 0.851167 1.77 0.0345741
v 0.819247 1.77 0.0491006
v 0.788477 1.77 0.0670516
v 0.759396 1.77 0.0882764
v 0.732513 1.77 0.112513
v 0.708276 1.77 0.139396
v 0.687052 1.77 0.168477
v 0.669101 1.77 0.199247
v 0.654574 1.77 0.231167
v 0.64351 1.77 0.263695
v 0.635843 1.77 0.296313
v 0.631416 1.77 0.328551
v 0.63 1.92 0.36
v 0.631416 1.92 0.391449
v 0.635843 1.92 0.423687
v 0.64351 1.92 0.456305
v 0.654574 1.92 0.488833
v 0.669101 1.92 0.520753
v 0.687052 1.92 0.551523
v 0.708276 1.92 0.580604
v 0.732513 1.92 0.607487
v 0.759396 1.92 0.631724
v 0.788477 1.92 0.652948
v 0.819247 1.92 0.670899
v 0.851167 1.92 0.685426
v 0.883695 1.92 0.69649
v 0.916313 1.92 0.704157
v 0.948551 1.92 0.708584
v 0.98 1.92 0.71
v 1.01145 1.92 0.708584
v 1.04369 1.92 0.704157
v 1.07631 1.92 0.69649
v 1.10883 1.92 0.685426
v 1.14075 1.92 0.670899
v 1.17152 1.92 0.652948
v 1.2006 1.92 0.631724
v 1.22749 1.92 0.607487
v 1.25172 1.92 0.580604
v 1.27295 1.92 0.551523
v 1.2909 1.92 0.520753
v 1.30543 1.92 0.488833
v 1.31649 1.92 0.456305
v 1.32416 1.92 0.423687
v 1.32858 1.92 0.391449
v 1.33 1.92 0.36
v 1.32858 1.92 0.328551
v 1.32416 1.92 0.296313
v 1.31649 1.92 0.263695
v 1.30543 1.92 0.231167
v 1.2909 1.92 0.199247
v 1.27295 1.92 0.168477
v 1.25172 1.92 0.139396
v 1.22749 1.92 0.112513
v 1.2006 1.92 0.0882764
v 1.17152 1.92 0.0670516
v 1.14075 1.92 0.0491006
v 1.10883 1.92 0.0345741
v 1.07631 1.92 0.0235104
v 1.04369 1.92 0.0158431
v 1.01145 1.92 0.0114158
v 0.98 1.92 0.01
v 0.948551 1.92 0.0114158
v 0.916313 1.92 0.0158431
v 0.883695 1.92 0.0235104
v 0.851167 1.92 0.0345741
v 0.819247 1.92 0.0491006
v 0.788477 1.92 0.0670516
v 0.759396 1.92 0.0882764
v 0.732513 1.92 0.112513
v 0.708276 1.92 0.139396
v 0.687052 1.92 0.168477
v 0.669101 1.92 0.199247
v 0.654574 1.92 0.231167
v 0.64351 1.92 0.263695
v 0.635843 1.92 0.296313
v 0.631416 1.92 0.328551
v 0.63926 1.62 0.280023
v 0.648611 1.62 0.247388
v 0.661404 1.62 0.215097
v 0.677655 1.62 0.183684
v 0.697269 1.62 0.153692
v 0.720039 1.62 0.12565
v 0.74565 1.62 0.100039
v 0.773692 1.62 0.0772686
v 0.803684 1.62 0.0576548
v 0.835097 1.62 0.0414043
v 0.867388 1.62 0.0286112
v 0.900023 1.62 0.0192601
v 1.05998 1.62 0.0192601
v 1.09261 1.62 0.0286112
v 1.1249 1.62 0.0414043
v 1.15632 1.62 0.0576548
v 1.18631 1.62 0.0772686
v 1.21435 1.62 0.100039
v 1.23996 1.62 0.12565
v 1.26273 1.62 0.153692
v 1.28235 1.62 0.183684
v 1.2986 1.62 0.215097
v 1.31139 1.62 0.247388
v 1.32074 1.62 0.280023
v 1.32074 1.62 0.439977
v 1.31139 1.62 0.472612
v 1.2986 1.62 0.504903
v 1.28235 1.62 0.536316
v 1.26273 1.62 0.566308
v 1.23996 1.62 0.59435
v 1.21435 1.62 0.619961
v 1.18631 1.62 0.642731
v 1.15632 1.62 0.662345
v 1.1249 1.62 0.678596
v 1.09261 1.62 0.691389
v 1.05998 1.62 0.70074
v 0.900023 1.62 0.70074
v 0.867388 1.62 0.691389
v 0.835097 1.62 0.678596
v 0.803684 1.62 0.662345
v 0.773692 1.62 0.642731
v 0.74565 1.62 0.619961
v 0.720039 1.62 0.59435
v 0.697269 1.62 0.566308
v 0.677655 1.62 0.536316
v 0.661404 1.62 0.504903
v 0.648611 1.62 0.472612
v 0.63926 1.62 0.439977
v 0.63926 1.92 0.439977
v 0.648611 1.92 0.472612
v 0.661404 1.92 0.504903
v 0.677655 1.92 0.536316
v 0.697269 1.92 0.566308
v 0.720039 1.92 0.59435
v 0.74565 1.92 0.619961
v 0.773692 1.92 0.642731
v 0.803684 1.92 0.662345
v 0.835097 1.92 0.678596
v 0.867388 1.92 0.691389
v 0.900023 1.92 0.70074
v 1.05998 1.92 0.70074
v 1.09261 1.92 0.691389
v 1.1249 1.92 0.678596
v 1.15632 1.92 0.662345
v 1.18631 1.92 0.642731
v 1.21435 1.92 0.619961
v 1.23996 1.92 0.59435
v 1.26273 1.92 0.566308
v 1.28235 1.92 0.536316
v 1.2986 1.92 0.504903
v 1.31139 1.92 0.472612
v 1.32074 1.92 0.439977
v 1.32074 1.92 0.280023
v 1.31139 1.92 0.247388
v 1.2986 1.92 0.215097
v 1.28235 1.92 0.183684
v 1.26273 1.92 0.153692
v 1.23996 1.92 0.12565
v 1.21435 1.92 0.100039
v 1.18631 1.92 0.0772686
v 1.15632 1.92 0.0576548
v 1.1249 1.92 0.0414043
v 1.09261 1.92 0.0286112
v 1.05998 1.92 0.0192601
v 0.900023 1.92 0.0192601
v 0.867388 1.92 0.0286112
v 0.835097 1.92 0.0414043
v 0.803684 1.92 0.0576548
v 0.773692 1.92 0.0772686
v 0.74565 1.92 0.100039
v 0.720039 1.92 0.12565
v 0.697269 1.92 0.153692
v 0.677655 1.92 0.183684
v 0.661404 1.92 0.215097
v 0.648611 1.92 0.247388
v 0.63926 1.92 0.280023
vn -0.894427 -0.447214 -1.0031e-16
vn -0.704246 -0.707107 0.0635367
vn -0.695302 -0.707107 0.128667
vn -0.679812 -0.707107 0.194566
vn -0.65746 -0.707107 0.260282
vn -0.628112 -0.707107 0.32477
vn -0.591845 -0.707107 0.386936
vn -0.548965 -0.707107 0.445688
vn -0.5 -0.707107 0.5
vn -0.445688 -0.707107 0.548965
vn -0.386936 -0.707107 0.591845
vn -0.32477 -0.707107 0.628112
vn -0.260282 -0.707107 0.65746
vn -0.194566 -0.707107 0.679812
vn -0.128667 -0.707107 0.695302
vn -0.0635367 -0.707107 0.704246
vn -1.58603e-16 -0.707107 0.707107
vn 0.0635367 -0.707107 0.704246
vn 0.128667 -0.707107 0.695302
vn 0.194566 -0.707107 0.679812
vn 0.260282 -0.707107 0.65746
vn 0.32477 -0.707107 0.628112
vn 0.386936 -0.707107 0.591845
vn 0.445688 -0.707107 0.548965
vn 0.5 -0.707107 0.5
vn 0.548965 -0.707107 0.445688
vn 0.591845 -0.707107 0.386936
vn 0.628112 -0.707107 0.32477
vn 0.65746 -0.707107 0.260282
vn 0.679812 -0.707107 0.194566
vn 0.695302 -0.707107 0.128667
vn 0.704246 -0.707107 0.0635367
vn 0.707107 -0.707107 1.58603e-16
vn 0.704246 -0.707107 -0.0635367
vn 0.695302 -0.707107 -0.128667
vn 0.679812 -0.707107 -0.194566
vn 0.65746 -0.707107 -0.260282
vn 0.628112 -0.707107 -0.32477
vn 0.591845 -0.707107 -0.386936
vn 0.548965 -0.707107 -0.445688
vn 0.5 -0.707107 -0.5
vn 0.445688 -0.707107 -0.548965
vn 0.386936 -0.707107 -0.591845
vn 0.32477 -0.707107 -0.628112
vn 0.260282 -0.707107 -0.65746
vn 0.194566 -0.707107 -0.679812
vn 0.128667 -0.707107 -0.695302
vn 0.0635367 -0.707107 -0.704246
vn -8.82148e-17 -0.707107 -0.707107
vn -0.0635367 -0.707107 -0.704246
vn -0.128667 -0.707107 -0.695302
vn -0.194566 -0.707107 -0.679812
vn -0.260282 -0.707107 -0.65746
vn -0.32477 -0.707107 -0.628112
vn -0.386936 -0.707107 -0.591845
vn -0.445688 -0.707107 -0.548965
vn -0.5 -0.707107 -0.5
vn -0.548965 -0.707107 -0.445688
vn -0.591845 -0.707107 -0.386936
vn -0.628112 -0.707107 -0.32477
vn -0.65746 -0.707107 -0.260282
vn -0.679812 -0.707107 -0.194566
vn -0.695302 -0.707107 -0.128667
vn -0.704246 -0.707107 -0.0635367
vn -1 0 -5.60747e-17
vn -0.995955 0 0.0898544
vn -0.983305 0 0.181963
vn -0.961399 0 0.275158
vn -0.929788 0 0.368095
vn -0.888284 0 0.459295
vn -0.836996 0 0.54721
vn -0.776353 0 0.630298
vn -0.707107 0 0.707107
vn -0.630298 0 0.776353
vn -0.54721 0 0.836996
vn -0.459295 0 0.888284
vn -0.368095 0 0.929788
vn -0.275158 0 0.961399
vn -0.181963 0 0.983305
vn -0.0898544 0 0.995955
vn -3.36448e-16 0 1
vn 0.0898544 -0 0.995955
vn 0.181963 -0 0.983305
vn 0.275158 -0 0.961399
vn 0.368095 -0 0.929788
vn 0.459295 -0 0.888284
vn 0.54721 -0 0.836996
vn 0.630298 -0 0.776353
vn 0.707107 -0 0.707107
vn 0.776353 -0 0.630298
vn 0.836996 -0 0.54721
vn 0.888284 -0 0.459295
vn 0.929788 -0 0.368095
vn 0.961399 -0 0.275158
vn 0.983305 -0 0.181963
vn 0.995955 -0 0.0898544
vn 1 -0 6.72897e-16
vn 0.995955 0 -0.0898544
vn 0.983305 0 -0.181963
vn 0.961399 0 -0.275158
vn 0.929788 0 -0.368095
vn 0.888284 0 -0.459295
vn 0.836996 0 -0.54721
vn 0.776353 0 -0.630298
vn 0.707107 0 -0.707107
vn 0.630298 0 -0.776353
vn 0.54721 0 -0.836996
vn 0.459295 0 -0.888284
vn 0.368095 0 -0.929788
vn 0.275158 0 -0.961399
vn 0.181963 0 -0.983305
vn 0.0898544 0 -0.995955
vn 1.55958e-16 0 -1
vn -0.0898544 0 -0.995955
vn -0.181963 0 -0.983305
vn -0.275158 0 -0.961399
vn -0.368095 0 -0.929788
vn -0.459295 0 -0.888284
vn -0.54721 0 -0.836996
vn -0.630298 0 -0.776353
vn -0.707107 0 -0.707107
vn -0.776353 0 -0.630298
vn -0.836996 0 -0.54721
vn -0.888284 0 -0.459295
vn -0.929788 0 -0.368095
vn -0.961399 0 -0.275158
vn -0.983305 0 -0.181963
vn -0.995955 0 -0.0898544
vn -0.894427 0.447214 -1.0031e-16
vn -0.704246 0.707107 0.0635367
vn -0.695302 0.707107 0.128667
vn -0.679812 0.707107 0.194566
vn -0.65746 0.707107 0.260282
vn -0.628112 0.707107 0.32477
vn -0.591845 0.707107 0.386936
vn -0.548965 0.707107 0.445688
vn -0.5 0.707107 0.5
vn -0.445688 0.707107 0.548965
vn -0.386936 0.707107 0.591845
vn -0.32477 0.707107 0.628112
vn -0.260282 0.707107 0.65746
vn -0.194566 0.707107 0.679812
vn -0.128667 0.707107 0.695302
vn -0.0635367 0.707107 0.704246
vn -1.58603e-16 0.707107 0.707107
vn 0.0635367 0.707107 0.704246
vn 0.128667 0.707107 0.695302
vn 0.194566 0.707107 0.679812
vn 0.260282 0.707107 0.65746
vn 0.32477 0.707107 0.628112
vn 0.386936 0.707107 0.591845
vn 0.445688 0.707107 0.548965
vn 0.5 0.707107 0.5
vn 0.548965 0.707107 0.445688
vn 0.591845 0.707107 0.386936
vn 0.628112 0.707107 0.32477
vn 0.65746 0.707107 0.260282
vn 0.679812 0.707107 0.194566
vn 0.695302 0.707107 0.128667
vn 0.704246 0.707107 0.0635367
vn 0.707107 0.707107 1.58603e-16
vn 0.704246 0.707107 -0.0635367
vn 0.695302 0.707107 -0.128667
vn 0.679812 0.707107 -0.194566
vn 0.65746 0.707107 -0.260282
vn 0.628112 0.707107 -0.32477
vn 0.591845 0.707107 -0.386936
vn 0.548965 0.707107 -0.445688
vn 0.5 0.707107 -0.5
vn 0.445688 0.707107 -0.548965
vn 0.386936 0.707107 -0.591845
vn 0.32477 0.707107 -0.628112
vn 0.260282 0.707107 -0.65746
vn 0.194566 0.707107 -0.679812
vn 0.128667 0.707107 -0.695302
vn 0.0635367 0.707107 -0.704246
vn -4.1112e-17 0.707107 -0.707107
vn -0.0635367 0.707107 -0.704246
vn -0.128667 0.707107 -0.695302
vn -0.194566 0.707107 -0.679812
vn -0.260282 0.707107 -0.65746
vn -0.32477 0.707107 -0.628112
vn -0.386936 0.707107 -0.591845
vn -0.445688 0.707107 -0.548965
vn -0.5 0.707107 -0.5
vn -0.548965 0.707107 -0.445688
vn -0.591845 0.707107 -0.386936
vn -0.628112 0.707107 -0.32477
vn -0.65746 0.707107 -0.260282
vn -0.679812 0.707107 -0.194566
vn -0.695302 0.707107 -0.128667
vn -0.704246 0.707107 -0.0635367
vn -6.88338e-17 -1 0
vn -8.99281e-17 -1 0
vn 2.90878e-16 -1 0
vn -6.88338e-17 -1 0
vn 2.56462e-16 -1 0
vn -5.55112e-17 -1 0
vn 2.0095e-16 -1 0
vn 2.56462e-16 -1 0
vn 2.63123e-16 -1 0
vn 2.23432e-16 -1 0
vn 3.23908e-16 -1 0
vn 2.59792e-16 -1 0
vn -1.85685e-16 -1 0
vn -1.26843e-16 -1 0
vn -2.3398e-16 -1 0
vn -1.94289e-16 -1 0
vn -3.16414e-17 -1 0
vn -4.4964e-17 -1 0
vn -1.33227e-17 -1 0
vn -3.44169e-17 -1 0
vn -2.0095e-16 -1 0
vn -4.01901e-16 -1 0
vn -1.32117e-16 -1 0
vn -4.01901e-16 -1 0
vn -4.01901e-16 -1 0
vn 2.22045e-16 -1 0
vn -4.01901e-16 -1 0
vn -2.22045e-16 -1 0
vn 0 -1 0
vn 0 -1 0
vn 2.22045e-16 -1 0
vn 0 -1 0
vn 0 -1 0
vn -2.22045e-16 -1 0
vn 2.22045e-16 -1 0
vn -2.22045e-16 -1 0
vn -2.22045e-16 -1 0
vn 2.22045e-16 -1 0
vn -2.22045e-16 -1 0
vn 2.22045e-16 -1 0
vn 0 -1 0
vn 2.22045e-16 -1 0
vn 2.22045e-16 -1 0
vn -1.79856e-16 -1 0
vn -2.22045e-16 -1 0
vn -4.01901e-16 -1 0
vn 0 -1 0
vn -2.22045e-16 -1 0
vn -2.13163e-16 1 0
vn -2.22045e-16 1 0
vn -2.13163e-16 1 0
vn -8.88178e-18 1 0
vn -2.13163e-16 1 0
vn -4.44089e-16 1 0
vn 0 1 -0
vn 0 1 -0
vn 0 1 -0
vn 0 1 -0
vn 0 1 -0
vn 0 1 -0
vn 0 1 -0
vn 0 1 -0
vn 0 1 -0
vn 0 1 -0
vn 0 1 -0
vn 0 1 -0
vn -4.44089e-16 1 0
vn 0 1 -0
vn -8.88178e-18 1 0
vn -2.13163e-16 1 0
vn 0 1 -0
vn -2.22045e-16 1 0
vn -1.02141e-16 1 0
vn -1.15463e-16 1 0
vn -2.22045e-16 1 0
vn -1.06581e-16 1 0
vn -1.02141e-16 1 0
vn -4.35207e-16 1 0
vn 2.13163e-16 1 -0
vn 5.9952e-17 1 -0
vn 1.11022e-16 1 -0
vn -7.88258e-17 1 0
vn 5.21805e-17 1 -0
vn -2.22045e-18 1 0
vn 2.10942e-17 1 -0
vn 4.77396e-17 1 -0
vn -8.88178e-17 1 0
vn 1.04361e-16 1 -0
vn 5.77316e-17 1 -0
vn 2.17604e-16 1 -0
vn -4.44089e-18 1 0
vn -1.11022e-16 1 0
vn -4.44089e-18 1 0
vn -1.02141e-16 1 0
vn -1.06581e-16 1 0
vn -1.11022e-16 1 0
g WFR_rubber
usemtl rubber
f 1080//1080 1081//1081 1145//1145
f 1080//1080 1145//1145 1144//1144
f 1081//1081 1082//1082 1146//1146
f 1081//1081 1146//1146 1145//1145
f 1082//1082 1083//1083 1147//1147
f 1082//1082 1147//1147 1146//1146
f 1083//1083 1084//1084 1148//1148
f 1083//1083 1148//1148 1147//1147
f 1084//1084 1085//1085 1149//1149
f 1084//1084 1149//1149 1148//1148
f 1085//1085 1086//1086 1150//1150
f 1085//1085 1150//1150 1149//1149
f 1086//1086 1087//1087 1151//1151
f 1086//1086 1151//1151 1150//1150
f 1087//1087 1088//1088 1152//1152
f 1087//1087 1152//1152 1151//1151
f 1088//1088 1089//1089 1153//1153
f 1088//1088 1153//1153 1152//1152
f 1089//1089 1090//1090 1154//1154
f 1089//1089 1154//1154 1153//1153
f 1090//1090 1091//1091 1155//1155
f 1090//1090 1155//1155 1154//1154
f 1091//1091 1092//1092 1156//1156
f 1091//1091 1156//1156 1155//1155
f 1092//1092 1093//1093 1157//1157
f 1092//1092 1157//1157 1156//1156
f 1093//1093 1094//1094 1158//1158
f 1093//1093 1158//1158 1157//1157
f 1094//1094 1095//1095 1159//1159
f 1094//1094 1159//1159 1158//1158
f 1095//1095 1096//1096 1160//1160
f 1095//1095 1160//1160 1159//1159
f 1096//1096 1097//1097 1161//1161
f 1096//1096 1161//1161 1160//1160
f 1097//1097 1098//1098 1162//1162
f 1097//1097 1162//1162 1161//1161
f 1098//1098 1099//1099 1163//1163
f 1098//1098 1163//1163 1162//1162
f 1099//1099 1100//1100 1164//1164
f 1099//1099 1164//1164 1163//1163
f 1100//1100 1101//1101 1165//1165
f 1100//1100 1165//1165 1164//1164
f 1101//1101 1102//1102 1166//1166
f 1101//1101 1166//1166 1165//1165
f 1102//1102 1103//1103 1167//1167
f 1102//1102 1167//1167 1166//1166
f 1103//1103 1104//1104 1168//1168
f 1103//1103 1168//1168 1167//1167
f 1104//1104 1105//1105 1169//1169
f 1104//1104 1169//1169 1168//1168
f 1105//1105 1106//1106 1170//1170
f 1105//1105 1170//1170 1169//1169
f 1106//1106 1107//1107 1171//1171
f 1106//1106 1171//1171 1170//1170
f 1107//1107 1108//1108 1172//1172
f 1107//1107 1172//1172 1171//1171
f 1108//1108 1109//1109 1173//1173
f 1108//1108 1173//1173 1172//1172
f 1109//1109 1110//1110 1174//1174
f 1109//1109 1174//1174 1173//1173
f 1110//1110 1111//1111 1175//1175
f 1110//1110 1175//1175 1174//1174
f 1111//1111 1112//1112 1176//1176
f 1111//1111 1176//1176 1175//1175
f 1112//1112 1113//1113 1177//1177
f 1112//1112 1177//1177 1176//1176
f 1113//1113 1114//1114 1178//1178
f 1113//1113 1178//1178 1177//1177
f 1114//1114 1115//1115 1179//1179
f 1114//1114 1179//1179 1178//1178
f 1115//1115 1116//1116 1180//1180
f 1115//1115 1180//1180 1179//1179
f 1116//1116 1117//1117 1181//1181
f 1116//1116 1181//1181 1180//1180
f 1117//1117 1118//1118 1182//1182
f 1117//1117 1182//1182 1181//1181
f 1118//1118 1119//1119 1183//1183
f 1118//1118 1183//1183 1182//1182
f 1119//1119 1120//1120 1184//1184
f 1119//1119 1184//1184 1183//1183
f 1120//1120 1121//1121 1185//1185
f 1120//1120 1185//1185 1184//1184
f 1121//1121 1122//1122 1186//1186
f 1121//1121 1186//1186 1185//1185
f 1122//1122 1123//1123 1187//1187
f 1122//1122 1187//1187 1186//1186
f 1123//1123 1124//1124 1188//1188
f 1123//1123 1188//1188 1187//1187
f 1124//1124 1125//1125 1189//1189
f 1124//1124 1189//1189 1188//1188
f 1125//1125 1126//1126 1190//1190
f 1125//1125 1190//1190 1189//1189
f 1126//1126 1127//1127 1191//1191
f 1126//1126 1191//1191 1190//1190
f 1127//1127 1128//1128 1192//1192
f 1127//1127 1192//1192 1191//1191
f 1128//1128 1129//1129 1193//1193
f 1128//1128 1193//1193 1192//1192
f 1129//1129 1130//1130 1194//1194
f 1129//1129 1194//1194 1193//1193
f 1130//1130 1131//1131 1195//1195
f 1130//1130 1195//1195 1194//1194
f 1131//1131 1132//1132 1196//1196
f 1131//1131 1196//1196 1195//1195
f 1132//1132 1133//1133 1197//1197
f 1132//1132 1197//1197 1196//1196
f 1133//1133 1134//1134 1198//1198
f 1133//1133 1198//1198 1197//1197
f 1134//1134 1135//1135 1199//1199
f 1134//1134 1199//1199 1198//1198
f 1135//1135 1136//1136 1200//1200
f 1135//1135 1200//1200 1199//1199
f 1136//1136 1137//1137 1201//1201
f 1136//1136 1201//1201 1200//1200
f 1137//1137 1138//1138 1202//1202
f 1137//1137 1202//1202 1201//1201
f 1138//1138 1139//1139 1203//1203
f 1138//1138 1203//1203 1202//1202
f 1139//1139 1140//1140 1204//1204
f 1139//1139 1204//1204 1203//1203
f 1140//1140 1141//1141 1205//1205
f 1140//1140 1205//1205 1204//1204
f 1141//1141 1142//1142 1206//1206
f 1141//1141 1206//1206 1205//1205
f 1142//1142 1143//1143 1207//1207
f 1142//1142 1207//1207 1206//1206
f 1143//1143 1080//1080 1144//1144
f 1143//1143 1144//1144 1207//1207
f 1144//1144 1145//1145 1209//1209
f 1144//1144 1209//1209 1208//1208
f 1145//1145 1146//1146 1210//1210
f 1145//1145 1210//1210 1209//1209
f 1146//1146 1147//1147 1211//1211
f 1146//1146 1211//1211 1210//1210
f 1147//1147 1148//1148 1212//1212
f 1147//1147 1212//1212 1211//1211
f 1148//1148 1149//1149 1213//1213
f 1148//1148 1213//1213 1212//1212
f 1149//1149 1150//1150 1214//1214
f 1149//1149 1214//1214 1213//1213
f 1150//1150 1151//1151 1215//1215
f 1150//1150 1215//1215 1214//1214
f 1151//1151 1152//1152 1216//1216
f 1151//1151 1216//1216 1215//1215
f 1152//1152 1153//1153 1217//1217
f 1152//1152 1217//1217 1216//1216
f 1153//1153 1154//1154 1218//1218
f 1153//1153 1218//1218 1217//1217
f 1154//1154 1155//1155 1219//1219
f 1154//1154 1219//1219 1218//1218
f 1155//1155 1156//1156 1220//1220
f 1155//1155 1220//1220 1219//1219
f 1156//1156 1157//1157 1221//1221
f 1156//1156 1221//1221 1220//1220
f 1157//1157 1158//1158 1222//1222
f 1157//1157 1222//1222 1221//1221
f 1158//1158 1159//1159 1223//1223
f 1158//1158 1223//1223 1222//1222
f 1159//1159 1160//1160 1224//1224
f 1159//1159 1224//1224 1223//1223
f 1160//1160 1161//1161 1225//1225
f 1160//1160 1225//1225 1224//1224
f 1161//1161 1162//1162 1226//1226
f 1161//1161 1226//1226 1225//1225
f 1162//1162 1163//1163 1227//1227
f 1162//1162 1227//1227 1226//1226
f 1163//1163 1164//1164 1228//1228
f 1163//1163 1228//1228 1227//1227
f 1164//1164 1165//1165 1229//1229
f 1164//1164 1229//1229 1228//1228
f 1165//1165 1166//1166 1230//1230
f 1165//1165 1230//1230 1229//1229
f 1166//1166 1167//1167 1231//1231
f 1166//1166 1231//1231 1230//1230
f 1167//1167 1168//1168 1232//1232
f 1167//1167 1232//1232 1231//1231
f 1168//1168 1169//1169 1233//1233
f 1168//1168 1233//1233 1232//1232
f 1169//1169 1170//1170 1234//1234
f 1169//1169 1234//1234 1233//1233
f 1170//1170 1171//1171 1235//1235
f 1170//1170 1235//1235 1234//1234
f 1171//1171 1172//1172 1236//1236
f 1171//1171 1236//1236 1235//1235
f 1172//1172 1173//1173 1237//1237
f 1172//1172 1237//1237 1236//1236
f 1173//1173 1174//1174 1238//1238
f 1173//1173 1238//1238 1237//1237
f 1174//1174 1175//1175 1239//1239
f 1174//1174 1239//1239 1238//1238
f 1175//1175 1176//1176 1240//1240
f 1175//1175 1240//1240 1239//1239
f 1176//1176 1177//1177 1241//1241
f 1176//1176 1241//1241 1240//1240
f 1177//1177 1178//1178 1242//1242
f 1177//1177 1242//1242 1241//1241
f 1178//1178 1179//1179 1243//1243
f 1178//1178 1243//1243 1242//1242
f 1179//1179 1180//1180 1244//1244
f 1179//1179 1244//1244 1243//1243
f 1180//1180 1181//1181 1245//1245
f 1180//1180 1245//1245 1244//1244
f 1181//1181 1182//1182 1246//1246
f 1181//1181 1246//1246 1245//1245
f 1182//1182 1183//1183 1247//1247
f 1182//1182 1247//1247 1246//1246
f 1183//1183 1184//1184 1248//1248
f 1183//1183 1248//1248 1247//1247
f 1184//1184 1185//1185 1249//1249
f 1184//1184 1249//1249 1248//1248
f 1185//1185 1186//1186 1250//1250
f 1185//1185 1250//1250 1249//1249
f 1186//1186 1187//1187 1251//1251
f 1186//1186 1251//1251 1250//1250
f 1187//1187 1188//1188 1252//1252
f 1187//1187 1252//1252 1251//1251
f 1188//1188 1189//1189 1253//1253
f 1188//1188 1253//1253 1252//1252
f 1189//1189 1190//1190 1254//1254
f 1189//1189 1254//1254 1253//1253
f 1190//1190 1191//1191 1255//1255
f 1190//1190 1255//1255 1254//1254
f 1191//1191 1192//1192 1256//1256
f 1191//1191 1256//1256 1255//1255
f 1192//1192 1193//1193 1257//1257
f 1192//1192 1257//1257 1256//1256
f 1193//1193 1194//1194 1258//1258
f 1193//1193 1258//1258 1257//1257
f 1194//1194 1195//1195 1259//1259
f 1194//1194 1259//1259 1258//1258
f 1195//1195 1196//1196 1260//1260
f 1195//1195 1260//1260 1259//1259
f 1196//1196 1197//1197 1261//1261
f 1196//1196 1261//1261 1260//1260
f 1197//1197 1198//1198 1262//1262
f 1197//1197 1262//1262 1261//1261
f 1198//1198 1199//1199 1263//1263
f 1198//1198 1263//1263 1262//1262
f 1199//1199 1200//1200 1264//1264
f 1199//1199 1264//1264 1263//1263
f 1200//1200 1201//1201 1265//1265
f 1200//1200 1265//1265 1264//1264
f 1201//1201 1202//1202 1266//1266
f 1201//1201 1266//1266 1265//1265
f 1202//1202 1203//1203 1267//1267
f 1202//1202 1267//1267 1266//1266
f 1203//1203 1204//1204 1268//1268
f 1203//1203 1268//1268 1267//1267
f 1204//1204 1205//1205 1269//1269
f 1204//1204 1269//1269 1268//1268
f 1205//1205 1206//1206 1270//1270
f 1205//1205 1270//1270 1269//1269
f 1206//1206 1207//1207 1271//1271
f 1206//1206 1271//1271 1270//1270
f 1207//1207 1144//1144 1208//1208
f 1207//1207 1208//1208 1271//1271
f 1081//1081 1080//1080 1143//1143
f 1081//1081 1143//1143 1142//1142
f 1081//1081 1142//1142 1272//1272
f 1081//1081 1272//1272 1141//1141
f 1081//1081 1141//1141 1273//1273
f 1081//1081 1273//1273 1140//1140
f 1081//1081 1140//1140 1274//1274
f 1081//1081 1274//1274 1139//1139
f 1081//1081 1139//1139 1275//1275
f 1081//1081 1275//1275 1138//1138
f 1081//1081 1138//1138 1276//1276
f 1081//1081 1276//1276 1137//1137
f 1081//1081 1137//1137 1277//1277
f 1081//1081 1277//1277 1136//1136
f 1081//1081 1136//1136 1278//1278
f 1081//1081 1278//1278 1135//1135
f 1081//1081 1135//1135 1279//1279
f 1081//1081 1279//1279 1134//1134
f 1081//1081 1134//1134 1280//1280
f 1081//1081 1280//1280 1133//1133
f 1081//1081 1133//1133 1281//1281
f 1081//1081 1281//1281 1132//1132
f 1081//1081 1132//1132 1282//1282
f 1081//1081 1282//1282 1131//1131
f 1081//1081 1131//1131 1283//1283
f 1081//1081 1283//1283 1130//1130
f 1081//1081 1130//1130 1129//1129
f 1081//1081 1129//1129 1128//1128
f 1081//1081 1128//1128 1127//1127
f 1081//1081 1127//1127 1126//1126
f 1081//1081 1126//1126 1284//1284
f 1081//1081 1284//1284 1125//1125
f 1081//1081 1125//1125 1285//1285
f 1081//1081 1285//1285 1124//1124
f 1081//1081 1124//1124 1286//1286
f 1081//1081 1286//1286 1123//1123
f 1081//1081 1123//1123 1287//1287
f 1081//1081 1287//1287 1122//1122
f 1081//1081 1122//1122 1288//1288
f 1081//1081 1288//1288 1121//1121
f 1081//1081 1121//1121 1289//1289
f 1081//1081 1289//1289 1120//1120
f 1081//1081 1120//1120 1290//1290
f 1081//1081 1290//1290 1119//1119
f 1081//1081 1119//1119 1291//1291
f 1081//1081 1291//1291 1118//1118
f 1081//1081 1118//1118 1292//1292
f 1081//1081 1292//1292 1117//1117
f 1081//1081 1117//1117 1293//1293
f 1081//1081 1293//1293 1116//1116
f 1081//1081 1116//1116 1294//1294
f 1081//1081 1294//1294 1115//1115
f 1081//1081 1115//1115 1295//1295
f 1081//1081 1295//1295 1114//1114
f 1081//1081 1114//1114 1113//1113
f 1081//1081 1113//1113 1112//1112
f 1081//1081 1112//1112 1111//1111
f 1081//1081 1111//1111 1110//1110
f 1081//1081 1110//1110 1296//1296
f 1081//1081 1296//1296 1109//1109
f 1081//1081 1109//1109 1297//1297
f 1081//1081 1297//1297 1108//1108
f 1081//1081 1108//1108 1298//1298
f 1081//1081 1298//1298 1107//1107
f 1081//1081 1107//1107 1299//1299
f 1081//1081 1299//1299 1106//1106
f 1081//1081 1106//1106 1300//1300
f 1081//1081 1300//1300 1105//1105
f 1081//1081 1105//1105 1301//1301
f 1081//1081 1301//1301 1104//1104
f 1081//1081 1104//1104 1302//1302
f 1081//1081 1302//1302 1103//1103
f 1081//1081 1103//1103 1303//1303
f 1081//1081 1303//1303 1102//1102
f 1081//1081 1102//1102 1304//1304
f 1081//1081 1304//1304 1101//1101
f 1081//1081 1101//1101 1305//1305
f 1081//1081 1305//1305 1100//1100
f 1081//1081 1100//1100 1306//1306
f 1081//1081 1306//1306 1099//1099
f 1081//1081 1099//1099 1307//1307
f 1081//1081 1307//1307 1098//1098
f 1081//1081 1098//1098 1097//1097
f 1081//1081 1097//1097 1096//1096
f 1081//1081 1096//1096 1095//1095
f 1081//1081 1095//1095 1094//1094
f 1081//1081 1094//1094 1308//1308
f 1081//1081 1308//1308 1093//1093
f 1081//1081 1093//1093 1309//1309
f 1081//1081 1309//1309 1092//1092
f 1081//1081 1092//1092 1310//1310
f 1081//1081 1310//1310 1091//1091
f 1081//1081 1091//1091 1311//1311
f 1081//1081 1311//1311 1090//1090
f 1081//1081 1090//1090 1312//1312
f 1081//1081 1312//1312 1089//1089
f 1081//1081 1089//1089 1313//1313
f 1081//1081 1313//1313 1088//1088
f 1081//1081 1088//1088 1314//1314
f 1081//1081 1314//1314 1087//1087
f 1081//1081 1087//1087 1315//1315
f 1081//1081 1315//1315 1086//1086
f 1081//1081 1086//1086 1316//1316
f 1081//1081 1316//1316 1085//1085
f 1081//1081 1085//1085 1317//1317
f 1081//1081 1317//1317 1084//1084
f 1081//1081 1084//1084 1318//1318
f 1081//1081 1318//1318 1083//1083
f 1081//1081 1083//1083 1319//1319
f 1319//1319 1082//1082 1081//1081
f 1271//1271 1208//1208 1209//1209
f 1271//1271 1209//1209 1210//1210
f 1271//1271 1210//1210 1320//1320
f 1271//1271 1320//1320 1211//1211
f 1271//1271 1211//1211 1321//1321
f 1271//1271 1321//1321 1212//1212
f 1271//1271 1212//1212 1322//1322
f 1271//1271 1322//1322 1213//1213
f 1271//1271 1213//1213 1323//1323
f 1271//1271 1323//1323 1214//1214
f 1271//1271 1214//1214 1324//1324
f 1271//1271 1324//1324 1215//1215
f 1271//1271 1215//1215 1325//1325
f 1271//1271 1325//1325 1216//1216
f 1271//1271 1216//1216 1326//1326
f 1271//1271 1326//1326 1217//1217
f 1271//1271 1217//1217 1327//1327
f 1271//1271 1327//1327 1218//1218
f 1271//1271 1218//1218 1328//1328
f 1271//1271 1328//1328 1219//1219
f 1271//1271 1219//1219 1329//1329
f 1271//1271 1329//1329 1220//1220
f 1271//1271 1220//1220 1330//1330
f 1271//1271 1330//1330 1221//1221
f 1271//1271 1221//1221 1331//1331
f 1271//1271 1331//1331 1222//1222
f 1271//1271 1222//1222 1223//1223
f 1271//1271 1223//1223 1224//1224
f 1271//1271 1224//1224 1225//1225
f 1271//1271 1225//1225 1226//1226
f 1271//1271 1226//1226 1332//1332
f 1271//1271 1332//1332 1227//1227
f 1271//1271 1227//1227 1333//1333
f 1271//1271 1333//1333 1228//1228
f 1271//1271 1228//1228 1334//1334
f 1271//1271 1334//1334 1229//1229
f 1271//1271 1229//1229 1335//1335
f 1271//1271 1335//1335 1230//1230
f 1271//1271 1230//1230 1336//1336
f 1271//1271 1336//1336 1231//1231
f 1271//1271 1231//1231 1337//1337
f 1271//1271 1337//1337 1232//1232
f 1271//1271 1232//1232 1338//1338
f 1271//1271 1338//1338 1233//1233
f 1271//1271 1233//1233 1339//1339
f 1271//1271 1339//1339 1234//1234
f 1271//1271 1234//1234 1340//1340
f 1271//1271 1340//1340 1235//1235
f 1271//1271 1235//1235 1341//1341
f 1271//1271 1341//1341 1236//1236
f 1271//1271 1236//1236 1342//1342
f 1271//1271 1342//1342 1237//1237
f 1271//1271 1237//1237 1343//1343
f 1271//1271 1343//1343 1238//1238
f 1271//1271 1238//1238 1239//1239
f 1271//1271 1239//1239 1240//1240
f 1271//1271 1240//1240 1241//1241
f 1271//1271 1241//1241 1242//1242
f 1271//1271 1242//1242 1344//1344
f 1271//1271 1344//1344 1243//1243
f 1271//1271 1243//1243 1345//1345
f 1271//1271 1345//1345 1244//1244
f 1271//1271 1244//1244 1346//1346
f 1271//1271 1346//1346 1245//1245
f 1271//1271 1245//1245 1347//1347
f 1271//1271 1347//1347 1246//1246
f 1271//1271 1246//1246 1348//1348
f 1271//1271 1348//1348 1247//1247
f 1271//1271 1247//1247 1349//1349
f 1271//1271 1349//1349 1248//1248
f 1271//1271 1248//1248 1350//1350
f 1271//1271 1350//1350 1249//1249
f 1271//1271 1249//1249 1351//1351
f 1271//1271 1351//1351 1250//1250
f 1271//1271 1250//1250 1352//1352
f 1271//1271 1352//1352 1251//1251
f 1271//1271 1251//1251 1353//1353
f 1271//1271 1353//1353 1252//1252
f 1271//1271 1252//1252 1354//1354
f 1271//1271 1354//1354 1253//1253
f 1271//1271 1253//1253 1355//1355
f 1271//1271 1355//1355 1254//1254
f 1271//1271 1254//1254 1255//1255
f 1271//1271 1255//1255 1256//1256
f 1271//1271 1256//1256 1257//1257
f 1271//1271 1257//1257 1258//1258
f 1271//1271 1258//1258 1356//1356
f 1271//1271 1356//1356 1259//1259
f 1271//1271 1259//1259 1357//1357
f 1271//1271 1357//1357 1260//1260
f 1271//1271 1260//1260 1358//1358
f 1271//1271 1358//1358 1261//1261
f 1271//1271 1261//1261 1359//1359
f 1271//1271 1359//1359 1262//1262
f 1271//1271 1262//1262 1360//1360
f 1271//1271 1360//1360 1263//1263
f 1271//1271 1263//1263 1361//1361
f 1271//1271 1361//1361 1264//1264
f 1271//1271 1264//1264 1362//1362
f 1271//1271 1362//1362 1265//1265
f 1271//1271 1265//1265 1363//1363
f 1271//1271 1363//1363 1266//1266
f 1271//1271 1266//1266 1364//1364
f 1271//1271 1364//1364 1267//1267
f 1271//1271 1267//1267 1365//1365
f 1271//1271 1365//1365 1268//1268
f 1271//1271 1268//1268 1366//1366
f 1271//1271 1366//1366 1269//1269
f 1271//1271 1269//1269 1367//1367
f 1367//1367 1270//1270 1271//1271
o WRL
v 2.94 -0.02 0.36
v 2.94138 -0.02 0.390551
v 2.94568 -0.02 0.421867
v 2.95312 -0.02 0.453554
v 2.96387 -0.02 0.485152
v 2.97798 -0.02 0.51616
v 2.99542 -0.02 0.546051
v 3.01604 -0.02 0.574301
v 3.03958 -0.02 0.600416
v 3.0657 -0.02 0.62396
v 3.09395 -0.02 0.644578
v 3.12384 -0.02 0.662017
v 3.15485 -0.02 0.676128
v 3.18645 -0.02 0.686876
v 3.21813 -0.02 0.694324
v 3.24945 -0.02 0.698625
v 3.28 -0.02 0.7
v 3.31055 -0.02 0.698625
v 3.34187 -0.02 0.694324
v 3.37355 -0.02 0.686876
v 3.40515 -0.02 0.676128
v 3.43616 -0.02 0.662017
v 3.46605 -0.02 0.644578
v 3.4943 -0.02 0.62396
v 3.52042 -0.02 0.600416
v 3.54396 -0.02 0.574301
v 3.56458 -0.02 0.546051
v 3.58202 -0.02 0.51616
v 3.59613 -0.02 0.485152
v 3.60688 -0.02 0.453554
v 3.61432 -0.02 0.421867
v 3.61862 -0.02 0.390551
v 3.62 -0.02 0.36
v 3.61862 -0.02 0.329449
v 3.61432 -0.02 0.298133
v 3.60688 -0.02 0.266446
v 3.59613 -0.02 0.234848
v 3.58202 -0.02 0.20384
v 3.56458 -0.02 0.173949
v 3.54396 -0.02 0.145699
v 3.52042 -0.02 0.119584
v 3.4943 -0.02 0.0960399
v 3.46605 -0.02 0.0754215
v 3.43616 -0.02 0.0579834
v 3.40515 -0.02 0.043872
v 3.37355 -0.02 0.0331244
v 3.34187 -0.02 0.0256762
v 3.31055 -0.02 0.0213753
v 3.28 -0.02 0.02
v 3.24945 -0.02 0.0213753
v 3.21813 -0.02 0.0256762
v 3.18645 -0.02 0.0331244
v 3.15485 -0.02 0.043872
v 3.12384 -0.02 0.0579834
v 3.09395 -0.02 0.0754215
v 3.0657 -0.02 0.0960399
v 3.03958 -0.02 0.119584
v 3.01604 -0.02 0.145699
v 2.99542 -0.02 0.173949
v 2.97798 -0.02 0.20384
v 2.96387 -0.02 0.234848
v 2.95312 -0.02 0.266446
v 2.94568 -0.02 0.298133
v 2.94138 -0.02 0.329449
v 2.94 0.13 0.36
v 2.94138 0.13 0.390551
v 2.94568 0.13 0.421867
v 2.95312 0.13 0.453554
v 2.96387 0.13 0.485152
v 2.97798 0.13 0.51616
v 2.99542 0.13 0.546051
v 3.01604 0.13 0.574301
v 3.03958 0.13 0.600416
v 3.0657 0.13 0.62396
v 3.09395 0.13 0.644578
v 3.12384 0.13 0.662017
v 3.15485 0.13 0.676128
v 3.18645 0.13 0.686876
v 3.21813 0.13 0.694324
v 3.24945 0.13 0.698625
v 3.28 0.13 0.7
v 3.31055 0.13 0.698625
v 3.34187 0.13 0.694324
v 3.37355 0.13 0.686876
v 3.40515 0.13 0.676128
v 3.43616 0.13 0.662017
v 3.46605 0.13 0.644578
v 3.4943 0.13 0.62396
v 3.52042 0.13 0.600416
v 3.54396 0.13 0.574301
v 3.56458 0.13 0.546051
v 3.58202 0.13 0.51616
v 3.59613 0.13 0.485152
v 3.60688 0.13 0.453554
v 3.61432 0.13 0.421867
v 3.61862 0.13 0.390551
v 3.62 0.13 0.36
v 3.61862 0.13 0.329449
v 3.61432 0.13 0.298133
v 3.60688 0.13 0.266446
v 3.59613 0.13 0.234848
v 3.58202 0.13 0.20384
v 3.56458 0.13 0.173949
v 3.54396 0.13 0.145699
v 3.52042 0.13 0.119584
v 3.4943 0.13 0.0960399
v 3.46605 0.13 0.0754215
v 3.43616 0.13 0.0579834
v 3.40515 0.13 0.043872
v 3.37355 0.13 0.0331244
v 3.34187 0.13 0.0256762
v 3.31055 0.13 0.0213753
v 3.28 0.13 0.02
v 3.24945 0.13 0.0213753
v 3.21813 0.13 0.0256762
v 3.18645 0.13 0.0331244
v 3.15485 0.13 0.043872
v 3.12384 0.13 0.0579834
v 3.09395 0.13 0.0754215
v 3.0657 0.13 0.0960399
v 3.03958 0.13 0.119584
v 3.01604 0.13 0.145699
v 2.99542 0.13 0.173949
v 2.97798 0.13 0.20384
v 2.96387 0.13 0.234848
v 2.95312 0.13 0.266446
v 2.94568 0.13 0.298133
v 2.94138 0.13 0.329449
v 2.94 0.28 0.36
v 2.94138 0.28 0.390551
v 2.94568 0.28 0.421867
v 2.95312 0.28 0.453554
v 2.96387 0.28 0.485152
v 2.97798 0.28 0.51616
v 2.99542 0.28 0.546051
v 3.01604 0.28 0.574301
v 3.03958 0.28 0.600416
v 3.0657 0.28 0.62396
v 3.09395 0.28 0.644578
v 3.12384 0.28 0.662017
v 3.15485 0.28 0.676128
v 3.18645 0.28 0.686876
v 3.21813 0.28 0.694324
v 3.24945 0.28 0.698625
v 3.28 0.28 0.7
v 3.31055 0.28 0.698625
v 3.34187 0.28 0.694324
v 3.37355 0.28 0.686876
v 3.40515 0.28 0.676128
v 3.43616 0.28 0.662017
v 3.46605 0.28 0.644578
v 3.4943 0.28 0.62396
v 3.52042 0.28 0.600416
v 3.54396 0.28 0.574301
v 3.56458 0.28 0.546051
v 3.58202 0.28 0.51616
v 3.59613 0.28 0.485152
v 3.60688 0.28 0.453554
v 3.61432 0.28 0.421867
v 3.61862 0.28 0.390551
v 3.62 0.28 0.36
v 3.61862 0.28 0.329449
v 3.61432 0.28 0.298133
v 3.60688 0.28 0.266446
v 3.59613 0.28 0.234848
v 3.58202 0.28 0.20384
v 3.56458 0.28 0.173949
v 3.54396 0.28 0.145699
v 3.52042 0.28 0.119584
v 3.4943 0.28 0.0960399
v 3.46605 0.28 0.0754215
v 3.43616 0.28 0.0579834
v 3.40515 0.28 0.043872
v 3.37355 0.28 0.0331244
v 3.34187 0.28 0.0256762
v 3.31055 0.28 0.0213753
v 3.28 0.28 0.02
v 3.24945 0.28 0.0213753
v 3.21813 0.28 0.0256762
v 3.18645 0.28 0.0331244
v 3.15485 0.28 0.043872
v 3.12384 0.28 0.0579834
v 3.09395 0.28 0.0754215
v 3.0657 0.28 0.0960399
v 3.03958 0.28 0.119584
v 3.01604 0.28 0.145699
v 2.99542 0.28 0.173949
v 2.97798 0.28 0.20384
v 2.96387 0.28 0.234848
v 2.95312 0.28 0.266446
v 2.94568 0.28 0.298133
v 2.94138 0.28 0.329449
v 2.95808 -0.02 0.250605
v 2.97051 -0.02 0.219237
v 2.98629 -0.02 0.188722
v 3.00535 -0.02 0.159587
v 3.02747 -0.02 0.132345
v 3.05235 -0.02 0.107466
v 3.07959 -0.02 0.0853466
v 3.10872 -0.02 0.0662932
v 3.13924 -0.02 0.050507
v 3.17061 -0.02 0.0380795
v 3.38939 -0.02 0.0380795
v 3.42076 -0.02 0.050507
v 3.45128 -0.02 0.0662932
v 3.48041 -0.02 0.0853466
v 3.50765 -0.02 0.107466
v 3.53253 -0.02 0.132345
v 3.55465 -0.02 0.159587
v 3.57371 -0.02 0.188722
v 3.58949 -0.02 0.219237
v 3.60192 -0.02 0.250605
v 3.60192 -0.02 0.469395
v 3.58949 -0.02 0.500763
v 3.57371 -0.02 0.531278
v 3.55465 -0.02 0.560413
v 3.53253 -0.02 0.587655
v 3.50765 -0.02 0.612534
v 3.48041 -0.02 0.634653
v 3.45128 -0.02 0.653707
v 3.42076 -0.02 0.669493
v 3.38939 -0.02 0.681921
v 3.17061 -0.02 0.681921
v 3.13924 -0.02 0.669493
v 3.10872 -0.02 0.653707
v 3.07959 -0.02 0.634653
v 3.05235 -0.02 0.612534
v 3.02747 -0.02 0.587655
v 3.00535 -0.02 0.560413
v 2.98629 -0.02 0.531278
v 2.97051 -0.02 0.500763
v 2.95808 -0.02 0.469395
v 2.95808 0.28 0.469395
v 2.97051 0.28 0.500763
v 2.98629 0.28 0.531278
v 3.00535 0.28 0.560413
v 3.02747 0.28 0.587655
v 3.05235 0.28 0.612534
v 3.07959 0.28 0.634653
v 3.10872 0.28 0.653707
v 3.13924 0.28 0.669493
v 3.17061 0.28 0.681921
v 3.38939 0.28 0.681921
v 3.42076 0.28 0.669493
v 3.45128 0.28 0.653707
v 3.48041 0.28 0.634653
v 3.50765 0.28 0.612534
v 3.53253 0.28 0.587655
v 3.55465 0.28 0.560413
v 3.57371 0.28 0.531278
v 3.58949 0.28 0.500763
v 3.60192 0.28 0.469395
v 3.60192 0.28 0.250605
v 3.58949 0.28 0.219237
v 3.57371 0.28 0.188722
v 3.55465 0.28 0.159587
v 3.53253 0.28 0.132345
v 3.50765 0.28 0.107466
v 3.48041 0.28 0.0853466
v 3.45128 0.28 0.0662932
v 3.42076 0.28 0.050507
v 3.38939 0.28 0.0380795
v 3.17061 0.28 0.0380795
v 3.13924 0.28 0.050507
v 3.10872 0.28 0.0662932
v 3.07959 0.28 0.0853466
v 3.05235 0.28 0.107466
v 3.02747 0.28 0.132345
v 3.00535 0.28 0.159587
v 2.98629 0.28 0.188722
v 2.97051 0.28 0.219237
v 2.95808 0.28 0.250605
vn -0.894427 -0.447214 0
vn -0.704246 -0.707107 0.0635367
vn -0.695302 -0.707107 0.128667
vn -0.679812 -0.707107 0.194566
vn -0.65746 -0.707107 0.260282
vn -0.628112 -0.707107 0.32477
vn -0.591845 -0.707107 0.386936
vn -0.548965 -0.707107 0.445688
vn -0.5 -0.707107 0.5
vn -0.445688 -0.707107 0.548965
vn -0.386936 -0.707107 0.591845
vn -0.32477 -0.707107 0.628112
vn -0.260282 -0.707107 0.65746
vn -0.194566 -0.707107 0.679812
vn -0.128667 -0.707107 0.695302
vn -0.0635367 -0.707107 0.704246
vn 0 -0.707107 0.707107
vn 0.0635367 -0.707107 0.704246
vn 0.128667 -0.707107 0.695302
vn 0.194566 -0.707107 0.679812
vn 0.260282 -0.707107 0.65746
vn 0.32477 -0.707107 0.628112
vn 0.386936 -0.707107 0.591845
vn 0.445688 -0.707107 0.548965
vn 0.5 -0.707107 0.5
vn 0.548965 -0.707107 0.445688
vn 0.591845 -0.707107 0.386936
vn 0.628112 -0.707107 0.32477
vn 0.65746 -0.707107 0.260282
vn 0.679812 -0.707107 0.194566
vn 0.695302 -0.707107 0.128667
vn 0.704246 -0.707107 0.0635367
vn 0.707107 -0.707107 0
vn 0.704246 -0.707107 -0.0635367
vn 0.695302 -0.707107 -0.128667
vn 0.679812 -0.707107 -0.194566
vn 0.65746 -0.707107 -0.260282
vn 0.628112 -0.707107 -0.32477
vn 0.591845 -0.707107 -0.386936
vn 0.548965 -0.707107 -0.445688
vn 0.5 -0.707107 -0.5
vn 0.445688 -0.707107 -0.548965
vn 0.386936 -0.707107 -0.591845
vn 0.32477 -0.707107 -0.628112
vn 0.260282 -0.707107 -0.65746
vn 0.194566 -0.707107 -0.679812
vn 0.128667 -0.707107 -0.695302
vn 0.0635367 -0.707107 -0.704246
vn 1.16913e-16 -0.707107 -0.707107
vn -0.0635367 -0.707107 -0.704246
vn -0.128667 -0.707107 -0.695302
vn -0.194566 -0.707107 -0.679812
vn -0.260282 -0.707107 -0.65746
vn -0.32477 -0.707107 -0.628112
vn -0.386936 -0.707107 -0.591845
vn -0.445688 -0.707107 -0.548965
vn -0.5 -0.707107 -0.5
vn -0.548965 -0.707107 -0.445688
vn -0.591845 -0.707107 -0.386936
vn -0.628112 -0.707107 -0.32477
vn -0.65746 -0.707107 -0.260282
vn -0.679812 -0.707107 -0.194566
vn -0.695302 -0.707107 -0.128667
vn -0.704246 -0.707107 -0.0635367
vn -1 0 2.30896e-16
vn -0.995955 0 0.0898544
vn -0.983305 0 0.181963
vn -0.961399 0 0.275158
vn -0.929788 0 0.368095
vn -0.888284 0 0.459295
vn -0.836996 0 0.54721
vn -0.776353 0 0.630298
vn -0.707107 0 0.707107
vn -0.630298 0 0.776353
vn -0.54721 0 0.836996
vn -0.459295 0 0.888284
vn -0.368095 0 0.929788
vn -0.275158 0 0.961399
vn -0.181963 0 0.983305
vn -0.0898544 0 0.995955
vn -1.15448e-16 0 1
vn 0.0898544 -0 0.995955
vn 0.181963 -0 0.983305
vn 0.275158 -0 0.961399
vn 0.368095 -0 0.929788
vn 0.459295 -0 0.888284
vn 0.54721 -0 0.836996
vn 0.630298 -0 0.776353
vn 0.707107 -0 0.707107
vn 0.776353 -0 0.630298
vn 0.836996 -0 0.54721
vn 0.888284 -0 0.459295
vn 0.929788 -0 0.368095
vn 0.961399 -0 0.275158
vn 0.983305 -0 0.181963
vn 0.995955 -0 0.0898544
vn 1 -0 9.23584e-16
vn 0.995955 0 -0.0898544
vn 0.983305 0 -0.181963
vn 0.961399 0 -0.275158
vn 0.929788 0 -0.368095
vn 0.888284 0 -0.459295
vn 0.836996 0 -0.54721
vn 0.776353 0 -0.630298
vn 0.707107 0 -0.707107
vn 0.630298 0 -0.776353
vn 0.54721 0 -0.836996
vn 0.459295 0 -0.888284
vn 0.368095 0 -0.929788
vn 0.275158 0 -0.961399
vn 0.181963 0 -0.983305
vn 0.0898544 0 -0.995955
vn 1.58741e-16 0 -1
vn -0.0898544 0 -0.995955
vn -0.181963 0 -0.983305
vn -0.275158 0 -0.961399
vn -0.368095 0 -0.929788
vn -0.459295 0 -0.888284
vn -0.54721 0 -0.836996
vn -0.630298 0 -0.776353
vn -0.707107 0 -0.707107
vn -0.776353 0 -0.630298
vn -0.836996 0 -0.54721
vn -0.888284 0 -0.459295
vn -0.929788 0 -0.368095
vn -0.961399 0 -0.275158
vn -0.983305 0 -0.181963
vn -0.995955 0 -0.0898544
vn -0.894427 0.447214 0
vn -0.704246 0.707107 0.0635367
vn -0.695302 0.707107 0.128667
vn -0.679812 0.707107 0.194566
vn -0.65746 0.707107 0.260282
vn -0.628112 0.707107 0.32477
vn -0.591845 0.707107 0.386936
vn -0.548965 0.707107 0.445688
vn -0.5 0.707107 0.5
vn -0.445688 0.707107 0.548965
vn -0.386936 0.707107 0.591845
vn -0.32477 0.707107 0.628112
vn -0.260282 0.707107 0.65746
vn -0.194566 0.707107 0.679812
vn -0.128667 0.707107 0.695302
vn -0.0635367 0.707107 0.704246
vn 0 0.707107 0.707107
vn 0.0635367 0.707107 0.704246
vn 0.128667 0.707107 0.695302
vn 0.194566 0.707107 0.679812
vn 0.260282 0.707107 0.65746
vn 0.32477 0.707107 0.628112
vn 0.386936 0.707107 0.591845
vn 0.445688 0.707107 0.548965
vn 0.5 0.707107 0.5
vn 0.548965 0.707107 0.445688
vn 0.591845 0.707107 0.386936
vn 0.628112 0.707107 0.32477
vn 0.65746 0.707107 0.260282
vn 0.679812 0.707107 0.194566
vn 0.695302 0.707107 0.128667
vn 0.704246 0.707107 0.0635367
vn 0.707107 0.707107 0
vn 0.704246 0.707107 -0.0635367
vn 0.695302 0.707107 -0.128667
vn 0.679812 0.707107 -0.194566
vn 0.65746 0.707107 -0.260282
vn 0.628112 0.707107 -0.32477
vn 0.591845 0.707107 -0.386936
vn 0.548965 0.707107 -0.445688
vn 0.5 0.707107 -0.5
vn 0.445688 0.707107 -0.548965
vn 0.386936 0.707107 -0.591845
vn 0.32477 0.707107 -0.628112
vn 0.260282 0.707107 -0.65746
vn 0.194566 0.707107 -0.679812
vn 0.128667 0.707107 -0.695302
vn 0.0635367 0.707107 -0.704246
vn 1.42765e-16 0.707107 -0.707107
vn -0.0635367 0.707107 -0.704246
vn -0.128667 0.707107 -0.695302
vn -0.194566 0.707107 -0.679812
vn -0.260282 0.707107 -0.65746
vn -0.32477 0.707107 -0.628112
vn -0.386936 0.707107 -0.591845
vn -0.445688 0.707107 -0.548965
vn -0.5 0.707107 -0.5
vn -0.548965 0.707107 -0.445688
vn -0.591845 0.707107 -0.386936
vn -0.628112 0.707107 -0.32477
vn -0.65746 0.707107 -0.260282
vn -0.679812 0.707107 -0.194566
vn -0.695302 0.707107 -0.128667
vn -0.704246 0.707107 -0.0635367
vn 1.11022e-18 -1 0
vn -6.245e-19 -1 0
vn 1.35308e-18 -1 0
vn 2.22045e-18 -1 0
vn 2.22045e-18 -1 0
vn 1.97758e-18 -1 0
vn -2.96638e-18 -1 0
vn -7.45931e-19 -1 0
vn -8.67362e-20 -1 0
vn -3.64292e-19 -1 0
vn -4.94396e-19 -1 0
vn -1.56125e-19 -1 0
vn -1.66533e-18 -1 0
vn 4.85723e-19 -1 0
vn 5.55112e-19 -1 0
vn 1.11022e-18 -1 0
vn -2.42861e-19 -1 0
vn -8.67362e-19 -1 0
vn -1.11022e-18 -1 0
vn -1.11022e-18 -1 0
vn 2.22045e-18 -1 0
vn 2.22045e-18 -1 0
vn 2.22045e-18 -1 0
vn 0 -1 0
vn 0 -1 0
vn 0 -1 0
vn 0 -1 0
vn 0 -1 0
vn 0 -1 0
vn -3.46945e-18 -1 0
vn 0 -1 0
vn 0 -1 0
vn 0 -1 0
vn 0 -1 0
vn 0 -1 0
vn 0 -1 0
vn 0 -1 0
vn 0 -1 0
vn 3.46945e-18 -1 0
vn 0 -1 0
vn 0 1 -0
vn 0 1 -0
vn -3.10862e-17 1 0
vn 0 1 -0
vn 0 1 -0
vn 0 1 -0
vn 0 1 -0
vn 0 1 -0
vn 0 1 -0
vn 0 1 -0
vn 0 1 -0
vn 0 1 -0
vn 0 1 -0
vn 0 1 -0
vn 0 1 -0
vn 0 1 -0
vn 0 1 -0
vn 0 1 -0
vn -3.10862e-17 1 0
vn -3.33067e-18 1 0
vn 0 1 -0
vn 1.38778e-17 1 -0
vn -1.38778e-17 1 0
vn 1.66533e-18 1 -0
vn -1.66533e-18 1 0
vn -1.66533e-18 1 0
vn -2.85882e-17 1 0
vn 2.498e-18 1 -0
vn 1.30451e-17 1 -0
vn 2.85882e-17 1 -0
vn 3.06699e-17 1 -0
vn 1.249e-17 1 -0
vn -7.77156e-18 1 0
vn 2.16493e-17 1 -0
vn -8.60423e-18 1 0
vn -1.38778e-17 1 0
vn 4.4964e-17 1 -0
vn -2.77556e-17 1 0
vn 1.55431e-17 1 -0
vn -3.33067e-18 1 0
g WRL_rubber
usemtl rubber
f 1368//1368 1369//1369 1433//1433
f 1368//1368 1433//1433 1432//1432
f 1369//1369 1370//1370 1434//1434
f 1369//1369 1434//1434 1433//1433
f 1370//1370 1371//1371 1435//1435
f 1370//1370 1435//1435 1434//1434
f 1371//1371 1372//1372 1436//1436
f 1371//1371 1436//1436 1435//1435
f 1372//1372 1373//1373 1437//1437
f 1372//1372 1437//1437 1436//1436
f 1373//1373 1374//1374 1438//1438
f 1373//1373 1438//1438 1437//1437
f 1374//1374 1375//1375 1439//1439
f 1374//1374 1439//1439 1438//1438
f 1375//1375 1376//1376 1440//1440
f 1375//1375 1440//1440 1439//1439
f 1376//1376 1377//1377 1441//1441
f 1376//1376 1441//1441 1440//1440
f 1377//1377 1378//1378 1442//1442
f 1377//1377 1442//1442 1441//1441
f 1378//1378 1379//1379 1443//1443
f 1378//1378 1443//1443 1442//1442
f 1379//1379 1380//1380 1444//1444
f 1379//1379 1444//1444 1443//1443
f 1380//1380 1381//1381 1445//1445
f 1380//1380 1445//1445 1444//1444
f 1381//1381 1382//1382 1446//1446
f 1381//1381 1446//1446 1445//1445
f 1382//1382 1383//1383 1447//1447
f 1382//1382 1447//1447 1446//1446
f 1383//1383 1384//1384 1448//1448
f 1383//1383 1448//1448 1447//1447
f 1384//1384 1385//1385 1449//1449
f 1384//1384 1449//1449 1448//1448
f 1385//1385 1386//1386 1450//1450
f 1385//1385 1450//1450 1449//1449
f 1386//1386 1387//1387 1451//1451
f 1386//1386 1451//1451 1450//1450
f 1387//1387 1388//1388 1452//1452
f 1387//1387 1452//1452 1451//1451
f 1388//1388 1389//1389 1453//1453
f 1388//1388 1453//1453 1452//1452
f 1389//1389 1390//1390 1454//1454
f 1389//1389 1454//1454 1453//1453
f 1390//1390 1391//1391 1455//1455
f 1390//1390 1455//1455 1454//1454
f 1391//1391 1392//1392 1456//1456
f 1391//1391 1456//1456 1455//1455
f 1392//1392 1393//1393 1457//1457
f 1392//1392 1457//1457 1456//1456
f 1393//1393 1394//1394 1458//1458
f 1393//1393 1458//1458 1457//1457
f 1394//1394 1395//1395 1459//1459
f 1394//1394 1459//1459 1458//1458
f 1395//1395 1396//1396 1460//1460
f 1395//1395 1460//1460 1459//1459
f 1396//1396 1397//1397 1461//1461
f 1396//1396 1461//1461 1460//1460
f 1397//1397 1398//1398 1462//1462
f 1397//1397 1462//1462 1461//1461
f 1398//1398 1399//1399 1463//1463
f 1398//1398 1463//1463 1462//1462
f 1399//1399 1400//1400 1464//1464
f 1399//1399 1464//1464 1463//1463
f 1400//1400 1401//1401 1465//1465
f 1400//1400 1465//1465 1464//1464
f 1401//1401 1402//1402 1466//1466
f 1401//1401 1466//1466 1465//1465
f 1402//1402 1403//1403 1467//1467
f 1402//1402 1467//1467 1466//1466
f 1403//1403 1404//1404 1468//1468
f 1403//1403 1468//1468 1467//1467
f 1404//1404 1405//1405 1469//1469
f 1404//1404 1469//1469 1468//1468
f 1405//1405 1406//1406 1470//1470
f 1405//1405 1470//1470 1469//1469
f 1406//1406 1407//1407 1471//1471
f 1406//1406 1471//1471 1470//1470
f 1407//1407 1408//1408 1472//1472
f 1407//1407 1472//1472 1471//1471
f 1408//1408 1409//1409 1473//1473
f 1408//1408 1473//1473 1472//1472
f 1409//1409 1410//1410 1474//1474
f 1409//1409 1474//1474 1473//1473
f 1410//1410 1411//1411 1475//1475
f 1410//1410 1475//1475 1474//1474
f 1411//1411 1412//1412 1476//1476
f 1411//1411 1476//1476 1475//1475
f 1412//1412 1413//1413 1477//1477
f 1412//1412 1477//1477 1476//1476
f 1413//1413 1414//1414 1478//1478
f 1413//1413 1478//1478 1477//1477
f 1414//1414 1415//1415 1479//1479
f 1414//1414 1479//1479 1478//1478
f 1415//1415 1416//1416 1480//1480
f 1415//1415 1480//1480 1479//1479
f 1416//1416 1417//1417 1481//1481
f 1416//1416 1481//1481 1480//1480
f 1417//1417 1418//1418 1482//1482
f 1417//1417 1482//1482 1481//1481
f 1418//1418 1419//1419 1483//1483
f 1418//1418 1483//1483 1482//1482
f 1419//1419 1420//1420 1484//1484
f 1419//1419 1484//1484 1483//1483
f 1420//1420 1421//1421 1485//1485
f 1420//1420 1485//1485 1484//1484
f 1421//1421 1422//1422 1486//1486
f 1421//1421 1486//1486 1485//1485
f 1422//1422 1423//1423 1487//1487
f 1422//1422 1487//1487 1486//1486
f 1423//1423 1424//1424 1488//1488
f 1423//1423 1488//1488 1487//1487
f 1424//1424 1425//1425 1489//1489
f 1424//1424 1489//1489 1488//1488
f 1425//1425 1426//1426 1490//1490
f 1425//1425 1490//1490 1489//1489
f 1426//1426 1427//1427 1491//1491
f 1426//1426 1491//1491 1490//1490
f 1427//1427 1428//1428 1492//1492
f 1427//1427 1492//1492 1491//1491
f 1428//1428 1429//1429 1493//1493
f 1428//1428 1493//1493 1492//1492
f 1429//1429 1430//1430 1494//1494
f 1429//1429 1494//1494 1493//1493
f 1430//1430 1431//1431 1495//1495
f 1430//1430 1495//1495 1494//1494
f 1431//1431 1368//1368 1432//1432
f 1431//1431 1432//1432 1495//1495
f 1432//1432 1433//1433 1497//1497
f 1432//1432 1497//1497 1496//1496
f 1433//1433 1434//1434 1498//1498
f 1433//1433 1498//1498 1497//1497
f 1434//1434 1435//1435 1499//1499
f 1434//1434 1499//1499 1498//1498
f 1435//1435 1436//1436 1500//1500
f 1435//1435 1500//1500 1499//1499
f 1436//1436 1437//1437 1501//1501
f 1436//1436 1501//1501 1500//1500
f 1437//1437 1438//1438 1502//1502
f 1437//1437 1502//1502 1501//1501
f 1438//1438 1439//1439 1503//1503
f 1438//1438 1503//1503 1502//1502
f 1439//1439 1440//1440 1504//1504
f 1439//1439 1504//1504 1503//1503
f 1440//1440 1441//1441 1505//1505
f 1440//1440 1505//1505 1504//1504
f 1441//1441 1442//1442 1506//1506
f 1441//1441 1506//1506 1505//1505
f 1442//1442 1443//1443 1507//1507
f 1442//1442 1507//1507 1506//1506
f 1443//1443 1444//1444 1508//1508
f 1443//1443 1508//1508 1507//1507
f 1444//1444 1445//1445 1509//1509
f 1444//1444 1509//1509 1508//1508
f 1445//1445 1446//1446 1510//1510
f 1445//1445 1510//1510 1509//1509
f 1446//1446 1447//1447 1511//1511
f 1446//1446 1511//1511 1510//1510
f 1447//1447 1448//1448 1512//1512
f 1447//1447 1512//1512 1511//1511
f 1448//1448 1449//1449 1513//1513
f 1448//1448 1513//1513 1512//1512
f 1449//1449 1450//1450 1514//1514
f 1449//1449 1514//1514 1513//1513
f 1450//1450 1451//1451 1515//1515
f 1450//1450 1515//1515 1514//1514
f 1451//1451 1452//1452 1516//1516
f 1451//1451 1516//1516 1515//1515
f 1452//1452 1453//1453 1517//1517
f 1452//1452 1517//1517 1516//1516
f 1453//1453 1454//1454 1518//1518
f 1453//1453 1518//1518 1517//1517
f 1454//1454 1455//1455 1519//1519
f 1454//1454 1519//1519 1518//1518
f 1455//1455 1456//1456 1520//1520
f 1455//1455 1520//1520 1519//1519
f 1456//1456 1457//1457 1521//1521
f 1456//1456 1521//1521 1520//1520
f 1457//1457 1458//1458 1522//1522
f 1457//1457 1522//1522 1521//1521
f 1458//1458 1459//1459 1523//1523
f 1458//1458 1523//1523 1522//1522
f 1459//1459 1460//1460 1524//1524
f 1459//1459 1524//1524 1523//1523
f 1460//1460 1461//1461 1525//1525
f 1460//1460 1525//1525 1524//1524
f 1461//1461 1462//1462 1526//1526
f 1461//1461 1526//1526 1525//1525
f 1462//1462 1463//1463 1527//1527
f 1462//1462 1527//1527 1526//1526
f 1463//1463 1464//1464 1528//1528
f 1463//1463 1528//1528 1527//1527
f 1464//1464 1465//1465 1529//1529
f 1464//1464 1529//1529 1528//1528
f 1465//1465 1466//1466 1530//1530
f 1465//1465 1530//1530 1529//1529
f 1466//1466 1467//1467 1531//1531
f 1466//1466 1531//1531 1530//1530
f 1467//1467 1468//1468 1532//1532
f 1467//1467 1532//1532 1531//1531
f 1468//1468 1469//1469 1533//1533
f 1468//1468 1533//1533 1532//1532
f 1469//1469 1470//1470 1534//1534
f 1469//1469 1534//1534 1533//1533
f 1470//1470 1471//1471 1535//1535
f 1470//1470 1535//1535 1534//1534
f 1471//1471 1472//1472 1536//1536
f 1471//1471 1536//1536 1535//1535
f 1472//1472 1473//1473 1537//1537
f 1472//1472 1537//1537 1536//1536
f 1473//1473 1474//1474 1538//1538
f 1473//1473 1538//1538 1537//1537
f 1474//1474 1475//1475 1539//1539
f 1474//1474 1539//1539 1538//1538
f 1475//1475 1476//1476 1540//1540
f 1475//1475 1540//1540 1539//1539
f 1476//1476 1477//1477 1541//1541
f 1476//1476 1541//1541 1540//1540
f 1477//1477 1478//1478 1542//1542
f 1477//1477 1542//1542 1541//1541
f 1478//1478 1479//1479 1543//1543
f 1478//1478 1543//1543 1542//1542
f 1479//1479 1480//1480 1544//1544
f 1479//1479 1544//1544 1543//1543
f 1480//1480 1481//1481 1545//1545
f 1480//1480 1545//1545 1544//1544
f 1481//1481 1482//1482 1546//1546
f 1481//1481 1546//1546 1545//1545
f 1482//1482 1483//1483 1547//1547
f 1482//1482 1547//1547 1546//1546
f 1483//1483 1484//1484 1548//1548
f 1483//1483 1548//1548 1547//1547
f 1484//1484 1485//1485 1549//1549
f 1484//1484 1549//1549 1548//1548
f 1485//1485 1486//1486 1550//1550
f 1485//1485 1550//1550 1549//1549
f 1486//1486 1487//1487 1551//1551
f 1486//1486 1551//1551 1550//1550
f 1487//1487 1488//1488 1552//1552
f 1487//1487 1552//1552 1551//1551
f 1488//1488 1489//1489 1553//1553
f 1488//1488 1553//1553 1552//1552
f 1489//1489 1490//1490 1554//1554
f 1489//1489 1554//1554 1553//1553
f 1490//1490 1491//1491 1555//1555
f 1490//1490 1555//1555 1554//1554
f 1491//1491 1492//1492 1556//1556
f 1491//1491 1556//1556 1555//1555
f 1492//1492 1493//1493 1557//1557
f 1492//1492 1557//1557 1556//1556
f 1493//1493 1494//1494 1558//1558
f 1493//1493 1558//1558 1557//1557
f 1494//1494 1495//1495 1559//1559
f 1494//1494 1559//1559 1558//1558
f 1495//1495 1432//1432 1496//1496
f 1495//1495 1496//1496 1559//1559
f 1369//1369 1368//1368 1431//1431
f 1369//1369 1431//1431 1430//1430
f 1369//1369 1430//1430 1429//1429
f 1369//1369 1429//1429 1560//1560
f 1369//1369 1560//1560 1428//1428
f 1369//1369 1428//1428 1561//1561
f 1369//1369 1561//1561 1427//1427
f 1369//1369 1427//1427 1562//1562
f 1369//1369 1562//1562 1426//1426
f 1369//1369 1426//1426 1563//1563
f 1369//1369 1563//1563 1425//1425
f 1369//1369 1425//1425 1564//1564
f 1369//1369 1564//1564 1424//1424
f 1369//1369 1424//1424 1565//1565
f 1369//1369 1565//1565 1423//1423
f 1369//1369 1423//1423 1566//1566
f 1369//1369 1566//1566 1422//1422
f 1369//1369 1422//1422 1567//1567
f 1369//1369 1567//1567 1421//1421
f 1369//1369 1421//1421 1568//1568
f 1369//1369 1568//1568 1420//1420
f 1369//1369 1420//1420 1569//1569
f 1369//1369 1569//1569 1419//1419
f 1369//1369 1419//1419 1418//1418
f 1369//1369 1418//1418 1417//1417
f 1369//1369 1417//1417 1416//1416
f 1369//1369 1416//1416 1415//1415
f 1369//1369 1415//1415 1414//1414
f 1369//1369 1414//1414 1413//1413
f 1369//1369 1413//1413 1570//1570
f 1369//1369 1570//1570 1412//1412
f 1369//1369 1412//1412 1571//1571
f 1369//1369 1571//1571 1411//1411
f 1369//1369 1411//1411 1572//1572
f 1369//1369 1572//1572 1410//1410
f 1369//1369 1410//1410 1573//1573
f 1369//1369 1573//1573 1409//1409
f 1369//1369 1409//1409 1574//1574
f 1369//1369 1574//1574 1408//1408
f 1369//1369 1408//1408 1575//1575
f 1369//1369 1575//1575 1407//1407
f 1369//1369 1407//1407 1576//1576
f 1369//1369 1576//1576 1406//1406
f 1369//1369 1406//1406 1577//1577
f 1369//1369 1577//1577 1405//1405
f 1369//1369 1405//1405 1578//1578
f 1369//1369 1578//1578 1404//1404
f 1369//1369 1404//1404 1579//1579
f 1369//1369 1579//1579 1403//1403
f 1369//1369 1403//1403 1402//1402
f 1369//1369 1402//1402 1401//1401
f 1369//1369 1401//1401 1400//1400
f 1369//1369 1400//1400 1399//1399
f 1369//1369 1399//1399 1398//1398
f 1369//1369 1398//1398 1397//1397
f 1369//1369 1397//1397 1580//1580
f 1369//1369 1580//1580 1396//1396
f 1369//1369 1396//1396 1581//1581
f 1369//1369 1581//1581 1395//1395
f 1369//1369 1395//1395 1582//1582
f 1369//1369 1582//1582 1394//1394
f 1369//1369 1394//1394 1583//1583
f 1369//1369 1583//1583 1393//1393
f 1369//1369 1393//1393 1584//1584
f 1369//1369 1584//1584 1392//1392
f 1369//1369 1392//1392 1585//1585
f 1369//1369 1585//1585 1391//1391
f 1369//1369 1391//1391 1586//1586
f 1369//1369 1586//1586 1390//1390
f 1369//1369 1390//1390 1587//1587
f 1369//1369 1587//1587 1389//1389
f 1369//1369 1389//1389 1588//1588
f 1369//1369 1588//1588 1388//1388
f 1369//1369 1388//1388 1589//1589
f 1369//1369 1589//1589 1387//1387
f 1369//1369 1387//1387 1386//1386
f 1369//1369 1386//1386 1385//1385
f 1369//1369 1385//1385 1384//1384
f 1369//1369 1384//1384 1383//1383
f 1369//1369 1383//1383 1382//1382
f 1369//1369 1382//1382 1381//1381
f 1369//1369 1381//1381 1590//1590
f 1369//1369 1590//1590 1380//1380
f 1369//1369 1380//1380 1591//1591
f 1369//1369 1591//1591 1379//1379
f 1369//1369 1379//1379 1592//1592
f 1369//1369 1592//1592 1378//1378
f 1369//1369 1378//1378 1593//1593
f 1369//1369 1593//1593 1377//1377
f 1369//1369 1377//1377 1594//1594
f 1369//1369 1594//1594 1376//1376
f 1369//1369 1376//1376 1595//1595
f 1369//1369 1595//1595 1375//1375
f 1369//1369 1375//1375 1596//1596
f 1369//1369 1596//1596 1374//1374
f 1369//1369 1374//1374 1597//1597
f 1369//1369 1597//1597 1373//1373
f 1369//1369 1373//1373 1598//1598
f 1369//1369 1598//1598 1372//1372
f 1369//1369 1372//1372 1599//1599
f 1369//1369 1599//1599 1371//1371
f 1371//1371 1370//1370 1369//1369
f 1559//1559 1496//1496 1497//1497
f 1559//1559 1497//1497 1498//1498
f 1559//1559 1498//1498 1499//1499
f 1559//1559 1499//1499 1600//1600
f 1559//1559 1600//1600 1500//1500
f 1559//1559 1500//1500 1601//1601
f 1559//1559 1601//1601 1501//1501
f 1559//1559 1501//1501 1602//1602
f 1559//1559 1602//1602 1502//1502
f 1559//1559 1502//1502 1603//1603
f 1559//1559 1603//1603 1503//1503
f 1559//1559 1503//1503 1604//1604
f 1559//1559 1604//1604 1504//1504
f 1559//1559 1504//1504 1605//1605
f 1559//1559 1605//1605 1505//1505
f 1559//1559 1505//1505 1606//1606
f 1559//1559 1606//1606 1506//1506
f 1559//1559 1506//1506 1607//1607
f 1559//1559 1607//1607 1507//1507
f 1559//1559 1507//1507 1608//1608
f 1559//1559 1608//1608 1508//1508
f 1559//1559 1508//1508 1609//1609
f 1559//1559 1609//1609 1509//1509
f 1559//1559 1509//1509 1510//1510
f 1559//1559 1510//1510 1511//1511
f 1559//1559 1511//1511 1512//1512
f 1559//1559 1512//1512 1513//1513
f 1559//1559 1513//1513 1514//1514
f 1559//1559 1514//1514 1515//1515
f 1559//1559 1515//1515 1610//1610
f 1559//1559 1610//1610 1516//1516
f 1559//1559 1516//1516 1611//1611
f 1559//1559 1611//1611 1517//1517
f 1559//1559 1517//1517 1612//1612
f 1559//1559 1612//1612 1518//1518
f 1559//1559 1518//1518 1613//1613
f 1559//1559 1613//1613 1519//1519
f 1559//1559 1519//1519 1614//1614
f 1559//1559 1614//1614 1520//1520
f 1559//1559 1520//1520 1615//1615
f 1559//1559 1615//1615 1521//1521
f 1559//1559 1521//1521 1616//1616
f 1559//1559 1616//1616 1522//1522
f 1559//1559 1522//1522 1617//1617
f 1559//1559 1617//1617 1523//1523
f 1559//1559 1523//1523 1618//1618
f 1559//1559 1618//1618 1524//1524
f 1559//1559 1524//1524 1619//1619
f 1559//1559 1619//1619 1525//1525
f 1559//1559 1525//1525 1526//1526
f 1559//1559 1526//1526 1527//1527
f 1559//1559 1527//1527 1528//1528
f 1559//1559 1528//1528 1529//1529
f 1559//1559 1529//1529 1530//1530
f 1559//1559 1530//1530 1531//1531
f 1559//1559 1531//1531 1620//1620
f 1559//1559 1620//1620 1532//1532
f 1559//1559 1532//1532 1621//1621
f 1559//1559 1621//1621 1533//1533
f 1559//1559 1533//1533 1622//1622
f 1559//1559 1622//1622 1534//1534
f 1559//1559 1534//1534 1623//1623
f 1559//1559 1623//1623 1535//1535
f 1559//1559 1535//1535 1624//1624
f 1559//1559 1624//1624 1536//1536
f 1559//1559 1536//1536 1625//1625
f 1559//1559 1625//1625 1537//1537
f 1559//1559 1537//1537 1626//1626
f 1559//1559 1626//1626 1538//1538
f 1559//1559 1538//1538 1627//1627
f 1559//1559 1627//1627 1539//1539
f 1559//1559 1539//1539 1628//1628
f 1559//1559 1628//1628 1540//1540
f 1559//1559 1540//1540 1629//1629
f 1559//1559 1629//1629 1541//1541
f 1559//1559 1541//1541 1542//1542
f 1559//1559 1542//1542 1543//1543
f 1559//1559 1543//1543 1544//1544
f 1559//1559 1544//1544 1545//1545
f 1559//1559 1545//1545 1546//1546
f 1559//1559 1546//1546 1547//1547
f 1559//1559 1547//1547 1630//1630
f 1559//1559 1630//1630 1548//1548
f 1559//1559 1548//1548 1631//1631
f 1559//1559 1631//1631 1549//1549
f 1559//1559 1549//1549 1632//1632
f 1559//1559 1632//1632 1550//1550
f 1559//1559 1550//1550 1633//1633
f 1559//1559 1633//1633 1551//1551
f 1559//1559 1551//1551 1634//1634
f 1559//1559 1634//1634 1552//1552
f 1559//1559 1552//1552 1635//1635
f 1559//1559 1635//1635 1553//1553
f 1559//1559 1553//1553 1636//1636
f 1559//1559 1636//1636 1554//1554
f 1559//1559 1554//1554 1637//1637
f 1559//1559 1637//1637 1555//1555
f 1559//1559 1555//1555 1638//1638
f 1559//1559 1638//1638 1556//1556
f 1559//1559 1556//1556 1639//1639
f 1559//1559 1639//1639 1557//1557
f 1557//1557 1558//1558 1559//1559
o WRR
v 2.94 1.62 0.36
v 2.94138 1.62 0.390551
v 2.94568 1.62 0.421867
v 2.95312 1.62 0.453554
v 2.96387 1.62 0.485152
v 2.97798 1.62 0.51616
v 2.99542 1.62 0.546051
v 3.01604 1.62 0.574301
v 3.03958 1.62 0.600416
v 3.0657 1.62 0.62396
v 3.09395 1.62 0.644578
v 3.12384 1.62 0.662017
v 3.15485 1.62 0.676128
v 3.18645 1.62 0.686876
v 3.21813 1.62 0.694324
v 3.24945 1.62 0.698625
v 3.28 1.62 0.7
v 3.31055 1.62 0.698625
v 3.34187 1.62 0.694324
v 3.37355 1.62 0.686876
v 3.40515 1.62 0.676128
v 3.43616 1.62 0.662017
v 3.46605 1.62 0.644578
v 3.4943 1.62 0.62396
v 3.52042 1.62 0.600416
v 3.54396 1.62 0.574301
v 3.56458 1.62 0.546051
v 3.58202 1.62 0.51616
v 3.59613 1.62 0.485152
v 3.60688 1.62 0.453554
v 3.61432 1.62 0.421867
v 3.61862 1.62 0.390551
v 3.62 1.62 0.36
v 3.61862 1.62 0.329449
v 3.61432 1.62 0.298133
v 3.60688 1.62 0.266446
v 3.59613 1.62 0.234848
v 3.58202 1.62 0.20384
v 3.56458 1.62 0.173949
v 3.54396 1.62 0.145699
v 3.52042 1.62 0.119584
v 3.4943 1.62 0.0960399
v 3.46605 1.62 0.0754215
v 3.43616 1.62 0.0579834
v 3.40515 1.62 0.043872
v 3.37355 1.62 0.0331244
v 3.34187 1.62 0.0256762
v 3.31055 1.62 0.0213753
v 3.28 1.62 0.02
v 3.24945 1.62 0.0213753
v 3.21813 1.62 0.0256762
v 3.18645 1.62 0.0331244
v 3.15485 1.62 0.043872
v 3.12384 1.62 0.0579834
v 3.09395 1.62 0.0754215
v 3.0657 1.62 0.0960399
v 3.03958 1.62 0.119584
v 3.01604 1.62 0.145699
v 2.99542 1.62 0.173949
v 2.97798 1.62 0.20384
v 2.96387 1.62 0.234848
v 2.95312 1.62 0.266446
v 2.94568 1.62 0.298133
v 2.94138 1.62 0.329449
v 2.94 1.77 0.36
v 2.94138 1.77 0.390551
v 2.94568 1.77 0.421867
v 2.95312 1.77 0.453554
v 2.96387 1.77 0.485152
v 2.97798 1.77 0.51616
v 2.99542 1.77 0.546051
v 3.01604 1.77 0.574301
v 3.03958 1.77 0.600416
v 3.0657 1.77 0.62396
v 3.09395 1.77 0.644578
v 3.12384 1.77 0.662017
v 3.15485 1.77 0.676128
v 3.18645 1.77 0.686876
v 3.21813 1.77 0.694324
v 3.24945 1.77 0.698625
v 3.28 1.77 0.7
v 3.31055 1.77 0.698625
v 3.34187 1.77 0.694324
v 3.37355 1.77 0.686876
v 3.40515 1.77 0.676128
v 3.43616 1.77 0.662017
v 3.46605 1.77 0.644578
v 3.4943 1.77 0.62396
v 3.52042 1.77 0.600416
v 3.54396 1.77 0.574301
v 3.56458 1.77 0.546051
v 3.58202 1.77 0.51616
v 3.59613 1.77 0.485152
v 3.60688 1.77 0.453554
v 3.61432 1.77 0.421867
v 3.61862 1.77 0.390551
v 3.62 1.77 0.36
v 3.61862 1.77 0.329449
v 3.61432 1.77 0.298133
v 3.60688 1.77 0.266446
v 3.59613 1.77 0.234848
v 3.58202 1.77 0.20384
v 3.56458 1.77 0.173949
v 3.54396 1.77 0.145699
v 3.52042 1.77 0.119584
v 3.4943 1.77 0.0960399
v 3.46605 1.77 0.0754215
v 3.43616 1.77 0.0579834
v 3.40515 1.77 0.043872
v 3.37355 1.77 0.0331244
v 3.34187 1.77 0.0256762
v 3.31055 1.77 0.0213753
v 3.28 1.77 0.02
v 3.24945 1.77 0.0213753
v 3.21813 1.77 0.0256762
v 3.18645 1.77 0.0331244
v 3.15485 1.77 0.043872
v 3.12384 1.77 0.0579834
v 3.09395 1.77 0.0754215
v 3.0657 1.77 0.0960399
v 3.03958 1.77 0.119584
v 3.01604 1.77 0.145699
v 2.99542 1.77 0.173949
v 2.97798 1.77 0.20384
v 2.96387 1.77 0.234848
v 2.95312 1.77 0.266446
v 2.94568 1.77 0.298133
v 2.94138 1.77 0.329449
v 2.94 1.92 0.36
v 2.94138 1.92 0.390551
v 2.94568 1.92 0.421867
v 2.95312 1.92 0.453554
v 2.96387 1.92 0.485152
v 2.97798 1.92 0.51616
v 2.99542 1.92 0.546051
v 3.01604 1.92 0.574301
v 3.03958 1.92 0.600416
v 3.0657 1.92 0.62396
v 3.09395 1.92 0.644578
v 3.12384 1.92 0.662017
v 3.15485 1.92 0.676128
v 3.18645 1.92 0.686876
v 3.21813 1.92 0.694324
v 3.24945 1.92 0.698625
v 3.28 1.92 0.7
v 3.31055 1.92 0.698625
v 3.34187 1.92 0.694324
v 3.37355 1.92 0.686876
v 3.40515 1.92 0.676128
v 3.43616 1.92 0.662017
v 3.46605 1.92 0.644578
v 3.4943 1.92 0.62396
v 3.52042 1.92 0.600416
v 3.54396 1.92 0.574301
v 3.56458 1.92 0.546051
v 3.58202 1.92 0.51616
v 3.59613 1.92 0.485152
v 3.60688 1.92 0.453554
v 3.61432 1.92 0.421867
v 3.61862 1.92 0.390551
v 3.62 1.92 0.36
v 3.61862 1.92 0.329449
v 3.61432 1.92 0.298133
v 3.60688 1.92 0.266446
v 3.59613 1.92 0.234848
v 3.58202 1.92 0.20384
v 3.56458 1.92 0.173949
v 3.54396 1.92 0.145699
v 3.52042 1.92 0.119584
v 3.4943 1.92 0.0960399
v 3.46605 1.92 0.0754215
v 3.43616 1.92 0.0579834
v 3.40515 1.92 0.043872
v 3.37355 1.92 0.0331244
v 3.34187 1.92 0.0256762
v 3.31055 1.92 0.0213753
v 3.28 1.92 0.02
v 3.24945 1.92 0.0213753
v 3.21813 1.92 0.0256762
v 3.18645 1.92 0.0331244
v 3.15485 1.92 0.043872
v 3.12384 1.92 0.0579834
v 3.09395 1.92 0.0754215
v 3.0657 1.92 0.0960399
v 3.03958 1.92 0.119584
v 3.01604 1.92 0.145699
v 2.99542 1.92 0.173949
v 2.97798 1.92 0.20384
v 2.96387 1.92 0.234848
v 2.95312 1.92 0.266446
v 2.94568 1.92 0.298133
v 2.94138 1.92 0.329449
v 2.95808 1.62 0.250605
v 2.97051 1.62 0.219237
v 2.98629 1.62 0.188722
v 3.00535 1.62 0.159587
v 3.02747 1.62 0.132345
v 3.05235 1.62 0.107466
v 3.07959 1.62 0.0853466
v 3.10872 1.62 0.0662932
v 3.13924 1.62 0.050507
v 3.17061 1.62 0.0380795
v 3.38939 1.62 0.0380795
v 3.42076 1.62 0.050507
v 3.45128 1.62 0.0662932
v 3.48041 1.62 0.0853466
v 3.50765 1.62 0.107466
v 3.53253 1.62 0.132345
v 3.55465 1.62 0.159587
v 3.57371 1.62 0.188722
v 3.58949 1.62 0.219237
v 3.60192 1.62 0.250605
v 3.60192 1.62 0.469395
v 3.58949 1.62 0.500763
v 3.57371 1.62 0.531278
v 3.55465 1.62 0.560413
v 3.53253 1.62 0.587655
v 3.50765 1.62 0.612534
v 3.48041 1.62 0.634653
v 3.45128 1.62 0.653707
v 3.42076 1.62 0.669493
v 3.38939 1.62 0.681921
v 3.17061 1.62 0.681921
v 3.13924 1.62 0.669493
v 3.10872 1.62 0.653707
v 3.07959 1.62 0.634653
v 3.05235 1.62 0.612534
v 3.02747 1.62 0.587655
v 3.00535 1.62 0.560413
v 2.98629 1.62 0.531278
v 2.97051 1.62 0.500763
v 2.95808 1.62 0.469395
v 2.95808 1.92 0.469395
v 2.97051 1.92 0.500763
v 2.98629 1.92 0.531278
v 3.00535 1.92 0.560413
v 3.02747 1.92 0.587655
v 3.05235 1.92 0.612534
v 3.07959 1.92 0.634653
v 3.10872 1.92 0.653707
v 3.13924 1.92 0.669493
v 3.17061 1.92 0.681921
v 3.38939 1.92 0.681921
v 3.42076 1.92 0.669493
v 3.45128 1.92 0.653707
v 3.48041 1.92 0.634653
v 3.50765 1.92 0.612534
v 3.53253 1.92 0.587655
v 3.55465 1.92 0.560413
v 3.57371 1.92 0.531278
v 3.58949 1.92 0.500763
v 3.60192 1.92 0.469395
v 3.60192 1.92 0.250605
v 3.58949 1.92 0.219237
v 3.57371 1.92 0.188722
v 3.55465 1.92 0.159587
v 3.53253 1.92 0.132345
v 3.50765 1.92 0.107466
v 3.48041 1.92 0.0853466
v 3.45128 1.92 0.0662932
v 3.42076 1.92 0.050507
v 3.38939 1.92 0.0380795
v 3.17061 1.92 0.0380795
v 3.13924 1.92 0.050507
v 3.10872 1.92 0.0662932
v 3.07959 1.92 0.0853466
v 3.05235 1.92 0.107466
v 3.02747 1.92 0.132345
v 3.00535 1.92 0.159587
v 2.98629 1.92 0.188722
v 2.97051 1.92 0.219237
v 2.95808 1.92 0.250605
vn -0.894427 -0.447214 2.04809e-16
vn -0.704246 -0.707107 0.0635367
vn -0.695302 -0.707107 0.128667
vn -0.679812 -0.707107 0.194566
vn -0.65746 -0.707107 0.260282
vn -0.628112 -0.707107 0.32477
vn -0.591845 -0.707107 0.386936
vn -0.548965 -0.707107 0.445688
vn -0.5 -0.707107 0.5
vn -0.445688 -0.707107 0.548965
vn -0.386936 -0.707107 0.591845
vn -0.32477 -0.707107 0.628112
vn -0.260282 -0.707107 0.65746
vn -0.194566 -0.707107 0.679812
vn -0.128667 -0.707107 0.695302
vn -0.0635367 -0.707107 0.704246
vn 0 -0.707107 0.707107
vn 0.0635367 -0.707107 0.704246
vn 0.128667 -0.707107 0.695302
vn 0.194566 -0.707107 0.679812
vn 0.260282 -0.707107 0.65746
vn 0.32477 -0.707107 0.628112
vn 0.386936 -0.707107 0.591845
vn 0.445688 -0.707107 0.548965
vn 0.5 -0.707107 0.5
vn 0.548965 -0.707107 0.445688
vn 0.591845 -0.707107 0.386936
vn 0.628112 -0.707107 0.32477
vn 0.65746 -0.707107 0.260282
vn 0.679812 -0.707107 0.194566
vn 0.695302 -0.707107 0.128667
vn 0.704246 -0.707107 0.0635367
vn 0.707107 -0.707107 3.14018e-16
vn 0.704246 -0.707107 -0.0635367
vn 0.695302 -0.707107 -0.128667
vn 0.679812 -0.707107 -0.194566
vn 0.65746 -0.707107 -0.260282
vn 0.628112 -0.707107 -0.32477
vn 0.591845 -0.707107 -0.386936
vn 0.548965 -0.707107 -0.445688
vn 0.5 -0.707107 -0.5
vn 0.445688 -0.707107 -0.548965
vn 0.386936 -0.707107 -0.591845
vn 0.32477 -0.707107 -0.628112
vn 0.260282 -0.707107 -0.65746
vn 0.194566 -0.707107 -0.679812
vn 0.128667 -0.707107 -0.695302
vn 0.0635367 -0.707107 -0.704246
vn 8.65359e-17 -0.707107 -0.707107
vn -0.0635367 -0.707107 -0.704246
vn -0.128667 -0.707107 -0.695302
vn -0.194566 -0.707107 -0.679812
vn -0.260282 -0.707107 -0.65746
vn -0.32477 -0.707107 -0.628112
vn -0.386936 -0.707107 -0.591845
vn -0.445688 -0.707107 -0.548965
vn -0.5 -0.707107 -0.5
vn -0.548965 -0.707107 -0.445688
vn -0.591845 -0.707107 -0.386936
vn -0.628112 -0.707107 -0.32477
vn -0.65746 -0.707107 -0.260282
vn -0.679812 -0.707107 -0.194566
vn -0.695302 -0.707107 -0.128667
vn -0.704246 -0.707107 -0.0635367
vn -1 0 2.30896e-16
vn -0.995955 0 0.0898544
vn -0.983305 0 0.181963
vn -0.961399 0 0.275158
vn -0.929788 0 0.368095
vn -0.888284 0 0.459295
vn -0.836996 0 0.54721
vn -0.776353 0 0.630298
vn -0.707107 0 0.707107
vn -0.630298 0 0.776353
vn -0.54721 0 0.836996
vn -0.459295 0 0.888284
vn -0.368095 0 0.929788
vn -0.275158 0 0.961399
vn -0.181963 0 0.983305
vn -0.0898544 0 0.995955
vn -1.15448e-16 0 1
vn 0.0898544 -0 0.995955
vn 0.181963 -0 0.983305
vn 0.275158 -0 0.961399
vn 0.368095 -0 0.929788
vn 0.459295 -0 0.888284
vn 0.54721 -0 0.836996
vn 0.630298 -0 0.776353
vn 0.707107 -0 0.707107
vn 0.776353 -0 0.630298
vn 0.836996 -0 0.54721
vn 0.888284 -0 0.459295
vn 0.929788 -0 0.368095
vn 0.961399 -0 0.275158
vn 0.983305 -0 0.181963
vn 0.995955 -0 0.0898544
vn 1 -0 9.23584e-16
vn 0.995955 0 -0.0898544
vn 0.983305 0 -0.181963
vn 0.961399 0 -0.275158
vn 0.929788 0 -0.368095
vn 0.888284 0 -0.459295
vn 0.836996 0 -0.54721
vn 0.776353 0 -0.630298
vn 0.707107 0 -0.707107
vn 0.630298 0 -0.776353
vn 0.54721 0 -0.836996
vn 0.459295 0 -0.888284
vn 0.368095 0 -0.929788
vn 0.275158 0 -0.961399
vn 0.181963 0 -0.983305
vn 0.0898544 0 -0.995955
vn 1.58741e-16 0 -1
vn -0.0898544 0 -0.995955
vn -0.181963 0 -0.983305
vn -0.275158 0 -0.961399
vn -0.368095 0 -0.929788
vn -0.459295 0 -0.888284
vn -0.54721 0 -0.836996
vn -0.630298 0 -0.776353
vn -0.707107 0 -0.707107
vn -0.776353 0 -0.630298
vn -0.836996 0 -0.54721
vn -0.888284 0 -0.459295
vn -0.929788 0 -0.368095
vn -0.961399 0 -0.275158
vn -0.983305 0 -0.181963
vn -0.995955 0 -0.0898544
vn -0.894427 0.447214 0
vn -0.704246 0.707107 0.0635367
vn -0.695302 0.707107 0.128667
vn -0.679812 0.707107 0.194566
vn -0.65746 0.707107 0.260282
vn -0.628112 0.707107 0.32477
vn -0.591845 0.707107 0.386936
vn -0.548965 0.707107 0.445688
vn -0.5 0.707107 0.5
vn -0.445688 0.707107 0.548965
vn -0.386936 0.707107 0.591845
vn -0.32477 0.707107 0.628112
vn -0.260282 0.707107 0.65746
vn -0.194566 0.707107 0.679812
vn -0.128667 0.707107 0.695302
vn -0.0635367 0.707107 0.704246
vn 0 0.707107 0.707107
vn 0.0635367 0.707107 0.704246
vn 0.128667 0.707107 0.695302
vn 0.194566 0.707107 0.679812
vn 0.260282 0.707107 0.65746
vn 0.32477 0.707107 0.628112
vn 0.386936 0.707107 0.591845
vn 0.445688 0.707107 0.548965
vn 0.5 0.707107 0.5
vn 0.548965 0.707107 0.445688
vn 0.591845 0.707107 0.386936
vn 0.628112 0.707107 0.32477
vn 0.65746 0.707107 0.260282
vn 0.679812 0.707107 0.194566
vn 0.695302 0.707107 0.128667
vn 0.704246 0.707107 0.0635367
vn 0.707107 0.707107 0
vn 0.704246 0.707107 -0.0635367
vn 0.695302 0.707107 -0.128667
vn 0.679812 0.707107 -0.194566
vn 0.65746 0.707107 -0.260282
vn 0.628112 0.707107 -0.32477
vn 0.591845 0.707107 -0.386936
vn 0.548965 0.707107 -0.445688
vn 0.5 0.707107 -0.5
vn 0.445688 0.707107 -0.548965
vn 0.386936 0.707107 -0.591845
vn 0.32477 0.707107 -0.628112
vn 0.260282 0.707107 -0.65746
vn 0.194566 0.707107 -0.679812
vn 0.128667 0.707107 -0.695302
vn 0.0635367 0.707107 -0.704246
vn 1.64059e-16 0.707107 -0.707107
vn -0.0635367 0.707107 -0.704246
vn -0.128667 0.707107 -0.695302
vn -0.194566 0.707107 -0.679812
vn -0.260282 0.707107 -0.65746
vn -0.32477 0.707107 -0.628112
vn -0.386936 0.707107 -0.591845
vn -0.445688 0.707107 -0.548965
vn -0.5 0.707107 -0.5
vn -0.548965 0.707107 -0.445688
vn -0.591845 0.707107 -0.386936
vn -0.628112 0.707107 -0.32477
vn -0.65746 0.707107 -0.260282
vn -0.679812 0.707107 -0.194566
vn -0.695302 0.707107 -0.128667
vn -0.704246 0.707107 -0.0635367
vn -8.99281e-17 -1 4.44089e-16
vn 2.10942e-17 -1 4.71845e-16
vn -6.88338e-17 -1 2.498e-16
vn -1.79856e-16 -1 2.22045e-16
vn -6.88338e-17 -1 2.77556e-16
vn -1.45439e-16 -1 2.77556e-16
vn 1.90403e-16 -1 3.33067e-16
vn -1.83742e-16 -1 3.33067e-16
vn 3.34455e-16 -1 2.22045e-16
vn 1.62648e-16 -1 3.33067e-16
vn 1.6126e-16 -1 2.22045e-16
vn -1.33504e-16 -1 2.22045e-16
vn 1.62648e-16 -1 2.22045e-16
vn -6.88338e-17 -1 2.22045e-16
vn -4.4964e-17 -1 2.22045e-16
vn -1.45439e-16 -1 2.22045e-16
vn 3.11973e-16 -1 4.44089e-16
vn 2.22045e-16 -1 2.22045e-16
vn 2.0095e-16 -1 2.22045e-16
vn 2.0095e-16 -1 4.44089e-16
vn 4.21885e-17 -1 4.44089e-16
vn 4.21885e-17 -1 4.44089e-16
vn -4.01901e-16 -1 2.22045e-16
vn 0 -1 2.22045e-16
vn 2.22045e-16 -1 2.22045e-16
vn 2.22045e-16 -1 2.22045e-16
vn -2.22045e-16 -1 2.22045e-16
vn 0 -1 4.44089e-16
vn 0 -1 2.22045e-16
vn 0 -1 2.22045e-16
vn 0 -1 3.33067e-16
vn 0 -1 3.33067e-16
vn 0 -1 3.33067e-16
vn 2.22045e-16 -1 3.33067e-16
vn 2.22045e-16 -1 2.77556e-16
vn -2.22045e-16 -1 4.996e-16
vn 0 -1 2.77556e-16
vn 0 -1 2.498e-16
vn 0 -1 2.498e-16
vn 0 -1 0
vn 0 1 -0
vn 0 1 -0
vn -2.13163e-16 1 0
vn 2.22045e-16 1 -0
vn 0 1 -0
vn 0 1 -0
vn 0 1 -0
vn 0 1 -0
vn 0 1 -0
vn 0 1 -0
vn 0 1 -0
vn 0 1 -0
vn 0 1 -0
vn 0 1 -0
vn 0 1 -0
vn 0 1 -0
vn 2.22045e-16 1 -0
vn 2.22045e-16 1 -0
vn 8.88178e-18 1 -0
vn -4.35207e-16 1 0
vn 1.11022e-16 1 -0
vn 1.11022e-16 1 -0
vn -2.22045e-16 1 0
vn 1.06581e-16 1 -0
vn -1.06581e-16 1 0
vn 5.9952e-17 1 -0
vn -5.32907e-17 1 0
vn 1.59872e-16 1 -0
vn 1.40998e-16 1 -0
vn -5.77316e-17 1 0
vn 3.80806e-16 1 -0
vn 1.33227e-16 1 -0
vn -2.19824e-16 1 0
vn -2.22045e-18 1 0
vn 5.9952e-17 1 -0
vn -1.11022e-16 1 0
vn 2.13163e-16 1 -0
vn 2.22045e-16 1 -0
vn 1.06581e-16 1 -0
vn -3.24185e-16 1 0
g WRR_rubber
usemtl rubber
f 1640//1640 1641//1641 1705//1705
f 1640//1640 1705//1705 1704//1704
f 1641//1641 1642//1642 1706//1706
f 1641//1641 1706//1706 1705//1705
f 1642//1642 1643//1643 1707//1707
f 1642//1642 1707//1707 1706//1706
f 1643//1643 1644//1644 1708//1708
f 1643//1643 1708//1708 1707//1707
f 1644//1644 1645//1645 1709//1709
f 1644//1644 1709//1709 1708//1708
f 1645//1645 1646//1646 1710//1710
f 1645//1645 1710//1710 1709//1709
f 1646//1646 1647//1647 1711//1711
f 1646//1646 1711//1711 1710//1710
f 1647//1647 1648//1648 1712//1712
f 1647//1647 1712//1712 1711//1711
f 1648//1648 1649//1649 1713//1713
f 1648//1648 1713//1713 1712//1712
f 1649//1649 1650//1650 1714//1714
f 1649//1649 1714//1714 1713//1713
f 1650//1650 1651//1651 1715//1715
f 1650//1650 1715//1715 1714//1714
f 1651//1651 1652//1652 1716//1716
f 1651//1651 1716//1716 1715//1715
f 1652//1652 1653//1653 1717//1717
f 1652//1652 1717//1717 1716//1716
f 1653//1653 1654//1654 1718//1718
f 1653//1653 1718//1718 1717//1717
f 1654//1654 1655//1655 1719//1719
f 1654//1654 1719//1719 1718//1718
f 1655//1655 1656//1656 1720//1720
f 1655//1655 1720//1720 1719//1719
f 1656//1656 1657//1657 1721//1721
f 1656//1656 1721//1721 1720//1720
f 1657//1657 1658//1658 1722//1722
f 1657//1657 1722//1722 1721//1721
f 1658//1658 1659//1659 1723//1723
f 1658//1658 1723//1723 1722//1722
f 1659//1659 1660//1660 1724//1724
f 1659//1659 1724//1724 1723//1723
f 1660//1660 1661//1661 1725//1725
f 1660//1660 1725//1725 1724//1724
f 1661//1661 1662//1662 1726//1726
f 1661//1661 1726//1726 1725//1725
f 1662//1662 1663//1663 1727//1727
f 1662//1662 1727//1727 1726//1726
f 1663//1663 1664//1664 1728//1728
f 1663//1663 1728//1728 1727//1727
f 1664//1664 1665//1665 1729//1729
f 1664//1664 1729//1729 1728//1728
f 1665//1665 1666//1666 1730//1730
f 1665//1665 1730//1730 1729//1729
f 1666//1666 1667//1667 1731//1731
f 1666//1666 1731//1731 1730//1730
f 1667//1667 1668//1668 1732//1732
f 1667//1667 1732//1732 1731//1731
f 1668//1668 1669//1669 1733//1733
f 1668//1668 1733//1733 1732//1732
f 1669//1669 1670//1670 1734//1734
f 1669//1669 1734//1734 1733//1733
f 1670//1670 1671//1671 1735//1735
f 1670//1670 1735//1735 1734//1734
f 1671//1671 1672//1672 1736//1736
f 1671//1671 1736//1736 1735//1735
f 1672//1672 1673//1673 1737//1737
f 1672//1672 1737//1737 1736//1736
f 1673//1673 1674//1674 1738//1738
f 1673//1673 1738//1738 1737//1737
f 1674//1674 1675//1675 1739//1739
f 1674//1674 1739//1739 1738//1738
f 1675//1675 1676//1676 1740//1740
f 1675//1675 1740//1740 1739//1739
f 1676//1676 1677//1677 1741//1741
f 1676//1676 1741//1741 1740//1740
f 1677//1677 1678//1678 1742//1742
f 1677//1677 1742//1742 1741//1741
f 1678//1678 1679//1679 1743//1743
f 1678//1678 1743//1743 1742//1742
f 1679//1679 1680//1680 1744//1744
f 1679//1679 1744//1744 1743//1743
f 1680//1680 1681//1681 1745//1745
f 1680//1680 1745//1745 1744//1744
f 1681//1681 1682//1682 1746//1746
f 1681//1681 1746//1746 1745//1745
f 1682//1682 1683//1683 1747//1747
f 1682//1682 1747//1747 1746//1746
f 1683//1683 1684//1684 1748//1748
f 1683//1683 1748//1748 1747//1747
f 1684//1684 1685//1685 1749//1749
f 1684//1684 1749//1749 1748//1748
f 1685//1685 1686//1686 1750//1750
f 1685//1685 1750//1750 1749//1749
f 1686//1686 1687//1687 1751//1751
f 1686//1686 1751//1751 1750//1750
f 1687//1687 1688//1688 1752//1752
f 1687//1687 1752//1752 1751//1751
f 1688//1688 1689//1689 1753//1753
f 1688//1688 1753//1753 1752//1752
f 1689//1689 1690//1690 1754//1754
f 1689//1689 1754//1754 1753//1753
f 1690//1690 1691//1691 1755//1755
f 1690//1690 1755//1755 1754//1754
f 1691//1691 1692//1692 1756//1756
f 1691//1691 1756//1756 1755//1755
f 1692//1692 1693//1693 1757//1757
f 1692//1692 1757//1757 1756//1756
f 1693//1693 1694//1694 1758//1758
f 1693//1693 1758//1758 1757//1757
f 1694//1694 1695//1695 1759//1759
f 1694//1694 1759//1759 1758//1758
f 1695//1695 1696//1696 1760//1760
f 1695//1695 1760//1760 1759//1759
f 1696//1696 1697//1697 1761//1761
f 1696//1696 1761//1761 1760//1760
f 1697//1697 1698//1698 1762//1762
f 1697//1697 1762//1762 1761//1761
f 1698//1698 1699//1699 1763//1763
f 1698//1698 1763//1763 1762//1762
f 1699//1699 1700//1700 1764//1764
f 1699//1699 1764//1764 1763//1763
f 1700//1700 1701//1701 1765//1765
f 1700//1700 1765//1765 1764//1764
f 1701//1701 1702//1702 1766//1766
f 1701//1701 1766//1766 1765//1765
f 1702//1702 1703//1703 1767//1767
f 1702//1702 1767//1767 1766//1766
f 1703//1703 1640//1640 1704//1704
f 1703//1703 1704//1704 1767//1767
f 1704//1704 1705//1705 1769//1769
f 1704//1704 1769//1769 1768//1768
f 1705//1705 1706//1706 1770//1770
f 1705//1705 1770//1770 1769//1769
f 1706//1706 1707//1707 1771//1771
f 1706//1706 1771//1771 1770//1770
f 1707//1707 1708//1708 1772//1772
f 1707//1707 1772//1772 1771//1771
f 1708//1708 1709//1709 1773//1773
f 1708//1708 1773//1773 1772//1772
f 1709//1709 1710//1710 1774//1774
f 1709//1709 1774//1774 1773//1773
f 1710//1710 1711//1711 1775//1775
f 1710//1710 1775//1775 1774//1774
f 1711//1711 1712//1712 1776//1776
f 1711//1711 1776//1776 1775//1775
f 1712//1712 1713//1713 1777//1777
f 1712//1712 1777//1777 1776//1776
f 1713//1713 1714//1714 1778//1778
f 1713//1713 1778//1778 1777//1777
f 1714//1714 1715//1715 1779//1779
f 1714//1714 1779//1779 1778//1778
f 1715//1715 1716//1716 1780//1780
f 1715//1715 1780//1780 1779//1779
f 1716//1716 1717//1717 1781//1781
f 1716//1716 1781//1781 1780//1780
f 1717//1717 1718//1718 1782//1782
f 1717//1717 1782//1782 1781//1781
f 1718//1718 1719//1719 1783//1783
f 1718//1718 1783//1783 1782//1782
f 1719//1719 1720//1720 1784//1784
f 1719//1719 1784//1784 1783//1783
f 1720//1720 1721//1721 1785//1785
f 1720//1720 1785//1785 1784//1784
f 1721//1721 1722//1722 1786//1786
f 1721//1721 1786//1786 1785//1785
f 1722//1722 1723//1723 1787//1787
f 1722//1722 1787//1787 1786//1786
f 1723//1723 1724//1724 1788//1788
f 1723//1723 1788//1788 1787//1787
f 1724//1724 1725//1725 1789//1789
f 1724//1724 1789//1789 1788//1788
f 1725//1725 1726//1726 1790//1790
f 1725//1725 1790//1790 1789//1789
f 1726//1726 1727//1727 1791//1791
f 1726//1726 1791//1791 1790//1790
f 1727//1727 1728//1728 1792//1792
f 1727//1727 1792//1792 1791//1791
f 1728//1728 1729//1729 1793//1793
f 1728//1728 1793//1793 1792//1792
f 1729//1729 1730//1730 1794//1794
f 1729//1729 1794//1794 1793//1793
f 1730//1730 1731//1731 1795//1795
f 1730//1730 1795//1795 1794//1794
f 1731//1731 1732//1732 1796//1796
f 1731//1731 1796//1796 1795//1795
f 1732//1732 1733//1733 1797//1797
f 1732//1732 1797//1797 1796//1796
f 1733//1733 1734//1734 1798//1798
f 1733//1733 1798//1798 1797//1797
f 1734//1734 1735//1735 1799//1799
f 1734//1734 1799//1799 1798//1798
f 1735//1735 1736//1736 1800//1800
f 1735//1735 1800//1800 1799//1799
f 1736//1736 1737//1737 1801//1801
f 1736//1736 1801//1801 1800//1800
f 1737//1737 1738//1738 1802//1802
f 1737//1737 1802//1802 1801//1801
f 1738//1738 1739//1739 1803//1803
f 1738//1738 1803//1803 1802//1802
f 1739//1739 1740//1740 1804//1804
f 1739//1739 1804//1804 1803//1803
f 1740//1740 1741//1741 1805//1805
f 1740//1740 1805//1805 1804//1804
f 1741//1741 1742//1742 1806//1806
f 1741//1741 1806//1806 1805//1805
f 1742//1742 1743//1743 1807//1807
f 1742//1742 1807//1807 1806//1806
f 1743//1743 1744//1744 1808//1808
f 1743//1743 1808//1808 1807//1807
f 1744//1744 1745//1745 1809//1809
f 1744//1744 1809//1809 1808//1808
f 1745//1745 1746//1746 1810//1810
f 1745//1745 1810//1810 1809//1809
f 1746//1746 1747//1747 1811//1811
f 1746//1746 1811//1811 1810//1810
f 1747//1747 1748//1748 1812//1812
f 1747//1747 1812//1812 1811//1811
f 1748//1748 1749//1749 1813//1813
f 1748//1748 1813//1813 1812//1812
f 1749//1749 1750//1750 1814//1814
f 1749//1749 1814//1814 1813//1813
f 1750//1750 1751//1751 1815//1815
f 1750//1750 1815//1815 1814//1814
f 1751//1751 1752//1752 1816//1816
f 1751//1751 1816//1816 1815//1815
f 1752//1752 1753//1753 1817//1817
f 1752//1752 1817//1817 1816//1816
f 1753//1753 1754//1754 1818//1818
f 1753//1753 1818//1818 1817//1817
f 1754//1754 1755//1755 1819//1819
f 1754//1754 1819//1819 1818//1818
f 1755//1755 1756//1756 1820//1820
f 1755//1755 1820//1820 1819//1819
f 1756//1756 1757//1757 1821//1821
f 1756//1756 1821//1821 1820//1820
f 1757//1757 1758//1758 1822//1822
f 1757//1757 1822//1822 1821//1821
f 1758//1758 1759//1759 1823//1823
f 1758//1758 1823//1823 1822//1822
f 1759//1759 1760//1760 1824//1824
f 1759//1759 1824//1824 1823//1823
f 1760//1760 1761//1761 1825//1825
f 1760//1760 1825//1825 1824//1824
f 1761//1761 1762//1762 1826//1826
f 1761//1761 1826//1826 1825//1825
f 1762//1762 1763//1763 1827//1827
f 1762//1762 1827//1827 1826//1826
f 1763//1763 1764//1764 1828//1828
f 1763//1763 1828//1828 1827//1827
f 1764//1764 1765//1765 1829//1829
f 1764//1764 1829//1829 1828//1828
f 1765//1765 1766//1766 1830//1830
f 1765//1765 1830//1830 1829//1829
f 1766//1766 1767//1767 1831//1831
f 1766//1766 1831//1831 1830//1830
f 1767//1767 1704//1704 1768//1768
f 1767//1767 1768//1768 1831//1831
f 1641//1641 1640//1640 1703//1703
f 1641//1641 1703//1703 1702//1702
f 1641//1641 1702//1702 1701//1701
f 1641//1641 1701//1701 1832//1832
f 1641//1641 1832//1832 1700//1700
f 1641//1641 1700//1700 1833//1833
f 1641//1641 1833//1833 1699//1699
f 1641//1641 1699//1699 1834//1834
f 1641//1641 1834//1834 1698//1698
f 1641//1641 1698//1698 1835//1835
f 1641//1641 1835//1835 1697//1697
f 1641//1641 1697//1697 1836//1836
f 1641//1641 1836//1836 1696//1696
f 1641//1641 1696//1696 1837//1837
f 1641//1641 1837//1837 1695//1695
f 1641//1641 1695//1695 1838//1838
f 1641//1641 1838//1838 1694//1694
f 1641//1641 1694//1694 1839//1839
f 1641//1641 1839//1839 1693//1693
f 1641//1641 1693//1693 1840//1840
f 1641//1641 1840//1840 1692//1692
f 1641//1641 1692//1692 1841//1841
f 1641//1641 1841//1841 1691//1691
f 1641//1641 1691//1691 1690//1690
f 1641//1641 1690//1690 1689//1689
f 1641//1641 1689//1689 1688//1688
f 1641//1641 1688//1688 1687//1687
f 1641//1641 1687//1687 1686//1686
f 1641//1641 1686//1686 1685//1685
f 1641//1641 1685//1685 1842//1842
f 1641//1641 1842//1842 1684//1684
f 1641//1641 1684//1684 1843//1843
f 1641//1641 1843//1843 1683//1683
f 1641//1641 1683//1683 1844//1844
f 1641//1641 1844//1844 1682//1682
f 1641//1641 1682//1682 1845//1845
f 1641//1641 1845//1845 1681//1681
f 1641//1641 1681//1681 1846//1846
f 1641//1641 1846//1846 1680//1680
f 1641//1641 1680//1680 1847//1847
f 1641//1641 1847//1847 1679//1679
f 1641//1641 1679//1679 1848//1848
f 1641//1641 1848//1848 1678//1678
f 1641//1641 1678//1678 1849//1849
f 1641//1641 1849//1849 1677//1677
f 1641//1641 1677//1677 1850//1850
f 1641//1641 1850//1850 1676//1676
f 1641//1641 1676//1676 1851//1851
f 1641//1641 1851//1851 1675//1675
f 1641//1641 1675//1675 1674//1674
f 1641//1641 1674//1674 1673//1673
f 1641//1641 1673//1673 1672//1672
f 1641//1641 1672//1672 1671//1671
f 1641//1641 1671//1671 1670//1670
f 1641//1641 1670//1670 1669//1669
f 1641//1641 1669//1669 1852//1852
f 1641//1641 1852//1852 1668//1668
f 1641//1641 1668//1668 1853//1853
f 1641//1641 1853//1853 1667//1667
f 1641//1641 1667//1667 1854//1854
f 1641//1641 1854//1854 1666//1666
f 1641//1641 1666//1666 1855//1855
f 1641//1641 1855//1855 1665//1665
f 1641//1641 1665//1665 1856//1856
f 1641//1641 1856//1856 1664//1664
f 1641//1641 1664//1664 1857//1857
f 1641//1641 1857//1857 1663//1663
f 1641//1641 1663//1663 1858//1858
f 1641//1641 1858//1858 1662//1662
f 1641//1641 1662//1662 1859//1859
f 1641//1641 1859//1859 1661//1661
f 1641//1641 1661//1661 1860//1860
f 1641//1641 1860//1860 1660//1660
f 1641//1641 1660//1660 1861//1861
f 1641//1641 1861//1861 1659//1659
f 1641//1641 1659//1659 1658//1658
f 1641//1641 1658//1658 1657//1657
f 1641//1641 1657//1657 1656//1656
f 1641//1641 1656//1656 1655//1655
f 1641//1641 1655//1655 1654//1654
f 1641//1641 1654//1654 1653//1653
f 1641//1641 1653//1653 1862//1862
f 1641//1641 1862//1862 1652//1652
f 1641//1641 1652//1652 1863//1863
f 1641//1641 1863//1863 1651//1651
f 1641//1641 1651//1651 1864//1864
f 1641//1641 1864//1864 1650//1650
f 1641//1641 1650//1650 1865//1865
f 1641//1641 1865//1865 1649//1649
f 1641//1641 1649//1649 1866//1866
f 1641//1641 1866//1866 1648//1648
f 1641//1641 1648//1648 1867//1867
f 1641//1641 1867//1867 1647//1647
f 1641//1641 1647//1647 1868//1868
f 1641//1641 1868//1868 1646//1646
f 1641//1641 1646//1646 1869//1869
f 1641//1641 1869//1869 1645//1645
f 1641//1641 1645//1645 1870//1870
f 1641//1641 1870//1870 1644//1644
f 1641//1641 1644//1644 1871//1871
f 1641//1641 1871//1871 1643//1643
f 1643//1643 1642//1642 1641//1641
f 1831//1831 1768//1768 1769//1769
f 1831//1831 1769//1769 1770//1770
f 1831//1831 1770//1770 1771//1771
f 1831//1831 1771//1771 1872//1872
f 1831//1831 1872//1872 1772//1772
f 1831//1831 1772//1772 1873//1873
f 1831//1831 1873//1873 1773//1773
f 1831//1831 1773//1773 1874//1874
f 1831//1831 1874//1874 1774//1774
f 1831//1831 1774//1774 1875//1875
f 1831//1831 1875//1875 1775//1775
f 1831//1831 1775//1775 1876//1876
f 1831//1831 1876//1876 1776//1776
f 1831//1831 1776//1776 1877//1877
f 1831//1831 1877//1877 1777//1777
f 1831//1831 1777//1777 1878//1878
f 1831//1831 1878//1878 1778//1778
f 1831//1831 1778//1778 1879//1879
f 1831//1831 1879//1879 1779//1779
f 1831//1831 1779//1779 1880//1880
f 1831//1831 1880//1880 1780//1780
f 1831//1831 1780//1780 1881//1881
f 1831//1831 1881//1881 1781//1781
f 1831//1831 1781//1781 1782//1782
f 1831//1831 1782//1782 1783//1783
f 1831//1831 1783//1783 1784//1784
f 1831//1831 1784//1784 1785//1785
f 1831//1831 1785//1785 1786//1786
f 1831//1831 1786//1786 1787//1787
f 1831//1831 1787//1787 1882//1882
f 1831//1831 1882//1882 1788//1788
f 1831//1831 1788//1788 1883//1883
f 1831//1831 1883//1883 1789//1789
f 1831//1831 1789//1789 1884//1884
f 1831//1831 1884//1884 1790//1790
f 1831//1831 1790//1790 1885//1885
f 1831//1831 1885//1885 1791//1791
f 1831//1831 1791//1791 1886//1886
f 1831//1831 1886//1886 1792//1792
f 1831//1831 1792//1792 1887//1887
f 1831//1831 1887//1887 1793//1793
f 1831//1831 1793//1793 1888//1888
f 1831//1831 1888//1888 1794//1794
f 1831//1831 1794//1794 1889//1889
f 1831//1831 1889//1889 1795//1795
f 1831//1831 1795//1795 1890//1890
f 1831//1831 1890//1890 1796//1796
f 1831//1831 1796//1796 1891//1891
f 1831//1831 1891//1891 1797//1797
f 1831//1831 1797//1797 1798//1798
f 1831//1831 1798//1798 1799//1799
f 1831//1831 1799//1799 1800//1800
f 1831//1831 1800//1800 1801//1801
f 1831//1831 1801//1801 1802//1802
f 1831//1831 1802//1802 1803//1803
f 1831//1831 1803//1803 1892//1892
f 1831//1831 1892//1892 1804//1804
f 1831//1831 1804//1804 1893//1893
f 1831//1831 1893//1893 1805//1805
f 1831//1831 1805//1805 1894//1894
f 1831//1831 1894//1894 1806//1806
f 1831//1831 1806//1806 1895//1895
f 1831//1831 1895//1895 1807//1807
f 1831//1831 1807//1807 1896//1896
f 1831//1831 1896//1896 1808//1808
f 1831//1831 1808//1808 1897//1897
f 1831//1831 1897//1897 1809//1809
f 1831//1831 1809//1809 1898//1898
f 1831//1831 1898//1898 1810//1810
f 1831//1831 1810//1810 1899//1899
f 1831//1831 1899//1899 1811//1811
f 1831//1831 1811//1811 1900//1900
f 1831//1831 1900//1900 1812//1812
f 1831//1831 1812//1812 1901//1901
f 1831//1831 1901//1901 1813//1813
f 1831//1831 1813//1813 1814//1814
f 1831//1831 1814//1814 1815//1815
f 1831//1831 1815//1815 1816//1816
f 1831//1831 1816//1816 1817//1817
f 1831//1831 1817//1817 1818//1818
f 1831//1831 1818//1818 1819//1819
f 1831//1831 1819//1819 1902//1902
f 1831//1831 1902//1902 1820//1820
f 1831//1831 1820//1820 1903//1903
f 1831//1831 1903//1903 1821//1821
f 1831//1831 1821//1821 1904//1904
f 1831//1831 1904//1904 1822//1822
f 1831//1831 1822//1822 1905//1905
f 1831//1831 1905//1905 1823//1823
f 1831//1831 1823//1823 1906//1906
f 1831//1831 1906//1906 1824//1824
f 1831//1831 1824//1824 1907//1907
f 1831//1831 1907//1907 1825//1825
f 1831//1831 1825//1825 1908//1908
f 1831//1831 1908//1908 1826//1826
f 1831//1831 1826//1826 1909//1909
f 1831//1831 1909//1909 1827//1827
f 1831//1831 1827//1827 1910//1910
f 1831//1831 1910//1910 1828//1828
f 1831//1831 1828//1828 1911//1911
f 1831//1831 1911//1911 1829//1829
f 1829//1829 1830//1830 1831//1831
o HFL
v 0.81 -0.07 0.36
v 0.810688 -0.07 0.375275
v 0.812838 -0.07 0.390934
v 0.816562 -0.07 0.406777
v 0.821936 -0.07 0.422576
v 0.828992 -0.07 0.43808
v 0.837711 -0.07 0.453026
v 0.84802 -0.07 0.467151
v 0.859792 -0.07 0.480208
v 0.872849 -0.07 0.49198
v 0.886974 -0.07 0.502289
v 0.90192 -0.07 0.511008
v 0.917424 -0.07 0.518064
v 0.933223 -0.07 0.523438
v 0.949066 -0.07 0.527162
v 0.964725 -0.07 0.529312
v 0.98 -0.07 0.53
v 0.995275 -0.07 0.529312
v 1.01093 -0.07 0.527162
v 1.02678 -0.07 0.523438
v 1.04258 -0.07 0.518064
v 1.05808 -0.07 0.511008
v 1.07303 -0.07 0.502289
v 1.08715 -0.07 0.49198
v 1.10021 -0.07 0.480208
v 1.11198 -0.07 0.467151
v 1.12229 -0.07 0.453026
v 1.13101 -0.07 0.43808
v 1.13806 -0.07 0.422576
v 1.14344 -0.07 0.406777
v 1.14716 -0.07 0.390934
v 1.14931 -0.07 0.375275
v 1.15 -0.07 0.36
v 1.14931 -0.07 0.344725
v 1.14716 -0.07 0.329066
v 1.14344 -0.07 0.313223
v 1.13806 -0.07 0.297424
v 1.13101 -0.07 0.28192
v 1.12229 -0.07 0.266974
v 1.11198 -0.07 0.252849
v 1.10021 -0.07 0.239792
v 1.08715 -0.07 0.22802
v 1.07303 -0.07 0.217711
v 1.05808 -0.07 0.208992
v 1.04258 -0.07 0.201936
v 1.02678 -0.07 0.196562
v 1.01093 -0.07 0.192838
v 0.995275 -0.07 0.190688
v 0.98 -0.07 0.19
v 0.964725 -0.07 0.190688
v 0.949066 -0.07 0.192838
v 0.933223 -0.07 0.196562
v 0.917424 -0.07 0.201936
v 0.90192 -0.07 0.208992
v 0.886974 -0.07 0.217711
v 0.872849 -0.07 0.22802
v 0.859792 -0.07 0.239792
v 0.84802 -0.07 0.252849
v 0.837711 -0.07 0.266974
v 0.828992 -0.07 0.28192
v 0.821936 -0.07 0.297424
v 0.816562 -0.07 0.313223
v 0.812838 -0.07 0.329066
v 0.810688 -0.07 0.344725
v 0.81 -0.04 0.36
v 0.810688 -0.04 0.375275
v 0.812838 -0.04 0.390934
v 0.816562 -0.04 0.406777
v 0.821936 -0.04 0.422576
v 0.828992 -0.04 0.43808
v 0.837711 -0.04 0.453026
v 0.84802 -0.04 0.467151
v 0.859792 -0.04 0.480208
v 0.872849 -0.04 0.49198
v 0.886974 -0.04 0.502289
v 0.90192 -0.04 0.511008
v 0.917424 -0.04 0.518064
v 0.933223 -0.04 0.523438
v 0.949066 -0.04 0.527162
v 0.964725 -0.04 0.529312
v 0.98 -0.04 0.53
v 0.995275 -0.04 0.529312
v 1.01093 -0.04 0.527162
v 1.02678 -0.04 0.523438
v 1.04258 -0.04 0.518064
v 1.05808 -0.04 0.511008
v 1.07303 -0.04 0.502289
v 1.08715 -0.04 0.49198
v 1.10021 -0.04 0.480208
v 1.11198 -0.04 0.467151
v 1.12229 -0.04 0.453026
v 1.13101 -0.04 0.43808
v 1.13806 -0.04 0.422576
v 1.14344 -0.04 0.406777
v 1.14716 -0.04 0.390934
v 1.14931 -0.04 0.375275
v 1.15 -0.04 0.36
v 1.14931 -0.04 0.344725
v 1.14716 -0.04 0.329066
v 1.14344 -0.04 0.313223
v 1.13806 -0.04 0.297424
v 1.13101 -0.04 0.28192
v 1.12229 -0.04 0.266974
v 1.11198 -0.04 0.252849
v 1.10021 -0.04 0.239792
v 1.08715 -0.04 0.22802
v 1.07303 -0.04 0.217711
v 1.05808 -0.04 0.208992
v 1.04258 -0.04 0.201936
v 1.02678 -0.04 0.196562
v 1.01093 -0.04 0.192838
v 0.995275 -0.04 0.190688
v 0.98 -0.04 0.19
v 0.964725 -0.04 0.190688
v 0.949066 -0.04 0.192838
v 0.933223 -0.04 0.196562
v 0.917424 -0.04 0.201936
v 0.90192 -0.04 0.208992
v 0.886974 -0.04 0.217711
v 0.872849 -0.04 0.22802
v 0.859792 -0.04 0.239792
v 0.84802 -0.04 0.252849
v 0.837711 -0.04 0.266974
v 0.828992 -0.04 0.28192
v 0.821936 -0.04 0.297424
v 0.816562 -0.04 0.313223
v 0.812838 -0.04 0.329066
v 0.810688 -0.04 0.344725
v 0.81 -0.01 0.36
v 0.810688 -0.01 0.375275
v 0.812838 -0.01 0.390934
v 0.816562 -0.01 0.406777
v 0.821936 -0.01 0.422576
v 0.828992 -0.01 0.43808
v 0.837711 -0.01 0.453026
v 0.84802 -0.01 0.467151
v 0.859792 -0.01 0.480208
v 0.872849 -0.01 0.49198
v 0.886974 -0.01 0.502289
v 0.90192 -0.01 0.511008
v 0.917424 -0.01 0.518064
v 0.933223 -0.01 0.523438
v 0.949066 -0.01 0.527162
v 0.964725 -0.01 0.529312
v 0.98 -0.01 0.53
v 0.995275 -0.01 0.529312
v 1.01093 -0.01 0.527162
v 1.02678 -0.01 0.523438
v 1.04258 -0.01 0.518064
v 1.05808 -0.01 0.511008
v 1.07303 -0.01 0.502289
v 1.08715 -0.01 0.49198
v 1.10021 -0.01 0.480208
v 1.11198 -0.01 0.467151
v 1.12229 -0.01 0.453026
v 1.13101 -0.01 0.43808
v 1.13806 -0.01 0.422576
v 1.14344 -0.01 0.406777
v 1.14716 -0.01 0.390934
v 1.14931 -0.01 0.375275
v 1.15 -0.01 0.36
v 1.14931 -0.01 0.344725
v 1.14716 -0.01 0.329066
v 1.14344 -0.01 0.313223
v 1.13806 -0.01 0.297424
v 1.13101 -0.01 0.28192
v 1.12229 -0.01 0.266974
v 1.11198 -0.01 0.252849
v 1.10021 -0.01 0.239792
v 1.08715 -0.01 0.22802
v 1.07303 -0.01 0.217711
v 1.05808 -0.01 0.208992
v 1.04258 -0.01 0.201936
v 1.02678 -0.01 0.196562
v 1.01093 -0.01 0.192838
v 0.995275 -0.01 0.190688
v 0.98 -0.01 0.19
v 0.964725 -0.01 0.190688
v 0.949066 -0.01 0.192838
v 0.933223 -0.01 0.196562
v 0.917424 -0.01 0.201936
v 0.90192 -0.01 0.208992
v 0.886974 -0.01 0.217711
v 0.872849 -0.01 0.22802
v 0.859792 -0.01 0.239792
v 0.84802 -0.01 0.252849
v 0.837711 -0.01 0.266974
v 0.828992 -0.01 0.28192
v 0.821936 -0.01 0.297424
v 0.816562 -0.01 0.313223
v 0.812838 -0.01 0.329066
v 0.810688 -0.01 0.344725
v 0.825254 -0.07 0.289619
v 0.833147 -0.07 0.274361
v 0.842673 -0.07 0.259793
v 0.853733 -0.07 0.246173
v 0.866173 -0.07 0.233733
v 0.879793 -0.07 0.222673
v 0.894361 -0.07 0.213147
v 0.909619 -0.07 0.205254
v 1.05038 -0.07 0.205254
v 1.06564 -0.07 0.213147
v 1.08021 -0.07 0.222673
v 1.09383 -0.07 0.233733
v 1.10627 -0.07 0.246173
v 1.11733 -0.07 0.259793
v 1.12685 -0.07 0.274361
v 1.13475 -0.07 0.289619
v 1.13475 -0.07 0.430381
v 1.12685 -0.07 0.445639
v 1.11733 -0.07 0.460207
v 1.10627 -0.07 0.473827
v 1.09383 -0.07 0.486267
v 1.08021 -0.07 0.497327
v 1.06564 -0.07 0.506853
v 1.05038 -0.07 0.514746
v 0.909619 -0.07 0.514746
v 0.894361 -0.07 0.506853
v 0.879793 -0.07 0.497327
v 0.866173 -0.07 0.486267
v 0.853733 -0.07 0.473827
v 0.842673 -0.07 0.460207
v 0.833147 -0.07 0.445639
v 0.825254 -0.07 0.430381
v 0.825254 -0.01 0.430381
v 0.833147 -0.01 0.445639
v 0.842673 -0.01 0.460207
v 0.853733 -0.01 0.473827
v 0.866173 -0.01 0.486267
v 0.879793 -0.01 0.497327
v 0.894361 -0.01 0.506853
v 0.909619 -0.01 0.514746
v 1.05038 -0.01 0.514746
v 1.06564 -0.01 0.506853
v 1.08021 -0.01 0.497327
v 1.09383 -0.01 0.486267
v 1.10627 -0.01 0.473827
v 1.11733 -0.01 0.460207
v 1.12685 -0.01 0.445639
v 1.13475 -0.01 0.430381
v 1.13475 -0.01 0.289619
v 1.12685 -0.01 0.274361
v 1.11733 -0.01 0.259793
v 1.10627 -0.01 0.246173
v 1.09383 -0.01 0.233733
v 1.08021 -0.01 0.222673
v 1.06564 -0.01 0.213147
v 1.05038 -0.01 0.205254
v 0.909619 -0.01 0.205254
v 0.894361 -0.01 0.213147
v 0.879793 -0.01 0.222673
v 0.866173 -0.01 0.233733
v 0.853733 -0.01 0.246173
v 0.842673 -0.01 0.259793
v 0.833147 -0.01 0.274361
v 0.825254 -0.01 0.289619
vn -0.894427 -0.447214 -2.20493e-32
vn -0.704246 -0.707107 0.0635367
vn -0.695302 -0.707107 0.128667
vn -0.679812 -0.707107 0.194566
vn -0.65746 -0.707107 0.260282
vn -0.628112 -0.707107 0.32477
vn -0.591845 -0.707107 0.386936
vn -0.548965 -0.707107 0.445688
vn -0.5 -0.707107 0.5
vn -0.445688 -0.707107 0.548965
vn -0.386936 -0.707107 0.591845
vn -0.32477 -0.707107 0.628112
vn -0.260282 -0.707107 0.65746
vn -0.194566 -0.707107 0.679812
vn -0.128667 -0.707107 0.695302
vn -0.0635367 -0.707107 0.704246
vn -1.63268e-16 -0.707107 0.707107
vn 0.0635367 -0.707107 0.704246
vn 0.128667 -0.707107 0.695302
vn 0.194566 -0.707107 0.679812
vn 0.260282 -0.707107 0.65746
vn 0.32477 -0.707107 0.628112
vn 0.386936 -0.707107 0.591845
vn 0.445688 -0.707107 0.548965
vn 0.5 -0.707107 0.5
vn 0.548965 -0.707107 0.445688
vn 0.591845 -0.707107 0.386936
vn 0.628112 -0.707107 0.32477
vn 0.65746 -0.707107 0.260282
vn 0.679812 -0.707107 0.194566
vn 0.695302 -0.707107 0.128667
vn 0.704246 -0.707107 0.0635367
vn 0.707107 -0.707107 9.79609e-16
vn 0.704246 -0.707107 -0.0635367
vn 0.695302 -0.707107 -0.128667
vn 0.679812 -0.707107 -0.194566
vn 0.65746 -0.707107 -0.260282
vn 0.628112 -0.707107 -0.32477
vn 0.591845 -0.707107 -0.386936
vn 0.548965 -0.707107 -0.445688
vn 0.5 -0.707107 -0.5
vn 0.445688 -0.707107 -0.548965
vn 0.386936 -0.707107 -0.591845
vn 0.32477 -0.707107 -0.628112
vn 0.260282 -0.707107 -0.65746
vn 0.194566 -0.707107 -0.679812
vn 0.128667 -0.707107 -0.695302
vn 0.0635367 -0.707107 -0.704246
vn 1.75289e-16 -0.707107 -0.707107
vn -0.0635367 -0.707107 -0.704246
vn -0.128667 -0.707107 -0.695302
vn -0.194566 -0.707107 -0.679812
vn -0.260282 -0.707107 -0.65746
vn -0.32477 -0.707107 -0.628112
vn -0.386936 -0.707107 -0.591845
vn -0.445688 -0.707107 -0.548965
vn -0.5 -0.707107 -0.5
vn -0.548965 -0.707107 -0.445688
vn -0.591845 -0.707107 -0.386936
vn -0.628112 -0.707107 -0.32477
vn -0.65746 -0.707107 -0.260282
vn -0.679812 -0.707107 -0.194566
vn -0.695302 -0.707107 -0.128667
vn -0.704246 -0.707107 -0.0635367
vn -1 0 2.30896e-16
vn -0.995955 0 0.0898544
vn -0.983305 0 0.181963
vn -0.961399 0 0.275158
vn -0.929788 0 0.368095
vn -0.888284 0 0.459295
vn -0.836996 0 0.54721
vn -0.776353 0 0.630298
vn -0.707107 0 0.707107
vn -0.630298 0 0.776353
vn -0.54721 0 0.836996
vn -0.459295 0 0.888284
vn -0.368095 0 0.929788
vn -0.275158 0 0.961399
vn -0.181963 0 0.983305
vn -0.0898544 0 0.995955
vn -4.61792e-16 0 1
vn 0.0898544 -0 0.995955
vn 0.181963 -0 0.983305
vn 0.275158 -0 0.961399
vn 0.368095 -0 0.929788
vn 0.459295 -0 0.888284
vn 0.54721 -0 0.836996
vn 0.630298 -0 0.776353
vn 0.707107 -0 0.707107
vn 0.776353 -0 0.630298
vn 0.836996 -0 0.54721
vn 0.888284 -0 0.459295
vn 0.929788 -0 0.368095
vn 0.961399 -0 0.275158
vn 0.983305 -0 0.181963
vn 0.995955 -0 0.0898544
vn 1 -0 1.84717e-15
vn 0.995955 0 -0.0898544
vn 0.983305 0 -0.181963
vn 0.961399 0 -0.275158
vn 0.929788 0 -0.368095
vn 0.888284 0 -0.459295
vn 0.836996 0 -0.54721
vn 0.776353 0 -0.630298
vn 0.707107 0 -0.707107
vn 0.630298 0 -0.776353
vn 0.54721 0 -0.836996
vn 0.459295 0 -0.888284
vn 0.368095 0 -0.929788
vn 0.275158 0 -0.961399
vn 0.181963 0 -0.983305
vn 0.0898544 0 -0.995955
vn 1.73172e-16 0 -1
vn -0.0898544 0 -0.995955
vn -0.181963 0 -0.983305
vn -0.275158 0 -0.961399
vn -0.368095 0 -0.929788
vn -0.459295 0 -0.888284
vn -0.54721 0 -0.836996
vn -0.630298 0 -0.776353
vn -0.707107 0 -0.707107
vn -0.776353 0 -0.630298
vn -0.836996 0 -0.54721
vn -0.888284 0 -0.459295
vn -0.929788 0 -0.368095
vn -0.961399 0 -0.275158
vn -0.983305 0 -0.181963
vn -0.995955 0 -0.0898544
vn -0.894427 0.447214 1.55158e-18
vn -0.704246 0.707107 0.0635367
vn -0.695302 0.707107 0.128667
vn -0.679812 0.707107 0.194566
vn -0.65746 0.707107 0.260282
vn -0.628112 0.707107 0.32477
vn -0.591845 0.707107 0.386936
vn -0.548965 0.707107 0.445688
vn -0.5 0.707107 0.5
vn -0.445688 0.707107 0.548965
vn -0.386936 0.707107 0.591845
vn -0.32477 0.707107 0.628112
vn -0.260282 0.707107 0.65746
vn -0.194566 0.707107 0.679812
vn -0.128667 0.707107 0.695302
vn -0.0635367 0.707107 0.704246
vn -1.63268e-16 0.707107 0.707107
vn 0.0635367 0.707107 0.704246
vn 0.128667 0.707107 0.695302
vn 0.194566 0.707107 0.679812
vn 0.260282 0.707107 0.65746
vn 0.32477 0.707107 0.628112
vn 0.386936 0.707107 0.591845
vn 0.445688 0.707107 0.548965
vn 0.5 0.707107 0.5
vn 0.548965 0.707107 0.445688
vn 0.591845 0.707107 0.386936
vn 0.628112 0.707107 0.32477
vn 0.65746 0.707107 0.260282
vn 0.679812 0.707107 0.194566
vn 0.695302 0.707107 0.128667
vn 0.704246 0.707107 0.0635367
vn 0.707107 0.707107 9.82215e-16
vn 0.704246 0.707107 -0.0635367
vn 0.695302 0.707107 -0.128667
vn 0.679812 0.707107 -0.194566
vn 0.65746 0.707107 -0.260282
vn 0.628112 0.707107 -0.32477
vn 0.591845 0.707107 -0.386936
vn 0.548965 0.707107 -0.445688
vn 0.5 0.707107 -0.5
vn 0.445688 0.707107 -0.548965
vn 0.386936 0.707107 -0.591845
vn 0.32477 0.707107 -0.628112
vn 0.260282 0.707107 -0.65746
vn 0.194566 0.707107 -0.679812
vn 0.128667 0.707107 -0.695302
vn 0.0635367 0.707107 -0.704246
vn 1.62685e-16 0.707107 -0.707107
vn -0.0635367 0.707107 -0.704246
vn -0.128667 0.707107 -0.695302
vn -0.194566 0.707107 -0.679812
vn -0.260282 0.707107 -0.65746
vn -0.32477 0.707107 -0.628112
vn -0.386936 0.707107 -0.591845
vn -0.445688 0.707107 -0.548965
vn -0.5 0.707107 -0.5
vn -0.548965 0.707107 -0.445688
vn -0.591845 0.707107 -0.386936
vn -0.628112 0.707107 -0.32477
vn -0.65746 0.707107 -0.260282
vn -0.679812 0.707107 -0.194566
vn -0.695302 0.707107 -0.128667
vn -0.704246 0.707107 -0.0635367
vn 8.32667e-19 -1 0
vn -8.60423e-18 -1 0
vn -1.38778e-17 -1 0
vn -7.77156e-18 -1 0
vn -1.04083e-17 -1 0
vn 1.81799e-17 -1 0
vn -1.51268e-17 -1 0
vn -1.85962e-17 -1 0
vn -2.2482e-17 -1 0
vn -1.81799e-17 -1 0
vn -1.04083e-17 -1 0
vn 1.85962e-17 -1 0
vn 8.32667e-19 -1 0
vn 6.10623e-18 -1 0
vn -2.94209e-17 -1 0
vn -7.77156e-18 -1 0
vn 0 -1 0
vn -2.77556e-17 -1 0
vn 0 -1 0
vn 0 -1 0
vn 0 -1 0
vn 0 -1 0
vn -2.77556e-17 -1 0
vn 0 -1 0
vn 0 -1 0
vn -2.77556e-17 -1 0
vn 0 -1 0
vn 0 -1 0
vn 0 -1 0
vn 2.77556e-17 -1 0
vn -2.77556e-17 -1 0
vn 0 -1 0
vn -3.46945e-18 1 6.93889e-18
vn 0 1 3.46945e-18
vn 0 1 3.46945e-18
vn 0 1 3.46945e-18
vn 0 1 3.46945e-18
vn 0 1 3.46945e-18
vn 0 1 3.46945e-18
vn 0 1 3.46945e-18
vn 0 1 5.20417e-18
vn 0 1 4.33681e-18
vn -1.15556e-33 1 5.20417e-18
vn 0 1 4.33681e-18
vn 0 1 4.33681e-18
vn 0 1 3.90313e-18
vn 1.249e-18 1 3.90313e-18
vn 1.249e-18 1 3.90313e-18
vn 0 1 3.90313e-18
vn -1.35308e-18 1 3.90313e-18
vn -1.97758e-18 1 4.33681e-18
vn -8.67362e-19 1 7.80626e-18
vn 2.84495e-18 1 4.33681e-18
vn 2.42861e-19 1 4.33681e-18
vn -8.67362e-19 1 4.33681e-18
vn -2.28983e-18 1 0
vn -2.37657e-18 1 3.46945e-18
vn -7.97973e-19 1 3.46945e-18
vn -4.33681e-19 1 3.46945e-18
vn -1.92593e-34 1 3.46945e-18
vn -1.11022e-18 1 3.46945e-18
vn 4.85723e-19 1 3.46945e-18
vn 3.08781e-18 1 3.46945e-18
vn 1.11022e-18 1 3.46945e-18
g HFL_chrome
usemtl chrome
f 1912//1912 1913//1913 1977//1977
f 1912//1912 1977//1977 1976//1976
f 1913//1913 1914//1914 1978//1978
f 1913//1913 1978//1978 1977//1977
f 1914//1914 1915//1915 1979//1979
f 1914//1914 1979//1979 1978//1978
f 1915//1915 1916//1916 1980//1980
f 1915//1915 1980//1980 1979//1979
f 1916//1916 1917//1917 1981//1981
f 1916//1916 1981//1981 1980//1980
f 1917//1917 1918//1918 1982//1982
f 1917//1917 1982//1982 1981//1981
f 1918//1918 1919//1919 1983//1983
f 1918//1918 1983//1983 1982//1982
f 1919//1919 1920//1920 1984//1984
f 1919//1919 1984//1984 1983//1983
f 1920//1920 1921//1921 1985//1985
f 1920//1920 1985//1985 1984//1984
f 1921//1921 1922//1922 1986//1986
f 1921//1921 1986//1986 1985//1985
f 1922//1922 1923//1923 1987//1987
f 1922//1922 1987//1987 1986//1986
f 1923//1923 1924//1924 1988//1988
f 1923//1923 1988//1988 1987//1987
f 1924//1924 1925//1925 1989//1989
f 1924//1924 1989//1989 1988//1988
f 1925//1925 1926//1926 1990//1990
f 1925//1925 1990//1990 1989//1989
f 1926//1926 1927//1927 1991//1991
f 1926//1926 1991//1991 1990//1990
f 1927//1927 1928//1928 1992//1992
f 1927//1927 1992//1992 1991//1991
f 1928//1928 1929//1929 1993//1993
f 1928//1928 1993//1993 1992//1992
f 1929//1929 1930//1930 1994//1994
f 1929//1929 1994//1994 1993//1993
f 1930//1930 1931//1931 1995//1995
f 1930//1930 1995//1995 1994//1994
f 1931//1931 1932//1932 1996//1996
f 1931//1931 1996//1996 1995//1995
f 1932//1932 1933//1933 1997//1997
f 1932//1932 1997//1997 1996//1996
f 1933//1933 1934//1934 1998//1998
f 1933//1933 1998//1998 1997//1997
f 1934//1934 1935//1935 1999//1999
f 1934//1934 1999//1999 1998//1998
f 1935//1935 1936//1936 2000//2000
f 1935//1935 2000//2000 1999//1999
f 1936//1936 1937//1937 2001//2001
f 1936//1936 2001//2001 2000//2000
f 1937//1937 1938//1938 2002//2002
f 1937//1937 2002//2002 2001//2001
f 1938//1938 1939//1939 2003//2003
f 1938//1938 2003//2003 2002//2002
f 1939//1939 1940//1940 2004//2004
f 1939//1939 2004//2004 2003//2003
f 1940//1940 1941//1941 2005//2005
f 1940//1940 2005//2005 2004//2004
f 1941//1941 1942//1942 2006//2006
f 1941//1941 2006//2006 2005//2005
f 1942//1942 1943//1943 2007//2007
f 1942//1942 2007//2007 2006//2006
f 1943//1943 1944//1944 2008//2008
f 1943//1943 2008//2008 2007//2007
f 1944//1944 1945//1945 2009//2009
f 1944//1944 2009//2009 2008//2008
f 1945//1945 1946//1946 2010//2010
f 1945//1945 2010//2010 2009//2009
f 1946//1946 1947//1947 2011//2011
f 1946//1946 2011//2011 2010//2010
f 1947//1947 1948//1948 2012//2012
f 1947//1947 2012//2012 2011//2011
f 1948//1948 1949//1949 2013//2013
f 1948//1948 2013//2013 2012//2012
f 1949//1949 1950//1950 2014//2014
f 1949//1949 2014//2014 2013//2013
f 1950//1950 1951//1951 2015//2015
f 1950//1950 2015//2015 2014//2014
f 1951//1951 1952//1952 2016//2016
f 1951//1951 2016//2016 2015//2015
f 1952//1952 1953//1953 2017//2017
f 1952//1952 2017//2017 2016//2016
f 1953//1953 1954//1954 2018//2018
f 1953//1953 2018//2018 2017//2017
f 1954//1954 1955//1955 2019//2019
f 1954//1954 2019//2019 2018//2018
f 1955//1955 1956//1956 2020//2020
f 1955//1955 2020//2020 2019//2019
f 1956//1956 1957//1957 2021//2021
f 1956//1956 2021//2021 2020//2020
f 1957//1957 1958//1958 2022//2022
f 1957//1957 2022//2022 2021//2021
f 1958//1958 1959//1959 2023//2023
f 1958//1958 2023//2023 2022//2022
f 1959//1959 1960//1960 2024//2024
f 1959//1959 2024//2024 2023//2023
f 1960//1960 1961//1961 2025//2025
f 1960//1960 2025//2025 2024//2024
f 1961//1961 1962//1962 2026//2026
f 1961//1961 2026//2026 2025//2025
f 1962//1962 1963//1963 2027//2027
f 1962//1962 2027//2027 2026//2026
f 1963//1963 1964//1964 2028//2028
f 1963//1963 2028//2028 2027//2027
f 1964//1964 1965//1965 2029//2029
f 1964//1964 2029//2029 2028//2028
f 1965//1965 1966//1966 2030//2030
f 1965//1965 2030//2030 2029//2029
f 1966//1966 1967//1967 2031//2031
f 1966//1966 2031//2031 2030//2030
f 1967//1967 1968//1968 2032//2032
f 1967//1967 2032//2032 2031//2031
f 1968//1968 1969//1969 2033//2033
f 1968//1968 2033//2033 2032//2032
f 1969//1969 1970//1970 2034//2034
f 1969//1969 2034//2034 2033//2033
f 1970//1970 1971//1971 2035//2035
f 1970//1970 2035//2035 2034//2034
f 1971//1971 1972//1972 2036//2036
f 1971//1971 2036//2036 2035//2035
f 1972//1972 1973//1973 2037//2037
f 1972//1972 2037//2037 2036//2036
f 1973//1973 1974//1974 2038//2038
f 1973//1973 2038//2038 2037//2037
f 1974//1974 1975//1975 2039//2039
f 1974//1974 2039//2039 2038//2038
f 1975//1975 1912//1912 1976//1976
f 1975//1975 1976//1976 2039//2039
f 1976//1976 1977//1977 2041//2041
f 1976//1976 2041//2041 2040//2040
f 1977//1977 1978//1978 2042//2042
f 1977//1977 2042//2042 2041//2041
f 1978//1978 1979//1979 2043//2043
f 1978//1978 2043//2043 2042//2042
f 1979//1979 1980//1980 2044//2044
f 1979//1979 2044//2044 2043//2043
f 1980//1980 1981//1981 2045//2045
f 1980//1980 2045//2045 2044//2044
f 1981//1981 1982//1982 2046//2046
f 1981//1981 2046//2046 2045//2045
f 1982//1982 1983//1983 2047//2047
f 1982//1982 2047//2047 2046//2046
f 1983//1983 1984//1984 2048//2048
f 1983//1983 2048//2048 2047//2047
f 1984//1984 1985//1985 2049//2049
f 1984//1984 2049//2049 2048//2048
f 1985//1985 1986//1986 2050//2050
f 1985//1985 2050//2050 2049//2049
f 1986//1986 1987//1987 2051//2051
f 1986//1986 2051//2051 2050//2050
f 1987//1987 1988//1988 2052//2052
f 1987//1987 2052//2052 2051//2051
f 1988//1988 1989//1989 2053//2053
f 1988//1988 2053//2053 2052//2052
f 1989//1989 1990//1990 2054//2054
f 1989//1989 2054//2054 2053//2053
f 1990//1990 1991//1991 2055//2055
f 1990//1990 2055//2055 2054//2054
f 1991//1991 1992//1992 2056//2056
f 1991//1991 2056//2056 2055//2055
f 1992//1992 1993//1993 2057//2057
f 1992//1992 2057//2057 2056//2056
f 1993//1993 1994//1994 2058//2058
f 1993//1993 2058//2058 2057//2057
f 1994//1994 1995//1995 2059//2059
f 1994//1994 2059//2059 2058//2058
f 1995//1995 1996//1996 2060//2060
f 1995//1995 2060//2060 2059//2059
f 1996//1996 1997//1997 2061//2061
f 1996//1996 2061//2061 2060//2060
f 1997//1997 1998//1998 2062//2062
f 1997//1997 2062//2062 2061//2061
f 1998//1998 1999//1999 2063//2063
f 1998//1998 2063//2063 2062//2062
f 1999//1999 2000//2000 2064//2064
f 1999//1999 2064//2064 2063//2063
f 2000//2000 2001//2001 2065//2065
f 2000//2000 2065//2065 2064//2064
f 2001//2001 2002//2002 2066//2066
f 2001//2001 2066//2066 2065//2065
f 2002//2002 2003//2003 2067//2067
f 2002//2002 2067//2067 2066//2066
f 2003//2003 2004//2004 2068//2068
f 2003//2003 2068//2068 2067//2067
f 2004//2004 2005//2005 2069//2069
f 2004//2004 2069//2069 2068//2068
f 2005//2005 2006//2006 2070//2070
f 2005//2005 2070//2070 2069//2069
f 2006//2006 2007//2007 2071//2071
f 2006//2006 2071//2071 2070//2070
f 2007//2007 2008//2008 2072//2072
f 2007//2007 2072//2072 2071//2071
f 2008//2008 2009//2009 2073//2073
f 2008//2008 2073//2073 2072//2072
f 2009//2009 2010//2010 2074//2074
f 2009//2009 2074//2074 2073//2073
f 2010//2010 2011//2011 2075//2075
f 2010//2010 2075//2075 2074//2074
f 2011//2011 2012//2012 2076//2076
f 2011//2011 2076//2076 2075//2075
f 2012//2012 2013//2013 2077//2077
f 2012//2012 2077//2077 2076//2076
f 2013//2013 2014//2014 2078//2078
f 2013//2013 2078//2078 2077//2077
f 2014//2014 2015//2015 2079//2079
f 2014//2014 2079//2079 2078//2078
f 2015//2015 2016//2016 2080//2080
f 2015//2015 2080//2080 2079//2079
f 2016//2016 2017//2017 2081//2081
f 2016//2016 2081//2081 2080//2080
f 2017//2017 2018//2018 2082//2082
f 2017//2017 2082//2082 2081//2081
f 2018//2018 2019//2019 2083//2083
f 2018//2018 2083//2083 2082//2082
f 2019//2019 2020//2020 2084//2084
f 2019//2019 2084//2084 2083//2083
f 2020//2020 2021//2021 2085//2085
f 2020//2020 2085//2085 2084//2084
f 2021//2021 2022//2022 2086//2086
f 2021//2021 2086//2086 2085//2085
f 2022//2022 2023//2023 2087//2087
f 2022//2022 2087//2087 2086//2086
f 2023//2023 2024//2024 2088//2088
f 2023//2023 2088//2088 2087//2087
f 2024//2024 2025//2025 2089//2089
f 2024//2024 2089//2089 2088//2088
f 2025//2025 2026//2026 2090//2090
f 2025//2025 2090//2090 2089//2089
f 2026//2026 2027//2027 2091//2091
f 2026//2026 2091//2091 2090//2090
f 2027//2027 2028//2028 2092//2092
f 2027//2027 2092//2092 2091//2091
f 2028//2028 2029//2029 2093//2093
f 2028//2028 2093//2093 2092//2092
f 2029//2029 2030//2030 2094//2094
f 2029//2029 2094//2094 2093//2093
f 2030//2030 2031//2031 2095//2095
f 2030//2030 2095//2095 2094//2094
f 2031//2031 2032//2032 2096//2096
f 2031//2031 2096//2096 2095//2095
f 2032//2032 2033//2033 2097//2097
f 2032//2032 2097//2097 2096//2096
f 2033//2033 2034//2034 2098//2098
f 2033//2033 2098//2098 2097//2097
f 2034//2034 2035//2035 2099//2099
f 2034//2034 2099//2099 2098//2098
f 2035//2035 2036//2036 2100//2100
f 2035//2035 2100//2100 2099//2099
f 2036//2036 2037//2037 2101//2101
f 2036//2036 2101//2101 2100//2100
f 2037//2037 2038//2038 2102//2102
f 2037//2037 2102//2102 2101//2101
f 2038//2038 2039//2039 2103//2103
f 2038//2038 2103//2103 2102//2102
f 2039//2039 1976//1976 2040//2040
f 2039//2039 2040//2040 2103//2103
f 1913//1913 1912//1912 1975//1975
f 1913//1913 1975//1975 1974//1974
f 1913//1913 1974//1974 1973//1973
f 1913//1913 1973//1973 1972//1972
f 1913//1913 1972//1972 2104//2104
f 1913//1913 2104//2104 1971//1971
f 1913//1913 1971//1971 2105//2105
f 1913//1913 2105//2105 1970//1970
f 1913//1913 1970//1970 2106//2106
f 1913//1913 2106//2106 1969//1969
f 1913//1913 1969//1969 2107//2107
f 1913//1913 2107//2107 1968//1968
f 1913//1913 1968//1968 2108//2108
f 1913//1913 2108//2108 1967//1967
f 1913//1913 1967//1967 2109//2109
f 1913//1913 2109//2109 1966//1966
f 1913//1913 1966//1966 2110//2110
f 1913//1913 2110//2110 1965//1965
f 1913//1913 1965//1965 2111//2111
f 1913//1913 2111//2111 1964//1964
f 1913//1913 1964//1964 1963//1963
f 1913//1913 1963//1963 1962//1962
f 1913//1913 1962//1962 1961//1961
f 1913//1913 1961//1961 1960//1960
f 1913//1913 1960//1960 1959//1959
f 1913//1913 1959//1959 1958//1958
f 1913//1913 1958//1958 1957//1957
f 1913//1913 1957//1957 1956//1956
f 1913//1913 1956//1956 2112//2112
f 1913//1913 2112//2112 1955//1955
f 1913//1913 1955//1955 2113//2113
f 1913//1913 2113//2113 1954//1954
f 1913//1913 1954//1954 2114//2114
f 1913//1913 2114//2114 1953//1953
f 1913//1913 1953//1953 2115//2115
f 1913//1913 2115//2115 1952//1952
f 1913//1913 1952//1952 2116//2116
f 1913//1913 2116//2116 1951//1951
f 1913//1913 1951//1951 2117//2117
f 1913//1913 2117//2117 1950//1950
f 1913//1913 1950//1950 2118//2118
f 1913//1913 2118//2118 1949//1949
f 1913//1913 1949//1949 2119//2119
f 1913//1913 2119//2119 1948//1948
f 1913//1913 1948//1948 1947//1947
f 1913//1913 1947//1947 1946//1946
f 1913//1913 1946//1946 1945//1945
f 1913//1913 1945//1945 1944//1944
f 1913//1913 1944//1944 1943//1943
f 1913//1913 1943//1943 1942//1942
f 1913//1913 1942//1942 1941//1941
f 1913//1913 1941//1941 1940//1940
f 1913//1913 1940//1940 2120//2120
f 1913//1913 2120//2120 1939//1939
f 1913//1913 1939//1939 2121//2121
f 1913//1913 2121//2121 1938//1938
f 1913//1913 1938//1938 2122//2122
f 1913//1913 2122//2122 1937//1937
f 1913//1913 1937//1937 2123//2123
f 1913//1913 2123//2123 1936//1936
f 1913//1913 1936//1936 2124//2124
f 1913//1913 2124//2124 1935//1935
f 1913//1913 1935//1935 2125//2125
f 1913//1913 2125//2125 1934//1934
f 1913//1913 1934//1934 2126//2126
f 1913//1913 2126//2126 1933//1933
f 1913//1913 1933//1933 2127//2127
f 1913//1913 2127//2127 1932//1932
f 1913//1913 1932//1932 1931//1931
f 1913//1913 1931//1931 1930//1930
f 1913//1913 1930//1930 1929//1929
f 1913//1913 1929//1929 1928//1928
f 1913//1913 1928//1928 1927//1927
f 1913//1913 1927//1927 1926//1926
f 1913//1913 1926//1926 1925//1925
f 1913//1913 1925//1925 1924//1924
f 1913//1913 1924//1924 2128//2128
f 1913//1913 2128//2128 1923//1923
f 1913//1913 1923//1923 2129//2129
f 1913//1913 2129//2129 1922//1922
f 1913//1913 1922//1922 2130//2130
f 1913//1913 2130//2130 1921//1921
f 1913//1913 1921//1921 2131//2131
f 1913//1913 2131//2131 1920//1920
f 1913//1913 1920//1920 2132//2132
f 1913//1913 2132//2132 1919//1919
f 1913//1913 1919//1919 2133//2133
f 1913//1913 2133//2133 1918//1918
f 1913//1913 1918//1918 2134//2134
f 1913//1913 2134//2134 1917//1917
f 1913//1913 1917//1917 2135//2135
f 1913//1913 2135//2135 1916//1916
f 1913//1913 1916//1916 1915//1915
f 1915//1915 1914//1914 1913//1913
f 2103//2103 2040//2040 2041//2041
f 2103//2103 2041//2041 2042//2042
f 2103//2103 2042//2042 2043//2043
f 2103//2103 2043//2043 2044//2044
f 2103//2103 2044//2044 2136//2136
f 2103//2103 2136//2136 2045//2045
f 2103//2103 2045//2045 2137//2137
f 2103//2103 2137//2137 2046//2046
f 2103//2103 2046//2046 2138//2138
f 2103//2103 2138//2138 2047//2047
f 2103//2103 2047//2047 2139//2139
f 2103//2103 2139//2139 2048//2048
f 2103//2103 2048//2048 2140//2140
f 2103//2103 2140//2140 2049//2049
f 2103//2103 2049//2049 2141//2141
f 2103//2103 2141//2141 2050//2050
f 2103//2103 2050//2050 2142//2142
f 2103//2103 2142//2142 2051//2051
f 2103//2103 2051//2051 2143//2143
f 2103//2103 2143//2143 2052//2052
f 2103//2103 2052//2052 2053//2053
f 2103//2103 2053//2053 2054//2054
f 2103//2103 2054//2054 2055//2055
f 2103//2103 2055//2055 2056//2056
f 2103//2103 2056//2056 2057//2057
f 2103//2103 2057//2057 2058//2058
f 2103//2103 2058//2058 2059//2059
f 2103//2103 2059//2059 2060//2060
f 2103//2103 2060//2060 2144//2144
f 2103//2103 2144//2144 2061//2061
f 2103//2103 2061//2061 2145//2145
f 2103//2103 2145//2145 2062//2062
f 2103//2103 2062//2062 2146//2146
f 2103//2103 2146//2146 2063//2063
f 2103//2103 2063//2063 2147//2147
f 2103//2103 2147//2147 2064//2064
f 2103//2103 2064//2064 2148//2148
f 2103//2103 2148//2148 2065//2065
f 2103//2103 2065//2065 2149//2149
f 2103//2103 2149//2149 2066//2066
f 2103//2103 2066//2066 2150//2150
f 2103//2103 2150//2150 2067//2067
f 2103//2103 2067//2067 2151//2151
f 2103//2103 2151//2151 2068//2068
f 2103//2103 2068//2068 2069//2069
f 2103//2103 2069//2069 2070//2070
f 2103//2103 2070//2070 2071//2071
f 2103//2103 2071//2071 2072//2072
f 2103//2103 2072//2072 2073//2073
f 2103//2103 2073//2073 2074//2074
f 2103//2103 2074//2074 2075//2075
f 2103//2103 2075//2075 2076//2076
f 2103//2103 2076//2076 2152//2152
f 2103//2103 2152//2152 2077//2077
f 2103//2103 2077//2077 2153//2153
f 2103//2103 2153//2153 2078//2078
f 2103//2103 2078//2078 2154//2154
f 2103//2103 2154//2154 2079//2079
f 2103//2103 2079//2079 2155//2155
f 2103//2103 2155//2155 2080//2080
f 2103//2103 2080//2080 2156//2156
f 2103//2103 2156//2156 2081//2081
f 2103//2103 2081//2081 2157//2157
f 2103//2103 2157//2157 2082//2082
f 2103//2103 2082//2082 2158//2158
f 2103//2103 2158//2158 2083//2083
f 2103//2103 2083//2083 2159//2159
f 2103//2103 2159//2159 2084//2084
f 2103//2103 2084//2084 2085//2085
f 2103//2103 2085//2085 2086//2086
f 2103//2103 2086//2086 2087//2087
f 2103//2103 2087//2087 2088//2088
f 2103//2103 2088//2088 2089//2089
f 2103//2103 2089//2089 2090//2090
f 2103//2103 2090//2090 2091//2091
f 2103//2103 2091//2091 2092//2092
f 2103//2103 2092//2092 2160//2160
f 2103//2103 2160//2160 2093//2093
f 2103//2103 2093//2093 2161//2161
f 2103//2103 2161//2161 2094//2094
f 2103//2103 2094//2094 2162//2162
f 2103//2103 2162//2162 2095//2095
f 2103//2103 2095//2095 2163//2163
f 2103//2103 2163//2163 2096//2096
f 2103//2103 2096//2096 2164//2164
f 2103//2103 2164//2164 2097//2097
f 2103//2103 2097//2097 2165//2165
f 2103//2103 2165//2165 2098//2098
f 2103//2103 2098//2098 2166//2166
f 2103//2103 2166//2166 2099//2099
f 2103//2103 2099//2099 2167//2167
f 2103//2103 2167//2167 2100//2100
f 2103//2103 2100//2100 2101//2101
f 2101//2101 2102//2102 2103//2103
o HFR
v 0.81 1.9 0.36
v 0.810688 1.9 0.375275
v 0.812838 1.9 0.390934
v 0.816562 1.9 0.406777
v 0.821936 1.9 0.422576
v 0.828992 1.9 0.43808
v 0.837711 1.9 0.453026
v 0.84802 1.9 0.467151
v 0.859792 1.9 0.480208
v 0.872849 1.9 0.49198
v 0.886974 1.9 0.502289
v 0.90192 1.9 0.511008
v 0.917424 1.9 0.518064
v 0.933223 1.9 0.523438
v 0.949066 1.9 0.527162
v 0.964725 1.9 0.529312
v 0.98 1.9 0.53
v 0.995275 1.9 0.529312
v 1.01093 1.9 0.527162
v 1.02678 1.9 0.523438
v 1.04258 1.9 0.518064
v 1.05808 1.9 0.511008
v 1.07303 1.9 0.502289
v 1.08715 1.9 0.49198
v 1.10021 1.9 0.480208
v 1.11198 1.9 0.467151
v 1.12229 1.9 0.453026
v 1.13101 1.9 0.43808
v 1.13806 1.9 0.422576
v 1.14344 1.9 0.406777
v 1.14716 1.9 0.390934
v 1.14931 1.9 0.375275
v 1.15 1.9 0.36
v 1.14931 1.9 0.344725
v 1.14716 1.9 0.329066
v 1.14344 1.9 0.313223
v 1.13806 1.9 0.297424
v 1.13101 1.9 0.28192
v 1.12229 1.9 0.266974
v 1.11198 1.9 0.252849
v 1.10021 1.9 0.239792
v 1.08715 1.9 0.22802
v 1.07303 1.9 0.217711
v 1.05808 1.9 0.208992
v 1.04258 1.9 0.201936
v 1.02678 1.9 0.196562
v 1.01093 1.9 0.192838
v 0.995275 1.9 0.190688
v 0.98 1.9 0.19
v 0.964725 1.9 0.190688
v 0.949066 1.9 0.192838
v 0.933223 1.9 0.196562
v 0.917424 1.9 0.201936
v 0.90192 1.9 0.208992
v 0.886974 1.9 0.217711
v 0.872849 1.9 0.22802
v 0.859792 1.9 0.239792
v 0.84802 1.9 0.252849
v 0.837711 1.9 0.266974
v 0.828992 1.9 0.28192
v 0.821936 1.9 0.297424
v 0.816562 1.9 0.313223
v 0.812838 1.9 0.329066
v 0.810688 1.9 0.344725
v 0.81 1.93 0.36
v 0.810688 1.93 0.375275
v 0.812838 1.93 0.390934
v 0.816562 1.93 0.406777
v 0.821936 1.93 0.422576
v 0.828992 1.93 0.43808
v 0.837711 1.93 0.453026
v 0.84802 1.93 0.467151
v 0.859792 1.93 0.480208
v 0.872849 1.93 0.49198
v 0.886974 1.93 0.502289
v 0.90192 1.93 0.511008
v 0.917424 1.93 0.518064
v 0.933223 1.93 0.523438
v 0.949066 1.93 0.527162
v 0.964725 1.93 0.529312
v 0.98 1.93 0.53
v 0.995275 1.93 0.529312
v 1.01093 1.93 0.527162
v 1.02678 1.93 0.523438
v 1.04258 1.93 0.518064
v 1.05808 1.93 0.511008
v 1.07303 1.93 0.502289
v 1.08715 1.93 0.49198
v 1.10021 1.93 0.480208
v 1.11198 1.93 0.467151
v 1.12229 1.93 0.453026
v 1.13101 1.93 0.43808
v 1.13806 1.93 0.422576
v 1.14344 1.93 0.406777
v 1.14716 1.93 0.390934
v 1.14931 1.93 0.375275
v 1.15 1.93 0.36
v 1.14931 1.93 0.344725
v 1.14716 1.93 0.329066
v 1.14344 1.93 0.313223
v 1.13806 1.93 0.297424
v 1.13101 1.93 0.28192
v 1.12229 1.93 0.266974
v 1.11198 1.93 0.252849
v 1.10021 1.93 0.239792
v 1.08715 1.93 0.22802
v 1.07303 1.93 0.217711
v 1.05808 1.93 0.208992
v 1.04258 1.93 0.201936
v 1.02678 1.93 0.196562
v 1.01093 1.93 0.192838
v 0.995275 1.93 0.190688
v 0.98 1.93 0.19
v 0.964725 1.93 0.190688
v 0.949066 1.93 0.192838
v 0.933223 1.93 0.196562
v 0.917424 1.93 0.201936
v 0.90192 1.93 0.208992
v 0.886974 1.93 0.217711
v 0.872849 1.93 0.22802
v 0.859792 1.93 0.239792
v 0.84802 1.93 0.252849
v 0.837711 1.93 0.266974
v 0.828992 1.93 0.28192
v 0.821936 1.93 0.297424
v 0.816562 1.93 0.313223
v 0.812838 1.93 0.329066
v 0.810688 1.93 0.344725
v 0.81 1.96 0.36
v 0.810688 1.96 0.375275
v 0.812838 1.96 0.390934
v 0.816562 1.96 0.406777
v 0.821936 1.96 0.422576
v 0.828992 1.96 0.43808
v 0.837711 1.96 0.453026
v 0.84802 1.96 0.467151
v 0.859792 1.96 0.480208
v 0.872849 1.96 0.49198
v 0.886974 1.96 0.502289
v 0.90192 1.96 0.511008
v 0.917424 1.96 0.518064
v 0.933223 1.96 0.523438
v 0.949066 1.96 0.527162
v 0.964725 1.96 0.529312
v 0.98 1.96 0.53
v 0.995275 1.96 0.529312
v 1.01093 1.96 0.527162
v 1.02678 1.96 0.523438
v 1.04258 1.96 0.518064
v 1.05808 1.96 0.511008
v 1.07303 1.96 0.502289
v 1.08715 1.96 0.49198
v 1.10021 1.96 0.480208
v 1.11198 1.96 0.467151
v 1.12229 1.96 0.453026
v 1.13101 1.96 0.43808
v 1.13806 1.96 0.422576
v 1.14344 1.96 0.406777
v 1.14716 1.96 0.390934
v 1.14931 1.96 0.375275
v 1.15 1.96 0.36
v 1.14931 1.96 0.344725
v 1.14716 1.96 0.329066
v 1.14344 1.96 0.313223
v 1.13806 1.96 0.297424
v 1.13101 1.96 0.28192
v 1.12229 1.96 0.266974
v 1.11198 1.96 0.252849
v 1.10021 1.96 0.239792
v 1.08715 1.96 0.22802
v 1.07303 1.96 0.217711
v 1.05808 1.96 0.208992
v 1.04258 1.96 0.201936
v 1.02678 1.96 0.196562
v 1.01093 1.96 0.192838
v 0.995275 1.96 0.190688
v 0.98 1.96 0.19
v 0.964725 1.96 0.190688
v 0.949066 1.96 0.192838
v 0.933223 1.96 0.196562
v 0.917424 1.96 0.201936
v 0.90192 1.96 0.208992
v 0.886974 1.96 0.217711
v 0.872849 1.96 0.22802
v 0.859792 1.96 0.239792
v 0.84802 1.96 0.252849
v 0.837711 1.96 0.266974
v 0.828992 1.96 0.28192
v 0.821936 1.96 0.297424
v 0.816562 1.96 0.313223
v 0.812838 1.96 0.329066
v 0.810688 1.96 0.344725
v 0.825254 1.9 0.289619
v 0.833147 1.9 0.274361
v 0.842673 1.9 0.259793
v 0.853733 1.9 0.246173
v 0.866173 1.9 0.233733
v 0.879793 1.9 0.222673
v 0.894361 1.9 0.213147
v 0.909619 1.9 0.205254
v 1.05038 1.9 0.205254
v 1.06564 1.9 0.213147
v 1.08021 1.9 0.222673
v 1.09383 1.9 0.233733
v 1.10627 1.9 0.246173
v 1.11733 1.9 0.259793
v 1.12685 1.9 0.274361
v 1.13475 1.9 0.289619
v 1.13475 1.9 0.430381
v 1.12685 1.9 0.445639
v 1.11733 1.9 0.460207
v 1.10627 1.9 0.473827
v 1.09383 1.9 0.486267
v 1.08021 1.9 0.497327
v 1.06564 1.9 0.506853
v 1.05038 1.9 0.514746
v 0.909619 1.9 0.514746
v 0.894361 1.9 0.506853
v 0.879793 1.9 0.497327
v 0.866173 1.9 0.486267
v 0.853733 1.9 0.473827
v 0.842673 1.9 0.460207
v 0.833147 1.9 0.445639
v 0.825254 1.9 0.430381
v 0.825254 1.96 0.430381
v 0.833147 1.96 0.445639
v 0.842673 1.96 0.460207
v 0.853733 1.96 0.473827
v 0.866173 1.96 0.486267
v 0.879793 1.96 0.497327
v 0.894361 1.96 0.506853
v 0.909619 1.96 0.514746
v 1.05038 1.96 0.514746
v 1.06564 1.96 0.506853
v 1.08021 1.96 0.497327
v 1.09383 1.96 0.486267
v 1.10627 1.96 0.473827
v 1.11733 1.96 0.460207
v 1.12685 1.96 0.445639
v 1.13475 1.96 0.430381
v 1.13475 1.96 0.289619
v 1.12685 1.96 0.274361
v 1.11733 1.96 0.259793
v 1.10627 1.96 0.246173
v 1.09383 1.96 0.233733
v 1.08021 1.96 0.222673
v 1.06564 1.96 0.213147
v 1.05038 1.96 0.205254
v 0.909619 1.96 0.205254
v 0.894361 1.96 0.213147
v 0.879793 1.96 0.222673
v 0.866173 1.96 0.233733
v 0.853733 1.96 0.246173
v 0.842673 1.96 0.259793
v 0.833147 1.96 0.274361
v 0.825254 1.96 0.289619
vn -0.894427 -0.447214 -8.31649e-16
vn -0.704246 -0.707107 0.0635367
vn -0.695302 -0.707107 0.128667
vn -0.679812 -0.707107 0.194566
vn -0.65746 -0.707107 0.260282
vn -0.628112 -0.707107 0.32477
vn -0.591845 -0.707107 0.386936
vn -0.548965 -0.707107 0.445688
vn -0.5 -0.707107 0.5
vn -0.445688 -0.707107 0.548965
vn -0.386936 -0.707107 0.591845
vn -0.32477 -0.707107 0.628112
vn -0.260282 -0.707107 0.65746
vn -0.194566 -0.707107 0.679812
vn -0.128667 -0.707107 0.695302
vn -0.0635367 -0.707107 0.704246
vn -1.63268e-16 -0.707107 0.707107
vn 0.0635367 -0.707107 0.704246
vn 0.128667 -0.707107 0.695302
vn 0.194566 -0.707107 0.679812
vn 0.260282 -0.707107 0.65746
vn 0.32477 -0.707107 0.628112
vn 0.386936 -0.707107 0.591845
vn 0.445688 -0.707107 0.548965
vn 0.5 -0.707107 0.5
vn 0.548965 -0.707107 0.445688
vn 0.591845 -0.707107 0.386936
vn 0.628112 -0.707107 0.32477
vn 0.65746 -0.707107 0.260282
vn 0.679812 -0.707107 0.194566
vn 0.695302 -0.707107 0.128667
vn 0.704246 -0.707107 0.0635367
vn 0.707107 -0.707107 -2.76465e-16
vn 0.704246 -0.707107 -0.0635367
vn 0.695302 -0.707107 -0.128667
vn 0.679812 -0.707107 -0.194566
vn 0.65746 -0.707107 -0.260282
vn 0.628112 -0.707107 -0.32477
vn 0.591845 -0.707107 -0.386936
vn 0.548965 -0.707107 -0.445688
vn 0.5 -0.707107 -0.5
vn 0.445688 -0.707107 -0.548965
vn 0.386936 -0.707107 -0.591845
vn 0.32477 -0.707107 -0.628112
vn 0.260282 -0.707107 -0.65746
vn 0.194566 -0.707107 -0.679812
vn 0.128667 -0.707107 -0.695302
vn 0.0635367 -0.707107 -0.704246
vn -1.06592e-16 -0.707107 -0.707107
vn -0.0635367 -0.707107 -0.704246
vn -0.128667 -0.707107 -0.695302
vn -0.194566 -0.707107 -0.679812
vn -0.260282 -0.707107 -0.65746
vn -0.32477 -0.707107 -0.628112
vn -0.386936 -0.707107 -0.591845
vn -0.445688 -0.707107 -0.548965
vn -0.5 -0.707107 -0.5
vn -0.548965 -0.707107 -0.445688
vn -0.591845 -0.707107 -0.386936
vn -0.628112 -0.707107 -0.32477
vn -0.65746 -0.707107 -0.260282
vn -0.679812 -0.707107 -0.194566
vn -0.695302 -0.707107 -0.128667
vn -0.704246 -0.707107 -0.0635367
vn -1 0 2.30896e-16
vn -0.995955 0 0.0898544
vn -0.983305 0 0.181963
vn -0.961399 0 0.275158
vn -0.929788 0 0.368095
vn -0.888284 0 0.459295
vn -0.836996 0 0.54721
vn -0.776353 0 0.630298
vn -0.707107 0 0.707107
vn -0.630298 0 0.776353
vn -0.54721 0 0.836996
vn -0.459295 0 0.888284
vn -0.368095 0 0.929788
vn -0.275158 0 0.961399
vn -0.181963 0 0.983305
vn -0.0898544 0 0.995955
vn -4.61792e-16 0 1
vn 0.0898544 -0 0.995955
vn 0.181963 -0 0.983305
vn 0.275158 -0 0.961399
vn 0.368095 -0 0.929788
vn 0.459295 -0 0.888284
vn 0.54721 -0 0.836996
vn 0.630298 -0 0.776353
vn 0.707107 -0 0.707107
vn 0.776353 -0 0.630298
vn 0.836996 -0 0.54721
vn 0.888284 -0 0.459295
vn 0.929788 -0 0.368095
vn 0.961399 -0 0.275158
vn 0.983305 -0 0.181963
vn 0.995955 -0 0.0898544
vn 1 -0 1.84717e-15
vn 0.995955 0 -0.0898544
vn 0.983305 0 -0.181963
vn 0.961399 0 -0.275158
vn 0.929788 0 -0.368095
vn 0.888284 0 -0.459295
vn 0.836996 0 -0.54721
vn 0.776353 0 -0.630298
vn 0.707107 0 -0.707107
vn 0.630298 0 -0.776353
vn 0.54721 0 -0.836996
vn 0.459295 0 -0.888284
vn 0.368095 0 -0.929788
vn 0.275158 0 -0.961399
vn 0.181963 0 -0.983305
vn 0.0898544 0 -0.995955
vn 1.73172e-16 0 -1
vn -0.0898544 0 -0.995955
vn -0.181963 0 -0.983305
vn -0.275158 0 -0.961399
vn -0.368095 0 -0.929788
vn -0.459295 0 -0.888284
vn -0.54721 0 -0.836996
vn -0.630298 0 -0.776353
vn -0.707107 0 -0.707107
vn -0.776353 0 -0.630298
vn -0.836996 0 -0.54721
vn -0.888284 0 -0.459295
vn -0.929788 0 -0.368095
vn -0.961399 0 -0.275158
vn -0.983305 0 -0.181963
vn -0.995955 0 -0.0898544
vn -0.894427 0.447214 -3.97205e-16
vn -0.704246 0.707107 0.0635367
vn -0.695302 0.707107 0.128667
vn -0.679812 0.707107 0.194566
vn -0.65746 0.707107 0.260282
vn -0.628112 0.707107 0.32477
vn -0.591845 0.707107 0.386936
vn -0.548965 0.707107 0.445688
vn -0.5 0.707107 0.5
vn -0.445688 0.707107 0.548965
vn -0.386936 0.707107 0.591845
vn -0.32477 0.707107 0.628112
vn -0.260282 0.707107 0.65746
vn -0.194566 0.707107 0.679812
vn -0.128667 0.707107 0.695302
vn -0.0635367 0.707107 0.704246
vn -1.63268e-16 0.707107 0.707107
vn 0.0635367 0.707107 0.704246
vn 0.128667 0.707107 0.695302
vn 0.194566 0.707107 0.679812
vn 0.260282 0.707107 0.65746
vn 0.32477 0.707107 0.628112
vn 0.386936 0.707107 0.591845
vn 0.445688 0.707107 0.548965
vn 0.5 0.707107 0.5
vn 0.548965 0.707107 0.445688
vn 0.591845 0.707107 0.386936
vn 0.628112 0.707107 0.32477
vn 0.65746 0.707107 0.260282
vn 0.679812 0.707107 0.194566
vn 0.695302 0.707107 0.128667
vn 0.704246 0.707107 0.0635367
vn 0.707107 0.707107 3.31945e-16
vn 0.704246 0.707107 -0.0635367
vn 0.695302 0.707107 -0.128667
vn 0.679812 0.707107 -0.194566
vn 0.65746 0.707107 -0.260282
vn 0.628112 0.707107 -0.32477
vn 0.591845 0.707107 -0.386936
vn 0.548965 0.707107 -0.445688
vn 0.5 0.707107 -0.5
vn 0.445688 0.707107 -0.548965
vn 0.386936 0.707107 -0.591845
vn 0.32477 0.707107 -0.628112
vn 0.260282 0.707107 -0.65746
vn 0.194566 0.707107 -0.679812
vn 0.128667 0.707107 -0.695302
vn 0.0635367 0.707107 -0.704246
vn -1.29162e-16 0.707107 -0.707107
vn -0.0635367 0.707107 -0.704246
vn -0.128667 0.707107 -0.695302
vn -0.194566 0.707107 -0.679812
vn -0.260282 0.707107 -0.65746
vn -0.32477 0.707107 -0.628112
vn -0.386936 0.707107 -0.591845
vn -0.445688 0.707107 -0.548965
vn -0.5 0.707107 -0.5
vn -0.548965 0.707107 -0.445688
vn -0.591845 0.707107 -0.386936
vn -0.628112 0.707107 -0.32477
vn -0.65746 0.707107 -0.260282
vn -0.679812 0.707107 -0.194566
vn -0.695302 0.707107 -0.128667
vn -0.704246 0.707107 -0.0635367
vn 1.11022e-17 -1 -1.88738e-15
vn 1.9984e-16 -1 -1.9984e-15
vn 2.22045e-16 -1 -1.11022e-15
vn 2.10942e-16 -1 -1.22125e-15
vn 2.22045e-16 -1 -1.22125e-15
vn 1.22125e-16 -1 -1.9984e-15
vn 7.60503e-16 -1 -1.77636e-15
vn 3.88578e-17 -1 -1.9984e-15
vn 8.10463e-16 -1 -1.77636e-15
vn -2.33147e-16 -1 -1.77636e-15
vn 1.11022e-16 -1 -1.77636e-15
vn -6.4948e-16 -1 -8.88178e-16
vn -6.55032e-16 -1 -1.77636e-15
vn 2.10942e-16 -1 -8.88178e-16
vn 1.9984e-16 -1 -1.77636e-15
vn -1.11022e-17 -1 -1.77636e-15
vn 4.44089e-16 -1 -1.77636e-15
vn 4.44089e-16 -1 -1.77636e-15
vn -4.44089e-16 -1 -1.77636e-15
vn 0 -1 -8.88178e-16
vn 0 -1 -8.88178e-16
vn 0 -1 -1.77636e-15
vn 0 -1 -1.77636e-15
vn 0 -1 -1.77636e-15
vn 0 -1 -1.77636e-15
vn 0 -1 -1.55431e-15
vn 0 -1 -1.77636e-15
vn 0 -1 -1.22125e-15
vn 8.88178e-16 -1 -1.22125e-15
vn 4.44089e-16 -1 -1.11022e-15
vn 4.44089e-16 -1 -1.9984e-15
vn 4.44089e-16 -1 -1.88738e-15
vn 4.44089e-16 1 -0
vn 0 1 -8.88178e-16
vn 0 1 -8.88178e-16
vn 0 1 -0
vn 0 1 -0
vn 8.88178e-16 1 -0
vn 0 1 -8.88178e-16
vn 0 1 -4.44089e-16
vn 0 1 -6.66134e-16
vn 0 1 -6.66134e-16
vn 1.97215e-31 1 -8.88178e-16
vn 8.88178e-16 1 -0
vn 8.88178e-16 1 -1.11022e-16
vn 0 1 -8.88178e-16
vn -8.88178e-18 1 -9.99201e-16
vn 4.35207e-16 1 -5.55112e-17
vn 2.22045e-16 1 -5.55112e-17
vn -8.88178e-18 1 -9.99201e-16
vn 2.17604e-16 1 -1.11022e-16
vn 4.44089e-16 1 -1.11022e-16
vn 2.26485e-16 1 -0
vn -4.39648e-16 1 -2.22045e-16
vn -1.84889e-32 1 -6.66134e-16
vn 3.30846e-16 1 -6.66134e-16
vn 3.25295e-16 1 -4.44089e-16
vn -6.66134e-18 1 -4.44089e-16
vn -4.44089e-16 1 0
vn 2.22045e-16 1 -0
vn 4.39648e-16 1 -0
vn -6.57252e-16 1 -8.88178e-16
vn 8.88178e-18 1 -8.88178e-16
vn -6.61693e-16 1 0
g HFR_chrome
usemtl chrome
f 2168//2168 2169//2169 2233//2233
f 2168//2168 2233//2233 2232//2232
f 2169//2169 2170//2170 2234//2234
f 2169//2169 2234//2234 2233//2233
f 2170//2170 2171//2171 2235//2235
f 2170//2170 2235//2235 2234//2234
f 2171//2171 2172//2172 2236//2236
f 2171//2171 2236//2236 2235//2235
f 2172//2172 2173//2173 2237//2237
f 2172//2172 2237//2237 2236//2236
f 2173//2173 2174//2174 2238//2238
f 2173//2173 2238//2238 2237//2237
f 2174//2174 2175//2175 2239//2239
f 2174//2174 2239//2239 2238//2238
f 2175//2175 2176//2176 2240//2240
f 2175//2175 2240//2240 2239//2239
f 2176//2176 2177//2177 2241//2241
f 2176//2176 2241//2241 2240//2240
f 2177//2177 2178//2178 2242//2242
f 2177//2177 2242//2242 2241//2241
f 2178//2178 2179//2179 2243//2243
f 2178//2178 2243//2243 2242//2242
f 2179//2179 2180//2180 2244//2244
f 2179//2179 2244//2244 2243//2243
f 2180//2180 2181//2181 2245//2245
f 2180//2180 2245//2245 2244//2244
f 2181//2181 2182//2182 2246//2246
f 2181//2181 2246//2246 2245//2245
f 2182//2182 2183//2183 2247//2247
f 2182//2182 2247//2247 2246//2246
f 2183//2183 2184//2184 2248//2248
f 2183//2183 2248//2248 2247//2247
f 2184//2184 2185//2185 2249//2249
f 2184//2184 2249//2249 2248//2248
f 2185//2185 2186//2186 2250//2250
f 2185//2185 2250//2250 2249//2249
f 2186//2186 2187//2187 2251//2251
f 2186//2186 2251//2251 2250//2250
f 2187//2187 2188//2188 2252//2252
f 2187//2187 2252//2252 2251//2251
f 2188//2188 2189//2189 2253//2253
f 2188//2188 2253//2253 2252//2252
f 2189//2189 2190//2190 2254//2254
f 2189//2189 2254//2254 2253//2253
f 2190//2190 2191//2191 2255//2255
f 2190//2190 2255//2255 2254//2254
f 2191//2191 2192//2192 2256//2256
f 2191//2191 2256//2256 2255//2255
f 2192//2192 2193//2193 2257//2257
f 2192//2192 2257//2257 2256//2256
f 2193//2193 2194//2194 2258//2258
f 2193//2193 2258//2258 2257//2257
f 2194//2194 2195//2195 2259//2259
f 2194//2194 2259//2259 2258//2258
f 2195//2195 2196//2196 2260//2260
f 2195//2195 2260//2260 2259//2259
f 2196//2196 2197//2197 2261//2261
f 2196//2196 2261//2261 2260//2260
f 2197//2197 2198//2198 2262//2262
f 2197//2197 2262//2262 2261//2261
f 2198//2198 2199//2199 2263//2263
f 2198//2198 2263//2263 2262//2262
f 2199//2199 2200//2200 2264//2264
f 2199//2199 2264//2264 2263//2263
f 2200//2200 2201//2201 2265//2265
f 2200//2200 2265//2265 2264//2264
f 2201//2201 2202//2202 2266//2266
f 2201//2201 2266//2266 2265//2265
f 2202//2202 2203//2203 2267//2267
f 2202//2202 2267//2267 2266//2266
f 2203//2203 2204//2204 2268//2268
f 2203//2203 2268//2268 2267//2267
f 2204//2204 2205//2205 2269//2269
f 2204//2204 2269//2269 2268//2268
f 2205//2205 2206//2206 2270//2270
f 2205//2205 2270//2270 2269//2269
f 2206//2206 2207//2207 2271//2271
f 2206//2206 2271//2271 2270//2270
f 2207//2207 2208//2208 2272//2272
f 2207//2207 2272//2272 2271//2271
f 2208//2208 2209//2209 2273//2273
f 2208//2208 2273//2273 2272//2272
f 2209//2209 2210//2210 2274//2274
f 2209//2209 2274//2274 2273//2273
f 2210//2210 2211//2211 2275//2275
f 2210//2210 2275//2275 2274//2274
f 2211//2211 2212//2212 2276//2276
f 2211//2211 2276//2276 2275//2275
f 2212//2212 2213//2213 2277//2277
f 2212//2212 2277//2277 2276//2276
f 2213//2213 2214//2214 2278//2278
f 2213//2213 2278//2278 2277//2277
f 2214//2214 2215//2215 2279//2279
f 2214//2214 2279//2279 2278//2278
f 2215//2215 2216//2216 2280//2280
f 2215//2215 2280//2280 2279//2279
f 2216//2216 2217//2217 2281//2281
f 2216//2216 2281//2281 2280//2280
f 2217//2217 2218//2218 2282//2282
f 2217//2217 2282//2282 2281//2281
f 2218//2218 2219//2219 2283//2283
f 2218//2218 2283//2283 2282//2282
f 2219//2219 2220//2220 2284//2284
f 2219//2219 2284//2284 2283//2283
f 2220//2220 2221//2221 2285//2285
f 2220//2220 2285//2285 2284//2284
f 2221//2221 2222//2222 2286//2286
f 2221//2221 2286//2286 2285//2285
f 2222//2222 2223//2223 2287//2287
f 2222//2222 2287//2287 2286//2286
f 2223//2223 2224//2224 2288//2288
f 2223//2223 2288//2288 2287//2287
f 2224//2224 2225//2225 2289//2289
f 2224//2224 2289//2289 2288//2288
f 2225//2225 2226//2226 2290//2290
f 2225//2225 2290//2290 2289//2289
f 2226//2226 2227//2227 2291//2291
f 2226//2226 2291//2291 2290//2290
f 2227//2227 2228//2228 2292//2292
f 2227//2227 2292//2292 2291//2291
f 2228//2228 2229//2229 2293//2293
f 2228//2228 2293//2293 2292//2292
f 2229//2229 2230//2230 2294//2294
f 2229//2229 2294//2294 2293//2293
f 2230//2230 2231//2231 2295//2295
f 2230//2230 2295//2295 2294//2294
f 2231//2231 2168//2168 2232//2232
f 2231//2231 2232//2232 2295//2295
f 2232//2232 2233//2233 2297//2297
f 2232//2232 2297//2297 2296//2296
f 2233//2233 2234//2234 2298//2298
f 2233//2233 2298//2298 2297//2297
f 2234//2234 2235//2235 2299//2299
f 2234//2234 2299//2299 2298//2298
f 2235//2235 2236//2236 2300//2300
f 2235//2235 2300//2300 2299//2299
f 2236//2236 2237//2237 2301//2301
f 2236//2236 2301//2301 2300//2300
f 2237//2237 2238//2238 2302//2302
f 2237//2237 2302//2302 2301//2301
f 2238//2238 2239//2239 2303//2303
f 2238//2238 2303//2303 2302//2302
f 2239//2239 2240//2240 2304//2304
f 2239//2239 2304//2304 2303//2303
f 2240//2240 2241//2241 2305//2305
f 2240//2240 2305//2305 2304//2304
f 2241//2241 2242//2242 2306//2306
f 2241//2241 2306//2306 2305//2305
f 2242//2242 2243//2243 2307//2307
f 2242//2242 2307//2307 2306//2306
f 2243//2243 2244//2244 2308//2308
f 2243//2243 2308//2308 2307//2307
f 2244//2244 2245//2245 2309//2309
f 2244//2244 2309//2309 2308//2308
f 2245//2245 2246//2246 2310//2310
f 2245//2245 2310//2310 2309//2309
f 2246//2246 2247//2247 2311//2311
f 2246//2246 2311//2311 2310//2310
f 2247//2247 2248//2248 2312//2312
f 2247//2247 2312//2312 2311//2311
f 2248//2248 2249//2249 2313//2313
f 2248//2248 2313//2313 2312//2312
f 2249//2249 2250//2250 2314//2314
f 2249//2249 2314//2314 2313//2313
f 2250//2250 2251//2251 2315//2315
f 2250//2250 2315//2315 2314//2314
f 2251//2251 2252//2252 2316//2316
f 2251//2251 2316//2316 2315//2315
f 2252//2252 2253//2253 2317//2317
f 2252//2252 2317//2317 2316//2316
f 2253//2253 2254//2254 2318//2318
f 2253//2253 2318//2318 2317//2317
f 2254//2254 2255//2255 2319//2319
f 2254//2254 2319//2319 2318//2318
f 2255//2255 2256//2256 2320//2320
f 2255//2255 2320//2320 2319//2319
f 2256//2256 2257//2257 2321//2321
f 2256//2256 2321//2321 2320//2320
f 2257//2257 2258//2258 2322//2322
f 2257//2257 2322//2322 2321//2321
f 2258//2258 2259//2259 2323//2323
f 2258//2258 2323//2323 2322//2322
f 2259//2259 2260//2260 2324//2324
f 2259//2259 2324//2324 2323//2323
f 2260//2260 2261//2261 2325//2325
f 2260//2260 2325//2325 2324//2324
f 2261//2261 2262//2262 2326//2326
f 2261//2261 2326//2326 2325//2325
f 2262//2262 2263//2263 2327//2327
f 2262//2262 2327//2327 2326//2326
f 2263//2263 2264//2264 2328//2328
f 2263//2263 2328//2328 2327//2327
f 2264//2264 2265//2265 2329//2329
f 2264//2264 2329//2329 2328//2328
f 2265//2265 2266//2266 2330//2330
f 2265//2265 2330//2330 2329//2329
f 2266//2266 2267//2267 2331//2331
f 2266//2266 2331//2331 2330//2330
f 2267//2267 2268//2268 2332//2332
f 2267//2267 2332//2332 2331//2331
f 2268//2268 2269//2269 2333//2333
f 2268//2268 2333//2333 2332//2332
f 2269//2269 2270//2270 2334//2334
f 2269//2269 2334//2334 2333//2333
f 2270//2270 2271//2271 2335//2335
f 2270//2270 2335//2335 2334//2334
f 2271//2271 2272//2272 2336//2336
f 2271//2271 2336//2336 2335//2335
f 2272//2272 2273//2273 2337//2337
f 2272//2272 2337//2337 2336//2336
f 2273//2273 2274//2274 2338//2338
f 2273//2273 2338//2338 2337//2337
f 2274//2274 2275//2275 2339//2339
f 2274//2274 2339//2339 2338//2338
f 2275//2275 2276//2276 2340//2340
f 2275//2275 2340//2340 2339//2339
f 2276//2276 2277//2277 2341//2341
f 2276//2276 2341//2341 2340//2340
f 2277//2277 2278//2278 2342//2342
f 2277//2277 2342//2342 2341//2341
f 2278//2278 2279//2279 2343//2343
f 2278//2278 2343//2343 2342//2342
f 2279//2279 2280//2280 2344//2344
f 2279//2279 2344//2344 2343//2343
f 2280//2280 2281//2281 2345//2345
f 2280//2280 2345//2345 2344//2344
f 2281//2281 2282//2282 2346//2346
f 2281//2281 2346//2346 2345//2345
f 2282//2282 2283//2283 2347//2347
f 2282//2282 2347//2347 2346//2346
f 2283//2283 2284//2284 2348//2348
f 2283//2283 2348//2348 2347//2347
f 2284//2284 2285//2285 2349//2349
f 2284//2284 2349//2349 2348//2348
f 2285//2285 2286//2286 2350//2350
f 2285//2285 2350//2350 2349//2349
f 2286//2286 2287//2287 2351//2351
f 2286//2286 2351//2351 2350//2350
f 2287//2287 2288//2288 2352//2352
f 2287//2287 2352//2352 2351//2351
f 2288//2288 2289//2289 2353//2353
f 2288//2288 2353//2353 2352//2352
f 2289//2289 2290//2290 2354//2354
f 2289//2289 2354//2354 2353//2353
f 2290//2290 2291//2291 2355//2355
f 2290//2290 2355//2355 2354//2354
f 2291//2291 2292//2292 2356//2356
f 2291//2291 2356//2356 2355//2355
f 2292//2292 2293//2293 2357//2357
f 2292//2292 2357//2357 2356//2356
f 2293//2293 2294//2294 2358//2358
f 2293//2293 2358//2358 2357//2357
f 2294//2294 2295//2295 2359//2359
f 2294//2294 2359//2359 2358//2358
f 2295//2295 2232//2232 2296//2296
f 2295//2295 2296//2296 2359//2359
f 2169//2169 2168//2168 2231//2231
f 2169//2169 2231//2231 2230//2230
f 2169//2169 2230//2230 2229//2229
f 2169//2169 2229//2229 2228//2228
f 2169//2169 2228//2228 2360//2360
f 2169//2169 2360//2360 2227//2227
f 2169//2169 2227//2227 2361//2361
f 2169//2169 2361//2361 2226//2226
f 2169//2169 2226//2226 2362//2362
f 2169//2169 2362//2362 2225//2225
f 2169//2169 2225//2225 2363//2363
f 2169//2169 2363//2363 2224//2224
f 2169//2169 2224//2224 2364//2364
f 2169//2169 2364//2364 2223//2223
f 2169//2169 2223//2223 2365//2365
f 2169//2169 2365//2365 2222//2222
f 2169//2169 2222//2222 2366//2366
f 2169//2169 2366//2366 2221//2221
f 2169//2169 2221//2221 2367//2367
f 2169//2169 2367//2367 2220//2220
f 2169//2169 2220//2220 2219//2219
f 2169//2169 2219//2219 2218//2218
f 2169//2169 2218//2218 2217//2217
f 2169//2169 2217//2217 2216//2216
f 2169//2169 2216//2216 2215//2215
f 2169//2169 2215//2215 2214//2214
f 2169//2169 2214//2214 2213//2213
f 2169//2169 2213//2213 2212//2212
f 2169//2169 2212//2212 2368//2368
f 2169//2169 2368//2368 2211//2211
f 2169//2169 2211//2211 2369//2369
f 2169//2169 2369//2369 2210//2210
f 2169//2169 2210//2210 2370//2370
f 2169//2169 2370//2370 2209//2209
f 2169//2169 2209//2209 2371//2371
f 2169//2169 2371//2371 2208//2208
f 2169//2169 2208//2208 2372//2372
f 2169//2169 2372//2372 2207//2207
f 2169//2169 2207//2207 2373//2373
f 2169//2169 2373//2373 2206//2206
f 2169//2169 2206//2206 2374//2374
f 2169//2169 2374//2374 2205//2205
f 2169//2169 2205//2205 2375//2375
f 2169//2169 2375//2375 2204//2204
f 2169//2169 2204//2204 2203//2203
f 2169//2169 2203//2203 2202//2202
f 2169//2169 2202//2202 2201//2201
f 2169//2169 2201//2201 2200//2200
f 2169//2169 2200//2200 2199//2199
f 2169//2169 2199//2199 2198//2198
f 2169//2169 2198//2198 2197//2197
f 2169//2169 2197//2197 2196//2196
f 2169//2169 2196//2196 2376//2376
f 2169//2169 2376//2376 2195//2195
f 2169//2169 2195//2195 2377//2377
f 2169//2169 2377//2377 2194//2194
f 2169//2169 2194//2194 2378//2378
f 2169//2169 2378//2378 2193//2193
f 2169//2169 2193//2193 2379//2379
f 2169//2169 2379//2379 2192//2192
f 2169//2169 2192//2192 2380//2380
f 2169//2169 2380//2380 2191//2191
f 2169//2169 2191//2191 2381//2381
f 2169//2169 2381//2381 2190//2190
f 2169//2169 2190//2190 2382//2382
f 2169//2169 2382//2382 2189//2189
f 2169//2169 2189//2189 2383//2383
f 2169//2169 2383//2383 2188//2188
f 2169//2169 2188//2188 2187//2187
f 2169//2169 2187//2187 2186//2186
f 2169//2169 2186//2186 2185//2185
f 2169//2169 2185//2185 2184//2184
f 2169//2169 2184//2184 2183//2183
f 2169//2169 2183//2183 2182//2182
f 2169//2169 2182//2182 2181//2181
f 2169//2169 2181//2181 2180//2180
f 2169//2169 2180//2180 2384//2384
f 2169//2169 2384//2384 2179//2179
f 2169//2169 2179//2179 2385//2385
f 2169//2169 2385//2385 2178//2178
f 2169//2169 2178//2178 2386//2386
f 2169//2169 2386//2386 2177//2177
f 2169//2169 2177//2177 2387//2387
f 2169//2169 2387//2387 2176//2176
f 2169//2169 2176//2176 2388//2388
f 2169//2169 2388//2388 2175//2175
f 2169//2169 2175//2175 2389//2389
f 2169//2169 2389//2389 2174//2174
f 2169//2169 2174//2174 2390//2390
f 2169//2169 2390//2390 2173//2173
f 2169//2169 2173//2173 2391//2391
f 2169//2169 2391//2391 2172//2172
f 2169//2169 2172//2172 2171//2171
f 2171//2171 2170//2170 2169//2169
f 2359//2359 2296//2296 2297//2297
f 2359//2359 2297//2297 2298//2298
f 2359//2359 2298//2298 2299//2299
f 2359//2359 2299//2299 2300//2300
f 2359//2359 2300//2300 2392//2392
f 2359//2359 2392//2392 2301//2301
f 2359//2359 2301//2301 2393//2393
f 2359//2359 2393//2393 2302//2302
f 2359//2359 2302//2302 2394//2394
f 2359//2359 2394//2394 2303//2303
f 2359//2359 2303//2303 2395//2395
f 2359//2359 2395//2395 2304//2304
f 2359//2359 2304//2304 2396//2396
f 2359//2359 2396//2396 2305//2305
f 2359//2359 2305//2305 2397//2397
f 2359//2359 2397//2397 2306//2306
f 2359//2359 2306//2306 2398//2398
f 2359//2359 2398//2398 2307//2307
f 2359//2359 2307//2307 2399//2399
f 2359//2359 2399//2399 2308//2308
f 2359//2359 2308//2308 2309//2309
f 2359//2359 2309//2309 2310//2310
f 2359//2359 2310//2310 2311//2311
f 2359//2359 2311//2311 2312//2312
f 2359//2359 2312//2312 2313//2313
f 2359//2359 2313//2313 2314//2314
f 2359//2359 2314//2314 2315//2315
f 2359//2359 2315//2315 2316//2316
f 2359//2359 2316//2316 2400//2400
f 2359//2359 2400//2400 2317//2317
f 2359//2359 2317//2317 2401//2401
f 2359//2359 2401//2401 2318//2318
f 2359//2359 2318//2318 2402//2402
f 2359//2359 2402//2402 2319//2319
f 2359//2359 2319//2319 2403//2403
f 2359//2359 2403//2403 2320//2320
f 2359//2359 2320//2320 2404//2404
f 2359//2359 2404//2404 2321//2321
f 2359//2359 2321//2321 2405//2405
f 2359//2359 2405//2405 2322//2322
f 2359//2359 2322//2322 2406//2406
f 2359//2359 2406//2406 2323//2323
f 2359//2359 2323//2323 2407//2407
f 2359//2359 2407//2407 2324//2324
f 2359//2359 2324//2324 2325//2325
f 2359//2359 2325//2325 2326//2326
f 2359//2359 2326//2326 2327//2327
f 2359//2359 2327//2327 2328//2328
f 2359//2359 2328//2328 2329//2329
f 2359//2359 2329//2329 2330//2330
f 2359//2359 2330//2330 2331//2331
f 2359//2359 2331//2331 2332//2332
f 2359//2359 2332//2332 2408//2408
f 2359//2359 2408//2408 2333//2333
f 2359//2359 2333//2333 2409//2409
f 2359//2359 2409//2409 2334//2334
f 2359//2359 2334//2334 2410//2410
f 2359//2359 2410//2410 2335//2335
f 2359//2359 2335//2335 2411//2411
f 2359//2359 2411//2411 2336//2336
f 2359//2359 2336//2336 2412//2412
f 2359//2359 2412//2412 2337//2337
f 2359//2359 2337//2337 2413//2413
f 2359//2359 2413//2413 2338//2338
f 2359//2359 2338//2338 2414//2414
f 2359//2359 2414//2414 2339//2339
f 2359//2359 2339//2339 2415//2415
f 2359//2359 2415//2415 2340//2340
f 2359//2359 2340//2340 2341//2341
f 2359//2359 2341//2341 2342//2342
f 2359//2359 2342//2342 2343//2343
f 2359//2359 2343//2343 2344//2344
f 2359//2359 2344//2344 2345//2345
f 2359//2359 2345//2345 2346//2346
f 2359//2359 2346//2346 2347//2347
f 2359//2359 2347//2347 2348//2348
f 2359//2359 2348//2348 2416//2416
f 2359//2359 2416//2416 2349//2349
f 2359//2359 2349//2349 2417//2417
f 2359//2359 2417//2417 2350//2350
f 2359//2359 2350//2350 2418//2418
f 2359//2359 2418//2418 2351//2351
f 2359//2359 2351//2351 2419//2419
f 2359//2359 2419//2419 2352//2352
f 2359//2359 2352//2352 2420//2420
f 2359//2359 2420//2420 2353//2353
f 2359//2359 2353//2353 2421//2421
f 2359//2359 2421//2421 2354//2354
f 2359//2359 2354//2354 2422//2422
f 2359//2359 2422//2422 2355//2355
f 2359//2359 2355//2355 2423//2423
f 2359//2359 2423//2423 2356//2356
f 2359//2359 2356//2356 2357//2357
f 2357//2357 2358//2358 2359//2359
o HRL
v 3.12 -0.07 0.36
v 3.12065 -0.07 0.374377
v 3.12267 -0.07 0.389114
v 3.12618 -0.07 0.404025
v 3.13123 -0.07 0.418895
v 3.13787 -0.07 0.433487
v 3.14608 -0.07 0.447554
v 3.15578 -0.07 0.460848
v 3.16686 -0.07 0.473137
v 3.17915 -0.07 0.484217
v 3.19245 -0.07 0.493919
v 3.20651 -0.07 0.502125
v 3.2211 -0.07 0.508766
v 3.23597 -0.07 0.513824
v 3.25089 -0.07 0.517329
v 3.26562 -0.07 0.519353
v 3.28 -0.07 0.52
v 3.29438 -0.07 0.519353
v 3.30911 -0.07 0.517329
v 3.32403 -0.07 0.513824
v 3.3389 -0.07 0.508766
v 3.35349 -0.07 0.502125
v 3.36755 -0.07 0.493919
v 3.38085 -0.07 0.484217
v 3.39314 -0.07 0.473137
v 3.40422 -0.07 0.460848
v 3.41392 -0.07 0.447554
v 3.42213 -0.07 0.433487
v 3.42877 -0.07 0.418895
v 3.43382 -0.07 0.404025
v 3.43733 -0.07 0.389114
v 3.43935 -0.07 0.374377
v 3.44 -0.07 0.36
v 3.43935 -0.07 0.345623
v 3.43733 -0.07 0.330886
v 3.43382 -0.07 0.315975
v 3.42877 -0.07 0.301105
v 3.42213 -0.07 0.286513
v 3.41392 -0.07 0.272446
v 3.40422 -0.07 0.259152
v 3.39314 -0.07 0.246863
v 3.38085 -0.07 0.235783
v 3.36755 -0.07 0.226081
v 3.35349 -0.07 0.217875
v 3.3389 -0.07 0.211234
v 3.32403 -0.07 0.206176
v 3.30911 -0.07 0.202671
v 3.29438 -0.07 0.200647
v 3.28 -0.07 0.2
v 3.26562 -0.07 0.200647
v 3.25089 -0.07 0.202671
v 3.23597 -0.07 0.206176
v 3.2211 -0.07 0.211234
v 3.20651 -0.07 0.217875
v 3.19245 -0.07 0.226081
v 3.17915 -0.07 0.235783
v 3.16686 -0.07 0.246863
v 3.15578 -0.07 0.259152
v 3.14608 -0.07 0.272446
v 3.13787 -0.07 0.286513
v 3.13123 -0.07 0.301105
v 3.12618 -0.07 0.315975
v 3.12267 -0.07 0.330886
v 3.12065 -0.07 0.345623
v 3.12 -0.04 0.36
v 3.12065 -0.04 0.374377
v 3.12267 -0.04 0.389114
v 3.12618 -0.04 0.404025
v 3.13123 -0.04 0.418895
v 3.13787 -0.04 0.433487
v 3.14608 -0.04 0.447554
v 3.15578 -0.04 0.460848
v 3.16686 -0.04 0.473137
v 3.17915 -0.04 0.484217
v 3.19245 -0.04 0.493919
v 3.20651 -0.04 0.502125
v 3.2211 -0.04 0.508766
v 3.23597 -0.04 0.513824
v 3.25089 -0.04 0.517329
v 3.26562 -0.04 0.519353
v 3.28 -0.04 0.52
v 3.29438 -0.04 0.519353
v 3.30911 -0.04 0.517329
v 3.32403 -0.04 0.513824
v 3.3389 -0.04 0.508766
v 3.35349 -0.04 0.502125
v 3.36755 -0.04 0.493919
v 3.38085 -0.04 0.484217
v 3.39314 -0.04 0.473137
v 3.40422 -0.04 0.460848
v 3.41392 -0.04 0.447554
v 3.42213 -0.04 0.433487
v 3.42877 -0.04 0.418895
v 3.43382 -0.04 0.404025
v 3.43733 -0.04 0.389114
v 3.43935 -0.04 0.374377
v 3.44 -0.04 0.36
v 3.43935 -0.04 0.345623
v 3.43733 -0.04 0.330886
v 3.43382 -0.04 0.315975
v 3.42877 -0.04 0.301105
v 3.42213 -0.04 0.286513
v 3.41392 -0.04 0.272446
v 3.40422 -0.04 0.259152
v 3.39314 -0.04 0.246863
v 3.38085 -0.04 0.235783
v 3.36755 -0.04 0.226081
v 3.35349 -0.04 0.217875
v 3.3389 -0.04 0.211234
v 3.32403 -0.04 0.206176
v 3.30911 -0.04 0.202671
v 3.29438 -0.04 0.200647
v 3.28 -0.04 0.2
v 3.26562 -0.04 0.200647
v 3.25089 -0.04 0.202671
v 3.23597 -0.04 0.206176
v 3.2211 -0.04 0.211234
v 3.20651 -0.04 0.217875
v 3.19245 -0.04 0.226081
v 3.17915 -0.04 0.235783
v 3.16686 -0.04 0.246863
v 3.15578 -0.04 0.259152
v 3.14608 -0.04 0.272446
v 3.13787 -0.04 0.286513
v 3.13123 -0.04 0.301105
v 3.12618 -0.04 0.315975
v 3.12267 -0.04 0.330886
v 3.12065 -0.04 0.345623
v 3.12 -0.01 0.36
v 3.12065 -0.01 0.374377
v 3.12267 -0.01 0.389114
v 3.12618 -0.01 0.404025
v 3.13123 -0.01 0.418895
v 3.13787 -0.01 0.433487
v 3.14608 -0.01 0.447554
v 3.15578 -0.01 0.460848
v 3.16686 -0.01 0.473137
v 3.17915 -0.01 0.484217
v 3.19245 -0.01 0.493919
v 3.20651 -0.01 0.502125
v 3.2211 -0.01 0.508766
v 3.23597 -0.01 0.513824
v 3.25089 -0.01 0.517329
v 3.26562 -0.01 0.519353
v 3.28 -0.01 0.52
v 3.29438 -0.01 0.519353
v 3.30911 -0.01 0.517329
v 3.32403 -0.01 0.513824
v 3.3389 -0.01 0.508766
v 3.35349 -0.01 0.502125
v 3.36755 -0.01 0.493919
v 3.38085 -0.01 0.484217
v 3.39314 -0.01 0.473137
v 3.40422 -0.01 0.460848
v 3.41392 -0.01 0.447554
v 3.42213 -0.01 0.433487
v 3.42877 -0.01 0.418895
v 3.43382 -0.01 0.404025
v 3.43733 -0.01 0.389114
v 3.43935 -0.01 0.374377
v 3.44 -0.01 0.36
v 3.43935 -0.01 0.345623
v 3.43733 -0.01 0.330886
v 3.43382 -0.01 0.315975
v 3.42877 -0.01 0.301105
v 3.42213 -0.01 0.286513
v 3.41392 -0.01 0.272446
v 3.40422 -0.01 0.259152
v 3.39314 -0.01 0.246863
v 3.38085 -0.01 0.235783
v 3.36755 -0.01 0.226081
v 3.35349 -0.01 0.217875
v 3.3389 -0.01 0.211234
v 3.32403 -0.01 0.206176
v 3.30911 -0.01 0.202671
v 3.29438 -0.01 0.200647
v 3.28 -0.01 0.2
v 3.26562 -0.01 0.200647
v 3.25089 -0.01 0.202671
v 3.23597 -0.01 0.206176
v 3.2211 -0.01 0.211234
v 3.20651 -0.01 0.217875
v 3.19245 -0.01 0.226081
v 3.17915 -0.01 0.235783
v 3.16686 -0.01 0.246863
v 3.15578 -0.01 0.259152
v 3.14608 -0.01 0.272446
v 3.13787 -0.01 0.286513
v 3.13123 -0.01 0.301105
v 3.12618 -0.01 0.315975
v 3.12267 -0.01 0.330886
v 3.12065 -0.01 0.345623
v 3.13436 -0.01 0.426241
v 3.14179 -0.01 0.440602
v 3.15075 -0.01 0.454312
v 3.16116 -0.01 0.467132
v 3.17287 -0.01 0.478839
v 3.18569 -0.01 0.489249
v 3.1994 -0.01 0.498215
v 3.21376 -0.01 0.505644
v 3.34624 -0.01 0.505644
v 3.3606 -0.01 0.498215
v 3.37431 -0.01 0.489249
v 3.38713 -0.01 0.478839
v 3.39884 -0.01 0.467132
v 3.40925 -0.01 0.454312
v 3.41821 -0.01 0.440602
v 3.42564 -0.01 0.426241
v 3.42564 -0.01 0.293759
v 3.41821 -0.01 0.279398
v 3.40925 -0.01 0.265688
v 3.39884 -0.01 0.252868
v 3.38713 -0.01 0.241161
v 3.37431 -0.01 0.230751
v 3.3606 -0.01 0.221785
v 3.34624 -0.01 0.214356
v 3.21376 -0.01 0.214356
v 3.1994 -0.01 0.221785
v 3.18569 -0.01 0.230751
v 3.17287 -0.01 0.241161
v 3.16116 -0.01 0.252868
v 3.15075 -0.01 0.265688
v 3.14179 -0.01 0.279398
v 3.13436 -0.01 0.293759
v 3.13436 -0.07 0.293759
v 3.14179 -0.07 0.279398
v 3.15075 -0.07 0.265688
v 3.16116 -0.07 0.252868
v 3.17287 -0.07 0.241161
v 3.18569 -0.07 0.230751
v 3.1994 -0.07 0.221785
v 3.21376 -0.07 0.214356
v 3.34624 -0.07 0.214356
v 3.3606 -0.07 0.221785
v 3.37431 -0.07 0.230751
v 3.38713 -0.07 0.241161
v 3.39884 -0.07 0.252868
v 3.40925 -0.07 0.265688
v 3.41821 -0.07 0.279398
v 3.42564 -0.07 0.293759
v 3.42564 -0.07 0.426241
v 3.41821 -0.07 0.440602
v 3.40925 -0.07 0.454312
v 3.39884 -0.07 0.467132
v 3.38713 -0.07 0.478839
v 3.37431 -0.07 0.489249
v 3.3606 -0.07 0.498215
v 3.34624 -0.07 0.505644
v 3.21376 -0.07 0.505644
v 3.1994 -0.07 0.498215
v 3.18569 -0.07 0.489249
v 3.17287 -0.07 0.478839
v 3.16116 -0.07 0.467132
v 3.15075 -0.07 0.454312
v 3.14179 -0.07 0.440602
v 3.13436 -0.07 0.426241
vn -0.894427 -0.447214 3.52789e-31
vn -0.704246 -0.707107 0.0635367
vn -0.695302 -0.707107 0.128667
vn -0.679812 -0.707107 0.194566
vn -0.65746 -0.707107 0.260282
vn -0.628112 -0.707107 0.32477
vn -0.591845 -0.707107 0.386936
vn -0.548965 -0.707107 0.445688
vn -0.5 -0.707107 0.5
vn -0.445688 -0.707107 0.548965
vn -0.386936 -0.707107 0.591845
vn -0.32477 -0.707107 0.628112
vn -0.260282 -0.707107 0.65746
vn -0.194566 -0.707107 0.679812
vn -0.128667 -0.707107 0.695302
vn -0.0635367 -0.707107 0.704246
vn -1.73472e-16 -0.707107 0.707107
vn 0.0635367 -0.707107 0.704246
vn 0.128667 -0.707107 0.695302
vn 0.194566 -0.707107 0.679812
vn 0.260282 -0.707107 0.65746
vn 0.32477 -0.707107 0.628112
vn 0.386936 -0.707107 0.591845
vn 0.445688 -0.707107 0.548965
vn 0.5 -0.707107 0.5
vn 0.548965 -0.707107 0.445688
vn 0.591845 -0.707107 0.386936
vn 0.628112 -0.707107 0.32477
vn 0.65746 -0.707107 0.260282
vn 0.679812 -0.707107 0.194566
vn 0.695302 -0.707107 0.128667
vn 0.704246 -0.707107 0.0635367
vn 0.707107 -0.707107 1.38778e-15
vn 0.704246 -0.707107 -0.0635367
vn 0.695302 -0.707107 -0.128667
vn 0.679812 -0.707107 -0.194566
vn 0.65746 -0.707107 -0.260282
vn 0.628112 -0.707107 -0.32477
vn 0.591845 -0.707107 -0.386936
vn 0.548965 -0.707107 -0.445688
vn 0.5 -0.707107 -0.5
vn 0.445688 -0.707107 -0.548965
vn 0.386936 -0.707107 -0.591845
vn 0.32477 -0.707107 -0.628112
vn 0.260282 -0.707107 -0.65746
vn 0.194566 -0.707107 -0.679812
vn 0.128667 -0.707107 -0.695302
vn 0.0635367 -0.707107 -0.704246
vn 7.28016e-17 -0.707107 -0.707107
vn -0.0635367 -0.707107 -0.704246
vn -0.128667 -0.707107 -0.695302
vn -0.194566 -0.707107 -0.679812
vn -0.260282 -0.707107 -0.65746
vn -0.32477 -0.707107 -0.628112
vn -0.386936 -0.707107 -0.591845
vn -0.445688 -0.707107 -0.548965
vn -0.5 -0.707107 -0.5
vn -0.548965 -0.707107 -0.445688
vn -0.591845 -0.707107 -0.386936
vn -0.628112 -0.707107 -0.32477
vn -0.65746 -0.707107 -0.260282
vn -0.679812 -0.707107 -0.194566
vn -0.695302 -0.707107 -0.128667
vn -0.704246 -0.707107 -0.0635367
vn -1 0 9.81308e-16
vn -0.995955 0 0.0898544
vn -0.983305 0 0.181963
vn -0.961399 0 0.275158
vn -0.929788 0 0.368095
vn -0.888284 0 0.459295
vn -0.836996 0 0.54721
vn -0.776353 0 0.630298
vn -0.707107 0 0.707107
vn -0.630298 0 0.776353
vn -0.54721 0 0.836996
vn -0.459295 0 0.888284
vn -0.368095 0 0.929788
vn -0.275158 0 0.961399
vn -0.181963 0 0.983305
vn -0.0898544 0 0.995955
vn -4.90654e-16 0 1
vn 0.0898544 -0 0.995955
vn 0.181963 -0 0.983305
vn 0.275158 -0 0.961399
vn 0.368095 -0 0.929788
vn 0.459295 -0 0.888284
vn 0.54721 -0 0.836996
vn 0.630298 -0 0.776353
vn 0.707107 -0 0.707107
vn 0.776353 -0 0.630298
vn 0.836996 -0 0.54721
vn 0.888284 -0 0.459295
vn 0.929788 -0 0.368095
vn 0.961399 -0 0.275158
vn 0.983305 -0 0.181963
vn 0.995955 -0 0.0898544
vn 1 -0 3.92523e-15
vn 0.995955 0 -0.0898544
vn 0.983305 0 -0.181963
vn 0.961399 0 -0.275158
vn 0.929788 0 -0.368095
vn 0.888284 0 -0.459295
vn 0.836996 0 -0.54721
vn 0.776353 0 -0.630298
vn 0.707107 0 -0.707107
vn 0.630298 0 -0.776353
vn 0.54721 0 -0.836996
vn 0.459295 0 -0.888284
vn 0.368095 0 -0.929788
vn 0.275158 0 -0.961399
vn 0.181963 0 -0.983305
vn 0.0898544 0 -0.995955
vn 0 0 -1
vn -0.0898544 0 -0.995955
vn -0.181963 0 -0.983305
vn -0.275158 0 -0.961399
vn -0.368095 0 -0.929788
vn -0.459295 0 -0.888284
vn -0.54721 0 -0.836996
vn -0.630298 0 -0.776353
vn -0.707107 0 -0.707107
vn -0.776353 0 -0.630298
vn -0.836996 0 -0.54721
vn -0.888284 0 -0.459295
vn -0.929788 0 -0.368095
vn -0.961399 0 -0.275158
vn -0.983305 0 -0.181963
vn -0.995955 0 -0.0898544
vn -0.894427 0.447214 3.52789e-31
vn -0.704246 0.707107 0.0635367
vn -0.695302 0.707107 0.128667
vn -0.679812 0.707107 0.194566
vn -0.65746 0.707107 0.260282
vn -0.628112 0.707107 0.32477
vn -0.591845 0.707107 0.386936
vn -0.548965 0.707107 0.445688
vn -0.5 0.707107 0.5
vn -0.445688 0.707107 0.548965
vn -0.386936 0.707107 0.591845
vn -0.32477 0.707107 0.628112
vn -0.260282 0.707107 0.65746
vn -0.194566 0.707107 0.679812
vn -0.128667 0.707107 0.695302
vn -0.0635367 0.707107 0.704246
vn -1.73472e-16 0.707107 0.707107
vn 0.0635367 0.707107 0.704246
vn 0.128667 0.707107 0.695302
vn 0.194566 0.707107 0.679812
vn 0.260282 0.707107 0.65746
vn 0.32477 0.707107 0.628112
vn 0.386936 0.707107 0.591845
vn 0.445688 0.707107 0.548965
vn 0.5 0.707107 0.5
vn 0.548965 0.707107 0.445688
vn 0.591845 0.707107 0.386936
vn 0.628112 0.707107 0.32477
vn 0.65746 0.707107 0.260282
vn 0.679812 0.707107 0.194566
vn 0.695302 0.707107 0.128667
vn 0.704246 0.707107 0.0635367
vn 0.707107 0.707107 1.38778e-15
vn 0.704246 0.707107 -0.0635367
vn 0.695302 0.707107 -0.128667
vn 0.679812 0.707107 -0.194566
vn 0.65746 0.707107 -0.260282
vn 0.628112 0.707107 -0.32477
vn 0.591845 0.707107 -0.386936
vn 0.548965 0.707107 -0.445688
vn 0.5 0.707107 -0.5
vn 0.445688 0.707107 -0.548965
vn 0.386936 0.707107 -0.591845
vn 0.32477 0.707107 -0.628112
vn 0.260282 0.707107 -0.65746
vn 0.194566 0.707107 -0.679812
vn 0.128667 0.707107 -0.695302
vn 0.0635367 0.707107 -0.704246
vn 8.86375e-17 0.707107 -0.707107
vn -0.0635367 0.707107 -0.704246
vn -0.128667 0.707107 -0.695302
vn -0.194566 0.707107 -0.679812
vn -0.260282 0.707107 -0.65746
vn -0.32477 0.707107 -0.628112
vn -0.386936 0.707107 -0.591845
vn -0.445688 0.707107 -0.548965
vn -0.5 0.707107 -0.5
vn -0.548965 0.707107 -0.445688
vn -0.591845 0.707107 -0.386936
vn -0.628112 0.707107 -0.32477
vn -0.65746 0.707107 -0.260282
vn -0.679812 0.707107 -0.194566
vn -0.695302 0.707107 -0.128667
vn -0.704246 0.707107 -0.0635367
vn 2.22045e-18 1 -0
vn -4.44089e-18 1 0
vn 4.44089e-18 1 -0
vn 0 1 -0
vn 0 1 -0
vn 4.44089e-18 1 -0
vn 0 1 -0
vn 0 1 -0
vn 0 1 -0
vn -3.46945e-18 1 0
vn 0 1 -0
vn 0 1 -0
vn 0 1 -0
vn -9.71445e-19 1 0
vn -4.44089e-18 1 0
vn 0 1 -0
vn -6.245e-19 1 0
vn 0 1 -0
vn 2.22045e-18 1 -0
vn 1.35308e-18 1 -0
vn 1.97758e-18 1 -0
vn -7.97973e-19 1 0
vn -6.245e-19 1 0
vn -1.5786e-18 1 0
vn -1.94289e-18 1 0
vn -1.66533e-18 1 0
vn 1.78677e-18 1 -0
vn -2.28983e-18 1 0
vn 3.08781e-18 1 -0
vn 1.35308e-18 1 -0
vn 6.245e-19 1 -0
vn -1.11022e-18 1 0
vn 6.93889e-18 -1 0
vn -7.77156e-18 -1 0
vn 8.32667e-19 -1 0
vn -8.32667e-19 -1 0
vn 0 -1 0
vn -2.63678e-18 -1 0
vn -2.20657e-17 -1 0
vn -1.23512e-17 -1 0
vn -1.58207e-17 -1 0
vn 8.32667e-19 -1 0
vn -7.35523e-18 -1 0
vn -3.88578e-18 -1 0
vn -6.93889e-18 -1 0
vn -8.32667e-19 -1 0
vn -7.77156e-18 -1 0
vn 6.93889e-18 -1 0
vn 1.55431e-17 -1 0
vn -3.10862e-17 -1 0
vn 3.10862e-17 -1 0
vn 2.77556e-17 -1 0
vn -3.10862e-17 -1 0
vn 0 -1 0
vn 0 -1 0
vn 0 -1 0
vn 0 -1 0
vn 0 -1 0
vn -2.77556e-17 -1 0
vn 0 -1 0
vn 2.77556e-17 -1 0
vn -3.10862e-17 -1 0
vn -3.10862e-17 -1 0
vn -4.32987e-17 -1 0
g HRL_chrome
usemtl chrome
f 2424//2424 2425//2425 2489//2489
f 2424//2424 2489//2489 2488//2488
f 2425//2425 2426//2426 2490//2490
f 2425//2425 2490//2490 2489//2489
f 2426//2426 2427//2427 2491//2491
f 2426//2426 2491//2491 2490//2490
f 2427//2427 2428//2428 2492//2492
f 2427//2427 2492//2492 2491//2491
f 2428//2428 2429//2429 2493//2493
f 2428//2428 2493//2493 2492//2492
f 2429//2429 2430//2430 2494//2494
f 2429//2429 2494//2494 2493//2493
f 2430//2430 2431//2431 2495//2495
f 2430//2430 2495//2495 2494//2494
f 2431//2431 2432//2432 2496//2496
f 2431//2431 2496//2496 2495//2495
f 2432//2432 2433//2433 2497//2497
f 2432//2432 2497//2497 2496//2496
f 2433//2433 2434//2434 2498//2498
f 2433//2433 2498//2498 2497//2497
f 2434//2434 2435//2435 2499//2499
f 2434//2434 2499//2499 2498//2498
f 2435//2435 2436//2436 2500//2500
f 2435//2435 2500//2500 2499//2499
f 2436//2436 2437//2437 2501//2501
f 2436//2436 2501//2501 2500//2500
f 2437//2437 2438//2438 2502//2502
f 2437//2437 2502//2502 2501//2501
f 2438//2438 2439//2439 2503//2503
f 2438//2438 2503//2503 2502//2502
f 2439//2439 2440//2440 2504//2504
f 2439//2439 2504//2504 2503//2503
f 2440//2440 2441//2441 2505//2505
f 2440//2440 2505//2505 2504//2504
f 2441//2441 2442//2442 2506//2506
f 2441//2441 2506//2506 2505//2505
f 2442//2442 2443//2443 2507//2507
f 2442//2442 2507//2507 2506//2506
f 2443//2443 2444//2444 2508//2508
f 2443//2443 2508//2508 2507//2507
f 2444//2444 2445//2445 2509//2509
f 2444//2444 2509//2509 2508//2508
f 2445//2445 2446//2446 2510//2510
f 2445//2445 2510//2510 2509//2509
f 2446//2446 2447//2447 2511//2511
f 2446//2446 2511//2511 2510//2510
f 2447//2447 2448//2448 2512//2512
f 2447//2447 2512//2512 2511//2511
f 2448//2448 2449//2449 2513//2513
f 2448//2448 2513//2513 2512//2512
f 2449//2449 2450//2450 2514//2514
f 2449//2449 2514//2514 2513//2513
f 2450//2450 2451//2451 2515//2515
f 2450//2450 2515//2515 2514//2514
f 2451//2451 2452//2452 2516//2516
f 2451//2451 2516//2516 2515//2515
f 2452//2452 2453//2453 2517//2517
f 2452//2452 2517//2517 2516//2516
f 2453//2453 2454//2454 2518//2518
f 2453//2453 2518//2518 2517//2517
f 2454//2454 2455//2455 2519//2519
f 2454//2454 2519//2519 2518//2518
f 2455//2455 2456//2456 2520//2520
f 2455//2455 2520//2520 2519//2519
f 2456//2456 2457//2457 2521//2521
f 2456//2456 2521//2521 2520//2520
f 2457//2457 2458//2458 2522//2522
f 2457//2457 2522//2522 2521//2521
f 2458//2458 2459//2459 2523//2523
f 2458//2458 2523//2523 2522//2522
f 2459//2459 2460//2460 2524//2524
f 2459//2459 2524//2524 2523//2523
f 2460//2460 2461//2461 2525//2525
f 2460//2460 2525//2525 2524//2524
f 2461//2461 2462//2462 2526//2526
f 2461//2461 2526//2526 2525//2525
f 2462//2462 2463//2463 2527//2527
f 2462//2462 2527//2527 2526//2526
f 2463//2463 2464//2464 2528//2528
f 2463//2463 2528//2528 2527//2527
f 2464//2464 2465//2465 2529//2529
f 2464//2464 2529//2529 2528//2528
f 2465//2465 2466//2466 2530//2530
f 2465//2465 2530//2530 2529//2529
f 2466//2466 2467//2467 2531//2531
f 2466//2466 2531//2531 2530//2530
f 2467//2467 2468//2468 2532//2532
f 2467//2467 2532//2532 2531//2531
f 2468//2468 2469//2469 2533//2533
f 2468//2468 2533//2533 2532//2532
f 2469//2469 2470//2470 2534//2534
f 2469//2469 2534//2534 2533//2533
f 2470//2470 2471//2471 2535//2535
f 2470//2470 2535//2535 2534//2534
f 2471//2471 2472//2472 2536//2536
f 2471//2471 2536//2536 2535//2535
f 2472//2472 2473//2473 2537//2537
f 2472//2472 2537//2537 2536//2536
f 2473//2473 2474//2474 2538//2538
f 2473//2473 2538//2538 2537//2537
f 2474//2474 2475//2475 2539//2539
f 2474//2474 2539//2539 2538//2538
f 2475//2475 2476//2476 2540//2540
f 2475//2475 2540//2540 2539//2539
f 2476//2476 2477//2477 2541//2541
f 2476//2476 2541//2541 2540//2540
f 2477//2477 2478//2478 2542//2542
f 2477//2477 2542//2542 2541//2541
f 2478//2478 2479//2479 2543//2543
f 2478//2478 2543//2543 2542//2542
f 2479//2479 2480//2480 2544//2544
f 2479//2479 2544//2544 2543//2543
f 2480//2480 2481//2481 2545//2545
f 2480//2480 2545//2545 2544//2544
f 2481//2481 2482//2482 2546//2546
f 2481//2481 2546//2546 2545//2545
f 2482//2482 2483//2483 2547//2547
f 2482//2482 2547//2547 2546//2546
f 2483//2483 2484//2484 2548//2548
f 2483//2483 2548//2548 2547//2547
f 2484//2484 2485//2485 2549//2549
f 2484//2484 2549//2549 2548//2548
f 2485//2485 2486//2486 2550//2550
f 2485//2485 2550//2550 2549//2549
f 2486//2486 2487//2487 2551//2551
f 2486//2486 2551//2551 2550//2550
f 2487//2487 2424//2424 2488//2488
f 2487//2487 2488//2488 2551//2551
f 2488//2488 2489//2489 2553//2553
f 2488//2488 2553//2553 2552//2552
f 2489//2489 2490//2490 2554//2554
f 2489//2489 2554//2554 2553//2553
f 2490//2490 2491//2491 2555//2555
f 2490//2490 2555//2555 2554//2554
f 2491//2491 2492//2492 2556//2556
f 2491//2491 2556//2556 2555//2555
f 2492//2492 2493//2493 2557//2557
f 2492//2492 2557//2557 2556//2556
f 2493//2493 2494//2494 2558//2558
f 2493//2493 2558//2558 2557//2557
f 2494//2494 2495//2495 2559//2559
f 2494//2494 2559//2559 2558//2558
f 2495//2495 2496//2496 2560//2560
f 2495//2495 2560//2560 2559//2559
f 2496//2496 2497//2497 2561//2561
f 2496//2496 2561//2561 2560//2560
f 2497//2497 2498//2498 2562//2562
f 2497//2497 2562//2562 2561//2561
f 2498//2498 2499//2499 2563//2563
f 2498//2498 2563//2563 2562//2562
f 2499//2499 2500//2500 2564//2564
f 2499//2499 2564//2564 2563//2563
f 2500//2500 2501//2501 2565//2565
f 2500//2500 2565//2565 2564//2564
f 2501//2501 2502//2502 2566//2566
f 2501//2501 2566//2566 2565//2565
f 2502//2502 2503//2503 2567//2567
f 2502//2502 2567//2567 2566//2566
f 2503//2503 2504//2504 2568//2568
f 2503//2503 2568//2568 2567//2567
f 2504//2504 2505//2505 2569//2569
f 2504//2504 2569//2569 2568//2568
f 2505//2505 2506//2506 2570//2570
f 2505//2505 2570//2570 2569//2569
f 2506//2506 2507//2507 2571//2571
f 2506//2506 2571//2571 2570//2570
f 2507//2507 2508//2508 2572//2572
f 2507//2507 2572//2572 2571//2571
f 2508//2508 2509//2509 2573//2573
f 2508//2508 2573//2573 2572//2572
f 2509//2509 2510//2510 2574//2574
f 2509//2509 2574//2574 2573//2573
f 2510//2510 2511//2511 2575//2575
f 2510//2510 2575//2575 2574//2574
f 2511//2511 2512//2512 2576//2576
f 2511//2511 2576//2576 2575//2575
f 2512//2512 2513//2513 2577//2577
f 2512//2512 2577//2577 2576//2576
f 2513//2513 2514//2514 2578//2578
f 2513//2513 2578//2578 2577//2577
f 2514//2514 2515//2515 2579//2579
f 2514//2514 2579//2579 2578//2578
f 2515//2515 2516//2516 2580//2580
f 2515//2515 2580//2580 2579//2579
f 2516//2516 2517//2517 2581//2581
f 2516//2516 2581//2581 2580//2580
f 2517//2517 2518//2518 2582//2582
f 2517//2517 2582//2582 2581//2581
f 2518//2518 2519//2519 2583//2583
f 2518//2518 2583//2583 2582//2582
f 2519//2519 2520//2520 2584//2584
f 2519//2519 2584//2584 2583//2583
f 2520//2520 2521//2521 2585//2585
f 2520//2520 2585//2585 2584//2584
f 2521//2521 2522//2522 2586//2586
f 2521//2521 2586//2586 2585//2585
f 2522//2522 2523//2523 2587//2587
f 2522//2522 2587//2587 2586//2586
f 2523//2523 2524//2524 2588//2588
f 2523//2523 2588//2588 2587//2587
f 2524//2524 2525//2525 2589//2589
f 2524//2524 2589//2589 2588//2588
f 2525//2525 2526//2526 2590//2590
f 2525//2525 2590//2590 2589//2589
f 2526//2526 2527//2527 2591//2591
f 2526//2526 2591//2591 2590//2590
f 2527//2527 2528//2528 2592//2592
f 2527//2527 2592//2592 2591//2591
f 2528//2528 2529//2529 2593//2593
f 2528//2528 2593//2593 2592//2592
f 2529//2529 2530//2530 2594//2594
f 2529//2529 2594//2594 2593//2593
f 2530//2530 2531//2531 2595//2595
f 2530//2530 2595//2595 2594//2594
f 2531//2531 2532//2532 2596//2596
f 2531//2531 2596//2596 2595//2595
f 2532//2532 2533//2533 2597//2597
f 2532//2532 2597//2597 2596//2596
f 2533//2533 2534//2534 2598//2598
f 2533//2533 2598//2598 2597//2597
f 2534//2534 2535//2535 2599//2599
f 2534//2534 2599//2599 2598//2598
f 2535//2535 2536//2536 2600//2600
f 2535//2535 2600//2600 2599//2599
f 2536//2536 2537//2537 2601//2601
f 2536//2536 2601//2601 2600//2600
f 2537//2537 2538//2538 2602//2602
f 2537//2537 2602//2602 2601//2601
f 2538//2538 2539//2539 2603//2603
f 2538//2538 2603//2603 2602//2602
f 2539//2539 2540//2540 2604//2604
f 2539//2539 2604//2604 2603//2603
f 2540//2540 2541//2541 2605//2605
f 2540//2540 2605//2605 2604//2604
f 2541//2541 2542//2542 2606//2606
f 2541//2541 2606//2606 2605//2605
f 2542//2542 2543//2543 2607//2607
f 2542//2542 2607//2607 2606//2606
f 2543//2543 2544//2544 2608//2608
f 2543//2543 2608//2608 2607//2607
f 2544//2544 2545//2545 2609//2609
f 2544//2544 2609//2609 2608//2608
f 2545//2545 2546//2546 2610//2610
f 2545//2545 2610//2610 2609//2609
f 2546//2546 2547//2547 2611//2611
f 2546//2546 2611//2611 2610//2610
f 2547//2547 2548//2548 2612//2612
f 2547//2547 2612//2612 2611//2611
f 2548//2548 2549//2549 2613//2613
f 2548//2548 2613//2613 2612//2612
f 2549//2549 2550//2550 2614//2614
f 2549//2549 2614//2614 2613//2613
f 2550//2550 2551//2551 2615//2615
f 2550//2550 2615//2615 2614//2614
f 2551//2551 2488//2488 2552//2552
f 2551//2551 2552//2552 2615//2615
f 2615//2615 2552//2552 2553//2553
f 2615//2615 2553//2553 2554//2554
f 2615//2615 2554//2554 2555//2555
f 2615//2615 2555//2555 2556//2556
f 2615//2615 2556//2556 2616//2616
f 2615//2615 2616//2616 2557//2557
f 2615//2615 2557//2557 2617//2617
f 2615//2615 2617//2617 2558//2558
f 2615//2615 2558//2558 2618//2618
f 2615//2615 2618//2618 2559//2559
f 2615//2615 2559//2559 2619//2619
f 2615//2615 2619//2619 2560//2560
f 2615//2615 2560//2560 2620//2620
f 2615//2615 2620//2620 2561//2561
f 2615//2615 2561//2561 2621//2621
f 2615//2615 2621//2621 2562//2562
f 2615//2615 2562//2562 2622//2622
f 2615//2615 2622//2622 2563//2563
f 2615//2615 2563//2563 2623//2623
f 2615//2615 2623//2623 2564//2564
f 2615//2615 2564//2564 2565//2565
f 2615//2615 2565//2565 2566//2566
f 2615//2615 2566//2566 2567//2567
f 2615//2615 2567//2567 2568//2568
f 2615//2615 2568//2568 2569//2569
f 2615//2615 2569//2569 2570//2570
f 2615//2615 2570//2570 2571//2571
f 2615//2615 2571//2571 2572//2572
f 2615//2615 2572//2572 2624//2624
f 2615//2615 2624//2624 2573//2573
f 2615//2615 2573//2573 2625//2625
f 2615//2615 2625//2625 2574//2574
f 2615//2615 2574//2574 2626//2626
f 2615//2615 2626//2626 2575//2575
f 2615//2615 2575//2575 2627//2627
f 2615//2615 2627//2627 2576//2576
f 2615//2615 2576//2576 2628//2628
f 2615//2615 2628//2628 2577//2577
f 2615//2615 2577//2577 2629//2629
f 2615//2615 2629//2629 2578//2578
f 2615//2615 2578//2578 2630//2630
f 2615//2615 2630//2630 2579//2579
f 2615//2615 2579//2579 2631//2631
f 2615//2615 2631//2631 2580//2580
f 2615//2615 2580//2580 2581//2581
f 2615//2615 2581//2581 2582//2582
f 2615//2615 2582//2582 2583//2583
f 2615//2615 2583//2583 2584//2584
f 2615//2615 2584//2584 2585//2585
f 2615//2615 2585//2585 2586//2586
f 2615//2615 2586//2586 2587//2587
f 2615//2615 2587//2587 2588//2588
f 2615//2615 2588//2588 2632//2632
f 2615//2615 2632//2632 2589//2589
f 2615//2615 2589//2589 2633//2633
f 2615//2615 2633//2633 2590//2590
f 2615//2615 2590//2590 2634//2634
f 2615//2615 2634//2634 2591//2591
f 2615//2615 2591//2591 2635//2635
f 2615//2615 2635//2635 2592//2592
f 2615//2615 2592//2592 2636//2636
f 2615//2615 2636//2636 2593//2593
f 2615//2615 2593//2593 2637//2637
f 2615//2615 2637//2637 2594//2594
f 2615//2615 2594//2594 2638//2638
f 2615//2615 2638//2638 2595//2595
f 2615//2615 2595//2595 2639//2639
f 2615//2615 2639//2639 2596//2596
f 2615//2615 2596//2596 2597//2597
f 2615//2615 2597//2597 2598//2598
f 2615//2615 2598//2598 2599//2599
f 2615//2615 2599//2599 2600//2600
f 2615//2615 2600//2600 2601//2601
f 2615//2615 2601//2601 2602//2602
f 2615//2615 2602//2602 2603//2603
f 2615//2615 2603//2603 2604//2604
f 2615//2615 2604//2604 2640//2640
f 2615//2615 2640//2640 2605//2605
f 2615//2615 2605//2605 2641//2641
f 2615//2615 2641//2641 2606//2606
f 2615//2615 2606//2606 2642//2642
f 2615//2615 2642//2642 2607//2607
f 2615//2615 2607//2607 2643//2643
f 2615//2615 2643//2643 2608//2608
f 2615//2615 2608//2608 2644//2644
f 2615//2615 2644//2644 2609//2609
f 2615//2615 2609//2609 2645//2645
f 2615//2615 2645//2645 2610//2610
f 2615//2615 2610//2610 2646//2646
f 2615//2615 2646//2646 2611//2611
f 2615//2615 2611//2611 2647//2647
f 2615//2615 2647//2647 2612//2612
f 2615//2615 2612//2612 2613//2613
f 2613//2613 2614//2614 2615//2615
f 2425//2425 2424//2424 2487//2487
f 2425//2425 2487//2487 2486//2486
f 2425//2425 2486//2486 2485//2485
f 2425//2425 2485//2485 2484//2484
f 2425//2425 2484//2484 2648//2648
f 2425//2425 2648//2648 2483//2483
f 2425//2425 2483//2483 2649//2649
f 2425//2425 2649//2649 2482//2482
f 2425//2425 2482//2482 2650//2650
f 2425//2425 2650//2650 2481//2481
f 2425//2425 2481//2481 2651//2651
f 2425//2425 2651//2651 2480//2480
f 2425//2425 2480//2480 2652//2652
f 2425//2425 2652//2652 2479//2479
f 2425//2425 2479//2479 2653//2653
f 2425//2425 2653//2653 2478//2478
f 2425//2425 2478//2478 2654//2654
f 2425//2425 2654//2654 2477//2477
f 2425//2425 2477//2477 2655//2655
f 2425//2425 2655//2655 2476//2476
f 2425//2425 2476//2476 2475//2475
f 2425//2425 2475//2475 2474//2474
f 2425//2425 2474//2474 2473//2473
f 2425//2425 2473//2473 2472//2472
f 2425//2425 2472//2472 2471//2471
f 2425//2425 2471//2471 2470//2470
f 2425//2425 2470//2470 2469//2469
f 2425//2425 2469//2469 2468//2468
f 2425//2425 2468//2468 2656//2656
f 2425//2425 2656//2656 2467//2467
f 2425//2425 2467//2467 2657//2657
f 2425//2425 2657//2657 2466//2466
f 2425//2425 2466//2466 2658//2658
f 2425//2425 2658//2658 2465//2465
f 2425//2425 2465//2465 2659//2659
f 2425//2425 2659//2659 2464//2464
f 2425//2425 2464//2464 2660//2660
f 2425//2425 2660//2660 2463//2463
f 2425//2425 2463//2463 2661//2661
f 2425//2425 2661//2661 2462//2462
f 2425//2425 2462//2462 2662//2662
f 2425//2425 2662//2662 2461//2461
f 2425//2425 2461//2461 2663//2663
f 2425//2425 2663//2663 2460//2460
f 2425//2425 2460//2460 2459//2459
f 2425//2425 2459//2459 2458//2458
f 2425//2425 2458//2458 2457//2457
f 2425//2425 2457//2457 2456//2456
f 2425//2425 2456//2456 2455//2455
f 2425//2425 2455//2455 2454//2454
f 2425//2425 2454//2454 2453//2453
f 2425//2425 2453//2453 2452//2452
f 2425//2425 2452//2452 2664//2664
f 2425//2425 2664//2664 2451//2451
f 2425//2425 2451//2451 2665//2665
f 2425//2425 2665//2665 2450//2450
f 2425//2425 2450//2450 2666//2666
f 2425//2425 2666//2666 2449//2449
f 2425//2425 2449//2449 2667//2667
f 2425//2425 2667//2667 2448//2448
f 2425//2425 2448//2448 2668//2668
f 2425//2425 2668//2668 2447//2447
f 2425//2425 2447//2447 2669//2669
f 2425//2425 2669//2669 2446//2446
f 2425//2425 2446//2446 2670//2670
f 2425//2425 2670//2670 2445//2445
f 2425//2425 2445//2445 2671//2671
f 2425//2425 2671//2671 2444//2444
f 2425//2425 2444//2444 2443//2443
f 2425//2425 2443//2443 2442//2442
f 2425//2425 2442//2442 2441//2441
f 2425//2425 2441//2441 2440//2440
f 2425//2425 2440//2440 2439//2439
f 2425//2425 2439//2439 2438//2438
f 2425//2425 2438//2438 2437//2437
f 2425//2425 2437//2437 2436//2436
f 2425//2425 2436//2436 2672//2672
f 2425//2425 2672//2672 2435//2435
f 2425//2425 2435//2435 2673//2673
f 2425//2425 2673//2673 2434//2434
f 2425//2425 2434//2434 2674//2674
f 2425//2425 2674//2674 2433//2433
f 2425//2425 2433//2433 2675//2675
f 2425//2425 2675//2675 2432//2432
f 2425//2425 2432//2432 2676//2676
f 2425//2425 2676//2676 2431//2431
f 2425//2425 2431//2431 2677//2677
f 2425//2425 2677//2677 2430//2430
f 2425//2425 2430//2430 2678//2678
f 2425//2425 2678//2678 2429//2429
f 2425//2425 2429//2429 2679//2679
f 2425//2425 2679//2679 2428//2428
f 2425//2425 2428//2428 2427//2427
f 2427//2427 2426//2426 2425//2425
o HRR
v 3.12 1.9 0.36
v 3.12065 1.9 0.374377
v 3.12267 1.9 0.389114
v 3.12618 1.9 0.404025
v 3.13123 1.9 0.418895
v 3.13787 1.9 0.433487
v 3.14608 1.9 0.447554
v 3.15578 1.9 0.460848
v 3.16686 1.9 0.473137
v 3.17915 1.9 0.484217
v 3.19245 1.9 0.493919
v 3.20651 1.9 0.502125
v 3.2211 1.9 0.508766
v 3.23597 1.9 0.513824
v 3.25089 1.9 0.517329
v 3.26562 1.9 0.519353
v 3.28 1.9 0.52
v 3.29438 1.9 0.519353
v 3.30911 1.9 0.517329
v 3.32403 1.9 0.513824
v 3.3389 1.9 0.508766
v 3.35349 1.9 0.502125
v 3.36755 1.9 0.493919
v 3.38085 1.9 0.484217
v 3.39314 1.9 0.473137
v 3.40422 1.9 0.460848
v 3.41392 1.9 0.447554
v 3.42213 1.9 0.433487
v 3.42877 1.9 0.418895
v 3.43382 1.9 0.404025
v 3.43733 1.9 0.389114
v 3.43935 1.9 0.374377
v 3.44 1.9 0.36
v 3.43935 1.9 0.345623
v 3.43733 1.9 0.330886
v 3.43382 1.9 0.315975
v 3.42877 1.9 0.301105
v 3.42213 1.9 0.286513
v 3.41392 1.9 0.272446
v 3.40422 1.9 0.259152
v 3.39314 1.9 0.246863
v 3.38085 1.9 0.235783
v 3.36755 1.9 0.226081
v 3.35349 1.9 0.217875
v 3.3389 1.9 0.211234
v 3.32403 1.9 0.206176
v 3.30911 1.9 0.202671
v 3.29438 1.9 0.200647
v 3.28 1.9 0.2
v 3.26562 1.9 0.200647
v 3.25089 1.9 0.202671
v 3.23597 1.9 0.206176
v 3.2211 1.9 0.211234
v 3.20651 1.9 0.217875
v 3.19245 1.9 0.226081
v 3.17915 1.9 0.235783
v 3.16686 1.9 0.246863
v 3.15578 1.9 0.259152
v 3.14608 1.9 0.272446
v 3.13787 1.9 0.286513
v 3.13123 1.9 0.301105
v 3.12618 1.9 0.315975
v 3.12267 1.9 0.330886
v 3.12065 1.9 0.345623
v 3.12 1.93 0.36
v 3.12065 1.93 0.374377
v 3.12267 1.93 0.389114
v 3.12618 1.93 0.404025
v 3.13123 1.93 0.418895
v 3.13787 1.93 0.433487
v 3.14608 1.93 0.447554
v 3.15578 1.93 0.460848
v 3.16686 1.93 0.473137
v 3.17915 1.93 0.484217
v 3.19245 1.93 0.493919
v 3.20651 1.93 0.502125
v 3.2211 1.93 0.508766
v 3.23597 1.93 0.513824
v 3.25089 1.93 0.517329
v 3.26562 1.93 0.519353
v 3.28 1.93 0.52
v 3.29438 1.93 0.519353
v 3.30911 1.93 0.517329
v 3.32403 1.93 0.513824
v 3.3389 1.93 0.508766
v 3.35349 1.93 0.502125
v 3.36755 1.93 0.493919
v 3.38085 1.93 0.484217
v 3.39314 1.93 0.473137
v 3.40422 1.93 0.460848
v 3.41392 1.93 0.447554
v 3.42213 1.93 0.433487
v 3.42877 1.93 0.418895
v 3.43382 1.93 0.404025
v 3.43733 1.93 0.389114
v 3.43935 1.93 0.374377
v 3.44 1.93 0.36
v 3.43935 1.93 0.345623
v 3.43733 1.93 0.330886
v 3.43382 1.93 0.315975
v 3.42877 1.93 0.301105
v 3.42213 1.93 0.286513
v 3.41392 1.93 0.272446
v 3.40422 1.93 0.259152
v 3.39314 1.93 0.246863
v 3.38085 1.93 0.235783
v 3.36755 1.93 0.226081
v 3.35349 1.93 0.217875
v 3.3389 1.93 0.211234
v 3.32403 1.93 0.206176
v 3.30911 1.93 0.202671
v 3.29438 1.93 0.200647
v 3.28 1.93 0.2
v 3.26562 1.93 0.200647
v 3.25089 1.93 0.202671
v 3.23597 1.93 0.206176
v 3.2211 1.93 0.211234
v 3.20651 1.93 0.217875
v 3.19245 1.93 0.226081
v 3.17915 1.93 0.235783
v 3.16686 1.93 0.246863
v 3.15578 1.93 0.259152
v 3.14608 1.93 0.272446
v 3.13787 1.93 0.286513
v 3.13123 1.93 0.301105
v 3.12618 1.93 0.315975
v 3.12267 1.93 0.330886
v 3.12065 1.93 0.345623
v 3.12 1.96 0.36
v 3.12065 1.96 0.374377
v 3.12267 1.96 0.389114
v 3.12618 1.96 0.404025
v 3.13123 1.96 0.418895
v 3.13787 1.96 0.433487
v 3.14608 1.96 0.447554
v 3.15578 1.96 0.460848
v 3.16686 1.96 0.473137
v 3.17915 1.96 0.484217
v 3.19245 1.96 0.493919
v 3.20651 1.96 0.502125
v 3.2211 1.96 0.508766
v 3.23597 1.96 0.513824
v 3.25089 1.96 0.517329
v 3.26562 1.96 0.519353
v 3.28 1.96 0.52
v 3.29438 1.96 0.519353
v 3.30911 1.96 0.517329
v 3.32403 1.96 0.513824
v 3.3389 1.96 0.508766
v 3.35349 1.96 0.502125
v 3.36755 1.96 0.493919
v 3.38085 1.96 0.484217
v 3.39314 1.96 0.473137
v 3.40422 1.96 0.460848
v 3.41392 1.96 0.447554
v 3.42213 1.96 0.433487
v 3.42877 1.96 0.418895
v 3.43382 1.96 0.404025
v 3.43733 1.96 0.389114
v 3.43935 1.96 0.374377
v 3.44 1.96 0.36
v 3.43935 1.96 0.345623
v 3.43733 1.96 0.330886
v 3.43382 1.96 0.315975
v 3.42877 1.96 0.301105
v 3.42213 1.96 0.286513
v 3.41392 1.96 0.272446
v 3.40422 1.96 0.259152
v 3.39314 1.96 0.246863
v 3.38085 1.96 0.235783
v 3.36755 1.96 0.226081
v 3.35349 1.96 0.217875
v 3.3389 1.96 0.211234
v 3.32403 1.96 0.206176
v 3.30911 1.96 0.202671
v 3.29438 1.96 0.200647
v 3.28 1.96 0.2
v 3.26562 1.96 0.200647
v 3.25089 1.96 0.202671
v 3.23597 1.96 0.206176
v 3.2211 1.96 0.211234
v 3.20651 1.96 0.217875
v 3.19245 1.96 0.226081
v 3.17915 1.96 0.235783
v 3.16686 1.96 0.246863
v 3.15578 1.96 0.259152
v 3.14608 1.96 0.272446
v 3.13787 1.96 0.286513
v 3.13123 1.96 0.301105
v 3.12618 1.96 0.315975
v 3.12267 1.96 0.330886
v 3.12065 1.96 0.345623
v 3.13436 1.96 0.426241
v 3.14179 1.96 0.440602
v 3.15075 1.96 0.454312
v 3.16116 1.96 0.467132
v 3.17287 1.96 0.478839
v 3.18569 1.96 0.489249
v 3.1994 1.96 0.498215
v 3.21376 1.96 0.505644
v 3.34624 1.96 0.505644
v 3.3606 1.96 0.498215
v 3.37431 1.96 0.489249
v 3.38713 1.96 0.478839
v 3.39884 1.96 0.467132
v 3.40925 1.96 0.454312
v 3.41821 1.96 0.440602
v 3.42564 1.96 0.426241
v 3.42564 1.96 0.293759
v 3.41821 1.96 0.279398
v 3.40925 1.96 0.265688
v 3.39884 1.96 0.252868
v 3.38713 1.96 0.241161
v 3.37431 1.96 0.230751
v 3.3606 1.96 0.221785
v 3.34624 1.96 0.214356
v 3.21376 1.96 0.214356
v 3.1994 1.96 0.221785
v 3.18569 1.96 0.230751
v 3.17287 1.96 0.241161
v 3.16116 1.96 0.252868
v 3.15075 1.96 0.265688
v 3.14179 1.96 0.279398
v 3.13436 1.96 0.293759
v 3.13436 1.9 0.293759
v 3.14179 1.9 0.279398
v 3.15075 1.9 0.265688
v 3.16116 1.9 0.252868
v 3.17287 1.9 0.241161
v 3.18569 1.9 0.230751
v 3.1994 1.9 0.221785
v 3.21376 1.9 0.214356
v 3.34624 1.9 0.214356
v 3.3606 1.9 0.221785
v 3.37431 1.9 0.230751
v 3.38713 1.9 0.241161
v 3.39884 1.9 0.252868
v 3.40925 1.9 0.265688
v 3.41821 1.9 0.279398
v 3.42564 1.9 0.293759
v 3.42564 1.9 0.426241
v 3.41821 1.9 0.440602
v 3.40925 1.9 0.454312
v 3.39884 1.9 0.467132
v 3.38713 1.9 0.478839
v 3.37431 1.9 0.489249
v 3.3606 1.9 0.498215
v 3.34624 1.9 0.505644
v 3.21376 1.9 0.505644
v 3.1994 1.9 0.498215
v 3.18569 1.9 0.489249
v 3.17287 1.9 0.478839
v 3.16116 1.9 0.467132
v 3.15075 1.9 0.454312
v 3.14179 1.9 0.440602
v 3.13436 1.9 0.426241
vn -0.894427 -0.447214 -4.09618e-16
vn -0.704246 -0.707107 0.0635367
vn -0.695302 -0.707107 0.128667
vn -0.679812 -0.707107 0.194566
vn -0.65746 -0.707107 0.260282
vn -0.628112 -0.707107 0.32477
vn -0.591845 -0.707107 0.386936
vn -0.548965 -0.707107 0.445688
vn -0.5 -0.707107 0.5
vn -0.445688 -0.707107 0.548965
vn -0.386936 -0.707107 0.591845
vn -0.32477 -0.707107 0.628112
vn -0.260282 -0.707107 0.65746
vn -0.194566 -0.707107 0.679812
vn -0.128667 -0.707107 0.695302
vn -0.0635367 -0.707107 0.704246
vn -1.73472e-16 -0.707107 0.707107
vn 0.0635367 -0.707107 0.704246
vn 0.128667 -0.707107 0.695302
vn 0.194566 -0.707107 0.679812
vn 0.260282 -0.707107 0.65746
vn 0.32477 -0.707107 0.628112
vn 0.386936 -0.707107 0.591845
vn 0.445688 -0.707107 0.548965
vn 0.5 -0.707107 0.5
vn 0.548965 -0.707107 0.445688
vn 0.591845 -0.707107 0.386936
vn 0.628112 -0.707107 0.32477
vn 0.65746 -0.707107 0.260282
vn 0.679812 -0.707107 0.194566
vn 0.695302 -0.707107 0.128667
vn 0.704246 -0.707107 0.0635367
vn 0.707107 -0.707107 7.59742e-16
vn 0.704246 -0.707107 -0.0635367
vn 0.695302 -0.707107 -0.128667
vn 0.679812 -0.707107 -0.194566
vn 0.65746 -0.707107 -0.260282
vn 0.628112 -0.707107 -0.32477
vn 0.591845 -0.707107 -0.386936
vn 0.548965 -0.707107 -0.445688
vn 0.5 -0.707107 -0.5
vn 0.445688 -0.707107 -0.548965
vn 0.386936 -0.707107 -0.591845
vn 0.32477 -0.707107 -0.628112
vn 0.260282 -0.707107 -0.65746
vn 0.194566 -0.707107 -0.679812
vn 0.128667 -0.707107 -0.695302
vn 0.0635367 -0.707107 -0.704246
vn -5.65348e-17 -0.707107 -0.707107
vn -0.0635367 -0.707107 -0.704246
vn -0.128667 -0.707107 -0.695302
vn -0.194566 -0.707107 -0.679812
vn -0.260282 -0.707107 -0.65746
vn -0.32477 -0.707107 -0.628112
vn -0.386936 -0.707107 -0.591845
vn -0.445688 -0.707107 -0.548965
vn -0.5 -0.707107 -0.5
vn -0.548965 -0.707107 -0.445688
vn -0.591845 -0.707107 -0.386936
vn -0.628112 -0.707107 -0.32477
vn -0.65746 -0.707107 -0.260282
vn -0.679812 -0.707107 -0.194566
vn -0.695302 -0.707107 -0.128667
vn -0.704246 -0.707107 -0.0635367
vn -1 0 9.81308e-16
vn -0.995955 0 0.0898544
vn -0.983305 0 0.181963
vn -0.961399 0 0.275158
vn -0.929788 0 0.368095
vn -0.888284 0 0.459295
vn -0.836996 0 0.54721
vn -0.776353 0 0.630298
vn -0.707107 0 0.707107
vn -0.630298 0 0.776353
vn -0.54721 0 0.836996
vn -0.459295 0 0.888284
vn -0.368095 0 0.929788
vn -0.275158 0 0.961399
vn -0.181963 0 0.983305
vn -0.0898544 0 0.995955
vn -4.90654e-16 0 1
vn 0.0898544 -0 0.995955
vn 0.181963 -0 0.983305
vn 0.275158 -0 0.961399
vn 0.368095 -0 0.929788
vn 0.459295 -0 0.888284
vn 0.54721 -0 0.836996
vn 0.630298 -0 0.776353
vn 0.707107 -0 0.707107
vn 0.776353 -0 0.630298
vn 0.836996 -0 0.54721
vn 0.888284 -0 0.459295
vn 0.929788 -0 0.368095
vn 0.961399 -0 0.275158
vn 0.983305 -0 0.181963
vn 0.995955 -0 0.0898544
vn 1 -0 3.92523e-15
vn 0.995955 0 -0.0898544
vn 0.983305 0 -0.181963
vn 0.961399 0 -0.275158
vn 0.929788 0 -0.368095
vn 0.888284 0 -0.459295
vn 0.836996 0 -0.54721
vn 0.776353 0 -0.630298
vn 0.707107 0 -0.707107
vn 0.630298 0 -0.776353
vn 0.54721 0 -0.836996
vn 0.459295 0 -0.888284
vn 0.368095 0 -0.929788
vn 0.275158 0 -0.961399
vn 0.181963 0 -0.983305
vn 0.0898544 0 -0.995955
vn 0 0 -1
vn -0.0898544 0 -0.995955
vn -0.181963 0 -0.983305
vn -0.275158 0 -0.961399
vn -0.368095 0 -0.929788
vn -0.459295 0 -0.888284
vn -0.54721 0 -0.836996
vn -0.630298 0 -0.776353
vn -0.707107 0 -0.707107
vn -0.776353 0 -0.630298
vn -0.836996 0 -0.54721
vn -0.888284 0 -0.459295
vn -0.929788 0 -0.368095
vn -0.961399 0 -0.275158
vn -0.983305 0 -0.181963
vn -0.995955 0 -0.0898544
vn -0.894427 0.447214 3.52789e-31
vn -0.704246 0.707107 0.0635367
vn -0.695302 0.707107 0.128667
vn -0.679812 0.707107 0.194566
vn -0.65746 0.707107 0.260282
vn -0.628112 0.707107 0.32477
vn -0.591845 0.707107 0.386936
vn -0.548965 0.707107 0.445688
vn -0.5 0.707107 0.5
vn -0.445688 0.707107 0.548965
vn -0.386936 0.707107 0.591845
vn -0.32477 0.707107 0.628112
vn -0.260282 0.707107 0.65746
vn -0.194566 0.707107 0.679812
vn -0.128667 0.707107 0.695302
vn -0.0635367 0.707107 0.704246
vn -1.73472e-16 0.707107 0.707107
vn 0.0635367 0.707107 0.704246
vn 0.128667 0.707107 0.695302
vn 0.194566 0.707107 0.679812
vn 0.260282 0.707107 0.65746
vn 0.32477 0.707107 0.628112
vn 0.386936 0.707107 0.591845
vn 0.445688 0.707107 0.548965
vn 0.5 0.707107 0.5
vn 0.548965 0.707107 0.445688
vn 0.591845 0.707107 0.386936
vn 0.628112 0.707107 0.32477
vn 0.65746 0.707107 0.260282
vn 0.679812 0.707107 0.194566
vn 0.695302 0.707107 0.128667
vn 0.704246 0.707107 0.0635367
vn 0.707107 0.707107 7.59742e-16
vn 0.704246 0.707107 -0.0635367
vn 0.695302 0.707107 -0.128667
vn 0.679812 0.707107 -0.194566
vn 0.65746 0.707107 -0.260282
vn 0.628112 0.707107 -0.32477
vn 0.591845 0.707107 -0.386936
vn 0.548965 0.707107 -0.445688
vn 0.5 0.707107 -0.5
vn 0.445688 0.707107 -0.548965
vn 0.386936 0.707107 -0.591845
vn 0.32477 0.707107 -0.628112
vn 0.260282 0.707107 -0.65746
vn 0.194566 0.707107 -0.679812
vn 0.128667 0.707107 -0.695302
vn 0.0635367 0.707107 -0.704246
vn -6.63478e-17 0.707107 -0.707107
vn -0.0635367 0.707107 -0.704246
vn -0.128667 0.707107 -0.695302
vn -0.194566 0.707107 -0.679812
vn -0.260282 0.707107 -0.65746
vn -0.32477 0.707107 -0.628112
vn -0.386936 0.707107 -0.591845
vn -0.445688 0.707107 -0.548965
vn -0.5 0.707107 -0.5
vn -0.548965 0.707107 -0.445688
vn -0.591845 0.707107 -0.386936
vn -0.628112 0.707107 -0.32477
vn -0.65746 0.707107 -0.260282
vn -0.679812 0.707107 -0.194566
vn -0.695302 0.707107 -0.128667
vn -0.704246 0.707107 -0.0635367
vn -8.79297e-16 1 -8.88178e-16
vn 8.70415e-16 1 -8.88178e-16
vn -8.70415e-16 1 -8.88178e-16
vn 0 1 -8.88178e-16
vn 0 1 -8.88178e-16
vn -8.70415e-16 1 -8.88178e-16
vn 0 1 -0
vn 9.86076e-32 1 -4.44089e-16
vn 1.47911e-31 1 -6.66134e-16
vn 0 1 -8.88178e-16
vn 0 1 -0
vn 0 1 -0
vn 0 1 -9.99201e-16
vn 8.70415e-16 1 -0
vn 8.70415e-16 1 -8.88178e-16
vn -4.44089e-16 1 -9.4369e-16
vn 4.44089e-18 1 -5.55112e-17
vn -2.22045e-16 1 -9.99201e-16
vn -2.13163e-16 1 -9.99201e-16
vn -2.13163e-16 1 -1.11022e-16
vn -4.39648e-16 1 -2.22045e-16
vn 6.59472e-16 1 -2.22045e-16
vn -4.39648e-16 1 -1.11022e-15
vn 1.65423e-16 1 -6.66134e-16
vn 1.58762e-16 1 -4.44089e-16
vn 4.37428e-16 1 -8.88178e-16
vn -1.02141e-16 1 -8.88178e-16
vn 4.41869e-16 1 -8.88178e-16
vn -2.13163e-16 1 -8.88178e-16
vn -2.13163e-16 1 -8.88178e-16
vn -2.26485e-16 1 -8.88178e-16
vn -4.44089e-18 1 -8.88178e-16
vn 2.22045e-16 -1 -9.4369e-16
vn 2.10942e-16 -1 -8.88178e-16
vn -6.55032e-16 -1 -9.99201e-16
vn 6.55032e-16 -1 -1.11022e-16
vn -1.11022e-16 -1 -2.22045e-16
vn -3.21965e-16 -1 0
vn -1.66533e-17 -1 -6.66134e-16
vn 2.19269e-16 -1 -6.66134e-16
vn 1.63758e-16 -1 -4.44089e-16
vn -9.99201e-17 -1 -4.44089e-16
vn -3.38618e-16 -1 -8.88178e-16
vn -2.27596e-16 -1 0
vn -2.22045e-16 -1 0
vn 2.10942e-16 -1 0
vn 2.10942e-16 -1 -8.88178e-16
vn 2.22045e-16 -1 -8.88178e-16
vn -4.21885e-16 -1 0
vn 1.28786e-15 -1 -8.88178e-16
vn -8.43769e-16 -1 -8.88178e-16
vn 0 -1 0
vn 1.73195e-15 -1 -8.88178e-16
vn 0 -1 0
vn 0 -1 -8.88178e-16
vn 0 -1 -8.88178e-16
vn 0 -1 -6.66134e-16
vn 0 -1 -1.11022e-15
vn 0 -1 0
vn 0 -1 -1.11022e-15
vn 0 -1 -1.11022e-16
vn 8.43769e-16 -1 -1.11022e-16
vn 1.28786e-15 -1 0
vn 8.65974e-16 -1 -9.4369e-16
g HRR_chrome
usemtl chrome
f 2680//2680 2681//2681 2745//2745
f 2680//2680 2745//2745 2744//2744
f 2681//2681 2682//2682 2746//2746
f 2681//2681 2746//2746 2745//2745
f 2682//2682 2683//2683 2747//2747
f 2682//2682 2747//2747 2746//2746
f 2683//2683 2684//2684 2748//2748
f 2683//2683 2748//2748 2747//2747
f 2684//2684 2685//2685 2749//2749
f 2684//2684 2749//2749 2748//2748
f 2685//2685 2686//2686 2750//2750
f 2685//2685 2750//2750 2749//2749
f 2686//2686 2687//2687 2751//2751
f 2686//2686 2751//2751 2750//2750
f 2687//2687 2688//2688 2752//2752
f 2687//2687 2752//2752 2751//2751
f 2688//2688 2689//2689 2753//2753
f 2688//2688 2753//2753 2752//2752
f 2689//2689 2690//2690 2754//2754
f 2689//2689 2754//2754 2753//2753
f 2690//2690 2691//2691 2755//2755
f 2690//2690 2755//2755 2754//2754
f 2691//2691 2692//2692 2756//2756
f 2691//2691 2756//2756 2755//2755
f 2692//2692 2693//2693 2757//2757
f 2692//2692 2757//2757 2756//2756
f 2693//2693 2694//2694 2758//2758
f 2693//2693 2758//2758 2757//2757
f 2694//2694 2695//2695 2759//2759
f 2694//2694 2759//2759 2758//2758
f 2695//2695 2696//2696 2760//2760
f 2695//2695 2760//2760 2759//2759
f 2696//2696 2697//2697 2761//2761
f 2696//2696 2761//2761 2760//2760
f 2697//2697 2698//2698 2762//2762
f 2697//2697 2762//2762 2761//2761
f 2698//2698 2699//2699 2763//2763
f 2698//2698 2763//2763 2762//2762
f 2699//2699 2700//2700 2764//2764
f 2699//2699 2764//2764 2763//2763
f 2700//2700 2701//2701 2765//2765
f 2700//2700 2765//2765 2764//2764
f 2701//2701 2702//2702 2766//2766
f 2701//2701 2766//2766 2765//2765
f 2702//2702 2703//2703 2767//2767
f 2702//2702 2767//2767 2766//2766
f 2703//2703 2704//2704 2768//2768
f 2703//2703 2768//2768 2767//2767
f 2704//2704 2705//2705 2769//2769
f 2704//2704 2769//2769 2768//2768
f 2705//2705 2706//2706 2770//2770
f 2705//2705 2770//2770 2769//2769
f 2706//2706 2707//2707 2771//2771
f 2706//2706 2771//2771 2770//2770
f 2707//2707 2708//2708 2772//2772
f 2707//2707 2772//2772 2771//2771
f 2708//2708 2709//2709 2773//2773
f 2708//2708 2773//2773 2772//2772
f 2709//2709 2710//2710 2774//2774
f 2709//2709 2774//2774 2773//2773
f 2710//2710 2711//2711 2775//2775
f 2710//2710 2775//2775 2774//2774
f 2711//2711 2712//2712 2776//2776
f 2711//2711 2776//2776 2775//2775
f 2712//2712 2713//2713 2777//2777
f 2712//2712 2777//2777 2776//2776
f 2713//2713 2714//2714 2778//2778
f 2713//2713 2778//2778 2777//2777
f 2714//2714 2715//2715 2779//2779
f 2714//2714 2779//2779 2778//2778
f 2715//2715 2716//2716 2780//2780
f 2715//2715 2780//2780 2779//2779
f 2716//2716 2717//2717 2781//2781
f 2716//2716 2781//2781 2780//2780
f 2717//2717 2718//2718 2782//2782
f 2717//2717 2782//2782 2781//2781
f 2718//2718 2719//2719 2783//2783
f 2718//2718 2783//2783 2782//2782
f 2719//2719 2720//2720 2784//2784
f 2719//2719 2784//2784 2783//2783
f 2720//2720 2721//2721 2785//2785
f 2720//2720 2785//2785 2784//2784
f 2721//2721 2722//2722 2786//2786
f 2721//2721 2786//2786 2785//2785
f 2722//2722 2723//2723 2787//2787
f 2722//2722 2787//2787 2786//2786
f 2723//2723 2724//2724 2788//2788
f 2723//2723 2788//2788 2787//2787
f 2724//2724 2725//2725 2789//2789
f 2724//2724 2789//2789 2788//2788
f 2725//2725 2726//2726 2790//2790
f 2725//2725 2790//2790 2789//2789
f 2726//2726 2727//2727 2791//2791
f 2726//2726 2791//2791 2790//2790
f 2727//2727 2728//2728 2792//2792
f 2727//2727 2792//2792 2791//2791
f 2728//2728 2729//2729 2793//2793
f 2728//2728 2793//2793 2792//2792
f 2729//2729 2730//2730 2794//2794
f 2729//2729 2794//2794 2793//2793
f 2730//2730 2731//2731 2795//2795
f 2730//2730 2795//2795 2794//2794
f 2731//2731 2732//2732 2796//2796
f 2731//2731 2796//2796 2795//2795
f 2732//2732 2733//2733 2797//2797
f 2732//2732 2797//2797 2796//2796
f 2733//2733 2734//2734 2798//2798
f 2733//2733 2798//2798 2797//2797
f 2734//2734 2735//2735 2799//2799
f 2734//2734 2799//2799 2798//2798
f 2735//2735 2736//2736 2800//2800
f 2735//2735 2800//2800 2799//2799
f 2736//2736 2737//2737 2801//2801
f 2736//2736 2801//2801 2800//2800
f 2737//2737 2738//2738 2802//2802
f 2737//2737 2802//2802 2801//2801
f 2738//2738 2739//2739 2803//2803
f 2738//2738 2803//2803 2802//2802
f 2739//2739 2740//2740 2804//2804
f 2739//2739 2804//2804 2803//2803
f 2740//2740 2741//2741 2805//2805
f 2740//2740 2805//2805 2804//2804
f 2741//2741 2742//2742 2806//2806
f 2741//2741 2806//2806 2805//2805
f 2742//2742 2743//2743 2807//2807
f 2742//2742 2807//2807 2806//2806
f 2743//2743 2680//2680 2744//2744
f 2743//2743 2744//2744 2807//2807
f 2744//2744 2745//2745 2809//2809
f 2744//2744 2809//2809 2808//2808
f 2745//2745 2746//2746 2810//2810
f 2745//2745 2810//2810 2809//2809
f 2746//2746 2747//2747 2811//2811
f 2746//2746 2811//2811 2810//2810
f 2747//2747 2748//2748 2812//2812
f 2747//2747 2812//2812 2811//2811
f 2748//2748 2749//2749 2813//2813
f 2748//2748 2813//2813 2812//2812
f 2749//2749 2750//2750 2814//2814
f 2749//2749 2814//2814 2813//2813
f 2750//2750 2751//2751 2815//2815
f 2750//2750 2815//2815 2814//2814
f 2751//2751 2752//2752 2816//2816
f 2751//2751 2816//2816 2815//2815
f 2752//2752 2753//2753 2817//2817
f 2752//2752 2817//2817 2816//2816
f 2753//2753 2754//2754 2818//2818
f 2753//2753 2818//2818 2817//2817
f 2754//2754 2755//2755 2819//2819
f 2754//2754 2819//2819 2818//2818
f 2755//2755 2756//2756 2820//2820
f 2755//2755 2820//2820 2819//2819
f 2756//2756 2757//2757 2821//2821
f 2756//2756 2821//2821 2820//2820
f 2757//2757 2758//2758 2822//2822
f 2757//2757 2822//2822 2821//2821
f 2758//2758 2759//2759 2823//2823
f 2758//2758 2823//2823 2822//2822
f 2759//2759 2760//2760 2824//2824
f 2759//2759 2824//2824 2823//2823
f 2760//2760 2761//2761 2825//2825
f 2760//2760 2825//2825 2824//2824
f 2761//2761 2762//2762 2826//2826
f 2761//2761 2826//2826 2825//2825
f 2762//2762 2763//2763 2827//2827
f 2762//2762 2827//2827 2826//2826
f 2763//2763 2764//2764 2828//2828
f 2763//2763 2828//2828 2827//2827
f 2764//2764 2765//2765 2829//2829
f 2764//2764 2829//2829 2828//2828
f 2765//2765 2766//2766 2830//2830
f 2765//2765 2830//2830 2829//2829
f 2766//2766 2767//2767 2831//2831
f 2766//2766 2831//2831 2830//2830
f 2767//2767 2768//2768 2832//2832
f 2767//2767 2832//2832 2831//2831
f 2768//2768 2769//2769 2833//2833
f 2768//2768 2833//2833 2832//2832
f 2769//2769 2770//2770 2834//2834
f 2769//2769 2834//2834 2833//2833
f 2770//2770 2771//2771 2835//2835
f 2770//2770 2835//2835 2834//2834
f 2771//2771 2772//2772 2836//2836
f 2771//2771 2836//2836 2835//2835
f 2772//2772 2773//2773 2837//2837
f 2772//2772 2837//2837 2836//2836
f 2773//2773 2774//2774 2838//2838
f 2773//2773 2838//2838 2837//2837
f 2774//2774 2775//2775 2839//2839
f 2774//2774 2839//2839 2838//2838
f 2775//2775 2776//2776 2840//2840
f 2775//2775 2840//2840 2839//2839
f 2776//2776 2777//2777 2841//2841
f 2776//2776 2841//2841 2840//2840
f 2777//2777 2778//2778 2842//2842
f 2777//2777 2842//2842 2841//2841
f 2778//2778 2779//2779 2843//2843
f 2778//2778 2843//2843 2842//2842
f 2779//2779 2780//2780 2844//2844
f 2779//2779 2844//2844 2843//2843
f 2780//2780 2781//2781 2845//2845
f 2780//2780 2845//2845 2844//2844
f 2781//2781 2782//2782 2846//2846
f 2781//2781 2846//2846 2845//2845
f 2782//2782 2783//2783 2847//2847
f 2782//2782 2847//2847 2846//2846
f 2783//2783 2784//2784 2848//2848
f 2783//2783 2848//2848 2847//2847
f 2784//2784 2785//2785 2849//2849
f 2784//2784 2849//2849 2848//2848
f 2785//2785 2786//2786 2850//2850
f 2785//2785 2850//2850 2849//2849
f 2786//2786 2787//2787 2851//2851
f 2786//2786 2851//2851 2850//2850
f 2787//2787 2788//2788 2852//2852
f 2787//2787 2852//2852 2851//2851
f 2788//2788 2789//2789 2853//2853
f 2788//2788 2853//2853 2852//2852
f 2789//2789 2790//2790 2854//2854
f 2789//2789 2854//2854 2853//2853
f 2790//2790 2791//2791 2855//2855
f 2790//2790 2855//2855 2854//2854
f 2791//2791 2792//2792 2856//2856
f 2791//2791 2856//2856 2855//2855
f 2792//2792 2793//2793 2857//2857
f 2792//2792 2857//2857 2856//2856
f 2793//2793 2794//2794 2858//2858
f 2793//2793 2858//2858 2857//2857
f 2794//2794 2795//2795 2859//2859
f 2794//2794 2859//2859 2858//2858
f 2795//2795 2796//2796 2860//2860
f 2795//2795 2860//2860 2859//2859
f 2796//2796 2797//2797 2861//2861
f 2796//2796 2861//2861 2860//2860
f 2797//2797 2798//2798 2862//2862
f 2797//2797 2862//2862 2861//2861
f 2798//2798 2799//2799 2863//2863
f 2798//2798 2863//2863 2862//2862
f 2799//2799 2800//2800 2864//2864
f 2799//2799 2864//2864 2863//2863
f 2800//2800 2801//2801 2865//2865
f 2800//2800 2865//2865 2864//2864
f 2801//2801 2802//2802 2866//2866
f 2801//2801 2866//2866 2865//2865
f 2802//2802 2803//2803 2867//2867
f 2802//2802 2867//2867 2866//2866
f 2803//2803 2804//2804 2868//2868
f 2803//2803 2868//2868 2867//2867
f 2804//2804 2805//2805 2869//2869
f 2804//2804 2869//2869 2868//2868
f 2805//2805 2806//2806 2870//2870
f 2805//2805 2870//2870 2869//2869
f 2806//2806 2807//2807 2871//2871
f 2806//2806 2871//2871 2870//2870
f 2807//2807 2744//2744 2808//2808
f 2807//2807 2808//2808 2871//2871
f 2871//2871 2808//2808 2809//2809
f 2871//2871 2809//2809 2810//2810
f 2871//2871 2810//2810 2811//2811
f 2871//2871 2811//2811 2812//2812
f 2871//2871 2812//2812 2872//2872
f 2871//2871 2872//2872 2813//2813
f 2871//2871 2813//2813 2873//2873
f 2871//2871 2873//2873 2814//2814
f 2871//2871 2814//2814 2874//2874
f 2871//2871 2874//2874 2815//2815
f 2871//2871 2815//2815 2875//2875
f 2871//2871 2875//2875 2816//2816
f 2871//2871 2816//2816 2876//2876
f 2871//2871 2876//2876 2817//2817
f 2871//2871 2817//2817 2877//2877
f 2871//2871 2877//2877 2818//2818
f 2871//2871 2818//2818 2878//2878
f 2871//2871 2878//2878 2819//2819
f 2871//2871 2819//2819 2879//2879
f 2871//2871 2879//2879 2820//2820
f 2871//2871 2820//2820 2821//2821
f 2871//2871 2821//2821 2822//2822
f 2871//2871 2822//2822 2823//2823
f 2871//2871 2823//2823 2824//2824
f 2871//2871 2824//2824 2825//2825
f 2871//2871 2825//2825 2826//2826
f 2871//2871 2826//2826 2827//2827
f 2871//2871 2827//2827 2828//2828
f 2871//2871 2828//2828 2880//2880
f 2871//2871 2880//2880 2829//2829
f 2871//2871 2829//2829 2881//2881
f 2871//2871 2881//2881 2830//2830
f 2871//2871 2830//2830 2882//2882
f 2871//2871 2882//2882 2831//2831
f 2871//2871 2831//2831 2883//2883
f 2871//2871 2883//2883 2832//2832
f 2871//2871 2832//2832 2884//2884
f 2871//2871 2884//2884 2833//2833
f 2871//2871 2833//2833 2885//2885
f 2871//2871 2885//2885 2834//2834
f 2871//2871 2834//2834 2886//2886
f 2871//2871 2886//2886 2835//2835
f 2871//2871 2835//2835 2887//2887
f 2871//2871 2887//2887 2836//2836
f 2871//2871 2836//2836 2837//2837
f 2871//2871 2837//2837 2838//2838
f 2871//2871 2838//2838 2839//2839
f 2871//2871 2839//2839 2840//2840
f 2871//2871 2840//2840 2841//2841
f 2871//2871 2841//2841 2842//2842
f 2871//2871 2842//2842 2843//2843
f 2871//2871 2843//2843 2844//2844
f 2871//2871 2844//2844 2888//2888
f 2871//2871 2888//2888 2845//2845
f 2871//2871 2845//2845 2889//2889
f 2871//2871 2889//2889 2846//2846
f 2871//2871 2846//2846 2890//2890
f 2871//2871 2890//2890 2847//2847
f 2871//2871 2847//2847 2891//2891
f 2871//2871 2891//2891 2848//2848
f 2871//2871 2848//2848 2892//2892
f 2871//2871 2892//2892 2849//2849
f 2871//2871 2849//2849 2893//2893
f 2871//2871 2893//2893 2850//2850
f 2871//2871 2850//2850 2894//2894
f 2871//2871 2894//2894 2851//2851
f 2871//2871 2851//2851 2895//2895
f 2871//2871 2895//2895 2852//2852
f 2871//2871 2852//2852 2853//2853
f 2871//2871 2853//2853 2854//2854
f 2871//2871 2854//2854 2855//2855
f 2871//2871 2855//2855 2856//2856
f 2871//2871 2856//2856 2857//2857
f 2871//2871 2857//2857 2858//2858
f 2871//2871 2858//2858 2859//2859
f 2871//2871 2859//2859 2860//2860
f 2871//2871 2860//2860 2896//2896
f 2871//2871 2896//2896 2861//2861
f 2871//2871 2861//2861 2897//2897
f 2871//2871 2897//2897 2862//2862
f 2871//2871 2862//2862 2898//2898
f 2871//2871 2898//2898 2863//2863
f 2871//2871 2863//2863 2899//2899
f 2871//2871 2899//2899 2864//2864
f 2871//2871 2864//2864 2900//2900
f 2871//2871 2900//2900 2865//2865
f 2871//2871 2865//2865 2901//2901
f 2871//2871 2901//2901 2866//2866
f 2871//2871 2866//2866 2902//2902
f 2871//2871 2902//2902 2867//2867
f 2871//2871 2867//2867 2903//2903
f 2871//2871 2903//2903 2868//2868
f 2871//2871 2868//2868 2869//2869
f 2869//2869 2870//2870 2871//2871
f 2681//2681 2680//2680 2743//2743
f 2681//2681 2743//2743 2742//2742
f 2681//2681 2742//2742 2741//2741
f 2681//2681 2741//2741 2740//2740
f 2681//2681 2740//2740 2904//2904
f 2681//2681 2904//2904 2739//2739
f 2681//2681 2739//2739 2905//2905
f 2681//2681 2905//2905 2738//2738
f 2681//2681 2738//2738 2906//2906
f 2681//2681 2906//2906 2737//2737
f 2681//2681 2737//2737 2907//2907
f 2681//2681 2907//2907 2736//2736
f 2681//2681 2736//2736 2908//2908
f 2681//2681 2908//2908 2735//2735
f 2681//2681 2735//2735 2909//2909
f 2681//2681 2909//2909 2734//2734
f 2681//2681 2734//2734 2910//2910
f 2681//2681 2910//2910 2733//2733
f 2681//2681 2733//2733 2911//2911
f 2681//2681 2911//2911 2732//2732
f 2681//2681 2732//2732 2731//2731
f 2681//2681 2731//2731 2730//2730
f 2681//2681 2730//2730 2729//2729
f 2681//2681 2729//2729 2728//2728
f 2681//2681 2728//2728 2727//2727
f 2681//2681 2727//2727 2726//2726
f 2681//2681 2726//2726 2725//2725
f 2681//2681 2725//2725 2724//2724
f 2681//2681 2724//2724 2912//2912
f 2681//2681 2912//2912 2723//2723
f 2681//2681 2723//2723 2913//2913
f 2681//2681 2913//2913 2722//2722
f 2681//2681 2722//2722 2914//2914
f 2681//2681 2914//2914 2721//2721
f 2681//2681 2721//2721 2915//2915
f 2681//2681 2915//2915 2720//2720
f 2681//2681 2720//2720 2916//2916
f 2681//2681 2916//2916 2719//2719
f 2681//2681 2719//2719 2917//2917
f 2681//2681 2917//2917 2718//2718
f 2681//2681 2718//2718 2918//2918
f 2681//2681 2918//2918 2717//2717
f 2681//2681 2717//2717 2919//2919
f 2681//2681 2919//2919 2716//2716
f 2681//2681 2716//2716 2715//2715
f 2681//2681 2715//2715 2714//2714
f 2681//2681 2714//2714 2713//2713
f 2681//2681 2713//2713 2712//2712
f 2681//2681 2712//2712 2711//2711
f 2681//2681 2711//2711 2710//2710
f 2681//2681 2710//2710 2709//2709
f 2681//2681 2709//2709 2708//2708
f 2681//2681 2708//2708 2920//2920
f 2681//2681 2920//2920 2707//2707
f 2681//2681 2707//2707 2921//2921
f 2681//2681 2921//2921 2706//2706
f 2681//2681 2706//2706 2922//2922
f 2681//2681 2922//2922 2705//2705
f 2681//2681 2705//2705 2923//2923
f 2681//2681 2923//2923 2704//2704
f 2681//2681 2704//2704 2924//2924
f 2681//2681 2924//2924 2703//2703
f 2681//2681 2703//2703 2925//2925
f 2681//2681 2925//2925 2702//2702
f 2681//2681 2702//2702 2926//2926
f 2681//2681 2926//2926 2701//2701
f 2681//2681 2701//2701 2927//2927
f 2681//2681 2927//2927 2700//2700
f 2681//2681 2700//2700 2699//2699
f 2681//2681 2699//2699 2698//2698
f 2681//2681 2698//2698 2697//2697
f 2681//2681 2697//2697 2696//2696
f 2681//2681 2696//2696 2695//2695
f 2681//2681 2695//2695 2694//2694
f 2681//2681 2694//2694 2693//2693
f 2681//2681 2693//2693 2692//2692
f 2681//2681 2692//2692 2928//2928
f 2681//2681 2928//2928 2691//2691
f 2681//2681 2691//2691 2929//2929
f 2681//2681 2929//2929 2690//2690
f 2681//2681 2690//2690 2930//2930
f 2681//2681 2930//2930 2689//2689
f 2681//2681 2689//2689 2931//2931
f 2681//2681 2931//2931 2688//2688
f 2681//2681 2688//2688 2932//2932
f 2681//2681 2932//2932 2687//2687
f 2681//2681 2687//2687 2933//2933
f 2681//2681 2933//2933 2686//2686
f 2681//2681 2686//2686 2934//2934
f 2681//2681 2934//2934 2685//2685
f 2681//2681 2685//2685 2935//2935
f 2681//2681 2935//2935 2684//2684
f 2681//2681 2684//2684 2683//2683
f 2683//2683 2682//2682 2681//2681
o GLL
v 1.15 -0.015 0.98
v 1.95 -0.015 0.98
v 2.75 -0.015 0.98
v 1.15 -0.0075 0.98
v 1.95 -0.0075 0.98
v 2.75 -0.0075 0.98
v 1.15 0 0.98
v 1.95 0 0.98
v 2.75 0 0.98
v 1.15 -0.015 1.3
v 1.95 -0.015 1.3
v 2.75 -0.015 1.3
v 1.15 -0.0075 1.3
v 1.95 -0.0075 1.3
v 2.75 -0.0075 1.3
v 1.15 0 1.3
v 1.95 0 1.3
v 2.75 0 1.3
v 1.15 -0.015 1.14
v 1.95 -0.015 1.14
v 2.75 -0.015 1.14
v 1.15 0 1.14
v 1.95 0 1.14
v 2.75 0 1.14
v 1.15 -0.0075 1.14
v 2.75 -0.0075 1.14
vn -0.57735 -0.57735 -0.57735
vn 0 -0.707107 -0.707107
vn 0.57735 -0.57735 -0.57735
vn -0.707107 -0 -0.707107
vn -0 -0 -1
vn 0.707107 0 -0.707107
vn -0.57735 0.57735 -0.57735
vn -0 0.707107 -0.707107
vn 0.57735 0.57735 -0.57735
vn -0.57735 -0.57735 0.57735
vn 0 -0.707107 0.707107
vn 0.57735 -0.57735 0.57735
vn -0.707107 0 0.707107
vn 0 0 1
vn 0.707107 0 0.707107
vn -0.57735 0.57735 0.57735
vn 0 0.707107 0.707107
vn 0.57735 0.57735 0.57735
vn -0.707107 -0.707107 0
vn 0 -1 0
vn 0.707107 -0.707107 0
vn -0.707107 0.707107 -0
vn -0 1 -0
vn 0.707107 0.707107 0
vn -1 -0 -0
vn 1 0 0
g GLL_glass
usemtl glass
f 2936//2936 2940//2940 2937//2937
f 2936//2936 2939//2939 2940//2940
f 2937//2937 2941//2941 2938//2938
f 2937//2937 2940//2940 2941//2941
f 2939//2939 2943//2943 2940//2940
f 2939//2939 2942//2942 2943//2943
f 2940//2940 2944//2944 2941//2941
f 2940//2940 2943//2943 2944//2944
f 2945//2945 2946//2946 2949//2949
f 2945//2945 2949//2949 2948//2948
f 2946//2946 2947//2947 2950//2950
f 2946//2946 2950//2950 2949//2949
f 2948//2948 2949//2949 2952//2952
f 2948//2948 2952//2952 2951//2951
f 2949//2949 2950//2950 2953//2953
f 2949//2949 2953//2953 2952//2952
f 2936//2936 2937//2937 2955//2955
f 2936//2936 2955//2955 2954//2954
f 2937//2937 2938//2938 2956//2956
f 2937//2937 2956//2956 2955//2955
f 2954//2954 2955//2955 2946//2946
f 2954//2954 2946//2946 2945//2945
f 2955//2955 2956//2956 2947//2947
f 2955//2955 2947//2947 2946//2946
f 2942//2942 2958//2958 2943//2943
f 2942//2942 2957//2957 2958//2958
f 2943//2943 2959//2959 2944//2944
f 2943//2943 2958//2958 2959//2959
f 2957//2957 2952//2952 2958//2958
f 2957//2957 2951//2951 2952//2952
f 2958//2958 2953//2953 2959//2959
f 2958//2958 2952//2952 2953//2953
f 2936//2936 2960//2960 2939//2939
f 2936//2936 2954//2954 2960//2960
f 2939//2939 2957//2957 2942//2942
f 2939//2939 2960//2960 2957//2957
f 2954//2954 2948//2948 2960//2960
f 2954//2954 2945//2945 2948//2948
f 2960//2960 2951//2951 2957//2957
f 2960//2960 2948//2948 2951//2951
f 2938//2938 2941//2941 2961//2961
f 2938//2938 2961//2961 2956//2956
f 2941//2941 2944//2944 2959//2959
f 2941//2941 2959//2959 2961//2961
f 2956//2956 2961//2961 2950//2950
f 2956//2956 2950//2950 2947//2947
f 2961//2961 2959//2959 2953//2953
f 2961//2961 2953//2953 2950//2950
o GLR
v 1.15 1.9 0.98
v 1.95 1.9 0.98
v 2.75 1.9 0.98
v 1.15 1.9075 0.98
v 1.95 1.9075 0.98
v 2.75 1.9075 0.98
v 1.15 1.915 0.98
v 1.95 1.915 0.98
v 2.75 1.915 0.98
v 1.15 1.9 1.3
v 1.95 1.9 1.3
v 2.75 1.9 1.3
v 1.15 1.9075 1.3
v 1.95 1.9075 1.3
v 2.75 1.9075 1.3
v 1.15 1.915 1.3
v 1.95 1.915 1.3
v 2.75 1.915 1.3
v 1.15 1.9 1.14
v 1.95 1.9 1.14
v 2.75 1.9 1.14
v 1.15 1.915 1.14
v 1.95 1.915 1.14
v 2.75 1.915 1.14
v 1.15 1.9075 1.14
v 2.75 1.9075 1.14
vn -0.57735 -0.57735 -0.57735
vn 0 -0.707107 -0.707107
vn 0.57735 -0.57735 -0.57735
vn -0.707107 -0 -0.707107
vn -0 -0 -1
vn 0.707107 0 -0.707107
vn -0.57735 0.57735 -0.57735
vn -0 0.707107 -0.707107
vn 0.57735 0.57735 -0.57735
vn -0.57735 -0.57735 0.57735
vn 0 -0.707107 0.707107
vn 0.57735 -0.57735 0.57735
vn -0.707107 0 0.707107
vn 0 0 1
vn 0.707107 0 0.707107
vn -0.57735 0.57735 0.57735
vn 0 0.707107 0.707107
vn 0.57735 0.57735 0.57735
vn -0.707107 -0.707107 0
vn 0 -1 0
vn 0.707107 -0.707107 0
vn -0.707107 0.707107 -0
vn -0 1 -0
vn 0.707107 0.707107 0
vn -1 -0 -0
vn 1 0 0
g GLR_glass
usemtl glass
f 2962//2962 2966//2966 2963//2963
f 2962//2962 2965//2965 2966//2966
f 2963//2963 2967//2967 2964//2964
f 2963//2963 2966//2966 2967//2967
f 2965//2965 2969//2969 2966//2966
f 2965//2965 2968//2968 2969//2969
f 2966//2966 2970//2970 2967//2967
f 2966//2966 2969//2969 2970//2970
f 2971//2971 2972//2972 2975//2975
f 2971//2971 2975//2975 2974//2974
f 2972//2972 2973//2973 2976//2976
f 2972//2972 2976//2976 2975//2975
f 2974//2974 2975//2975 2978//2978
f 2974//2974 2978//2978 2977//2977
f 2975//2975 2976//2976 2979//2979
f 2975//2975 2979//2979 2978//2978
f 2962//2962 2963//2963 2981//2981
f 2962//2962 2981//2981 2980//2980
f 2963//2963 2964//2964 2982//2982
f 2963//2963 2982//2982 2981//2981
f 2980//2980 2981//2981 2972//2972
f 2980//2980 2972//2972 2971//2971
f 2981//2981 2982//2982 2973//2973
f 2981//2981 2973//2973 2972//2972
f 2968//2968 2984//2984 2969//2969
f 2968//2968 2983//2983 2984//2984
f 2969//2969 2985//2985 2970//2970
f 2969//2969 2984//2984 2985//2985
f 2983//2983 2978//2978 2984//2984
f 2983//2983 2977//2977 2978//2978
f 2984//2984 2979//2979 2985//2985
f 2984//2984 2978//2978 2979//2979
f 2962//2962 2986//2986 2965//2965
f 2962//2962 2980//2980 2986//2986
f 2965//2965 2983//2983 2968//2968
f 2965//2965 2986//2986 2983//2983
f 2980//2980 2974//2974 2986//2986
f 2980//2980 2971//2971 2974//2974
f 2986//2986 2977//2977 2983//2983
f 2986//2986 2974//2974 2977//2977
f 2964//2964 2967//2967 2987//2987
f 2964//2964 2987//2987 2982//2982
f 2967//2967 2970//2970 2985//2985
f 2967//2967 2985//2985 2987//2987
f 2982//2982 2987//2987 2976//2976
f 2982//2982 2976//2976 2973//2973
f 2987//2987 2985//2985 2979//2979
f 2987//2987 2979//2979 2976//2976
o HLA
v 0.03 0.22 0.55
v 0.065 0.22 0.55
v 0.1 0.22 0.55
v 0.03 0.42 0.55
v 0.065 0.42 0.55
v 0.1 0.42 0.55
v 0.03 0.62 0.55
v 0.065 0.62 0.55
v 0.1 0.62 0.55
v 0.03 0.22 0.72
v 0.065 0.22 0.72
v 0.1 0.22 0.72
v 0.03 0.42 0.72
v 0.065 0.42 0.72
v 0.1 0.42 0.72
v 0.03 0.62 0.72
v 0.065 0.62 0.72
v 0.1 0.62 0.72
v 0.03 0.22 0.635
v 0.065 0.22 0.635
v 0.1 0.22 0.635
v 0.03 0.62 0.635
v 0.065 0.62 0.635
v 0.1 0.62 0.635
v 0.03 0.42 0.635
v 0.1 0.42 0.635
vn -0.57735 -0.57735 -0.57735
vn 0 -0.707107 -0.707107
vn 0.57735 -0.57735 -0.57735
vn -0.707107 -0 -0.707107
vn -0 -0 -1
vn 0.707107 0 -0.707107
vn -0.57735 0.57735 -0.57735
vn -0 0.707107 -0.707107
vn 0.57735 0.57735 -0.57735
vn -0.57735 -0.57735 0.57735
vn 0 -0.707107 0.707107
vn 0.57735 -0.57735 0.57735
vn -0.707107 0 0.707107
vn 0 0 1
vn 0.707107 0 0.707107
vn -0.57735 0.57735 0.57735
vn 0 0.707107 0.707107
vn 0.57735 0.57735 0.57735
vn -0.707107 -0.707107 0
vn 0 -1 0
vn 0.707107 -0.707107 0
vn -0.707107 0.707107 -0
vn -0 1 -0
vn 0.707107 0.707107 0
vn -1 -0 -0
vn 1 0 0
g HLA_headlight
usemtl headlight
f 2988//2988 2992//2992 2989//2989
f 2988//2988 2991//2991 2992//2992
f 2989//2989 2993//2993 2990//2990
f 2989//2989 2992//2992 2993//2993
f 2991//2991 2995//2995 2992//2992
f 2991//2991 2994//2994 2995//2995
f 2992//2992 2996//2996 2993//2993
f 2992//2992 2995//2995 2996//2996
f 2997//2997 2998//2998 3001//3001
f 2997//2997 3001//3001 3000//3000
f 2998//2998 2999//2999 3002//3002
f 2998//2998 3002//3002 3001//3001
f 3000//3000 3001//3001 3004//3004
f 3000//3000 3004//3004 3003//3003
f 3001//3001 3002//3002 3005//3005
f 3001//3001 3005//3005 3004//3004
f 2988//2988 2989//2989 3007//3007
f 2988//2988 3007//3007 3006//3006
f 2989//2989 2990//2990 3008//3008
f 2989//2989 3008//3008 3007//3007
f 3006//3006 3007//3007 2998//2998
f 3006//3006 2998//2998 2997//2997
f 3007//3007 3008//3008 2999//2999
f 3007//3007 2999//2999 2998//2998
f 2994//2994 3010//3010 2995//2995
f 2994//2994 3009//3009 3010//3010
f 2995//2995 3011//3011 2996//2996
f 2995//2995 3010//3010 3011//3011
f 3009//3009 3004//3004 3010//3010
f 3009//3009 3003//3003 3004//3004
f 3010//3010 3005//3005 3011//3011
f 3010//3010 3004//3004 3005//3005
f 2988//2988 3012//3012 2991//2991
f 2988//2988 3006//3006 3012//3012
f 2991//2991 3009//3009 2994//2994
f 2991//2991 3012//3012 3009//3009
f 3006//3006 3000//3000 3012//3012
f 3006//3006 2997//2997 3000//3000
f 3012//3012 3003//3003 3009//3009
f 3012//3012 3000//3000 3003//3003
f 2990//2990 2993//2993 3013//3013
f 2990//2990 3013//3013 3008//3008
f 2993//2993 2996//2996 3011//3011
f 2993//2993 3011//3011 3013//3013
f 3008//3008 3013//3013 3002//3002
f 3008//3008 3002//3002 2999//2999
f 3013//3013 3011//3011 3005//3005
f 3013//3013 3005//3005 3002//3002
o HLB
v 0.03 1.28 0.55
v 0.065 1.28 0.55
v 0.1 1.28 0.55
v 0.03 1.48 0.55
v 0.065 1.48 0.55
v 0.1 1.48 0.55
v 0.03 1.68 0.55
v 0.065 1.68 0.55
v 0.1 1.68 0.55
v 0.03 1.28 0.72
v 0.065 1.28 0.72
v 0.1 1.28 0.72
v 0.03 1.48 0.72
v 0.065 1.48 0.72
v 0.1 1.48 0.72
v 0.03 1.68 0.72
v 0.065 1.68 0.72
v 0.1 1.68 0.72
v 0.03 1.28 0.635
v 0.065 1.28 0.635
v 0.1 1.28 0.635
v 0.03 1.68 0.635
v 0.065 1.68 0.635
v 0.1 1.68 0.635
v 0.03 1.48 0.635
v 0.1 1.48 0.635
vn -0.57735 -0.57735 -0.57735
vn 0 -0.707107 -0.707107
vn 0.57735 -0.57735 -0.57735
vn -0.707107 -0 -0.707107
vn -0 -0 -1
vn 0.707107 0 -0.707107
vn -0.57735 0.57735 -0.57735
vn -0 0.707107 -0.707107
vn 0.57735 0.57735 -0.57735
vn -0.57735 -0.57735 0.57735
vn 0 -0.707107 0.707107
vn 0.57735 -0.57735 0.57735
vn -0.707107 0 0.707107
vn 0 0 1
vn 0.707107 0 0.707107
vn -0.57735 0.57735 0.57735
vn 0 0.707107 0.707107
vn 0.57735 0.57735 0.57735
vn -0.707107 -0.707107 0
vn 0 -1 0
vn 0.707107 -0.707107 0
vn -0.707107 0.707107 -0
vn -0 1 -0
vn 0.707107 0.707107 0
vn -1 -0 -0
vn 1 0 0
g HLB_headlight
usemtl headlight
f 3014//3014 3018//3018 3015//3015
f 3014//3014 3017//3017 3018//3018
f 3015//3015 3019//3019 3016//3016
f 3015//3015 3018//3018 3019//3019
f 3017//3017 3021//3021 3018//3018
f 3017//3017 3020//3020 3021//3021
f 3018//3018 3022//3022 3019//3019
f 3018//3018 3021//3021 3022//3022
f 3023//3023 3024//3024 3027//3027
f 3023//3023 3027//3027 3026//3026
f 3024//3024 3025//3025 3028//3028
f 3024//3024 3028//3028 3027//3027
f 3026//3026 3027//3027 3030//3030
f 3026//3026 3030//3030 3029//3029
f 3027//3027 3028//3028 3031//3031
f 3027//3027 3031//3031 3030//3030
f 3014//3014 3015//3015 3033//3033
f 3014//3014 3033//3033 3032//3032
f 3015//3015 3016//3016 3034//3034
f 3015//3015 3034//3034 3033//3033
f 3032//3032 3033//3033 3024//3024
f 3032//3032 3024//3024 3023//3023
f 3033//3033 3034//3034 3025//3025
f 3033//3033 3025//3025 3024//3024
f 3020//3020 3036//3036 3021//3021
f 3020//3020 3035//3035 3036//3036
f 3021//3021 3037//3037 3022//3022
f 3021//3021 3036//3036 3037//3037
f 3035//3035 3030//3030 3036//3036
f 3035//3035 3029//3029 3030//3030
f 3036//3036 3031//3031 3037//3037
f 3036//3036 3030//3030 3031//3031
f 3014//3014 3038//3038 3017//3017
f 3014//3014 3032//3032 3038//3038
f 3017//3017 3035//3035 3020//3020
f 3017//3017 3038//3038 3035//3035
f 3032//3032 3026//3026 3038//3038
f 3032//3032 3023//3023 3026//3026
f 3038//3038 3029//3029 3035//3035
f 3038//3038 3026//3026 3029//3029
f 3016//3016 3019//3019 3039//3039
f 3016//3016 3039//3039 3034//3034
f 3019//3019 3022//3022 3037//3037
f 3019//3019 3037//3037 3039//3039
f 3034//3034 3039//3039 3028//3028
f 3034//3034 3028//3028 3025//3025
f 3039//3039 3037//3037 3031//3031
f 3039//3039 3031//3031 3028//3028
o TL
v 4.46 0.18 0.5
v 4.49 0.18 0.5
v 4.52 0.18 0.5
v 4.46 0.95 0.5
v 4.49 0.95 0.5
v 4.52 0.95 0.5
v 4.46 1.72 0.5
v 4.49 1.72 0.5
v 4.52 1.72 0.5
v 4.46 0.18 0.68
v 4.49 0.18 0.68
v 4.52 0.18 0.68
v 4.46 0.95 0.68
v 4.49 0.95 0.68
v 4.52 0.95 0.68
v 4.46 1.72 0.68
v 4.49 1.72 0.68
v 4.52 1.72 0.68
v 4.46 0.18 0.59
v 4.49 0.18 0.59
v 4.52 0.18 0.59
v 4.46 1.72 0.59
v 4.49 1.72 0.59
v 4.52 1.72 0.59
v 4.46 0.95 0.59
v 4.52 0.95 0.59
vn -0.57735 -0.57735 -0.57735
vn 0 -0.707107 -0.707107
vn 0.57735 -0.57735 -0.57735
vn -0.707107 -0 -0.707107
vn -0 -0 -1
vn 0.707107 0 -0.707107
vn -0.57735 0.57735 -0.57735
vn -0 0.707107 -0.707107
vn 0.57735 0.57735 -0.57735
vn -0.57735 -0.57735 0.57735
vn 0 -0.707107 0.707107
vn 0.57735 -0.57735 0.57735
vn -0.707107 0 0.707107
vn 0 0 1
vn 0.707107 0 0.707107
vn -0.57735 0.57735 0.57735
vn 0 0.707107 0.707107
vn 0.57735 0.57735 0.57735
vn -0.707107 -0.707107 0
vn 0 -1 0
vn 0.707107 -0.707107 0
vn -0.707107 0.707107 -0
vn -0 1 -0
vn 0.707107 0.707107 0
vn -1 -0 -0
vn 1 0 0
g TL_taillight
usemtl taillight
f 3040//3040 3044//3044 3041//3041
f 3040//3040 3043//3043 3044//3044
f 3041//3041 3045//3045 3042//3042
f 3041//3041 3044//3044 3045//3045
f 3043//3043 3047//3047 3044//3044
f 3043//3043 3046//3046 3047//3047
f 3044//3044 3048//3048 3045//3045
f 3044//3044 3047//3047 3048//3048
f 3049//3049 3050//3050 3053//3053
f 3049//3049 3053//3053 3052//3052
f 3050//3050 3051//3051 3054//3054
f 3050//3050 3054//3054 3053//3053
f 3052//3052 3053//3053 3056//3056
f 3052//3052 3056//3056 3055//3055
f 3053//3053 3054//3054 3057//3057
f 3053//3053 3057//3057 3056//3056
f 3040//3040 3041//3041 3059//3059
f 3040//3040 3059//3059 3058//3058
f 3041//3041 3042//3042 3060//3060
f 3041//3041 3060//3060 3059//3059
f 3058//3058 3059//3059 3050//3050
f 3058//3058 3050//3050 3049//3049
f 3059//3059 3060//3060 3051//3051
f 3059//3059 3051//3051 3050//3050
f 3046//3046 3062//3062 3047//3047
f 3046//3046 3061//3061 3062//3062
f 3047//3047 3063//3063 3048//3048
f 3047//3047 3062//3062 3063//3063
f 3061//3061 3056//3056 3062//3062
f 3061//3061 3055//3055 3056//3056
f 3062//3062 3057//3057 3063//3063
f 3062//3062 3056//3056 3057//3057
f 3040//3040 3064//3064 3043//3043
f 3040//3040 3058//3058 3064//3064
f 3043//3043 3061//3061 3046//3046
f 3043//3043 3064//3064 3061//3061
f 3058//3058 3052//3052 3064//3064
f 3058//3058 3049//3049 3052//3052
f 3064//3064 3055//3055 3061//3061
f 3064//3064 3052//3052 3055//3055
f 3042//3042 3045//3045 3065//3065
f 3042//3042 3065//3065 3060//3060
f 3045//3045 3048//3048 3063//3063
f 3045//3045 3063//3063 3065//3065
f 3060//3060 3065//3065 3054//3054
f 3060//3060 3054//3054 3051//3051
f 3065//3065 3063//3063 3057//3057
f 3065//3065 3057//3057 3054//3054
