# SolidArc mesh export — units: metres, Y up matches source; per-face materials via usemtl.
# vertices: duplicated per face (sharp low-poly edges)
mtllib MuscleCar74.mtl
o Body
v 0.1 0 0.3
v 0.1 1.9 0.3
v 0.554207 1.9 0.3
v 0.554207 1.88925 0.3
v 0.554207 1.87312 0.3
v 0.554207 1.84892 0.3
v 0.554207 1.81263 0.3
v 0.554207 1.75819 0.3
v 0.554207 1.67653 0.3
v 0.554207 1.55404 0.3
v 0.554207 1.38198 0.3
v 0.554207 1.20993 0.3
v 0.554207 1.03787 0.3
v 0.554207 0.865814 0.3
v 0.554207 0.693758 0.3
v 0.554207 0.521702 0.3
v 0.554207 0.349645 0.3
v 0.554207 0.177589 0.3
v 0.554207 0.00553277 0.3
v 0.554207 0 0.3
v 1.40579 0 0.3
v 1.40579 0.0107535 0.3
v 1.40579 0.0268838 0.3
v 1.40579 0.0510792 0.3
v 1.40579 0.0873723 0.3
v 1.40579 0.141812 0.3
v 1.40579 0.335578 0.3
v 1.40579 0.400099 0.3
v 1.40579 0.49688 0.3
v 1.40579 0.642053 0.3
v 1.40579 0.814109 0.3
v 1.40579 0.986165 0.3
v 1.40579 1.15822 0.3
v 1.40579 1.33028 0.3
v 1.40579 1.50233 0.3
v 1.40579 1.67439 0.3
v 1.40579 1.84645 0.3
v 1.40579 1.9 0.3
v 2.86431 1.9 0.3
v 2.86431 1.88387 0.3
v 2.86431 1.85967 0.3
v 2.86431 1.82338 0.3
v 2.86431 1.76894 0.3
v 2.86431 1.68728 0.3
v 2.86431 1.56479 0.3
v 2.86431 1.39274 0.3
v 2.86431 1.22068 0.3
v 2.86431 1.04862 0.3
v 2.86431 0.876568 0.3
v 2.86431 0.704511 0.3
v 2.86431 0.532455 0.3
v 2.86431 0.360399 0.3
v 2.86431 0.188343 0.3
v 2.86431 0.0162863 0.3
v 2.86431 0 0.3
v 3.69569 0 0.3
v 3.69569 0.0107535 0.3
v 3.69569 0.0268838 0.3
v 3.69569 0.0510792 0.3
v 3.69569 0.0873723 0.3
v 3.69569 0.141812 0.3
v 3.69569 0.223472 0.3
v 3.69569 0.373639 0.3
v 3.69569 0.43816 0.3
v 3.69569 0.534942 0.3
v 3.69569 0.680114 0.3
v 3.69569 0.85217 0.3
v 3.69569 1.02423 0.3
v 3.69569 1.19628 0.3
v 3.69569 1.36834 0.3
v 3.69569 1.5404 0.3
v 3.69569 1.71245 0.3
v 3.69569 1.88451 0.3
v 3.69569 1.9 0.3
v 4.34 1.9 0.3
v 4.34 0 0.3
v 4.34 0 0.3
v 4.4 0 0.4
v 4.46 0 0.5
v 4.34 0.95 0.3
v 4.4 0.95 0.4
v 4.46 0.95 0.5
v 4.34 1.9 0.3
v 4.4 1.9 0.4
v 4.46 1.9 0.5
v 4.46 0 0.5
v 4.34 0 0.61
v 4.22 0 0.72
v 4.46 0.95 0.5
v 4.34 0.95 0.61
v 4.22 0.95 0.72
v 4.46 1.9 0.5
v 4.34 1.9 0.61
v 4.22 1.9 0.72
v 4.22 0 0.72
v 3.97 0 0.81
v 3.72 0 0.9
v 4.22 0.95 0.72
v 3.97 0.95 0.81
v 3.72 0.95 0.9
v 4.22 1.9 0.72
v 3.97 1.9 0.81
v 3.72 1.9 0.9
v 3.72 0 0.9
v 3.5 0 0.96
v 3.28 0 1.02
v 3.72 0.95 0.9
v 3.5 0.95 0.96
v 3.28 0.95 1.02
v 3.72 1.9 0.9
v 3.5 1.9 0.96
v 3.28 1.9 1.02
v 3.28 0 1.02
v 3.09 0 0.98
v 2.9 0 0.94
v 3.28 0.95 1.02
v 3.09 0.95 0.98
v 2.9 0.95 0.94
v 3.28 1.9 1.02
v 3.09 1.9 0.98
v 2.9 1.9 0.94
v 2.9 0 0.94
v 2.84 0 0.98
v 2.78 0 1.02
v 2.9 0.95 0.94
v 2.84 0.95 0.98
v 2.78 0.95 1.02
v 2.9 1.9 0.94
v 2.84 1.9 0.98
v 2.78 1.9 1.02
v 2.78 0 1.02
v 2.54 0 1.17
v 2.3 0 1.32
v 2.78 0.95 1.02
v 2.54 0.95 1.17
v 2.3 0.95 1.32
v 2.78 1.9 1.02
v 2.54 1.9 1.17
v 2.3 1.9 1.32
v 2.3 0 1.32
v 1.91 0 1.33
v 1.52 0 1.34
v 2.3 0.95 1.32
v 1.91 0.95 1.33
v 1.52 0.95 1.34
v 2.3 1.9 1.32
v 1.91 1.9 1.33
v 1.52 1.9 1.34
v 1.52 0 1.34
v 1.32 0 1.14
v 1.12 0 0.94
v 1.52 0.95 1.34
v 1.32 0.95 1.14
v 1.12 0.95 0.94
v 1.52 1.9 1.34
v 1.32 1.9 1.14
v 1.12 1.9 0.94
v 1.12 0 0.94
v 1.05 0 0.97
v 0.98 0 1
v 1.12 0.95 0.94
v 1.05 0.95 0.97
v 0.98 0.95 1
v 1.12 1.9 0.94
v 1.05 1.9 0.97
v 0.98 1.9 1
v 0.98 0 1
v 0.765 0 0.95
v 0.55 0 0.9
v 0.98 0.95 1
v 0.765 0.95 0.95
v 0.55 0.95 0.9
v 0.98 1.9 1
v 0.765 1.9 0.95
v 0.55 1.9 0.9
v 0.55 0 0.9
v 0.425 0 0.79
v 0.3 0 0.68
v 0.55 0.95 0.9
v 0.425 0.95 0.79
v 0.3 0.95 0.68
v 0.55 1.9 0.9
v 0.425 1.9 0.79
v 0.3 1.9 0.68
v 0.3 0 0.68
v 0.2 0 0.57
v 0.1 0 0.46
v 0.3 0.95 0.68
v 0.2 0.95 0.57
v 0.1 0.95 0.46
v 0.3 1.9 0.68
v 0.2 1.9 0.57
v 0.1 1.9 0.46
v 0.1 0 0.46
v 0.1 0 0.38
v 0.1 0 0.3
v 0.1 0.95 0.46
v 0.1 0.95 0.38
v 0.1 0.95 0.3
v 0.1 1.9 0.46
v 0.1 1.9 0.38
v 0.1 1.9 0.3
v 4.34 0 0.3
v 4.46 0 0.5
v 4.22 0 0.72
v 3.72 0 0.9
v 3.28 0 1.02
v 2.9 0 0.94
v 2.78 0 1.02
v 2.3 0 1.32
v 1.52 0 1.34
v 1.12 0 0.94
v 0.98 0 1
v 0.55 0 0.9
v 0.3 0 0.68
v 0.1 0 0.46
v 0.1 0 0.3
v 0.554207 0 0.3
v 0.55034 0 0.342894
v 0.55 0 0.36
v 0.550538 0 0.381507
v 0.552151 0 0.40296
v 0.554836 0 0.424306
v 0.558584 0 0.445491
v 0.563387 0 0.466461
v 0.569234 0 0.487165
v 0.576108 0 0.507551
v 0.583994 0 0.527568
v 0.59287 0 0.547165
v 0.602716 0 0.566293
v 0.613507 0 0.584906
v 0.625214 0 0.602955
v 0.63781 0 0.620396
v 0.651262 0 0.637185
v 0.665538 0 0.65328
v 0.6806 0 0.668642
v 0.696412 0 0.68323
v 0.712934 0 0.69701
v 0.730124 0 0.709946
v 0.74794 0 0.722005
v 0.766336 0 0.733159
v 0.785268 0 0.743379
v 0.804687 0 0.752639
v 0.824544 0 0.760916
v 0.844791 0 0.768189
v 0.865377 0 0.774441
v 0.886249 0 0.779656
v 0.907356 0 0.783819
v 0.928645 0 0.786922
v 0.950062 0 0.788957
v 0.971554 0 0.789917
v 0.993068 0 0.789801
v 1.01455 0 0.78861
v 1.03594 0 0.786345
v 1.0572 0 0.783014
v 1.07826 0 0.778623
v 1.09907 0 0.773185
v 1.11959 0 0.766712
v 1.13976 0 0.759221
v 1.15953 0 0.750731
v 1.17884 0 0.741263
v 1.19766 0 0.73084
v 1.21594 0 0.719489
v 1.23362 0 0.707238
v 1.25067 0 0.694118
v 1.26705 0 0.680162
v 1.2827 0 0.665404
v 1.2976 0 0.649882
v 1.3117 0 0.633634
v 1.32497 0 0.616701
v 1.33738 0 0.599126
v 1.34889 0 0.580952
v 1.35948 0 0.562225
v 1.36912 0 0.542991
v 1.37779 0 0.5233
v 1.38546 0 0.5032
v 1.39211 0 0.482741
v 1.39773 0 0.461975
v 1.40231 0 0.440954
v 1.40583 0 0.41973
v 1.40829 0 0.398357
v 1.40967 0 0.376888
v 1.40998 0 0.355376
v 1.40921 0 0.333876
v 1.40736 0 0.312442
v 1.40579 0 0.3
v 2.86431 0 0.3
v 2.86035 0 0.342888
v 2.86 0 0.36
v 2.86055 0 0.381507
v 2.8622 0 0.402958
v 2.86495 0 0.424296
v 2.86879 0 0.445465
v 2.8737 0 0.46641
v 2.87969 0 0.487075
v 2.88672 0 0.507408
v 2.89478 0 0.527353
v 2.90386 0 0.54686
v 2.91392 0 0.565876
v 2.92494 0 0.584352
v 2.9369 0 0.602239
v 2.94975 0 0.61949
v 2.96347 0 0.636061
v 2.97802 0 0.651907
v 2.99337 0 0.666988
v 3.00946 0 0.681263
v 3.02627 0 0.694695
v 3.04374 0 0.707248
v 3.06183 0 0.718891
v 3.0805 0 0.729592
v 3.09968 0 0.739323
v 3.11934 0 0.748059
v 3.13943 0 0.755777
v 3.15988 0 0.762456
v 3.18064 0 0.768079
v 3.20167 0 0.772631
v 3.2229 0 0.776101
v 3.24429 0 0.778479
v 3.26576 0 0.779759
v 3.28727 0 0.779937
v 3.30877 0 0.779014
v 3.33019 0 0.776991
v 3.35148 0 0.773874
v 3.37257 0 0.769671
v 3.39343 0 0.764393
v 3.41399 0 0.758054
v 3.4342 0 0.75067
v 3.454 0 0.742261
v 3.47335 0 0.73285
v 3.49219 0 0.72246
v 3.51047 0 0.711119
v 3.52815 0 0.698857
v 3.54517 0 0.685705
v 3.5615 0 0.671699
v 3.57709 0 0.656875
v 3.59191 0 0.641273
v 3.6059 0 0.624932
v 3.61904 0 0.607896
v 3.63129 0 0.590209
v 3.64262 0 0.571919
v 3.65299 0 0.553072
v 3.66239 0 0.533719
v 3.67078 0 0.51391
v 3.67815 0 0.493697
v 3.68448 0 0.473133
v 3.68974 0 0.452273
v 3.69393 0 0.43117
v 3.69703 0 0.409881
v 3.69903 0 0.38846
v 3.69994 0 0.366966
v 3.69975 0 0.345452
v 3.69845 0 0.323977
v 3.69606 0 0.302597
v 3.69569 0 0.3
v 0.1 1.9 0.3
v 0.1 1.9 0.46
v 0.3 1.9 0.68
v 0.55 1.9 0.9
v 0.98 1.9 1
v 1.12 1.9 0.94
v 1.52 1.9 1.34
v 2.3 1.9 1.32
v 2.78 1.9 1.02
v 2.9 1.9 0.94
v 3.28 1.9 1.02
v 3.72 1.9 0.9
v 4.22 1.9 0.72
v 4.46 1.9 0.5
v 4.34 1.9 0.3
v 3.69569 1.9 0.3
v 3.69965 1.9 0.342888
v 3.6992 1.9 0.385957
v 3.69433 1.9 0.428752
v 3.68511 1.9 0.470824
v 3.67163 1.9 0.511731
v 3.65404 1.9 0.551042
v 3.6325 1.9 0.588345
v 3.60726 1.9 0.623245
v 3.57858 1.9 0.655378
v 3.54676 1.9 0.684404
v 3.51214 1.9 0.710018
v 3.47507 1.9 0.731952
v 3.43595 1.9 0.749974
v 3.39519 1.9 0.763895
v 3.35322 1.9 0.773568
v 3.31048 1.9 0.778893
v 3.26742 1.9 0.779812
v 3.22449 1.9 0.776316
v 3.18215 1.9 0.768442
v 3.14083 1.9 0.756272
v 3.10098 1.9 0.739935
v 3.06301 1.9 0.719603
v 3.02732 1.9 0.695489
v 2.99429 1.9 0.667847
v 2.96426 1.9 0.636967
v 2.93756 1.9 0.603175
v 2.91445 1.9 0.566826
v 2.8952 1.9 0.528301
v 2.87998 1.9 0.488006
v 2.86898 1.9 0.446366
v 2.86229 1.9 0.403817
v 2.86 1.9 0.360807
v 2.86 1.9 0.36
v 2.86124 1.9 0.327739
v 2.86431 1.9 0.3
v 1.40579 1.9 0.3
v 1.40966 1.9 0.342894
v 1.40922 1.9 0.38596
v 1.40447 1.9 0.428765
v 1.39546 1.9 0.470881
v 1.38228 1.9 0.511884
v 1.36507 1.9 0.551364
v 1.344 1.9 0.588924
v 1.31927 1.9 0.624187
v 1.29114 1.9 0.6568
v 1.25989 1.9 0.686436
v 1.22583 1.9 0.712797
v 1.18931 1.9 0.735619
v 1.15069 1.9 0.754673
v 1.11035 1.9 0.769767
v 1.06871 1.9 0.780751
v 1.02617 1.9 0.787514
v 0.983175 1.9 0.789988
v 0.940146 1.9 0.788149
v 0.897517 1.9 0.782015
v 0.855715 1.9 0.771647
v 0.81516 1.9 0.75715
v 0.776259 1.9 0.738668
v 0.739402 1.9 0.716388
v 0.704958 1.9 0.690533
v 0.673274 1.9 0.661362
v 0.644666 1.9 0.629168
v 0.619423 1.9 0.594273
v 0.597796 1.9 0.557029
v 0.580004 1.9 0.517807
v 0.566224 1.9 0.477003
v 0.556596 1.9 0.435025
v 0.551214 1.9 0.392295
v 0.55 1.9 0.36
v 0.550538 1.9 0.338493
v 0.552151 1.9 0.31704
v 0.554207 1.9 0.3
v 0.55 5.55112e-17 0.36
v 0.55034 5.33468e-17 0.342894
v 0.554207 -1.01861e-17 0.3
v 0.554207 0.00553277 0.3
v 0.554207 0.177589 0.3
v 0.554207 0.349645 0.3
v 0.554207 0.521702 0.3
v 0.554207 0.693758 0.3
v 0.554207 0.865814 0.3
v 0.554207 1.03787 0.3
v 0.554207 1.20993 0.3
v 0.554207 1.38198 0.3
v 0.554207 1.55404 0.3
v 0.554207 1.67653 0.3
v 0.554207 1.75819 0.3
v 0.554207 1.81263 0.3
v 0.554207 1.84892 0.3
v 0.554207 1.87312 0.3
v 0.554207 1.88925 0.3
v 0.554207 1.9 0.3
v 0.552151 1.9 0.31704
v 0.550538 1.9 0.338493
v 0.55 -0.45 0.36
v 0.554207 0.95 0.3
v 0.550189 0.95 0.347236
v 0.553977 -9.9266e-18 0.301651
v 0.553977 1.9 0.301651
v 0.551739 5.07478e-17 0.321363
v 0.551739 1.9 0.321363
v 0.550428 5.30916e-17 0.34083
v 0.550428 1.64666 0.34083
v 0.553977 0.95 0.301651
v 0.551739 0.95 0.321363
v 0.550428 0.95 0.34083
v 0.55 2.35 0.36
v 0.551214 1.9 0.392295
v 0.556596 1.9 0.435025
v 0.566224 1.9 0.477003
v 0.580004 1.9 0.517807
v 0.597796 1.9 0.557029
v 0.619423 1.9 0.594273
v 0.644666 1.9 0.629168
v 0.673274 1.9 0.661362
v 0.704958 1.9 0.690533
v 0.739402 1.9 0.716388
v 0.776259 1.9 0.738668
v 0.81516 1.9 0.75715
v 0.855715 1.9 0.771647
v 0.897517 1.9 0.782015
v 0.940146 1.9 0.788149
v 0.983175 1.9 0.789988
v 1.02617 1.9 0.787514
v 1.06871 1.9 0.780751
v 1.11035 1.9 0.769767
v 1.15069 1.9 0.754673
v 1.18931 1.9 0.735619
v 1.22583 1.9 0.712797
v 1.25989 1.9 0.686436
v 1.29114 1.9 0.6568
v 1.31927 1.9 0.624187
v 1.344 1.9 0.588924
v 1.36507 1.9 0.551364
v 1.38228 1.9 0.511884
v 1.39546 1.9 0.470881
v 1.40447 1.9 0.428765
v 1.40922 1.9 0.38596
v 1.40966 1.9 0.342894
v 1.40579 1.9 0.3
v 1.40579 1.84645 0.3
v 1.40579 1.67439 0.3
v 1.40579 1.50233 0.3
v 1.40579 1.33028 0.3
v 1.40579 1.15822 0.3
v 1.40579 0.986165 0.3
v 1.40579 0.814109 0.3
v 1.40579 0.642053 0.3
v 1.40579 0.49688 0.3
v 1.40579 0.400099 0.3
v 1.40579 0.335578 0.3
v 1.40579 0.141812 0.3
v 1.40579 0.0873723 0.3
v 1.40579 0.0510792 0.3
v 1.40579 0.0268838 0.3
v 1.40579 0.0107535 0.3
v 1.40579 4.83085e-17 0.3
v 1.40736 -8.20105e-18 0.312442
v 1.40921 5.22412e-17 0.333876
v 1.40998 5.49175e-17 0.355376
v 1.40967 -3.02262e-18 0.376888
v 1.40829 5.07807e-17 0.398357
v 1.40583 -1.01438e-17 0.41973
v 1.40231 -1.33759e-17 0.440954
v 1.39773 -1.6378e-17 0.461975
v 1.39211 4.19753e-17 0.482741
v 1.38546 -2.16627e-17 0.5032
v 1.37779 -2.39321e-17 0.5233
v 1.36912 -2.59451e-17 0.542991
v 1.35948 3.59267e-17 0.562225
v 1.34889 3.48762e-17 0.580952
v 1.33738 -3.03984e-17 0.599126
v 1.32497 3.33491e-17 0.616701
v 1.3117 3.28764e-17 0.633634
v 1.2976 -3.24023e-17 0.649882
v 1.2827 -3.25166e-17 0.665404
v 1.26705 -3.23529e-17 0.680162
v 1.25067 -3.19118e-17 0.694118
v 1.23362 -3.11943e-17 0.707238
v 1.21594 3.4155e-17 0.719489
v 1.19766 -9.90358e-17 0.73084
v 1.17884 -2.74047e-17 0.741263
v 1.15953 -2.56064e-17 0.750731
v 1.13976 3.88605e-17 0.759221
v 1.11959 4.04971e-17 0.766712
v 1.09907 4.23101e-17 0.773185
v 1.07826 4.42952e-17 0.778623
v 1.0572 4.64472e-17 0.783014
v 1.03594 -9.54622e-18 0.786345
v 1.01455 5.12305e-17 0.78861
v 0.993068 -2.34953e-18 0.789801
v 0.971554 -1.52675e-18 0.789917
v 0.950062 5.1781e-17 0.788957
v 0.928645 -8.81397e-18 0.786922
v 0.907356 -1.21341e-17 0.783819
v 0.886249 4.47437e-17 0.779656
v 0.865377 -1.03531e-16 0.774441
v 0.844791 -2.0703e-17 0.768189
v 0.824544 -2.30715e-17 0.760916
v 0.804687 3.77021e-17 0.752639
v 0.785268 -2.70405e-17 0.743379
v 0.766336 -2.8631e-17 0.733159
v 0.74794 -2.99533e-17 0.722005
v 0.730124 3.35879e-17 0.709946
v 0.712934 3.30387e-17 0.69701
v 0.696412 3.26847e-17 0.68323
v 0.6806 3.25267e-17 0.668642
v 0.665538 -3.24503e-17 0.65328
v 0.651262 -3.2118e-17 0.637185
v 0.63781 3.32311e-17 0.620396
v 0.625214 -3.06242e-17 0.602955
v 0.613507 3.46752e-17 0.584906
v 0.602716 3.5685e-17 0.566293
v 0.59287 3.68834e-17 0.547165
v 0.583994 -2.43865e-17 0.527568
v 0.576108 -2.21717e-17 0.507551
v 0.569234 4.15776e-17 0.487165
v 0.563387 4.34957e-17 0.466461
v 0.558584 -1.40407e-17 0.445491
v 0.554836 -1.08574e-17 0.424306
v 0.552151 -7.45042e-18 0.40296
v 0.550538 5.28042e-17 0.381507
v 0.55 2.35 0.36
v 0.550189 0.95 0.372764
v 1.40579 0.95 0.3
v 0.550428 0.253343 0.37917
v 0.550428 2.08146 0.37917
v 0.551739 -6.73643e-18 0.398637
v 0.551739 1.9 0.398637
v 0.553977 -9.9266e-18 0.418349
v 0.553977 1.9 0.418349
v 0.557179 -1.29743e-17 0.438244
v 0.557179 1.9 0.438244
v 0.561377 4.42952e-17 0.458257
v 0.561377 1.9 0.458257
v 0.566598 4.23796e-17 0.478318
v 0.566598 1.9 0.478318
v 0.572865 -2.10843e-17 0.498352
v 0.572865 1.9 0.498352
v 0.580191 -2.33852e-17 0.518281
v 0.580191 1.9 0.518281
v 0.588582 3.75099e-17 0.538023
v 0.588582 1.9 0.538023
v 0.598038 3.62167e-17 0.557497
v 0.598038 1.9 0.557497
v 0.608547 3.5105e-17 0.576617
v 0.608547 1.9 0.576617
v 0.620092 -3.01619e-17 0.5953
v 0.620092 1.9 0.5953
v 0.632644 3.34591e-17 0.613464
v 0.632644 1.9 0.613464
v 0.646168 -3.1924e-17 0.631028
v 0.646168 1.9 0.631028
v 0.660619 -3.2369e-17 0.647916
v 0.660619 1.9 0.647916
v 0.675944 3.25177e-17 0.664056
v 0.675944 1.9 0.664056
v 0.692084 3.26228e-17 0.679381
v 0.692084 1.9 0.679381
v 0.708972 3.29375e-17 0.693832
v 0.708972 1.9 0.693832
v 0.726536 3.34591e-17 0.707356
v 0.726536 1.9 0.707356
v 0.7447 -3.01619e-17 0.719908
v 0.7447 1.9 0.719908
v 0.763383 -2.88586e-17 0.731453
v 0.763383 1.9 0.731453
v 0.782503 -2.72865e-17 0.741962
v 0.782503 1.9 0.741962
v 0.801977 3.75099e-17 0.751418
v 0.801977 1.9 0.751418
v 0.821719 -2.33852e-17 0.759809
v 0.821719 1.9 0.759809
v 0.841648 -2.10843e-17 0.767135
v 0.841648 1.9 0.767135
v 0.861682 -1.0333e-16 0.773402
v 0.861682 1.9 0.773402
v 0.881743 4.42952e-17 0.778623
v 0.881743 1.9 0.778623
v 0.901756 4.63369e-17 0.782821
v 0.901756 1.9 0.782821
v 0.921651 -9.9266e-18 0.786023
v 0.921651 1.9 0.786023
v 0.941363 5.07478e-17 0.788261
v 0.941363 1.9 0.788261
v 0.96083 -3.42171e-18 0.789572
v 0.96083 1.9 0.789572
v 0.98 0 0.79
v 0.98 1.9 0.79
v 0.99917 -3.42171e-18 0.789572
v 0.99917 1.9 0.789572
v 1.01864 5.07478e-17 0.788261
v 1.01864 1.9 0.788261
v 1.03835 -9.9266e-18 0.786023
v 1.03835 1.9 0.786023
v 1.05824 4.63369e-17 0.782821
v 1.05824 1.9 0.782821
v 1.07826 4.42952e-17 0.778623
v 1.07826 1.9 0.778623
v 1.09832 4.23796e-17 0.773402
v 1.09832 1.9 0.773402
v 1.11835 4.06023e-17 0.767135
v 1.11835 1.9 0.767135
v 1.13828 3.89753e-17 0.759809
v 1.13828 1.9 0.759809
v 1.15802 -2.54576e-17 0.751418
v 1.15802 1.9 0.751418
v 1.1775 -2.72865e-17 0.741962
v 1.1775 1.9 0.741962
v 1.19662 -9.90687e-17 0.731453
v 1.19662 1.9 0.731453
v 1.2153 3.41835e-17 0.719908
v 1.2153 1.9 0.719908
v 1.23346 -3.11864e-17 0.707356
v 1.23346 1.9 0.707356
v 1.25103 -3.1924e-17 0.693832
v 1.25103 1.9 0.693832
v 1.26792 -3.2369e-17 0.679381
v 1.26792 1.9 0.679381
v 1.28406 -3.25177e-17 0.664056
v 1.28406 1.9 0.664056
v 1.29938 -3.2369e-17 0.647916
v 1.29938 1.9 0.647916
v 1.31383 3.29375e-17 0.631028
v 1.31383 1.9 0.631028
v 1.32736 3.34591e-17 0.613464
v 1.32736 1.9 0.613464
v 1.33991 -3.01619e-17 0.5953
v 1.33991 1.9 0.5953
v 1.35145 3.5105e-17 0.576617
v 1.35145 1.9 0.576617
v 1.36196 3.62167e-17 0.557497
v 1.36196 1.9 0.557497
v 1.37142 -2.54576e-17 0.538023
v 1.37142 1.9 0.538023
v 1.37981 -2.33852e-17 0.518281
v 1.37981 1.9 0.518281
v 1.38713 -2.10843e-17 0.498352
v 1.38713 1.9 0.498352
v 1.3934 4.23796e-17 0.478318
v 1.3934 1.9 0.478318
v 1.39862 -1.58617e-17 0.458257
v 1.39862 1.9 0.458257
v 1.40282 -1.29743e-17 0.438244
v 1.40282 1.9 0.438244
v 1.40602 -9.9266e-18 0.418349
v 1.40602 1.9 0.418349
v 1.40826 5.07478e-17 0.398637
v 1.40826 1.9 0.398637
v 1.40957 -3.42171e-18 0.37917
v 1.40957 1.9 0.37917
v 1.41 5.55112e-17 0.36
v 1.41 1.9 0.36
v 1.40957 5.30916e-17 0.34083
v 1.40957 1.9 0.34083
v 1.40826 -6.73643e-18 0.321363
v 1.40826 1.9 0.321363
v 1.40602 4.8492e-17 0.301651
v 1.40602 1.9 0.301651
v 0.550428 0.95 0.37917
v 0.551739 0.95 0.398637
v 0.553977 0.95 0.418349
v 0.557179 0.95 0.438244
v 0.561377 0.95 0.458257
v 0.566598 0.95 0.478318
v 0.572865 0.95 0.498352
v 0.580191 0.95 0.518281
v 0.588582 0.95 0.538023
v 0.598038 0.95 0.557497
v 0.608547 0.95 0.576617
v 0.620092 0.95 0.5953
v 0.632644 0.95 0.613464
v 0.646168 0.95 0.631028
v 0.660619 0.95 0.647916
v 0.675944 0.95 0.664056
v 0.692084 0.95 0.679381
v 0.708972 0.95 0.693832
v 0.726536 0.95 0.707356
v 0.7447 0.95 0.719908
v 0.763383 0.95 0.731453
v 0.782503 0.95 0.741962
v 0.801977 0.95 0.751418
v 0.821719 0.95 0.759809
v 0.841648 0.95 0.767135
v 0.861682 0.95 0.773402
v 0.881743 0.95 0.778623
v 0.901756 0.95 0.782821
v 0.921651 0.95 0.786023
v 0.941363 0.95 0.788261
v 0.96083 0.95 0.789572
v 0.98 0.95 0.79
v 0.99917 0.95 0.789572
v 1.01864 0.95 0.788261
v 1.03835 0.95 0.786023
v 1.05824 0.95 0.782821
v 1.07826 0.95 0.778623
v 1.09832 0.95 0.773402
v 1.11835 0.95 0.767135
v 1.13828 0.95 0.759809
v 1.15802 0.95 0.751418
v 1.1775 0.95 0.741962
v 1.19662 0.95 0.731453
v 1.2153 0.95 0.719908
v 1.23346 0.95 0.707356
v 1.25103 0.95 0.693832
v 1.26792 0.95 0.679381
v 1.28406 0.95 0.664056
v 1.29938 0.95 0.647916
v 1.31383 0.95 0.631028
v 1.32736 0.95 0.613464
v 1.33991 0.95 0.5953
v 1.35145 0.95 0.576617
v 1.36196 0.95 0.557497
v 1.37142 0.95 0.538023
v 1.37981 0.95 0.518281
v 1.38713 0.95 0.498352
v 1.3934 0.95 0.478318
v 1.39862 0.95 0.458257
v 1.40282 0.95 0.438244
v 1.40602 0.95 0.418349
v 1.40826 0.95 0.398637
v 1.40957 0.95 0.37917
v 1.41 0.95 0.36
v 1.40957 0.95 0.34083
v 1.40826 0.95 0.321363
v 1.40602 0.95 0.301651
v 2.86 0 0.36
v 2.86035 5.32956e-17 0.342888
v 2.86431 4.81503e-17 0.3
v 2.86431 0.0162863 0.3
v 2.86431 0.188343 0.3
v 2.86431 0.360399 0.3
v 2.86431 0.532455 0.3
v 2.86431 0.704511 0.3
v 2.86431 0.876568 0.3
v 2.86431 1.04862 0.3
v 2.86431 1.22068 0.3
v 2.86431 1.39274 0.3
v 2.86431 1.56479 0.3
v 2.86431 1.68728 0.3
v 2.86431 1.76894 0.3
v 2.86431 1.82338 0.3
v 2.86431 1.85967 0.3
v 2.86431 1.88387 0.3
v 2.86431 1.9 0.3
v 2.86124 1.9 0.327739
v 2.86 -0.45 0.36
v 2.86431 0.95 0.3
v 2.86044 0.95 0.340886
v 2.86388 4.8492e-17 0.303008
v 2.86388 1.9 0.303008
v 2.8617 5.07478e-17 0.322261
v 2.8617 1.9 0.322261
v 2.86042 0.921617 0.341276
v 2.86042 5.30916e-17 0.341276
v 2.86388 0.95 0.303008
v 2.8617 0.95 0.322261
v 2.86 2.35 0.36
v 2.86 1.9 0.360807
v 2.86229 1.9 0.403817
v 2.86898 1.9 0.446366
v 2.87998 1.9 0.488006
v 2.8952 1.9 0.528301
v 2.91445 1.9 0.566826
v 2.93756 1.9 0.603175
v 2.96426 1.9 0.636967
v 2.99429 1.9 0.667847
v 3.02732 1.9 0.695489
v 3.06301 1.9 0.719603
v 3.10098 1.9 0.739935
v 3.14083 1.9 0.756272
v 3.18215 1.9 0.768442
v 3.22449 1.9 0.776316
v 3.26742 1.9 0.779812
v 3.31048 1.9 0.778893
v 3.35322 1.9 0.773568
v 3.39519 1.9 0.763895
v 3.43595 1.9 0.749974
v 3.47507 1.9 0.731952
v 3.51214 1.9 0.710018
v 3.54676 1.9 0.684404
v 3.57858 1.9 0.655378
v 3.60726 1.9 0.623245
v 3.6325 1.9 0.588345
v 3.65404 1.9 0.551042
v 3.67163 1.9 0.511731
v 3.68511 1.9 0.470824
v 3.69433 1.9 0.428752
v 3.6992 1.9 0.385957
v 3.69965 1.9 0.342888
v 3.69569 1.9 0.3
v 3.69569 1.88451 0.3
v 3.69569 1.71245 0.3
v 3.69569 1.5404 0.3
v 3.69569 1.36834 0.3
v 3.69569 1.19628 0.3
v 3.69569 1.02423 0.3
v 3.69569 0.85217 0.3
v 3.69569 0.680114 0.3
v 3.69569 0.534942 0.3
v 3.69569 0.43816 0.3
v 3.69569 0.373639 0.3
v 3.69569 0.223472 0.3
v 3.69569 0.141812 0.3
v 3.69569 0.0873723 0.3
v 3.69569 0.0510792 0.3
v 3.69569 0.0268838 0.3
v 3.69569 0.0107535 0.3
v 3.69569 -1.04097e-17 0.3
v 3.69606 4.84451e-17 0.302597
v 3.69845 -6.44394e-18 0.323977
v 3.69975 5.36217e-17 0.345452
v 3.69994 -1.29117e-18 0.366966
v 3.69903 -5.13926e-18 0.38846
v 3.69703 4.93113e-17 0.409881
v 3.69393 4.69074e-17 0.43117
v 3.68974 4.46718e-17 0.452273
v 3.68448 -1.82447e-17 0.473133
v 3.67815 4.07281e-17 0.493697
v 3.67078 -2.33071e-17 0.51391
v 3.66239 -2.54408e-17 0.533719
v 3.65299 -2.73017e-17 0.553072
v 3.64262 -9.90577e-17 0.571919
v 3.63129 -3.01865e-17 0.590209
v 3.61904 3.34474e-17 0.607896
v 3.6059 -3.19312e-17 0.624932
v 3.59191 3.26222e-17 0.641273
v 3.57709 -3.25177e-17 0.656875
v 3.5615 -3.23741e-17 0.671699
v 3.54517 3.29264e-17 0.685705
v 3.52815 3.34386e-17 0.698857
v 3.51047 3.41543e-17 0.711119
v 3.49219 3.50717e-17 0.72246
v 3.47335 3.61884e-17 0.73285
v 3.454 -2.54695e-17 0.742261
v 3.4342 3.90075e-17 0.75067
v 3.41399 -2.09427e-17 0.758054
v 3.39343 -1.82848e-17 0.764393
v 3.37257 -1.53729e-17 0.769671
v 3.35148 -1.22147e-17 0.773874
v 3.33019 -8.81842e-18 0.776991
v 3.30877 -5.19303e-18 0.779014
v 3.28727 -1.34802e-18 0.779937
v 3.26576 -2.61626e-18 0.779759
v 3.24429 -6.39124e-18 0.778479
v 3.2229 4.84801e-17 0.776101
v 3.20167 -1.32636e-17 0.772631
v 3.18064 -1.6343e-17 0.768079
v 3.15988 -1.91735e-17 0.762456
v 3.13943 -2.17476e-17 0.755777
v 3.11934 -2.40588e-17 0.748059
v 3.09968 -2.61008e-17 0.739323
v 3.0805 -2.78683e-17 0.729592
v 3.06183 -2.93568e-17 0.718891
v 3.04374 -3.05622e-17 0.707248
v 3.02627 3.32504e-17 0.694695
v 3.00946 -3.21121e-17 0.681263
v 2.99337 3.25638e-17 0.666988
v 2.97802 3.2529e-17 0.651907
v 2.96347 3.27001e-17 0.636061
v 2.94975 3.30767e-17 0.61949
v 2.9369 3.36579e-17 0.602239
v 2.92494 3.44421e-17 0.584352
v 2.91392 3.54271e-17 0.565876
v 2.90386 -2.67294e-17 0.54686
v 2.89478 -2.47796e-17 0.527353
v 2.88672 -2.25589e-17 0.507408
v 2.87969 -2.00729e-17 0.487075
v 2.8737 -1.73283e-17 0.46641
v 2.86879 -1.43322e-17 0.445465
v 2.86495 -1.10925e-17 0.424296
v 2.8622 -7.61775e-18 0.402958
v 2.86055 -3.91701e-18 0.381507
v 2.86 2.35 0.36
v 2.86019 0.95 0.372763
v 3.69569 0.95 0.3
v 2.86042 0.301664 0.378724
v 2.86042 1.9 0.378724
v 2.8617 -6.73643e-18 0.397739
v 2.8617 1.9 0.397739
v 2.86388 -9.9266e-18 0.416992
v 2.86388 1.9 0.416992
v 2.86701 -1.29743e-17 0.436424
v 2.86701 1.9 0.436424
v 2.87111 -1.58617e-17 0.455972
v 2.87111 1.9 0.455972
v 2.87621 -1.85708e-17 0.475566
v 2.87621 1.9 0.475566
v 2.88233 -2.10843e-17 0.495134
v 2.88233 1.9 0.495134
v 2.88949 -2.33852e-17 0.5146
v 2.88949 1.9 0.5146
v 2.89769 -2.54576e-17 0.533883
v 2.89769 1.9 0.533883
v 2.90692 -2.72865e-17 0.552904
v 2.90692 1.9 0.552904
v 2.91719 3.5105e-17 0.571579
v 2.91719 1.9 0.571579
v 2.92846 3.41835e-17 0.589828
v 2.92846 1.9 0.589828
v 2.94072 3.34591e-17 0.607569
v 2.94072 1.9 0.607569
v 2.95393 3.29375e-17 0.624725
v 2.95393 1.9 0.624725
v 2.96805 3.26228e-17 0.64122
v 2.96805 1.9 0.64122
v 2.98302 3.25177e-17 0.656985
v 2.98302 1.9 0.656985
v 2.99878 3.26228e-17 0.671954
v 2.99878 1.9 0.671954
v 3.01527 -3.1924e-17 0.686068
v 3.01527 1.9 0.686068
v 3.03243 3.34591e-17 0.699278
v 3.03243 1.9 0.699278
v 3.05017 -3.01619e-17 0.711538
v 3.05017 1.9 0.711538
v 3.06842 -2.88586e-17 0.722814
v 3.06842 1.9 0.722814
v 3.0871 -2.72865e-17 0.733079
v 3.0871 1.9 0.733079
v 3.10612 -2.54576e-17 0.742315
v 3.10612 1.9 0.742315
v 3.1254 -2.33852e-17 0.750511
v 3.1254 1.9 0.750511
v 3.14487 -2.10843e-17 0.757667
v 3.14487 1.9 0.757667
v 3.16443 -1.85708e-17 0.763788
v 3.16443 1.9 0.763788
v 3.18403 -1.58617e-17 0.768888
v 3.18403 1.9 0.768888
v 3.20358 -1.29743e-17 0.772988
v 3.20358 1.9 0.772988
v 3.22301 4.8492e-17 0.776115
v 3.22301 1.9 0.776115
v 3.24226 -6.73643e-18 0.778301
v 3.24226 1.9 0.778301
v 3.26128 -3.42171e-18 0.779582
v 3.26128 1.9 0.779582
v 3.28 0 0.78
v 3.28 1.9 0.78
v 3.29872 -3.42171e-18 0.779582
v 3.29872 1.9 0.779582
v 3.31774 -6.73643e-18 0.778301
v 3.31774 1.9 0.778301
v 3.33699 -9.9266e-18 0.776115
v 3.33699 1.9 0.776115
v 3.35642 -1.29743e-17 0.772988
v 3.35642 1.9 0.772988
v 3.37597 -1.58617e-17 0.768888
v 3.37597 1.9 0.768888
v 3.39557 -1.85708e-17 0.763788
v 3.39557 1.9 0.763788
v 3.41513 -2.10843e-17 0.757667
v 3.41513 1.9 0.757667
v 3.4346 3.89753e-17 0.750511
v 3.4346 1.9 0.750511
v 3.45388 -2.54576e-17 0.742315
v 3.45388 1.9 0.742315
v 3.4729 3.62167e-17 0.733079
v 3.4729 1.9 0.733079
v 3.49158 3.5105e-17 0.722814
v 3.49158 1.9 0.722814
v 3.50983 3.41835e-17 0.711538
v 3.50983 1.9 0.711538
v 3.52757 3.34591e-17 0.699278
v 3.52757 1.9 0.699278
v 3.54473 3.29375e-17 0.686068
v 3.54473 1.9 0.686068
v 3.56122 -3.2369e-17 0.671954
v 3.56122 1.9 0.671954
v 3.57698 -3.25177e-17 0.656985
v 3.57698 1.9 0.656985
v 3.59195 3.26228e-17 0.64122
v 3.59195 1.9 0.64122
v 3.60607 -3.1924e-17 0.624725
v 3.60607 1.9 0.624725
v 3.61928 3.34591e-17 0.607569
v 3.61928 1.9 0.607569
v 3.63154 -3.01619e-17 0.589828
v 3.63154 1.9 0.589828
v 3.64281 -9.90687e-17 0.571579
v 3.64281 1.9 0.571579
v 3.65308 -2.72865e-17 0.552904
v 3.65308 1.9 0.552904
v 3.66231 -2.54576e-17 0.533883
v 3.66231 1.9 0.533883
v 3.67051 -2.33852e-17 0.5146
v 3.67051 1.9 0.5146
v 3.67767 4.06023e-17 0.495134
v 3.67767 1.9 0.495134
v 3.68379 -1.85708e-17 0.475566
v 3.68379 1.9 0.475566
v 3.68889 4.42952e-17 0.455972
v 3.68889 1.9 0.455972
v 3.69299 4.63369e-17 0.436424
v 3.69299 1.9 0.436424
v 3.69612 4.8492e-17 0.416992
v 3.69612 1.9 0.416992
v 3.6983 -6.73643e-18 0.397739
v 3.6983 1.9 0.397739
v 3.69958 -3.42171e-18 0.378724
v 3.69958 1.9 0.378724
v 3.7 0 0.36
v 3.7 1.9 0.36
v 3.69958 5.30916e-17 0.341276
v 3.69958 1.9 0.341276
v 3.6983 -6.73643e-18 0.322261
v 3.6983 1.9 0.322261
v 3.69612 -9.9266e-18 0.303008
v 3.69612 1.9 0.303008
v 2.86042 0.95 0.378724
v 2.8617 0.95 0.397739
v 2.86388 0.95 0.416992
v 2.86701 0.95 0.436424
v 2.87111 0.95 0.455972
v 2.87621 0.95 0.475566
v 2.88233 0.95 0.495134
v 2.88949 0.95 0.5146
v 2.89769 0.95 0.533883
v 2.90692 0.95 0.552904
v 2.91719 0.95 0.571579
v 2.92846 0.95 0.589828
v 2.94072 0.95 0.607569
v 2.95393 0.95 0.624725
v 2.96805 0.95 0.64122
v 2.98302 0.95 0.656985
v 2.99878 0.95 0.671954
v 3.01527 0.95 0.686068
v 3.03243 0.95 0.699278
v 3.05017 0.95 0.711538
v 3.06842 0.95 0.722814
v 3.0871 0.95 0.733079
v 3.10612 0.95 0.742315
v 3.1254 0.95 0.750511
v 3.14487 0.95 0.757667
v 3.16443 0.95 0.763788
v 3.18403 0.95 0.768888
v 3.20358 0.95 0.772988
v 3.22301 0.95 0.776115
v 3.24226 0.95 0.778301
v 3.26128 0.95 0.779582
v 3.28 0.95 0.78
v 3.29872 0.95 0.779582
v 3.31774 0.95 0.778301
v 3.33699 0.95 0.776115
v 3.35642 0.95 0.772988
v 3.37597 0.95 0.768888
v 3.39557 0.95 0.763788
v 3.41513 0.95 0.757667
v 3.4346 0.95 0.750511
v 3.45388 0.95 0.742315
v 3.4729 0.95 0.733079
v 3.49158 0.95 0.722814
v 3.50983 0.95 0.711538
v 3.52757 0.95 0.699278
v 3.54473 0.95 0.686068
v 3.56122 0.95 0.671954
v 3.57698 0.95 0.656985
v 3.59195 0.95 0.64122
v 3.60607 0.95 0.624725
v 3.61928 0.95 0.607569
v 3.63154 0.95 0.589828
v 3.64281 0.95 0.571579
v 3.65308 0.95 0.552904
v 3.66231 0.95 0.533883
v 3.67051 0.95 0.5146
v 3.67767 0.95 0.495134
v 3.68379 0.95 0.475566
v 3.68889 0.95 0.455972
v 3.69299 0.95 0.436424
v 3.69612 0.95 0.416992
v 3.6983 0.95 0.397739
v 3.69958 0.95 0.378724
v 3.7 0.95 0.36
v 3.69958 0.95 0.341276
v 3.6983 0.95 0.322261
v 3.69612 0.95 0.303008
vn -0 -0 -1
vn -0 -0 -1
vn -0 -0 -1
vn -0 -0 -1
vn 1.38778e-17 -0 -1
vn -0 -0 -1
vn -0 -0 -1
vn 8.32667e-18 -0 -1
vn -6.93889e-18 0 -1
vn -0 -0 -1
vn 8.32667e-18 -0 -1
vn -0 -0 -1
vn -0 -0 -1
vn -0 -0 -1
vn -4.16334e-18 0 -1
vn -4.16334e-18 0 -1
vn -4.85723e-18 0 -1
vn -5.37764e-18 0 -1
vn 8.33209e-18 -0 -1
vn -0 -0 -1
vn -0 -0 -1
vn -3.25261e-20 0 -1
vn 8.2833e-18 -0 -1
vn 5.42101e-18 -0 -1
vn 2.77556e-18 -0 -1
vn -1.73472e-19 0 -1
vn -3.81639e-18 0 -1
vn -9.02056e-18 0 -1
vn -3.46945e-18 0 -1
vn -0 -0 -1
vn -6.93889e-18 0 -1
vn -4.16334e-18 0 -1
vn 6.93889e-18 -0 -1
vn 6.93889e-18 -0 -1
vn -0 -0 -1
vn -0 -0 -1
vn -0 -0 -1
vn -0 -0 -1
vn -0 -0 -1
vn -0 -0 -1
vn -0 -0 -1
vn -0 -0 -1
vn -0 -0 -1
vn -1.38778e-17 0 -1
vn -0 -0 -1
vn -0 -0 -1
vn -6.93889e-18 0 -1
vn -8.32667e-18 0 -1
vn 6.93889e-18 -0 -1
vn -3.46945e-18 0 -1
vn -3.46945e-18 0 -1
vn 2.08167e-18 -0 -1
vn 2.25514e-18 -0 -1
vn -5.61617e-18 0 -1
vn -0 -0 -1
vn -0 -0 -1
vn 7.70372e-34 -0 -1
vn 8.23994e-18 -0 -1
vn 5.46438e-18 -0 -1
vn 2.77556e-18 -0 -1
vn -1.73472e-19 0 -1
vn -3.46945e-19 0 -1
vn -1.73472e-18 0 -1
vn 6.93889e-18 -0 -1
vn -4.16334e-18 0 -1
vn -4.16334e-18 0 -1
vn -4.16334e-18 0 -1
vn -0 -0 -1
vn -0 -0 -1
vn -0 -0 -1
vn 1.38778e-18 -0 -1
vn -0 -0 -1
vn -0 -0 -1
vn -0 -0 -1
vn -0 -0 -1
vn -0 -0 -1
vn 0.857493 -0 -0.514496
vn 0.857493 -0 -0.514496
vn 0.857493 -0 -0.514496
vn 0.857493 -0 -0.514496
vn 0.857493 -0 -0.514496
vn 0.857493 -0 -0.514496
vn 0.857493 -0 -0.514496
vn 0.857493 -0 -0.514496
vn 0.857493 -0 -0.514496
vn 0.675725 -0 0.737154
vn 0.675725 -0 0.737154
vn 0.675725 -0 0.737154
vn 0.675725 -0 0.737154
vn 0.675725 -0 0.737154
vn 0.675725 -0 0.737154
vn 0.675725 -0 0.737154
vn 0.675725 -0 0.737154
vn 0.675725 -0 0.737154
vn 0.338719 -0 0.940887
vn 0.338719 -0 0.940887
vn 0.338719 -0 0.940887
vn 0.338719 -0 0.940887
vn 0.338719 -0 0.940887
vn 0.338719 -0 0.940887
vn 0.338719 -0 0.940887
vn 0.338719 -0 0.940887
vn 0.338719 -0 0.940887
vn 0.263117 -0 0.964764
vn 0.263117 -0 0.964764
vn 0.263117 -0 0.964764
vn 0.263117 -0 0.964764
vn 0.263117 -0 0.964764
vn 0.263117 -0 0.964764
vn 0.263117 -0 0.964764
vn 0.263117 -0 0.964764
vn 0.263117 -0 0.964764
vn -0.20601 -0 0.97855
vn -0.20601 -0 0.97855
vn -0.20601 -0 0.97855
vn -0.20601 -0 0.97855
vn -0.20601 -0 0.97855
vn -0.20601 -0 0.97855
vn -0.20601 -0 0.97855
vn -0.20601 -0 0.97855
vn -0.20601 -0 0.97855
vn 0.5547 -0 0.83205
vn 0.5547 -0 0.83205
vn 0.5547 -0 0.83205
vn 0.5547 -0 0.83205
vn 0.5547 -0 0.83205
vn 0.5547 -0 0.83205
vn 0.5547 -0 0.83205
vn 0.5547 -0 0.83205
vn 0.5547 -0 0.83205
vn 0.529999 -0 0.847998
vn 0.529999 -0 0.847998
vn 0.529999 -0 0.847998
vn 0.529999 -0 0.847998
vn 0.529999 -0 0.847998
vn 0.529999 -0 0.847998
vn 0.529999 -0 0.847998
vn 0.529999 -0 0.847998
vn 0.529999 -0 0.847998
vn 0.0256326 -0 0.999671
vn 0.0256326 -0 0.999671
vn 0.0256326 -0 0.999671
vn 0.0256326 -0 0.999671
vn 0.0256326 -0 0.999671
vn 0.0256326 -0 0.999671
vn 0.0256326 -0 0.999671
vn 0.0256326 -0 0.999671
vn 0.0256326 -0 0.999671
vn -0.707107 -0 0.707107
vn -0.707107 -0 0.707107
vn -0.707107 -0 0.707107
vn -0.707107 -0 0.707107
vn -0.707107 -0 0.707107
vn -0.707107 -0 0.707107
vn -0.707107 -0 0.707107
vn -0.707107 -0 0.707107
vn -0.707107 -0 0.707107
vn 0.393919 -0 0.919145
vn 0.393919 -0 0.919145
vn 0.393919 -0 0.919145
vn 0.393919 -0 0.919145
vn 0.393919 -0 0.919145
vn 0.393919 -0 0.919145
vn 0.393919 -0 0.919145
vn 0.393919 -0 0.919145
vn 0.393919 -0 0.919145
vn -0.226513 -0 0.974008
vn -0.226513 -0 0.974008
vn -0.226513 -0 0.974008
vn -0.226513 -0 0.974008
vn -0.226513 -0 0.974008
vn -0.226513 -0 0.974008
vn -0.226513 -0 0.974008
vn -0.226513 -0 0.974008
vn -0.226513 -0 0.974008
vn -0.660628 -0 0.750714
vn -0.660628 -0 0.750714
vn -0.660628 -0 0.750714
vn -0.660628 -0 0.750714
vn -0.660628 -0 0.750714
vn -0.660628 -0 0.750714
vn -0.660628 -0 0.750714
vn -0.660628 -0 0.750714
vn -0.660628 -0 0.750714
vn -0.73994 -0 0.672673
vn -0.73994 -0 0.672673
vn -0.73994 -0 0.672673
vn -0.73994 -0 0.672673
vn -0.73994 -0 0.672673
vn -0.73994 -0 0.672673
vn -0.73994 -0 0.672673
vn -0.73994 -0 0.672673
vn -0.73994 -0 0.672673
vn -1 0 -0
vn -1 0 -0
vn -1 0 -0
vn -1 0 -0
vn -1 0 -0
vn -1 0 -0
vn -1 0 -0
vn -1 0 -0
vn -1 0 -0
vn 0 -1 0
vn 0 -1 0
vn 0 -1 0
vn 0 -1 0
vn 0 -1 0
vn 0 -1 0
vn 0 -1 0
vn 0 -1 0
vn 0 -1 0
vn 0 -1 0
vn 0 -1 0
vn 0 -1 0
vn 0 -1 0
vn 0 -1 0
vn 0 -1 0
vn 0 -1 0
vn 0 -1 0
vn 0 -1 0
vn 0 -1 0
vn 0 -1 0
vn 0 -1 0
vn 0 -1 0
vn 0 -1 0
vn 0 -1 0
vn 0 -1 0
vn 0 -1 0
vn 0 -1 0
vn 0 -1 0
vn 0 -1 0
vn 0 -1 0
vn 0 -1 0
vn 0 -1 0
vn 0 -1 0
vn 0 -1 0
vn 0 -1 0
vn 0 -1 0
vn 0 -1 0
vn 0 -1 0
vn 0 -1 0
vn 0 -1 0
vn 0 -1 0
vn 0 -1 0
vn 0 -1 0
vn 0 -1 0
vn 0 -1 0
vn 0 -1 0
vn 0 -1 0
vn 0 -1 0
vn 0 -1 0
vn 0 -1 0
vn 0 -1 0
vn 0 -1 0
vn 0 -1 0
vn 0 -1 0
vn 0 -1 0
vn 0 -1 0
vn 0 -1 0
vn 0 -1 0
vn 0 -1 0
vn 0 -1 0
vn 0 -1 0
vn 0 -1 0
vn 0 -1 0
vn 0 -1 0
vn 0 -1 0
vn 0 -1 0
vn 0 -1 0
vn 0 -1 0
vn 0 -1 0
vn 0 -1 0
vn 0 -1 0
vn 0 -1 0
vn 0 -1 0
vn 0 -1 0
vn 0 -1 0
vn 0 -1 0
vn 0 -1 0
vn 0 -1 0
vn 0 -1 0
vn 0 -1 0
vn 0 -1 0
vn 0 -1 0
vn 0 -1 0
vn 0 -1 0
vn 0 -1 0
vn 0 -1 0
vn 0 -1 0
vn 0 -1 0
vn 0 -1 0
vn 0 -1 0
vn 0 -1 0
vn 0 -1 0
vn 0 -1 0
vn 0 -1 0
vn 0 -1 0
vn 0 -1 0
vn 0 -1 0
vn 0 -1 0
vn 0 -1 0
vn 0 -1 0
vn 0 -1 0
vn 0 -1 0
vn 0 -1 0
vn 0 -1 0
vn 0 -1 0
vn 0 -1 0
vn 0 -1 0
vn 0 -1 0
vn 0 -1 0
vn 0 -1 0
vn 0 -1 0
vn 0 -1 0
vn 0 -1 0
vn 0 -1 0
vn 0 -1 0
vn 0 -1 0
vn 0 -1 0
vn 0 -1 0
vn 0 -1 0
vn 0 -1 0
vn 0 -1 0
vn 0 -1 0
vn 0 -1 0
vn 0 -1 0
vn 0 -1 0
vn 0 -1 0
vn 0 -1 0
vn 0 -1 0
vn 0 -1 0
vn 0 -1 0
vn 0 -1 0
vn 0 -1 0
vn 0 -1 0
vn 0 -1 0
vn 0 -1 0
vn 0 -1 0
vn 0 -1 0
vn 0 -1 0
vn 0 -1 0
vn 0 -1 0
vn 0 -1 0
vn 0 -1 0
vn 0 -1 0
vn 0 -1 0
vn 0 -1 0
vn 0 -1 0
vn 0 -1 0
vn 0 -1 0
vn 0 -1 0
vn 0 -1 0
vn 0 -1 0
vn 0 -1 0
vn 3.33067e-17 1 -1.77636e-15
vn -1.38778e-18 1 -1.9984e-15
vn -1.38778e-18 1 -1.9984e-15
vn 2.63678e-17 1 -1.9984e-15
vn 0 1 -1.88738e-15
vn 2.77556e-17 1 -1.9984e-15
vn 0 1 -1.9984e-15
vn 0 1 -1.88738e-15
vn -2.77556e-18 1 -1.88738e-15
vn 0 1 -1.94289e-15
vn 0 1 -2.05391e-15
vn 2.77556e-17 1 -2.16493e-15
vn -1.38778e-18 1 -1.97065e-15
vn 4.02456e-17 1 -1.86656e-15
vn 1.38778e-17 1 -2.13718e-15
vn -7.28584e-18 1 -1.94289e-15
vn -6.93889e-19 1 -1.94289e-15
vn 2.77556e-17 1 -1.94289e-15
vn 1.249e-17 1 -1.9984e-15
vn -2.70617e-17 1 -1.94289e-15
vn 1.38778e-17 1 -1.94289e-15
vn -2.77556e-17 1 -1.77636e-15
vn 0 1 -1.9984e-15
vn -1.38778e-18 1 -1.88738e-15
vn 0 1 -1.9984e-15
vn 0 1 -2.05391e-15
vn -1.38778e-18 1 -1.94289e-15
vn 2.77556e-17 1 -1.94289e-15
vn 2.63678e-17 1 -1.94289e-15
vn 2.77556e-17 1 -1.94289e-15
vn 2.63678e-17 1 -1.94289e-15
vn 0 1 -1.9984e-15
vn 2.63678e-17 1 -1.88738e-15
vn 5.41234e-17 1 -1.88738e-15
vn -2.77556e-17 1 -1.94289e-15
vn 2.77556e-17 1 -1.94289e-15
vn -1.38778e-18 1 -1.9984e-15
vn 0 1 -1.9984e-15
vn -1.38778e-18 1 -1.88738e-15
vn 0 1 -1.9984e-15
vn -2.77556e-17 1 -2.05391e-15
vn -2.77334e-32 1 -1.9984e-15
vn 5.41234e-17 1 -1.94289e-15
vn -1.249e-17 1 -1.94289e-15
vn 1.31839e-17 1 -1.94289e-15
vn 2.63678e-17 1 -1.9984e-15
vn 2.70617e-17 1 -1.9984e-15
vn -1.31839e-17 1 -1.88738e-15
vn 1.38778e-18 1 -1.94289e-15
vn 2.70617e-17 1 -1.9984e-15
vn 2.04697e-17 1 -1.94289e-15
vn 2.67147e-17 1 -1.9984e-15
vn 2.63678e-17 1 -1.9984e-15
vn -6.93889e-19 1 -1.9984e-15
vn 1.45717e-17 1 -1.9984e-15
vn -1.38778e-17 1 -1.9984e-15
vn 2.63678e-17 1 -1.9984e-15
vn 2.63678e-17 1 -1.88738e-15
vn 0 1 -1.9984e-15
vn -2.63678e-17 1 -1.9984e-15
vn -1.38778e-18 1 -1.88738e-15
vn -1.38778e-18 1 -1.9984e-15
vn 2.63678e-17 1 -1.88738e-15
vn -2.77556e-17 1 -1.88738e-15
vn 2.63678e-17 1 -1.88738e-15
vn 2.63678e-17 1 -1.88738e-15
vn 2.77556e-17 1 -1.9984e-15
vn 2.63678e-17 1 -1.9984e-15
vn 2.63678e-17 1 -1.88738e-15
vn 2.77556e-17 1 -1.9984e-15
vn 2.63678e-17 1 -1.9984e-15
vn 2.63678e-17 1 -1.9984e-15
vn 2.63678e-17 1 -1.9984e-15
vn 2.63678e-17 1 -1.9984e-15
vn 2.63678e-17 1 -1.9984e-15
vn 0 1 -1.77636e-15
vn 0 1 -1.9984e-15
vn 2.63678e-17 1 -1.9984e-15
vn -2.63678e-17 1 -1.77636e-15
vn 0 1 -1.77636e-15
vn 1.249e-17 1 -1.77636e-15
vn 4.02456e-17 1 -1.77636e-15
vn 0 1 -1.9984e-15
vn 1.249e-17 1 -1.77636e-15
vn 0 1 -1.9984e-15
vn -1.2326e-32 1 -1.77636e-15
vn -1.31839e-17 1 -1.9984e-15
vn -6.59195e-18 1 -1.9984e-15
vn 1 -0 6.38991e-16
vn 0.999208 -0 0.0397809
vn 0.990217 -0 0.139535
vn 0.990217 -0 0.139535
vn 0.990217 -0 0.139535
vn 0.990217 -0 0.139535
vn 0.990217 -0 0.139535
vn 0.990217 -0 0.139535
vn 0.990217 -0 0.139535
vn 0.990217 -0 0.139535
vn 0.990217 -0 0.139535
vn 0.990217 -0 0.139535
vn 0.990217 -0 0.139535
vn 0.990217 -0 0.139535
vn 0.990217 -0 0.139535
vn 0.990217 -0 0.139535
vn 0.990217 -0 0.139535
vn 0.990217 -0 0.139535
vn 0.990217 -0 0.139535
vn 0.990217 -0 0.139535
vn 0.994997 -0 0.0999075
vn 0.998748 -0 0.0500164
vn 1 -0 5.47707e-16
vn 0.990217 -0 0.139535
vn 0.999559 -0 0.0296847
vn 0.990751 -0 0.135695
vn 0.990751 -0 0.135695
vn 0.995955 -0 0.0898544
vn 0.995955 -0 0.0898544
vn 0.999006 -0 0.0445802
vn 0.999006 -0 0.0445802
vn 0.990751 -0 0.135695
vn 0.995955 -0 0.0898544
vn 0.999006 -0 0.0445802
vn 1 -0 -0
vn 0.997176 -0 -0.0751039
vn 0.984661 -0 -0.174477
vn 0.962269 -0 -0.272101
vn 0.930223 -0 -0.366994
vn 0.888846 -0 -0.458206
vn 0.838552 -0 -0.544821
vn 0.779846 -0 -0.625971
vn 0.713317 -0 -0.700842
vn 0.639632 -0 -0.768681
vn 0.55953 -0 -0.82881
vn 0.473816 -0 -0.880624
vn 0.383348 -0 -0.923604
vn 0.289034 -0 -0.957319
vn 0.191821 -0 -0.98143
vn 0.0926842 -0 -0.995696
vn -0.00738283 0 -0.999973
vn -0.107376 0 -0.994219
vn -0.206292 0 -0.978491
vn -0.303138 0 -0.952947
vn -0.396943 0 -0.917843
vn -0.486767 0 -0.873532
vn -0.571707 0 -0.820458
vn -0.650912 0 -0.759153
vn -0.723587 0 -0.690233
vn -0.789004 0 -0.614389
vn -0.846505 0 -0.532381
vn -0.895515 0 -0.445032
vn -0.935541 0 -0.353219
vn -0.966182 0 -0.257863
vn -0.98713 0 -0.15992
vn -0.998176 0 -0.0603722
vn -0.999208 -0 0.0397809
vn -0.990217 -0 0.139535
vn -0.990217 -0 0.139535
vn -0.990217 -0 0.139535
vn -0.990217 -0 0.139535
vn -0.990217 -0 0.139535
vn -0.990217 -0 0.139535
vn -0.990217 -0 0.139535
vn -0.990217 -0 0.139535
vn -0.990217 -0 0.139535
vn -0.990217 -0 0.139535
vn -0.990217 -0 0.139535
vn -0.990217 -0 0.139535
vn -0.990217 -0 0.139535
vn -0.990217 -0 0.139535
vn -0.990217 -0 0.139535
vn -0.990217 -0 0.139535
vn -0.990217 -0 0.139535
vn -0.990217 -0 0.139535
vn -0.993865 -0 0.110601
vn -0.998153 -0 0.0607529
vn -0.999942 -0 0.0107529
vn -0.999228 0 -0.039274
vn -0.996014 0 -0.0892026
vn -0.990305 0 -0.138908
vn -0.982118 0 -0.188266
vn -0.971473 0 -0.237152
vn -0.958395 0 -0.285445
vn -0.942919 0 -0.333023
vn -0.925082 0 -0.379767
vn -0.90493 0 -0.425561
vn -0.882512 0 -0.47029
vn -0.857885 0 -0.513841
vn -0.831111 0 -0.556106
vn -0.802256 0 -0.59698
vn -0.771394 0 -0.636358
vn -0.7386 0 -0.674144
vn -0.703957 0 -0.710242
vn -0.667552 0 -0.744563
vn -0.629476 0 -0.77702
vn -0.589825 0 -0.807531
vn -0.548697 0 -0.836021
vn -0.506195 0 -0.862419
vn -0.462427 0 -0.886657
vn -0.417501 0 -0.908677
vn -0.371529 0 -0.928421
vn -0.324628 0 -0.945842
vn -0.276914 0 -0.960895
vn -0.228507 0 -0.973542
vn -0.179528 0 -0.983753
vn -0.1301 0 -0.991501
vn -0.0803457 0 -0.996767
vn -0.0303905 0 -0.999538
vn 0.0196408 -0 -0.999807
vn 0.0696229 -0 -0.997573
vn 0.119431 -0 -0.992843
vn 0.16894 -0 -0.985626
vn 0.218026 -0 -0.975943
vn 0.266566 -0 -0.963817
vn 0.314439 -0 -0.949278
vn 0.361525 -0 -0.932363
vn 0.407706 -0 -0.913113
vn 0.452866 -0 -0.891579
vn 0.496893 -0 -0.867812
vn 0.539676 -0 -0.841873
vn 0.581107 -0 -0.813827
vn 0.621085 -0 -0.783743
vn 0.659507 -0 -0.751698
vn 0.696279 -0 -0.717771
vn 0.731308 -0 -0.682047
vn 0.764506 -0 -0.644616
vn 0.795791 -0 -0.605572
vn 0.825083 -0 -0.565011
vn 0.85231 -0 -0.523036
vn 0.877404 -0 -0.479752
vn 0.900301 -0 -0.435267
vn 0.920945 -0 -0.389693
vn 0.939283 -0 -0.343143
vn 0.95527 -0 -0.295734
vn 0.968866 -0 -0.247584
vn 0.980037 -0 -0.198815
vn 0.988754 -0 -0.149549
vn 0.994997 -0 -0.0999075
vn 0.998748 -0 -0.0500164
vn 1 -0 -0
vn 0.999559 -0 -0.0296847
vn -0.990217 -0 0.139535
vn 0.999006 -0 -0.0445802
vn 0.999006 -0 -0.0445802
vn 0.995955 -0 -0.0898544
vn 0.995955 -0 -0.0898544
vn 0.990751 -0 -0.135695
vn 0.990751 -0 -0.135695
vn 0.983305 -0 -0.181963
vn 0.983305 -0 -0.181963
vn 0.973543 -0 -0.228505
vn 0.973543 -0 -0.228505
vn 0.961399 -0 -0.275158
vn 0.961399 -0 -0.275158
vn 0.946825 -0 -0.321749
vn 0.946825 -0 -0.321749
vn 0.929788 -0 -0.368095
vn 0.929788 -0 -0.368095
vn 0.910273 -0 -0.414008
vn 0.910273 -0 -0.414008
vn 0.888284 -0 -0.459295
vn 0.888284 -0 -0.459295
vn 0.863844 -0 -0.50376
vn 0.863844 -0 -0.50376
vn 0.836996 -0 -0.54721
vn 0.836996 -0 -0.54721
vn 0.807804 -0 -0.589451
vn 0.807804 -0 -0.589451
vn 0.776353 -0 -0.630298
vn 0.776353 -0 -0.630298
vn 0.742747 -0 -0.669572
vn 0.742747 -0 -0.669572
vn 0.707107 -0 -0.707107
vn 0.707107 -0 -0.707107
vn 0.669572 -0 -0.742747
vn 0.669572 -0 -0.742747
vn 0.630298 -0 -0.776353
vn 0.630298 -0 -0.776353
vn 0.589451 -0 -0.807804
vn 0.589451 -0 -0.807804
vn 0.54721 -0 -0.836996
vn 0.54721 -0 -0.836996
vn 0.50376 -0 -0.863844
vn 0.50376 -0 -0.863844
vn 0.459295 -0 -0.888284
vn 0.459295 -0 -0.888284
vn 0.414008 -0 -0.910273
vn 0.414008 -0 -0.910273
vn 0.368095 -0 -0.929788
vn 0.368095 -0 -0.929788
vn 0.321749 -0 -0.946825
vn 0.321749 -0 -0.946825
vn 0.275158 -0 -0.961399
vn 0.275158 -0 -0.961399
vn 0.228505 -0 -0.973543
vn 0.228505 -0 -0.973543
vn 0.181963 -0 -0.983305
vn 0.181963 -0 -0.983305
vn 0.135695 -0 -0.990751
vn 0.135695 -0 -0.990751
vn 0.0898544 -0 -0.995955
vn 0.0898544 -0 -0.995955
vn 0.0445802 -0 -0.999006
vn 0.0445802 -0 -0.999006
vn -4.56422e-16 0 -1
vn -9.12844e-17 0 -1
vn -0.0445802 0 -0.999006
vn -0.0445802 0 -0.999006
vn -0.0898544 0 -0.995955
vn -0.0898544 0 -0.995955
vn -0.135695 0 -0.990751
vn -0.135695 0 -0.990751
vn -0.181963 0 -0.983305
vn -0.181963 0 -0.983305
vn -0.228505 0 -0.973543
vn -0.228505 0 -0.973543
vn -0.275158 0 -0.961399
vn -0.275158 0 -0.961399
vn -0.321749 0 -0.946825
vn -0.321749 0 -0.946825
vn -0.368095 0 -0.929788
vn -0.368095 0 -0.929788
vn -0.414008 0 -0.910273
vn -0.414008 0 -0.910273
vn -0.459295 0 -0.888284
vn -0.459295 0 -0.888284
vn -0.50376 0 -0.863844
vn -0.50376 0 -0.863844
vn -0.54721 0 -0.836996
vn -0.54721 0 -0.836996
vn -0.589451 0 -0.807804
vn -0.589451 0 -0.807804
vn -0.630298 0 -0.776353
vn -0.630298 0 -0.776353
vn -0.669572 0 -0.742747
vn -0.669572 0 -0.742747
vn -0.707107 0 -0.707107
vn -0.707107 0 -0.707107
vn -0.742747 0 -0.669572
vn -0.742747 0 -0.669572
vn -0.776353 0 -0.630298
vn -0.776353 0 -0.630298
vn -0.807804 0 -0.589451
vn -0.807804 0 -0.589451
vn -0.836996 0 -0.54721
vn -0.836996 0 -0.54721
vn -0.863844 0 -0.50376
vn -0.863844 0 -0.50376
vn -0.888284 0 -0.459295
vn -0.888284 0 -0.459295
vn -0.910273 0 -0.414008
vn -0.910273 0 -0.414008
vn -0.929788 0 -0.368095
vn -0.929788 0 -0.368095
vn -0.946825 0 -0.321749
vn -0.946825 0 -0.321749
vn -0.961399 0 -0.275158
vn -0.961399 0 -0.275158
vn -0.973543 0 -0.228505
vn -0.973543 0 -0.228505
vn -0.983305 0 -0.181963
vn -0.983305 0 -0.181963
vn -0.990751 0 -0.135695
vn -0.990751 0 -0.135695
vn -0.995955 0 -0.0898544
vn -0.995955 0 -0.0898544
vn -0.999006 0 -0.0445802
vn -0.999006 0 -0.0445802
vn -1 0 -5.47707e-16
vn -1 0 -1.82569e-16
vn -0.999006 -0 0.0445802
vn -0.999006 -0 0.0445802
vn -0.995955 -0 0.0898544
vn -0.995955 -0 0.0898544
vn -0.990751 -0 0.135695
vn -0.990751 -0 0.135695
vn 0.999006 -0 -0.0445802
vn 0.995955 -0 -0.0898544
vn 0.990751 -0 -0.135695
vn 0.983305 -0 -0.181963
vn 0.973543 -0 -0.228505
vn 0.961399 -0 -0.275158
vn 0.946825 -0 -0.321749
vn 0.929788 -0 -0.368095
vn 0.910273 -0 -0.414008
vn 0.888284 -0 -0.459295
vn 0.863844 -0 -0.50376
vn 0.836996 -0 -0.54721
vn 0.807804 -0 -0.589451
vn 0.776353 -0 -0.630298
vn 0.742747 -0 -0.669572
vn 0.707107 -0 -0.707107
vn 0.669572 -0 -0.742747
vn 0.630298 -0 -0.776353
vn 0.589451 -0 -0.807804
vn 0.54721 -0 -0.836996
vn 0.50376 -0 -0.863844
vn 0.459295 -0 -0.888284
vn 0.414008 -0 -0.910273
vn 0.368095 -0 -0.929788
vn 0.321749 -0 -0.946825
vn 0.275158 -0 -0.961399
vn 0.228505 -0 -0.973543
vn 0.181963 -0 -0.983305
vn 0.135695 -0 -0.990751
vn 0.0898544 -0 -0.995955
vn 0.0445802 -0 -0.999006
vn 9.12844e-17 -0 -1
vn -0.0445802 0 -0.999006
vn -0.0898544 0 -0.995955
vn -0.135695 0 -0.990751
vn -0.181963 0 -0.983305
vn -0.228505 0 -0.973543
vn -0.275158 0 -0.961399
vn -0.321749 0 -0.946825
vn -0.368095 0 -0.929788
vn -0.414008 0 -0.910273
vn -0.459295 0 -0.888284
vn -0.50376 0 -0.863844
vn -0.54721 0 -0.836996
vn -0.589451 0 -0.807804
vn -0.630298 0 -0.776353
vn -0.669572 0 -0.742747
vn -0.707107 0 -0.707107
vn -0.742747 0 -0.669572
vn -0.776353 0 -0.630298
vn -0.807804 0 -0.589451
vn -0.836996 0 -0.54721
vn -0.863844 0 -0.50376
vn -0.888284 0 -0.459295
vn -0.910273 0 -0.414008
vn -0.929788 0 -0.368095
vn -0.946825 0 -0.321749
vn -0.961399 0 -0.275158
vn -0.973543 0 -0.228505
vn -0.983305 0 -0.181963
vn -0.990751 0 -0.135695
vn -0.995955 0 -0.0898544
vn -0.999006 0 -0.0445802
vn -1 0 -3.65138e-16
vn -0.999006 -0 0.0445802
vn -0.995955 -0 0.0898544
vn -0.990751 -0 0.135695
vn 1 -0 -1.49533e-15
vn 0.99917 -0 0.040742
vn 0.989743 -0 0.142857
vn 0.989743 -0 0.142857
vn 0.989743 -0 0.142857
vn 0.989743 -0 0.142857
vn 0.989743 -0 0.142857
vn 0.989743 -0 0.142857
vn 0.989743 -0 0.142857
vn 0.989743 -0 0.142857
vn 0.989743 -0 0.142857
vn 0.989743 -0 0.142857
vn 0.989743 -0 0.142857
vn 0.989743 -0 0.142857
vn 0.989743 -0 0.142857
vn 0.989743 -0 0.142857
vn 0.989743 -0 0.142857
vn 0.989743 -0 0.142857
vn 0.989743 -0 0.142857
vn 0.997046 -0 0.0768108
vn 1 -0 -7.47663e-16
vn 0.989743 -0 0.142857
vn 0.998964 -0 0.0455105
vn 0.990751 -0 0.135695
vn 0.990751 -0 0.135695
vn 0.995955 -0 0.0898544
vn 0.995955 -0 0.0898544
vn 0.999006 -0 0.0445802
vn 0.999006 -0 0.0445802
vn 0.990751 -0 0.135695
vn 0.995955 -0 0.0898544
vn 1 -0 7.47663e-16
vn 0.999998 -0 -0.00192168
vn 0.994543 -0 -0.104326
vn 0.978629 -0 -0.205633
vn 0.952424 -0 -0.304777
vn 0.916202 -0 -0.400717
vn 0.870345 -0 -0.492442
vn 0.815336 -0 -0.578989
vn 0.751752 -0 -0.659446
vn 0.680262 -0 -0.732969
vn 0.601618 -0 -0.798784
vn 0.516648 -0 -0.856198
vn 0.426244 -0 -0.904608
vn 0.331358 -0 -0.943505
vn 0.232987 -0 -0.97248
vn 0.132166 -0 -0.991228
vn 0.0299552 -0 -0.999551
vn -0.0725708 0 -0.997363
vn -0.174334 0 -0.984687
vn -0.274263 0 -0.961655
vn -0.371308 0 -0.92851
vn -0.464449 0 -0.8856
vn -0.552705 0 -0.833377
vn -0.635148 0 -0.77239
vn -0.710913 0 -0.70328
vn -0.779201 0 -0.626775
vn -0.839294 0 -0.543678
vn -0.890561 0 -0.454863
vn -0.932463 0 -0.361265
vn -0.964559 0 -0.263868
vn -0.986511 0 -0.163695
vn -0.998088 0 -0.0618017
vn -0.99917 -0 0.040742
vn -0.989743 -0 0.142857
vn -0.989743 -0 0.142857
vn -0.989743 -0 0.142857
vn -0.989743 -0 0.142857
vn -0.989743 -0 0.142857
vn -0.989743 -0 0.142857
vn -0.989743 -0 0.142857
vn -0.989743 -0 0.142857
vn -0.989743 -0 0.142857
vn -0.989743 -0 0.142857
vn -0.989743 -0 0.142857
vn -0.989743 -0 0.142857
vn -0.989743 -0 0.142857
vn -0.989743 -0 0.142857
vn -0.989743 -0 0.142857
vn -0.989743 -0 0.142857
vn -0.989743 -0 0.142857
vn -0.989743 -0 0.142857
vn -0.989743 -0 0.142857
vn -0.990616 -0 0.136674
vn -0.996315 -0 0.0857684
vn -0.9994 -0 0.0346374
vn -0.999862 0 -0.0165845
vn -0.997701 0 -0.067763
vn -0.992923 0 -0.118764
vn -0.985538 0 -0.169453
vn -0.975568 0 -0.219697
vn -0.963038 0 -0.269365
vn -0.947981 0 -0.318326
vn -0.930437 0 -0.366452
vn -0.910451 0 -0.413616
vn -0.888077 0 -0.459695
vn -0.863372 0 -0.504568
vn -0.836402 0 -0.548117
vn -0.807237 0 -0.590228
vn -0.775954 0 -0.63079
vn -0.742635 0 -0.669697
vn -0.707367 0 -0.706846
vn -0.670244 0 -0.742141
vn -0.631361 0 -0.775489
vn -0.590822 0 -0.806802
vn -0.548733 0 -0.835998
vn -0.505204 0 -0.863
vn -0.460349 0 -0.887738
vn -0.414287 0 -0.910146
vn -0.367137 0 -0.930167
vn -0.319024 0 -0.947746
vn -0.270074 0 -0.962839
vn -0.220416 0 -0.975406
vn -0.170179 0 -0.985413
vn -0.119495 0 -0.992835
vn -0.0684981 0 -0.997651
vn -0.0173213 0 -0.99985
vn 0.033901 -0 -0.999425
vn 0.0850343 -0 -0.996378
vn 0.135944 -0 -0.990716
vn 0.186498 -0 -0.982455
vn 0.236562 -0 -0.971616
vn 0.286006 -0 -0.958228
vn 0.334698 -0 -0.942325
vn 0.382513 -0 -0.92395
vn 0.429324 -0 -0.90315
vn 0.475009 -0 -0.879981
vn 0.519447 -0 -0.854503
vn 0.562522 -0 -0.826782
vn 0.604122 -0 -0.796892
vn 0.644136 -0 -0.764911
vn 0.682459 -0 -0.730923
vn 0.718993 -0 -0.695018
vn 0.753639 -0 -0.657288
vn 0.786308 -0 -0.617834
vn 0.816914 -0 -0.576759
vn 0.845377 -0 -0.53417
vn 0.871621 -0 -0.49018
vn 0.895578 -0 -0.444904
vn 0.917186 -0 -0.39846
vn 0.936386 -0 -0.350971
vn 0.95313 -0 -0.30256
vn 0.967373 -0 -0.253356
vn 0.979078 -0 -0.203487
vn 0.988213 -0 -0.153085
vn 0.994756 -0 -0.10228
vn 0.998688 -0 -0.0512072
vn 1 -0 7.47663e-16
vn 0.999538 -0 -0.030389
vn -0.989743 -0 0.142857
vn 0.999006 -0 -0.0445802
vn 0.999006 -0 -0.0445802
vn 0.995955 -0 -0.0898544
vn 0.995955 -0 -0.0898544
vn 0.990751 -0 -0.135695
vn 0.990751 -0 -0.135695
vn 0.983305 -0 -0.181963
vn 0.983305 -0 -0.181963
vn 0.973543 -0 -0.228505
vn 0.973543 -0 -0.228505
vn 0.961399 -0 -0.275158
vn 0.961399 -0 -0.275158
vn 0.946825 -0 -0.321749
vn 0.946825 -0 -0.321749
vn 0.929788 -0 -0.368095
vn 0.929788 -0 -0.368095
vn 0.910273 -0 -0.414008
vn 0.910273 -0 -0.414008
vn 0.888284 -0 -0.459295
vn 0.888284 -0 -0.459295
vn 0.863844 -0 -0.50376
vn 0.863844 -0 -0.50376
vn 0.836996 -0 -0.54721
vn 0.836996 -0 -0.54721
vn 0.807804 -0 -0.589451
vn 0.807804 -0 -0.589451
vn 0.776353 -0 -0.630298
vn 0.776353 -0 -0.630298
vn 0.742747 -0 -0.669572
vn 0.742747 -0 -0.669572
vn 0.707107 -0 -0.707107
vn 0.707107 -0 -0.707107
vn 0.669572 -0 -0.742747
vn 0.669572 -0 -0.742747
vn 0.630298 -0 -0.776353
vn 0.630298 -0 -0.776353
vn 0.589451 -0 -0.807804
vn 0.589451 -0 -0.807804
vn 0.54721 -0 -0.836996
vn 0.54721 -0 -0.836996
vn 0.50376 -0 -0.863844
vn 0.50376 -0 -0.863844
vn 0.459295 -0 -0.888284
vn 0.459295 -0 -0.888284
vn 0.414008 -0 -0.910273
vn 0.414008 -0 -0.910273
vn 0.368095 -0 -0.929788
vn 0.368095 -0 -0.929788
vn 0.321749 -0 -0.946825
vn 0.321749 -0 -0.946825
vn 0.275158 -0 -0.961399
vn 0.275158 -0 -0.961399
vn 0.228505 -0 -0.973543
vn 0.228505 -0 -0.973543
vn 0.181963 -0 -0.983305
vn 0.181963 -0 -0.983305
vn 0.135695 -0 -0.990751
vn 0.135695 -0 -0.990751
vn 0.0898544 -0 -0.995955
vn 0.0898544 -0 -0.995955
vn 0.0445802 -0 -0.999006
vn 0.0445802 -0 -0.999006
vn -9.34579e-17 0 -1
vn -1.86916e-16 0 -1
vn -0.0445802 0 -0.999006
vn -0.0445802 0 -0.999006
vn -0.0898544 0 -0.995955
vn -0.0898544 0 -0.995955
vn -0.135695 0 -0.990751
vn -0.135695 0 -0.990751
vn -0.181963 0 -0.983305
vn -0.181963 0 -0.983305
vn -0.228505 0 -0.973543
vn -0.228505 0 -0.973543
vn -0.275158 0 -0.961399
vn -0.275158 0 -0.961399
vn -0.321749 0 -0.946825
vn -0.321749 0 -0.946825
vn -0.368095 0 -0.929788
vn -0.368095 0 -0.929788
vn -0.414008 0 -0.910273
vn -0.414008 0 -0.910273
vn -0.459295 0 -0.888284
vn -0.459295 0 -0.888284
vn -0.50376 0 -0.863844
vn -0.50376 0 -0.863844
vn -0.54721 0 -0.836996
vn -0.54721 0 -0.836996
vn -0.589451 0 -0.807804
vn -0.589451 0 -0.807804
vn -0.630298 0 -0.776353
vn -0.630298 0 -0.776353
vn -0.669572 0 -0.742747
vn -0.669572 0 -0.742747
vn -0.707107 0 -0.707107
vn -0.707107 0 -0.707107
vn -0.742747 0 -0.669572
vn -0.742747 0 -0.669572
vn -0.776353 0 -0.630298
vn -0.776353 0 -0.630298
vn -0.807804 0 -0.589451
vn -0.807804 0 -0.589451
vn -0.836996 0 -0.54721
vn -0.836996 0 -0.54721
vn -0.863844 0 -0.50376
vn -0.863844 0 -0.50376
vn -0.888284 0 -0.459295
vn -0.888284 0 -0.459295
vn -0.910273 0 -0.414008
vn -0.910273 0 -0.414008
vn -0.929788 0 -0.368095
vn -0.929788 0 -0.368095
vn -0.946825 0 -0.321749
vn -0.946825 0 -0.321749
vn -0.961399 0 -0.275158
vn -0.961399 0 -0.275158
vn -0.973543 0 -0.228505
vn -0.973543 0 -0.228505
vn -0.983305 0 -0.181963
vn -0.983305 0 -0.181963
vn -0.990751 0 -0.135695
vn -0.990751 0 -0.135695
vn -0.995955 0 -0.0898544
vn -0.995955 0 -0.0898544
vn -0.999006 0 -0.0445802
vn -0.999006 0 -0.0445802
vn -1 0 -0
vn -1 0 -7.47663e-16
vn -0.999006 -0 0.0445802
vn -0.999006 -0 0.0445802
vn -0.995955 -0 0.0898544
vn -0.995955 -0 0.0898544
vn -0.990751 -0 0.135695
vn -0.990751 -0 0.135695
vn 0.999006 -0 -0.0445802
vn 0.995955 -0 -0.0898544
vn 0.990751 -0 -0.135695
vn 0.983305 -0 -0.181963
vn 0.973543 -0 -0.228505
vn 0.961399 -0 -0.275158
vn 0.946825 -0 -0.321749
vn 0.929788 -0 -0.368095
vn 0.910273 -0 -0.414008
vn 0.888284 -0 -0.459295
vn 0.863844 -0 -0.50376
vn 0.836996 -0 -0.54721
vn 0.807804 -0 -0.589451
vn 0.776353 -0 -0.630298
vn 0.742747 -0 -0.669572
vn 0.707107 -0 -0.707107
vn 0.669572 -0 -0.742747
vn 0.630298 -0 -0.776353
vn 0.589451 -0 -0.807804
vn 0.54721 -0 -0.836996
vn 0.50376 -0 -0.863844
vn 0.459295 -0 -0.888284
vn 0.414008 -0 -0.910273
vn 0.368095 -0 -0.929788
vn 0.321749 -0 -0.946825
vn 0.275158 -0 -0.961399
vn 0.228505 -0 -0.973543
vn 0.181963 -0 -0.983305
vn 0.135695 -0 -0.990751
vn 0.0898544 -0 -0.995955
vn 0.0445802 -0 -0.999006
vn -0 -0 -1
vn -0.0445802 0 -0.999006
vn -0.0898544 0 -0.995955
vn -0.135695 0 -0.990751
vn -0.181963 0 -0.983305
vn -0.228505 0 -0.973543
vn -0.275158 0 -0.961399
vn -0.321749 0 -0.946825
vn -0.368095 0 -0.929788
vn -0.414008 0 -0.910273
vn -0.459295 0 -0.888284
vn -0.50376 0 -0.863844
vn -0.54721 0 -0.836996
vn -0.589451 0 -0.807804
vn -0.630298 0 -0.776353
vn -0.669572 0 -0.742747
vn -0.707107 0 -0.707107
vn -0.742747 0 -0.669572
vn -0.776353 0 -0.630298
vn -0.807804 0 -0.589451
vn -0.836996 0 -0.54721
vn -0.863844 0 -0.50376
vn -0.888284 0 -0.459295
vn -0.910273 0 -0.414008
vn -0.929788 0 -0.368095
vn -0.946825 0 -0.321749
vn -0.961399 0 -0.275158
vn -0.973543 0 -0.228505
vn -0.983305 0 -0.181963
vn -0.990751 0 -0.135695
vn -0.995955 0 -0.0898544
vn -0.999006 0 -0.0445802
vn -1 0 -1.49533e-15
vn -0.999006 -0 0.0445802
vn -0.995955 -0 0.0898544
vn -0.990751 -0 0.135695
g Body_plastic-blue
usemtl plastic-blue
f 1//1 19//19 20//20
f 1//1 18//18 19//19
f 1//1 17//17 18//18
f 1//1 16//16 17//17
f 1//1 15//15 16//16
f 1//1 14//14 15//15
f 1//1 13//13 14//14
f 1//1 12//12 13//13
f 1//1 11//11 12//12
f 1//1 10//10 11//11
f 1//1 9//9 10//10
f 1//1 8//8 9//9
f 1//1 7//7 8//8
f 1//1 6//6 7//7
f 1//1 5//5 6//6
f 1//1 4//4 5//5
f 1//1 3//3 4//4
f 3//3 1//1 2//2
f 21//21 54//54 55//55
f 21//21 53//53 54//54
f 21//21 52//52 53//53
f 21//21 51//51 52//52
f 21//21 50//50 51//51
f 21//21 49//49 50//50
f 21//21 48//48 49//49
f 21//21 47//47 48//48
f 21//21 46//46 47//47
f 21//21 45//45 46//46
f 21//21 44//44 45//45
f 21//21 43//43 44//44
f 21//21 42//42 43//43
f 21//21 41//41 42//42
f 21//21 40//40 41//41
f 21//21 39//39 40//40
f 39//39 37//37 38//38
f 39//39 36//36 37//37
f 39//39 35//35 36//36
f 39//39 34//34 35//35
f 39//39 33//33 34//34
f 39//39 32//32 33//33
f 39//39 31//31 32//32
f 39//39 30//30 31//31
f 39//39 29//29 30//30
f 39//39 28//28 29//29
f 39//39 27//27 28//28
f 39//39 26//26 27//27
f 39//39 25//25 26//26
f 39//39 24//24 25//25
f 39//39 23//23 24//24
f 39//39 22//22 23//23
f 39//39 21//21 22//22
f 56//56 75//75 76//76
f 75//75 73//73 74//74
f 75//75 72//72 73//73
f 75//75 71//71 72//72
f 75//75 70//70 71//71
f 75//75 69//69 70//70
f 75//75 68//68 69//69
f 75//75 67//67 68//68
f 75//75 66//66 67//67
f 75//75 65//65 66//66
f 75//75 64//64 65//65
f 56//56 64//64 75//75
f 64//64 56//56 63//63
f 77//77 81//81 78//78
f 77//77 80//80 81//81
f 78//78 82//82 79//79
f 78//78 81//81 82//82
f 80//80 84//84 81//81
f 80//80 83//83 84//84
f 81//81 85//85 82//82
f 81//81 84//84 85//85
f 86//86 90//90 87//87
f 86//86 89//89 90//90
f 87//87 91//91 88//88
f 87//87 90//90 91//91
f 89//89 93//93 90//90
f 89//89 92//92 93//93
f 90//90 94//94 91//91
f 90//90 93//93 94//94
f 95//95 99//99 96//96
f 95//95 98//98 99//99
f 96//96 100//100 97//97
f 96//96 99//99 100//100
f 98//98 102//102 99//99
f 98//98 101//101 102//102
f 99//99 103//103 100//100
f 99//99 102//102 103//103
f 104//104 108//108 105//105
f 104//104 107//107 108//108
f 105//105 109//109 106//106
f 105//105 108//108 109//109
f 107//107 111//111 108//108
f 107//107 110//110 111//111
f 108//108 112//112 109//109
f 108//108 111//111 112//112
f 113//113 117//117 114//114
f 113//113 116//116 117//117
f 114//114 118//118 115//115
f 114//114 117//117 118//118
f 116//116 120//120 117//117
f 116//116 119//119 120//120
f 117//117 121//121 118//118
f 117//117 120//120 121//121
f 122//122 126//126 123//123
f 122//122 125//125 126//126
f 123//123 127//127 124//124
f 123//123 126//126 127//127
f 125//125 129//129 126//126
f 125//125 128//128 129//129
f 126//126 130//130 127//127
f 126//126 129//129 130//130
f 140//140 144//144 141//141
f 140//140 143//143 144//144
f 141//141 145//145 142//142
f 141//141 144//144 145//145
f 143//143 147//147 144//144
f 143//143 146//146 147//147
f 144//144 148//148 145//145
f 144//144 147//147 148//148
f 158//158 162//162 159//159
f 158//158 161//161 162//162
f 159//159 163//163 160//160
f 159//159 162//162 163//163
f 161//161 165//165 162//162
f 161//161 164//164 165//165
f 162//162 166//166 163//163
f 162//162 165//165 166//166
f 167//167 171//171 168//168
f 167//167 170//170 171//171
f 168//168 172//172 169//169
f 168//168 171//171 172//172
f 170//170 174//174 171//171
f 170//170 173//173 174//174
f 171//171 175//175 172//172
f 171//171 174//174 175//175
f 176//176 180//180 177//177
f 176//176 179//179 180//180
f 177//177 181//181 178//178
f 177//177 180//180 181//181
f 179//179 183//183 180//180
f 179//179 182//182 183//183
f 180//180 184//184 181//181
f 180//180 183//183 184//184
f 185//185 189//189 186//186
f 185//185 188//188 189//189
f 186//186 190//190 187//187
f 186//186 189//189 190//190
f 188//188 192//192 189//189
f 188//188 191//191 192//192
f 189//189 193//193 190//190
f 189//189 192//192 193//193
f 194//194 198//198 195//195
f 194//194 197//197 198//198
f 195//195 199//199 196//196
f 195//195 198//198 199//199
f 197//197 201//201 198//198
f 197//197 200//200 201//201
f 198//198 202//202 199//199
f 198//198 201//201 202//202
f 354//354 203//203 204//204
f 354//354 204//204 205//205
f 205//205 206//206 207//207
f 205//205 207//207 208//208
f 208//208 209//209 210//210
f 208//208 210//210 211//211
f 208//208 211//211 212//212
f 205//205 208//208 212//212
f 212//212 213//213 214//214
f 212//212 214//214 215//215
f 212//212 215//215 216//216
f 216//216 217//217 218//218
f 216//216 218//218 219//219
f 216//216 219//219 220//220
f 216//216 220//220 221//221
f 216//216 221//221 222//222
f 216//216 222//222 223//223
f 216//216 223//223 224//224
f 216//216 224//224 225//225
f 216//216 225//225 226//226
f 216//216 226//226 227//227
f 216//216 227//227 228//228
f 216//216 228//228 229//229
f 216//216 229//229 230//230
f 216//216 230//230 231//231
f 216//216 231//231 232//232
f 216//216 232//232 233//233
f 216//216 233//233 234//234
f 216//216 234//234 235//235
f 216//216 235//235 236//236
f 216//216 236//236 237//237
f 216//216 237//237 238//238
f 216//216 238//238 239//239
f 216//216 239//239 240//240
f 216//216 240//240 241//241
f 212//212 216//216 241//241
f 212//212 241//241 242//242
f 212//212 242//242 243//243
f 212//212 243//243 244//244
f 212//212 244//244 245//245
f 212//212 245//245 246//246
f 212//212 246//246 247//247
f 212//212 247//247 248//248
f 212//212 248//248 249//249
f 212//212 249//249 250//250
f 212//212 250//250 251//251
f 212//212 251//251 252//252
f 212//212 252//252 253//253
f 212//212 253//253 254//254
f 212//212 254//254 255//255
f 212//212 255//255 256//256
f 212//212 256//256 257//257
f 212//212 257//257 258//258
f 212//212 258//258 259//259
f 212//212 259//259 260//260
f 212//212 260//260 261//261
f 212//212 261//261 262//262
f 212//212 262//262 263//263
f 212//212 263//263 264//264
f 212//212 264//264 265//265
f 212//212 265//265 266//266
f 212//212 266//266 267//267
f 212//212 267//267 268//268
f 212//212 268//268 269//269
f 212//212 269//269 270//270
f 212//212 270//270 271//271
f 285//285 286//286 287//287
f 284//284 285//285 287//287
f 283//283 284//284 287//287
f 282//282 283//283 287//287
f 281//281 282//282 287//287
f 280//280 281//281 287//287
f 279//279 280//280 287//287
f 278//278 279//279 287//287
f 277//277 278//278 287//287
f 276//276 277//277 287//287
f 275//275 276//276 287//287
f 274//274 275//275 287//287
f 273//273 274//274 287//287
f 272//272 273//273 287//287
f 271//271 272//272 287//287
f 212//212 271//271 287//287
f 212//212 287//287 288//288
f 212//212 288//288 289//289
f 212//212 289//289 290//290
f 212//212 290//290 291//291
f 212//212 291//291 292//292
f 212//212 292//292 293//293
f 212//212 293//293 294//294
f 212//212 294//294 295//295
f 212//212 295//295 296//296
f 212//212 296//296 297//297
f 212//212 297//297 298//298
f 212//212 298//298 299//299
f 212//212 299//299 300//300
f 212//212 300//300 301//301
f 212//212 301//301 302//302
f 212//212 302//302 303//303
f 212//212 303//303 304//304
f 212//212 304//304 305//305
f 212//212 305//305 306//306
f 212//212 306//306 307//307
f 212//212 307//307 308//308
f 212//212 308//308 309//309
f 212//212 309//309 310//310
f 212//212 310//310 311//311
f 212//212 311//311 312//312
f 212//212 312//312 313//313
f 212//212 313//313 314//314
f 212//212 314//314 315//315
f 212//212 315//315 316//316
f 212//212 316//316 317//317
f 212//212 317//317 318//318
f 212//212 318//318 319//319
f 212//212 319//319 320//320
f 212//212 320//320 321//321
f 205//205 212//212 321//321
f 205//205 321//321 322//322
f 205//205 322//322 323//323
f 205//205 323//323 324//324
f 205//205 324//324 325//325
f 205//205 325//325 326//326
f 205//205 326//326 327//327
f 205//205 327//327 328//328
f 205//205 328//328 329//329
f 205//205 329//329 330//330
f 205//205 330//330 331//331
f 205//205 331//331 332//332
f 205//205 332//332 333//333
f 205//205 333//333 334//334
f 205//205 334//334 335//335
f 205//205 335//335 336//336
f 205//205 336//336 337//337
f 205//205 337//337 338//338
f 205//205 338//338 339//339
f 205//205 339//339 340//340
f 205//205 340//340 341//341
f 205//205 341//341 342//342
f 205//205 342//342 343//343
f 205//205 343//343 344//344
f 205//205 344//344 345//345
f 205//205 345//345 346//346
f 205//205 346//346 347//347
f 205//205 347//347 348//348
f 205//205 348//348 349//349
f 205//205 349//349 350//350
f 205//205 350//350 351//351
f 205//205 351//351 352//352
f 205//205 352//352 353//353
f 205//205 353//353 354//354
f 442//442 355//355 356//356
f 442//442 356//356 357//357
f 357//357 358//358 359//359
f 357//357 359//359 360//360
f 360//360 361//361 362//362
f 360//360 362//362 363//363
f 360//360 363//363 364//364
f 364//364 365//365 366//366
f 360//360 364//364 366//366
f 360//360 366//366 367//367
f 367//367 368//368 369//369
f 367//367 369//369 370//370
f 367//367 370//370 371//371
f 367//367 371//371 372//372
f 367//367 372//372 373//373
f 367//367 373//373 374//374
f 367//367 374//374 375//375
f 367//367 375//375 376//376
f 367//367 376//376 377//377
f 367//367 377//377 378//378
f 367//367 378//378 379//379
f 367//367 379//379 380//380
f 367//367 380//380 381//381
f 367//367 381//381 382//382
f 367//367 382//382 383//383
f 367//367 383//383 384//384
f 367//367 384//384 385//385
f 367//367 385//385 386//386
f 360//360 367//367 386//386
f 360//360 386//386 387//387
f 360//360 387//387 388//388
f 360//360 388//388 389//389
f 360//360 389//389 390//390
f 360//360 390//390 391//391
f 360//360 391//391 392//392
f 360//360 392//392 393//393
f 360//360 393//393 394//394
f 360//360 394//394 395//395
f 360//360 395//395 396//396
f 360//360 396//396 397//397
f 360//360 397//397 398//398
f 360//360 398//398 399//399
f 360//360 399//399 400//400
f 360//360 400//400 401//401
f 360//360 401//401 402//402
f 360//360 402//402 403//403
f 360//360 403//403 404//404
f 360//360 404//404 405//405
f 405//405 406//406 407//407
f 405//405 407//407 408//408
f 405//405 408//408 409//409
f 405//405 409//409 410//410
f 405//405 410//410 411//411
f 405//405 411//411 412//412
f 405//405 412//412 413//413
f 360//360 405//405 413//413
f 360//360 413//413 414//414
f 360//360 414//414 415//415
f 360//360 415//415 416//416
f 360//360 416//416 417//417
f 360//360 417//417 418//418
f 360//360 418//418 419//419
f 360//360 419//419 420//420
f 360//360 420//420 421//421
f 360//360 421//421 422//422
f 360//360 422//422 423//423
f 360//360 423//423 424//424
f 360//360 424//424 425//425
f 357//357 360//360 425//425
f 357//357 425//425 426//426
f 357//357 426//426 427//427
f 357//357 427//427 428//428
f 357//357 428//428 429//429
f 357//357 429//429 430//430
f 357//357 430//430 431//431
f 357//357 431//431 432//432
f 357//357 432//432 433//433
f 357//357 433//433 434//434
f 357//357 434//434 435//435
f 357//357 435//435 436//436
f 357//357 436//436 437//437
f 357//357 437//437 438//438
f 357//357 438//438 439//439
f 357//357 439//439 440//440
f 357//357 440//440 441//441
f 357//357 441//441 442//442
f 465//465 476//476 467//467
f 476//476 444//444 472//472
f 465//465 444//444 476//476
f 465//465 443//443 444//444
f 467//467 476//476 473//473
f 476//476 464//464 473//473
f 476//476 471//471 464//464
f 471//471 476//476 475//475
f 475//475 463//463 471//471
f 475//475 469//469 463//463
f 469//469 475//475 474//474
f 474//474 462//462 469//469
f 474//474 461//461 462//462
f 474//474 460//460 461//461
f 474//474 459//459 460//460
f 474//474 458//458 459//459
f 474//474 457//457 458//458
f 474//474 456//456 457//457
f 474//474 455//455 456//456
f 474//474 454//454 455//455
f 474//474 453//453 454//454
f 474//474 452//452 453//453
f 452//452 474//474 466//466
f 474//474 451//451 466//466
f 474//474 450//450 451//451
f 474//474 449//449 450//450
f 474//474 448//448 449//449
f 474//474 447//447 448//448
f 474//474 446//446 447//447
f 474//474 445//445 446//446
f 445//445 474//474 468//468
f 474//474 470//470 468//468
f 470//470 474//474 475//475
f 475//475 472//472 470//470
f 472//472 475//475 476//476
f 596//596 598//598 592//592
f 596//596 731//731 598//598
f 731//731 596//596 730//730
f 731//731 591//591 598//598
f 731//731 600//600 591//591
f 600//600 731//731 732//732
f 732//732 590//590 600//600
f 732//732 602//602 590//590
f 602//602 732//732 733//733
f 733//733 589//589 602//602
f 733//733 604//604 589//589
f 604//604 733//733 734//734
f 734//734 588//588 604//604
f 734//734 606//606 588//588
f 606//606 734//734 735//735
f 735//735 587//587 606//606
f 735//735 608//608 587//587
f 608//608 735//735 736//736
f 736//736 586//586 608//608
f 736//736 610//610 586//586
f 610//610 736//736 737//737
f 737//737 585//585 610//610
f 737//737 612//612 585//585
f 612//612 737//737 738//738
f 738//738 584//584 612//612
f 738//738 614//614 584//584
f 614//614 738//738 739//739
f 739//739 583//583 614//614
f 739//739 616//616 583//583
f 616//616 739//739 740//740
f 740//740 582//582 616//616
f 740//740 618//618 582//582
f 618//618 740//740 741//741
f 741//741 581//581 618//618
f 741//741 620//620 581//581
f 620//620 741//741 742//742
f 742//742 580//580 620//620
f 742//742 622//622 580//580
f 622//622 742//742 743//743
f 743//743 579//579 622//622
f 743//743 624//624 579//579
f 624//624 743//743 744//744
f 744//744 578//578 624//624
f 744//744 626//626 578//578
f 626//626 744//744 745//745
f 745//745 577//577 626//626
f 745//745 628//628 577//577
f 628//628 745//745 746//746
f 746//746 576//576 628//628
f 746//746 630//630 576//576
f 630//630 746//746 747//747
f 747//747 575//575 630//630
f 747//747 632//632 575//575
f 632//632 747//747 748//748
f 748//748 574//574 632//632
f 748//748 634//634 574//574
f 634//634 748//748 749//749
f 749//749 573//573 634//634
f 749//749 636//636 573//573
f 636//636 749//749 750//750
f 750//750 572//572 636//636
f 750//750 638//638 572//572
f 638//638 750//750 751//751
f 751//751 571//571 638//638
f 751//751 640//640 571//571
f 640//640 751//751 752//752
f 752//752 570//570 640//640
f 752//752 642//642 570//570
f 642//642 752//752 753//753
f 753//753 569//569 642//642
f 753//753 644//644 569//569
f 644//644 753//753 754//754
f 754//754 568//568 644//644
f 754//754 646//646 568//568
f 646//646 754//754 755//755
f 755//755 567//567 646//646
f 755//755 648//648 567//567
f 648//648 755//755 756//756
f 756//756 566//566 648//648
f 756//756 650//650 566//566
f 650//650 756//756 757//757
f 757//757 565//565 650//650
f 757//757 652//652 565//565
f 652//652 757//757 758//758
f 758//758 564//564 652//652
f 758//758 654//654 564//564
f 654//654 758//758 759//759
f 759//759 563//563 654//654
f 759//759 656//656 563//563
f 656//656 759//759 760//760
f 760//760 562//562 656//656
f 760//760 658//658 562//562
f 658//658 760//760 761//761
f 761//761 561//561 658//658
f 761//761 660//660 561//561
f 660//660 761//761 762//762
f 762//762 560//560 660//660
f 762//762 662//662 560//560
f 662//662 762//762 763//763
f 763//763 559//559 662//662
f 763//763 664//664 559//559
f 664//664 763//763 764//764
f 764//764 558//558 664//664
f 764//764 666//666 558//558
f 666//666 764//764 765//765
f 765//765 668//668 666//666
f 668//668 765//765 766//766
f 766//766 557//557 668//668
f 766//766 670//670 557//557
f 670//670 766//766 767//767
f 767//767 556//556 670//670
f 767//767 672//672 556//556
f 672//672 767//767 768//768
f 768//768 555//555 672//672
f 768//768 674//674 555//555
f 674//674 768//768 769//769
f 769//769 554//554 674//674
f 769//769 676//676 554//554
f 676//676 769//769 770//770
f 770//770 553//553 676//676
f 770//770 678//678 553//553
f 678//678 770//770 771//771
f 771//771 552//552 678//678
f 771//771 680//680 552//552
f 680//680 771//771 772//772
f 772//772 551//551 680//680
f 772//772 682//682 551//551
f 682//682 772//772 773//773
f 773//773 550//550 682//682
f 773//773 684//684 550//550
f 684//684 773//773 774//774
f 774//774 549//549 684//684
f 774//774 548//548 549//549
f 774//774 686//686 548//548
f 686//686 774//774 775//775
f 775//775 547//547 686//686
f 775//775 688//688 547//547
f 688//688 775//775 776//776
f 776//776 546//546 688//688
f 776//776 690//690 546//546
f 690//690 776//776 777//777
f 777//777 545//545 690//690
f 777//777 692//692 545//545
f 692//692 777//777 778//778
f 778//778 544//544 692//692
f 778//778 694//694 544//544
f 694//694 778//778 779//779
f 779//779 543//543 694//694
f 779//779 696//696 543//543
f 696//696 779//779 780//780
f 780//780 542//542 696//696
f 780//780 698//698 542//542
f 698//698 780//780 781//781
f 781//781 541//541 698//698
f 781//781 700//700 541//541
f 700//700 781//781 782//782
f 782//782 540//540 700//700
f 782//782 702//702 540//540
f 702//702 782//782 783//783
f 783//783 539//539 702//702
f 783//783 704//704 539//539
f 704//704 783//783 784//784
f 784//784 538//538 704//704
f 784//784 706//706 538//538
f 706//706 784//784 785//785
f 785//785 537//537 706//706
f 785//785 708//708 537//537
f 708//708 785//785 786//786
f 786//786 536//536 708//708
f 786//786 710//710 536//536
f 710//710 786//786 787//787
f 787//787 535//535 710//710
f 787//787 712//712 535//535
f 712//712 787//787 788//788
f 788//788 534//534 712//712
f 788//788 714//714 534//534
f 714//714 788//788 789//789
f 789//789 533//533 714//714
f 789//789 716//716 533//533
f 716//716 789//789 790//790
f 790//790 718//718 716//716
f 718//718 790//790 791//791
f 791//791 532//532 718//718
f 791//791 720//720 532//532
f 720//720 791//791 792//792
f 792//792 531//531 720//720
f 792//792 722//722 531//531
f 722//722 792//792 793//793
f 793//793 530//530 722//722
f 793//793 724//724 530//530
f 724//724 793//793 794//794
f 794//794 529//529 724//724
f 794//794 726//726 529//529
f 726//726 794//794 795//795
f 795//795 528//528 726//726
f 795//795 728//728 528//528
f 728//728 795//795 796//796
f 796//796 527//527 728//728
f 796//796 526//526 527//527
f 796//796 525//525 526//526
f 796//796 524//524 525//525
f 796//796 523//523 524//524
f 796//796 522//522 523//523
f 796//796 521//521 522//522
f 796//796 520//520 521//521
f 796//796 519//519 520//520
f 796//796 518//518 519//519
f 796//796 517//517 518//518
f 517//517 796//796 595//595
f 796//796 516//516 595//595
f 796//796 515//515 516//516
f 796//796 514//514 515//515
f 796//796 513//513 514//514
f 796//796 512//512 513//513
f 796//796 511//511 512//512
f 796//796 510//510 511//511
f 510//510 796//796 729//729
f 796//796 727//727 729//729
f 727//727 796//796 795//795
f 795//795 725//725 727//727
f 725//725 795//795 794//794
f 794//794 509//509 725//725
f 794//794 723//723 509//509
f 723//723 794//794 793//793
f 793//793 721//721 723//723
f 721//721 793//793 792//792
f 792//792 508//508 721//721
f 792//792 719//719 508//508
f 719//719 792//792 791//791
f 791//791 717//717 719//719
f 717//717 791//791 790//790
f 790//790 507//507 717//717
f 790//790 715//715 507//507
f 715//715 790//790 789//789
f 789//789 713//713 715//715
f 713//713 789//789 788//788
f 788//788 506//506 713//713
f 788//788 711//711 506//506
f 711//711 788//788 787//787
f 787//787 709//709 711//711
f 709//709 787//787 786//786
f 786//786 505//505 709//709
f 786//786 707//707 505//505
f 707//707 786//786 785//785
f 785//785 705//705 707//707
f 705//705 785//785 784//784
f 784//784 504//504 705//705
f 784//784 703//703 504//504
f 703//703 784//784 783//783
f 783//783 701//701 703//703
f 701//701 783//783 782//782
f 782//782 503//503 701//701
f 782//782 699//699 503//503
f 699//699 782//782 781//781
f 781//781 697//697 699//699
f 697//697 781//781 780//780
f 780//780 502//502 697//697
f 780//780 695//695 502//502
f 695//695 780//780 779//779
f 779//779 693//693 695//695
f 693//693 779//779 778//778
f 778//778 501//501 693//693
f 778//778 691//691 501//501
f 691//691 778//778 777//777
f 777//777 689//689 691//691
f 689//689 777//777 776//776
f 776//776 500//500 689//689
f 776//776 687//687 500//500
f 687//687 776//776 775//775
f 775//775 685//685 687//687
f 685//685 775//775 774//774
f 774//774 499//499 685//685
f 774//774 683//683 499//499
f 683//683 774//774 773//773
f 773//773 681//681 683//683
f 681//681 773//773 772//772
f 772//772 498//498 681//681
f 772//772 679//679 498//498
f 679//679 772//772 771//771
f 771//771 677//677 679//679
f 677//677 771//771 770//770
f 770//770 497//497 677//677
f 770//770 675//675 497//497
f 675//675 770//770 769//769
f 769//769 673//673 675//675
f 673//673 769//769 768//768
f 768//768 496//496 673//673
f 768//768 671//671 496//496
f 671//671 768//768 767//767
f 767//767 669//669 671//671
f 669//669 767//767 766//766
f 766//766 495//495 669//669
f 766//766 667//667 495//495
f 667//667 766//766 765//765
f 765//765 665//665 667//667
f 665//665 765//765 764//764
f 764//764 494//494 665//665
f 764//764 663//663 494//494
f 663//663 764//764 763//763
f 763//763 661//661 663//663
f 661//661 763//763 762//762
f 762//762 493//493 661//661
f 762//762 659//659 493//493
f 659//659 762//762 761//761
f 761//761 657//657 659//659
f 657//657 761//761 760//760
f 760//760 655//655 657//657
f 655//655 760//760 759//759
f 759//759 492//492 655//655
f 759//759 653//653 492//492
f 653//653 759//759 758//758
f 758//758 651//651 653//653
f 651//651 758//758 757//757
f 757//757 491//491 651//651
f 757//757 649//649 491//491
f 649//649 757//757 756//756
f 756//756 647//647 649//649
f 647//647 756//756 755//755
f 755//755 490//490 647//647
f 755//755 645//645 490//490
f 645//645 755//755 754//754
f 754//754 643//643 645//645
f 643//643 754//754 753//753
f 753//753 489//489 643//643
f 753//753 641//641 489//489
f 641//641 753//753 752//752
f 752//752 639//639 641//641
f 639//639 752//752 751//751
f 751//751 488//488 639//639
f 751//751 637//637 488//488
f 637//637 751//751 750//750
f 750//750 635//635 637//637
f 635//635 750//750 749//749
f 749//749 487//487 635//635
f 749//749 633//633 487//487
f 633//633 749//749 748//748
f 748//748 631//631 633//633
f 631//631 748//748 747//747
f 747//747 486//486 631//631
f 747//747 629//629 486//486
f 629//629 747//747 746//746
f 746//746 627//627 629//629
f 627//627 746//746 745//745
f 745//745 485//485 627//627
f 745//745 625//625 485//485
f 625//625 745//745 744//744
f 744//744 623//623 625//625
f 623//623 744//744 743//743
f 743//743 484//484 623//623
f 743//743 621//621 484//484
f 621//621 743//743 742//742
f 742//742 619//619 621//621
f 619//619 742//742 741//741
f 741//741 483//483 619//619
f 741//741 617//617 483//483
f 617//617 741//741 740//740
f 740//740 615//615 617//617
f 615//615 740//740 739//739
f 739//739 482//482 615//615
f 739//739 613//613 482//482
f 613//613 739//739 738//738
f 738//738 611//611 613//613
f 611//611 738//738 737//737
f 737//737 481//481 611//611
f 737//737 609//609 481//481
f 609//609 737//737 736//736
f 736//736 607//607 609//609
f 607//607 736//736 735//735
f 735//735 480//480 607//607
f 735//735 605//605 480//480
f 605//605 735//735 734//734
f 734//734 603//603 605//605
f 603//603 734//734 733//733
f 733//733 479//479 603//603
f 733//733 601//601 479//479
f 601//601 733//733 732//732
f 732//732 599//599 601//601
f 599//599 732//732 731//731
f 731//731 478//478 599//599
f 731//731 597//597 478//478
f 597//597 731//731 730//730
f 730//730 477//477 597//597
f 477//477 730//730 594//594
f 594//594 730//730 596//596
f 824//824 798//798 825//825
f 817//817 798//798 824//824
f 817//817 797//797 798//798
f 825//825 819//819 824//824
f 825//825 827//827 819//819
f 827//827 825//825 822//822
f 827//827 816//816 819//819
f 816//816 827//827 823//823
f 827//827 821//821 823//823
f 821//821 827//827 826//826
f 826//826 815//815 821//821
f 826//826 814//814 815//815
f 826//826 813//813 814//814
f 826//826 812//812 813//813
f 826//826 811//811 812//812
f 826//826 810//810 811//811
f 826//826 809//809 810//810
f 826//826 808//808 809//809
f 826//826 807//807 808//808
f 826//826 806//806 807//807
f 806//806 826//826 818//818
f 826//826 805//805 818//818
f 826//826 804//804 805//805
f 826//826 803//803 804//804
f 826//826 802//802 803//803
f 826//826 801//801 802//802
f 826//826 800//800 801//801
f 826//826 799//799 800//800
f 799//799 826//826 820//820
f 826//826 822//822 820//820
f 822//822 826//826 827//827
f 947//947 949//949 943//943
f 947//947 1082//1082 949//949
f 1082//1082 947//947 1081//1081
f 1082//1082 942//942 949//949
f 1082//1082 951//951 942//942
f 951//951 1082//1082 1083//1083
f 1083//1083 941//941 951//951
f 1083//1083 953//953 941//941
f 953//953 1083//1083 1084//1084
f 1084//1084 940//940 953//953
f 1084//1084 955//955 940//940
f 955//955 1084//1084 1085//1085
f 1085//1085 939//939 955//955
f 1085//1085 957//957 939//939
f 957//957 1085//1085 1086//1086
f 1086//1086 938//938 957//957
f 1086//1086 959//959 938//938
f 959//959 1086//1086 1087//1087
f 1087//1087 937//937 959//959
f 1087//1087 961//961 937//937
f 961//961 1087//1087 1088//1088
f 1088//1088 936//936 961//961
f 1088//1088 963//963 936//936
f 963//963 1088//1088 1089//1089
f 1089//1089 935//935 963//963
f 1089//1089 965//965 935//935
f 965//965 1089//1089 1090//1090
f 1090//1090 934//934 965//965
f 1090//1090 967//967 934//934
f 967//967 1090//1090 1091//1091
f 1091//1091 933//933 967//967
f 1091//1091 969//969 933//933
f 969//969 1091//1091 1092//1092
f 1092//1092 932//932 969//969
f 1092//1092 971//971 932//932
f 971//971 1092//1092 1093//1093
f 1093//1093 931//931 971//971
f 1093//1093 973//973 931//931
f 973//973 1093//1093 1094//1094
f 1094//1094 930//930 973//973
f 1094//1094 975//975 930//930
f 975//975 1094//1094 1095//1095
f 1095//1095 929//929 975//975
f 1095//1095 977//977 929//929
f 977//977 1095//1095 1096//1096
f 1096//1096 928//928 977//977
f 1096//1096 979//979 928//928
f 979//979 1096//1096 1097//1097
f 1097//1097 927//927 979//979
f 1097//1097 981//981 927//927
f 981//981 1097//1097 1098//1098
f 1098//1098 926//926 981//981
f 1098//1098 983//983 926//926
f 983//983 1098//1098 1099//1099
f 1099//1099 925//925 983//983
f 1099//1099 985//985 925//925
f 985//985 1099//1099 1100//1100
f 1100//1100 924//924 985//985
f 1100//1100 987//987 924//924
f 987//987 1100//1100 1101//1101
f 1101//1101 923//923 987//987
f 1101//1101 989//989 923//923
f 989//989 1101//1101 1102//1102
f 1102//1102 922//922 989//989
f 1102//1102 991//991 922//922
f 991//991 1102//1102 1103//1103
f 1103//1103 921//921 991//991
f 1103//1103 993//993 921//921
f 993//993 1103//1103 1104//1104
f 1104//1104 920//920 993//993
f 1104//1104 995//995 920//920
f 995//995 1104//1104 1105//1105
f 1105//1105 919//919 995//995
f 1105//1105 997//997 919//919
f 997//997 1105//1105 1106//1106
f 1106//1106 918//918 997//997
f 1106//1106 999//999 918//918
f 999//999 1106//1106 1107//1107
f 1107//1107 917//917 999//999
f 1107//1107 1001//1001 917//917
f 1001//1001 1107//1107 1108//1108
f 1108//1108 916//916 1001//1001
f 1108//1108 1003//1003 916//916
f 1003//1003 1108//1108 1109//1109
f 1109//1109 1005//1005 1003//1003
f 1005//1005 1109//1109 1110//1110
f 1110//1110 915//915 1005//1005
f 1110//1110 1007//1007 915//915
f 1007//1007 1110//1110 1111//1111
f 1111//1111 914//914 1007//1007
f 1111//1111 1009//1009 914//914
f 1009//1009 1111//1111 1112//1112
f 1112//1112 913//913 1009//1009
f 1112//1112 1011//1011 913//913
f 1011//1011 1112//1112 1113//1113
f 1113//1113 912//912 1011//1011
f 1113//1113 1013//1013 912//912
f 1013//1013 1113//1113 1114//1114
f 1114//1114 911//911 1013//1013
f 1114//1114 1015//1015 911//911
f 1015//1015 1114//1114 1115//1115
f 1115//1115 910//910 1015//1015
f 1115//1115 1017//1017 910//910
f 1017//1017 1115//1115 1116//1116
f 1116//1116 909//909 1017//1017
f 1116//1116 1019//1019 909//909
f 1019//1019 1116//1116 1117//1117
f 1117//1117 908//908 1019//1019
f 1117//1117 1021//1021 908//908
f 1021//1021 1117//1117 1118//1118
f 1118//1118 907//907 1021//1021
f 1118//1118 1023//1023 907//907
f 1023//1023 1118//1118 1119//1119
f 1119//1119 906//906 1023//1023
f 1119//1119 1025//1025 906//906
f 1025//1025 1119//1119 1120//1120
f 1120//1120 1027//1027 1025//1025
f 1027//1027 1120//1120 1121//1121
f 1121//1121 905//905 1027//1027
f 1121//1121 1029//1029 905//905
f 1029//1029 1121//1121 1122//1122
f 1122//1122 904//904 1029//1029
f 1122//1122 1031//1031 904//904
f 1031//1031 1122//1122 1123//1123
f 1123//1123 903//903 1031//1031
f 1123//1123 1033//1033 903//903
f 1033//1033 1123//1123 1124//1124
f 1124//1124 902//902 1033//1033
f 1124//1124 1035//1035 902//902
f 1035//1035 1124//1124 1125//1125
f 1125//1125 901//901 1035//1035
f 1125//1125 1037//1037 901//901
f 1037//1037 1125//1125 1126//1126
f 1126//1126 900//900 1037//1037
f 1126//1126 1039//1039 900//900
f 1039//1039 1126//1126 1127//1127
f 1127//1127 899//899 1039//1039
f 1127//1127 1041//1041 899//899
f 1041//1041 1127//1127 1128//1128
f 1128//1128 898//898 1041//1041
f 1128//1128 897//897 898//898
f 1128//1128 1043//1043 897//897
f 1043//1043 1128//1128 1129//1129
f 1129//1129 896//896 1043//1043
f 1129//1129 1045//1045 896//896
f 1045//1045 1129//1129 1130//1130
f 1130//1130 895//895 1045//1045
f 1130//1130 1047//1047 895//895
f 1047//1047 1130//1130 1131//1131
f 1131//1131 894//894 1047//1047
f 1131//1131 1049//1049 894//894
f 1049//1049 1131//1131 1132//1132
f 1132//1132 893//893 1049//1049
f 1132//1132 1051//1051 893//893
f 1051//1051 1132//1132 1133//1133
f 1133//1133 892//892 1051//1051
f 1133//1133 1053//1053 892//892
f 1053//1053 1133//1133 1134//1134
f 1134//1134 1055//1055 1053//1053
f 1055//1055 1134//1134 1135//1135
f 1135//1135 891//891 1055//1055
f 1135//1135 1057//1057 891//891
f 1057//1057 1135//1135 1136//1136
f 1136//1136 890//890 1057//1057
f 1136//1136 1059//1059 890//890
f 1059//1059 1136//1136 1137//1137
f 1137//1137 889//889 1059//1059
f 1137//1137 1061//1061 889//889
f 1061//1061 1137//1137 1138//1138
f 1138//1138 888//888 1061//1061
f 1138//1138 1063//1063 888//888
f 1063//1063 1138//1138 1139//1139
f 1139//1139 887//887 1063//1063
f 1139//1139 1065//1065 887//887
f 1065//1065 1139//1139 1140//1140
f 1140//1140 886//886 1065//1065
f 1140//1140 1067//1067 886//886
f 1067//1067 1140//1140 1141//1141
f 1141//1141 885//885 1067//1067
f 1141//1141 1069//1069 885//885
f 1069//1069 1141//1141 1142//1142
f 1142//1142 884//884 1069//1069
f 1142//1142 1071//1071 884//884
f 1071//1071 1142//1142 1143//1143
f 1143//1143 883//883 1071//1071
f 1143//1143 1073//1073 883//883
f 1073//1073 1143//1143 1144//1144
f 1144//1144 882//882 1073//1073
f 1144//1144 1075//1075 882//882
f 1075//1075 1144//1144 1145//1145
f 1145//1145 881//881 1075//1075
f 1145//1145 1077//1077 881//881
f 1077//1077 1145//1145 1146//1146
f 1146//1146 1079//1079 1077//1077
f 1079//1079 1146//1146 1147//1147
f 1147//1147 880//880 1079//1079
f 1147//1147 879//879 880//880
f 1147//1147 878//878 879//879
f 1147//1147 877//877 878//878
f 1147//1147 876//876 877//877
f 1147//1147 875//875 876//876
f 1147//1147 874//874 875//875
f 1147//1147 873//873 874//874
f 1147//1147 872//872 873//873
f 1147//1147 871//871 872//872
f 1147//1147 870//870 871//871
f 1147//1147 869//869 870//870
f 1147//1147 868//868 869//869
f 868//868 1147//1147 946//946
f 1147//1147 867//867 946//946
f 1147//1147 866//866 867//867
f 1147//1147 865//865 866//866
f 1147//1147 864//864 865//865
f 1147//1147 863//863 864//864
f 1147//1147 862//862 863//863
f 1147//1147 861//861 862//862
f 861//861 1147//1147 1080//1080
f 1147//1147 1078//1078 1080//1080
f 1078//1078 1147//1147 1146//1146
f 1146//1146 1076//1076 1078//1078
f 1076//1076 1146//1146 1145//1145
f 1145//1145 860//860 1076//1076
f 1145//1145 1074//1074 860//860
f 1074//1074 1145//1145 1144//1144
f 1144//1144 1072//1072 1074//1074
f 1072//1072 1144//1144 1143//1143
f 1143//1143 859//859 1072//1072
f 1143//1143 1070//1070 859//859
f 1070//1070 1143//1143 1142//1142
f 1142//1142 1068//1068 1070//1070
f 1068//1068 1142//1142 1141//1141
f 1141//1141 858//858 1068//1068
f 1141//1141 1066//1066 858//858
f 1066//1066 1141//1141 1140//1140
f 1140//1140 1064//1064 1066//1066
f 1064//1064 1140//1140 1139//1139
f 1139//1139 857//857 1064//1064
f 1139//1139 1062//1062 857//857
f 1062//1062 1139//1139 1138//1138
f 1138//1138 1060//1060 1062//1062
f 1060//1060 1138//1138 1137//1137
f 1137//1137 856//856 1060//1060
f 1137//1137 1058//1058 856//856
f 1058//1058 1137//1137 1136//1136
f 1136//1136 1056//1056 1058//1058
f 1056//1056 1136//1136 1135//1135
f 1135//1135 855//855 1056//1056
f 1135//1135 1054//1054 855//855
f 1054//1054 1135//1135 1134//1134
f 1134//1134 1052//1052 1054//1054
f 1052//1052 1134//1134 1133//1133
f 1133//1133 854//854 1052//1052
f 1133//1133 1050//1050 854//854
f 1050//1050 1133//1133 1132//1132
f 1132//1132 1048//1048 1050//1050
f 1048//1048 1132//1132 1131//1131
f 1131//1131 853//853 1048//1048
f 1131//1131 1046//1046 853//853
f 1046//1046 1131//1131 1130//1130
f 1130//1130 1044//1044 1046//1046
f 1044//1044 1130//1130 1129//1129
f 1129//1129 852//852 1044//1044
f 1129//1129 1042//1042 852//852
f 1042//1042 1129//1129 1128//1128
f 1128//1128 1040//1040 1042//1042
f 1040//1040 1128//1128 1127//1127
f 1127//1127 851//851 1040//1040
f 1127//1127 1038//1038 851//851
f 1038//1038 1127//1127 1126//1126
f 1126//1126 1036//1036 1038//1038
f 1036//1036 1126//1126 1125//1125
f 1125//1125 850//850 1036//1036
f 1125//1125 1034//1034 850//850
f 1034//1034 1125//1125 1124//1124
f 1124//1124 1032//1032 1034//1034
f 1032//1032 1124//1124 1123//1123
f 1123//1123 849//849 1032//1032
f 1123//1123 1030//1030 849//849
f 1030//1030 1123//1123 1122//1122
f 1122//1122 1028//1028 1030//1030
f 1028//1028 1122//1122 1121//1121
f 1121//1121 848//848 1028//1028
f 1121//1121 1026//1026 848//848
f 1026//1026 1121//1121 1120//1120
f 1120//1120 1024//1024 1026//1026
f 1024//1024 1120//1120 1119//1119
f 1119//1119 1022//1022 1024//1024
f 1022//1022 1119//1119 1118//1118
f 1118//1118 847//847 1022//1022
f 1118//1118 1020//1020 847//847
f 1020//1020 1118//1118 1117//1117
f 1117//1117 1018//1018 1020//1020
f 1018//1018 1117//1117 1116//1116
f 1116//1116 846//846 1018//1018
f 1116//1116 1016//1016 846//846
f 1016//1016 1116//1116 1115//1115
f 1115//1115 1014//1014 1016//1016
f 1014//1014 1115//1115 1114//1114
f 1114//1114 845//845 1014//1014
f 1114//1114 1012//1012 845//845
f 1012//1012 1114//1114 1113//1113
f 1113//1113 1010//1010 1012//1012
f 1010//1010 1113//1113 1112//1112
f 1112//1112 844//844 1010//1010
f 1112//1112 1008//1008 844//844
f 1008//1008 1112//1112 1111//1111
f 1111//1111 1006//1006 1008//1008
f 1006//1006 1111//1111 1110//1110
f 1110//1110 843//843 1006//1006
f 1110//1110 1004//1004 843//843
f 1004//1004 1110//1110 1109//1109
f 1109//1109 1002//1002 1004//1004
f 1002//1002 1109//1109 1108//1108
f 1108//1108 1000//1000 1002//1002
f 1000//1000 1108//1108 1107//1107
f 1107//1107 842//842 1000//1000
f 1107//1107 998//998 842//842
f 998//998 1107//1107 1106//1106
f 1106//1106 996//996 998//998
f 996//996 1106//1106 1105//1105
f 1105//1105 841//841 996//996
f 1105//1105 994//994 841//841
f 994//994 1105//1105 1104//1104
f 1104//1104 992//992 994//994
f 992//992 1104//1104 1103//1103
f 1103//1103 840//840 992//992
f 1103//1103 990//990 840//840
f 990//990 1103//1103 1102//1102
f 1102//1102 988//988 990//990
f 988//988 1102//1102 1101//1101
f 1101//1101 839//839 988//988
f 1101//1101 986//986 839//839
f 986//986 1101//1101 1100//1100
f 1100//1100 984//984 986//986
f 984//984 1100//1100 1099//1099
f 1099//1099 838//838 984//984
f 1099//1099 982//982 838//838
f 982//982 1099//1099 1098//1098
f 1098//1098 980//980 982//982
f 980//980 1098//1098 1097//1097
f 1097//1097 837//837 980//980
f 1097//1097 978//978 837//837
f 978//978 1097//1097 1096//1096
f 1096//1096 976//976 978//978
f 976//976 1096//1096 1095//1095
f 1095//1095 836//836 976//976
f 1095//1095 974//974 836//836
f 974//974 1095//1095 1094//1094
f 1094//1094 972//972 974//974
f 972//972 1094//1094 1093//1093
f 1093//1093 835//835 972//972
f 1093//1093 970//970 835//835
f 970//970 1093//1093 1092//1092
f 1092//1092 968//968 970//970
f 968//968 1092//1092 1091//1091
f 1091//1091 834//834 968//968
f 1091//1091 966//966 834//834
f 966//966 1091//1091 1090//1090
f 1090//1090 964//964 966//966
f 964//964 1090//1090 1089//1089
f 1089//1089 833//833 964//964
f 1089//1089 962//962 833//833
f 962//962 1089//1089 1088//1088
f 1088//1088 960//960 962//962
f 960//960 1088//1088 1087//1087
f 1087//1087 832//832 960//960
f 1087//1087 958//958 832//832
f 958//958 1087//1087 1086//1086
f 1086//1086 956//956 958//958
f 956//956 1086//1086 1085//1085
f 1085//1085 831//831 956//956
f 1085//1085 954//954 831//831
f 954//954 1085//1085 1084//1084
f 1084//1084 952//952 954//954
f 952//952 1084//1084 1083//1083
f 1083//1083 830//830 952//952
f 1083//1083 950//950 830//830
f 950//950 1083//1083 1082//1082
f 1082//1082 948//948 950//950
f 948//948 1082//1082 1081//1081
f 1081//1081 829//829 948//948
f 828//828 1081//1081 945//945
f 829//829 1081//1081 828//828
f 945//945 1081//1081 947//947
g Body_glass
usemtl glass
f 131//131 135//135 132//132
f 131//131 134//134 135//135
f 132//132 136//136 133//133
f 132//132 135//135 136//136
f 134//134 138//138 135//135
f 134//134 137//137 138//138
f 135//135 139//139 136//136
f 135//135 138//138 139//139
f 149//149 153//153 150//150
f 149//149 152//152 153//153
f 150//150 154//154 151//151
f 150//150 153//153 154//154
f 152//152 156//156 153//153
f 152//152 155//155 156//156
f 153//153 157//157 154//154
f 153//153 156//156 157//157
o WFL
v 0.63 -0.02 0.36
v 0.631416 -0.02 0.391449
v 0.635843 -0.02 0.423687
v 0.64351 -0.02 0.456305
v 0.654574 -0.02 0.488833
v 0.669101 -0.02 0.520753
v 0.687052 -0.02 0.551523
v 0.708276 -0.02 0.580604
v 0.732513 -0.02 0.607487
v 0.759396 -0.02 0.631724
v 0.788477 -0.02 0.652948
v 0.819247 -0.02 0.670899
v 0.851167 -0.02 0.685426
v 0.883695 -0.02 0.69649
v 0.916313 -0.02 0.704157
v 0.948551 -0.02 0.708584
v 0.98 -0.02 0.71
v 1.01145 -0.02 0.708584
v 1.04369 -0.02 0.704157
v 1.07631 -0.02 0.69649
v 1.10883 -0.02 0.685426
v 1.14075 -0.02 0.670899
v 1.17152 -0.02 0.652948
v 1.2006 -0.02 0.631724
v 1.22749 -0.02 0.607487
v 1.25172 -0.02 0.580604
v 1.27295 -0.02 0.551523
v 1.2909 -0.02 0.520753
v 1.30543 -0.02 0.488833
v 1.31649 -0.02 0.456305
v 1.32416 -0.02 0.423687
v 1.32858 -0.02 0.391449
v 1.33 -0.02 0.36
v 1.32858 -0.02 0.328551
v 1.32416 -0.02 0.296313
v 1.31649 -0.02 0.263695
v 1.30543 -0.02 0.231167
v 1.2909 -0.02 0.199247
v 1.27295 -0.02 0.168477
v 1.25172 -0.02 0.139396
v 1.22749 -0.02 0.112513
v 1.2006 -0.02 0.0882764
v 1.17152 -0.02 0.0670516
v 1.14075 -0.02 0.0491006
v 1.10883 -0.02 0.0345741
v 1.07631 -0.02 0.0235104
v 1.04369 -0.02 0.0158431
v 1.01145 -0.02 0.0114158
v 0.98 -0.02 0.01
v 0.948551 -0.02 0.0114158
v 0.916313 -0.02 0.0158431
v 0.883695 -0.02 0.0235104
v 0.851167 -0.02 0.0345741
v 0.819247 -0.02 0.0491006
v 0.788477 -0.02 0.0670516
v 0.759396 -0.02 0.0882764
v 0.732513 -0.02 0.112513
v 0.708276 -0.02 0.139396
v 0.687052 -0.02 0.168477
v 0.669101 -0.02 0.199247
v 0.654574 -0.02 0.231167
v 0.64351 -0.02 0.263695
v 0.635843 -0.02 0.296313
v 0.631416 -0.02 0.328551
v 0.63 -0.02 0.36
v 0.63 0.13 0.36
v 0.631416 0.13 0.391449
v 0.635843 0.13 0.423687
v 0.64351 0.13 0.456305
v 0.654574 0.13 0.488833
v 0.669101 0.13 0.520753
v 0.687052 0.13 0.551523
v 0.708276 0.13 0.580604
v 0.732513 0.13 0.607487
v 0.759396 0.13 0.631724
v 0.788477 0.13 0.652948
v 0.819247 0.13 0.670899
v 0.851167 0.13 0.685426
v 0.883695 0.13 0.69649
v 0.916313 0.13 0.704157
v 0.948551 0.13 0.708584
v 0.98 0.13 0.71
v 1.01145 0.13 0.708584
v 1.04369 0.13 0.704157
v 1.07631 0.13 0.69649
v 1.10883 0.13 0.685426
v 1.14075 0.13 0.670899
v 1.17152 0.13 0.652948
v 1.2006 0.13 0.631724
v 1.22749 0.13 0.607487
v 1.25172 0.13 0.580604
v 1.27295 0.13 0.551523
v 1.2909 0.13 0.520753
v 1.30543 0.13 0.488833
v 1.31649 0.13 0.456305
v 1.32416 0.13 0.423687
v 1.32858 0.13 0.391449
v 1.33 0.13 0.36
v 1.32858 0.13 0.328551
v 1.32416 0.13 0.296313
v 1.31649 0.13 0.263695
v 1.30543 0.13 0.231167
v 1.2909 0.13 0.199247
v 1.27295 0.13 0.168477
v 1.25172 0.13 0.139396
v 1.22749 0.13 0.112513
v 1.2006 0.13 0.0882764
v 1.17152 0.13 0.0670516
v 1.14075 0.13 0.0491006
v 1.10883 0.13 0.0345741
v 1.07631 0.13 0.0235104
v 1.04369 0.13 0.0158431
v 1.01145 0.13 0.0114158
v 0.98 0.13 0.01
v 0.948551 0.13 0.0114158
v 0.916313 0.13 0.0158431
v 0.883695 0.13 0.0235104
v 0.851167 0.13 0.0345741
v 0.819247 0.13 0.0491006
v 0.788477 0.13 0.0670516
v 0.759396 0.13 0.0882764
v 0.732513 0.13 0.112513
v 0.708276 0.13 0.139396
v 0.687052 0.13 0.168477
v 0.669101 0.13 0.199247
v 0.654574 0.13 0.231167
v 0.64351 0.13 0.263695
v 0.635843 0.13 0.296313
v 0.631416 0.13 0.328551
v 0.63 0.13 0.36
v 0.63 0.28 0.36
v 0.631416 0.28 0.391449
v 0.635843 0.28 0.423687
v 0.64351 0.28 0.456305
v 0.654574 0.28 0.488833
v 0.669101 0.28 0.520753
v 0.687052 0.28 0.551523
v 0.708276 0.28 0.580604
v 0.732513 0.28 0.607487
v 0.759396 0.28 0.631724
v 0.788477 0.28 0.652948
v 0.819247 0.28 0.670899
v 0.851167 0.28 0.685426
v 0.883695 0.28 0.69649
v 0.916313 0.28 0.704157
v 0.948551 0.28 0.708584
v 0.98 0.28 0.71
v 1.01145 0.28 0.708584
v 1.04369 0.28 0.704157
v 1.07631 0.28 0.69649
v 1.10883 0.28 0.685426
v 1.14075 0.28 0.670899
v 1.17152 0.28 0.652948
v 1.2006 0.28 0.631724
v 1.22749 0.28 0.607487
v 1.25172 0.28 0.580604
v 1.27295 0.28 0.551523
v 1.2909 0.28 0.520753
v 1.30543 0.28 0.488833
v 1.31649 0.28 0.456305
v 1.32416 0.28 0.423687
v 1.32858 0.28 0.391449
v 1.33 0.28 0.36
v 1.32858 0.28 0.328551
v 1.32416 0.28 0.296313
v 1.31649 0.28 0.263695
v 1.30543 0.28 0.231167
v 1.2909 0.28 0.199247
v 1.27295 0.28 0.168477
v 1.25172 0.28 0.139396
v 1.22749 0.28 0.112513
v 1.2006 0.28 0.0882764
v 1.17152 0.28 0.0670516
v 1.14075 0.28 0.0491006
v 1.10883 0.28 0.0345741
v 1.07631 0.28 0.0235104
v 1.04369 0.28 0.0158431
v 1.01145 0.28 0.0114158
v 0.98 0.28 0.01
v 0.948551 0.28 0.0114158
v 0.916313 0.28 0.0158431
v 0.883695 0.28 0.0235104
v 0.851167 0.28 0.0345741
v 0.819247 0.28 0.0491006
v 0.788477 0.28 0.0670516
v 0.759396 0.28 0.0882764
v 0.732513 0.28 0.112513
v 0.708276 0.28 0.139396
v 0.687052 0.28 0.168477
v 0.669101 0.28 0.199247
v 0.654574 0.28 0.231167
v 0.64351 0.28 0.263695
v 0.635843 0.28 0.296313
v 0.631416 0.28 0.328551
v 0.63 0.28 0.36
v 0.63 -0.02 0.36
v 0.631416 -0.02 0.328551
v 0.635843 -0.02 0.296313
v 0.63926 -0.02 0.280023
v 0.64351 -0.02 0.263695
v 0.648611 -0.02 0.247388
v 0.654574 -0.02 0.231167
v 0.661404 -0.02 0.215097
v 0.669101 -0.02 0.199247
v 0.677655 -0.02 0.183684
v 0.687052 -0.02 0.168477
v 0.697269 -0.02 0.153692
v 0.708276 -0.02 0.139396
v 0.720039 -0.02 0.12565
v 0.732513 -0.02 0.112513
v 0.74565 -0.02 0.100039
v 0.759396 -0.02 0.0882764
v 0.773692 -0.02 0.0772686
v 0.788477 -0.02 0.0670516
v 0.803684 -0.02 0.0576548
v 0.819247 -0.02 0.0491006
v 0.835097 -0.02 0.0414043
v 0.851167 -0.02 0.0345741
v 0.867388 -0.02 0.0286112
v 0.883695 -0.02 0.0235104
v 0.900023 -0.02 0.0192601
v 0.916313 -0.02 0.0158431
v 0.948551 -0.02 0.0114158
v 0.98 -0.02 0.01
v 1.01145 -0.02 0.0114158
v 1.04369 -0.02 0.0158431
v 1.05998 -0.02 0.0192601
v 1.07631 -0.02 0.0235104
v 1.09261 -0.02 0.0286112
v 1.10883 -0.02 0.0345741
v 1.1249 -0.02 0.0414043
v 1.14075 -0.02 0.0491006
v 1.15632 -0.02 0.0576548
v 1.17152 -0.02 0.0670516
v 1.18631 -0.02 0.0772686
v 1.2006 -0.02 0.0882764
v 1.21435 -0.02 0.100039
v 1.22749 -0.02 0.112513
v 1.23996 -0.02 0.12565
v 1.25172 -0.02 0.139396
v 1.26273 -0.02 0.153692
v 1.27295 -0.02 0.168477
v 1.28235 -0.02 0.183684
v 1.2909 -0.02 0.199247
v 1.2986 -0.02 0.215097
v 1.30543 -0.02 0.231167
v 1.31139 -0.02 0.247388
v 1.31649 -0.02 0.263695
v 1.32074 -0.02 0.280023
v 1.32416 -0.02 0.296313
v 1.32858 -0.02 0.328551
v 1.33 -0.02 0.36
v 1.32858 -0.02 0.391449
v 1.32416 -0.02 0.423687
v 1.32074 -0.02 0.439977
v 1.31649 -0.02 0.456305
v 1.31139 -0.02 0.472612
v 1.30543 -0.02 0.488833
v 1.2986 -0.02 0.504903
v 1.2909 -0.02 0.520753
v 1.28235 -0.02 0.536316
v 1.27295 -0.02 0.551523
v 1.26273 -0.02 0.566308
v 1.25172 -0.02 0.580604
v 1.23996 -0.02 0.59435
v 1.22749 -0.02 0.607487
v 1.21435 -0.02 0.619961
v 1.2006 -0.02 0.631724
v 1.18631 -0.02 0.642731
v 1.17152 -0.02 0.652948
v 1.15632 -0.02 0.662345
v 1.14075 -0.02 0.670899
v 1.1249 -0.02 0.678596
v 1.10883 -0.02 0.685426
v 1.09261 -0.02 0.691389
v 1.07631 -0.02 0.69649
v 1.05998 -0.02 0.70074
v 1.04369 -0.02 0.704157
v 1.01145 -0.02 0.708584
v 0.98 -0.02 0.71
v 0.948551 -0.02 0.708584
v 0.916313 -0.02 0.704157
v 0.900023 -0.02 0.70074
v 0.883695 -0.02 0.69649
v 0.867388 -0.02 0.691389
v 0.851167 -0.02 0.685426
v 0.835097 -0.02 0.678596
v 0.819247 -0.02 0.670899
v 0.803684 -0.02 0.662345
v 0.788477 -0.02 0.652948
v 0.773692 -0.02 0.642731
v 0.759396 -0.02 0.631724
v 0.74565 -0.02 0.619961
v 0.732513 -0.02 0.607487
v 0.720039 -0.02 0.59435
v 0.708276 -0.02 0.580604
v 0.697269 -0.02 0.566308
v 0.687052 -0.02 0.551523
v 0.677655 -0.02 0.536316
v 0.669101 -0.02 0.520753
v 0.661404 -0.02 0.504903
v 0.654574 -0.02 0.488833
v 0.648611 -0.02 0.472612
v 0.64351 -0.02 0.456305
v 0.63926 -0.02 0.439977
v 0.635843 -0.02 0.423687
v 0.631416 -0.02 0.391449
v 0.63 0.28 0.36
v 0.631416 0.28 0.391449
v 0.635843 0.28 0.423687
v 0.63926 0.28 0.439977
v 0.64351 0.28 0.456305
v 0.648611 0.28 0.472612
v 0.654574 0.28 0.488833
v 0.661404 0.28 0.504903
v 0.669101 0.28 0.520753
v 0.677655 0.28 0.536316
v 0.687052 0.28 0.551523
v 0.697269 0.28 0.566308
v 0.708276 0.28 0.580604
v 0.720039 0.28 0.59435
v 0.732513 0.28 0.607487
v 0.74565 0.28 0.619961
v 0.759396 0.28 0.631724
v 0.773692 0.28 0.642731
v 0.788477 0.28 0.652948
v 0.803684 0.28 0.662345
v 0.819247 0.28 0.670899
v 0.835097 0.28 0.678596
v 0.851167 0.28 0.685426
v 0.867388 0.28 0.691389
v 0.883695 0.28 0.69649
v 0.900023 0.28 0.70074
v 0.916313 0.28 0.704157
v 0.948551 0.28 0.708584
v 0.98 0.28 0.71
v 1.01145 0.28 0.708584
v 1.04369 0.28 0.704157
v 1.05998 0.28 0.70074
v 1.07631 0.28 0.69649
v 1.09261 0.28 0.691389
v 1.10883 0.28 0.685426
v 1.1249 0.28 0.678596
v 1.14075 0.28 0.670899
v 1.15632 0.28 0.662345
v 1.17152 0.28 0.652948
v 1.18631 0.28 0.642731
v 1.2006 0.28 0.631724
v 1.21435 0.28 0.619961
v 1.22749 0.28 0.607487
v 1.23996 0.28 0.59435
v 1.25172 0.28 0.580604
v 1.26273 0.28 0.566308
v 1.27295 0.28 0.551523
v 1.28235 0.28 0.536316
v 1.2909 0.28 0.520753
v 1.2986 0.28 0.504903
v 1.30543 0.28 0.488833
v 1.31139 0.28 0.472612
v 1.31649 0.28 0.456305
v 1.32074 0.28 0.439977
v 1.32416 0.28 0.423687
v 1.32858 0.28 0.391449
v 1.33 0.28 0.36
v 1.32858 0.28 0.328551
v 1.32416 0.28 0.296313
v 1.32074 0.28 0.280023
v 1.31649 0.28 0.263695
v 1.31139 0.28 0.247388
v 1.30543 0.28 0.231167
v 1.2986 0.28 0.215097
v 1.2909 0.28 0.199247
v 1.28235 0.28 0.183684
v 1.27295 0.28 0.168477
v 1.26273 0.28 0.153692
v 1.25172 0.28 0.139396
v 1.23996 0.28 0.12565
v 1.22749 0.28 0.112513
v 1.21435 0.28 0.100039
v 1.2006 0.28 0.0882764
v 1.18631 0.28 0.0772686
v 1.17152 0.28 0.0670516
v 1.15632 0.28 0.0576548
v 1.14075 0.28 0.0491006
v 1.1249 0.28 0.0414043
v 1.10883 0.28 0.0345741
v 1.09261 0.28 0.0286112
v 1.07631 0.28 0.0235104
v 1.05998 0.28 0.0192601
v 1.04369 0.28 0.0158431
v 1.01145 0.28 0.0114158
v 0.98 0.28 0.01
v 0.948551 0.28 0.0114158
v 0.916313 0.28 0.0158431
v 0.900023 0.28 0.0192601
v 0.883695 0.28 0.0235104
v 0.867388 0.28 0.0286112
v 0.851167 0.28 0.0345741
v 0.835097 0.28 0.0414043
v 0.819247 0.28 0.0491006
v 0.803684 0.28 0.0576548
v 0.788477 0.28 0.0670516
v 0.773692 0.28 0.0772686
v 0.759396 0.28 0.0882764
v 0.74565 0.28 0.100039
v 0.732513 0.28 0.112513
v 0.720039 0.28 0.12565
v 0.708276 0.28 0.139396
v 0.697269 0.28 0.153692
v 0.687052 0.28 0.168477
v 0.677655 0.28 0.183684
v 0.669101 0.28 0.199247
v 0.661404 0.28 0.215097
v 0.654574 0.28 0.231167
v 0.648611 0.28 0.247388
v 0.64351 0.28 0.263695
v 0.63926 0.28 0.280023
v 0.635843 0.28 0.296313
v 0.631416 0.28 0.328551
vn -1 0 0
vn -0.995955 0 0.0898544
vn -0.983305 0 0.181963
vn -0.961399 0 0.275158
vn -0.929788 0 0.368095
vn -0.888284 0 0.459295
vn -0.836996 0 0.54721
vn -0.776353 0 0.630298
vn -0.707107 0 0.707107
vn -0.630298 0 0.776353
vn -0.54721 0 0.836996
vn -0.459295 0 0.888284
vn -0.368095 0 0.929788
vn -0.275158 0 0.961399
vn -0.181963 0 0.983305
vn -0.0898544 0 0.995955
vn -2.24299e-16 0 1
vn 0.0898544 -0 0.995955
vn 0.181963 -0 0.983305
vn 0.275158 -0 0.961399
vn 0.368095 -0 0.929788
vn 0.459295 -0 0.888284
vn 0.54721 -0 0.836996
vn 0.630298 -0 0.776353
vn 0.707107 -0 0.707107
vn 0.776353 -0 0.630298
vn 0.836996 -0 0.54721
vn 0.888284 -0 0.459295
vn 0.929788 -0 0.368095
vn 0.961399 -0 0.275158
vn 0.983305 -0 0.181963
vn 0.995955 -0 0.0898544
vn 1 -0 2.24299e-16
vn 0.995955 0 -0.0898544
vn 0.983305 0 -0.181963
vn 0.961399 0 -0.275158
vn 0.929788 0 -0.368095
vn 0.888284 0 -0.459295
vn 0.836996 0 -0.54721
vn 0.776353 0 -0.630298
vn 0.707107 0 -0.707107
vn 0.630298 0 -0.776353
vn 0.54721 0 -0.836996
vn 0.459295 0 -0.888284
vn 0.368095 0 -0.929788
vn 0.275158 0 -0.961399
vn 0.181963 0 -0.983305
vn 0.0898544 0 -0.995955
vn 1.59463e-16 0 -1
vn -0.0898544 0 -0.995955
vn -0.181963 0 -0.983305
vn -0.275158 0 -0.961399
vn -0.368095 0 -0.929788
vn -0.459295 0 -0.888284
vn -0.54721 0 -0.836996
vn -0.630298 0 -0.776353
vn -0.707107 0 -0.707107
vn -0.776353 0 -0.630298
vn -0.836996 0 -0.54721
vn -0.888284 0 -0.459295
vn -0.929788 0 -0.368095
vn -0.961399 0 -0.275158
vn -0.983305 0 -0.181963
vn -0.995955 0 -0.0898544
vn -1 0 -2.24299e-16
vn -1 0 1.12149e-16
vn -0.995955 0 0.0898544
vn -0.983305 0 0.181963
vn -0.961399 0 0.275158
vn -0.929788 0 0.368095
vn -0.888284 0 0.459295
vn -0.836996 0 0.54721
vn -0.776353 0 0.630298
vn -0.707107 0 0.707107
vn -0.630298 0 0.776353
vn -0.54721 0 0.836996
vn -0.459295 0 0.888284
vn -0.368095 0 0.929788
vn -0.275158 0 0.961399
vn -0.181963 0 0.983305
vn -0.0898544 0 0.995955
vn -3.36448e-16 0 1
vn 0.0898544 -0 0.995955
vn 0.181963 -0 0.983305
vn 0.275158 -0 0.961399
vn 0.368095 -0 0.929788
vn 0.459295 -0 0.888284
vn 0.54721 -0 0.836996
vn 0.630298 -0 0.776353
vn 0.707107 -0 0.707107
vn 0.776353 -0 0.630298
vn 0.836996 -0 0.54721
vn 0.888284 -0 0.459295
vn 0.929788 -0 0.368095
vn 0.961399 -0 0.275158
vn 0.983305 -0 0.181963
vn 0.995955 -0 0.0898544
vn 1 -0 6.72897e-16
vn 0.995955 0 -0.0898544
vn 0.983305 0 -0.181963
vn 0.961399 0 -0.275158
vn 0.929788 0 -0.368095
vn 0.888284 0 -0.459295
vn 0.836996 0 -0.54721
vn 0.776353 0 -0.630298
vn 0.707107 0 -0.707107
vn 0.630298 0 -0.776353
vn 0.54721 0 -0.836996
vn 0.459295 0 -0.888284
vn 0.368095 0 -0.929788
vn 0.275158 0 -0.961399
vn 0.181963 0 -0.983305
vn 0.0898544 0 -0.995955
vn 1.55958e-16 0 -1
vn -0.0898544 0 -0.995955
vn -0.181963 0 -0.983305
vn -0.275158 0 -0.961399
vn -0.368095 0 -0.929788
vn -0.459295 0 -0.888284
vn -0.54721 0 -0.836996
vn -0.630298 0 -0.776353
vn -0.707107 0 -0.707107
vn -0.776353 0 -0.630298
vn -0.836996 0 -0.54721
vn -0.888284 0 -0.459295
vn -0.929788 0 -0.368095
vn -0.961399 0 -0.275158
vn -0.983305 0 -0.181963
vn -0.995955 0 -0.0898544
vn -1 0 -2.24299e-16
vn -1 0 0
vn -0.995955 0 0.0898544
vn -0.983305 0 0.181963
vn -0.961399 0 0.275158
vn -0.929788 0 0.368095
vn -0.888284 0 0.459295
vn -0.836996 0 0.54721
vn -0.776353 0 0.630298
vn -0.707107 0 0.707107
vn -0.630298 0 0.776353
vn -0.54721 0 0.836996
vn -0.459295 0 0.888284
vn -0.368095 0 0.929788
vn -0.275158 0 0.961399
vn -0.181963 0 0.983305
vn -0.0898544 0 0.995955
vn -2.24299e-16 0 1
vn 0.0898544 -0 0.995955
vn 0.181963 -0 0.983305
vn 0.275158 -0 0.961399
vn 0.368095 -0 0.929788
vn 0.459295 -0 0.888284
vn 0.54721 -0 0.836996
vn 0.630298 -0 0.776353
vn 0.707107 -0 0.707107
vn 0.776353 -0 0.630298
vn 0.836996 -0 0.54721
vn 0.888284 -0 0.459295
vn 0.929788 -0 0.368095
vn 0.961399 -0 0.275158
vn 0.983305 -0 0.181963
vn 0.995955 -0 0.0898544
vn 1 -0 2.24299e-16
vn 0.995955 0 -0.0898544
vn 0.983305 0 -0.181963
vn 0.961399 0 -0.275158
vn 0.929788 0 -0.368095
vn 0.888284 0 -0.459295
vn 0.836996 0 -0.54721
vn 0.776353 0 -0.630298
vn 0.707107 0 -0.707107
vn 0.630298 0 -0.776353
vn 0.54721 0 -0.836996
vn 0.459295 0 -0.888284
vn 0.368095 0 -0.929788
vn 0.275158 0 -0.961399
vn 0.181963 0 -0.983305
vn 0.0898544 0 -0.995955
vn 1.59463e-16 0 -1
vn -0.0898544 0 -0.995955
vn -0.181963 0 -0.983305
vn -0.275158 0 -0.961399
vn -0.368095 0 -0.929788
vn -0.459295 0 -0.888284
vn -0.54721 0 -0.836996
vn -0.630298 0 -0.776353
vn -0.707107 0 -0.707107
vn -0.776353 0 -0.630298
vn -0.836996 0 -0.54721
vn -0.888284 0 -0.459295
vn -0.929788 0 -0.368095
vn -0.961399 0 -0.275158
vn -0.983305 0 -0.181963
vn -0.995955 0 -0.0898544
vn -1 0 -2.24299e-16
vn -1.73472e-18 -1 3.68629e-18
vn 1.73472e-18 -1 3.68629e-18
vn 2.22045e-18 -1 7.15573e-18
vn 2.22045e-18 -1 7.15573e-18
vn 2.22045e-18 -1 7.15573e-18
vn 1.11022e-18 -1 7.15573e-18
vn -2.84495e-18 -1 6.93889e-18
vn -2.22045e-18 -1 3.90313e-18
vn 0 -1 3.90313e-18
vn 3.08781e-18 -1 4.33681e-18
vn 1.11022e-18 -1 3.90313e-18
vn -1.97758e-18 -1 3.90313e-18
vn 2.42861e-19 -1 4.33681e-18
vn 1.73472e-18 -1 3.46945e-18
vn 1.42247e-18 -1 4.33681e-18
vn -1.11022e-18 -1 4.33681e-18
vn -1.66533e-18 -1 5.20417e-18
vn -1.5439e-18 -1 4.33681e-18
vn -2.41127e-18 -1 4.33681e-18
vn -1.35308e-18 -1 5.20417e-18
vn -2.09902e-18 -1 5.20417e-18
vn -2.25514e-18 -1 5.20417e-18
vn 2.13371e-18 -1 1.73472e-18
vn -1.50921e-18 -1 5.20417e-18
vn 2.13371e-18 -1 1.73472e-18
vn 6.93889e-20 -1 1.73472e-18
vn 2.07299e-18 -1 6.93889e-18
vn 1.13624e-18 -1 3.46945e-18
vn 1.32706e-18 -1 6.93889e-18
vn -3.1225e-18 -1 3.46945e-18
vn 2.0383e-18 -1 5.20417e-18
vn -6.07153e-20 -1 6.93889e-18
vn 2.09902e-18 -1 6.93889e-18
vn -1.48319e-18 -1 3.46945e-18
vn 2.22045e-18 -1 3.46945e-18
vn 1.26635e-18 -1 6.93889e-18
vn 9.88792e-19 -1 3.46945e-18
vn -1.30104e-18 -1 3.46945e-18
vn 1.11022e-18 -1 3.46945e-18
vn -2.5327e-18 -1 3.46945e-18
vn 1.66533e-18 -1 6.93889e-18
vn -1.17961e-18 -1 3.46945e-18
vn -2.42861e-19 -1 3.46945e-18
vn 1.35308e-18 -1 3.46945e-18
vn 1.97758e-18 -1 3.46945e-18
vn 2.84495e-18 -1 3.46945e-18
vn 1.73472e-18 -1 3.46945e-18
vn 1.97758e-18 -1 3.46945e-18
vn 8.67362e-19 -1 3.46945e-18
vn 2.22045e-18 -1 3.46945e-18
vn 2.22045e-18 -1 6.93889e-18
vn -2.84495e-18 -1 3.46945e-18
vn 1.73472e-18 -1 6.93889e-18
vn 2.22045e-18 -1 3.46945e-18
vn 2.22045e-18 -1 3.46945e-18
vn 2.22045e-18 -1 3.46945e-18
vn 0 -1 3.46945e-18
vn 3.95517e-18 -1 3.46945e-18
vn 0 -1 3.46945e-18
vn 2.22045e-18 -1 3.46945e-18
vn 5.68989e-18 -1 3.46945e-18
vn 0 -1 3.46945e-18
vn 3.46945e-18 -1 6.93889e-18
vn 5.68989e-18 -1 6.93889e-18
vn -3.46945e-18 -1 3.46945e-18
vn 0 -1 6.93889e-18
vn 0 -1 3.46945e-18
vn 0 -1 3.46945e-18
vn 0 -1 3.46945e-18
vn 0 -1 3.46945e-18
vn 0 -1 6.93889e-18
vn 0 -1 3.46945e-18
vn 0 -1 3.46945e-18
vn 0 -1 3.46945e-18
vn 0 -1 3.46945e-18
vn -3.46945e-18 -1 3.46945e-18
vn 0 -1 3.46945e-18
vn 0 -1 3.46945e-18
vn 0 -1 3.46945e-18
vn 0 -1 3.46945e-18
vn 0 -1 3.46945e-18
vn 0 -1 6.93889e-18
vn 0 -1 6.93889e-18
vn 0 -1 3.46945e-18
vn 0 -1 5.20417e-18
vn 0 -1 3.46945e-18
vn 0 -1 3.46945e-18
vn 0 -1 5.20417e-18
vn 0 -1 5.20417e-18
vn 0 -1 5.20417e-18
vn 0 -1 5.20417e-18
vn 0 -1 5.20417e-18
vn 0 -1 4.33681e-18
vn 0 -1 4.33681e-18
vn 0 -1 4.33681e-18
vn 0 -1 4.33681e-18
vn 0 -1 4.33681e-18
vn 0 -1 4.33681e-18
vn 0 -1 4.33681e-18
vn 0 -1 4.33681e-18
vn 0 -1 3.90313e-18
vn 2.22045e-18 -1 4.33681e-18
vn 0 -1 3.90313e-18
vn 0 -1 3.90313e-18
vn -3.46945e-18 -1 3.90313e-18
vn 5.68989e-18 -1 7.37257e-18
vn 3.46945e-18 -1 3.90313e-18
vn 0 -1 7.37257e-18
vn -5.68989e-18 -1 3.68629e-18
vn 0 -1 3.68629e-18
vn 0 -1 3.68629e-18
vn 1.73472e-18 -1 3.68629e-18
vn -2.77556e-17 1 5.55112e-17
vn -2.77556e-17 1 1.11022e-16
vn 0 1 1.11022e-16
vn -3.10862e-17 1 5.55112e-17
vn -3.10862e-17 1 5.55112e-17
vn 0 1 5.55112e-17
vn -3.10862e-17 1 5.55112e-17
vn -3.10862e-17 1 5.55112e-17
vn 0 1 5.55112e-17
vn 3.10862e-17 1 5.55112e-17
vn 0 1 5.55112e-17
vn -3.10862e-17 1 5.55112e-17
vn 0 1 5.55112e-17
vn 0 1 5.55112e-17
vn 0 1 5.55112e-17
vn 0 1 5.55112e-17
vn 0 1 5.55112e-17
vn 0 1 5.55112e-17
vn 0 1 5.55112e-17
vn -5.55112e-17 1 5.55112e-17
vn 0 1 5.55112e-17
vn 0 1 1.11022e-16
vn 0 1 8.32667e-17
vn 0 1 8.32667e-17
vn 0 1 5.55112e-17
vn 0 1 8.32667e-17
vn 0 1 5.55112e-17
vn 0 1 1.11022e-16
vn 0 1 1.11022e-16
vn 0 1 5.55112e-17
vn 0 1 1.11022e-16
vn 0 1 8.32667e-17
vn 0 1 8.32667e-17
vn 0 1 5.55112e-17
vn 0 1 8.32667e-17
vn 0 1 8.32667e-17
vn 0 1 6.93889e-17
vn 0 1 8.32667e-17
vn -5.55112e-17 1 8.32667e-17
vn 0 1 6.93889e-17
vn 0 1 6.93889e-17
vn 0 1 1.249e-16
vn 0 1 6.93889e-17
vn 0 1 6.93889e-17
vn 0 1 6.93889e-17
vn 0 1 6.93889e-17
vn -3.10862e-17 1 6.245e-17
vn 3.10862e-17 1 6.245e-17
vn 0 1 6.245e-17
vn -3.10862e-17 1 6.245e-17
vn -2.77556e-17 1 6.245e-17
vn 0 1 6.245e-17
vn 3.10862e-17 1 5.89806e-17
vn 0 1 5.89806e-17
vn -3.10862e-17 1 5.89806e-17
vn -3.10862e-17 1 5.89806e-17
vn -2.77556e-17 1 5.89806e-17
vn 0 1 5.89806e-17
vn -3.10862e-17 1 5.89806e-17
vn -3.10862e-17 1 5.89806e-17
vn -2.77556e-17 1 1.14492e-16
vn 4.32987e-17 1 6.245e-17
vn -1.72085e-17 1 5.89806e-17
vn 1.38778e-17 1 6.245e-17
vn -1.38778e-17 1 6.245e-17
vn -4.32987e-17 1 6.245e-17
vn 2.77556e-17 1 6.245e-17
vn -3.10862e-17 1 6.245e-17
vn -1.66533e-18 1 6.93889e-17
vn -4.4964e-17 1 6.245e-17
vn -1.22125e-17 1 6.93889e-17
vn 4.4964e-17 1 6.93889e-17
vn -1.72085e-17 1 6.93889e-17
vn -1.55431e-17 1 6.93889e-17
vn -8.60423e-18 1 8.32667e-17
vn 1.38778e-17 1 8.32667e-17
vn -2.85882e-17 1 1.38778e-17
vn -1.55431e-17 1 8.32667e-17
vn -2.67841e-17 1 8.32667e-17
vn 3.94129e-17 1 5.55112e-17
vn 3.76088e-17 1 5.55112e-17
vn -2.63678e-18 1 8.32667e-17
vn -2.28983e-17 1 8.32667e-17
vn 3.52496e-17 1 5.55112e-17
vn -2.59515e-17 1 5.55112e-17
vn 3.76088e-17 1 5.55112e-17
vn -2.51188e-17 1 5.55112e-17
vn -9.71445e-19 1 5.55112e-17
vn -2.51188e-17 1 5.55112e-17
vn 4.10783e-17 1 8.32667e-17
vn -2.47025e-17 1 8.32667e-17
vn 3.33067e-17 1 1.11022e-16
vn 3.02536e-17 1 5.55112e-17
vn 9.4369e-18 1 -0
vn -1.30451e-17 1 5.55112e-17
vn -2.16493e-17 1 5.55112e-17
vn -1.9984e-17 1 5.55112e-17
vn 3.63598e-17 1 5.55112e-17
vn -2.77556e-17 1 5.55112e-17
vn 1.66533e-18 1 5.55112e-17
vn -3.33067e-18 1 5.55112e-17
vn -1.54074e-33 1 5.55112e-17
vn -3.33067e-18 1 5.55112e-17
vn 1.66533e-18 1 5.55112e-17
vn 2.77556e-17 1 5.55112e-17
vn -1.72085e-17 1 5.55112e-17
vn -1.38778e-17 1 5.55112e-17
vn -4.32987e-17 1 5.55112e-17
vn -4.32987e-17 1 5.55112e-17
vn 2.77556e-17 1 5.55112e-17
vn -3.10862e-17 1 1.11022e-16
vn -3.10862e-17 1 5.55112e-17
g WFL_rubber
usemtl rubber
f 1148//1148 1149//1149 1214//1214
f 1148//1148 1214//1214 1213//1213
f 1149//1149 1150//1150 1215//1215
f 1149//1149 1215//1215 1214//1214
f 1150//1150 1151//1151 1216//1216
f 1150//1150 1216//1216 1215//1215
f 1151//1151 1152//1152 1217//1217
f 1151//1151 1217//1217 1216//1216
f 1152//1152 1153//1153 1218//1218
f 1152//1152 1218//1218 1217//1217
f 1153//1153 1154//1154 1219//1219
f 1153//1153 1219//1219 1218//1218
f 1154//1154 1155//1155 1220//1220
f 1154//1154 1220//1220 1219//1219
f 1155//1155 1156//1156 1221//1221
f 1155//1155 1221//1221 1220//1220
f 1156//1156 1157//1157 1222//1222
f 1156//1156 1222//1222 1221//1221
f 1157//1157 1158//1158 1223//1223
f 1157//1157 1223//1223 1222//1222
f 1158//1158 1159//1159 1224//1224
f 1158//1158 1224//1224 1223//1223
f 1159//1159 1160//1160 1225//1225
f 1159//1159 1225//1225 1224//1224
f 1160//1160 1161//1161 1226//1226
f 1160//1160 1226//1226 1225//1225
f 1161//1161 1162//1162 1227//1227
f 1161//1161 1227//1227 1226//1226
f 1162//1162 1163//1163 1228//1228
f 1162//1162 1228//1228 1227//1227
f 1163//1163 1164//1164 1229//1229
f 1163//1163 1229//1229 1228//1228
f 1164//1164 1165//1165 1230//1230
f 1164//1164 1230//1230 1229//1229
f 1165//1165 1166//1166 1231//1231
f 1165//1165 1231//1231 1230//1230
f 1166//1166 1167//1167 1232//1232
f 1166//1166 1232//1232 1231//1231
f 1167//1167 1168//1168 1233//1233
f 1167//1167 1233//1233 1232//1232
f 1168//1168 1169//1169 1234//1234
f 1168//1168 1234//1234 1233//1233
f 1169//1169 1170//1170 1235//1235
f 1169//1169 1235//1235 1234//1234
f 1170//1170 1171//1171 1236//1236
f 1170//1170 1236//1236 1235//1235
f 1171//1171 1172//1172 1237//1237
f 1171//1171 1237//1237 1236//1236
f 1172//1172 1173//1173 1238//1238
f 1172//1172 1238//1238 1237//1237
f 1173//1173 1174//1174 1239//1239
f 1173//1173 1239//1239 1238//1238
f 1174//1174 1175//1175 1240//1240
f 1174//1174 1240//1240 1239//1239
f 1175//1175 1176//1176 1241//1241
f 1175//1175 1241//1241 1240//1240
f 1176//1176 1177//1177 1242//1242
f 1176//1176 1242//1242 1241//1241
f 1177//1177 1178//1178 1243//1243
f 1177//1177 1243//1243 1242//1242
f 1178//1178 1179//1179 1244//1244
f 1178//1178 1244//1244 1243//1243
f 1179//1179 1180//1180 1245//1245
f 1179//1179 1245//1245 1244//1244
f 1180//1180 1181//1181 1246//1246
f 1180//1180 1246//1246 1245//1245
f 1181//1181 1182//1182 1247//1247
f 1181//1181 1247//1247 1246//1246
f 1182//1182 1183//1183 1248//1248
f 1182//1182 1248//1248 1247//1247
f 1183//1183 1184//1184 1249//1249
f 1183//1183 1249//1249 1248//1248
f 1184//1184 1185//1185 1250//1250
f 1184//1184 1250//1250 1249//1249
f 1185//1185 1186//1186 1251//1251
f 1185//1185 1251//1251 1250//1250
f 1186//1186 1187//1187 1252//1252
f 1186//1186 1252//1252 1251//1251
f 1187//1187 1188//1188 1253//1253
f 1187//1187 1253//1253 1252//1252
f 1188//1188 1189//1189 1254//1254
f 1188//1188 1254//1254 1253//1253
f 1189//1189 1190//1190 1255//1255
f 1189//1189 1255//1255 1254//1254
f 1190//1190 1191//1191 1256//1256
f 1190//1190 1256//1256 1255//1255
f 1191//1191 1192//1192 1257//1257
f 1191//1191 1257//1257 1256//1256
f 1192//1192 1193//1193 1258//1258
f 1192//1192 1258//1258 1257//1257
f 1193//1193 1194//1194 1259//1259
f 1193//1193 1259//1259 1258//1258
f 1194//1194 1195//1195 1260//1260
f 1194//1194 1260//1260 1259//1259
f 1195//1195 1196//1196 1261//1261
f 1195//1195 1261//1261 1260//1260
f 1196//1196 1197//1197 1262//1262
f 1196//1196 1262//1262 1261//1261
f 1197//1197 1198//1198 1263//1263
f 1197//1197 1263//1263 1262//1262
f 1198//1198 1199//1199 1264//1264
f 1198//1198 1264//1264 1263//1263
f 1199//1199 1200//1200 1265//1265
f 1199//1199 1265//1265 1264//1264
f 1200//1200 1201//1201 1266//1266
f 1200//1200 1266//1266 1265//1265
f 1201//1201 1202//1202 1267//1267
f 1201//1201 1267//1267 1266//1266
f 1202//1202 1203//1203 1268//1268
f 1202//1202 1268//1268 1267//1267
f 1203//1203 1204//1204 1269//1269
f 1203//1203 1269//1269 1268//1268
f 1204//1204 1205//1205 1270//1270
f 1204//1204 1270//1270 1269//1269
f 1205//1205 1206//1206 1271//1271
f 1205//1205 1271//1271 1270//1270
f 1206//1206 1207//1207 1272//1272
f 1206//1206 1272//1272 1271//1271
f 1207//1207 1208//1208 1273//1273
f 1207//1207 1273//1273 1272//1272
f 1208//1208 1209//1209 1274//1274
f 1208//1208 1274//1274 1273//1273
f 1209//1209 1210//1210 1275//1275
f 1209//1209 1275//1275 1274//1274
f 1210//1210 1211//1211 1276//1276
f 1210//1210 1276//1276 1275//1275
f 1211//1211 1212//1212 1277//1277
f 1211//1211 1277//1277 1276//1276
f 1213//1213 1214//1214 1279//1279
f 1213//1213 1279//1279 1278//1278
f 1214//1214 1215//1215 1280//1280
f 1214//1214 1280//1280 1279//1279
f 1215//1215 1216//1216 1281//1281
f 1215//1215 1281//1281 1280//1280
f 1216//1216 1217//1217 1282//1282
f 1216//1216 1282//1282 1281//1281
f 1217//1217 1218//1218 1283//1283
f 1217//1217 1283//1283 1282//1282
f 1218//1218 1219//1219 1284//1284
f 1218//1218 1284//1284 1283//1283
f 1219//1219 1220//1220 1285//1285
f 1219//1219 1285//1285 1284//1284
f 1220//1220 1221//1221 1286//1286
f 1220//1220 1286//1286 1285//1285
f 1221//1221 1222//1222 1287//1287
f 1221//1221 1287//1287 1286//1286
f 1222//1222 1223//1223 1288//1288
f 1222//1222 1288//1288 1287//1287
f 1223//1223 1224//1224 1289//1289
f 1223//1223 1289//1289 1288//1288
f 1224//1224 1225//1225 1290//1290
f 1224//1224 1290//1290 1289//1289
f 1225//1225 1226//1226 1291//1291
f 1225//1225 1291//1291 1290//1290
f 1226//1226 1227//1227 1292//1292
f 1226//1226 1292//1292 1291//1291
f 1227//1227 1228//1228 1293//1293
f 1227//1227 1293//1293 1292//1292
f 1228//1228 1229//1229 1294//1294
f 1228//1228 1294//1294 1293//1293
f 1229//1229 1230//1230 1295//1295
f 1229//1229 1295//1295 1294//1294
f 1230//1230 1231//1231 1296//1296
f 1230//1230 1296//1296 1295//1295
f 1231//1231 1232//1232 1297//1297
f 1231//1231 1297//1297 1296//1296
f 1232//1232 1233//1233 1298//1298
f 1232//1232 1298//1298 1297//1297
f 1233//1233 1234//1234 1299//1299
f 1233//1233 1299//1299 1298//1298
f 1234//1234 1235//1235 1300//1300
f 1234//1234 1300//1300 1299//1299
f 1235//1235 1236//1236 1301//1301
f 1235//1235 1301//1301 1300//1300
f 1236//1236 1237//1237 1302//1302
f 1236//1236 1302//1302 1301//1301
f 1237//1237 1238//1238 1303//1303
f 1237//1237 1303//1303 1302//1302
f 1238//1238 1239//1239 1304//1304
f 1238//1238 1304//1304 1303//1303
f 1239//1239 1240//1240 1305//1305
f 1239//1239 1305//1305 1304//1304
f 1240//1240 1241//1241 1306//1306
f 1240//1240 1306//1306 1305//1305
f 1241//1241 1242//1242 1307//1307
f 1241//1241 1307//1307 1306//1306
f 1242//1242 1243//1243 1308//1308
f 1242//1242 1308//1308 1307//1307
f 1243//1243 1244//1244 1309//1309
f 1243//1243 1309//1309 1308//1308
f 1244//1244 1245//1245 1310//1310
f 1244//1244 1310//1310 1309//1309
f 1245//1245 1246//1246 1311//1311
f 1245//1245 1311//1311 1310//1310
f 1246//1246 1247//1247 1312//1312
f 1246//1246 1312//1312 1311//1311
f 1247//1247 1248//1248 1313//1313
f 1247//1247 1313//1313 1312//1312
f 1248//1248 1249//1249 1314//1314
f 1248//1248 1314//1314 1313//1313
f 1249//1249 1250//1250 1315//1315
f 1249//1249 1315//1315 1314//1314
f 1250//1250 1251//1251 1316//1316
f 1250//1250 1316//1316 1315//1315
f 1251//1251 1252//1252 1317//1317
f 1251//1251 1317//1317 1316//1316
f 1252//1252 1253//1253 1318//1318
f 1252//1252 1318//1318 1317//1317
f 1253//1253 1254//1254 1319//1319
f 1253//1253 1319//1319 1318//1318
f 1254//1254 1255//1255 1320//1320
f 1254//1254 1320//1320 1319//1319
f 1255//1255 1256//1256 1321//1321
f 1255//1255 1321//1321 1320//1320
f 1256//1256 1257//1257 1322//1322
f 1256//1256 1322//1322 1321//1321
f 1257//1257 1258//1258 1323//1323
f 1257//1257 1323//1323 1322//1322
f 1258//1258 1259//1259 1324//1324
f 1258//1258 1324//1324 1323//1323
f 1259//1259 1260//1260 1325//1325
f 1259//1259 1325//1325 1324//1324
f 1260//1260 1261//1261 1326//1326
f 1260//1260 1326//1326 1325//1325
f 1261//1261 1262//1262 1327//1327
f 1261//1261 1327//1327 1326//1326
f 1262//1262 1263//1263 1328//1328
f 1262//1262 1328//1328 1327//1327
f 1263//1263 1264//1264 1329//1329
f 1263//1263 1329//1329 1328//1328
f 1264//1264 1265//1265 1330//1330
f 1264//1264 1330//1330 1329//1329
f 1265//1265 1266//1266 1331//1331
f 1265//1265 1331//1331 1330//1330
f 1266//1266 1267//1267 1332//1332
f 1266//1266 1332//1332 1331//1331
f 1267//1267 1268//1268 1333//1333
f 1267//1267 1333//1333 1332//1332
f 1268//1268 1269//1269 1334//1334
f 1268//1268 1334//1334 1333//1333
f 1269//1269 1270//1270 1335//1335
f 1269//1269 1335//1335 1334//1334
f 1270//1270 1271//1271 1336//1336
f 1270//1270 1336//1336 1335//1335
f 1271//1271 1272//1272 1337//1337
f 1271//1271 1337//1337 1336//1336
f 1272//1272 1273//1273 1338//1338
f 1272//1272 1338//1338 1337//1337
f 1273//1273 1274//1274 1339//1339
f 1273//1273 1339//1339 1338//1338
f 1274//1274 1275//1275 1340//1340
f 1274//1274 1340//1340 1339//1339
f 1275//1275 1276//1276 1341//1341
f 1275//1275 1341//1341 1340//1340
f 1276//1276 1277//1277 1342//1342
f 1276//1276 1342//1342 1341//1341
f 1454//1454 1343//1343 1344//1344
f 1454//1454 1344//1344 1345//1345
f 1454//1454 1345//1345 1346//1346
f 1454//1454 1346//1346 1347//1347
f 1454//1454 1347//1347 1348//1348
f 1454//1454 1348//1348 1349//1349
f 1454//1454 1349//1349 1350//1350
f 1454//1454 1350//1350 1351//1351
f 1454//1454 1351//1351 1352//1352
f 1454//1454 1352//1352 1353//1353
f 1454//1454 1353//1353 1354//1354
f 1454//1454 1354//1354 1355//1355
f 1454//1454 1355//1355 1356//1356
f 1454//1454 1356//1356 1357//1357
f 1454//1454 1357//1357 1358//1358
f 1454//1454 1358//1358 1359//1359
f 1454//1454 1359//1359 1360//1360
f 1454//1454 1360//1360 1361//1361
f 1454//1454 1361//1361 1362//1362
f 1454//1454 1362//1362 1363//1363
f 1454//1454 1363//1363 1364//1364
f 1454//1454 1364//1364 1365//1365
f 1454//1454 1365//1365 1366//1366
f 1454//1454 1366//1366 1367//1367
f 1454//1454 1367//1367 1368//1368
f 1454//1454 1368//1368 1369//1369
f 1454//1454 1369//1369 1370//1370
f 1454//1454 1370//1370 1371//1371
f 1454//1454 1371//1371 1372//1372
f 1454//1454 1372//1372 1373//1373
f 1454//1454 1373//1373 1374//1374
f 1454//1454 1374//1374 1375//1375
f 1454//1454 1375//1375 1376//1376
f 1454//1454 1376//1376 1377//1377
f 1454//1454 1377//1377 1378//1378
f 1454//1454 1378//1378 1379//1379
f 1454//1454 1379//1379 1380//1380
f 1454//1454 1380//1380 1381//1381
f 1454//1454 1381//1381 1382//1382
f 1454//1454 1382//1382 1383//1383
f 1454//1454 1383//1383 1384//1384
f 1454//1454 1384//1384 1385//1385
f 1454//1454 1385//1385 1386//1386
f 1454//1454 1386//1386 1387//1387
f 1454//1454 1387//1387 1388//1388
f 1454//1454 1388//1388 1389//1389
f 1454//1454 1389//1389 1390//1390
f 1454//1454 1390//1390 1391//1391
f 1454//1454 1391//1391 1392//1392
f 1454//1454 1392//1392 1393//1393
f 1454//1454 1393//1393 1394//1394
f 1454//1454 1394//1394 1395//1395
f 1454//1454 1395//1395 1396//1396
f 1454//1454 1396//1396 1397//1397
f 1454//1454 1397//1397 1398//1398
f 1454//1454 1398//1398 1399//1399
f 1454//1454 1399//1399 1400//1400
f 1454//1454 1400//1400 1401//1401
f 1454//1454 1401//1401 1402//1402
f 1454//1454 1402//1402 1403//1403
f 1454//1454 1403//1403 1404//1404
f 1454//1454 1404//1404 1405//1405
f 1454//1454 1405//1405 1406//1406
f 1454//1454 1406//1406 1407//1407
f 1454//1454 1407//1407 1408//1408
f 1454//1454 1408//1408 1409//1409
f 1454//1454 1409//1409 1410//1410
f 1454//1454 1410//1410 1411//1411
f 1454//1454 1411//1411 1412//1412
f 1454//1454 1412//1412 1413//1413
f 1454//1454 1413//1413 1414//1414
f 1454//1454 1414//1414 1415//1415
f 1454//1454 1415//1415 1416//1416
f 1454//1454 1416//1416 1417//1417
f 1454//1454 1417//1417 1418//1418
f 1454//1454 1418//1418 1419//1419
f 1454//1454 1419//1419 1420//1420
f 1454//1454 1420//1420 1421//1421
f 1454//1454 1421//1421 1422//1422
f 1454//1454 1422//1422 1423//1423
f 1454//1454 1423//1423 1424//1424
f 1454//1454 1424//1424 1425//1425
f 1454//1454 1425//1425 1426//1426
f 1454//1454 1426//1426 1427//1427
f 1454//1454 1427//1427 1428//1428
f 1454//1454 1428//1428 1429//1429
f 1454//1454 1429//1429 1430//1430
f 1454//1454 1430//1430 1431//1431
f 1454//1454 1431//1431 1432//1432
f 1454//1454 1432//1432 1433//1433
f 1454//1454 1433//1433 1434//1434
f 1454//1454 1434//1434 1435//1435
f 1454//1454 1435//1435 1436//1436
f 1454//1454 1436//1436 1437//1437
f 1454//1454 1437//1437 1438//1438
f 1454//1454 1438//1438 1439//1439
f 1454//1454 1439//1439 1440//1440
f 1454//1454 1440//1440 1441//1441
f 1454//1454 1441//1441 1442//1442
f 1454//1454 1442//1442 1443//1443
f 1454//1454 1443//1443 1444//1444
f 1454//1454 1444//1444 1445//1445
f 1454//1454 1445//1445 1446//1446
f 1454//1454 1446//1446 1447//1447
f 1454//1454 1447//1447 1448//1448
f 1454//1454 1448//1448 1449//1449
f 1454//1454 1449//1449 1450//1450
f 1454//1454 1450//1450 1451//1451
f 1454//1454 1451//1451 1452//1452
f 1452//1452 1453//1453 1454//1454
f 1566//1566 1455//1455 1456//1456
f 1566//1566 1456//1456 1457//1457
f 1566//1566 1457//1457 1458//1458
f 1566//1566 1458//1458 1459//1459
f 1566//1566 1459//1459 1460//1460
f 1566//1566 1460//1460 1461//1461
f 1566//1566 1461//1461 1462//1462
f 1566//1566 1462//1462 1463//1463
f 1566//1566 1463//1463 1464//1464
f 1566//1566 1464//1464 1465//1465
f 1566//1566 1465//1465 1466//1466
f 1566//1566 1466//1466 1467//1467
f 1566//1566 1467//1467 1468//1468
f 1566//1566 1468//1468 1469//1469
f 1566//1566 1469//1469 1470//1470
f 1566//1566 1470//1470 1471//1471
f 1566//1566 1471//1471 1472//1472
f 1566//1566 1472//1472 1473//1473
f 1566//1566 1473//1473 1474//1474
f 1566//1566 1474//1474 1475//1475
f 1566//1566 1475//1475 1476//1476
f 1566//1566 1476//1476 1477//1477
f 1566//1566 1477//1477 1478//1478
f 1566//1566 1478//1478 1479//1479
f 1566//1566 1479//1479 1480//1480
f 1566//1566 1480//1480 1481//1481
f 1566//1566 1481//1481 1482//1482
f 1566//1566 1482//1482 1483//1483
f 1566//1566 1483//1483 1484//1484
f 1566//1566 1484//1484 1485//1485
f 1566//1566 1485//1485 1486//1486
f 1566//1566 1486//1486 1487//1487
f 1566//1566 1487//1487 1488//1488
f 1566//1566 1488//1488 1489//1489
f 1566//1566 1489//1489 1490//1490
f 1566//1566 1490//1490 1491//1491
f 1566//1566 1491//1491 1492//1492
f 1566//1566 1492//1492 1493//1493
f 1566//1566 1493//1493 1494//1494
f 1566//1566 1494//1494 1495//1495
f 1566//1566 1495//1495 1496//1496
f 1566//1566 1496//1496 1497//1497
f 1566//1566 1497//1497 1498//1498
f 1566//1566 1498//1498 1499//1499
f 1566//1566 1499//1499 1500//1500
f 1566//1566 1500//1500 1501//1501
f 1566//1566 1501//1501 1502//1502
f 1566//1566 1502//1502 1503//1503
f 1566//1566 1503//1503 1504//1504
f 1566//1566 1504//1504 1505//1505
f 1566//1566 1505//1505 1506//1506
f 1566//1566 1506//1506 1507//1507
f 1566//1566 1507//1507 1508//1508
f 1566//1566 1508//1508 1509//1509
f 1566//1566 1509//1509 1510//1510
f 1566//1566 1510//1510 1511//1511
f 1566//1566 1511//1511 1512//1512
f 1566//1566 1512//1512 1513//1513
f 1566//1566 1513//1513 1514//1514
f 1566//1566 1514//1514 1515//1515
f 1566//1566 1515//1515 1516//1516
f 1566//1566 1516//1516 1517//1517
f 1566//1566 1517//1517 1518//1518
f 1566//1566 1518//1518 1519//1519
f 1566//1566 1519//1519 1520//1520
f 1566//1566 1520//1520 1521//1521
f 1566//1566 1521//1521 1522//1522
f 1566//1566 1522//1522 1523//1523
f 1566//1566 1523//1523 1524//1524
f 1566//1566 1524//1524 1525//1525
f 1566//1566 1525//1525 1526//1526
f 1566//1566 1526//1526 1527//1527
f 1566//1566 1527//1527 1528//1528
f 1566//1566 1528//1528 1529//1529
f 1566//1566 1529//1529 1530//1530
f 1566//1566 1530//1530 1531//1531
f 1566//1566 1531//1531 1532//1532
f 1566//1566 1532//1532 1533//1533
f 1566//1566 1533//1533 1534//1534
f 1566//1566 1534//1534 1535//1535
f 1566//1566 1535//1535 1536//1536
f 1566//1566 1536//1536 1537//1537
f 1566//1566 1537//1537 1538//1538
f 1566//1566 1538//1538 1539//1539
f 1566//1566 1539//1539 1540//1540
f 1566//1566 1540//1540 1541//1541
f 1566//1566 1541//1541 1542//1542
f 1566//1566 1542//1542 1543//1543
f 1566//1566 1543//1543 1544//1544
f 1566//1566 1544//1544 1545//1545
f 1566//1566 1545//1545 1546//1546
f 1566//1566 1546//1546 1547//1547
f 1566//1566 1547//1547 1548//1548
f 1566//1566 1548//1548 1549//1549
f 1566//1566 1549//1549 1550//1550
f 1566//1566 1550//1550 1551//1551
f 1566//1566 1551//1551 1552//1552
f 1566//1566 1552//1552 1553//1553
f 1566//1566 1553//1553 1554//1554
f 1566//1566 1554//1554 1555//1555
f 1566//1566 1555//1555 1556//1556
f 1566//1566 1556//1556 1557//1557
f 1566//1566 1557//1557 1558//1558
f 1566//1566 1558//1558 1559//1559
f 1566//1566 1559//1559 1560//1560
f 1566//1566 1560//1560 1561//1561
f 1566//1566 1561//1561 1562//1562
f 1566//1566 1562//1562 1563//1563
f 1566//1566 1563//1563 1564//1564
f 1564//1564 1565//1565 1566//1566
o WFR
v 0.63 1.62 0.36
v 0.631416 1.62 0.391449
v 0.635843 1.62 0.423687
v 0.64351 1.62 0.456305
v 0.654574 1.62 0.488833
v 0.669101 1.62 0.520753
v 0.687052 1.62 0.551523
v 0.708276 1.62 0.580604
v 0.732513 1.62 0.607487
v 0.759396 1.62 0.631724
v 0.788477 1.62 0.652948
v 0.819247 1.62 0.670899
v 0.851167 1.62 0.685426
v 0.883695 1.62 0.69649
v 0.916313 1.62 0.704157
v 0.948551 1.62 0.708584
v 0.98 1.62 0.71
v 1.01145 1.62 0.708584
v 1.04369 1.62 0.704157
v 1.07631 1.62 0.69649
v 1.10883 1.62 0.685426
v 1.14075 1.62 0.670899
v 1.17152 1.62 0.652948
v 1.2006 1.62 0.631724
v 1.22749 1.62 0.607487
v 1.25172 1.62 0.580604
v 1.27295 1.62 0.551523
v 1.2909 1.62 0.520753
v 1.30543 1.62 0.488833
v 1.31649 1.62 0.456305
v 1.32416 1.62 0.423687
v 1.32858 1.62 0.391449
v 1.33 1.62 0.36
v 1.32858 1.62 0.328551
v 1.32416 1.62 0.296313
v 1.31649 1.62 0.263695
v 1.30543 1.62 0.231167
v 1.2909 1.62 0.199247
v 1.27295 1.62 0.168477
v 1.25172 1.62 0.139396
v 1.22749 1.62 0.112513
v 1.2006 1.62 0.0882764
v 1.17152 1.62 0.0670516
v 1.14075 1.62 0.0491006
v 1.10883 1.62 0.0345741
v 1.07631 1.62 0.0235104
v 1.04369 1.62 0.0158431
v 1.01145 1.62 0.0114158
v 0.98 1.62 0.01
v 0.948551 1.62 0.0114158
v 0.916313 1.62 0.0158431
v 0.883695 1.62 0.0235104
v 0.851167 1.62 0.0345741
v 0.819247 1.62 0.0491006
v 0.788477 1.62 0.0670516
v 0.759396 1.62 0.0882764
v 0.732513 1.62 0.112513
v 0.708276 1.62 0.139396
v 0.687052 1.62 0.168477
v 0.669101 1.62 0.199247
v 0.654574 1.62 0.231167
v 0.64351 1.62 0.263695
v 0.635843 1.62 0.296313
v 0.631416 1.62 0.328551
v 0.63 1.62 0.36
v 0.63 1.77 0.36
v 0.631416 1.77 0.391449
v 0.635843 1.77 0.423687
v 0.64351 1.77 0.456305
v 0.654574 1.77 0.488833
v 0.669101 1.77 0.520753
v 0.687052 1.77 0.551523
v 0.708276 1.77 0.580604
v 0.732513 1.77 0.607487
v 0.759396 1.77 0.631724
v 0.788477 1.77 0.652948
v 0.819247 1.77 0.670899
v 0.851167 1.77 0.685426
v 0.883695 1.77 0.69649
v 0.916313 1.77 0.704157
v 0.948551 1.77 0.708584
v 0.98 1.77 0.71
v 1.01145 1.77 0.708584
v 1.04369 1.77 0.704157
v 1.07631 1.77 0.69649
v 1.10883 1.77 0.685426
v 1.14075 1.77 0.670899
v 1.17152 1.77 0.652948
v 1.2006 1.77 0.631724
v 1.22749 1.77 0.607487
v 1.25172 1.77 0.580604
v 1.27295 1.77 0.551523
v 1.2909 1.77 0.520753
v 1.30543 1.77 0.488833
v 1.31649 1.77 0.456305
v 1.32416 1.77 0.423687
v 1.32858 1.77 0.391449
v 1.33 1.77 0.36
v 1.32858 1.77 0.328551
v 1.32416 1.77 0.296313
v 1.31649 1.77 0.263695
v 1.30543 1.77 0.231167
v 1.2909 1.77 0.199247
v 1.27295 1.77 0.168477
v 1.25172 1.77 0.139396
v 1.22749 1.77 0.112513
v 1.2006 1.77 0.0882764
v 1.17152 1.77 0.0670516
v 1.14075 1.77 0.0491006
v 1.10883 1.77 0.0345741
v 1.07631 1.77 0.0235104
v 1.04369 1.77 0.0158431
v 1.01145 1.77 0.0114158
v 0.98 1.77 0.01
v 0.948551 1.77 0.0114158
v 0.916313 1.77 0.0158431
v 0.883695 1.77 0.0235104
v 0.851167 1.77 0.0345741
v 0.819247 1.77 0.0491006
v 0.788477 1.77 0.0670516
v 0.759396 1.77 0.0882764
v 0.732513 1.77 0.112513
v 0.708276 1.77 0.139396
v 0.687052 1.77 0.168477
v 0.669101 1.77 0.199247
v 0.654574 1.77 0.231167
v 0.64351 1.77 0.263695
v 0.635843 1.77 0.296313
v 0.631416 1.77 0.328551
v 0.63 1.77 0.36
v 0.63 1.92 0.36
v 0.631416 1.92 0.391449
v 0.635843 1.92 0.423687
v 0.64351 1.92 0.456305
v 0.654574 1.92 0.488833
v 0.669101 1.92 0.520753
v 0.687052 1.92 0.551523
v 0.708276 1.92 0.580604
v 0.732513 1.92 0.607487
v 0.759396 1.92 0.631724
v 0.788477 1.92 0.652948
v 0.819247 1.92 0.670899
v 0.851167 1.92 0.685426
v 0.883695 1.92 0.69649
v 0.916313 1.92 0.704157
v 0.948551 1.92 0.708584
v 0.98 1.92 0.71
v 1.01145 1.92 0.708584
v 1.04369 1.92 0.704157
v 1.07631 1.92 0.69649
v 1.10883 1.92 0.685426
v 1.14075 1.92 0.670899
v 1.17152 1.92 0.652948
v 1.2006 1.92 0.631724
v 1.22749 1.92 0.607487
v 1.25172 1.92 0.580604
v 1.27295 1.92 0.551523
v 1.2909 1.92 0.520753
v 1.30543 1.92 0.488833
v 1.31649 1.92 0.456305
v 1.32416 1.92 0.423687
v 1.32858 1.92 0.391449
v 1.33 1.92 0.36
v 1.32858 1.92 0.328551
v 1.32416 1.92 0.296313
v 1.31649 1.92 0.263695
v 1.30543 1.92 0.231167
v 1.2909 1.92 0.199247
v 1.27295 1.92 0.168477
v 1.25172 1.92 0.139396
v 1.22749 1.92 0.112513
v 1.2006 1.92 0.0882764
v 1.17152 1.92 0.0670516
v 1.14075 1.92 0.0491006
v 1.10883 1.92 0.0345741
v 1.07631 1.92 0.0235104
v 1.04369 1.92 0.0158431
v 1.01145 1.92 0.0114158
v 0.98 1.92 0.01
v 0.948551 1.92 0.0114158
v 0.916313 1.92 0.0158431
v 0.883695 1.92 0.0235104
v 0.851167 1.92 0.0345741
v 0.819247 1.92 0.0491006
v 0.788477 1.92 0.0670516
v 0.759396 1.92 0.0882764
v 0.732513 1.92 0.112513
v 0.708276 1.92 0.139396
v 0.687052 1.92 0.168477
v 0.669101 1.92 0.199247
v 0.654574 1.92 0.231167
v 0.64351 1.92 0.263695
v 0.635843 1.92 0.296313
v 0.631416 1.92 0.328551
v 0.63 1.92 0.36
v 0.63 1.62 0.36
v 0.631416 1.62 0.328551
v 0.635843 1.62 0.296313
v 0.63926 1.62 0.280023
v 0.64351 1.62 0.263695
v 0.648611 1.62 0.247388
v 0.654574 1.62 0.231167
v 0.661404 1.62 0.215097
v 0.669101 1.62 0.199247
v 0.677655 1.62 0.183684
v 0.687052 1.62 0.168477
v 0.697269 1.62 0.153692
v 0.708276 1.62 0.139396
v 0.720039 1.62 0.12565
v 0.732513 1.62 0.112513
v 0.74565 1.62 0.100039
v 0.759396 1.62 0.0882764
v 0.773692 1.62 0.0772686
v 0.788477 1.62 0.0670516
v 0.803684 1.62 0.0576548
v 0.819247 1.62 0.0491006
v 0.835097 1.62 0.0414043
v 0.851167 1.62 0.0345741
v 0.867388 1.62 0.0286112
v 0.883695 1.62 0.0235104
v 0.900023 1.62 0.0192601
v 0.916313 1.62 0.0158431
v 0.948551 1.62 0.0114158
v 0.98 1.62 0.01
v 1.01145 1.62 0.0114158
v 1.04369 1.62 0.0158431
v 1.05998 1.62 0.0192601
v 1.07631 1.62 0.0235104
v 1.09261 1.62 0.0286112
v 1.10883 1.62 0.0345741
v 1.1249 1.62 0.0414043
v 1.14075 1.62 0.0491006
v 1.15632 1.62 0.0576548
v 1.17152 1.62 0.0670516
v 1.18631 1.62 0.0772686
v 1.2006 1.62 0.0882764
v 1.21435 1.62 0.100039
v 1.22749 1.62 0.112513
v 1.23996 1.62 0.12565
v 1.25172 1.62 0.139396
v 1.26273 1.62 0.153692
v 1.27295 1.62 0.168477
v 1.28235 1.62 0.183684
v 1.2909 1.62 0.199247
v 1.2986 1.62 0.215097
v 1.30543 1.62 0.231167
v 1.31139 1.62 0.247388
v 1.31649 1.62 0.263695
v 1.32074 1.62 0.280023
v 1.32416 1.62 0.296313
v 1.32858 1.62 0.328551
v 1.33 1.62 0.36
v 1.32858 1.62 0.391449
v 1.32416 1.62 0.423687
v 1.32074 1.62 0.439977
v 1.31649 1.62 0.456305
v 1.31139 1.62 0.472612
v 1.30543 1.62 0.488833
v 1.2986 1.62 0.504903
v 1.2909 1.62 0.520753
v 1.28235 1.62 0.536316
v 1.27295 1.62 0.551523
v 1.26273 1.62 0.566308
v 1.25172 1.62 0.580604
v 1.23996 1.62 0.59435
v 1.22749 1.62 0.607487
v 1.21435 1.62 0.619961
v 1.2006 1.62 0.631724
v 1.18631 1.62 0.642731
v 1.17152 1.62 0.652948
v 1.15632 1.62 0.662345
v 1.14075 1.62 0.670899
v 1.1249 1.62 0.678596
v 1.10883 1.62 0.685426
v 1.09261 1.62 0.691389
v 1.07631 1.62 0.69649
v 1.05998 1.62 0.70074
v 1.04369 1.62 0.704157
v 1.01145 1.62 0.708584
v 0.98 1.62 0.71
v 0.948551 1.62 0.708584
v 0.916313 1.62 0.704157
v 0.900023 1.62 0.70074
v 0.883695 1.62 0.69649
v 0.867388 1.62 0.691389
v 0.851167 1.62 0.685426
v 0.835097 1.62 0.678596
v 0.819247 1.62 0.670899
v 0.803684 1.62 0.662345
v 0.788477 1.62 0.652948
v 0.773692 1.62 0.642731
v 0.759396 1.62 0.631724
v 0.74565 1.62 0.619961
v 0.732513 1.62 0.607487
v 0.720039 1.62 0.59435
v 0.708276 1.62 0.580604
v 0.697269 1.62 0.566308
v 0.687052 1.62 0.551523
v 0.677655 1.62 0.536316
v 0.669101 1.62 0.520753
v 0.661404 1.62 0.504903
v 0.654574 1.62 0.488833
v 0.648611 1.62 0.472612
v 0.64351 1.62 0.456305
v 0.63926 1.62 0.439977
v 0.635843 1.62 0.423687
v 0.631416 1.62 0.391449
v 0.63 1.92 0.36
v 0.631416 1.92 0.391449
v 0.635843 1.92 0.423687
v 0.63926 1.92 0.439977
v 0.64351 1.92 0.456305
v 0.648611 1.92 0.472612
v 0.654574 1.92 0.488833
v 0.661404 1.92 0.504903
v 0.669101 1.92 0.520753
v 0.677655 1.92 0.536316
v 0.687052 1.92 0.551523
v 0.697269 1.92 0.566308
v 0.708276 1.92 0.580604
v 0.720039 1.92 0.59435
v 0.732513 1.92 0.607487
v 0.74565 1.92 0.619961
v 0.759396 1.92 0.631724
v 0.773692 1.92 0.642731
v 0.788477 1.92 0.652948
v 0.803684 1.92 0.662345
v 0.819247 1.92 0.670899
v 0.835097 1.92 0.678596
v 0.851167 1.92 0.685426
v 0.867388 1.92 0.691389
v 0.883695 1.92 0.69649
v 0.900023 1.92 0.70074
v 0.916313 1.92 0.704157
v 0.948551 1.92 0.708584
v 0.98 1.92 0.71
v 1.01145 1.92 0.708584
v 1.04369 1.92 0.704157
v 1.05998 1.92 0.70074
v 1.07631 1.92 0.69649
v 1.09261 1.92 0.691389
v 1.10883 1.92 0.685426
v 1.1249 1.92 0.678596
v 1.14075 1.92 0.670899
v 1.15632 1.92 0.662345
v 1.17152 1.92 0.652948
v 1.18631 1.92 0.642731
v 1.2006 1.92 0.631724
v 1.21435 1.92 0.619961
v 1.22749 1.92 0.607487
v 1.23996 1.92 0.59435
v 1.25172 1.92 0.580604
v 1.26273 1.92 0.566308
v 1.27295 1.92 0.551523
v 1.28235 1.92 0.536316
v 1.2909 1.92 0.520753
v 1.2986 1.92 0.504903
v 1.30543 1.92 0.488833
v 1.31139 1.92 0.472612
v 1.31649 1.92 0.456305
v 1.32074 1.92 0.439977
v 1.32416 1.92 0.423687
v 1.32858 1.92 0.391449
v 1.33 1.92 0.36
v 1.32858 1.92 0.328551
v 1.32416 1.92 0.296313
v 1.32074 1.92 0.280023
v 1.31649 1.92 0.263695
v 1.31139 1.92 0.247388
v 1.30543 1.92 0.231167
v 1.2986 1.92 0.215097
v 1.2909 1.92 0.199247
v 1.28235 1.92 0.183684
v 1.27295 1.92 0.168477
v 1.26273 1.92 0.153692
v 1.25172 1.92 0.139396
v 1.23996 1.92 0.12565
v 1.22749 1.92 0.112513
v 1.21435 1.92 0.100039
v 1.2006 1.92 0.0882764
v 1.18631 1.92 0.0772686
v 1.17152 1.92 0.0670516
v 1.15632 1.92 0.0576548
v 1.14075 1.92 0.0491006
v 1.1249 1.92 0.0414043
v 1.10883 1.92 0.0345741
v 1.09261 1.92 0.0286112
v 1.07631 1.92 0.0235104
v 1.05998 1.92 0.0192601
v 1.04369 1.92 0.0158431
v 1.01145 1.92 0.0114158
v 0.98 1.92 0.01
v 0.948551 1.92 0.0114158
v 0.916313 1.92 0.0158431
v 0.900023 1.92 0.0192601
v 0.883695 1.92 0.0235104
v 0.867388 1.92 0.0286112
v 0.851167 1.92 0.0345741
v 0.835097 1.92 0.0414043
v 0.819247 1.92 0.0491006
v 0.803684 1.92 0.0576548
v 0.788477 1.92 0.0670516
v 0.773692 1.92 0.0772686
v 0.759396 1.92 0.0882764
v 0.74565 1.92 0.100039
v 0.732513 1.92 0.112513
v 0.720039 1.92 0.12565
v 0.708276 1.92 0.139396
v 0.697269 1.92 0.153692
v 0.687052 1.92 0.168477
v 0.677655 1.92 0.183684
v 0.669101 1.92 0.199247
v 0.661404 1.92 0.215097
v 0.654574 1.92 0.231167
v 0.648611 1.92 0.247388
v 0.64351 1.92 0.263695
v 0.63926 1.92 0.280023
v 0.635843 1.92 0.296313
v 0.631416 1.92 0.328551
vn -1 0 0
vn -0.995955 0 0.0898544
vn -0.983305 0 0.181963
vn -0.961399 0 0.275158
vn -0.929788 0 0.368095
vn -0.888284 0 0.459295
vn -0.836996 0 0.54721
vn -0.776353 0 0.630298
vn -0.707107 0 0.707107
vn -0.630298 0 0.776353
vn -0.54721 0 0.836996
vn -0.459295 0 0.888284
vn -0.368095 0 0.929788
vn -0.275158 0 0.961399
vn -0.181963 0 0.983305
vn -0.0898544 0 0.995955
vn -2.24299e-16 0 1
vn 0.0898544 -0 0.995955
vn 0.181963 -0 0.983305
vn 0.275158 -0 0.961399
vn 0.368095 -0 0.929788
vn 0.459295 -0 0.888284
vn 0.54721 -0 0.836996
vn 0.630298 -0 0.776353
vn 0.707107 -0 0.707107
vn 0.776353 -0 0.630298
vn 0.836996 -0 0.54721
vn 0.888284 -0 0.459295
vn 0.929788 -0 0.368095
vn 0.961399 -0 0.275158
vn 0.983305 -0 0.181963
vn 0.995955 -0 0.0898544
vn 1 -0 2.24299e-16
vn 0.995955 0 -0.0898544
vn 0.983305 0 -0.181963
vn 0.961399 0 -0.275158
vn 0.929788 0 -0.368095
vn 0.888284 0 -0.459295
vn 0.836996 0 -0.54721
vn 0.776353 0 -0.630298
vn 0.707107 0 -0.707107
vn 0.630298 0 -0.776353
vn 0.54721 0 -0.836996
vn 0.459295 0 -0.888284
vn 0.368095 0 -0.929788
vn 0.275158 0 -0.961399
vn 0.181963 0 -0.983305
vn 0.0898544 0 -0.995955
vn 1.59463e-16 0 -1
vn -0.0898544 0 -0.995955
vn -0.181963 0 -0.983305
vn -0.275158 0 -0.961399
vn -0.368095 0 -0.929788
vn -0.459295 0 -0.888284
vn -0.54721 0 -0.836996
vn -0.630298 0 -0.776353
vn -0.707107 0 -0.707107
vn -0.776353 0 -0.630298
vn -0.836996 0 -0.54721
vn -0.888284 0 -0.459295
vn -0.929788 0 -0.368095
vn -0.961399 0 -0.275158
vn -0.983305 0 -0.181963
vn -0.995955 0 -0.0898544
vn -1 0 -2.24299e-16
vn -1 0 1.12149e-16
vn -0.995955 0 0.0898544
vn -0.983305 0 0.181963
vn -0.961399 0 0.275158
vn -0.929788 0 0.368095
vn -0.888284 0 0.459295
vn -0.836996 0 0.54721
vn -0.776353 0 0.630298
vn -0.707107 0 0.707107
vn -0.630298 0 0.776353
vn -0.54721 0 0.836996
vn -0.459295 0 0.888284
vn -0.368095 0 0.929788
vn -0.275158 0 0.961399
vn -0.181963 0 0.983305
vn -0.0898544 0 0.995955
vn -3.36448e-16 0 1
vn 0.0898544 -0 0.995955
vn 0.181963 -0 0.983305
vn 0.275158 -0 0.961399
vn 0.368095 -0 0.929788
vn 0.459295 -0 0.888284
vn 0.54721 -0 0.836996
vn 0.630298 -0 0.776353
vn 0.707107 -0 0.707107
vn 0.776353 -0 0.630298
vn 0.836996 -0 0.54721
vn 0.888284 -0 0.459295
vn 0.929788 -0 0.368095
vn 0.961399 -0 0.275158
vn 0.983305 -0 0.181963
vn 0.995955 -0 0.0898544
vn 1 -0 6.72897e-16
vn 0.995955 0 -0.0898544
vn 0.983305 0 -0.181963
vn 0.961399 0 -0.275158
vn 0.929788 0 -0.368095
vn 0.888284 0 -0.459295
vn 0.836996 0 -0.54721
vn 0.776353 0 -0.630298
vn 0.707107 0 -0.707107
vn 0.630298 0 -0.776353
vn 0.54721 0 -0.836996
vn 0.459295 0 -0.888284
vn 0.368095 0 -0.929788
vn 0.275158 0 -0.961399
vn 0.181963 0 -0.983305
vn 0.0898544 0 -0.995955
vn 1.55958e-16 0 -1
vn -0.0898544 0 -0.995955
vn -0.181963 0 -0.983305
vn -0.275158 0 -0.961399
vn -0.368095 0 -0.929788
vn -0.459295 0 -0.888284
vn -0.54721 0 -0.836996
vn -0.630298 0 -0.776353
vn -0.707107 0 -0.707107
vn -0.776353 0 -0.630298
vn -0.836996 0 -0.54721
vn -0.888284 0 -0.459295
vn -0.929788 0 -0.368095
vn -0.961399 0 -0.275158
vn -0.983305 0 -0.181963
vn -0.995955 0 -0.0898544
vn -1 0 -2.24299e-16
vn -1 0 0
vn -0.995955 0 0.0898544
vn -0.983305 0 0.181963
vn -0.961399 0 0.275158
vn -0.929788 0 0.368095
vn -0.888284 0 0.459295
vn -0.836996 0 0.54721
vn -0.776353 0 0.630298
vn -0.707107 0 0.707107
vn -0.630298 0 0.776353
vn -0.54721 0 0.836996
vn -0.459295 0 0.888284
vn -0.368095 0 0.929788
vn -0.275158 0 0.961399
vn -0.181963 0 0.983305
vn -0.0898544 0 0.995955
vn -2.24299e-16 0 1
vn 0.0898544 -0 0.995955
vn 0.181963 -0 0.983305
vn 0.275158 -0 0.961399
vn 0.368095 -0 0.929788
vn 0.459295 -0 0.888284
vn 0.54721 -0 0.836996
vn 0.630298 -0 0.776353
vn 0.707107 -0 0.707107
vn 0.776353 -0 0.630298
vn 0.836996 -0 0.54721
vn 0.888284 -0 0.459295
vn 0.929788 -0 0.368095
vn 0.961399 -0 0.275158
vn 0.983305 -0 0.181963
vn 0.995955 -0 0.0898544
vn 1 -0 2.24299e-16
vn 0.995955 0 -0.0898544
vn 0.983305 0 -0.181963
vn 0.961399 0 -0.275158
vn 0.929788 0 -0.368095
vn 0.888284 0 -0.459295
vn 0.836996 0 -0.54721
vn 0.776353 0 -0.630298
vn 0.707107 0 -0.707107
vn 0.630298 0 -0.776353
vn 0.54721 0 -0.836996
vn 0.459295 0 -0.888284
vn 0.368095 0 -0.929788
vn 0.275158 0 -0.961399
vn 0.181963 0 -0.983305
vn 0.0898544 0 -0.995955
vn 1.59463e-16 0 -1
vn -0.0898544 0 -0.995955
vn -0.181963 0 -0.983305
vn -0.275158 0 -0.961399
vn -0.368095 0 -0.929788
vn -0.459295 0 -0.888284
vn -0.54721 0 -0.836996
vn -0.630298 0 -0.776353
vn -0.707107 0 -0.707107
vn -0.776353 0 -0.630298
vn -0.836996 0 -0.54721
vn -0.888284 0 -0.459295
vn -0.929788 0 -0.368095
vn -0.961399 0 -0.275158
vn -0.983305 0 -0.181963
vn -0.995955 0 -0.0898544
vn -1 0 -2.24299e-16
vn -2.22045e-16 -1 0
vn 0 -1 0
vn -1.79856e-16 -1 0
vn -6.88338e-17 -1 0
vn -1.79856e-16 -1 0
vn -8.99281e-17 -1 0
vn -2.10942e-17 -1 0
vn 2.90878e-16 -1 0
vn 0 -1 0
vn -6.88338e-17 -1 0
vn -2.0095e-16 -1 0
vn 2.56462e-16 -1 0
vn -8.99281e-17 -1 0
vn -5.55112e-17 -1 0
vn -4.4964e-17 -1 0
vn 2.0095e-16 -1 0
vn -3.16414e-17 -1 0
vn 2.56462e-16 -1 0
vn 2.56462e-16 -1 0
vn 2.63123e-16 -1 0
vn 1.90403e-16 -1 0
vn 2.23432e-16 -1 0
vn -1.50713e-16 -1 0
vn 3.23908e-16 -1 0
vn -1.50713e-16 -1 0
vn 2.59792e-16 -1 0
vn -4.4964e-17 -1 0
vn -4.01901e-16 -1 0
vn -2.84217e-16 -1 0
vn -4.02456e-17 -1 0
vn -5.68989e-17 -1 0
vn -1.85685e-16 -1 0
vn -1.62648e-16 -1 0
vn -1.26843e-16 -1 0
vn -1.52101e-16 -1 0
vn -2.3398e-16 -1 0
vn -1.72085e-17 -1 0
vn -1.94289e-16 -1 0
vn -1.45439e-16 -1 0
vn -3.16414e-17 -1 0
vn -7.93809e-17 -1 0
vn -4.4964e-17 -1 0
vn 3.11973e-16 -1 0
vn -1.33227e-17 -1 0
vn -1.45439e-16 -1 0
vn -3.44169e-17 -1 0
vn -1.11022e-16 -1 0
vn -2.0095e-16 -1 0
vn -1.11022e-16 -1 0
vn -4.01901e-16 -1 0
vn -6.88338e-17 -1 0
vn -1.32117e-16 -1 0
vn -1.11022e-16 -1 0
vn -4.01901e-16 -1 0
vn -1.79856e-16 -1 0
vn -6.88338e-17 -1 0
vn 0 -1 0
vn 4.21885e-17 -1 0
vn 0 -1 0
vn -4.01901e-16 -1 0
vn 4.21885e-17 -1 0
vn 2.22045e-16 -1 0
vn 0 -1 0
vn -4.01901e-16 -1 0
vn 0 -1 0
vn -2.22045e-16 -1 0
vn 0 -1 0
vn 0 -1 0
vn 0 -1 0
vn 0 -1 0
vn -2.22045e-16 -1 0
vn 2.22045e-16 -1 0
vn 0 -1 0
vn 0 -1 0
vn 0 -1 0
vn 0 -1 0
vn 0 -1 0
vn -2.22045e-16 -1 0
vn 2.22045e-16 -1 0
vn 2.22045e-16 -1 0
vn 0 -1 0
vn -2.22045e-16 -1 0
vn 0 -1 0
vn 0 -1 0
vn 0 -1 0
vn 0 -1 0
vn 0 -1 0
vn -2.22045e-16 -1 0
vn 0 -1 0
vn 2.22045e-16 -1 0
vn -2.22045e-16 -1 0
vn -2.22045e-16 -1 0
vn 0 -1 0
vn 2.22045e-16 -1 0
vn 2.22045e-16 -1 0
vn 0 -1 0
vn -2.22045e-16 -1 0
vn 2.22045e-16 -1 0
vn -2.22045e-16 -1 0
vn 2.22045e-16 -1 0
vn 0 -1 0
vn -1.79856e-16 -1 0
vn 0 -1 0
vn -2.22045e-16 -1 0
vn 0 -1 0
vn -4.01901e-16 -1 0
vn 0 -1 0
vn 0 -1 0
vn -4.21885e-17 -1 0
vn -2.22045e-16 -1 0
vn 0 -1 0
vn -2.22045e-16 -1 0
vn 0 1 -0
vn 2.22045e-16 1 -0
vn 2.22045e-16 1 -0
vn -2.13163e-16 1 0
vn -2.13163e-16 1 0
vn -2.22045e-16 1 0
vn -2.13163e-16 1 0
vn -2.13163e-16 1 0
vn 0 1 -0
vn -8.88178e-18 1 0
vn -2.22045e-16 1 0
vn -2.13163e-16 1 0
vn 2.22045e-16 1 -0
vn -4.44089e-16 1 0
vn 0 1 -0
vn 0 1 -0
vn 0 1 -0
vn 0 1 -0
vn 0 1 -0
vn 0 1 -0
vn 0 1 -0
vn 0 1 -0
vn 0 1 -0
vn 0 1 -0
vn 0 1 -0
vn 0 1 -0
vn 0 1 -0
vn 0 1 -0
vn 0 1 -0
vn 0 1 -0
vn 0 1 -0
vn 0 1 -0
vn 0 1 -0
vn 0 1 -0
vn 0 1 -0
vn 0 1 -0
vn 0 1 -0
vn 0 1 -0
vn 0 1 -0
vn 0 1 -0
vn 0 1 -0
vn 0 1 -0
vn 0 1 -0
vn -4.44089e-16 1 0
vn 2.22045e-16 1 -0
vn 0 1 -0
vn -2.13163e-16 1 0
vn -8.88178e-18 1 0
vn 0 1 -0
vn -2.13163e-16 1 0
vn 0 1 -0
vn 0 1 -0
vn 2.13163e-16 1 -0
vn -2.22045e-16 1 0
vn -2.13163e-16 1 0
vn -2.13163e-16 1 0
vn 0 1 -0
vn 2.22045e-16 1 -0
vn -2.13163e-16 1 0
vn -1.02141e-16 1 0
vn 0 1 -0
vn -1.15463e-16 1 0
vn -2.13163e-16 1 0
vn -2.22045e-16 1 0
vn -1.11022e-16 1 0
vn -1.06581e-16 1 0
vn -2.22045e-16 1 0
vn -1.02141e-16 1 0
vn -2.17604e-16 1 0
vn -4.35207e-16 1 0
vn 3.28626e-16 1 -0
vn 2.13163e-16 1 -0
vn -3.79696e-16 1 0
vn 5.9952e-17 1 -0
vn 5.9952e-17 1 -0
vn 1.11022e-16 1 -0
vn -2.19824e-16 1 0
vn -7.88258e-17 1 0
vn -7.66054e-17 1 0
vn 5.21805e-17 1 -0
vn 3.53051e-16 1 -0
vn -2.22045e-18 1 0
vn -7.77156e-17 1 0
vn 2.02061e-16 1 -0
vn -2.17604e-16 1 0
vn 2.00395e-16 1 -0
vn -8.10463e-17 1 0
vn 2.10942e-17 1 -0
vn -8.10463e-17 1 0
vn 4.77396e-17 1 -0
vn -8.21565e-17 1 0
vn -8.88178e-17 1 0
vn 2.43139e-16 1 -0
vn 1.04361e-16 1 -0
vn 5.32907e-17 1 -0
vn 5.77316e-17 1 -0
vn 5.32907e-17 1 -0
vn 2.17604e-16 1 -0
vn -5.55112e-17 1 0
vn -4.44089e-18 1 0
vn -2.13163e-16 1 0
vn -1.11022e-16 1 0
vn -2.13163e-16 1 0
vn -4.44089e-18 1 0
vn 0 1 -0
vn -1.02141e-16 1 0
vn 2.22045e-16 1 -0
vn -1.06581e-16 1 0
vn -2.17604e-16 1 0
vn -1.11022e-16 1 0
vn -2.13163e-16 1 0
vn -2.13163e-16 1 0
g WFR_rubber
usemtl rubber
f 1567//1567 1568//1568 1633//1633
f 1567//1567 1633//1633 1632//1632
f 1568//1568 1569//1569 1634//1634
f 1568//1568 1634//1634 1633//1633
f 1569//1569 1570//1570 1635//1635
f 1569//1569 1635//1635 1634//1634
f 1570//1570 1571//1571 1636//1636
f 1570//1570 1636//1636 1635//1635
f 1571//1571 1572//1572 1637//1637
f 1571//1571 1637//1637 1636//1636
f 1572//1572 1573//1573 1638//1638
f 1572//1572 1638//1638 1637//1637
f 1573//1573 1574//1574 1639//1639
f 1573//1573 1639//1639 1638//1638
f 1574//1574 1575//1575 1640//1640
f 1574//1574 1640//1640 1639//1639
f 1575//1575 1576//1576 1641//1641
f 1575//1575 1641//1641 1640//1640
f 1576//1576 1577//1577 1642//1642
f 1576//1576 1642//1642 1641//1641
f 1577//1577 1578//1578 1643//1643
f 1577//1577 1643//1643 1642//1642
f 1578//1578 1579//1579 1644//1644
f 1578//1578 1644//1644 1643//1643
f 1579//1579 1580//1580 1645//1645
f 1579//1579 1645//1645 1644//1644
f 1580//1580 1581//1581 1646//1646
f 1580//1580 1646//1646 1645//1645
f 1581//1581 1582//1582 1647//1647
f 1581//1581 1647//1647 1646//1646
f 1582//1582 1583//1583 1648//1648
f 1582//1582 1648//1648 1647//1647
f 1583//1583 1584//1584 1649//1649
f 1583//1583 1649//1649 1648//1648
f 1584//1584 1585//1585 1650//1650
f 1584//1584 1650//1650 1649//1649
f 1585//1585 1586//1586 1651//1651
f 1585//1585 1651//1651 1650//1650
f 1586//1586 1587//1587 1652//1652
f 1586//1586 1652//1652 1651//1651
f 1587//1587 1588//1588 1653//1653
f 1587//1587 1653//1653 1652//1652
f 1588//1588 1589//1589 1654//1654
f 1588//1588 1654//1654 1653//1653
f 1589//1589 1590//1590 1655//1655
f 1589//1589 1655//1655 1654//1654
f 1590//1590 1591//1591 1656//1656
f 1590//1590 1656//1656 1655//1655
f 1591//1591 1592//1592 1657//1657
f 1591//1591 1657//1657 1656//1656
f 1592//1592 1593//1593 1658//1658
f 1592//1592 1658//1658 1657//1657
f 1593//1593 1594//1594 1659//1659
f 1593//1593 1659//1659 1658//1658
f 1594//1594 1595//1595 1660//1660
f 1594//1594 1660//1660 1659//1659
f 1595//1595 1596//1596 1661//1661
f 1595//1595 1661//1661 1660//1660
f 1596//1596 1597//1597 1662//1662
f 1596//1596 1662//1662 1661//1661
f 1597//1597 1598//1598 1663//1663
f 1597//1597 1663//1663 1662//1662
f 1598//1598 1599//1599 1664//1664
f 1598//1598 1664//1664 1663//1663
f 1599//1599 1600//1600 1665//1665
f 1599//1599 1665//1665 1664//1664
f 1600//1600 1601//1601 1666//1666
f 1600//1600 1666//1666 1665//1665
f 1601//1601 1602//1602 1667//1667
f 1601//1601 1667//1667 1666//1666
f 1602//1602 1603//1603 1668//1668
f 1602//1602 1668//1668 1667//1667
f 1603//1603 1604//1604 1669//1669
f 1603//1603 1669//1669 1668//1668
f 1604//1604 1605//1605 1670//1670
f 1604//1604 1670//1670 1669//1669
f 1605//1605 1606//1606 1671//1671
f 1605//1605 1671//1671 1670//1670
f 1606//1606 1607//1607 1672//1672
f 1606//1606 1672//1672 1671//1671
f 1607//1607 1608//1608 1673//1673
f 1607//1607 1673//1673 1672//1672
f 1608//1608 1609//1609 1674//1674
f 1608//1608 1674//1674 1673//1673
f 1609//1609 1610//1610 1675//1675
f 1609//1609 1675//1675 1674//1674
f 1610//1610 1611//1611 1676//1676
f 1610//1610 1676//1676 1675//1675
f 1611//1611 1612//1612 1677//1677
f 1611//1611 1677//1677 1676//1676
f 1612//1612 1613//1613 1678//1678
f 1612//1612 1678//1678 1677//1677
f 1613//1613 1614//1614 1679//1679
f 1613//1613 1679//1679 1678//1678
f 1614//1614 1615//1615 1680//1680
f 1614//1614 1680//1680 1679//1679
f 1615//1615 1616//1616 1681//1681
f 1615//1615 1681//1681 1680//1680
f 1616//1616 1617//1617 1682//1682
f 1616//1616 1682//1682 1681//1681
f 1617//1617 1618//1618 1683//1683
f 1617//1617 1683//1683 1682//1682
f 1618//1618 1619//1619 1684//1684
f 1618//1618 1684//1684 1683//1683
f 1619//1619 1620//1620 1685//1685
f 1619//1619 1685//1685 1684//1684
f 1620//1620 1621//1621 1686//1686
f 1620//1620 1686//1686 1685//1685
f 1621//1621 1622//1622 1687//1687
f 1621//1621 1687//1687 1686//1686
f 1622//1622 1623//1623 1688//1688
f 1622//1622 1688//1688 1687//1687
f 1623//1623 1624//1624 1689//1689
f 1623//1623 1689//1689 1688//1688
f 1624//1624 1625//1625 1690//1690
f 1624//1624 1690//1690 1689//1689
f 1625//1625 1626//1626 1691//1691
f 1625//1625 1691//1691 1690//1690
f 1626//1626 1627//1627 1692//1692
f 1626//1626 1692//1692 1691//1691
f 1627//1627 1628//1628 1693//1693
f 1627//1627 1693//1693 1692//1692
f 1628//1628 1629//1629 1694//1694
f 1628//1628 1694//1694 1693//1693
f 1629//1629 1630//1630 1695//1695
f 1629//1629 1695//1695 1694//1694
f 1630//1630 1631//1631 1696//1696
f 1630//1630 1696//1696 1695//1695
f 1632//1632 1633//1633 1698//1698
f 1632//1632 1698//1698 1697//1697
f 1633//1633 1634//1634 1699//1699
f 1633//1633 1699//1699 1698//1698
f 1634//1634 1635//1635 1700//1700
f 1634//1634 1700//1700 1699//1699
f 1635//1635 1636//1636 1701//1701
f 1635//1635 1701//1701 1700//1700
f 1636//1636 1637//1637 1702//1702
f 1636//1636 1702//1702 1701//1701
f 1637//1637 1638//1638 1703//1703
f 1637//1637 1703//1703 1702//1702
f 1638//1638 1639//1639 1704//1704
f 1638//1638 1704//1704 1703//1703
f 1639//1639 1640//1640 1705//1705
f 1639//1639 1705//1705 1704//1704
f 1640//1640 1641//1641 1706//1706
f 1640//1640 1706//1706 1705//1705
f 1641//1641 1642//1642 1707//1707
f 1641//1641 1707//1707 1706//1706
f 1642//1642 1643//1643 1708//1708
f 1642//1642 1708//1708 1707//1707
f 1643//1643 1644//1644 1709//1709
f 1643//1643 1709//1709 1708//1708
f 1644//1644 1645//1645 1710//1710
f 1644//1644 1710//1710 1709//1709
f 1645//1645 1646//1646 1711//1711
f 1645//1645 1711//1711 1710//1710
f 1646//1646 1647//1647 1712//1712
f 1646//1646 1712//1712 1711//1711
f 1647//1647 1648//1648 1713//1713
f 1647//1647 1713//1713 1712//1712
f 1648//1648 1649//1649 1714//1714
f 1648//1648 1714//1714 1713//1713
f 1649//1649 1650//1650 1715//1715
f 1649//1649 1715//1715 1714//1714
f 1650//1650 1651//1651 1716//1716
f 1650//1650 1716//1716 1715//1715
f 1651//1651 1652//1652 1717//1717
f 1651//1651 1717//1717 1716//1716
f 1652//1652 1653//1653 1718//1718
f 1652//1652 1718//1718 1717//1717
f 1653//1653 1654//1654 1719//1719
f 1653//1653 1719//1719 1718//1718
f 1654//1654 1655//1655 1720//1720
f 1654//1654 1720//1720 1719//1719
f 1655//1655 1656//1656 1721//1721
f 1655//1655 1721//1721 1720//1720
f 1656//1656 1657//1657 1722//1722
f 1656//1656 1722//1722 1721//1721
f 1657//1657 1658//1658 1723//1723
f 1657//1657 1723//1723 1722//1722
f 1658//1658 1659//1659 1724//1724
f 1658//1658 1724//1724 1723//1723
f 1659//1659 1660//1660 1725//1725
f 1659//1659 1725//1725 1724//1724
f 1660//1660 1661//1661 1726//1726
f 1660//1660 1726//1726 1725//1725
f 1661//1661 1662//1662 1727//1727
f 1661//1661 1727//1727 1726//1726
f 1662//1662 1663//1663 1728//1728
f 1662//1662 1728//1728 1727//1727
f 1663//1663 1664//1664 1729//1729
f 1663//1663 1729//1729 1728//1728
f 1664//1664 1665//1665 1730//1730
f 1664//1664 1730//1730 1729//1729
f 1665//1665 1666//1666 1731//1731
f 1665//1665 1731//1731 1730//1730
f 1666//1666 1667//1667 1732//1732
f 1666//1666 1732//1732 1731//1731
f 1667//1667 1668//1668 1733//1733
f 1667//1667 1733//1733 1732//1732
f 1668//1668 1669//1669 1734//1734
f 1668//1668 1734//1734 1733//1733
f 1669//1669 1670//1670 1735//1735
f 1669//1669 1735//1735 1734//1734
f 1670//1670 1671//1671 1736//1736
f 1670//1670 1736//1736 1735//1735
f 1671//1671 1672//1672 1737//1737
f 1671//1671 1737//1737 1736//1736
f 1672//1672 1673//1673 1738//1738
f 1672//1672 1738//1738 1737//1737
f 1673//1673 1674//1674 1739//1739
f 1673//1673 1739//1739 1738//1738
f 1674//1674 1675//1675 1740//1740
f 1674//1674 1740//1740 1739//1739
f 1675//1675 1676//1676 1741//1741
f 1675//1675 1741//1741 1740//1740
f 1676//1676 1677//1677 1742//1742
f 1676//1676 1742//1742 1741//1741
f 1677//1677 1678//1678 1743//1743
f 1677//1677 1743//1743 1742//1742
f 1678//1678 1679//1679 1744//1744
f 1678//1678 1744//1744 1743//1743
f 1679//1679 1680//1680 1745//1745
f 1679//1679 1745//1745 1744//1744
f 1680//1680 1681//1681 1746//1746
f 1680//1680 1746//1746 1745//1745
f 1681//1681 1682//1682 1747//1747
f 1681//1681 1747//1747 1746//1746
f 1682//1682 1683//1683 1748//1748
f 1682//1682 1748//1748 1747//1747
f 1683//1683 1684//1684 1749//1749
f 1683//1683 1749//1749 1748//1748
f 1684//1684 1685//1685 1750//1750
f 1684//1684 1750//1750 1749//1749
f 1685//1685 1686//1686 1751//1751
f 1685//1685 1751//1751 1750//1750
f 1686//1686 1687//1687 1752//1752
f 1686//1686 1752//1752 1751//1751
f 1687//1687 1688//1688 1753//1753
f 1687//1687 1753//1753 1752//1752
f 1688//1688 1689//1689 1754//1754
f 1688//1688 1754//1754 1753//1753
f 1689//1689 1690//1690 1755//1755
f 1689//1689 1755//1755 1754//1754
f 1690//1690 1691//1691 1756//1756
f 1690//1690 1756//1756 1755//1755
f 1691//1691 1692//1692 1757//1757
f 1691//1691 1757//1757 1756//1756
f 1692//1692 1693//1693 1758//1758
f 1692//1692 1758//1758 1757//1757
f 1693//1693 1694//1694 1759//1759
f 1693//1693 1759//1759 1758//1758
f 1694//1694 1695//1695 1760//1760
f 1694//1694 1760//1760 1759//1759
f 1695//1695 1696//1696 1761//1761
f 1695//1695 1761//1761 1760//1760
f 1873//1873 1762//1762 1763//1763
f 1873//1873 1763//1763 1764//1764
f 1873//1873 1764//1764 1765//1765
f 1873//1873 1765//1765 1766//1766
f 1873//1873 1766//1766 1767//1767
f 1873//1873 1767//1767 1768//1768
f 1873//1873 1768//1768 1769//1769
f 1873//1873 1769//1769 1770//1770
f 1873//1873 1770//1770 1771//1771
f 1873//1873 1771//1771 1772//1772
f 1873//1873 1772//1772 1773//1773
f 1873//1873 1773//1773 1774//1774
f 1873//1873 1774//1774 1775//1775
f 1873//1873 1775//1775 1776//1776
f 1873//1873 1776//1776 1777//1777
f 1873//1873 1777//1777 1778//1778
f 1873//1873 1778//1778 1779//1779
f 1873//1873 1779//1779 1780//1780
f 1873//1873 1780//1780 1781//1781
f 1873//1873 1781//1781 1782//1782
f 1873//1873 1782//1782 1783//1783
f 1873//1873 1783//1783 1784//1784
f 1873//1873 1784//1784 1785//1785
f 1873//1873 1785//1785 1786//1786
f 1873//1873 1786//1786 1787//1787
f 1873//1873 1787//1787 1788//1788
f 1873//1873 1788//1788 1789//1789
f 1873//1873 1789//1789 1790//1790
f 1873//1873 1790//1790 1791//1791
f 1873//1873 1791//1791 1792//1792
f 1873//1873 1792//1792 1793//1793
f 1873//1873 1793//1793 1794//1794
f 1873//1873 1794//1794 1795//1795
f 1873//1873 1795//1795 1796//1796
f 1873//1873 1796//1796 1797//1797
f 1873//1873 1797//1797 1798//1798
f 1873//1873 1798//1798 1799//1799
f 1873//1873 1799//1799 1800//1800
f 1873//1873 1800//1800 1801//1801
f 1873//1873 1801//1801 1802//1802
f 1873//1873 1802//1802 1803//1803
f 1873//1873 1803//1803 1804//1804
f 1873//1873 1804//1804 1805//1805
f 1873//1873 1805//1805 1806//1806
f 1873//1873 1806//1806 1807//1807
f 1873//1873 1807//1807 1808//1808
f 1873//1873 1808//1808 1809//1809
f 1873//1873 1809//1809 1810//1810
f 1873//1873 1810//1810 1811//1811
f 1873//1873 1811//1811 1812//1812
f 1873//1873 1812//1812 1813//1813
f 1873//1873 1813//1813 1814//1814
f 1873//1873 1814//1814 1815//1815
f 1873//1873 1815//1815 1816//1816
f 1873//1873 1816//1816 1817//1817
f 1873//1873 1817//1817 1818//1818
f 1873//1873 1818//1818 1819//1819
f 1873//1873 1819//1819 1820//1820
f 1873//1873 1820//1820 1821//1821
f 1873//1873 1821//1821 1822//1822
f 1873//1873 1822//1822 1823//1823
f 1873//1873 1823//1823 1824//1824
f 1873//1873 1824//1824 1825//1825
f 1873//1873 1825//1825 1826//1826
f 1873//1873 1826//1826 1827//1827
f 1873//1873 1827//1827 1828//1828
f 1873//1873 1828//1828 1829//1829
f 1873//1873 1829//1829 1830//1830
f 1873//1873 1830//1830 1831//1831
f 1873//1873 1831//1831 1832//1832
f 1873//1873 1832//1832 1833//1833
f 1873//1873 1833//1833 1834//1834
f 1873//1873 1834//1834 1835//1835
f 1873//1873 1835//1835 1836//1836
f 1873//1873 1836//1836 1837//1837
f 1873//1873 1837//1837 1838//1838
f 1873//1873 1838//1838 1839//1839
f 1873//1873 1839//1839 1840//1840
f 1873//1873 1840//1840 1841//1841
f 1873//1873 1841//1841 1842//1842
f 1873//1873 1842//1842 1843//1843
f 1873//1873 1843//1843 1844//1844
f 1873//1873 1844//1844 1845//1845
f 1873//1873 1845//1845 1846//1846
f 1873//1873 1846//1846 1847//1847
f 1873//1873 1847//1847 1848//1848
f 1873//1873 1848//1848 1849//1849
f 1873//1873 1849//1849 1850//1850
f 1873//1873 1850//1850 1851//1851
f 1873//1873 1851//1851 1852//1852
f 1873//1873 1852//1852 1853//1853
f 1873//1873 1853//1853 1854//1854
f 1873//1873 1854//1854 1855//1855
f 1873//1873 1855//1855 1856//1856
f 1873//1873 1856//1856 1857//1857
f 1873//1873 1857//1857 1858//1858
f 1873//1873 1858//1858 1859//1859
f 1873//1873 1859//1859 1860//1860
f 1873//1873 1860//1860 1861//1861
f 1873//1873 1861//1861 1862//1862
f 1873//1873 1862//1862 1863//1863
f 1873//1873 1863//1863 1864//1864
f 1873//1873 1864//1864 1865//1865
f 1873//1873 1865//1865 1866//1866
f 1873//1873 1866//1866 1867//1867
f 1873//1873 1867//1867 1868//1868
f 1873//1873 1868//1868 1869//1869
f 1873//1873 1869//1869 1870//1870
f 1873//1873 1870//1870 1871//1871
f 1871//1871 1872//1872 1873//1873
f 1985//1985 1874//1874 1875//1875
f 1985//1985 1875//1875 1876//1876
f 1985//1985 1876//1876 1877//1877
f 1985//1985 1877//1877 1878//1878
f 1985//1985 1878//1878 1879//1879
f 1985//1985 1879//1879 1880//1880
f 1985//1985 1880//1880 1881//1881
f 1985//1985 1881//1881 1882//1882
f 1985//1985 1882//1882 1883//1883
f 1985//1985 1883//1883 1884//1884
f 1985//1985 1884//1884 1885//1885
f 1985//1985 1885//1885 1886//1886
f 1985//1985 1886//1886 1887//1887
f 1985//1985 1887//1887 1888//1888
f 1985//1985 1888//1888 1889//1889
f 1985//1985 1889//1889 1890//1890
f 1985//1985 1890//1890 1891//1891
f 1985//1985 1891//1891 1892//1892
f 1985//1985 1892//1892 1893//1893
f 1985//1985 1893//1893 1894//1894
f 1985//1985 1894//1894 1895//1895
f 1985//1985 1895//1895 1896//1896
f 1985//1985 1896//1896 1897//1897
f 1985//1985 1897//1897 1898//1898
f 1985//1985 1898//1898 1899//1899
f 1985//1985 1899//1899 1900//1900
f 1985//1985 1900//1900 1901//1901
f 1985//1985 1901//1901 1902//1902
f 1985//1985 1902//1902 1903//1903
f 1985//1985 1903//1903 1904//1904
f 1985//1985 1904//1904 1905//1905
f 1985//1985 1905//1905 1906//1906
f 1985//1985 1906//1906 1907//1907
f 1985//1985 1907//1907 1908//1908
f 1985//1985 1908//1908 1909//1909
f 1985//1985 1909//1909 1910//1910
f 1985//1985 1910//1910 1911//1911
f 1985//1985 1911//1911 1912//1912
f 1985//1985 1912//1912 1913//1913
f 1985//1985 1913//1913 1914//1914
f 1985//1985 1914//1914 1915//1915
f 1985//1985 1915//1915 1916//1916
f 1985//1985 1916//1916 1917//1917
f 1985//1985 1917//1917 1918//1918
f 1985//1985 1918//1918 1919//1919
f 1985//1985 1919//1919 1920//1920
f 1985//1985 1920//1920 1921//1921
f 1985//1985 1921//1921 1922//1922
f 1985//1985 1922//1922 1923//1923
f 1985//1985 1923//1923 1924//1924
f 1985//1985 1924//1924 1925//1925
f 1985//1985 1925//1925 1926//1926
f 1985//1985 1926//1926 1927//1927
f 1985//1985 1927//1927 1928//1928
f 1985//1985 1928//1928 1929//1929
f 1985//1985 1929//1929 1930//1930
f 1985//1985 1930//1930 1931//1931
f 1985//1985 1931//1931 1932//1932
f 1985//1985 1932//1932 1933//1933
f 1985//1985 1933//1933 1934//1934
f 1985//1985 1934//1934 1935//1935
f 1985//1985 1935//1935 1936//1936
f 1985//1985 1936//1936 1937//1937
f 1985//1985 1937//1937 1938//1938
f 1985//1985 1938//1938 1939//1939
f 1985//1985 1939//1939 1940//1940
f 1985//1985 1940//1940 1941//1941
f 1985//1985 1941//1941 1942//1942
f 1985//1985 1942//1942 1943//1943
f 1985//1985 1943//1943 1944//1944
f 1985//1985 1944//1944 1945//1945
f 1985//1985 1945//1945 1946//1946
f 1985//1985 1946//1946 1947//1947
f 1985//1985 1947//1947 1948//1948
f 1985//1985 1948//1948 1949//1949
f 1985//1985 1949//1949 1950//1950
f 1985//1985 1950//1950 1951//1951
f 1985//1985 1951//1951 1952//1952
f 1985//1985 1952//1952 1953//1953
f 1985//1985 1953//1953 1954//1954
f 1985//1985 1954//1954 1955//1955
f 1985//1985 1955//1955 1956//1956
f 1985//1985 1956//1956 1957//1957
f 1985//1985 1957//1957 1958//1958
f 1985//1985 1958//1958 1959//1959
f 1985//1985 1959//1959 1960//1960
f 1985//1985 1960//1960 1961//1961
f 1985//1985 1961//1961 1962//1962
f 1985//1985 1962//1962 1963//1963
f 1985//1985 1963//1963 1964//1964
f 1985//1985 1964//1964 1965//1965
f 1985//1985 1965//1965 1966//1966
f 1985//1985 1966//1966 1967//1967
f 1985//1985 1967//1967 1968//1968
f 1985//1985 1968//1968 1969//1969
f 1985//1985 1969//1969 1970//1970
f 1985//1985 1970//1970 1971//1971
f 1985//1985 1971//1971 1972//1972
f 1985//1985 1972//1972 1973//1973
f 1985//1985 1973//1973 1974//1974
f 1985//1985 1974//1974 1975//1975
f 1985//1985 1975//1975 1976//1976
f 1985//1985 1976//1976 1977//1977
f 1985//1985 1977//1977 1978//1978
f 1985//1985 1978//1978 1979//1979
f 1985//1985 1979//1979 1980//1980
f 1985//1985 1980//1980 1981//1981
f 1985//1985 1981//1981 1982//1982
f 1985//1985 1982//1982 1983//1983
f 1983//1983 1984//1984 1985//1985
o WRL
v 2.94 -0.02 0.36
v 2.94138 -0.02 0.390551
v 2.94568 -0.02 0.421867
v 2.95312 -0.02 0.453554
v 2.96387 -0.02 0.485152
v 2.97798 -0.02 0.51616
v 2.99542 -0.02 0.546051
v 3.01604 -0.02 0.574301
v 3.03958 -0.02 0.600416
v 3.0657 -0.02 0.62396
v 3.09395 -0.02 0.644578
v 3.12384 -0.02 0.662017
v 3.15485 -0.02 0.676128
v 3.18645 -0.02 0.686876
v 3.21813 -0.02 0.694324
v 3.24945 -0.02 0.698625
v 3.28 -0.02 0.7
v 3.31055 -0.02 0.698625
v 3.34187 -0.02 0.694324
v 3.37355 -0.02 0.686876
v 3.40515 -0.02 0.676128
v 3.43616 -0.02 0.662017
v 3.46605 -0.02 0.644578
v 3.4943 -0.02 0.62396
v 3.52042 -0.02 0.600416
v 3.54396 -0.02 0.574301
v 3.56458 -0.02 0.546051
v 3.58202 -0.02 0.51616
v 3.59613 -0.02 0.485152
v 3.60688 -0.02 0.453554
v 3.61432 -0.02 0.421867
v 3.61862 -0.02 0.390551
v 3.62 -0.02 0.36
v 3.61862 -0.02 0.329449
v 3.61432 -0.02 0.298133
v 3.60688 -0.02 0.266446
v 3.59613 -0.02 0.234848
v 3.58202 -0.02 0.20384
v 3.56458 -0.02 0.173949
v 3.54396 -0.02 0.145699
v 3.52042 -0.02 0.119584
v 3.4943 -0.02 0.0960399
v 3.46605 -0.02 0.0754215
v 3.43616 -0.02 0.0579834
v 3.40515 -0.02 0.043872
v 3.37355 -0.02 0.0331244
v 3.34187 -0.02 0.0256762
v 3.31055 -0.02 0.0213753
v 3.28 -0.02 0.02
v 3.24945 -0.02 0.0213753
v 3.21813 -0.02 0.0256762
v 3.18645 -0.02 0.0331244
v 3.15485 -0.02 0.043872
v 3.12384 -0.02 0.0579834
v 3.09395 -0.02 0.0754215
v 3.0657 -0.02 0.0960399
v 3.03958 -0.02 0.119584
v 3.01604 -0.02 0.145699
v 2.99542 -0.02 0.173949
v 2.97798 -0.02 0.20384
v 2.96387 -0.02 0.234848
v 2.95312 -0.02 0.266446
v 2.94568 -0.02 0.298133
v 2.94138 -0.02 0.329449
v 2.94 -0.02 0.36
v 2.94 0.13 0.36
v 2.94138 0.13 0.390551
v 2.94568 0.13 0.421867
v 2.95312 0.13 0.453554
v 2.96387 0.13 0.485152
v 2.97798 0.13 0.51616
v 2.99542 0.13 0.546051
v 3.01604 0.13 0.574301
v 3.03958 0.13 0.600416
v 3.0657 0.13 0.62396
v 3.09395 0.13 0.644578
v 3.12384 0.13 0.662017
v 3.15485 0.13 0.676128
v 3.18645 0.13 0.686876
v 3.21813 0.13 0.694324
v 3.24945 0.13 0.698625
v 3.28 0.13 0.7
v 3.31055 0.13 0.698625
v 3.34187 0.13 0.694324
v 3.37355 0.13 0.686876
v 3.40515 0.13 0.676128
v 3.43616 0.13 0.662017
v 3.46605 0.13 0.644578
v 3.4943 0.13 0.62396
v 3.52042 0.13 0.600416
v 3.54396 0.13 0.574301
v 3.56458 0.13 0.546051
v 3.58202 0.13 0.51616
v 3.59613 0.13 0.485152
v 3.60688 0.13 0.453554
v 3.61432 0.13 0.421867
v 3.61862 0.13 0.390551
v 3.62 0.13 0.36
v 3.61862 0.13 0.329449
v 3.61432 0.13 0.298133
v 3.60688 0.13 0.266446
v 3.59613 0.13 0.234848
v 3.58202 0.13 0.20384
v 3.56458 0.13 0.173949
v 3.54396 0.13 0.145699
v 3.52042 0.13 0.119584
v 3.4943 0.13 0.0960399
v 3.46605 0.13 0.0754215
v 3.43616 0.13 0.0579834
v 3.40515 0.13 0.043872
v 3.37355 0.13 0.0331244
v 3.34187 0.13 0.0256762
v 3.31055 0.13 0.0213753
v 3.28 0.13 0.02
v 3.24945 0.13 0.0213753
v 3.21813 0.13 0.0256762
v 3.18645 0.13 0.0331244
v 3.15485 0.13 0.043872
v 3.12384 0.13 0.0579834
v 3.09395 0.13 0.0754215
v 3.0657 0.13 0.0960399
v 3.03958 0.13 0.119584
v 3.01604 0.13 0.145699
v 2.99542 0.13 0.173949
v 2.97798 0.13 0.20384
v 2.96387 0.13 0.234848
v 2.95312 0.13 0.266446
v 2.94568 0.13 0.298133
v 2.94138 0.13 0.329449
v 2.94 0.13 0.36
v 2.94 0.28 0.36
v 2.94138 0.28 0.390551
v 2.94568 0.28 0.421867
v 2.95312 0.28 0.453554
v 2.96387 0.28 0.485152
v 2.97798 0.28 0.51616
v 2.99542 0.28 0.546051
v 3.01604 0.28 0.574301
v 3.03958 0.28 0.600416
v 3.0657 0.28 0.62396
v 3.09395 0.28 0.644578
v 3.12384 0.28 0.662017
v 3.15485 0.28 0.676128
v 3.18645 0.28 0.686876
v 3.21813 0.28 0.694324
v 3.24945 0.28 0.698625
v 3.28 0.28 0.7
v 3.31055 0.28 0.698625
v 3.34187 0.28 0.694324
v 3.37355 0.28 0.686876
v 3.40515 0.28 0.676128
v 3.43616 0.28 0.662017
v 3.46605 0.28 0.644578
v 3.4943 0.28 0.62396
v 3.52042 0.28 0.600416
v 3.54396 0.28 0.574301
v 3.56458 0.28 0.546051
v 3.58202 0.28 0.51616
v 3.59613 0.28 0.485152
v 3.60688 0.28 0.453554
v 3.61432 0.28 0.421867
v 3.61862 0.28 0.390551
v 3.62 0.28 0.36
v 3.61862 0.28 0.329449
v 3.61432 0.28 0.298133
v 3.60688 0.28 0.266446
v 3.59613 0.28 0.234848
v 3.58202 0.28 0.20384
v 3.56458 0.28 0.173949
v 3.54396 0.28 0.145699
v 3.52042 0.28 0.119584
v 3.4943 0.28 0.0960399
v 3.46605 0.28 0.0754215
v 3.43616 0.28 0.0579834
v 3.40515 0.28 0.043872
v 3.37355 0.28 0.0331244
v 3.34187 0.28 0.0256762
v 3.31055 0.28 0.0213753
v 3.28 0.28 0.02
v 3.24945 0.28 0.0213753
v 3.21813 0.28 0.0256762
v 3.18645 0.28 0.0331244
v 3.15485 0.28 0.043872
v 3.12384 0.28 0.0579834
v 3.09395 0.28 0.0754215
v 3.0657 0.28 0.0960399
v 3.03958 0.28 0.119584
v 3.01604 0.28 0.145699
v 2.99542 0.28 0.173949
v 2.97798 0.28 0.20384
v 2.96387 0.28 0.234848
v 2.95312 0.28 0.266446
v 2.94568 0.28 0.298133
v 2.94138 0.28 0.329449
v 2.94 0.28 0.36
v 2.94 -0.02 0.36
v 2.94138 -0.02 0.329449
v 2.94568 -0.02 0.298133
v 2.95312 -0.02 0.266446
v 2.95808 -0.02 0.250605
v 2.96387 -0.02 0.234848
v 2.97051 -0.02 0.219237
v 2.97798 -0.02 0.20384
v 2.98629 -0.02 0.188722
v 2.99542 -0.02 0.173949
v 3.00535 -0.02 0.159587
v 3.01604 -0.02 0.145699
v 3.02747 -0.02 0.132345
v 3.03958 -0.02 0.119584
v 3.05235 -0.02 0.107466
v 3.0657 -0.02 0.0960399
v 3.07959 -0.02 0.0853466
v 3.09395 -0.02 0.0754215
v 3.10872 -0.02 0.0662932
v 3.12384 -0.02 0.0579834
v 3.13924 -0.02 0.050507
v 3.15485 -0.02 0.043872
v 3.17061 -0.02 0.0380795
v 3.18645 -0.02 0.0331244
v 3.21813 -0.02 0.0256762
v 3.24945 -0.02 0.0213753
v 3.28 -0.02 0.02
v 3.31055 -0.02 0.0213753
v 3.34187 -0.02 0.0256762
v 3.37355 -0.02 0.0331244
v 3.38939 -0.02 0.0380795
v 3.40515 -0.02 0.043872
v 3.42076 -0.02 0.050507
v 3.43616 -0.02 0.0579834
v 3.45128 -0.02 0.0662932
v 3.46605 -0.02 0.0754215
v 3.48041 -0.02 0.0853466
v 3.4943 -0.02 0.0960399
v 3.50765 -0.02 0.107466
v 3.52042 -0.02 0.119584
v 3.53253 -0.02 0.132345
v 3.54396 -0.02 0.145699
v 3.55465 -0.02 0.159587
v 3.56458 -0.02 0.173949
v 3.57371 -0.02 0.188722
v 3.58202 -0.02 0.20384
v 3.58949 -0.02 0.219237
v 3.59613 -0.02 0.234848
v 3.60192 -0.02 0.250605
v 3.60688 -0.02 0.266446
v 3.61432 -0.02 0.298133
v 3.61862 -0.02 0.329449
v 3.62 -0.02 0.36
v 3.61862 -0.02 0.390551
v 3.61432 -0.02 0.421867
v 3.60688 -0.02 0.453554
v 3.60192 -0.02 0.469395
v 3.59613 -0.02 0.485152
v 3.58949 -0.02 0.500763
v 3.58202 -0.02 0.51616
v 3.57371 -0.02 0.531278
v 3.56458 -0.02 0.546051
v 3.55465 -0.02 0.560413
v 3.54396 -0.02 0.574301
v 3.53253 -0.02 0.587655
v 3.52042 -0.02 0.600416
v 3.50765 -0.02 0.612534
v 3.4943 -0.02 0.62396
v 3.48041 -0.02 0.634653
v 3.46605 -0.02 0.644578
v 3.45128 -0.02 0.653707
v 3.43616 -0.02 0.662017
v 3.42076 -0.02 0.669493
v 3.40515 -0.02 0.676128
v 3.38939 -0.02 0.681921
v 3.37355 -0.02 0.686876
v 3.34187 -0.02 0.694324
v 3.31055 -0.02 0.698625
v 3.28 -0.02 0.7
v 3.24945 -0.02 0.698625
v 3.21813 -0.02 0.694324
v 3.18645 -0.02 0.686876
v 3.17061 -0.02 0.681921
v 3.15485 -0.02 0.676128
v 3.13924 -0.02 0.669493
v 3.12384 -0.02 0.662017
v 3.10872 -0.02 0.653707
v 3.09395 -0.02 0.644578
v 3.07959 -0.02 0.634653
v 3.0657 -0.02 0.62396
v 3.05235 -0.02 0.612534
v 3.03958 -0.02 0.600416
v 3.02747 -0.02 0.587655
v 3.01604 -0.02 0.574301
v 3.00535 -0.02 0.560413
v 2.99542 -0.02 0.546051
v 2.98629 -0.02 0.531278
v 2.97798 -0.02 0.51616
v 2.97051 -0.02 0.500763
v 2.96387 -0.02 0.485152
v 2.95808 -0.02 0.469395
v 2.95312 -0.02 0.453554
v 2.94568 -0.02 0.421867
v 2.94138 -0.02 0.390551
v 2.94 0.28 0.36
v 2.94138 0.28 0.390551
v 2.94568 0.28 0.421867
v 2.95312 0.28 0.453554
v 2.95808 0.28 0.469395
v 2.96387 0.28 0.485152
v 2.97051 0.28 0.500763
v 2.97798 0.28 0.51616
v 2.98629 0.28 0.531278
v 2.99542 0.28 0.546051
v 3.00535 0.28 0.560413
v 3.01604 0.28 0.574301
v 3.02747 0.28 0.587655
v 3.03958 0.28 0.600416
v 3.05235 0.28 0.612534
v 3.0657 0.28 0.62396
v 3.07959 0.28 0.634653
v 3.09395 0.28 0.644578
v 3.10872 0.28 0.653707
v 3.12384 0.28 0.662017
v 3.13924 0.28 0.669493
v 3.15485 0.28 0.676128
v 3.17061 0.28 0.681921
v 3.18645 0.28 0.686876
v 3.21813 0.28 0.694324
v 3.24945 0.28 0.698625
v 3.28 0.28 0.7
v 3.31055 0.28 0.698625
v 3.34187 0.28 0.694324
v 3.37355 0.28 0.686876
v 3.38939 0.28 0.681921
v 3.40515 0.28 0.676128
v 3.42076 0.28 0.669493
v 3.43616 0.28 0.662017
v 3.45128 0.28 0.653707
v 3.46605 0.28 0.644578
v 3.48041 0.28 0.634653
v 3.4943 0.28 0.62396
v 3.50765 0.28 0.612534
v 3.52042 0.28 0.600416
v 3.53253 0.28 0.587655
v 3.54396 0.28 0.574301
v 3.55465 0.28 0.560413
v 3.56458 0.28 0.546051
v 3.57371 0.28 0.531278
v 3.58202 0.28 0.51616
v 3.58949 0.28 0.500763
v 3.59613 0.28 0.485152
v 3.60192 0.28 0.469395
v 3.60688 0.28 0.453554
v 3.61432 0.28 0.421867
v 3.61862 0.28 0.390551
v 3.62 0.28 0.36
v 3.61862 0.28 0.329449
v 3.61432 0.28 0.298133
v 3.60688 0.28 0.266446
v 3.60192 0.28 0.250605
v 3.59613 0.28 0.234848
v 3.58949 0.28 0.219237
v 3.58202 0.28 0.20384
v 3.57371 0.28 0.188722
v 3.56458 0.28 0.173949
v 3.55465 0.28 0.159587
v 3.54396 0.28 0.145699
v 3.53253 0.28 0.132345
v 3.52042 0.28 0.119584
v 3.50765 0.28 0.107466
v 3.4943 0.28 0.0960399
v 3.48041 0.28 0.0853466
v 3.46605 0.28 0.0754215
v 3.45128 0.28 0.0662932
v 3.43616 0.28 0.0579834
v 3.42076 0.28 0.050507
v 3.40515 0.28 0.043872
v 3.38939 0.28 0.0380795
v 3.37355 0.28 0.0331244
v 3.34187 0.28 0.0256762
v 3.31055 0.28 0.0213753
v 3.28 0.28 0.02
v 3.24945 0.28 0.0213753
v 3.21813 0.28 0.0256762
v 3.18645 0.28 0.0331244
v 3.17061 0.28 0.0380795
v 3.15485 0.28 0.043872
v 3.13924 0.28 0.050507
v 3.12384 0.28 0.0579834
v 3.10872 0.28 0.0662932
v 3.09395 0.28 0.0754215
v 3.07959 0.28 0.0853466
v 3.0657 0.28 0.0960399
v 3.05235 0.28 0.107466
v 3.03958 0.28 0.119584
v 3.02747 0.28 0.132345
v 3.01604 0.28 0.145699
v 3.00535 0.28 0.159587
v 2.99542 0.28 0.173949
v 2.98629 0.28 0.188722
v 2.97798 0.28 0.20384
v 2.97051 0.28 0.219237
v 2.96387 0.28 0.234848
v 2.95808 0.28 0.250605
v 2.95312 0.28 0.266446
v 2.94568 0.28 0.298133
v 2.94138 0.28 0.329449
vn -1 0 0
vn -0.995955 0 0.0898544
vn -0.983305 0 0.181963
vn -0.961399 0 0.275158
vn -0.929788 0 0.368095
vn -0.888284 0 0.459295
vn -0.836996 0 0.54721
vn -0.776353 0 0.630298
vn -0.707107 0 0.707107
vn -0.630298 0 0.776353
vn -0.54721 0 0.836996
vn -0.459295 0 0.888284
vn -0.368095 0 0.929788
vn -0.275158 0 0.961399
vn -0.181963 0 0.983305
vn -0.0898544 0 0.995955
vn -0 0 1
vn 0.0898544 -0 0.995955
vn 0.181963 -0 0.983305
vn 0.275158 -0 0.961399
vn 0.368095 -0 0.929788
vn 0.459295 -0 0.888284
vn 0.54721 -0 0.836996
vn 0.630298 -0 0.776353
vn 0.707107 -0 0.707107
vn 0.776353 -0 0.630298
vn 0.836996 -0 0.54721
vn 0.888284 -0 0.459295
vn 0.929788 -0 0.368095
vn 0.961399 -0 0.275158
vn 0.983305 -0 0.181963
vn 0.995955 -0 0.0898544
vn 1 -0 0
vn 0.995955 0 -0.0898544
vn 0.983305 0 -0.181963
vn 0.961399 0 -0.275158
vn 0.929788 0 -0.368095
vn 0.888284 0 -0.459295
vn 0.836996 0 -0.54721
vn 0.776353 0 -0.630298
vn 0.707107 0 -0.707107
vn 0.630298 0 -0.776353
vn 0.54721 0 -0.836996
vn 0.459295 0 -0.888284
vn 0.368095 0 -0.929788
vn 0.275158 0 -0.961399
vn 0.181963 0 -0.983305
vn 0.0898544 0 -0.995955
vn 1.65956e-16 0 -1
vn -0.0898544 0 -0.995955
vn -0.181963 0 -0.983305
vn -0.275158 0 -0.961399
vn -0.368095 0 -0.929788
vn -0.459295 0 -0.888284
vn -0.54721 0 -0.836996
vn -0.630298 0 -0.776353
vn -0.707107 0 -0.707107
vn -0.776353 0 -0.630298
vn -0.836996 0 -0.54721
vn -0.888284 0 -0.459295
vn -0.929788 0 -0.368095
vn -0.961399 0 -0.275158
vn -0.983305 0 -0.181963
vn -0.995955 0 -0.0898544
vn -1 0 0
vn -1 0 4.61792e-16
vn -0.995955 0 0.0898544
vn -0.983305 0 0.181963
vn -0.961399 0 0.275158
vn -0.929788 0 0.368095
vn -0.888284 0 0.459295
vn -0.836996 0 0.54721
vn -0.776353 0 0.630298
vn -0.707107 0 0.707107
vn -0.630298 0 0.776353
vn -0.54721 0 0.836996
vn -0.459295 0 0.888284
vn -0.368095 0 0.929788
vn -0.275158 0 0.961399
vn -0.181963 0 0.983305
vn -0.0898544 0 0.995955
vn -1.15448e-16 0 1
vn 0.0898544 -0 0.995955
vn 0.181963 -0 0.983305
vn 0.275158 -0 0.961399
vn 0.368095 -0 0.929788
vn 0.459295 -0 0.888284
vn 0.54721 -0 0.836996
vn 0.630298 -0 0.776353
vn 0.707107 -0 0.707107
vn 0.776353 -0 0.630298
vn 0.836996 -0 0.54721
vn 0.888284 -0 0.459295
vn 0.929788 -0 0.368095
vn 0.961399 -0 0.275158
vn 0.983305 -0 0.181963
vn 0.995955 -0 0.0898544
vn 1 -0 9.23584e-16
vn 0.995955 0 -0.0898544
vn 0.983305 0 -0.181963
vn 0.961399 0 -0.275158
vn 0.929788 0 -0.368095
vn 0.888284 0 -0.459295
vn 0.836996 0 -0.54721
vn 0.776353 0 -0.630298
vn 0.707107 0 -0.707107
vn 0.630298 0 -0.776353
vn 0.54721 0 -0.836996
vn 0.459295 0 -0.888284
vn 0.368095 0 -0.929788
vn 0.275158 0 -0.961399
vn 0.181963 0 -0.983305
vn 0.0898544 0 -0.995955
vn 1.58741e-16 0 -1
vn -0.0898544 0 -0.995955
vn -0.181963 0 -0.983305
vn -0.275158 0 -0.961399
vn -0.368095 0 -0.929788
vn -0.459295 0 -0.888284
vn -0.54721 0 -0.836996
vn -0.630298 0 -0.776353
vn -0.707107 0 -0.707107
vn -0.776353 0 -0.630298
vn -0.836996 0 -0.54721
vn -0.888284 0 -0.459295
vn -0.929788 0 -0.368095
vn -0.961399 0 -0.275158
vn -0.983305 0 -0.181963
vn -0.995955 0 -0.0898544
vn -1 0 0
vn -1 0 0
vn -0.995955 0 0.0898544
vn -0.983305 0 0.181963
vn -0.961399 0 0.275158
vn -0.929788 0 0.368095
vn -0.888284 0 0.459295
vn -0.836996 0 0.54721
vn -0.776353 0 0.630298
vn -0.707107 0 0.707107
vn -0.630298 0 0.776353
vn -0.54721 0 0.836996
vn -0.459295 0 0.888284
vn -0.368095 0 0.929788
vn -0.275158 0 0.961399
vn -0.181963 0 0.983305
vn -0.0898544 0 0.995955
vn 0 0 1
vn 0.0898544 -0 0.995955
vn 0.181963 -0 0.983305
vn 0.275158 -0 0.961399
vn 0.368095 -0 0.929788
vn 0.459295 -0 0.888284
vn 0.54721 -0 0.836996
vn 0.630298 -0 0.776353
vn 0.707107 -0 0.707107
vn 0.776353 -0 0.630298
vn 0.836996 -0 0.54721
vn 0.888284 -0 0.459295
vn 0.929788 -0 0.368095
vn 0.961399 -0 0.275158
vn 0.983305 -0 0.181963
vn 0.995955 -0 0.0898544
vn 1 -0 0
vn 0.995955 0 -0.0898544
vn 0.983305 0 -0.181963
vn 0.961399 0 -0.275158
vn 0.929788 0 -0.368095
vn 0.888284 0 -0.459295
vn 0.836996 0 -0.54721
vn 0.776353 0 -0.630298
vn 0.707107 0 -0.707107
vn 0.630298 0 -0.776353
vn 0.54721 0 -0.836996
vn 0.459295 0 -0.888284
vn 0.368095 0 -0.929788
vn 0.275158 0 -0.961399
vn 0.181963 0 -0.983305
vn 0.0898544 0 -0.995955
vn 1.65956e-16 0 -1
vn -0.0898544 0 -0.995955
vn -0.181963 0 -0.983305
vn -0.275158 0 -0.961399
vn -0.368095 0 -0.929788
vn -0.459295 0 -0.888284
vn -0.54721 0 -0.836996
vn -0.630298 0 -0.776353
vn -0.707107 0 -0.707107
vn -0.776353 0 -0.630298
vn -0.836996 0 -0.54721
vn -0.888284 0 -0.459295
vn -0.929788 0 -0.368095
vn -0.961399 0 -0.275158
vn -0.983305 0 -0.181963
vn -0.995955 0 -0.0898544
vn -1 0 0
vn 2.22045e-18 -1 0
vn 0 -1 0
vn 1.73472e-18 -1 0
vn 4.85723e-19 -1 0
vn 1.11022e-18 -1 0
vn 4.85723e-19 -1 0
vn -6.245e-19 -1 0
vn -2.42861e-19 -1 0
vn 1.35308e-18 -1 0
vn 1.35308e-18 -1 0
vn 2.22045e-18 -1 0
vn -1.97758e-18 -1 0
vn 2.22045e-18 -1 0
vn -7.97973e-19 -1 0
vn 1.97758e-18 -1 0
vn -8.67362e-19 -1 0
vn -2.96638e-18 -1 0
vn -1.11022e-18 -1 0
vn -7.45931e-19 -1 0
vn -8.67362e-19 -1 0
vn -8.67362e-20 -1 0
vn -2.77556e-19 -1 0
vn -3.64292e-19 -1 0
vn 4.68375e-19 -1 0
vn -2.47198e-18 -1 0
vn -2.60209e-20 -1 0
vn -6.15827e-19 -1 0
vn -1.21431e-19 -1 0
vn 9.02056e-19 -1 0
vn 4.33681e-19 -1 0
vn -4.94396e-19 -1 0
vn -1.9082e-19 -1 0
vn -1.56125e-19 -1 0
vn -7.45931e-19 -1 0
vn -1.66533e-18 -1 0
vn 2.5327e-18 -1 0
vn 4.85723e-19 -1 0
vn 2.84495e-18 -1 0
vn 5.55112e-19 -1 0
vn 2.5327e-18 -1 0
vn 1.11022e-18 -1 0
vn 1.35308e-18 -1 0
vn -2.42861e-19 -1 0
vn 0 -1 0
vn -8.67362e-19 -1 0
vn -2.84495e-18 -1 0
vn -1.11022e-18 -1 0
vn -3.95517e-18 -1 0
vn -1.11022e-18 -1 0
vn 2.22045e-18 -1 0
vn 4.85723e-19 -1 0
vn 0 -1 0
vn 0 -1 0
vn 2.22045e-18 -1 0
vn 4.85723e-19 -1 0
vn 0 -1 0
vn 2.22045e-18 -1 0
vn -3.46945e-18 -1 0
vn 2.22045e-18 -1 0
vn -3.46945e-18 -1 0
vn 2.22045e-18 -1 0
vn 0 -1 0
vn 0 -1 0
vn 9.71445e-19 -1 0
vn 0 -1 0
vn 0 -1 0
vn 0 -1 0
vn 0 -1 0
vn 0 -1 0
vn 0 -1 0
vn 0 -1 0
vn 0 -1 0
vn 0 -1 0
vn 0 -1 0
vn -3.46945e-18 -1 0
vn 0 -1 0
vn 0 -1 0
vn 0 -1 0
vn 0 -1 0
vn 0 -1 0
vn 0 -1 0
vn 0 -1 0
vn 0 -1 0
vn 0 -1 0
vn 0 -1 0
vn 0 -1 0
vn 0 -1 0
vn 0 -1 0
vn 0 -1 0
vn 0 -1 0
vn 0 -1 0
vn 0 -1 0
vn 0 -1 0
vn 0 -1 0
vn 0 -1 0
vn 0 -1 0
vn 0 -1 0
vn 0 -1 0
vn 3.46945e-18 -1 0
vn 2.22045e-18 -1 0
vn 0 -1 0
vn 2.22045e-18 -1 0
vn 1.73472e-18 -1 0
vn 0 -1 0
vn 0 1 -0
vn 0 1 -0
vn 0 1 -0
vn -2.77556e-17 1 0
vn 0 1 -0
vn -3.33067e-18 1 0
vn 0 1 -0
vn 0 1 -0
vn -3.10862e-17 1 0
vn 0 1 -0
vn 0 1 -0
vn 0 1 -0
vn 0 1 -0
vn 0 1 -0
vn 0 1 -0
vn 0 1 -0
vn 0 1 -0
vn 0 1 -0
vn 0 1 -0
vn 0 1 -0
vn 0 1 -0
vn 0 1 -0
vn 0 1 -0
vn 0 1 -0
vn 0 1 -0
vn 0 1 -0
vn 0 1 -0
vn 0 1 -0
vn 0 1 -0
vn 0 1 -0
vn 0 1 -0
vn 0 1 -0
vn 0 1 -0
vn 0 1 -0
vn 0 1 -0
vn 0 1 -0
vn 0 1 -0
vn 0 1 -0
vn 0 1 -0
vn 0 1 -0
vn 0 1 -0
vn 0 1 -0
vn 0 1 -0
vn 0 1 -0
vn 0 1 -0
vn 0 1 -0
vn -3.10862e-17 1 0
vn 0 1 -0
vn -3.33067e-18 1 0
vn -2.77556e-17 1 0
vn -3.33067e-18 1 0
vn 0 1 -0
vn 0 1 -0
vn 0 1 -0
vn 0 1 -0
vn -2.77556e-17 1 0
vn 0 1 -0
vn 1.38778e-17 1 -0
vn 1.38778e-17 1 -0
vn 4.32987e-17 1 -0
vn -1.38778e-17 1 0
vn 2.94209e-17 1 -0
vn 1.66533e-18 1 -0
vn -4.4964e-17 1 0
vn -1.66533e-18 1 0
vn 1.72085e-17 1 -0
vn -1.66533e-18 1 0
vn 3.33067e-18 1 -0
vn -2.85882e-17 1 0
vn -4.41314e-17 1 0
vn 2.498e-18 1 -0
vn -8.32667e-19 1 0
vn 1.30451e-17 1 -0
vn -4.32987e-17 1 0
vn 2.85882e-17 1 -0
vn -2.47025e-17 1 0
vn -5.68989e-18 1 0
vn 8.32667e-19 1 -0
vn 3.59435e-17 1 -0
vn 1.66533e-18 1 -0
vn -5.27356e-18 1 0
vn 3.2474e-17 1 -0
vn 3.06699e-17 1 -0
vn 1.08247e-17 1 -0
vn 1.249e-17 1 -0
vn 1.66533e-18 1 -0
vn -7.77156e-18 1 0
vn 8.60423e-18 1 -0
vn 2.16493e-17 1 -0
vn -5.27356e-18 1 0
vn -8.60423e-18 1 0
vn 9.4369e-18 1 -0
vn -1.38778e-17 1 0
vn 1.55431e-17 1 -0
vn 4.4964e-17 1 -0
vn 3.10862e-17 1 -0
vn -2.77556e-17 1 0
vn 4.32987e-17 1 -0
vn 1.55431e-17 1 -0
vn 1.66533e-18 1 -0
vn -3.33067e-18 1 0
vn -3.10862e-17 1 0
vn -3.33067e-18 1 0
vn 0 1 -0
g WRL_rubber
usemtl rubber
f 1986//1986 1987//1987 2052//2052
f 1986//1986 2052//2052 2051//2051
f 1987//1987 1988//1988 2053//2053
f 1987//1987 2053//2053 2052//2052
f 1988//1988 1989//1989 2054//2054
f 1988//1988 2054//2054 2053//2053
f 1989//1989 1990//1990 2055//2055
f 1989//1989 2055//2055 2054//2054
f 1990//1990 1991//1991 2056//2056
f 1990//1990 2056//2056 2055//2055
f 1991//1991 1992//1992 2057//2057
f 1991//1991 2057//2057 2056//2056
f 1992//1992 1993//1993 2058//2058
f 1992//1992 2058//2058 2057//2057
f 1993//1993 1994//1994 2059//2059
f 1993//1993 2059//2059 2058//2058
f 1994//1994 1995//1995 2060//2060
f 1994//1994 2060//2060 2059//2059
f 1995//1995 1996//1996 2061//2061
f 1995//1995 2061//2061 2060//2060
f 1996//1996 1997//1997 2062//2062
f 1996//1996 2062//2062 2061//2061
f 1997//1997 1998//1998 2063//2063
f 1997//1997 2063//2063 2062//2062
f 1998//1998 1999//1999 2064//2064
f 1998//1998 2064//2064 2063//2063
f 1999//1999 2000//2000 2065//2065
f 1999//1999 2065//2065 2064//2064
f 2000//2000 2001//2001 2066//2066
f 2000//2000 2066//2066 2065//2065
f 2001//2001 2002//2002 2067//2067
f 2001//2001 2067//2067 2066//2066
f 2002//2002 2003//2003 2068//2068
f 2002//2002 2068//2068 2067//2067
f 2003//2003 2004//2004 2069//2069
f 2003//2003 2069//2069 2068//2068
f 2004//2004 2005//2005 2070//2070
f 2004//2004 2070//2070 2069//2069
f 2005//2005 2006//2006 2071//2071
f 2005//2005 2071//2071 2070//2070
f 2006//2006 2007//2007 2072//2072
f 2006//2006 2072//2072 2071//2071
f 2007//2007 2008//2008 2073//2073
f 2007//2007 2073//2073 2072//2072
f 2008//2008 2009//2009 2074//2074
f 2008//2008 2074//2074 2073//2073
f 2009//2009 2010//2010 2075//2075
f 2009//2009 2075//2075 2074//2074
f 2010//2010 2011//2011 2076//2076
f 2010//2010 2076//2076 2075//2075
f 2011//2011 2012//2012 2077//2077
f 2011//2011 2077//2077 2076//2076
f 2012//2012 2013//2013 2078//2078
f 2012//2012 2078//2078 2077//2077
f 2013//2013 2014//2014 2079//2079
f 2013//2013 2079//2079 2078//2078
f 2014//2014 2015//2015 2080//2080
f 2014//2014 2080//2080 2079//2079
f 2015//2015 2016//2016 2081//2081
f 2015//2015 2081//2081 2080//2080
f 2016//2016 2017//2017 2082//2082
f 2016//2016 2082//2082 2081//2081
f 2017//2017 2018//2018 2083//2083
f 2017//2017 2083//2083 2082//2082
f 2018//2018 2019//2019 2084//2084
f 2018//2018 2084//2084 2083//2083
f 2019//2019 2020//2020 2085//2085
f 2019//2019 2085//2085 2084//2084
f 2020//2020 2021//2021 2086//2086
f 2020//2020 2086//2086 2085//2085
f 2021//2021 2022//2022 2087//2087
f 2021//2021 2087//2087 2086//2086
f 2022//2022 2023//2023 2088//2088
f 2022//2022 2088//2088 2087//2087
f 2023//2023 2024//2024 2089//2089
f 2023//2023 2089//2089 2088//2088
f 2024//2024 2025//2025 2090//2090
f 2024//2024 2090//2090 2089//2089
f 2025//2025 2026//2026 2091//2091
f 2025//2025 2091//2091 2090//2090
f 2026//2026 2027//2027 2092//2092
f 2026//2026 2092//2092 2091//2091
f 2027//2027 2028//2028 2093//2093
f 2027//2027 2093//2093 2092//2092
f 2028//2028 2029//2029 2094//2094
f 2028//2028 2094//2094 2093//2093
f 2029//2029 2030//2030 2095//2095
f 2029//2029 2095//2095 2094//2094
f 2030//2030 2031//2031 2096//2096
f 2030//2030 2096//2096 2095//2095
f 2031//2031 2032//2032 2097//2097
f 2031//2031 2097//2097 2096//2096
f 2032//2032 2033//2033 2098//2098
f 2032//2032 2098//2098 2097//2097
f 2033//2033 2034//2034 2099//2099
f 2033//2033 2099//2099 2098//2098
f 2034//2034 2035//2035 2100//2100
f 2034//2034 2100//2100 2099//2099
f 2035//2035 2036//2036 2101//2101
f 2035//2035 2101//2101 2100//2100
f 2036//2036 2037//2037 2102//2102
f 2036//2036 2102//2102 2101//2101
f 2037//2037 2038//2038 2103//2103
f 2037//2037 2103//2103 2102//2102
f 2038//2038 2039//2039 2104//2104
f 2038//2038 2104//2104 2103//2103
f 2039//2039 2040//2040 2105//2105
f 2039//2039 2105//2105 2104//2104
f 2040//2040 2041//2041 2106//2106
f 2040//2040 2106//2106 2105//2105
f 2041//2041 2042//2042 2107//2107
f 2041//2041 2107//2107 2106//2106
f 2042//2042 2043//2043 2108//2108
f 2042//2042 2108//2108 2107//2107
f 2043//2043 2044//2044 2109//2109
f 2043//2043 2109//2109 2108//2108
f 2044//2044 2045//2045 2110//2110
f 2044//2044 2110//2110 2109//2109
f 2045//2045 2046//2046 2111//2111
f 2045//2045 2111//2111 2110//2110
f 2046//2046 2047//2047 2112//2112
f 2046//2046 2112//2112 2111//2111
f 2047//2047 2048//2048 2113//2113
f 2047//2047 2113//2113 2112//2112
f 2048//2048 2049//2049 2114//2114
f 2048//2048 2114//2114 2113//2113
f 2049//2049 2050//2050 2115//2115
f 2049//2049 2115//2115 2114//2114
f 2051//2051 2052//2052 2117//2117
f 2051//2051 2117//2117 2116//2116
f 2052//2052 2053//2053 2118//2118
f 2052//2052 2118//2118 2117//2117
f 2053//2053 2054//2054 2119//2119
f 2053//2053 2119//2119 2118//2118
f 2054//2054 2055//2055 2120//2120
f 2054//2054 2120//2120 2119//2119
f 2055//2055 2056//2056 2121//2121
f 2055//2055 2121//2121 2120//2120
f 2056//2056 2057//2057 2122//2122
f 2056//2056 2122//2122 2121//2121
f 2057//2057 2058//2058 2123//2123
f 2057//2057 2123//2123 2122//2122
f 2058//2058 2059//2059 2124//2124
f 2058//2058 2124//2124 2123//2123
f 2059//2059 2060//2060 2125//2125
f 2059//2059 2125//2125 2124//2124
f 2060//2060 2061//2061 2126//2126
f 2060//2060 2126//2126 2125//2125
f 2061//2061 2062//2062 2127//2127
f 2061//2061 2127//2127 2126//2126
f 2062//2062 2063//2063 2128//2128
f 2062//2062 2128//2128 2127//2127
f 2063//2063 2064//2064 2129//2129
f 2063//2063 2129//2129 2128//2128
f 2064//2064 2065//2065 2130//2130
f 2064//2064 2130//2130 2129//2129
f 2065//2065 2066//2066 2131//2131
f 2065//2065 2131//2131 2130//2130
f 2066//2066 2067//2067 2132//2132
f 2066//2066 2132//2132 2131//2131
f 2067//2067 2068//2068 2133//2133
f 2067//2067 2133//2133 2132//2132
f 2068//2068 2069//2069 2134//2134
f 2068//2068 2134//2134 2133//2133
f 2069//2069 2070//2070 2135//2135
f 2069//2069 2135//2135 2134//2134
f 2070//2070 2071//2071 2136//2136
f 2070//2070 2136//2136 2135//2135
f 2071//2071 2072//2072 2137//2137
f 2071//2071 2137//2137 2136//2136
f 2072//2072 2073//2073 2138//2138
f 2072//2072 2138//2138 2137//2137
f 2073//2073 2074//2074 2139//2139
f 2073//2073 2139//2139 2138//2138
f 2074//2074 2075//2075 2140//2140
f 2074//2074 2140//2140 2139//2139
f 2075//2075 2076//2076 2141//2141
f 2075//2075 2141//2141 2140//2140
f 2076//2076 2077//2077 2142//2142
f 2076//2076 2142//2142 2141//2141
f 2077//2077 2078//2078 2143//2143
f 2077//2077 2143//2143 2142//2142
f 2078//2078 2079//2079 2144//2144
f 2078//2078 2144//2144 2143//2143
f 2079//2079 2080//2080 2145//2145
f 2079//2079 2145//2145 2144//2144
f 2080//2080 2081//2081 2146//2146
f 2080//2080 2146//2146 2145//2145
f 2081//2081 2082//2082 2147//2147
f 2081//2081 2147//2147 2146//2146
f 2082//2082 2083//2083 2148//2148
f 2082//2082 2148//2148 2147//2147
f 2083//2083 2084//2084 2149//2149
f 2083//2083 2149//2149 2148//2148
f 2084//2084 2085//2085 2150//2150
f 2084//2084 2150//2150 2149//2149
f 2085//2085 2086//2086 2151//2151
f 2085//2085 2151//2151 2150//2150
f 2086//2086 2087//2087 2152//2152
f 2086//2086 2152//2152 2151//2151
f 2087//2087 2088//2088 2153//2153
f 2087//2087 2153//2153 2152//2152
f 2088//2088 2089//2089 2154//2154
f 2088//2088 2154//2154 2153//2153
f 2089//2089 2090//2090 2155//2155
f 2089//2089 2155//2155 2154//2154
f 2090//2090 2091//2091 2156//2156
f 2090//2090 2156//2156 2155//2155
f 2091//2091 2092//2092 2157//2157
f 2091//2091 2157//2157 2156//2156
f 2092//2092 2093//2093 2158//2158
f 2092//2092 2158//2158 2157//2157
f 2093//2093 2094//2094 2159//2159
f 2093//2093 2159//2159 2158//2158
f 2094//2094 2095//2095 2160//2160
f 2094//2094 2160//2160 2159//2159
f 2095//2095 2096//2096 2161//2161
f 2095//2095 2161//2161 2160//2160
f 2096//2096 2097//2097 2162//2162
f 2096//2096 2162//2162 2161//2161
f 2097//2097 2098//2098 2163//2163
f 2097//2097 2163//2163 2162//2162
f 2098//2098 2099//2099 2164//2164
f 2098//2098 2164//2164 2163//2163
f 2099//2099 2100//2100 2165//2165
f 2099//2099 2165//2165 2164//2164
f 2100//2100 2101//2101 2166//2166
f 2100//2100 2166//2166 2165//2165
f 2101//2101 2102//2102 2167//2167
f 2101//2101 2167//2167 2166//2166
f 2102//2102 2103//2103 2168//2168
f 2102//2102 2168//2168 2167//2167
f 2103//2103 2104//2104 2169//2169
f 2103//2103 2169//2169 2168//2168
f 2104//2104 2105//2105 2170//2170
f 2104//2104 2170//2170 2169//2169
f 2105//2105 2106//2106 2171//2171
f 2105//2105 2171//2171 2170//2170
f 2106//2106 2107//2107 2172//2172
f 2106//2106 2172//2172 2171//2171
f 2107//2107 2108//2108 2173//2173
f 2107//2107 2173//2173 2172//2172
f 2108//2108 2109//2109 2174//2174
f 2108//2108 2174//2174 2173//2173
f 2109//2109 2110//2110 2175//2175
f 2109//2109 2175//2175 2174//2174
f 2110//2110 2111//2111 2176//2176
f 2110//2110 2176//2176 2175//2175
f 2111//2111 2112//2112 2177//2177
f 2111//2111 2177//2177 2176//2176
f 2112//2112 2113//2113 2178//2178
f 2112//2112 2178//2178 2177//2177
f 2113//2113 2114//2114 2179//2179
f 2113//2113 2179//2179 2178//2178
f 2114//2114 2115//2115 2180//2180
f 2114//2114 2180//2180 2179//2179
f 2284//2284 2181//2181 2182//2182
f 2284//2284 2182//2182 2183//2183
f 2284//2284 2183//2183 2184//2184
f 2284//2284 2184//2184 2185//2185
f 2284//2284 2185//2185 2186//2186
f 2284//2284 2186//2186 2187//2187
f 2284//2284 2187//2187 2188//2188
f 2284//2284 2188//2188 2189//2189
f 2284//2284 2189//2189 2190//2190
f 2284//2284 2190//2190 2191//2191
f 2284//2284 2191//2191 2192//2192
f 2284//2284 2192//2192 2193//2193
f 2284//2284 2193//2193 2194//2194
f 2284//2284 2194//2194 2195//2195
f 2284//2284 2195//2195 2196//2196
f 2284//2284 2196//2196 2197//2197
f 2284//2284 2197//2197 2198//2198
f 2284//2284 2198//2198 2199//2199
f 2284//2284 2199//2199 2200//2200
f 2284//2284 2200//2200 2201//2201
f 2284//2284 2201//2201 2202//2202
f 2284//2284 2202//2202 2203//2203
f 2284//2284 2203//2203 2204//2204
f 2284//2284 2204//2204 2205//2205
f 2284//2284 2205//2205 2206//2206
f 2284//2284 2206//2206 2207//2207
f 2284//2284 2207//2207 2208//2208
f 2284//2284 2208//2208 2209//2209
f 2284//2284 2209//2209 2210//2210
f 2284//2284 2210//2210 2211//2211
f 2284//2284 2211//2211 2212//2212
f 2284//2284 2212//2212 2213//2213
f 2284//2284 2213//2213 2214//2214
f 2284//2284 2214//2214 2215//2215
f 2284//2284 2215//2215 2216//2216
f 2284//2284 2216//2216 2217//2217
f 2284//2284 2217//2217 2218//2218
f 2284//2284 2218//2218 2219//2219
f 2284//2284 2219//2219 2220//2220
f 2284//2284 2220//2220 2221//2221
f 2284//2284 2221//2221 2222//2222
f 2284//2284 2222//2222 2223//2223
f 2284//2284 2223//2223 2224//2224
f 2284//2284 2224//2224 2225//2225
f 2284//2284 2225//2225 2226//2226
f 2284//2284 2226//2226 2227//2227
f 2284//2284 2227//2227 2228//2228
f 2284//2284 2228//2228 2229//2229
f 2284//2284 2229//2229 2230//2230
f 2284//2284 2230//2230 2231//2231
f 2284//2284 2231//2231 2232//2232
f 2284//2284 2232//2232 2233//2233
f 2284//2284 2233//2233 2234//2234
f 2284//2284 2234//2234 2235//2235
f 2284//2284 2235//2235 2236//2236
f 2284//2284 2236//2236 2237//2237
f 2284//2284 2237//2237 2238//2238
f 2284//2284 2238//2238 2239//2239
f 2284//2284 2239//2239 2240//2240
f 2284//2284 2240//2240 2241//2241
f 2284//2284 2241//2241 2242//2242
f 2284//2284 2242//2242 2243//2243
f 2284//2284 2243//2243 2244//2244
f 2284//2284 2244//2244 2245//2245
f 2284//2284 2245//2245 2246//2246
f 2284//2284 2246//2246 2247//2247
f 2284//2284 2247//2247 2248//2248
f 2284//2284 2248//2248 2249//2249
f 2284//2284 2249//2249 2250//2250
f 2284//2284 2250//2250 2251//2251
f 2284//2284 2251//2251 2252//2252
f 2284//2284 2252//2252 2253//2253
f 2284//2284 2253//2253 2254//2254
f 2284//2284 2254//2254 2255//2255
f 2284//2284 2255//2255 2256//2256
f 2284//2284 2256//2256 2257//2257
f 2284//2284 2257//2257 2258//2258
f 2284//2284 2258//2258 2259//2259
f 2284//2284 2259//2259 2260//2260
f 2284//2284 2260//2260 2261//2261
f 2284//2284 2261//2261 2262//2262
f 2284//2284 2262//2262 2263//2263
f 2284//2284 2263//2263 2264//2264
f 2284//2284 2264//2264 2265//2265
f 2284//2284 2265//2265 2266//2266
f 2284//2284 2266//2266 2267//2267
f 2284//2284 2267//2267 2268//2268
f 2284//2284 2268//2268 2269//2269
f 2284//2284 2269//2269 2270//2270
f 2284//2284 2270//2270 2271//2271
f 2284//2284 2271//2271 2272//2272
f 2284//2284 2272//2272 2273//2273
f 2284//2284 2273//2273 2274//2274
f 2284//2284 2274//2274 2275//2275
f 2284//2284 2275//2275 2276//2276
f 2284//2284 2276//2276 2277//2277
f 2284//2284 2277//2277 2278//2278
f 2284//2284 2278//2278 2279//2279
f 2284//2284 2279//2279 2280//2280
f 2284//2284 2280//2280 2281//2281
f 2284//2284 2281//2281 2282//2282
f 2282//2282 2283//2283 2284//2284
f 2388//2388 2285//2285 2286//2286
f 2388//2388 2286//2286 2287//2287
f 2388//2388 2287//2287 2288//2288
f 2388//2388 2288//2288 2289//2289
f 2388//2388 2289//2289 2290//2290
f 2388//2388 2290//2290 2291//2291
f 2388//2388 2291//2291 2292//2292
f 2388//2388 2292//2292 2293//2293
f 2388//2388 2293//2293 2294//2294
f 2388//2388 2294//2294 2295//2295
f 2388//2388 2295//2295 2296//2296
f 2388//2388 2296//2296 2297//2297
f 2388//2388 2297//2297 2298//2298
f 2388//2388 2298//2298 2299//2299
f 2388//2388 2299//2299 2300//2300
f 2388//2388 2300//2300 2301//2301
f 2388//2388 2301//2301 2302//2302
f 2388//2388 2302//2302 2303//2303
f 2388//2388 2303//2303 2304//2304
f 2388//2388 2304//2304 2305//2305
f 2388//2388 2305//2305 2306//2306
f 2388//2388 2306//2306 2307//2307
f 2388//2388 2307//2307 2308//2308
f 2388//2388 2308//2308 2309//2309
f 2388//2388 2309//2309 2310//2310
f 2388//2388 2310//2310 2311//2311
f 2388//2388 2311//2311 2312//2312
f 2388//2388 2312//2312 2313//2313
f 2388//2388 2313//2313 2314//2314
f 2388//2388 2314//2314 2315//2315
f 2388//2388 2315//2315 2316//2316
f 2388//2388 2316//2316 2317//2317
f 2388//2388 2317//2317 2318//2318
f 2388//2388 2318//2318 2319//2319
f 2388//2388 2319//2319 2320//2320
f 2388//2388 2320//2320 2321//2321
f 2388//2388 2321//2321 2322//2322
f 2388//2388 2322//2322 2323//2323
f 2388//2388 2323//2323 2324//2324
f 2388//2388 2324//2324 2325//2325
f 2388//2388 2325//2325 2326//2326
f 2388//2388 2326//2326 2327//2327
f 2388//2388 2327//2327 2328//2328
f 2388//2388 2328//2328 2329//2329
f 2388//2388 2329//2329 2330//2330
f 2388//2388 2330//2330 2331//2331
f 2388//2388 2331//2331 2332//2332
f 2388//2388 2332//2332 2333//2333
f 2388//2388 2333//2333 2334//2334
f 2388//2388 2334//2334 2335//2335
f 2388//2388 2335//2335 2336//2336
f 2388//2388 2336//2336 2337//2337
f 2388//2388 2337//2337 2338//2338
f 2388//2388 2338//2338 2339//2339
f 2388//2388 2339//2339 2340//2340
f 2388//2388 2340//2340 2341//2341
f 2388//2388 2341//2341 2342//2342
f 2388//2388 2342//2342 2343//2343
f 2388//2388 2343//2343 2344//2344
f 2388//2388 2344//2344 2345//2345
f 2388//2388 2345//2345 2346//2346
f 2388//2388 2346//2346 2347//2347
f 2388//2388 2347//2347 2348//2348
f 2388//2388 2348//2348 2349//2349
f 2388//2388 2349//2349 2350//2350
f 2388//2388 2350//2350 2351//2351
f 2388//2388 2351//2351 2352//2352
f 2388//2388 2352//2352 2353//2353
f 2388//2388 2353//2353 2354//2354
f 2388//2388 2354//2354 2355//2355
f 2388//2388 2355//2355 2356//2356
f 2388//2388 2356//2356 2357//2357
f 2388//2388 2357//2357 2358//2358
f 2388//2388 2358//2358 2359//2359
f 2388//2388 2359//2359 2360//2360
f 2388//2388 2360//2360 2361//2361
f 2388//2388 2361//2361 2362//2362
f 2388//2388 2362//2362 2363//2363
f 2388//2388 2363//2363 2364//2364
f 2388//2388 2364//2364 2365//2365
f 2388//2388 2365//2365 2366//2366
f 2388//2388 2366//2366 2367//2367
f 2388//2388 2367//2367 2368//2368
f 2388//2388 2368//2368 2369//2369
f 2388//2388 2369//2369 2370//2370
f 2388//2388 2370//2370 2371//2371
f 2388//2388 2371//2371 2372//2372
f 2388//2388 2372//2372 2373//2373
f 2388//2388 2373//2373 2374//2374
f 2388//2388 2374//2374 2375//2375
f 2388//2388 2375//2375 2376//2376
f 2388//2388 2376//2376 2377//2377
f 2388//2388 2377//2377 2378//2378
f 2388//2388 2378//2378 2379//2379
f 2388//2388 2379//2379 2380//2380
f 2388//2388 2380//2380 2381//2381
f 2388//2388 2381//2381 2382//2382
f 2388//2388 2382//2382 2383//2383
f 2388//2388 2383//2383 2384//2384
f 2388//2388 2384//2384 2385//2385
f 2388//2388 2385//2385 2386//2386
f 2386//2386 2387//2387 2388//2388
o WRR
v 2.94 1.62 0.36
v 2.94138 1.62 0.390551
v 2.94568 1.62 0.421867
v 2.95312 1.62 0.453554
v 2.96387 1.62 0.485152
v 2.97798 1.62 0.51616
v 2.99542 1.62 0.546051
v 3.01604 1.62 0.574301
v 3.03958 1.62 0.600416
v 3.0657 1.62 0.62396
v 3.09395 1.62 0.644578
v 3.12384 1.62 0.662017
v 3.15485 1.62 0.676128
v 3.18645 1.62 0.686876
v 3.21813 1.62 0.694324
v 3.24945 1.62 0.698625
v 3.28 1.62 0.7
v 3.31055 1.62 0.698625
v 3.34187 1.62 0.694324
v 3.37355 1.62 0.686876
v 3.40515 1.62 0.676128
v 3.43616 1.62 0.662017
v 3.46605 1.62 0.644578
v 3.4943 1.62 0.62396
v 3.52042 1.62 0.600416
v 3.54396 1.62 0.574301
v 3.56458 1.62 0.546051
v 3.58202 1.62 0.51616
v 3.59613 1.62 0.485152
v 3.60688 1.62 0.453554
v 3.61432 1.62 0.421867
v 3.61862 1.62 0.390551
v 3.62 1.62 0.36
v 3.61862 1.62 0.329449
v 3.61432 1.62 0.298133
v 3.60688 1.62 0.266446
v 3.59613 1.62 0.234848
v 3.58202 1.62 0.20384
v 3.56458 1.62 0.173949
v 3.54396 1.62 0.145699
v 3.52042 1.62 0.119584
v 3.4943 1.62 0.0960399
v 3.46605 1.62 0.0754215
v 3.43616 1.62 0.0579834
v 3.40515 1.62 0.043872
v 3.37355 1.62 0.0331244
v 3.34187 1.62 0.0256762
v 3.31055 1.62 0.0213753
v 3.28 1.62 0.02
v 3.24945 1.62 0.0213753
v 3.21813 1.62 0.0256762
v 3.18645 1.62 0.0331244
v 3.15485 1.62 0.043872
v 3.12384 1.62 0.0579834
v 3.09395 1.62 0.0754215
v 3.0657 1.62 0.0960399
v 3.03958 1.62 0.119584
v 3.01604 1.62 0.145699
v 2.99542 1.62 0.173949
v 2.97798 1.62 0.20384
v 2.96387 1.62 0.234848
v 2.95312 1.62 0.266446
v 2.94568 1.62 0.298133
v 2.94138 1.62 0.329449
v 2.94 1.62 0.36
v 2.94 1.77 0.36
v 2.94138 1.77 0.390551
v 2.94568 1.77 0.421867
v 2.95312 1.77 0.453554
v 2.96387 1.77 0.485152
v 2.97798 1.77 0.51616
v 2.99542 1.77 0.546051
v 3.01604 1.77 0.574301
v 3.03958 1.77 0.600416
v 3.0657 1.77 0.62396
v 3.09395 1.77 0.644578
v 3.12384 1.77 0.662017
v 3.15485 1.77 0.676128
v 3.18645 1.77 0.686876
v 3.21813 1.77 0.694324
v 3.24945 1.77 0.698625
v 3.28 1.77 0.7
v 3.31055 1.77 0.698625
v 3.34187 1.77 0.694324
v 3.37355 1.77 0.686876
v 3.40515 1.77 0.676128
v 3.43616 1.77 0.662017
v 3.46605 1.77 0.644578
v 3.4943 1.77 0.62396
v 3.52042 1.77 0.600416
v 3.54396 1.77 0.574301
v 3.56458 1.77 0.546051
v 3.58202 1.77 0.51616
v 3.59613 1.77 0.485152
v 3.60688 1.77 0.453554
v 3.61432 1.77 0.421867
v 3.61862 1.77 0.390551
v 3.62 1.77 0.36
v 3.61862 1.77 0.329449
v 3.61432 1.77 0.298133
v 3.60688 1.77 0.266446
v 3.59613 1.77 0.234848
v 3.58202 1.77 0.20384
v 3.56458 1.77 0.173949
v 3.54396 1.77 0.145699
v 3.52042 1.77 0.119584
v 3.4943 1.77 0.0960399
v 3.46605 1.77 0.0754215
v 3.43616 1.77 0.0579834
v 3.40515 1.77 0.043872
v 3.37355 1.77 0.0331244
v 3.34187 1.77 0.0256762
v 3.31055 1.77 0.0213753
v 3.28 1.77 0.02
v 3.24945 1.77 0.0213753
v 3.21813 1.77 0.0256762
v 3.18645 1.77 0.0331244
v 3.15485 1.77 0.043872
v 3.12384 1.77 0.0579834
v 3.09395 1.77 0.0754215
v 3.0657 1.77 0.0960399
v 3.03958 1.77 0.119584
v 3.01604 1.77 0.145699
v 2.99542 1.77 0.173949
v 2.97798 1.77 0.20384
v 2.96387 1.77 0.234848
v 2.95312 1.77 0.266446
v 2.94568 1.77 0.298133
v 2.94138 1.77 0.329449
v 2.94 1.77 0.36
v 2.94 1.92 0.36
v 2.94138 1.92 0.390551
v 2.94568 1.92 0.421867
v 2.95312 1.92 0.453554
v 2.96387 1.92 0.485152
v 2.97798 1.92 0.51616
v 2.99542 1.92 0.546051
v 3.01604 1.92 0.574301
v 3.03958 1.92 0.600416
v 3.0657 1.92 0.62396
v 3.09395 1.92 0.644578
v 3.12384 1.92 0.662017
v 3.15485 1.92 0.676128
v 3.18645 1.92 0.686876
v 3.21813 1.92 0.694324
v 3.24945 1.92 0.698625
v 3.28 1.92 0.7
v 3.31055 1.92 0.698625
v 3.34187 1.92 0.694324
v 3.37355 1.92 0.686876
v 3.40515 1.92 0.676128
v 3.43616 1.92 0.662017
v 3.46605 1.92 0.644578
v 3.4943 1.92 0.62396
v 3.52042 1.92 0.600416
v 3.54396 1.92 0.574301
v 3.56458 1.92 0.546051
v 3.58202 1.92 0.51616
v 3.59613 1.92 0.485152
v 3.60688 1.92 0.453554
v 3.61432 1.92 0.421867
v 3.61862 1.92 0.390551
v 3.62 1.92 0.36
v 3.61862 1.92 0.329449
v 3.61432 1.92 0.298133
v 3.60688 1.92 0.266446
v 3.59613 1.92 0.234848
v 3.58202 1.92 0.20384
v 3.56458 1.92 0.173949
v 3.54396 1.92 0.145699
v 3.52042 1.92 0.119584
v 3.4943 1.92 0.0960399
v 3.46605 1.92 0.0754215
v 3.43616 1.92 0.0579834
v 3.40515 1.92 0.043872
v 3.37355 1.92 0.0331244
v 3.34187 1.92 0.0256762
v 3.31055 1.92 0.0213753
v 3.28 1.92 0.02
v 3.24945 1.92 0.0213753
v 3.21813 1.92 0.0256762
v 3.18645 1.92 0.0331244
v 3.15485 1.92 0.043872
v 3.12384 1.92 0.0579834
v 3.09395 1.92 0.0754215
v 3.0657 1.92 0.0960399
v 3.03958 1.92 0.119584
v 3.01604 1.92 0.145699
v 2.99542 1.92 0.173949
v 2.97798 1.92 0.20384
v 2.96387 1.92 0.234848
v 2.95312 1.92 0.266446
v 2.94568 1.92 0.298133
v 2.94138 1.92 0.329449
v 2.94 1.92 0.36
v 2.94 1.62 0.36
v 2.94138 1.62 0.329449
v 2.94568 1.62 0.298133
v 2.95312 1.62 0.266446
v 2.95808 1.62 0.250605
v 2.96387 1.62 0.234848
v 2.97051 1.62 0.219237
v 2.97798 1.62 0.20384
v 2.98629 1.62 0.188722
v 2.99542 1.62 0.173949
v 3.00535 1.62 0.159587
v 3.01604 1.62 0.145699
v 3.02747 1.62 0.132345
v 3.03958 1.62 0.119584
v 3.05235 1.62 0.107466
v 3.0657 1.62 0.0960399
v 3.07959 1.62 0.0853466
v 3.09395 1.62 0.0754215
v 3.10872 1.62 0.0662932
v 3.12384 1.62 0.0579834
v 3.13924 1.62 0.050507
v 3.15485 1.62 0.043872
v 3.17061 1.62 0.0380795
v 3.18645 1.62 0.0331244
v 3.21813 1.62 0.0256762
v 3.24945 1.62 0.0213753
v 3.28 1.62 0.02
v 3.31055 1.62 0.0213753
v 3.34187 1.62 0.0256762
v 3.37355 1.62 0.0331244
v 3.38939 1.62 0.0380795
v 3.40515 1.62 0.043872
v 3.42076 1.62 0.050507
v 3.43616 1.62 0.0579834
v 3.45128 1.62 0.0662932
v 3.46605 1.62 0.0754215
v 3.48041 1.62 0.0853466
v 3.4943 1.62 0.0960399
v 3.50765 1.62 0.107466
v 3.52042 1.62 0.119584
v 3.53253 1.62 0.132345
v 3.54396 1.62 0.145699
v 3.55465 1.62 0.159587
v 3.56458 1.62 0.173949
v 3.57371 1.62 0.188722
v 3.58202 1.62 0.20384
v 3.58949 1.62 0.219237
v 3.59613 1.62 0.234848
v 3.60192 1.62 0.250605
v 3.60688 1.62 0.266446
v 3.61432 1.62 0.298133
v 3.61862 1.62 0.329449
v 3.62 1.62 0.36
v 3.61862 1.62 0.390551
v 3.61432 1.62 0.421867
v 3.60688 1.62 0.453554
v 3.60192 1.62 0.469395
v 3.59613 1.62 0.485152
v 3.58949 1.62 0.500763
v 3.58202 1.62 0.51616
v 3.57371 1.62 0.531278
v 3.56458 1.62 0.546051
v 3.55465 1.62 0.560413
v 3.54396 1.62 0.574301
v 3.53253 1.62 0.587655
v 3.52042 1.62 0.600416
v 3.50765 1.62 0.612534
v 3.4943 1.62 0.62396
v 3.48041 1.62 0.634653
v 3.46605 1.62 0.644578
v 3.45128 1.62 0.653707
v 3.43616 1.62 0.662017
v 3.42076 1.62 0.669493
v 3.40515 1.62 0.676128
v 3.38939 1.62 0.681921
v 3.37355 1.62 0.686876
v 3.34187 1.62 0.694324
v 3.31055 1.62 0.698625
v 3.28 1.62 0.7
v 3.24945 1.62 0.698625
v 3.21813 1.62 0.694324
v 3.18645 1.62 0.686876
v 3.17061 1.62 0.681921
v 3.15485 1.62 0.676128
v 3.13924 1.62 0.669493
v 3.12384 1.62 0.662017
v 3.10872 1.62 0.653707
v 3.09395 1.62 0.644578
v 3.07959 1.62 0.634653
v 3.0657 1.62 0.62396
v 3.05235 1.62 0.612534
v 3.03958 1.62 0.600416
v 3.02747 1.62 0.587655
v 3.01604 1.62 0.574301
v 3.00535 1.62 0.560413
v 2.99542 1.62 0.546051
v 2.98629 1.62 0.531278
v 2.97798 1.62 0.51616
v 2.97051 1.62 0.500763
v 2.96387 1.62 0.485152
v 2.95808 1.62 0.469395
v 2.95312 1.62 0.453554
v 2.94568 1.62 0.421867
v 2.94138 1.62 0.390551
v 2.94 1.92 0.36
v 2.94138 1.92 0.390551
v 2.94568 1.92 0.421867
v 2.95312 1.92 0.453554
v 2.95808 1.92 0.469395
v 2.96387 1.92 0.485152
v 2.97051 1.92 0.500763
v 2.97798 1.92 0.51616
v 2.98629 1.92 0.531278
v 2.99542 1.92 0.546051
v 3.00535 1.92 0.560413
v 3.01604 1.92 0.574301
v 3.02747 1.92 0.587655
v 3.03958 1.92 0.600416
v 3.05235 1.92 0.612534
v 3.0657 1.92 0.62396
v 3.07959 1.92 0.634653
v 3.09395 1.92 0.644578
v 3.10872 1.92 0.653707
v 3.12384 1.92 0.662017
v 3.13924 1.92 0.669493
v 3.15485 1.92 0.676128
v 3.17061 1.92 0.681921
v 3.18645 1.92 0.686876
v 3.21813 1.92 0.694324
v 3.24945 1.92 0.698625
v 3.28 1.92 0.7
v 3.31055 1.92 0.698625
v 3.34187 1.92 0.694324
v 3.37355 1.92 0.686876
v 3.38939 1.92 0.681921
v 3.40515 1.92 0.676128
v 3.42076 1.92 0.669493
v 3.43616 1.92 0.662017
v 3.45128 1.92 0.653707
v 3.46605 1.92 0.644578
v 3.48041 1.92 0.634653
v 3.4943 1.92 0.62396
v 3.50765 1.92 0.612534
v 3.52042 1.92 0.600416
v 3.53253 1.92 0.587655
v 3.54396 1.92 0.574301
v 3.55465 1.92 0.560413
v 3.56458 1.92 0.546051
v 3.57371 1.92 0.531278
v 3.58202 1.92 0.51616
v 3.58949 1.92 0.500763
v 3.59613 1.92 0.485152
v 3.60192 1.92 0.469395
v 3.60688 1.92 0.453554
v 3.61432 1.92 0.421867
v 3.61862 1.92 0.390551
v 3.62 1.92 0.36
v 3.61862 1.92 0.329449
v 3.61432 1.92 0.298133
v 3.60688 1.92 0.266446
v 3.60192 1.92 0.250605
v 3.59613 1.92 0.234848
v 3.58949 1.92 0.219237
v 3.58202 1.92 0.20384
v 3.57371 1.92 0.188722
v 3.56458 1.92 0.173949
v 3.55465 1.92 0.159587
v 3.54396 1.92 0.145699
v 3.53253 1.92 0.132345
v 3.52042 1.92 0.119584
v 3.50765 1.92 0.107466
v 3.4943 1.92 0.0960399
v 3.48041 1.92 0.0853466
v 3.46605 1.92 0.0754215
v 3.45128 1.92 0.0662932
v 3.43616 1.92 0.0579834
v 3.42076 1.92 0.050507
v 3.40515 1.92 0.043872
v 3.38939 1.92 0.0380795
v 3.37355 1.92 0.0331244
v 3.34187 1.92 0.0256762
v 3.31055 1.92 0.0213753
v 3.28 1.92 0.02
v 3.24945 1.92 0.0213753
v 3.21813 1.92 0.0256762
v 3.18645 1.92 0.0331244
v 3.17061 1.92 0.0380795
v 3.15485 1.92 0.043872
v 3.13924 1.92 0.050507
v 3.12384 1.92 0.0579834
v 3.10872 1.92 0.0662932
v 3.09395 1.92 0.0754215
v 3.07959 1.92 0.0853466
v 3.0657 1.92 0.0960399
v 3.05235 1.92 0.107466
v 3.03958 1.92 0.119584
v 3.02747 1.92 0.132345
v 3.01604 1.92 0.145699
v 3.00535 1.92 0.159587
v 2.99542 1.92 0.173949
v 2.98629 1.92 0.188722
v 2.97798 1.92 0.20384
v 2.97051 1.92 0.219237
v 2.96387 1.92 0.234848
v 2.95808 1.92 0.250605
v 2.95312 1.92 0.266446
v 2.94568 1.92 0.298133
v 2.94138 1.92 0.329449
vn -1 0 0
vn -0.995955 0 0.0898544
vn -0.983305 0 0.181963
vn -0.961399 0 0.275158
vn -0.929788 0 0.368095
vn -0.888284 0 0.459295
vn -0.836996 0 0.54721
vn -0.776353 0 0.630298
vn -0.707107 0 0.707107
vn -0.630298 0 0.776353
vn -0.54721 0 0.836996
vn -0.459295 0 0.888284
vn -0.368095 0 0.929788
vn -0.275158 0 0.961399
vn -0.181963 0 0.983305
vn -0.0898544 0 0.995955
vn -0 0 1
vn 0.0898544 -0 0.995955
vn 0.181963 -0 0.983305
vn 0.275158 -0 0.961399
vn 0.368095 -0 0.929788
vn 0.459295 -0 0.888284
vn 0.54721 -0 0.836996
vn 0.630298 -0 0.776353
vn 0.707107 -0 0.707107
vn 0.776353 -0 0.630298
vn 0.836996 -0 0.54721
vn 0.888284 -0 0.459295
vn 0.929788 -0 0.368095
vn 0.961399 -0 0.275158
vn 0.983305 -0 0.181963
vn 0.995955 -0 0.0898544
vn 1 -0 0
vn 0.995955 0 -0.0898544
vn 0.983305 0 -0.181963
vn 0.961399 0 -0.275158
vn 0.929788 0 -0.368095
vn 0.888284 0 -0.459295
vn 0.836996 0 -0.54721
vn 0.776353 0 -0.630298
vn 0.707107 0 -0.707107
vn 0.630298 0 -0.776353
vn 0.54721 0 -0.836996
vn 0.459295 0 -0.888284
vn 0.368095 0 -0.929788
vn 0.275158 0 -0.961399
vn 0.181963 0 -0.983305
vn 0.0898544 0 -0.995955
vn 1.65956e-16 0 -1
vn -0.0898544 0 -0.995955
vn -0.181963 0 -0.983305
vn -0.275158 0 -0.961399
vn -0.368095 0 -0.929788
vn -0.459295 0 -0.888284
vn -0.54721 0 -0.836996
vn -0.630298 0 -0.776353
vn -0.707107 0 -0.707107
vn -0.776353 0 -0.630298
vn -0.836996 0 -0.54721
vn -0.888284 0 -0.459295
vn -0.929788 0 -0.368095
vn -0.961399 0 -0.275158
vn -0.983305 0 -0.181963
vn -0.995955 0 -0.0898544
vn -1 0 0
vn -1 0 4.61792e-16
vn -0.995955 0 0.0898544
vn -0.983305 0 0.181963
vn -0.961399 0 0.275158
vn -0.929788 0 0.368095
vn -0.888284 0 0.459295
vn -0.836996 0 0.54721
vn -0.776353 0 0.630298
vn -0.707107 0 0.707107
vn -0.630298 0 0.776353
vn -0.54721 0 0.836996
vn -0.459295 0 0.888284
vn -0.368095 0 0.929788
vn -0.275158 0 0.961399
vn -0.181963 0 0.983305
vn -0.0898544 0 0.995955
vn -1.15448e-16 0 1
vn 0.0898544 -0 0.995955
vn 0.181963 -0 0.983305
vn 0.275158 -0 0.961399
vn 0.368095 -0 0.929788
vn 0.459295 -0 0.888284
vn 0.54721 -0 0.836996
vn 0.630298 -0 0.776353
vn 0.707107 -0 0.707107
vn 0.776353 -0 0.630298
vn 0.836996 -0 0.54721
vn 0.888284 -0 0.459295
vn 0.929788 -0 0.368095
vn 0.961399 -0 0.275158
vn 0.983305 -0 0.181963
vn 0.995955 -0 0.0898544
vn 1 -0 9.23584e-16
vn 0.995955 0 -0.0898544
vn 0.983305 0 -0.181963
vn 0.961399 0 -0.275158
vn 0.929788 0 -0.368095
vn 0.888284 0 -0.459295
vn 0.836996 0 -0.54721
vn 0.776353 0 -0.630298
vn 0.707107 0 -0.707107
vn 0.630298 0 -0.776353
vn 0.54721 0 -0.836996
vn 0.459295 0 -0.888284
vn 0.368095 0 -0.929788
vn 0.275158 0 -0.961399
vn 0.181963 0 -0.983305
vn 0.0898544 0 -0.995955
vn 1.58741e-16 0 -1
vn -0.0898544 0 -0.995955
vn -0.181963 0 -0.983305
vn -0.275158 0 -0.961399
vn -0.368095 0 -0.929788
vn -0.459295 0 -0.888284
vn -0.54721 0 -0.836996
vn -0.630298 0 -0.776353
vn -0.707107 0 -0.707107
vn -0.776353 0 -0.630298
vn -0.836996 0 -0.54721
vn -0.888284 0 -0.459295
vn -0.929788 0 -0.368095
vn -0.961399 0 -0.275158
vn -0.983305 0 -0.181963
vn -0.995955 0 -0.0898544
vn -1 0 0
vn -1 0 0
vn -0.995955 0 0.0898544
vn -0.983305 0 0.181963
vn -0.961399 0 0.275158
vn -0.929788 0 0.368095
vn -0.888284 0 0.459295
vn -0.836996 0 0.54721
vn -0.776353 0 0.630298
vn -0.707107 0 0.707107
vn -0.630298 0 0.776353
vn -0.54721 0 0.836996
vn -0.459295 0 0.888284
vn -0.368095 0 0.929788
vn -0.275158 0 0.961399
vn -0.181963 0 0.983305
vn -0.0898544 0 0.995955
vn 0 0 1
vn 0.0898544 -0 0.995955
vn 0.181963 -0 0.983305
vn 0.275158 -0 0.961399
vn 0.368095 -0 0.929788
vn 0.459295 -0 0.888284
vn 0.54721 -0 0.836996
vn 0.630298 -0 0.776353
vn 0.707107 -0 0.707107
vn 0.776353 -0 0.630298
vn 0.836996 -0 0.54721
vn 0.888284 -0 0.459295
vn 0.929788 -0 0.368095
vn 0.961399 -0 0.275158
vn 0.983305 -0 0.181963
vn 0.995955 -0 0.0898544
vn 1 -0 0
vn 0.995955 0 -0.0898544
vn 0.983305 0 -0.181963
vn 0.961399 0 -0.275158
vn 0.929788 0 -0.368095
vn 0.888284 0 -0.459295
vn 0.836996 0 -0.54721
vn 0.776353 0 -0.630298
vn 0.707107 0 -0.707107
vn 0.630298 0 -0.776353
vn 0.54721 0 -0.836996
vn 0.459295 0 -0.888284
vn 0.368095 0 -0.929788
vn 0.275158 0 -0.961399
vn 0.181963 0 -0.983305
vn 0.0898544 0 -0.995955
vn 1.65956e-16 0 -1
vn -0.0898544 0 -0.995955
vn -0.181963 0 -0.983305
vn -0.275158 0 -0.961399
vn -0.368095 0 -0.929788
vn -0.459295 0 -0.888284
vn -0.54721 0 -0.836996
vn -0.630298 0 -0.776353
vn -0.707107 0 -0.707107
vn -0.776353 0 -0.630298
vn -0.836996 0 -0.54721
vn -0.888284 0 -0.459295
vn -0.929788 0 -0.368095
vn -0.961399 0 -0.275158
vn -0.983305 0 -0.181963
vn -0.995955 0 -0.0898544
vn -1 0 0
vn 4.21885e-17 -1 4.57967e-16
vn -1.11022e-16 -1 1.38778e-17
vn 0 -1 1.38778e-17
vn 4.21885e-17 -1 4.71845e-16
vn -8.99281e-17 -1 4.44089e-16
vn -6.88338e-17 -1 2.498e-16
vn 2.10942e-17 -1 4.71845e-16
vn 3.11973e-16 -1 2.498e-16
vn -6.88338e-17 -1 2.498e-16
vn -6.88338e-17 -1 2.77556e-16
vn -1.79856e-16 -1 2.22045e-16
vn 2.0095e-16 -1 4.996e-16
vn -6.88338e-17 -1 2.77556e-16
vn 2.45914e-16 -1 2.77556e-16
vn -1.45439e-16 -1 2.77556e-16
vn 1.66533e-16 -1 2.77556e-16
vn 1.90403e-16 -1 3.33067e-16
vn 3.11973e-16 -1 3.33067e-16
vn -1.83742e-16 -1 3.33067e-16
vn 1.66533e-16 -1 2.22045e-16
vn 3.34455e-16 -1 2.22045e-16
vn 2.16771e-16 -1 3.33067e-16
vn 1.62648e-16 -1 3.33067e-16
vn 2.61735e-16 -1 3.33067e-16
vn 1.52656e-17 -1 1.11022e-16
vn 2.56462e-16 -1 1.11022e-16
vn -4.35763e-17 -1 4.44089e-16
vn 2.53131e-16 -1 4.44089e-16
vn 1.19349e-17 -1 4.44089e-16
vn -1.66533e-16 -1 4.44089e-16
vn 1.6126e-16 -1 2.22045e-16
vn -6.66134e-18 -1 2.22045e-16
vn -1.33504e-16 -1 2.22045e-16
vn 1.77081e-16 -1 2.22045e-16
vn 1.62648e-16 -1 2.22045e-16
vn -1.34892e-16 -1 2.22045e-16
vn -6.88338e-17 -1 2.22045e-16
vn -2.56462e-16 -1 2.22045e-16
vn -4.4964e-17 -1 2.22045e-16
vn -1.90403e-16 -1 2.22045e-16
vn -1.45439e-16 -1 2.22045e-16
vn -6.88338e-17 -1 4.44089e-16
vn 3.11973e-16 -1 4.44089e-16
vn 2.22045e-16 -1 2.22045e-16
vn 2.22045e-16 -1 2.22045e-16
vn 2.0095e-16 -1 2.22045e-16
vn 2.0095e-16 -1 2.22045e-16
vn 1.79856e-16 -1 2.22045e-16
vn 2.0095e-16 -1 4.44089e-16
vn -6.88338e-17 -1 0
vn -6.88338e-17 -1 0
vn 0 -1 0
vn 2.22045e-16 -1 4.44089e-16
vn -1.79856e-16 -1 0
vn 4.21885e-17 -1 0
vn 0 -1 4.44089e-16
vn 4.21885e-17 -1 4.44089e-16
vn 0 -1 2.22045e-16
vn 4.21885e-17 -1 4.44089e-16
vn 2.22045e-16 -1 2.22045e-16
vn -4.01901e-16 -1 2.22045e-16
vn 2.22045e-16 -1 2.22045e-16
vn 0 -1 2.22045e-16
vn -1.37668e-16 -1 4.44089e-16
vn 2.22045e-16 -1 2.22045e-16
vn 2.22045e-16 -1 2.22045e-16
vn 2.22045e-16 -1 2.22045e-16
vn 0 -1 2.22045e-16
vn -2.22045e-16 -1 2.22045e-16
vn -2.22045e-16 -1 2.22045e-16
vn 0 -1 4.44089e-16
vn -2.22045e-16 -1 4.44089e-16
vn 0 -1 2.22045e-16
vn 0 -1 2.22045e-16
vn 0 -1 2.22045e-16
vn 0 -1 4.44089e-16
vn 0 -1 4.44089e-16
vn 0 -1 2.22045e-16
vn 0 -1 2.22045e-16
vn 0 -1 1.11022e-16
vn 0 -1 3.33067e-16
vn 0 -1 3.33067e-16
vn 0 -1 3.33067e-16
vn 0 -1 3.33067e-16
vn 0 -1 3.33067e-16
vn -2.22045e-16 -1 3.33067e-16
vn 0 -1 3.33067e-16
vn 0 -1 3.33067e-16
vn 2.22045e-16 -1 3.33067e-16
vn 0 -1 2.77556e-16
vn 2.22045e-16 -1 2.77556e-16
vn 0 -1 2.77556e-16
vn -2.22045e-16 -1 4.996e-16
vn -2.22045e-16 -1 2.22045e-16
vn 0 -1 2.77556e-16
vn 2.22045e-16 -1 4.44089e-16
vn 0 -1 2.498e-16
vn 0 -1 2.498e-16
vn 0 -1 2.498e-16
vn -4.01901e-16 -1 2.498e-16
vn 0 -1 0
vn 4.21885e-17 -1 0
vn 0 -1 4.57967e-16
vn 2.22045e-16 -1 4.57967e-16
vn 0 1 -0
vn 2.22045e-16 1 -0
vn 2.22045e-16 1 -0
vn 0 1 -0
vn 0 1 -0
vn -4.35207e-16 1 0
vn 0 1 -0
vn 0 1 -0
vn -2.13163e-16 1 0
vn 2.22045e-16 1 -0
vn 2.22045e-16 1 -0
vn 0 1 -0
vn 0 1 -0
vn 0 1 -0
vn 0 1 -0
vn 0 1 -0
vn 0 1 -0
vn 0 1 -0
vn 0 1 -0
vn 0 1 -0
vn 0 1 -0
vn 0 1 -0
vn 0 1 -0
vn 0 1 -0
vn 0 1 -0
vn 0 1 -0
vn 0 1 -0
vn 0 1 -0
vn 0 1 -0
vn 0 1 -0
vn 0 1 -0
vn 0 1 -0
vn 0 1 -0
vn 0 1 -0
vn 0 1 -0
vn 0 1 -0
vn 0 1 -0
vn 0 1 -0
vn 0 1 -0
vn 0 1 -0
vn 0 1 -0
vn 0 1 -0
vn 2.22045e-16 1 -0
vn 2.22045e-16 1 -0
vn 2.22045e-16 1 -0
vn 0 1 -0
vn 8.88178e-18 1 -0
vn 0 1 -0
vn -4.35207e-16 1 0
vn 0 1 -0
vn -2.13163e-16 1 0
vn 2.22045e-16 1 -0
vn 0 1 -0
vn 2.22045e-16 1 -0
vn 2.22045e-16 1 -0
vn 1.11022e-16 1 -0
vn 1.11022e-16 1 -0
vn 1.11022e-16 1 -0
vn 1.11022e-16 1 -0
vn 2.17604e-16 1 -0
vn -2.22045e-16 1 0
vn 2.17604e-16 1 -0
vn 1.06581e-16 1 -0
vn -1.02141e-16 1 0
vn -1.06581e-16 1 0
vn 4.35207e-16 1 -0
vn 5.9952e-17 1 -0
vn 2.13163e-16 1 -0
vn -5.32907e-17 1 0
vn 6.66134e-18 1 -0
vn 1.59872e-16 1 -0
vn -1.36557e-16 1 0
vn 1.40998e-16 1 -0
vn -3.0087e-16 1 0
vn -5.77316e-17 1 0
vn 8.43769e-17 1 -0
vn 2.44249e-17 1 -0
vn 1.16573e-17 1 -0
vn 6.60583e-17 1 -0
vn 9.4369e-18 1 -0
vn 2.33147e-17 1 -0
vn 7.99361e-17 1 -0
vn 3.80806e-16 1 -0
vn 1.37668e-16 1 -0
vn 1.33227e-16 1 -0
vn 3.28626e-16 1 -0
vn -2.19824e-16 1 0
vn -4.44089e-18 1 0
vn -2.22045e-18 1 0
vn 2.17604e-16 1 -0
vn 5.9952e-17 1 -0
vn -6.66134e-18 1 0
vn -1.11022e-16 1 0
vn 3.28626e-16 1 -0
vn 2.13163e-16 1 -0
vn 2.13163e-16 1 -0
vn 2.22045e-16 1 -0
vn 2.17604e-16 1 -0
vn 1.06581e-16 1 -0
vn 1.06581e-16 1 -0
vn -3.24185e-16 1 0
vn -3.24185e-16 1 0
vn -2.13163e-16 1 0
vn 2.22045e-16 1 -0
g WRR_rubber
usemtl rubber
f 2389//2389 2390//2390 2455//2455
f 2389//2389 2455//2455 2454//2454
f 2390//2390 2391//2391 2456//2456
f 2390//2390 2456//2456 2455//2455
f 2391//2391 2392//2392 2457//2457
f 2391//2391 2457//2457 2456//2456
f 2392//2392 2393//2393 2458//2458
f 2392//2392 2458//2458 2457//2457
f 2393//2393 2394//2394 2459//2459
f 2393//2393 2459//2459 2458//2458
f 2394//2394 2395//2395 2460//2460
f 2394//2394 2460//2460 2459//2459
f 2395//2395 2396//2396 2461//2461
f 2395//2395 2461//2461 2460//2460
f 2396//2396 2397//2397 2462//2462
f 2396//2396 2462//2462 2461//2461
f 2397//2397 2398//2398 2463//2463
f 2397//2397 2463//2463 2462//2462
f 2398//2398 2399//2399 2464//2464
f 2398//2398 2464//2464 2463//2463
f 2399//2399 2400//2400 2465//2465
f 2399//2399 2465//2465 2464//2464
f 2400//2400 2401//2401 2466//2466
f 2400//2400 2466//2466 2465//2465
f 2401//2401 2402//2402 2467//2467
f 2401//2401 2467//2467 2466//2466
f 2402//2402 2403//2403 2468//2468
f 2402//2402 2468//2468 2467//2467
f 2403//2403 2404//2404 2469//2469
f 2403//2403 2469//2469 2468//2468
f 2404//2404 2405//2405 2470//2470
f 2404//2404 2470//2470 2469//2469
f 2405//2405 2406//2406 2471//2471
f 2405//2405 2471//2471 2470//2470
f 2406//2406 2407//2407 2472//2472
f 2406//2406 2472//2472 2471//2471
f 2407//2407 2408//2408 2473//2473
f 2407//2407 2473//2473 2472//2472
f 2408//2408 2409//2409 2474//2474
f 2408//2408 2474//2474 2473//2473
f 2409//2409 2410//2410 2475//2475
f 2409//2409 2475//2475 2474//2474
f 2410//2410 2411//2411 2476//2476
f 2410//2410 2476//2476 2475//2475
f 2411//2411 2412//2412 2477//2477
f 2411//2411 2477//2477 2476//2476
f 2412//2412 2413//2413 2478//2478
f 2412//2412 2478//2478 2477//2477
f 2413//2413 2414//2414 2479//2479
f 2413//2413 2479//2479 2478//2478
f 2414//2414 2415//2415 2480//2480
f 2414//2414 2480//2480 2479//2479
f 2415//2415 2416//2416 2481//2481
f 2415//2415 2481//2481 2480//2480
f 2416//2416 2417//2417 2482//2482
f 2416//2416 2482//2482 2481//2481
f 2417//2417 2418//2418 2483//2483
f 2417//2417 2483//2483 2482//2482
f 2418//2418 2419//2419 2484//2484
f 2418//2418 2484//2484 2483//2483
f 2419//2419 2420//2420 2485//2485
f 2419//2419 2485//2485 2484//2484
f 2420//2420 2421//2421 2486//2486
f 2420//2420 2486//2486 2485//2485
f 2421//2421 2422//2422 2487//2487
f 2421//2421 2487//2487 2486//2486
f 2422//2422 2423//2423 2488//2488
f 2422//2422 2488//2488 2487//2487
f 2423//2423 2424//2424 2489//2489
f 2423//2423 2489//2489 2488//2488
f 2424//2424 2425//2425 2490//2490
f 2424//2424 2490//2490 2489//2489
f 2425//2425 2426//2426 2491//2491
f 2425//2425 2491//2491 2490//2490
f 2426//2426 2427//2427 2492//2492
f 2426//2426 2492//2492 2491//2491
f 2427//2427 2428//2428 2493//2493
f 2427//2427 2493//2493 2492//2492
f 2428//2428 2429//2429 2494//2494
f 2428//2428 2494//2494 2493//2493
f 2429//2429 2430//2430 2495//2495
f 2429//2429 2495//2495 2494//2494
f 2430//2430 2431//2431 2496//2496
f 2430//2430 2496//2496 2495//2495
f 2431//2431 2432//2432 2497//2497
f 2431//2431 2497//2497 2496//2496
f 2432//2432 2433//2433 2498//2498
f 2432//2432 2498//2498 2497//2497
f 2433//2433 2434//2434 2499//2499
f 2433//2433 2499//2499 2498//2498
f 2434//2434 2435//2435 2500//2500
f 2434//2434 2500//2500 2499//2499
f 2435//2435 2436//2436 2501//2501
f 2435//2435 2501//2501 2500//2500
f 2436//2436 2437//2437 2502//2502
f 2436//2436 2502//2502 2501//2501
f 2437//2437 2438//2438 2503//2503
f 2437//2437 2503//2503 2502//2502
f 2438//2438 2439//2439 2504//2504
f 2438//2438 2504//2504 2503//2503
f 2439//2439 2440//2440 2505//2505
f 2439//2439 2505//2505 2504//2504
f 2440//2440 2441//2441 2506//2506
f 2440//2440 2506//2506 2505//2505
f 2441//2441 2442//2442 2507//2507
f 2441//2441 2507//2507 2506//2506
f 2442//2442 2443//2443 2508//2508
f 2442//2442 2508//2508 2507//2507
f 2443//2443 2444//2444 2509//2509
f 2443//2443 2509//2509 2508//2508
f 2444//2444 2445//2445 2510//2510
f 2444//2444 2510//2510 2509//2509
f 2445//2445 2446//2446 2511//2511
f 2445//2445 2511//2511 2510//2510
f 2446//2446 2447//2447 2512//2512
f 2446//2446 2512//2512 2511//2511
f 2447//2447 2448//2448 2513//2513
f 2447//2447 2513//2513 2512//2512
f 2448//2448 2449//2449 2514//2514
f 2448//2448 2514//2514 2513//2513
f 2449//2449 2450//2450 2515//2515
f 2449//2449 2515//2515 2514//2514
f 2450//2450 2451//2451 2516//2516
f 2450//2450 2516//2516 2515//2515
f 2451//2451 2452//2452 2517//2517
f 2451//2451 2517//2517 2516//2516
f 2452//2452 2453//2453 2518//2518
f 2452//2452 2518//2518 2517//2517
f 2454//2454 2455//2455 2520//2520
f 2454//2454 2520//2520 2519//2519
f 2455//2455 2456//2456 2521//2521
f 2455//2455 2521//2521 2520//2520
f 2456//2456 2457//2457 2522//2522
f 2456//2456 2522//2522 2521//2521
f 2457//2457 2458//2458 2523//2523
f 2457//2457 2523//2523 2522//2522
f 2458//2458 2459//2459 2524//2524
f 2458//2458 2524//2524 2523//2523
f 2459//2459 2460//2460 2525//2525
f 2459//2459 2525//2525 2524//2524
f 2460//2460 2461//2461 2526//2526
f 2460//2460 2526//2526 2525//2525
f 2461//2461 2462//2462 2527//2527
f 2461//2461 2527//2527 2526//2526
f 2462//2462 2463//2463 2528//2528
f 2462//2462 2528//2528 2527//2527
f 2463//2463 2464//2464 2529//2529
f 2463//2463 2529//2529 2528//2528
f 2464//2464 2465//2465 2530//2530
f 2464//2464 2530//2530 2529//2529
f 2465//2465 2466//2466 2531//2531
f 2465//2465 2531//2531 2530//2530
f 2466//2466 2467//2467 2532//2532
f 2466//2466 2532//2532 2531//2531
f 2467//2467 2468//2468 2533//2533
f 2467//2467 2533//2533 2532//2532
f 2468//2468 2469//2469 2534//2534
f 2468//2468 2534//2534 2533//2533
f 2469//2469 2470//2470 2535//2535
f 2469//2469 2535//2535 2534//2534
f 2470//2470 2471//2471 2536//2536
f 2470//2470 2536//2536 2535//2535
f 2471//2471 2472//2472 2537//2537
f 2471//2471 2537//2537 2536//2536
f 2472//2472 2473//2473 2538//2538
f 2472//2472 2538//2538 2537//2537
f 2473//2473 2474//2474 2539//2539
f 2473//2473 2539//2539 2538//2538
f 2474//2474 2475//2475 2540//2540
f 2474//2474 2540//2540 2539//2539
f 2475//2475 2476//2476 2541//2541
f 2475//2475 2541//2541 2540//2540
f 2476//2476 2477//2477 2542//2542
f 2476//2476 2542//2542 2541//2541
f 2477//2477 2478//2478 2543//2543
f 2477//2477 2543//2543 2542//2542
f 2478//2478 2479//2479 2544//2544
f 2478//2478 2544//2544 2543//2543
f 2479//2479 2480//2480 2545//2545
f 2479//2479 2545//2545 2544//2544
f 2480//2480 2481//2481 2546//2546
f 2480//2480 2546//2546 2545//2545
f 2481//2481 2482//2482 2547//2547
f 2481//2481 2547//2547 2546//2546
f 2482//2482 2483//2483 2548//2548
f 2482//2482 2548//2548 2547//2547
f 2483//2483 2484//2484 2549//2549
f 2483//2483 2549//2549 2548//2548
f 2484//2484 2485//2485 2550//2550
f 2484//2484 2550//2550 2549//2549
f 2485//2485 2486//2486 2551//2551
f 2485//2485 2551//2551 2550//2550
f 2486//2486 2487//2487 2552//2552
f 2486//2486 2552//2552 2551//2551
f 2487//2487 2488//2488 2553//2553
f 2487//2487 2553//2553 2552//2552
f 2488//2488 2489//2489 2554//2554
f 2488//2488 2554//2554 2553//2553
f 2489//2489 2490//2490 2555//2555
f 2489//2489 2555//2555 2554//2554
f 2490//2490 2491//2491 2556//2556
f 2490//2490 2556//2556 2555//2555
f 2491//2491 2492//2492 2557//2557
f 2491//2491 2557//2557 2556//2556
f 2492//2492 2493//2493 2558//2558
f 2492//2492 2558//2558 2557//2557
f 2493//2493 2494//2494 2559//2559
f 2493//2493 2559//2559 2558//2558
f 2494//2494 2495//2495 2560//2560
f 2494//2494 2560//2560 2559//2559
f 2495//2495 2496//2496 2561//2561
f 2495//2495 2561//2561 2560//2560
f 2496//2496 2497//2497 2562//2562
f 2496//2496 2562//2562 2561//2561
f 2497//2497 2498//2498 2563//2563
f 2497//2497 2563//2563 2562//2562
f 2498//2498 2499//2499 2564//2564
f 2498//2498 2564//2564 2563//2563
f 2499//2499 2500//2500 2565//2565
f 2499//2499 2565//2565 2564//2564
f 2500//2500 2501//2501 2566//2566
f 2500//2500 2566//2566 2565//2565
f 2501//2501 2502//2502 2567//2567
f 2501//2501 2567//2567 2566//2566
f 2502//2502 2503//2503 2568//2568
f 2502//2502 2568//2568 2567//2567
f 2503//2503 2504//2504 2569//2569
f 2503//2503 2569//2569 2568//2568
f 2504//2504 2505//2505 2570//2570
f 2504//2504 2570//2570 2569//2569
f 2505//2505 2506//2506 2571//2571
f 2505//2505 2571//2571 2570//2570
f 2506//2506 2507//2507 2572//2572
f 2506//2506 2572//2572 2571//2571
f 2507//2507 2508//2508 2573//2573
f 2507//2507 2573//2573 2572//2572
f 2508//2508 2509//2509 2574//2574
f 2508//2508 2574//2574 2573//2573
f 2509//2509 2510//2510 2575//2575
f 2509//2509 2575//2575 2574//2574
f 2510//2510 2511//2511 2576//2576
f 2510//2510 2576//2576 2575//2575
f 2511//2511 2512//2512 2577//2577
f 2511//2511 2577//2577 2576//2576
f 2512//2512 2513//2513 2578//2578
f 2512//2512 2578//2578 2577//2577
f 2513//2513 2514//2514 2579//2579
f 2513//2513 2579//2579 2578//2578
f 2514//2514 2515//2515 2580//2580
f 2514//2514 2580//2580 2579//2579
f 2515//2515 2516//2516 2581//2581
f 2515//2515 2581//2581 2580//2580
f 2516//2516 2517//2517 2582//2582
f 2516//2516 2582//2582 2581//2581
f 2517//2517 2518//2518 2583//2583
f 2517//2517 2583//2583 2582//2582
f 2687//2687 2584//2584 2585//2585
f 2687//2687 2585//2585 2586//2586
f 2687//2687 2586//2586 2587//2587
f 2687//2687 2587//2587 2588//2588
f 2687//2687 2588//2588 2589//2589
f 2687//2687 2589//2589 2590//2590
f 2687//2687 2590//2590 2591//2591
f 2687//2687 2591//2591 2592//2592
f 2687//2687 2592//2592 2593//2593
f 2687//2687 2593//2593 2594//2594
f 2687//2687 2594//2594 2595//2595
f 2687//2687 2595//2595 2596//2596
f 2687//2687 2596//2596 2597//2597
f 2687//2687 2597//2597 2598//2598
f 2687//2687 2598//2598 2599//2599
f 2687//2687 2599//2599 2600//2600
f 2687//2687 2600//2600 2601//2601
f 2687//2687 2601//2601 2602//2602
f 2687//2687 2602//2602 2603//2603
f 2687//2687 2603//2603 2604//2604
f 2687//2687 2604//2604 2605//2605
f 2687//2687 2605//2605 2606//2606
f 2687//2687 2606//2606 2607//2607
f 2687//2687 2607//2607 2608//2608
f 2687//2687 2608//2608 2609//2609
f 2687//2687 2609//2609 2610//2610
f 2687//2687 2610//2610 2611//2611
f 2687//2687 2611//2611 2612//2612
f 2687//2687 2612//2612 2613//2613
f 2687//2687 2613//2613 2614//2614
f 2687//2687 2614//2614 2615//2615
f 2687//2687 2615//2615 2616//2616
f 2687//2687 2616//2616 2617//2617
f 2687//2687 2617//2617 2618//2618
f 2687//2687 2618//2618 2619//2619
f 2687//2687 2619//2619 2620//2620
f 2687//2687 2620//2620 2621//2621
f 2687//2687 2621//2621 2622//2622
f 2687//2687 2622//2622 2623//2623
f 2687//2687 2623//2623 2624//2624
f 2687//2687 2624//2624 2625//2625
f 2687//2687 2625//2625 2626//2626
f 2687//2687 2626//2626 2627//2627
f 2687//2687 2627//2627 2628//2628
f 2687//2687 2628//2628 2629//2629
f 2687//2687 2629//2629 2630//2630
f 2687//2687 2630//2630 2631//2631
f 2687//2687 2631//2631 2632//2632
f 2687//2687 2632//2632 2633//2633
f 2687//2687 2633//2633 2634//2634
f 2687//2687 2634//2634 2635//2635
f 2687//2687 2635//2635 2636//2636
f 2687//2687 2636//2636 2637//2637
f 2687//2687 2637//2637 2638//2638
f 2687//2687 2638//2638 2639//2639
f 2687//2687 2639//2639 2640//2640
f 2687//2687 2640//2640 2641//2641
f 2687//2687 2641//2641 2642//2642
f 2687//2687 2642//2642 2643//2643
f 2687//2687 2643//2643 2644//2644
f 2687//2687 2644//2644 2645//2645
f 2687//2687 2645//2645 2646//2646
f 2687//2687 2646//2646 2647//2647
f 2687//2687 2647//2647 2648//2648
f 2687//2687 2648//2648 2649//2649
f 2687//2687 2649//2649 2650//2650
f 2687//2687 2650//2650 2651//2651
f 2687//2687 2651//2651 2652//2652
f 2687//2687 2652//2652 2653//2653
f 2687//2687 2653//2653 2654//2654
f 2687//2687 2654//2654 2655//2655
f 2687//2687 2655//2655 2656//2656
f 2687//2687 2656//2656 2657//2657
f 2687//2687 2657//2657 2658//2658
f 2687//2687 2658//2658 2659//2659
f 2687//2687 2659//2659 2660//2660
f 2687//2687 2660//2660 2661//2661
f 2687//2687 2661//2661 2662//2662
f 2687//2687 2662//2662 2663//2663
f 2687//2687 2663//2663 2664//2664
f 2687//2687 2664//2664 2665//2665
f 2687//2687 2665//2665 2666//2666
f 2687//2687 2666//2666 2667//2667
f 2687//2687 2667//2667 2668//2668
f 2687//2687 2668//2668 2669//2669
f 2687//2687 2669//2669 2670//2670
f 2687//2687 2670//2670 2671//2671
f 2687//2687 2671//2671 2672//2672
f 2687//2687 2672//2672 2673//2673
f 2687//2687 2673//2673 2674//2674
f 2687//2687 2674//2674 2675//2675
f 2687//2687 2675//2675 2676//2676
f 2687//2687 2676//2676 2677//2677
f 2687//2687 2677//2677 2678//2678
f 2687//2687 2678//2678 2679//2679
f 2687//2687 2679//2679 2680//2680
f 2687//2687 2680//2680 2681//2681
f 2687//2687 2681//2681 2682//2682
f 2687//2687 2682//2682 2683//2683
f 2687//2687 2683//2683 2684//2684
f 2687//2687 2684//2684 2685//2685
f 2685//2685 2686//2686 2687//2687
f 2791//2791 2688//2688 2689//2689
f 2791//2791 2689//2689 2690//2690
f 2791//2791 2690//2690 2691//2691
f 2791//2791 2691//2691 2692//2692
f 2791//2791 2692//2692 2693//2693
f 2791//2791 2693//2693 2694//2694
f 2791//2791 2694//2694 2695//2695
f 2791//2791 2695//2695 2696//2696
f 2791//2791 2696//2696 2697//2697
f 2791//2791 2697//2697 2698//2698
f 2791//2791 2698//2698 2699//2699
f 2791//2791 2699//2699 2700//2700
f 2791//2791 2700//2700 2701//2701
f 2791//2791 2701//2701 2702//2702
f 2791//2791 2702//2702 2703//2703
f 2791//2791 2703//2703 2704//2704
f 2791//2791 2704//2704 2705//2705
f 2791//2791 2705//2705 2706//2706
f 2791//2791 2706//2706 2707//2707
f 2791//2791 2707//2707 2708//2708
f 2791//2791 2708//2708 2709//2709
f 2791//2791 2709//2709 2710//2710
f 2791//2791 2710//2710 2711//2711
f 2791//2791 2711//2711 2712//2712
f 2791//2791 2712//2712 2713//2713
f 2791//2791 2713//2713 2714//2714
f 2791//2791 2714//2714 2715//2715
f 2791//2791 2715//2715 2716//2716
f 2791//2791 2716//2716 2717//2717
f 2791//2791 2717//2717 2718//2718
f 2791//2791 2718//2718 2719//2719
f 2791//2791 2719//2719 2720//2720
f 2791//2791 2720//2720 2721//2721
f 2791//2791 2721//2721 2722//2722
f 2791//2791 2722//2722 2723//2723
f 2791//2791 2723//2723 2724//2724
f 2791//2791 2724//2724 2725//2725
f 2791//2791 2725//2725 2726//2726
f 2791//2791 2726//2726 2727//2727
f 2791//2791 2727//2727 2728//2728
f 2791//2791 2728//2728 2729//2729
f 2791//2791 2729//2729 2730//2730
f 2791//2791 2730//2730 2731//2731
f 2791//2791 2731//2731 2732//2732
f 2791//2791 2732//2732 2733//2733
f 2791//2791 2733//2733 2734//2734
f 2791//2791 2734//2734 2735//2735
f 2791//2791 2735//2735 2736//2736
f 2791//2791 2736//2736 2737//2737
f 2791//2791 2737//2737 2738//2738
f 2791//2791 2738//2738 2739//2739
f 2791//2791 2739//2739 2740//2740
f 2791//2791 2740//2740 2741//2741
f 2791//2791 2741//2741 2742//2742
f 2791//2791 2742//2742 2743//2743
f 2791//2791 2743//2743 2744//2744
f 2791//2791 2744//2744 2745//2745
f 2791//2791 2745//2745 2746//2746
f 2791//2791 2746//2746 2747//2747
f 2791//2791 2747//2747 2748//2748
f 2791//2791 2748//2748 2749//2749
f 2791//2791 2749//2749 2750//2750
f 2791//2791 2750//2750 2751//2751
f 2791//2791 2751//2751 2752//2752
f 2791//2791 2752//2752 2753//2753
f 2791//2791 2753//2753 2754//2754
f 2791//2791 2754//2754 2755//2755
f 2791//2791 2755//2755 2756//2756
f 2791//2791 2756//2756 2757//2757
f 2791//2791 2757//2757 2758//2758
f 2791//2791 2758//2758 2759//2759
f 2791//2791 2759//2759 2760//2760
f 2791//2791 2760//2760 2761//2761
f 2791//2791 2761//2761 2762//2762
f 2791//2791 2762//2762 2763//2763
f 2791//2791 2763//2763 2764//2764
f 2791//2791 2764//2764 2765//2765
f 2791//2791 2765//2765 2766//2766
f 2791//2791 2766//2766 2767//2767
f 2791//2791 2767//2767 2768//2768
f 2791//2791 2768//2768 2769//2769
f 2791//2791 2769//2769 2770//2770
f 2791//2791 2770//2770 2771//2771
f 2791//2791 2771//2771 2772//2772
f 2791//2791 2772//2772 2773//2773
f 2791//2791 2773//2773 2774//2774
f 2791//2791 2774//2774 2775//2775
f 2791//2791 2775//2775 2776//2776
f 2791//2791 2776//2776 2777//2777
f 2791//2791 2777//2777 2778//2778
f 2791//2791 2778//2778 2779//2779
f 2791//2791 2779//2779 2780//2780
f 2791//2791 2780//2780 2781//2781
f 2791//2791 2781//2781 2782//2782
f 2791//2791 2782//2782 2783//2783
f 2791//2791 2783//2783 2784//2784
f 2791//2791 2784//2784 2785//2785
f 2791//2791 2785//2785 2786//2786
f 2791//2791 2786//2786 2787//2787
f 2791//2791 2787//2787 2788//2788
f 2791//2791 2788//2788 2789//2789
f 2789//2789 2790//2790 2791//2791
o HFL
v 0.81 -0.07 0.36
v 0.810688 -0.07 0.375275
v 0.812838 -0.07 0.390934
v 0.816562 -0.07 0.406777
v 0.821936 -0.07 0.422576
v 0.828992 -0.07 0.43808
v 0.837711 -0.07 0.453026
v 0.84802 -0.07 0.467151
v 0.859792 -0.07 0.480208
v 0.872849 -0.07 0.49198
v 0.886974 -0.07 0.502289
v 0.90192 -0.07 0.511008
v 0.917424 -0.07 0.518064
v 0.933223 -0.07 0.523438
v 0.949066 -0.07 0.527162
v 0.964725 -0.07 0.529312
v 0.98 -0.07 0.53
v 0.995275 -0.07 0.529312
v 1.01093 -0.07 0.527162
v 1.02678 -0.07 0.523438
v 1.04258 -0.07 0.518064
v 1.05808 -0.07 0.511008
v 1.07303 -0.07 0.502289
v 1.08715 -0.07 0.49198
v 1.10021 -0.07 0.480208
v 1.11198 -0.07 0.467151
v 1.12229 -0.07 0.453026
v 1.13101 -0.07 0.43808
v 1.13806 -0.07 0.422576
v 1.14344 -0.07 0.406777
v 1.14716 -0.07 0.390934
v 1.14931 -0.07 0.375275
v 1.15 -0.07 0.36
v 1.14931 -0.07 0.344725
v 1.14716 -0.07 0.329066
v 1.14344 -0.07 0.313223
v 1.13806 -0.07 0.297424
v 1.13101 -0.07 0.28192
v 1.12229 -0.07 0.266974
v 1.11198 -0.07 0.252849
v 1.10021 -0.07 0.239792
v 1.08715 -0.07 0.22802
v 1.07303 -0.07 0.217711
v 1.05808 -0.07 0.208992
v 1.04258 -0.07 0.201936
v 1.02678 -0.07 0.196562
v 1.01093 -0.07 0.192838
v 0.995275 -0.07 0.190688
v 0.98 -0.07 0.19
v 0.964725 -0.07 0.190688
v 0.949066 -0.07 0.192838
v 0.933223 -0.07 0.196562
v 0.917424 -0.07 0.201936
v 0.90192 -0.07 0.208992
v 0.886974 -0.07 0.217711
v 0.872849 -0.07 0.22802
v 0.859792 -0.07 0.239792
v 0.84802 -0.07 0.252849
v 0.837711 -0.07 0.266974
v 0.828992 -0.07 0.28192
v 0.821936 -0.07 0.297424
v 0.816562 -0.07 0.313223
v 0.812838 -0.07 0.329066
v 0.810688 -0.07 0.344725
v 0.81 -0.07 0.36
v 0.81 -0.04 0.36
v 0.810688 -0.04 0.375275
v 0.812838 -0.04 0.390934
v 0.816562 -0.04 0.406777
v 0.821936 -0.04 0.422576
v 0.828992 -0.04 0.43808
v 0.837711 -0.04 0.453026
v 0.84802 -0.04 0.467151
v 0.859792 -0.04 0.480208
v 0.872849 -0.04 0.49198
v 0.886974 -0.04 0.502289
v 0.90192 -0.04 0.511008
v 0.917424 -0.04 0.518064
v 0.933223 -0.04 0.523438
v 0.949066 -0.04 0.527162
v 0.964725 -0.04 0.529312
v 0.98 -0.04 0.53
v 0.995275 -0.04 0.529312
v 1.01093 -0.04 0.527162
v 1.02678 -0.04 0.523438
v 1.04258 -0.04 0.518064
v 1.05808 -0.04 0.511008
v 1.07303 -0.04 0.502289
v 1.08715 -0.04 0.49198
v 1.10021 -0.04 0.480208
v 1.11198 -0.04 0.467151
v 1.12229 -0.04 0.453026
v 1.13101 -0.04 0.43808
v 1.13806 -0.04 0.422576
v 1.14344 -0.04 0.406777
v 1.14716 -0.04 0.390934
v 1.14931 -0.04 0.375275
v 1.15 -0.04 0.36
v 1.14931 -0.04 0.344725
v 1.14716 -0.04 0.329066
v 1.14344 -0.04 0.313223
v 1.13806 -0.04 0.297424
v 1.13101 -0.04 0.28192
v 1.12229 -0.04 0.266974
v 1.11198 -0.04 0.252849
v 1.10021 -0.04 0.239792
v 1.08715 -0.04 0.22802
v 1.07303 -0.04 0.217711
v 1.05808 -0.04 0.208992
v 1.04258 -0.04 0.201936
v 1.02678 -0.04 0.196562
v 1.01093 -0.04 0.192838
v 0.995275 -0.04 0.190688
v 0.98 -0.04 0.19
v 0.964725 -0.04 0.190688
v 0.949066 -0.04 0.192838
v 0.933223 -0.04 0.196562
v 0.917424 -0.04 0.201936
v 0.90192 -0.04 0.208992
v 0.886974 -0.04 0.217711
v 0.872849 -0.04 0.22802
v 0.859792 -0.04 0.239792
v 0.84802 -0.04 0.252849
v 0.837711 -0.04 0.266974
v 0.828992 -0.04 0.28192
v 0.821936 -0.04 0.297424
v 0.816562 -0.04 0.313223
v 0.812838 -0.04 0.329066
v 0.810688 -0.04 0.344725
v 0.81 -0.04 0.36
v 0.81 -0.01 0.36
v 0.810688 -0.01 0.375275
v 0.812838 -0.01 0.390934
v 0.816562 -0.01 0.406777
v 0.821936 -0.01 0.422576
v 0.828992 -0.01 0.43808
v 0.837711 -0.01 0.453026
v 0.84802 -0.01 0.467151
v 0.859792 -0.01 0.480208
v 0.872849 -0.01 0.49198
v 0.886974 -0.01 0.502289
v 0.90192 -0.01 0.511008
v 0.917424 -0.01 0.518064
v 0.933223 -0.01 0.523438
v 0.949066 -0.01 0.527162
v 0.964725 -0.01 0.529312
v 0.98 -0.01 0.53
v 0.995275 -0.01 0.529312
v 1.01093 -0.01 0.527162
v 1.02678 -0.01 0.523438
v 1.04258 -0.01 0.518064
v 1.05808 -0.01 0.511008
v 1.07303 -0.01 0.502289
v 1.08715 -0.01 0.49198
v 1.10021 -0.01 0.480208
v 1.11198 -0.01 0.467151
v 1.12229 -0.01 0.453026
v 1.13101 -0.01 0.43808
v 1.13806 -0.01 0.422576
v 1.14344 -0.01 0.406777
v 1.14716 -0.01 0.390934
v 1.14931 -0.01 0.375275
v 1.15 -0.01 0.36
v 1.14931 -0.01 0.344725
v 1.14716 -0.01 0.329066
v 1.14344 -0.01 0.313223
v 1.13806 -0.01 0.297424
v 1.13101 -0.01 0.28192
v 1.12229 -0.01 0.266974
v 1.11198 -0.01 0.252849
v 1.10021 -0.01 0.239792
v 1.08715 -0.01 0.22802
v 1.07303 -0.01 0.217711
v 1.05808 -0.01 0.208992
v 1.04258 -0.01 0.201936
v 1.02678 -0.01 0.196562
v 1.01093 -0.01 0.192838
v 0.995275 -0.01 0.190688
v 0.98 -0.01 0.19
v 0.964725 -0.01 0.190688
v 0.949066 -0.01 0.192838
v 0.933223 -0.01 0.196562
v 0.917424 -0.01 0.201936
v 0.90192 -0.01 0.208992
v 0.886974 -0.01 0.217711
v 0.872849 -0.01 0.22802
v 0.859792 -0.01 0.239792
v 0.84802 -0.01 0.252849
v 0.837711 -0.01 0.266974
v 0.828992 -0.01 0.28192
v 0.821936 -0.01 0.297424
v 0.816562 -0.01 0.313223
v 0.812838 -0.01 0.329066
v 0.810688 -0.01 0.344725
v 0.81 -0.01 0.36
v 0.81 -0.07 0.36
v 0.810688 -0.07 0.344725
v 0.812838 -0.07 0.329066
v 0.816562 -0.07 0.313223
v 0.821936 -0.07 0.297424
v 0.825254 -0.07 0.289619
v 0.828992 -0.07 0.28192
v 0.833147 -0.07 0.274361
v 0.837711 -0.07 0.266974
v 0.842673 -0.07 0.259793
v 0.84802 -0.07 0.252849
v 0.853733 -0.07 0.246173
v 0.859792 -0.07 0.239792
v 0.866173 -0.07 0.233733
v 0.872849 -0.07 0.22802
v 0.879793 -0.07 0.222673
v 0.886974 -0.07 0.217711
v 0.894361 -0.07 0.213147
v 0.90192 -0.07 0.208992
v 0.909619 -0.07 0.205254
v 0.917424 -0.07 0.201936
v 0.933223 -0.07 0.196562
v 0.949066 -0.07 0.192838
v 0.964725 -0.07 0.190688
v 0.98 -0.07 0.19
v 0.995275 -0.07 0.190688
v 1.01093 -0.07 0.192838
v 1.02678 -0.07 0.196562
v 1.04258 -0.07 0.201936
v 1.05038 -0.07 0.205254
v 1.05808 -0.07 0.208992
v 1.06564 -0.07 0.213147
v 1.07303 -0.07 0.217711
v 1.08021 -0.07 0.222673
v 1.08715 -0.07 0.22802
v 1.09383 -0.07 0.233733
v 1.10021 -0.07 0.239792
v 1.10627 -0.07 0.246173
v 1.11198 -0.07 0.252849
v 1.11733 -0.07 0.259793
v 1.12229 -0.07 0.266974
v 1.12685 -0.07 0.274361
v 1.13101 -0.07 0.28192
v 1.13475 -0.07 0.289619
v 1.13806 -0.07 0.297424
v 1.14344 -0.07 0.313223
v 1.14716 -0.07 0.329066
v 1.14931 -0.07 0.344725
v 1.15 -0.07 0.36
v 1.14931 -0.07 0.375275
v 1.14716 -0.07 0.390934
v 1.14344 -0.07 0.406777
v 1.13806 -0.07 0.422576
v 1.13475 -0.07 0.430381
v 1.13101 -0.07 0.43808
v 1.12685 -0.07 0.445639
v 1.12229 -0.07 0.453026
v 1.11733 -0.07 0.460207
v 1.11198 -0.07 0.467151
v 1.10627 -0.07 0.473827
v 1.10021 -0.07 0.480208
v 1.09383 -0.07 0.486267
v 1.08715 -0.07 0.49198
v 1.08021 -0.07 0.497327
v 1.07303 -0.07 0.502289
v 1.06564 -0.07 0.506853
v 1.05808 -0.07 0.511008
v 1.05038 -0.07 0.514746
v 1.04258 -0.07 0.518064
v 1.02678 -0.07 0.523438
v 1.01093 -0.07 0.527162
v 0.995275 -0.07 0.529312
v 0.98 -0.07 0.53
v 0.964725 -0.07 0.529312
v 0.949066 -0.07 0.527162
v 0.933223 -0.07 0.523438
v 0.917424 -0.07 0.518064
v 0.909619 -0.07 0.514746
v 0.90192 -0.07 0.511008
v 0.894361 -0.07 0.506853
v 0.886974 -0.07 0.502289
v 0.879793 -0.07 0.497327
v 0.872849 -0.07 0.49198
v 0.866173 -0.07 0.486267
v 0.859792 -0.07 0.480208
v 0.853733 -0.07 0.473827
v 0.84802 -0.07 0.467151
v 0.842673 -0.07 0.460207
v 0.837711 -0.07 0.453026
v 0.833147 -0.07 0.445639
v 0.828992 -0.07 0.43808
v 0.825254 -0.07 0.430381
v 0.821936 -0.07 0.422576
v 0.816562 -0.07 0.406777
v 0.812838 -0.07 0.390934
v 0.810688 -0.07 0.375275
v 0.81 -0.01 0.36
v 0.810688 -0.01 0.375275
v 0.812838 -0.01 0.390934
v 0.816562 -0.01 0.406777
v 0.821936 -0.01 0.422576
v 0.825254 -0.01 0.430381
v 0.828992 -0.01 0.43808
v 0.833147 -0.01 0.445639
v 0.837711 -0.01 0.453026
v 0.842673 -0.01 0.460207
v 0.84802 -0.01 0.467151
v 0.853733 -0.01 0.473827
v 0.859792 -0.01 0.480208
v 0.866173 -0.01 0.486267
v 0.872849 -0.01 0.49198
v 0.879793 -0.01 0.497327
v 0.886974 -0.01 0.502289
v 0.894361 -0.01 0.506853
v 0.90192 -0.01 0.511008
v 0.909619 -0.01 0.514746
v 0.917424 -0.01 0.518064
v 0.933223 -0.01 0.523438
v 0.949066 -0.01 0.527162
v 0.964725 -0.01 0.529312
v 0.98 -0.01 0.53
v 0.995275 -0.01 0.529312
v 1.01093 -0.01 0.527162
v 1.02678 -0.01 0.523438
v 1.04258 -0.01 0.518064
v 1.05038 -0.01 0.514746
v 1.05808 -0.01 0.511008
v 1.06564 -0.01 0.506853
v 1.07303 -0.01 0.502289
v 1.08021 -0.01 0.497327
v 1.08715 -0.01 0.49198
v 1.09383 -0.01 0.486267
v 1.10021 -0.01 0.480208
v 1.10627 -0.01 0.473827
v 1.11198 -0.01 0.467151
v 1.11733 -0.01 0.460207
v 1.12229 -0.01 0.453026
v 1.12685 -0.01 0.445639
v 1.13101 -0.01 0.43808
v 1.13475 -0.01 0.430381
v 1.13806 -0.01 0.422576
v 1.14344 -0.01 0.406777
v 1.14716 -0.01 0.390934
v 1.14931 -0.01 0.375275
v 1.15 -0.01 0.36
v 1.14931 -0.01 0.344725
v 1.14716 -0.01 0.329066
v 1.14344 -0.01 0.313223
v 1.13806 -0.01 0.297424
v 1.13475 -0.01 0.289619
v 1.13101 -0.01 0.28192
v 1.12685 -0.01 0.274361
v 1.12229 -0.01 0.266974
v 1.11733 -0.01 0.259793
v 1.11198 -0.01 0.252849
v 1.10627 -0.01 0.246173
v 1.10021 -0.01 0.239792
v 1.09383 -0.01 0.233733
v 1.08715 -0.01 0.22802
v 1.08021 -0.01 0.222673
v 1.07303 -0.01 0.217711
v 1.06564 -0.01 0.213147
v 1.05808 -0.01 0.208992
v 1.05038 -0.01 0.205254
v 1.04258 -0.01 0.201936
v 1.02678 -0.01 0.196562
v 1.01093 -0.01 0.192838
v 0.995275 -0.01 0.190688
v 0.98 -0.01 0.19
v 0.964725 -0.01 0.190688
v 0.949066 -0.01 0.192838
v 0.933223 -0.01 0.196562
v 0.917424 -0.01 0.201936
v 0.909619 -0.01 0.205254
v 0.90192 -0.01 0.208992
v 0.894361 -0.01 0.213147
v 0.886974 -0.01 0.217711
v 0.879793 -0.01 0.222673
v 0.872849 -0.01 0.22802
v 0.866173 -0.01 0.233733
v 0.859792 -0.01 0.239792
v 0.853733 -0.01 0.246173
v 0.84802 -0.01 0.252849
v 0.842673 -0.01 0.259793
v 0.837711 -0.01 0.266974
v 0.833147 -0.01 0.274361
v 0.828992 -0.01 0.28192
v 0.825254 -0.01 0.289619
v 0.821936 -0.01 0.297424
v 0.816562 -0.01 0.313223
v 0.812838 -0.01 0.329066
v 0.810688 -0.01 0.344725
vn -1 0 2.30896e-16
vn -0.995955 0 0.0898544
vn -0.983305 0 0.181963
vn -0.961399 0 0.275158
vn -0.929788 0 0.368095
vn -0.888284 0 0.459295
vn -0.836996 0 0.54721
vn -0.776353 0 0.630298
vn -0.707107 0 0.707107
vn -0.630298 0 0.776353
vn -0.54721 0 0.836996
vn -0.459295 0 0.888284
vn -0.368095 0 0.929788
vn -0.275158 0 0.961399
vn -0.181963 0 0.983305
vn -0.0898544 0 0.995955
vn -2.30896e-16 0 1
vn 0.0898544 -0 0.995955
vn 0.181963 -0 0.983305
vn 0.275158 -0 0.961399
vn 0.368095 -0 0.929788
vn 0.459295 -0 0.888284
vn 0.54721 -0 0.836996
vn 0.630298 -0 0.776353
vn 0.707107 -0 0.707107
vn 0.776353 -0 0.630298
vn 0.836996 -0 0.54721
vn 0.888284 -0 0.459295
vn 0.929788 -0 0.368095
vn 0.961399 -0 0.275158
vn 0.983305 -0 0.181963
vn 0.995955 -0 0.0898544
vn 1 -0 1.38538e-15
vn 0.995955 0 -0.0898544
vn 0.983305 0 -0.181963
vn 0.961399 0 -0.275158
vn 0.929788 0 -0.368095
vn 0.888284 0 -0.459295
vn 0.836996 0 -0.54721
vn 0.776353 0 -0.630298
vn 0.707107 0 -0.707107
vn 0.630298 0 -0.776353
vn 0.54721 0 -0.836996
vn 0.459295 0 -0.888284
vn 0.368095 0 -0.929788
vn 0.275158 0 -0.961399
vn 0.181963 0 -0.983305
vn 0.0898544 0 -0.995955
vn 2.30896e-16 0 -1
vn -0.0898544 0 -0.995955
vn -0.181963 0 -0.983305
vn -0.275158 0 -0.961399
vn -0.368095 0 -0.929788
vn -0.459295 0 -0.888284
vn -0.54721 0 -0.836996
vn -0.630298 0 -0.776353
vn -0.707107 0 -0.707107
vn -0.776353 0 -0.630298
vn -0.836996 0 -0.54721
vn -0.888284 0 -0.459295
vn -0.929788 0 -0.368095
vn -0.961399 0 -0.275158
vn -0.983305 0 -0.181963
vn -0.995955 0 -0.0898544
vn -1 0 -2.30896e-16
vn -1 0 6.92688e-16
vn -0.995955 0 0.0898544
vn -0.983305 0 0.181963
vn -0.961399 0 0.275158
vn -0.929788 0 0.368095
vn -0.888284 0 0.459295
vn -0.836996 0 0.54721
vn -0.776353 0 0.630298
vn -0.707107 0 0.707107
vn -0.630298 0 0.776353
vn -0.54721 0 0.836996
vn -0.459295 0 0.888284
vn -0.368095 0 0.929788
vn -0.275158 0 0.961399
vn -0.181963 0 0.983305
vn -0.0898544 0 0.995955
vn -4.61792e-16 0 1
vn 0.0898544 -0 0.995955
vn 0.181963 -0 0.983305
vn 0.275158 -0 0.961399
vn 0.368095 -0 0.929788
vn 0.459295 -0 0.888284
vn 0.54721 -0 0.836996
vn 0.630298 -0 0.776353
vn 0.707107 -0 0.707107
vn 0.776353 -0 0.630298
vn 0.836996 -0 0.54721
vn 0.888284 -0 0.459295
vn 0.929788 -0 0.368095
vn 0.961399 -0 0.275158
vn 0.983305 -0 0.181963
vn 0.995955 -0 0.0898544
vn 1 -0 1.84717e-15
vn 0.995955 0 -0.0898544
vn 0.983305 0 -0.181963
vn 0.961399 0 -0.275158
vn 0.929788 0 -0.368095
vn 0.888284 0 -0.459295
vn 0.836996 0 -0.54721
vn 0.776353 0 -0.630298
vn 0.707107 0 -0.707107
vn 0.630298 0 -0.776353
vn 0.54721 0 -0.836996
vn 0.459295 0 -0.888284
vn 0.368095 0 -0.929788
vn 0.275158 0 -0.961399
vn 0.181963 0 -0.983305
vn 0.0898544 0 -0.995955
vn 1.73172e-16 0 -1
vn -0.0898544 0 -0.995955
vn -0.181963 0 -0.983305
vn -0.275158 0 -0.961399
vn -0.368095 0 -0.929788
vn -0.459295 0 -0.888284
vn -0.54721 0 -0.836996
vn -0.630298 0 -0.776353
vn -0.707107 0 -0.707107
vn -0.776353 0 -0.630298
vn -0.836996 0 -0.54721
vn -0.888284 0 -0.459295
vn -0.929788 0 -0.368095
vn -0.961399 0 -0.275158
vn -0.983305 0 -0.181963
vn -0.995955 0 -0.0898544
vn -1 0 -2.30896e-16
vn -1 0 2.30896e-16
vn -0.995955 0 0.0898544
vn -0.983305 0 0.181963
vn -0.961399 0 0.275158
vn -0.929788 0 0.368095
vn -0.888284 0 0.459295
vn -0.836996 0 0.54721
vn -0.776353 0 0.630298
vn -0.707107 0 0.707107
vn -0.630298 0 0.776353
vn -0.54721 0 0.836996
vn -0.459295 0 0.888284
vn -0.368095 0 0.929788
vn -0.275158 0 0.961399
vn -0.181963 0 0.983305
vn -0.0898544 0 0.995955
vn -2.30896e-16 0 1
vn 0.0898544 -0 0.995955
vn 0.181963 -0 0.983305
vn 0.275158 -0 0.961399
vn 0.368095 -0 0.929788
vn 0.459295 -0 0.888284
vn 0.54721 -0 0.836996
vn 0.630298 -0 0.776353
vn 0.707107 -0 0.707107
vn 0.776353 -0 0.630298
vn 0.836996 -0 0.54721
vn 0.888284 -0 0.459295
vn 0.929788 -0 0.368095
vn 0.961399 -0 0.275158
vn 0.983305 -0 0.181963
vn 0.995955 -0 0.0898544
vn 1 -0 1.38538e-15
vn 0.995955 0 -0.0898544
vn 0.983305 0 -0.181963
vn 0.961399 0 -0.275158
vn 0.929788 0 -0.368095
vn 0.888284 0 -0.459295
vn 0.836996 0 -0.54721
vn 0.776353 0 -0.630298
vn 0.707107 0 -0.707107
vn 0.630298 0 -0.776353
vn 0.54721 0 -0.836996
vn 0.459295 0 -0.888284
vn 0.368095 0 -0.929788
vn 0.275158 0 -0.961399
vn 0.181963 0 -0.983305
vn 0.0898544 0 -0.995955
vn 2.30896e-16 0 -1
vn -0.0898544 0 -0.995955
vn -0.181963 0 -0.983305
vn -0.275158 0 -0.961399
vn -0.368095 0 -0.929788
vn -0.459295 0 -0.888284
vn -0.54721 0 -0.836996
vn -0.630298 0 -0.776353
vn -0.707107 0 -0.707107
vn -0.776353 0 -0.630298
vn -0.836996 0 -0.54721
vn -0.888284 0 -0.459295
vn -0.929788 0 -0.368095
vn -0.961399 0 -0.275158
vn -0.983305 0 -0.181963
vn -0.995955 0 -0.0898544
vn -1 0 -2.30896e-16
vn -1.55431e-17 -1 0
vn -1.38778e-17 -1 0
vn -1.38778e-17 -1 0
vn -1.38778e-17 -1 0
vn -2.16493e-17 -1 0
vn 8.32667e-19 -1 0
vn 1.47105e-17 -1 0
vn -8.60423e-18 -1 0
vn -7.77156e-18 -1 0
vn -1.38778e-17 -1 0
vn 1.55431e-17 -1 0
vn -7.77156e-18 -1 0
vn -3.05311e-18 -1 0
vn -1.04083e-17 -1 0
vn -1.249e-18 -1 0
vn 1.81799e-17 -1 0
vn 7.35523e-18 -1 0
vn -1.51268e-17 -1 0
vn 4.16334e-19 -1 0
vn -1.85962e-17 -1 0
vn 4.57967e-18 -1 0
vn 4.30211e-18 -1 0
vn -2.40086e-17 -1 0
vn 8.88178e-18 -1 0
vn 1.70003e-17 -1 0
vn -2.22738e-17 -1 0
vn 2.77556e-18 -1 0
vn 4.30211e-18 -1 0
vn 2.63678e-18 -1 0
vn -2.2482e-17 -1 0
vn -4.71845e-18 -1 0
vn -1.81799e-17 -1 0
vn -1.249e-18 -1 0
vn -1.04083e-17 -1 0
vn 1.249e-18 -1 0
vn 1.85962e-17 -1 0
vn -2.22045e-18 -1 0
vn 8.32667e-19 -1 0
vn -2.16493e-17 -1 0
vn 6.10623e-18 -1 0
vn 2.2482e-17 -1 0
vn -2.94209e-17 -1 0
vn 6.93889e-18 -1 0
vn -7.77156e-18 -1 0
vn -7.77156e-18 -1 0
vn 1.55431e-17 -1 0
vn 0 -1 0
vn -1.55431e-17 -1 0
vn -1.38778e-17 -1 0
vn -1.55431e-17 -1 0
vn 0 -1 0
vn 1.55431e-17 -1 0
vn 0 -1 0
vn 0 -1 0
vn 1.55431e-17 -1 0
vn -2.77556e-17 -1 0
vn 3.10862e-17 -1 0
vn 0 -1 0
vn 0 -1 0
vn 0 -1 0
vn 0 -1 0
vn 0 -1 0
vn 0 -1 0
vn 0 -1 0
vn 0 -1 0
vn -2.77556e-17 -1 0
vn 0 -1 0
vn 0 -1 0
vn 0 -1 0
vn 0 -1 0
vn 3.10862e-17 -1 0
vn 0 -1 0
vn 0 -1 0
vn 0 -1 0
vn 0 -1 0
vn 0 -1 0
vn 0 -1 0
vn 0 -1 0
vn 0 -1 0
vn -2.77556e-17 -1 0
vn 0 -1 0
vn 0 -1 0
vn 0 -1 0
vn 0 -1 0
vn 0 -1 0
vn 0 -1 0
vn 0 -1 0
vn 2.77556e-17 -1 0
vn 3.10862e-17 -1 0
vn -2.77556e-17 -1 0
vn 1.55431e-17 -1 0
vn 0 -1 0
vn 0 -1 0
vn -1.38778e-17 -1 0
vn 1.55431e-17 -1 0
vn 1.55431e-17 -1 0
vn 0 1 3.46945e-18
vn 0 1 3.46945e-18
vn 0 1 3.46945e-18
vn 1.249e-18 1 3.46945e-18
vn 2.22045e-18 1 3.46945e-18
vn -3.46945e-18 1 6.93889e-18
vn 2.22045e-18 1 3.46945e-18
vn 0 1 3.46945e-18
vn 4.44089e-18 1 3.46945e-18
vn 0 1 3.46945e-18
vn 0 1 3.46945e-18
vn 0 1 3.46945e-18
vn 0 1 3.46945e-18
vn 0 1 3.46945e-18
vn 0 1 3.46945e-18
vn 0 1 3.46945e-18
vn 0 1 6.93889e-18
vn 0 1 3.46945e-18
vn -3.46945e-18 1 3.46945e-18
vn 0 1 3.46945e-18
vn 0 1 6.93889e-18
vn 0 1 3.46945e-18
vn 0 1 5.20417e-18
vn 0 1 3.46945e-18
vn 0 1 5.20417e-18
vn 0 1 5.20417e-18
vn -3.46945e-18 1 6.93889e-18
vn 0 1 1.73472e-18
vn 0 1 5.20417e-18
vn 0 1 5.20417e-18
vn -3.46945e-18 1 5.20417e-18
vn 0 1 4.33681e-18
vn 0 1 5.20417e-18
vn -1.15556e-33 1 5.20417e-18
vn 0 1 4.33681e-18
vn 0 1 4.33681e-18
vn 0 1 4.33681e-18
vn 0 1 4.33681e-18
vn 0 1 4.33681e-18
vn 0 1 3.90313e-18
vn 4.44089e-18 1 3.90313e-18
vn 1.249e-18 1 3.90313e-18
vn 2.22045e-18 1 3.90313e-18
vn 1.249e-18 1 3.90313e-18
vn -3.46945e-18 1 3.90313e-18
vn -3.46945e-18 1 3.90313e-18
vn 0 1 3.68629e-18
vn 4.85723e-19 1 3.68629e-18
vn 0 1 3.68629e-18
vn 0 1 3.68629e-18
vn 4.0926e-34 1 3.68629e-18
vn 0 1 3.90313e-18
vn 4.85723e-19 1 3.90313e-18
vn 0 1 3.90313e-18
vn 4.85723e-19 1 3.90313e-18
vn -1.35308e-18 1 3.90313e-18
vn -3.08781e-18 1 7.37257e-18
vn -1.97758e-18 1 4.33681e-18
vn -2.40741e-34 1 4.33681e-18
vn -8.67362e-19 1 7.80626e-18
vn 1.66533e-18 1 4.33681e-18
vn 2.84495e-18 1 4.33681e-18
vn 4.85723e-19 1 4.33681e-18
vn 2.42861e-19 1 4.33681e-18
vn 1.17961e-18 1 5.20417e-18
vn -8.67362e-19 1 4.33681e-18
vn 6.245e-19 1 5.20417e-18
vn -2.28983e-18 1 0
vn -4.68375e-19 1 5.20417e-18
vn -3.46945e-20 1 5.20417e-18
vn 2.0383e-18 1 5.20417e-18
vn 1.5786e-18 1 3.46945e-18
vn -8.23994e-19 1 5.20417e-18
vn -2.81025e-18 1 5.20417e-18
vn -1.29237e-18 1 3.46945e-18
vn -3.46945e-20 1 3.46945e-18
vn -4.68375e-19 1 3.46945e-18
vn -2.37657e-18 1 3.46945e-18
vn 6.245e-19 1 3.46945e-18
vn -7.97973e-19 1 3.46945e-18
vn 2.96638e-18 1 3.46945e-18
vn -4.33681e-19 1 3.46945e-18
vn 8.67362e-19 1 3.46945e-18
vn -1.92593e-34 1 3.46945e-18
vn -1.66533e-18 1 3.46945e-18
vn -1.11022e-18 1 3.46945e-18
vn -3.08781e-18 1 3.46945e-18
vn 4.85723e-19 1 3.46945e-18
vn -1.97758e-18 1 3.46945e-18
vn 3.08781e-18 1 3.46945e-18
vn 2.42861e-19 1 6.93889e-18
vn 1.11022e-18 1 3.46945e-18
vn 6.245e-19 1 3.46945e-18
vn 4.85723e-19 1 3.46945e-18
vn -3.85186e-34 1 3.46945e-18
vn -4.85723e-19 1 3.46945e-18
g HFL_chrome
usemtl chrome
f 2792//2792 2793//2793 2858//2858
f 2792//2792 2858//2858 2857//2857
f 2793//2793 2794//2794 2859//2859
f 2793//2793 2859//2859 2858//2858
f 2794//2794 2795//2795 2860//2860
f 2794//2794 2860//2860 2859//2859
f 2795//2795 2796//2796 2861//2861
f 2795//2795 2861//2861 2860//2860
f 2796//2796 2797//2797 2862//2862
f 2796//2796 2862//2862 2861//2861
f 2797//2797 2798//2798 2863//2863
f 2797//2797 2863//2863 2862//2862
f 2798//2798 2799//2799 2864//2864
f 2798//2798 2864//2864 2863//2863
f 2799//2799 2800//2800 2865//2865
f 2799//2799 2865//2865 2864//2864
f 2800//2800 2801//2801 2866//2866
f 2800//2800 2866//2866 2865//2865
f 2801//2801 2802//2802 2867//2867
f 2801//2801 2867//2867 2866//2866
f 2802//2802 2803//2803 2868//2868
f 2802//2802 2868//2868 2867//2867
f 2803//2803 2804//2804 2869//2869
f 2803//2803 2869//2869 2868//2868
f 2804//2804 2805//2805 2870//2870
f 2804//2804 2870//2870 2869//2869
f 2805//2805 2806//2806 2871//2871
f 2805//2805 2871//2871 2870//2870
f 2806//2806 2807//2807 2872//2872
f 2806//2806 2872//2872 2871//2871
f 2807//2807 2808//2808 2873//2873
f 2807//2807 2873//2873 2872//2872
f 2808//2808 2809//2809 2874//2874
f 2808//2808 2874//2874 2873//2873
f 2809//2809 2810//2810 2875//2875
f 2809//2809 2875//2875 2874//2874
f 2810//2810 2811//2811 2876//2876
f 2810//2810 2876//2876 2875//2875
f 2811//2811 2812//2812 2877//2877
f 2811//2811 2877//2877 2876//2876
f 2812//2812 2813//2813 2878//2878
f 2812//2812 2878//2878 2877//2877
f 2813//2813 2814//2814 2879//2879
f 2813//2813 2879//2879 2878//2878
f 2814//2814 2815//2815 2880//2880
f 2814//2814 2880//2880 2879//2879
f 2815//2815 2816//2816 2881//2881
f 2815//2815 2881//2881 2880//2880
f 2816//2816 2817//2817 2882//2882
f 2816//2816 2882//2882 2881//2881
f 2817//2817 2818//2818 2883//2883
f 2817//2817 2883//2883 2882//2882
f 2818//2818 2819//2819 2884//2884
f 2818//2818 2884//2884 2883//2883
f 2819//2819 2820//2820 2885//2885
f 2819//2819 2885//2885 2884//2884
f 2820//2820 2821//2821 2886//2886
f 2820//2820 2886//2886 2885//2885
f 2821//2821 2822//2822 2887//2887
f 2821//2821 2887//2887 2886//2886
f 2822//2822 2823//2823 2888//2888
f 2822//2822 2888//2888 2887//2887
f 2823//2823 2824//2824 2889//2889
f 2823//2823 2889//2889 2888//2888
f 2824//2824 2825//2825 2890//2890
f 2824//2824 2890//2890 2889//2889
f 2825//2825 2826//2826 2891//2891
f 2825//2825 2891//2891 2890//2890
f 2826//2826 2827//2827 2892//2892
f 2826//2826 2892//2892 2891//2891
f 2827//2827 2828//2828 2893//2893
f 2827//2827 2893//2893 2892//2892
f 2828//2828 2829//2829 2894//2894
f 2828//2828 2894//2894 2893//2893
f 2829//2829 2830//2830 2895//2895
f 2829//2829 2895//2895 2894//2894
f 2830//2830 2831//2831 2896//2896
f 2830//2830 2896//2896 2895//2895
f 2831//2831 2832//2832 2897//2897
f 2831//2831 2897//2897 2896//2896
f 2832//2832 2833//2833 2898//2898
f 2832//2832 2898//2898 2897//2897
f 2833//2833 2834//2834 2899//2899
f 2833//2833 2899//2899 2898//2898
f 2834//2834 2835//2835 2900//2900
f 2834//2834 2900//2900 2899//2899
f 2835//2835 2836//2836 2901//2901
f 2835//2835 2901//2901 2900//2900
f 2836//2836 2837//2837 2902//2902
f 2836//2836 2902//2902 2901//2901
f 2837//2837 2838//2838 2903//2903
f 2837//2837 2903//2903 2902//2902
f 2838//2838 2839//2839 2904//2904
f 2838//2838 2904//2904 2903//2903
f 2839//2839 2840//2840 2905//2905
f 2839//2839 2905//2905 2904//2904
f 2840//2840 2841//2841 2906//2906
f 2840//2840 2906//2906 2905//2905
f 2841//2841 2842//2842 2907//2907
f 2841//2841 2907//2907 2906//2906
f 2842//2842 2843//2843 2908//2908
f 2842//2842 2908//2908 2907//2907
f 2843//2843 2844//2844 2909//2909
f 2843//2843 2909//2909 2908//2908
f 2844//2844 2845//2845 2910//2910
f 2844//2844 2910//2910 2909//2909
f 2845//2845 2846//2846 2911//2911
f 2845//2845 2911//2911 2910//2910
f 2846//2846 2847//2847 2912//2912
f 2846//2846 2912//2912 2911//2911
f 2847//2847 2848//2848 2913//2913
f 2847//2847 2913//2913 2912//2912
f 2848//2848 2849//2849 2914//2914
f 2848//2848 2914//2914 2913//2913
f 2849//2849 2850//2850 2915//2915
f 2849//2849 2915//2915 2914//2914
f 2850//2850 2851//2851 2916//2916
f 2850//2850 2916//2916 2915//2915
f 2851//2851 2852//2852 2917//2917
f 2851//2851 2917//2917 2916//2916
f 2852//2852 2853//2853 2918//2918
f 2852//2852 2918//2918 2917//2917
f 2853//2853 2854//2854 2919//2919
f 2853//2853 2919//2919 2918//2918
f 2854//2854 2855//2855 2920//2920
f 2854//2854 2920//2920 2919//2919
f 2855//2855 2856//2856 2921//2921
f 2855//2855 2921//2921 2920//2920
f 2857//2857 2858//2858 2923//2923
f 2857//2857 2923//2923 2922//2922
f 2858//2858 2859//2859 2924//2924
f 2858//2858 2924//2924 2923//2923
f 2859//2859 2860//2860 2925//2925
f 2859//2859 2925//2925 2924//2924
f 2860//2860 2861//2861 2926//2926
f 2860//2860 2926//2926 2925//2925
f 2861//2861 2862//2862 2927//2927
f 2861//2861 2927//2927 2926//2926
f 2862//2862 2863//2863 2928//2928
f 2862//2862 2928//2928 2927//2927
f 2863//2863 2864//2864 2929//2929
f 2863//2863 2929//2929 2928//2928
f 2864//2864 2865//2865 2930//2930
f 2864//2864 2930//2930 2929//2929
f 2865//2865 2866//2866 2931//2931
f 2865//2865 2931//2931 2930//2930
f 2866//2866 2867//2867 2932//2932
f 2866//2866 2932//2932 2931//2931
f 2867//2867 2868//2868 2933//2933
f 2867//2867 2933//2933 2932//2932
f 2868//2868 2869//2869 2934//2934
f 2868//2868 2934//2934 2933//2933
f 2869//2869 2870//2870 2935//2935
f 2869//2869 2935//2935 2934//2934
f 2870//2870 2871//2871 2936//2936
f 2870//2870 2936//2936 2935//2935
f 2871//2871 2872//2872 2937//2937
f 2871//2871 2937//2937 2936//2936
f 2872//2872 2873//2873 2938//2938
f 2872//2872 2938//2938 2937//2937
f 2873//2873 2874//2874 2939//2939
f 2873//2873 2939//2939 2938//2938
f 2874//2874 2875//2875 2940//2940
f 2874//2874 2940//2940 2939//2939
f 2875//2875 2876//2876 2941//2941
f 2875//2875 2941//2941 2940//2940
f 2876//2876 2877//2877 2942//2942
f 2876//2876 2942//2942 2941//2941
f 2877//2877 2878//2878 2943//2943
f 2877//2877 2943//2943 2942//2942
f 2878//2878 2879//2879 2944//2944
f 2878//2878 2944//2944 2943//2943
f 2879//2879 2880//2880 2945//2945
f 2879//2879 2945//2945 2944//2944
f 2880//2880 2881//2881 2946//2946
f 2880//2880 2946//2946 2945//2945
f 2881//2881 2882//2882 2947//2947
f 2881//2881 2947//2947 2946//2946
f 2882//2882 2883//2883 2948//2948
f 2882//2882 2948//2948 2947//2947
f 2883//2883 2884//2884 2949//2949
f 2883//2883 2949//2949 2948//2948
f 2884//2884 2885//2885 2950//2950
f 2884//2884 2950//2950 2949//2949
f 2885//2885 2886//2886 2951//2951
f 2885//2885 2951//2951 2950//2950
f 2886//2886 2887//2887 2952//2952
f 2886//2886 2952//2952 2951//2951
f 2887//2887 2888//2888 2953//2953
f 2887//2887 2953//2953 2952//2952
f 2888//2888 2889//2889 2954//2954
f 2888//2888 2954//2954 2953//2953
f 2889//2889 2890//2890 2955//2955
f 2889//2889 2955//2955 2954//2954
f 2890//2890 2891//2891 2956//2956
f 2890//2890 2956//2956 2955//2955
f 2891//2891 2892//2892 2957//2957
f 2891//2891 2957//2957 2956//2956
f 2892//2892 2893//2893 2958//2958
f 2892//2892 2958//2958 2957//2957
f 2893//2893 2894//2894 2959//2959
f 2893//2893 2959//2959 2958//2958
f 2894//2894 2895//2895 2960//2960
f 2894//2894 2960//2960 2959//2959
f 2895//2895 2896//2896 2961//2961
f 2895//2895 2961//2961 2960//2960
f 2896//2896 2897//2897 2962//2962
f 2896//2896 2962//2962 2961//2961
f 2897//2897 2898//2898 2963//2963
f 2897//2897 2963//2963 2962//2962
f 2898//2898 2899//2899 2964//2964
f 2898//2898 2964//2964 2963//2963
f 2899//2899 2900//2900 2965//2965
f 2899//2899 2965//2965 2964//2964
f 2900//2900 2901//2901 2966//2966
f 2900//2900 2966//2966 2965//2965
f 2901//2901 2902//2902 2967//2967
f 2901//2901 2967//2967 2966//2966
f 2902//2902 2903//2903 2968//2968
f 2902//2902 2968//2968 2967//2967
f 2903//2903 2904//2904 2969//2969
f 2903//2903 2969//2969 2968//2968
f 2904//2904 2905//2905 2970//2970
f 2904//2904 2970//2970 2969//2969
f 2905//2905 2906//2906 2971//2971
f 2905//2905 2971//2971 2970//2970
f 2906//2906 2907//2907 2972//2972
f 2906//2906 2972//2972 2971//2971
f 2907//2907 2908//2908 2973//2973
f 2907//2907 2973//2973 2972//2972
f 2908//2908 2909//2909 2974//2974
f 2908//2908 2974//2974 2973//2973
f 2909//2909 2910//2910 2975//2975
f 2909//2909 2975//2975 2974//2974
f 2910//2910 2911//2911 2976//2976
f 2910//2910 2976//2976 2975//2975
f 2911//2911 2912//2912 2977//2977
f 2911//2911 2977//2977 2976//2976
f 2912//2912 2913//2913 2978//2978
f 2912//2912 2978//2978 2977//2977
f 2913//2913 2914//2914 2979//2979
f 2913//2913 2979//2979 2978//2978
f 2914//2914 2915//2915 2980//2980
f 2914//2914 2980//2980 2979//2979
f 2915//2915 2916//2916 2981//2981
f 2915//2915 2981//2981 2980//2980
f 2916//2916 2917//2917 2982//2982
f 2916//2916 2982//2982 2981//2981
f 2917//2917 2918//2918 2983//2983
f 2917//2917 2983//2983 2982//2982
f 2918//2918 2919//2919 2984//2984
f 2918//2918 2984//2984 2983//2983
f 2919//2919 2920//2920 2985//2985
f 2919//2919 2985//2985 2984//2984
f 2920//2920 2921//2921 2986//2986
f 2920//2920 2986//2986 2985//2985
f 3082//3082 2987//2987 2988//2988
f 3082//3082 2988//2988 2989//2989
f 3082//3082 2989//2989 2990//2990
f 3082//3082 2990//2990 2991//2991
f 3082//3082 2991//2991 2992//2992
f 3082//3082 2992//2992 2993//2993
f 3082//3082 2993//2993 2994//2994
f 3082//3082 2994//2994 2995//2995
f 3082//3082 2995//2995 2996//2996
f 3082//3082 2996//2996 2997//2997
f 3082//3082 2997//2997 2998//2998
f 3082//3082 2998//2998 2999//2999
f 3082//3082 2999//2999 3000//3000
f 3082//3082 3000//3000 3001//3001
f 3082//3082 3001//3001 3002//3002
f 3082//3082 3002//3002 3003//3003
f 3082//3082 3003//3003 3004//3004
f 3082//3082 3004//3004 3005//3005
f 3082//3082 3005//3005 3006//3006
f 3082//3082 3006//3006 3007//3007
f 3082//3082 3007//3007 3008//3008
f 3082//3082 3008//3008 3009//3009
f 3082//3082 3009//3009 3010//3010
f 3082//3082 3010//3010 3011//3011
f 3082//3082 3011//3011 3012//3012
f 3082//3082 3012//3012 3013//3013
f 3082//3082 3013//3013 3014//3014
f 3082//3082 3014//3014 3015//3015
f 3082//3082 3015//3015 3016//3016
f 3082//3082 3016//3016 3017//3017
f 3082//3082 3017//3017 3018//3018
f 3082//3082 3018//3018 3019//3019
f 3082//3082 3019//3019 3020//3020
f 3082//3082 3020//3020 3021//3021
f 3082//3082 3021//3021 3022//3022
f 3082//3082 3022//3022 3023//3023
f 3082//3082 3023//3023 3024//3024
f 3082//3082 3024//3024 3025//3025
f 3082//3082 3025//3025 3026//3026
f 3082//3082 3026//3026 3027//3027
f 3082//3082 3027//3027 3028//3028
f 3082//3082 3028//3028 3029//3029
f 3082//3082 3029//3029 3030//3030
f 3082//3082 3030//3030 3031//3031
f 3082//3082 3031//3031 3032//3032
f 3082//3082 3032//3032 3033//3033
f 3082//3082 3033//3033 3034//3034
f 3082//3082 3034//3034 3035//3035
f 3082//3082 3035//3035 3036//3036
f 3082//3082 3036//3036 3037//3037
f 3082//3082 3037//3037 3038//3038
f 3082//3082 3038//3038 3039//3039
f 3082//3082 3039//3039 3040//3040
f 3082//3082 3040//3040 3041//3041
f 3082//3082 3041//3041 3042//3042
f 3082//3082 3042//3042 3043//3043
f 3082//3082 3043//3043 3044//3044
f 3082//3082 3044//3044 3045//3045
f 3082//3082 3045//3045 3046//3046
f 3082//3082 3046//3046 3047//3047
f 3082//3082 3047//3047 3048//3048
f 3082//3082 3048//3048 3049//3049
f 3082//3082 3049//3049 3050//3050
f 3082//3082 3050//3050 3051//3051
f 3082//3082 3051//3051 3052//3052
f 3082//3082 3052//3052 3053//3053
f 3082//3082 3053//3053 3054//3054
f 3082//3082 3054//3054 3055//3055
f 3082//3082 3055//3055 3056//3056
f 3082//3082 3056//3056 3057//3057
f 3082//3082 3057//3057 3058//3058
f 3082//3082 3058//3058 3059//3059
f 3082//3082 3059//3059 3060//3060
f 3082//3082 3060//3060 3061//3061
f 3082//3082 3061//3061 3062//3062
f 3082//3082 3062//3062 3063//3063
f 3082//3082 3063//3063 3064//3064
f 3082//3082 3064//3064 3065//3065
f 3082//3082 3065//3065 3066//3066
f 3082//3082 3066//3066 3067//3067
f 3082//3082 3067//3067 3068//3068
f 3082//3082 3068//3068 3069//3069
f 3082//3082 3069//3069 3070//3070
f 3082//3082 3070//3070 3071//3071
f 3082//3082 3071//3071 3072//3072
f 3082//3082 3072//3072 3073//3073
f 3082//3082 3073//3073 3074//3074
f 3082//3082 3074//3074 3075//3075
f 3082//3082 3075//3075 3076//3076
f 3082//3082 3076//3076 3077//3077
f 3082//3082 3077//3077 3078//3078
f 3082//3082 3078//3078 3079//3079
f 3082//3082 3079//3079 3080//3080
f 3080//3080 3081//3081 3082//3082
f 3178//3178 3083//3083 3084//3084
f 3178//3178 3084//3084 3085//3085
f 3178//3178 3085//3085 3086//3086
f 3178//3178 3086//3086 3087//3087
f 3178//3178 3087//3087 3088//3088
f 3178//3178 3088//3088 3089//3089
f 3178//3178 3089//3089 3090//3090
f 3178//3178 3090//3090 3091//3091
f 3178//3178 3091//3091 3092//3092
f 3178//3178 3092//3092 3093//3093
f 3178//3178 3093//3093 3094//3094
f 3178//3178 3094//3094 3095//3095
f 3178//3178 3095//3095 3096//3096
f 3178//3178 3096//3096 3097//3097
f 3178//3178 3097//3097 3098//3098
f 3178//3178 3098//3098 3099//3099
f 3178//3178 3099//3099 3100//3100
f 3178//3178 3100//3100 3101//3101
f 3178//3178 3101//3101 3102//3102
f 3178//3178 3102//3102 3103//3103
f 3178//3178 3103//3103 3104//3104
f 3178//3178 3104//3104 3105//3105
f 3178//3178 3105//3105 3106//3106
f 3178//3178 3106//3106 3107//3107
f 3178//3178 3107//3107 3108//3108
f 3178//3178 3108//3108 3109//3109
f 3178//3178 3109//3109 3110//3110
f 3178//3178 3110//3110 3111//3111
f 3178//3178 3111//3111 3112//3112
f 3178//3178 3112//3112 3113//3113
f 3178//3178 3113//3113 3114//3114
f 3178//3178 3114//3114 3115//3115
f 3178//3178 3115//3115 3116//3116
f 3178//3178 3116//3116 3117//3117
f 3178//3178 3117//3117 3118//3118
f 3178//3178 3118//3118 3119//3119
f 3178//3178 3119//3119 3120//3120
f 3178//3178 3120//3120 3121//3121
f 3178//3178 3121//3121 3122//3122
f 3178//3178 3122//3122 3123//3123
f 3178//3178 3123//3123 3124//3124
f 3178//3178 3124//3124 3125//3125
f 3178//3178 3125//3125 3126//3126
f 3178//3178 3126//3126 3127//3127
f 3178//3178 3127//3127 3128//3128
f 3178//3178 3128//3128 3129//3129
f 3178//3178 3129//3129 3130//3130
f 3178//3178 3130//3130 3131//3131
f 3178//3178 3131//3131 3132//3132
f 3178//3178 3132//3132 3133//3133
f 3178//3178 3133//3133 3134//3134
f 3178//3178 3134//3134 3135//3135
f 3178//3178 3135//3135 3136//3136
f 3178//3178 3136//3136 3137//3137
f 3178//3178 3137//3137 3138//3138
f 3178//3178 3138//3138 3139//3139
f 3178//3178 3139//3139 3140//3140
f 3178//3178 3140//3140 3141//3141
f 3178//3178 3141//3141 3142//3142
f 3178//3178 3142//3142 3143//3143
f 3178//3178 3143//3143 3144//3144
f 3178//3178 3144//3144 3145//3145
f 3178//3178 3145//3145 3146//3146
f 3178//3178 3146//3146 3147//3147
f 3178//3178 3147//3147 3148//3148
f 3178//3178 3148//3148 3149//3149
f 3178//3178 3149//3149 3150//3150
f 3178//3178 3150//3150 3151//3151
f 3178//3178 3151//3151 3152//3152
f 3178//3178 3152//3152 3153//3153
f 3178//3178 3153//3153 3154//3154
f 3178//3178 3154//3154 3155//3155
f 3178//3178 3155//3155 3156//3156
f 3178//3178 3156//3156 3157//3157
f 3178//3178 3157//3157 3158//3158
f 3178//3178 3158//3158 3159//3159
f 3178//3178 3159//3159 3160//3160
f 3178//3178 3160//3160 3161//3161
f 3178//3178 3161//3161 3162//3162
f 3178//3178 3162//3162 3163//3163
f 3178//3178 3163//3163 3164//3164
f 3178//3178 3164//3164 3165//3165
f 3178//3178 3165//3165 3166//3166
f 3178//3178 3166//3166 3167//3167
f 3178//3178 3167//3167 3168//3168
f 3178//3178 3168//3168 3169//3169
f 3178//3178 3169//3169 3170//3170
f 3178//3178 3170//3170 3171//3171
f 3178//3178 3171//3171 3172//3172
f 3178//3178 3172//3172 3173//3173
f 3178//3178 3173//3173 3174//3174
f 3178//3178 3174//3174 3175//3175
f 3178//3178 3175//3175 3176//3176
f 3176//3176 3177//3177 3178//3178
o HFR
v 0.81 1.9 0.36
v 0.810688 1.9 0.375275
v 0.812838 1.9 0.390934
v 0.816562 1.9 0.406777
v 0.821936 1.9 0.422576
v 0.828992 1.9 0.43808
v 0.837711 1.9 0.453026
v 0.84802 1.9 0.467151
v 0.859792 1.9 0.480208
v 0.872849 1.9 0.49198
v 0.886974 1.9 0.502289
v 0.90192 1.9 0.511008
v 0.917424 1.9 0.518064
v 0.933223 1.9 0.523438
v 0.949066 1.9 0.527162
v 0.964725 1.9 0.529312
v 0.98 1.9 0.53
v 0.995275 1.9 0.529312
v 1.01093 1.9 0.527162
v 1.02678 1.9 0.523438
v 1.04258 1.9 0.518064
v 1.05808 1.9 0.511008
v 1.07303 1.9 0.502289
v 1.08715 1.9 0.49198
v 1.10021 1.9 0.480208
v 1.11198 1.9 0.467151
v 1.12229 1.9 0.453026
v 1.13101 1.9 0.43808
v 1.13806 1.9 0.422576
v 1.14344 1.9 0.406777
v 1.14716 1.9 0.390934
v 1.14931 1.9 0.375275
v 1.15 1.9 0.36
v 1.14931 1.9 0.344725
v 1.14716 1.9 0.329066
v 1.14344 1.9 0.313223
v 1.13806 1.9 0.297424
v 1.13101 1.9 0.28192
v 1.12229 1.9 0.266974
v 1.11198 1.9 0.252849
v 1.10021 1.9 0.239792
v 1.08715 1.9 0.22802
v 1.07303 1.9 0.217711
v 1.05808 1.9 0.208992
v 1.04258 1.9 0.201936
v 1.02678 1.9 0.196562
v 1.01093 1.9 0.192838
v 0.995275 1.9 0.190688
v 0.98 1.9 0.19
v 0.964725 1.9 0.190688
v 0.949066 1.9 0.192838
v 0.933223 1.9 0.196562
v 0.917424 1.9 0.201936
v 0.90192 1.9 0.208992
v 0.886974 1.9 0.217711
v 0.872849 1.9 0.22802
v 0.859792 1.9 0.239792
v 0.84802 1.9 0.252849
v 0.837711 1.9 0.266974
v 0.828992 1.9 0.28192
v 0.821936 1.9 0.297424
v 0.816562 1.9 0.313223
v 0.812838 1.9 0.329066
v 0.810688 1.9 0.344725
v 0.81 1.9 0.36
v 0.81 1.93 0.36
v 0.810688 1.93 0.375275
v 0.812838 1.93 0.390934
v 0.816562 1.93 0.406777
v 0.821936 1.93 0.422576
v 0.828992 1.93 0.43808
v 0.837711 1.93 0.453026
v 0.84802 1.93 0.467151
v 0.859792 1.93 0.480208
v 0.872849 1.93 0.49198
v 0.886974 1.93 0.502289
v 0.90192 1.93 0.511008
v 0.917424 1.93 0.518064
v 0.933223 1.93 0.523438
v 0.949066 1.93 0.527162
v 0.964725 1.93 0.529312
v 0.98 1.93 0.53
v 0.995275 1.93 0.529312
v 1.01093 1.93 0.527162
v 1.02678 1.93 0.523438
v 1.04258 1.93 0.518064
v 1.05808 1.93 0.511008
v 1.07303 1.93 0.502289
v 1.08715 1.93 0.49198
v 1.10021 1.93 0.480208
v 1.11198 1.93 0.467151
v 1.12229 1.93 0.453026
v 1.13101 1.93 0.43808
v 1.13806 1.93 0.422576
v 1.14344 1.93 0.406777
v 1.14716 1.93 0.390934
v 1.14931 1.93 0.375275
v 1.15 1.93 0.36
v 1.14931 1.93 0.344725
v 1.14716 1.93 0.329066
v 1.14344 1.93 0.313223
v 1.13806 1.93 0.297424
v 1.13101 1.93 0.28192
v 1.12229 1.93 0.266974
v 1.11198 1.93 0.252849
v 1.10021 1.93 0.239792
v 1.08715 1.93 0.22802
v 1.07303 1.93 0.217711
v 1.05808 1.93 0.208992
v 1.04258 1.93 0.201936
v 1.02678 1.93 0.196562
v 1.01093 1.93 0.192838
v 0.995275 1.93 0.190688
v 0.98 1.93 0.19
v 0.964725 1.93 0.190688
v 0.949066 1.93 0.192838
v 0.933223 1.93 0.196562
v 0.917424 1.93 0.201936
v 0.90192 1.93 0.208992
v 0.886974 1.93 0.217711
v 0.872849 1.93 0.22802
v 0.859792 1.93 0.239792
v 0.84802 1.93 0.252849
v 0.837711 1.93 0.266974
v 0.828992 1.93 0.28192
v 0.821936 1.93 0.297424
v 0.816562 1.93 0.313223
v 0.812838 1.93 0.329066
v 0.810688 1.93 0.344725
v 0.81 1.93 0.36
v 0.81 1.96 0.36
v 0.810688 1.96 0.375275
v 0.812838 1.96 0.390934
v 0.816562 1.96 0.406777
v 0.821936 1.96 0.422576
v 0.828992 1.96 0.43808
v 0.837711 1.96 0.453026
v 0.84802 1.96 0.467151
v 0.859792 1.96 0.480208
v 0.872849 1.96 0.49198
v 0.886974 1.96 0.502289
v 0.90192 1.96 0.511008
v 0.917424 1.96 0.518064
v 0.933223 1.96 0.523438
v 0.949066 1.96 0.527162
v 0.964725 1.96 0.529312
v 0.98 1.96 0.53
v 0.995275 1.96 0.529312
v 1.01093 1.96 0.527162
v 1.02678 1.96 0.523438
v 1.04258 1.96 0.518064
v 1.05808 1.96 0.511008
v 1.07303 1.96 0.502289
v 1.08715 1.96 0.49198
v 1.10021 1.96 0.480208
v 1.11198 1.96 0.467151
v 1.12229 1.96 0.453026
v 1.13101 1.96 0.43808
v 1.13806 1.96 0.422576
v 1.14344 1.96 0.406777
v 1.14716 1.96 0.390934
v 1.14931 1.96 0.375275
v 1.15 1.96 0.36
v 1.14931 1.96 0.344725
v 1.14716 1.96 0.329066
v 1.14344 1.96 0.313223
v 1.13806 1.96 0.297424
v 1.13101 1.96 0.28192
v 1.12229 1.96 0.266974
v 1.11198 1.96 0.252849
v 1.10021 1.96 0.239792
v 1.08715 1.96 0.22802
v 1.07303 1.96 0.217711
v 1.05808 1.96 0.208992
v 1.04258 1.96 0.201936
v 1.02678 1.96 0.196562
v 1.01093 1.96 0.192838
v 0.995275 1.96 0.190688
v 0.98 1.96 0.19
v 0.964725 1.96 0.190688
v 0.949066 1.96 0.192838
v 0.933223 1.96 0.196562
v 0.917424 1.96 0.201936
v 0.90192 1.96 0.208992
v 0.886974 1.96 0.217711
v 0.872849 1.96 0.22802
v 0.859792 1.96 0.239792
v 0.84802 1.96 0.252849
v 0.837711 1.96 0.266974
v 0.828992 1.96 0.28192
v 0.821936 1.96 0.297424
v 0.816562 1.96 0.313223
v 0.812838 1.96 0.329066
v 0.810688 1.96 0.344725
v 0.81 1.96 0.36
v 0.81 1.9 0.36
v 0.810688 1.9 0.344725
v 0.812838 1.9 0.329066
v 0.816562 1.9 0.313223
v 0.821936 1.9 0.297424
v 0.825254 1.9 0.289619
v 0.828992 1.9 0.28192
v 0.833147 1.9 0.274361
v 0.837711 1.9 0.266974
v 0.842673 1.9 0.259793
v 0.84802 1.9 0.252849
v 0.853733 1.9 0.246173
v 0.859792 1.9 0.239792
v 0.866173 1.9 0.233733
v 0.872849 1.9 0.22802
v 0.879793 1.9 0.222673
v 0.886974 1.9 0.217711
v 0.894361 1.9 0.213147
v 0.90192 1.9 0.208992
v 0.909619 1.9 0.205254
v 0.917424 1.9 0.201936
v 0.933223 1.9 0.196562
v 0.949066 1.9 0.192838
v 0.964725 1.9 0.190688
v 0.98 1.9 0.19
v 0.995275 1.9 0.190688
v 1.01093 1.9 0.192838
v 1.02678 1.9 0.196562
v 1.04258 1.9 0.201936
v 1.05038 1.9 0.205254
v 1.05808 1.9 0.208992
v 1.06564 1.9 0.213147
v 1.07303 1.9 0.217711
v 1.08021 1.9 0.222673
v 1.08715 1.9 0.22802
v 1.09383 1.9 0.233733
v 1.10021 1.9 0.239792
v 1.10627 1.9 0.246173
v 1.11198 1.9 0.252849
v 1.11733 1.9 0.259793
v 1.12229 1.9 0.266974
v 1.12685 1.9 0.274361
v 1.13101 1.9 0.28192
v 1.13475 1.9 0.289619
v 1.13806 1.9 0.297424
v 1.14344 1.9 0.313223
v 1.14716 1.9 0.329066
v 1.14931 1.9 0.344725
v 1.15 1.9 0.36
v 1.14931 1.9 0.375275
v 1.14716 1.9 0.390934
v 1.14344 1.9 0.406777
v 1.13806 1.9 0.422576
v 1.13475 1.9 0.430381
v 1.13101 1.9 0.43808
v 1.12685 1.9 0.445639
v 1.12229 1.9 0.453026
v 1.11733 1.9 0.460207
v 1.11198 1.9 0.467151
v 1.10627 1.9 0.473827
v 1.10021 1.9 0.480208
v 1.09383 1.9 0.486267
v 1.08715 1.9 0.49198
v 1.08021 1.9 0.497327
v 1.07303 1.9 0.502289
v 1.06564 1.9 0.506853
v 1.05808 1.9 0.511008
v 1.05038 1.9 0.514746
v 1.04258 1.9 0.518064
v 1.02678 1.9 0.523438
v 1.01093 1.9 0.527162
v 0.995275 1.9 0.529312
v 0.98 1.9 0.53
v 0.964725 1.9 0.529312
v 0.949066 1.9 0.527162
v 0.933223 1.9 0.523438
v 0.917424 1.9 0.518064
v 0.909619 1.9 0.514746
v 0.90192 1.9 0.511008
v 0.894361 1.9 0.506853
v 0.886974 1.9 0.502289
v 0.879793 1.9 0.497327
v 0.872849 1.9 0.49198
v 0.866173 1.9 0.486267
v 0.859792 1.9 0.480208
v 0.853733 1.9 0.473827
v 0.84802 1.9 0.467151
v 0.842673 1.9 0.460207
v 0.837711 1.9 0.453026
v 0.833147 1.9 0.445639
v 0.828992 1.9 0.43808
v 0.825254 1.9 0.430381
v 0.821936 1.9 0.422576
v 0.816562 1.9 0.406777
v 0.812838 1.9 0.390934
v 0.810688 1.9 0.375275
v 0.81 1.96 0.36
v 0.810688 1.96 0.375275
v 0.812838 1.96 0.390934
v 0.816562 1.96 0.406777
v 0.821936 1.96 0.422576
v 0.825254 1.96 0.430381
v 0.828992 1.96 0.43808
v 0.833147 1.96 0.445639
v 0.837711 1.96 0.453026
v 0.842673 1.96 0.460207
v 0.84802 1.96 0.467151
v 0.853733 1.96 0.473827
v 0.859792 1.96 0.480208
v 0.866173 1.96 0.486267
v 0.872849 1.96 0.49198
v 0.879793 1.96 0.497327
v 0.886974 1.96 0.502289
v 0.894361 1.96 0.506853
v 0.90192 1.96 0.511008
v 0.909619 1.96 0.514746
v 0.917424 1.96 0.518064
v 0.933223 1.96 0.523438
v 0.949066 1.96 0.527162
v 0.964725 1.96 0.529312
v 0.98 1.96 0.53
v 0.995275 1.96 0.529312
v 1.01093 1.96 0.527162
v 1.02678 1.96 0.523438
v 1.04258 1.96 0.518064
v 1.05038 1.96 0.514746
v 1.05808 1.96 0.511008
v 1.06564 1.96 0.506853
v 1.07303 1.96 0.502289
v 1.08021 1.96 0.497327
v 1.08715 1.96 0.49198
v 1.09383 1.96 0.486267
v 1.10021 1.96 0.480208
v 1.10627 1.96 0.473827
v 1.11198 1.96 0.467151
v 1.11733 1.96 0.460207
v 1.12229 1.96 0.453026
v 1.12685 1.96 0.445639
v 1.13101 1.96 0.43808
v 1.13475 1.96 0.430381
v 1.13806 1.96 0.422576
v 1.14344 1.96 0.406777
v 1.14716 1.96 0.390934
v 1.14931 1.96 0.375275
v 1.15 1.96 0.36
v 1.14931 1.96 0.344725
v 1.14716 1.96 0.329066
v 1.14344 1.96 0.313223
v 1.13806 1.96 0.297424
v 1.13475 1.96 0.289619
v 1.13101 1.96 0.28192
v 1.12685 1.96 0.274361
v 1.12229 1.96 0.266974
v 1.11733 1.96 0.259793
v 1.11198 1.96 0.252849
v 1.10627 1.96 0.246173
v 1.10021 1.96 0.239792
v 1.09383 1.96 0.233733
v 1.08715 1.96 0.22802
v 1.08021 1.96 0.222673
v 1.07303 1.96 0.217711
v 1.06564 1.96 0.213147
v 1.05808 1.96 0.208992
v 1.05038 1.96 0.205254
v 1.04258 1.96 0.201936
v 1.02678 1.96 0.196562
v 1.01093 1.96 0.192838
v 0.995275 1.96 0.190688
v 0.98 1.96 0.19
v 0.964725 1.96 0.190688
v 0.949066 1.96 0.192838
v 0.933223 1.96 0.196562
v 0.917424 1.96 0.201936
v 0.909619 1.96 0.205254
v 0.90192 1.96 0.208992
v 0.894361 1.96 0.213147
v 0.886974 1.96 0.217711
v 0.879793 1.96 0.222673
v 0.872849 1.96 0.22802
v 0.866173 1.96 0.233733
v 0.859792 1.96 0.239792
v 0.853733 1.96 0.246173
v 0.84802 1.96 0.252849
v 0.842673 1.96 0.259793
v 0.837711 1.96 0.266974
v 0.833147 1.96 0.274361
v 0.828992 1.96 0.28192
v 0.825254 1.96 0.289619
v 0.821936 1.96 0.297424
v 0.816562 1.96 0.313223
v 0.812838 1.96 0.329066
v 0.810688 1.96 0.344725
vn -1 0 2.30896e-16
vn -0.995955 0 0.0898544
vn -0.983305 0 0.181963
vn -0.961399 0 0.275158
vn -0.929788 0 0.368095
vn -0.888284 0 0.459295
vn -0.836996 0 0.54721
vn -0.776353 0 0.630298
vn -0.707107 0 0.707107
vn -0.630298 0 0.776353
vn -0.54721 0 0.836996
vn -0.459295 0 0.888284
vn -0.368095 0 0.929788
vn -0.275158 0 0.961399
vn -0.181963 0 0.983305
vn -0.0898544 0 0.995955
vn -2.30896e-16 0 1
vn 0.0898544 -0 0.995955
vn 0.181963 -0 0.983305
vn 0.275158 -0 0.961399
vn 0.368095 -0 0.929788
vn 0.459295 -0 0.888284
vn 0.54721 -0 0.836996
vn 0.630298 -0 0.776353
vn 0.707107 -0 0.707107
vn 0.776353 -0 0.630298
vn 0.836996 -0 0.54721
vn 0.888284 -0 0.459295
vn 0.929788 -0 0.368095
vn 0.961399 -0 0.275158
vn 0.983305 -0 0.181963
vn 0.995955 -0 0.0898544
vn 1 -0 1.38538e-15
vn 0.995955 0 -0.0898544
vn 0.983305 0 -0.181963
vn 0.961399 0 -0.275158
vn 0.929788 0 -0.368095
vn 0.888284 0 -0.459295
vn 0.836996 0 -0.54721
vn 0.776353 0 -0.630298
vn 0.707107 0 -0.707107
vn 0.630298 0 -0.776353
vn 0.54721 0 -0.836996
vn 0.459295 0 -0.888284
vn 0.368095 0 -0.929788
vn 0.275158 0 -0.961399
vn 0.181963 0 -0.983305
vn 0.0898544 0 -0.995955
vn 2.30896e-16 0 -1
vn -0.0898544 0 -0.995955
vn -0.181963 0 -0.983305
vn -0.275158 0 -0.961399
vn -0.368095 0 -0.929788
vn -0.459295 0 -0.888284
vn -0.54721 0 -0.836996
vn -0.630298 0 -0.776353
vn -0.707107 0 -0.707107
vn -0.776353 0 -0.630298
vn -0.836996 0 -0.54721
vn -0.888284 0 -0.459295
vn -0.929788 0 -0.368095
vn -0.961399 0 -0.275158
vn -0.983305 0 -0.181963
vn -0.995955 0 -0.0898544
vn -1 0 -2.30896e-16
vn -1 0 6.92688e-16
vn -0.995955 0 0.0898544
vn -0.983305 0 0.181963
vn -0.961399 0 0.275158
vn -0.929788 0 0.368095
vn -0.888284 0 0.459295
vn -0.836996 0 0.54721
vn -0.776353 0 0.630298
vn -0.707107 0 0.707107
vn -0.630298 0 0.776353
vn -0.54721 0 0.836996
vn -0.459295 0 0.888284
vn -0.368095 0 0.929788
vn -0.275158 0 0.961399
vn -0.181963 0 0.983305
vn -0.0898544 0 0.995955
vn -4.61792e-16 0 1
vn 0.0898544 -0 0.995955
vn 0.181963 -0 0.983305
vn 0.275158 -0 0.961399
vn 0.368095 -0 0.929788
vn 0.459295 -0 0.888284
vn 0.54721 -0 0.836996
vn 0.630298 -0 0.776353
vn 0.707107 -0 0.707107
vn 0.776353 -0 0.630298
vn 0.836996 -0 0.54721
vn 0.888284 -0 0.459295
vn 0.929788 -0 0.368095
vn 0.961399 -0 0.275158
vn 0.983305 -0 0.181963
vn 0.995955 -0 0.0898544
vn 1 -0 1.84717e-15
vn 0.995955 0 -0.0898544
vn 0.983305 0 -0.181963
vn 0.961399 0 -0.275158
vn 0.929788 0 -0.368095
vn 0.888284 0 -0.459295
vn 0.836996 0 -0.54721
vn 0.776353 0 -0.630298
vn 0.707107 0 -0.707107
vn 0.630298 0 -0.776353
vn 0.54721 0 -0.836996
vn 0.459295 0 -0.888284
vn 0.368095 0 -0.929788
vn 0.275158 0 -0.961399
vn 0.181963 0 -0.983305
vn 0.0898544 0 -0.995955
vn 1.73172e-16 0 -1
vn -0.0898544 0 -0.995955
vn -0.181963 0 -0.983305
vn -0.275158 0 -0.961399
vn -0.368095 0 -0.929788
vn -0.459295 0 -0.888284
vn -0.54721 0 -0.836996
vn -0.630298 0 -0.776353
vn -0.707107 0 -0.707107
vn -0.776353 0 -0.630298
vn -0.836996 0 -0.54721
vn -0.888284 0 -0.459295
vn -0.929788 0 -0.368095
vn -0.961399 0 -0.275158
vn -0.983305 0 -0.181963
vn -0.995955 0 -0.0898544
vn -1 0 -2.30896e-16
vn -1 0 2.30896e-16
vn -0.995955 0 0.0898544
vn -0.983305 0 0.181963
vn -0.961399 0 0.275158
vn -0.929788 0 0.368095
vn -0.888284 0 0.459295
vn -0.836996 0 0.54721
vn -0.776353 0 0.630298
vn -0.707107 0 0.707107
vn -0.630298 0 0.776353
vn -0.54721 0 0.836996
vn -0.459295 0 0.888284
vn -0.368095 0 0.929788
vn -0.275158 0 0.961399
vn -0.181963 0 0.983305
vn -0.0898544 0 0.995955
vn -2.30896e-16 0 1
vn 0.0898544 -0 0.995955
vn 0.181963 -0 0.983305
vn 0.275158 -0 0.961399
vn 0.368095 -0 0.929788
vn 0.459295 -0 0.888284
vn 0.54721 -0 0.836996
vn 0.630298 -0 0.776353
vn 0.707107 -0 0.707107
vn 0.776353 -0 0.630298
vn 0.836996 -0 0.54721
vn 0.888284 -0 0.459295
vn 0.929788 -0 0.368095
vn 0.961399 -0 0.275158
vn 0.983305 -0 0.181963
vn 0.995955 -0 0.0898544
vn 1 -0 1.38538e-15
vn 0.995955 0 -0.0898544
vn 0.983305 0 -0.181963
vn 0.961399 0 -0.275158
vn 0.929788 0 -0.368095
vn 0.888284 0 -0.459295
vn 0.836996 0 -0.54721
vn 0.776353 0 -0.630298
vn 0.707107 0 -0.707107
vn 0.630298 0 -0.776353
vn 0.54721 0 -0.836996
vn 0.459295 0 -0.888284
vn 0.368095 0 -0.929788
vn 0.275158 0 -0.961399
vn 0.181963 0 -0.983305
vn 0.0898544 0 -0.995955
vn 2.30896e-16 0 -1
vn -0.0898544 0 -0.995955
vn -0.181963 0 -0.983305
vn -0.275158 0 -0.961399
vn -0.368095 0 -0.929788
vn -0.459295 0 -0.888284
vn -0.54721 0 -0.836996
vn -0.630298 0 -0.776353
vn -0.707107 0 -0.707107
vn -0.776353 0 -0.630298
vn -0.836996 0 -0.54721
vn -0.888284 0 -0.459295
vn -0.929788 0 -0.368095
vn -0.961399 0 -0.275158
vn -0.983305 0 -0.181963
vn -0.995955 0 -0.0898544
vn -1 0 -2.30896e-16
vn 8.65974e-16 -1 -1.85962e-15
vn 0 -1 -1.85962e-15
vn -2.09541e-31 -1 -1.88738e-15
vn 2.22045e-16 -1 -9.99201e-16
vn 2.10942e-16 -1 -1.88738e-15
vn 1.11022e-17 -1 -1.88738e-15
vn -4.32987e-16 -1 -1.94289e-15
vn 1.9984e-16 -1 -1.9984e-15
vn 4.32987e-16 -1 -1.11022e-15
vn 2.22045e-16 -1 -1.11022e-15
vn -4.21885e-16 -1 -1.9984e-15
vn 2.10942e-16 -1 -1.22125e-15
vn 2.27596e-16 -1 -1.22125e-15
vn 2.22045e-16 -1 -1.22125e-15
vn 7.60503e-16 -1 -1.55431e-15
vn 1.22125e-16 -1 -1.9984e-15
vn -3.27516e-16 -1 -1.77636e-15
vn 7.60503e-16 -1 -1.77636e-15
vn -2.72005e-16 -1 -1.77636e-15
vn 3.88578e-17 -1 -1.9984e-15
vn 4.71845e-17 -1 -1.9984e-15
vn 1.77636e-16 -1 -1.9984e-15
vn 3.13638e-16 -1 -1.33227e-15
vn 8.60423e-17 -1 -1.77636e-15
vn -3.81639e-16 -1 -1.77636e-15
vn 3.60822e-17 -1 -2.22045e-15
vn -5.96745e-16 -1 -2.22045e-15
vn 1.77636e-16 -1 -1.77636e-15
vn -1.11022e-17 -1 -1.77636e-15
vn 8.10463e-16 -1 -1.77636e-15
vn 5.38458e-16 -1 -1.77636e-15
vn -2.33147e-16 -1 -1.77636e-15
vn 4.27436e-16 -1 -1.77636e-15
vn 1.11022e-16 -1 -1.77636e-15
vn -2.05391e-16 -1 -1.33227e-15
vn -6.4948e-16 -1 -8.88178e-16
vn -5.38458e-16 -1 -1.77636e-15
vn -6.55032e-16 -1 -1.77636e-15
vn 4.32987e-16 -1 -1.77636e-15
vn 2.10942e-16 -1 -8.88178e-16
vn -4.21885e-16 -1 -1.77636e-15
vn 1.9984e-16 -1 -1.77636e-15
vn -4.44089e-16 -1 -1.77636e-15
vn -1.11022e-17 -1 -1.77636e-15
vn 2.10942e-16 -1 -1.77636e-15
vn -8.65974e-16 -1 -1.77636e-15
vn 1.97215e-31 -1 -1.77636e-15
vn 8.65974e-16 -1 -1.77636e-15
vn 0 -1 -1.77636e-15
vn 8.65974e-16 -1 -1.77636e-15
vn 4.44089e-16 -1 -1.77636e-15
vn -4.21885e-16 -1 -1.77636e-15
vn 4.44089e-16 -1 -1.77636e-15
vn 4.44089e-16 -1 -1.77636e-15
vn -4.21885e-16 -1 -1.77636e-15
vn 4.44089e-16 -1 -1.77636e-15
vn -8.43769e-16 -1 -1.77636e-15
vn -4.44089e-16 -1 -1.77636e-15
vn 0 -1 -1.77636e-15
vn 0 -1 -8.88178e-16
vn 0 -1 -1.77636e-15
vn 0 -1 -8.88178e-16
vn 0 -1 -1.77636e-15
vn 0 -1 -1.77636e-15
vn 0 -1 -1.77636e-15
vn 0 -1 -1.77636e-15
vn 0 -1 -1.77636e-15
vn 0 -1 -1.77636e-15
vn 0 -1 -1.77636e-15
vn 0 -1 -1.77636e-15
vn -8.43769e-16 -1 -2.22045e-15
vn 0 -1 -1.77636e-15
vn 0 -1 -1.77636e-15
vn 0 -1 -1.77636e-15
vn 0 -1 -1.33227e-15
vn 0 -1 -2.22045e-15
vn 0 -1 -1.55431e-15
vn 0 -1 -1.77636e-15
vn 0 -1 -1.9984e-15
vn 0 -1 -1.55431e-15
vn 0 -1 -1.77636e-15
vn 0 -1 -1.77636e-15
vn 0 -1 -1.77636e-15
vn 0 -1 -1.22125e-15
vn 0 -1 -1.11022e-15
vn 8.88178e-16 -1 -1.22125e-15
vn 0 -1 -2.10942e-15
vn 4.44089e-16 -1 -1.11022e-15
vn -8.43769e-16 -1 -1.9984e-15
vn 4.44089e-16 -1 -1.9984e-15
vn -4.21885e-16 -1 -1.94289e-15
vn 4.44089e-16 -1 -1.88738e-15
vn 4.44089e-16 -1 -1.94289e-15
vn 4.44089e-16 -1 -1.88738e-15
vn -4.21885e-16 -1 -1.88738e-15
vn -4.21885e-16 -1 -1.85962e-15
vn 4.44089e-16 1 -8.88178e-16
vn 0 1 -0
vn 0 1 -8.88178e-16
vn 4.35207e-16 1 -8.88178e-16
vn 8.88178e-18 1 -0
vn 4.44089e-16 1 -0
vn -4.35207e-16 1 -8.88178e-16
vn 0 1 -8.88178e-16
vn -8.70415e-16 1 0
vn 0 1 -8.88178e-16
vn 0 1 -0
vn 0 1 -0
vn 0 1 -0
vn 0 1 -0
vn 0 1 -8.88178e-16
vn 8.88178e-16 1 -0
vn 0 1 -4.44089e-16
vn 0 1 -8.88178e-16
vn 0 1 -8.88178e-16
vn 0 1 -4.44089e-16
vn 0 1 -8.88178e-16
vn 0 1 -8.88178e-16
vn 0 1 -4.44089e-16
vn 0 1 -4.44089e-16
vn 0 1 -8.88178e-16
vn 0 1 -4.44089e-16
vn 0 1 -8.88178e-16
vn 0 1 -6.66134e-16
vn 0 1 -2.22045e-16
vn 0 1 -6.66134e-16
vn 0 1 -6.66134e-16
vn 0 1 -6.66134e-16
vn 0 1 -6.66134e-16
vn 1.97215e-31 1 -8.88178e-16
vn 0 1 -8.88178e-16
vn 8.88178e-16 1 -0
vn 0 1 -1.11022e-16
vn 8.88178e-16 1 -1.11022e-16
vn 0 1 -1.11022e-16
vn 0 1 -8.88178e-16
vn -8.70415e-16 1 -9.99201e-16
vn -8.88178e-18 1 -9.99201e-16
vn -4.35207e-16 1 -9.99201e-16
vn 4.35207e-16 1 -5.55112e-17
vn 4.44089e-16 1 -5.55112e-17
vn 4.44089e-16 1 -9.4369e-16
vn 0 1 -5.55112e-17
vn 8.88178e-18 1 -2.77556e-17
vn 4.44089e-16 1 -9.15934e-16
vn 4.44089e-16 1 -2.77556e-17
vn 4.44089e-16 1 -5.55112e-17
vn 0 1 -9.4369e-16
vn 8.88178e-18 1 -5.55112e-17
vn 2.22045e-16 1 -5.55112e-17
vn 8.88178e-18 1 -9.99201e-16
vn -8.88178e-18 1 -9.99201e-16
vn 2.13163e-16 1 -8.88178e-16
vn 2.17604e-16 1 -1.11022e-16
vn -2.22045e-16 1 -1.11022e-16
vn 4.44089e-16 1 -1.11022e-16
vn -5.4845e-16 1 -1.11022e-16
vn 2.26485e-16 1 -0
vn -5.4623e-16 1 -1.11022e-15
vn -4.39648e-16 1 -2.22045e-16
vn 1.08802e-16 1 -4.44089e-16
vn -1.84889e-32 1 -6.66134e-16
vn -2.26485e-16 1 -6.66134e-16
vn 3.30846e-16 1 -6.66134e-16
vn 1.69864e-16 1 -6.66134e-16
vn -1.63203e-16 1 -6.66134e-16
vn -4.94049e-16 1 -8.88178e-16
vn 1.39888e-16 1 -4.44089e-16
vn -4.13558e-16 1 -8.88178e-16
vn 1.03251e-16 1 -4.44089e-16
vn 4.36318e-16 1 -4.44089e-16
vn -1.63203e-16 1 -8.88178e-16
vn 1.69864e-16 1 -4.44089e-16
vn 3.25295e-16 1 -4.44089e-16
vn -2.26485e-16 1 -4.44089e-16
vn -6.66134e-18 1 -4.44089e-16
vn -7.70495e-16 1 -4.44089e-16
vn -4.44089e-16 1 0
vn 4.44089e-16 1 -8.88178e-16
vn 2.22045e-16 1 -0
vn 3.26406e-16 1 -0
vn 4.39648e-16 1 -0
vn 6.57252e-16 1 -0
vn -6.57252e-16 1 -8.88178e-16
vn 2.17604e-16 1 -0
vn 8.88178e-18 1 -8.88178e-16
vn -6.61693e-16 1 -8.88178e-16
vn -6.61693e-16 1 0
vn -4.44089e-18 1 0
vn 8.88178e-18 1 -8.88178e-16
vn 4.44089e-16 1 -0
vn 4.35207e-16 1 -8.88178e-16
g HFR_chrome
usemtl chrome
f 3179//3179 3180//3180 3245//3245
f 3179//3179 3245//3245 3244//3244
f 3180//3180 3181//3181 3246//3246
f 3180//3180 3246//3246 3245//3245
f 3181//3181 3182//3182 3247//3247
f 3181//3181 3247//3247 3246//3246
f 3182//3182 3183//3183 3248//3248
f 3182//3182 3248//3248 3247//3247
f 3183//3183 3184//3184 3249//3249
f 3183//3183 3249//3249 3248//3248
f 3184//3184 3185//3185 3250//3250
f 3184//3184 3250//3250 3249//3249
f 3185//3185 3186//3186 3251//3251
f 3185//3185 3251//3251 3250//3250
f 3186//3186 3187//3187 3252//3252
f 3186//3186 3252//3252 3251//3251
f 3187//3187 3188//3188 3253//3253
f 3187//3187 3253//3253 3252//3252
f 3188//3188 3189//3189 3254//3254
f 3188//3188 3254//3254 3253//3253
f 3189//3189 3190//3190 3255//3255
f 3189//3189 3255//3255 3254//3254
f 3190//3190 3191//3191 3256//3256
f 3190//3190 3256//3256 3255//3255
f 3191//3191 3192//3192 3257//3257
f 3191//3191 3257//3257 3256//3256
f 3192//3192 3193//3193 3258//3258
f 3192//3192 3258//3258 3257//3257
f 3193//3193 3194//3194 3259//3259
f 3193//3193 3259//3259 3258//3258
f 3194//3194 3195//3195 3260//3260
f 3194//3194 3260//3260 3259//3259
f 3195//3195 3196//3196 3261//3261
f 3195//3195 3261//3261 3260//3260
f 3196//3196 3197//3197 3262//3262
f 3196//3196 3262//3262 3261//3261
f 3197//3197 3198//3198 3263//3263
f 3197//3197 3263//3263 3262//3262
f 3198//3198 3199//3199 3264//3264
f 3198//3198 3264//3264 3263//3263
f 3199//3199 3200//3200 3265//3265
f 3199//3199 3265//3265 3264//3264
f 3200//3200 3201//3201 3266//3266
f 3200//3200 3266//3266 3265//3265
f 3201//3201 3202//3202 3267//3267
f 3201//3201 3267//3267 3266//3266
f 3202//3202 3203//3203 3268//3268
f 3202//3202 3268//3268 3267//3267
f 3203//3203 3204//3204 3269//3269
f 3203//3203 3269//3269 3268//3268
f 3204//3204 3205//3205 3270//3270
f 3204//3204 3270//3270 3269//3269
f 3205//3205 3206//3206 3271//3271
f 3205//3205 3271//3271 3270//3270
f 3206//3206 3207//3207 3272//3272
f 3206//3206 3272//3272 3271//3271
f 3207//3207 3208//3208 3273//3273
f 3207//3207 3273//3273 3272//3272
f 3208//3208 3209//3209 3274//3274
f 3208//3208 3274//3274 3273//3273
f 3209//3209 3210//3210 3275//3275
f 3209//3209 3275//3275 3274//3274
f 3210//3210 3211//3211 3276//3276
f 3210//3210 3276//3276 3275//3275
f 3211//3211 3212//3212 3277//3277
f 3211//3211 3277//3277 3276//3276
f 3212//3212 3213//3213 3278//3278
f 3212//3212 3278//3278 3277//3277
f 3213//3213 3214//3214 3279//3279
f 3213//3213 3279//3279 3278//3278
f 3214//3214 3215//3215 3280//3280
f 3214//3214 3280//3280 3279//3279
f 3215//3215 3216//3216 3281//3281
f 3215//3215 3281//3281 3280//3280
f 3216//3216 3217//3217 3282//3282
f 3216//3216 3282//3282 3281//3281
f 3217//3217 3218//3218 3283//3283
f 3217//3217 3283//3283 3282//3282
f 3218//3218 3219//3219 3284//3284
f 3218//3218 3284//3284 3283//3283
f 3219//3219 3220//3220 3285//3285
f 3219//3219 3285//3285 3284//3284
f 3220//3220 3221//3221 3286//3286
f 3220//3220 3286//3286 3285//3285
f 3221//3221 3222//3222 3287//3287
f 3221//3221 3287//3287 3286//3286
f 3222//3222 3223//3223 3288//3288
f 3222//3222 3288//3288 3287//3287
f 3223//3223 3224//3224 3289//3289
f 3223//3223 3289//3289 3288//3288
f 3224//3224 3225//3225 3290//3290
f 3224//3224 3290//3290 3289//3289
f 3225//3225 3226//3226 3291//3291
f 3225//3225 3291//3291 3290//3290
f 3226//3226 3227//3227 3292//3292
f 3226//3226 3292//3292 3291//3291
f 3227//3227 3228//3228 3293//3293
f 3227//3227 3293//3293 3292//3292
f 3228//3228 3229//3229 3294//3294
f 3228//3228 3294//3294 3293//3293
f 3229//3229 3230//3230 3295//3295
f 3229//3229 3295//3295 3294//3294
f 3230//3230 3231//3231 3296//3296
f 3230//3230 3296//3296 3295//3295
f 3231//3231 3232//3232 3297//3297
f 3231//3231 3297//3297 3296//3296
f 3232//3232 3233//3233 3298//3298
f 3232//3232 3298//3298 3297//3297
f 3233//3233 3234//3234 3299//3299
f 3233//3233 3299//3299 3298//3298
f 3234//3234 3235//3235 3300//3300
f 3234//3234 3300//3300 3299//3299
f 3235//3235 3236//3236 3301//3301
f 3235//3235 3301//3301 3300//3300
f 3236//3236 3237//3237 3302//3302
f 3236//3236 3302//3302 3301//3301
f 3237//3237 3238//3238 3303//3303
f 3237//3237 3303//3303 3302//3302
f 3238//3238 3239//3239 3304//3304
f 3238//3238 3304//3304 3303//3303
f 3239//3239 3240//3240 3305//3305
f 3239//3239 3305//3305 3304//3304
f 3240//3240 3241//3241 3306//3306
f 3240//3240 3306//3306 3305//3305
f 3241//3241 3242//3242 3307//3307
f 3241//3241 3307//3307 3306//3306
f 3242//3242 3243//3243 3308//3308
f 3242//3242 3308//3308 3307//3307
f 3244//3244 3245//3245 3310//3310
f 3244//3244 3310//3310 3309//3309
f 3245//3245 3246//3246 3311//3311
f 3245//3245 3311//3311 3310//3310
f 3246//3246 3247//3247 3312//3312
f 3246//3246 3312//3312 3311//3311
f 3247//3247 3248//3248 3313//3313
f 3247//3247 3313//3313 3312//3312
f 3248//3248 3249//3249 3314//3314
f 3248//3248 3314//3314 3313//3313
f 3249//3249 3250//3250 3315//3315
f 3249//3249 3315//3315 3314//3314
f 3250//3250 3251//3251 3316//3316
f 3250//3250 3316//3316 3315//3315
f 3251//3251 3252//3252 3317//3317
f 3251//3251 3317//3317 3316//3316
f 3252//3252 3253//3253 3318//3318
f 3252//3252 3318//3318 3317//3317
f 3253//3253 3254//3254 3319//3319
f 3253//3253 3319//3319 3318//3318
f 3254//3254 3255//3255 3320//3320
f 3254//3254 3320//3320 3319//3319
f 3255//3255 3256//3256 3321//3321
f 3255//3255 3321//3321 3320//3320
f 3256//3256 3257//3257 3322//3322
f 3256//3256 3322//3322 3321//3321
f 3257//3257 3258//3258 3323//3323
f 3257//3257 3323//3323 3322//3322
f 3258//3258 3259//3259 3324//3324
f 3258//3258 3324//3324 3323//3323
f 3259//3259 3260//3260 3325//3325
f 3259//3259 3325//3325 3324//3324
f 3260//3260 3261//3261 3326//3326
f 3260//3260 3326//3326 3325//3325
f 3261//3261 3262//3262 3327//3327
f 3261//3261 3327//3327 3326//3326
f 3262//3262 3263//3263 3328//3328
f 3262//3262 3328//3328 3327//3327
f 3263//3263 3264//3264 3329//3329
f 3263//3263 3329//3329 3328//3328
f 3264//3264 3265//3265 3330//3330
f 3264//3264 3330//3330 3329//3329
f 3265//3265 3266//3266 3331//3331
f 3265//3265 3331//3331 3330//3330
f 3266//3266 3267//3267 3332//3332
f 3266//3266 3332//3332 3331//3331
f 3267//3267 3268//3268 3333//3333
f 3267//3267 3333//3333 3332//3332
f 3268//3268 3269//3269 3334//3334
f 3268//3268 3334//3334 3333//3333
f 3269//3269 3270//3270 3335//3335
f 3269//3269 3335//3335 3334//3334
f 3270//3270 3271//3271 3336//3336
f 3270//3270 3336//3336 3335//3335
f 3271//3271 3272//3272 3337//3337
f 3271//3271 3337//3337 3336//3336
f 3272//3272 3273//3273 3338//3338
f 3272//3272 3338//3338 3337//3337
f 3273//3273 3274//3274 3339//3339
f 3273//3273 3339//3339 3338//3338
f 3274//3274 3275//3275 3340//3340
f 3274//3274 3340//3340 3339//3339
f 3275//3275 3276//3276 3341//3341
f 3275//3275 3341//3341 3340//3340
f 3276//3276 3277//3277 3342//3342
f 3276//3276 3342//3342 3341//3341
f 3277//3277 3278//3278 3343//3343
f 3277//3277 3343//3343 3342//3342
f 3278//3278 3279//3279 3344//3344
f 3278//3278 3344//3344 3343//3343
f 3279//3279 3280//3280 3345//3345
f 3279//3279 3345//3345 3344//3344
f 3280//3280 3281//3281 3346//3346
f 3280//3280 3346//3346 3345//3345
f 3281//3281 3282//3282 3347//3347
f 3281//3281 3347//3347 3346//3346
f 3282//3282 3283//3283 3348//3348
f 3282//3282 3348//3348 3347//3347
f 3283//3283 3284//3284 3349//3349
f 3283//3283 3349//3349 3348//3348
f 3284//3284 3285//3285 3350//3350
f 3284//3284 3350//3350 3349//3349
f 3285//3285 3286//3286 3351//3351
f 3285//3285 3351//3351 3350//3350
f 3286//3286 3287//3287 3352//3352
f 3286//3286 3352//3352 3351//3351
f 3287//3287 3288//3288 3353//3353
f 3287//3287 3353//3353 3352//3352
f 3288//3288 3289//3289 3354//3354
f 3288//3288 3354//3354 3353//3353
f 3289//3289 3290//3290 3355//3355
f 3289//3289 3355//3355 3354//3354
f 3290//3290 3291//3291 3356//3356
f 3290//3290 3356//3356 3355//3355
f 3291//3291 3292//3292 3357//3357
f 3291//3291 3357//3357 3356//3356
f 3292//3292 3293//3293 3358//3358
f 3292//3292 3358//3358 3357//3357
f 3293//3293 3294//3294 3359//3359
f 3293//3293 3359//3359 3358//3358
f 3294//3294 3295//3295 3360//3360
f 3294//3294 3360//3360 3359//3359
f 3295//3295 3296//3296 3361//3361
f 3295//3295 3361//3361 3360//3360
f 3296//3296 3297//3297 3362//3362
f 3296//3296 3362//3362 3361//3361
f 3297//3297 3298//3298 3363//3363
f 3297//3297 3363//3363 3362//3362
f 3298//3298 3299//3299 3364//3364
f 3298//3298 3364//3364 3363//3363
f 3299//3299 3300//3300 3365//3365
f 3299//3299 3365//3365 3364//3364
f 3300//3300 3301//3301 3366//3366
f 3300//3300 3366//3366 3365//3365
f 3301//3301 3302//3302 3367//3367
f 3301//3301 3367//3367 3366//3366
f 3302//3302 3303//3303 3368//3368
f 3302//3302 3368//3368 3367//3367
f 3303//3303 3304//3304 3369//3369
f 3303//3303 3369//3369 3368//3368
f 3304//3304 3305//3305 3370//3370
f 3304//3304 3370//3370 3369//3369
f 3305//3305 3306//3306 3371//3371
f 3305//3305 3371//3371 3370//3370
f 3306//3306 3307//3307 3372//3372
f 3306//3306 3372//3372 3371//3371
f 3307//3307 3308//3308 3373//3373
f 3307//3307 3373//3373 3372//3372
f 3469//3469 3374//3374 3375//3375
f 3469//3469 3375//3375 3376//3376
f 3469//3469 3376//3376 3377//3377
f 3469//3469 3377//3377 3378//3378
f 3469//3469 3378//3378 3379//3379
f 3469//3469 3379//3379 3380//3380
f 3469//3469 3380//3380 3381//3381
f 3469//3469 3381//3381 3382//3382
f 3469//3469 3382//3382 3383//3383
f 3469//3469 3383//3383 3384//3384
f 3469//3469 3384//3384 3385//3385
f 3469//3469 3385//3385 3386//3386
f 3469//3469 3386//3386 3387//3387
f 3469//3469 3387//3387 3388//3388
f 3469//3469 3388//3388 3389//3389
f 3469//3469 3389//3389 3390//3390
f 3469//3469 3390//3390 3391//3391
f 3469//3469 3391//3391 3392//3392
f 3469//3469 3392//3392 3393//3393
f 3469//3469 3393//3393 3394//3394
f 3469//3469 3394//3394 3395//3395
f 3469//3469 3395//3395 3396//3396
f 3469//3469 3396//3396 3397//3397
f 3469//3469 3397//3397 3398//3398
f 3469//3469 3398//3398 3399//3399
f 3469//3469 3399//3399 3400//3400
f 3469//3469 3400//3400 3401//3401
f 3469//3469 3401//3401 3402//3402
f 3469//3469 3402//3402 3403//3403
f 3469//3469 3403//3403 3404//3404
f 3469//3469 3404//3404 3405//3405
f 3469//3469 3405//3405 3406//3406
f 3469//3469 3406//3406 3407//3407
f 3469//3469 3407//3407 3408//3408
f 3469//3469 3408//3408 3409//3409
f 3469//3469 3409//3409 3410//3410
f 3469//3469 3410//3410 3411//3411
f 3469//3469 3411//3411 3412//3412
f 3469//3469 3412//3412 3413//3413
f 3469//3469 3413//3413 3414//3414
f 3469//3469 3414//3414 3415//3415
f 3469//3469 3415//3415 3416//3416
f 3469//3469 3416//3416 3417//3417
f 3469//3469 3417//3417 3418//3418
f 3469//3469 3418//3418 3419//3419
f 3469//3469 3419//3419 3420//3420
f 3469//3469 3420//3420 3421//3421
f 3469//3469 3421//3421 3422//3422
f 3469//3469 3422//3422 3423//3423
f 3469//3469 3423//3423 3424//3424
f 3469//3469 3424//3424 3425//3425
f 3469//3469 3425//3425 3426//3426
f 3469//3469 3426//3426 3427//3427
f 3469//3469 3427//3427 3428//3428
f 3469//3469 3428//3428 3429//3429
f 3469//3469 3429//3429 3430//3430
f 3469//3469 3430//3430 3431//3431
f 3469//3469 3431//3431 3432//3432
f 3469//3469 3432//3432 3433//3433
f 3469//3469 3433//3433 3434//3434
f 3469//3469 3434//3434 3435//3435
f 3469//3469 3435//3435 3436//3436
f 3469//3469 3436//3436 3437//3437
f 3469//3469 3437//3437 3438//3438
f 3469//3469 3438//3438 3439//3439
f 3469//3469 3439//3439 3440//3440
f 3469//3469 3440//3440 3441//3441
f 3469//3469 3441//3441 3442//3442
f 3469//3469 3442//3442 3443//3443
f 3469//3469 3443//3443 3444//3444
f 3469//3469 3444//3444 3445//3445
f 3469//3469 3445//3445 3446//3446
f 3469//3469 3446//3446 3447//3447
f 3469//3469 3447//3447 3448//3448
f 3469//3469 3448//3448 3449//3449
f 3469//3469 3449//3449 3450//3450
f 3469//3469 3450//3450 3451//3451
f 3469//3469 3451//3451 3452//3452
f 3469//3469 3452//3452 3453//3453
f 3469//3469 3453//3453 3454//3454
f 3469//3469 3454//3454 3455//3455
f 3469//3469 3455//3455 3456//3456
f 3469//3469 3456//3456 3457//3457
f 3469//3469 3457//3457 3458//3458
f 3469//3469 3458//3458 3459//3459
f 3469//3469 3459//3459 3460//3460
f 3469//3469 3460//3460 3461//3461
f 3469//3469 3461//3461 3462//3462
f 3469//3469 3462//3462 3463//3463
f 3469//3469 3463//3463 3464//3464
f 3469//3469 3464//3464 3465//3465
f 3469//3469 3465//3465 3466//3466
f 3469//3469 3466//3466 3467//3467
f 3467//3467 3468//3468 3469//3469
f 3565//3565 3470//3470 3471//3471
f 3565//3565 3471//3471 3472//3472
f 3565//3565 3472//3472 3473//3473
f 3565//3565 3473//3473 3474//3474
f 3565//3565 3474//3474 3475//3475
f 3565//3565 3475//3475 3476//3476
f 3565//3565 3476//3476 3477//3477
f 3565//3565 3477//3477 3478//3478
f 3565//3565 3478//3478 3479//3479
f 3565//3565 3479//3479 3480//3480
f 3565//3565 3480//3480 3481//3481
f 3565//3565 3481//3481 3482//3482
f 3565//3565 3482//3482 3483//3483
f 3565//3565 3483//3483 3484//3484
f 3565//3565 3484//3484 3485//3485
f 3565//3565 3485//3485 3486//3486
f 3565//3565 3486//3486 3487//3487
f 3565//3565 3487//3487 3488//3488
f 3565//3565 3488//3488 3489//3489
f 3565//3565 3489//3489 3490//3490
f 3565//3565 3490//3490 3491//3491
f 3565//3565 3491//3491 3492//3492
f 3565//3565 3492//3492 3493//3493
f 3565//3565 3493//3493 3494//3494
f 3565//3565 3494//3494 3495//3495
f 3565//3565 3495//3495 3496//3496
f 3565//3565 3496//3496 3497//3497
f 3565//3565 3497//3497 3498//3498
f 3565//3565 3498//3498 3499//3499
f 3565//3565 3499//3499 3500//3500
f 3565//3565 3500//3500 3501//3501
f 3565//3565 3501//3501 3502//3502
f 3565//3565 3502//3502 3503//3503
f 3565//3565 3503//3503 3504//3504
f 3565//3565 3504//3504 3505//3505
f 3565//3565 3505//3505 3506//3506
f 3565//3565 3506//3506 3507//3507
f 3565//3565 3507//3507 3508//3508
f 3565//3565 3508//3508 3509//3509
f 3565//3565 3509//3509 3510//3510
f 3565//3565 3510//3510 3511//3511
f 3565//3565 3511//3511 3512//3512
f 3565//3565 3512//3512 3513//3513
f 3565//3565 3513//3513 3514//3514
f 3565//3565 3514//3514 3515//3515
f 3565//3565 3515//3515 3516//3516
f 3565//3565 3516//3516 3517//3517
f 3565//3565 3517//3517 3518//3518
f 3565//3565 3518//3518 3519//3519
f 3565//3565 3519//3519 3520//3520
f 3565//3565 3520//3520 3521//3521
f 3565//3565 3521//3521 3522//3522
f 3565//3565 3522//3522 3523//3523
f 3565//3565 3523//3523 3524//3524
f 3565//3565 3524//3524 3525//3525
f 3565//3565 3525//3525 3526//3526
f 3565//3565 3526//3526 3527//3527
f 3565//3565 3527//3527 3528//3528
f 3565//3565 3528//3528 3529//3529
f 3565//3565 3529//3529 3530//3530
f 3565//3565 3530//3530 3531//3531
f 3565//3565 3531//3531 3532//3532
f 3565//3565 3532//3532 3533//3533
f 3565//3565 3533//3533 3534//3534
f 3565//3565 3534//3534 3535//3535
f 3565//3565 3535//3535 3536//3536
f 3565//3565 3536//3536 3537//3537
f 3565//3565 3537//3537 3538//3538
f 3565//3565 3538//3538 3539//3539
f 3565//3565 3539//3539 3540//3540
f 3565//3565 3540//3540 3541//3541
f 3565//3565 3541//3541 3542//3542
f 3565//3565 3542//3542 3543//3543
f 3565//3565 3543//3543 3544//3544
f 3565//3565 3544//3544 3545//3545
f 3565//3565 3545//3545 3546//3546
f 3565//3565 3546//3546 3547//3547
f 3565//3565 3547//3547 3548//3548
f 3565//3565 3548//3548 3549//3549
f 3565//3565 3549//3549 3550//3550
f 3565//3565 3550//3550 3551//3551
f 3565//3565 3551//3551 3552//3552
f 3565//3565 3552//3552 3553//3553
f 3565//3565 3553//3553 3554//3554
f 3565//3565 3554//3554 3555//3555
f 3565//3565 3555//3555 3556//3556
f 3565//3565 3556//3556 3557//3557
f 3565//3565 3557//3557 3558//3558
f 3565//3565 3558//3558 3559//3559
f 3565//3565 3559//3559 3560//3560
f 3565//3565 3560//3560 3561//3561
f 3565//3565 3561//3561 3562//3562
f 3565//3565 3562//3562 3563//3563
f 3563//3563 3564//3564 3565//3565
o HRL
v 3.12 -0.07 0.36
v 3.12065 -0.07 0.374377
v 3.12267 -0.07 0.389114
v 3.12618 -0.07 0.404025
v 3.13123 -0.07 0.418895
v 3.13787 -0.07 0.433487
v 3.14608 -0.07 0.447554
v 3.15578 -0.07 0.460848
v 3.16686 -0.07 0.473137
v 3.17915 -0.07 0.484217
v 3.19245 -0.07 0.493919
v 3.20651 -0.07 0.502125
v 3.2211 -0.07 0.508766
v 3.23597 -0.07 0.513824
v 3.25089 -0.07 0.517329
v 3.26562 -0.07 0.519353
v 3.28 -0.07 0.52
v 3.29438 -0.07 0.519353
v 3.30911 -0.07 0.517329
v 3.32403 -0.07 0.513824
v 3.3389 -0.07 0.508766
v 3.35349 -0.07 0.502125
v 3.36755 -0.07 0.493919
v 3.38085 -0.07 0.484217
v 3.39314 -0.07 0.473137
v 3.40422 -0.07 0.460848
v 3.41392 -0.07 0.447554
v 3.42213 -0.07 0.433487
v 3.42877 -0.07 0.418895
v 3.43382 -0.07 0.404025
v 3.43733 -0.07 0.389114
v 3.43935 -0.07 0.374377
v 3.44 -0.07 0.36
v 3.43935 -0.07 0.345623
v 3.43733 -0.07 0.330886
v 3.43382 -0.07 0.315975
v 3.42877 -0.07 0.301105
v 3.42213 -0.07 0.286513
v 3.41392 -0.07 0.272446
v 3.40422 -0.07 0.259152
v 3.39314 -0.07 0.246863
v 3.38085 -0.07 0.235783
v 3.36755 -0.07 0.226081
v 3.35349 -0.07 0.217875
v 3.3389 -0.07 0.211234
v 3.32403 -0.07 0.206176
v 3.30911 -0.07 0.202671
v 3.29438 -0.07 0.200647
v 3.28 -0.07 0.2
v 3.26562 -0.07 0.200647
v 3.25089 -0.07 0.202671
v 3.23597 -0.07 0.206176
v 3.2211 -0.07 0.211234
v 3.20651 -0.07 0.217875
v 3.19245 -0.07 0.226081
v 3.17915 -0.07 0.235783
v 3.16686 -0.07 0.246863
v 3.15578 -0.07 0.259152
v 3.14608 -0.07 0.272446
v 3.13787 -0.07 0.286513
v 3.13123 -0.07 0.301105
v 3.12618 -0.07 0.315975
v 3.12267 -0.07 0.330886
v 3.12065 -0.07 0.345623
v 3.12 -0.07 0.36
v 3.12 -0.04 0.36
v 3.12065 -0.04 0.374377
v 3.12267 -0.04 0.389114
v 3.12618 -0.04 0.404025
v 3.13123 -0.04 0.418895
v 3.13787 -0.04 0.433487
v 3.14608 -0.04 0.447554
v 3.15578 -0.04 0.460848
v 3.16686 -0.04 0.473137
v 3.17915 -0.04 0.484217
v 3.19245 -0.04 0.493919
v 3.20651 -0.04 0.502125
v 3.2211 -0.04 0.508766
v 3.23597 -0.04 0.513824
v 3.25089 -0.04 0.517329
v 3.26562 -0.04 0.519353
v 3.28 -0.04 0.52
v 3.29438 -0.04 0.519353
v 3.30911 -0.04 0.517329
v 3.32403 -0.04 0.513824
v 3.3389 -0.04 0.508766
v 3.35349 -0.04 0.502125
v 3.36755 -0.04 0.493919
v 3.38085 -0.04 0.484217
v 3.39314 -0.04 0.473137
v 3.40422 -0.04 0.460848
v 3.41392 -0.04 0.447554
v 3.42213 -0.04 0.433487
v 3.42877 -0.04 0.418895
v 3.43382 -0.04 0.404025
v 3.43733 -0.04 0.389114
v 3.43935 -0.04 0.374377
v 3.44 -0.04 0.36
v 3.43935 -0.04 0.345623
v 3.43733 -0.04 0.330886
v 3.43382 -0.04 0.315975
v 3.42877 -0.04 0.301105
v 3.42213 -0.04 0.286513
v 3.41392 -0.04 0.272446
v 3.40422 -0.04 0.259152
v 3.39314 -0.04 0.246863
v 3.38085 -0.04 0.235783
v 3.36755 -0.04 0.226081
v 3.35349 -0.04 0.217875
v 3.3389 -0.04 0.211234
v 3.32403 -0.04 0.206176
v 3.30911 -0.04 0.202671
v 3.29438 -0.04 0.200647
v 3.28 -0.04 0.2
v 3.26562 -0.04 0.200647
v 3.25089 -0.04 0.202671
v 3.23597 -0.04 0.206176
v 3.2211 -0.04 0.211234
v 3.20651 -0.04 0.217875
v 3.19245 -0.04 0.226081
v 3.17915 -0.04 0.235783
v 3.16686 -0.04 0.246863
v 3.15578 -0.04 0.259152
v 3.14608 -0.04 0.272446
v 3.13787 -0.04 0.286513
v 3.13123 -0.04 0.301105
v 3.12618 -0.04 0.315975
v 3.12267 -0.04 0.330886
v 3.12065 -0.04 0.345623
v 3.12 -0.04 0.36
v 3.12 -0.01 0.36
v 3.12065 -0.01 0.374377
v 3.12267 -0.01 0.389114
v 3.12618 -0.01 0.404025
v 3.13123 -0.01 0.418895
v 3.13787 -0.01 0.433487
v 3.14608 -0.01 0.447554
v 3.15578 -0.01 0.460848
v 3.16686 -0.01 0.473137
v 3.17915 -0.01 0.484217
v 3.19245 -0.01 0.493919
v 3.20651 -0.01 0.502125
v 3.2211 -0.01 0.508766
v 3.23597 -0.01 0.513824
v 3.25089 -0.01 0.517329
v 3.26562 -0.01 0.519353
v 3.28 -0.01 0.52
v 3.29438 -0.01 0.519353
v 3.30911 -0.01 0.517329
v 3.32403 -0.01 0.513824
v 3.3389 -0.01 0.508766
v 3.35349 -0.01 0.502125
v 3.36755 -0.01 0.493919
v 3.38085 -0.01 0.484217
v 3.39314 -0.01 0.473137
v 3.40422 -0.01 0.460848
v 3.41392 -0.01 0.447554
v 3.42213 -0.01 0.433487
v 3.42877 -0.01 0.418895
v 3.43382 -0.01 0.404025
v 3.43733 -0.01 0.389114
v 3.43935 -0.01 0.374377
v 3.44 -0.01 0.36
v 3.43935 -0.01 0.345623
v 3.43733 -0.01 0.330886
v 3.43382 -0.01 0.315975
v 3.42877 -0.01 0.301105
v 3.42213 -0.01 0.286513
v 3.41392 -0.01 0.272446
v 3.40422 -0.01 0.259152
v 3.39314 -0.01 0.246863
v 3.38085 -0.01 0.235783
v 3.36755 -0.01 0.226081
v 3.35349 -0.01 0.217875
v 3.3389 -0.01 0.211234
v 3.32403 -0.01 0.206176
v 3.30911 -0.01 0.202671
v 3.29438 -0.01 0.200647
v 3.28 -0.01 0.2
v 3.26562 -0.01 0.200647
v 3.25089 -0.01 0.202671
v 3.23597 -0.01 0.206176
v 3.2211 -0.01 0.211234
v 3.20651 -0.01 0.217875
v 3.19245 -0.01 0.226081
v 3.17915 -0.01 0.235783
v 3.16686 -0.01 0.246863
v 3.15578 -0.01 0.259152
v 3.14608 -0.01 0.272446
v 3.13787 -0.01 0.286513
v 3.13123 -0.01 0.301105
v 3.12618 -0.01 0.315975
v 3.12267 -0.01 0.330886
v 3.12065 -0.01 0.345623
v 3.12 -0.01 0.36
v 3.12 -0.01 0.36
v 3.12065 -0.01 0.374377
v 3.12267 -0.01 0.389114
v 3.12618 -0.01 0.404025
v 3.13123 -0.01 0.418895
v 3.13436 -0.01 0.426241
v 3.13787 -0.01 0.433487
v 3.14179 -0.01 0.440602
v 3.14608 -0.01 0.447554
v 3.15075 -0.01 0.454312
v 3.15578 -0.01 0.460848
v 3.16116 -0.01 0.467132
v 3.16686 -0.01 0.473137
v 3.17287 -0.01 0.478839
v 3.17915 -0.01 0.484217
v 3.18569 -0.01 0.489249
v 3.19245 -0.01 0.493919
v 3.1994 -0.01 0.498215
v 3.20651 -0.01 0.502125
v 3.21376 -0.01 0.505644
v 3.2211 -0.01 0.508766
v 3.23597 -0.01 0.513824
v 3.25089 -0.01 0.517329
v 3.26562 -0.01 0.519353
v 3.28 -0.01 0.52
v 3.29438 -0.01 0.519353
v 3.30911 -0.01 0.517329
v 3.32403 -0.01 0.513824
v 3.3389 -0.01 0.508766
v 3.34624 -0.01 0.505644
v 3.35349 -0.01 0.502125
v 3.3606 -0.01 0.498215
v 3.36755 -0.01 0.493919
v 3.37431 -0.01 0.489249
v 3.38085 -0.01 0.484217
v 3.38713 -0.01 0.478839
v 3.39314 -0.01 0.473137
v 3.39884 -0.01 0.467132
v 3.40422 -0.01 0.460848
v 3.40925 -0.01 0.454312
v 3.41392 -0.01 0.447554
v 3.41821 -0.01 0.440602
v 3.42213 -0.01 0.433487
v 3.42564 -0.01 0.426241
v 3.42877 -0.01 0.418895
v 3.43382 -0.01 0.404025
v 3.43733 -0.01 0.389114
v 3.43935 -0.01 0.374377
v 3.44 -0.01 0.36
v 3.43935 -0.01 0.345623
v 3.43733 -0.01 0.330886
v 3.43382 -0.01 0.315975
v 3.42877 -0.01 0.301105
v 3.42564 -0.01 0.293759
v 3.42213 -0.01 0.286513
v 3.41821 -0.01 0.279398
v 3.41392 -0.01 0.272446
v 3.40925 -0.01 0.265688
v 3.40422 -0.01 0.259152
v 3.39884 -0.01 0.252868
v 3.39314 -0.01 0.246863
v 3.38713 -0.01 0.241161
v 3.38085 -0.01 0.235783
v 3.37431 -0.01 0.230751
v 3.36755 -0.01 0.226081
v 3.3606 -0.01 0.221785
v 3.35349 -0.01 0.217875
v 3.34624 -0.01 0.214356
v 3.3389 -0.01 0.211234
v 3.32403 -0.01 0.206176
v 3.30911 -0.01 0.202671
v 3.29438 -0.01 0.200647
v 3.28 -0.01 0.2
v 3.26562 -0.01 0.200647
v 3.25089 -0.01 0.202671
v 3.23597 -0.01 0.206176
v 3.2211 -0.01 0.211234
v 3.21376 -0.01 0.214356
v 3.20651 -0.01 0.217875
v 3.1994 -0.01 0.221785
v 3.19245 -0.01 0.226081
v 3.18569 -0.01 0.230751
v 3.17915 -0.01 0.235783
v 3.17287 -0.01 0.241161
v 3.16686 -0.01 0.246863
v 3.16116 -0.01 0.252868
v 3.15578 -0.01 0.259152
v 3.15075 -0.01 0.265688
v 3.14608 -0.01 0.272446
v 3.14179 -0.01 0.279398
v 3.13787 -0.01 0.286513
v 3.13436 -0.01 0.293759
v 3.13123 -0.01 0.301105
v 3.12618 -0.01 0.315975
v 3.12267 -0.01 0.330886
v 3.12065 -0.01 0.345623
v 3.12 -0.07 0.36
v 3.12065 -0.07 0.345623
v 3.12267 -0.07 0.330886
v 3.12618 -0.07 0.315975
v 3.13123 -0.07 0.301105
v 3.13436 -0.07 0.293759
v 3.13787 -0.07 0.286513
v 3.14179 -0.07 0.279398
v 3.14608 -0.07 0.272446
v 3.15075 -0.07 0.265688
v 3.15578 -0.07 0.259152
v 3.16116 -0.07 0.252868
v 3.16686 -0.07 0.246863
v 3.17287 -0.07 0.241161
v 3.17915 -0.07 0.235783
v 3.18569 -0.07 0.230751
v 3.19245 -0.07 0.226081
v 3.1994 -0.07 0.221785
v 3.20651 -0.07 0.217875
v 3.21376 -0.07 0.214356
v 3.2211 -0.07 0.211234
v 3.23597 -0.07 0.206176
v 3.25089 -0.07 0.202671
v 3.26562 -0.07 0.200647
v 3.28 -0.07 0.2
v 3.29438 -0.07 0.200647
v 3.30911 -0.07 0.202671
v 3.32403 -0.07 0.206176
v 3.3389 -0.07 0.211234
v 3.34624 -0.07 0.214356
v 3.35349 -0.07 0.217875
v 3.3606 -0.07 0.221785
v 3.36755 -0.07 0.226081
v 3.37431 -0.07 0.230751
v 3.38085 -0.07 0.235783
v 3.38713 -0.07 0.241161
v 3.39314 -0.07 0.246863
v 3.39884 -0.07 0.252868
v 3.40422 -0.07 0.259152
v 3.40925 -0.07 0.265688
v 3.41392 -0.07 0.272446
v 3.41821 -0.07 0.279398
v 3.42213 -0.07 0.286513
v 3.42564 -0.07 0.293759
v 3.42877 -0.07 0.301105
v 3.43382 -0.07 0.315975
v 3.43733 -0.07 0.330886
v 3.43935 -0.07 0.345623
v 3.44 -0.07 0.36
v 3.43935 -0.07 0.374377
v 3.43733 -0.07 0.389114
v 3.43382 -0.07 0.404025
v 3.42877 -0.07 0.418895
v 3.42564 -0.07 0.426241
v 3.42213 -0.07 0.433487
v 3.41821 -0.07 0.440602
v 3.41392 -0.07 0.447554
v 3.40925 -0.07 0.454312
v 3.40422 -0.07 0.460848
v 3.39884 -0.07 0.467132
v 3.39314 -0.07 0.473137
v 3.38713 -0.07 0.478839
v 3.38085 -0.07 0.484217
v 3.37431 -0.07 0.489249
v 3.36755 -0.07 0.493919
v 3.3606 -0.07 0.498215
v 3.35349 -0.07 0.502125
v 3.34624 -0.07 0.505644
v 3.3389 -0.07 0.508766
v 3.32403 -0.07 0.513824
v 3.30911 -0.07 0.517329
v 3.29438 -0.07 0.519353
v 3.28 -0.07 0.52
v 3.26562 -0.07 0.519353
v 3.25089 -0.07 0.517329
v 3.23597 -0.07 0.513824
v 3.2211 -0.07 0.508766
v 3.21376 -0.07 0.505644
v 3.20651 -0.07 0.502125
v 3.1994 -0.07 0.498215
v 3.19245 -0.07 0.493919
v 3.18569 -0.07 0.489249
v 3.17915 -0.07 0.484217
v 3.17287 -0.07 0.478839
v 3.16686 -0.07 0.473137
v 3.16116 -0.07 0.467132
v 3.15578 -0.07 0.460848
v 3.15075 -0.07 0.454312
v 3.14608 -0.07 0.447554
v 3.14179 -0.07 0.440602
v 3.13787 -0.07 0.433487
v 3.13436 -0.07 0.426241
v 3.13123 -0.07 0.418895
v 3.12618 -0.07 0.404025
v 3.12267 -0.07 0.389114
v 3.12065 -0.07 0.374377
vn -1 0 -1.96262e-15
vn -0.995955 0 0.0898544
vn -0.983305 0 0.181963
vn -0.961399 0 0.275158
vn -0.929788 0 0.368095
vn -0.888284 0 0.459295
vn -0.836996 0 0.54721
vn -0.776353 0 0.630298
vn -0.707107 0 0.707107
vn -0.630298 0 0.776353
vn -0.54721 0 0.836996
vn -0.459295 0 0.888284
vn -0.368095 0 0.929788
vn -0.275158 0 0.961399
vn -0.181963 0 0.983305
vn -0.0898544 0 0.995955
vn -2.45327e-16 0 1
vn 0.0898544 -0 0.995955
vn 0.181963 -0 0.983305
vn 0.275158 -0 0.961399
vn 0.368095 -0 0.929788
vn 0.459295 -0 0.888284
vn 0.54721 -0 0.836996
vn 0.630298 -0 0.776353
vn 0.707107 -0 0.707107
vn 0.776353 -0 0.630298
vn 0.836996 -0 0.54721
vn 0.888284 -0 0.459295
vn 0.929788 -0 0.368095
vn 0.961399 -0 0.275158
vn 0.983305 -0 0.181963
vn 0.995955 -0 0.0898544
vn 1 -0 1.96262e-15
vn 0.995955 0 -0.0898544
vn 0.983305 0 -0.181963
vn 0.961399 0 -0.275158
vn 0.929788 0 -0.368095
vn 0.888284 0 -0.459295
vn 0.836996 0 -0.54721
vn 0.776353 0 -0.630298
vn 0.707107 0 -0.707107
vn 0.630298 0 -0.776353
vn 0.54721 0 -0.836996
vn 0.459295 0 -0.888284
vn 0.368095 0 -0.929788
vn 0.275158 0 -0.961399
vn 0.181963 0 -0.983305
vn 0.0898544 0 -0.995955
vn 1.22663e-16 0 -1
vn -0.0898544 0 -0.995955
vn -0.181963 0 -0.983305
vn -0.275158 0 -0.961399
vn -0.368095 0 -0.929788
vn -0.459295 0 -0.888284
vn -0.54721 0 -0.836996
vn -0.630298 0 -0.776353
vn -0.707107 0 -0.707107
vn -0.776353 0 -0.630298
vn -0.836996 0 -0.54721
vn -0.888284 0 -0.459295
vn -0.929788 0 -0.368095
vn -0.961399 0 -0.275158
vn -0.983305 0 -0.181963
vn -0.995955 0 -0.0898544
vn -1 0 1.96262e-15
vn -1 0 0
vn -0.995955 0 0.0898544
vn -0.983305 0 0.181963
vn -0.961399 0 0.275158
vn -0.929788 0 0.368095
vn -0.888284 0 0.459295
vn -0.836996 0 0.54721
vn -0.776353 0 0.630298
vn -0.707107 0 0.707107
vn -0.630298 0 0.776353
vn -0.54721 0 0.836996
vn -0.459295 0 0.888284
vn -0.368095 0 0.929788
vn -0.275158 0 0.961399
vn -0.181963 0 0.983305
vn -0.0898544 0 0.995955
vn -4.90654e-16 0 1
vn 0.0898544 -0 0.995955
vn 0.181963 -0 0.983305
vn 0.275158 -0 0.961399
vn 0.368095 -0 0.929788
vn 0.459295 -0 0.888284
vn 0.54721 -0 0.836996
vn 0.630298 -0 0.776353
vn 0.707107 -0 0.707107
vn 0.776353 -0 0.630298
vn 0.836996 -0 0.54721
vn 0.888284 -0 0.459295
vn 0.929788 -0 0.368095
vn 0.961399 -0 0.275158
vn 0.983305 -0 0.181963
vn 0.995955 -0 0.0898544
vn 1 -0 3.92523e-15
vn 0.995955 0 -0.0898544
vn 0.983305 0 -0.181963
vn 0.961399 0 -0.275158
vn 0.929788 0 -0.368095
vn 0.888284 0 -0.459295
vn 0.836996 0 -0.54721
vn 0.776353 0 -0.630298
vn 0.707107 0 -0.707107
vn 0.630298 0 -0.776353
vn 0.54721 0 -0.836996
vn 0.459295 0 -0.888284
vn 0.368095 0 -0.929788
vn 0.275158 0 -0.961399
vn 0.181963 0 -0.983305
vn 0.0898544 0 -0.995955
vn 0 0 -1
vn -0.0898544 0 -0.995955
vn -0.181963 0 -0.983305
vn -0.275158 0 -0.961399
vn -0.368095 0 -0.929788
vn -0.459295 0 -0.888284
vn -0.54721 0 -0.836996
vn -0.630298 0 -0.776353
vn -0.707107 0 -0.707107
vn -0.776353 0 -0.630298
vn -0.836996 0 -0.54721
vn -0.888284 0 -0.459295
vn -0.929788 0 -0.368095
vn -0.961399 0 -0.275158
vn -0.983305 0 -0.181963
vn -0.995955 0 -0.0898544
vn -1 0 1.96262e-15
vn -1 0 -1.96262e-15
vn -0.995955 0 0.0898544
vn -0.983305 0 0.181963
vn -0.961399 0 0.275158
vn -0.929788 0 0.368095
vn -0.888284 0 0.459295
vn -0.836996 0 0.54721
vn -0.776353 0 0.630298
vn -0.707107 0 0.707107
vn -0.630298 0 0.776353
vn -0.54721 0 0.836996
vn -0.459295 0 0.888284
vn -0.368095 0 0.929788
vn -0.275158 0 0.961399
vn -0.181963 0 0.983305
vn -0.0898544 0 0.995955
vn -2.45327e-16 0 1
vn 0.0898544 -0 0.995955
vn 0.181963 -0 0.983305
vn 0.275158 -0 0.961399
vn 0.368095 -0 0.929788
vn 0.459295 -0 0.888284
vn 0.54721 -0 0.836996
vn 0.630298 -0 0.776353
vn 0.707107 -0 0.707107
vn 0.776353 -0 0.630298
vn 0.836996 -0 0.54721
vn 0.888284 -0 0.459295
vn 0.929788 -0 0.368095
vn 0.961399 -0 0.275158
vn 0.983305 -0 0.181963
vn 0.995955 -0 0.0898544
vn 1 -0 1.96262e-15
vn 0.995955 0 -0.0898544
vn 0.983305 0 -0.181963
vn 0.961399 0 -0.275158
vn 0.929788 0 -0.368095
vn 0.888284 0 -0.459295
vn 0.836996 0 -0.54721
vn 0.776353 0 -0.630298
vn 0.707107 0 -0.707107
vn 0.630298 0 -0.776353
vn 0.54721 0 -0.836996
vn 0.459295 0 -0.888284
vn 0.368095 0 -0.929788
vn 0.275158 0 -0.961399
vn 0.181963 0 -0.983305
vn 0.0898544 0 -0.995955
vn 1.22663e-16 0 -1
vn -0.0898544 0 -0.995955
vn -0.181963 0 -0.983305
vn -0.275158 0 -0.961399
vn -0.368095 0 -0.929788
vn -0.459295 0 -0.888284
vn -0.54721 0 -0.836996
vn -0.630298 0 -0.776353
vn -0.707107 0 -0.707107
vn -0.776353 0 -0.630298
vn -0.836996 0 -0.54721
vn -0.888284 0 -0.459295
vn -0.929788 0 -0.368095
vn -0.961399 0 -0.275158
vn -0.983305 0 -0.181963
vn -0.995955 0 -0.0898544
vn -1 0 1.96262e-15
vn 0 1 -0
vn -1.73472e-18 1 0
vn 2.22045e-18 1 -0
vn 0 1 -0
vn 0 1 -0
vn 2.22045e-18 1 -0
vn 0 1 -0
vn -4.44089e-18 1 0
vn 0 1 -0
vn 4.44089e-18 1 -0
vn 4.44089e-18 1 -0
vn 0 1 -0
vn -3.46945e-18 1 0
vn 0 1 -0
vn 0 1 -0
vn 4.44089e-18 1 -0
vn 0 1 -0
vn 0 1 -0
vn 0 1 -0
vn 0 1 -0
vn 0 1 -0
vn 0 1 -0
vn 0 1 -0
vn 0 1 -0
vn 0 1 -0
vn 0 1 -0
vn 0 1 -0
vn 0 1 -0
vn 0 1 -0
vn 0 1 -0
vn 0 1 -0
vn -3.46945e-18 1 0
vn 0 1 -0
vn 0 1 -0
vn 0 1 -0
vn 0 1 -0
vn 0 1 -0
vn 0 1 -0
vn 0 1 -0
vn -9.71445e-19 1 0
vn 0 1 -0
vn -4.44089e-18 1 0
vn 0 1 -0
vn 0 1 -0
vn 2.22045e-18 1 -0
vn 3.46945e-18 1 -0
vn 0 1 -0
vn 1.73472e-18 1 -0
vn 0 1 -0
vn 1.73472e-18 1 -0
vn -3.95517e-18 1 0
vn 2.22045e-18 1 -0
vn -1.73472e-18 1 0
vn -6.245e-19 1 0
vn 0 1 -0
vn 0 1 -0
vn -6.245e-19 1 0
vn 2.22045e-18 1 -0
vn 2.84495e-18 1 -0
vn 1.35308e-18 1 -0
vn -1.73472e-18 1 0
vn 1.97758e-18 1 -0
vn -1.11022e-18 1 0
vn -7.97973e-19 1 0
vn 6.76542e-19 1 -0
vn -6.245e-19 1 0
vn 1.97758e-18 1 -0
vn -1.5786e-18 1 0
vn -2.65413e-18 1 0
vn 1.73472e-18 1 -0
vn 9.62772e-19 1 -0
vn 2.74954e-18 1 -0
vn 2.68882e-18 1 -0
vn -8.32667e-19 1 0
vn 2.0383e-18 1 -0
vn 1.72605e-18 1 -0
vn 1.5786e-18 1 -0
vn -1.94289e-18 1 0
vn 1.97758e-18 1 -0
vn -1.66533e-18 1 0
vn -4.33681e-19 1 0
vn 1.78677e-18 1 -0
vn 1.11022e-18 1 -0
vn -2.28983e-18 1 0
vn 0 1 -0
vn 3.08781e-18 1 -0
vn 3.95517e-18 1 -0
vn 1.35308e-18 1 -0
vn -1.11022e-18 1 0
vn 6.245e-19 1 -0
vn 0 1 -0
vn -1.11022e-18 1 0
vn 3.95517e-18 1 -0
vn 2.22045e-18 1 -0
vn 4.85723e-19 1 -0
vn 3.95517e-18 1 -0
vn -1.55431e-17 -1 0
vn -1.55431e-17 -1 0
vn -1.55431e-17 -1 0
vn 2.94209e-17 -1 0
vn -6.10623e-18 -1 0
vn 6.93889e-18 -1 0
vn 1.55431e-17 -1 0
vn -7.77156e-18 -1 0
vn 6.93889e-18 -1 0
vn 8.32667e-19 -1 0
vn 0 -1 0
vn -8.32667e-19 -1 0
vn -1.47105e-17 -1 0
vn 0 -1 0
vn 4.30211e-18 -1 0
vn -2.63678e-18 -1 0
vn -4.71845e-18 -1 0
vn -2.20657e-17 -1 0
vn -2.20657e-17 -1 0
vn -1.23512e-17 -1 0
vn -2.42167e-17 -1 0
vn 2.22738e-17 -1 0
vn -9.08995e-18 -1 0
vn 1.16573e-17 -1 0
vn -1.97065e-17 -1 0
vn -1.45023e-17 -1 0
vn -5.6205e-18 -1 0
vn 2.22738e-17 -1 0
vn -2.42167e-17 -1 0
vn -1.58207e-17 -1 0
vn 8.32667e-19 -1 0
vn 8.32667e-19 -1 0
vn -4.71845e-18 -1 0
vn -7.35523e-18 -1 0
vn 1.249e-18 -1 0
vn -3.88578e-18 -1 0
vn -1.47105e-17 -1 0
vn -6.93889e-18 -1 0
vn -6.93889e-18 -1 0
vn -8.32667e-19 -1 0
vn -2.16493e-17 -1 0
vn -7.77156e-18 -1 0
vn -2.16493e-17 -1 0
vn 6.93889e-18 -1 0
vn 1.38778e-17 -1 0
vn 1.38778e-17 -1 0
vn 0 -1 0
vn 2.94209e-17 -1 0
vn 0 -1 0
vn 2.94209e-17 -1 0
vn 0 -1 0
vn 1.38778e-17 -1 0
vn 1.55431e-17 -1 0
vn 1.55431e-17 -1 0
vn 0 -1 0
vn -3.10862e-17 -1 0
vn 0 -1 0
vn 3.10862e-17 -1 0
vn 0 -1 0
vn 2.77556e-17 -1 0
vn 0 -1 0
vn -3.10862e-17 -1 0
vn 0 -1 0
vn 0 -1 0
vn 0 -1 0
vn 0 -1 0
vn 0 -1 0
vn 0 -1 0
vn 0 -1 0
vn 0 -1 0
vn 0 -1 0
vn 0 -1 0
vn 0 -1 0
vn 0 -1 0
vn 0 -1 0
vn 0 -1 0
vn 0 -1 0
vn 0 -1 0
vn 0 -1 0
vn 0 -1 0
vn 0 -1 0
vn -2.77556e-17 -1 0
vn 0 -1 0
vn 0 -1 0
vn 0 -1 0
vn 2.77556e-17 -1 0
vn 3.10862e-17 -1 0
vn -3.10862e-17 -1 0
vn -2.77556e-17 -1 0
vn -3.10862e-17 -1 0
vn 2.77556e-17 -1 0
vn -4.32987e-17 -1 0
vn 1.55431e-17 -1 0
vn 1.38778e-17 -1 0
vn 0 -1 0
vn 0 -1 0
g HRL_chrome
usemtl chrome
f 3566//3566 3567//3567 3632//3632
f 3566//3566 3632//3632 3631//3631
f 3567//3567 3568//3568 3633//3633
f 3567//3567 3633//3633 3632//3632
f 3568//3568 3569//3569 3634//3634
f 3568//3568 3634//3634 3633//3633
f 3569//3569 3570//3570 3635//3635
f 3569//3569 3635//3635 3634//3634
f 3570//3570 3571//3571 3636//3636
f 3570//3570 3636//3636 3635//3635
f 3571//3571 3572//3572 3637//3637
f 3571//3571 3637//3637 3636//3636
f 3572//3572 3573//3573 3638//3638
f 3572//3572 3638//3638 3637//3637
f 3573//3573 3574//3574 3639//3639
f 3573//3573 3639//3639 3638//3638
f 3574//3574 3575//3575 3640//3640
f 3574//3574 3640//3640 3639//3639
f 3575//3575 3576//3576 3641//3641
f 3575//3575 3641//3641 3640//3640
f 3576//3576 3577//3577 3642//3642
f 3576//3576 3642//3642 3641//3641
f 3577//3577 3578//3578 3643//3643
f 3577//3577 3643//3643 3642//3642
f 3578//3578 3579//3579 3644//3644
f 3578//3578 3644//3644 3643//3643
f 3579//3579 3580//3580 3645//3645
f 3579//3579 3645//3645 3644//3644
f 3580//3580 3581//3581 3646//3646
f 3580//3580 3646//3646 3645//3645
f 3581//3581 3582//3582 3647//3647
f 3581//3581 3647//3647 3646//3646
f 3582//3582 3583//3583 3648//3648
f 3582//3582 3648//3648 3647//3647
f 3583//3583 3584//3584 3649//3649
f 3583//3583 3649//3649 3648//3648
f 3584//3584 3585//3585 3650//3650
f 3584//3584 3650//3650 3649//3649
f 3585//3585 3586//3586 3651//3651
f 3585//3585 3651//3651 3650//3650
f 3586//3586 3587//3587 3652//3652
f 3586//3586 3652//3652 3651//3651
f 3587//3587 3588//3588 3653//3653
f 3587//3587 3653//3653 3652//3652
f 3588//3588 3589//3589 3654//3654
f 3588//3588 3654//3654 3653//3653
f 3589//3589 3590//3590 3655//3655
f 3589//3589 3655//3655 3654//3654
f 3590//3590 3591//3591 3656//3656
f 3590//3590 3656//3656 3655//3655
f 3591//3591 3592//3592 3657//3657
f 3591//3591 3657//3657 3656//3656
f 3592//3592 3593//3593 3658//3658
f 3592//3592 3658//3658 3657//3657
f 3593//3593 3594//3594 3659//3659
f 3593//3593 3659//3659 3658//3658
f 3594//3594 3595//3595 3660//3660
f 3594//3594 3660//3660 3659//3659
f 3595//3595 3596//3596 3661//3661
f 3595//3595 3661//3661 3660//3660
f 3596//3596 3597//3597 3662//3662
f 3596//3596 3662//3662 3661//3661
f 3597//3597 3598//3598 3663//3663
f 3597//3597 3663//3663 3662//3662
f 3598//3598 3599//3599 3664//3664
f 3598//3598 3664//3664 3663//3663
f 3599//3599 3600//3600 3665//3665
f 3599//3599 3665//3665 3664//3664
f 3600//3600 3601//3601 3666//3666
f 3600//3600 3666//3666 3665//3665
f 3601//3601 3602//3602 3667//3667
f 3601//3601 3667//3667 3666//3666
f 3602//3602 3603//3603 3668//3668
f 3602//3602 3668//3668 3667//3667
f 3603//3603 3604//3604 3669//3669
f 3603//3603 3669//3669 3668//3668
f 3604//3604 3605//3605 3670//3670
f 3604//3604 3670//3670 3669//3669
f 3605//3605 3606//3606 3671//3671
f 3605//3605 3671//3671 3670//3670
f 3606//3606 3607//3607 3672//3672
f 3606//3606 3672//3672 3671//3671
f 3607//3607 3608//3608 3673//3673
f 3607//3607 3673//3673 3672//3672
f 3608//3608 3609//3609 3674//3674
f 3608//3608 3674//3674 3673//3673
f 3609//3609 3610//3610 3675//3675
f 3609//3609 3675//3675 3674//3674
f 3610//3610 3611//3611 3676//3676
f 3610//3610 3676//3676 3675//3675
f 3611//3611 3612//3612 3677//3677
f 3611//3611 3677//3677 3676//3676
f 3612//3612 3613//3613 3678//3678
f 3612//3612 3678//3678 3677//3677
f 3613//3613 3614//3614 3679//3679
f 3613//3613 3679//3679 3678//3678
f 3614//3614 3615//3615 3680//3680
f 3614//3614 3680//3680 3679//3679
f 3615//3615 3616//3616 3681//3681
f 3615//3615 3681//3681 3680//3680
f 3616//3616 3617//3617 3682//3682
f 3616//3616 3682//3682 3681//3681
f 3617//3617 3618//3618 3683//3683
f 3617//3617 3683//3683 3682//3682
f 3618//3618 3619//3619 3684//3684
f 3618//3618 3684//3684 3683//3683
f 3619//3619 3620//3620 3685//3685
f 3619//3619 3685//3685 3684//3684
f 3620//3620 3621//3621 3686//3686
f 3620//3620 3686//3686 3685//3685
f 3621//3621 3622//3622 3687//3687
f 3621//3621 3687//3687 3686//3686
f 3622//3622 3623//3623 3688//3688
f 3622//3622 3688//3688 3687//3687
f 3623//3623 3624//3624 3689//3689
f 3623//3623 3689//3689 3688//3688
f 3624//3624 3625//3625 3690//3690
f 3624//3624 3690//3690 3689//3689
f 3625//3625 3626//3626 3691//3691
f 3625//3625 3691//3691 3690//3690
f 3626//3626 3627//3627 3692//3692
f 3626//3626 3692//3692 3691//3691
f 3627//3627 3628//3628 3693//3693
f 3627//3627 3693//3693 3692//3692
f 3628//3628 3629//3629 3694//3694
f 3628//3628 3694//3694 3693//3693
f 3629//3629 3630//3630 3695//3695
f 3629//3629 3695//3695 3694//3694
f 3631//3631 3632//3632 3697//3697
f 3631//3631 3697//3697 3696//3696
f 3632//3632 3633//3633 3698//3698
f 3632//3632 3698//3698 3697//3697
f 3633//3633 3634//3634 3699//3699
f 3633//3633 3699//3699 3698//3698
f 3634//3634 3635//3635 3700//3700
f 3634//3634 3700//3700 3699//3699
f 3635//3635 3636//3636 3701//3701
f 3635//3635 3701//3701 3700//3700
f 3636//3636 3637//3637 3702//3702
f 3636//3636 3702//3702 3701//3701
f 3637//3637 3638//3638 3703//3703
f 3637//3637 3703//3703 3702//3702
f 3638//3638 3639//3639 3704//3704
f 3638//3638 3704//3704 3703//3703
f 3639//3639 3640//3640 3705//3705
f 3639//3639 3705//3705 3704//3704
f 3640//3640 3641//3641 3706//3706
f 3640//3640 3706//3706 3705//3705
f 3641//3641 3642//3642 3707//3707
f 3641//3641 3707//3707 3706//3706
f 3642//3642 3643//3643 3708//3708
f 3642//3642 3708//3708 3707//3707
f 3643//3643 3644//3644 3709//3709
f 3643//3643 3709//3709 3708//3708
f 3644//3644 3645//3645 3710//3710
f 3644//3644 3710//3710 3709//3709
f 3645//3645 3646//3646 3711//3711
f 3645//3645 3711//3711 3710//3710
f 3646//3646 3647//3647 3712//3712
f 3646//3646 3712//3712 3711//3711
f 3647//3647 3648//3648 3713//3713
f 3647//3647 3713//3713 3712//3712
f 3648//3648 3649//3649 3714//3714
f 3648//3648 3714//3714 3713//3713
f 3649//3649 3650//3650 3715//3715
f 3649//3649 3715//3715 3714//3714
f 3650//3650 3651//3651 3716//3716
f 3650//3650 3716//3716 3715//3715
f 3651//3651 3652//3652 3717//3717
f 3651//3651 3717//3717 3716//3716
f 3652//3652 3653//3653 3718//3718
f 3652//3652 3718//3718 3717//3717
f 3653//3653 3654//3654 3719//3719
f 3653//3653 3719//3719 3718//3718
f 3654//3654 3655//3655 3720//3720
f 3654//3654 3720//3720 3719//3719
f 3655//3655 3656//3656 3721//3721
f 3655//3655 3721//3721 3720//3720
f 3656//3656 3657//3657 3722//3722
f 3656//3656 3722//3722 3721//3721
f 3657//3657 3658//3658 3723//3723
f 3657//3657 3723//3723 3722//3722
f 3658//3658 3659//3659 3724//3724
f 3658//3658 3724//3724 3723//3723
f 3659//3659 3660//3660 3725//3725
f 3659//3659 3725//3725 3724//3724
f 3660//3660 3661//3661 3726//3726
f 3660//3660 3726//3726 3725//3725
f 3661//3661 3662//3662 3727//3727
f 3661//3661 3727//3727 3726//3726
f 3662//3662 3663//3663 3728//3728
f 3662//3662 3728//3728 3727//3727
f 3663//3663 3664//3664 3729//3729
f 3663//3663 3729//3729 3728//3728
f 3664//3664 3665//3665 3730//3730
f 3664//3664 3730//3730 3729//3729
f 3665//3665 3666//3666 3731//3731
f 3665//3665 3731//3731 3730//3730
f 3666//3666 3667//3667 3732//3732
f 3666//3666 3732//3732 3731//3731
f 3667//3667 3668//3668 3733//3733
f 3667//3667 3733//3733 3732//3732
f 3668//3668 3669//3669 3734//3734
f 3668//3668 3734//3734 3733//3733
f 3669//3669 3670//3670 3735//3735
f 3669//3669 3735//3735 3734//3734
f 3670//3670 3671//3671 3736//3736
f 3670//3670 3736//3736 3735//3735
f 3671//3671 3672//3672 3737//3737
f 3671//3671 3737//3737 3736//3736
f 3672//3672 3673//3673 3738//3738
f 3672//3672 3738//3738 3737//3737
f 3673//3673 3674//3674 3739//3739
f 3673//3673 3739//3739 3738//3738
f 3674//3674 3675//3675 3740//3740
f 3674//3674 3740//3740 3739//3739
f 3675//3675 3676//3676 3741//3741
f 3675//3675 3741//3741 3740//3740
f 3676//3676 3677//3677 3742//3742
f 3676//3676 3742//3742 3741//3741
f 3677//3677 3678//3678 3743//3743
f 3677//3677 3743//3743 3742//3742
f 3678//3678 3679//3679 3744//3744
f 3678//3678 3744//3744 3743//3743
f 3679//3679 3680//3680 3745//3745
f 3679//3679 3745//3745 3744//3744
f 3680//3680 3681//3681 3746//3746
f 3680//3680 3746//3746 3745//3745
f 3681//3681 3682//3682 3747//3747
f 3681//3681 3747//3747 3746//3746
f 3682//3682 3683//3683 3748//3748
f 3682//3682 3748//3748 3747//3747
f 3683//3683 3684//3684 3749//3749
f 3683//3683 3749//3749 3748//3748
f 3684//3684 3685//3685 3750//3750
f 3684//3684 3750//3750 3749//3749
f 3685//3685 3686//3686 3751//3751
f 3685//3685 3751//3751 3750//3750
f 3686//3686 3687//3687 3752//3752
f 3686//3686 3752//3752 3751//3751
f 3687//3687 3688//3688 3753//3753
f 3687//3687 3753//3753 3752//3752
f 3688//3688 3689//3689 3754//3754
f 3688//3688 3754//3754 3753//3753
f 3689//3689 3690//3690 3755//3755
f 3689//3689 3755//3755 3754//3754
f 3690//3690 3691//3691 3756//3756
f 3690//3690 3756//3756 3755//3755
f 3691//3691 3692//3692 3757//3757
f 3691//3691 3757//3757 3756//3756
f 3692//3692 3693//3693 3758//3758
f 3692//3692 3758//3758 3757//3757
f 3693//3693 3694//3694 3759//3759
f 3693//3693 3759//3759 3758//3758
f 3694//3694 3695//3695 3760//3760
f 3694//3694 3760//3760 3759//3759
f 3856//3856 3761//3761 3762//3762
f 3856//3856 3762//3762 3763//3763
f 3856//3856 3763//3763 3764//3764
f 3856//3856 3764//3764 3765//3765
f 3856//3856 3765//3765 3766//3766
f 3856//3856 3766//3766 3767//3767
f 3856//3856 3767//3767 3768//3768
f 3856//3856 3768//3768 3769//3769
f 3856//3856 3769//3769 3770//3770
f 3856//3856 3770//3770 3771//3771
f 3856//3856 3771//3771 3772//3772
f 3856//3856 3772//3772 3773//3773
f 3856//3856 3773//3773 3774//3774
f 3856//3856 3774//3774 3775//3775
f 3856//3856 3775//3775 3776//3776
f 3856//3856 3776//3776 3777//3777
f 3856//3856 3777//3777 3778//3778
f 3856//3856 3778//3778 3779//3779
f 3856//3856 3779//3779 3780//3780
f 3856//3856 3780//3780 3781//3781
f 3856//3856 3781//3781 3782//3782
f 3856//3856 3782//3782 3783//3783
f 3856//3856 3783//3783 3784//3784
f 3856//3856 3784//3784 3785//3785
f 3856//3856 3785//3785 3786//3786
f 3856//3856 3786//3786 3787//3787
f 3856//3856 3787//3787 3788//3788
f 3856//3856 3788//3788 3789//3789
f 3856//3856 3789//3789 3790//3790
f 3856//3856 3790//3790 3791//3791
f 3856//3856 3791//3791 3792//3792
f 3856//3856 3792//3792 3793//3793
f 3856//3856 3793//3793 3794//3794
f 3856//3856 3794//3794 3795//3795
f 3856//3856 3795//3795 3796//3796
f 3856//3856 3796//3796 3797//3797
f 3856//3856 3797//3797 3798//3798
f 3856//3856 3798//3798 3799//3799
f 3856//3856 3799//3799 3800//3800
f 3856//3856 3800//3800 3801//3801
f 3856//3856 3801//3801 3802//3802
f 3856//3856 3802//3802 3803//3803
f 3856//3856 3803//3803 3804//3804
f 3856//3856 3804//3804 3805//3805
f 3856//3856 3805//3805 3806//3806
f 3856//3856 3806//3806 3807//3807
f 3856//3856 3807//3807 3808//3808
f 3856//3856 3808//3808 3809//3809
f 3856//3856 3809//3809 3810//3810
f 3856//3856 3810//3810 3811//3811
f 3856//3856 3811//3811 3812//3812
f 3856//3856 3812//3812 3813//3813
f 3856//3856 3813//3813 3814//3814
f 3856//3856 3814//3814 3815//3815
f 3856//3856 3815//3815 3816//3816
f 3856//3856 3816//3816 3817//3817
f 3856//3856 3817//3817 3818//3818
f 3856//3856 3818//3818 3819//3819
f 3856//3856 3819//3819 3820//3820
f 3856//3856 3820//3820 3821//3821
f 3856//3856 3821//3821 3822//3822
f 3856//3856 3822//3822 3823//3823
f 3856//3856 3823//3823 3824//3824
f 3856//3856 3824//3824 3825//3825
f 3856//3856 3825//3825 3826//3826
f 3856//3856 3826//3826 3827//3827
f 3856//3856 3827//3827 3828//3828
f 3856//3856 3828//3828 3829//3829
f 3856//3856 3829//3829 3830//3830
f 3856//3856 3830//3830 3831//3831
f 3856//3856 3831//3831 3832//3832
f 3856//3856 3832//3832 3833//3833
f 3856//3856 3833//3833 3834//3834
f 3856//3856 3834//3834 3835//3835
f 3856//3856 3835//3835 3836//3836
f 3856//3856 3836//3836 3837//3837
f 3856//3856 3837//3837 3838//3838
f 3856//3856 3838//3838 3839//3839
f 3856//3856 3839//3839 3840//3840
f 3856//3856 3840//3840 3841//3841
f 3856//3856 3841//3841 3842//3842
f 3856//3856 3842//3842 3843//3843
f 3856//3856 3843//3843 3844//3844
f 3856//3856 3844//3844 3845//3845
f 3856//3856 3845//3845 3846//3846
f 3856//3856 3846//3846 3847//3847
f 3856//3856 3847//3847 3848//3848
f 3856//3856 3848//3848 3849//3849
f 3856//3856 3849//3849 3850//3850
f 3856//3856 3850//3850 3851//3851
f 3856//3856 3851//3851 3852//3852
f 3856//3856 3852//3852 3853//3853
f 3856//3856 3853//3853 3854//3854
f 3854//3854 3855//3855 3856//3856
f 3952//3952 3857//3857 3858//3858
f 3952//3952 3858//3858 3859//3859
f 3952//3952 3859//3859 3860//3860
f 3952//3952 3860//3860 3861//3861
f 3952//3952 3861//3861 3862//3862
f 3952//3952 3862//3862 3863//3863
f 3952//3952 3863//3863 3864//3864
f 3952//3952 3864//3864 3865//3865
f 3952//3952 3865//3865 3866//3866
f 3952//3952 3866//3866 3867//3867
f 3952//3952 3867//3867 3868//3868
f 3952//3952 3868//3868 3869//3869
f 3952//3952 3869//3869 3870//3870
f 3952//3952 3870//3870 3871//3871
f 3952//3952 3871//3871 3872//3872
f 3952//3952 3872//3872 3873//3873
f 3952//3952 3873//3873 3874//3874
f 3952//3952 3874//3874 3875//3875
f 3952//3952 3875//3875 3876//3876
f 3952//3952 3876//3876 3877//3877
f 3952//3952 3877//3877 3878//3878
f 3952//3952 3878//3878 3879//3879
f 3952//3952 3879//3879 3880//3880
f 3952//3952 3880//3880 3881//3881
f 3952//3952 3881//3881 3882//3882
f 3952//3952 3882//3882 3883//3883
f 3952//3952 3883//3883 3884//3884
f 3952//3952 3884//3884 3885//3885
f 3952//3952 3885//3885 3886//3886
f 3952//3952 3886//3886 3887//3887
f 3952//3952 3887//3887 3888//3888
f 3952//3952 3888//3888 3889//3889
f 3952//3952 3889//3889 3890//3890
f 3952//3952 3890//3890 3891//3891
f 3952//3952 3891//3891 3892//3892
f 3952//3952 3892//3892 3893//3893
f 3952//3952 3893//3893 3894//3894
f 3952//3952 3894//3894 3895//3895
f 3952//3952 3895//3895 3896//3896
f 3952//3952 3896//3896 3897//3897
f 3952//3952 3897//3897 3898//3898
f 3952//3952 3898//3898 3899//3899
f 3952//3952 3899//3899 3900//3900
f 3952//3952 3900//3900 3901//3901
f 3952//3952 3901//3901 3902//3902
f 3952//3952 3902//3902 3903//3903
f 3952//3952 3903//3903 3904//3904
f 3952//3952 3904//3904 3905//3905
f 3952//3952 3905//3905 3906//3906
f 3952//3952 3906//3906 3907//3907
f 3952//3952 3907//3907 3908//3908
f 3952//3952 3908//3908 3909//3909
f 3952//3952 3909//3909 3910//3910
f 3952//3952 3910//3910 3911//3911
f 3952//3952 3911//3911 3912//3912
f 3952//3952 3912//3912 3913//3913
f 3952//3952 3913//3913 3914//3914
f 3952//3952 3914//3914 3915//3915
f 3952//3952 3915//3915 3916//3916
f 3952//3952 3916//3916 3917//3917
f 3952//3952 3917//3917 3918//3918
f 3952//3952 3918//3918 3919//3919
f 3952//3952 3919//3919 3920//3920
f 3952//3952 3920//3920 3921//3921
f 3952//3952 3921//3921 3922//3922
f 3952//3952 3922//3922 3923//3923
f 3952//3952 3923//3923 3924//3924
f 3952//3952 3924//3924 3925//3925
f 3952//3952 3925//3925 3926//3926
f 3952//3952 3926//3926 3927//3927
f 3952//3952 3927//3927 3928//3928
f 3952//3952 3928//3928 3929//3929
f 3952//3952 3929//3929 3930//3930
f 3952//3952 3930//3930 3931//3931
f 3952//3952 3931//3931 3932//3932
f 3952//3952 3932//3932 3933//3933
f 3952//3952 3933//3933 3934//3934
f 3952//3952 3934//3934 3935//3935
f 3952//3952 3935//3935 3936//3936
f 3952//3952 3936//3936 3937//3937
f 3952//3952 3937//3937 3938//3938
f 3952//3952 3938//3938 3939//3939
f 3952//3952 3939//3939 3940//3940
f 3952//3952 3940//3940 3941//3941
f 3952//3952 3941//3941 3942//3942
f 3952//3952 3942//3942 3943//3943
f 3952//3952 3943//3943 3944//3944
f 3952//3952 3944//3944 3945//3945
f 3952//3952 3945//3945 3946//3946
f 3952//3952 3946//3946 3947//3947
f 3952//3952 3947//3947 3948//3948
f 3952//3952 3948//3948 3949//3949
f 3952//3952 3949//3949 3950//3950
f 3950//3950 3951//3951 3952//3952
o HRR
v 3.12 1.9 0.36
v 3.12065 1.9 0.374377
v 3.12267 1.9 0.389114
v 3.12618 1.9 0.404025
v 3.13123 1.9 0.418895
v 3.13787 1.9 0.433487
v 3.14608 1.9 0.447554
v 3.15578 1.9 0.460848
v 3.16686 1.9 0.473137
v 3.17915 1.9 0.484217
v 3.19245 1.9 0.493919
v 3.20651 1.9 0.502125
v 3.2211 1.9 0.508766
v 3.23597 1.9 0.513824
v 3.25089 1.9 0.517329
v 3.26562 1.9 0.519353
v 3.28 1.9 0.52
v 3.29438 1.9 0.519353
v 3.30911 1.9 0.517329
v 3.32403 1.9 0.513824
v 3.3389 1.9 0.508766
v 3.35349 1.9 0.502125
v 3.36755 1.9 0.493919
v 3.38085 1.9 0.484217
v 3.39314 1.9 0.473137
v 3.40422 1.9 0.460848
v 3.41392 1.9 0.447554
v 3.42213 1.9 0.433487
v 3.42877 1.9 0.418895
v 3.43382 1.9 0.404025
v 3.43733 1.9 0.389114
v 3.43935 1.9 0.374377
v 3.44 1.9 0.36
v 3.43935 1.9 0.345623
v 3.43733 1.9 0.330886
v 3.43382 1.9 0.315975
v 3.42877 1.9 0.301105
v 3.42213 1.9 0.286513
v 3.41392 1.9 0.272446
v 3.40422 1.9 0.259152
v 3.39314 1.9 0.246863
v 3.38085 1.9 0.235783
v 3.36755 1.9 0.226081
v 3.35349 1.9 0.217875
v 3.3389 1.9 0.211234
v 3.32403 1.9 0.206176
v 3.30911 1.9 0.202671
v 3.29438 1.9 0.200647
v 3.28 1.9 0.2
v 3.26562 1.9 0.200647
v 3.25089 1.9 0.202671
v 3.23597 1.9 0.206176
v 3.2211 1.9 0.211234
v 3.20651 1.9 0.217875
v 3.19245 1.9 0.226081
v 3.17915 1.9 0.235783
v 3.16686 1.9 0.246863
v 3.15578 1.9 0.259152
v 3.14608 1.9 0.272446
v 3.13787 1.9 0.286513
v 3.13123 1.9 0.301105
v 3.12618 1.9 0.315975
v 3.12267 1.9 0.330886
v 3.12065 1.9 0.345623
v 3.12 1.9 0.36
v 3.12 1.93 0.36
v 3.12065 1.93 0.374377
v 3.12267 1.93 0.389114
v 3.12618 1.93 0.404025
v 3.13123 1.93 0.418895
v 3.13787 1.93 0.433487
v 3.14608 1.93 0.447554
v 3.15578 1.93 0.460848
v 3.16686 1.93 0.473137
v 3.17915 1.93 0.484217
v 3.19245 1.93 0.493919
v 3.20651 1.93 0.502125
v 3.2211 1.93 0.508766
v 3.23597 1.93 0.513824
v 3.25089 1.93 0.517329
v 3.26562 1.93 0.519353
v 3.28 1.93 0.52
v 3.29438 1.93 0.519353
v 3.30911 1.93 0.517329
v 3.32403 1.93 0.513824
v 3.3389 1.93 0.508766
v 3.35349 1.93 0.502125
v 3.36755 1.93 0.493919
v 3.38085 1.93 0.484217
v 3.39314 1.93 0.473137
v 3.40422 1.93 0.460848
v 3.41392 1.93 0.447554
v 3.42213 1.93 0.433487
v 3.42877 1.93 0.418895
v 3.43382 1.93 0.404025
v 3.43733 1.93 0.389114
v 3.43935 1.93 0.374377
v 3.44 1.93 0.36
v 3.43935 1.93 0.345623
v 3.43733 1.93 0.330886
v 3.43382 1.93 0.315975
v 3.42877 1.93 0.301105
v 3.42213 1.93 0.286513
v 3.41392 1.93 0.272446
v 3.40422 1.93 0.259152
v 3.39314 1.93 0.246863
v 3.38085 1.93 0.235783
v 3.36755 1.93 0.226081
v 3.35349 1.93 0.217875
v 3.3389 1.93 0.211234
v 3.32403 1.93 0.206176
v 3.30911 1.93 0.202671
v 3.29438 1.93 0.200647
v 3.28 1.93 0.2
v 3.26562 1.93 0.200647
v 3.25089 1.93 0.202671
v 3.23597 1.93 0.206176
v 3.2211 1.93 0.211234
v 3.20651 1.93 0.217875
v 3.19245 1.93 0.226081
v 3.17915 1.93 0.235783
v 3.16686 1.93 0.246863
v 3.15578 1.93 0.259152
v 3.14608 1.93 0.272446
v 3.13787 1.93 0.286513
v 3.13123 1.93 0.301105
v 3.12618 1.93 0.315975
v 3.12267 1.93 0.330886
v 3.12065 1.93 0.345623
v 3.12 1.93 0.36
v 3.12 1.96 0.36
v 3.12065 1.96 0.374377
v 3.12267 1.96 0.389114
v 3.12618 1.96 0.404025
v 3.13123 1.96 0.418895
v 3.13787 1.96 0.433487
v 3.14608 1.96 0.447554
v 3.15578 1.96 0.460848
v 3.16686 1.96 0.473137
v 3.17915 1.96 0.484217
v 3.19245 1.96 0.493919
v 3.20651 1.96 0.502125
v 3.2211 1.96 0.508766
v 3.23597 1.96 0.513824
v 3.25089 1.96 0.517329
v 3.26562 1.96 0.519353
v 3.28 1.96 0.52
v 3.29438 1.96 0.519353
v 3.30911 1.96 0.517329
v 3.32403 1.96 0.513824
v 3.3389 1.96 0.508766
v 3.35349 1.96 0.502125
v 3.36755 1.96 0.493919
v 3.38085 1.96 0.484217
v 3.39314 1.96 0.473137
v 3.40422 1.96 0.460848
v 3.41392 1.96 0.447554
v 3.42213 1.96 0.433487
v 3.42877 1.96 0.418895
v 3.43382 1.96 0.404025
v 3.43733 1.96 0.389114
v 3.43935 1.96 0.374377
v 3.44 1.96 0.36
v 3.43935 1.96 0.345623
v 3.43733 1.96 0.330886
v 3.43382 1.96 0.315975
v 3.42877 1.96 0.301105
v 3.42213 1.96 0.286513
v 3.41392 1.96 0.272446
v 3.40422 1.96 0.259152
v 3.39314 1.96 0.246863
v 3.38085 1.96 0.235783
v 3.36755 1.96 0.226081
v 3.35349 1.96 0.217875
v 3.3389 1.96 0.211234
v 3.32403 1.96 0.206176
v 3.30911 1.96 0.202671
v 3.29438 1.96 0.200647
v 3.28 1.96 0.2
v 3.26562 1.96 0.200647
v 3.25089 1.96 0.202671
v 3.23597 1.96 0.206176
v 3.2211 1.96 0.211234
v 3.20651 1.96 0.217875
v 3.19245 1.96 0.226081
v 3.17915 1.96 0.235783
v 3.16686 1.96 0.246863
v 3.15578 1.96 0.259152
v 3.14608 1.96 0.272446
v 3.13787 1.96 0.286513
v 3.13123 1.96 0.301105
v 3.12618 1.96 0.315975
v 3.12267 1.96 0.330886
v 3.12065 1.96 0.345623
v 3.12 1.96 0.36
v 3.12 1.96 0.36
v 3.12065 1.96 0.374377
v 3.12267 1.96 0.389114
v 3.12618 1.96 0.404025
v 3.13123 1.96 0.418895
v 3.13436 1.96 0.426241
v 3.13787 1.96 0.433487
v 3.14179 1.96 0.440602
v 3.14608 1.96 0.447554
v 3.15075 1.96 0.454312
v 3.15578 1.96 0.460848
v 3.16116 1.96 0.467132
v 3.16686 1.96 0.473137
v 3.17287 1.96 0.478839
v 3.17915 1.96 0.484217
v 3.18569 1.96 0.489249
v 3.19245 1.96 0.493919
v 3.1994 1.96 0.498215
v 3.20651 1.96 0.502125
v 3.21376 1.96 0.505644
v 3.2211 1.96 0.508766
v 3.23597 1.96 0.513824
v 3.25089 1.96 0.517329
v 3.26562 1.96 0.519353
v 3.28 1.96 0.52
v 3.29438 1.96 0.519353
v 3.30911 1.96 0.517329
v 3.32403 1.96 0.513824
v 3.3389 1.96 0.508766
v 3.34624 1.96 0.505644
v 3.35349 1.96 0.502125
v 3.3606 1.96 0.498215
v 3.36755 1.96 0.493919
v 3.37431 1.96 0.489249
v 3.38085 1.96 0.484217
v 3.38713 1.96 0.478839
v 3.39314 1.96 0.473137
v 3.39884 1.96 0.467132
v 3.40422 1.96 0.460848
v 3.40925 1.96 0.454312
v 3.41392 1.96 0.447554
v 3.41821 1.96 0.440602
v 3.42213 1.96 0.433487
v 3.42564 1.96 0.426241
v 3.42877 1.96 0.418895
v 3.43382 1.96 0.404025
v 3.43733 1.96 0.389114
v 3.43935 1.96 0.374377
v 3.44 1.96 0.36
v 3.43935 1.96 0.345623
v 3.43733 1.96 0.330886
v 3.43382 1.96 0.315975
v 3.42877 1.96 0.301105
v 3.42564 1.96 0.293759
v 3.42213 1.96 0.286513
v 3.41821 1.96 0.279398
v 3.41392 1.96 0.272446
v 3.40925 1.96 0.265688
v 3.40422 1.96 0.259152
v 3.39884 1.96 0.252868
v 3.39314 1.96 0.246863
v 3.38713 1.96 0.241161
v 3.38085 1.96 0.235783
v 3.37431 1.96 0.230751
v 3.36755 1.96 0.226081
v 3.3606 1.96 0.221785
v 3.35349 1.96 0.217875
v 3.34624 1.96 0.214356
v 3.3389 1.96 0.211234
v 3.32403 1.96 0.206176
v 3.30911 1.96 0.202671
v 3.29438 1.96 0.200647
v 3.28 1.96 0.2
v 3.26562 1.96 0.200647
v 3.25089 1.96 0.202671
v 3.23597 1.96 0.206176
v 3.2211 1.96 0.211234
v 3.21376 1.96 0.214356
v 3.20651 1.96 0.217875
v 3.1994 1.96 0.221785
v 3.19245 1.96 0.226081
v 3.18569 1.96 0.230751
v 3.17915 1.96 0.235783
v 3.17287 1.96 0.241161
v 3.16686 1.96 0.246863
v 3.16116 1.96 0.252868
v 3.15578 1.96 0.259152
v 3.15075 1.96 0.265688
v 3.14608 1.96 0.272446
v 3.14179 1.96 0.279398
v 3.13787 1.96 0.286513
v 3.13436 1.96 0.293759
v 3.13123 1.96 0.301105
v 3.12618 1.96 0.315975
v 3.12267 1.96 0.330886
v 3.12065 1.96 0.345623
v 3.12 1.9 0.36
v 3.12065 1.9 0.345623
v 3.12267 1.9 0.330886
v 3.12618 1.9 0.315975
v 3.13123 1.9 0.301105
v 3.13436 1.9 0.293759
v 3.13787 1.9 0.286513
v 3.14179 1.9 0.279398
v 3.14608 1.9 0.272446
v 3.15075 1.9 0.265688
v 3.15578 1.9 0.259152
v 3.16116 1.9 0.252868
v 3.16686 1.9 0.246863
v 3.17287 1.9 0.241161
v 3.17915 1.9 0.235783
v 3.18569 1.9 0.230751
v 3.19245 1.9 0.226081
v 3.1994 1.9 0.221785
v 3.20651 1.9 0.217875
v 3.21376 1.9 0.214356
v 3.2211 1.9 0.211234
v 3.23597 1.9 0.206176
v 3.25089 1.9 0.202671
v 3.26562 1.9 0.200647
v 3.28 1.9 0.2
v 3.29438 1.9 0.200647
v 3.30911 1.9 0.202671
v 3.32403 1.9 0.206176
v 3.3389 1.9 0.211234
v 3.34624 1.9 0.214356
v 3.35349 1.9 0.217875
v 3.3606 1.9 0.221785
v 3.36755 1.9 0.226081
v 3.37431 1.9 0.230751
v 3.38085 1.9 0.235783
v 3.38713 1.9 0.241161
v 3.39314 1.9 0.246863
v 3.39884 1.9 0.252868
v 3.40422 1.9 0.259152
v 3.40925 1.9 0.265688
v 3.41392 1.9 0.272446
v 3.41821 1.9 0.279398
v 3.42213 1.9 0.286513
v 3.42564 1.9 0.293759
v 3.42877 1.9 0.301105
v 3.43382 1.9 0.315975
v 3.43733 1.9 0.330886
v 3.43935 1.9 0.345623
v 3.44 1.9 0.36
v 3.43935 1.9 0.374377
v 3.43733 1.9 0.389114
v 3.43382 1.9 0.404025
v 3.42877 1.9 0.418895
v 3.42564 1.9 0.426241
v 3.42213 1.9 0.433487
v 3.41821 1.9 0.440602
v 3.41392 1.9 0.447554
v 3.40925 1.9 0.454312
v 3.40422 1.9 0.460848
v 3.39884 1.9 0.467132
v 3.39314 1.9 0.473137
v 3.38713 1.9 0.478839
v 3.38085 1.9 0.484217
v 3.37431 1.9 0.489249
v 3.36755 1.9 0.493919
v 3.3606 1.9 0.498215
v 3.35349 1.9 0.502125
v 3.34624 1.9 0.505644
v 3.3389 1.9 0.508766
v 3.32403 1.9 0.513824
v 3.30911 1.9 0.517329
v 3.29438 1.9 0.519353
v 3.28 1.9 0.52
v 3.26562 1.9 0.519353
v 3.25089 1.9 0.517329
v 3.23597 1.9 0.513824
v 3.2211 1.9 0.508766
v 3.21376 1.9 0.505644
v 3.20651 1.9 0.502125
v 3.1994 1.9 0.498215
v 3.19245 1.9 0.493919
v 3.18569 1.9 0.489249
v 3.17915 1.9 0.484217
v 3.17287 1.9 0.478839
v 3.16686 1.9 0.473137
v 3.16116 1.9 0.467132
v 3.15578 1.9 0.460848
v 3.15075 1.9 0.454312
v 3.14608 1.9 0.447554
v 3.14179 1.9 0.440602
v 3.13787 1.9 0.433487
v 3.13436 1.9 0.426241
v 3.13123 1.9 0.418895
v 3.12618 1.9 0.404025
v 3.12267 1.9 0.389114
v 3.12065 1.9 0.374377
vn -1 0 -1.96262e-15
vn -0.995955 0 0.0898544
vn -0.983305 0 0.181963
vn -0.961399 0 0.275158
vn -0.929788 0 0.368095
vn -0.888284 0 0.459295
vn -0.836996 0 0.54721
vn -0.776353 0 0.630298
vn -0.707107 0 0.707107
vn -0.630298 0 0.776353
vn -0.54721 0 0.836996
vn -0.459295 0 0.888284
vn -0.368095 0 0.929788
vn -0.275158 0 0.961399
vn -0.181963 0 0.983305
vn -0.0898544 0 0.995955
vn -2.45327e-16 0 1
vn 0.0898544 -0 0.995955
vn 0.181963 -0 0.983305
vn 0.275158 -0 0.961399
vn 0.368095 -0 0.929788
vn 0.459295 -0 0.888284
vn 0.54721 -0 0.836996
vn 0.630298 -0 0.776353
vn 0.707107 -0 0.707107
vn 0.776353 -0 0.630298
vn 0.836996 -0 0.54721
vn 0.888284 -0 0.459295
vn 0.929788 -0 0.368095
vn 0.961399 -0 0.275158
vn 0.983305 -0 0.181963
vn 0.995955 -0 0.0898544
vn 1 -0 1.96262e-15
vn 0.995955 0 -0.0898544
vn 0.983305 0 -0.181963
vn 0.961399 0 -0.275158
vn 0.929788 0 -0.368095
vn 0.888284 0 -0.459295
vn 0.836996 0 -0.54721
vn 0.776353 0 -0.630298
vn 0.707107 0 -0.707107
vn 0.630298 0 -0.776353
vn 0.54721 0 -0.836996
vn 0.459295 0 -0.888284
vn 0.368095 0 -0.929788
vn 0.275158 0 -0.961399
vn 0.181963 0 -0.983305
vn 0.0898544 0 -0.995955
vn 1.22663e-16 0 -1
vn -0.0898544 0 -0.995955
vn -0.181963 0 -0.983305
vn -0.275158 0 -0.961399
vn -0.368095 0 -0.929788
vn -0.459295 0 -0.888284
vn -0.54721 0 -0.836996
vn -0.630298 0 -0.776353
vn -0.707107 0 -0.707107
vn -0.776353 0 -0.630298
vn -0.836996 0 -0.54721
vn -0.888284 0 -0.459295
vn -0.929788 0 -0.368095
vn -0.961399 0 -0.275158
vn -0.983305 0 -0.181963
vn -0.995955 0 -0.0898544
vn -1 0 1.96262e-15
vn -1 0 0
vn -0.995955 0 0.0898544
vn -0.983305 0 0.181963
vn -0.961399 0 0.275158
vn -0.929788 0 0.368095
vn -0.888284 0 0.459295
vn -0.836996 0 0.54721
vn -0.776353 0 0.630298
vn -0.707107 0 0.707107
vn -0.630298 0 0.776353
vn -0.54721 0 0.836996
vn -0.459295 0 0.888284
vn -0.368095 0 0.929788
vn -0.275158 0 0.961399
vn -0.181963 0 0.983305
vn -0.0898544 0 0.995955
vn -4.90654e-16 0 1
vn 0.0898544 -0 0.995955
vn 0.181963 -0 0.983305
vn 0.275158 -0 0.961399
vn 0.368095 -0 0.929788
vn 0.459295 -0 0.888284
vn 0.54721 -0 0.836996
vn 0.630298 -0 0.776353
vn 0.707107 -0 0.707107
vn 0.776353 -0 0.630298
vn 0.836996 -0 0.54721
vn 0.888284 -0 0.459295
vn 0.929788 -0 0.368095
vn 0.961399 -0 0.275158
vn 0.983305 -0 0.181963
vn 0.995955 -0 0.0898544
vn 1 -0 3.92523e-15
vn 0.995955 0 -0.0898544
vn 0.983305 0 -0.181963
vn 0.961399 0 -0.275158
vn 0.929788 0 -0.368095
vn 0.888284 0 -0.459295
vn 0.836996 0 -0.54721
vn 0.776353 0 -0.630298
vn 0.707107 0 -0.707107
vn 0.630298 0 -0.776353
vn 0.54721 0 -0.836996
vn 0.459295 0 -0.888284
vn 0.368095 0 -0.929788
vn 0.275158 0 -0.961399
vn 0.181963 0 -0.983305
vn 0.0898544 0 -0.995955
vn 0 0 -1
vn -0.0898544 0 -0.995955
vn -0.181963 0 -0.983305
vn -0.275158 0 -0.961399
vn -0.368095 0 -0.929788
vn -0.459295 0 -0.888284
vn -0.54721 0 -0.836996
vn -0.630298 0 -0.776353
vn -0.707107 0 -0.707107
vn -0.776353 0 -0.630298
vn -0.836996 0 -0.54721
vn -0.888284 0 -0.459295
vn -0.929788 0 -0.368095
vn -0.961399 0 -0.275158
vn -0.983305 0 -0.181963
vn -0.995955 0 -0.0898544
vn -1 0 1.96262e-15
vn -1 0 -1.96262e-15
vn -0.995955 0 0.0898544
vn -0.983305 0 0.181963
vn -0.961399 0 0.275158
vn -0.929788 0 0.368095
vn -0.888284 0 0.459295
vn -0.836996 0 0.54721
vn -0.776353 0 0.630298
vn -0.707107 0 0.707107
vn -0.630298 0 0.776353
vn -0.54721 0 0.836996
vn -0.459295 0 0.888284
vn -0.368095 0 0.929788
vn -0.275158 0 0.961399
vn -0.181963 0 0.983305
vn -0.0898544 0 0.995955
vn -2.45327e-16 0 1
vn 0.0898544 -0 0.995955
vn 0.181963 -0 0.983305
vn 0.275158 -0 0.961399
vn 0.368095 -0 0.929788
vn 0.459295 -0 0.888284
vn 0.54721 -0 0.836996
vn 0.630298 -0 0.776353
vn 0.707107 -0 0.707107
vn 0.776353 -0 0.630298
vn 0.836996 -0 0.54721
vn 0.888284 -0 0.459295
vn 0.929788 -0 0.368095
vn 0.961399 -0 0.275158
vn 0.983305 -0 0.181963
vn 0.995955 -0 0.0898544
vn 1 -0 1.96262e-15
vn 0.995955 0 -0.0898544
vn 0.983305 0 -0.181963
vn 0.961399 0 -0.275158
vn 0.929788 0 -0.368095
vn 0.888284 0 -0.459295
vn 0.836996 0 -0.54721
vn 0.776353 0 -0.630298
vn 0.707107 0 -0.707107
vn 0.630298 0 -0.776353
vn 0.54721 0 -0.836996
vn 0.459295 0 -0.888284
vn 0.368095 0 -0.929788
vn 0.275158 0 -0.961399
vn 0.181963 0 -0.983305
vn 0.0898544 0 -0.995955
vn 1.22663e-16 0 -1
vn -0.0898544 0 -0.995955
vn -0.181963 0 -0.983305
vn -0.275158 0 -0.961399
vn -0.368095 0 -0.929788
vn -0.459295 0 -0.888284
vn -0.54721 0 -0.836996
vn -0.630298 0 -0.776353
vn -0.707107 0 -0.707107
vn -0.776353 0 -0.630298
vn -0.836996 0 -0.54721
vn -0.888284 0 -0.459295
vn -0.929788 0 -0.368095
vn -0.961399 0 -0.275158
vn -0.983305 0 -0.181963
vn -0.995955 0 -0.0898544
vn -1 0 1.96262e-15
vn 0 1 -0
vn 0 1 -0
vn -8.79297e-16 1 -8.88178e-16
vn 0 1 -0
vn 0 1 -8.88178e-16
vn -8.79297e-16 1 -8.88178e-16
vn 4.44089e-16 1 -0
vn 8.70415e-16 1 -8.88178e-16
vn 0 1 -8.88178e-16
vn -8.70415e-16 1 -8.88178e-16
vn -8.70415e-16 1 0
vn 0 1 -8.88178e-16
vn 0 1 -8.88178e-16
vn 0 1 -8.88178e-16
vn 0 1 -8.88178e-16
vn -8.70415e-16 1 -8.88178e-16
vn 0 1 -0
vn 0 1 -0
vn 0 1 -4.44089e-16
vn 9.86076e-32 1 -4.44089e-16
vn 0 1 -4.44089e-16
vn 0 1 -8.88178e-16
vn -8.88178e-16 1 -4.44089e-16
vn 0 1 -4.44089e-16
vn 0 1 -4.44089e-16
vn 0 1 -4.44089e-16
vn -8.88178e-16 1 -4.44089e-16
vn 0 1 -4.44089e-16
vn 0 1 -2.22045e-16
vn 1.47911e-31 1 -6.66134e-16
vn 0 1 -6.66134e-16
vn 0 1 -8.88178e-16
vn 0 1 -1.11022e-15
vn 0 1 -0
vn 0 1 -1.11022e-15
vn 0 1 -0
vn 2.21867e-31 1 -9.99201e-16
vn 0 1 -9.99201e-16
vn 0 1 -9.99201e-16
vn 8.70415e-16 1 -0
vn 0 1 -1.11022e-16
vn 8.70415e-16 1 -8.88178e-16
vn 4.44089e-16 1 -9.99201e-16
vn -4.44089e-16 1 -9.4369e-16
vn -4.35207e-16 1 -9.4369e-16
vn -6.16298e-33 1 -5.55112e-17
vn 0 1 -0
vn 0 1 -8.88178e-16
vn -4.44089e-16 1 -8.88178e-16
vn 0 1 -8.88178e-16
vn 4.35207e-16 1 -5.55112e-17
vn -4.35207e-16 1 -5.55112e-17
vn -6.16298e-33 1 -5.55112e-17
vn 4.44089e-18 1 -5.55112e-17
vn 4.44089e-16 1 -0
vn -2.22045e-16 1 -9.99201e-16
vn -2.17604e-16 1 -1.11022e-16
vn -2.13163e-16 1 -9.99201e-16
vn -4.39648e-16 1 -8.88178e-16
vn -2.13163e-16 1 -1.11022e-16
vn 0 1 -1.11022e-16
vn -4.39648e-16 1 -2.22045e-16
vn 4.39648e-16 1 -1.11022e-15
vn 6.59472e-16 1 -2.22045e-16
vn 4.44089e-18 1 -1.11022e-15
vn -4.39648e-16 1 -1.11022e-15
vn -3.28626e-16 1 -6.66134e-16
vn 1.65423e-16 1 -6.66134e-16
vn 2.68674e-16 1 -6.66134e-16
vn -2.22045e-16 1 -8.88178e-16
vn -2.79776e-16 1 -8.88178e-16
vn -3.26406e-16 1 -8.88178e-16
vn -2.16493e-16 1 -4.44089e-16
vn 5.51781e-16 1 -0
vn -2.72005e-16 1 0
vn -2.69784e-16 1 -4.44089e-16
vn 2.78666e-16 1 -4.44089e-16
vn 1.58762e-16 1 -4.44089e-16
vn -3.28626e-16 1 -4.44089e-16
vn 4.37428e-16 1 -8.88178e-16
vn 2.46519e-32 1 -8.88178e-16
vn -1.02141e-16 1 -8.88178e-16
vn -3.28626e-16 1 0
vn 4.41869e-16 1 -8.88178e-16
vn -4.93038e-32 1 -8.88178e-16
vn -2.13163e-16 1 -8.88178e-16
vn -4.35207e-16 1 0
vn -2.13163e-16 1 -8.88178e-16
vn 6.61693e-16 1 -8.88178e-16
vn -2.26485e-16 1 -8.88178e-16
vn 4.44089e-16 1 -8.88178e-16
vn -4.44089e-18 1 -8.88178e-16
vn -4.35207e-16 1 -8.88178e-16
vn -4.35207e-16 1 0
vn -4.35207e-16 1 -8.88178e-16
vn -8.79297e-16 1 0
vn 8.65974e-16 -1 -9.15934e-16
vn 8.65974e-16 -1 -9.4369e-16
vn 8.65974e-16 -1 -9.4369e-16
vn -8.65974e-16 -1 -9.4369e-16
vn 1.11022e-17 -1 -9.4369e-16
vn 2.22045e-16 -1 -9.4369e-16
vn -8.65974e-16 -1 -1.11022e-16
vn 2.10942e-16 -1 -8.88178e-16
vn 0 -1 0
vn -6.55032e-16 -1 -9.99201e-16
vn -2.22045e-16 -1 -9.99201e-16
vn 6.55032e-16 -1 -1.11022e-16
vn -1.22125e-16 -1 -1.11022e-16
vn -1.11022e-16 -1 -2.22045e-16
vn -5.44009e-16 -1 -2.22045e-16
vn -3.21965e-16 -1 0
vn -1.66533e-17 -1 -2.22045e-16
vn -1.66533e-17 -1 -6.66134e-16
vn 3.16414e-16 -1 -6.66134e-16
vn 2.19269e-16 -1 -6.66134e-16
vn 4.21885e-16 -1 -6.66134e-16
vn -3.69149e-16 -1 -4.44089e-16
vn 4.996e-17 -1 -8.88178e-16
vn -4.82947e-16 -1 -8.88178e-16
vn -2.02616e-16 -1 -8.88178e-16
vn 3.80251e-16 -1 -4.44089e-16
vn 4.996e-17 -1 -4.44089e-16
vn -3.69149e-16 -1 -4.44089e-16
vn 4.21885e-16 -1 -8.88178e-16
vn 1.63758e-16 -1 -4.44089e-16
vn -6.55032e-16 -1 -8.88178e-16
vn -9.99201e-17 -1 -4.44089e-16
vn -1.66533e-17 -1 0
vn -3.38618e-16 -1 -8.88178e-16
vn -5.38458e-16 -1 0
vn -2.27596e-16 -1 0
vn -1.22125e-16 -1 -8.88178e-16
vn -2.22045e-16 -1 0
vn -2.22045e-16 -1 -8.88178e-16
vn 2.10942e-16 -1 0
vn -1.11022e-17 -1 0
vn 2.10942e-16 -1 -8.88178e-16
vn -1.11022e-17 -1 0
vn 2.22045e-16 -1 -8.88178e-16
vn 0 -1 0
vn -9.86076e-32 -1 -8.88178e-16
vn 0 -1 -8.88178e-16
vn -8.65974e-16 -1 -8.88178e-16
vn -9.86076e-32 -1 -8.88178e-16
vn -4.21885e-16 -1 -8.88178e-16
vn 4.44089e-16 -1 0
vn 4.44089e-16 -1 -8.88178e-16
vn 2.22045e-17 -1 0
vn -4.21885e-16 -1 0
vn 4.44089e-16 -1 -8.88178e-16
vn 1.28786e-15 -1 -8.88178e-16
vn 0 -1 0
vn -8.43769e-16 -1 -8.88178e-16
vn 0 -1 -8.88178e-16
vn 0 -1 0
vn 0 -1 -8.88178e-16
vn 1.73195e-15 -1 -8.88178e-16
vn 0 -1 -8.88178e-16
vn 0 -1 0
vn 0 -1 -8.88178e-16
vn 0 -1 -8.88178e-16
vn 0 -1 -4.44089e-16
vn 0 -1 -8.88178e-16
vn 0 -1 -8.88178e-16
vn 0 -1 -4.44089e-16
vn 0 -1 -4.44089e-16
vn 0 -1 -4.44089e-16
vn 0 -1 -8.88178e-16
vn 0 -1 -4.44089e-16
vn 0 -1 -4.44089e-16
vn 0 -1 -8.88178e-16
vn 0 -1 -4.44089e-16
vn 0 -1 -6.66134e-16
vn 0 -1 -6.66134e-16
vn 0 -1 -1.11022e-15
vn 0 -1 -2.22045e-16
vn 0 -1 0
vn 0 -1 0
vn 0 -1 -1.11022e-15
vn -2.21867e-31 -1 -9.99201e-16
vn 0 -1 -1.11022e-16
vn -8.43769e-16 -1 -1.11022e-16
vn 8.43769e-16 -1 -1.11022e-16
vn 0 -1 -1.11022e-16
vn 1.28786e-15 -1 0
vn -4.44089e-16 -1 0
vn 8.65974e-16 -1 -9.4369e-16
vn -4.21885e-16 -1 -9.4369e-16
vn 4.44089e-16 -1 -5.55112e-17
vn 1.04771e-31 -1 -9.4369e-16
vn 4.44089e-16 -1 -8.88178e-16
g HRR_chrome
usemtl chrome
f 3953//3953 3954//3954 4019//4019
f 3953//3953 4019//4019 4018//4018
f 3954//3954 3955//3955 4020//4020
f 3954//3954 4020//4020 4019//4019
f 3955//3955 3956//3956 4021//4021
f 3955//3955 4021//4021 4020//4020
f 3956//3956 3957//3957 4022//4022
f 3956//3956 4022//4022 4021//4021
f 3957//3957 3958//3958 4023//4023
f 3957//3957 4023//4023 4022//4022
f 3958//3958 3959//3959 4024//4024
f 3958//3958 4024//4024 4023//4023
f 3959//3959 3960//3960 4025//4025
f 3959//3959 4025//4025 4024//4024
f 3960//3960 3961//3961 4026//4026
f 3960//3960 4026//4026 4025//4025
f 3961//3961 3962//3962 4027//4027
f 3961//3961 4027//4027 4026//4026
f 3962//3962 3963//3963 4028//4028
f 3962//3962 4028//4028 4027//4027
f 3963//3963 3964//3964 4029//4029
f 3963//3963 4029//4029 4028//4028
f 3964//3964 3965//3965 4030//4030
f 3964//3964 4030//4030 4029//4029
f 3965//3965 3966//3966 4031//4031
f 3965//3965 4031//4031 4030//4030
f 3966//3966 3967//3967 4032//4032
f 3966//3966 4032//4032 4031//4031
f 3967//3967 3968//3968 4033//4033
f 3967//3967 4033//4033 4032//4032
f 3968//3968 3969//3969 4034//4034
f 3968//3968 4034//4034 4033//4033
f 3969//3969 3970//3970 4035//4035
f 3969//3969 4035//4035 4034//4034
f 3970//3970 3971//3971 4036//4036
f 3970//3970 4036//4036 4035//4035
f 3971//3971 3972//3972 4037//4037
f 3971//3971 4037//4037 4036//4036
f 3972//3972 3973//3973 4038//4038
f 3972//3972 4038//4038 4037//4037
f 3973//3973 3974//3974 4039//4039
f 3973//3973 4039//4039 4038//4038
f 3974//3974 3975//3975 4040//4040
f 3974//3974 4040//4040 4039//4039
f 3975//3975 3976//3976 4041//4041
f 3975//3975 4041//4041 4040//4040
f 3976//3976 3977//3977 4042//4042
f 3976//3976 4042//4042 4041//4041
f 3977//3977 3978//3978 4043//4043
f 3977//3977 4043//4043 4042//4042
f 3978//3978 3979//3979 4044//4044
f 3978//3978 4044//4044 4043//4043
f 3979//3979 3980//3980 4045//4045
f 3979//3979 4045//4045 4044//4044
f 3980//3980 3981//3981 4046//4046
f 3980//3980 4046//4046 4045//4045
f 3981//3981 3982//3982 4047//4047
f 3981//3981 4047//4047 4046//4046
f 3982//3982 3983//3983 4048//4048
f 3982//3982 4048//4048 4047//4047
f 3983//3983 3984//3984 4049//4049
f 3983//3983 4049//4049 4048//4048
f 3984//3984 3985//3985 4050//4050
f 3984//3984 4050//4050 4049//4049
f 3985//3985 3986//3986 4051//4051
f 3985//3985 4051//4051 4050//4050
f 3986//3986 3987//3987 4052//4052
f 3986//3986 4052//4052 4051//4051
f 3987//3987 3988//3988 4053//4053
f 3987//3987 4053//4053 4052//4052
f 3988//3988 3989//3989 4054//4054
f 3988//3988 4054//4054 4053//4053
f 3989//3989 3990//3990 4055//4055
f 3989//3989 4055//4055 4054//4054
f 3990//3990 3991//3991 4056//4056
f 3990//3990 4056//4056 4055//4055
f 3991//3991 3992//3992 4057//4057
f 3991//3991 4057//4057 4056//4056
f 3992//3992 3993//3993 4058//4058
f 3992//3992 4058//4058 4057//4057
f 3993//3993 3994//3994 4059//4059
f 3993//3993 4059//4059 4058//4058
f 3994//3994 3995//3995 4060//4060
f 3994//3994 4060//4060 4059//4059
f 3995//3995 3996//3996 4061//4061
f 3995//3995 4061//4061 4060//4060
f 3996//3996 3997//3997 4062//4062
f 3996//3996 4062//4062 4061//4061
f 3997//3997 3998//3998 4063//4063
f 3997//3997 4063//4063 4062//4062
f 3998//3998 3999//3999 4064//4064
f 3998//3998 4064//4064 4063//4063
f 3999//3999 4000//4000 4065//4065
f 3999//3999 4065//4065 4064//4064
f 4000//4000 4001//4001 4066//4066
f 4000//4000 4066//4066 4065//4065
f 4001//4001 4002//4002 4067//4067
f 4001//4001 4067//4067 4066//4066
f 4002//4002 4003//4003 4068//4068
f 4002//4002 4068//4068 4067//4067
f 4003//4003 4004//4004 4069//4069
f 4003//4003 4069//4069 4068//4068
f 4004//4004 4005//4005 4070//4070
f 4004//4004 4070//4070 4069//4069
f 4005//4005 4006//4006 4071//4071
f 4005//4005 4071//4071 4070//4070
f 4006//4006 4007//4007 4072//4072
f 4006//4006 4072//4072 4071//4071
f 4007//4007 4008//4008 4073//4073
f 4007//4007 4073//4073 4072//4072
f 4008//4008 4009//4009 4074//4074
f 4008//4008 4074//4074 4073//4073
f 4009//4009 4010//4010 4075//4075
f 4009//4009 4075//4075 4074//4074
f 4010//4010 4011//4011 4076//4076
f 4010//4010 4076//4076 4075//4075
f 4011//4011 4012//4012 4077//4077
f 4011//4011 4077//4077 4076//4076
f 4012//4012 4013//4013 4078//4078
f 4012//4012 4078//4078 4077//4077
f 4013//4013 4014//4014 4079//4079
f 4013//4013 4079//4079 4078//4078
f 4014//4014 4015//4015 4080//4080
f 4014//4014 4080//4080 4079//4079
f 4015//4015 4016//4016 4081//4081
f 4015//4015 4081//4081 4080//4080
f 4016//4016 4017//4017 4082//4082
f 4016//4016 4082//4082 4081//4081
f 4018//4018 4019//4019 4084//4084
f 4018//4018 4084//4084 4083//4083
f 4019//4019 4020//4020 4085//4085
f 4019//4019 4085//4085 4084//4084
f 4020//4020 4021//4021 4086//4086
f 4020//4020 4086//4086 4085//4085
f 4021//4021 4022//4022 4087//4087
f 4021//4021 4087//4087 4086//4086
f 4022//4022 4023//4023 4088//4088
f 4022//4022 4088//4088 4087//4087
f 4023//4023 4024//4024 4089//4089
f 4023//4023 4089//4089 4088//4088
f 4024//4024 4025//4025 4090//4090
f 4024//4024 4090//4090 4089//4089
f 4025//4025 4026//4026 4091//4091
f 4025//4025 4091//4091 4090//4090
f 4026//4026 4027//4027 4092//4092
f 4026//4026 4092//4092 4091//4091
f 4027//4027 4028//4028 4093//4093
f 4027//4027 4093//4093 4092//4092
f 4028//4028 4029//4029 4094//4094
f 4028//4028 4094//4094 4093//4093
f 4029//4029 4030//4030 4095//4095
f 4029//4029 4095//4095 4094//4094
f 4030//4030 4031//4031 4096//4096
f 4030//4030 4096//4096 4095//4095
f 4031//4031 4032//4032 4097//4097
f 4031//4031 4097//4097 4096//4096
f 4032//4032 4033//4033 4098//4098
f 4032//4032 4098//4098 4097//4097
f 4033//4033 4034//4034 4099//4099
f 4033//4033 4099//4099 4098//4098
f 4034//4034 4035//4035 4100//4100
f 4034//4034 4100//4100 4099//4099
f 4035//4035 4036//4036 4101//4101
f 4035//4035 4101//4101 4100//4100
f 4036//4036 4037//4037 4102//4102
f 4036//4036 4102//4102 4101//4101
f 4037//4037 4038//4038 4103//4103
f 4037//4037 4103//4103 4102//4102
f 4038//4038 4039//4039 4104//4104
f 4038//4038 4104//4104 4103//4103
f 4039//4039 4040//4040 4105//4105
f 4039//4039 4105//4105 4104//4104
f 4040//4040 4041//4041 4106//4106
f 4040//4040 4106//4106 4105//4105
f 4041//4041 4042//4042 4107//4107
f 4041//4041 4107//4107 4106//4106
f 4042//4042 4043//4043 4108//4108
f 4042//4042 4108//4108 4107//4107
f 4043//4043 4044//4044 4109//4109
f 4043//4043 4109//4109 4108//4108
f 4044//4044 4045//4045 4110//4110
f 4044//4044 4110//4110 4109//4109
f 4045//4045 4046//4046 4111//4111
f 4045//4045 4111//4111 4110//4110
f 4046//4046 4047//4047 4112//4112
f 4046//4046 4112//4112 4111//4111
f 4047//4047 4048//4048 4113//4113
f 4047//4047 4113//4113 4112//4112
f 4048//4048 4049//4049 4114//4114
f 4048//4048 4114//4114 4113//4113
f 4049//4049 4050//4050 4115//4115
f 4049//4049 4115//4115 4114//4114
f 4050//4050 4051//4051 4116//4116
f 4050//4050 4116//4116 4115//4115
f 4051//4051 4052//4052 4117//4117
f 4051//4051 4117//4117 4116//4116
f 4052//4052 4053//4053 4118//4118
f 4052//4052 4118//4118 4117//4117
f 4053//4053 4054//4054 4119//4119
f 4053//4053 4119//4119 4118//4118
f 4054//4054 4055//4055 4120//4120
f 4054//4054 4120//4120 4119//4119
f 4055//4055 4056//4056 4121//4121
f 4055//4055 4121//4121 4120//4120
f 4056//4056 4057//4057 4122//4122
f 4056//4056 4122//4122 4121//4121
f 4057//4057 4058//4058 4123//4123
f 4057//4057 4123//4123 4122//4122
f 4058//4058 4059//4059 4124//4124
f 4058//4058 4124//4124 4123//4123
f 4059//4059 4060//4060 4125//4125
f 4059//4059 4125//4125 4124//4124
f 4060//4060 4061//4061 4126//4126
f 4060//4060 4126//4126 4125//4125
f 4061//4061 4062//4062 4127//4127
f 4061//4061 4127//4127 4126//4126
f 4062//4062 4063//4063 4128//4128
f 4062//4062 4128//4128 4127//4127
f 4063//4063 4064//4064 4129//4129
f 4063//4063 4129//4129 4128//4128
f 4064//4064 4065//4065 4130//4130
f 4064//4064 4130//4130 4129//4129
f 4065//4065 4066//4066 4131//4131
f 4065//4065 4131//4131 4130//4130
f 4066//4066 4067//4067 4132//4132
f 4066//4066 4132//4132 4131//4131
f 4067//4067 4068//4068 4133//4133
f 4067//4067 4133//4133 4132//4132
f 4068//4068 4069//4069 4134//4134
f 4068//4068 4134//4134 4133//4133
f 4069//4069 4070//4070 4135//4135
f 4069//4069 4135//4135 4134//4134
f 4070//4070 4071//4071 4136//4136
f 4070//4070 4136//4136 4135//4135
f 4071//4071 4072//4072 4137//4137
f 4071//4071 4137//4137 4136//4136
f 4072//4072 4073//4073 4138//4138
f 4072//4072 4138//4138 4137//4137
f 4073//4073 4074//4074 4139//4139
f 4073//4073 4139//4139 4138//4138
f 4074//4074 4075//4075 4140//4140
f 4074//4074 4140//4140 4139//4139
f 4075//4075 4076//4076 4141//4141
f 4075//4075 4141//4141 4140//4140
f 4076//4076 4077//4077 4142//4142
f 4076//4076 4142//4142 4141//4141
f 4077//4077 4078//4078 4143//4143
f 4077//4077 4143//4143 4142//4142
f 4078//4078 4079//4079 4144//4144
f 4078//4078 4144//4144 4143//4143
f 4079//4079 4080//4080 4145//4145
f 4079//4079 4145//4145 4144//4144
f 4080//4080 4081//4081 4146//4146
f 4080//4080 4146//4146 4145//4145
f 4081//4081 4082//4082 4147//4147
f 4081//4081 4147//4147 4146//4146
f 4243//4243 4148//4148 4149//4149
f 4243//4243 4149//4149 4150//4150
f 4243//4243 4150//4150 4151//4151
f 4243//4243 4151//4151 4152//4152
f 4243//4243 4152//4152 4153//4153
f 4243//4243 4153//4153 4154//4154
f 4243//4243 4154//4154 4155//4155
f 4243//4243 4155//4155 4156//4156
f 4243//4243 4156//4156 4157//4157
f 4243//4243 4157//4157 4158//4158
f 4243//4243 4158//4158 4159//4159
f 4243//4243 4159//4159 4160//4160
f 4243//4243 4160//4160 4161//4161
f 4243//4243 4161//4161 4162//4162
f 4243//4243 4162//4162 4163//4163
f 4243//4243 4163//4163 4164//4164
f 4243//4243 4164//4164 4165//4165
f 4243//4243 4165//4165 4166//4166
f 4243//4243 4166//4166 4167//4167
f 4243//4243 4167//4167 4168//4168
f 4243//4243 4168//4168 4169//4169
f 4243//4243 4169//4169 4170//4170
f 4243//4243 4170//4170 4171//4171
f 4243//4243 4171//4171 4172//4172
f 4243//4243 4172//4172 4173//4173
f 4243//4243 4173//4173 4174//4174
f 4243//4243 4174//4174 4175//4175
f 4243//4243 4175//4175 4176//4176
f 4243//4243 4176//4176 4177//4177
f 4243//4243 4177//4177 4178//4178
f 4243//4243 4178//4178 4179//4179
f 4243//4243 4179//4179 4180//4180
f 4243//4243 4180//4180 4181//4181
f 4243//4243 4181//4181 4182//4182
f 4243//4243 4182//4182 4183//4183
f 4243//4243 4183//4183 4184//4184
f 4243//4243 4184//4184 4185//4185
f 4243//4243 4185//4185 4186//4186
f 4243//4243 4186//4186 4187//4187
f 4243//4243 4187//4187 4188//4188
f 4243//4243 4188//4188 4189//4189
f 4243//4243 4189//4189 4190//4190
f 4243//4243 4190//4190 4191//4191
f 4243//4243 4191//4191 4192//4192
f 4243//4243 4192//4192 4193//4193
f 4243//4243 4193//4193 4194//4194
f 4243//4243 4194//4194 4195//4195
f 4243//4243 4195//4195 4196//4196
f 4243//4243 4196//4196 4197//4197
f 4243//4243 4197//4197 4198//4198
f 4243//4243 4198//4198 4199//4199
f 4243//4243 4199//4199 4200//4200
f 4243//4243 4200//4200 4201//4201
f 4243//4243 4201//4201 4202//4202
f 4243//4243 4202//4202 4203//4203
f 4243//4243 4203//4203 4204//4204
f 4243//4243 4204//4204 4205//4205
f 4243//4243 4205//4205 4206//4206
f 4243//4243 4206//4206 4207//4207
f 4243//4243 4207//4207 4208//4208
f 4243//4243 4208//4208 4209//4209
f 4243//4243 4209//4209 4210//4210
f 4243//4243 4210//4210 4211//4211
f 4243//4243 4211//4211 4212//4212
f 4243//4243 4212//4212 4213//4213
f 4243//4243 4213//4213 4214//4214
f 4243//4243 4214//4214 4215//4215
f 4243//4243 4215//4215 4216//4216
f 4243//4243 4216//4216 4217//4217
f 4243//4243 4217//4217 4218//4218
f 4243//4243 4218//4218 4219//4219
f 4243//4243 4219//4219 4220//4220
f 4243//4243 4220//4220 4221//4221
f 4243//4243 4221//4221 4222//4222
f 4243//4243 4222//4222 4223//4223
f 4243//4243 4223//4223 4224//4224
f 4243//4243 4224//4224 4225//4225
f 4243//4243 4225//4225 4226//4226
f 4243//4243 4226//4226 4227//4227
f 4243//4243 4227//4227 4228//4228
f 4243//4243 4228//4228 4229//4229
f 4243//4243 4229//4229 4230//4230
f 4243//4243 4230//4230 4231//4231
f 4243//4243 4231//4231 4232//4232
f 4243//4243 4232//4232 4233//4233
f 4243//4243 4233//4233 4234//4234
f 4243//4243 4234//4234 4235//4235
f 4243//4243 4235//4235 4236//4236
f 4243//4243 4236//4236 4237//4237
f 4243//4243 4237//4237 4238//4238
f 4243//4243 4238//4238 4239//4239
f 4243//4243 4239//4239 4240//4240
f 4243//4243 4240//4240 4241//4241
f 4241//4241 4242//4242 4243//4243
f 4339//4339 4244//4244 4245//4245
f 4339//4339 4245//4245 4246//4246
f 4339//4339 4246//4246 4247//4247
f 4339//4339 4247//4247 4248//4248
f 4339//4339 4248//4248 4249//4249
f 4339//4339 4249//4249 4250//4250
f 4339//4339 4250//4250 4251//4251
f 4339//4339 4251//4251 4252//4252
f 4339//4339 4252//4252 4253//4253
f 4339//4339 4253//4253 4254//4254
f 4339//4339 4254//4254 4255//4255
f 4339//4339 4255//4255 4256//4256
f 4339//4339 4256//4256 4257//4257
f 4339//4339 4257//4257 4258//4258
f 4339//4339 4258//4258 4259//4259
f 4339//4339 4259//4259 4260//4260
f 4339//4339 4260//4260 4261//4261
f 4339//4339 4261//4261 4262//4262
f 4339//4339 4262//4262 4263//4263
f 4339//4339 4263//4263 4264//4264
f 4339//4339 4264//4264 4265//4265
f 4339//4339 4265//4265 4266//4266
f 4339//4339 4266//4266 4267//4267
f 4339//4339 4267//4267 4268//4268
f 4339//4339 4268//4268 4269//4269
f 4339//4339 4269//4269 4270//4270
f 4339//4339 4270//4270 4271//4271
f 4339//4339 4271//4271 4272//4272
f 4339//4339 4272//4272 4273//4273
f 4339//4339 4273//4273 4274//4274
f 4339//4339 4274//4274 4275//4275
f 4339//4339 4275//4275 4276//4276
f 4339//4339 4276//4276 4277//4277
f 4339//4339 4277//4277 4278//4278
f 4339//4339 4278//4278 4279//4279
f 4339//4339 4279//4279 4280//4280
f 4339//4339 4280//4280 4281//4281
f 4339//4339 4281//4281 4282//4282
f 4339//4339 4282//4282 4283//4283
f 4339//4339 4283//4283 4284//4284
f 4339//4339 4284//4284 4285//4285
f 4339//4339 4285//4285 4286//4286
f 4339//4339 4286//4286 4287//4287
f 4339//4339 4287//4287 4288//4288
f 4339//4339 4288//4288 4289//4289
f 4339//4339 4289//4289 4290//4290
f 4339//4339 4290//4290 4291//4291
f 4339//4339 4291//4291 4292//4292
f 4339//4339 4292//4292 4293//4293
f 4339//4339 4293//4293 4294//4294
f 4339//4339 4294//4294 4295//4295
f 4339//4339 4295//4295 4296//4296
f 4339//4339 4296//4296 4297//4297
f 4339//4339 4297//4297 4298//4298
f 4339//4339 4298//4298 4299//4299
f 4339//4339 4299//4299 4300//4300
f 4339//4339 4300//4300 4301//4301
f 4339//4339 4301//4301 4302//4302
f 4339//4339 4302//4302 4303//4303
f 4339//4339 4303//4303 4304//4304
f 4339//4339 4304//4304 4305//4305
f 4339//4339 4305//4305 4306//4306
f 4339//4339 4306//4306 4307//4307
f 4339//4339 4307//4307 4308//4308
f 4339//4339 4308//4308 4309//4309
f 4339//4339 4309//4309 4310//4310
f 4339//4339 4310//4310 4311//4311
f 4339//4339 4311//4311 4312//4312
f 4339//4339 4312//4312 4313//4313
f 4339//4339 4313//4313 4314//4314
f 4339//4339 4314//4314 4315//4315
f 4339//4339 4315//4315 4316//4316
f 4339//4339 4316//4316 4317//4317
f 4339//4339 4317//4317 4318//4318
f 4339//4339 4318//4318 4319//4319
f 4339//4339 4319//4319 4320//4320
f 4339//4339 4320//4320 4321//4321
f 4339//4339 4321//4321 4322//4322
f 4339//4339 4322//4322 4323//4323
f 4339//4339 4323//4323 4324//4324
f 4339//4339 4324//4324 4325//4325
f 4339//4339 4325//4325 4326//4326
f 4339//4339 4326//4326 4327//4327
f 4339//4339 4327//4327 4328//4328
f 4339//4339 4328//4328 4329//4329
f 4339//4339 4329//4329 4330//4330
f 4339//4339 4330//4330 4331//4331
f 4339//4339 4331//4331 4332//4332
f 4339//4339 4332//4332 4333//4333
f 4339//4339 4333//4333 4334//4334
f 4339//4339 4334//4334 4335//4335
f 4339//4339 4335//4335 4336//4336
f 4339//4339 4336//4336 4337//4337
f 4337//4337 4338//4338 4339//4339
o GLL
v 1.15 -0.015 0.98
v 1.95 -0.015 0.98
v 2.75 -0.015 0.98
v 1.15 -0.0075 0.98
v 1.95 -0.0075 0.98
v 2.75 -0.0075 0.98
v 1.15 0 0.98
v 1.95 0 0.98
v 2.75 0 0.98
v 1.15 -0.015 1.3
v 1.95 -0.015 1.3
v 2.75 -0.015 1.3
v 1.15 -0.0075 1.3
v 1.95 -0.0075 1.3
v 2.75 -0.0075 1.3
v 1.15 0 1.3
v 1.95 0 1.3
v 2.75 0 1.3
v 1.15 -0.015 0.98
v 1.95 -0.015 0.98
v 2.75 -0.015 0.98
v 1.15 -0.015 1.14
v 1.95 -0.015 1.14
v 2.75 -0.015 1.14
v 1.15 -0.015 1.3
v 1.95 -0.015 1.3
v 2.75 -0.015 1.3
v 1.15 0 0.98
v 1.95 0 0.98
v 2.75 0 0.98
v 1.15 0 1.14
v 1.95 0 1.14
v 2.75 0 1.14
v 1.15 0 1.3
v 1.95 0 1.3
v 2.75 0 1.3
v 1.15 -0.015 0.98
v 1.15 -0.0075 0.98
v 1.15 0 0.98
v 1.15 -0.015 1.14
v 1.15 -0.0075 1.14
v 1.15 0 1.14
v 1.15 -0.015 1.3
v 1.15 -0.0075 1.3
v 1.15 0 1.3
v 2.75 -0.015 0.98
v 2.75 -0.0075 0.98
v 2.75 0 0.98
v 2.75 -0.015 1.14
v 2.75 -0.0075 1.14
v 2.75 0 1.14
v 2.75 -0.015 1.3
v 2.75 -0.0075 1.3
v 2.75 0 1.3
vn -0 -0 -1
vn -0 -0 -1
vn -0 -0 -1
vn -0 -0 -1
vn -0 -0 -1
vn -0 -0 -1
vn -0 -0 -1
vn -0 -0 -1
vn -0 -0 -1
vn 0 0 1
vn 0 0 1
vn 0 0 1
vn 0 0 1
vn 0 0 1
vn 0 0 1
vn 0 0 1
vn 0 0 1
vn 0 0 1
vn 0 -1 0
vn 0 -1 0
vn 0 -1 0
vn 0 -1 0
vn 0 -1 0
vn 0 -1 0
vn 0 -1 0
vn 0 -1 0
vn 0 -1 0
vn -0 1 -0
vn -0 1 -0
vn -0 1 -0
vn -0 1 -0
vn -0 1 -0
vn -0 1 -0
vn -0 1 -0
vn -0 1 -0
vn -0 1 -0
vn -1 -0 -0
vn -1 -0 -0
vn -1 -0 -0
vn -1 -0 -0
vn -1 -0 -0
vn -1 -0 -0
vn -1 -0 -0
vn -1 -0 -0
vn -1 -0 -0
vn 1 0 0
vn 1 0 0
vn 1 0 0
vn 1 0 0
vn 1 0 0
vn 1 0 0
vn 1 0 0
vn 1 0 0
vn 1 0 0
g GLL_glass
usemtl glass
f 4340//4340 4344//4344 4341//4341
f 4340//4340 4343//4343 4344//4344
f 4341//4341 4345//4345 4342//4342
f 4341//4341 4344//4344 4345//4345
f 4343//4343 4347//4347 4344//4344
f 4343//4343 4346//4346 4347//4347
f 4344//4344 4348//4348 4345//4345
f 4344//4344 4347//4347 4348//4348
f 4349//4349 4350//4350 4353//4353
f 4349//4349 4353//4353 4352//4352
f 4350//4350 4351//4351 4354//4354
f 4350//4350 4354//4354 4353//4353
f 4352//4352 4353//4353 4356//4356
f 4352//4352 4356//4356 4355//4355
f 4353//4353 4354//4354 4357//4357
f 4353//4353 4357//4357 4356//4356
f 4358//4358 4359//4359 4362//4362
f 4358//4358 4362//4362 4361//4361
f 4359//4359 4360//4360 4363//4363
f 4359//4359 4363//4363 4362//4362
f 4361//4361 4362//4362 4365//4365
f 4361//4361 4365//4365 4364//4364
f 4362//4362 4363//4363 4366//4366
f 4362//4362 4366//4366 4365//4365
f 4367//4367 4371//4371 4368//4368
f 4367//4367 4370//4370 4371//4371
f 4368//4368 4372//4372 4369//4369
f 4368//4368 4371//4371 4372//4372
f 4370//4370 4374//4374 4371//4371
f 4370//4370 4373//4373 4374//4374
f 4371//4371 4375//4375 4372//4372
f 4371//4371 4374//4374 4375//4375
f 4376//4376 4380//4380 4377//4377
f 4376//4376 4379//4379 4380//4380
f 4377//4377 4381//4381 4378//4378
f 4377//4377 4380//4380 4381//4381
f 4379//4379 4383//4383 4380//4380
f 4379//4379 4382//4382 4383//4383
f 4380//4380 4384//4384 4381//4381
f 4380//4380 4383//4383 4384//4384
f 4385//4385 4386//4386 4389//4389
f 4385//4385 4389//4389 4388//4388
f 4386//4386 4387//4387 4390//4390
f 4386//4386 4390//4390 4389//4389
f 4388//4388 4389//4389 4392//4392
f 4388//4388 4392//4392 4391//4391
f 4389//4389 4390//4390 4393//4393
f 4389//4389 4393//4393 4392//4392
o GLR
v 1.15 1.9 0.98
v 1.95 1.9 0.98
v 2.75 1.9 0.98
v 1.15 1.9075 0.98
v 1.95 1.9075 0.98
v 2.75 1.9075 0.98
v 1.15 1.915 0.98
v 1.95 1.915 0.98
v 2.75 1.915 0.98
v 1.15 1.9 1.3
v 1.95 1.9 1.3
v 2.75 1.9 1.3
v 1.15 1.9075 1.3
v 1.95 1.9075 1.3
v 2.75 1.9075 1.3
v 1.15 1.915 1.3
v 1.95 1.915 1.3
v 2.75 1.915 1.3
v 1.15 1.9 0.98
v 1.95 1.9 0.98
v 2.75 1.9 0.98
v 1.15 1.9 1.14
v 1.95 1.9 1.14
v 2.75 1.9 1.14
v 1.15 1.9 1.3
v 1.95 1.9 1.3
v 2.75 1.9 1.3
v 1.15 1.915 0.98
v 1.95 1.915 0.98
v 2.75 1.915 0.98
v 1.15 1.915 1.14
v 1.95 1.915 1.14
v 2.75 1.915 1.14
v 1.15 1.915 1.3
v 1.95 1.915 1.3
v 2.75 1.915 1.3
v 1.15 1.9 0.98
v 1.15 1.9075 0.98
v 1.15 1.915 0.98
v 1.15 1.9 1.14
v 1.15 1.9075 1.14
v 1.15 1.915 1.14
v 1.15 1.9 1.3
v 1.15 1.9075 1.3
v 1.15 1.915 1.3
v 2.75 1.9 0.98
v 2.75 1.9075 0.98
v 2.75 1.915 0.98
v 2.75 1.9 1.14
v 2.75 1.9075 1.14
v 2.75 1.915 1.14
v 2.75 1.9 1.3
v 2.75 1.9075 1.3
v 2.75 1.915 1.3
vn -0 -0 -1
vn -0 -0 -1
vn -0 -0 -1
vn -0 -0 -1
vn -0 -0 -1
vn -0 -0 -1
vn -0 -0 -1
vn -0 -0 -1
vn -0 -0 -1
vn 0 0 1
vn 0 0 1
vn 0 0 1
vn 0 0 1
vn 0 0 1
vn 0 0 1
vn 0 0 1
vn 0 0 1
vn 0 0 1
vn 0 -1 0
vn 0 -1 0
vn 0 -1 0
vn 0 -1 0
vn 0 -1 0
vn 0 -1 0
vn 0 -1 0
vn 0 -1 0
vn 0 -1 0
vn -0 1 -0
vn -0 1 -0
vn -0 1 -0
vn -0 1 -0
vn -0 1 -0
vn -0 1 -0
vn -0 1 -0
vn -0 1 -0
vn -0 1 -0
vn -1 -0 -0
vn -1 -0 -0
vn -1 -0 -0
vn -1 -0 -0
vn -1 -0 -0
vn -1 -0 -0
vn -1 -0 -0
vn -1 -0 -0
vn -1 -0 -0
vn 1 0 0
vn 1 0 0
vn 1 0 0
vn 1 0 0
vn 1 0 0
vn 1 0 0
vn 1 0 0
vn 1 0 0
vn 1 0 0
g GLR_glass
usemtl glass
f 4394//4394 4398//4398 4395//4395
f 4394//4394 4397//4397 4398//4398
f 4395//4395 4399//4399 4396//4396
f 4395//4395 4398//4398 4399//4399
f 4397//4397 4401//4401 4398//4398
f 4397//4397 4400//4400 4401//4401
f 4398//4398 4402//4402 4399//4399
f 4398//4398 4401//4401 4402//4402
f 4403//4403 4404//4404 4407//4407
f 4403//4403 4407//4407 4406//4406
f 4404//4404 4405//4405 4408//4408
f 4404//4404 4408//4408 4407//4407
f 4406//4406 4407//4407 4410//4410
f 4406//4406 4410//4410 4409//4409
f 4407//4407 4408//4408 4411//4411
f 4407//4407 4411//4411 4410//4410
f 4412//4412 4413//4413 4416//4416
f 4412//4412 4416//4416 4415//4415
f 4413//4413 4414//4414 4417//4417
f 4413//4413 4417//4417 4416//4416
f 4415//4415 4416//4416 4419//4419
f 4415//4415 4419//4419 4418//4418
f 4416//4416 4417//4417 4420//4420
f 4416//4416 4420//4420 4419//4419
f 4421//4421 4425//4425 4422//4422
f 4421//4421 4424//4424 4425//4425
f 4422//4422 4426//4426 4423//4423
f 4422//4422 4425//4425 4426//4426
f 4424//4424 4428//4428 4425//4425
f 4424//4424 4427//4427 4428//4428
f 4425//4425 4429//4429 4426//4426
f 4425//4425 4428//4428 4429//4429
f 4430//4430 4434//4434 4431//4431
f 4430//4430 4433//4433 4434//4434
f 4431//4431 4435//4435 4432//4432
f 4431//4431 4434//4434 4435//4435
f 4433//4433 4437//4437 4434//4434
f 4433//4433 4436//4436 4437//4437
f 4434//4434 4438//4438 4435//4435
f 4434//4434 4437//4437 4438//4438
f 4439//4439 4440//4440 4443//4443
f 4439//4439 4443//4443 4442//4442
f 4440//4440 4441//4441 4444//4444
f 4440//4440 4444//4444 4443//4443
f 4442//4442 4443//4443 4446//4446
f 4442//4442 4446//4446 4445//4445
f 4443//4443 4444//4444 4447//4447
f 4443//4443 4447//4447 4446//4446
o HLA
v 0.03 0.22 0.55
v 0.065 0.22 0.55
v 0.1 0.22 0.55
v 0.03 0.42 0.55
v 0.065 0.42 0.55
v 0.1 0.42 0.55
v 0.03 0.62 0.55
v 0.065 0.62 0.55
v 0.1 0.62 0.55
v 0.03 0.22 0.72
v 0.065 0.22 0.72
v 0.1 0.22 0.72
v 0.03 0.42 0.72
v 0.065 0.42 0.72
v 0.1 0.42 0.72
v 0.03 0.62 0.72
v 0.065 0.62 0.72
v 0.1 0.62 0.72
v 0.03 0.22 0.55
v 0.065 0.22 0.55
v 0.1 0.22 0.55
v 0.03 0.22 0.635
v 0.065 0.22 0.635
v 0.1 0.22 0.635
v 0.03 0.22 0.72
v 0.065 0.22 0.72
v 0.1 0.22 0.72
v 0.03 0.62 0.55
v 0.065 0.62 0.55
v 0.1 0.62 0.55
v 0.03 0.62 0.635
v 0.065 0.62 0.635
v 0.1 0.62 0.635
v 0.03 0.62 0.72
v 0.065 0.62 0.72
v 0.1 0.62 0.72
v 0.03 0.22 0.55
v 0.03 0.42 0.55
v 0.03 0.62 0.55
v 0.03 0.22 0.635
v 0.03 0.42 0.635
v 0.03 0.62 0.635
v 0.03 0.22 0.72
v 0.03 0.42 0.72
v 0.03 0.62 0.72
v 0.1 0.22 0.55
v 0.1 0.42 0.55
v 0.1 0.62 0.55
v 0.1 0.22 0.635
v 0.1 0.42 0.635
v 0.1 0.62 0.635
v 0.1 0.22 0.72
v 0.1 0.42 0.72
v 0.1 0.62 0.72
vn -0 -0 -1
vn -0 -0 -1
vn -0 -0 -1
vn -0 -0 -1
vn -0 -0 -1
vn -0 -0 -1
vn -0 -0 -1
vn -0 -0 -1
vn -0 -0 -1
vn 0 0 1
vn 0 0 1
vn 0 0 1
vn 0 0 1
vn 0 0 1
vn 0 0 1
vn 0 0 1
vn 0 0 1
vn 0 0 1
vn 0 -1 0
vn 0 -1 0
vn 0 -1 0
vn 0 -1 0
vn 0 -1 0
vn 0 -1 0
vn 0 -1 0
vn 0 -1 0
vn 0 -1 0
vn -0 1 -0
vn -0 1 -0
vn -0 1 -0
vn -0 1 -0
vn -0 1 -0
vn -0 1 -0
vn -0 1 -0
vn -0 1 -0
vn -0 1 -0
vn -1 -0 -0
vn -1 -0 -0
vn -1 -0 -0
vn -1 -0 -0
vn -1 -0 -0
vn -1 -0 -0
vn -1 -0 -0
vn -1 -0 -0
vn -1 -0 -0
vn 1 0 0
vn 1 0 0
vn 1 0 0
vn 1 0 0
vn 1 0 0
vn 1 0 0
vn 1 0 0
vn 1 0 0
vn 1 0 0
g HLA_headlight
usemtl headlight
f 4448//4448 4452//4452 4449//4449
f 4448//4448 4451//4451 4452//4452
f 4449//4449 4453//4453 4450//4450
f 4449//4449 4452//4452 4453//4453
f 4451//4451 4455//4455 4452//4452
f 4451//4451 4454//4454 4455//4455
f 4452//4452 4456//4456 4453//4453
f 4452//4452 4455//4455 4456//4456
f 4457//4457 4458//4458 4461//4461
f 4457//4457 4461//4461 4460//4460
f 4458//4458 4459//4459 4462//4462
f 4458//4458 4462//4462 4461//4461
f 4460//4460 4461//4461 4464//4464
f 4460//4460 4464//4464 4463//4463
f 4461//4461 4462//4462 4465//4465
f 4461//4461 4465//4465 4464//4464
f 4466//4466 4467//4467 4470//4470
f 4466//4466 4470//4470 4469//4469
f 4467//4467 4468//4468 4471//4471
f 4467//4467 4471//4471 4470//4470
f 4469//4469 4470//4470 4473//4473
f 4469//4469 4473//4473 4472//4472
f 4470//4470 4471//4471 4474//4474
f 4470//4470 4474//4474 4473//4473
f 4475//4475 4479//4479 4476//4476
f 4475//4475 4478//4478 4479//4479
f 4476//4476 4480//4480 4477//4477
f 4476//4476 4479//4479 4480//4480
f 4478//4478 4482//4482 4479//4479
f 4478//4478 4481//4481 4482//4482
f 4479//4479 4483//4483 4480//4480
f 4479//4479 4482//4482 4483//4483
f 4484//4484 4488//4488 4485//4485
f 4484//4484 4487//4487 4488//4488
f 4485//4485 4489//4489 4486//4486
f 4485//4485 4488//4488 4489//4489
f 4487//4487 4491//4491 4488//4488
f 4487//4487 4490//4490 4491//4491
f 4488//4488 4492//4492 4489//4489
f 4488//4488 4491//4491 4492//4492
f 4493//4493 4494//4494 4497//4497
f 4493//4493 4497//4497 4496//4496
f 4494//4494 4495//4495 4498//4498
f 4494//4494 4498//4498 4497//4497
f 4496//4496 4497//4497 4500//4500
f 4496//4496 4500//4500 4499//4499
f 4497//4497 4498//4498 4501//4501
f 4497//4497 4501//4501 4500//4500
o HLB
v 0.03 1.28 0.55
v 0.065 1.28 0.55
v 0.1 1.28 0.55
v 0.03 1.48 0.55
v 0.065 1.48 0.55
v 0.1 1.48 0.55
v 0.03 1.68 0.55
v 0.065 1.68 0.55
v 0.1 1.68 0.55
v 0.03 1.28 0.72
v 0.065 1.28 0.72
v 0.1 1.28 0.72
v 0.03 1.48 0.72
v 0.065 1.48 0.72
v 0.1 1.48 0.72
v 0.03 1.68 0.72
v 0.065 1.68 0.72
v 0.1 1.68 0.72
v 0.03 1.28 0.55
v 0.065 1.28 0.55
v 0.1 1.28 0.55
v 0.03 1.28 0.635
v 0.065 1.28 0.635
v 0.1 1.28 0.635
v 0.03 1.28 0.72
v 0.065 1.28 0.72
v 0.1 1.28 0.72
v 0.03 1.68 0.55
v 0.065 1.68 0.55
v 0.1 1.68 0.55
v 0.03 1.68 0.635
v 0.065 1.68 0.635
v 0.1 1.68 0.635
v 0.03 1.68 0.72
v 0.065 1.68 0.72
v 0.1 1.68 0.72
v 0.03 1.28 0.55
v 0.03 1.48 0.55
v 0.03 1.68 0.55
v 0.03 1.28 0.635
v 0.03 1.48 0.635
v 0.03 1.68 0.635
v 0.03 1.28 0.72
v 0.03 1.48 0.72
v 0.03 1.68 0.72
v 0.1 1.28 0.55
v 0.1 1.48 0.55
v 0.1 1.68 0.55
v 0.1 1.28 0.635
v 0.1 1.48 0.635
v 0.1 1.68 0.635
v 0.1 1.28 0.72
v 0.1 1.48 0.72
v 0.1 1.68 0.72
vn -0 -0 -1
vn -0 -0 -1
vn -0 -0 -1
vn -0 -0 -1
vn -0 -0 -1
vn -0 -0 -1
vn -0 -0 -1
vn -0 -0 -1
vn -0 -0 -1
vn 0 0 1
vn 0 0 1
vn 0 0 1
vn 0 0 1
vn 0 0 1
vn 0 0 1
vn 0 0 1
vn 0 0 1
vn 0 0 1
vn 0 -1 0
vn 0 -1 0
vn 0 -1 0
vn 0 -1 0
vn 0 -1 0
vn 0 -1 0
vn 0 -1 0
vn 0 -1 0
vn 0 -1 0
vn -0 1 -0
vn -0 1 -0
vn -0 1 -0
vn -0 1 -0
vn -0 1 -0
vn -0 1 -0
vn -0 1 -0
vn -0 1 -0
vn -0 1 -0
vn -1 -0 -0
vn -1 -0 -0
vn -1 -0 -0
vn -1 -0 -0
vn -1 -0 -0
vn -1 -0 -0
vn -1 -0 -0
vn -1 -0 -0
vn -1 -0 -0
vn 1 0 0
vn 1 0 0
vn 1 0 0
vn 1 0 0
vn 1 0 0
vn 1 0 0
vn 1 0 0
vn 1 0 0
vn 1 0 0
g HLB_headlight
usemtl headlight
f 4502//4502 4506//4506 4503//4503
f 4502//4502 4505//4505 4506//4506
f 4503//4503 4507//4507 4504//4504
f 4503//4503 4506//4506 4507//4507
f 4505//4505 4509//4509 4506//4506
f 4505//4505 4508//4508 4509//4509
f 4506//4506 4510//4510 4507//4507
f 4506//4506 4509//4509 4510//4510
f 4511//4511 4512//4512 4515//4515
f 4511//4511 4515//4515 4514//4514
f 4512//4512 4513//4513 4516//4516
f 4512//4512 4516//4516 4515//4515
f 4514//4514 4515//4515 4518//4518
f 4514//4514 4518//4518 4517//4517
f 4515//4515 4516//4516 4519//4519
f 4515//4515 4519//4519 4518//4518
f 4520//4520 4521//4521 4524//4524
f 4520//4520 4524//4524 4523//4523
f 4521//4521 4522//4522 4525//4525
f 4521//4521 4525//4525 4524//4524
f 4523//4523 4524//4524 4527//4527
f 4523//4523 4527//4527 4526//4526
f 4524//4524 4525//4525 4528//4528
f 4524//4524 4528//4528 4527//4527
f 4529//4529 4533//4533 4530//4530
f 4529//4529 4532//4532 4533//4533
f 4530//4530 4534//4534 4531//4531
f 4530//4530 4533//4533 4534//4534
f 4532//4532 4536//4536 4533//4533
f 4532//4532 4535//4535 4536//4536
f 4533//4533 4537//4537 4534//4534
f 4533//4533 4536//4536 4537//4537
f 4538//4538 4542//4542 4539//4539
f 4538//4538 4541//4541 4542//4542
f 4539//4539 4543//4543 4540//4540
f 4539//4539 4542//4542 4543//4543
f 4541//4541 4545//4545 4542//4542
f 4541//4541 4544//4544 4545//4545
f 4542//4542 4546//4546 4543//4543
f 4542//4542 4545//4545 4546//4546
f 4547//4547 4548//4548 4551//4551
f 4547//4547 4551//4551 4550//4550
f 4548//4548 4549//4549 4552//4552
f 4548//4548 4552//4552 4551//4551
f 4550//4550 4551//4551 4554//4554
f 4550//4550 4554//4554 4553//4553
f 4551//4551 4552//4552 4555//4555
f 4551//4551 4555//4555 4554//4554
o TL
v 4.46 0.18 0.5
v 4.49 0.18 0.5
v 4.52 0.18 0.5
v 4.46 0.95 0.5
v 4.49 0.95 0.5
v 4.52 0.95 0.5
v 4.46 1.72 0.5
v 4.49 1.72 0.5
v 4.52 1.72 0.5
v 4.46 0.18 0.68
v 4.49 0.18 0.68
v 4.52 0.18 0.68
v 4.46 0.95 0.68
v 4.49 0.95 0.68
v 4.52 0.95 0.68
v 4.46 1.72 0.68
v 4.49 1.72 0.68
v 4.52 1.72 0.68
v 4.46 0.18 0.5
v 4.49 0.18 0.5
v 4.52 0.18 0.5
v 4.46 0.18 0.59
v 4.49 0.18 0.59
v 4.52 0.18 0.59
v 4.46 0.18 0.68
v 4.49 0.18 0.68
v 4.52 0.18 0.68
v 4.46 1.72 0.5
v 4.49 1.72 0.5
v 4.52 1.72 0.5
v 4.46 1.72 0.59
v 4.49 1.72 0.59
v 4.52 1.72 0.59
v 4.46 1.72 0.68
v 4.49 1.72 0.68
v 4.52 1.72 0.68
v 4.46 0.18 0.5
v 4.46 0.95 0.5
v 4.46 1.72 0.5
v 4.46 0.18 0.59
v 4.46 0.95 0.59
v 4.46 1.72 0.59
v 4.46 0.18 0.68
v 4.46 0.95 0.68
v 4.46 1.72 0.68
v 4.52 0.18 0.5
v 4.52 0.95 0.5
v 4.52 1.72 0.5
v 4.52 0.18 0.59
v 4.52 0.95 0.59
v 4.52 1.72 0.59
v 4.52 0.18 0.68
v 4.52 0.95 0.68
v 4.52 1.72 0.68
vn -0 -0 -1
vn -0 -0 -1
vn -0 -0 -1
vn -0 -0 -1
vn -0 -0 -1
vn -0 -0 -1
vn -0 -0 -1
vn -0 -0 -1
vn -0 -0 -1
vn 0 0 1
vn 0 0 1
vn 0 0 1
vn 0 0 1
vn 0 0 1
vn 0 0 1
vn 0 0 1
vn 0 0 1
vn 0 0 1
vn 0 -1 0
vn 0 -1 0
vn 0 -1 0
vn 0 -1 0
vn 0 -1 0
vn 0 -1 0
vn 0 -1 0
vn 0 -1 0
vn 0 -1 0
vn -0 1 -0
vn -0 1 -0
vn -0 1 -0
vn -0 1 -0
vn -0 1 -0
vn -0 1 -0
vn -0 1 -0
vn -0 1 -0
vn -0 1 -0
vn -1 -0 -0
vn -1 -0 -0
vn -1 -0 -0
vn -1 -0 -0
vn -1 -0 -0
vn -1 -0 -0
vn -1 -0 -0
vn -1 -0 -0
vn -1 -0 -0
vn 1 0 0
vn 1 0 0
vn 1 0 0
vn 1 0 0
vn 1 0 0
vn 1 0 0
vn 1 0 0
vn 1 0 0
vn 1 0 0
g TL_taillight
usemtl taillight
f 4556//4556 4560//4560 4557//4557
f 4556//4556 4559//4559 4560//4560
f 4557//4557 4561//4561 4558//4558
f 4557//4557 4560//4560 4561//4561
f 4559//4559 4563//4563 4560//4560
f 4559//4559 4562//4562 4563//4563
f 4560//4560 4564//4564 4561//4561
f 4560//4560 4563//4563 4564//4564
f 4565//4565 4566//4566 4569//4569
f 4565//4565 4569//4569 4568//4568
f 4566//4566 4567//4567 4570//4570
f 4566//4566 4570//4570 4569//4569
f 4568//4568 4569//4569 4572//4572
f 4568//4568 4572//4572 4571//4571
f 4569//4569 4570//4570 4573//4573
f 4569//4569 4573//4573 4572//4572
f 4574//4574 4575//4575 4578//4578
f 4574//4574 4578//4578 4577//4577
f 4575//4575 4576//4576 4579//4579
f 4575//4575 4579//4579 4578//4578
f 4577//4577 4578//4578 4581//4581
f 4577//4577 4581//4581 4580//4580
f 4578//4578 4579//4579 4582//4582
f 4578//4578 4582//4582 4581//4581
f 4583//4583 4587//4587 4584//4584
f 4583//4583 4586//4586 4587//4587
f 4584//4584 4588//4588 4585//4585
f 4584//4584 4587//4587 4588//4588
f 4586//4586 4590//4590 4587//4587
f 4586//4586 4589//4589 4590//4590
f 4587//4587 4591//4591 4588//4588
f 4587//4587 4590//4590 4591//4591
f 4592//4592 4596//4596 4593//4593
f 4592//4592 4595//4595 4596//4596
f 4593//4593 4597//4597 4594//4594
f 4593//4593 4596//4596 4597//4597
f 4595//4595 4599//4599 4596//4596
f 4595//4595 4598//4598 4599//4599
f 4596//4596 4600//4600 4597//4597
f 4596//4596 4599//4599 4600//4600
f 4601//4601 4602//4602 4605//4605
f 4601//4601 4605//4605 4604//4604
f 4602//4602 4603//4603 4606//4606
f 4602//4602 4606//4606 4605//4605
f 4604//4604 4605//4605 4608//4608
f 4604//4604 4608//4608 4607//4607
f 4605//4605 4606//4606 4609//4609
f 4605//4605 4609//4609 4608//4608
