# SolidArc mesh export — units: metres, Y up matches source; per-face materials via usemtl.
mtllib Race2_OpenWheel.mtl
o Chassis
v 0.55 0.72 0.3
v 2 0.72 0.3
v 3.45 0.72 0.3
v 0.55 1.01 0.3
v 2 1.01 0.3
v 3.45 1.01 0.3
v 0.55 1.3 0.3
v 2 1.3 0.3
v 3.45 1.3 0.3
vn -0 -0 -1
vn -0 -0 -1
vn -0 -0 -1
vn 0 -0 -1
vn 0 -0 -1
vn 0 -0 -1
vn -0 -0 -1
vn -0 -0 -1
vn -0 -0 -1
g Chassis_f0
usemtl plastic-blue
f 1//1 5//5 2//2
f 1//1 4//4 5//5
f 2//2 6//6 3//3
f 2//2 5//5 6//6
f 4//4 8//8 5//5
f 4//4 7//7 8//8
f 5//5 9//9 6//6
f 5//5 8//8 9//9
v 0.55 0.72 0.66
v 2 0.72 0.66
v 3.45 0.72 0.66
v 0.55 1.01 0.66
v 2 1.01 0.66
v 3.45 1.01 0.66
v 0.55 1.3 0.66
v 2 1.3 0.66
v 3.45 1.3 0.66
vn 0 0 1
vn 0 0 1
vn 0 0 1
vn -0 0 1
vn -0 0 1
vn -0 0 1
vn 0 0 1
vn 0 0 1
vn 0 0 1
g Chassis_f1
usemtl plastic-blue
f 10//10 11//11 14//14
f 10//10 14//14 13//13
f 11//11 12//12 15//15
f 11//11 15//15 14//14
f 13//13 14//14 17//17
f 13//13 17//17 16//16
f 14//14 15//15 18//18
f 14//14 18//18 17//17
v 0.55 0.72 0.3
v 2 0.72 0.3
v 3.45 0.72 0.3
v 0.55 0.72 0.48
v 2 0.72 0.48
v 3.45 0.72 0.48
v 0.55 0.72 0.66
v 2 0.72 0.66
v 3.45 0.72 0.66
vn 0 -1 0
vn 0 -1 0
vn 0 -1 0
vn 0 -1 0
vn 0 -1 0
vn 0 -1 0
vn 0 -1 0
vn 0 -1 0
vn 0 -1 0
g Chassis_f2
usemtl plastic-blue
f 19//19 20//20 23//23
f 19//19 23//23 22//22
f 20//20 21//21 24//24
f 20//20 24//24 23//23
f 22//22 23//23 26//26
f 22//22 26//26 25//25
f 23//23 24//24 27//27
f 23//23 27//27 26//26
v 0.55 1.3 0.3
v 2 1.3 0.3
v 3.45 1.3 0.3
v 0.55 1.3 0.48
v 2 1.3 0.48
v 3.45 1.3 0.48
v 0.55 1.3 0.66
v 2 1.3 0.66
v 3.45 1.3 0.66
vn -0 1 -0
vn -0 1 -0
vn -0 1 -0
vn -0 1 -0
vn -0 1 -0
vn -0 1 -0
vn -0 1 -0
vn -0 1 -0
vn -0 1 -0
g Chassis_f3
usemtl plastic-blue
f 28//28 32//32 29//29
f 28//28 31//31 32//32
f 29//29 33//33 30//30
f 29//29 32//32 33//33
f 31//31 35//35 32//32
f 31//31 34//34 35//35
f 32//32 36//36 33//33
f 32//32 35//35 36//36
v 0.55 0.72 0.3
v 0.55 1.01 0.3
v 0.55 1.3 0.3
v 0.55 0.72 0.48
v 0.55 1.01 0.48
v 0.55 1.3 0.48
v 0.55 0.72 0.66
v 0.55 1.01 0.66
v 0.55 1.3 0.66
vn -1 -0 -0
vn -1 -0 -0
vn -1 -0 -0
vn -1 -0 -0
vn -1 -0 -0
vn -1 -0 -0
vn -1 -0 -0
vn -1 -0 -0
vn -1 -0 -0
g Chassis_f4
usemtl plastic-blue
f 37//37 41//41 38//38
f 37//37 40//40 41//41
f 38//38 42//42 39//39
f 38//38 41//41 42//42
f 40//40 44//44 41//41
f 40//40 43//43 44//44
f 41//41 45//45 42//42
f 41//41 44//44 45//45
v 3.45 0.72 0.3
v 3.45 1.01 0.3
v 3.45 1.3 0.3
v 3.45 0.72 0.48
v 3.45 1.01 0.48
v 3.45 1.3 0.48
v 3.45 0.72 0.66
v 3.45 1.01 0.66
v 3.45 1.3 0.66
vn 1 0 0
vn 1 0 0
vn 1 0 0
vn 1 0 0
vn 1 0 0
vn 1 0 0
vn 1 0 0
vn 1 0 0
vn 1 0 0
g Chassis_f5
usemtl plastic-blue
f 46//46 47//47 50//50
f 46//46 50//50 49//49
f 47//47 48//48 51//51
f 47//47 51//51 50//50
f 49//49 50//50 53//53
f 49//49 53//53 52//52
f 50//50 51//51 54//54
f 50//50 54//54 53//53
o Nose
v 0.8 0.8 0.3
v -2.38698e-15 0.8 0.3
v -9.94057e-18 1.22 0.3
v 0.8 1.22 0.3
vn -2.94897e-17 1.54821e-17 -1
vn 0 -0 -1
vn 2.45747e-17 -1.29017e-17 -1
vn 1.8749e-23 -9.84324e-24 -1
g Nose_f0
usemtl plastic-blue
f 58//58 55//55 56//56
f 56//56 57//57 58//58
v 0.2 0.8 0.58
v 0.8 0.8 0.58
v 0.8 1.22 0.58
v 0.2 1.22 0.58
vn 0 0 1
vn 0 0 1
vn 0 0 1
vn 2.18286e-17 1.528e-17 1
g Nose_f1
usemtl plastic-blue
f 62//62 59//59 60//60
f 60//60 61//61 62//62
v 0.2 0.8 0.58
v -4.78698e-15 0.8 0.38
v 6.93889e-18 0.8 0.3
v 0.8 0.8 0.3
v 0.8 0.8 0.58
vn -0 -1 0
vn -0 -1 0
vn -0 -1 0
vn 1.44884e-16 -1 -1.3764e-16
vn -3.21966e-17 -1 3.05867e-17
g Nose_f2
usemtl plastic-blue
f 67//67 63//63 64//64
f 67//67 64//64 65//65
f 65//65 66//66 67//67
v 0.8 1.22 0.58
v 0.8 1.22 0.3
v 3.13085e-18 1.22 0.3
v -6.47399e-15 1.22 0.38
v 0.2 1.22 0.58
vn -0 1 0
vn -0 1 0
vn -0 1 0
vn 1.15431e-17 1 3.98761e-18
vn -1.67899e-17 1 -5.80014e-18
g Nose_f3
usemtl plastic-blue
f 72//72 68//68 69//69
f 72//72 69//69 70//70
f 70//70 71//71 72//72
v 0 1.22 0.3
v 0 0.8 0.3
v 0 0.8 0.38
v 0 1.22 0.38
vn -1 0 -0
vn -1 0 -0
vn -1 0 -0
vn -1 0 -0
g Nose_f4
usemtl plastic-blue
f 76//76 73//73 74//74
f 74//74 75//75 76//76
v 0.8 1.22 0.58
v 0.8 0.8 0.58
v 0.8 0.8 0.3
v 0.8 1.22 0.3
vn 1 -7.39009e-17 -4.92673e-17
vn 1 0 -0
vn 1 -7.39009e-17 -4.92673e-17
vn 1 1.10851e-16 7.39007e-17
g Nose_f5
usemtl plastic-blue
f 80//80 77//77 78//78
f 78//78 79//79 80//80
v 2.97291e-17 0.8 0.38
v 0.2 0.8 0.58
v 0.2 1.22 0.58
v -7.55646e-15 1.22 0.38
vn -0.707107 -1.38778e-16 0.707107
vn -0.707107 -1.11022e-16 0.707107
vn -0.707107 -2.22045e-16 0.707107
vn -0.707107 -5.55112e-17 0.707107
g Nose_f6
usemtl plastic-blue
f 84//84 81//81 82//82
f 82//82 83//83 84//84
o FWing
v -0.3 0.1 0.18
v -0.06 0.1 0.18
v 0.18 0.1 0.18
v -0.3 1.01 0.18
v -0.06 1.01 0.18
v 0.18 1.01 0.18
v -0.3 1.92 0.18
v -0.06 1.92 0.18
v 0.18 1.92 0.18
vn -0 -0 -1
vn -0 -0 -1
vn -0 -0 -1
vn -0 -0 -1
vn -0 -0 -1
vn -0 -0 -1
vn -0 -0 -1
vn -0 -0 -1
vn -0 -0 -1
g FWing_f0
usemtl carbon
f 85//85 89//89 86//86
f 85//85 88//88 89//89
f 86//86 90//90 87//87
f 86//86 89//89 90//90
f 88//88 92//92 89//89
f 88//88 91//91 92//92
f 89//89 93//93 90//90
f 89//89 92//92 93//93
v -0.3 0.1 0.28
v -0.06 0.1 0.28
v 0.18 0.1 0.28
v -0.3 1.01 0.28
v -0.06 1.01 0.28
v 0.18 1.01 0.28
v -0.3 1.92 0.28
v -0.06 1.92 0.28
v 0.18 1.92 0.28
vn 0 0 1
vn 0 0 1
vn 0 0 1
vn 0 0 1
vn 0 0 1
vn 0 0 1
vn 0 0 1
vn 0 0 1
vn 0 0 1
g FWing_f1
usemtl carbon
f 94//94 95//95 98//98
f 94//94 98//98 97//97
f 95//95 96//96 99//99
f 95//95 99//99 98//98
f 97//97 98//98 101//101
f 97//97 101//101 100//100
f 98//98 99//99 102//102
f 98//98 102//102 101//101
v -0.3 0.1 0.18
v -0.06 0.1 0.18
v 0.18 0.1 0.18
v -0.3 0.1 0.23
v -0.06 0.1 0.23
v 0.18 0.1 0.23
v -0.3 0.1 0.28
v -0.06 0.1 0.28
v 0.18 0.1 0.28
vn 0 -1 0
vn 0 -1 0
vn 0 -1 0
vn 0 -1 0
vn 0 -1 0
vn 0 -1 0
vn 0 -1 0
vn 0 -1 0
vn 0 -1 0
g FWing_f2
usemtl carbon
f 103//103 104//104 107//107
f 103//103 107//107 106//106
f 104//104 105//105 108//108
f 104//104 108//108 107//107
f 106//106 107//107 110//110
f 106//106 110//110 109//109
f 107//107 108//108 111//111
f 107//107 111//111 110//110
v -0.3 1.92 0.18
v -0.06 1.92 0.18
v 0.18 1.92 0.18
v -0.3 1.92 0.23
v -0.06 1.92 0.23
v 0.18 1.92 0.23
v -0.3 1.92 0.28
v -0.06 1.92 0.28
v 0.18 1.92 0.28
vn -0 1 -0
vn -0 1 -0
vn -0 1 -0
vn -0 1 -0
vn -0 1 -0
vn -0 1 -0
vn -0 1 -0
vn -0 1 -0
vn -0 1 -0
g FWing_f3
usemtl carbon
f 112//112 116//116 113//113
f 112//112 115//115 116//116
f 113//113 117//117 114//114
f 113//113 116//116 117//117
f 115//115 119//119 116//116
f 115//115 118//118 119//119
f 116//116 120//120 117//117
f 116//116 119//119 120//120
v -0.3 0.1 0.18
v -0.3 1.01 0.18
v -0.3 1.92 0.18
v -0.3 0.1 0.23
v -0.3 1.01 0.23
v -0.3 1.92 0.23
v -0.3 0.1 0.28
v -0.3 1.01 0.28
v -0.3 1.92 0.28
vn -1 -0 -0
vn -1 -0 -0
vn -1 -0 -0
vn -1 -0 -0
vn -1 -0 -0
vn -1 -0 -0
vn -1 -0 -0
vn -1 -0 -0
vn -1 -0 -0
g FWing_f4
usemtl carbon
f 121//121 125//125 122//122
f 121//121 124//124 125//125
f 122//122 126//126 123//123
f 122//122 125//125 126//126
f 124//124 128//128 125//125
f 124//124 127//127 128//128
f 125//125 129//129 126//126
f 125//125 128//128 129//129
v 0.18 0.1 0.18
v 0.18 1.01 0.18
v 0.18 1.92 0.18
v 0.18 0.1 0.23
v 0.18 1.01 0.23
v 0.18 1.92 0.23
v 0.18 0.1 0.28
v 0.18 1.01 0.28
v 0.18 1.92 0.28
vn 1 0 0
vn 1 0 0
vn 1 0 0
vn 1 0 0
vn 1 0 0
vn 1 0 0
vn 1 0 0
vn 1 0 0
vn 1 0 0
g FWing_f5
usemtl carbon
f 130//130 131//131 134//134
f 130//130 134//134 133//133
f 131//131 132//132 135//135
f 131//131 135//135 134//134
f 133//133 134//134 137//137
f 133//133 137//137 136//136
f 134//134 135//135 138//138
f 134//134 138//138 137//137
o RWPillar
v 3.42 0.9 0.62
v 3.54 0.9 0.62
v 3.66 0.9 0.62
v 3.42 1.01 0.62
v 3.54 1.01 0.62
v 3.66 1.01 0.62
v 3.42 1.12 0.62
v 3.54 1.12 0.62
v 3.66 1.12 0.62
vn -0 -0 -1
vn -0 -0 -1
vn -0 -0 -1
vn -0 -0 -1
vn -0 -0 -1
vn -0 -0 -1
vn -0 -0 -1
vn -0 -0 -1
vn -0 -0 -1
g RWPillar_f0
usemtl carbon
f 139//139 143//143 140//140
f 139//139 142//142 143//143
f 140//140 144//144 141//141
f 140//140 143//143 144//144
f 142//142 146//146 143//143
f 142//142 145//145 146//146
f 143//143 147//147 144//144
f 143//143 146//146 147//147
v 3.42 0.9 1.18
v 3.54 0.9 1.18
v 3.66 0.9 1.18
v 3.42 1.01 1.18
v 3.54 1.01 1.18
v 3.66 1.01 1.18
v 3.42 1.12 1.18
v 3.54 1.12 1.18
v 3.66 1.12 1.18
vn 0 0 1
vn 0 0 1
vn 0 0 1
vn 0 0 1
vn 0 0 1
vn 0 0 1
vn 0 0 1
vn 0 0 1
vn 0 0 1
g RWPillar_f1
usemtl carbon
f 148//148 149//149 152//152
f 148//148 152//152 151//151
f 149//149 150//150 153//153
f 149//149 153//153 152//152
f 151//151 152//152 155//155
f 151//151 155//155 154//154
f 152//152 153//153 156//156
f 152//152 156//156 155//155
v 3.42 0.9 0.62
v 3.54 0.9 0.62
v 3.66 0.9 0.62
v 3.42 0.9 0.9
v 3.54 0.9 0.9
v 3.66 0.9 0.9
v 3.42 0.9 1.18
v 3.54 0.9 1.18
v 3.66 0.9 1.18
vn 0 -1 0
vn 0 -1 0
vn 0 -1 0
vn 0 -1 0
vn 0 -1 0
vn 0 -1 0
vn 0 -1 0
vn 0 -1 0
vn 0 -1 0
g RWPillar_f2
usemtl carbon
f 157//157 158//158 161//161
f 157//157 161//161 160//160
f 158//158 159//159 162//162
f 158//158 162//162 161//161
f 160//160 161//161 164//164
f 160//160 164//164 163//163
f 161//161 162//162 165//165
f 161//161 165//165 164//164
v 3.42 1.12 0.62
v 3.54 1.12 0.62
v 3.66 1.12 0.62
v 3.42 1.12 0.9
v 3.54 1.12 0.9
v 3.66 1.12 0.9
v 3.42 1.12 1.18
v 3.54 1.12 1.18
v 3.66 1.12 1.18
vn -0 1 -0
vn -0 1 -0
vn -0 1 -0
vn -0 1 -0
vn -0 1 -0
vn -0 1 -0
vn -0 1 -0
vn -0 1 -0
vn -0 1 -0
g RWPillar_f3
usemtl carbon
f 166//166 170//170 167//167
f 166//166 169//169 170//170
f 167//167 171//171 168//168
f 167//167 170//170 171//171
f 169//169 173//173 170//170
f 169//169 172//172 173//173
f 170//170 174//174 171//171
f 170//170 173//173 174//174
v 3.42 0.9 0.62
v 3.42 1.01 0.62
v 3.42 1.12 0.62
v 3.42 0.9 0.9
v 3.42 1.01 0.9
v 3.42 1.12 0.9
v 3.42 0.9 1.18
v 3.42 1.01 1.18
v 3.42 1.12 1.18
vn -1 -0 -0
vn -1 -0 -0
vn -1 -0 -0
vn -1 0 -0
vn -1 0 -0
vn -1 0 -0
vn -1 -0 -0
vn -1 -0 -0
vn -1 -0 -0
g RWPillar_f4
usemtl carbon
f 175//175 179//179 176//176
f 175//175 178//178 179//179
f 176//176 180//180 177//177
f 176//176 179//179 180//180
f 178//178 182//182 179//179
f 178//178 181//181 182//182
f 179//179 183//183 180//180
f 179//179 182//182 183//183
v 3.66 0.9 0.62
v 3.66 1.01 0.62
v 3.66 1.12 0.62
v 3.66 0.9 0.9
v 3.66 1.01 0.9
v 3.66 1.12 0.9
v 3.66 0.9 1.18
v 3.66 1.01 1.18
v 3.66 1.12 1.18
vn 1 0 0
vn 1 0 0
vn 1 0 0
vn 1 -0 0
vn 1 -0 0
vn 1 -0 0
vn 1 0 0
vn 1 0 0
vn 1 0 0
g RWPillar_f5
usemtl carbon
f 184//184 185//185 188//188
f 184//184 188//188 187//187
f 185//185 186//186 189//189
f 185//185 189//189 188//188
f 187//187 188//188 191//191
f 187//187 191//191 190//190
f 188//188 189//189 192//192
f 188//188 192//192 191//191
o RWing
v 3.28 0.18 1.14
v 3.57 0.18 1.14
v 3.86 0.18 1.14
v 3.28 1.01 1.14
v 3.57 1.01 1.14
v 3.86 1.01 1.14
v 3.28 1.84 1.14
v 3.57 1.84 1.14
v 3.86 1.84 1.14
vn -0 -0 -1
vn -0 -0 -1
vn -0 -0 -1
vn -0 -0 -1
vn -0 -0 -1
vn -0 -0 -1
vn -0 -0 -1
vn -0 -0 -1
vn -0 -0 -1
g RWing_f0
usemtl carbon
f 193//193 197//197 194//194
f 193//193 196//196 197//197
f 194//194 198//198 195//195
f 194//194 197//197 198//198
f 196//196 200//200 197//197
f 196//196 199//199 200//200
f 197//197 201//201 198//198
f 197//197 200//200 201//201
v 3.28 0.18 1.28
v 3.57 0.18 1.28
v 3.86 0.18 1.28
v 3.28 1.01 1.28
v 3.57 1.01 1.28
v 3.86 1.01 1.28
v 3.28 1.84 1.28
v 3.57 1.84 1.28
v 3.86 1.84 1.28
vn 0 0 1
vn 0 0 1
vn 0 0 1
vn 0 0 1
vn 0 0 1
vn 0 0 1
vn 0 0 1
vn 0 0 1
vn 0 0 1
g RWing_f1
usemtl carbon
f 202//202 203//203 206//206
f 202//202 206//206 205//205
f 203//203 204//204 207//207
f 203//203 207//207 206//206
f 205//205 206//206 209//209
f 205//205 209//209 208//208
f 206//206 207//207 210//210
f 206//206 210//210 209//209
v 3.28 0.18 1.14
v 3.57 0.18 1.14
v 3.86 0.18 1.14
v 3.28 0.18 1.21
v 3.57 0.18 1.21
v 3.86 0.18 1.21
v 3.28 0.18 1.28
v 3.57 0.18 1.28
v 3.86 0.18 1.28
vn 0 -1 0
vn 0 -1 0
vn 0 -1 0
vn 0 -1 0
vn 0 -1 0
vn 0 -1 0
vn 0 -1 0
vn 0 -1 0
vn 0 -1 0
g RWing_f2
usemtl carbon
f 211//211 212//212 215//215
f 211//211 215//215 214//214
f 212//212 213//213 216//216
f 212//212 216//216 215//215
f 214//214 215//215 218//218
f 214//214 218//218 217//217
f 215//215 216//216 219//219
f 215//215 219//219 218//218
v 3.28 1.84 1.14
v 3.57 1.84 1.14
v 3.86 1.84 1.14
v 3.28 1.84 1.21
v 3.57 1.84 1.21
v 3.86 1.84 1.21
v 3.28 1.84 1.28
v 3.57 1.84 1.28
v 3.86 1.84 1.28
vn -0 1 -0
vn -0 1 -0
vn -0 1 -0
vn -0 1 -0
vn -0 1 -0
vn -0 1 -0
vn -0 1 -0
vn -0 1 -0
vn -0 1 -0
g RWing_f3
usemtl carbon
f 220//220 224//224 221//221
f 220//220 223//223 224//224
f 221//221 225//225 222//222
f 221//221 224//224 225//225
f 223//223 227//227 224//224
f 223//223 226//226 227//227
f 224//224 228//228 225//225
f 224//224 227//227 228//228
v 3.28 0.18 1.14
v 3.28 1.01 1.14
v 3.28 1.84 1.14
v 3.28 0.18 1.21
v 3.28 1.01 1.21
v 3.28 1.84 1.21
v 3.28 0.18 1.28
v 3.28 1.01 1.28
v 3.28 1.84 1.28
vn -1 -0 -0
vn -1 -0 -0
vn -1 -0 -0
vn -1 0 -0
vn -1 0 -0
vn -1 0 -0
vn -1 -0 -0
vn -1 -0 -0
vn -1 -0 -0
g RWing_f4
usemtl carbon
f 229//229 233//233 230//230
f 229//229 232//232 233//233
f 230//230 234//234 231//231
f 230//230 233//233 234//234
f 232//232 236//236 233//233
f 232//232 235//235 236//236
f 233//233 237//237 234//234
f 233//233 236//236 237//237
v 3.86 0.18 1.14
v 3.86 1.01 1.14
v 3.86 1.84 1.14
v 3.86 0.18 1.21
v 3.86 1.01 1.21
v 3.86 1.84 1.21
v 3.86 0.18 1.28
v 3.86 1.01 1.28
v 3.86 1.84 1.28
vn 1 0 0
vn 1 0 0
vn 1 0 0
vn 1 -0 0
vn 1 -0 0
vn 1 -0 0
vn 1 0 0
vn 1 0 0
vn 1 0 0
g RWing_f5
usemtl carbon
f 238//238 239//239 242//242
f 238//238 242//242 241//241
f 239//239 240//240 243//243
f 239//239 243//243 242//242
f 241//241 242//242 245//245
f 241//241 245//245 244//244
f 242//242 243//243 246//246
f 242//242 246//246 245//245
o Headrest
v 2.45 0.8 0.62
v 2.7 0.8 0.62
v 2.95 0.8 0.62
v 2.45 1.01 0.62
v 2.7 1.01 0.62
v 2.95 1.01 0.62
v 2.45 1.22 0.62
v 2.7 1.22 0.62
v 2.95 1.22 0.62
vn -0 -0 -1
vn -0 -0 -1
vn -0 -0 -1
vn -0 -0 -1
vn -0 -0 -1
vn -0 -0 -1
vn -0 -0 -1
vn -0 -0 -1
vn -0 -0 -1
g Headrest_f0
usemtl carbon
f 247//247 251//251 248//248
f 247//247 250//250 251//251
f 248//248 252//252 249//249
f 248//248 251//251 252//252
f 250//250 254//254 251//251
f 250//250 253//253 254//254
f 251//251 255//255 252//252
f 251//251 254//254 255//255
v 2.45 0.8 0.98
v 2.7 0.8 0.98
v 2.95 0.8 0.98
v 2.45 1.01 0.98
v 2.7 1.01 0.98
v 2.95 1.01 0.98
v 2.45 1.22 0.98
v 2.7 1.22 0.98
v 2.95 1.22 0.98
vn 0 0 1
vn 0 0 1
vn 0 0 1
vn 0 0 1
vn 0 0 1
vn 0 0 1
vn 0 0 1
vn 0 0 1
vn 0 0 1
g Headrest_f1
usemtl carbon
f 256//256 257//257 260//260
f 256//256 260//260 259//259
f 257//257 258//258 261//261
f 257//257 261//261 260//260
f 259//259 260//260 263//263
f 259//259 263//263 262//262
f 260//260 261//261 264//264
f 260//260 264//264 263//263
v 2.45 0.8 0.62
v 2.7 0.8 0.62
v 2.95 0.8 0.62
v 2.45 0.8 0.8
v 2.7 0.8 0.8
v 2.95 0.8 0.8
v 2.45 0.8 0.98
v 2.7 0.8 0.98
v 2.95 0.8 0.98
vn 0 -1 0
vn 0 -1 0
vn 0 -1 0
vn 0 -1 0
vn 0 -1 0
vn 0 -1 0
vn 0 -1 0
vn 0 -1 0
vn 0 -1 0
g Headrest_f2
usemtl carbon
f 265//265 266//266 269//269
f 265//265 269//269 268//268
f 266//266 267//267 270//270
f 266//266 270//270 269//269
f 268//268 269//269 272//272
f 268//268 272//272 271//271
f 269//269 270//270 273//273
f 269//269 273//273 272//272
v 2.45 1.22 0.62
v 2.7 1.22 0.62
v 2.95 1.22 0.62
v 2.45 1.22 0.8
v 2.7 1.22 0.8
v 2.95 1.22 0.8
v 2.45 1.22 0.98
v 2.7 1.22 0.98
v 2.95 1.22 0.98
vn -0 1 -0
vn -0 1 -0
vn -0 1 -0
vn -0 1 -0
vn -0 1 -0
vn -0 1 -0
vn -0 1 -0
vn -0 1 -0
vn -0 1 -0
g Headrest_f3
usemtl carbon
f 274//274 278//278 275//275
f 274//274 277//277 278//278
f 275//275 279//279 276//276
f 275//275 278//278 279//279
f 277//277 281//281 278//278
f 277//277 280//280 281//281
f 278//278 282//282 279//279
f 278//278 281//281 282//282
v 2.45 0.8 0.62
v 2.45 1.01 0.62
v 2.45 1.22 0.62
v 2.45 0.8 0.8
v 2.45 1.01 0.8
v 2.45 1.22 0.8
v 2.45 0.8 0.98
v 2.45 1.01 0.98
v 2.45 1.22 0.98
vn -1 -0 -0
vn -1 -0 -0
vn -1 -0 -0
vn -1 -0 -0
vn -1 -0 -0
vn -1 -0 -0
vn -1 -0 -0
vn -1 -0 -0
vn -1 -0 -0
g Headrest_f4
usemtl carbon
f 283//283 287//287 284//284
f 283//283 286//286 287//287
f 284//284 288//288 285//285
f 284//284 287//287 288//288
f 286//286 290//290 287//287
f 286//286 289//289 290//290
f 287//287 291//291 288//288
f 287//287 290//290 291//291
v 2.95 0.8 0.62
v 2.95 1.01 0.62
v 2.95 1.22 0.62
v 2.95 0.8 0.8
v 2.95 1.01 0.8
v 2.95 1.22 0.8
v 2.95 0.8 0.98
v 2.95 1.01 0.98
v 2.95 1.22 0.98
vn 1 0 0
vn 1 0 0
vn 1 0 0
vn 1 0 0
vn 1 0 0
vn 1 0 0
vn 1 0 0
vn 1 0 0
vn 1 0 0
g Headrest_f5
usemtl carbon
f 292//292 293//293 296//296
f 292//292 296//296 295//295
f 293//293 294//294 297//297
f 293//293 297//297 296//296
f 295//295 296//296 299//299
f 295//295 299//299 298//298
f 296//296 297//297 300//300
f 296//296 300//300 299//299
o Airbox
v 2.55 0.86 0.66
v 2.8 0.86 0.66
v 3.05 0.86 0.66
v 2.55 1.01 0.66
v 2.8 1.01 0.66
v 3.05 1.01 0.66
v 2.55 1.16 0.66
v 2.8 1.16 0.66
v 3.05 1.16 0.66
vn -0 -0 -1
vn -0 -0 -1
vn -0 -0 -1
vn 0 -0 -1
vn 0 -0 -1
vn 0 -0 -1
vn -0 -0 -1
vn -0 -0 -1
vn -0 -0 -1
g Airbox_f0
usemtl plastic-blue
f 301//301 305//305 302//302
f 301//301 304//304 305//305
f 302//302 306//306 303//303
f 302//302 305//305 306//306
f 304//304 308//308 305//305
f 304//304 307//307 308//308
f 305//305 309//309 306//306
f 305//305 308//308 309//309
v 2.55 0.86 1.06
v 2.8 0.86 1.06
v 3.05 0.86 1.06
v 2.55 1.01 1.06
v 2.8 1.01 1.06
v 3.05 1.01 1.06
v 2.55 1.16 1.06
v 2.8 1.16 1.06
v 3.05 1.16 1.06
vn 0 0 1
vn 0 0 1
vn 0 0 1
vn -0 0 1
vn -0 0 1
vn -0 0 1
vn 0 0 1
vn 0 0 1
vn 0 0 1
g Airbox_f1
usemtl plastic-blue
f 310//310 311//311 314//314
f 310//310 314//314 313//313
f 311//311 312//312 315//315
f 311//311 315//315 314//314
f 313//313 314//314 317//317
f 313//313 317//317 316//316
f 314//314 315//315 318//318
f 314//314 318//318 317//317
v 2.55 0.86 0.66
v 2.8 0.86 0.66
v 3.05 0.86 0.66
v 2.55 0.86 0.86
v 2.8 0.86 0.86
v 3.05 0.86 0.86
v 2.55 0.86 1.06
v 2.8 0.86 1.06
v 3.05 0.86 1.06
vn 0 -1 0
vn 0 -1 0
vn 0 -1 0
vn 0 -1 0
vn 0 -1 0
vn 0 -1 0
vn 0 -1 0
vn 0 -1 0
vn 0 -1 0
g Airbox_f2
usemtl plastic-blue
f 319//319 320//320 323//323
f 319//319 323//323 322//322
f 320//320 321//321 324//324
f 320//320 324//324 323//323
f 322//322 323//323 326//326
f 322//322 326//326 325//325
f 323//323 324//324 327//327
f 323//323 327//327 326//326
v 2.55 1.16 0.66
v 2.8 1.16 0.66
v 3.05 1.16 0.66
v 2.55 1.16 0.86
v 2.8 1.16 0.86
v 3.05 1.16 0.86
v 2.55 1.16 1.06
v 2.8 1.16 1.06
v 3.05 1.16 1.06
vn -0 1 -0
vn -0 1 -0
vn -0 1 -0
vn -0 1 -0
vn -0 1 -0
vn -0 1 -0
vn -0 1 -0
vn -0 1 -0
vn -0 1 -0
g Airbox_f3
usemtl plastic-blue
f 328//328 332//332 329//329
f 328//328 331//331 332//332
f 329//329 333//333 330//330
f 329//329 332//332 333//333
f 331//331 335//335 332//332
f 331//331 334//334 335//335
f 332//332 336//336 333//333
f 332//332 335//335 336//336
v 2.55 0.86 0.66
v 2.55 1.01 0.66
v 2.55 1.16 0.66
v 2.55 0.86 0.86
v 2.55 1.01 0.86
v 2.55 1.16 0.86
v 2.55 0.86 1.06
v 2.55 1.01 1.06
v 2.55 1.16 1.06
vn -1 -0 -0
vn -1 -0 -0
vn -1 -0 -0
vn -1 -0 -0
vn -1 -0 -0
vn -1 -0 -0
vn -1 -0 -0
vn -1 -0 -0
vn -1 -0 -0
g Airbox_f4
usemtl plastic-blue
f 337//337 341//341 338//338
f 337//337 340//340 341//341
f 338//338 342//342 339//339
f 338//338 341//341 342//342
f 340//340 344//344 341//341
f 340//340 343//343 344//344
f 341//341 345//345 342//342
f 341//341 344//344 345//345
v 3.05 0.86 0.66
v 3.05 1.01 0.66
v 3.05 1.16 0.66
v 3.05 0.86 0.86
v 3.05 1.01 0.86
v 3.05 1.16 0.86
v 3.05 0.86 1.06
v 3.05 1.01 1.06
v 3.05 1.16 1.06
vn 1 0 0
vn 1 0 0
vn 1 0 0
vn 1 0 0
vn 1 0 0
vn 1 0 0
vn 1 0 0
vn 1 0 0
vn 1 0 0
g Airbox_f5
usemtl plastic-blue
f 346//346 347//347 350//350
f 346//346 350//350 349//349
f 347//347 348//348 351//351
f 347//347 351//351 350//350
f 349//349 350//350 353//353
f 349//349 353//353 352//352
f 350//350 351//351 354//354
f 350//350 354//354 353//353
o WheelFL
v 0.53 -0.06 0.42
v 0.530418 -0.06 0.438724
v 0.531699 -0.06 0.457739
v 0.533885 -0.06 0.476992
v 0.537012 -0.06 0.496424
v 0.541112 -0.06 0.515972
v 0.546212 -0.06 0.535566
v 0.552333 -0.06 0.555134
v 0.559489 -0.06 0.5746
v 0.567685 -0.06 0.593883
v 0.576921 -0.06 0.612904
v 0.587186 -0.06 0.631579
v 0.598462 -0.06 0.649828
v 0.610722 -0.06 0.667569
v 0.623932 -0.06 0.684725
v 0.638046 -0.06 0.70122
v 0.653015 -0.06 0.716985
v 0.66878 -0.06 0.731954
v 0.685275 -0.06 0.746068
v 0.702431 -0.06 0.759278
v 0.720172 -0.06 0.771538
v 0.738421 -0.06 0.782814
v 0.757096 -0.06 0.793079
v 0.776117 -0.06 0.802315
v 0.7954 -0.06 0.810511
v 0.814866 -0.06 0.817667
v 0.834434 -0.06 0.823788
v 0.854028 -0.06 0.828888
v 0.873576 -0.06 0.832988
v 0.893008 -0.06 0.836115
v 0.912261 -0.06 0.838301
v 0.931276 -0.06 0.839582
v 0.95 -0.06 0.84
v 0.968724 -0.06 0.839582
v 0.987739 -0.06 0.838301
v 1.00699 -0.06 0.836115
v 1.02642 -0.06 0.832988
v 1.04597 -0.06 0.828888
v 1.06557 -0.06 0.823788
v 1.08513 -0.06 0.817667
v 1.1046 -0.06 0.810511
v 1.12388 -0.06 0.802315
v 1.1429 -0.06 0.793079
v 1.16158 -0.06 0.782814
v 1.17983 -0.06 0.771538
v 1.19757 -0.06 0.759278
v 1.21473 -0.06 0.746068
v 1.23122 -0.06 0.731954
v 1.24698 -0.06 0.716985
v 1.26195 -0.06 0.70122
v 1.27607 -0.06 0.684725
v 1.28928 -0.06 0.667569
v 1.30154 -0.06 0.649828
v 1.31281 -0.06 0.631579
v 1.32308 -0.06 0.612904
v 1.33231 -0.06 0.593883
v 1.34051 -0.06 0.5746
v 1.34767 -0.06 0.555134
v 1.35379 -0.06 0.535566
v 1.35889 -0.06 0.515972
v 1.36299 -0.06 0.496424
v 1.36612 -0.06 0.476992
v 1.3683 -0.06 0.457739
v 1.36958 -0.06 0.438724
v 1.37 -0.06 0.42
v 1.36958 -0.06 0.401276
v 1.3683 -0.06 0.382261
v 1.36612 -0.06 0.363008
v 1.36299 -0.06 0.343576
v 1.35889 -0.06 0.324028
v 1.35379 -0.06 0.304434
v 1.34767 -0.06 0.284866
v 1.34051 -0.06 0.2654
v 1.33231 -0.06 0.246117
v 1.32308 -0.06 0.227096
v 1.31281 -0.06 0.208421
v 1.30154 -0.06 0.190172
v 1.28928 -0.06 0.172431
v 1.27607 -0.06 0.155275
v 1.26195 -0.06 0.13878
v 1.24698 -0.06 0.123015
v 1.23122 -0.06 0.108046
v 1.21473 -0.06 0.0939317
v 1.19757 -0.06 0.0807223
v 1.17983 -0.06 0.0684619
v 1.16158 -0.06 0.0571857
v 1.1429 -0.06 0.0469207
v 1.12388 -0.06 0.0376852
v 1.1046 -0.06 0.0294889
v 1.08513 -0.06 0.0223335
v 1.06557 -0.06 0.0162124
v 1.04597 -0.06 0.0111121
v 1.02642 -0.06 0.00701175
v 1.00699 -0.06 0.00388475
v 0.987739 -0.06 0.00169894
v 0.968724 -0.06 0.000417561
v 0.95 -0.06 5.55112e-17
v 0.931276 -0.06 0.000417561
v 0.912261 -0.06 0.00169894
v 0.893008 -0.06 0.00388475
v 0.873576 -0.06 0.00701175
v 0.854028 -0.06 0.0111121
v 0.834434 -0.06 0.0162124
v 0.814866 -0.06 0.0223335
v 0.7954 -0.06 0.0294889
v 0.776117 -0.06 0.0376852
v 0.757096 -0.06 0.0469207
v 0.738421 -0.06 0.0571857
v 0.720172 -0.06 0.0684619
v 0.702431 -0.06 0.0807223
v 0.685275 -0.06 0.0939317
v 0.66878 -0.06 0.108046
v 0.653015 -0.06 0.123015
v 0.638046 -0.06 0.13878
v 0.623932 -0.06 0.155275
v 0.610722 -0.06 0.172431
v 0.598462 -0.06 0.190172
v 0.587186 -0.06 0.208421
v 0.576921 -0.06 0.227096
v 0.567685 -0.06 0.246117
v 0.559489 -0.06 0.2654
v 0.552333 -0.06 0.284866
v 0.546212 -0.06 0.304434
v 0.541112 -0.06 0.324028
v 0.537012 -0.06 0.343576
v 0.533885 -0.06 0.363008
v 0.531699 -0.06 0.382261
v 0.530418 -0.06 0.401276
v 0.53 -0.06 0.42
v 0.53 0.11 0.42
v 0.530418 0.11 0.438724
v 0.531699 0.11 0.457739
v 0.533885 0.11 0.476992
v 0.537012 0.11 0.496424
v 0.541112 0.11 0.515972
v 0.546212 0.11 0.535566
v 0.552333 0.11 0.555134
v 0.559489 0.11 0.5746
v 0.567685 0.11 0.593883
v 0.576921 0.11 0.612904
v 0.587186 0.11 0.631579
v 0.598462 0.11 0.649828
v 0.610722 0.11 0.667569
v 0.623932 0.11 0.684725
v 0.638046 0.11 0.70122
v 0.653015 0.11 0.716985
v 0.66878 0.11 0.731954
v 0.685275 0.11 0.746068
v 0.702431 0.11 0.759278
v 0.720172 0.11 0.771538
v 0.738421 0.11 0.782814
v 0.757096 0.11 0.793079
v 0.776117 0.11 0.802315
v 0.7954 0.11 0.810511
v 0.814866 0.11 0.817667
v 0.834434 0.11 0.823788
v 0.854028 0.11 0.828888
v 0.873576 0.11 0.832988
v 0.893008 0.11 0.836115
v 0.912261 0.11 0.838301
v 0.931276 0.11 0.839582
v 0.95 0.11 0.84
v 0.968724 0.11 0.839582
v 0.987739 0.11 0.838301
v 1.00699 0.11 0.836115
v 1.02642 0.11 0.832988
v 1.04597 0.11 0.828888
v 1.06557 0.11 0.823788
v 1.08513 0.11 0.817667
v 1.1046 0.11 0.810511
v 1.12388 0.11 0.802315
v 1.1429 0.11 0.793079
v 1.16158 0.11 0.782814
v 1.17983 0.11 0.771538
v 1.19757 0.11 0.759278
v 1.21473 0.11 0.746068
v 1.23122 0.11 0.731954
v 1.24698 0.11 0.716985
v 1.26195 0.11 0.70122
v 1.27607 0.11 0.684725
v 1.28928 0.11 0.667569
v 1.30154 0.11 0.649828
v 1.31281 0.11 0.631579
v 1.32308 0.11 0.612904
v 1.33231 0.11 0.593883
v 1.34051 0.11 0.5746
v 1.34767 0.11 0.555134
v 1.35379 0.11 0.535566
v 1.35889 0.11 0.515972
v 1.36299 0.11 0.496424
v 1.36612 0.11 0.476992
v 1.3683 0.11 0.457739
v 1.36958 0.11 0.438724
v 1.37 0.11 0.42
v 1.36958 0.11 0.401276
v 1.3683 0.11 0.382261
v 1.36612 0.11 0.363008
v 1.36299 0.11 0.343576
v 1.35889 0.11 0.324028
v 1.35379 0.11 0.304434
v 1.34767 0.11 0.284866
v 1.34051 0.11 0.2654
v 1.33231 0.11 0.246117
v 1.32308 0.11 0.227096
v 1.31281 0.11 0.208421
v 1.30154 0.11 0.190172
v 1.28928 0.11 0.172431
v 1.27607 0.11 0.155275
v 1.26195 0.11 0.13878
v 1.24698 0.11 0.123015
v 1.23122 0.11 0.108046
v 1.21473 0.11 0.0939317
v 1.19757 0.11 0.0807223
v 1.17983 0.11 0.0684619
v 1.16158 0.11 0.0571857
v 1.1429 0.11 0.0469207
v 1.12388 0.11 0.0376852
v 1.1046 0.11 0.0294889
v 1.08513 0.11 0.0223335
v 1.06557 0.11 0.0162124
v 1.04597 0.11 0.0111121
v 1.02642 0.11 0.00701175
v 1.00699 0.11 0.00388475
v 0.987739 0.11 0.00169894
v 0.968724 0.11 0.000417561
v 0.95 0.11 5.55112e-17
v 0.931276 0.11 0.000417561
v 0.912261 0.11 0.00169894
v 0.893008 0.11 0.00388475
v 0.873576 0.11 0.00701175
v 0.854028 0.11 0.0111121
v 0.834434 0.11 0.0162124
v 0.814866 0.11 0.0223335
v 0.7954 0.11 0.0294889
v 0.776117 0.11 0.0376852
v 0.757096 0.11 0.0469207
v 0.738421 0.11 0.0571857
v 0.720172 0.11 0.0684619
v 0.702431 0.11 0.0807223
v 0.685275 0.11 0.0939317
v 0.66878 0.11 0.108046
v 0.653015 0.11 0.123015
v 0.638046 0.11 0.13878
v 0.623932 0.11 0.155275
v 0.610722 0.11 0.172431
v 0.598462 0.11 0.190172
v 0.587186 0.11 0.208421
v 0.576921 0.11 0.227096
v 0.567685 0.11 0.246117
v 0.559489 0.11 0.2654
v 0.552333 0.11 0.284866
v 0.546212 0.11 0.304434
v 0.541112 0.11 0.324028
v 0.537012 0.11 0.343576
v 0.533885 0.11 0.363008
v 0.531699 0.11 0.382261
v 0.530418 0.11 0.401276
v 0.53 0.11 0.42
v 0.53 0.28 0.42
v 0.530418 0.28 0.438724
v 0.531699 0.28 0.457739
v 0.533885 0.28 0.476992
v 0.537012 0.28 0.496424
v 0.541112 0.28 0.515972
v 0.546212 0.28 0.535566
v 0.552333 0.28 0.555134
v 0.559489 0.28 0.5746
v 0.567685 0.28 0.593883
v 0.576921 0.28 0.612904
v 0.587186 0.28 0.631579
v 0.598462 0.28 0.649828
v 0.610722 0.28 0.667569
v 0.623932 0.28 0.684725
v 0.638046 0.28 0.70122
v 0.653015 0.28 0.716985
v 0.66878 0.28 0.731954
v 0.685275 0.28 0.746068
v 0.702431 0.28 0.759278
v 0.720172 0.28 0.771538
v 0.738421 0.28 0.782814
v 0.757096 0.28 0.793079
v 0.776117 0.28 0.802315
v 0.7954 0.28 0.810511
v 0.814866 0.28 0.817667
v 0.834434 0.28 0.823788
v 0.854028 0.28 0.828888
v 0.873576 0.28 0.832988
v 0.893008 0.28 0.836115
v 0.912261 0.28 0.838301
v 0.931276 0.28 0.839582
v 0.95 0.28 0.84
v 0.968724 0.28 0.839582
v 0.987739 0.28 0.838301
v 1.00699 0.28 0.836115
v 1.02642 0.28 0.832988
v 1.04597 0.28 0.828888
v 1.06557 0.28 0.823788
v 1.08513 0.28 0.817667
v 1.1046 0.28 0.810511
v 1.12388 0.28 0.802315
v 1.1429 0.28 0.793079
v 1.16158 0.28 0.782814
v 1.17983 0.28 0.771538
v 1.19757 0.28 0.759278
v 1.21473 0.28 0.746068
v 1.23122 0.28 0.731954
v 1.24698 0.28 0.716985
v 1.26195 0.28 0.70122
v 1.27607 0.28 0.684725
v 1.28928 0.28 0.667569
v 1.30154 0.28 0.649828
v 1.31281 0.28 0.631579
v 1.32308 0.28 0.612904
v 1.33231 0.28 0.593883
v 1.34051 0.28 0.5746
v 1.34767 0.28 0.555134
v 1.35379 0.28 0.535566
v 1.35889 0.28 0.515972
v 1.36299 0.28 0.496424
v 1.36612 0.28 0.476992
v 1.3683 0.28 0.457739
v 1.36958 0.28 0.438724
v 1.37 0.28 0.42
v 1.36958 0.28 0.401276
v 1.3683 0.28 0.382261
v 1.36612 0.28 0.363008
v 1.36299 0.28 0.343576
v 1.35889 0.28 0.324028
v 1.35379 0.28 0.304434
v 1.34767 0.28 0.284866
v 1.34051 0.28 0.2654
v 1.33231 0.28 0.246117
v 1.32308 0.28 0.227096
v 1.31281 0.28 0.208421
v 1.30154 0.28 0.190172
v 1.28928 0.28 0.172431
v 1.27607 0.28 0.155275
v 1.26195 0.28 0.13878
v 1.24698 0.28 0.123015
v 1.23122 0.28 0.108046
v 1.21473 0.28 0.0939317
v 1.19757 0.28 0.0807223
v 1.17983 0.28 0.0684619
v 1.16158 0.28 0.0571857
v 1.1429 0.28 0.0469207
v 1.12388 0.28 0.0376852
v 1.1046 0.28 0.0294889
v 1.08513 0.28 0.0223335
v 1.06557 0.28 0.0162124
v 1.04597 0.28 0.0111121
v 1.02642 0.28 0.00701175
v 1.00699 0.28 0.00388475
v 0.987739 0.28 0.00169894
v 0.968724 0.28 0.000417561
v 0.95 0.28 5.55112e-17
v 0.931276 0.28 0.000417561
v 0.912261 0.28 0.00169894
v 0.893008 0.28 0.00388475
v 0.873576 0.28 0.00701175
v 0.854028 0.28 0.0111121
v 0.834434 0.28 0.0162124
v 0.814866 0.28 0.0223335
v 0.7954 0.28 0.0294889
v 0.776117 0.28 0.0376852
v 0.757096 0.28 0.0469207
v 0.738421 0.28 0.0571857
v 0.720172 0.28 0.0684619
v 0.702431 0.28 0.0807223
v 0.685275 0.28 0.0939317
v 0.66878 0.28 0.108046
v 0.653015 0.28 0.123015
v 0.638046 0.28 0.13878
v 0.623932 0.28 0.155275
v 0.610722 0.28 0.172431
v 0.598462 0.28 0.190172
v 0.587186 0.28 0.208421
v 0.576921 0.28 0.227096
v 0.567685 0.28 0.246117
v 0.559489 0.28 0.2654
v 0.552333 0.28 0.284866
v 0.546212 0.28 0.304434
v 0.541112 0.28 0.324028
v 0.537012 0.28 0.343576
v 0.533885 0.28 0.363008
v 0.531699 0.28 0.382261
v 0.530418 0.28 0.401276
v 0.53 0.28 0.42
vn -1 0 9.34579e-17
vn -0.999006 0 0.0445802
vn -0.995955 0 0.0898544
vn -0.990751 0 0.135695
vn -0.983305 0 0.181963
vn -0.973543 0 0.228505
vn -0.961399 0 0.275158
vn -0.946825 0 0.321749
vn -0.929788 0 0.368095
vn -0.910273 0 0.414008
vn -0.888284 0 0.459295
vn -0.863844 0 0.50376
vn -0.836996 0 0.54721
vn -0.807804 0 0.589451
vn -0.776353 0 0.630298
vn -0.742747 0 0.669572
vn -0.707107 0 0.707107
vn -0.669572 0 0.742747
vn -0.630298 0 0.776353
vn -0.589451 0 0.807804
vn -0.54721 0 0.836996
vn -0.50376 0 0.863844
vn -0.459295 0 0.888284
vn -0.414008 0 0.910273
vn -0.368095 0 0.929788
vn -0.321749 0 0.946825
vn -0.275158 0 0.961399
vn -0.228505 0 0.973543
vn -0.181963 0 0.983305
vn -0.135695 0 0.990751
vn -0.0898544 0 0.995955
vn -0.0445802 0 0.999006
vn 1.86916e-16 -0 1
vn 0.0445802 -0 0.999006
vn 0.0898544 -0 0.995955
vn 0.135695 -0 0.990751
vn 0.181963 -0 0.983305
vn 0.228505 -0 0.973543
vn 0.275158 -0 0.961399
vn 0.321749 -0 0.946825
vn 0.368095 -0 0.929788
vn 0.414008 -0 0.910273
vn 0.459295 -0 0.888284
vn 0.50376 -0 0.863844
vn 0.54721 -0 0.836996
vn 0.589451 -0 0.807804
vn 0.630298 -0 0.776353
vn 0.669572 -0 0.742747
vn 0.707107 -0 0.707107
vn 0.742747 -0 0.669572
vn 0.776353 -0 0.630298
vn 0.807804 -0 0.589451
vn 0.836996 -0 0.54721
vn 0.863844 -0 0.50376
vn 0.888284 -0 0.459295
vn 0.910273 -0 0.414008
vn 0.929788 -0 0.368095
vn 0.946825 -0 0.321749
vn 0.961399 -0 0.275158
vn 0.973543 -0 0.228505
vn 0.983305 -0 0.181963
vn 0.990751 -0 0.135695
vn 0.995955 -0 0.0898544
vn 0.999006 -0 0.0445802
vn 1 -0 5.60747e-16
vn 0.999006 0 -0.0445802
vn 0.995955 0 -0.0898544
vn 0.990751 0 -0.135695
vn 0.983305 0 -0.181963
vn 0.973543 0 -0.228505
vn 0.961399 0 -0.275158
vn 0.946825 0 -0.321749
vn 0.929788 0 -0.368095
vn 0.910273 0 -0.414008
vn 0.888284 0 -0.459295
vn 0.863844 0 -0.50376
vn 0.836996 0 -0.54721
vn 0.807804 0 -0.589451
vn 0.776353 0 -0.630298
vn 0.742747 0 -0.669572
vn 0.707107 0 -0.707107
vn 0.669572 0 -0.742747
vn 0.630298 0 -0.776353
vn 0.589451 0 -0.807804
vn 0.54721 0 -0.836996
vn 0.50376 0 -0.863844
vn 0.459295 0 -0.888284
vn 0.414008 0 -0.910273
vn 0.368095 0 -0.929788
vn 0.321749 0 -0.946825
vn 0.275158 0 -0.961399
vn 0.228505 0 -0.973543
vn 0.181963 0 -0.983305
vn 0.135695 0 -0.990751
vn 0.0898544 0 -0.995955
vn 0.0445802 0 -0.999006
vn 2.64339e-16 0 -1
vn -0.0445802 0 -0.999006
vn -0.0898544 0 -0.995955
vn -0.135695 0 -0.990751
vn -0.181963 0 -0.983305
vn -0.228505 0 -0.973543
vn -0.275158 0 -0.961399
vn -0.321749 0 -0.946825
vn -0.368095 0 -0.929788
vn -0.414008 0 -0.910273
vn -0.459295 0 -0.888284
vn -0.50376 0 -0.863844
vn -0.54721 0 -0.836996
vn -0.589451 0 -0.807804
vn -0.630298 0 -0.776353
vn -0.669572 0 -0.742747
vn -0.707107 0 -0.707107
vn -0.742747 0 -0.669572
vn -0.776353 0 -0.630298
vn -0.807804 0 -0.589451
vn -0.836996 0 -0.54721
vn -0.863844 0 -0.50376
vn -0.888284 0 -0.459295
vn -0.910273 0 -0.414008
vn -0.929788 0 -0.368095
vn -0.946825 0 -0.321749
vn -0.961399 0 -0.275158
vn -0.973543 0 -0.228505
vn -0.983305 0 -0.181963
vn -0.990751 0 -0.135695
vn -0.995955 0 -0.0898544
vn -0.999006 0 -0.0445802
vn -1 0 -2.80374e-16
vn -1 0 1.86916e-16
vn -0.999006 0 0.0445802
vn -0.995955 0 0.0898544
vn -0.990751 0 0.135695
vn -0.983305 0 0.181963
vn -0.973543 0 0.228505
vn -0.961399 0 0.275158
vn -0.946825 0 0.321749
vn -0.929788 0 0.368095
vn -0.910273 0 0.414008
vn -0.888284 0 0.459295
vn -0.863844 0 0.50376
vn -0.836996 0 0.54721
vn -0.807804 0 0.589451
vn -0.776353 0 0.630298
vn -0.742747 0 0.669572
vn -0.707107 0 0.707107
vn -0.669572 0 0.742747
vn -0.630298 0 0.776353
vn -0.589451 0 0.807804
vn -0.54721 0 0.836996
vn -0.50376 0 0.863844
vn -0.459295 0 0.888284
vn -0.414008 0 0.910273
vn -0.368095 0 0.929788
vn -0.321749 0 0.946825
vn -0.275158 0 0.961399
vn -0.228505 0 0.973543
vn -0.181963 0 0.983305
vn -0.135695 0 0.990751
vn -0.0898544 0 0.995955
vn -0.0445802 0 0.999006
vn -0 0 1
vn 0.0445802 -0 0.999006
vn 0.0898544 -0 0.995955
vn 0.135695 -0 0.990751
vn 0.181963 -0 0.983305
vn 0.228505 -0 0.973543
vn 0.275158 -0 0.961399
vn 0.321749 -0 0.946825
vn 0.368095 -0 0.929788
vn 0.414008 -0 0.910273
vn 0.459295 -0 0.888284
vn 0.50376 -0 0.863844
vn 0.54721 -0 0.836996
vn 0.589451 -0 0.807804
vn 0.630298 -0 0.776353
vn 0.669572 -0 0.742747
vn 0.707107 -0 0.707107
vn 0.742747 -0 0.669572
vn 0.776353 -0 0.630298
vn 0.807804 -0 0.589451
vn 0.836996 -0 0.54721
vn 0.863844 -0 0.50376
vn 0.888284 -0 0.459295
vn 0.910273 -0 0.414008
vn 0.929788 -0 0.368095
vn 0.946825 -0 0.321749
vn 0.961399 -0 0.275158
vn 0.973543 -0 0.228505
vn 0.983305 -0 0.181963
vn 0.990751 -0 0.135695
vn 0.995955 -0 0.0898544
vn 0.999006 -0 0.0445802
vn 1 -0 9.34579e-16
vn 0.999006 0 -0.0445802
vn 0.995955 0 -0.0898544
vn 0.990751 0 -0.135695
vn 0.983305 0 -0.181963
vn 0.973543 0 -0.228505
vn 0.961399 0 -0.275158
vn 0.946825 0 -0.321749
vn 0.929788 0 -0.368095
vn 0.910273 0 -0.414008
vn 0.888284 0 -0.459295
vn 0.863844 0 -0.50376
vn 0.836996 0 -0.54721
vn 0.807804 0 -0.589451
vn 0.776353 0 -0.630298
vn 0.742747 0 -0.669572
vn 0.707107 0 -0.707107
vn 0.669572 0 -0.742747
vn 0.630298 0 -0.776353
vn 0.589451 0 -0.807804
vn 0.54721 0 -0.836996
vn 0.50376 0 -0.863844
vn 0.459295 0 -0.888284
vn 0.414008 0 -0.910273
vn 0.368095 0 -0.929788
vn 0.321749 0 -0.946825
vn 0.275158 0 -0.961399
vn 0.228505 0 -0.973543
vn 0.181963 0 -0.983305
vn 0.135695 0 -0.990751
vn 0.0898544 0 -0.995955
vn 0.0445802 0 -0.999006
vn 2.64339e-16 0 -1
vn -0.0445802 0 -0.999006
vn -0.0898544 0 -0.995955
vn -0.135695 0 -0.990751
vn -0.181963 0 -0.983305
vn -0.228505 0 -0.973543
vn -0.275158 0 -0.961399
vn -0.321749 0 -0.946825
vn -0.368095 0 -0.929788
vn -0.414008 0 -0.910273
vn -0.459295 0 -0.888284
vn -0.50376 0 -0.863844
vn -0.54721 0 -0.836996
vn -0.589451 0 -0.807804
vn -0.630298 0 -0.776353
vn -0.669572 0 -0.742747
vn -0.707107 0 -0.707107
vn -0.742747 0 -0.669572
vn -0.776353 0 -0.630298
vn -0.807804 0 -0.589451
vn -0.836996 0 -0.54721
vn -0.863844 0 -0.50376
vn -0.888284 0 -0.459295
vn -0.910273 0 -0.414008
vn -0.929788 0 -0.368095
vn -0.946825 0 -0.321749
vn -0.961399 0 -0.275158
vn -0.973543 0 -0.228505
vn -0.983305 0 -0.181963
vn -0.990751 0 -0.135695
vn -0.995955 0 -0.0898544
vn -0.999006 0 -0.0445802
vn -1 0 -2.80374e-16
vn -1 0 9.34579e-17
vn -0.999006 0 0.0445802
vn -0.995955 0 0.0898544
vn -0.990751 0 0.135695
vn -0.983305 0 0.181963
vn -0.973543 0 0.228505
vn -0.961399 0 0.275158
vn -0.946825 0 0.321749
vn -0.929788 0 0.368095
vn -0.910273 0 0.414008
vn -0.888284 0 0.459295
vn -0.863844 0 0.50376
vn -0.836996 0 0.54721
vn -0.807804 0 0.589451
vn -0.776353 0 0.630298
vn -0.742747 0 0.669572
vn -0.707107 0 0.707107
vn -0.669572 0 0.742747
vn -0.630298 0 0.776353
vn -0.589451 0 0.807804
vn -0.54721 0 0.836996
vn -0.50376 0 0.863844
vn -0.459295 0 0.888284
vn -0.414008 0 0.910273
vn -0.368095 0 0.929788
vn -0.321749 0 0.946825
vn -0.275158 0 0.961399
vn -0.228505 0 0.973543
vn -0.181963 0 0.983305
vn -0.135695 0 0.990751
vn -0.0898544 0 0.995955
vn -0.0445802 0 0.999006
vn 1.86916e-16 -0 1
vn 0.0445802 -0 0.999006
vn 0.0898544 -0 0.995955
vn 0.135695 -0 0.990751
vn 0.181963 -0 0.983305
vn 0.228505 -0 0.973543
vn 0.275158 -0 0.961399
vn 0.321749 -0 0.946825
vn 0.368095 -0 0.929788
vn 0.414008 -0 0.910273
vn 0.459295 -0 0.888284
vn 0.50376 -0 0.863844
vn 0.54721 -0 0.836996
vn 0.589451 -0 0.807804
vn 0.630298 -0 0.776353
vn 0.669572 -0 0.742747
vn 0.707107 -0 0.707107
vn 0.742747 -0 0.669572
vn 0.776353 -0 0.630298
vn 0.807804 -0 0.589451
vn 0.836996 -0 0.54721
vn 0.863844 -0 0.50376
vn 0.888284 -0 0.459295
vn 0.910273 -0 0.414008
vn 0.929788 -0 0.368095
vn 0.946825 -0 0.321749
vn 0.961399 -0 0.275158
vn 0.973543 -0 0.228505
vn 0.983305 -0 0.181963
vn 0.990751 -0 0.135695
vn 0.995955 -0 0.0898544
vn 0.999006 -0 0.0445802
vn 1 -0 5.60747e-16
vn 0.999006 0 -0.0445802
vn 0.995955 0 -0.0898544
vn 0.990751 0 -0.135695
vn 0.983305 0 -0.181963
vn 0.973543 0 -0.228505
vn 0.961399 0 -0.275158
vn 0.946825 0 -0.321749
vn 0.929788 0 -0.368095
vn 0.910273 0 -0.414008
vn 0.888284 0 -0.459295
vn 0.863844 0 -0.50376
vn 0.836996 0 -0.54721
vn 0.807804 0 -0.589451
vn 0.776353 0 -0.630298
vn 0.742747 0 -0.669572
vn 0.707107 0 -0.707107
vn 0.669572 0 -0.742747
vn 0.630298 0 -0.776353
vn 0.589451 0 -0.807804
vn 0.54721 0 -0.836996
vn 0.50376 0 -0.863844
vn 0.459295 0 -0.888284
vn 0.414008 0 -0.910273
vn 0.368095 0 -0.929788
vn 0.321749 0 -0.946825
vn 0.275158 0 -0.961399
vn 0.228505 0 -0.973543
vn 0.181963 0 -0.983305
vn 0.135695 0 -0.990751
vn 0.0898544 0 -0.995955
vn 0.0445802 0 -0.999006
vn 2.64339e-16 0 -1
vn -0.0445802 0 -0.999006
vn -0.0898544 0 -0.995955
vn -0.135695 0 -0.990751
vn -0.181963 0 -0.983305
vn -0.228505 0 -0.973543
vn -0.275158 0 -0.961399
vn -0.321749 0 -0.946825
vn -0.368095 0 -0.929788
vn -0.414008 0 -0.910273
vn -0.459295 0 -0.888284
vn -0.50376 0 -0.863844
vn -0.54721 0 -0.836996
vn -0.589451 0 -0.807804
vn -0.630298 0 -0.776353
vn -0.669572 0 -0.742747
vn -0.707107 0 -0.707107
vn -0.742747 0 -0.669572
vn -0.776353 0 -0.630298
vn -0.807804 0 -0.589451
vn -0.836996 0 -0.54721
vn -0.863844 0 -0.50376
vn -0.888284 0 -0.459295
vn -0.910273 0 -0.414008
vn -0.929788 0 -0.368095
vn -0.946825 0 -0.321749
vn -0.961399 0 -0.275158
vn -0.973543 0 -0.228505
vn -0.983305 0 -0.181963
vn -0.990751 0 -0.135695
vn -0.995955 0 -0.0898544
vn -0.999006 0 -0.0445802
vn -1 0 -2.80374e-16
g WheelFL_f0
usemtl rubber
f 355//355 356//356 485//485
f 355//355 485//485 484//484
f 356//356 357//357 486//486
f 356//356 486//486 485//485
f 357//357 358//358 487//487
f 357//357 487//487 486//486
f 358//358 359//359 488//488
f 358//358 488//488 487//487
f 359//359 360//360 489//489
f 359//359 489//489 488//488
f 360//360 361//361 490//490
f 360//360 490//490 489//489
f 361//361 362//362 491//491
f 361//361 491//491 490//490
f 362//362 363//363 492//492
f 362//362 492//492 491//491
f 363//363 364//364 493//493
f 363//363 493//493 492//492
f 364//364 365//365 494//494
f 364//364 494//494 493//493
f 365//365 366//366 495//495
f 365//365 495//495 494//494
f 366//366 367//367 496//496
f 366//366 496//496 495//495
f 367//367 368//368 497//497
f 367//367 497//497 496//496
f 368//368 369//369 498//498
f 368//368 498//498 497//497
f 369//369 370//370 499//499
f 369//369 499//499 498//498
f 370//370 371//371 500//500
f 370//370 500//500 499//499
f 371//371 372//372 501//501
f 371//371 501//501 500//500
f 372//372 373//373 502//502
f 372//372 502//502 501//501
f 373//373 374//374 503//503
f 373//373 503//503 502//502
f 374//374 375//375 504//504
f 374//374 504//504 503//503
f 375//375 376//376 505//505
f 375//375 505//505 504//504
f 376//376 377//377 506//506
f 376//376 506//506 505//505
f 377//377 378//378 507//507
f 377//377 507//507 506//506
f 378//378 379//379 508//508
f 378//378 508//508 507//507
f 379//379 380//380 509//509
f 379//379 509//509 508//508
f 380//380 381//381 510//510
f 380//380 510//510 509//509
f 381//381 382//382 511//511
f 381//381 511//511 510//510
f 382//382 383//383 512//512
f 382//382 512//512 511//511
f 383//383 384//384 513//513
f 383//383 513//513 512//512
f 384//384 385//385 514//514
f 384//384 514//514 513//513
f 385//385 386//386 515//515
f 385//385 515//515 514//514
f 386//386 387//387 516//516
f 386//386 516//516 515//515
f 387//387 388//388 517//517
f 387//387 517//517 516//516
f 388//388 389//389 518//518
f 388//388 518//518 517//517
f 389//389 390//390 519//519
f 389//389 519//519 518//518
f 390//390 391//391 520//520
f 390//390 520//520 519//519
f 391//391 392//392 521//521
f 391//391 521//521 520//520
f 392//392 393//393 522//522
f 392//392 522//522 521//521
f 393//393 394//394 523//523
f 393//393 523//523 522//522
f 394//394 395//395 524//524
f 394//394 524//524 523//523
f 395//395 396//396 525//525
f 395//395 525//525 524//524
f 396//396 397//397 526//526
f 396//396 526//526 525//525
f 397//397 398//398 527//527
f 397//397 527//527 526//526
f 398//398 399//399 528//528
f 398//398 528//528 527//527
f 399//399 400//400 529//529
f 399//399 529//529 528//528
f 400//400 401//401 530//530
f 400//400 530//530 529//529
f 401//401 402//402 531//531
f 401//401 531//531 530//530
f 402//402 403//403 532//532
f 402//402 532//532 531//531
f 403//403 404//404 533//533
f 403//403 533//533 532//532
f 404//404 405//405 534//534
f 404//404 534//534 533//533
f 405//405 406//406 535//535
f 405//405 535//535 534//534
f 406//406 407//407 536//536
f 406//406 536//536 535//535
f 407//407 408//408 537//537
f 407//407 537//537 536//536
f 408//408 409//409 538//538
f 408//408 538//538 537//537
f 409//409 410//410 539//539
f 409//409 539//539 538//538
f 410//410 411//411 540//540
f 410//410 540//540 539//539
f 411//411 412//412 541//541
f 411//411 541//541 540//540
f 412//412 413//413 542//542
f 412//412 542//542 541//541
f 413//413 414//414 543//543
f 413//413 543//543 542//542
f 414//414 415//415 544//544
f 414//414 544//544 543//543
f 415//415 416//416 545//545
f 415//415 545//545 544//544
f 416//416 417//417 546//546
f 416//416 546//546 545//545
f 417//417 418//418 547//547
f 417//417 547//547 546//546
f 418//418 419//419 548//548
f 418//418 548//548 547//547
f 419//419 420//420 549//549
f 419//419 549//549 548//548
f 420//420 421//421 550//550
f 420//420 550//550 549//549
f 421//421 422//422 551//551
f 421//421 551//551 550//550
f 422//422 423//423 552//552
f 422//422 552//552 551//551
f 423//423 424//424 553//553
f 423//423 553//553 552//552
f 424//424 425//425 554//554
f 424//424 554//554 553//553
f 425//425 426//426 555//555
f 425//425 555//555 554//554
f 426//426 427//427 556//556
f 426//426 556//556 555//555
f 427//427 428//428 557//557
f 427//427 557//557 556//556
f 428//428 429//429 558//558
f 428//428 558//558 557//557
f 429//429 430//430 559//559
f 429//429 559//559 558//558
f 430//430 431//431 560//560
f 430//430 560//560 559//559
f 431//431 432//432 561//561
f 431//431 561//561 560//560
f 432//432 433//433 562//562
f 432//432 562//562 561//561
f 433//433 434//434 563//563
f 433//433 563//563 562//562
f 434//434 435//435 564//564
f 434//434 564//564 563//563
f 435//435 436//436 565//565
f 435//435 565//565 564//564
f 436//436 437//437 566//566
f 436//436 566//566 565//565
f 437//437 438//438 567//567
f 437//437 567//567 566//566
f 438//438 439//439 568//568
f 438//438 568//568 567//567
f 439//439 440//440 569//569
f 439//439 569//569 568//568
f 440//440 441//441 570//570
f 440//440 570//570 569//569
f 441//441 442//442 571//571
f 441//441 571//571 570//570
f 442//442 443//443 572//572
f 442//442 572//572 571//571
f 443//443 444//444 573//573
f 443//443 573//573 572//572
f 444//444 445//445 574//574
f 444//444 574//574 573//573
f 445//445 446//446 575//575
f 445//445 575//575 574//574
f 446//446 447//447 576//576
f 446//446 576//576 575//575
f 447//447 448//448 577//577
f 447//447 577//577 576//576
f 448//448 449//449 578//578
f 448//448 578//578 577//577
f 449//449 450//450 579//579
f 449//449 579//579 578//578
f 450//450 451//451 580//580
f 450//450 580//580 579//579
f 451//451 452//452 581//581
f 451//451 581//581 580//580
f 452//452 453//453 582//582
f 452//452 582//582 581//581
f 453//453 454//454 583//583
f 453//453 583//583 582//582
f 454//454 455//455 584//584
f 454//454 584//584 583//583
f 455//455 456//456 585//585
f 455//455 585//585 584//584
f 456//456 457//457 586//586
f 456//456 586//586 585//585
f 457//457 458//458 587//587
f 457//457 587//587 586//586
f 458//458 459//459 588//588
f 458//458 588//588 587//587
f 459//459 460//460 589//589
f 459//459 589//589 588//588
f 460//460 461//461 590//590
f 460//460 590//590 589//589
f 461//461 462//462 591//591
f 461//461 591//591 590//590
f 462//462 463//463 592//592
f 462//462 592//592 591//591
f 463//463 464//464 593//593
f 463//463 593//593 592//592
f 464//464 465//465 594//594
f 464//464 594//594 593//593
f 465//465 466//466 595//595
f 465//465 595//595 594//594
f 466//466 467//467 596//596
f 466//466 596//596 595//595
f 467//467 468//468 597//597
f 467//467 597//597 596//596
f 468//468 469//469 598//598
f 468//468 598//598 597//597
f 469//469 470//470 599//599
f 469//469 599//599 598//598
f 470//470 471//471 600//600
f 470//470 600//600 599//599
f 471//471 472//472 601//601
f 471//471 601//601 600//600
f 472//472 473//473 602//602
f 472//472 602//602 601//601
f 473//473 474//474 603//603
f 473//473 603//603 602//602
f 474//474 475//475 604//604
f 474//474 604//604 603//603
f 475//475 476//476 605//605
f 475//475 605//605 604//604
f 476//476 477//477 606//606
f 476//476 606//606 605//605
f 477//477 478//478 607//607
f 477//477 607//607 606//606
f 478//478 479//479 608//608
f 478//478 608//608 607//607
f 479//479 480//480 609//609
f 479//479 609//609 608//608
f 480//480 481//481 610//610
f 480//480 610//610 609//609
f 481//481 482//482 611//611
f 481//481 611//611 610//610
f 482//482 483//483 612//612
f 482//482 612//612 611//611
f 484//484 485//485 614//614
f 484//484 614//614 613//613
f 485//485 486//486 615//615
f 485//485 615//615 614//614
f 486//486 487//487 616//616
f 486//486 616//616 615//615
f 487//487 488//488 617//617
f 487//487 617//617 616//616
f 488//488 489//489 618//618
f 488//488 618//618 617//617
f 489//489 490//490 619//619
f 489//489 619//619 618//618
f 490//490 491//491 620//620
f 490//490 620//620 619//619
f 491//491 492//492 621//621
f 491//491 621//621 620//620
f 492//492 493//493 622//622
f 492//492 622//622 621//621
f 493//493 494//494 623//623
f 493//493 623//623 622//622
f 494//494 495//495 624//624
f 494//494 624//624 623//623
f 495//495 496//496 625//625
f 495//495 625//625 624//624
f 496//496 497//497 626//626
f 496//496 626//626 625//625
f 497//497 498//498 627//627
f 497//497 627//627 626//626
f 498//498 499//499 628//628
f 498//498 628//628 627//627
f 499//499 500//500 629//629
f 499//499 629//629 628//628
f 500//500 501//501 630//630
f 500//500 630//630 629//629
f 501//501 502//502 631//631
f 501//501 631//631 630//630
f 502//502 503//503 632//632
f 502//502 632//632 631//631
f 503//503 504//504 633//633
f 503//503 633//633 632//632
f 504//504 505//505 634//634
f 504//504 634//634 633//633
f 505//505 506//506 635//635
f 505//505 635//635 634//634
f 506//506 507//507 636//636
f 506//506 636//636 635//635
f 507//507 508//508 637//637
f 507//507 637//637 636//636
f 508//508 509//509 638//638
f 508//508 638//638 637//637
f 509//509 510//510 639//639
f 509//509 639//639 638//638
f 510//510 511//511 640//640
f 510//510 640//640 639//639
f 511//511 512//512 641//641
f 511//511 641//641 640//640
f 512//512 513//513 642//642
f 512//512 642//642 641//641
f 513//513 514//514 643//643
f 513//513 643//643 642//642
f 514//514 515//515 644//644
f 514//514 644//644 643//643
f 515//515 516//516 645//645
f 515//515 645//645 644//644
f 516//516 517//517 646//646
f 516//516 646//646 645//645
f 517//517 518//518 647//647
f 517//517 647//647 646//646
f 518//518 519//519 648//648
f 518//518 648//648 647//647
f 519//519 520//520 649//649
f 519//519 649//649 648//648
f 520//520 521//521 650//650
f 520//520 650//650 649//649
f 521//521 522//522 651//651
f 521//521 651//651 650//650
f 522//522 523//523 652//652
f 522//522 652//652 651//651
f 523//523 524//524 653//653
f 523//523 653//653 652//652
f 524//524 525//525 654//654
f 524//524 654//654 653//653
f 525//525 526//526 655//655
f 525//525 655//655 654//654
f 526//526 527//527 656//656
f 526//526 656//656 655//655
f 527//527 528//528 657//657
f 527//527 657//657 656//656
f 528//528 529//529 658//658
f 528//528 658//658 657//657
f 529//529 530//530 659//659
f 529//529 659//659 658//658
f 530//530 531//531 660//660
f 530//530 660//660 659//659
f 531//531 532//532 661//661
f 531//531 661//661 660//660
f 532//532 533//533 662//662
f 532//532 662//662 661//661
f 533//533 534//534 663//663
f 533//533 663//663 662//662
f 534//534 535//535 664//664
f 534//534 664//664 663//663
f 535//535 536//536 665//665
f 535//535 665//665 664//664
f 536//536 537//537 666//666
f 536//536 666//666 665//665
f 537//537 538//538 667//667
f 537//537 667//667 666//666
f 538//538 539//539 668//668
f 538//538 668//668 667//667
f 539//539 540//540 669//669
f 539//539 669//669 668//668
f 540//540 541//541 670//670
f 540//540 670//670 669//669
f 541//541 542//542 671//671
f 541//541 671//671 670//670
f 542//542 543//543 672//672
f 542//542 672//672 671//671
f 543//543 544//544 673//673
f 543//543 673//673 672//672
f 544//544 545//545 674//674
f 544//544 674//674 673//673
f 545//545 546//546 675//675
f 545//545 675//675 674//674
f 546//546 547//547 676//676
f 546//546 676//676 675//675
f 547//547 548//548 677//677
f 547//547 677//677 676//676
f 548//548 549//549 678//678
f 548//548 678//678 677//677
f 549//549 550//550 679//679
f 549//549 679//679 678//678
f 550//550 551//551 680//680
f 550//550 680//680 679//679
f 551//551 552//552 681//681
f 551//551 681//681 680//680
f 552//552 553//553 682//682
f 552//552 682//682 681//681
f 553//553 554//554 683//683
f 553//553 683//683 682//682
f 554//554 555//555 684//684
f 554//554 684//684 683//683
f 555//555 556//556 685//685
f 555//555 685//685 684//684
f 556//556 557//557 686//686
f 556//556 686//686 685//685
f 557//557 558//558 687//687
f 557//557 687//687 686//686
f 558//558 559//559 688//688
f 558//558 688//688 687//687
f 559//559 560//560 689//689
f 559//559 689//689 688//688
f 560//560 561//561 690//690
f 560//560 690//690 689//689
f 561//561 562//562 691//691
f 561//561 691//691 690//690
f 562//562 563//563 692//692
f 562//562 692//692 691//691
f 563//563 564//564 693//693
f 563//563 693//693 692//692
f 564//564 565//565 694//694
f 564//564 694//694 693//693
f 565//565 566//566 695//695
f 565//565 695//695 694//694
f 566//566 567//567 696//696
f 566//566 696//696 695//695
f 567//567 568//568 697//697
f 567//567 697//697 696//696
f 568//568 569//569 698//698
f 568//568 698//698 697//697
f 569//569 570//570 699//699
f 569//569 699//699 698//698
f 570//570 571//571 700//700
f 570//570 700//700 699//699
f 571//571 572//572 701//701
f 571//571 701//701 700//700
f 572//572 573//573 702//702
f 572//572 702//702 701//701
f 573//573 574//574 703//703
f 573//573 703//703 702//702
f 574//574 575//575 704//704
f 574//574 704//704 703//703
f 575//575 576//576 705//705
f 575//575 705//705 704//704
f 576//576 577//577 706//706
f 576//576 706//706 705//705
f 577//577 578//578 707//707
f 577//577 707//707 706//706
f 578//578 579//579 708//708
f 578//578 708//708 707//707
f 579//579 580//580 709//709
f 579//579 709//709 708//708
f 580//580 581//581 710//710
f 580//580 710//710 709//709
f 581//581 582//582 711//711
f 581//581 711//711 710//710
f 582//582 583//583 712//712
f 582//582 712//712 711//711
f 583//583 584//584 713//713
f 583//583 713//713 712//712
f 584//584 585//585 714//714
f 584//584 714//714 713//713
f 585//585 586//586 715//715
f 585//585 715//715 714//714
f 586//586 587//587 716//716
f 586//586 716//716 715//715
f 587//587 588//588 717//717
f 587//587 717//717 716//716
f 588//588 589//589 718//718
f 588//588 718//718 717//717
f 589//589 590//590 719//719
f 589//589 719//719 718//718
f 590//590 591//591 720//720
f 590//590 720//720 719//719
f 591//591 592//592 721//721
f 591//591 721//721 720//720
f 592//592 593//593 722//722
f 592//592 722//722 721//721
f 593//593 594//594 723//723
f 593//593 723//723 722//722
f 594//594 595//595 724//724
f 594//594 724//724 723//723
f 595//595 596//596 725//725
f 595//595 725//725 724//724
f 596//596 597//597 726//726
f 596//596 726//726 725//725
f 597//597 598//598 727//727
f 597//597 727//727 726//726
f 598//598 599//599 728//728
f 598//598 728//728 727//727
f 599//599 600//600 729//729
f 599//599 729//729 728//728
f 600//600 601//601 730//730
f 600//600 730//730 729//729
f 601//601 602//602 731//731
f 601//601 731//731 730//730
f 602//602 603//603 732//732
f 602//602 732//732 731//731
f 603//603 604//604 733//733
f 603//603 733//733 732//732
f 604//604 605//605 734//734
f 604//604 734//734 733//733
f 605//605 606//606 735//735
f 605//605 735//735 734//734
f 606//606 607//607 736//736
f 606//606 736//736 735//735
f 607//607 608//608 737//737
f 607//607 737//737 736//736
f 608//608 609//609 738//738
f 608//608 738//738 737//737
f 609//609 610//610 739//739
f 609//609 739//739 738//738
f 610//610 611//611 740//740
f 610//610 740//740 739//739
f 611//611 612//612 741//741
f 611//611 741//741 740//740
v 0.53 0.28 0.42
v 0.530418 0.28 0.438724
v 0.531699 0.28 0.457739
v 0.533885 0.28 0.476992
v 0.537012 0.28 0.496424
v 0.541112 0.28 0.515972
v 0.546212 0.28 0.535566
v 0.552333 0.28 0.555134
v 0.559489 0.28 0.5746
v 0.567685 0.28 0.593883
v 0.576921 0.28 0.612904
v 0.587186 0.28 0.631579
v 0.598462 0.28 0.649828
v 0.610722 0.28 0.667569
v 0.623932 0.28 0.684725
v 0.638046 0.28 0.70122
v 0.653015 0.28 0.716985
v 0.66878 0.28 0.731954
v 0.685275 0.28 0.746068
v 0.702431 0.28 0.759278
v 0.720172 0.28 0.771538
v 0.738421 0.28 0.782814
v 0.757096 0.28 0.793079
v 0.776117 0.28 0.802315
v 0.7954 0.28 0.810511
v 0.814866 0.28 0.817667
v 0.834434 0.28 0.823788
v 0.854028 0.28 0.828888
v 0.873576 0.28 0.832988
v 0.893008 0.28 0.836115
v 0.912261 0.28 0.838301
v 0.931276 0.28 0.839582
v 0.95 0.28 0.84
v 0.968724 0.28 0.839582
v 0.987739 0.28 0.838301
v 1.00699 0.28 0.836115
v 1.02642 0.28 0.832988
v 1.04597 0.28 0.828888
v 1.06557 0.28 0.823788
v 1.08513 0.28 0.817667
v 1.1046 0.28 0.810511
v 1.12388 0.28 0.802315
v 1.1429 0.28 0.793079
v 1.16158 0.28 0.782814
v 1.17983 0.28 0.771538
v 1.19757 0.28 0.759278
v 1.21473 0.28 0.746068
v 1.23122 0.28 0.731954
v 1.24698 0.28 0.716985
v 1.26195 0.28 0.70122
v 1.27607 0.28 0.684725
v 1.28928 0.28 0.667569
v 1.30154 0.28 0.649828
v 1.31281 0.28 0.631579
v 1.32308 0.28 0.612904
v 1.33231 0.28 0.593883
v 1.34051 0.28 0.5746
v 1.34767 0.28 0.555134
v 1.35379 0.28 0.535566
v 1.35889 0.28 0.515972
v 1.36299 0.28 0.496424
v 1.36612 0.28 0.476992
v 1.3683 0.28 0.457739
v 1.36958 0.28 0.438724
v 1.37 0.28 0.42
v 1.36958 0.28 0.401276
v 1.3683 0.28 0.382261
v 1.36612 0.28 0.363008
v 1.36299 0.28 0.343576
v 1.35889 0.28 0.324028
v 1.35379 0.28 0.304434
v 1.34767 0.28 0.284866
v 1.34051 0.28 0.2654
v 1.33231 0.28 0.246117
v 1.32308 0.28 0.227096
v 1.31281 0.28 0.208421
v 1.30154 0.28 0.190172
v 1.28928 0.28 0.172431
v 1.27607 0.28 0.155275
v 1.26195 0.28 0.13878
v 1.24698 0.28 0.123015
v 1.23122 0.28 0.108046
v 1.21473 0.28 0.0939317
v 1.19757 0.28 0.0807223
v 1.17983 0.28 0.0684619
v 1.16158 0.28 0.0571857
v 1.1429 0.28 0.0469207
v 1.12388 0.28 0.0376852
v 1.1046 0.28 0.0294889
v 1.08513 0.28 0.0223335
v 1.06557 0.28 0.0162124
v 1.04597 0.28 0.0111121
v 1.02642 0.28 0.00701175
v 1.00699 0.28 0.00388475
v 0.987739 0.28 0.00169894
v 0.968724 0.28 0.000417561
v 0.95 0.28 5.55112e-17
v 0.931276 0.28 0.000417561
v 0.912261 0.28 0.00169894
v 0.893008 0.28 0.00388475
v 0.873576 0.28 0.00701175
v 0.854028 0.28 0.0111121
v 0.834434 0.28 0.0162124
v 0.814866 0.28 0.0223335
v 0.7954 0.28 0.0294889
v 0.776117 0.28 0.0376852
v 0.757096 0.28 0.0469207
v 0.738421 0.28 0.0571857
v 0.720172 0.28 0.0684619
v 0.702431 0.28 0.0807223
v 0.685275 0.28 0.0939317
v 0.66878 0.28 0.108046
v 0.653015 0.28 0.123015
v 0.638046 0.28 0.13878
v 0.623932 0.28 0.155275
v 0.610722 0.28 0.172431
v 0.598462 0.28 0.190172
v 0.587186 0.28 0.208421
v 0.576921 0.28 0.227096
v 0.567685 0.28 0.246117
v 0.559489 0.28 0.2654
v 0.552333 0.28 0.284866
v 0.546212 0.28 0.304434
v 0.541112 0.28 0.324028
v 0.537012 0.28 0.343576
v 0.533885 0.28 0.363008
v 0.531699 0.28 0.382261
v 0.530418 0.28 0.401276
vn 0 1 -0
vn 0 1 -0
vn 0 1 -0
vn 3.10862e-17 1 -0
vn 0 1 -0
vn 5.88418e-17 1 -0
vn 2.77556e-17 1 -0
vn -2.77556e-17 1 0
vn -2.77556e-17 1 0
vn 0 1 -0
vn -2.77556e-17 1 0
vn -3.10862e-17 1 0
vn 3.33067e-18 1 -0
vn -2.77556e-17 1 0
vn -2.77556e-17 1 0
vn 0 1 -0
vn 5.88418e-17 1 -0
vn 3.10862e-17 1 -0
vn 0 1 -0
vn 0 1 -0
vn -3.10862e-17 1 0
vn 0 1 -0
vn 0 1 -0
vn 3.10862e-17 1 -0
vn 0 1 -0
vn 6.21725e-17 1 -0
vn 0 1 -0
vn 0 1 -0
vn 0 1 -0
vn 0 1 -0
vn 0 1 -0
vn 0 1 -0
vn 0 1 -0
vn 0 1 -0
vn 0 1 -0
vn 0 1 -0
vn 0 1 -0
vn 0 1 -0
vn 0 1 -0
vn 0 1 -0
vn 0 1 -0
vn 3.10862e-17 1 -0
vn 5.55112e-17 1 -0
vn 3.10862e-17 1 -0
vn 3.10862e-17 1 -0
vn 0 1 -0
vn 0 1 -0
vn 3.10862e-17 1 -0
vn -2.77556e-17 1 0
vn 0 1 -0
vn 0 1 -0
vn 0 1 -0
vn 3.33067e-18 1 -0
vn -3.10862e-17 1 0
vn 3.10862e-17 1 -0
vn 0 1 -0
vn 2.77556e-17 1 -0
vn -2.77556e-17 1 0
vn 2.77556e-17 1 -0
vn 5.88418e-17 1 -0
vn 0 1 -0
vn 3.33067e-18 1 -0
vn 0 1 -0
vn 0 1 -0
vn 3.33067e-18 1 -0
vn 0 1 -0
vn 0 1 -0
vn 4.32987e-17 1 -0
vn 0 1 -0
vn -3.33067e-18 1 0
vn 1.38778e-17 1 -0
vn 1.55431e-17 1 -0
vn -1.38778e-17 1 0
vn 0 1 -0
vn 1.66533e-18 1 -0
vn -1.66533e-18 1 0
vn 3.33067e-18 1 -0
vn -1.66533e-18 1 0
vn -1.9984e-17 1 0
vn -1.30451e-17 1 0
vn 3.63598e-17 1 -0
vn -1.22125e-17 1 0
vn 2.08167e-17 1 -0
vn 3.63598e-17 1 -0
vn -1.66533e-18 1 0
vn 2.08167e-17 1 -0
vn -1.34615e-17 1 0
vn 2.41474e-17 1 -0
vn -1.65146e-17 1 0
vn 1.51268e-17 1 -0
vn 1.47105e-17 1 -0
vn 3.05311e-17 1 -0
vn 2.31759e-17 1 -0
vn 5.13478e-18 1 -0
vn 5.01682e-17 1 -0
vn 5.51642e-17 1 -0
vn -1.69309e-17 1 0
vn -7.91034e-18 1 0
vn -1.20043e-17 1 0
vn 5.96745e-18 1 -0
vn 2.2482e-17 1 -0
vn 2.94209e-17 1 -0
vn 1.67921e-17 1 -0
vn 1.67921e-17 1 -0
vn 9.99201e-18 1 -0
vn 4.80171e-17 1 -0
vn 1.04083e-17 1 -0
vn -1.08247e-17 1 0
vn -3.55271e-17 1 0
vn 1.66533e-18 1 -0
vn -4.32987e-17 1 0
vn 9.4369e-18 1 -0
vn 3.71925e-17 1 -0
vn -1.9984e-17 1 0
vn -1.9984e-17 1 0
vn -1.38778e-17 1 0
vn -1.55431e-17 1 0
vn 0 1 -0
vn -1.22125e-17 1 0
vn 1.66533e-18 1 -0
vn 1.55431e-17 1 -0
vn 3.33067e-18 1 -0
vn -1.66533e-18 1 0
vn -1.38778e-17 1 0
vn 0 1 -0
vn 3.10862e-17 1 -0
vn -2.77556e-17 1 0
vn 3.33067e-18 1 -0
g WheelFL_f1
usemtl rubber
f 869//869 742//742 743//743
f 869//869 743//743 744//744
f 869//869 744//744 745//745
f 869//869 745//745 746//746
f 869//869 746//746 747//747
f 869//869 747//747 748//748
f 869//869 748//748 749//749
f 869//869 749//749 750//750
f 869//869 750//750 751//751
f 869//869 751//751 752//752
f 869//869 752//752 753//753
f 869//869 753//753 754//754
f 869//869 754//754 755//755
f 869//869 755//755 756//756
f 869//869 756//756 757//757
f 869//869 757//757 758//758
f 869//869 758//758 759//759
f 869//869 759//759 760//760
f 869//869 760//760 761//761
f 869//869 761//761 762//762
f 869//869 762//762 763//763
f 869//869 763//763 764//764
f 869//869 764//764 765//765
f 869//869 765//765 766//766
f 869//869 766//766 767//767
f 869//869 767//767 768//768
f 869//869 768//768 769//769
f 869//869 769//769 770//770
f 869//869 770//770 771//771
f 869//869 771//771 772//772
f 869//869 772//772 773//773
f 869//869 773//773 774//774
f 869//869 774//774 775//775
f 869//869 775//775 776//776
f 869//869 776//776 777//777
f 869//869 777//777 778//778
f 869//869 778//778 779//779
f 869//869 779//779 780//780
f 869//869 780//780 781//781
f 869//869 781//781 782//782
f 869//869 782//782 783//783
f 869//869 783//783 784//784
f 869//869 784//784 785//785
f 869//869 785//785 786//786
f 869//869 786//786 787//787
f 869//869 787//787 788//788
f 869//869 788//788 789//789
f 869//869 789//789 790//790
f 869//869 790//790 791//791
f 869//869 791//791 792//792
f 869//869 792//792 793//793
f 869//869 793//793 794//794
f 869//869 794//794 795//795
f 869//869 795//795 796//796
f 869//869 796//796 797//797
f 869//869 797//797 798//798
f 869//869 798//798 799//799
f 869//869 799//799 800//800
f 869//869 800//800 801//801
f 869//869 801//801 802//802
f 869//869 802//802 803//803
f 869//869 803//803 804//804
f 869//869 804//804 805//805
f 869//869 805//805 806//806
f 869//869 806//806 807//807
f 869//869 807//807 808//808
f 869//869 808//808 809//809
f 869//869 809//809 810//810
f 869//869 810//810 811//811
f 869//869 811//811 812//812
f 869//869 812//812 813//813
f 869//869 813//813 814//814
f 869//869 814//814 815//815
f 869//869 815//815 816//816
f 869//869 816//816 817//817
f 869//869 817//817 818//818
f 869//869 818//818 819//819
f 869//869 819//819 820//820
f 869//869 820//820 821//821
f 869//869 821//821 822//822
f 869//869 822//822 823//823
f 869//869 823//823 824//824
f 869//869 824//824 825//825
f 869//869 825//825 826//826
f 869//869 826//826 827//827
f 869//869 827//827 828//828
f 869//869 828//828 829//829
f 869//869 829//829 830//830
f 869//869 830//830 831//831
f 869//869 831//831 832//832
f 869//869 832//832 833//833
f 869//869 833//833 834//834
f 869//869 834//834 835//835
f 869//869 835//835 836//836
f 869//869 836//836 837//837
f 869//869 837//837 838//838
f 869//869 838//838 839//839
f 869//869 839//839 840//840
f 869//869 840//840 841//841
f 869//869 841//841 842//842
f 869//869 842//842 843//843
f 869//869 843//843 844//844
f 869//869 844//844 845//845
f 869//869 845//845 846//846
f 869//869 846//846 847//847
f 869//869 847//847 848//848
f 869//869 848//848 849//849
f 869//869 849//849 850//850
f 869//869 850//850 851//851
f 869//869 851//851 852//852
f 869//869 852//852 853//853
f 869//869 853//853 854//854
f 869//869 854//854 855//855
f 869//869 855//855 856//856
f 869//869 856//856 857//857
f 869//869 857//857 858//858
f 869//869 858//858 859//859
f 869//869 859//859 860//860
f 869//869 860//860 861//861
f 869//869 861//861 862//862
f 869//869 862//862 863//863
f 869//869 863//863 864//864
f 869//869 864//864 865//865
f 869//869 865//865 866//866
f 869//869 866//866 867//867
f 867//867 868//868 869//869
v 0.53 -0.06 0.42
v 0.530418 -0.06 0.401276
v 0.531699 -0.06 0.382261
v 0.533885 -0.06 0.363008
v 0.537012 -0.06 0.343576
v 0.541112 -0.06 0.324028
v 0.546212 -0.06 0.304434
v 0.552333 -0.06 0.284866
v 0.559489 -0.06 0.2654
v 0.567685 -0.06 0.246117
v 0.576921 -0.06 0.227096
v 0.587186 -0.06 0.208421
v 0.598462 -0.06 0.190172
v 0.610722 -0.06 0.172431
v 0.623932 -0.06 0.155275
v 0.638046 -0.06 0.13878
v 0.653015 -0.06 0.123015
v 0.66878 -0.06 0.108046
v 0.685275 -0.06 0.0939317
v 0.702431 -0.06 0.0807223
v 0.720172 -0.06 0.0684619
v 0.738421 -0.06 0.0571857
v 0.757096 -0.06 0.0469207
v 0.776117 -0.06 0.0376852
v 0.7954 -0.06 0.0294889
v 0.814866 -0.06 0.0223335
v 0.834434 -0.06 0.0162124
v 0.854028 -0.06 0.0111121
v 0.873576 -0.06 0.00701175
v 0.893008 -0.06 0.00388475
v 0.912261 -0.06 0.00169894
v 0.931276 -0.06 0.000417561
v 0.95 -0.06 5.55112e-17
v 0.968724 -0.06 0.000417561
v 0.987739 -0.06 0.00169894
v 1.00699 -0.06 0.00388475
v 1.02642 -0.06 0.00701175
v 1.04597 -0.06 0.0111121
v 1.06557 -0.06 0.0162124
v 1.08513 -0.06 0.0223335
v 1.1046 -0.06 0.0294889
v 1.12388 -0.06 0.0376852
v 1.1429 -0.06 0.0469207
v 1.16158 -0.06 0.0571857
v 1.17983 -0.06 0.0684619
v 1.19757 -0.06 0.0807223
v 1.21473 -0.06 0.0939317
v 1.23122 -0.06 0.108046
v 1.24698 -0.06 0.123015
v 1.26195 -0.06 0.13878
v 1.27607 -0.06 0.155275
v 1.28928 -0.06 0.172431
v 1.30154 -0.06 0.190172
v 1.31281 -0.06 0.208421
v 1.32308 -0.06 0.227096
v 1.33231 -0.06 0.246117
v 1.34051 -0.06 0.2654
v 1.34767 -0.06 0.284866
v 1.35379 -0.06 0.304434
v 1.35889 -0.06 0.324028
v 1.36299 -0.06 0.343576
v 1.36612 -0.06 0.363008
v 1.3683 -0.06 0.382261
v 1.36958 -0.06 0.401276
v 1.37 -0.06 0.42
v 1.36958 -0.06 0.438724
v 1.3683 -0.06 0.457739
v 1.36612 -0.06 0.476992
v 1.36299 -0.06 0.496424
v 1.35889 -0.06 0.515972
v 1.35379 -0.06 0.535566
v 1.34767 -0.06 0.555134
v 1.34051 -0.06 0.5746
v 1.33231 -0.06 0.593883
v 1.32308 -0.06 0.612904
v 1.31281 -0.06 0.631579
v 1.30154 -0.06 0.649828
v 1.28928 -0.06 0.667569
v 1.27607 -0.06 0.684725
v 1.26195 -0.06 0.70122
v 1.24698 -0.06 0.716985
v 1.23122 -0.06 0.731954
v 1.21473 -0.06 0.746068
v 1.19757 -0.06 0.759278
v 1.17983 -0.06 0.771538
v 1.16158 -0.06 0.782814
v 1.1429 -0.06 0.793079
v 1.12388 -0.06 0.802315
v 1.1046 -0.06 0.810511
v 1.08513 -0.06 0.817667
v 1.06557 -0.06 0.823788
v 1.04597 -0.06 0.828888
v 1.02642 -0.06 0.832988
v 1.00699 -0.06 0.836115
v 0.987739 -0.06 0.838301
v 0.968724 -0.06 0.839582
v 0.95 -0.06 0.84
v 0.931276 -0.06 0.839582
v 0.912261 -0.06 0.838301
v 0.893008 -0.06 0.836115
v 0.873576 -0.06 0.832988
v 0.854028 -0.06 0.828888
v 0.834434 -0.06 0.823788
v 0.814866 -0.06 0.817667
v 0.7954 -0.06 0.810511
v 0.776117 -0.06 0.802315
v 0.757096 -0.06 0.793079
v 0.738421 -0.06 0.782814
v 0.720172 -0.06 0.771538
v 0.702431 -0.06 0.759278
v 0.685275 -0.06 0.746068
v 0.66878 -0.06 0.731954
v 0.653015 -0.06 0.716985
v 0.638046 -0.06 0.70122
v 0.623932 -0.06 0.684725
v 0.610722 -0.06 0.667569
v 0.598462 -0.06 0.649828
v 0.587186 -0.06 0.631579
v 0.576921 -0.06 0.612904
v 0.567685 -0.06 0.593883
v 0.559489 -0.06 0.5746
v 0.552333 -0.06 0.555134
v 0.546212 -0.06 0.535566
v 0.541112 -0.06 0.515972
v 0.537012 -0.06 0.496424
v 0.533885 -0.06 0.476992
v 0.531699 -0.06 0.457739
v 0.530418 -0.06 0.438724
vn 0 -1 0
vn 6.93889e-18 -1 0
vn 6.93889e-18 -1 0
vn 1.38778e-19 -1 0
vn 3.46945e-18 -1 0
vn 3.46945e-18 -1 0
vn -6.80012e-18 -1 0
vn -1.02696e-17 -1 0
vn 1.36002e-17 -1 0
vn 3.19189e-18 -1 0
vn 6.93889e-18 -1 0
vn 1.38778e-19 -1 0
vn 3.33067e-18 -1 0
vn 1.8735e-18 -1 0
vn -6.8695e-18 -1 0
vn 4.996e-18 -1 0
vn -6.8695e-18 -1 0
vn 5.27356e-18 -1 0
vn 3.40006e-18 -1 0
vn -6.8695e-18 -1 0
vn -6.8695e-18 -1 0
vn 1.8735e-18 -1 0
vn 3.46945e-18 -1 0
vn 1.94289e-18 -1 0
vn 9.02056e-19 -1 0
vn 5.89806e-19 -1 0
vn 1.07553e-18 -1 0
vn -9.00321e-18 -1 0
vn -9.78384e-18 -1 0
vn -8.91648e-18 -1 0
vn 5.79398e-18 -1 0
vn 4.11129e-18 -1 0
vn -6.03684e-18 -1 0
vn -9.26342e-18 -1 0
vn -7.5287e-18 -1 0
vn -8.96852e-18 -1 0
vn 4.3715e-18 -1 0
vn 4.83988e-18 -1 0
vn 9.02056e-19 -1 0
vn 9.71445e-19 -1 0
vn 9.71445e-19 -1 0
vn 1.49186e-18 -1 0
vn 3.50414e-18 -1 0
vn 1.66533e-18 -1 0
vn 6.80012e-18 -1 0
vn -6.8695e-18 -1 0
vn 3.60822e-18 -1 0
vn 4.92661e-18 -1 0
vn 2.08167e-19 -1 0
vn 5.13478e-18 -1 0
vn 1.80411e-18 -1 0
vn 1.73472e-18 -1 0
vn -1.01308e-17 -1 0
vn 3.33067e-18 -1 0
vn -6.80012e-18 -1 0
vn 3.46945e-18 -1 0
vn 0 -1 0
vn 3.33067e-18 -1 0
vn 1.38778e-19 -1 0
vn -1.01308e-17 -1 0
vn 3.46945e-18 -1 0
vn -1.36002e-17 -1 0
vn -6.93889e-18 -1 0
vn -6.93889e-18 -1 0
vn -1.36002e-17 -1 0
vn -6.66134e-18 -1 0
vn -6.93889e-18 -1 0
vn -1.36002e-17 -1 0
vn 6.93889e-18 -1 0
vn -1.36002e-17 -1 0
vn 1.36002e-17 -1 0
vn -6.93889e-18 -1 0
vn 6.93889e-18 -1 0
vn 0 -1 0
vn 0 -1 0
vn 6.66134e-18 -1 0
vn -6.66134e-18 -1 0
vn 0 -1 0
vn 0 -1 0
vn 6.93889e-18 -1 0
vn -6.66134e-18 -1 0
vn -1.36002e-17 -1 0
vn 6.93889e-18 -1 0
vn 6.93889e-18 -1 0
vn 6.66134e-18 -1 0
vn 6.93889e-18 -1 0
vn 0 -1 0
vn 2.77556e-19 -1 0
vn 0 -1 0
vn -2.02616e-17 -1 0
vn -6.93889e-18 -1 0
vn 6.93889e-18 -1 0
vn -6.93889e-18 -1 0
vn 6.93889e-18 -1 0
vn -6.93889e-18 -1 0
vn -6.93889e-18 -1 0
vn 6.93889e-18 -1 0
vn 0 -1 0
vn -6.93889e-18 -1 0
vn 0 -1 0
vn 6.93889e-18 -1 0
vn 6.93889e-18 -1 0
vn -2.02616e-17 -1 0
vn 0 -1 0
vn -6.93889e-18 -1 0
vn 2.77556e-19 -1 0
vn 0 -1 0
vn -1.36002e-17 -1 0
vn 6.66134e-18 -1 0
vn 0 -1 0
vn 6.93889e-18 -1 0
vn -6.66134e-18 -1 0
vn -6.66134e-18 -1 0
vn -6.93889e-18 -1 0
vn 0 -1 0
vn 6.93889e-18 -1 0
vn -1.36002e-17 -1 0
vn 6.66134e-18 -1 0
vn -1.36002e-17 -1 0
vn -6.93889e-18 -1 0
vn 0 -1 0
vn -1.36002e-17 -1 0
vn 0 -1 0
vn -6.66134e-18 -1 0
vn 6.93889e-18 -1 0
vn 2.77556e-19 -1 0
vn -6.93889e-18 -1 0
vn -6.93889e-18 -1 0
g WheelFL_f2
usemtl rubber
f 997//997 870//870 871//871
f 997//997 871//871 872//872
f 997//997 872//872 873//873
f 997//997 873//873 874//874
f 997//997 874//874 875//875
f 997//997 875//875 876//876
f 997//997 876//876 877//877
f 997//997 877//877 878//878
f 997//997 878//878 879//879
f 997//997 879//879 880//880
f 997//997 880//880 881//881
f 997//997 881//881 882//882
f 997//997 882//882 883//883
f 997//997 883//883 884//884
f 997//997 884//884 885//885
f 997//997 885//885 886//886
f 997//997 886//886 887//887
f 997//997 887//887 888//888
f 997//997 888//888 889//889
f 997//997 889//889 890//890
f 997//997 890//890 891//891
f 997//997 891//891 892//892
f 997//997 892//892 893//893
f 997//997 893//893 894//894
f 997//997 894//894 895//895
f 997//997 895//895 896//896
f 997//997 896//896 897//897
f 997//997 897//897 898//898
f 997//997 898//898 899//899
f 997//997 899//899 900//900
f 997//997 900//900 901//901
f 997//997 901//901 902//902
f 997//997 902//902 903//903
f 997//997 903//903 904//904
f 997//997 904//904 905//905
f 997//997 905//905 906//906
f 997//997 906//906 907//907
f 997//997 907//907 908//908
f 997//997 908//908 909//909
f 997//997 909//909 910//910
f 997//997 910//910 911//911
f 997//997 911//911 912//912
f 997//997 912//912 913//913
f 997//997 913//913 914//914
f 997//997 914//914 915//915
f 997//997 915//915 916//916
f 997//997 916//916 917//917
f 997//997 917//917 918//918
f 997//997 918//918 919//919
f 997//997 919//919 920//920
f 997//997 920//920 921//921
f 997//997 921//921 922//922
f 997//997 922//922 923//923
f 997//997 923//923 924//924
f 997//997 924//924 925//925
f 997//997 925//925 926//926
f 997//997 926//926 927//927
f 997//997 927//927 928//928
f 997//997 928//928 929//929
f 997//997 929//929 930//930
f 997//997 930//930 931//931
f 997//997 931//931 932//932
f 997//997 932//932 933//933
f 997//997 933//933 934//934
f 997//997 934//934 935//935
f 997//997 935//935 936//936
f 997//997 936//936 937//937
f 997//997 937//937 938//938
f 997//997 938//938 939//939
f 997//997 939//939 940//940
f 997//997 940//940 941//941
f 997//997 941//941 942//942
f 997//997 942//942 943//943
f 997//997 943//943 944//944
f 997//997 944//944 945//945
f 997//997 945//945 946//946
f 997//997 946//946 947//947
f 997//997 947//947 948//948
f 997//997 948//948 949//949
f 997//997 949//949 950//950
f 997//997 950//950 951//951
f 997//997 951//951 952//952
f 997//997 952//952 953//953
f 997//997 953//953 954//954
f 997//997 954//954 955//955
f 997//997 955//955 956//956
f 997//997 956//956 957//957
f 997//997 957//957 958//958
f 997//997 958//958 959//959
f 997//997 959//959 960//960
f 997//997 960//960 961//961
f 997//997 961//961 962//962
f 997//997 962//962 963//963
f 997//997 963//963 964//964
f 997//997 964//964 965//965
f 997//997 965//965 966//966
f 997//997 966//966 967//967
f 997//997 967//967 968//968
f 997//997 968//968 969//969
f 997//997 969//969 970//970
f 997//997 970//970 971//971
f 997//997 971//971 972//972
f 997//997 972//972 973//973
f 997//997 973//973 974//974
f 997//997 974//974 975//975
f 997//997 975//975 976//976
f 997//997 976//976 977//977
f 997//997 977//977 978//978
f 997//997 978//978 979//979
f 997//997 979//979 980//980
f 997//997 980//980 981//981
f 997//997 981//981 982//982
f 997//997 982//982 983//983
f 997//997 983//983 984//984
f 997//997 984//984 985//985
f 997//997 985//985 986//986
f 997//997 986//986 987//987
f 997//997 987//987 988//988
f 997//997 988//988 989//989
f 997//997 989//989 990//990
f 997//997 990//990 991//991
f 997//997 991//991 992//992
f 997//997 992//992 993//993
f 997//997 993//993 994//994
f 997//997 994//994 995//995
f 995//995 996//996 997//997
o WheelFR
v 0.53 1.72 0.42
v 0.530418 1.72 0.438724
v 0.531699 1.72 0.457739
v 0.533885 1.72 0.476992
v 0.537012 1.72 0.496424
v 0.541112 1.72 0.515972
v 0.546212 1.72 0.535566
v 0.552333 1.72 0.555134
v 0.559489 1.72 0.5746
v 0.567685 1.72 0.593883
v 0.576921 1.72 0.612904
v 0.587186 1.72 0.631579
v 0.598462 1.72 0.649828
v 0.610722 1.72 0.667569
v 0.623932 1.72 0.684725
v 0.638046 1.72 0.70122
v 0.653015 1.72 0.716985
v 0.66878 1.72 0.731954
v 0.685275 1.72 0.746068
v 0.702431 1.72 0.759278
v 0.720172 1.72 0.771538
v 0.738421 1.72 0.782814
v 0.757096 1.72 0.793079
v 0.776117 1.72 0.802315
v 0.7954 1.72 0.810511
v 0.814866 1.72 0.817667
v 0.834434 1.72 0.823788
v 0.854028 1.72 0.828888
v 0.873576 1.72 0.832988
v 0.893008 1.72 0.836115
v 0.912261 1.72 0.838301
v 0.931276 1.72 0.839582
v 0.95 1.72 0.84
v 0.968724 1.72 0.839582
v 0.987739 1.72 0.838301
v 1.00699 1.72 0.836115
v 1.02642 1.72 0.832988
v 1.04597 1.72 0.828888
v 1.06557 1.72 0.823788
v 1.08513 1.72 0.817667
v 1.1046 1.72 0.810511
v 1.12388 1.72 0.802315
v 1.1429 1.72 0.793079
v 1.16158 1.72 0.782814
v 1.17983 1.72 0.771538
v 1.19757 1.72 0.759278
v 1.21473 1.72 0.746068
v 1.23122 1.72 0.731954
v 1.24698 1.72 0.716985
v 1.26195 1.72 0.70122
v 1.27607 1.72 0.684725
v 1.28928 1.72 0.667569
v 1.30154 1.72 0.649828
v 1.31281 1.72 0.631579
v 1.32308 1.72 0.612904
v 1.33231 1.72 0.593883
v 1.34051 1.72 0.5746
v 1.34767 1.72 0.555134
v 1.35379 1.72 0.535566
v 1.35889 1.72 0.515972
v 1.36299 1.72 0.496424
v 1.36612 1.72 0.476992
v 1.3683 1.72 0.457739
v 1.36958 1.72 0.438724
v 1.37 1.72 0.42
v 1.36958 1.72 0.401276
v 1.3683 1.72 0.382261
v 1.36612 1.72 0.363008
v 1.36299 1.72 0.343576
v 1.35889 1.72 0.324028
v 1.35379 1.72 0.304434
v 1.34767 1.72 0.284866
v 1.34051 1.72 0.2654
v 1.33231 1.72 0.246117
v 1.32308 1.72 0.227096
v 1.31281 1.72 0.208421
v 1.30154 1.72 0.190172
v 1.28928 1.72 0.172431
v 1.27607 1.72 0.155275
v 1.26195 1.72 0.13878
v 1.24698 1.72 0.123015
v 1.23122 1.72 0.108046
v 1.21473 1.72 0.0939317
v 1.19757 1.72 0.0807223
v 1.17983 1.72 0.0684619
v 1.16158 1.72 0.0571857
v 1.1429 1.72 0.0469207
v 1.12388 1.72 0.0376852
v 1.1046 1.72 0.0294889
v 1.08513 1.72 0.0223335
v 1.06557 1.72 0.0162124
v 1.04597 1.72 0.0111121
v 1.02642 1.72 0.00701175
v 1.00699 1.72 0.00388475
v 0.987739 1.72 0.00169894
v 0.968724 1.72 0.000417561
v 0.95 1.72 5.55112e-17
v 0.931276 1.72 0.000417561
v 0.912261 1.72 0.00169894
v 0.893008 1.72 0.00388475
v 0.873576 1.72 0.00701175
v 0.854028 1.72 0.0111121
v 0.834434 1.72 0.0162124
v 0.814866 1.72 0.0223335
v 0.7954 1.72 0.0294889
v 0.776117 1.72 0.0376852
v 0.757096 1.72 0.0469207
v 0.738421 1.72 0.0571857
v 0.720172 1.72 0.0684619
v 0.702431 1.72 0.0807223
v 0.685275 1.72 0.0939317
v 0.66878 1.72 0.108046
v 0.653015 1.72 0.123015
v 0.638046 1.72 0.13878
v 0.623932 1.72 0.155275
v 0.610722 1.72 0.172431
v 0.598462 1.72 0.190172
v 0.587186 1.72 0.208421
v 0.576921 1.72 0.227096
v 0.567685 1.72 0.246117
v 0.559489 1.72 0.2654
v 0.552333 1.72 0.284866
v 0.546212 1.72 0.304434
v 0.541112 1.72 0.324028
v 0.537012 1.72 0.343576
v 0.533885 1.72 0.363008
v 0.531699 1.72 0.382261
v 0.530418 1.72 0.401276
v 0.53 1.72 0.42
v 0.53 1.89 0.42
v 0.530418 1.89 0.438724
v 0.531699 1.89 0.457739
v 0.533885 1.89 0.476992
v 0.537012 1.89 0.496424
v 0.541112 1.89 0.515972
v 0.546212 1.89 0.535566
v 0.552333 1.89 0.555134
v 0.559489 1.89 0.5746
v 0.567685 1.89 0.593883
v 0.576921 1.89 0.612904
v 0.587186 1.89 0.631579
v 0.598462 1.89 0.649828
v 0.610722 1.89 0.667569
v 0.623932 1.89 0.684725
v 0.638046 1.89 0.70122
v 0.653015 1.89 0.716985
v 0.66878 1.89 0.731954
v 0.685275 1.89 0.746068
v 0.702431 1.89 0.759278
v 0.720172 1.89 0.771538
v 0.738421 1.89 0.782814
v 0.757096 1.89 0.793079
v 0.776117 1.89 0.802315
v 0.7954 1.89 0.810511
v 0.814866 1.89 0.817667
v 0.834434 1.89 0.823788
v 0.854028 1.89 0.828888
v 0.873576 1.89 0.832988
v 0.893008 1.89 0.836115
v 0.912261 1.89 0.838301
v 0.931276 1.89 0.839582
v 0.95 1.89 0.84
v 0.968724 1.89 0.839582
v 0.987739 1.89 0.838301
v 1.00699 1.89 0.836115
v 1.02642 1.89 0.832988
v 1.04597 1.89 0.828888
v 1.06557 1.89 0.823788
v 1.08513 1.89 0.817667
v 1.1046 1.89 0.810511
v 1.12388 1.89 0.802315
v 1.1429 1.89 0.793079
v 1.16158 1.89 0.782814
v 1.17983 1.89 0.771538
v 1.19757 1.89 0.759278
v 1.21473 1.89 0.746068
v 1.23122 1.89 0.731954
v 1.24698 1.89 0.716985
v 1.26195 1.89 0.70122
v 1.27607 1.89 0.684725
v 1.28928 1.89 0.667569
v 1.30154 1.89 0.649828
v 1.31281 1.89 0.631579
v 1.32308 1.89 0.612904
v 1.33231 1.89 0.593883
v 1.34051 1.89 0.5746
v 1.34767 1.89 0.555134
v 1.35379 1.89 0.535566
v 1.35889 1.89 0.515972
v 1.36299 1.89 0.496424
v 1.36612 1.89 0.476992
v 1.3683 1.89 0.457739
v 1.36958 1.89 0.438724
v 1.37 1.89 0.42
v 1.36958 1.89 0.401276
v 1.3683 1.89 0.382261
v 1.36612 1.89 0.363008
v 1.36299 1.89 0.343576
v 1.35889 1.89 0.324028
v 1.35379 1.89 0.304434
v 1.34767 1.89 0.284866
v 1.34051 1.89 0.2654
v 1.33231 1.89 0.246117
v 1.32308 1.89 0.227096
v 1.31281 1.89 0.208421
v 1.30154 1.89 0.190172
v 1.28928 1.89 0.172431
v 1.27607 1.89 0.155275
v 1.26195 1.89 0.13878
v 1.24698 1.89 0.123015
v 1.23122 1.89 0.108046
v 1.21473 1.89 0.0939317
v 1.19757 1.89 0.0807223
v 1.17983 1.89 0.0684619
v 1.16158 1.89 0.0571857
v 1.1429 1.89 0.0469207
v 1.12388 1.89 0.0376852
v 1.1046 1.89 0.0294889
v 1.08513 1.89 0.0223335
v 1.06557 1.89 0.0162124
v 1.04597 1.89 0.0111121
v 1.02642 1.89 0.00701175
v 1.00699 1.89 0.00388475
v 0.987739 1.89 0.00169894
v 0.968724 1.89 0.000417561
v 0.95 1.89 5.55112e-17
v 0.931276 1.89 0.000417561
v 0.912261 1.89 0.00169894
v 0.893008 1.89 0.00388475
v 0.873576 1.89 0.00701175
v 0.854028 1.89 0.0111121
v 0.834434 1.89 0.0162124
v 0.814866 1.89 0.0223335
v 0.7954 1.89 0.0294889
v 0.776117 1.89 0.0376852
v 0.757096 1.89 0.0469207
v 0.738421 1.89 0.0571857
v 0.720172 1.89 0.0684619
v 0.702431 1.89 0.0807223
v 0.685275 1.89 0.0939317
v 0.66878 1.89 0.108046
v 0.653015 1.89 0.123015
v 0.638046 1.89 0.13878
v 0.623932 1.89 0.155275
v 0.610722 1.89 0.172431
v 0.598462 1.89 0.190172
v 0.587186 1.89 0.208421
v 0.576921 1.89 0.227096
v 0.567685 1.89 0.246117
v 0.559489 1.89 0.2654
v 0.552333 1.89 0.284866
v 0.546212 1.89 0.304434
v 0.541112 1.89 0.324028
v 0.537012 1.89 0.343576
v 0.533885 1.89 0.363008
v 0.531699 1.89 0.382261
v 0.530418 1.89 0.401276
v 0.53 1.89 0.42
v 0.53 2.06 0.42
v 0.530418 2.06 0.438724
v 0.531699 2.06 0.457739
v 0.533885 2.06 0.476992
v 0.537012 2.06 0.496424
v 0.541112 2.06 0.515972
v 0.546212 2.06 0.535566
v 0.552333 2.06 0.555134
v 0.559489 2.06 0.5746
v 0.567685 2.06 0.593883
v 0.576921 2.06 0.612904
v 0.587186 2.06 0.631579
v 0.598462 2.06 0.649828
v 0.610722 2.06 0.667569
v 0.623932 2.06 0.684725
v 0.638046 2.06 0.70122
v 0.653015 2.06 0.716985
v 0.66878 2.06 0.731954
v 0.685275 2.06 0.746068
v 0.702431 2.06 0.759278
v 0.720172 2.06 0.771538
v 0.738421 2.06 0.782814
v 0.757096 2.06 0.793079
v 0.776117 2.06 0.802315
v 0.7954 2.06 0.810511
v 0.814866 2.06 0.817667
v 0.834434 2.06 0.823788
v 0.854028 2.06 0.828888
v 0.873576 2.06 0.832988
v 0.893008 2.06 0.836115
v 0.912261 2.06 0.838301
v 0.931276 2.06 0.839582
v 0.95 2.06 0.84
v 0.968724 2.06 0.839582
v 0.987739 2.06 0.838301
v 1.00699 2.06 0.836115
v 1.02642 2.06 0.832988
v 1.04597 2.06 0.828888
v 1.06557 2.06 0.823788
v 1.08513 2.06 0.817667
v 1.1046 2.06 0.810511
v 1.12388 2.06 0.802315
v 1.1429 2.06 0.793079
v 1.16158 2.06 0.782814
v 1.17983 2.06 0.771538
v 1.19757 2.06 0.759278
v 1.21473 2.06 0.746068
v 1.23122 2.06 0.731954
v 1.24698 2.06 0.716985
v 1.26195 2.06 0.70122
v 1.27607 2.06 0.684725
v 1.28928 2.06 0.667569
v 1.30154 2.06 0.649828
v 1.31281 2.06 0.631579
v 1.32308 2.06 0.612904
v 1.33231 2.06 0.593883
v 1.34051 2.06 0.5746
v 1.34767 2.06 0.555134
v 1.35379 2.06 0.535566
v 1.35889 2.06 0.515972
v 1.36299 2.06 0.496424
v 1.36612 2.06 0.476992
v 1.3683 2.06 0.457739
v 1.36958 2.06 0.438724
v 1.37 2.06 0.42
v 1.36958 2.06 0.401276
v 1.3683 2.06 0.382261
v 1.36612 2.06 0.363008
v 1.36299 2.06 0.343576
v 1.35889 2.06 0.324028
v 1.35379 2.06 0.304434
v 1.34767 2.06 0.284866
v 1.34051 2.06 0.2654
v 1.33231 2.06 0.246117
v 1.32308 2.06 0.227096
v 1.31281 2.06 0.208421
v 1.30154 2.06 0.190172
v 1.28928 2.06 0.172431
v 1.27607 2.06 0.155275
v 1.26195 2.06 0.13878
v 1.24698 2.06 0.123015
v 1.23122 2.06 0.108046
v 1.21473 2.06 0.0939317
v 1.19757 2.06 0.0807223
v 1.17983 2.06 0.0684619
v 1.16158 2.06 0.0571857
v 1.1429 2.06 0.0469207
v 1.12388 2.06 0.0376852
v 1.1046 2.06 0.0294889
v 1.08513 2.06 0.0223335
v 1.06557 2.06 0.0162124
v 1.04597 2.06 0.0111121
v 1.02642 2.06 0.00701175
v 1.00699 2.06 0.00388475
v 0.987739 2.06 0.00169894
v 0.968724 2.06 0.000417561
v 0.95 2.06 5.55112e-17
v 0.931276 2.06 0.000417561
v 0.912261 2.06 0.00169894
v 0.893008 2.06 0.00388475
v 0.873576 2.06 0.00701175
v 0.854028 2.06 0.0111121
v 0.834434 2.06 0.0162124
v 0.814866 2.06 0.0223335
v 0.7954 2.06 0.0294889
v 0.776117 2.06 0.0376852
v 0.757096 2.06 0.0469207
v 0.738421 2.06 0.0571857
v 0.720172 2.06 0.0684619
v 0.702431 2.06 0.0807223
v 0.685275 2.06 0.0939317
v 0.66878 2.06 0.108046
v 0.653015 2.06 0.123015
v 0.638046 2.06 0.13878
v 0.623932 2.06 0.155275
v 0.610722 2.06 0.172431
v 0.598462 2.06 0.190172
v 0.587186 2.06 0.208421
v 0.576921 2.06 0.227096
v 0.567685 2.06 0.246117
v 0.559489 2.06 0.2654
v 0.552333 2.06 0.284866
v 0.546212 2.06 0.304434
v 0.541112 2.06 0.324028
v 0.537012 2.06 0.343576
v 0.533885 2.06 0.363008
v 0.531699 2.06 0.382261
v 0.530418 2.06 0.401276
v 0.53 2.06 0.42
vn -1 0 9.34579e-17
vn -0.999006 0 0.0445802
vn -0.995955 0 0.0898544
vn -0.990751 0 0.135695
vn -0.983305 0 0.181963
vn -0.973543 0 0.228505
vn -0.961399 0 0.275158
vn -0.946825 0 0.321749
vn -0.929788 0 0.368095
vn -0.910273 0 0.414008
vn -0.888284 0 0.459295
vn -0.863844 0 0.50376
vn -0.836996 0 0.54721
vn -0.807804 0 0.589451
vn -0.776353 0 0.630298
vn -0.742747 0 0.669572
vn -0.707107 0 0.707107
vn -0.669572 0 0.742747
vn -0.630298 0 0.776353
vn -0.589451 0 0.807804
vn -0.54721 0 0.836996
vn -0.50376 0 0.863844
vn -0.459295 0 0.888284
vn -0.414008 0 0.910273
vn -0.368095 0 0.929788
vn -0.321749 0 0.946825
vn -0.275158 0 0.961399
vn -0.228505 0 0.973543
vn -0.181963 0 0.983305
vn -0.135695 0 0.990751
vn -0.0898544 0 0.995955
vn -0.0445802 0 0.999006
vn 1.86916e-16 -0 1
vn 0.0445802 -0 0.999006
vn 0.0898544 -0 0.995955
vn 0.135695 -0 0.990751
vn 0.181963 -0 0.983305
vn 0.228505 -0 0.973543
vn 0.275158 -0 0.961399
vn 0.321749 -0 0.946825
vn 0.368095 -0 0.929788
vn 0.414008 -0 0.910273
vn 0.459295 -0 0.888284
vn 0.50376 -0 0.863844
vn 0.54721 -0 0.836996
vn 0.589451 -0 0.807804
vn 0.630298 -0 0.776353
vn 0.669572 -0 0.742747
vn 0.707107 -0 0.707107
vn 0.742747 -0 0.669572
vn 0.776353 -0 0.630298
vn 0.807804 -0 0.589451
vn 0.836996 -0 0.54721
vn 0.863844 -0 0.50376
vn 0.888284 -0 0.459295
vn 0.910273 -0 0.414008
vn 0.929788 -0 0.368095
vn 0.946825 -0 0.321749
vn 0.961399 -0 0.275158
vn 0.973543 -0 0.228505
vn 0.983305 -0 0.181963
vn 0.990751 -0 0.135695
vn 0.995955 -0 0.0898544
vn 0.999006 -0 0.0445802
vn 1 -0 5.60747e-16
vn 0.999006 0 -0.0445802
vn 0.995955 0 -0.0898544
vn 0.990751 0 -0.135695
vn 0.983305 0 -0.181963
vn 0.973543 0 -0.228505
vn 0.961399 0 -0.275158
vn 0.946825 0 -0.321749
vn 0.929788 0 -0.368095
vn 0.910273 0 -0.414008
vn 0.888284 0 -0.459295
vn 0.863844 0 -0.50376
vn 0.836996 0 -0.54721
vn 0.807804 0 -0.589451
vn 0.776353 0 -0.630298
vn 0.742747 0 -0.669572
vn 0.707107 0 -0.707107
vn 0.669572 0 -0.742747
vn 0.630298 0 -0.776353
vn 0.589451 0 -0.807804
vn 0.54721 0 -0.836996
vn 0.50376 0 -0.863844
vn 0.459295 0 -0.888284
vn 0.414008 0 -0.910273
vn 0.368095 0 -0.929788
vn 0.321749 0 -0.946825
vn 0.275158 0 -0.961399
vn 0.228505 0 -0.973543
vn 0.181963 0 -0.983305
vn 0.135695 0 -0.990751
vn 0.0898544 0 -0.995955
vn 0.0445802 0 -0.999006
vn 2.64339e-16 0 -1
vn -0.0445802 0 -0.999006
vn -0.0898544 0 -0.995955
vn -0.135695 0 -0.990751
vn -0.181963 0 -0.983305
vn -0.228505 0 -0.973543
vn -0.275158 0 -0.961399
vn -0.321749 0 -0.946825
vn -0.368095 0 -0.929788
vn -0.414008 0 -0.910273
vn -0.459295 0 -0.888284
vn -0.50376 0 -0.863844
vn -0.54721 0 -0.836996
vn -0.589451 0 -0.807804
vn -0.630298 0 -0.776353
vn -0.669572 0 -0.742747
vn -0.707107 0 -0.707107
vn -0.742747 0 -0.669572
vn -0.776353 0 -0.630298
vn -0.807804 0 -0.589451
vn -0.836996 0 -0.54721
vn -0.863844 0 -0.50376
vn -0.888284 0 -0.459295
vn -0.910273 0 -0.414008
vn -0.929788 0 -0.368095
vn -0.946825 0 -0.321749
vn -0.961399 0 -0.275158
vn -0.973543 0 -0.228505
vn -0.983305 0 -0.181963
vn -0.990751 0 -0.135695
vn -0.995955 0 -0.0898544
vn -0.999006 0 -0.0445802
vn -1 0 -2.80374e-16
vn -1 0 1.86916e-16
vn -0.999006 0 0.0445802
vn -0.995955 0 0.0898544
vn -0.990751 0 0.135695
vn -0.983305 0 0.181963
vn -0.973543 0 0.228505
vn -0.961399 0 0.275158
vn -0.946825 0 0.321749
vn -0.929788 0 0.368095
vn -0.910273 0 0.414008
vn -0.888284 0 0.459295
vn -0.863844 0 0.50376
vn -0.836996 0 0.54721
vn -0.807804 0 0.589451
vn -0.776353 0 0.630298
vn -0.742747 0 0.669572
vn -0.707107 0 0.707107
vn -0.669572 0 0.742747
vn -0.630298 0 0.776353
vn -0.589451 0 0.807804
vn -0.54721 0 0.836996
vn -0.50376 0 0.863844
vn -0.459295 0 0.888284
vn -0.414008 0 0.910273
vn -0.368095 0 0.929788
vn -0.321749 0 0.946825
vn -0.275158 0 0.961399
vn -0.228505 0 0.973543
vn -0.181963 0 0.983305
vn -0.135695 0 0.990751
vn -0.0898544 0 0.995955
vn -0.0445802 0 0.999006
vn -0 0 1
vn 0.0445802 -0 0.999006
vn 0.0898544 -0 0.995955
vn 0.135695 -0 0.990751
vn 0.181963 -0 0.983305
vn 0.228505 -0 0.973543
vn 0.275158 -0 0.961399
vn 0.321749 -0 0.946825
vn 0.368095 -0 0.929788
vn 0.414008 -0 0.910273
vn 0.459295 -0 0.888284
vn 0.50376 -0 0.863844
vn 0.54721 -0 0.836996
vn 0.589451 -0 0.807804
vn 0.630298 -0 0.776353
vn 0.669572 -0 0.742747
vn 0.707107 -0 0.707107
vn 0.742747 -0 0.669572
vn 0.776353 -0 0.630298
vn 0.807804 -0 0.589451
vn 0.836996 -0 0.54721
vn 0.863844 -0 0.50376
vn 0.888284 -0 0.459295
vn 0.910273 -0 0.414008
vn 0.929788 -0 0.368095
vn 0.946825 -0 0.321749
vn 0.961399 -0 0.275158
vn 0.973543 -0 0.228505
vn 0.983305 -0 0.181963
vn 0.990751 -0 0.135695
vn 0.995955 -0 0.0898544
vn 0.999006 -0 0.0445802
vn 1 -0 9.34579e-16
vn 0.999006 0 -0.0445802
vn 0.995955 0 -0.0898544
vn 0.990751 0 -0.135695
vn 0.983305 0 -0.181963
vn 0.973543 0 -0.228505
vn 0.961399 0 -0.275158
vn 0.946825 0 -0.321749
vn 0.929788 0 -0.368095
vn 0.910273 0 -0.414008
vn 0.888284 0 -0.459295
vn 0.863844 0 -0.50376
vn 0.836996 0 -0.54721
vn 0.807804 0 -0.589451
vn 0.776353 0 -0.630298
vn 0.742747 0 -0.669572
vn 0.707107 0 -0.707107
vn 0.669572 0 -0.742747
vn 0.630298 0 -0.776353
vn 0.589451 0 -0.807804
vn 0.54721 0 -0.836996
vn 0.50376 0 -0.863844
vn 0.459295 0 -0.888284
vn 0.414008 0 -0.910273
vn 0.368095 0 -0.929788
vn 0.321749 0 -0.946825
vn 0.275158 0 -0.961399
vn 0.228505 0 -0.973543
vn 0.181963 0 -0.983305
vn 0.135695 0 -0.990751
vn 0.0898544 0 -0.995955
vn 0.0445802 0 -0.999006
vn 2.64339e-16 0 -1
vn -0.0445802 0 -0.999006
vn -0.0898544 0 -0.995955
vn -0.135695 0 -0.990751
vn -0.181963 0 -0.983305
vn -0.228505 0 -0.973543
vn -0.275158 0 -0.961399
vn -0.321749 0 -0.946825
vn -0.368095 0 -0.929788
vn -0.414008 0 -0.910273
vn -0.459295 0 -0.888284
vn -0.50376 0 -0.863844
vn -0.54721 0 -0.836996
vn -0.589451 0 -0.807804
vn -0.630298 0 -0.776353
vn -0.669572 0 -0.742747
vn -0.707107 0 -0.707107
vn -0.742747 0 -0.669572
vn -0.776353 0 -0.630298
vn -0.807804 0 -0.589451
vn -0.836996 0 -0.54721
vn -0.863844 0 -0.50376
vn -0.888284 0 -0.459295
vn -0.910273 0 -0.414008
vn -0.929788 0 -0.368095
vn -0.946825 0 -0.321749
vn -0.961399 0 -0.275158
vn -0.973543 0 -0.228505
vn -0.983305 0 -0.181963
vn -0.990751 0 -0.135695
vn -0.995955 0 -0.0898544
vn -0.999006 0 -0.0445802
vn -1 0 -2.80374e-16
vn -1 0 9.34579e-17
vn -0.999006 0 0.0445802
vn -0.995955 0 0.0898544
vn -0.990751 0 0.135695
vn -0.983305 0 0.181963
vn -0.973543 0 0.228505
vn -0.961399 0 0.275158
vn -0.946825 0 0.321749
vn -0.929788 0 0.368095
vn -0.910273 0 0.414008
vn -0.888284 0 0.459295
vn -0.863844 0 0.50376
vn -0.836996 0 0.54721
vn -0.807804 0 0.589451
vn -0.776353 0 0.630298
vn -0.742747 0 0.669572
vn -0.707107 0 0.707107
vn -0.669572 0 0.742747
vn -0.630298 0 0.776353
vn -0.589451 0 0.807804
vn -0.54721 0 0.836996
vn -0.50376 0 0.863844
vn -0.459295 0 0.888284
vn -0.414008 0 0.910273
vn -0.368095 0 0.929788
vn -0.321749 0 0.946825
vn -0.275158 0 0.961399
vn -0.228505 0 0.973543
vn -0.181963 0 0.983305
vn -0.135695 0 0.990751
vn -0.0898544 0 0.995955
vn -0.0445802 0 0.999006
vn 1.86916e-16 -0 1
vn 0.0445802 -0 0.999006
vn 0.0898544 -0 0.995955
vn 0.135695 -0 0.990751
vn 0.181963 -0 0.983305
vn 0.228505 -0 0.973543
vn 0.275158 -0 0.961399
vn 0.321749 -0 0.946825
vn 0.368095 -0 0.929788
vn 0.414008 -0 0.910273
vn 0.459295 -0 0.888284
vn 0.50376 -0 0.863844
vn 0.54721 -0 0.836996
vn 0.589451 -0 0.807804
vn 0.630298 -0 0.776353
vn 0.669572 -0 0.742747
vn 0.707107 -0 0.707107
vn 0.742747 -0 0.669572
vn 0.776353 -0 0.630298
vn 0.807804 -0 0.589451
vn 0.836996 -0 0.54721
vn 0.863844 -0 0.50376
vn 0.888284 -0 0.459295
vn 0.910273 -0 0.414008
vn 0.929788 -0 0.368095
vn 0.946825 -0 0.321749
vn 0.961399 -0 0.275158
vn 0.973543 -0 0.228505
vn 0.983305 -0 0.181963
vn 0.990751 -0 0.135695
vn 0.995955 -0 0.0898544
vn 0.999006 -0 0.0445802
vn 1 -0 5.60747e-16
vn 0.999006 0 -0.0445802
vn 0.995955 0 -0.0898544
vn 0.990751 0 -0.135695
vn 0.983305 0 -0.181963
vn 0.973543 0 -0.228505
vn 0.961399 0 -0.275158
vn 0.946825 0 -0.321749
vn 0.929788 0 -0.368095
vn 0.910273 0 -0.414008
vn 0.888284 0 -0.459295
vn 0.863844 0 -0.50376
vn 0.836996 0 -0.54721
vn 0.807804 0 -0.589451
vn 0.776353 0 -0.630298
vn 0.742747 0 -0.669572
vn 0.707107 0 -0.707107
vn 0.669572 0 -0.742747
vn 0.630298 0 -0.776353
vn 0.589451 0 -0.807804
vn 0.54721 0 -0.836996
vn 0.50376 0 -0.863844
vn 0.459295 0 -0.888284
vn 0.414008 0 -0.910273
vn 0.368095 0 -0.929788
vn 0.321749 0 -0.946825
vn 0.275158 0 -0.961399
vn 0.228505 0 -0.973543
vn 0.181963 0 -0.983305
vn 0.135695 0 -0.990751
vn 0.0898544 0 -0.995955
vn 0.0445802 0 -0.999006
vn 2.64339e-16 0 -1
vn -0.0445802 0 -0.999006
vn -0.0898544 0 -0.995955
vn -0.135695 0 -0.990751
vn -0.181963 0 -0.983305
vn -0.228505 0 -0.973543
vn -0.275158 0 -0.961399
vn -0.321749 0 -0.946825
vn -0.368095 0 -0.929788
vn -0.414008 0 -0.910273
vn -0.459295 0 -0.888284
vn -0.50376 0 -0.863844
vn -0.54721 0 -0.836996
vn -0.589451 0 -0.807804
vn -0.630298 0 -0.776353
vn -0.669572 0 -0.742747
vn -0.707107 0 -0.707107
vn -0.742747 0 -0.669572
vn -0.776353 0 -0.630298
vn -0.807804 0 -0.589451
vn -0.836996 0 -0.54721
vn -0.863844 0 -0.50376
vn -0.888284 0 -0.459295
vn -0.910273 0 -0.414008
vn -0.929788 0 -0.368095
vn -0.946825 0 -0.321749
vn -0.961399 0 -0.275158
vn -0.973543 0 -0.228505
vn -0.983305 0 -0.181963
vn -0.990751 0 -0.135695
vn -0.995955 0 -0.0898544
vn -0.999006 0 -0.0445802
vn -1 0 -2.80374e-16
g WheelFR_f0
usemtl rubber
f 998//998 999//999 1128//1128
f 998//998 1128//1128 1127//1127
f 999//999 1000//1000 1129//1129
f 999//999 1129//1129 1128//1128
f 1000//1000 1001//1001 1130//1130
f 1000//1000 1130//1130 1129//1129
f 1001//1001 1002//1002 1131//1131
f 1001//1001 1131//1131 1130//1130
f 1002//1002 1003//1003 1132//1132
f 1002//1002 1132//1132 1131//1131
f 1003//1003 1004//1004 1133//1133
f 1003//1003 1133//1133 1132//1132
f 1004//1004 1005//1005 1134//1134
f 1004//1004 1134//1134 1133//1133
f 1005//1005 1006//1006 1135//1135
f 1005//1005 1135//1135 1134//1134
f 1006//1006 1007//1007 1136//1136
f 1006//1006 1136//1136 1135//1135
f 1007//1007 1008//1008 1137//1137
f 1007//1007 1137//1137 1136//1136
f 1008//1008 1009//1009 1138//1138
f 1008//1008 1138//1138 1137//1137
f 1009//1009 1010//1010 1139//1139
f 1009//1009 1139//1139 1138//1138
f 1010//1010 1011//1011 1140//1140
f 1010//1010 1140//1140 1139//1139
f 1011//1011 1012//1012 1141//1141
f 1011//1011 1141//1141 1140//1140
f 1012//1012 1013//1013 1142//1142
f 1012//1012 1142//1142 1141//1141
f 1013//1013 1014//1014 1143//1143
f 1013//1013 1143//1143 1142//1142
f 1014//1014 1015//1015 1144//1144
f 1014//1014 1144//1144 1143//1143
f 1015//1015 1016//1016 1145//1145
f 1015//1015 1145//1145 1144//1144
f 1016//1016 1017//1017 1146//1146
f 1016//1016 1146//1146 1145//1145
f 1017//1017 1018//1018 1147//1147
f 1017//1017 1147//1147 1146//1146
f 1018//1018 1019//1019 1148//1148
f 1018//1018 1148//1148 1147//1147
f 1019//1019 1020//1020 1149//1149
f 1019//1019 1149//1149 1148//1148
f 1020//1020 1021//1021 1150//1150
f 1020//1020 1150//1150 1149//1149
f 1021//1021 1022//1022 1151//1151
f 1021//1021 1151//1151 1150//1150
f 1022//1022 1023//1023 1152//1152
f 1022//1022 1152//1152 1151//1151
f 1023//1023 1024//1024 1153//1153
f 1023//1023 1153//1153 1152//1152
f 1024//1024 1025//1025 1154//1154
f 1024//1024 1154//1154 1153//1153
f 1025//1025 1026//1026 1155//1155
f 1025//1025 1155//1155 1154//1154
f 1026//1026 1027//1027 1156//1156
f 1026//1026 1156//1156 1155//1155
f 1027//1027 1028//1028 1157//1157
f 1027//1027 1157//1157 1156//1156
f 1028//1028 1029//1029 1158//1158
f 1028//1028 1158//1158 1157//1157
f 1029//1029 1030//1030 1159//1159
f 1029//1029 1159//1159 1158//1158
f 1030//1030 1031//1031 1160//1160
f 1030//1030 1160//1160 1159//1159
f 1031//1031 1032//1032 1161//1161
f 1031//1031 1161//1161 1160//1160
f 1032//1032 1033//1033 1162//1162
f 1032//1032 1162//1162 1161//1161
f 1033//1033 1034//1034 1163//1163
f 1033//1033 1163//1163 1162//1162
f 1034//1034 1035//1035 1164//1164
f 1034//1034 1164//1164 1163//1163
f 1035//1035 1036//1036 1165//1165
f 1035//1035 1165//1165 1164//1164
f 1036//1036 1037//1037 1166//1166
f 1036//1036 1166//1166 1165//1165
f 1037//1037 1038//1038 1167//1167
f 1037//1037 1167//1167 1166//1166
f 1038//1038 1039//1039 1168//1168
f 1038//1038 1168//1168 1167//1167
f 1039//1039 1040//1040 1169//1169
f 1039//1039 1169//1169 1168//1168
f 1040//1040 1041//1041 1170//1170
f 1040//1040 1170//1170 1169//1169
f 1041//1041 1042//1042 1171//1171
f 1041//1041 1171//1171 1170//1170
f 1042//1042 1043//1043 1172//1172
f 1042//1042 1172//1172 1171//1171
f 1043//1043 1044//1044 1173//1173
f 1043//1043 1173//1173 1172//1172
f 1044//1044 1045//1045 1174//1174
f 1044//1044 1174//1174 1173//1173
f 1045//1045 1046//1046 1175//1175
f 1045//1045 1175//1175 1174//1174
f 1046//1046 1047//1047 1176//1176
f 1046//1046 1176//1176 1175//1175
f 1047//1047 1048//1048 1177//1177
f 1047//1047 1177//1177 1176//1176
f 1048//1048 1049//1049 1178//1178
f 1048//1048 1178//1178 1177//1177
f 1049//1049 1050//1050 1179//1179
f 1049//1049 1179//1179 1178//1178
f 1050//1050 1051//1051 1180//1180
f 1050//1050 1180//1180 1179//1179
f 1051//1051 1052//1052 1181//1181
f 1051//1051 1181//1181 1180//1180
f 1052//1052 1053//1053 1182//1182
f 1052//1052 1182//1182 1181//1181
f 1053//1053 1054//1054 1183//1183
f 1053//1053 1183//1183 1182//1182
f 1054//1054 1055//1055 1184//1184
f 1054//1054 1184//1184 1183//1183
f 1055//1055 1056//1056 1185//1185
f 1055//1055 1185//1185 1184//1184
f 1056//1056 1057//1057 1186//1186
f 1056//1056 1186//1186 1185//1185
f 1057//1057 1058//1058 1187//1187
f 1057//1057 1187//1187 1186//1186
f 1058//1058 1059//1059 1188//1188
f 1058//1058 1188//1188 1187//1187
f 1059//1059 1060//1060 1189//1189
f 1059//1059 1189//1189 1188//1188
f 1060//1060 1061//1061 1190//1190
f 1060//1060 1190//1190 1189//1189
f 1061//1061 1062//1062 1191//1191
f 1061//1061 1191//1191 1190//1190
f 1062//1062 1063//1063 1192//1192
f 1062//1062 1192//1192 1191//1191
f 1063//1063 1064//1064 1193//1193
f 1063//1063 1193//1193 1192//1192
f 1064//1064 1065//1065 1194//1194
f 1064//1064 1194//1194 1193//1193
f 1065//1065 1066//1066 1195//1195
f 1065//1065 1195//1195 1194//1194
f 1066//1066 1067//1067 1196//1196
f 1066//1066 1196//1196 1195//1195
f 1067//1067 1068//1068 1197//1197
f 1067//1067 1197//1197 1196//1196
f 1068//1068 1069//1069 1198//1198
f 1068//1068 1198//1198 1197//1197
f 1069//1069 1070//1070 1199//1199
f 1069//1069 1199//1199 1198//1198
f 1070//1070 1071//1071 1200//1200
f 1070//1070 1200//1200 1199//1199
f 1071//1071 1072//1072 1201//1201
f 1071//1071 1201//1201 1200//1200
f 1072//1072 1073//1073 1202//1202
f 1072//1072 1202//1202 1201//1201
f 1073//1073 1074//1074 1203//1203
f 1073//1073 1203//1203 1202//1202
f 1074//1074 1075//1075 1204//1204
f 1074//1074 1204//1204 1203//1203
f 1075//1075 1076//1076 1205//1205
f 1075//1075 1205//1205 1204//1204
f 1076//1076 1077//1077 1206//1206
f 1076//1076 1206//1206 1205//1205
f 1077//1077 1078//1078 1207//1207
f 1077//1077 1207//1207 1206//1206
f 1078//1078 1079//1079 1208//1208
f 1078//1078 1208//1208 1207//1207
f 1079//1079 1080//1080 1209//1209
f 1079//1079 1209//1209 1208//1208
f 1080//1080 1081//1081 1210//1210
f 1080//1080 1210//1210 1209//1209
f 1081//1081 1082//1082 1211//1211
f 1081//1081 1211//1211 1210//1210
f 1082//1082 1083//1083 1212//1212
f 1082//1082 1212//1212 1211//1211
f 1083//1083 1084//1084 1213//1213
f 1083//1083 1213//1213 1212//1212
f 1084//1084 1085//1085 1214//1214
f 1084//1084 1214//1214 1213//1213
f 1085//1085 1086//1086 1215//1215
f 1085//1085 1215//1215 1214//1214
f 1086//1086 1087//1087 1216//1216
f 1086//1086 1216//1216 1215//1215
f 1087//1087 1088//1088 1217//1217
f 1087//1087 1217//1217 1216//1216
f 1088//1088 1089//1089 1218//1218
f 1088//1088 1218//1218 1217//1217
f 1089//1089 1090//1090 1219//1219
f 1089//1089 1219//1219 1218//1218
f 1090//1090 1091//1091 1220//1220
f 1090//1090 1220//1220 1219//1219
f 1091//1091 1092//1092 1221//1221
f 1091//1091 1221//1221 1220//1220
f 1092//1092 1093//1093 1222//1222
f 1092//1092 1222//1222 1221//1221
f 1093//1093 1094//1094 1223//1223
f 1093//1093 1223//1223 1222//1222
f 1094//1094 1095//1095 1224//1224
f 1094//1094 1224//1224 1223//1223
f 1095//1095 1096//1096 1225//1225
f 1095//1095 1225//1225 1224//1224
f 1096//1096 1097//1097 1226//1226
f 1096//1096 1226//1226 1225//1225
f 1097//1097 1098//1098 1227//1227
f 1097//1097 1227//1227 1226//1226
f 1098//1098 1099//1099 1228//1228
f 1098//1098 1228//1228 1227//1227
f 1099//1099 1100//1100 1229//1229
f 1099//1099 1229//1229 1228//1228
f 1100//1100 1101//1101 1230//1230
f 1100//1100 1230//1230 1229//1229
f 1101//1101 1102//1102 1231//1231
f 1101//1101 1231//1231 1230//1230
f 1102//1102 1103//1103 1232//1232
f 1102//1102 1232//1232 1231//1231
f 1103//1103 1104//1104 1233//1233
f 1103//1103 1233//1233 1232//1232
f 1104//1104 1105//1105 1234//1234
f 1104//1104 1234//1234 1233//1233
f 1105//1105 1106//1106 1235//1235
f 1105//1105 1235//1235 1234//1234
f 1106//1106 1107//1107 1236//1236
f 1106//1106 1236//1236 1235//1235
f 1107//1107 1108//1108 1237//1237
f 1107//1107 1237//1237 1236//1236
f 1108//1108 1109//1109 1238//1238
f 1108//1108 1238//1238 1237//1237
f 1109//1109 1110//1110 1239//1239
f 1109//1109 1239//1239 1238//1238
f 1110//1110 1111//1111 1240//1240
f 1110//1110 1240//1240 1239//1239
f 1111//1111 1112//1112 1241//1241
f 1111//1111 1241//1241 1240//1240
f 1112//1112 1113//1113 1242//1242
f 1112//1112 1242//1242 1241//1241
f 1113//1113 1114//1114 1243//1243
f 1113//1113 1243//1243 1242//1242
f 1114//1114 1115//1115 1244//1244
f 1114//1114 1244//1244 1243//1243
f 1115//1115 1116//1116 1245//1245
f 1115//1115 1245//1245 1244//1244
f 1116//1116 1117//1117 1246//1246
f 1116//1116 1246//1246 1245//1245
f 1117//1117 1118//1118 1247//1247
f 1117//1117 1247//1247 1246//1246
f 1118//1118 1119//1119 1248//1248
f 1118//1118 1248//1248 1247//1247
f 1119//1119 1120//1120 1249//1249
f 1119//1119 1249//1249 1248//1248
f 1120//1120 1121//1121 1250//1250
f 1120//1120 1250//1250 1249//1249
f 1121//1121 1122//1122 1251//1251
f 1121//1121 1251//1251 1250//1250
f 1122//1122 1123//1123 1252//1252
f 1122//1122 1252//1252 1251//1251
f 1123//1123 1124//1124 1253//1253
f 1123//1123 1253//1253 1252//1252
f 1124//1124 1125//1125 1254//1254
f 1124//1124 1254//1254 1253//1253
f 1125//1125 1126//1126 1255//1255
f 1125//1125 1255//1255 1254//1254
f 1127//1127 1128//1128 1257//1257
f 1127//1127 1257//1257 1256//1256
f 1128//1128 1129//1129 1258//1258
f 1128//1128 1258//1258 1257//1257
f 1129//1129 1130//1130 1259//1259
f 1129//1129 1259//1259 1258//1258
f 1130//1130 1131//1131 1260//1260
f 1130//1130 1260//1260 1259//1259
f 1131//1131 1132//1132 1261//1261
f 1131//1131 1261//1261 1260//1260
f 1132//1132 1133//1133 1262//1262
f 1132//1132 1262//1262 1261//1261
f 1133//1133 1134//1134 1263//1263
f 1133//1133 1263//1263 1262//1262
f 1134//1134 1135//1135 1264//1264
f 1134//1134 1264//1264 1263//1263
f 1135//1135 1136//1136 1265//1265
f 1135//1135 1265//1265 1264//1264
f 1136//1136 1137//1137 1266//1266
f 1136//1136 1266//1266 1265//1265
f 1137//1137 1138//1138 1267//1267
f 1137//1137 1267//1267 1266//1266
f 1138//1138 1139//1139 1268//1268
f 1138//1138 1268//1268 1267//1267
f 1139//1139 1140//1140 1269//1269
f 1139//1139 1269//1269 1268//1268
f 1140//1140 1141//1141 1270//1270
f 1140//1140 1270//1270 1269//1269
f 1141//1141 1142//1142 1271//1271
f 1141//1141 1271//1271 1270//1270
f 1142//1142 1143//1143 1272//1272
f 1142//1142 1272//1272 1271//1271
f 1143//1143 1144//1144 1273//1273
f 1143//1143 1273//1273 1272//1272
f 1144//1144 1145//1145 1274//1274
f 1144//1144 1274//1274 1273//1273
f 1145//1145 1146//1146 1275//1275
f 1145//1145 1275//1275 1274//1274
f 1146//1146 1147//1147 1276//1276
f 1146//1146 1276//1276 1275//1275
f 1147//1147 1148//1148 1277//1277
f 1147//1147 1277//1277 1276//1276
f 1148//1148 1149//1149 1278//1278
f 1148//1148 1278//1278 1277//1277
f 1149//1149 1150//1150 1279//1279
f 1149//1149 1279//1279 1278//1278
f 1150//1150 1151//1151 1280//1280
f 1150//1150 1280//1280 1279//1279
f 1151//1151 1152//1152 1281//1281
f 1151//1151 1281//1281 1280//1280
f 1152//1152 1153//1153 1282//1282
f 1152//1152 1282//1282 1281//1281
f 1153//1153 1154//1154 1283//1283
f 1153//1153 1283//1283 1282//1282
f 1154//1154 1155//1155 1284//1284
f 1154//1154 1284//1284 1283//1283
f 1155//1155 1156//1156 1285//1285
f 1155//1155 1285//1285 1284//1284
f 1156//1156 1157//1157 1286//1286
f 1156//1156 1286//1286 1285//1285
f 1157//1157 1158//1158 1287//1287
f 1157//1157 1287//1287 1286//1286
f 1158//1158 1159//1159 1288//1288
f 1158//1158 1288//1288 1287//1287
f 1159//1159 1160//1160 1289//1289
f 1159//1159 1289//1289 1288//1288
f 1160//1160 1161//1161 1290//1290
f 1160//1160 1290//1290 1289//1289
f 1161//1161 1162//1162 1291//1291
f 1161//1161 1291//1291 1290//1290
f 1162//1162 1163//1163 1292//1292
f 1162//1162 1292//1292 1291//1291
f 1163//1163 1164//1164 1293//1293
f 1163//1163 1293//1293 1292//1292
f 1164//1164 1165//1165 1294//1294
f 1164//1164 1294//1294 1293//1293
f 1165//1165 1166//1166 1295//1295
f 1165//1165 1295//1295 1294//1294
f 1166//1166 1167//1167 1296//1296
f 1166//1166 1296//1296 1295//1295
f 1167//1167 1168//1168 1297//1297
f 1167//1167 1297//1297 1296//1296
f 1168//1168 1169//1169 1298//1298
f 1168//1168 1298//1298 1297//1297
f 1169//1169 1170//1170 1299//1299
f 1169//1169 1299//1299 1298//1298
f 1170//1170 1171//1171 1300//1300
f 1170//1170 1300//1300 1299//1299
f 1171//1171 1172//1172 1301//1301
f 1171//1171 1301//1301 1300//1300
f 1172//1172 1173//1173 1302//1302
f 1172//1172 1302//1302 1301//1301
f 1173//1173 1174//1174 1303//1303
f 1173//1173 1303//1303 1302//1302
f 1174//1174 1175//1175 1304//1304
f 1174//1174 1304//1304 1303//1303
f 1175//1175 1176//1176 1305//1305
f 1175//1175 1305//1305 1304//1304
f 1176//1176 1177//1177 1306//1306
f 1176//1176 1306//1306 1305//1305
f 1177//1177 1178//1178 1307//1307
f 1177//1177 1307//1307 1306//1306
f 1178//1178 1179//1179 1308//1308
f 1178//1178 1308//1308 1307//1307
f 1179//1179 1180//1180 1309//1309
f 1179//1179 1309//1309 1308//1308
f 1180//1180 1181//1181 1310//1310
f 1180//1180 1310//1310 1309//1309
f 1181//1181 1182//1182 1311//1311
f 1181//1181 1311//1311 1310//1310
f 1182//1182 1183//1183 1312//1312
f 1182//1182 1312//1312 1311//1311
f 1183//1183 1184//1184 1313//1313
f 1183//1183 1313//1313 1312//1312
f 1184//1184 1185//1185 1314//1314
f 1184//1184 1314//1314 1313//1313
f 1185//1185 1186//1186 1315//1315
f 1185//1185 1315//1315 1314//1314
f 1186//1186 1187//1187 1316//1316
f 1186//1186 1316//1316 1315//1315
f 1187//1187 1188//1188 1317//1317
f 1187//1187 1317//1317 1316//1316
f 1188//1188 1189//1189 1318//1318
f 1188//1188 1318//1318 1317//1317
f 1189//1189 1190//1190 1319//1319
f 1189//1189 1319//1319 1318//1318
f 1190//1190 1191//1191 1320//1320
f 1190//1190 1320//1320 1319//1319
f 1191//1191 1192//1192 1321//1321
f 1191//1191 1321//1321 1320//1320
f 1192//1192 1193//1193 1322//1322
f 1192//1192 1322//1322 1321//1321
f 1193//1193 1194//1194 1323//1323
f 1193//1193 1323//1323 1322//1322
f 1194//1194 1195//1195 1324//1324
f 1194//1194 1324//1324 1323//1323
f 1195//1195 1196//1196 1325//1325
f 1195//1195 1325//1325 1324//1324
f 1196//1196 1197//1197 1326//1326
f 1196//1196 1326//1326 1325//1325
f 1197//1197 1198//1198 1327//1327
f 1197//1197 1327//1327 1326//1326
f 1198//1198 1199//1199 1328//1328
f 1198//1198 1328//1328 1327//1327
f 1199//1199 1200//1200 1329//1329
f 1199//1199 1329//1329 1328//1328
f 1200//1200 1201//1201 1330//1330
f 1200//1200 1330//1330 1329//1329
f 1201//1201 1202//1202 1331//1331
f 1201//1201 1331//1331 1330//1330
f 1202//1202 1203//1203 1332//1332
f 1202//1202 1332//1332 1331//1331
f 1203//1203 1204//1204 1333//1333
f 1203//1203 1333//1333 1332//1332
f 1204//1204 1205//1205 1334//1334
f 1204//1204 1334//1334 1333//1333
f 1205//1205 1206//1206 1335//1335
f 1205//1205 1335//1335 1334//1334
f 1206//1206 1207//1207 1336//1336
f 1206//1206 1336//1336 1335//1335
f 1207//1207 1208//1208 1337//1337
f 1207//1207 1337//1337 1336//1336
f 1208//1208 1209//1209 1338//1338
f 1208//1208 1338//1338 1337//1337
f 1209//1209 1210//1210 1339//1339
f 1209//1209 1339//1339 1338//1338
f 1210//1210 1211//1211 1340//1340
f 1210//1210 1340//1340 1339//1339
f 1211//1211 1212//1212 1341//1341
f 1211//1211 1341//1341 1340//1340
f 1212//1212 1213//1213 1342//1342
f 1212//1212 1342//1342 1341//1341
f 1213//1213 1214//1214 1343//1343
f 1213//1213 1343//1343 1342//1342
f 1214//1214 1215//1215 1344//1344
f 1214//1214 1344//1344 1343//1343
f 1215//1215 1216//1216 1345//1345
f 1215//1215 1345//1345 1344//1344
f 1216//1216 1217//1217 1346//1346
f 1216//1216 1346//1346 1345//1345
f 1217//1217 1218//1218 1347//1347
f 1217//1217 1347//1347 1346//1346
f 1218//1218 1219//1219 1348//1348
f 1218//1218 1348//1348 1347//1347
f 1219//1219 1220//1220 1349//1349
f 1219//1219 1349//1349 1348//1348
f 1220//1220 1221//1221 1350//1350
f 1220//1220 1350//1350 1349//1349
f 1221//1221 1222//1222 1351//1351
f 1221//1221 1351//1351 1350//1350
f 1222//1222 1223//1223 1352//1352
f 1222//1222 1352//1352 1351//1351
f 1223//1223 1224//1224 1353//1353
f 1223//1223 1353//1353 1352//1352
f 1224//1224 1225//1225 1354//1354
f 1224//1224 1354//1354 1353//1353
f 1225//1225 1226//1226 1355//1355
f 1225//1225 1355//1355 1354//1354
f 1226//1226 1227//1227 1356//1356
f 1226//1226 1356//1356 1355//1355
f 1227//1227 1228//1228 1357//1357
f 1227//1227 1357//1357 1356//1356
f 1228//1228 1229//1229 1358//1358
f 1228//1228 1358//1358 1357//1357
f 1229//1229 1230//1230 1359//1359
f 1229//1229 1359//1359 1358//1358
f 1230//1230 1231//1231 1360//1360
f 1230//1230 1360//1360 1359//1359
f 1231//1231 1232//1232 1361//1361
f 1231//1231 1361//1361 1360//1360
f 1232//1232 1233//1233 1362//1362
f 1232//1232 1362//1362 1361//1361
f 1233//1233 1234//1234 1363//1363
f 1233//1233 1363//1363 1362//1362
f 1234//1234 1235//1235 1364//1364
f 1234//1234 1364//1364 1363//1363
f 1235//1235 1236//1236 1365//1365
f 1235//1235 1365//1365 1364//1364
f 1236//1236 1237//1237 1366//1366
f 1236//1236 1366//1366 1365//1365
f 1237//1237 1238//1238 1367//1367
f 1237//1237 1367//1367 1366//1366
f 1238//1238 1239//1239 1368//1368
f 1238//1238 1368//1368 1367//1367
f 1239//1239 1240//1240 1369//1369
f 1239//1239 1369//1369 1368//1368
f 1240//1240 1241//1241 1370//1370
f 1240//1240 1370//1370 1369//1369
f 1241//1241 1242//1242 1371//1371
f 1241//1241 1371//1371 1370//1370
f 1242//1242 1243//1243 1372//1372
f 1242//1242 1372//1372 1371//1371
f 1243//1243 1244//1244 1373//1373
f 1243//1243 1373//1373 1372//1372
f 1244//1244 1245//1245 1374//1374
f 1244//1244 1374//1374 1373//1373
f 1245//1245 1246//1246 1375//1375
f 1245//1245 1375//1375 1374//1374
f 1246//1246 1247//1247 1376//1376
f 1246//1246 1376//1376 1375//1375
f 1247//1247 1248//1248 1377//1377
f 1247//1247 1377//1377 1376//1376
f 1248//1248 1249//1249 1378//1378
f 1248//1248 1378//1378 1377//1377
f 1249//1249 1250//1250 1379//1379
f 1249//1249 1379//1379 1378//1378
f 1250//1250 1251//1251 1380//1380
f 1250//1250 1380//1380 1379//1379
f 1251//1251 1252//1252 1381//1381
f 1251//1251 1381//1381 1380//1380
f 1252//1252 1253//1253 1382//1382
f 1252//1252 1382//1382 1381//1381
f 1253//1253 1254//1254 1383//1383
f 1253//1253 1383//1383 1382//1382
f 1254//1254 1255//1255 1384//1384
f 1254//1254 1384//1384 1383//1383
v 0.53 2.06 0.42
v 0.530418 2.06 0.438724
v 0.531699 2.06 0.457739
v 0.533885 2.06 0.476992
v 0.537012 2.06 0.496424
v 0.541112 2.06 0.515972
v 0.546212 2.06 0.535566
v 0.552333 2.06 0.555134
v 0.559489 2.06 0.5746
v 0.567685 2.06 0.593883
v 0.576921 2.06 0.612904
v 0.587186 2.06 0.631579
v 0.598462 2.06 0.649828
v 0.610722 2.06 0.667569
v 0.623932 2.06 0.684725
v 0.638046 2.06 0.70122
v 0.653015 2.06 0.716985
v 0.66878 2.06 0.731954
v 0.685275 2.06 0.746068
v 0.702431 2.06 0.759278
v 0.720172 2.06 0.771538
v 0.738421 2.06 0.782814
v 0.757096 2.06 0.793079
v 0.776117 2.06 0.802315
v 0.7954 2.06 0.810511
v 0.814866 2.06 0.817667
v 0.834434 2.06 0.823788
v 0.854028 2.06 0.828888
v 0.873576 2.06 0.832988
v 0.893008 2.06 0.836115
v 0.912261 2.06 0.838301
v 0.931276 2.06 0.839582
v 0.95 2.06 0.84
v 0.968724 2.06 0.839582
v 0.987739 2.06 0.838301
v 1.00699 2.06 0.836115
v 1.02642 2.06 0.832988
v 1.04597 2.06 0.828888
v 1.06557 2.06 0.823788
v 1.08513 2.06 0.817667
v 1.1046 2.06 0.810511
v 1.12388 2.06 0.802315
v 1.1429 2.06 0.793079
v 1.16158 2.06 0.782814
v 1.17983 2.06 0.771538
v 1.19757 2.06 0.759278
v 1.21473 2.06 0.746068
v 1.23122 2.06 0.731954
v 1.24698 2.06 0.716985
v 1.26195 2.06 0.70122
v 1.27607 2.06 0.684725
v 1.28928 2.06 0.667569
v 1.30154 2.06 0.649828
v 1.31281 2.06 0.631579
v 1.32308 2.06 0.612904
v 1.33231 2.06 0.593883
v 1.34051 2.06 0.5746
v 1.34767 2.06 0.555134
v 1.35379 2.06 0.535566
v 1.35889 2.06 0.515972
v 1.36299 2.06 0.496424
v 1.36612 2.06 0.476992
v 1.3683 2.06 0.457739
v 1.36958 2.06 0.438724
v 1.37 2.06 0.42
v 1.36958 2.06 0.401276
v 1.3683 2.06 0.382261
v 1.36612 2.06 0.363008
v 1.36299 2.06 0.343576
v 1.35889 2.06 0.324028
v 1.35379 2.06 0.304434
v 1.34767 2.06 0.284866
v 1.34051 2.06 0.2654
v 1.33231 2.06 0.246117
v 1.32308 2.06 0.227096
v 1.31281 2.06 0.208421
v 1.30154 2.06 0.190172
v 1.28928 2.06 0.172431
v 1.27607 2.06 0.155275
v 1.26195 2.06 0.13878
v 1.24698 2.06 0.123015
v 1.23122 2.06 0.108046
v 1.21473 2.06 0.0939317
v 1.19757 2.06 0.0807223
v 1.17983 2.06 0.0684619
v 1.16158 2.06 0.0571857
v 1.1429 2.06 0.0469207
v 1.12388 2.06 0.0376852
v 1.1046 2.06 0.0294889
v 1.08513 2.06 0.0223335
v 1.06557 2.06 0.0162124
v 1.04597 2.06 0.0111121
v 1.02642 2.06 0.00701175
v 1.00699 2.06 0.00388475
v 0.987739 2.06 0.00169894
v 0.968724 2.06 0.000417561
v 0.95 2.06 5.55112e-17
v 0.931276 2.06 0.000417561
v 0.912261 2.06 0.00169894
v 0.893008 2.06 0.00388475
v 0.873576 2.06 0.00701175
v 0.854028 2.06 0.0111121
v 0.834434 2.06 0.0162124
v 0.814866 2.06 0.0223335
v 0.7954 2.06 0.0294889
v 0.776117 2.06 0.0376852
v 0.757096 2.06 0.0469207
v 0.738421 2.06 0.0571857
v 0.720172 2.06 0.0684619
v 0.702431 2.06 0.0807223
v 0.685275 2.06 0.0939317
v 0.66878 2.06 0.108046
v 0.653015 2.06 0.123015
v 0.638046 2.06 0.13878
v 0.623932 2.06 0.155275
v 0.610722 2.06 0.172431
v 0.598462 2.06 0.190172
v 0.587186 2.06 0.208421
v 0.576921 2.06 0.227096
v 0.567685 2.06 0.246117
v 0.559489 2.06 0.2654
v 0.552333 2.06 0.284866
v 0.546212 2.06 0.304434
v 0.541112 2.06 0.324028
v 0.537012 2.06 0.343576
v 0.533885 2.06 0.363008
v 0.531699 2.06 0.382261
v 0.530418 2.06 0.401276
vn 0 1 -0
vn 0 1 -0
vn -2.22045e-16 1 0
vn 4.50751e-16 1 -0
vn 0 1 -0
vn 4.50751e-16 1 -0
vn -2.22045e-16 1 0
vn 0 1 -0
vn 0 1 -0
vn 0 1 -0
vn 2.22045e-16 1 -0
vn -2.28706e-16 1 0
vn 2.28706e-16 1 -0
vn 0 1 -0
vn 0 1 -0
vn 0 1 -0
vn 6.66134e-18 1 -0
vn 6.66134e-18 1 -0
vn -2.22045e-16 1 0
vn 0 1 -0
vn -6.66134e-18 1 0
vn 0 1 -0
vn 0 1 -0
vn 2.28706e-16 1 -0
vn 0 1 -0
vn 4.57412e-16 1 -0
vn 0 1 -0
vn 0 1 -0
vn 0 1 -0
vn 0 1 -0
vn 0 1 -0
vn 0 1 -0
vn 0 1 -0
vn 0 1 -0
vn 0 1 -0
vn 0 1 -0
vn 0 1 -0
vn 0 1 -0
vn 0 1 -0
vn 0 1 -0
vn 0 1 -0
vn 2.28706e-16 1 -0
vn 0 1 -0
vn 4.50751e-16 1 -0
vn 4.50751e-16 1 -0
vn -2.22045e-16 1 0
vn -2.22045e-16 1 0
vn 6.66134e-18 1 -0
vn 0 1 -0
vn 0 1 -0
vn 0 1 -0
vn -2.22045e-16 1 0
vn 2.28706e-16 1 -0
vn -2.28706e-16 1 0
vn 4.50751e-16 1 -0
vn 0 1 -0
vn 0 1 -0
vn 0 1 -0
vn -2.22045e-16 1 0
vn 4.50751e-16 1 -0
vn 0 1 -0
vn 6.66134e-18 1 -0
vn -2.22045e-16 1 0
vn 0 1 -0
vn 4.50751e-16 1 -0
vn 0 1 -0
vn 0 1 -0
vn 3.33067e-18 1 -0
vn 0 1 -0
vn -4.50751e-16 1 0
vn 1.11022e-16 1 -0
vn 1.14353e-16 1 -0
vn 0 1 -0
vn -1.11022e-16 1 0
vn -1.07692e-16 1 0
vn -3.33067e-18 1 0
vn 3.39728e-16 1 -0
vn -3.33067e-18 1 0
vn -1.09357e-16 1 0
vn 5.71765e-17 1 -0
vn -5.21805e-17 1 0
vn 3.33067e-18 1 -0
vn -5.55112e-17 1 0
vn -5.21805e-17 1 0
vn -3.33067e-18 1 0
vn -1.11022e-16 1 0
vn 1.95122e-16 1 -0
vn 3.67484e-16 1 -0
vn -2.60902e-17 1 0
vn 2.52298e-16 1 -0
vn 2.94209e-17 1 -0
vn 2.93515e-16 1 -0
vn -6.81399e-17 1 0
vn 1.72085e-17 1 -0
vn 1.03806e-16 1 -0
vn 4.36456e-16 1 -0
vn 1.95122e-16 1 -0
vn -1.92901e-17 1 0
vn -3.53606e-16 1 0
vn 4.996e-18 1 -0
vn -6.60583e-17 1 0
vn 2.80886e-16 1 -0
vn 3.35842e-17 1 -0
vn 2.55629e-16 1 -0
vn -2.50633e-16 1 0
vn 1.44607e-16 1 -0
vn -2.77556e-17 1 0
vn 8.24341e-17 1 -0
vn -1.66533e-18 1 0
vn -5.21805e-17 1 0
vn -5.88418e-17 1 0
vn 4.996e-18 1 -0
vn 3.93574e-16 1 -0
vn 1.66533e-18 1 -0
vn -1.09357e-16 1 0
vn 0 1 -0
vn -3.36398e-16 1 0
vn 0 1 -0
vn 3.36398e-16 1 -0
vn 3.36398e-16 1 -0
vn 3.33067e-18 1 -0
vn 1.17684e-16 1 -0
vn -3.33067e-18 1 0
vn 0 1 -0
vn 0 1 -0
vn 4.50751e-16 1 -0
vn 0 1 -0
vn 4.50751e-16 1 -0
g WheelFR_f1
usemtl rubber
f 1512//1512 1385//1385 1386//1386
f 1512//1512 1386//1386 1387//1387
f 1512//1512 1387//1387 1388//1388
f 1512//1512 1388//1388 1389//1389
f 1512//1512 1389//1389 1390//1390
f 1512//1512 1390//1390 1391//1391
f 1512//1512 1391//1391 1392//1392
f 1512//1512 1392//1392 1393//1393
f 1512//1512 1393//1393 1394//1394
f 1512//1512 1394//1394 1395//1395
f 1512//1512 1395//1395 1396//1396
f 1512//1512 1396//1396 1397//1397
f 1512//1512 1397//1397 1398//1398
f 1512//1512 1398//1398 1399//1399
f 1512//1512 1399//1399 1400//1400
f 1512//1512 1400//1400 1401//1401
f 1512//1512 1401//1401 1402//1402
f 1512//1512 1402//1402 1403//1403
f 1512//1512 1403//1403 1404//1404
f 1512//1512 1404//1404 1405//1405
f 1512//1512 1405//1405 1406//1406
f 1512//1512 1406//1406 1407//1407
f 1512//1512 1407//1407 1408//1408
f 1512//1512 1408//1408 1409//1409
f 1512//1512 1409//1409 1410//1410
f 1512//1512 1410//1410 1411//1411
f 1512//1512 1411//1411 1412//1412
f 1512//1512 1412//1412 1413//1413
f 1512//1512 1413//1413 1414//1414
f 1512//1512 1414//1414 1415//1415
f 1512//1512 1415//1415 1416//1416
f 1512//1512 1416//1416 1417//1417
f 1512//1512 1417//1417 1418//1418
f 1512//1512 1418//1418 1419//1419
f 1512//1512 1419//1419 1420//1420
f 1512//1512 1420//1420 1421//1421
f 1512//1512 1421//1421 1422//1422
f 1512//1512 1422//1422 1423//1423
f 1512//1512 1423//1423 1424//1424
f 1512//1512 1424//1424 1425//1425
f 1512//1512 1425//1425 1426//1426
f 1512//1512 1426//1426 1427//1427
f 1512//1512 1427//1427 1428//1428
f 1512//1512 1428//1428 1429//1429
f 1512//1512 1429//1429 1430//1430
f 1512//1512 1430//1430 1431//1431
f 1512//1512 1431//1431 1432//1432
f 1512//1512 1432//1432 1433//1433
f 1512//1512 1433//1433 1434//1434
f 1512//1512 1434//1434 1435//1435
f 1512//1512 1435//1435 1436//1436
f 1512//1512 1436//1436 1437//1437
f 1512//1512 1437//1437 1438//1438
f 1512//1512 1438//1438 1439//1439
f 1512//1512 1439//1439 1440//1440
f 1512//1512 1440//1440 1441//1441
f 1512//1512 1441//1441 1442//1442
f 1512//1512 1442//1442 1443//1443
f 1512//1512 1443//1443 1444//1444
f 1512//1512 1444//1444 1445//1445
f 1512//1512 1445//1445 1446//1446
f 1512//1512 1446//1446 1447//1447
f 1512//1512 1447//1447 1448//1448
f 1512//1512 1448//1448 1449//1449
f 1512//1512 1449//1449 1450//1450
f 1512//1512 1450//1450 1451//1451
f 1512//1512 1451//1451 1452//1452
f 1512//1512 1452//1452 1453//1453
f 1512//1512 1453//1453 1454//1454
f 1512//1512 1454//1454 1455//1455
f 1512//1512 1455//1455 1456//1456
f 1512//1512 1456//1456 1457//1457
f 1512//1512 1457//1457 1458//1458
f 1512//1512 1458//1458 1459//1459
f 1512//1512 1459//1459 1460//1460
f 1512//1512 1460//1460 1461//1461
f 1512//1512 1461//1461 1462//1462
f 1512//1512 1462//1462 1463//1463
f 1512//1512 1463//1463 1464//1464
f 1512//1512 1464//1464 1465//1465
f 1512//1512 1465//1465 1466//1466
f 1512//1512 1466//1466 1467//1467
f 1512//1512 1467//1467 1468//1468
f 1512//1512 1468//1468 1469//1469
f 1512//1512 1469//1469 1470//1470
f 1512//1512 1470//1470 1471//1471
f 1512//1512 1471//1471 1472//1472
f 1512//1512 1472//1472 1473//1473
f 1512//1512 1473//1473 1474//1474
f 1512//1512 1474//1474 1475//1475
f 1512//1512 1475//1475 1476//1476
f 1512//1512 1476//1476 1477//1477
f 1512//1512 1477//1477 1478//1478
f 1512//1512 1478//1478 1479//1479
f 1512//1512 1479//1479 1480//1480
f 1512//1512 1480//1480 1481//1481
f 1512//1512 1481//1481 1482//1482
f 1512//1512 1482//1482 1483//1483
f 1512//1512 1483//1483 1484//1484
f 1512//1512 1484//1484 1485//1485
f 1512//1512 1485//1485 1486//1486
f 1512//1512 1486//1486 1487//1487
f 1512//1512 1487//1487 1488//1488
f 1512//1512 1488//1488 1489//1489
f 1512//1512 1489//1489 1490//1490
f 1512//1512 1490//1490 1491//1491
f 1512//1512 1491//1491 1492//1492
f 1512//1512 1492//1492 1493//1493
f 1512//1512 1493//1493 1494//1494
f 1512//1512 1494//1494 1495//1495
f 1512//1512 1495//1495 1496//1496
f 1512//1512 1496//1496 1497//1497
f 1512//1512 1497//1497 1498//1498
f 1512//1512 1498//1498 1499//1499
f 1512//1512 1499//1499 1500//1500
f 1512//1512 1500//1500 1501//1501
f 1512//1512 1501//1501 1502//1502
f 1512//1512 1502//1502 1503//1503
f 1512//1512 1503//1503 1504//1504
f 1512//1512 1504//1504 1505//1505
f 1512//1512 1505//1505 1506//1506
f 1512//1512 1506//1506 1507//1507
f 1512//1512 1507//1507 1508//1508
f 1512//1512 1508//1508 1509//1509
f 1512//1512 1509//1509 1510//1510
f 1510//1510 1511//1511 1512//1512
v 0.53 1.72 0.42
v 0.530418 1.72 0.401276
v 0.531699 1.72 0.382261
v 0.533885 1.72 0.363008
v 0.537012 1.72 0.343576
v 0.541112 1.72 0.324028
v 0.546212 1.72 0.304434
v 0.552333 1.72 0.284866
v 0.559489 1.72 0.2654
v 0.567685 1.72 0.246117
v 0.576921 1.72 0.227096
v 0.587186 1.72 0.208421
v 0.598462 1.72 0.190172
v 0.610722 1.72 0.172431
v 0.623932 1.72 0.155275
v 0.638046 1.72 0.13878
v 0.653015 1.72 0.123015
v 0.66878 1.72 0.108046
v 0.685275 1.72 0.0939317
v 0.702431 1.72 0.0807223
v 0.720172 1.72 0.0684619
v 0.738421 1.72 0.0571857
v 0.757096 1.72 0.0469207
v 0.776117 1.72 0.0376852
v 0.7954 1.72 0.0294889
v 0.814866 1.72 0.0223335
v 0.834434 1.72 0.0162124
v 0.854028 1.72 0.0111121
v 0.873576 1.72 0.00701175
v 0.893008 1.72 0.00388475
v 0.912261 1.72 0.00169894
v 0.931276 1.72 0.000417561
v 0.95 1.72 5.55112e-17
v 0.968724 1.72 0.000417561
v 0.987739 1.72 0.00169894
v 1.00699 1.72 0.00388475
v 1.02642 1.72 0.00701175
v 1.04597 1.72 0.0111121
v 1.06557 1.72 0.0162124
v 1.08513 1.72 0.0223335
v 1.1046 1.72 0.0294889
v 1.12388 1.72 0.0376852
v 1.1429 1.72 0.0469207
v 1.16158 1.72 0.0571857
v 1.17983 1.72 0.0684619
v 1.19757 1.72 0.0807223
v 1.21473 1.72 0.0939317
v 1.23122 1.72 0.108046
v 1.24698 1.72 0.123015
v 1.26195 1.72 0.13878
v 1.27607 1.72 0.155275
v 1.28928 1.72 0.172431
v 1.30154 1.72 0.190172
v 1.31281 1.72 0.208421
v 1.32308 1.72 0.227096
v 1.33231 1.72 0.246117
v 1.34051 1.72 0.2654
v 1.34767 1.72 0.284866
v 1.35379 1.72 0.304434
v 1.35889 1.72 0.324028
v 1.36299 1.72 0.343576
v 1.36612 1.72 0.363008
v 1.3683 1.72 0.382261
v 1.36958 1.72 0.401276
v 1.37 1.72 0.42
v 1.36958 1.72 0.438724
v 1.3683 1.72 0.457739
v 1.36612 1.72 0.476992
v 1.36299 1.72 0.496424
v 1.35889 1.72 0.515972
v 1.35379 1.72 0.535566
v 1.34767 1.72 0.555134
v 1.34051 1.72 0.5746
v 1.33231 1.72 0.593883
v 1.32308 1.72 0.612904
v 1.31281 1.72 0.631579
v 1.30154 1.72 0.649828
v 1.28928 1.72 0.667569
v 1.27607 1.72 0.684725
v 1.26195 1.72 0.70122
v 1.24698 1.72 0.716985
v 1.23122 1.72 0.731954
v 1.21473 1.72 0.746068
v 1.19757 1.72 0.759278
v 1.17983 1.72 0.771538
v 1.16158 1.72 0.782814
v 1.1429 1.72 0.793079
v 1.12388 1.72 0.802315
v 1.1046 1.72 0.810511
v 1.08513 1.72 0.817667
v 1.06557 1.72 0.823788
v 1.04597 1.72 0.828888
v 1.02642 1.72 0.832988
v 1.00699 1.72 0.836115
v 0.987739 1.72 0.838301
v 0.968724 1.72 0.839582
v 0.95 1.72 0.84
v 0.931276 1.72 0.839582
v 0.912261 1.72 0.838301
v 0.893008 1.72 0.836115
v 0.873576 1.72 0.832988
v 0.854028 1.72 0.828888
v 0.834434 1.72 0.823788
v 0.814866 1.72 0.817667
v 0.7954 1.72 0.810511
v 0.776117 1.72 0.802315
v 0.757096 1.72 0.793079
v 0.738421 1.72 0.782814
v 0.720172 1.72 0.771538
v 0.702431 1.72 0.759278
v 0.685275 1.72 0.746068
v 0.66878 1.72 0.731954
v 0.653015 1.72 0.716985
v 0.638046 1.72 0.70122
v 0.623932 1.72 0.684725
v 0.610722 1.72 0.667569
v 0.598462 1.72 0.649828
v 0.587186 1.72 0.631579
v 0.576921 1.72 0.612904
v 0.567685 1.72 0.593883
v 0.559489 1.72 0.5746
v 0.552333 1.72 0.555134
v 0.546212 1.72 0.535566
v 0.541112 1.72 0.515972
v 0.537012 1.72 0.496424
v 0.533885 1.72 0.476992
v 0.531699 1.72 0.457739
v 0.530418 1.72 0.438724
vn 0 -1 -4.71845e-16
vn 1.11022e-16 -1 -4.57967e-16
vn -1.11022e-16 -1 -4.57967e-16
vn 2.06501e-16 -1 -4.57967e-16
vn 0 -1 -4.57967e-16
vn 0 -1 -4.71845e-16
vn 9.54792e-17 -1 -4.71845e-16
vn 9.54792e-17 -1 -4.996e-16
vn -1.90958e-16 -1 -4.71845e-16
vn -7.99361e-17 -1 -4.996e-16
vn 1.11022e-16 -1 -4.71845e-16
vn 2.06501e-16 -1 -4.996e-16
vn -3.9968e-17 -1 -2.77556e-16
vn 3.9968e-17 -1 -4.996e-16
vn -7.77156e-18 -1 -4.996e-16
vn -2.54241e-16 -1 -4.996e-16
vn 1.03251e-16 -1 -4.996e-16
vn 1.58762e-16 -1 -2.77556e-16
vn 7.77156e-18 -1 -5.55112e-16
vn 1.31006e-16 -1 -5.55112e-16
vn 7.54952e-17 -1 -5.55112e-16
vn 1.78746e-16 -1 -5.55112e-16
vn -1.11022e-16 -1 -3.33067e-16
vn 8.77076e-17 -1 -5.55112e-16
vn 5.16254e-17 -1 -4.44089e-16
vn -2.74225e-16 -1 -5.55112e-16
vn 1.15463e-16 -1 -6.66134e-16
vn 4.38538e-17 -1 -3.33067e-16
vn 1.03528e-16 -1 -4.44089e-16
vn 1.17406e-16 -1 -3.33067e-16
vn -9.38138e-17 -1 -6.66134e-16
vn -1.96787e-16 -1 -6.66134e-16
vn 2.38698e-17 -1 -5.55112e-16
vn 1.77081e-16 -1 -4.44089e-16
vn 2.88103e-16 -1 -6.66134e-16
vn 1.23235e-16 -1 -4.44089e-16
vn 9.32587e-17 -1 -6.66134e-16
vn 3.38618e-17 -1 -4.44089e-16
vn 1.07137e-16 -1 -6.66134e-16
vn 9.9365e-17 -1 -4.44089e-16
vn 4.38538e-17 -1 -6.66134e-16
vn -1.11577e-16 -1 -4.44089e-16
vn 7.93809e-17 -1 -6.66134e-16
vn -4.77396e-17 -1 -2.22045e-16
vn -1.23235e-16 -1 -2.22045e-16
vn 1.03251e-16 -1 -4.44089e-16
vn 1.5099e-16 -1 -2.22045e-16
vn -3.01981e-16 -1 -4.44089e-16
vn 8.77076e-17 -1 -4.44089e-16
vn -1.03251e-16 -1 -4.44089e-16
vn -7.77156e-18 -1 -4.44089e-16
vn 5.55112e-17 -1 -4.44089e-16
vn 7.99361e-17 -1 -4.44089e-16
vn -9.54792e-17 -1 -4.44089e-16
vn 9.54792e-17 -1 -4.44089e-16
vn 0 -1 -4.44089e-16
vn 1.11022e-16 -1 -4.44089e-16
vn -9.54792e-17 -1 -4.44089e-16
vn -1.55431e-17 -1 -4.44089e-16
vn 7.99361e-17 -1 -4.44089e-16
vn 1.11022e-16 -1 -4.44089e-16
vn 7.99361e-17 -1 -4.44089e-16
vn 1.11022e-16 -1 -4.44089e-16
vn 1.11022e-16 -1 -4.44089e-16
vn 7.99361e-17 -1 -4.44089e-16
vn 1.90958e-16 -1 -4.44089e-16
vn -2.22045e-16 -1 -4.44089e-16
vn -3.10862e-17 -1 -4.44089e-16
vn 2.22045e-16 -1 -4.44089e-16
vn 1.90958e-16 -1 -4.44089e-16
vn -1.90958e-16 -1 -4.44089e-16
vn 0 -1 -4.44089e-16
vn 0 -1 -4.44089e-16
vn -2.22045e-16 -1 -4.44089e-16
vn 0 -1 -4.44089e-16
vn 3.10862e-17 -1 -4.44089e-16
vn 1.90958e-16 -1 -4.44089e-16
vn 0 -1 -4.44089e-16
vn 0 -1 -4.44089e-16
vn 0 -1 -4.44089e-16
vn 1.90958e-16 -1 -4.44089e-16
vn 1.90958e-16 -1 -2.22045e-16
vn 0 -1 -6.66134e-16
vn 0 -1 -4.44089e-16
vn -1.90958e-16 -1 -2.22045e-16
vn 0 -1 -4.44089e-16
vn 0 -1 -6.66134e-16
vn 1.90958e-16 -1 -6.66134e-16
vn 0 -1 -2.22045e-16
vn 3.81917e-16 -1 -6.66134e-16
vn 0 -1 -6.66134e-16
vn 0 -1 -6.66134e-16
vn 0 -1 -6.66134e-16
vn 0 -1 -4.44089e-16
vn 0 -1 -6.66134e-16
vn 0 -1 -4.44089e-16
vn 0 -1 -5.55112e-16
vn 0 -1 -4.44089e-16
vn 0 -1 -4.44089e-16
vn 0 -1 -4.44089e-16
vn 0 -1 -6.66134e-16
vn 0 -1 -5.55112e-16
vn 3.81917e-16 -1 -4.44089e-16
vn 0 -1 -6.66134e-16
vn 0 -1 -6.66134e-16
vn 1.90958e-16 -1 -3.33067e-16
vn 0 -1 -3.33067e-16
vn 1.90958e-16 -1 -3.33067e-16
vn -1.90958e-16 -1 -5.55112e-16
vn 0 -1 -3.33067e-16
vn 0 -1 -5.55112e-16
vn 1.90958e-16 -1 -3.33067e-16
vn 1.90958e-16 -1 -3.33067e-16
vn 0 -1 -4.996e-16
vn 0 -1 -5.55112e-16
vn 0 -1 -4.996e-16
vn 1.90958e-16 -1 -4.996e-16
vn 3.10862e-17 -1 -4.996e-16
vn -3.10862e-17 -1 -4.71845e-16
vn -2.22045e-16 -1 -4.71845e-16
vn 0 -1 -4.996e-16
vn -3.10862e-17 -1 -4.996e-16
vn -5.23853e-32 -1 -4.71845e-16
vn 1.90958e-16 -1 -4.71845e-16
vn 2.22045e-16 -1 -4.71845e-16
vn 1.90958e-16 -1 -4.57967e-16
vn 0 -1 -4.71845e-16
vn 0 -1 -4.57967e-16
g WheelFR_f2
usemtl rubber
f 1640//1640 1513//1513 1514//1514
f 1640//1640 1514//1514 1515//1515
f 1640//1640 1515//1515 1516//1516
f 1640//1640 1516//1516 1517//1517
f 1640//1640 1517//1517 1518//1518
f 1640//1640 1518//1518 1519//1519
f 1640//1640 1519//1519 1520//1520
f 1640//1640 1520//1520 1521//1521
f 1640//1640 1521//1521 1522//1522
f 1640//1640 1522//1522 1523//1523
f 1640//1640 1523//1523 1524//1524
f 1640//1640 1524//1524 1525//1525
f 1640//1640 1525//1525 1526//1526
f 1640//1640 1526//1526 1527//1527
f 1640//1640 1527//1527 1528//1528
f 1640//1640 1528//1528 1529//1529
f 1640//1640 1529//1529 1530//1530
f 1640//1640 1530//1530 1531//1531
f 1640//1640 1531//1531 1532//1532
f 1640//1640 1532//1532 1533//1533
f 1640//1640 1533//1533 1534//1534
f 1640//1640 1534//1534 1535//1535
f 1640//1640 1535//1535 1536//1536
f 1640//1640 1536//1536 1537//1537
f 1640//1640 1537//1537 1538//1538
f 1640//1640 1538//1538 1539//1539
f 1640//1640 1539//1539 1540//1540
f 1640//1640 1540//1540 1541//1541
f 1640//1640 1541//1541 1542//1542
f 1640//1640 1542//1542 1543//1543
f 1640//1640 1543//1543 1544//1544
f 1640//1640 1544//1544 1545//1545
f 1640//1640 1545//1545 1546//1546
f 1640//1640 1546//1546 1547//1547
f 1640//1640 1547//1547 1548//1548
f 1640//1640 1548//1548 1549//1549
f 1640//1640 1549//1549 1550//1550
f 1640//1640 1550//1550 1551//1551
f 1640//1640 1551//1551 1552//1552
f 1640//1640 1552//1552 1553//1553
f 1640//1640 1553//1553 1554//1554
f 1640//1640 1554//1554 1555//1555
f 1640//1640 1555//1555 1556//1556
f 1640//1640 1556//1556 1557//1557
f 1640//1640 1557//1557 1558//1558
f 1640//1640 1558//1558 1559//1559
f 1640//1640 1559//1559 1560//1560
f 1640//1640 1560//1560 1561//1561
f 1640//1640 1561//1561 1562//1562
f 1640//1640 1562//1562 1563//1563
f 1640//1640 1563//1563 1564//1564
f 1640//1640 1564//1564 1565//1565
f 1640//1640 1565//1565 1566//1566
f 1640//1640 1566//1566 1567//1567
f 1640//1640 1567//1567 1568//1568
f 1640//1640 1568//1568 1569//1569
f 1640//1640 1569//1569 1570//1570
f 1640//1640 1570//1570 1571//1571
f 1640//1640 1571//1571 1572//1572
f 1640//1640 1572//1572 1573//1573
f 1640//1640 1573//1573 1574//1574
f 1640//1640 1574//1574 1575//1575
f 1640//1640 1575//1575 1576//1576
f 1640//1640 1576//1576 1577//1577
f 1640//1640 1577//1577 1578//1578
f 1640//1640 1578//1578 1579//1579
f 1640//1640 1579//1579 1580//1580
f 1640//1640 1580//1580 1581//1581
f 1640//1640 1581//1581 1582//1582
f 1640//1640 1582//1582 1583//1583
f 1640//1640 1583//1583 1584//1584
f 1640//1640 1584//1584 1585//1585
f 1640//1640 1585//1585 1586//1586
f 1640//1640 1586//1586 1587//1587
f 1640//1640 1587//1587 1588//1588
f 1640//1640 1588//1588 1589//1589
f 1640//1640 1589//1589 1590//1590
f 1640//1640 1590//1590 1591//1591
f 1640//1640 1591//1591 1592//1592
f 1640//1640 1592//1592 1593//1593
f 1640//1640 1593//1593 1594//1594
f 1640//1640 1594//1594 1595//1595
f 1640//1640 1595//1595 1596//1596
f 1640//1640 1596//1596 1597//1597
f 1640//1640 1597//1597 1598//1598
f 1640//1640 1598//1598 1599//1599
f 1640//1640 1599//1599 1600//1600
f 1640//1640 1600//1600 1601//1601
f 1640//1640 1601//1601 1602//1602
f 1640//1640 1602//1602 1603//1603
f 1640//1640 1603//1603 1604//1604
f 1640//1640 1604//1604 1605//1605
f 1640//1640 1605//1605 1606//1606
f 1640//1640 1606//1606 1607//1607
f 1640//1640 1607//1607 1608//1608
f 1640//1640 1608//1608 1609//1609
f 1640//1640 1609//1609 1610//1610
f 1640//1640 1610//1610 1611//1611
f 1640//1640 1611//1611 1612//1612
f 1640//1640 1612//1612 1613//1613
f 1640//1640 1613//1613 1614//1614
f 1640//1640 1614//1614 1615//1615
f 1640//1640 1615//1615 1616//1616
f 1640//1640 1616//1616 1617//1617
f 1640//1640 1617//1617 1618//1618
f 1640//1640 1618//1618 1619//1619
f 1640//1640 1619//1619 1620//1620
f 1640//1640 1620//1620 1621//1621
f 1640//1640 1621//1621 1622//1622
f 1640//1640 1622//1622 1623//1623
f 1640//1640 1623//1623 1624//1624
f 1640//1640 1624//1624 1625//1625
f 1640//1640 1625//1625 1626//1626
f 1640//1640 1626//1626 1627//1627
f 1640//1640 1627//1627 1628//1628
f 1640//1640 1628//1628 1629//1629
f 1640//1640 1629//1629 1630//1630
f 1640//1640 1630//1630 1631//1631
f 1640//1640 1631//1631 1632//1632
f 1640//1640 1632//1632 1633//1633
f 1640//1640 1633//1633 1634//1634
f 1640//1640 1634//1634 1635//1635
f 1640//1640 1635//1635 1636//1636
f 1640//1640 1636//1636 1637//1637
f 1640//1640 1637//1637 1638//1638
f 1638//1638 1639//1639 1640//1640
o WheelRL
v 2.73 -0.06 0.42
v 2.73042 -0.06 0.438724
v 2.7317 -0.06 0.457739
v 2.73388 -0.06 0.476992
v 2.73701 -0.06 0.496424
v 2.74111 -0.06 0.515972
v 2.74621 -0.06 0.535566
v 2.75233 -0.06 0.555134
v 2.75949 -0.06 0.5746
v 2.76769 -0.06 0.593883
v 2.77692 -0.06 0.612904
v 2.78719 -0.06 0.631579
v 2.79846 -0.06 0.649828
v 2.81072 -0.06 0.667569
v 2.82393 -0.06 0.684725
v 2.83805 -0.06 0.70122
v 2.85302 -0.06 0.716985
v 2.86878 -0.06 0.731954
v 2.88527 -0.06 0.746068
v 2.90243 -0.06 0.759278
v 2.92017 -0.06 0.771538
v 2.93842 -0.06 0.782814
v 2.9571 -0.06 0.793079
v 2.97612 -0.06 0.802315
v 2.9954 -0.06 0.810511
v 3.01487 -0.06 0.817667
v 3.03443 -0.06 0.823788
v 3.05403 -0.06 0.828888
v 3.07358 -0.06 0.832988
v 3.09301 -0.06 0.836115
v 3.11226 -0.06 0.838301
v 3.13128 -0.06 0.839582
v 3.15 -0.06 0.84
v 3.16872 -0.06 0.839582
v 3.18774 -0.06 0.838301
v 3.20699 -0.06 0.836115
v 3.22642 -0.06 0.832988
v 3.24597 -0.06 0.828888
v 3.26557 -0.06 0.823788
v 3.28513 -0.06 0.817667
v 3.3046 -0.06 0.810511
v 3.32388 -0.06 0.802315
v 3.3429 -0.06 0.793079
v 3.36158 -0.06 0.782814
v 3.37983 -0.06 0.771538
v 3.39757 -0.06 0.759278
v 3.41473 -0.06 0.746068
v 3.43122 -0.06 0.731954
v 3.44698 -0.06 0.716985
v 3.46195 -0.06 0.70122
v 3.47607 -0.06 0.684725
v 3.48928 -0.06 0.667569
v 3.50154 -0.06 0.649828
v 3.51281 -0.06 0.631579
v 3.52308 -0.06 0.612904
v 3.53231 -0.06 0.593883
v 3.54051 -0.06 0.5746
v 3.54767 -0.06 0.555134
v 3.55379 -0.06 0.535566
v 3.55889 -0.06 0.515972
v 3.56299 -0.06 0.496424
v 3.56612 -0.06 0.476992
v 3.5683 -0.06 0.457739
v 3.56958 -0.06 0.438724
v 3.57 -0.06 0.42
v 3.56958 -0.06 0.401276
v 3.5683 -0.06 0.382261
v 3.56612 -0.06 0.363008
v 3.56299 -0.06 0.343576
v 3.55889 -0.06 0.324028
v 3.55379 -0.06 0.304434
v 3.54767 -0.06 0.284866
v 3.54051 -0.06 0.2654
v 3.53231 -0.06 0.246117
v 3.52308 -0.06 0.227096
v 3.51281 -0.06 0.208421
v 3.50154 -0.06 0.190172
v 3.48928 -0.06 0.172431
v 3.47607 -0.06 0.155275
v 3.46195 -0.06 0.13878
v 3.44698 -0.06 0.123015
v 3.43122 -0.06 0.108046
v 3.41473 -0.06 0.0939317
v 3.39757 -0.06 0.0807223
v 3.37983 -0.06 0.0684619
v 3.36158 -0.06 0.0571857
v 3.3429 -0.06 0.0469207
v 3.32388 -0.06 0.0376852
v 3.3046 -0.06 0.0294889
v 3.28513 -0.06 0.0223335
v 3.26557 -0.06 0.0162124
v 3.24597 -0.06 0.0111121
v 3.22642 -0.06 0.00701175
v 3.20699 -0.06 0.00388475
v 3.18774 -0.06 0.00169894
v 3.16872 -0.06 0.000417561
v 3.15 -0.06 5.55112e-17
v 3.13128 -0.06 0.000417561
v 3.11226 -0.06 0.00169894
v 3.09301 -0.06 0.00388475
v 3.07358 -0.06 0.00701175
v 3.05403 -0.06 0.0111121
v 3.03443 -0.06 0.0162124
v 3.01487 -0.06 0.0223335
v 2.9954 -0.06 0.0294889
v 2.97612 -0.06 0.0376852
v 2.9571 -0.06 0.0469207
v 2.93842 -0.06 0.0571857
v 2.92017 -0.06 0.0684619
v 2.90243 -0.06 0.0807223
v 2.88527 -0.06 0.0939317
v 2.86878 -0.06 0.108046
v 2.85302 -0.06 0.123015
v 2.83805 -0.06 0.13878
v 2.82393 -0.06 0.155275
v 2.81072 -0.06 0.172431
v 2.79846 -0.06 0.190172
v 2.78719 -0.06 0.208421
v 2.77692 -0.06 0.227096
v 2.76769 -0.06 0.246117
v 2.75949 -0.06 0.2654
v 2.75233 -0.06 0.284866
v 2.74621 -0.06 0.304434
v 2.74111 -0.06 0.324028
v 2.73701 -0.06 0.343576
v 2.73388 -0.06 0.363008
v 2.7317 -0.06 0.382261
v 2.73042 -0.06 0.401276
v 2.73 -0.06 0.42
v 2.73 0.12 0.42
v 2.73042 0.12 0.438724
v 2.7317 0.12 0.457739
v 2.73388 0.12 0.476992
v 2.73701 0.12 0.496424
v 2.74111 0.12 0.515972
v 2.74621 0.12 0.535566
v 2.75233 0.12 0.555134
v 2.75949 0.12 0.5746
v 2.76769 0.12 0.593883
v 2.77692 0.12 0.612904
v 2.78719 0.12 0.631579
v 2.79846 0.12 0.649828
v 2.81072 0.12 0.667569
v 2.82393 0.12 0.684725
v 2.83805 0.12 0.70122
v 2.85302 0.12 0.716985
v 2.86878 0.12 0.731954
v 2.88527 0.12 0.746068
v 2.90243 0.12 0.759278
v 2.92017 0.12 0.771538
v 2.93842 0.12 0.782814
v 2.9571 0.12 0.793079
v 2.97612 0.12 0.802315
v 2.9954 0.12 0.810511
v 3.01487 0.12 0.817667
v 3.03443 0.12 0.823788
v 3.05403 0.12 0.828888
v 3.07358 0.12 0.832988
v 3.09301 0.12 0.836115
v 3.11226 0.12 0.838301
v 3.13128 0.12 0.839582
v 3.15 0.12 0.84
v 3.16872 0.12 0.839582
v 3.18774 0.12 0.838301
v 3.20699 0.12 0.836115
v 3.22642 0.12 0.832988
v 3.24597 0.12 0.828888
v 3.26557 0.12 0.823788
v 3.28513 0.12 0.817667
v 3.3046 0.12 0.810511
v 3.32388 0.12 0.802315
v 3.3429 0.12 0.793079
v 3.36158 0.12 0.782814
v 3.37983 0.12 0.771538
v 3.39757 0.12 0.759278
v 3.41473 0.12 0.746068
v 3.43122 0.12 0.731954
v 3.44698 0.12 0.716985
v 3.46195 0.12 0.70122
v 3.47607 0.12 0.684725
v 3.48928 0.12 0.667569
v 3.50154 0.12 0.649828
v 3.51281 0.12 0.631579
v 3.52308 0.12 0.612904
v 3.53231 0.12 0.593883
v 3.54051 0.12 0.5746
v 3.54767 0.12 0.555134
v 3.55379 0.12 0.535566
v 3.55889 0.12 0.515972
v 3.56299 0.12 0.496424
v 3.56612 0.12 0.476992
v 3.5683 0.12 0.457739
v 3.56958 0.12 0.438724
v 3.57 0.12 0.42
v 3.56958 0.12 0.401276
v 3.5683 0.12 0.382261
v 3.56612 0.12 0.363008
v 3.56299 0.12 0.343576
v 3.55889 0.12 0.324028
v 3.55379 0.12 0.304434
v 3.54767 0.12 0.284866
v 3.54051 0.12 0.2654
v 3.53231 0.12 0.246117
v 3.52308 0.12 0.227096
v 3.51281 0.12 0.208421
v 3.50154 0.12 0.190172
v 3.48928 0.12 0.172431
v 3.47607 0.12 0.155275
v 3.46195 0.12 0.13878
v 3.44698 0.12 0.123015
v 3.43122 0.12 0.108046
v 3.41473 0.12 0.0939317
v 3.39757 0.12 0.0807223
v 3.37983 0.12 0.0684619
v 3.36158 0.12 0.0571857
v 3.3429 0.12 0.0469207
v 3.32388 0.12 0.0376852
v 3.3046 0.12 0.0294889
v 3.28513 0.12 0.0223335
v 3.26557 0.12 0.0162124
v 3.24597 0.12 0.0111121
v 3.22642 0.12 0.00701175
v 3.20699 0.12 0.00388475
v 3.18774 0.12 0.00169894
v 3.16872 0.12 0.000417561
v 3.15 0.12 5.55112e-17
v 3.13128 0.12 0.000417561
v 3.11226 0.12 0.00169894
v 3.09301 0.12 0.00388475
v 3.07358 0.12 0.00701175
v 3.05403 0.12 0.0111121
v 3.03443 0.12 0.0162124
v 3.01487 0.12 0.0223335
v 2.9954 0.12 0.0294889
v 2.97612 0.12 0.0376852
v 2.9571 0.12 0.0469207
v 2.93842 0.12 0.0571857
v 2.92017 0.12 0.0684619
v 2.90243 0.12 0.0807223
v 2.88527 0.12 0.0939317
v 2.86878 0.12 0.108046
v 2.85302 0.12 0.123015
v 2.83805 0.12 0.13878
v 2.82393 0.12 0.155275
v 2.81072 0.12 0.172431
v 2.79846 0.12 0.190172
v 2.78719 0.12 0.208421
v 2.77692 0.12 0.227096
v 2.76769 0.12 0.246117
v 2.75949 0.12 0.2654
v 2.75233 0.12 0.284866
v 2.74621 0.12 0.304434
v 2.74111 0.12 0.324028
v 2.73701 0.12 0.343576
v 2.73388 0.12 0.363008
v 2.7317 0.12 0.382261
v 2.73042 0.12 0.401276
v 2.73 0.12 0.42
v 2.73 0.3 0.42
v 2.73042 0.3 0.438724
v 2.7317 0.3 0.457739
v 2.73388 0.3 0.476992
v 2.73701 0.3 0.496424
v 2.74111 0.3 0.515972
v 2.74621 0.3 0.535566
v 2.75233 0.3 0.555134
v 2.75949 0.3 0.5746
v 2.76769 0.3 0.593883
v 2.77692 0.3 0.612904
v 2.78719 0.3 0.631579
v 2.79846 0.3 0.649828
v 2.81072 0.3 0.667569
v 2.82393 0.3 0.684725
v 2.83805 0.3 0.70122
v 2.85302 0.3 0.716985
v 2.86878 0.3 0.731954
v 2.88527 0.3 0.746068
v 2.90243 0.3 0.759278
v 2.92017 0.3 0.771538
v 2.93842 0.3 0.782814
v 2.9571 0.3 0.793079
v 2.97612 0.3 0.802315
v 2.9954 0.3 0.810511
v 3.01487 0.3 0.817667
v 3.03443 0.3 0.823788
v 3.05403 0.3 0.828888
v 3.07358 0.3 0.832988
v 3.09301 0.3 0.836115
v 3.11226 0.3 0.838301
v 3.13128 0.3 0.839582
v 3.15 0.3 0.84
v 3.16872 0.3 0.839582
v 3.18774 0.3 0.838301
v 3.20699 0.3 0.836115
v 3.22642 0.3 0.832988
v 3.24597 0.3 0.828888
v 3.26557 0.3 0.823788
v 3.28513 0.3 0.817667
v 3.3046 0.3 0.810511
v 3.32388 0.3 0.802315
v 3.3429 0.3 0.793079
v 3.36158 0.3 0.782814
v 3.37983 0.3 0.771538
v 3.39757 0.3 0.759278
v 3.41473 0.3 0.746068
v 3.43122 0.3 0.731954
v 3.44698 0.3 0.716985
v 3.46195 0.3 0.70122
v 3.47607 0.3 0.684725
v 3.48928 0.3 0.667569
v 3.50154 0.3 0.649828
v 3.51281 0.3 0.631579
v 3.52308 0.3 0.612904
v 3.53231 0.3 0.593883
v 3.54051 0.3 0.5746
v 3.54767 0.3 0.555134
v 3.55379 0.3 0.535566
v 3.55889 0.3 0.515972
v 3.56299 0.3 0.496424
v 3.56612 0.3 0.476992
v 3.5683 0.3 0.457739
v 3.56958 0.3 0.438724
v 3.57 0.3 0.42
v 3.56958 0.3 0.401276
v 3.5683 0.3 0.382261
v 3.56612 0.3 0.363008
v 3.56299 0.3 0.343576
v 3.55889 0.3 0.324028
v 3.55379 0.3 0.304434
v 3.54767 0.3 0.284866
v 3.54051 0.3 0.2654
v 3.53231 0.3 0.246117
v 3.52308 0.3 0.227096
v 3.51281 0.3 0.208421
v 3.50154 0.3 0.190172
v 3.48928 0.3 0.172431
v 3.47607 0.3 0.155275
v 3.46195 0.3 0.13878
v 3.44698 0.3 0.123015
v 3.43122 0.3 0.108046
v 3.41473 0.3 0.0939317
v 3.39757 0.3 0.0807223
v 3.37983 0.3 0.0684619
v 3.36158 0.3 0.0571857
v 3.3429 0.3 0.0469207
v 3.32388 0.3 0.0376852
v 3.3046 0.3 0.0294889
v 3.28513 0.3 0.0223335
v 3.26557 0.3 0.0162124
v 3.24597 0.3 0.0111121
v 3.22642 0.3 0.00701175
v 3.20699 0.3 0.00388475
v 3.18774 0.3 0.00169894
v 3.16872 0.3 0.000417561
v 3.15 0.3 5.55112e-17
v 3.13128 0.3 0.000417561
v 3.11226 0.3 0.00169894
v 3.09301 0.3 0.00388475
v 3.07358 0.3 0.00701175
v 3.05403 0.3 0.0111121
v 3.03443 0.3 0.0162124
v 3.01487 0.3 0.0223335
v 2.9954 0.3 0.0294889
v 2.97612 0.3 0.0376852
v 2.9571 0.3 0.0469207
v 2.93842 0.3 0.0571857
v 2.92017 0.3 0.0684619
v 2.90243 0.3 0.0807223
v 2.88527 0.3 0.0939317
v 2.86878 0.3 0.108046
v 2.85302 0.3 0.123015
v 2.83805 0.3 0.13878
v 2.82393 0.3 0.155275
v 2.81072 0.3 0.172431
v 2.79846 0.3 0.190172
v 2.78719 0.3 0.208421
v 2.77692 0.3 0.227096
v 2.76769 0.3 0.246117
v 2.75949 0.3 0.2654
v 2.75233 0.3 0.284866
v 2.74621 0.3 0.304434
v 2.74111 0.3 0.324028
v 2.73701 0.3 0.343576
v 2.73388 0.3 0.363008
v 2.7317 0.3 0.382261
v 2.73042 0.3 0.401276
v 2.73 0.3 0.42
vn -1 0 0
vn -0.999006 0 0.0445802
vn -0.995955 0 0.0898544
vn -0.990751 0 0.135695
vn -0.983305 0 0.181963
vn -0.973543 0 0.228505
vn -0.961399 0 0.275158
vn -0.946825 0 0.321749
vn -0.929788 0 0.368095
vn -0.910273 0 0.414008
vn -0.888284 0 0.459295
vn -0.863844 0 0.50376
vn -0.836996 0 0.54721
vn -0.807804 0 0.589451
vn -0.776353 0 0.630298
vn -0.742747 0 0.669572
vn -0.707107 0 0.707107
vn -0.669572 0 0.742747
vn -0.630298 0 0.776353
vn -0.589451 0 0.807804
vn -0.54721 0 0.836996
vn -0.50376 0 0.863844
vn -0.459295 0 0.888284
vn -0.414008 0 0.910273
vn -0.368095 0 0.929788
vn -0.321749 0 0.946825
vn -0.275158 0 0.961399
vn -0.228505 0 0.973543
vn -0.181963 0 0.983305
vn -0.135695 0 0.990751
vn -0.0898544 0 0.995955
vn -0.0445802 0 0.999006
vn 1.86916e-16 -0 1
vn 0.0445802 -0 0.999006
vn 0.0898544 -0 0.995955
vn 0.135695 -0 0.990751
vn 0.181963 -0 0.983305
vn 0.228505 -0 0.973543
vn 0.275158 -0 0.961399
vn 0.321749 -0 0.946825
vn 0.368095 -0 0.929788
vn 0.414008 -0 0.910273
vn 0.459295 -0 0.888284
vn 0.50376 -0 0.863844
vn 0.54721 -0 0.836996
vn 0.589451 -0 0.807804
vn 0.630298 -0 0.776353
vn 0.669572 -0 0.742747
vn 0.707107 -0 0.707107
vn 0.742747 -0 0.669572
vn 0.776353 -0 0.630298
vn 0.807804 -0 0.589451
vn 0.836996 -0 0.54721
vn 0.863844 -0 0.50376
vn 0.888284 -0 0.459295
vn 0.910273 -0 0.414008
vn 0.929788 -0 0.368095
vn 0.946825 -0 0.321749
vn 0.961399 -0 0.275158
vn 0.973543 -0 0.228505
vn 0.983305 -0 0.181963
vn 0.990751 -0 0.135695
vn 0.995955 -0 0.0898544
vn 0.999006 -0 0.0445802
vn 1 -0 0
vn 0.999006 0 -0.0445802
vn 0.995955 0 -0.0898544
vn 0.990751 0 -0.135695
vn 0.983305 0 -0.181963
vn 0.973543 0 -0.228505
vn 0.961399 0 -0.275158
vn 0.946825 0 -0.321749
vn 0.929788 0 -0.368095
vn 0.910273 0 -0.414008
vn 0.888284 0 -0.459295
vn 0.863844 0 -0.50376
vn 0.836996 0 -0.54721
vn 0.807804 0 -0.589451
vn 0.776353 0 -0.630298
vn 0.742747 0 -0.669572
vn 0.707107 0 -0.707107
vn 0.669572 0 -0.742747
vn 0.630298 0 -0.776353
vn 0.589451 0 -0.807804
vn 0.54721 0 -0.836996
vn 0.50376 0 -0.863844
vn 0.459295 0 -0.888284
vn 0.414008 0 -0.910273
vn 0.368095 0 -0.929788
vn 0.321749 0 -0.946825
vn 0.275158 0 -0.961399
vn 0.228505 0 -0.973543
vn 0.181963 0 -0.983305
vn 0.135695 0 -0.990751
vn 0.0898544 0 -0.995955
vn 0.0445802 0 -0.999006
vn 2.64339e-16 0 -1
vn -0.0445802 0 -0.999006
vn -0.0898544 0 -0.995955
vn -0.135695 0 -0.990751
vn -0.181963 0 -0.983305
vn -0.228505 0 -0.973543
vn -0.275158 0 -0.961399
vn -0.321749 0 -0.946825
vn -0.368095 0 -0.929788
vn -0.414008 0 -0.910273
vn -0.459295 0 -0.888284
vn -0.50376 0 -0.863844
vn -0.54721 0 -0.836996
vn -0.589451 0 -0.807804
vn -0.630298 0 -0.776353
vn -0.669572 0 -0.742747
vn -0.707107 0 -0.707107
vn -0.742747 0 -0.669572
vn -0.776353 0 -0.630298
vn -0.807804 0 -0.589451
vn -0.836996 0 -0.54721
vn -0.863844 0 -0.50376
vn -0.888284 0 -0.459295
vn -0.910273 0 -0.414008
vn -0.929788 0 -0.368095
vn -0.946825 0 -0.321749
vn -0.961399 0 -0.275158
vn -0.973543 0 -0.228505
vn -0.983305 0 -0.181963
vn -0.990751 0 -0.135695
vn -0.995955 0 -0.0898544
vn -0.999006 0 -0.0445802
vn -1 0 0
vn -1 0 3.73832e-16
vn -0.999006 0 0.0445802
vn -0.995955 0 0.0898544
vn -0.990751 0 0.135695
vn -0.983305 0 0.181963
vn -0.973543 0 0.228505
vn -0.961399 0 0.275158
vn -0.946825 0 0.321749
vn -0.929788 0 0.368095
vn -0.910273 0 0.414008
vn -0.888284 0 0.459295
vn -0.863844 0 0.50376
vn -0.836996 0 0.54721
vn -0.807804 0 0.589451
vn -0.776353 0 0.630298
vn -0.742747 0 0.669572
vn -0.707107 0 0.707107
vn -0.669572 0 0.742747
vn -0.630298 0 0.776353
vn -0.589451 0 0.807804
vn -0.54721 0 0.836996
vn -0.50376 0 0.863844
vn -0.459295 0 0.888284
vn -0.414008 0 0.910273
vn -0.368095 0 0.929788
vn -0.321749 0 0.946825
vn -0.275158 0 0.961399
vn -0.228505 0 0.973543
vn -0.181963 0 0.983305
vn -0.135695 0 0.990751
vn -0.0898544 0 0.995955
vn -0.0445802 0 0.999006
vn -0 0 1
vn 0.0445802 -0 0.999006
vn 0.0898544 -0 0.995955
vn 0.135695 -0 0.990751
vn 0.181963 -0 0.983305
vn 0.228505 -0 0.973543
vn 0.275158 -0 0.961399
vn 0.321749 -0 0.946825
vn 0.368095 -0 0.929788
vn 0.414008 -0 0.910273
vn 0.459295 -0 0.888284
vn 0.50376 -0 0.863844
vn 0.54721 -0 0.836996
vn 0.589451 -0 0.807804
vn 0.630298 -0 0.776353
vn 0.669572 -0 0.742747
vn 0.707107 -0 0.707107
vn 0.742747 -0 0.669572
vn 0.776353 -0 0.630298
vn 0.807804 -0 0.589451
vn 0.836996 -0 0.54721
vn 0.863844 -0 0.50376
vn 0.888284 -0 0.459295
vn 0.910273 -0 0.414008
vn 0.929788 -0 0.368095
vn 0.946825 -0 0.321749
vn 0.961399 -0 0.275158
vn 0.973543 -0 0.228505
vn 0.983305 -0 0.181963
vn 0.990751 -0 0.135695
vn 0.995955 -0 0.0898544
vn 0.999006 -0 0.0445802
vn 1 -0 7.47663e-16
vn 0.999006 0 -0.0445802
vn 0.995955 0 -0.0898544
vn 0.990751 0 -0.135695
vn 0.983305 0 -0.181963
vn 0.973543 0 -0.228505
vn 0.961399 0 -0.275158
vn 0.946825 0 -0.321749
vn 0.929788 0 -0.368095
vn 0.910273 0 -0.414008
vn 0.888284 0 -0.459295
vn 0.863844 0 -0.50376
vn 0.836996 0 -0.54721
vn 0.807804 0 -0.589451
vn 0.776353 0 -0.630298
vn 0.742747 0 -0.669572
vn 0.707107 0 -0.707107
vn 0.669572 0 -0.742747
vn 0.630298 0 -0.776353
vn 0.589451 0 -0.807804
vn 0.54721 0 -0.836996
vn 0.50376 0 -0.863844
vn 0.459295 0 -0.888284
vn 0.414008 0 -0.910273
vn 0.368095 0 -0.929788
vn 0.321749 0 -0.946825
vn 0.275158 0 -0.961399
vn 0.228505 0 -0.973543
vn 0.181963 0 -0.983305
vn 0.135695 0 -0.990751
vn 0.0898544 0 -0.995955
vn 0.0445802 0 -0.999006
vn 2.64339e-16 0 -1
vn -0.0445802 0 -0.999006
vn -0.0898544 0 -0.995955
vn -0.135695 0 -0.990751
vn -0.181963 0 -0.983305
vn -0.228505 0 -0.973543
vn -0.275158 0 -0.961399
vn -0.321749 0 -0.946825
vn -0.368095 0 -0.929788
vn -0.414008 0 -0.910273
vn -0.459295 0 -0.888284
vn -0.50376 0 -0.863844
vn -0.54721 0 -0.836996
vn -0.589451 0 -0.807804
vn -0.630298 0 -0.776353
vn -0.669572 0 -0.742747
vn -0.707107 0 -0.707107
vn -0.742747 0 -0.669572
vn -0.776353 0 -0.630298
vn -0.807804 0 -0.589451
vn -0.836996 0 -0.54721
vn -0.863844 0 -0.50376
vn -0.888284 0 -0.459295
vn -0.910273 0 -0.414008
vn -0.929788 0 -0.368095
vn -0.946825 0 -0.321749
vn -0.961399 0 -0.275158
vn -0.973543 0 -0.228505
vn -0.983305 0 -0.181963
vn -0.990751 0 -0.135695
vn -0.995955 0 -0.0898544
vn -0.999006 0 -0.0445802
vn -1 0 0
vn -1 0 0
vn -0.999006 0 0.0445802
vn -0.995955 0 0.0898544
vn -0.990751 0 0.135695
vn -0.983305 0 0.181963
vn -0.973543 0 0.228505
vn -0.961399 0 0.275158
vn -0.946825 0 0.321749
vn -0.929788 0 0.368095
vn -0.910273 0 0.414008
vn -0.888284 0 0.459295
vn -0.863844 0 0.50376
vn -0.836996 0 0.54721
vn -0.807804 0 0.589451
vn -0.776353 0 0.630298
vn -0.742747 0 0.669572
vn -0.707107 0 0.707107
vn -0.669572 0 0.742747
vn -0.630298 0 0.776353
vn -0.589451 0 0.807804
vn -0.54721 0 0.836996
vn -0.50376 0 0.863844
vn -0.459295 0 0.888284
vn -0.414008 0 0.910273
vn -0.368095 0 0.929788
vn -0.321749 0 0.946825
vn -0.275158 0 0.961399
vn -0.228505 0 0.973543
vn -0.181963 0 0.983305
vn -0.135695 0 0.990751
vn -0.0898544 0 0.995955
vn -0.0445802 0 0.999006
vn 1.86916e-16 -0 1
vn 0.0445802 -0 0.999006
vn 0.0898544 -0 0.995955
vn 0.135695 -0 0.990751
vn 0.181963 -0 0.983305
vn 0.228505 -0 0.973543
vn 0.275158 -0 0.961399
vn 0.321749 -0 0.946825
vn 0.368095 -0 0.929788
vn 0.414008 -0 0.910273
vn 0.459295 -0 0.888284
vn 0.50376 -0 0.863844
vn 0.54721 -0 0.836996
vn 0.589451 -0 0.807804
vn 0.630298 -0 0.776353
vn 0.669572 -0 0.742747
vn 0.707107 -0 0.707107
vn 0.742747 -0 0.669572
vn 0.776353 -0 0.630298
vn 0.807804 -0 0.589451
vn 0.836996 -0 0.54721
vn 0.863844 -0 0.50376
vn 0.888284 -0 0.459295
vn 0.910273 -0 0.414008
vn 0.929788 -0 0.368095
vn 0.946825 -0 0.321749
vn 0.961399 -0 0.275158
vn 0.973543 -0 0.228505
vn 0.983305 -0 0.181963
vn 0.990751 -0 0.135695
vn 0.995955 -0 0.0898544
vn 0.999006 -0 0.0445802
vn 1 -0 0
vn 0.999006 0 -0.0445802
vn 0.995955 0 -0.0898544
vn 0.990751 0 -0.135695
vn 0.983305 0 -0.181963
vn 0.973543 0 -0.228505
vn 0.961399 0 -0.275158
vn 0.946825 0 -0.321749
vn 0.929788 0 -0.368095
vn 0.910273 0 -0.414008
vn 0.888284 0 -0.459295
vn 0.863844 0 -0.50376
vn 0.836996 0 -0.54721
vn 0.807804 0 -0.589451
vn 0.776353 0 -0.630298
vn 0.742747 0 -0.669572
vn 0.707107 0 -0.707107
vn 0.669572 0 -0.742747
vn 0.630298 0 -0.776353
vn 0.589451 0 -0.807804
vn 0.54721 0 -0.836996
vn 0.50376 0 -0.863844
vn 0.459295 0 -0.888284
vn 0.414008 0 -0.910273
vn 0.368095 0 -0.929788
vn 0.321749 0 -0.946825
vn 0.275158 0 -0.961399
vn 0.228505 0 -0.973543
vn 0.181963 0 -0.983305
vn 0.135695 0 -0.990751
vn 0.0898544 0 -0.995955
vn 0.0445802 0 -0.999006
vn 2.64339e-16 0 -1
vn -0.0445802 0 -0.999006
vn -0.0898544 0 -0.995955
vn -0.135695 0 -0.990751
vn -0.181963 0 -0.983305
vn -0.228505 0 -0.973543
vn -0.275158 0 -0.961399
vn -0.321749 0 -0.946825
vn -0.368095 0 -0.929788
vn -0.414008 0 -0.910273
vn -0.459295 0 -0.888284
vn -0.50376 0 -0.863844
vn -0.54721 0 -0.836996
vn -0.589451 0 -0.807804
vn -0.630298 0 -0.776353
vn -0.669572 0 -0.742747
vn -0.707107 0 -0.707107
vn -0.742747 0 -0.669572
vn -0.776353 0 -0.630298
vn -0.807804 0 -0.589451
vn -0.836996 0 -0.54721
vn -0.863844 0 -0.50376
vn -0.888284 0 -0.459295
vn -0.910273 0 -0.414008
vn -0.929788 0 -0.368095
vn -0.946825 0 -0.321749
vn -0.961399 0 -0.275158
vn -0.973543 0 -0.228505
vn -0.983305 0 -0.181963
vn -0.990751 0 -0.135695
vn -0.995955 0 -0.0898544
vn -0.999006 0 -0.0445802
vn -1 0 0
g WheelRL_f0
usemtl rubber
f 1641//1641 1642//1642 1771//1771
f 1641//1641 1771//1771 1770//1770
f 1642//1642 1643//1643 1772//1772
f 1642//1642 1772//1772 1771//1771
f 1643//1643 1644//1644 1773//1773
f 1643//1643 1773//1773 1772//1772
f 1644//1644 1645//1645 1774//1774
f 1644//1644 1774//1774 1773//1773
f 1645//1645 1646//1646 1775//1775
f 1645//1645 1775//1775 1774//1774
f 1646//1646 1647//1647 1776//1776
f 1646//1646 1776//1776 1775//1775
f 1647//1647 1648//1648 1777//1777
f 1647//1647 1777//1777 1776//1776
f 1648//1648 1649//1649 1778//1778
f 1648//1648 1778//1778 1777//1777
f 1649//1649 1650//1650 1779//1779
f 1649//1649 1779//1779 1778//1778
f 1650//1650 1651//1651 1780//1780
f 1650//1650 1780//1780 1779//1779
f 1651//1651 1652//1652 1781//1781
f 1651//1651 1781//1781 1780//1780
f 1652//1652 1653//1653 1782//1782
f 1652//1652 1782//1782 1781//1781
f 1653//1653 1654//1654 1783//1783
f 1653//1653 1783//1783 1782//1782
f 1654//1654 1655//1655 1784//1784
f 1654//1654 1784//1784 1783//1783
f 1655//1655 1656//1656 1785//1785
f 1655//1655 1785//1785 1784//1784
f 1656//1656 1657//1657 1786//1786
f 1656//1656 1786//1786 1785//1785
f 1657//1657 1658//1658 1787//1787
f 1657//1657 1787//1787 1786//1786
f 1658//1658 1659//1659 1788//1788
f 1658//1658 1788//1788 1787//1787
f 1659//1659 1660//1660 1789//1789
f 1659//1659 1789//1789 1788//1788
f 1660//1660 1661//1661 1790//1790
f 1660//1660 1790//1790 1789//1789
f 1661//1661 1662//1662 1791//1791
f 1661//1661 1791//1791 1790//1790
f 1662//1662 1663//1663 1792//1792
f 1662//1662 1792//1792 1791//1791
f 1663//1663 1664//1664 1793//1793
f 1663//1663 1793//1793 1792//1792
f 1664//1664 1665//1665 1794//1794
f 1664//1664 1794//1794 1793//1793
f 1665//1665 1666//1666 1795//1795
f 1665//1665 1795//1795 1794//1794
f 1666//1666 1667//1667 1796//1796
f 1666//1666 1796//1796 1795//1795
f 1667//1667 1668//1668 1797//1797
f 1667//1667 1797//1797 1796//1796
f 1668//1668 1669//1669 1798//1798
f 1668//1668 1798//1798 1797//1797
f 1669//1669 1670//1670 1799//1799
f 1669//1669 1799//1799 1798//1798
f 1670//1670 1671//1671 1800//1800
f 1670//1670 1800//1800 1799//1799
f 1671//1671 1672//1672 1801//1801
f 1671//1671 1801//1801 1800//1800
f 1672//1672 1673//1673 1802//1802
f 1672//1672 1802//1802 1801//1801
f 1673//1673 1674//1674 1803//1803
f 1673//1673 1803//1803 1802//1802
f 1674//1674 1675//1675 1804//1804
f 1674//1674 1804//1804 1803//1803
f 1675//1675 1676//1676 1805//1805
f 1675//1675 1805//1805 1804//1804
f 1676//1676 1677//1677 1806//1806
f 1676//1676 1806//1806 1805//1805
f 1677//1677 1678//1678 1807//1807
f 1677//1677 1807//1807 1806//1806
f 1678//1678 1679//1679 1808//1808
f 1678//1678 1808//1808 1807//1807
f 1679//1679 1680//1680 1809//1809
f 1679//1679 1809//1809 1808//1808
f 1680//1680 1681//1681 1810//1810
f 1680//1680 1810//1810 1809//1809
f 1681//1681 1682//1682 1811//1811
f 1681//1681 1811//1811 1810//1810
f 1682//1682 1683//1683 1812//1812
f 1682//1682 1812//1812 1811//1811
f 1683//1683 1684//1684 1813//1813
f 1683//1683 1813//1813 1812//1812
f 1684//1684 1685//1685 1814//1814
f 1684//1684 1814//1814 1813//1813
f 1685//1685 1686//1686 1815//1815
f 1685//1685 1815//1815 1814//1814
f 1686//1686 1687//1687 1816//1816
f 1686//1686 1816//1816 1815//1815
f 1687//1687 1688//1688 1817//1817
f 1687//1687 1817//1817 1816//1816
f 1688//1688 1689//1689 1818//1818
f 1688//1688 1818//1818 1817//1817
f 1689//1689 1690//1690 1819//1819
f 1689//1689 1819//1819 1818//1818
f 1690//1690 1691//1691 1820//1820
f 1690//1690 1820//1820 1819//1819
f 1691//1691 1692//1692 1821//1821
f 1691//1691 1821//1821 1820//1820
f 1692//1692 1693//1693 1822//1822
f 1692//1692 1822//1822 1821//1821
f 1693//1693 1694//1694 1823//1823
f 1693//1693 1823//1823 1822//1822
f 1694//1694 1695//1695 1824//1824
f 1694//1694 1824//1824 1823//1823
f 1695//1695 1696//1696 1825//1825
f 1695//1695 1825//1825 1824//1824
f 1696//1696 1697//1697 1826//1826
f 1696//1696 1826//1826 1825//1825
f 1697//1697 1698//1698 1827//1827
f 1697//1697 1827//1827 1826//1826
f 1698//1698 1699//1699 1828//1828
f 1698//1698 1828//1828 1827//1827
f 1699//1699 1700//1700 1829//1829
f 1699//1699 1829//1829 1828//1828
f 1700//1700 1701//1701 1830//1830
f 1700//1700 1830//1830 1829//1829
f 1701//1701 1702//1702 1831//1831
f 1701//1701 1831//1831 1830//1830
f 1702//1702 1703//1703 1832//1832
f 1702//1702 1832//1832 1831//1831
f 1703//1703 1704//1704 1833//1833
f 1703//1703 1833//1833 1832//1832
f 1704//1704 1705//1705 1834//1834
f 1704//1704 1834//1834 1833//1833
f 1705//1705 1706//1706 1835//1835
f 1705//1705 1835//1835 1834//1834
f 1706//1706 1707//1707 1836//1836
f 1706//1706 1836//1836 1835//1835
f 1707//1707 1708//1708 1837//1837
f 1707//1707 1837//1837 1836//1836
f 1708//1708 1709//1709 1838//1838
f 1708//1708 1838//1838 1837//1837
f 1709//1709 1710//1710 1839//1839
f 1709//1709 1839//1839 1838//1838
f 1710//1710 1711//1711 1840//1840
f 1710//1710 1840//1840 1839//1839
f 1711//1711 1712//1712 1841//1841
f 1711//1711 1841//1841 1840//1840
f 1712//1712 1713//1713 1842//1842
f 1712//1712 1842//1842 1841//1841
f 1713//1713 1714//1714 1843//1843
f 1713//1713 1843//1843 1842//1842
f 1714//1714 1715//1715 1844//1844
f 1714//1714 1844//1844 1843//1843
f 1715//1715 1716//1716 1845//1845
f 1715//1715 1845//1845 1844//1844
f 1716//1716 1717//1717 1846//1846
f 1716//1716 1846//1846 1845//1845
f 1717//1717 1718//1718 1847//1847
f 1717//1717 1847//1847 1846//1846
f 1718//1718 1719//1719 1848//1848
f 1718//1718 1848//1848 1847//1847
f 1719//1719 1720//1720 1849//1849
f 1719//1719 1849//1849 1848//1848
f 1720//1720 1721//1721 1850//1850
f 1720//1720 1850//1850 1849//1849
f 1721//1721 1722//1722 1851//1851
f 1721//1721 1851//1851 1850//1850
f 1722//1722 1723//1723 1852//1852
f 1722//1722 1852//1852 1851//1851
f 1723//1723 1724//1724 1853//1853
f 1723//1723 1853//1853 1852//1852
f 1724//1724 1725//1725 1854//1854
f 1724//1724 1854//1854 1853//1853
f 1725//1725 1726//1726 1855//1855
f 1725//1725 1855//1855 1854//1854
f 1726//1726 1727//1727 1856//1856
f 1726//1726 1856//1856 1855//1855
f 1727//1727 1728//1728 1857//1857
f 1727//1727 1857//1857 1856//1856
f 1728//1728 1729//1729 1858//1858
f 1728//1728 1858//1858 1857//1857
f 1729//1729 1730//1730 1859//1859
f 1729//1729 1859//1859 1858//1858
f 1730//1730 1731//1731 1860//1860
f 1730//1730 1860//1860 1859//1859
f 1731//1731 1732//1732 1861//1861
f 1731//1731 1861//1861 1860//1860
f 1732//1732 1733//1733 1862//1862
f 1732//1732 1862//1862 1861//1861
f 1733//1733 1734//1734 1863//1863
f 1733//1733 1863//1863 1862//1862
f 1734//1734 1735//1735 1864//1864
f 1734//1734 1864//1864 1863//1863
f 1735//1735 1736//1736 1865//1865
f 1735//1735 1865//1865 1864//1864
f 1736//1736 1737//1737 1866//1866
f 1736//1736 1866//1866 1865//1865
f 1737//1737 1738//1738 1867//1867
f 1737//1737 1867//1867 1866//1866
f 1738//1738 1739//1739 1868//1868
f 1738//1738 1868//1868 1867//1867
f 1739//1739 1740//1740 1869//1869
f 1739//1739 1869//1869 1868//1868
f 1740//1740 1741//1741 1870//1870
f 1740//1740 1870//1870 1869//1869
f 1741//1741 1742//1742 1871//1871
f 1741//1741 1871//1871 1870//1870
f 1742//1742 1743//1743 1872//1872
f 1742//1742 1872//1872 1871//1871
f 1743//1743 1744//1744 1873//1873
f 1743//1743 1873//1873 1872//1872
f 1744//1744 1745//1745 1874//1874
f 1744//1744 1874//1874 1873//1873
f 1745//1745 1746//1746 1875//1875
f 1745//1745 1875//1875 1874//1874
f 1746//1746 1747//1747 1876//1876
f 1746//1746 1876//1876 1875//1875
f 1747//1747 1748//1748 1877//1877
f 1747//1747 1877//1877 1876//1876
f 1748//1748 1749//1749 1878//1878
f 1748//1748 1878//1878 1877//1877
f 1749//1749 1750//1750 1879//1879
f 1749//1749 1879//1879 1878//1878
f 1750//1750 1751//1751 1880//1880
f 1750//1750 1880//1880 1879//1879
f 1751//1751 1752//1752 1881//1881
f 1751//1751 1881//1881 1880//1880
f 1752//1752 1753//1753 1882//1882
f 1752//1752 1882//1882 1881//1881
f 1753//1753 1754//1754 1883//1883
f 1753//1753 1883//1883 1882//1882
f 1754//1754 1755//1755 1884//1884
f 1754//1754 1884//1884 1883//1883
f 1755//1755 1756//1756 1885//1885
f 1755//1755 1885//1885 1884//1884
f 1756//1756 1757//1757 1886//1886
f 1756//1756 1886//1886 1885//1885
f 1757//1757 1758//1758 1887//1887
f 1757//1757 1887//1887 1886//1886
f 1758//1758 1759//1759 1888//1888
f 1758//1758 1888//1888 1887//1887
f 1759//1759 1760//1760 1889//1889
f 1759//1759 1889//1889 1888//1888
f 1760//1760 1761//1761 1890//1890
f 1760//1760 1890//1890 1889//1889
f 1761//1761 1762//1762 1891//1891
f 1761//1761 1891//1891 1890//1890
f 1762//1762 1763//1763 1892//1892
f 1762//1762 1892//1892 1891//1891
f 1763//1763 1764//1764 1893//1893
f 1763//1763 1893//1893 1892//1892
f 1764//1764 1765//1765 1894//1894
f 1764//1764 1894//1894 1893//1893
f 1765//1765 1766//1766 1895//1895
f 1765//1765 1895//1895 1894//1894
f 1766//1766 1767//1767 1896//1896
f 1766//1766 1896//1896 1895//1895
f 1767//1767 1768//1768 1897//1897
f 1767//1767 1897//1897 1896//1896
f 1768//1768 1769//1769 1898//1898
f 1768//1768 1898//1898 1897//1897
f 1770//1770 1771//1771 1900//1900
f 1770//1770 1900//1900 1899//1899
f 1771//1771 1772//1772 1901//1901
f 1771//1771 1901//1901 1900//1900
f 1772//1772 1773//1773 1902//1902
f 1772//1772 1902//1902 1901//1901
f 1773//1773 1774//1774 1903//1903
f 1773//1773 1903//1903 1902//1902
f 1774//1774 1775//1775 1904//1904
f 1774//1774 1904//1904 1903//1903
f 1775//1775 1776//1776 1905//1905
f 1775//1775 1905//1905 1904//1904
f 1776//1776 1777//1777 1906//1906
f 1776//1776 1906//1906 1905//1905
f 1777//1777 1778//1778 1907//1907
f 1777//1777 1907//1907 1906//1906
f 1778//1778 1779//1779 1908//1908
f 1778//1778 1908//1908 1907//1907
f 1779//1779 1780//1780 1909//1909
f 1779//1779 1909//1909 1908//1908
f 1780//1780 1781//1781 1910//1910
f 1780//1780 1910//1910 1909//1909
f 1781//1781 1782//1782 1911//1911
f 1781//1781 1911//1911 1910//1910
f 1782//1782 1783//1783 1912//1912
f 1782//1782 1912//1912 1911//1911
f 1783//1783 1784//1784 1913//1913
f 1783//1783 1913//1913 1912//1912
f 1784//1784 1785//1785 1914//1914
f 1784//1784 1914//1914 1913//1913
f 1785//1785 1786//1786 1915//1915
f 1785//1785 1915//1915 1914//1914
f 1786//1786 1787//1787 1916//1916
f 1786//1786 1916//1916 1915//1915
f 1787//1787 1788//1788 1917//1917
f 1787//1787 1917//1917 1916//1916
f 1788//1788 1789//1789 1918//1918
f 1788//1788 1918//1918 1917//1917
f 1789//1789 1790//1790 1919//1919
f 1789//1789 1919//1919 1918//1918
f 1790//1790 1791//1791 1920//1920
f 1790//1790 1920//1920 1919//1919
f 1791//1791 1792//1792 1921//1921
f 1791//1791 1921//1921 1920//1920
f 1792//1792 1793//1793 1922//1922
f 1792//1792 1922//1922 1921//1921
f 1793//1793 1794//1794 1923//1923
f 1793//1793 1923//1923 1922//1922
f 1794//1794 1795//1795 1924//1924
f 1794//1794 1924//1924 1923//1923
f 1795//1795 1796//1796 1925//1925
f 1795//1795 1925//1925 1924//1924
f 1796//1796 1797//1797 1926//1926
f 1796//1796 1926//1926 1925//1925
f 1797//1797 1798//1798 1927//1927
f 1797//1797 1927//1927 1926//1926
f 1798//1798 1799//1799 1928//1928
f 1798//1798 1928//1928 1927//1927
f 1799//1799 1800//1800 1929//1929
f 1799//1799 1929//1929 1928//1928
f 1800//1800 1801//1801 1930//1930
f 1800//1800 1930//1930 1929//1929
f 1801//1801 1802//1802 1931//1931
f 1801//1801 1931//1931 1930//1930
f 1802//1802 1803//1803 1932//1932
f 1802//1802 1932//1932 1931//1931
f 1803//1803 1804//1804 1933//1933
f 1803//1803 1933//1933 1932//1932
f 1804//1804 1805//1805 1934//1934
f 1804//1804 1934//1934 1933//1933
f 1805//1805 1806//1806 1935//1935
f 1805//1805 1935//1935 1934//1934
f 1806//1806 1807//1807 1936//1936
f 1806//1806 1936//1936 1935//1935
f 1807//1807 1808//1808 1937//1937
f 1807//1807 1937//1937 1936//1936
f 1808//1808 1809//1809 1938//1938
f 1808//1808 1938//1938 1937//1937
f 1809//1809 1810//1810 1939//1939
f 1809//1809 1939//1939 1938//1938
f 1810//1810 1811//1811 1940//1940
f 1810//1810 1940//1940 1939//1939
f 1811//1811 1812//1812 1941//1941
f 1811//1811 1941//1941 1940//1940
f 1812//1812 1813//1813 1942//1942
f 1812//1812 1942//1942 1941//1941
f 1813//1813 1814//1814 1943//1943
f 1813//1813 1943//1943 1942//1942
f 1814//1814 1815//1815 1944//1944
f 1814//1814 1944//1944 1943//1943
f 1815//1815 1816//1816 1945//1945
f 1815//1815 1945//1945 1944//1944
f 1816//1816 1817//1817 1946//1946
f 1816//1816 1946//1946 1945//1945
f 1817//1817 1818//1818 1947//1947
f 1817//1817 1947//1947 1946//1946
f 1818//1818 1819//1819 1948//1948
f 1818//1818 1948//1948 1947//1947
f 1819//1819 1820//1820 1949//1949
f 1819//1819 1949//1949 1948//1948
f 1820//1820 1821//1821 1950//1950
f 1820//1820 1950//1950 1949//1949
f 1821//1821 1822//1822 1951//1951
f 1821//1821 1951//1951 1950//1950
f 1822//1822 1823//1823 1952//1952
f 1822//1822 1952//1952 1951//1951
f 1823//1823 1824//1824 1953//1953
f 1823//1823 1953//1953 1952//1952
f 1824//1824 1825//1825 1954//1954
f 1824//1824 1954//1954 1953//1953
f 1825//1825 1826//1826 1955//1955
f 1825//1825 1955//1955 1954//1954
f 1826//1826 1827//1827 1956//1956
f 1826//1826 1956//1956 1955//1955
f 1827//1827 1828//1828 1957//1957
f 1827//1827 1957//1957 1956//1956
f 1828//1828 1829//1829 1958//1958
f 1828//1828 1958//1958 1957//1957
f 1829//1829 1830//1830 1959//1959
f 1829//1829 1959//1959 1958//1958
f 1830//1830 1831//1831 1960//1960
f 1830//1830 1960//1960 1959//1959
f 1831//1831 1832//1832 1961//1961
f 1831//1831 1961//1961 1960//1960
f 1832//1832 1833//1833 1962//1962
f 1832//1832 1962//1962 1961//1961
f 1833//1833 1834//1834 1963//1963
f 1833//1833 1963//1963 1962//1962
f 1834//1834 1835//1835 1964//1964
f 1834//1834 1964//1964 1963//1963
f 1835//1835 1836//1836 1965//1965
f 1835//1835 1965//1965 1964//1964
f 1836//1836 1837//1837 1966//1966
f 1836//1836 1966//1966 1965//1965
f 1837//1837 1838//1838 1967//1967
f 1837//1837 1967//1967 1966//1966
f 1838//1838 1839//1839 1968//1968
f 1838//1838 1968//1968 1967//1967
f 1839//1839 1840//1840 1969//1969
f 1839//1839 1969//1969 1968//1968
f 1840//1840 1841//1841 1970//1970
f 1840//1840 1970//1970 1969//1969
f 1841//1841 1842//1842 1971//1971
f 1841//1841 1971//1971 1970//1970
f 1842//1842 1843//1843 1972//1972
f 1842//1842 1972//1972 1971//1971
f 1843//1843 1844//1844 1973//1973
f 1843//1843 1973//1973 1972//1972
f 1844//1844 1845//1845 1974//1974
f 1844//1844 1974//1974 1973//1973
f 1845//1845 1846//1846 1975//1975
f 1845//1845 1975//1975 1974//1974
f 1846//1846 1847//1847 1976//1976
f 1846//1846 1976//1976 1975//1975
f 1847//1847 1848//1848 1977//1977
f 1847//1847 1977//1977 1976//1976
f 1848//1848 1849//1849 1978//1978
f 1848//1848 1978//1978 1977//1977
f 1849//1849 1850//1850 1979//1979
f 1849//1849 1979//1979 1978//1978
f 1850//1850 1851//1851 1980//1980
f 1850//1850 1980//1980 1979//1979
f 1851//1851 1852//1852 1981//1981
f 1851//1851 1981//1981 1980//1980
f 1852//1852 1853//1853 1982//1982
f 1852//1852 1982//1982 1981//1981
f 1853//1853 1854//1854 1983//1983
f 1853//1853 1983//1983 1982//1982
f 1854//1854 1855//1855 1984//1984
f 1854//1854 1984//1984 1983//1983
f 1855//1855 1856//1856 1985//1985
f 1855//1855 1985//1985 1984//1984
f 1856//1856 1857//1857 1986//1986
f 1856//1856 1986//1986 1985//1985
f 1857//1857 1858//1858 1987//1987
f 1857//1857 1987//1987 1986//1986
f 1858//1858 1859//1859 1988//1988
f 1858//1858 1988//1988 1987//1987
f 1859//1859 1860//1860 1989//1989
f 1859//1859 1989//1989 1988//1988
f 1860//1860 1861//1861 1990//1990
f 1860//1860 1990//1990 1989//1989
f 1861//1861 1862//1862 1991//1991
f 1861//1861 1991//1991 1990//1990
f 1862//1862 1863//1863 1992//1992
f 1862//1862 1992//1992 1991//1991
f 1863//1863 1864//1864 1993//1993
f 1863//1863 1993//1993 1992//1992
f 1864//1864 1865//1865 1994//1994
f 1864//1864 1994//1994 1993//1993
f 1865//1865 1866//1866 1995//1995
f 1865//1865 1995//1995 1994//1994
f 1866//1866 1867//1867 1996//1996
f 1866//1866 1996//1996 1995//1995
f 1867//1867 1868//1868 1997//1997
f 1867//1867 1997//1997 1996//1996
f 1868//1868 1869//1869 1998//1998
f 1868//1868 1998//1998 1997//1997
f 1869//1869 1870//1870 1999//1999
f 1869//1869 1999//1999 1998//1998
f 1870//1870 1871//1871 2000//2000
f 1870//1870 2000//2000 1999//1999
f 1871//1871 1872//1872 2001//2001
f 1871//1871 2001//2001 2000//2000
f 1872//1872 1873//1873 2002//2002
f 1872//1872 2002//2002 2001//2001
f 1873//1873 1874//1874 2003//2003
f 1873//1873 2003//2003 2002//2002
f 1874//1874 1875//1875 2004//2004
f 1874//1874 2004//2004 2003//2003
f 1875//1875 1876//1876 2005//2005
f 1875//1875 2005//2005 2004//2004
f 1876//1876 1877//1877 2006//2006
f 1876//1876 2006//2006 2005//2005
f 1877//1877 1878//1878 2007//2007
f 1877//1877 2007//2007 2006//2006
f 1878//1878 1879//1879 2008//2008
f 1878//1878 2008//2008 2007//2007
f 1879//1879 1880//1880 2009//2009
f 1879//1879 2009//2009 2008//2008
f 1880//1880 1881//1881 2010//2010
f 1880//1880 2010//2010 2009//2009
f 1881//1881 1882//1882 2011//2011
f 1881//1881 2011//2011 2010//2010
f 1882//1882 1883//1883 2012//2012
f 1882//1882 2012//2012 2011//2011
f 1883//1883 1884//1884 2013//2013
f 1883//1883 2013//2013 2012//2012
f 1884//1884 1885//1885 2014//2014
f 1884//1884 2014//2014 2013//2013
f 1885//1885 1886//1886 2015//2015
f 1885//1885 2015//2015 2014//2014
f 1886//1886 1887//1887 2016//2016
f 1886//1886 2016//2016 2015//2015
f 1887//1887 1888//1888 2017//2017
f 1887//1887 2017//2017 2016//2016
f 1888//1888 1889//1889 2018//2018
f 1888//1888 2018//2018 2017//2017
f 1889//1889 1890//1890 2019//2019
f 1889//1889 2019//2019 2018//2018
f 1890//1890 1891//1891 2020//2020
f 1890//1890 2020//2020 2019//2019
f 1891//1891 1892//1892 2021//2021
f 1891//1891 2021//2021 2020//2020
f 1892//1892 1893//1893 2022//2022
f 1892//1892 2022//2022 2021//2021
f 1893//1893 1894//1894 2023//2023
f 1893//1893 2023//2023 2022//2022
f 1894//1894 1895//1895 2024//2024
f 1894//1894 2024//2024 2023//2023
f 1895//1895 1896//1896 2025//2025
f 1895//1895 2025//2025 2024//2024
f 1896//1896 1897//1897 2026//2026
f 1896//1896 2026//2026 2025//2025
f 1897//1897 1898//1898 2027//2027
f 1897//1897 2027//2027 2026//2026
v 2.73 -0.06 0.42
v 2.73042 -0.06 0.401276
v 2.7317 -0.06 0.382261
v 2.73388 -0.06 0.363008
v 2.73701 -0.06 0.343576
v 2.74111 -0.06 0.324028
v 2.74621 -0.06 0.304434
v 2.75233 -0.06 0.284866
v 2.75949 -0.06 0.2654
v 2.76769 -0.06 0.246117
v 2.77692 -0.06 0.227096
v 2.78719 -0.06 0.208421
v 2.79846 -0.06 0.190172
v 2.81072 -0.06 0.172431
v 2.82393 -0.06 0.155275
v 2.83805 -0.06 0.13878
v 2.85302 -0.06 0.123015
v 2.86878 -0.06 0.108046
v 2.88527 -0.06 0.0939317
v 2.90243 -0.06 0.0807223
v 2.92017 -0.06 0.0684619
v 2.93842 -0.06 0.0571857
v 2.9571 -0.06 0.0469207
v 2.97612 -0.06 0.0376852
v 2.9954 -0.06 0.0294889
v 3.01487 -0.06 0.0223335
v 3.03443 -0.06 0.0162124
v 3.05403 -0.06 0.0111121
v 3.07358 -0.06 0.00701175
v 3.09301 -0.06 0.00388475
v 3.11226 -0.06 0.00169894
v 3.13128 -0.06 0.000417561
v 3.15 -0.06 5.55112e-17
v 3.16872 -0.06 0.000417561
v 3.18774 -0.06 0.00169894
v 3.20699 -0.06 0.00388475
v 3.22642 -0.06 0.00701175
v 3.24597 -0.06 0.0111121
v 3.26557 -0.06 0.0162124
v 3.28513 -0.06 0.0223335
v 3.3046 -0.06 0.0294889
v 3.32388 -0.06 0.0376852
v 3.3429 -0.06 0.0469207
v 3.36158 -0.06 0.0571857
v 3.37983 -0.06 0.0684619
v 3.39757 -0.06 0.0807223
v 3.41473 -0.06 0.0939317
v 3.43122 -0.06 0.108046
v 3.44698 -0.06 0.123015
v 3.46195 -0.06 0.13878
v 3.47607 -0.06 0.155275
v 3.48928 -0.06 0.172431
v 3.50154 -0.06 0.190172
v 3.51281 -0.06 0.208421
v 3.52308 -0.06 0.227096
v 3.53231 -0.06 0.246117
v 3.54051 -0.06 0.2654
v 3.54767 -0.06 0.284866
v 3.55379 -0.06 0.304434
v 3.55889 -0.06 0.324028
v 3.56299 -0.06 0.343576
v 3.56612 -0.06 0.363008
v 3.5683 -0.06 0.382261
v 3.56958 -0.06 0.401276
v 3.57 -0.06 0.42
v 3.56958 -0.06 0.438724
v 3.5683 -0.06 0.457739
v 3.56612 -0.06 0.476992
v 3.56299 -0.06 0.496424
v 3.55889 -0.06 0.515972
v 3.55379 -0.06 0.535566
v 3.54767 -0.06 0.555134
v 3.54051 -0.06 0.5746
v 3.53231 -0.06 0.593883
v 3.52308 -0.06 0.612904
v 3.51281 -0.06 0.631579
v 3.50154 -0.06 0.649828
v 3.48928 -0.06 0.667569
v 3.47607 -0.06 0.684725
v 3.46195 -0.06 0.70122
v 3.44698 -0.06 0.716985
v 3.43122 -0.06 0.731954
v 3.41473 -0.06 0.746068
v 3.39757 -0.06 0.759278
v 3.37983 -0.06 0.771538
v 3.36158 -0.06 0.782814
v 3.3429 -0.06 0.793079
v 3.32388 -0.06 0.802315
v 3.3046 -0.06 0.810511
v 3.28513 -0.06 0.817667
v 3.26557 -0.06 0.823788
v 3.24597 -0.06 0.828888
v 3.22642 -0.06 0.832988
v 3.20699 -0.06 0.836115
v 3.18774 -0.06 0.838301
v 3.16872 -0.06 0.839582
v 3.15 -0.06 0.84
v 3.13128 -0.06 0.839582
v 3.11226 -0.06 0.838301
v 3.09301 -0.06 0.836115
v 3.07358 -0.06 0.832988
v 3.05403 -0.06 0.828888
v 3.03443 -0.06 0.823788
v 3.01487 -0.06 0.817667
v 2.9954 -0.06 0.810511
v 2.97612 -0.06 0.802315
v 2.9571 -0.06 0.793079
v 2.93842 -0.06 0.782814
v 2.92017 -0.06 0.771538
v 2.90243 -0.06 0.759278
v 2.88527 -0.06 0.746068
v 2.86878 -0.06 0.731954
v 2.85302 -0.06 0.716985
v 2.83805 -0.06 0.70122
v 2.82393 -0.06 0.684725
v 2.81072 -0.06 0.667569
v 2.79846 -0.06 0.649828
v 2.78719 -0.06 0.631579
v 2.77692 -0.06 0.612904
v 2.76769 -0.06 0.593883
v 2.75949 -0.06 0.5746
v 2.75233 -0.06 0.555134
v 2.74621 -0.06 0.535566
v 2.74111 -0.06 0.515972
v 2.73701 -0.06 0.496424
v 2.73388 -0.06 0.476992
v 2.7317 -0.06 0.457739
v 2.73042 -0.06 0.438724
vn 0 -1 0
vn -6.66134e-18 -1 0
vn -6.80012e-18 -1 0
vn -1.36002e-17 -1 0
vn -1.02696e-17 -1 0
vn 3.46945e-18 -1 0
vn -6.80012e-18 -1 0
vn 3.60822e-18 -1 0
vn -6.80012e-18 -1 0
vn -1.02696e-17 -1 0
vn -6.80012e-18 -1 0
vn -1.36002e-17 -1 0
vn -1.01308e-17 -1 0
vn 1.59595e-18 -1 0
vn 2.08167e-19 -1 0
vn 5.20417e-18 -1 0
vn 2.08167e-19 -1 0
vn -8.39606e-18 -1 0
vn 3.33067e-18 -1 0
vn -6.8695e-18 -1 0
vn 6.80012e-18 -1 0
vn 1.70003e-18 -1 0
vn 3.43475e-18 -1 0
vn -1.19002e-17 -1 0
vn 8.32667e-19 -1 0
vn -1.27676e-17 -1 0
vn -1.27676e-17 -1 0
vn -8.95117e-18 -1 0
vn -9.4022e-18 -1 0
vn -8.91648e-18 -1 0
vn 5.79398e-18 -1 0
vn 4.11129e-18 -1 0
vn -6.03684e-18 -1 0
vn -9.26342e-18 -1 0
vn 5.82867e-18 -1 0
vn -8.96852e-18 -1 0
vn 4.38885e-18 -1 0
vn 4.82253e-18 -1 0
vn 9.36751e-19 -1 0
vn 1.00614e-18 -1 0
vn 9.36751e-19 -1 0
vn 1.49186e-18 -1 0
vn 3.50414e-18 -1 0
vn 1.66533e-18 -1 0
vn 6.80012e-18 -1 0
vn -6.8695e-18 -1 0
vn 3.60822e-18 -1 0
vn 4.92661e-18 -1 0
vn 1.38778e-19 -1 0
vn 4.92661e-18 -1 0
vn 1.8735e-18 -1 0
vn 1.73472e-18 -1 0
vn -1.01308e-17 -1 0
vn 3.33067e-18 -1 0
vn -6.80012e-18 -1 0
vn -1.01308e-17 -1 0
vn 1.36002e-17 -1 0
vn -1.02696e-17 -1 0
vn 6.93889e-18 -1 0
vn 3.19189e-18 -1 0
vn 3.46945e-18 -1 0
vn -1.36002e-17 -1 0
vn -6.93889e-18 -1 0
vn 6.66134e-18 -1 0
vn 0 -1 0
vn -6.93889e-18 -1 0
vn -6.93889e-18 -1 0
vn -1.36002e-17 -1 0
vn 6.93889e-18 -1 0
vn -1.36002e-17 -1 0
vn 0 -1 0
vn -1.36002e-17 -1 0
vn 6.93889e-18 -1 0
vn 0 -1 0
vn 0 -1 0
vn 6.66134e-18 -1 0
vn -6.66134e-18 -1 0
vn 0 -1 0
vn 0 -1 0
vn 6.93889e-18 -1 0
vn -6.66134e-18 -1 0
vn -6.66134e-18 -1 0
vn 6.93889e-18 -1 0
vn 0 -1 0
vn 6.66134e-18 -1 0
vn 6.93889e-18 -1 0
vn 0 -1 0
vn 6.93889e-18 -1 0
vn 0 -1 0
vn -2.02616e-17 -1 0
vn -6.93889e-18 -1 0
vn 1.33227e-17 -1 0
vn 0 -1 0
vn 0 -1 0
vn 0 -1 0
vn 0 -1 0
vn 6.93889e-18 -1 0
vn -6.93889e-18 -1 0
vn -6.93889e-18 -1 0
vn 0 -1 0
vn 6.93889e-18 -1 0
vn 6.93889e-18 -1 0
vn -2.02616e-17 -1 0
vn -2.02616e-17 -1 0
vn 0 -1 0
vn -1.36002e-17 -1 0
vn 0 -1 0
vn -1.36002e-17 -1 0
vn -6.66134e-18 -1 0
vn 0 -1 0
vn 0 -1 0
vn -1.36002e-17 -1 0
vn 6.93889e-18 -1 0
vn 6.93889e-18 -1 0
vn 0 -1 0
vn 2.77556e-19 -1 0
vn -6.66134e-18 -1 0
vn 6.66134e-18 -1 0
vn -1.36002e-17 -1 0
vn -6.93889e-18 -1 0
vn 0 -1 0
vn -6.93889e-18 -1 0
vn 0 -1 0
vn -1.36002e-17 -1 0
vn 0 -1 0
vn 2.77556e-19 -1 0
vn 6.93889e-18 -1 0
vn -6.66134e-18 -1 0
g WheelRL_f1
usemtl rubber
f 2155//2155 2028//2028 2029//2029
f 2155//2155 2029//2029 2030//2030
f 2155//2155 2030//2030 2031//2031
f 2155//2155 2031//2031 2032//2032
f 2155//2155 2032//2032 2033//2033
f 2155//2155 2033//2033 2034//2034
f 2155//2155 2034//2034 2035//2035
f 2155//2155 2035//2035 2036//2036
f 2155//2155 2036//2036 2037//2037
f 2155//2155 2037//2037 2038//2038
f 2155//2155 2038//2038 2039//2039
f 2155//2155 2039//2039 2040//2040
f 2155//2155 2040//2040 2041//2041
f 2155//2155 2041//2041 2042//2042
f 2155//2155 2042//2042 2043//2043
f 2155//2155 2043//2043 2044//2044
f 2155//2155 2044//2044 2045//2045
f 2155//2155 2045//2045 2046//2046
f 2155//2155 2046//2046 2047//2047
f 2155//2155 2047//2047 2048//2048
f 2155//2155 2048//2048 2049//2049
f 2155//2155 2049//2049 2050//2050
f 2155//2155 2050//2050 2051//2051
f 2155//2155 2051//2051 2052//2052
f 2155//2155 2052//2052 2053//2053
f 2155//2155 2053//2053 2054//2054
f 2155//2155 2054//2054 2055//2055
f 2155//2155 2055//2055 2056//2056
f 2155//2155 2056//2056 2057//2057
f 2155//2155 2057//2057 2058//2058
f 2155//2155 2058//2058 2059//2059
f 2155//2155 2059//2059 2060//2060
f 2155//2155 2060//2060 2061//2061
f 2155//2155 2061//2061 2062//2062
f 2155//2155 2062//2062 2063//2063
f 2155//2155 2063//2063 2064//2064
f 2155//2155 2064//2064 2065//2065
f 2155//2155 2065//2065 2066//2066
f 2155//2155 2066//2066 2067//2067
f 2155//2155 2067//2067 2068//2068
f 2155//2155 2068//2068 2069//2069
f 2155//2155 2069//2069 2070//2070
f 2155//2155 2070//2070 2071//2071
f 2155//2155 2071//2071 2072//2072
f 2155//2155 2072//2072 2073//2073
f 2155//2155 2073//2073 2074//2074
f 2155//2155 2074//2074 2075//2075
f 2155//2155 2075//2075 2076//2076
f 2155//2155 2076//2076 2077//2077
f 2155//2155 2077//2077 2078//2078
f 2155//2155 2078//2078 2079//2079
f 2155//2155 2079//2079 2080//2080
f 2155//2155 2080//2080 2081//2081
f 2155//2155 2081//2081 2082//2082
f 2155//2155 2082//2082 2083//2083
f 2155//2155 2083//2083 2084//2084
f 2155//2155 2084//2084 2085//2085
f 2155//2155 2085//2085 2086//2086
f 2155//2155 2086//2086 2087//2087
f 2155//2155 2087//2087 2088//2088
f 2155//2155 2088//2088 2089//2089
f 2155//2155 2089//2089 2090//2090
f 2155//2155 2090//2090 2091//2091
f 2155//2155 2091//2091 2092//2092
f 2155//2155 2092//2092 2093//2093
f 2155//2155 2093//2093 2094//2094
f 2155//2155 2094//2094 2095//2095
f 2155//2155 2095//2095 2096//2096
f 2155//2155 2096//2096 2097//2097
f 2155//2155 2097//2097 2098//2098
f 2155//2155 2098//2098 2099//2099
f 2155//2155 2099//2099 2100//2100
f 2155//2155 2100//2100 2101//2101
f 2155//2155 2101//2101 2102//2102
f 2155//2155 2102//2102 2103//2103
f 2155//2155 2103//2103 2104//2104
f 2155//2155 2104//2104 2105//2105
f 2155//2155 2105//2105 2106//2106
f 2155//2155 2106//2106 2107//2107
f 2155//2155 2107//2107 2108//2108
f 2155//2155 2108//2108 2109//2109
f 2155//2155 2109//2109 2110//2110
f 2155//2155 2110//2110 2111//2111
f 2155//2155 2111//2111 2112//2112
f 2155//2155 2112//2112 2113//2113
f 2155//2155 2113//2113 2114//2114
f 2155//2155 2114//2114 2115//2115
f 2155//2155 2115//2115 2116//2116
f 2155//2155 2116//2116 2117//2117
f 2155//2155 2117//2117 2118//2118
f 2155//2155 2118//2118 2119//2119
f 2155//2155 2119//2119 2120//2120
f 2155//2155 2120//2120 2121//2121
f 2155//2155 2121//2121 2122//2122
f 2155//2155 2122//2122 2123//2123
f 2155//2155 2123//2123 2124//2124
f 2155//2155 2124//2124 2125//2125
f 2155//2155 2125//2125 2126//2126
f 2155//2155 2126//2126 2127//2127
f 2155//2155 2127//2127 2128//2128
f 2155//2155 2128//2128 2129//2129
f 2155//2155 2129//2129 2130//2130
f 2155//2155 2130//2130 2131//2131
f 2155//2155 2131//2131 2132//2132
f 2155//2155 2132//2132 2133//2133
f 2155//2155 2133//2133 2134//2134
f 2155//2155 2134//2134 2135//2135
f 2155//2155 2135//2135 2136//2136
f 2155//2155 2136//2136 2137//2137
f 2155//2155 2137//2137 2138//2138
f 2155//2155 2138//2138 2139//2139
f 2155//2155 2139//2139 2140//2140
f 2155//2155 2140//2140 2141//2141
f 2155//2155 2141//2141 2142//2142
f 2155//2155 2142//2142 2143//2143
f 2155//2155 2143//2143 2144//2144
f 2155//2155 2144//2144 2145//2145
f 2155//2155 2145//2145 2146//2146
f 2155//2155 2146//2146 2147//2147
f 2155//2155 2147//2147 2148//2148
f 2155//2155 2148//2148 2149//2149
f 2155//2155 2149//2149 2150//2150
f 2155//2155 2150//2150 2151//2151
f 2155//2155 2151//2151 2152//2152
f 2155//2155 2152//2152 2153//2153
f 2153//2153 2154//2154 2155//2155
v 2.73 0.3 0.42
v 2.73042 0.3 0.438724
v 2.7317 0.3 0.457739
v 2.73388 0.3 0.476992
v 2.73701 0.3 0.496424
v 2.74111 0.3 0.515972
v 2.74621 0.3 0.535566
v 2.75233 0.3 0.555134
v 2.75949 0.3 0.5746
v 2.76769 0.3 0.593883
v 2.77692 0.3 0.612904
v 2.78719 0.3 0.631579
v 2.79846 0.3 0.649828
v 2.81072 0.3 0.667569
v 2.82393 0.3 0.684725
v 2.83805 0.3 0.70122
v 2.85302 0.3 0.716985
v 2.86878 0.3 0.731954
v 2.88527 0.3 0.746068
v 2.90243 0.3 0.759278
v 2.92017 0.3 0.771538
v 2.93842 0.3 0.782814
v 2.9571 0.3 0.793079
v 2.97612 0.3 0.802315
v 2.9954 0.3 0.810511
v 3.01487 0.3 0.817667
v 3.03443 0.3 0.823788
v 3.05403 0.3 0.828888
v 3.07358 0.3 0.832988
v 3.09301 0.3 0.836115
v 3.11226 0.3 0.838301
v 3.13128 0.3 0.839582
v 3.15 0.3 0.84
v 3.16872 0.3 0.839582
v 3.18774 0.3 0.838301
v 3.20699 0.3 0.836115
v 3.22642 0.3 0.832988
v 3.24597 0.3 0.828888
v 3.26557 0.3 0.823788
v 3.28513 0.3 0.817667
v 3.3046 0.3 0.810511
v 3.32388 0.3 0.802315
v 3.3429 0.3 0.793079
v 3.36158 0.3 0.782814
v 3.37983 0.3 0.771538
v 3.39757 0.3 0.759278
v 3.41473 0.3 0.746068
v 3.43122 0.3 0.731954
v 3.44698 0.3 0.716985
v 3.46195 0.3 0.70122
v 3.47607 0.3 0.684725
v 3.48928 0.3 0.667569
v 3.50154 0.3 0.649828
v 3.51281 0.3 0.631579
v 3.52308 0.3 0.612904
v 3.53231 0.3 0.593883
v 3.54051 0.3 0.5746
v 3.54767 0.3 0.555134
v 3.55379 0.3 0.535566
v 3.55889 0.3 0.515972
v 3.56299 0.3 0.496424
v 3.56612 0.3 0.476992
v 3.5683 0.3 0.457739
v 3.56958 0.3 0.438724
v 3.57 0.3 0.42
v 3.56958 0.3 0.401276
v 3.5683 0.3 0.382261
v 3.56612 0.3 0.363008
v 3.56299 0.3 0.343576
v 3.55889 0.3 0.324028
v 3.55379 0.3 0.304434
v 3.54767 0.3 0.284866
v 3.54051 0.3 0.2654
v 3.53231 0.3 0.246117
v 3.52308 0.3 0.227096
v 3.51281 0.3 0.208421
v 3.50154 0.3 0.190172
v 3.48928 0.3 0.172431
v 3.47607 0.3 0.155275
v 3.46195 0.3 0.13878
v 3.44698 0.3 0.123015
v 3.43122 0.3 0.108046
v 3.41473 0.3 0.0939317
v 3.39757 0.3 0.0807223
v 3.37983 0.3 0.0684619
v 3.36158 0.3 0.0571857
v 3.3429 0.3 0.0469207
v 3.32388 0.3 0.0376852
v 3.3046 0.3 0.0294889
v 3.28513 0.3 0.0223335
v 3.26557 0.3 0.0162124
v 3.24597 0.3 0.0111121
v 3.22642 0.3 0.00701175
v 3.20699 0.3 0.00388475
v 3.18774 0.3 0.00169894
v 3.16872 0.3 0.000417561
v 3.15 0.3 5.55112e-17
v 3.13128 0.3 0.000417561
v 3.11226 0.3 0.00169894
v 3.09301 0.3 0.00388475
v 3.07358 0.3 0.00701175
v 3.05403 0.3 0.0111121
v 3.03443 0.3 0.0162124
v 3.01487 0.3 0.0223335
v 2.9954 0.3 0.0294889
v 2.97612 0.3 0.0376852
v 2.9571 0.3 0.0469207
v 2.93842 0.3 0.0571857
v 2.92017 0.3 0.0684619
v 2.90243 0.3 0.0807223
v 2.88527 0.3 0.0939317
v 2.86878 0.3 0.108046
v 2.85302 0.3 0.123015
v 2.83805 0.3 0.13878
v 2.82393 0.3 0.155275
v 2.81072 0.3 0.172431
v 2.79846 0.3 0.190172
v 2.78719 0.3 0.208421
v 2.77692 0.3 0.227096
v 2.76769 0.3 0.246117
v 2.75949 0.3 0.2654
v 2.75233 0.3 0.284866
v 2.74621 0.3 0.304434
v 2.74111 0.3 0.324028
v 2.73701 0.3 0.343576
v 2.73388 0.3 0.363008
v 2.7317 0.3 0.382261
v 2.73042 0.3 0.401276
vn 2.77556e-17 1 -5.55112e-17
vn 0 1 -5.55112e-17
vn -2.77556e-17 1 -5.55112e-17
vn 6.10623e-17 1 -5.55112e-17
vn 0 1 -5.55112e-17
vn 6.10623e-17 1 -5.55112e-17
vn -6.10623e-17 1 -5.55112e-17
vn 2.77556e-17 1 -5.55112e-17
vn -2.77556e-17 1 -5.55112e-17
vn 2.77556e-17 1 -5.55112e-17
vn -2.77556e-17 1 -5.55112e-17
vn -6.10623e-17 1 -5.55112e-17
vn 6.10623e-17 1 -5.55112e-17
vn 3.33067e-17 1 -5.55112e-17
vn 0 1 -5.55112e-17
vn 0 1 -0
vn 0 1 -0
vn 3.33067e-17 1 -5.55112e-17
vn 0 1 -5.55112e-17
vn 0 1 -5.55112e-17
vn -3.33067e-17 1 -5.55112e-17
vn -5.55112e-17 1 -8.32667e-17
vn 0 1 -8.32667e-17
vn 3.33067e-17 1 -8.32667e-17
vn 0 1 -8.32667e-17
vn 6.66134e-17 1 -5.55112e-17
vn 0 1 -2.77556e-17
vn 0 1 -8.32667e-17
vn 0 1 -8.32667e-17
vn 0 1 -8.32667e-17
vn 0 1 -5.55112e-17
vn 0 1 -8.32667e-17
vn 0 1 -5.55112e-17
vn 0 1 -5.55112e-17
vn 0 1 -5.55112e-17
vn 0 1 -5.55112e-17
vn 0 1 -8.32667e-17
vn 0 1 -5.55112e-17
vn 6.66134e-17 1 -6.93889e-17
vn 0 1 -5.55112e-17
vn 0 1 -4.16334e-17
vn 3.33067e-17 1 -6.93889e-17
vn -5.55112e-17 1 -6.93889e-17
vn 3.33067e-17 1 -6.93889e-17
vn -3.33067e-17 1 -6.93889e-17
vn -5.55112e-17 1 -6.93889e-17
vn 0 1 -6.93889e-17
vn 3.33067e-17 1 -6.93889e-17
vn 3.33067e-17 1 -6.93889e-17
vn -5.55112e-17 1 -6.245e-17
vn 0 1 -6.93889e-17
vn 3.33067e-17 1 -6.245e-17
vn 6.10623e-17 1 -6.245e-17
vn -6.10623e-17 1 -6.245e-17
vn 3.33067e-17 1 -5.89806e-17
vn 2.77556e-17 1 -5.89806e-17
vn 0 1 -6.245e-17
vn 3.33067e-17 1 -6.245e-17
vn -6.10623e-17 1 -6.245e-17
vn 6.10623e-17 1 -5.89806e-17
vn 0 1 -5.89806e-17
vn 6.10623e-17 1 -5.89806e-17
vn 0 1 -5.89806e-17
vn 6.10623e-17 1 -5.72459e-17
vn 3.33067e-17 1 -5.72459e-17
vn -3.33067e-17 1 -5.89806e-17
vn 2.77556e-17 1 -5.89806e-17
vn 6.10623e-17 1 -5.89806e-17
vn -3.33067e-17 1 -5.89806e-17
vn 3.33067e-17 1 -5.89806e-17
vn -1.66533e-17 1 -5.89806e-17
vn -1.66533e-17 1 -5.89806e-17
vn -1.94289e-17 1 -5.89806e-17
vn 3.33067e-17 1 -5.89806e-17
vn 3.05311e-17 1 -6.245e-17
vn -3.05311e-17 1 -6.245e-17
vn -4.44089e-17 1 -6.245e-17
vn -3.05311e-17 1 -6.245e-17
vn 8.32667e-18 1 -6.245e-17
vn -3.33067e-17 1 -6.93889e-17
vn 1.11022e-17 1 -6.245e-17
vn 1.80411e-17 1 -6.93889e-17
vn 2.35922e-17 1 -6.93889e-17
vn -2.08167e-17 1 -4.16334e-17
vn -9.71445e-18 1 -4.16334e-17
vn -2.22045e-17 1 -6.93889e-17
vn 1.11022e-17 1 -6.93889e-17
vn 3.33067e-17 1 -8.32667e-17
vn -1.249e-17 1 -4.16334e-17
vn 2.28983e-17 1 -5.55112e-17
vn 2.22045e-17 1 -6.93889e-17
vn 9.71445e-18 1 -8.32667e-17
vn -6.93889e-19 1 -5.55112e-17
vn 4.44089e-17 1 -5.55112e-17
vn 4.3715e-17 1 -5.55112e-17
vn 3.33067e-17 1 -8.32667e-17
vn -1.14492e-17 1 -5.55112e-17
vn -3.40006e-17 1 -8.32667e-17
vn -2.28983e-17 1 -5.55112e-17
vn 4.23273e-17 1 -5.55112e-17
vn -6.93889e-19 1 -8.32667e-17
vn 9.71445e-18 1 -8.32667e-17
vn 2.22045e-17 1 -5.55112e-17
vn 2.22045e-17 1 -5.55112e-17
vn 9.71445e-18 1 -8.32667e-17
vn 5.34295e-17 1 -8.32667e-17
vn -2.498e-17 1 -5.55112e-17
vn 3.05311e-17 1 -2.77556e-17
vn 1.249e-17 1 -8.32667e-17
vn 1.38778e-18 1 -5.55112e-17
vn 4.44089e-17 1 -5.55112e-17
vn 4.02456e-17 1 -5.55112e-17
vn -3.747e-17 1 -5.55112e-17
vn -1.38778e-17 1 -5.55112e-17
vn 3.60822e-17 1 -5.55112e-17
vn -1.38778e-17 1 -5.55112e-17
vn -3.33067e-17 1 -5.55112e-17
vn -1.38778e-17 1 -5.55112e-17
vn -4.44089e-17 1 -5.55112e-17
vn 0 1 -5.55112e-17
vn 3.05311e-17 1 -5.55112e-17
vn -1.11022e-17 1 -5.55112e-17
vn 3.05311e-17 1 -5.55112e-17
vn -2.77556e-17 1 -5.55112e-17
vn -4.44089e-17 1 -5.55112e-17
vn -1.11022e-17 1 -5.55112e-17
vn 4.44089e-17 1 -5.55112e-17
vn 0 1 -5.55112e-17
g WheelRL_f2
usemtl rubber
f 2283//2283 2156//2156 2157//2157
f 2283//2283 2157//2157 2158//2158
f 2283//2283 2158//2158 2159//2159
f 2283//2283 2159//2159 2160//2160
f 2283//2283 2160//2160 2161//2161
f 2283//2283 2161//2161 2162//2162
f 2283//2283 2162//2162 2163//2163
f 2283//2283 2163//2163 2164//2164
f 2283//2283 2164//2164 2165//2165
f 2283//2283 2165//2165 2166//2166
f 2283//2283 2166//2166 2167//2167
f 2283//2283 2167//2167 2168//2168
f 2283//2283 2168//2168 2169//2169
f 2283//2283 2169//2169 2170//2170
f 2283//2283 2170//2170 2171//2171
f 2283//2283 2171//2171 2172//2172
f 2283//2283 2172//2172 2173//2173
f 2283//2283 2173//2173 2174//2174
f 2283//2283 2174//2174 2175//2175
f 2283//2283 2175//2175 2176//2176
f 2283//2283 2176//2176 2177//2177
f 2283//2283 2177//2177 2178//2178
f 2283//2283 2178//2178 2179//2179
f 2283//2283 2179//2179 2180//2180
f 2283//2283 2180//2180 2181//2181
f 2283//2283 2181//2181 2182//2182
f 2283//2283 2182//2182 2183//2183
f 2283//2283 2183//2183 2184//2184
f 2283//2283 2184//2184 2185//2185
f 2283//2283 2185//2185 2186//2186
f 2283//2283 2186//2186 2187//2187
f 2283//2283 2187//2187 2188//2188
f 2283//2283 2188//2188 2189//2189
f 2283//2283 2189//2189 2190//2190
f 2283//2283 2190//2190 2191//2191
f 2283//2283 2191//2191 2192//2192
f 2283//2283 2192//2192 2193//2193
f 2283//2283 2193//2193 2194//2194
f 2283//2283 2194//2194 2195//2195
f 2283//2283 2195//2195 2196//2196
f 2283//2283 2196//2196 2197//2197
f 2283//2283 2197//2197 2198//2198
f 2283//2283 2198//2198 2199//2199
f 2283//2283 2199//2199 2200//2200
f 2283//2283 2200//2200 2201//2201
f 2283//2283 2201//2201 2202//2202
f 2283//2283 2202//2202 2203//2203
f 2283//2283 2203//2203 2204//2204
f 2283//2283 2204//2204 2205//2205
f 2283//2283 2205//2205 2206//2206
f 2283//2283 2206//2206 2207//2207
f 2283//2283 2207//2207 2208//2208
f 2283//2283 2208//2208 2209//2209
f 2283//2283 2209//2209 2210//2210
f 2283//2283 2210//2210 2211//2211
f 2283//2283 2211//2211 2212//2212
f 2283//2283 2212//2212 2213//2213
f 2283//2283 2213//2213 2214//2214
f 2283//2283 2214//2214 2215//2215
f 2283//2283 2215//2215 2216//2216
f 2283//2283 2216//2216 2217//2217
f 2283//2283 2217//2217 2218//2218
f 2283//2283 2218//2218 2219//2219
f 2283//2283 2219//2219 2220//2220
f 2283//2283 2220//2220 2221//2221
f 2283//2283 2221//2221 2222//2222
f 2283//2283 2222//2222 2223//2223
f 2283//2283 2223//2223 2224//2224
f 2283//2283 2224//2224 2225//2225
f 2283//2283 2225//2225 2226//2226
f 2283//2283 2226//2226 2227//2227
f 2283//2283 2227//2227 2228//2228
f 2283//2283 2228//2228 2229//2229
f 2283//2283 2229//2229 2230//2230
f 2283//2283 2230//2230 2231//2231
f 2283//2283 2231//2231 2232//2232
f 2283//2283 2232//2232 2233//2233
f 2283//2283 2233//2233 2234//2234
f 2283//2283 2234//2234 2235//2235
f 2283//2283 2235//2235 2236//2236
f 2283//2283 2236//2236 2237//2237
f 2283//2283 2237//2237 2238//2238
f 2283//2283 2238//2238 2239//2239
f 2283//2283 2239//2239 2240//2240
f 2283//2283 2240//2240 2241//2241
f 2283//2283 2241//2241 2242//2242
f 2283//2283 2242//2242 2243//2243
f 2283//2283 2243//2243 2244//2244
f 2283//2283 2244//2244 2245//2245
f 2283//2283 2245//2245 2246//2246
f 2283//2283 2246//2246 2247//2247
f 2283//2283 2247//2247 2248//2248
f 2283//2283 2248//2248 2249//2249
f 2283//2283 2249//2249 2250//2250
f 2283//2283 2250//2250 2251//2251
f 2283//2283 2251//2251 2252//2252
f 2283//2283 2252//2252 2253//2253
f 2283//2283 2253//2253 2254//2254
f 2283//2283 2254//2254 2255//2255
f 2283//2283 2255//2255 2256//2256
f 2283//2283 2256//2256 2257//2257
f 2283//2283 2257//2257 2258//2258
f 2283//2283 2258//2258 2259//2259
f 2283//2283 2259//2259 2260//2260
f 2283//2283 2260//2260 2261//2261
f 2283//2283 2261//2261 2262//2262
f 2283//2283 2262//2262 2263//2263
f 2283//2283 2263//2263 2264//2264
f 2283//2283 2264//2264 2265//2265
f 2283//2283 2265//2265 2266//2266
f 2283//2283 2266//2266 2267//2267
f 2283//2283 2267//2267 2268//2268
f 2283//2283 2268//2268 2269//2269
f 2283//2283 2269//2269 2270//2270
f 2283//2283 2270//2270 2271//2271
f 2283//2283 2271//2271 2272//2272
f 2283//2283 2272//2272 2273//2273
f 2283//2283 2273//2273 2274//2274
f 2283//2283 2274//2274 2275//2275
f 2283//2283 2275//2275 2276//2276
f 2283//2283 2276//2276 2277//2277
f 2283//2283 2277//2277 2278//2278
f 2283//2283 2278//2278 2279//2279
f 2283//2283 2279//2279 2280//2280
f 2283//2283 2280//2280 2281//2281
f 2281//2281 2282//2282 2283//2283
o WheelRR
v 2.73 1.72 0.42
v 2.73042 1.72 0.438724
v 2.7317 1.72 0.457739
v 2.73388 1.72 0.476992
v 2.73701 1.72 0.496424
v 2.74111 1.72 0.515972
v 2.74621 1.72 0.535566
v 2.75233 1.72 0.555134
v 2.75949 1.72 0.5746
v 2.76769 1.72 0.593883
v 2.77692 1.72 0.612904
v 2.78719 1.72 0.631579
v 2.79846 1.72 0.649828
v 2.81072 1.72 0.667569
v 2.82393 1.72 0.684725
v 2.83805 1.72 0.70122
v 2.85302 1.72 0.716985
v 2.86878 1.72 0.731954
v 2.88527 1.72 0.746068
v 2.90243 1.72 0.759278
v 2.92017 1.72 0.771538
v 2.93842 1.72 0.782814
v 2.9571 1.72 0.793079
v 2.97612 1.72 0.802315
v 2.9954 1.72 0.810511
v 3.01487 1.72 0.817667
v 3.03443 1.72 0.823788
v 3.05403 1.72 0.828888
v 3.07358 1.72 0.832988
v 3.09301 1.72 0.836115
v 3.11226 1.72 0.838301
v 3.13128 1.72 0.839582
v 3.15 1.72 0.84
v 3.16872 1.72 0.839582
v 3.18774 1.72 0.838301
v 3.20699 1.72 0.836115
v 3.22642 1.72 0.832988
v 3.24597 1.72 0.828888
v 3.26557 1.72 0.823788
v 3.28513 1.72 0.817667
v 3.3046 1.72 0.810511
v 3.32388 1.72 0.802315
v 3.3429 1.72 0.793079
v 3.36158 1.72 0.782814
v 3.37983 1.72 0.771538
v 3.39757 1.72 0.759278
v 3.41473 1.72 0.746068
v 3.43122 1.72 0.731954
v 3.44698 1.72 0.716985
v 3.46195 1.72 0.70122
v 3.47607 1.72 0.684725
v 3.48928 1.72 0.667569
v 3.50154 1.72 0.649828
v 3.51281 1.72 0.631579
v 3.52308 1.72 0.612904
v 3.53231 1.72 0.593883
v 3.54051 1.72 0.5746
v 3.54767 1.72 0.555134
v 3.55379 1.72 0.535566
v 3.55889 1.72 0.515972
v 3.56299 1.72 0.496424
v 3.56612 1.72 0.476992
v 3.5683 1.72 0.457739
v 3.56958 1.72 0.438724
v 3.57 1.72 0.42
v 3.56958 1.72 0.401276
v 3.5683 1.72 0.382261
v 3.56612 1.72 0.363008
v 3.56299 1.72 0.343576
v 3.55889 1.72 0.324028
v 3.55379 1.72 0.304434
v 3.54767 1.72 0.284866
v 3.54051 1.72 0.2654
v 3.53231 1.72 0.246117
v 3.52308 1.72 0.227096
v 3.51281 1.72 0.208421
v 3.50154 1.72 0.190172
v 3.48928 1.72 0.172431
v 3.47607 1.72 0.155275
v 3.46195 1.72 0.13878
v 3.44698 1.72 0.123015
v 3.43122 1.72 0.108046
v 3.41473 1.72 0.0939317
v 3.39757 1.72 0.0807223
v 3.37983 1.72 0.0684619
v 3.36158 1.72 0.0571857
v 3.3429 1.72 0.0469207
v 3.32388 1.72 0.0376852
v 3.3046 1.72 0.0294889
v 3.28513 1.72 0.0223335
v 3.26557 1.72 0.0162124
v 3.24597 1.72 0.0111121
v 3.22642 1.72 0.00701175
v 3.20699 1.72 0.00388475
v 3.18774 1.72 0.00169894
v 3.16872 1.72 0.000417561
v 3.15 1.72 5.55112e-17
v 3.13128 1.72 0.000417561
v 3.11226 1.72 0.00169894
v 3.09301 1.72 0.00388475
v 3.07358 1.72 0.00701175
v 3.05403 1.72 0.0111121
v 3.03443 1.72 0.0162124
v 3.01487 1.72 0.0223335
v 2.9954 1.72 0.0294889
v 2.97612 1.72 0.0376852
v 2.9571 1.72 0.0469207
v 2.93842 1.72 0.0571857
v 2.92017 1.72 0.0684619
v 2.90243 1.72 0.0807223
v 2.88527 1.72 0.0939317
v 2.86878 1.72 0.108046
v 2.85302 1.72 0.123015
v 2.83805 1.72 0.13878
v 2.82393 1.72 0.155275
v 2.81072 1.72 0.172431
v 2.79846 1.72 0.190172
v 2.78719 1.72 0.208421
v 2.77692 1.72 0.227096
v 2.76769 1.72 0.246117
v 2.75949 1.72 0.2654
v 2.75233 1.72 0.284866
v 2.74621 1.72 0.304434
v 2.74111 1.72 0.324028
v 2.73701 1.72 0.343576
v 2.73388 1.72 0.363008
v 2.7317 1.72 0.382261
v 2.73042 1.72 0.401276
v 2.73 1.72 0.42
v 2.73 1.9 0.42
v 2.73042 1.9 0.438724
v 2.7317 1.9 0.457739
v 2.73388 1.9 0.476992
v 2.73701 1.9 0.496424
v 2.74111 1.9 0.515972
v 2.74621 1.9 0.535566
v 2.75233 1.9 0.555134
v 2.75949 1.9 0.5746
v 2.76769 1.9 0.593883
v 2.77692 1.9 0.612904
v 2.78719 1.9 0.631579
v 2.79846 1.9 0.649828
v 2.81072 1.9 0.667569
v 2.82393 1.9 0.684725
v 2.83805 1.9 0.70122
v 2.85302 1.9 0.716985
v 2.86878 1.9 0.731954
v 2.88527 1.9 0.746068
v 2.90243 1.9 0.759278
v 2.92017 1.9 0.771538
v 2.93842 1.9 0.782814
v 2.9571 1.9 0.793079
v 2.97612 1.9 0.802315
v 2.9954 1.9 0.810511
v 3.01487 1.9 0.817667
v 3.03443 1.9 0.823788
v 3.05403 1.9 0.828888
v 3.07358 1.9 0.832988
v 3.09301 1.9 0.836115
v 3.11226 1.9 0.838301
v 3.13128 1.9 0.839582
v 3.15 1.9 0.84
v 3.16872 1.9 0.839582
v 3.18774 1.9 0.838301
v 3.20699 1.9 0.836115
v 3.22642 1.9 0.832988
v 3.24597 1.9 0.828888
v 3.26557 1.9 0.823788
v 3.28513 1.9 0.817667
v 3.3046 1.9 0.810511
v 3.32388 1.9 0.802315
v 3.3429 1.9 0.793079
v 3.36158 1.9 0.782814
v 3.37983 1.9 0.771538
v 3.39757 1.9 0.759278
v 3.41473 1.9 0.746068
v 3.43122 1.9 0.731954
v 3.44698 1.9 0.716985
v 3.46195 1.9 0.70122
v 3.47607 1.9 0.684725
v 3.48928 1.9 0.667569
v 3.50154 1.9 0.649828
v 3.51281 1.9 0.631579
v 3.52308 1.9 0.612904
v 3.53231 1.9 0.593883
v 3.54051 1.9 0.5746
v 3.54767 1.9 0.555134
v 3.55379 1.9 0.535566
v 3.55889 1.9 0.515972
v 3.56299 1.9 0.496424
v 3.56612 1.9 0.476992
v 3.5683 1.9 0.457739
v 3.56958 1.9 0.438724
v 3.57 1.9 0.42
v 3.56958 1.9 0.401276
v 3.5683 1.9 0.382261
v 3.56612 1.9 0.363008
v 3.56299 1.9 0.343576
v 3.55889 1.9 0.324028
v 3.55379 1.9 0.304434
v 3.54767 1.9 0.284866
v 3.54051 1.9 0.2654
v 3.53231 1.9 0.246117
v 3.52308 1.9 0.227096
v 3.51281 1.9 0.208421
v 3.50154 1.9 0.190172
v 3.48928 1.9 0.172431
v 3.47607 1.9 0.155275
v 3.46195 1.9 0.13878
v 3.44698 1.9 0.123015
v 3.43122 1.9 0.108046
v 3.41473 1.9 0.0939317
v 3.39757 1.9 0.0807223
v 3.37983 1.9 0.0684619
v 3.36158 1.9 0.0571857
v 3.3429 1.9 0.0469207
v 3.32388 1.9 0.0376852
v 3.3046 1.9 0.0294889
v 3.28513 1.9 0.0223335
v 3.26557 1.9 0.0162124
v 3.24597 1.9 0.0111121
v 3.22642 1.9 0.00701175
v 3.20699 1.9 0.00388475
v 3.18774 1.9 0.00169894
v 3.16872 1.9 0.000417561
v 3.15 1.9 5.55112e-17
v 3.13128 1.9 0.000417561
v 3.11226 1.9 0.00169894
v 3.09301 1.9 0.00388475
v 3.07358 1.9 0.00701175
v 3.05403 1.9 0.0111121
v 3.03443 1.9 0.0162124
v 3.01487 1.9 0.0223335
v 2.9954 1.9 0.0294889
v 2.97612 1.9 0.0376852
v 2.9571 1.9 0.0469207
v 2.93842 1.9 0.0571857
v 2.92017 1.9 0.0684619
v 2.90243 1.9 0.0807223
v 2.88527 1.9 0.0939317
v 2.86878 1.9 0.108046
v 2.85302 1.9 0.123015
v 2.83805 1.9 0.13878
v 2.82393 1.9 0.155275
v 2.81072 1.9 0.172431
v 2.79846 1.9 0.190172
v 2.78719 1.9 0.208421
v 2.77692 1.9 0.227096
v 2.76769 1.9 0.246117
v 2.75949 1.9 0.2654
v 2.75233 1.9 0.284866
v 2.74621 1.9 0.304434
v 2.74111 1.9 0.324028
v 2.73701 1.9 0.343576
v 2.73388 1.9 0.363008
v 2.7317 1.9 0.382261
v 2.73042 1.9 0.401276
v 2.73 1.9 0.42
v 2.73 2.08 0.42
v 2.73042 2.08 0.438724
v 2.7317 2.08 0.457739
v 2.73388 2.08 0.476992
v 2.73701 2.08 0.496424
v 2.74111 2.08 0.515972
v 2.74621 2.08 0.535566
v 2.75233 2.08 0.555134
v 2.75949 2.08 0.5746
v 2.76769 2.08 0.593883
v 2.77692 2.08 0.612904
v 2.78719 2.08 0.631579
v 2.79846 2.08 0.649828
v 2.81072 2.08 0.667569
v 2.82393 2.08 0.684725
v 2.83805 2.08 0.70122
v 2.85302 2.08 0.716985
v 2.86878 2.08 0.731954
v 2.88527 2.08 0.746068
v 2.90243 2.08 0.759278
v 2.92017 2.08 0.771538
v 2.93842 2.08 0.782814
v 2.9571 2.08 0.793079
v 2.97612 2.08 0.802315
v 2.9954 2.08 0.810511
v 3.01487 2.08 0.817667
v 3.03443 2.08 0.823788
v 3.05403 2.08 0.828888
v 3.07358 2.08 0.832988
v 3.09301 2.08 0.836115
v 3.11226 2.08 0.838301
v 3.13128 2.08 0.839582
v 3.15 2.08 0.84
v 3.16872 2.08 0.839582
v 3.18774 2.08 0.838301
v 3.20699 2.08 0.836115
v 3.22642 2.08 0.832988
v 3.24597 2.08 0.828888
v 3.26557 2.08 0.823788
v 3.28513 2.08 0.817667
v 3.3046 2.08 0.810511
v 3.32388 2.08 0.802315
v 3.3429 2.08 0.793079
v 3.36158 2.08 0.782814
v 3.37983 2.08 0.771538
v 3.39757 2.08 0.759278
v 3.41473 2.08 0.746068
v 3.43122 2.08 0.731954
v 3.44698 2.08 0.716985
v 3.46195 2.08 0.70122
v 3.47607 2.08 0.684725
v 3.48928 2.08 0.667569
v 3.50154 2.08 0.649828
v 3.51281 2.08 0.631579
v 3.52308 2.08 0.612904
v 3.53231 2.08 0.593883
v 3.54051 2.08 0.5746
v 3.54767 2.08 0.555134
v 3.55379 2.08 0.535566
v 3.55889 2.08 0.515972
v 3.56299 2.08 0.496424
v 3.56612 2.08 0.476992
v 3.5683 2.08 0.457739
v 3.56958 2.08 0.438724
v 3.57 2.08 0.42
v 3.56958 2.08 0.401276
v 3.5683 2.08 0.382261
v 3.56612 2.08 0.363008
v 3.56299 2.08 0.343576
v 3.55889 2.08 0.324028
v 3.55379 2.08 0.304434
v 3.54767 2.08 0.284866
v 3.54051 2.08 0.2654
v 3.53231 2.08 0.246117
v 3.52308 2.08 0.227096
v 3.51281 2.08 0.208421
v 3.50154 2.08 0.190172
v 3.48928 2.08 0.172431
v 3.47607 2.08 0.155275
v 3.46195 2.08 0.13878
v 3.44698 2.08 0.123015
v 3.43122 2.08 0.108046
v 3.41473 2.08 0.0939317
v 3.39757 2.08 0.0807223
v 3.37983 2.08 0.0684619
v 3.36158 2.08 0.0571857
v 3.3429 2.08 0.0469207
v 3.32388 2.08 0.0376852
v 3.3046 2.08 0.0294889
v 3.28513 2.08 0.0223335
v 3.26557 2.08 0.0162124
v 3.24597 2.08 0.0111121
v 3.22642 2.08 0.00701175
v 3.20699 2.08 0.00388475
v 3.18774 2.08 0.00169894
v 3.16872 2.08 0.000417561
v 3.15 2.08 5.55112e-17
v 3.13128 2.08 0.000417561
v 3.11226 2.08 0.00169894
v 3.09301 2.08 0.00388475
v 3.07358 2.08 0.00701175
v 3.05403 2.08 0.0111121
v 3.03443 2.08 0.0162124
v 3.01487 2.08 0.0223335
v 2.9954 2.08 0.0294889
v 2.97612 2.08 0.0376852
v 2.9571 2.08 0.0469207
v 2.93842 2.08 0.0571857
v 2.92017 2.08 0.0684619
v 2.90243 2.08 0.0807223
v 2.88527 2.08 0.0939317
v 2.86878 2.08 0.108046
v 2.85302 2.08 0.123015
v 2.83805 2.08 0.13878
v 2.82393 2.08 0.155275
v 2.81072 2.08 0.172431
v 2.79846 2.08 0.190172
v 2.78719 2.08 0.208421
v 2.77692 2.08 0.227096
v 2.76769 2.08 0.246117
v 2.75949 2.08 0.2654
v 2.75233 2.08 0.284866
v 2.74621 2.08 0.304434
v 2.74111 2.08 0.324028
v 2.73701 2.08 0.343576
v 2.73388 2.08 0.363008
v 2.7317 2.08 0.382261
v 2.73042 2.08 0.401276
v 2.73 2.08 0.42
vn -1 0 0
vn -0.999006 0 0.0445802
vn -0.995955 0 0.0898544
vn -0.990751 0 0.135695
vn -0.983305 0 0.181963
vn -0.973543 0 0.228505
vn -0.961399 0 0.275158
vn -0.946825 0 0.321749
vn -0.929788 0 0.368095
vn -0.910273 0 0.414008
vn -0.888284 0 0.459295
vn -0.863844 0 0.50376
vn -0.836996 0 0.54721
vn -0.807804 0 0.589451
vn -0.776353 0 0.630298
vn -0.742747 0 0.669572
vn -0.707107 0 0.707107
vn -0.669572 0 0.742747
vn -0.630298 0 0.776353
vn -0.589451 0 0.807804
vn -0.54721 0 0.836996
vn -0.50376 0 0.863844
vn -0.459295 0 0.888284
vn -0.414008 0 0.910273
vn -0.368095 0 0.929788
vn -0.321749 0 0.946825
vn -0.275158 0 0.961399
vn -0.228505 0 0.973543
vn -0.181963 0 0.983305
vn -0.135695 0 0.990751
vn -0.0898544 0 0.995955
vn -0.0445802 0 0.999006
vn 1.86916e-16 -0 1
vn 0.0445802 -0 0.999006
vn 0.0898544 -0 0.995955
vn 0.135695 -0 0.990751
vn 0.181963 -0 0.983305
vn 0.228505 -0 0.973543
vn 0.275158 -0 0.961399
vn 0.321749 -0 0.946825
vn 0.368095 -0 0.929788
vn 0.414008 -0 0.910273
vn 0.459295 -0 0.888284
vn 0.50376 -0 0.863844
vn 0.54721 -0 0.836996
vn 0.589451 -0 0.807804
vn 0.630298 -0 0.776353
vn 0.669572 -0 0.742747
vn 0.707107 -0 0.707107
vn 0.742747 -0 0.669572
vn 0.776353 -0 0.630298
vn 0.807804 -0 0.589451
vn 0.836996 -0 0.54721
vn 0.863844 -0 0.50376
vn 0.888284 -0 0.459295
vn 0.910273 -0 0.414008
vn 0.929788 -0 0.368095
vn 0.946825 -0 0.321749
vn 0.961399 -0 0.275158
vn 0.973543 -0 0.228505
vn 0.983305 -0 0.181963
vn 0.990751 -0 0.135695
vn 0.995955 -0 0.0898544
vn 0.999006 -0 0.0445802
vn 1 -0 0
vn 0.999006 0 -0.0445802
vn 0.995955 0 -0.0898544
vn 0.990751 0 -0.135695
vn 0.983305 0 -0.181963
vn 0.973543 0 -0.228505
vn 0.961399 0 -0.275158
vn 0.946825 0 -0.321749
vn 0.929788 0 -0.368095
vn 0.910273 0 -0.414008
vn 0.888284 0 -0.459295
vn 0.863844 0 -0.50376
vn 0.836996 0 -0.54721
vn 0.807804 0 -0.589451
vn 0.776353 0 -0.630298
vn 0.742747 0 -0.669572
vn 0.707107 0 -0.707107
vn 0.669572 0 -0.742747
vn 0.630298 0 -0.776353
vn 0.589451 0 -0.807804
vn 0.54721 0 -0.836996
vn 0.50376 0 -0.863844
vn 0.459295 0 -0.888284
vn 0.414008 0 -0.910273
vn 0.368095 0 -0.929788
vn 0.321749 0 -0.946825
vn 0.275158 0 -0.961399
vn 0.228505 0 -0.973543
vn 0.181963 0 -0.983305
vn 0.135695 0 -0.990751
vn 0.0898544 0 -0.995955
vn 0.0445802 0 -0.999006
vn 2.64339e-16 0 -1
vn -0.0445802 0 -0.999006
vn -0.0898544 0 -0.995955
vn -0.135695 0 -0.990751
vn -0.181963 0 -0.983305
vn -0.228505 0 -0.973543
vn -0.275158 0 -0.961399
vn -0.321749 0 -0.946825
vn -0.368095 0 -0.929788
vn -0.414008 0 -0.910273
vn -0.459295 0 -0.888284
vn -0.50376 0 -0.863844
vn -0.54721 0 -0.836996
vn -0.589451 0 -0.807804
vn -0.630298 0 -0.776353
vn -0.669572 0 -0.742747
vn -0.707107 0 -0.707107
vn -0.742747 0 -0.669572
vn -0.776353 0 -0.630298
vn -0.807804 0 -0.589451
vn -0.836996 0 -0.54721
vn -0.863844 0 -0.50376
vn -0.888284 0 -0.459295
vn -0.910273 0 -0.414008
vn -0.929788 0 -0.368095
vn -0.946825 0 -0.321749
vn -0.961399 0 -0.275158
vn -0.973543 0 -0.228505
vn -0.983305 0 -0.181963
vn -0.990751 0 -0.135695
vn -0.995955 0 -0.0898544
vn -0.999006 0 -0.0445802
vn -1 0 0
vn -1 0 3.73832e-16
vn -0.999006 0 0.0445802
vn -0.995955 0 0.0898544
vn -0.990751 0 0.135695
vn -0.983305 0 0.181963
vn -0.973543 0 0.228505
vn -0.961399 0 0.275158
vn -0.946825 0 0.321749
vn -0.929788 0 0.368095
vn -0.910273 0 0.414008
vn -0.888284 0 0.459295
vn -0.863844 0 0.50376
vn -0.836996 0 0.54721
vn -0.807804 0 0.589451
vn -0.776353 0 0.630298
vn -0.742747 0 0.669572
vn -0.707107 0 0.707107
vn -0.669572 0 0.742747
vn -0.630298 0 0.776353
vn -0.589451 0 0.807804
vn -0.54721 0 0.836996
vn -0.50376 0 0.863844
vn -0.459295 0 0.888284
vn -0.414008 0 0.910273
vn -0.368095 0 0.929788
vn -0.321749 0 0.946825
vn -0.275158 0 0.961399
vn -0.228505 0 0.973543
vn -0.181963 0 0.983305
vn -0.135695 0 0.990751
vn -0.0898544 0 0.995955
vn -0.0445802 0 0.999006
vn 0 0 1
vn 0.0445802 -0 0.999006
vn 0.0898544 -0 0.995955
vn 0.135695 -0 0.990751
vn 0.181963 -0 0.983305
vn 0.228505 -0 0.973543
vn 0.275158 -0 0.961399
vn 0.321749 -0 0.946825
vn 0.368095 -0 0.929788
vn 0.414008 -0 0.910273
vn 0.459295 -0 0.888284
vn 0.50376 -0 0.863844
vn 0.54721 -0 0.836996
vn 0.589451 -0 0.807804
vn 0.630298 -0 0.776353
vn 0.669572 -0 0.742747
vn 0.707107 -0 0.707107
vn 0.742747 -0 0.669572
vn 0.776353 -0 0.630298
vn 0.807804 -0 0.589451
vn 0.836996 -0 0.54721
vn 0.863844 -0 0.50376
vn 0.888284 -0 0.459295
vn 0.910273 -0 0.414008
vn 0.929788 -0 0.368095
vn 0.946825 -0 0.321749
vn 0.961399 -0 0.275158
vn 0.973543 -0 0.228505
vn 0.983305 -0 0.181963
vn 0.990751 -0 0.135695
vn 0.995955 -0 0.0898544
vn 0.999006 -0 0.0445802
vn 1 -0 7.47663e-16
vn 0.999006 0 -0.0445802
vn 0.995955 0 -0.0898544
vn 0.990751 0 -0.135695
vn 0.983305 0 -0.181963
vn 0.973543 0 -0.228505
vn 0.961399 0 -0.275158
vn 0.946825 0 -0.321749
vn 0.929788 0 -0.368095
vn 0.910273 0 -0.414008
vn 0.888284 0 -0.459295
vn 0.863844 0 -0.50376
vn 0.836996 0 -0.54721
vn 0.807804 0 -0.589451
vn 0.776353 0 -0.630298
vn 0.742747 0 -0.669572
vn 0.707107 0 -0.707107
vn 0.669572 0 -0.742747
vn 0.630298 0 -0.776353
vn 0.589451 0 -0.807804
vn 0.54721 0 -0.836996
vn 0.50376 0 -0.863844
vn 0.459295 0 -0.888284
vn 0.414008 0 -0.910273
vn 0.368095 0 -0.929788
vn 0.321749 0 -0.946825
vn 0.275158 0 -0.961399
vn 0.228505 0 -0.973543
vn 0.181963 0 -0.983305
vn 0.135695 0 -0.990751
vn 0.0898544 0 -0.995955
vn 0.0445802 0 -0.999006
vn 2.64339e-16 0 -1
vn -0.0445802 0 -0.999006
vn -0.0898544 0 -0.995955
vn -0.135695 0 -0.990751
vn -0.181963 0 -0.983305
vn -0.228505 0 -0.973543
vn -0.275158 0 -0.961399
vn -0.321749 0 -0.946825
vn -0.368095 0 -0.929788
vn -0.414008 0 -0.910273
vn -0.459295 0 -0.888284
vn -0.50376 0 -0.863844
vn -0.54721 0 -0.836996
vn -0.589451 0 -0.807804
vn -0.630298 0 -0.776353
vn -0.669572 0 -0.742747
vn -0.707107 0 -0.707107
vn -0.742747 0 -0.669572
vn -0.776353 0 -0.630298
vn -0.807804 0 -0.589451
vn -0.836996 0 -0.54721
vn -0.863844 0 -0.50376
vn -0.888284 0 -0.459295
vn -0.910273 0 -0.414008
vn -0.929788 0 -0.368095
vn -0.946825 0 -0.321749
vn -0.961399 0 -0.275158
vn -0.973543 0 -0.228505
vn -0.983305 0 -0.181963
vn -0.990751 0 -0.135695
vn -0.995955 0 -0.0898544
vn -0.999006 0 -0.0445802
vn -1 0 0
vn -1 0 0
vn -0.999006 0 0.0445802
vn -0.995955 0 0.0898544
vn -0.990751 0 0.135695
vn -0.983305 0 0.181963
vn -0.973543 0 0.228505
vn -0.961399 0 0.275158
vn -0.946825 0 0.321749
vn -0.929788 0 0.368095
vn -0.910273 0 0.414008
vn -0.888284 0 0.459295
vn -0.863844 0 0.50376
vn -0.836996 0 0.54721
vn -0.807804 0 0.589451
vn -0.776353 0 0.630298
vn -0.742747 0 0.669572
vn -0.707107 0 0.707107
vn -0.669572 0 0.742747
vn -0.630298 0 0.776353
vn -0.589451 0 0.807804
vn -0.54721 0 0.836996
vn -0.50376 0 0.863844
vn -0.459295 0 0.888284
vn -0.414008 0 0.910273
vn -0.368095 0 0.929788
vn -0.321749 0 0.946825
vn -0.275158 0 0.961399
vn -0.228505 0 0.973543
vn -0.181963 0 0.983305
vn -0.135695 0 0.990751
vn -0.0898544 0 0.995955
vn -0.0445802 0 0.999006
vn 1.86916e-16 -0 1
vn 0.0445802 -0 0.999006
vn 0.0898544 -0 0.995955
vn 0.135695 -0 0.990751
vn 0.181963 -0 0.983305
vn 0.228505 -0 0.973543
vn 0.275158 -0 0.961399
vn 0.321749 -0 0.946825
vn 0.368095 -0 0.929788
vn 0.414008 -0 0.910273
vn 0.459295 -0 0.888284
vn 0.50376 -0 0.863844
vn 0.54721 -0 0.836996
vn 0.589451 -0 0.807804
vn 0.630298 -0 0.776353
vn 0.669572 -0 0.742747
vn 0.707107 -0 0.707107
vn 0.742747 -0 0.669572
vn 0.776353 -0 0.630298
vn 0.807804 -0 0.589451
vn 0.836996 -0 0.54721
vn 0.863844 -0 0.50376
vn 0.888284 -0 0.459295
vn 0.910273 -0 0.414008
vn 0.929788 -0 0.368095
vn 0.946825 -0 0.321749
vn 0.961399 -0 0.275158
vn 0.973543 -0 0.228505
vn 0.983305 -0 0.181963
vn 0.990751 -0 0.135695
vn 0.995955 -0 0.0898544
vn 0.999006 -0 0.0445802
vn 1 -0 0
vn 0.999006 0 -0.0445802
vn 0.995955 0 -0.0898544
vn 0.990751 0 -0.135695
vn 0.983305 0 -0.181963
vn 0.973543 0 -0.228505
vn 0.961399 0 -0.275158
vn 0.946825 0 -0.321749
vn 0.929788 0 -0.368095
vn 0.910273 0 -0.414008
vn 0.888284 0 -0.459295
vn 0.863844 0 -0.50376
vn 0.836996 0 -0.54721
vn 0.807804 0 -0.589451
vn 0.776353 0 -0.630298
vn 0.742747 0 -0.669572
vn 0.707107 0 -0.707107
vn 0.669572 0 -0.742747
vn 0.630298 0 -0.776353
vn 0.589451 0 -0.807804
vn 0.54721 0 -0.836996
vn 0.50376 0 -0.863844
vn 0.459295 0 -0.888284
vn 0.414008 0 -0.910273
vn 0.368095 0 -0.929788
vn 0.321749 0 -0.946825
vn 0.275158 0 -0.961399
vn 0.228505 0 -0.973543
vn 0.181963 0 -0.983305
vn 0.135695 0 -0.990751
vn 0.0898544 0 -0.995955
vn 0.0445802 0 -0.999006
vn 2.64339e-16 0 -1
vn -0.0445802 0 -0.999006
vn -0.0898544 0 -0.995955
vn -0.135695 0 -0.990751
vn -0.181963 0 -0.983305
vn -0.228505 0 -0.973543
vn -0.275158 0 -0.961399
vn -0.321749 0 -0.946825
vn -0.368095 0 -0.929788
vn -0.414008 0 -0.910273
vn -0.459295 0 -0.888284
vn -0.50376 0 -0.863844
vn -0.54721 0 -0.836996
vn -0.589451 0 -0.807804
vn -0.630298 0 -0.776353
vn -0.669572 0 -0.742747
vn -0.707107 0 -0.707107
vn -0.742747 0 -0.669572
vn -0.776353 0 -0.630298
vn -0.807804 0 -0.589451
vn -0.836996 0 -0.54721
vn -0.863844 0 -0.50376
vn -0.888284 0 -0.459295
vn -0.910273 0 -0.414008
vn -0.929788 0 -0.368095
vn -0.946825 0 -0.321749
vn -0.961399 0 -0.275158
vn -0.973543 0 -0.228505
vn -0.983305 0 -0.181963
vn -0.990751 0 -0.135695
vn -0.995955 0 -0.0898544
vn -0.999006 0 -0.0445802
vn -1 0 0
g WheelRR_f0
usemtl rubber
f 2284//2284 2285//2285 2414//2414
f 2284//2284 2414//2414 2413//2413
f 2285//2285 2286//2286 2415//2415
f 2285//2285 2415//2415 2414//2414
f 2286//2286 2287//2287 2416//2416
f 2286//2286 2416//2416 2415//2415
f 2287//2287 2288//2288 2417//2417
f 2287//2287 2417//2417 2416//2416
f 2288//2288 2289//2289 2418//2418
f 2288//2288 2418//2418 2417//2417
f 2289//2289 2290//2290 2419//2419
f 2289//2289 2419//2419 2418//2418
f 2290//2290 2291//2291 2420//2420
f 2290//2290 2420//2420 2419//2419
f 2291//2291 2292//2292 2421//2421
f 2291//2291 2421//2421 2420//2420
f 2292//2292 2293//2293 2422//2422
f 2292//2292 2422//2422 2421//2421
f 2293//2293 2294//2294 2423//2423
f 2293//2293 2423//2423 2422//2422
f 2294//2294 2295//2295 2424//2424
f 2294//2294 2424//2424 2423//2423
f 2295//2295 2296//2296 2425//2425
f 2295//2295 2425//2425 2424//2424
f 2296//2296 2297//2297 2426//2426
f 2296//2296 2426//2426 2425//2425
f 2297//2297 2298//2298 2427//2427
f 2297//2297 2427//2427 2426//2426
f 2298//2298 2299//2299 2428//2428
f 2298//2298 2428//2428 2427//2427
f 2299//2299 2300//2300 2429//2429
f 2299//2299 2429//2429 2428//2428
f 2300//2300 2301//2301 2430//2430
f 2300//2300 2430//2430 2429//2429
f 2301//2301 2302//2302 2431//2431
f 2301//2301 2431//2431 2430//2430
f 2302//2302 2303//2303 2432//2432
f 2302//2302 2432//2432 2431//2431
f 2303//2303 2304//2304 2433//2433
f 2303//2303 2433//2433 2432//2432
f 2304//2304 2305//2305 2434//2434
f 2304//2304 2434//2434 2433//2433
f 2305//2305 2306//2306 2435//2435
f 2305//2305 2435//2435 2434//2434
f 2306//2306 2307//2307 2436//2436
f 2306//2306 2436//2436 2435//2435
f 2307//2307 2308//2308 2437//2437
f 2307//2307 2437//2437 2436//2436
f 2308//2308 2309//2309 2438//2438
f 2308//2308 2438//2438 2437//2437
f 2309//2309 2310//2310 2439//2439
f 2309//2309 2439//2439 2438//2438
f 2310//2310 2311//2311 2440//2440
f 2310//2310 2440//2440 2439//2439
f 2311//2311 2312//2312 2441//2441
f 2311//2311 2441//2441 2440//2440
f 2312//2312 2313//2313 2442//2442
f 2312//2312 2442//2442 2441//2441
f 2313//2313 2314//2314 2443//2443
f 2313//2313 2443//2443 2442//2442
f 2314//2314 2315//2315 2444//2444
f 2314//2314 2444//2444 2443//2443
f 2315//2315 2316//2316 2445//2445
f 2315//2315 2445//2445 2444//2444
f 2316//2316 2317//2317 2446//2446
f 2316//2316 2446//2446 2445//2445
f 2317//2317 2318//2318 2447//2447
f 2317//2317 2447//2447 2446//2446
f 2318//2318 2319//2319 2448//2448
f 2318//2318 2448//2448 2447//2447
f 2319//2319 2320//2320 2449//2449
f 2319//2319 2449//2449 2448//2448
f 2320//2320 2321//2321 2450//2450
f 2320//2320 2450//2450 2449//2449
f 2321//2321 2322//2322 2451//2451
f 2321//2321 2451//2451 2450//2450
f 2322//2322 2323//2323 2452//2452
f 2322//2322 2452//2452 2451//2451
f 2323//2323 2324//2324 2453//2453
f 2323//2323 2453//2453 2452//2452
f 2324//2324 2325//2325 2454//2454
f 2324//2324 2454//2454 2453//2453
f 2325//2325 2326//2326 2455//2455
f 2325//2325 2455//2455 2454//2454
f 2326//2326 2327//2327 2456//2456
f 2326//2326 2456//2456 2455//2455
f 2327//2327 2328//2328 2457//2457
f 2327//2327 2457//2457 2456//2456
f 2328//2328 2329//2329 2458//2458
f 2328//2328 2458//2458 2457//2457
f 2329//2329 2330//2330 2459//2459
f 2329//2329 2459//2459 2458//2458
f 2330//2330 2331//2331 2460//2460
f 2330//2330 2460//2460 2459//2459
f 2331//2331 2332//2332 2461//2461
f 2331//2331 2461//2461 2460//2460
f 2332//2332 2333//2333 2462//2462
f 2332//2332 2462//2462 2461//2461
f 2333//2333 2334//2334 2463//2463
f 2333//2333 2463//2463 2462//2462
f 2334//2334 2335//2335 2464//2464
f 2334//2334 2464//2464 2463//2463
f 2335//2335 2336//2336 2465//2465
f 2335//2335 2465//2465 2464//2464
f 2336//2336 2337//2337 2466//2466
f 2336//2336 2466//2466 2465//2465
f 2337//2337 2338//2338 2467//2467
f 2337//2337 2467//2467 2466//2466
f 2338//2338 2339//2339 2468//2468
f 2338//2338 2468//2468 2467//2467
f 2339//2339 2340//2340 2469//2469
f 2339//2339 2469//2469 2468//2468
f 2340//2340 2341//2341 2470//2470
f 2340//2340 2470//2470 2469//2469
f 2341//2341 2342//2342 2471//2471
f 2341//2341 2471//2471 2470//2470
f 2342//2342 2343//2343 2472//2472
f 2342//2342 2472//2472 2471//2471
f 2343//2343 2344//2344 2473//2473
f 2343//2343 2473//2473 2472//2472
f 2344//2344 2345//2345 2474//2474
f 2344//2344 2474//2474 2473//2473
f 2345//2345 2346//2346 2475//2475
f 2345//2345 2475//2475 2474//2474
f 2346//2346 2347//2347 2476//2476
f 2346//2346 2476//2476 2475//2475
f 2347//2347 2348//2348 2477//2477
f 2347//2347 2477//2477 2476//2476
f 2348//2348 2349//2349 2478//2478
f 2348//2348 2478//2478 2477//2477
f 2349//2349 2350//2350 2479//2479
f 2349//2349 2479//2479 2478//2478
f 2350//2350 2351//2351 2480//2480
f 2350//2350 2480//2480 2479//2479
f 2351//2351 2352//2352 2481//2481
f 2351//2351 2481//2481 2480//2480
f 2352//2352 2353//2353 2482//2482
f 2352//2352 2482//2482 2481//2481
f 2353//2353 2354//2354 2483//2483
f 2353//2353 2483//2483 2482//2482
f 2354//2354 2355//2355 2484//2484
f 2354//2354 2484//2484 2483//2483
f 2355//2355 2356//2356 2485//2485
f 2355//2355 2485//2485 2484//2484
f 2356//2356 2357//2357 2486//2486
f 2356//2356 2486//2486 2485//2485
f 2357//2357 2358//2358 2487//2487
f 2357//2357 2487//2487 2486//2486
f 2358//2358 2359//2359 2488//2488
f 2358//2358 2488//2488 2487//2487
f 2359//2359 2360//2360 2489//2489
f 2359//2359 2489//2489 2488//2488
f 2360//2360 2361//2361 2490//2490
f 2360//2360 2490//2490 2489//2489
f 2361//2361 2362//2362 2491//2491
f 2361//2361 2491//2491 2490//2490
f 2362//2362 2363//2363 2492//2492
f 2362//2362 2492//2492 2491//2491
f 2363//2363 2364//2364 2493//2493
f 2363//2363 2493//2493 2492//2492
f 2364//2364 2365//2365 2494//2494
f 2364//2364 2494//2494 2493//2493
f 2365//2365 2366//2366 2495//2495
f 2365//2365 2495//2495 2494//2494
f 2366//2366 2367//2367 2496//2496
f 2366//2366 2496//2496 2495//2495
f 2367//2367 2368//2368 2497//2497
f 2367//2367 2497//2497 2496//2496
f 2368//2368 2369//2369 2498//2498
f 2368//2368 2498//2498 2497//2497
f 2369//2369 2370//2370 2499//2499
f 2369//2369 2499//2499 2498//2498
f 2370//2370 2371//2371 2500//2500
f 2370//2370 2500//2500 2499//2499
f 2371//2371 2372//2372 2501//2501
f 2371//2371 2501//2501 2500//2500
f 2372//2372 2373//2373 2502//2502
f 2372//2372 2502//2502 2501//2501
f 2373//2373 2374//2374 2503//2503
f 2373//2373 2503//2503 2502//2502
f 2374//2374 2375//2375 2504//2504
f 2374//2374 2504//2504 2503//2503
f 2375//2375 2376//2376 2505//2505
f 2375//2375 2505//2505 2504//2504
f 2376//2376 2377//2377 2506//2506
f 2376//2376 2506//2506 2505//2505
f 2377//2377 2378//2378 2507//2507
f 2377//2377 2507//2507 2506//2506
f 2378//2378 2379//2379 2508//2508
f 2378//2378 2508//2508 2507//2507
f 2379//2379 2380//2380 2509//2509
f 2379//2379 2509//2509 2508//2508
f 2380//2380 2381//2381 2510//2510
f 2380//2380 2510//2510 2509//2509
f 2381//2381 2382//2382 2511//2511
f 2381//2381 2511//2511 2510//2510
f 2382//2382 2383//2383 2512//2512
f 2382//2382 2512//2512 2511//2511
f 2383//2383 2384//2384 2513//2513
f 2383//2383 2513//2513 2512//2512
f 2384//2384 2385//2385 2514//2514
f 2384//2384 2514//2514 2513//2513
f 2385//2385 2386//2386 2515//2515
f 2385//2385 2515//2515 2514//2514
f 2386//2386 2387//2387 2516//2516
f 2386//2386 2516//2516 2515//2515
f 2387//2387 2388//2388 2517//2517
f 2387//2387 2517//2517 2516//2516
f 2388//2388 2389//2389 2518//2518
f 2388//2388 2518//2518 2517//2517
f 2389//2389 2390//2390 2519//2519
f 2389//2389 2519//2519 2518//2518
f 2390//2390 2391//2391 2520//2520
f 2390//2390 2520//2520 2519//2519
f 2391//2391 2392//2392 2521//2521
f 2391//2391 2521//2521 2520//2520
f 2392//2392 2393//2393 2522//2522
f 2392//2392 2522//2522 2521//2521
f 2393//2393 2394//2394 2523//2523
f 2393//2393 2523//2523 2522//2522
f 2394//2394 2395//2395 2524//2524
f 2394//2394 2524//2524 2523//2523
f 2395//2395 2396//2396 2525//2525
f 2395//2395 2525//2525 2524//2524
f 2396//2396 2397//2397 2526//2526
f 2396//2396 2526//2526 2525//2525
f 2397//2397 2398//2398 2527//2527
f 2397//2397 2527//2527 2526//2526
f 2398//2398 2399//2399 2528//2528
f 2398//2398 2528//2528 2527//2527
f 2399//2399 2400//2400 2529//2529
f 2399//2399 2529//2529 2528//2528
f 2400//2400 2401//2401 2530//2530
f 2400//2400 2530//2530 2529//2529
f 2401//2401 2402//2402 2531//2531
f 2401//2401 2531//2531 2530//2530
f 2402//2402 2403//2403 2532//2532
f 2402//2402 2532//2532 2531//2531
f 2403//2403 2404//2404 2533//2533
f 2403//2403 2533//2533 2532//2532
f 2404//2404 2405//2405 2534//2534
f 2404//2404 2534//2534 2533//2533
f 2405//2405 2406//2406 2535//2535
f 2405//2405 2535//2535 2534//2534
f 2406//2406 2407//2407 2536//2536
f 2406//2406 2536//2536 2535//2535
f 2407//2407 2408//2408 2537//2537
f 2407//2407 2537//2537 2536//2536
f 2408//2408 2409//2409 2538//2538
f 2408//2408 2538//2538 2537//2537
f 2409//2409 2410//2410 2539//2539
f 2409//2409 2539//2539 2538//2538
f 2410//2410 2411//2411 2540//2540
f 2410//2410 2540//2540 2539//2539
f 2411//2411 2412//2412 2541//2541
f 2411//2411 2541//2541 2540//2540
f 2413//2413 2414//2414 2543//2543
f 2413//2413 2543//2543 2542//2542
f 2414//2414 2415//2415 2544//2544
f 2414//2414 2544//2544 2543//2543
f 2415//2415 2416//2416 2545//2545
f 2415//2415 2545//2545 2544//2544
f 2416//2416 2417//2417 2546//2546
f 2416//2416 2546//2546 2545//2545
f 2417//2417 2418//2418 2547//2547
f 2417//2417 2547//2547 2546//2546
f 2418//2418 2419//2419 2548//2548
f 2418//2418 2548//2548 2547//2547
f 2419//2419 2420//2420 2549//2549
f 2419//2419 2549//2549 2548//2548
f 2420//2420 2421//2421 2550//2550
f 2420//2420 2550//2550 2549//2549
f 2421//2421 2422//2422 2551//2551
f 2421//2421 2551//2551 2550//2550
f 2422//2422 2423//2423 2552//2552
f 2422//2422 2552//2552 2551//2551
f 2423//2423 2424//2424 2553//2553
f 2423//2423 2553//2553 2552//2552
f 2424//2424 2425//2425 2554//2554
f 2424//2424 2554//2554 2553//2553
f 2425//2425 2426//2426 2555//2555
f 2425//2425 2555//2555 2554//2554
f 2426//2426 2427//2427 2556//2556
f 2426//2426 2556//2556 2555//2555
f 2427//2427 2428//2428 2557//2557
f 2427//2427 2557//2557 2556//2556
f 2428//2428 2429//2429 2558//2558
f 2428//2428 2558//2558 2557//2557
f 2429//2429 2430//2430 2559//2559
f 2429//2429 2559//2559 2558//2558
f 2430//2430 2431//2431 2560//2560
f 2430//2430 2560//2560 2559//2559
f 2431//2431 2432//2432 2561//2561
f 2431//2431 2561//2561 2560//2560
f 2432//2432 2433//2433 2562//2562
f 2432//2432 2562//2562 2561//2561
f 2433//2433 2434//2434 2563//2563
f 2433//2433 2563//2563 2562//2562
f 2434//2434 2435//2435 2564//2564
f 2434//2434 2564//2564 2563//2563
f 2435//2435 2436//2436 2565//2565
f 2435//2435 2565//2565 2564//2564
f 2436//2436 2437//2437 2566//2566
f 2436//2436 2566//2566 2565//2565
f 2437//2437 2438//2438 2567//2567
f 2437//2437 2567//2567 2566//2566
f 2438//2438 2439//2439 2568//2568
f 2438//2438 2568//2568 2567//2567
f 2439//2439 2440//2440 2569//2569
f 2439//2439 2569//2569 2568//2568
f 2440//2440 2441//2441 2570//2570
f 2440//2440 2570//2570 2569//2569
f 2441//2441 2442//2442 2571//2571
f 2441//2441 2571//2571 2570//2570
f 2442//2442 2443//2443 2572//2572
f 2442//2442 2572//2572 2571//2571
f 2443//2443 2444//2444 2573//2573
f 2443//2443 2573//2573 2572//2572
f 2444//2444 2445//2445 2574//2574
f 2444//2444 2574//2574 2573//2573
f 2445//2445 2446//2446 2575//2575
f 2445//2445 2575//2575 2574//2574
f 2446//2446 2447//2447 2576//2576
f 2446//2446 2576//2576 2575//2575
f 2447//2447 2448//2448 2577//2577
f 2447//2447 2577//2577 2576//2576
f 2448//2448 2449//2449 2578//2578
f 2448//2448 2578//2578 2577//2577
f 2449//2449 2450//2450 2579//2579
f 2449//2449 2579//2579 2578//2578
f 2450//2450 2451//2451 2580//2580
f 2450//2450 2580//2580 2579//2579
f 2451//2451 2452//2452 2581//2581
f 2451//2451 2581//2581 2580//2580
f 2452//2452 2453//2453 2582//2582
f 2452//2452 2582//2582 2581//2581
f 2453//2453 2454//2454 2583//2583
f 2453//2453 2583//2583 2582//2582
f 2454//2454 2455//2455 2584//2584
f 2454//2454 2584//2584 2583//2583
f 2455//2455 2456//2456 2585//2585
f 2455//2455 2585//2585 2584//2584
f 2456//2456 2457//2457 2586//2586
f 2456//2456 2586//2586 2585//2585
f 2457//2457 2458//2458 2587//2587
f 2457//2457 2587//2587 2586//2586
f 2458//2458 2459//2459 2588//2588
f 2458//2458 2588//2588 2587//2587
f 2459//2459 2460//2460 2589//2589
f 2459//2459 2589//2589 2588//2588
f 2460//2460 2461//2461 2590//2590
f 2460//2460 2590//2590 2589//2589
f 2461//2461 2462//2462 2591//2591
f 2461//2461 2591//2591 2590//2590
f 2462//2462 2463//2463 2592//2592
f 2462//2462 2592//2592 2591//2591
f 2463//2463 2464//2464 2593//2593
f 2463//2463 2593//2593 2592//2592
f 2464//2464 2465//2465 2594//2594
f 2464//2464 2594//2594 2593//2593
f 2465//2465 2466//2466 2595//2595
f 2465//2465 2595//2595 2594//2594
f 2466//2466 2467//2467 2596//2596
f 2466//2466 2596//2596 2595//2595
f 2467//2467 2468//2468 2597//2597
f 2467//2467 2597//2597 2596//2596
f 2468//2468 2469//2469 2598//2598
f 2468//2468 2598//2598 2597//2597
f 2469//2469 2470//2470 2599//2599
f 2469//2469 2599//2599 2598//2598
f 2470//2470 2471//2471 2600//2600
f 2470//2470 2600//2600 2599//2599
f 2471//2471 2472//2472 2601//2601
f 2471//2471 2601//2601 2600//2600
f 2472//2472 2473//2473 2602//2602
f 2472//2472 2602//2602 2601//2601
f 2473//2473 2474//2474 2603//2603
f 2473//2473 2603//2603 2602//2602
f 2474//2474 2475//2475 2604//2604
f 2474//2474 2604//2604 2603//2603
f 2475//2475 2476//2476 2605//2605
f 2475//2475 2605//2605 2604//2604
f 2476//2476 2477//2477 2606//2606
f 2476//2476 2606//2606 2605//2605
f 2477//2477 2478//2478 2607//2607
f 2477//2477 2607//2607 2606//2606
f 2478//2478 2479//2479 2608//2608
f 2478//2478 2608//2608 2607//2607
f 2479//2479 2480//2480 2609//2609
f 2479//2479 2609//2609 2608//2608
f 2480//2480 2481//2481 2610//2610
f 2480//2480 2610//2610 2609//2609
f 2481//2481 2482//2482 2611//2611
f 2481//2481 2611//2611 2610//2610
f 2482//2482 2483//2483 2612//2612
f 2482//2482 2612//2612 2611//2611
f 2483//2483 2484//2484 2613//2613
f 2483//2483 2613//2613 2612//2612
f 2484//2484 2485//2485 2614//2614
f 2484//2484 2614//2614 2613//2613
f 2485//2485 2486//2486 2615//2615
f 2485//2485 2615//2615 2614//2614
f 2486//2486 2487//2487 2616//2616
f 2486//2486 2616//2616 2615//2615
f 2487//2487 2488//2488 2617//2617
f 2487//2487 2617//2617 2616//2616
f 2488//2488 2489//2489 2618//2618
f 2488//2488 2618//2618 2617//2617
f 2489//2489 2490//2490 2619//2619
f 2489//2489 2619//2619 2618//2618
f 2490//2490 2491//2491 2620//2620
f 2490//2490 2620//2620 2619//2619
f 2491//2491 2492//2492 2621//2621
f 2491//2491 2621//2621 2620//2620
f 2492//2492 2493//2493 2622//2622
f 2492//2492 2622//2622 2621//2621
f 2493//2493 2494//2494 2623//2623
f 2493//2493 2623//2623 2622//2622
f 2494//2494 2495//2495 2624//2624
f 2494//2494 2624//2624 2623//2623
f 2495//2495 2496//2496 2625//2625
f 2495//2495 2625//2625 2624//2624
f 2496//2496 2497//2497 2626//2626
f 2496//2496 2626//2626 2625//2625
f 2497//2497 2498//2498 2627//2627
f 2497//2497 2627//2627 2626//2626
f 2498//2498 2499//2499 2628//2628
f 2498//2498 2628//2628 2627//2627
f 2499//2499 2500//2500 2629//2629
f 2499//2499 2629//2629 2628//2628
f 2500//2500 2501//2501 2630//2630
f 2500//2500 2630//2630 2629//2629
f 2501//2501 2502//2502 2631//2631
f 2501//2501 2631//2631 2630//2630
f 2502//2502 2503//2503 2632//2632
f 2502//2502 2632//2632 2631//2631
f 2503//2503 2504//2504 2633//2633
f 2503//2503 2633//2633 2632//2632
f 2504//2504 2505//2505 2634//2634
f 2504//2504 2634//2634 2633//2633
f 2505//2505 2506//2506 2635//2635
f 2505//2505 2635//2635 2634//2634
f 2506//2506 2507//2507 2636//2636
f 2506//2506 2636//2636 2635//2635
f 2507//2507 2508//2508 2637//2637
f 2507//2507 2637//2637 2636//2636
f 2508//2508 2509//2509 2638//2638
f 2508//2508 2638//2638 2637//2637
f 2509//2509 2510//2510 2639//2639
f 2509//2509 2639//2639 2638//2638
f 2510//2510 2511//2511 2640//2640
f 2510//2510 2640//2640 2639//2639
f 2511//2511 2512//2512 2641//2641
f 2511//2511 2641//2641 2640//2640
f 2512//2512 2513//2513 2642//2642
f 2512//2512 2642//2642 2641//2641
f 2513//2513 2514//2514 2643//2643
f 2513//2513 2643//2643 2642//2642
f 2514//2514 2515//2515 2644//2644
f 2514//2514 2644//2644 2643//2643
f 2515//2515 2516//2516 2645//2645
f 2515//2515 2645//2645 2644//2644
f 2516//2516 2517//2517 2646//2646
f 2516//2516 2646//2646 2645//2645
f 2517//2517 2518//2518 2647//2647
f 2517//2517 2647//2647 2646//2646
f 2518//2518 2519//2519 2648//2648
f 2518//2518 2648//2648 2647//2647
f 2519//2519 2520//2520 2649//2649
f 2519//2519 2649//2649 2648//2648
f 2520//2520 2521//2521 2650//2650
f 2520//2520 2650//2650 2649//2649
f 2521//2521 2522//2522 2651//2651
f 2521//2521 2651//2651 2650//2650
f 2522//2522 2523//2523 2652//2652
f 2522//2522 2652//2652 2651//2651
f 2523//2523 2524//2524 2653//2653
f 2523//2523 2653//2653 2652//2652
f 2524//2524 2525//2525 2654//2654
f 2524//2524 2654//2654 2653//2653
f 2525//2525 2526//2526 2655//2655
f 2525//2525 2655//2655 2654//2654
f 2526//2526 2527//2527 2656//2656
f 2526//2526 2656//2656 2655//2655
f 2527//2527 2528//2528 2657//2657
f 2527//2527 2657//2657 2656//2656
f 2528//2528 2529//2529 2658//2658
f 2528//2528 2658//2658 2657//2657
f 2529//2529 2530//2530 2659//2659
f 2529//2529 2659//2659 2658//2658
f 2530//2530 2531//2531 2660//2660
f 2530//2530 2660//2660 2659//2659
f 2531//2531 2532//2532 2661//2661
f 2531//2531 2661//2661 2660//2660
f 2532//2532 2533//2533 2662//2662
f 2532//2532 2662//2662 2661//2661
f 2533//2533 2534//2534 2663//2663
f 2533//2533 2663//2663 2662//2662
f 2534//2534 2535//2535 2664//2664
f 2534//2534 2664//2664 2663//2663
f 2535//2535 2536//2536 2665//2665
f 2535//2535 2665//2665 2664//2664
f 2536//2536 2537//2537 2666//2666
f 2536//2536 2666//2666 2665//2665
f 2537//2537 2538//2538 2667//2667
f 2537//2537 2667//2667 2666//2666
f 2538//2538 2539//2539 2668//2668
f 2538//2538 2668//2668 2667//2667
f 2539//2539 2540//2540 2669//2669
f 2539//2539 2669//2669 2668//2668
f 2540//2540 2541//2541 2670//2670
f 2540//2540 2670//2670 2669//2669
v 2.73 1.72 0.42
v 2.73042 1.72 0.401276
v 2.7317 1.72 0.382261
v 2.73388 1.72 0.363008
v 2.73701 1.72 0.343576
v 2.74111 1.72 0.324028
v 2.74621 1.72 0.304434
v 2.75233 1.72 0.284866
v 2.75949 1.72 0.2654
v 2.76769 1.72 0.246117
v 2.77692 1.72 0.227096
v 2.78719 1.72 0.208421
v 2.79846 1.72 0.190172
v 2.81072 1.72 0.172431
v 2.82393 1.72 0.155275
v 2.83805 1.72 0.13878
v 2.85302 1.72 0.123015
v 2.86878 1.72 0.108046
v 2.88527 1.72 0.0939317
v 2.90243 1.72 0.0807223
v 2.92017 1.72 0.0684619
v 2.93842 1.72 0.0571857
v 2.9571 1.72 0.0469207
v 2.97612 1.72 0.0376852
v 2.9954 1.72 0.0294889
v 3.01487 1.72 0.0223335
v 3.03443 1.72 0.0162124
v 3.05403 1.72 0.0111121
v 3.07358 1.72 0.00701175
v 3.09301 1.72 0.00388475
v 3.11226 1.72 0.00169894
v 3.13128 1.72 0.000417561
v 3.15 1.72 5.55112e-17
v 3.16872 1.72 0.000417561
v 3.18774 1.72 0.00169894
v 3.20699 1.72 0.00388475
v 3.22642 1.72 0.00701175
v 3.24597 1.72 0.0111121
v 3.26557 1.72 0.0162124
v 3.28513 1.72 0.0223335
v 3.3046 1.72 0.0294889
v 3.32388 1.72 0.0376852
v 3.3429 1.72 0.0469207
v 3.36158 1.72 0.0571857
v 3.37983 1.72 0.0684619
v 3.39757 1.72 0.0807223
v 3.41473 1.72 0.0939317
v 3.43122 1.72 0.108046
v 3.44698 1.72 0.123015
v 3.46195 1.72 0.13878
v 3.47607 1.72 0.155275
v 3.48928 1.72 0.172431
v 3.50154 1.72 0.190172
v 3.51281 1.72 0.208421
v 3.52308 1.72 0.227096
v 3.53231 1.72 0.246117
v 3.54051 1.72 0.2654
v 3.54767 1.72 0.284866
v 3.55379 1.72 0.304434
v 3.55889 1.72 0.324028
v 3.56299 1.72 0.343576
v 3.56612 1.72 0.363008
v 3.5683 1.72 0.382261
v 3.56958 1.72 0.401276
v 3.57 1.72 0.42
v 3.56958 1.72 0.438724
v 3.5683 1.72 0.457739
v 3.56612 1.72 0.476992
v 3.56299 1.72 0.496424
v 3.55889 1.72 0.515972
v 3.55379 1.72 0.535566
v 3.54767 1.72 0.555134
v 3.54051 1.72 0.5746
v 3.53231 1.72 0.593883
v 3.52308 1.72 0.612904
v 3.51281 1.72 0.631579
v 3.50154 1.72 0.649828
v 3.48928 1.72 0.667569
v 3.47607 1.72 0.684725
v 3.46195 1.72 0.70122
v 3.44698 1.72 0.716985
v 3.43122 1.72 0.731954
v 3.41473 1.72 0.746068
v 3.39757 1.72 0.759278
v 3.37983 1.72 0.771538
v 3.36158 1.72 0.782814
v 3.3429 1.72 0.793079
v 3.32388 1.72 0.802315
v 3.3046 1.72 0.810511
v 3.28513 1.72 0.817667
v 3.26557 1.72 0.823788
v 3.24597 1.72 0.828888
v 3.22642 1.72 0.832988
v 3.20699 1.72 0.836115
v 3.18774 1.72 0.838301
v 3.16872 1.72 0.839582
v 3.15 1.72 0.84
v 3.13128 1.72 0.839582
v 3.11226 1.72 0.838301
v 3.09301 1.72 0.836115
v 3.07358 1.72 0.832988
v 3.05403 1.72 0.828888
v 3.03443 1.72 0.823788
v 3.01487 1.72 0.817667
v 2.9954 1.72 0.810511
v 2.97612 1.72 0.802315
v 2.9571 1.72 0.793079
v 2.93842 1.72 0.782814
v 2.92017 1.72 0.771538
v 2.90243 1.72 0.759278
v 2.88527 1.72 0.746068
v 2.86878 1.72 0.731954
v 2.85302 1.72 0.716985
v 2.83805 1.72 0.70122
v 2.82393 1.72 0.684725
v 2.81072 1.72 0.667569
v 2.79846 1.72 0.649828
v 2.78719 1.72 0.631579
v 2.77692 1.72 0.612904
v 2.76769 1.72 0.593883
v 2.75949 1.72 0.5746
v 2.75233 1.72 0.555134
v 2.74621 1.72 0.535566
v 2.74111 1.72 0.515972
v 2.73701 1.72 0.496424
v 2.73388 1.72 0.476992
v 2.7317 1.72 0.457739
v 2.73042 1.72 0.438724
vn 1.11022e-16 -1 -2.22045e-16
vn 1.90958e-16 -1 -2.35922e-16
vn 2.06501e-16 -1 -2.35922e-16
vn 1.90958e-16 -1 -2.35922e-16
vn 9.54792e-17 -1 -2.35922e-16
vn -1.11022e-16 -1 -2.35922e-16
vn 2.06501e-16 -1 -2.35922e-16
vn 9.54792e-17 -1 -2.498e-16
vn 2.06501e-16 -1 -2.498e-16
vn 9.54792e-17 -1 -2.498e-16
vn 2.06501e-16 -1 0
vn 1.90958e-16 -1 -2.498e-16
vn 1.90958e-16 -1 -2.498e-16
vn -9.54792e-17 -1 -2.498e-16
vn 8.77076e-17 -1 -2.77556e-16
vn 0 -1 -2.22045e-16
vn 1.43219e-16 -1 -2.22045e-16
vn 1.90958e-16 -1 -2.77556e-16
vn -1.5099e-16 -1 -2.77556e-16
vn 1.58762e-16 -1 -5.55112e-17
vn -6.77236e-17 -1 -2.77556e-16
vn 3.88578e-18 -1 -2.22045e-16
vn -7.93809e-17 -1 -2.22045e-16
vn 1.11577e-16 -1 -3.33067e-16
vn -1.34892e-16 -1 -1.11022e-16
vn 1.39333e-16 -1 -3.33067e-16
vn 1.25455e-16 -1 -2.22045e-16
vn 5.19029e-17 -1 -2.22045e-16
vn 1.09357e-16 -1 -3.33067e-16
vn 1.31284e-16 -1 -1.11022e-16
vn -7.99361e-17 -1 -3.33067e-16
vn -1.96787e-16 -1 -3.33067e-16
vn 3.77476e-17 -1 -2.22045e-16
vn 1.90958e-16 -1 -2.22045e-16
vn -6.99441e-17 -1 -2.22045e-16
vn 1.23235e-16 -1 -2.22045e-16
vn 1.19071e-16 -1 -2.22045e-16
vn 4.96825e-17 -1 -2.22045e-16
vn 1.31006e-16 -1 -2.22045e-16
vn 1.23235e-16 -1 -2.22045e-16
vn 4.77396e-17 -1 -2.22045e-16
vn -8.38218e-17 -1 0
vn 1.07137e-16 -1 -4.44089e-16
vn -1.9984e-17 -1 -2.22045e-16
vn -9.54792e-17 -1 -2.22045e-16
vn 1.31006e-16 -1 -2.22045e-16
vn 2.06501e-16 -1 0
vn -2.4647e-16 -1 -2.22045e-16
vn 1.5099e-16 -1 -2.22045e-16
vn -3.01981e-16 -1 -2.22045e-16
vn 3.9968e-17 -1 -2.22045e-16
vn -1.11022e-16 -1 -2.22045e-16
vn 1.35447e-16 -1 -2.22045e-16
vn -2.06501e-16 -1 -2.22045e-16
vn 9.54792e-17 -1 -2.22045e-16
vn 3.01981e-16 -1 -2.22045e-16
vn -1.90958e-16 -1 -2.22045e-16
vn 9.54792e-17 -1 -2.22045e-16
vn 1.11022e-16 -1 -2.22045e-16
vn -1.90958e-16 -1 -2.22045e-16
vn 0 -1 -2.22045e-16
vn 1.90958e-16 -1 -2.22045e-16
vn 0 -1 -2.22045e-16
vn -1.90958e-16 -1 -2.22045e-16
vn 1.2326e-32 -1 -2.22045e-16
vn 1.11022e-16 -1 -2.22045e-16
vn 0 -1 -2.22045e-16
vn 1.90958e-16 -1 -2.22045e-16
vn 2.22045e-16 -1 -2.22045e-16
vn 1.90958e-16 -1 -2.22045e-16
vn 0 -1 -2.22045e-16
vn -3.10862e-17 -1 -2.22045e-16
vn 0 -1 -2.22045e-16
vn 0 -1 -2.22045e-16
vn 0 -1 -2.22045e-16
vn 3.10862e-17 -1 -2.22045e-16
vn 1.90958e-16 -1 -2.22045e-16
vn 0 -1 -2.22045e-16
vn 0 -1 -2.22045e-16
vn 0 -1 -2.22045e-16
vn 1.90958e-16 -1 -2.22045e-16
vn 1.90958e-16 -1 0
vn 0 -1 -2.22045e-16
vn 0 -1 -2.22045e-16
vn -1.90958e-16 -1 0
vn 0 -1 -2.22045e-16
vn 0 -1 -2.22045e-16
vn 0 -1 -4.44089e-16
vn 0 -1 -2.22045e-16
vn 1.59872e-16 -1 -2.22045e-16
vn 0 -1 0
vn -3.81917e-16 -1 -2.22045e-16
vn 0 -1 -2.22045e-16
vn 0 -1 -2.22045e-16
vn 0 -1 -4.44089e-16
vn 0 -1 -2.22045e-16
vn 0 -1 -2.22045e-16
vn -2.22045e-16 -1 -2.22045e-16
vn 0 -1 -3.33067e-16
vn 0 -1 -1.11022e-16
vn 0 -1 -3.33067e-16
vn 0 -1 -2.22045e-16
vn 1.59872e-16 -1 -2.22045e-16
vn 1.59872e-16 -1 -1.11022e-16
vn 0 -1 -3.33067e-16
vn 1.90958e-16 -1 -2.22045e-16
vn 0 -1 -2.22045e-16
vn 1.90958e-16 -1 -1.11022e-16
vn 1.90958e-16 -1 -5.55112e-17
vn 0 -1 -2.77556e-16
vn 0 -1 -2.77556e-16
vn 1.90958e-16 -1 -2.77556e-16
vn -2.22045e-16 -1 -2.77556e-16
vn 0 -1 -2.22045e-16
vn 0 -1 -2.77556e-16
vn 1.90958e-16 -1 -2.498e-16
vn 1.90958e-16 -1 -2.498e-16
vn 3.10862e-17 -1 -2.498e-16
vn 1.90958e-16 -1 -2.498e-16
vn 0 -1 -2.498e-16
vn 0 -1 -2.22045e-16
vn 2.22045e-16 -1 -2.22045e-16
vn 0 -1 -2.35922e-16
vn 1.90958e-16 -1 -2.35922e-16
vn 0 -1 -2.35922e-16
vn 1.90958e-16 -1 -2.35922e-16
vn 0 -1 -2.35922e-16
vn 7.99361e-17 -1 -2.35922e-16
g WheelRR_f1
usemtl rubber
f 2798//2798 2671//2671 2672//2672
f 2798//2798 2672//2672 2673//2673
f 2798//2798 2673//2673 2674//2674
f 2798//2798 2674//2674 2675//2675
f 2798//2798 2675//2675 2676//2676
f 2798//2798 2676//2676 2677//2677
f 2798//2798 2677//2677 2678//2678
f 2798//2798 2678//2678 2679//2679
f 2798//2798 2679//2679 2680//2680
f 2798//2798 2680//2680 2681//2681
f 2798//2798 2681//2681 2682//2682
f 2798//2798 2682//2682 2683//2683
f 2798//2798 2683//2683 2684//2684
f 2798//2798 2684//2684 2685//2685
f 2798//2798 2685//2685 2686//2686
f 2798//2798 2686//2686 2687//2687
f 2798//2798 2687//2687 2688//2688
f 2798//2798 2688//2688 2689//2689
f 2798//2798 2689//2689 2690//2690
f 2798//2798 2690//2690 2691//2691
f 2798//2798 2691//2691 2692//2692
f 2798//2798 2692//2692 2693//2693
f 2798//2798 2693//2693 2694//2694
f 2798//2798 2694//2694 2695//2695
f 2798//2798 2695//2695 2696//2696
f 2798//2798 2696//2696 2697//2697
f 2798//2798 2697//2697 2698//2698
f 2798//2798 2698//2698 2699//2699
f 2798//2798 2699//2699 2700//2700
f 2798//2798 2700//2700 2701//2701
f 2798//2798 2701//2701 2702//2702
f 2798//2798 2702//2702 2703//2703
f 2798//2798 2703//2703 2704//2704
f 2798//2798 2704//2704 2705//2705
f 2798//2798 2705//2705 2706//2706
f 2798//2798 2706//2706 2707//2707
f 2798//2798 2707//2707 2708//2708
f 2798//2798 2708//2708 2709//2709
f 2798//2798 2709//2709 2710//2710
f 2798//2798 2710//2710 2711//2711
f 2798//2798 2711//2711 2712//2712
f 2798//2798 2712//2712 2713//2713
f 2798//2798 2713//2713 2714//2714
f 2798//2798 2714//2714 2715//2715
f 2798//2798 2715//2715 2716//2716
f 2798//2798 2716//2716 2717//2717
f 2798//2798 2717//2717 2718//2718
f 2798//2798 2718//2718 2719//2719
f 2798//2798 2719//2719 2720//2720
f 2798//2798 2720//2720 2721//2721
f 2798//2798 2721//2721 2722//2722
f 2798//2798 2722//2722 2723//2723
f 2798//2798 2723//2723 2724//2724
f 2798//2798 2724//2724 2725//2725
f 2798//2798 2725//2725 2726//2726
f 2798//2798 2726//2726 2727//2727
f 2798//2798 2727//2727 2728//2728
f 2798//2798 2728//2728 2729//2729
f 2798//2798 2729//2729 2730//2730
f 2798//2798 2730//2730 2731//2731
f 2798//2798 2731//2731 2732//2732
f 2798//2798 2732//2732 2733//2733
f 2798//2798 2733//2733 2734//2734
f 2798//2798 2734//2734 2735//2735
f 2798//2798 2735//2735 2736//2736
f 2798//2798 2736//2736 2737//2737
f 2798//2798 2737//2737 2738//2738
f 2798//2798 2738//2738 2739//2739
f 2798//2798 2739//2739 2740//2740
f 2798//2798 2740//2740 2741//2741
f 2798//2798 2741//2741 2742//2742
f 2798//2798 2742//2742 2743//2743
f 2798//2798 2743//2743 2744//2744
f 2798//2798 2744//2744 2745//2745
f 2798//2798 2745//2745 2746//2746
f 2798//2798 2746//2746 2747//2747
f 2798//2798 2747//2747 2748//2748
f 2798//2798 2748//2748 2749//2749
f 2798//2798 2749//2749 2750//2750
f 2798//2798 2750//2750 2751//2751
f 2798//2798 2751//2751 2752//2752
f 2798//2798 2752//2752 2753//2753
f 2798//2798 2753//2753 2754//2754
f 2798//2798 2754//2754 2755//2755
f 2798//2798 2755//2755 2756//2756
f 2798//2798 2756//2756 2757//2757
f 2798//2798 2757//2757 2758//2758
f 2798//2798 2758//2758 2759//2759
f 2798//2798 2759//2759 2760//2760
f 2798//2798 2760//2760 2761//2761
f 2798//2798 2761//2761 2762//2762
f 2798//2798 2762//2762 2763//2763
f 2798//2798 2763//2763 2764//2764
f 2798//2798 2764//2764 2765//2765
f 2798//2798 2765//2765 2766//2766
f 2798//2798 2766//2766 2767//2767
f 2798//2798 2767//2767 2768//2768
f 2798//2798 2768//2768 2769//2769
f 2798//2798 2769//2769 2770//2770
f 2798//2798 2770//2770 2771//2771
f 2798//2798 2771//2771 2772//2772
f 2798//2798 2772//2772 2773//2773
f 2798//2798 2773//2773 2774//2774
f 2798//2798 2774//2774 2775//2775
f 2798//2798 2775//2775 2776//2776
f 2798//2798 2776//2776 2777//2777
f 2798//2798 2777//2777 2778//2778
f 2798//2798 2778//2778 2779//2779
f 2798//2798 2779//2779 2780//2780
f 2798//2798 2780//2780 2781//2781
f 2798//2798 2781//2781 2782//2782
f 2798//2798 2782//2782 2783//2783
f 2798//2798 2783//2783 2784//2784
f 2798//2798 2784//2784 2785//2785
f 2798//2798 2785//2785 2786//2786
f 2798//2798 2786//2786 2787//2787
f 2798//2798 2787//2787 2788//2788
f 2798//2798 2788//2788 2789//2789
f 2798//2798 2789//2789 2790//2790
f 2798//2798 2790//2790 2791//2791
f 2798//2798 2791//2791 2792//2792
f 2798//2798 2792//2792 2793//2793
f 2798//2798 2793//2793 2794//2794
f 2798//2798 2794//2794 2795//2795
f 2798//2798 2795//2795 2796//2796
f 2796//2796 2797//2797 2798//2798
v 2.73 2.08 0.42
v 2.73042 2.08 0.438724
v 2.7317 2.08 0.457739
v 2.73388 2.08 0.476992
v 2.73701 2.08 0.496424
v 2.74111 2.08 0.515972
v 2.74621 2.08 0.535566
v 2.75233 2.08 0.555134
v 2.75949 2.08 0.5746
v 2.76769 2.08 0.593883
v 2.77692 2.08 0.612904
v 2.78719 2.08 0.631579
v 2.79846 2.08 0.649828
v 2.81072 2.08 0.667569
v 2.82393 2.08 0.684725
v 2.83805 2.08 0.70122
v 2.85302 2.08 0.716985
v 2.86878 2.08 0.731954
v 2.88527 2.08 0.746068
v 2.90243 2.08 0.759278
v 2.92017 2.08 0.771538
v 2.93842 2.08 0.782814
v 2.9571 2.08 0.793079
v 2.97612 2.08 0.802315
v 2.9954 2.08 0.810511
v 3.01487 2.08 0.817667
v 3.03443 2.08 0.823788
v 3.05403 2.08 0.828888
v 3.07358 2.08 0.832988
v 3.09301 2.08 0.836115
v 3.11226 2.08 0.838301
v 3.13128 2.08 0.839582
v 3.15 2.08 0.84
v 3.16872 2.08 0.839582
v 3.18774 2.08 0.838301
v 3.20699 2.08 0.836115
v 3.22642 2.08 0.832988
v 3.24597 2.08 0.828888
v 3.26557 2.08 0.823788
v 3.28513 2.08 0.817667
v 3.3046 2.08 0.810511
v 3.32388 2.08 0.802315
v 3.3429 2.08 0.793079
v 3.36158 2.08 0.782814
v 3.37983 2.08 0.771538
v 3.39757 2.08 0.759278
v 3.41473 2.08 0.746068
v 3.43122 2.08 0.731954
v 3.44698 2.08 0.716985
v 3.46195 2.08 0.70122
v 3.47607 2.08 0.684725
v 3.48928 2.08 0.667569
v 3.50154 2.08 0.649828
v 3.51281 2.08 0.631579
v 3.52308 2.08 0.612904
v 3.53231 2.08 0.593883
v 3.54051 2.08 0.5746
v 3.54767 2.08 0.555134
v 3.55379 2.08 0.535566
v 3.55889 2.08 0.515972
v 3.56299 2.08 0.496424
v 3.56612 2.08 0.476992
v 3.5683 2.08 0.457739
v 3.56958 2.08 0.438724
v 3.57 2.08 0.42
v 3.56958 2.08 0.401276
v 3.5683 2.08 0.382261
v 3.56612 2.08 0.363008
v 3.56299 2.08 0.343576
v 3.55889 2.08 0.324028
v 3.55379 2.08 0.304434
v 3.54767 2.08 0.284866
v 3.54051 2.08 0.2654
v 3.53231 2.08 0.246117
v 3.52308 2.08 0.227096
v 3.51281 2.08 0.208421
v 3.50154 2.08 0.190172
v 3.48928 2.08 0.172431
v 3.47607 2.08 0.155275
v 3.46195 2.08 0.13878
v 3.44698 2.08 0.123015
v 3.43122 2.08 0.108046
v 3.41473 2.08 0.0939317
v 3.39757 2.08 0.0807223
v 3.37983 2.08 0.0684619
v 3.36158 2.08 0.0571857
v 3.3429 2.08 0.0469207
v 3.32388 2.08 0.0376852
v 3.3046 2.08 0.0294889
v 3.28513 2.08 0.0223335
v 3.26557 2.08 0.0162124
v 3.24597 2.08 0.0111121
v 3.22642 2.08 0.00701175
v 3.20699 2.08 0.00388475
v 3.18774 2.08 0.00169894
v 3.16872 2.08 0.000417561
v 3.15 2.08 5.55112e-17
v 3.13128 2.08 0.000417561
v 3.11226 2.08 0.00169894
v 3.09301 2.08 0.00388475
v 3.07358 2.08 0.00701175
v 3.05403 2.08 0.0111121
v 3.03443 2.08 0.0162124
v 3.01487 2.08 0.0223335
v 2.9954 2.08 0.0294889
v 2.97612 2.08 0.0376852
v 2.9571 2.08 0.0469207
v 2.93842 2.08 0.0571857
v 2.92017 2.08 0.0684619
v 2.90243 2.08 0.0807223
v 2.88527 2.08 0.0939317
v 2.86878 2.08 0.108046
v 2.85302 2.08 0.123015
v 2.83805 2.08 0.13878
v 2.82393 2.08 0.155275
v 2.81072 2.08 0.172431
v 2.79846 2.08 0.190172
v 2.78719 2.08 0.208421
v 2.77692 2.08 0.227096
v 2.76769 2.08 0.246117
v 2.75949 2.08 0.2654
v 2.75233 2.08 0.284866
v 2.74621 2.08 0.304434
v 2.74111 2.08 0.324028
v 2.73701 2.08 0.343576
v 2.73388 2.08 0.363008
v 2.7317 2.08 0.382261
v 2.73042 2.08 0.401276
vn 0 1 -0
vn -2.22045e-16 1 0
vn -2.22045e-16 1 0
vn 4.52971e-16 1 -0
vn 2.22045e-16 1 -0
vn 8.88178e-18 1 -0
vn -4.52971e-16 1 0
vn 0 1 -0
vn 0 1 -0
vn -2.22045e-16 1 0
vn 0 1 -0
vn -4.52971e-16 1 0
vn 2.30926e-16 1 -0
vn 2.30926e-16 1 -0
vn 0 1 -0
vn 2.22045e-16 1 -0
vn 0 1 -0
vn 2.30926e-16 1 -0
vn 0 1 -0
vn 0 1 -0
vn -2.30926e-16 1 0
vn 0 1 -0
vn 0 1 -0
vn 2.30926e-16 1 -0
vn 0 1 -0
vn 4.61853e-16 1 -0
vn 0 1 -0
vn 0 1 -0
vn 0 1 -0
vn 0 1 -0
vn 0 1 -0
vn 0 1 -0
vn 0 1 -0
vn 0 1 -0
vn 0 1 -0
vn 0 1 -0
vn 0 1 -0
vn 0 1 -0
vn 4.61853e-16 1 -0
vn 0 1 -0
vn 0 1 -0
vn 2.30926e-16 1 -0
vn 0 1 -0
vn 2.30926e-16 1 -0
vn -2.30926e-16 1 0
vn 0 1 -0
vn 2.22045e-16 1 -0
vn 2.30926e-16 1 -0
vn 2.30926e-16 1 -0
vn 0 1 -0
vn 0 1 -0
vn 2.30926e-16 1 -0
vn 2.30926e-16 1 -0
vn -4.52971e-16 1 0
vn 4.52971e-16 1 -0
vn -2.22045e-16 1 0
vn -2.22045e-16 1 0
vn 2.30926e-16 1 -0
vn -4.52971e-16 1 0
vn 8.88178e-18 1 -0
vn 2.22045e-16 1 -0
vn 4.52971e-16 1 -0
vn -2.22045e-16 1 0
vn 2.30926e-16 1 -0
vn 4.52971e-16 1 -0
vn -2.30926e-16 1 0
vn -2.22045e-16 1 0
vn 4.52971e-16 1 -0
vn -3.41949e-16 1 0
vn 1.19904e-16 1 -0
vn -2.26485e-16 1 0
vn 1.06581e-16 1 -0
vn -4.52971e-16 1 0
vn 1.19904e-16 1 -0
vn 2.26485e-16 1 -0
vn -3.37508e-16 1 0
vn 1.06581e-16 1 -0
vn -3.37508e-16 1 0
vn 5.77316e-17 1 -0
vn -2.86438e-16 1 0
vn 6.66134e-18 1 -0
vn 1.73195e-16 1 -0
vn 1.15463e-16 1 -0
vn -2.22045e-16 1 0
vn -2.26485e-16 1 0
vn 5.32907e-17 1 -0
vn 1.12133e-16 1 -0
vn 6.43929e-17 1 -0
vn 2.52021e-16 1 -0
vn 3.10862e-17 1 -0
vn 2.9976e-17 1 -0
vn -6.77236e-17 1 0
vn -8.16014e-17 1 0
vn 1.57097e-16 1 -0
vn 4.25215e-16 1 -0
vn 1.4766e-16 1 -0
vn 2.5091e-16 1 -0
vn -3.12528e-16 1 0
vn -3.66374e-17 1 0
vn 1.59317e-16 1 -0
vn -7.88258e-17 1 0
vn -7.88258e-17 1 0
vn 3.55271e-17 1 -0
vn 3.55271e-17 1 -0
vn 2.66454e-17 1 -0
vn 2.85327e-16 1 -0
vn -1.12133e-16 1 0
vn 5.9952e-17 1 -0
vn -2.24265e-16 1 0
vn 2.24265e-16 1 -0
vn 1.15463e-16 1 -0
vn 1.75415e-16 1 -0
vn -4.44089e-18 1 0
vn 1.66533e-16 1 -0
vn 2.22045e-18 1 -0
vn 0 1 -0
vn -3.41949e-16 1 0
vn 1.11022e-16 1 -0
vn -2.26485e-16 1 0
vn 1.11022e-16 1 -0
vn 4.44089e-18 1 -0
vn 1.15463e-16 1 -0
vn 2.26485e-16 1 -0
vn 1.11022e-16 1 -0
vn 1.06581e-16 1 -0
vn 4.44089e-18 1 -0
vn 1.15463e-16 1 -0
vn -2.22045e-16 1 0
g WheelRR_f2
usemtl rubber
f 2926//2926 2799//2799 2800//2800
f 2926//2926 2800//2800 2801//2801
f 2926//2926 2801//2801 2802//2802
f 2926//2926 2802//2802 2803//2803
f 2926//2926 2803//2803 2804//2804
f 2926//2926 2804//2804 2805//2805
f 2926//2926 2805//2805 2806//2806
f 2926//2926 2806//2806 2807//2807
f 2926//2926 2807//2807 2808//2808
f 2926//2926 2808//2808 2809//2809
f 2926//2926 2809//2809 2810//2810
f 2926//2926 2810//2810 2811//2811
f 2926//2926 2811//2811 2812//2812
f 2926//2926 2812//2812 2813//2813
f 2926//2926 2813//2813 2814//2814
f 2926//2926 2814//2814 2815//2815
f 2926//2926 2815//2815 2816//2816
f 2926//2926 2816//2816 2817//2817
f 2926//2926 2817//2817 2818//2818
f 2926//2926 2818//2818 2819//2819
f 2926//2926 2819//2819 2820//2820
f 2926//2926 2820//2820 2821//2821
f 2926//2926 2821//2821 2822//2822
f 2926//2926 2822//2822 2823//2823
f 2926//2926 2823//2823 2824//2824
f 2926//2926 2824//2824 2825//2825
f 2926//2926 2825//2825 2826//2826
f 2926//2926 2826//2826 2827//2827
f 2926//2926 2827//2827 2828//2828
f 2926//2926 2828//2828 2829//2829
f 2926//2926 2829//2829 2830//2830
f 2926//2926 2830//2830 2831//2831
f 2926//2926 2831//2831 2832//2832
f 2926//2926 2832//2832 2833//2833
f 2926//2926 2833//2833 2834//2834
f 2926//2926 2834//2834 2835//2835
f 2926//2926 2835//2835 2836//2836
f 2926//2926 2836//2836 2837//2837
f 2926//2926 2837//2837 2838//2838
f 2926//2926 2838//2838 2839//2839
f 2926//2926 2839//2839 2840//2840
f 2926//2926 2840//2840 2841//2841
f 2926//2926 2841//2841 2842//2842
f 2926//2926 2842//2842 2843//2843
f 2926//2926 2843//2843 2844//2844
f 2926//2926 2844//2844 2845//2845
f 2926//2926 2845//2845 2846//2846
f 2926//2926 2846//2846 2847//2847
f 2926//2926 2847//2847 2848//2848
f 2926//2926 2848//2848 2849//2849
f 2926//2926 2849//2849 2850//2850
f 2926//2926 2850//2850 2851//2851
f 2926//2926 2851//2851 2852//2852
f 2926//2926 2852//2852 2853//2853
f 2926//2926 2853//2853 2854//2854
f 2926//2926 2854//2854 2855//2855
f 2926//2926 2855//2855 2856//2856
f 2926//2926 2856//2856 2857//2857
f 2926//2926 2857//2857 2858//2858
f 2926//2926 2858//2858 2859//2859
f 2926//2926 2859//2859 2860//2860
f 2926//2926 2860//2860 2861//2861
f 2926//2926 2861//2861 2862//2862
f 2926//2926 2862//2862 2863//2863
f 2926//2926 2863//2863 2864//2864
f 2926//2926 2864//2864 2865//2865
f 2926//2926 2865//2865 2866//2866
f 2926//2926 2866//2866 2867//2867
f 2926//2926 2867//2867 2868//2868
f 2926//2926 2868//2868 2869//2869
f 2926//2926 2869//2869 2870//2870
f 2926//2926 2870//2870 2871//2871
f 2926//2926 2871//2871 2872//2872
f 2926//2926 2872//2872 2873//2873
f 2926//2926 2873//2873 2874//2874
f 2926//2926 2874//2874 2875//2875
f 2926//2926 2875//2875 2876//2876
f 2926//2926 2876//2876 2877//2877
f 2926//2926 2877//2877 2878//2878
f 2926//2926 2878//2878 2879//2879
f 2926//2926 2879//2879 2880//2880
f 2926//2926 2880//2880 2881//2881
f 2926//2926 2881//2881 2882//2882
f 2926//2926 2882//2882 2883//2883
f 2926//2926 2883//2883 2884//2884
f 2926//2926 2884//2884 2885//2885
f 2926//2926 2885//2885 2886//2886
f 2926//2926 2886//2886 2887//2887
f 2926//2926 2887//2887 2888//2888
f 2926//2926 2888//2888 2889//2889
f 2926//2926 2889//2889 2890//2890
f 2926//2926 2890//2890 2891//2891
f 2926//2926 2891//2891 2892//2892
f 2926//2926 2892//2892 2893//2893
f 2926//2926 2893//2893 2894//2894
f 2926//2926 2894//2894 2895//2895
f 2926//2926 2895//2895 2896//2896
f 2926//2926 2896//2896 2897//2897
f 2926//2926 2897//2897 2898//2898
f 2926//2926 2898//2898 2899//2899
f 2926//2926 2899//2899 2900//2900
f 2926//2926 2900//2900 2901//2901
f 2926//2926 2901//2901 2902//2902
f 2926//2926 2902//2902 2903//2903
f 2926//2926 2903//2903 2904//2904
f 2926//2926 2904//2904 2905//2905
f 2926//2926 2905//2905 2906//2906
f 2926//2926 2906//2906 2907//2907
f 2926//2926 2907//2907 2908//2908
f 2926//2926 2908//2908 2909//2909
f 2926//2926 2909//2909 2910//2910
f 2926//2926 2910//2910 2911//2911
f 2926//2926 2911//2911 2912//2912
f 2926//2926 2912//2912 2913//2913
f 2926//2926 2913//2913 2914//2914
f 2926//2926 2914//2914 2915//2915
f 2926//2926 2915//2915 2916//2916
f 2926//2926 2916//2916 2917//2917
f 2926//2926 2917//2917 2918//2918
f 2926//2926 2918//2918 2919//2919
f 2926//2926 2919//2919 2920//2920
f 2926//2926 2920//2920 2921//2921
f 2926//2926 2921//2921 2922//2922
f 2926//2926 2922//2922 2923//2923
f 2926//2926 2923//2923 2924//2924
f 2924//2924 2925//2925 2926//2926
o HubFL
v 0.8 -0.1 0.42
v 0.800607 -0.1 0.433478
v 0.802504 -0.1 0.447294
v 0.80579 -0.1 0.461274
v 0.810532 -0.1 0.475214
v 0.816757 -0.1 0.488894
v 0.824451 -0.1 0.502081
v 0.833547 -0.1 0.514545
v 0.843934 -0.1 0.526066
v 0.855455 -0.1 0.536453
v 0.867919 -0.1 0.545549
v 0.881106 -0.1 0.553243
v 0.894786 -0.1 0.559468
v 0.908726 -0.1 0.56421
v 0.922706 -0.1 0.567496
v 0.936522 -0.1 0.569393
v 0.95 -0.1 0.57
v 0.963478 -0.1 0.569393
v 0.977294 -0.1 0.567496
v 0.991274 -0.1 0.56421
v 1.00521 -0.1 0.559468
v 1.01889 -0.1 0.553243
v 1.03208 -0.1 0.545549
v 1.04454 -0.1 0.536453
v 1.05607 -0.1 0.526066
v 1.06645 -0.1 0.514545
v 1.07555 -0.1 0.502081
v 1.08324 -0.1 0.488894
v 1.08947 -0.1 0.475214
v 1.09421 -0.1 0.461274
v 1.0975 -0.1 0.447294
v 1.09939 -0.1 0.433478
v 1.1 -0.1 0.42
v 1.09939 -0.1 0.406522
v 1.0975 -0.1 0.392706
v 1.09421 -0.1 0.378726
v 1.08947 -0.1 0.364786
v 1.08324 -0.1 0.351106
v 1.07555 -0.1 0.337919
v 1.06645 -0.1 0.325455
v 1.05607 -0.1 0.313934
v 1.04454 -0.1 0.303547
v 1.03208 -0.1 0.294451
v 1.01889 -0.1 0.286757
v 1.00521 -0.1 0.280532
v 0.991274 -0.1 0.27579
v 0.977294 -0.1 0.272504
v 0.963478 -0.1 0.270607
v 0.95 -0.1 0.27
v 0.936522 -0.1 0.270607
v 0.922706 -0.1 0.272504
v 0.908726 -0.1 0.27579
v 0.894786 -0.1 0.280532
v 0.881106 -0.1 0.286757
v 0.867919 -0.1 0.294451
v 0.855455 -0.1 0.303547
v 0.843934 -0.1 0.313934
v 0.833547 -0.1 0.325455
v 0.824451 -0.1 0.337919
v 0.816757 -0.1 0.351106
v 0.810532 -0.1 0.364786
v 0.80579 -0.1 0.378726
v 0.802504 -0.1 0.392706
v 0.800607 -0.1 0.406522
v 0.8 -0.1 0.42
v 0.8 -0.075 0.42
v 0.800607 -0.075 0.433478
v 0.802504 -0.075 0.447294
v 0.80579 -0.075 0.461274
v 0.810532 -0.075 0.475214
v 0.816757 -0.075 0.488894
v 0.824451 -0.075 0.502081
v 0.833547 -0.075 0.514545
v 0.843934 -0.075 0.526066
v 0.855455 -0.075 0.536453
v 0.867919 -0.075 0.545549
v 0.881106 -0.075 0.553243
v 0.894786 -0.075 0.559468
v 0.908726 -0.075 0.56421
v 0.922706 -0.075 0.567496
v 0.936522 -0.075 0.569393
v 0.95 -0.075 0.57
v 0.963478 -0.075 0.569393
v 0.977294 -0.075 0.567496
v 0.991274 -0.075 0.56421
v 1.00521 -0.075 0.559468
v 1.01889 -0.075 0.553243
v 1.03208 -0.075 0.545549
v 1.04454 -0.075 0.536453
v 1.05607 -0.075 0.526066
v 1.06645 -0.075 0.514545
v 1.07555 -0.075 0.502081
v 1.08324 -0.075 0.488894
v 1.08947 -0.075 0.475214
v 1.09421 -0.075 0.461274
v 1.0975 -0.075 0.447294
v 1.09939 -0.075 0.433478
v 1.1 -0.075 0.42
v 1.09939 -0.075 0.406522
v 1.0975 -0.075 0.392706
v 1.09421 -0.075 0.378726
v 1.08947 -0.075 0.364786
v 1.08324 -0.075 0.351106
v 1.07555 -0.075 0.337919
v 1.06645 -0.075 0.325455
v 1.05607 -0.075 0.313934
v 1.04454 -0.075 0.303547
v 1.03208 -0.075 0.294451
v 1.01889 -0.075 0.286757
v 1.00521 -0.075 0.280532
v 0.991274 -0.075 0.27579
v 0.977294 -0.075 0.272504
v 0.963478 -0.075 0.270607
v 0.95 -0.075 0.27
v 0.936522 -0.075 0.270607
v 0.922706 -0.075 0.272504
v 0.908726 -0.075 0.27579
v 0.894786 -0.075 0.280532
v 0.881106 -0.075 0.286757
v 0.867919 -0.075 0.294451
v 0.855455 -0.075 0.303547
v 0.843934 -0.075 0.313934
v 0.833547 -0.075 0.325455
v 0.824451 -0.075 0.337919
v 0.816757 -0.075 0.351106
v 0.810532 -0.075 0.364786
v 0.80579 -0.075 0.378726
v 0.802504 -0.075 0.392706
v 0.800607 -0.075 0.406522
v 0.8 -0.075 0.42
v 0.8 -0.05 0.42
v 0.800607 -0.05 0.433478
v 0.802504 -0.05 0.447294
v 0.80579 -0.05 0.461274
v 0.810532 -0.05 0.475214
v 0.816757 -0.05 0.488894
v 0.824451 -0.05 0.502081
v 0.833547 -0.05 0.514545
v 0.843934 -0.05 0.526066
v 0.855455 -0.05 0.536453
v 0.867919 -0.05 0.545549
v 0.881106 -0.05 0.553243
v 0.894786 -0.05 0.559468
v 0.908726 -0.05 0.56421
v 0.922706 -0.05 0.567496
v 0.936522 -0.05 0.569393
v 0.95 -0.05 0.57
v 0.963478 -0.05 0.569393
v 0.977294 -0.05 0.567496
v 0.991274 -0.05 0.56421
v 1.00521 -0.05 0.559468
v 1.01889 -0.05 0.553243
v 1.03208 -0.05 0.545549
v 1.04454 -0.05 0.536453
v 1.05607 -0.05 0.526066
v 1.06645 -0.05 0.514545
v 1.07555 -0.05 0.502081
v 1.08324 -0.05 0.488894
v 1.08947 -0.05 0.475214
v 1.09421 -0.05 0.461274
v 1.0975 -0.05 0.447294
v 1.09939 -0.05 0.433478
v 1.1 -0.05 0.42
v 1.09939 -0.05 0.406522
v 1.0975 -0.05 0.392706
v 1.09421 -0.05 0.378726
v 1.08947 -0.05 0.364786
v 1.08324 -0.05 0.351106
v 1.07555 -0.05 0.337919
v 1.06645 -0.05 0.325455
v 1.05607 -0.05 0.313934
v 1.04454 -0.05 0.303547
v 1.03208 -0.05 0.294451
v 1.01889 -0.05 0.286757
v 1.00521 -0.05 0.280532
v 0.991274 -0.05 0.27579
v 0.977294 -0.05 0.272504
v 0.963478 -0.05 0.270607
v 0.95 -0.05 0.27
v 0.936522 -0.05 0.270607
v 0.922706 -0.05 0.272504
v 0.908726 -0.05 0.27579
v 0.894786 -0.05 0.280532
v 0.881106 -0.05 0.286757
v 0.867919 -0.05 0.294451
v 0.855455 -0.05 0.303547
v 0.843934 -0.05 0.313934
v 0.833547 -0.05 0.325455
v 0.824451 -0.05 0.337919
v 0.816757 -0.05 0.351106
v 0.810532 -0.05 0.364786
v 0.80579 -0.05 0.378726
v 0.802504 -0.05 0.392706
v 0.800607 -0.05 0.406522
v 0.8 -0.05 0.42
vn -1 0 0
vn -0.995955 0 0.0898544
vn -0.983305 0 0.181963
vn -0.961399 0 0.275158
vn -0.929788 0 0.368095
vn -0.888284 0 0.459295
vn -0.836996 0 0.54721
vn -0.776353 0 0.630298
vn -0.707107 0 0.707107
vn -0.630298 0 0.776353
vn -0.54721 0 0.836996
vn -0.459295 0 0.888284
vn -0.368095 0 0.929788
vn -0.275158 0 0.961399
vn -0.181963 0 0.983305
vn -0.0898544 0 0.995955
vn -0 0 1
vn 0.0898544 -0 0.995955
vn 0.181963 -0 0.983305
vn 0.275158 -0 0.961399
vn 0.368095 -0 0.929788
vn 0.459295 -0 0.888284
vn 0.54721 -0 0.836996
vn 0.630298 -0 0.776353
vn 0.707107 -0 0.707107
vn 0.776353 -0 0.630298
vn 0.836996 -0 0.54721
vn 0.888284 -0 0.459295
vn 0.929788 -0 0.368095
vn 0.961399 -0 0.275158
vn 0.983305 -0 0.181963
vn 0.995955 -0 0.0898544
vn 1 -0 0
vn 0.995955 0 -0.0898544
vn 0.983305 0 -0.181963
vn 0.961399 0 -0.275158
vn 0.929788 0 -0.368095
vn 0.888284 0 -0.459295
vn 0.836996 0 -0.54721
vn 0.776353 0 -0.630298
vn 0.707107 0 -0.707107
vn 0.630298 0 -0.776353
vn 0.54721 0 -0.836996
vn 0.459295 0 -0.888284
vn 0.368095 0 -0.929788
vn 0.275158 0 -0.961399
vn 0.181963 0 -0.983305
vn 0.0898544 0 -0.995955
vn 5.23364e-16 0 -1
vn -0.0898544 0 -0.995955
vn -0.181963 0 -0.983305
vn -0.275158 0 -0.961399
vn -0.368095 0 -0.929788
vn -0.459295 0 -0.888284
vn -0.54721 0 -0.836996
vn -0.630298 0 -0.776353
vn -0.707107 0 -0.707107
vn -0.776353 0 -0.630298
vn -0.836996 0 -0.54721
vn -0.888284 0 -0.459295
vn -0.929788 0 -0.368095
vn -0.961399 0 -0.275158
vn -0.983305 0 -0.181963
vn -0.995955 0 -0.0898544
vn -1 0 0
vn -1 0 5.23364e-16
vn -0.995955 0 0.0898544
vn -0.983305 0 0.181963
vn -0.961399 0 0.275158
vn -0.929788 0 0.368095
vn -0.888284 0 0.459295
vn -0.836996 0 0.54721
vn -0.776353 0 0.630298
vn -0.707107 0 0.707107
vn -0.630298 0 0.776353
vn -0.54721 0 0.836996
vn -0.459295 0 0.888284
vn -0.368095 0 0.929788
vn -0.275158 0 0.961399
vn -0.181963 0 0.983305
vn -0.0898544 0 0.995955
vn -2.61682e-16 0 1
vn 0.0898544 -0 0.995955
vn 0.181963 -0 0.983305
vn 0.275158 -0 0.961399
vn 0.368095 -0 0.929788
vn 0.459295 -0 0.888284
vn 0.54721 -0 0.836996
vn 0.630298 -0 0.776353
vn 0.707107 -0 0.707107
vn 0.776353 -0 0.630298
vn 0.836996 -0 0.54721
vn 0.888284 -0 0.459295
vn 0.929788 -0 0.368095
vn 0.961399 -0 0.275158
vn 0.983305 -0 0.181963
vn 0.995955 -0 0.0898544
vn 1 -0 1.04673e-15
vn 0.995955 0 -0.0898544
vn 0.983305 0 -0.181963
vn 0.961399 0 -0.275158
vn 0.929788 0 -0.368095
vn 0.888284 0 -0.459295
vn 0.836996 0 -0.54721
vn 0.776353 0 -0.630298
vn 0.707107 0 -0.707107
vn 0.630298 0 -0.776353
vn 0.54721 0 -0.836996
vn 0.459295 0 -0.888284
vn 0.368095 0 -0.929788
vn 0.275158 0 -0.961399
vn 0.181963 0 -0.983305
vn 0.0898544 0 -0.995955
vn 3.92523e-16 0 -1
vn -0.0898544 0 -0.995955
vn -0.181963 0 -0.983305
vn -0.275158 0 -0.961399
vn -0.368095 0 -0.929788
vn -0.459295 0 -0.888284
vn -0.54721 0 -0.836996
vn -0.630298 0 -0.776353
vn -0.707107 0 -0.707107
vn -0.776353 0 -0.630298
vn -0.836996 0 -0.54721
vn -0.888284 0 -0.459295
vn -0.929788 0 -0.368095
vn -0.961399 0 -0.275158
vn -0.983305 0 -0.181963
vn -0.995955 0 -0.0898544
vn -1 0 0
vn -1 0 0
vn -0.995955 0 0.0898544
vn -0.983305 0 0.181963
vn -0.961399 0 0.275158
vn -0.929788 0 0.368095
vn -0.888284 0 0.459295
vn -0.836996 0 0.54721
vn -0.776353 0 0.630298
vn -0.707107 0 0.707107
vn -0.630298 0 0.776353
vn -0.54721 0 0.836996
vn -0.459295 0 0.888284
vn -0.368095 0 0.929788
vn -0.275158 0 0.961399
vn -0.181963 0 0.983305
vn -0.0898544 0 0.995955
vn -0 0 1
vn 0.0898544 -0 0.995955
vn 0.181963 -0 0.983305
vn 0.275158 -0 0.961399
vn 0.368095 -0 0.929788
vn 0.459295 -0 0.888284
vn 0.54721 -0 0.836996
vn 0.630298 -0 0.776353
vn 0.707107 -0 0.707107
vn 0.776353 -0 0.630298
vn 0.836996 -0 0.54721
vn 0.888284 -0 0.459295
vn 0.929788 -0 0.368095
vn 0.961399 -0 0.275158
vn 0.983305 -0 0.181963
vn 0.995955 -0 0.0898544
vn 1 -0 0
vn 0.995955 0 -0.0898544
vn 0.983305 0 -0.181963
vn 0.961399 0 -0.275158
vn 0.929788 0 -0.368095
vn 0.888284 0 -0.459295
vn 0.836996 0 -0.54721
vn 0.776353 0 -0.630298
vn 0.707107 0 -0.707107
vn 0.630298 0 -0.776353
vn 0.54721 0 -0.836996
vn 0.459295 0 -0.888284
vn 0.368095 0 -0.929788
vn 0.275158 0 -0.961399
vn 0.181963 0 -0.983305
vn 0.0898544 0 -0.995955
vn 5.23364e-16 0 -1
vn -0.0898544 0 -0.995955
vn -0.181963 0 -0.983305
vn -0.275158 0 -0.961399
vn -0.368095 0 -0.929788
vn -0.459295 0 -0.888284
vn -0.54721 0 -0.836996
vn -0.630298 0 -0.776353
vn -0.707107 0 -0.707107
vn -0.776353 0 -0.630298
vn -0.836996 0 -0.54721
vn -0.888284 0 -0.459295
vn -0.929788 0 -0.368095
vn -0.961399 0 -0.275158
vn -0.983305 0 -0.181963
vn -0.995955 0 -0.0898544
vn -1 0 0
g HubFL_f0
usemtl chrome
f 2927//2927 2928//2928 2993//2993
f 2927//2927 2993//2993 2992//2992
f 2928//2928 2929//2929 2994//2994
f 2928//2928 2994//2994 2993//2993
f 2929//2929 2930//2930 2995//2995
f 2929//2929 2995//2995 2994//2994
f 2930//2930 2931//2931 2996//2996
f 2930//2930 2996//2996 2995//2995
f 2931//2931 2932//2932 2997//2997
f 2931//2931 2997//2997 2996//2996
f 2932//2932 2933//2933 2998//2998
f 2932//2932 2998//2998 2997//2997
f 2933//2933 2934//2934 2999//2999
f 2933//2933 2999//2999 2998//2998
f 2934//2934 2935//2935 3000//3000
f 2934//2934 3000//3000 2999//2999
f 2935//2935 2936//2936 3001//3001
f 2935//2935 3001//3001 3000//3000
f 2936//2936 2937//2937 3002//3002
f 2936//2936 3002//3002 3001//3001
f 2937//2937 2938//2938 3003//3003
f 2937//2937 3003//3003 3002//3002
f 2938//2938 2939//2939 3004//3004
f 2938//2938 3004//3004 3003//3003
f 2939//2939 2940//2940 3005//3005
f 2939//2939 3005//3005 3004//3004
f 2940//2940 2941//2941 3006//3006
f 2940//2940 3006//3006 3005//3005
f 2941//2941 2942//2942 3007//3007
f 2941//2941 3007//3007 3006//3006
f 2942//2942 2943//2943 3008//3008
f 2942//2942 3008//3008 3007//3007
f 2943//2943 2944//2944 3009//3009
f 2943//2943 3009//3009 3008//3008
f 2944//2944 2945//2945 3010//3010
f 2944//2944 3010//3010 3009//3009
f 2945//2945 2946//2946 3011//3011
f 2945//2945 3011//3011 3010//3010
f 2946//2946 2947//2947 3012//3012
f 2946//2946 3012//3012 3011//3011
f 2947//2947 2948//2948 3013//3013
f 2947//2947 3013//3013 3012//3012
f 2948//2948 2949//2949 3014//3014
f 2948//2948 3014//3014 3013//3013
f 2949//2949 2950//2950 3015//3015
f 2949//2949 3015//3015 3014//3014
f 2950//2950 2951//2951 3016//3016
f 2950//2950 3016//3016 3015//3015
f 2951//2951 2952//2952 3017//3017
f 2951//2951 3017//3017 3016//3016
f 2952//2952 2953//2953 3018//3018
f 2952//2952 3018//3018 3017//3017
f 2953//2953 2954//2954 3019//3019
f 2953//2953 3019//3019 3018//3018
f 2954//2954 2955//2955 3020//3020
f 2954//2954 3020//3020 3019//3019
f 2955//2955 2956//2956 3021//3021
f 2955//2955 3021//3021 3020//3020
f 2956//2956 2957//2957 3022//3022
f 2956//2956 3022//3022 3021//3021
f 2957//2957 2958//2958 3023//3023
f 2957//2957 3023//3023 3022//3022
f 2958//2958 2959//2959 3024//3024
f 2958//2958 3024//3024 3023//3023
f 2959//2959 2960//2960 3025//3025
f 2959//2959 3025//3025 3024//3024
f 2960//2960 2961//2961 3026//3026
f 2960//2960 3026//3026 3025//3025
f 2961//2961 2962//2962 3027//3027
f 2961//2961 3027//3027 3026//3026
f 2962//2962 2963//2963 3028//3028
f 2962//2962 3028//3028 3027//3027
f 2963//2963 2964//2964 3029//3029
f 2963//2963 3029//3029 3028//3028
f 2964//2964 2965//2965 3030//3030
f 2964//2964 3030//3030 3029//3029
f 2965//2965 2966//2966 3031//3031
f 2965//2965 3031//3031 3030//3030
f 2966//2966 2967//2967 3032//3032
f 2966//2966 3032//3032 3031//3031
f 2967//2967 2968//2968 3033//3033
f 2967//2967 3033//3033 3032//3032
f 2968//2968 2969//2969 3034//3034
f 2968//2968 3034//3034 3033//3033
f 2969//2969 2970//2970 3035//3035
f 2969//2969 3035//3035 3034//3034
f 2970//2970 2971//2971 3036//3036
f 2970//2970 3036//3036 3035//3035
f 2971//2971 2972//2972 3037//3037
f 2971//2971 3037//3037 3036//3036
f 2972//2972 2973//2973 3038//3038
f 2972//2972 3038//3038 3037//3037
f 2973//2973 2974//2974 3039//3039
f 2973//2973 3039//3039 3038//3038
f 2974//2974 2975//2975 3040//3040
f 2974//2974 3040//3040 3039//3039
f 2975//2975 2976//2976 3041//3041
f 2975//2975 3041//3041 3040//3040
f 2976//2976 2977//2977 3042//3042
f 2976//2976 3042//3042 3041//3041
f 2977//2977 2978//2978 3043//3043
f 2977//2977 3043//3043 3042//3042
f 2978//2978 2979//2979 3044//3044
f 2978//2978 3044//3044 3043//3043
f 2979//2979 2980//2980 3045//3045
f 2979//2979 3045//3045 3044//3044
f 2980//2980 2981//2981 3046//3046
f 2980//2980 3046//3046 3045//3045
f 2981//2981 2982//2982 3047//3047
f 2981//2981 3047//3047 3046//3046
f 2982//2982 2983//2983 3048//3048
f 2982//2982 3048//3048 3047//3047
f 2983//2983 2984//2984 3049//3049
f 2983//2983 3049//3049 3048//3048
f 2984//2984 2985//2985 3050//3050
f 2984//2984 3050//3050 3049//3049
f 2985//2985 2986//2986 3051//3051
f 2985//2985 3051//3051 3050//3050
f 2986//2986 2987//2987 3052//3052
f 2986//2986 3052//3052 3051//3051
f 2987//2987 2988//2988 3053//3053
f 2987//2987 3053//3053 3052//3052
f 2988//2988 2989//2989 3054//3054
f 2988//2988 3054//3054 3053//3053
f 2989//2989 2990//2990 3055//3055
f 2989//2989 3055//3055 3054//3054
f 2990//2990 2991//2991 3056//3056
f 2990//2990 3056//3056 3055//3055
f 2992//2992 2993//2993 3058//3058
f 2992//2992 3058//3058 3057//3057
f 2993//2993 2994//2994 3059//3059
f 2993//2993 3059//3059 3058//3058
f 2994//2994 2995//2995 3060//3060
f 2994//2994 3060//3060 3059//3059
f 2995//2995 2996//2996 3061//3061
f 2995//2995 3061//3061 3060//3060
f 2996//2996 2997//2997 3062//3062
f 2996//2996 3062//3062 3061//3061
f 2997//2997 2998//2998 3063//3063
f 2997//2997 3063//3063 3062//3062
f 2998//2998 2999//2999 3064//3064
f 2998//2998 3064//3064 3063//3063
f 2999//2999 3000//3000 3065//3065
f 2999//2999 3065//3065 3064//3064
f 3000//3000 3001//3001 3066//3066
f 3000//3000 3066//3066 3065//3065
f 3001//3001 3002//3002 3067//3067
f 3001//3001 3067//3067 3066//3066
f 3002//3002 3003//3003 3068//3068
f 3002//3002 3068//3068 3067//3067
f 3003//3003 3004//3004 3069//3069
f 3003//3003 3069//3069 3068//3068
f 3004//3004 3005//3005 3070//3070
f 3004//3004 3070//3070 3069//3069
f 3005//3005 3006//3006 3071//3071
f 3005//3005 3071//3071 3070//3070
f 3006//3006 3007//3007 3072//3072
f 3006//3006 3072//3072 3071//3071
f 3007//3007 3008//3008 3073//3073
f 3007//3007 3073//3073 3072//3072
f 3008//3008 3009//3009 3074//3074
f 3008//3008 3074//3074 3073//3073
f 3009//3009 3010//3010 3075//3075
f 3009//3009 3075//3075 3074//3074
f 3010//3010 3011//3011 3076//3076
f 3010//3010 3076//3076 3075//3075
f 3011//3011 3012//3012 3077//3077
f 3011//3011 3077//3077 3076//3076
f 3012//3012 3013//3013 3078//3078
f 3012//3012 3078//3078 3077//3077
f 3013//3013 3014//3014 3079//3079
f 3013//3013 3079//3079 3078//3078
f 3014//3014 3015//3015 3080//3080
f 3014//3014 3080//3080 3079//3079
f 3015//3015 3016//3016 3081//3081
f 3015//3015 3081//3081 3080//3080
f 3016//3016 3017//3017 3082//3082
f 3016//3016 3082//3082 3081//3081
f 3017//3017 3018//3018 3083//3083
f 3017//3017 3083//3083 3082//3082
f 3018//3018 3019//3019 3084//3084
f 3018//3018 3084//3084 3083//3083
f 3019//3019 3020//3020 3085//3085
f 3019//3019 3085//3085 3084//3084
f 3020//3020 3021//3021 3086//3086
f 3020//3020 3086//3086 3085//3085
f 3021//3021 3022//3022 3087//3087
f 3021//3021 3087//3087 3086//3086
f 3022//3022 3023//3023 3088//3088
f 3022//3022 3088//3088 3087//3087
f 3023//3023 3024//3024 3089//3089
f 3023//3023 3089//3089 3088//3088
f 3024//3024 3025//3025 3090//3090
f 3024//3024 3090//3090 3089//3089
f 3025//3025 3026//3026 3091//3091
f 3025//3025 3091//3091 3090//3090
f 3026//3026 3027//3027 3092//3092
f 3026//3026 3092//3092 3091//3091
f 3027//3027 3028//3028 3093//3093
f 3027//3027 3093//3093 3092//3092
f 3028//3028 3029//3029 3094//3094
f 3028//3028 3094//3094 3093//3093
f 3029//3029 3030//3030 3095//3095
f 3029//3029 3095//3095 3094//3094
f 3030//3030 3031//3031 3096//3096
f 3030//3030 3096//3096 3095//3095
f 3031//3031 3032//3032 3097//3097
f 3031//3031 3097//3097 3096//3096
f 3032//3032 3033//3033 3098//3098
f 3032//3032 3098//3098 3097//3097
f 3033//3033 3034//3034 3099//3099
f 3033//3033 3099//3099 3098//3098
f 3034//3034 3035//3035 3100//3100
f 3034//3034 3100//3100 3099//3099
f 3035//3035 3036//3036 3101//3101
f 3035//3035 3101//3101 3100//3100
f 3036//3036 3037//3037 3102//3102
f 3036//3036 3102//3102 3101//3101
f 3037//3037 3038//3038 3103//3103
f 3037//3037 3103//3103 3102//3102
f 3038//3038 3039//3039 3104//3104
f 3038//3038 3104//3104 3103//3103
f 3039//3039 3040//3040 3105//3105
f 3039//3039 3105//3105 3104//3104
f 3040//3040 3041//3041 3106//3106
f 3040//3040 3106//3106 3105//3105
f 3041//3041 3042//3042 3107//3107
f 3041//3041 3107//3107 3106//3106
f 3042//3042 3043//3043 3108//3108
f 3042//3042 3108//3108 3107//3107
f 3043//3043 3044//3044 3109//3109
f 3043//3043 3109//3109 3108//3108
f 3044//3044 3045//3045 3110//3110
f 3044//3044 3110//3110 3109//3109
f 3045//3045 3046//3046 3111//3111
f 3045//3045 3111//3111 3110//3110
f 3046//3046 3047//3047 3112//3112
f 3046//3046 3112//3112 3111//3111
f 3047//3047 3048//3048 3113//3113
f 3047//3047 3113//3113 3112//3112
f 3048//3048 3049//3049 3114//3114
f 3048//3048 3114//3114 3113//3113
f 3049//3049 3050//3050 3115//3115
f 3049//3049 3115//3115 3114//3114
f 3050//3050 3051//3051 3116//3116
f 3050//3050 3116//3116 3115//3115
f 3051//3051 3052//3052 3117//3117
f 3051//3051 3117//3117 3116//3116
f 3052//3052 3053//3053 3118//3118
f 3052//3052 3118//3118 3117//3117
f 3053//3053 3054//3054 3119//3119
f 3053//3053 3119//3119 3118//3118
f 3054//3054 3055//3055 3120//3120
f 3054//3054 3120//3120 3119//3119
f 3055//3055 3056//3056 3121//3121
f 3055//3055 3121//3121 3120//3120
v 0.8 -0.05 0.42
v 0.800607 -0.05 0.433478
v 0.802504 -0.05 0.447294
v 0.80579 -0.05 0.461274
v 0.810532 -0.05 0.475214
v 0.813459 -0.05 0.482101
v 0.816757 -0.05 0.488894
v 0.820423 -0.05 0.495564
v 0.824451 -0.05 0.502081
v 0.828829 -0.05 0.508418
v 0.833547 -0.05 0.514545
v 0.838588 -0.05 0.520436
v 0.843934 -0.05 0.526066
v 0.849564 -0.05 0.531412
v 0.855455 -0.05 0.536453
v 0.861582 -0.05 0.541171
v 0.867919 -0.05 0.545549
v 0.874436 -0.05 0.549577
v 0.881106 -0.05 0.553243
v 0.887899 -0.05 0.556541
v 0.894786 -0.05 0.559468
v 0.908726 -0.05 0.56421
v 0.922706 -0.05 0.567496
v 0.936522 -0.05 0.569393
v 0.95 -0.05 0.57
v 0.963478 -0.05 0.569393
v 0.977294 -0.05 0.567496
v 0.991274 -0.05 0.56421
v 1.00521 -0.05 0.559468
v 1.0121 -0.05 0.556541
v 1.01889 -0.05 0.553243
v 1.02556 -0.05 0.549577
v 1.03208 -0.05 0.545549
v 1.03842 -0.05 0.541171
v 1.04454 -0.05 0.536453
v 1.05044 -0.05 0.531412
v 1.05607 -0.05 0.526066
v 1.06141 -0.05 0.520436
v 1.06645 -0.05 0.514545
v 1.07117 -0.05 0.508418
v 1.07555 -0.05 0.502081
v 1.07958 -0.05 0.495564
v 1.08324 -0.05 0.488894
v 1.08654 -0.05 0.482101
v 1.08947 -0.05 0.475214
v 1.09421 -0.05 0.461274
v 1.0975 -0.05 0.447294
v 1.09939 -0.05 0.433478
v 1.1 -0.05 0.42
v 1.09939 -0.05 0.406522
v 1.0975 -0.05 0.392706
v 1.09421 -0.05 0.378726
v 1.08947 -0.05 0.364786
v 1.08654 -0.05 0.357899
v 1.08324 -0.05 0.351106
v 1.07958 -0.05 0.344436
v 1.07555 -0.05 0.337919
v 1.07117 -0.05 0.331582
v 1.06645 -0.05 0.325455
v 1.06141 -0.05 0.319564
v 1.05607 -0.05 0.313934
v 1.05044 -0.05 0.308588
v 1.04454 -0.05 0.303547
v 1.03842 -0.05 0.298829
v 1.03208 -0.05 0.294451
v 1.02556 -0.05 0.290423
v 1.01889 -0.05 0.286757
v 1.0121 -0.05 0.283459
v 1.00521 -0.05 0.280532
v 0.991274 -0.05 0.27579
v 0.977294 -0.05 0.272504
v 0.963478 -0.05 0.270607
v 0.95 -0.05 0.27
v 0.936522 -0.05 0.270607
v 0.922706 -0.05 0.272504
v 0.908726 -0.05 0.27579
v 0.894786 -0.05 0.280532
v 0.887899 -0.05 0.283459
v 0.881106 -0.05 0.286757
v 0.874436 -0.05 0.290423
v 0.867919 -0.05 0.294451
v 0.861582 -0.05 0.298829
v 0.855455 -0.05 0.303547
v 0.849564 -0.05 0.308588
v 0.843934 -0.05 0.313934
v 0.838588 -0.05 0.319564
v 0.833547 -0.05 0.325455
v 0.828829 -0.05 0.331582
v 0.824451 -0.05 0.337919
v 0.820423 -0.05 0.344436
v 0.816757 -0.05 0.351106
v 0.813459 -0.05 0.357899
v 0.810532 -0.05 0.364786
v 0.80579 -0.05 0.378726
v 0.802504 -0.05 0.392706
v 0.800607 -0.05 0.406522
vn -1.38778e-17 1 -2.77556e-17
vn -1.11022e-17 1 -2.77556e-17
vn 1.38778e-17 1 -2.77556e-17
vn -2.498e-17 1 -2.77556e-17
vn 0 1 -2.77556e-17
vn 0 1 -2.77556e-17
vn 0 1 -0
vn 1.38778e-17 1 -2.77556e-17
vn -1.38778e-17 1 0
vn -3.60822e-17 1 0
vn -1.38778e-17 1 -2.77556e-17
vn -1.38778e-17 1 0
vn 0 1 -1.38778e-17
vn 0 1 -2.77556e-17
vn -2.77556e-17 1 -2.77556e-17
vn 0 1 -2.77556e-17
vn 0 1 -2.77556e-17
vn -2.22045e-17 1 -1.38778e-17
vn 0 1 -1.38778e-17
vn 0 1 -1.38778e-17
vn 0 1 -1.38778e-17
vn 0 1 -1.38778e-17
vn 0 1 -1.38778e-17
vn 0 1 -2.77556e-17
vn 0 1 -2.77556e-17
vn 0 1 -2.77556e-17
vn 0 1 -0
vn 0 1 -2.08167e-17
vn 0 1 -2.08167e-17
vn 0 1 -2.08167e-17
vn 0 1 -2.08167e-17
vn 0 1 -3.46945e-17
vn 0 1 -2.77556e-17
vn 0 1 -3.46945e-17
vn 0 1 -3.46945e-17
vn 0 1 -1.73472e-17
vn 0 1 -1.73472e-17
vn -2.22045e-17 1 -3.1225e-17
vn -1.38778e-17 1 -3.1225e-17
vn -3.60822e-17 1 -3.1225e-17
vn 3.60822e-17 1 -3.46945e-18
vn -6.16298e-33 1 -2.77556e-17
vn -1.38778e-17 1 -2.94903e-17
vn -1.38778e-17 1 -2.94903e-17
vn 0 1 -2.94903e-17
vn 2.77556e-18 1 -2.94903e-17
vn -2.498e-17 1 -2.94903e-17
vn -1.11022e-17 1 -2.94903e-17
vn -2.498e-17 1 -2.86229e-17
vn -1.11022e-17 1 -2.86229e-17
vn -2.498e-17 1 -2.94903e-17
vn -4.16334e-18 1 -2.94903e-17
vn -1.11022e-17 1 -2.94903e-17
vn -4.16334e-18 1 -2.94903e-17
vn -1.249e-17 1 -3.46945e-18
vn -6.93889e-18 1 -2.77556e-17
vn 1.94289e-17 1 -3.46945e-18
vn -1.80411e-17 1 -3.1225e-17
vn 1.249e-17 1 -3.1225e-17
vn -1.45717e-17 1 -3.46945e-18
vn -3.46945e-18 1 -3.1225e-17
vn -1.11022e-17 1 -1.73472e-17
vn -2.15106e-17 1 -2.08167e-17
vn 1.11022e-17 1 -2.08167e-17
vn 4.85723e-18 1 -2.08167e-17
vn -2.08167e-18 1 -2.08167e-17
vn -7.63278e-18 1 -2.08167e-17
vn -8.32667e-18 1 -2.08167e-17
vn 9.02056e-18 1 -2.08167e-17
vn -8.32667e-18 1 -2.08167e-17
vn 7.97973e-18 1 -0
vn -4.33681e-18 1 -2.77556e-17
vn 1.30104e-17 1 -2.77556e-17
vn -3.98986e-18 1 -2.77556e-17
vn -3.81639e-18 1 0
vn 7.63278e-18 1 -2.77556e-17
vn 7.63278e-18 1 -1.38778e-17
vn -8.32667e-18 1 -1.38778e-17
vn -8.67362e-18 1 -2.77556e-17
vn -6.93889e-19 1 -4.16334e-17
vn -1.249e-17 1 -4.16334e-17
vn 1.38778e-17 1 -2.77556e-17
vn 4.16334e-18 1 -2.77556e-17
vn 1.17961e-17 1 -1.38778e-17
vn -9.02056e-18 1 -1.38778e-17
vn 9.02056e-18 1 -2.77556e-17
vn 1.249e-17 1 -2.77556e-17
vn -1.249e-17 1 -2.77556e-17
vn -1.249e-17 1 0
vn -1.11022e-17 1 0
vn 1.249e-17 1 -2.77556e-17
vn -5.55112e-18 1 -2.77556e-17
vn -1.38778e-17 1 -2.77556e-17
vn -1.38778e-17 1 -2.77556e-17
vn -2.498e-17 1 -2.77556e-17
vn 0 1 -2.77556e-17
g HubFL_f1
usemtl chrome
f 3217//3217 3122//3122 3123//3123
f 3217//3217 3123//3123 3124//3124
f 3217//3217 3124//3124 3125//3125
f 3217//3217 3125//3125 3126//3126
f 3217//3217 3126//3126 3127//3127
f 3217//3217 3127//3127 3128//3128
f 3217//3217 3128//3128 3129//3129
f 3217//3217 3129//3129 3130//3130
f 3217//3217 3130//3130 3131//3131
f 3217//3217 3131//3131 3132//3132
f 3217//3217 3132//3132 3133//3133
f 3217//3217 3133//3133 3134//3134
f 3217//3217 3134//3134 3135//3135
f 3217//3217 3135//3135 3136//3136
f 3217//3217 3136//3136 3137//3137
f 3217//3217 3137//3137 3138//3138
f 3217//3217 3138//3138 3139//3139
f 3217//3217 3139//3139 3140//3140
f 3217//3217 3140//3140 3141//3141
f 3217//3217 3141//3141 3142//3142
f 3217//3217 3142//3142 3143//3143
f 3217//3217 3143//3143 3144//3144
f 3217//3217 3144//3144 3145//3145
f 3217//3217 3145//3145 3146//3146
f 3217//3217 3146//3146 3147//3147
f 3217//3217 3147//3147 3148//3148
f 3217//3217 3148//3148 3149//3149
f 3217//3217 3149//3149 3150//3150
f 3217//3217 3150//3150 3151//3151
f 3217//3217 3151//3151 3152//3152
f 3217//3217 3152//3152 3153//3153
f 3217//3217 3153//3153 3154//3154
f 3217//3217 3154//3154 3155//3155
f 3217//3217 3155//3155 3156//3156
f 3217//3217 3156//3156 3157//3157
f 3217//3217 3157//3157 3158//3158
f 3217//3217 3158//3158 3159//3159
f 3217//3217 3159//3159 3160//3160
f 3217//3217 3160//3160 3161//3161
f 3217//3217 3161//3161 3162//3162
f 3217//3217 3162//3162 3163//3163
f 3217//3217 3163//3163 3164//3164
f 3217//3217 3164//3164 3165//3165
f 3217//3217 3165//3165 3166//3166
f 3217//3217 3166//3166 3167//3167
f 3217//3217 3167//3167 3168//3168
f 3217//3217 3168//3168 3169//3169
f 3217//3217 3169//3169 3170//3170
f 3217//3217 3170//3170 3171//3171
f 3217//3217 3171//3171 3172//3172
f 3217//3217 3172//3172 3173//3173
f 3217//3217 3173//3173 3174//3174
f 3217//3217 3174//3174 3175//3175
f 3217//3217 3175//3175 3176//3176
f 3217//3217 3176//3176 3177//3177
f 3217//3217 3177//3177 3178//3178
f 3217//3217 3178//3178 3179//3179
f 3217//3217 3179//3179 3180//3180
f 3217//3217 3180//3180 3181//3181
f 3217//3217 3181//3181 3182//3182
f 3217//3217 3182//3182 3183//3183
f 3217//3217 3183//3183 3184//3184
f 3217//3217 3184//3184 3185//3185
f 3217//3217 3185//3185 3186//3186
f 3217//3217 3186//3186 3187//3187
f 3217//3217 3187//3187 3188//3188
f 3217//3217 3188//3188 3189//3189
f 3217//3217 3189//3189 3190//3190
f 3217//3217 3190//3190 3191//3191
f 3217//3217 3191//3191 3192//3192
f 3217//3217 3192//3192 3193//3193
f 3217//3217 3193//3193 3194//3194
f 3217//3217 3194//3194 3195//3195
f 3217//3217 3195//3195 3196//3196
f 3217//3217 3196//3196 3197//3197
f 3217//3217 3197//3197 3198//3198
f 3217//3217 3198//3198 3199//3199
f 3217//3217 3199//3199 3200//3200
f 3217//3217 3200//3200 3201//3201
f 3217//3217 3201//3201 3202//3202
f 3217//3217 3202//3202 3203//3203
f 3217//3217 3203//3203 3204//3204
f 3217//3217 3204//3204 3205//3205
f 3217//3217 3205//3205 3206//3206
f 3217//3217 3206//3206 3207//3207
f 3217//3217 3207//3207 3208//3208
f 3217//3217 3208//3208 3209//3209
f 3217//3217 3209//3209 3210//3210
f 3217//3217 3210//3210 3211//3211
f 3217//3217 3211//3211 3212//3212
f 3217//3217 3212//3212 3213//3213
f 3217//3217 3213//3213 3214//3214
f 3217//3217 3214//3214 3215//3215
f 3215//3215 3216//3216 3217//3217
v 0.8 -0.1 0.42
v 0.800607 -0.1 0.406522
v 0.802504 -0.1 0.392706
v 0.80579 -0.1 0.378726
v 0.810532 -0.1 0.364786
v 0.813459 -0.1 0.357899
v 0.816757 -0.1 0.351106
v 0.820423 -0.1 0.344436
v 0.824451 -0.1 0.337919
v 0.828829 -0.1 0.331582
v 0.833547 -0.1 0.325455
v 0.838588 -0.1 0.319564
v 0.843934 -0.1 0.313934
v 0.849564 -0.1 0.308588
v 0.855455 -0.1 0.303547
v 0.861582 -0.1 0.298829
v 0.867919 -0.1 0.294451
v 0.874436 -0.1 0.290423
v 0.881106 -0.1 0.286757
v 0.887899 -0.1 0.283459
v 0.894786 -0.1 0.280532
v 0.908726 -0.1 0.27579
v 0.922706 -0.1 0.272504
v 0.936522 -0.1 0.270607
v 0.95 -0.1 0.27
v 0.963478 -0.1 0.270607
v 0.977294 -0.1 0.272504
v 0.991274 -0.1 0.27579
v 1.00521 -0.1 0.280532
v 1.0121 -0.1 0.283459
v 1.01889 -0.1 0.286757
v 1.02556 -0.1 0.290423
v 1.03208 -0.1 0.294451
v 1.03842 -0.1 0.298829
v 1.04454 -0.1 0.303547
v 1.05044 -0.1 0.308588
v 1.05607 -0.1 0.313934
v 1.06141 -0.1 0.319564
v 1.06645 -0.1 0.325455
v 1.07117 -0.1 0.331582
v 1.07555 -0.1 0.337919
v 1.07958 -0.1 0.344436
v 1.08324 -0.1 0.351106
v 1.08654 -0.1 0.357899
v 1.08947 -0.1 0.364786
v 1.09421 -0.1 0.378726
v 1.0975 -0.1 0.392706
v 1.09939 -0.1 0.406522
v 1.1 -0.1 0.42
v 1.09939 -0.1 0.433478
v 1.0975 -0.1 0.447294
v 1.09421 -0.1 0.461274
v 1.08947 -0.1 0.475214
v 1.08654 -0.1 0.482101
v 1.08324 -0.1 0.488894
v 1.07958 -0.1 0.495564
v 1.07555 -0.1 0.502081
v 1.07117 -0.1 0.508418
v 1.06645 -0.1 0.514545
v 1.06141 -0.1 0.520436
v 1.05607 -0.1 0.526066
v 1.05044 -0.1 0.531412
v 1.04454 -0.1 0.536453
v 1.03842 -0.1 0.541171
v 1.03208 -0.1 0.545549
v 1.02556 -0.1 0.549577
v 1.01889 -0.1 0.553243
v 1.0121 -0.1 0.556541
v 1.00521 -0.1 0.559468
v 0.991274 -0.1 0.56421
v 0.977294 -0.1 0.567496
v 0.963478 -0.1 0.569393
v 0.95 -0.1 0.57
v 0.936522 -0.1 0.569393
v 0.922706 -0.1 0.567496
v 0.908726 -0.1 0.56421
v 0.894786 -0.1 0.559468
v 0.887899 -0.1 0.556541
v 0.881106 -0.1 0.553243
v 0.874436 -0.1 0.549577
v 0.867919 -0.1 0.545549
v 0.861582 -0.1 0.541171
v 0.855455 -0.1 0.536453
v 0.849564 -0.1 0.531412
v 0.843934 -0.1 0.526066
v 0.838588 -0.1 0.520436
v 0.833547 -0.1 0.514545
v 0.828829 -0.1 0.508418
v 0.824451 -0.1 0.502081
v 0.820423 -0.1 0.495564
v 0.816757 -0.1 0.488894
v 0.813459 -0.1 0.482101
v 0.810532 -0.1 0.475214
v 0.80579 -0.1 0.461274
v 0.802504 -0.1 0.447294
v 0.800607 -0.1 0.433478
vn -2.22045e-17 -1 1.14492e-16
vn 5.55112e-18 -1 1.14492e-16
vn -2.22045e-17 -1 1.14492e-16
vn -3.60822e-17 -1 5.89806e-17
vn -1.38778e-17 -1 6.245e-17
vn -3.88578e-17 -1 6.245e-17
vn 0 -1 6.59195e-17
vn -3.46667e-33 -1 6.245e-17
vn 2.77556e-18 -1 6.93889e-17
vn -1.38778e-17 -1 6.93889e-17
vn 2.498e-17 -1 1.249e-16
vn -9.71445e-18 -1 6.93889e-17
vn 4.30211e-17 -1 6.93889e-17
vn -2.77556e-18 -1 9.71445e-17
vn 2.08167e-17 -1 8.32667e-17
vn -4.44089e-17 -1 9.71445e-17
vn -2.77556e-17 -1 8.32667e-17
vn -1.66533e-17 -1 8.32667e-17
vn -1.52656e-17 -1 8.32667e-17
vn 1.73472e-17 -1 8.32667e-17
vn 1.80411e-17 -1 8.32667e-17
vn -7.63278e-18 -1 8.32667e-17
vn 1.59595e-17 -1 8.32667e-17
vn 3.81639e-18 -1 8.32667e-17
vn 2.5327e-17 -1 1.11022e-16
vn -8.67362e-18 -1 5.55112e-17
vn 3.46945e-18 -1 1.11022e-16
vn 3.88578e-17 -1 8.32667e-17
vn 1.80411e-17 -1 8.32667e-17
vn 3.88578e-17 -1 8.32667e-17
vn -1.52656e-17 -1 8.32667e-17
vn -3.60822e-17 -1 8.32667e-17
vn -2.77556e-18 -1 8.32667e-17
vn -2.77556e-17 -1 8.32667e-17
vn 3.19189e-17 -1 5.55112e-17
vn -9.71445e-18 -1 1.11022e-16
vn 0 -1 5.55112e-17
vn 9.71445e-18 -1 1.11022e-16
vn 1.11022e-17 -1 5.55112e-17
vn -8.32667e-18 -1 5.55112e-17
vn 1.11022e-17 -1 1.11022e-16
vn 1.38778e-17 -1 1.11022e-16
vn 2.77556e-18 -1 5.55112e-17
vn -2.77556e-18 -1 5.55112e-17
vn -3.60822e-17 -1 5.55112e-17
vn 5.55112e-18 -1 5.55112e-17
vn -2.22045e-17 -1 5.55112e-17
vn 2.77556e-17 -1 1.11022e-16
vn -2.22045e-17 -1 5.55112e-17
vn -2.22045e-17 -1 1.11022e-16
vn -2.22045e-17 -1 5.55112e-17
vn -2.22045e-17 -1 1.11022e-16
vn 0 -1 5.55112e-17
vn 0 -1 5.55112e-17
vn 0 -1 5.55112e-17
vn -1.2326e-32 -1 5.55112e-17
vn 0 -1 1.11022e-16
vn 2.77556e-17 -1 5.55112e-17
vn -2.77556e-17 -1 5.55112e-17
vn 0 -1 1.11022e-16
vn 0 -1 8.32667e-17
vn 0 -1 5.55112e-17
vn 0 -1 5.55112e-17
vn 0 -1 8.32667e-17
vn 0 -1 8.32667e-17
vn 0 -1 8.32667e-17
vn 0 -1 5.55112e-17
vn 0 -1 8.32667e-17
vn 0 -1 8.32667e-17
vn 0 -1 8.32667e-17
vn 0 -1 5.55112e-17
vn 0 -1 8.32667e-17
vn -4.44089e-17 -1 8.32667e-17
vn 0 -1 1.11022e-16
vn 0 -1 8.32667e-17
vn 0 -1 8.32667e-17
vn 0 -1 8.32667e-17
vn 0 -1 8.32667e-17
vn 0 -1 1.11022e-16
vn 0 -1 1.11022e-16
vn -4.44089e-17 -1 8.32667e-17
vn 0 -1 6.93889e-17
vn 0 -1 1.11022e-16
vn 0 -1 6.93889e-17
vn 0 -1 6.93889e-17
vn 0 -1 6.93889e-17
vn 0 -1 6.245e-17
vn 0 -1 6.245e-17
vn -4.44089e-17 -1 6.245e-17
vn 0 -1 6.245e-17
vn 2.77556e-17 -1 6.59195e-17
vn -4.44089e-17 -1 6.245e-17
vn -2.77556e-17 -1 6.245e-17
vn -2.77556e-17 -1 6.245e-17
vn -2.22045e-17 -1 1.14492e-16
vn 2.77556e-17 -1 5.89806e-17
g HubFL_f2
usemtl chrome
f 3313//3313 3218//3218 3219//3219
f 3313//3313 3219//3219 3220//3220
f 3313//3313 3220//3220 3221//3221
f 3313//3313 3221//3221 3222//3222
f 3313//3313 3222//3222 3223//3223
f 3313//3313 3223//3223 3224//3224
f 3313//3313 3224//3224 3225//3225
f 3313//3313 3225//3225 3226//3226
f 3313//3313 3226//3226 3227//3227
f 3313//3313 3227//3227 3228//3228
f 3313//3313 3228//3228 3229//3229
f 3313//3313 3229//3229 3230//3230
f 3313//3313 3230//3230 3231//3231
f 3313//3313 3231//3231 3232//3232
f 3313//3313 3232//3232 3233//3233
f 3313//3313 3233//3233 3234//3234
f 3313//3313 3234//3234 3235//3235
f 3313//3313 3235//3235 3236//3236
f 3313//3313 3236//3236 3237//3237
f 3313//3313 3237//3237 3238//3238
f 3313//3313 3238//3238 3239//3239
f 3313//3313 3239//3239 3240//3240
f 3313//3313 3240//3240 3241//3241
f 3313//3313 3241//3241 3242//3242
f 3313//3313 3242//3242 3243//3243
f 3313//3313 3243//3243 3244//3244
f 3313//3313 3244//3244 3245//3245
f 3313//3313 3245//3245 3246//3246
f 3313//3313 3246//3246 3247//3247
f 3313//3313 3247//3247 3248//3248
f 3313//3313 3248//3248 3249//3249
f 3313//3313 3249//3249 3250//3250
f 3313//3313 3250//3250 3251//3251
f 3313//3313 3251//3251 3252//3252
f 3313//3313 3252//3252 3253//3253
f 3313//3313 3253//3253 3254//3254
f 3313//3313 3254//3254 3255//3255
f 3313//3313 3255//3255 3256//3256
f 3313//3313 3256//3256 3257//3257
f 3313//3313 3257//3257 3258//3258
f 3313//3313 3258//3258 3259//3259
f 3313//3313 3259//3259 3260//3260
f 3313//3313 3260//3260 3261//3261
f 3313//3313 3261//3261 3262//3262
f 3313//3313 3262//3262 3263//3263
f 3313//3313 3263//3263 3264//3264
f 3313//3313 3264//3264 3265//3265
f 3313//3313 3265//3265 3266//3266
f 3313//3313 3266//3266 3267//3267
f 3313//3313 3267//3267 3268//3268
f 3313//3313 3268//3268 3269//3269
f 3313//3313 3269//3269 3270//3270
f 3313//3313 3270//3270 3271//3271
f 3313//3313 3271//3271 3272//3272
f 3313//3313 3272//3272 3273//3273
f 3313//3313 3273//3273 3274//3274
f 3313//3313 3274//3274 3275//3275
f 3313//3313 3275//3275 3276//3276
f 3313//3313 3276//3276 3277//3277
f 3313//3313 3277//3277 3278//3278
f 3313//3313 3278//3278 3279//3279
f 3313//3313 3279//3279 3280//3280
f 3313//3313 3280//3280 3281//3281
f 3313//3313 3281//3281 3282//3282
f 3313//3313 3282//3282 3283//3283
f 3313//3313 3283//3283 3284//3284
f 3313//3313 3284//3284 3285//3285
f 3313//3313 3285//3285 3286//3286
f 3313//3313 3286//3286 3287//3287
f 3313//3313 3287//3287 3288//3288
f 3313//3313 3288//3288 3289//3289
f 3313//3313 3289//3289 3290//3290
f 3313//3313 3290//3290 3291//3291
f 3313//3313 3291//3291 3292//3292
f 3313//3313 3292//3292 3293//3293
f 3313//3313 3293//3293 3294//3294
f 3313//3313 3294//3294 3295//3295
f 3313//3313 3295//3295 3296//3296
f 3313//3313 3296//3296 3297//3297
f 3313//3313 3297//3297 3298//3298
f 3313//3313 3298//3298 3299//3299
f 3313//3313 3299//3299 3300//3300
f 3313//3313 3300//3300 3301//3301
f 3313//3313 3301//3301 3302//3302
f 3313//3313 3302//3302 3303//3303
f 3313//3313 3303//3303 3304//3304
f 3313//3313 3304//3304 3305//3305
f 3313//3313 3305//3305 3306//3306
f 3313//3313 3306//3306 3307//3307
f 3313//3313 3307//3307 3308//3308
f 3313//3313 3308//3308 3309//3309
f 3313//3313 3309//3309 3310//3310
f 3313//3313 3310//3310 3311//3311
f 3311//3311 3312//3312 3313//3313
o HubFR
v 0.8 2.02 0.42
v 0.800607 2.02 0.433478
v 0.802504 2.02 0.447294
v 0.80579 2.02 0.461274
v 0.810532 2.02 0.475214
v 0.816757 2.02 0.488894
v 0.824451 2.02 0.502081
v 0.833547 2.02 0.514545
v 0.843934 2.02 0.526066
v 0.855455 2.02 0.536453
v 0.867919 2.02 0.545549
v 0.881106 2.02 0.553243
v 0.894786 2.02 0.559468
v 0.908726 2.02 0.56421
v 0.922706 2.02 0.567496
v 0.936522 2.02 0.569393
v 0.95 2.02 0.57
v 0.963478 2.02 0.569393
v 0.977294 2.02 0.567496
v 0.991274 2.02 0.56421
v 1.00521 2.02 0.559468
v 1.01889 2.02 0.553243
v 1.03208 2.02 0.545549
v 1.04454 2.02 0.536453
v 1.05607 2.02 0.526066
v 1.06645 2.02 0.514545
v 1.07555 2.02 0.502081
v 1.08324 2.02 0.488894
v 1.08947 2.02 0.475214
v 1.09421 2.02 0.461274
v 1.0975 2.02 0.447294
v 1.09939 2.02 0.433478
v 1.1 2.02 0.42
v 1.09939 2.02 0.406522
v 1.0975 2.02 0.392706
v 1.09421 2.02 0.378726
v 1.08947 2.02 0.364786
v 1.08324 2.02 0.351106
v 1.07555 2.02 0.337919
v 1.06645 2.02 0.325455
v 1.05607 2.02 0.313934
v 1.04454 2.02 0.303547
v 1.03208 2.02 0.294451
v 1.01889 2.02 0.286757
v 1.00521 2.02 0.280532
v 0.991274 2.02 0.27579
v 0.977294 2.02 0.272504
v 0.963478 2.02 0.270607
v 0.95 2.02 0.27
v 0.936522 2.02 0.270607
v 0.922706 2.02 0.272504
v 0.908726 2.02 0.27579
v 0.894786 2.02 0.280532
v 0.881106 2.02 0.286757
v 0.867919 2.02 0.294451
v 0.855455 2.02 0.303547
v 0.843934 2.02 0.313934
v 0.833547 2.02 0.325455
v 0.824451 2.02 0.337919
v 0.816757 2.02 0.351106
v 0.810532 2.02 0.364786
v 0.80579 2.02 0.378726
v 0.802504 2.02 0.392706
v 0.800607 2.02 0.406522
v 0.8 2.02 0.42
v 0.8 2.045 0.42
v 0.800607 2.045 0.433478
v 0.802504 2.045 0.447294
v 0.80579 2.045 0.461274
v 0.810532 2.045 0.475214
v 0.816757 2.045 0.488894
v 0.824451 2.045 0.502081
v 0.833547 2.045 0.514545
v 0.843934 2.045 0.526066
v 0.855455 2.045 0.536453
v 0.867919 2.045 0.545549
v 0.881106 2.045 0.553243
v 0.894786 2.045 0.559468
v 0.908726 2.045 0.56421
v 0.922706 2.045 0.567496
v 0.936522 2.045 0.569393
v 0.95 2.045 0.57
v 0.963478 2.045 0.569393
v 0.977294 2.045 0.567496
v 0.991274 2.045 0.56421
v 1.00521 2.045 0.559468
v 1.01889 2.045 0.553243
v 1.03208 2.045 0.545549
v 1.04454 2.045 0.536453
v 1.05607 2.045 0.526066
v 1.06645 2.045 0.514545
v 1.07555 2.045 0.502081
v 1.08324 2.045 0.488894
v 1.08947 2.045 0.475214
v 1.09421 2.045 0.461274
v 1.0975 2.045 0.447294
v 1.09939 2.045 0.433478
v 1.1 2.045 0.42
v 1.09939 2.045 0.406522
v 1.0975 2.045 0.392706
v 1.09421 2.045 0.378726
v 1.08947 2.045 0.364786
v 1.08324 2.045 0.351106
v 1.07555 2.045 0.337919
v 1.06645 2.045 0.325455
v 1.05607 2.045 0.313934
v 1.04454 2.045 0.303547
v 1.03208 2.045 0.294451
v 1.01889 2.045 0.286757
v 1.00521 2.045 0.280532
v 0.991274 2.045 0.27579
v 0.977294 2.045 0.272504
v 0.963478 2.045 0.270607
v 0.95 2.045 0.27
v 0.936522 2.045 0.270607
v 0.922706 2.045 0.272504
v 0.908726 2.045 0.27579
v 0.894786 2.045 0.280532
v 0.881106 2.045 0.286757
v 0.867919 2.045 0.294451
v 0.855455 2.045 0.303547
v 0.843934 2.045 0.313934
v 0.833547 2.045 0.325455
v 0.824451 2.045 0.337919
v 0.816757 2.045 0.351106
v 0.810532 2.045 0.364786
v 0.80579 2.045 0.378726
v 0.802504 2.045 0.392706
v 0.800607 2.045 0.406522
v 0.8 2.045 0.42
v 0.8 2.07 0.42
v 0.800607 2.07 0.433478
v 0.802504 2.07 0.447294
v 0.80579 2.07 0.461274
v 0.810532 2.07 0.475214
v 0.816757 2.07 0.488894
v 0.824451 2.07 0.502081
v 0.833547 2.07 0.514545
v 0.843934 2.07 0.526066
v 0.855455 2.07 0.536453
v 0.867919 2.07 0.545549
v 0.881106 2.07 0.553243
v 0.894786 2.07 0.559468
v 0.908726 2.07 0.56421
v 0.922706 2.07 0.567496
v 0.936522 2.07 0.569393
v 0.95 2.07 0.57
v 0.963478 2.07 0.569393
v 0.977294 2.07 0.567496
v 0.991274 2.07 0.56421
v 1.00521 2.07 0.559468
v 1.01889 2.07 0.553243
v 1.03208 2.07 0.545549
v 1.04454 2.07 0.536453
v 1.05607 2.07 0.526066
v 1.06645 2.07 0.514545
v 1.07555 2.07 0.502081
v 1.08324 2.07 0.488894
v 1.08947 2.07 0.475214
v 1.09421 2.07 0.461274
v 1.0975 2.07 0.447294
v 1.09939 2.07 0.433478
v 1.1 2.07 0.42
v 1.09939 2.07 0.406522
v 1.0975 2.07 0.392706
v 1.09421 2.07 0.378726
v 1.08947 2.07 0.364786
v 1.08324 2.07 0.351106
v 1.07555 2.07 0.337919
v 1.06645 2.07 0.325455
v 1.05607 2.07 0.313934
v 1.04454 2.07 0.303547
v 1.03208 2.07 0.294451
v 1.01889 2.07 0.286757
v 1.00521 2.07 0.280532
v 0.991274 2.07 0.27579
v 0.977294 2.07 0.272504
v 0.963478 2.07 0.270607
v 0.95 2.07 0.27
v 0.936522 2.07 0.270607
v 0.922706 2.07 0.272504
v 0.908726 2.07 0.27579
v 0.894786 2.07 0.280532
v 0.881106 2.07 0.286757
v 0.867919 2.07 0.294451
v 0.855455 2.07 0.303547
v 0.843934 2.07 0.313934
v 0.833547 2.07 0.325455
v 0.824451 2.07 0.337919
v 0.816757 2.07 0.351106
v 0.810532 2.07 0.364786
v 0.80579 2.07 0.378726
v 0.802504 2.07 0.392706
v 0.800607 2.07 0.406522
v 0.8 2.07 0.42
vn -1 0 0
vn -0.995955 0 0.0898544
vn -0.983305 0 0.181963
vn -0.961399 0 0.275158
vn -0.929788 0 0.368095
vn -0.888284 0 0.459295
vn -0.836996 0 0.54721
vn -0.776353 0 0.630298
vn -0.707107 0 0.707107
vn -0.630298 0 0.776353
vn -0.54721 0 0.836996
vn -0.459295 0 0.888284
vn -0.368095 0 0.929788
vn -0.275158 0 0.961399
vn -0.181963 0 0.983305
vn -0.0898544 0 0.995955
vn 0 0 1
vn 0.0898544 -0 0.995955
vn 0.181963 -0 0.983305
vn 0.275158 -0 0.961399
vn 0.368095 -0 0.929788
vn 0.459295 -0 0.888284
vn 0.54721 -0 0.836996
vn 0.630298 -0 0.776353
vn 0.707107 -0 0.707107
vn 0.776353 -0 0.630298
vn 0.836996 -0 0.54721
vn 0.888284 -0 0.459295
vn 0.929788 -0 0.368095
vn 0.961399 -0 0.275158
vn 0.983305 -0 0.181963
vn 0.995955 -0 0.0898544
vn 1 -0 0
vn 0.995955 0 -0.0898544
vn 0.983305 0 -0.181963
vn 0.961399 0 -0.275158
vn 0.929788 0 -0.368095
vn 0.888284 0 -0.459295
vn 0.836996 0 -0.54721
vn 0.776353 0 -0.630298
vn 0.707107 0 -0.707107
vn 0.630298 0 -0.776353
vn 0.54721 0 -0.836996
vn 0.459295 0 -0.888284
vn 0.368095 0 -0.929788
vn 0.275158 0 -0.961399
vn 0.181963 0 -0.983305
vn 0.0898544 0 -0.995955
vn 5.23364e-16 0 -1
vn -0.0898544 0 -0.995955
vn -0.181963 0 -0.983305
vn -0.275158 0 -0.961399
vn -0.368095 0 -0.929788
vn -0.459295 0 -0.888284
vn -0.54721 0 -0.836996
vn -0.630298 0 -0.776353
vn -0.707107 0 -0.707107
vn -0.776353 0 -0.630298
vn -0.836996 0 -0.54721
vn -0.888284 0 -0.459295
vn -0.929788 0 -0.368095
vn -0.961399 0 -0.275158
vn -0.983305 0 -0.181963
vn -0.995955 0 -0.0898544
vn -1 0 0
vn -1 0 5.23364e-16
vn -0.995955 0 0.0898544
vn -0.983305 0 0.181963
vn -0.961399 0 0.275158
vn -0.929788 0 0.368095
vn -0.888284 0 0.459295
vn -0.836996 0 0.54721
vn -0.776353 0 0.630298
vn -0.707107 0 0.707107
vn -0.630298 0 0.776353
vn -0.54721 0 0.836996
vn -0.459295 0 0.888284
vn -0.368095 0 0.929788
vn -0.275158 0 0.961399
vn -0.181963 0 0.983305
vn -0.0898544 0 0.995955
vn -2.61682e-16 0 1
vn 0.0898544 -0 0.995955
vn 0.181963 -0 0.983305
vn 0.275158 -0 0.961399
vn 0.368095 -0 0.929788
vn 0.459295 -0 0.888284
vn 0.54721 -0 0.836996
vn 0.630298 -0 0.776353
vn 0.707107 -0 0.707107
vn 0.776353 -0 0.630298
vn 0.836996 -0 0.54721
vn 0.888284 -0 0.459295
vn 0.929788 -0 0.368095
vn 0.961399 -0 0.275158
vn 0.983305 -0 0.181963
vn 0.995955 -0 0.0898544
vn 1 -0 1.04673e-15
vn 0.995955 0 -0.0898544
vn 0.983305 0 -0.181963
vn 0.961399 0 -0.275158
vn 0.929788 0 -0.368095
vn 0.888284 0 -0.459295
vn 0.836996 0 -0.54721
vn 0.776353 0 -0.630298
vn 0.707107 0 -0.707107
vn 0.630298 0 -0.776353
vn 0.54721 0 -0.836996
vn 0.459295 0 -0.888284
vn 0.368095 0 -0.929788
vn 0.275158 0 -0.961399
vn 0.181963 0 -0.983305
vn 0.0898544 0 -0.995955
vn 3.92523e-16 0 -1
vn -0.0898544 0 -0.995955
vn -0.181963 0 -0.983305
vn -0.275158 0 -0.961399
vn -0.368095 0 -0.929788
vn -0.459295 0 -0.888284
vn -0.54721 0 -0.836996
vn -0.630298 0 -0.776353
vn -0.707107 0 -0.707107
vn -0.776353 0 -0.630298
vn -0.836996 0 -0.54721
vn -0.888284 0 -0.459295
vn -0.929788 0 -0.368095
vn -0.961399 0 -0.275158
vn -0.983305 0 -0.181963
vn -0.995955 0 -0.0898544
vn -1 0 0
vn -1 0 0
vn -0.995955 0 0.0898544
vn -0.983305 0 0.181963
vn -0.961399 0 0.275158
vn -0.929788 0 0.368095
vn -0.888284 0 0.459295
vn -0.836996 0 0.54721
vn -0.776353 0 0.630298
vn -0.707107 0 0.707107
vn -0.630298 0 0.776353
vn -0.54721 0 0.836996
vn -0.459295 0 0.888284
vn -0.368095 0 0.929788
vn -0.275158 0 0.961399
vn -0.181963 0 0.983305
vn -0.0898544 0 0.995955
vn 0 0 1
vn 0.0898544 -0 0.995955
vn 0.181963 -0 0.983305
vn 0.275158 -0 0.961399
vn 0.368095 -0 0.929788
vn 0.459295 -0 0.888284
vn 0.54721 -0 0.836996
vn 0.630298 -0 0.776353
vn 0.707107 -0 0.707107
vn 0.776353 -0 0.630298
vn 0.836996 -0 0.54721
vn 0.888284 -0 0.459295
vn 0.929788 -0 0.368095
vn 0.961399 -0 0.275158
vn 0.983305 -0 0.181963
vn 0.995955 -0 0.0898544
vn 1 -0 0
vn 0.995955 0 -0.0898544
vn 0.983305 0 -0.181963
vn 0.961399 0 -0.275158
vn 0.929788 0 -0.368095
vn 0.888284 0 -0.459295
vn 0.836996 0 -0.54721
vn 0.776353 0 -0.630298
vn 0.707107 0 -0.707107
vn 0.630298 0 -0.776353
vn 0.54721 0 -0.836996
vn 0.459295 0 -0.888284
vn 0.368095 0 -0.929788
vn 0.275158 0 -0.961399
vn 0.181963 0 -0.983305
vn 0.0898544 0 -0.995955
vn 5.23364e-16 0 -1
vn -0.0898544 0 -0.995955
vn -0.181963 0 -0.983305
vn -0.275158 0 -0.961399
vn -0.368095 0 -0.929788
vn -0.459295 0 -0.888284
vn -0.54721 0 -0.836996
vn -0.630298 0 -0.776353
vn -0.707107 0 -0.707107
vn -0.776353 0 -0.630298
vn -0.836996 0 -0.54721
vn -0.888284 0 -0.459295
vn -0.929788 0 -0.368095
vn -0.961399 0 -0.275158
vn -0.983305 0 -0.181963
vn -0.995955 0 -0.0898544
vn -1 0 0
g HubFR_f0
usemtl chrome
f 3314//3314 3315//3315 3380//3380
f 3314//3314 3380//3380 3379//3379
f 3315//3315 3316//3316 3381//3381
f 3315//3315 3381//3381 3380//3380
f 3316//3316 3317//3317 3382//3382
f 3316//3316 3382//3382 3381//3381
f 3317//3317 3318//3318 3383//3383
f 3317//3317 3383//3383 3382//3382
f 3318//3318 3319//3319 3384//3384
f 3318//3318 3384//3384 3383//3383
f 3319//3319 3320//3320 3385//3385
f 3319//3319 3385//3385 3384//3384
f 3320//3320 3321//3321 3386//3386
f 3320//3320 3386//3386 3385//3385
f 3321//3321 3322//3322 3387//3387
f 3321//3321 3387//3387 3386//3386
f 3322//3322 3323//3323 3388//3388
f 3322//3322 3388//3388 3387//3387
f 3323//3323 3324//3324 3389//3389
f 3323//3323 3389//3389 3388//3388
f 3324//3324 3325//3325 3390//3390
f 3324//3324 3390//3390 3389//3389
f 3325//3325 3326//3326 3391//3391
f 3325//3325 3391//3391 3390//3390
f 3326//3326 3327//3327 3392//3392
f 3326//3326 3392//3392 3391//3391
f 3327//3327 3328//3328 3393//3393
f 3327//3327 3393//3393 3392//3392
f 3328//3328 3329//3329 3394//3394
f 3328//3328 3394//3394 3393//3393
f 3329//3329 3330//3330 3395//3395
f 3329//3329 3395//3395 3394//3394
f 3330//3330 3331//3331 3396//3396
f 3330//3330 3396//3396 3395//3395
f 3331//3331 3332//3332 3397//3397
f 3331//3331 3397//3397 3396//3396
f 3332//3332 3333//3333 3398//3398
f 3332//3332 3398//3398 3397//3397
f 3333//3333 3334//3334 3399//3399
f 3333//3333 3399//3399 3398//3398
f 3334//3334 3335//3335 3400//3400
f 3334//3334 3400//3400 3399//3399
f 3335//3335 3336//3336 3401//3401
f 3335//3335 3401//3401 3400//3400
f 3336//3336 3337//3337 3402//3402
f 3336//3336 3402//3402 3401//3401
f 3337//3337 3338//3338 3403//3403
f 3337//3337 3403//3403 3402//3402
f 3338//3338 3339//3339 3404//3404
f 3338//3338 3404//3404 3403//3403
f 3339//3339 3340//3340 3405//3405
f 3339//3339 3405//3405 3404//3404
f 3340//3340 3341//3341 3406//3406
f 3340//3340 3406//3406 3405//3405
f 3341//3341 3342//3342 3407//3407
f 3341//3341 3407//3407 3406//3406
f 3342//3342 3343//3343 3408//3408
f 3342//3342 3408//3408 3407//3407
f 3343//3343 3344//3344 3409//3409
f 3343//3343 3409//3409 3408//3408
f 3344//3344 3345//3345 3410//3410
f 3344//3344 3410//3410 3409//3409
f 3345//3345 3346//3346 3411//3411
f 3345//3345 3411//3411 3410//3410
f 3346//3346 3347//3347 3412//3412
f 3346//3346 3412//3412 3411//3411
f 3347//3347 3348//3348 3413//3413
f 3347//3347 3413//3413 3412//3412
f 3348//3348 3349//3349 3414//3414
f 3348//3348 3414//3414 3413//3413
f 3349//3349 3350//3350 3415//3415
f 3349//3349 3415//3415 3414//3414
f 3350//3350 3351//3351 3416//3416
f 3350//3350 3416//3416 3415//3415
f 3351//3351 3352//3352 3417//3417
f 3351//3351 3417//3417 3416//3416
f 3352//3352 3353//3353 3418//3418
f 3352//3352 3418//3418 3417//3417
f 3353//3353 3354//3354 3419//3419
f 3353//3353 3419//3419 3418//3418
f 3354//3354 3355//3355 3420//3420
f 3354//3354 3420//3420 3419//3419
f 3355//3355 3356//3356 3421//3421
f 3355//3355 3421//3421 3420//3420
f 3356//3356 3357//3357 3422//3422
f 3356//3356 3422//3422 3421//3421
f 3357//3357 3358//3358 3423//3423
f 3357//3357 3423//3423 3422//3422
f 3358//3358 3359//3359 3424//3424
f 3358//3358 3424//3424 3423//3423
f 3359//3359 3360//3360 3425//3425
f 3359//3359 3425//3425 3424//3424
f 3360//3360 3361//3361 3426//3426
f 3360//3360 3426//3426 3425//3425
f 3361//3361 3362//3362 3427//3427
f 3361//3361 3427//3427 3426//3426
f 3362//3362 3363//3363 3428//3428
f 3362//3362 3428//3428 3427//3427
f 3363//3363 3364//3364 3429//3429
f 3363//3363 3429//3429 3428//3428
f 3364//3364 3365//3365 3430//3430
f 3364//3364 3430//3430 3429//3429
f 3365//3365 3366//3366 3431//3431
f 3365//3365 3431//3431 3430//3430
f 3366//3366 3367//3367 3432//3432
f 3366//3366 3432//3432 3431//3431
f 3367//3367 3368//3368 3433//3433
f 3367//3367 3433//3433 3432//3432
f 3368//3368 3369//3369 3434//3434
f 3368//3368 3434//3434 3433//3433
f 3369//3369 3370//3370 3435//3435
f 3369//3369 3435//3435 3434//3434
f 3370//3370 3371//3371 3436//3436
f 3370//3370 3436//3436 3435//3435
f 3371//3371 3372//3372 3437//3437
f 3371//3371 3437//3437 3436//3436
f 3372//3372 3373//3373 3438//3438
f 3372//3372 3438//3438 3437//3437
f 3373//3373 3374//3374 3439//3439
f 3373//3373 3439//3439 3438//3438
f 3374//3374 3375//3375 3440//3440
f 3374//3374 3440//3440 3439//3439
f 3375//3375 3376//3376 3441//3441
f 3375//3375 3441//3441 3440//3440
f 3376//3376 3377//3377 3442//3442
f 3376//3376 3442//3442 3441//3441
f 3377//3377 3378//3378 3443//3443
f 3377//3377 3443//3443 3442//3442
f 3379//3379 3380//3380 3445//3445
f 3379//3379 3445//3445 3444//3444
f 3380//3380 3381//3381 3446//3446
f 3380//3380 3446//3446 3445//3445
f 3381//3381 3382//3382 3447//3447
f 3381//3381 3447//3447 3446//3446
f 3382//3382 3383//3383 3448//3448
f 3382//3382 3448//3448 3447//3447
f 3383//3383 3384//3384 3449//3449
f 3383//3383 3449//3449 3448//3448
f 3384//3384 3385//3385 3450//3450
f 3384//3384 3450//3450 3449//3449
f 3385//3385 3386//3386 3451//3451
f 3385//3385 3451//3451 3450//3450
f 3386//3386 3387//3387 3452//3452
f 3386//3386 3452//3452 3451//3451
f 3387//3387 3388//3388 3453//3453
f 3387//3387 3453//3453 3452//3452
f 3388//3388 3389//3389 3454//3454
f 3388//3388 3454//3454 3453//3453
f 3389//3389 3390//3390 3455//3455
f 3389//3389 3455//3455 3454//3454
f 3390//3390 3391//3391 3456//3456
f 3390//3390 3456//3456 3455//3455
f 3391//3391 3392//3392 3457//3457
f 3391//3391 3457//3457 3456//3456
f 3392//3392 3393//3393 3458//3458
f 3392//3392 3458//3458 3457//3457
f 3393//3393 3394//3394 3459//3459
f 3393//3393 3459//3459 3458//3458
f 3394//3394 3395//3395 3460//3460
f 3394//3394 3460//3460 3459//3459
f 3395//3395 3396//3396 3461//3461
f 3395//3395 3461//3461 3460//3460
f 3396//3396 3397//3397 3462//3462
f 3396//3396 3462//3462 3461//3461
f 3397//3397 3398//3398 3463//3463
f 3397//3397 3463//3463 3462//3462
f 3398//3398 3399//3399 3464//3464
f 3398//3398 3464//3464 3463//3463
f 3399//3399 3400//3400 3465//3465
f 3399//3399 3465//3465 3464//3464
f 3400//3400 3401//3401 3466//3466
f 3400//3400 3466//3466 3465//3465
f 3401//3401 3402//3402 3467//3467
f 3401//3401 3467//3467 3466//3466
f 3402//3402 3403//3403 3468//3468
f 3402//3402 3468//3468 3467//3467
f 3403//3403 3404//3404 3469//3469
f 3403//3403 3469//3469 3468//3468
f 3404//3404 3405//3405 3470//3470
f 3404//3404 3470//3470 3469//3469
f 3405//3405 3406//3406 3471//3471
f 3405//3405 3471//3471 3470//3470
f 3406//3406 3407//3407 3472//3472
f 3406//3406 3472//3472 3471//3471
f 3407//3407 3408//3408 3473//3473
f 3407//3407 3473//3473 3472//3472
f 3408//3408 3409//3409 3474//3474
f 3408//3408 3474//3474 3473//3473
f 3409//3409 3410//3410 3475//3475
f 3409//3409 3475//3475 3474//3474
f 3410//3410 3411//3411 3476//3476
f 3410//3410 3476//3476 3475//3475
f 3411//3411 3412//3412 3477//3477
f 3411//3411 3477//3477 3476//3476
f 3412//3412 3413//3413 3478//3478
f 3412//3412 3478//3478 3477//3477
f 3413//3413 3414//3414 3479//3479
f 3413//3413 3479//3479 3478//3478
f 3414//3414 3415//3415 3480//3480
f 3414//3414 3480//3480 3479//3479
f 3415//3415 3416//3416 3481//3481
f 3415//3415 3481//3481 3480//3480
f 3416//3416 3417//3417 3482//3482
f 3416//3416 3482//3482 3481//3481
f 3417//3417 3418//3418 3483//3483
f 3417//3417 3483//3483 3482//3482
f 3418//3418 3419//3419 3484//3484
f 3418//3418 3484//3484 3483//3483
f 3419//3419 3420//3420 3485//3485
f 3419//3419 3485//3485 3484//3484
f 3420//3420 3421//3421 3486//3486
f 3420//3420 3486//3486 3485//3485
f 3421//3421 3422//3422 3487//3487
f 3421//3421 3487//3487 3486//3486
f 3422//3422 3423//3423 3488//3488
f 3422//3422 3488//3488 3487//3487
f 3423//3423 3424//3424 3489//3489
f 3423//3423 3489//3489 3488//3488
f 3424//3424 3425//3425 3490//3490
f 3424//3424 3490//3490 3489//3489
f 3425//3425 3426//3426 3491//3491
f 3425//3425 3491//3491 3490//3490
f 3426//3426 3427//3427 3492//3492
f 3426//3426 3492//3492 3491//3491
f 3427//3427 3428//3428 3493//3493
f 3427//3427 3493//3493 3492//3492
f 3428//3428 3429//3429 3494//3494
f 3428//3428 3494//3494 3493//3493
f 3429//3429 3430//3430 3495//3495
f 3429//3429 3495//3495 3494//3494
f 3430//3430 3431//3431 3496//3496
f 3430//3430 3496//3496 3495//3495
f 3431//3431 3432//3432 3497//3497
f 3431//3431 3497//3497 3496//3496
f 3432//3432 3433//3433 3498//3498
f 3432//3432 3498//3498 3497//3497
f 3433//3433 3434//3434 3499//3499
f 3433//3433 3499//3499 3498//3498
f 3434//3434 3435//3435 3500//3500
f 3434//3434 3500//3500 3499//3499
f 3435//3435 3436//3436 3501//3501
f 3435//3435 3501//3501 3500//3500
f 3436//3436 3437//3437 3502//3502
f 3436//3436 3502//3502 3501//3501
f 3437//3437 3438//3438 3503//3503
f 3437//3437 3503//3503 3502//3502
f 3438//3438 3439//3439 3504//3504
f 3438//3438 3504//3504 3503//3503
f 3439//3439 3440//3440 3505//3505
f 3439//3439 3505//3505 3504//3504
f 3440//3440 3441//3441 3506//3506
f 3440//3440 3506//3506 3505//3505
f 3441//3441 3442//3442 3507//3507
f 3441//3441 3507//3507 3506//3506
f 3442//3442 3443//3443 3508//3508
f 3442//3442 3508//3508 3507//3507
v 0.8 2.07 0.42
v 0.800607 2.07 0.433478
v 0.802504 2.07 0.447294
v 0.80579 2.07 0.461274
v 0.810532 2.07 0.475214
v 0.813459 2.07 0.482101
v 0.816757 2.07 0.488894
v 0.820423 2.07 0.495564
v 0.824451 2.07 0.502081
v 0.828829 2.07 0.508418
v 0.833547 2.07 0.514545
v 0.838588 2.07 0.520436
v 0.843934 2.07 0.526066
v 0.849564 2.07 0.531412
v 0.855455 2.07 0.536453
v 0.861582 2.07 0.541171
v 0.867919 2.07 0.545549
v 0.874436 2.07 0.549577
v 0.881106 2.07 0.553243
v 0.887899 2.07 0.556541
v 0.894786 2.07 0.559468
v 0.908726 2.07 0.56421
v 0.922706 2.07 0.567496
v 0.936522 2.07 0.569393
v 0.95 2.07 0.57
v 0.963478 2.07 0.569393
v 0.977294 2.07 0.567496
v 0.991274 2.07 0.56421
v 1.00521 2.07 0.559468
v 1.0121 2.07 0.556541
v 1.01889 2.07 0.553243
v 1.02556 2.07 0.549577
v 1.03208 2.07 0.545549
v 1.03842 2.07 0.541171
v 1.04454 2.07 0.536453
v 1.05044 2.07 0.531412
v 1.05607 2.07 0.526066
v 1.06141 2.07 0.520436
v 1.06645 2.07 0.514545
v 1.07117 2.07 0.508418
v 1.07555 2.07 0.502081
v 1.07958 2.07 0.495564
v 1.08324 2.07 0.488894
v 1.08654 2.07 0.482101
v 1.08947 2.07 0.475214
v 1.09421 2.07 0.461274
v 1.0975 2.07 0.447294
v 1.09939 2.07 0.433478
v 1.1 2.07 0.42
v 1.09939 2.07 0.406522
v 1.0975 2.07 0.392706
v 1.09421 2.07 0.378726
v 1.08947 2.07 0.364786
v 1.08654 2.07 0.357899
v 1.08324 2.07 0.351106
v 1.07958 2.07 0.344436
v 1.07555 2.07 0.337919
v 1.07117 2.07 0.331582
v 1.06645 2.07 0.325455
v 1.06141 2.07 0.319564
v 1.05607 2.07 0.313934
v 1.05044 2.07 0.308588
v 1.04454 2.07 0.303547
v 1.03842 2.07 0.298829
v 1.03208 2.07 0.294451
v 1.02556 2.07 0.290423
v 1.01889 2.07 0.286757
v 1.0121 2.07 0.283459
v 1.00521 2.07 0.280532
v 0.991274 2.07 0.27579
v 0.977294 2.07 0.272504
v 0.963478 2.07 0.270607
v 0.95 2.07 0.27
v 0.936522 2.07 0.270607
v 0.922706 2.07 0.272504
v 0.908726 2.07 0.27579
v 0.894786 2.07 0.280532
v 0.887899 2.07 0.283459
v 0.881106 2.07 0.286757
v 0.874436 2.07 0.290423
v 0.867919 2.07 0.294451
v 0.861582 2.07 0.298829
v 0.855455 2.07 0.303547
v 0.849564 2.07 0.308588
v 0.843934 2.07 0.313934
v 0.838588 2.07 0.319564
v 0.833547 2.07 0.325455
v 0.828829 2.07 0.331582
v 0.824451 2.07 0.337919
v 0.820423 2.07 0.344436
v 0.816757 2.07 0.351106
v 0.813459 2.07 0.357899
v 0.810532 2.07 0.364786
v 0.80579 2.07 0.378726
v 0.802504 2.07 0.392706
v 0.800607 2.07 0.406522
vn 0 1 -8.88178e-16
vn 9.03722e-16 1 -1.77636e-15
vn 0 1 -8.88178e-16
vn 9.03722e-16 1 -8.88178e-16
vn 0 1 -1.77636e-15
vn 0 1 -8.88178e-16
vn 0 1 -8.88178e-16
vn -8.88178e-16 1 -1.77636e-15
vn 0 1 -8.88178e-16
vn 9.19265e-16 1 -8.88178e-16
vn 0 1 -8.88178e-16
vn -8.88178e-16 1 -8.88178e-16
vn 0 1 -8.88178e-16
vn 0 1 -8.88178e-16
vn 0 1 -1.77636e-15
vn 0 1 -1.77636e-15
vn 0 1 -1.77636e-15
vn 1.80744e-15 1 -8.88178e-16
vn 0 1 -8.88178e-16
vn 0 1 -8.88178e-16
vn 0 1 -1.77636e-15
vn 0 1 -1.33227e-15
vn 0 1 -1.33227e-15
vn 0 1 -1.33227e-15
vn 0 1 -1.77636e-15
vn -8.88178e-16 1 -1.33227e-15
vn 0 1 -1.77636e-15
vn 0 1 -1.33227e-15
vn 0 1 -1.33227e-15
vn 0 1 -1.33227e-15
vn 0 1 -1.33227e-15
vn 0 1 -1.33227e-15
vn 0 1 -1.9984e-15
vn 0 1 -1.11022e-15
vn 0 1 -1.33227e-15
vn 0 1 -2.22045e-15
vn 8.88178e-16 1 -1.9984e-15
vn 9.19265e-16 1 -1.11022e-15
vn 0 1 -1.11022e-15
vn 9.19265e-16 1 -1.11022e-15
vn -9.19265e-16 1 -9.99201e-16
vn -2.21867e-31 1 -9.99201e-16
vn 0 1 -9.99201e-16
vn 0 1 -1.88738e-15
vn 8.88178e-16 1 -9.99201e-16
vn 9.03722e-16 1 -9.99201e-16
vn 9.03722e-16 1 -9.99201e-16
vn 9.03722e-16 1 -9.4369e-16
vn 4.59632e-16 1 -9.4369e-16
vn 4.59632e-16 1 -1.83187e-15
vn 4.59632e-16 1 -9.99201e-16
vn 4.59632e-16 1 -9.99201e-16
vn 4.59632e-16 1 -1.88738e-15
vn 4.59632e-16 1 -9.99201e-16
vn 4.51861e-16 1 -9.99201e-16
vn -2.22045e-16 1 -9.99201e-16
vn -2.29816e-16 1 -1.11022e-15
vn 4.59632e-16 1 -1.11022e-15
vn -6.73905e-16 1 -1.11022e-15
vn 1.55431e-17 1 -1.11022e-15
vn -2.22045e-16 1 -1.11022e-15
vn 2.37588e-16 1 -2.22045e-15
vn 4.59632e-16 1 -1.11022e-15
vn 1.14908e-16 1 -1.33227e-15
vn -6.77791e-16 1 -1.33227e-15
vn -7.88813e-16 1 -1.33227e-15
vn -4.47975e-16 1 -1.33227e-15
vn -2.29816e-16 1 -1.33227e-15
vn -1.74305e-16 1 -1.33227e-15
vn 4.77396e-17 1 -8.88178e-16
vn -3.46667e-16 1 -1.77636e-15
vn 1.20737e-16 1 -1.33227e-15
vn 2.77556e-16 1 -1.33227e-15
vn 1.2268e-16 1 -8.88178e-16
vn -4.46032e-16 1 -1.33227e-15
vn -5.16254e-17 1 -1.33227e-15
vn -1.72362e-16 1 -1.77636e-15
vn -2.29816e-16 1 -8.88178e-16
vn -4.44089e-16 1 -8.88178e-16
vn 1.07137e-16 1 -8.88178e-16
vn 1.18794e-16 1 -1.77636e-15
vn 2.22045e-16 1 -1.77636e-15
vn 3.36953e-16 1 -1.77636e-15
vn -5.66769e-16 1 -1.77636e-15
vn 4.51861e-16 1 -8.88178e-16
vn -7.77156e-18 1 -8.88178e-16
vn -6.73905e-16 1 -8.88178e-16
vn 4.51861e-16 1 -1.77636e-15
vn 6.73905e-16 1 -8.88178e-16
vn 4.59632e-16 1 -1.77636e-15
vn -4.51861e-16 1 -8.88178e-16
vn 4.51861e-16 1 -1.77636e-15
vn -4.44089e-16 1 -8.88178e-16
vn -4.44089e-16 1 -1.77636e-15
vn 4.59632e-16 1 -8.88178e-16
vn 0 1 -1.77636e-15
g HubFR_f1
usemtl chrome
f 3604//3604 3509//3509 3510//3510
f 3604//3604 3510//3510 3511//3511
f 3604//3604 3511//3511 3512//3512
f 3604//3604 3512//3512 3513//3513
f 3604//3604 3513//3513 3514//3514
f 3604//3604 3514//3514 3515//3515
f 3604//3604 3515//3515 3516//3516
f 3604//3604 3516//3516 3517//3517
f 3604//3604 3517//3517 3518//3518
f 3604//3604 3518//3518 3519//3519
f 3604//3604 3519//3519 3520//3520
f 3604//3604 3520//3520 3521//3521
f 3604//3604 3521//3521 3522//3522
f 3604//3604 3522//3522 3523//3523
f 3604//3604 3523//3523 3524//3524
f 3604//3604 3524//3524 3525//3525
f 3604//3604 3525//3525 3526//3526
f 3604//3604 3526//3526 3527//3527
f 3604//3604 3527//3527 3528//3528
f 3604//3604 3528//3528 3529//3529
f 3604//3604 3529//3529 3530//3530
f 3604//3604 3530//3530 3531//3531
f 3604//3604 3531//3531 3532//3532
f 3604//3604 3532//3532 3533//3533
f 3604//3604 3533//3533 3534//3534
f 3604//3604 3534//3534 3535//3535
f 3604//3604 3535//3535 3536//3536
f 3604//3604 3536//3536 3537//3537
f 3604//3604 3537//3537 3538//3538
f 3604//3604 3538//3538 3539//3539
f 3604//3604 3539//3539 3540//3540
f 3604//3604 3540//3540 3541//3541
f 3604//3604 3541//3541 3542//3542
f 3604//3604 3542//3542 3543//3543
f 3604//3604 3543//3543 3544//3544
f 3604//3604 3544//3544 3545//3545
f 3604//3604 3545//3545 3546//3546
f 3604//3604 3546//3546 3547//3547
f 3604//3604 3547//3547 3548//3548
f 3604//3604 3548//3548 3549//3549
f 3604//3604 3549//3549 3550//3550
f 3604//3604 3550//3550 3551//3551
f 3604//3604 3551//3551 3552//3552
f 3604//3604 3552//3552 3553//3553
f 3604//3604 3553//3553 3554//3554
f 3604//3604 3554//3554 3555//3555
f 3604//3604 3555//3555 3556//3556
f 3604//3604 3556//3556 3557//3557
f 3604//3604 3557//3557 3558//3558
f 3604//3604 3558//3558 3559//3559
f 3604//3604 3559//3559 3560//3560
f 3604//3604 3560//3560 3561//3561
f 3604//3604 3561//3561 3562//3562
f 3604//3604 3562//3562 3563//3563
f 3604//3604 3563//3563 3564//3564
f 3604//3604 3564//3564 3565//3565
f 3604//3604 3565//3565 3566//3566
f 3604//3604 3566//3566 3567//3567
f 3604//3604 3567//3567 3568//3568
f 3604//3604 3568//3568 3569//3569
f 3604//3604 3569//3569 3570//3570
f 3604//3604 3570//3570 3571//3571
f 3604//3604 3571//3571 3572//3572
f 3604//3604 3572//3572 3573//3573
f 3604//3604 3573//3573 3574//3574
f 3604//3604 3574//3574 3575//3575
f 3604//3604 3575//3575 3576//3576
f 3604//3604 3576//3576 3577//3577
f 3604//3604 3577//3577 3578//3578
f 3604//3604 3578//3578 3579//3579
f 3604//3604 3579//3579 3580//3580
f 3604//3604 3580//3580 3581//3581
f 3604//3604 3581//3581 3582//3582
f 3604//3604 3582//3582 3583//3583
f 3604//3604 3583//3583 3584//3584
f 3604//3604 3584//3584 3585//3585
f 3604//3604 3585//3585 3586//3586
f 3604//3604 3586//3586 3587//3587
f 3604//3604 3587//3587 3588//3588
f 3604//3604 3588//3588 3589//3589
f 3604//3604 3589//3589 3590//3590
f 3604//3604 3590//3590 3591//3591
f 3604//3604 3591//3591 3592//3592
f 3604//3604 3592//3592 3593//3593
f 3604//3604 3593//3593 3594//3594
f 3604//3604 3594//3594 3595//3595
f 3604//3604 3595//3595 3596//3596
f 3604//3604 3596//3596 3597//3597
f 3604//3604 3597//3597 3598//3598
f 3604//3604 3598//3598 3599//3599
f 3604//3604 3599//3599 3600//3600
f 3604//3604 3600//3600 3601//3601
f 3604//3604 3601//3601 3602//3602
f 3602//3602 3603//3603 3604//3604
v 0.8 2.02 0.42
v 0.800607 2.02 0.406522
v 0.802504 2.02 0.392706
v 0.80579 2.02 0.378726
v 0.810532 2.02 0.364786
v 0.813459 2.02 0.357899
v 0.816757 2.02 0.351106
v 0.820423 2.02 0.344436
v 0.824451 2.02 0.337919
v 0.828829 2.02 0.331582
v 0.833547 2.02 0.325455
v 0.838588 2.02 0.319564
v 0.843934 2.02 0.313934
v 0.849564 2.02 0.308588
v 0.855455 2.02 0.303547
v 0.861582 2.02 0.298829
v 0.867919 2.02 0.294451
v 0.874436 2.02 0.290423
v 0.881106 2.02 0.286757
v 0.887899 2.02 0.283459
v 0.894786 2.02 0.280532
v 0.908726 2.02 0.27579
v 0.922706 2.02 0.272504
v 0.936522 2.02 0.270607
v 0.95 2.02 0.27
v 0.963478 2.02 0.270607
v 0.977294 2.02 0.272504
v 0.991274 2.02 0.27579
v 1.00521 2.02 0.280532
v 1.0121 2.02 0.283459
v 1.01889 2.02 0.286757
v 1.02556 2.02 0.290423
v 1.03208 2.02 0.294451
v 1.03842 2.02 0.298829
v 1.04454 2.02 0.303547
v 1.05044 2.02 0.308588
v 1.05607 2.02 0.313934
v 1.06141 2.02 0.319564
v 1.06645 2.02 0.325455
v 1.07117 2.02 0.331582
v 1.07555 2.02 0.337919
v 1.07958 2.02 0.344436
v 1.08324 2.02 0.351106
v 1.08654 2.02 0.357899
v 1.08947 2.02 0.364786
v 1.09421 2.02 0.378726
v 1.0975 2.02 0.392706
v 1.09939 2.02 0.406522
v 1.1 2.02 0.42
v 1.09939 2.02 0.433478
v 1.0975 2.02 0.447294
v 1.09421 2.02 0.461274
v 1.08947 2.02 0.475214
v 1.08654 2.02 0.482101
v 1.08324 2.02 0.488894
v 1.07958 2.02 0.495564
v 1.07555 2.02 0.502081
v 1.07117 2.02 0.508418
v 1.06645 2.02 0.514545
v 1.06141 2.02 0.520436
v 1.05607 2.02 0.526066
v 1.05044 2.02 0.531412
v 1.04454 2.02 0.536453
v 1.03842 2.02 0.541171
v 1.03208 2.02 0.545549
v 1.02556 2.02 0.549577
v 1.01889 2.02 0.553243
v 1.0121 2.02 0.556541
v 1.00521 2.02 0.559468
v 0.991274 2.02 0.56421
v 0.977294 2.02 0.567496
v 0.963478 2.02 0.569393
v 0.95 2.02 0.57
v 0.936522 2.02 0.569393
v 0.922706 2.02 0.567496
v 0.908726 2.02 0.56421
v 0.894786 2.02 0.559468
v 0.887899 2.02 0.556541
v 0.881106 2.02 0.553243
v 0.874436 2.02 0.549577
v 0.867919 2.02 0.545549
v 0.861582 2.02 0.541171
v 0.855455 2.02 0.536453
v 0.849564 2.02 0.531412
v 0.843934 2.02 0.526066
v 0.838588 2.02 0.520436
v 0.833547 2.02 0.514545
v 0.828829 2.02 0.508418
v 0.824451 2.02 0.502081
v 0.820423 2.02 0.495564
v 0.816757 2.02 0.488894
v 0.813459 2.02 0.482101
v 0.810532 2.02 0.475214
v 0.80579 2.02 0.461274
v 0.802504 2.02 0.447294
v 0.800607 2.02 0.433478
vn 4.44089e-18 -1 0
vn 4.4853e-16 -1 0
vn 4.4853e-16 -1 0
vn 4.4853e-16 -1 0
vn 0 -1 0
vn 2.22045e-18 -1 0
vn -2.22045e-16 -1 0
vn 4.44089e-16 -1 0
vn 6.68354e-16 -1 0
vn -4.44089e-16 -1 0
vn -2.22045e-18 -1 0
vn -4.4631e-16 -1 0
vn -6.70575e-16 -1 0
vn 5.58442e-16 -1 0
vn 3.33067e-16 -1 0
vn 1.14353e-16 -1 0
vn 0 -1 0
vn -6.68354e-16 -1 0
vn -1.11022e-18 -1 0
vn 1.11022e-16 -1 0
vn 1.64313e-16 -1 0
vn -6.13953e-16 -1 0
vn -3.88578e-18 -1 0
vn 5.56777e-16 -1 0
vn 3.32512e-16 -1 0
vn 5.02376e-16 -1 0
vn -2.77556e-18 -1 0
vn -6.12843e-16 -1 0
vn 1.64313e-16 -1 0
vn 2.19824e-16 -1 0
vn -1.11022e-18 -1 0
vn 2.26485e-16 -1 0
vn -2.22045e-18 -1 0
vn 1.11022e-16 -1 0
vn -5.57332e-16 -1 0
vn 5.58442e-16 -1 0
vn 2.22045e-16 -1 0
vn 4.4631e-16 -1 0
vn -2.24265e-16 -1 0
vn 4.4853e-16 -1 0
vn -2.22045e-18 -1 0
vn -4.44089e-16 -1 0
vn -2.19824e-16 -1 0
vn -2.22045e-18 -1 0
vn 4.44089e-18 -1 0
vn 4.4853e-16 -1 0
vn 4.4853e-16 -1 0
vn -4.44089e-16 -1 0
vn 4.44089e-18 -1 0
vn 4.44089e-18 -1 0
vn 4.4853e-16 -1 0
vn 4.4853e-16 -1 0
vn 0 -1 0
vn 0 -1 0
vn 0 -1 0
vn -8.88178e-16 -1 0
vn 0 -1 0
vn 0 -1 0
vn 0 -1 0
vn 0 -1 0
vn 8.88178e-16 -1 0
vn 0 -1 0
vn 0 -1 0
vn 0 -1 0
vn 0 -1 0
vn 0 -1 0
vn 0 -1 0
vn 0 -1 0
vn 0 -1 0
vn 0 -1 0
vn 0 -1 0
vn 0 -1 0
vn 8.9706e-16 -1 0
vn 0 -1 0
vn 0 -1 0
vn 0 -1 0
vn 0 -1 0
vn 0 -1 0
vn 0 -1 0
vn 0 -1 0
vn 8.9706e-16 -1 0
vn 0 -1 0
vn 0 -1 0
vn 0 -1 0
vn 0 -1 0
vn 0 -1 0
vn 0 -1 0
vn 0 -1 0
vn 8.88178e-18 -1 0
vn 0 -1 0
vn 0 -1 0
vn 8.9706e-16 -1 0
vn 0 -1 0
vn 4.44089e-16 -1 0
vn 4.4853e-16 -1 0
vn 0 -1 0
g HubFR_f2
usemtl chrome
f 3700//3700 3605//3605 3606//3606
f 3700//3700 3606//3606 3607//3607
f 3700//3700 3607//3607 3608//3608
f 3700//3700 3608//3608 3609//3609
f 3700//3700 3609//3609 3610//3610
f 3700//3700 3610//3610 3611//3611
f 3700//3700 3611//3611 3612//3612
f 3700//3700 3612//3612 3613//3613
f 3700//3700 3613//3613 3614//3614
f 3700//3700 3614//3614 3615//3615
f 3700//3700 3615//3615 3616//3616
f 3700//3700 3616//3616 3617//3617
f 3700//3700 3617//3617 3618//3618
f 3700//3700 3618//3618 3619//3619
f 3700//3700 3619//3619 3620//3620
f 3700//3700 3620//3620 3621//3621
f 3700//3700 3621//3621 3622//3622
f 3700//3700 3622//3622 3623//3623
f 3700//3700 3623//3623 3624//3624
f 3700//3700 3624//3624 3625//3625
f 3700//3700 3625//3625 3626//3626
f 3700//3700 3626//3626 3627//3627
f 3700//3700 3627//3627 3628//3628
f 3700//3700 3628//3628 3629//3629
f 3700//3700 3629//3629 3630//3630
f 3700//3700 3630//3630 3631//3631
f 3700//3700 3631//3631 3632//3632
f 3700//3700 3632//3632 3633//3633
f 3700//3700 3633//3633 3634//3634
f 3700//3700 3634//3634 3635//3635
f 3700//3700 3635//3635 3636//3636
f 3700//3700 3636//3636 3637//3637
f 3700//3700 3637//3637 3638//3638
f 3700//3700 3638//3638 3639//3639
f 3700//3700 3639//3639 3640//3640
f 3700//3700 3640//3640 3641//3641
f 3700//3700 3641//3641 3642//3642
f 3700//3700 3642//3642 3643//3643
f 3700//3700 3643//3643 3644//3644
f 3700//3700 3644//3644 3645//3645
f 3700//3700 3645//3645 3646//3646
f 3700//3700 3646//3646 3647//3647
f 3700//3700 3647//3647 3648//3648
f 3700//3700 3648//3648 3649//3649
f 3700//3700 3649//3649 3650//3650
f 3700//3700 3650//3650 3651//3651
f 3700//3700 3651//3651 3652//3652
f 3700//3700 3652//3652 3653//3653
f 3700//3700 3653//3653 3654//3654
f 3700//3700 3654//3654 3655//3655
f 3700//3700 3655//3655 3656//3656
f 3700//3700 3656//3656 3657//3657
f 3700//3700 3657//3657 3658//3658
f 3700//3700 3658//3658 3659//3659
f 3700//3700 3659//3659 3660//3660
f 3700//3700 3660//3660 3661//3661
f 3700//3700 3661//3661 3662//3662
f 3700//3700 3662//3662 3663//3663
f 3700//3700 3663//3663 3664//3664
f 3700//3700 3664//3664 3665//3665
f 3700//3700 3665//3665 3666//3666
f 3700//3700 3666//3666 3667//3667
f 3700//3700 3667//3667 3668//3668
f 3700//3700 3668//3668 3669//3669
f 3700//3700 3669//3669 3670//3670
f 3700//3700 3670//3670 3671//3671
f 3700//3700 3671//3671 3672//3672
f 3700//3700 3672//3672 3673//3673
f 3700//3700 3673//3673 3674//3674
f 3700//3700 3674//3674 3675//3675
f 3700//3700 3675//3675 3676//3676
f 3700//3700 3676//3676 3677//3677
f 3700//3700 3677//3677 3678//3678
f 3700//3700 3678//3678 3679//3679
f 3700//3700 3679//3679 3680//3680
f 3700//3700 3680//3680 3681//3681
f 3700//3700 3681//3681 3682//3682
f 3700//3700 3682//3682 3683//3683
f 3700//3700 3683//3683 3684//3684
f 3700//3700 3684//3684 3685//3685
f 3700//3700 3685//3685 3686//3686
f 3700//3700 3686//3686 3687//3687
f 3700//3700 3687//3687 3688//3688
f 3700//3700 3688//3688 3689//3689
f 3700//3700 3689//3689 3690//3690
f 3700//3700 3690//3690 3691//3691
f 3700//3700 3691//3691 3692//3692
f 3700//3700 3692//3692 3693//3693
f 3700//3700 3693//3693 3694//3694
f 3700//3700 3694//3694 3695//3695
f 3700//3700 3695//3695 3696//3696
f 3700//3700 3696//3696 3697//3697
f 3700//3700 3697//3697 3698//3698
f 3698//3698 3699//3699 3700//3700
o HubRL
v 3 -0.1 0.42
v 3.00061 -0.1 0.433478
v 3.0025 -0.1 0.447294
v 3.00579 -0.1 0.461274
v 3.01053 -0.1 0.475214
v 3.01676 -0.1 0.488894
v 3.02445 -0.1 0.502081
v 3.03355 -0.1 0.514545
v 3.04393 -0.1 0.526066
v 3.05546 -0.1 0.536453
v 3.06792 -0.1 0.545549
v 3.08111 -0.1 0.553243
v 3.09479 -0.1 0.559468
v 3.10873 -0.1 0.56421
v 3.12271 -0.1 0.567496
v 3.13652 -0.1 0.569393
v 3.15 -0.1 0.57
v 3.16348 -0.1 0.569393
v 3.17729 -0.1 0.567496
v 3.19127 -0.1 0.56421
v 3.20521 -0.1 0.559468
v 3.21889 -0.1 0.553243
v 3.23208 -0.1 0.545549
v 3.24454 -0.1 0.536453
v 3.25607 -0.1 0.526066
v 3.26645 -0.1 0.514545
v 3.27555 -0.1 0.502081
v 3.28324 -0.1 0.488894
v 3.28947 -0.1 0.475214
v 3.29421 -0.1 0.461274
v 3.2975 -0.1 0.447294
v 3.29939 -0.1 0.433478
v 3.3 -0.1 0.42
v 3.29939 -0.1 0.406522
v 3.2975 -0.1 0.392706
v 3.29421 -0.1 0.378726
v 3.28947 -0.1 0.364786
v 3.28324 -0.1 0.351106
v 3.27555 -0.1 0.337919
v 3.26645 -0.1 0.325455
v 3.25607 -0.1 0.313934
v 3.24454 -0.1 0.303547
v 3.23208 -0.1 0.294451
v 3.21889 -0.1 0.286757
v 3.20521 -0.1 0.280532
v 3.19127 -0.1 0.27579
v 3.17729 -0.1 0.272504
v 3.16348 -0.1 0.270607
v 3.15 -0.1 0.27
v 3.13652 -0.1 0.270607
v 3.12271 -0.1 0.272504
v 3.10873 -0.1 0.27579
v 3.09479 -0.1 0.280532
v 3.08111 -0.1 0.286757
v 3.06792 -0.1 0.294451
v 3.05546 -0.1 0.303547
v 3.04393 -0.1 0.313934
v 3.03355 -0.1 0.325455
v 3.02445 -0.1 0.337919
v 3.01676 -0.1 0.351106
v 3.01053 -0.1 0.364786
v 3.00579 -0.1 0.378726
v 3.0025 -0.1 0.392706
v 3.00061 -0.1 0.406522
v 3 -0.1 0.42
v 3 -0.075 0.42
v 3.00061 -0.075 0.433478
v 3.0025 -0.075 0.447294
v 3.00579 -0.075 0.461274
v 3.01053 -0.075 0.475214
v 3.01676 -0.075 0.488894
v 3.02445 -0.075 0.502081
v 3.03355 -0.075 0.514545
v 3.04393 -0.075 0.526066
v 3.05546 -0.075 0.536453
v 3.06792 -0.075 0.545549
v 3.08111 -0.075 0.553243
v 3.09479 -0.075 0.559468
v 3.10873 -0.075 0.56421
v 3.12271 -0.075 0.567496
v 3.13652 -0.075 0.569393
v 3.15 -0.075 0.57
v 3.16348 -0.075 0.569393
v 3.17729 -0.075 0.567496
v 3.19127 -0.075 0.56421
v 3.20521 -0.075 0.559468
v 3.21889 -0.075 0.553243
v 3.23208 -0.075 0.545549
v 3.24454 -0.075 0.536453
v 3.25607 -0.075 0.526066
v 3.26645 -0.075 0.514545
v 3.27555 -0.075 0.502081
v 3.28324 -0.075 0.488894
v 3.28947 -0.075 0.475214
v 3.29421 -0.075 0.461274
v 3.2975 -0.075 0.447294
v 3.29939 -0.075 0.433478
v 3.3 -0.075 0.42
v 3.29939 -0.075 0.406522
v 3.2975 -0.075 0.392706
v 3.29421 -0.075 0.378726
v 3.28947 -0.075 0.364786
v 3.28324 -0.075 0.351106
v 3.27555 -0.075 0.337919
v 3.26645 -0.075 0.325455
v 3.25607 -0.075 0.313934
v 3.24454 -0.075 0.303547
v 3.23208 -0.075 0.294451
v 3.21889 -0.075 0.286757
v 3.20521 -0.075 0.280532
v 3.19127 -0.075 0.27579
v 3.17729 -0.075 0.272504
v 3.16348 -0.075 0.270607
v 3.15 -0.075 0.27
v 3.13652 -0.075 0.270607
v 3.12271 -0.075 0.272504
v 3.10873 -0.075 0.27579
v 3.09479 -0.075 0.280532
v 3.08111 -0.075 0.286757
v 3.06792 -0.075 0.294451
v 3.05546 -0.075 0.303547
v 3.04393 -0.075 0.313934
v 3.03355 -0.075 0.325455
v 3.02445 -0.075 0.337919
v 3.01676 -0.075 0.351106
v 3.01053 -0.075 0.364786
v 3.00579 -0.075 0.378726
v 3.0025 -0.075 0.392706
v 3.00061 -0.075 0.406522
v 3 -0.075 0.42
v 3 -0.05 0.42
v 3.00061 -0.05 0.433478
v 3.0025 -0.05 0.447294
v 3.00579 -0.05 0.461274
v 3.01053 -0.05 0.475214
v 3.01676 -0.05 0.488894
v 3.02445 -0.05 0.502081
v 3.03355 -0.05 0.514545
v 3.04393 -0.05 0.526066
v 3.05546 -0.05 0.536453
v 3.06792 -0.05 0.545549
v 3.08111 -0.05 0.553243
v 3.09479 -0.05 0.559468
v 3.10873 -0.05 0.56421
v 3.12271 -0.05 0.567496
v 3.13652 -0.05 0.569393
v 3.15 -0.05 0.57
v 3.16348 -0.05 0.569393
v 3.17729 -0.05 0.567496
v 3.19127 -0.05 0.56421
v 3.20521 -0.05 0.559468
v 3.21889 -0.05 0.553243
v 3.23208 -0.05 0.545549
v 3.24454 -0.05 0.536453
v 3.25607 -0.05 0.526066
v 3.26645 -0.05 0.514545
v 3.27555 -0.05 0.502081
v 3.28324 -0.05 0.488894
v 3.28947 -0.05 0.475214
v 3.29421 -0.05 0.461274
v 3.2975 -0.05 0.447294
v 3.29939 -0.05 0.433478
v 3.3 -0.05 0.42
v 3.29939 -0.05 0.406522
v 3.2975 -0.05 0.392706
v 3.29421 -0.05 0.378726
v 3.28947 -0.05 0.364786
v 3.28324 -0.05 0.351106
v 3.27555 -0.05 0.337919
v 3.26645 -0.05 0.325455
v 3.25607 -0.05 0.313934
v 3.24454 -0.05 0.303547
v 3.23208 -0.05 0.294451
v 3.21889 -0.05 0.286757
v 3.20521 -0.05 0.280532
v 3.19127 -0.05 0.27579
v 3.17729 -0.05 0.272504
v 3.16348 -0.05 0.270607
v 3.15 -0.05 0.27
v 3.13652 -0.05 0.270607
v 3.12271 -0.05 0.272504
v 3.10873 -0.05 0.27579
v 3.09479 -0.05 0.280532
v 3.08111 -0.05 0.286757
v 3.06792 -0.05 0.294451
v 3.05546 -0.05 0.303547
v 3.04393 -0.05 0.313934
v 3.03355 -0.05 0.325455
v 3.02445 -0.05 0.337919
v 3.01676 -0.05 0.351106
v 3.01053 -0.05 0.364786
v 3.00579 -0.05 0.378726
v 3.0025 -0.05 0.392706
v 3.00061 -0.05 0.406522
v 3 -0.05 0.42
vn -1 0 1.04673e-15
vn -0.995955 0 0.0898544
vn -0.983305 0 0.181963
vn -0.961399 0 0.275158
vn -0.929788 0 0.368095
vn -0.888284 0 0.459295
vn -0.836996 0 0.54721
vn -0.776353 0 0.630298
vn -0.707107 0 0.707107
vn -0.630298 0 0.776353
vn -0.54721 0 0.836996
vn -0.459295 0 0.888284
vn -0.368095 0 0.929788
vn -0.275158 0 0.961399
vn -0.181963 0 0.983305
vn -0.0898544 0 0.995955
vn -0 0 1
vn 0.0898544 -0 0.995955
vn 0.181963 -0 0.983305
vn 0.275158 -0 0.961399
vn 0.368095 -0 0.929788
vn 0.459295 -0 0.888284
vn 0.54721 -0 0.836996
vn 0.630298 -0 0.776353
vn 0.707107 -0 0.707107
vn 0.776353 -0 0.630298
vn 0.836996 -0 0.54721
vn 0.888284 -0 0.459295
vn 0.929788 -0 0.368095
vn 0.961399 -0 0.275158
vn 0.983305 -0 0.181963
vn 0.995955 -0 0.0898544
vn 1 0 -2.09346e-15
vn 0.995955 0 -0.0898544
vn 0.983305 0 -0.181963
vn 0.961399 0 -0.275158
vn 0.929788 0 -0.368095
vn 0.888284 0 -0.459295
vn 0.836996 0 -0.54721
vn 0.776353 0 -0.630298
vn 0.707107 0 -0.707107
vn 0.630298 0 -0.776353
vn 0.54721 0 -0.836996
vn 0.459295 0 -0.888284
vn 0.368095 0 -0.929788
vn 0.275158 0 -0.961399
vn 0.181963 0 -0.983305
vn 0.0898544 0 -0.995955
vn 3.92523e-16 0 -1
vn -0.0898544 0 -0.995955
vn -0.181963 0 -0.983305
vn -0.275158 0 -0.961399
vn -0.368095 0 -0.929788
vn -0.459295 0 -0.888284
vn -0.54721 0 -0.836996
vn -0.630298 0 -0.776353
vn -0.707107 0 -0.707107
vn -0.776353 0 -0.630298
vn -0.836996 0 -0.54721
vn -0.888284 0 -0.459295
vn -0.929788 0 -0.368095
vn -0.961399 0 -0.275158
vn -0.983305 0 -0.181963
vn -0.995955 0 -0.0898544
vn -1 0 -1.04673e-15
vn -1 0 2.09346e-15
vn -0.995955 0 0.0898544
vn -0.983305 0 0.181963
vn -0.961399 0 0.275158
vn -0.929788 0 0.368095
vn -0.888284 0 0.459295
vn -0.836996 0 0.54721
vn -0.776353 0 0.630298
vn -0.707107 0 0.707107
vn -0.630298 0 0.776353
vn -0.54721 0 0.836996
vn -0.459295 0 0.888284
vn -0.368095 0 0.929788
vn -0.275158 0 0.961399
vn -0.181963 0 0.983305
vn -0.0898544 0 0.995955
vn -5.23364e-16 0 1
vn 0.0898544 -0 0.995955
vn 0.181963 -0 0.983305
vn 0.275158 -0 0.961399
vn 0.368095 -0 0.929788
vn 0.459295 -0 0.888284
vn 0.54721 -0 0.836996
vn 0.630298 -0 0.776353
vn 0.707107 -0 0.707107
vn 0.776353 -0 0.630298
vn 0.836996 -0 0.54721
vn 0.888284 -0 0.459295
vn 0.929788 -0 0.368095
vn 0.961399 -0 0.275158
vn 0.983305 -0 0.181963
vn 0.995955 -0 0.0898544
vn 1 -0 0
vn 0.995955 0 -0.0898544
vn 0.983305 0 -0.181963
vn 0.961399 0 -0.275158
vn 0.929788 0 -0.368095
vn 0.888284 0 -0.459295
vn 0.836996 0 -0.54721
vn 0.776353 0 -0.630298
vn 0.707107 0 -0.707107
vn 0.630298 0 -0.776353
vn 0.54721 0 -0.836996
vn 0.459295 0 -0.888284
vn 0.368095 0 -0.929788
vn 0.275158 0 -0.961399
vn 0.181963 0 -0.983305
vn 0.0898544 0 -0.995955
vn 1.30841e-16 0 -1
vn -0.0898544 0 -0.995955
vn -0.181963 0 -0.983305
vn -0.275158 0 -0.961399
vn -0.368095 0 -0.929788
vn -0.459295 0 -0.888284
vn -0.54721 0 -0.836996
vn -0.630298 0 -0.776353
vn -0.707107 0 -0.707107
vn -0.776353 0 -0.630298
vn -0.836996 0 -0.54721
vn -0.888284 0 -0.459295
vn -0.929788 0 -0.368095
vn -0.961399 0 -0.275158
vn -0.983305 0 -0.181963
vn -0.995955 0 -0.0898544
vn -1 0 -1.04673e-15
vn -1 0 1.04673e-15
vn -0.995955 0 0.0898544
vn -0.983305 0 0.181963
vn -0.961399 0 0.275158
vn -0.929788 0 0.368095
vn -0.888284 0 0.459295
vn -0.836996 0 0.54721
vn -0.776353 0 0.630298
vn -0.707107 0 0.707107
vn -0.630298 0 0.776353
vn -0.54721 0 0.836996
vn -0.459295 0 0.888284
vn -0.368095 0 0.929788
vn -0.275158 0 0.961399
vn -0.181963 0 0.983305
vn -0.0898544 0 0.995955
vn -0 0 1
vn 0.0898544 -0 0.995955
vn 0.181963 -0 0.983305
vn 0.275158 -0 0.961399
vn 0.368095 -0 0.929788
vn 0.459295 -0 0.888284
vn 0.54721 -0 0.836996
vn 0.630298 -0 0.776353
vn 0.707107 -0 0.707107
vn 0.776353 -0 0.630298
vn 0.836996 -0 0.54721
vn 0.888284 -0 0.459295
vn 0.929788 -0 0.368095
vn 0.961399 -0 0.275158
vn 0.983305 -0 0.181963
vn 0.995955 -0 0.0898544
vn 1 0 -2.09346e-15
vn 0.995955 0 -0.0898544
vn 0.983305 0 -0.181963
vn 0.961399 0 -0.275158
vn 0.929788 0 -0.368095
vn 0.888284 0 -0.459295
vn 0.836996 0 -0.54721
vn 0.776353 0 -0.630298
vn 0.707107 0 -0.707107
vn 0.630298 0 -0.776353
vn 0.54721 0 -0.836996
vn 0.459295 0 -0.888284
vn 0.368095 0 -0.929788
vn 0.275158 0 -0.961399
vn 0.181963 0 -0.983305
vn 0.0898544 0 -0.995955
vn 3.92523e-16 0 -1
vn -0.0898544 0 -0.995955
vn -0.181963 0 -0.983305
vn -0.275158 0 -0.961399
vn -0.368095 0 -0.929788
vn -0.459295 0 -0.888284
vn -0.54721 0 -0.836996
vn -0.630298 0 -0.776353
vn -0.707107 0 -0.707107
vn -0.776353 0 -0.630298
vn -0.836996 0 -0.54721
vn -0.888284 0 -0.459295
vn -0.929788 0 -0.368095
vn -0.961399 0 -0.275158
vn -0.983305 0 -0.181963
vn -0.995955 0 -0.0898544
vn -1 0 -1.04673e-15
g HubRL_f0
usemtl chrome
f 3701//3701 3702//3702 3767//3767
f 3701//3701 3767//3767 3766//3766
f 3702//3702 3703//3703 3768//3768
f 3702//3702 3768//3768 3767//3767
f 3703//3703 3704//3704 3769//3769
f 3703//3703 3769//3769 3768//3768
f 3704//3704 3705//3705 3770//3770
f 3704//3704 3770//3770 3769//3769
f 3705//3705 3706//3706 3771//3771
f 3705//3705 3771//3771 3770//3770
f 3706//3706 3707//3707 3772//3772
f 3706//3706 3772//3772 3771//3771
f 3707//3707 3708//3708 3773//3773
f 3707//3707 3773//3773 3772//3772
f 3708//3708 3709//3709 3774//3774
f 3708//3708 3774//3774 3773//3773
f 3709//3709 3710//3710 3775//3775
f 3709//3709 3775//3775 3774//3774
f 3710//3710 3711//3711 3776//3776
f 3710//3710 3776//3776 3775//3775
f 3711//3711 3712//3712 3777//3777
f 3711//3711 3777//3777 3776//3776
f 3712//3712 3713//3713 3778//3778
f 3712//3712 3778//3778 3777//3777
f 3713//3713 3714//3714 3779//3779
f 3713//3713 3779//3779 3778//3778
f 3714//3714 3715//3715 3780//3780
f 3714//3714 3780//3780 3779//3779
f 3715//3715 3716//3716 3781//3781
f 3715//3715 3781//3781 3780//3780
f 3716//3716 3717//3717 3782//3782
f 3716//3716 3782//3782 3781//3781
f 3717//3717 3718//3718 3783//3783
f 3717//3717 3783//3783 3782//3782
f 3718//3718 3719//3719 3784//3784
f 3718//3718 3784//3784 3783//3783
f 3719//3719 3720//3720 3785//3785
f 3719//3719 3785//3785 3784//3784
f 3720//3720 3721//3721 3786//3786
f 3720//3720 3786//3786 3785//3785
f 3721//3721 3722//3722 3787//3787
f 3721//3721 3787//3787 3786//3786
f 3722//3722 3723//3723 3788//3788
f 3722//3722 3788//3788 3787//3787
f 3723//3723 3724//3724 3789//3789
f 3723//3723 3789//3789 3788//3788
f 3724//3724 3725//3725 3790//3790
f 3724//3724 3790//3790 3789//3789
f 3725//3725 3726//3726 3791//3791
f 3725//3725 3791//3791 3790//3790
f 3726//3726 3727//3727 3792//3792
f 3726//3726 3792//3792 3791//3791
f 3727//3727 3728//3728 3793//3793
f 3727//3727 3793//3793 3792//3792
f 3728//3728 3729//3729 3794//3794
f 3728//3728 3794//3794 3793//3793
f 3729//3729 3730//3730 3795//3795
f 3729//3729 3795//3795 3794//3794
f 3730//3730 3731//3731 3796//3796
f 3730//3730 3796//3796 3795//3795
f 3731//3731 3732//3732 3797//3797
f 3731//3731 3797//3797 3796//3796
f 3732//3732 3733//3733 3798//3798
f 3732//3732 3798//3798 3797//3797
f 3733//3733 3734//3734 3799//3799
f 3733//3733 3799//3799 3798//3798
f 3734//3734 3735//3735 3800//3800
f 3734//3734 3800//3800 3799//3799
f 3735//3735 3736//3736 3801//3801
f 3735//3735 3801//3801 3800//3800
f 3736//3736 3737//3737 3802//3802
f 3736//3736 3802//3802 3801//3801
f 3737//3737 3738//3738 3803//3803
f 3737//3737 3803//3803 3802//3802
f 3738//3738 3739//3739 3804//3804
f 3738//3738 3804//3804 3803//3803
f 3739//3739 3740//3740 3805//3805
f 3739//3739 3805//3805 3804//3804
f 3740//3740 3741//3741 3806//3806
f 3740//3740 3806//3806 3805//3805
f 3741//3741 3742//3742 3807//3807
f 3741//3741 3807//3807 3806//3806
f 3742//3742 3743//3743 3808//3808
f 3742//3742 3808//3808 3807//3807
f 3743//3743 3744//3744 3809//3809
f 3743//3743 3809//3809 3808//3808
f 3744//3744 3745//3745 3810//3810
f 3744//3744 3810//3810 3809//3809
f 3745//3745 3746//3746 3811//3811
f 3745//3745 3811//3811 3810//3810
f 3746//3746 3747//3747 3812//3812
f 3746//3746 3812//3812 3811//3811
f 3747//3747 3748//3748 3813//3813
f 3747//3747 3813//3813 3812//3812
f 3748//3748 3749//3749 3814//3814
f 3748//3748 3814//3814 3813//3813
f 3749//3749 3750//3750 3815//3815
f 3749//3749 3815//3815 3814//3814
f 3750//3750 3751//3751 3816//3816
f 3750//3750 3816//3816 3815//3815
f 3751//3751 3752//3752 3817//3817
f 3751//3751 3817//3817 3816//3816
f 3752//3752 3753//3753 3818//3818
f 3752//3752 3818//3818 3817//3817
f 3753//3753 3754//3754 3819//3819
f 3753//3753 3819//3819 3818//3818
f 3754//3754 3755//3755 3820//3820
f 3754//3754 3820//3820 3819//3819
f 3755//3755 3756//3756 3821//3821
f 3755//3755 3821//3821 3820//3820
f 3756//3756 3757//3757 3822//3822
f 3756//3756 3822//3822 3821//3821
f 3757//3757 3758//3758 3823//3823
f 3757//3757 3823//3823 3822//3822
f 3758//3758 3759//3759 3824//3824
f 3758//3758 3824//3824 3823//3823
f 3759//3759 3760//3760 3825//3825
f 3759//3759 3825//3825 3824//3824
f 3760//3760 3761//3761 3826//3826
f 3760//3760 3826//3826 3825//3825
f 3761//3761 3762//3762 3827//3827
f 3761//3761 3827//3827 3826//3826
f 3762//3762 3763//3763 3828//3828
f 3762//3762 3828//3828 3827//3827
f 3763//3763 3764//3764 3829//3829
f 3763//3763 3829//3829 3828//3828
f 3764//3764 3765//3765 3830//3830
f 3764//3764 3830//3830 3829//3829
f 3766//3766 3767//3767 3832//3832
f 3766//3766 3832//3832 3831//3831
f 3767//3767 3768//3768 3833//3833
f 3767//3767 3833//3833 3832//3832
f 3768//3768 3769//3769 3834//3834
f 3768//3768 3834//3834 3833//3833
f 3769//3769 3770//3770 3835//3835
f 3769//3769 3835//3835 3834//3834
f 3770//3770 3771//3771 3836//3836
f 3770//3770 3836//3836 3835//3835
f 3771//3771 3772//3772 3837//3837
f 3771//3771 3837//3837 3836//3836
f 3772//3772 3773//3773 3838//3838
f 3772//3772 3838//3838 3837//3837
f 3773//3773 3774//3774 3839//3839
f 3773//3773 3839//3839 3838//3838
f 3774//3774 3775//3775 3840//3840
f 3774//3774 3840//3840 3839//3839
f 3775//3775 3776//3776 3841//3841
f 3775//3775 3841//3841 3840//3840
f 3776//3776 3777//3777 3842//3842
f 3776//3776 3842//3842 3841//3841
f 3777//3777 3778//3778 3843//3843
f 3777//3777 3843//3843 3842//3842
f 3778//3778 3779//3779 3844//3844
f 3778//3778 3844//3844 3843//3843
f 3779//3779 3780//3780 3845//3845
f 3779//3779 3845//3845 3844//3844
f 3780//3780 3781//3781 3846//3846
f 3780//3780 3846//3846 3845//3845
f 3781//3781 3782//3782 3847//3847
f 3781//3781 3847//3847 3846//3846
f 3782//3782 3783//3783 3848//3848
f 3782//3782 3848//3848 3847//3847
f 3783//3783 3784//3784 3849//3849
f 3783//3783 3849//3849 3848//3848
f 3784//3784 3785//3785 3850//3850
f 3784//3784 3850//3850 3849//3849
f 3785//3785 3786//3786 3851//3851
f 3785//3785 3851//3851 3850//3850
f 3786//3786 3787//3787 3852//3852
f 3786//3786 3852//3852 3851//3851
f 3787//3787 3788//3788 3853//3853
f 3787//3787 3853//3853 3852//3852
f 3788//3788 3789//3789 3854//3854
f 3788//3788 3854//3854 3853//3853
f 3789//3789 3790//3790 3855//3855
f 3789//3789 3855//3855 3854//3854
f 3790//3790 3791//3791 3856//3856
f 3790//3790 3856//3856 3855//3855
f 3791//3791 3792//3792 3857//3857
f 3791//3791 3857//3857 3856//3856
f 3792//3792 3793//3793 3858//3858
f 3792//3792 3858//3858 3857//3857
f 3793//3793 3794//3794 3859//3859
f 3793//3793 3859//3859 3858//3858
f 3794//3794 3795//3795 3860//3860
f 3794//3794 3860//3860 3859//3859
f 3795//3795 3796//3796 3861//3861
f 3795//3795 3861//3861 3860//3860
f 3796//3796 3797//3797 3862//3862
f 3796//3796 3862//3862 3861//3861
f 3797//3797 3798//3798 3863//3863
f 3797//3797 3863//3863 3862//3862
f 3798//3798 3799//3799 3864//3864
f 3798//3798 3864//3864 3863//3863
f 3799//3799 3800//3800 3865//3865
f 3799//3799 3865//3865 3864//3864
f 3800//3800 3801//3801 3866//3866
f 3800//3800 3866//3866 3865//3865
f 3801//3801 3802//3802 3867//3867
f 3801//3801 3867//3867 3866//3866
f 3802//3802 3803//3803 3868//3868
f 3802//3802 3868//3868 3867//3867
f 3803//3803 3804//3804 3869//3869
f 3803//3803 3869//3869 3868//3868
f 3804//3804 3805//3805 3870//3870
f 3804//3804 3870//3870 3869//3869
f 3805//3805 3806//3806 3871//3871
f 3805//3805 3871//3871 3870//3870
f 3806//3806 3807//3807 3872//3872
f 3806//3806 3872//3872 3871//3871
f 3807//3807 3808//3808 3873//3873
f 3807//3807 3873//3873 3872//3872
f 3808//3808 3809//3809 3874//3874
f 3808//3808 3874//3874 3873//3873
f 3809//3809 3810//3810 3875//3875
f 3809//3809 3875//3875 3874//3874
f 3810//3810 3811//3811 3876//3876
f 3810//3810 3876//3876 3875//3875
f 3811//3811 3812//3812 3877//3877
f 3811//3811 3877//3877 3876//3876
f 3812//3812 3813//3813 3878//3878
f 3812//3812 3878//3878 3877//3877
f 3813//3813 3814//3814 3879//3879
f 3813//3813 3879//3879 3878//3878
f 3814//3814 3815//3815 3880//3880
f 3814//3814 3880//3880 3879//3879
f 3815//3815 3816//3816 3881//3881
f 3815//3815 3881//3881 3880//3880
f 3816//3816 3817//3817 3882//3882
f 3816//3816 3882//3882 3881//3881
f 3817//3817 3818//3818 3883//3883
f 3817//3817 3883//3883 3882//3882
f 3818//3818 3819//3819 3884//3884
f 3818//3818 3884//3884 3883//3883
f 3819//3819 3820//3820 3885//3885
f 3819//3819 3885//3885 3884//3884
f 3820//3820 3821//3821 3886//3886
f 3820//3820 3886//3886 3885//3885
f 3821//3821 3822//3822 3887//3887
f 3821//3821 3887//3887 3886//3886
f 3822//3822 3823//3823 3888//3888
f 3822//3822 3888//3888 3887//3887
f 3823//3823 3824//3824 3889//3889
f 3823//3823 3889//3889 3888//3888
f 3824//3824 3825//3825 3890//3890
f 3824//3824 3890//3890 3889//3889
f 3825//3825 3826//3826 3891//3891
f 3825//3825 3891//3891 3890//3890
f 3826//3826 3827//3827 3892//3892
f 3826//3826 3892//3892 3891//3891
f 3827//3827 3828//3828 3893//3893
f 3827//3827 3893//3893 3892//3892
f 3828//3828 3829//3829 3894//3894
f 3828//3828 3894//3894 3893//3893
f 3829//3829 3830//3830 3895//3895
f 3829//3829 3895//3895 3894//3894
v 3 -0.1 0.42
v 3.00061 -0.1 0.406522
v 3.0025 -0.1 0.392706
v 3.00579 -0.1 0.378726
v 3.01053 -0.1 0.364786
v 3.01346 -0.1 0.357899
v 3.01676 -0.1 0.351106
v 3.02042 -0.1 0.344436
v 3.02445 -0.1 0.337919
v 3.02883 -0.1 0.331582
v 3.03355 -0.1 0.325455
v 3.03859 -0.1 0.319564
v 3.04393 -0.1 0.313934
v 3.04956 -0.1 0.308588
v 3.05546 -0.1 0.303547
v 3.06158 -0.1 0.298829
v 3.06792 -0.1 0.294451
v 3.07444 -0.1 0.290423
v 3.08111 -0.1 0.286757
v 3.0879 -0.1 0.283459
v 3.09479 -0.1 0.280532
v 3.10873 -0.1 0.27579
v 3.12271 -0.1 0.272504
v 3.13652 -0.1 0.270607
v 3.15 -0.1 0.27
v 3.16348 -0.1 0.270607
v 3.17729 -0.1 0.272504
v 3.19127 -0.1 0.27579
v 3.20521 -0.1 0.280532
v 3.2121 -0.1 0.283459
v 3.21889 -0.1 0.286757
v 3.22556 -0.1 0.290423
v 3.23208 -0.1 0.294451
v 3.23842 -0.1 0.298829
v 3.24454 -0.1 0.303547
v 3.25044 -0.1 0.308588
v 3.25607 -0.1 0.313934
v 3.26141 -0.1 0.319564
v 3.26645 -0.1 0.325455
v 3.27117 -0.1 0.331582
v 3.27555 -0.1 0.337919
v 3.27958 -0.1 0.344436
v 3.28324 -0.1 0.351106
v 3.28654 -0.1 0.357899
v 3.28947 -0.1 0.364786
v 3.29421 -0.1 0.378726
v 3.2975 -0.1 0.392706
v 3.29939 -0.1 0.406522
v 3.3 -0.1 0.42
v 3.29939 -0.1 0.433478
v 3.2975 -0.1 0.447294
v 3.29421 -0.1 0.461274
v 3.28947 -0.1 0.475214
v 3.28654 -0.1 0.482101
v 3.28324 -0.1 0.488894
v 3.27958 -0.1 0.495564
v 3.27555 -0.1 0.502081
v 3.27117 -0.1 0.508418
v 3.26645 -0.1 0.514545
v 3.26141 -0.1 0.520436
v 3.25607 -0.1 0.526066
v 3.25044 -0.1 0.531412
v 3.24454 -0.1 0.536453
v 3.23842 -0.1 0.541171
v 3.23208 -0.1 0.545549
v 3.22556 -0.1 0.549577
v 3.21889 -0.1 0.553243
v 3.2121 -0.1 0.556541
v 3.20521 -0.1 0.559468
v 3.19127 -0.1 0.56421
v 3.17729 -0.1 0.567496
v 3.16348 -0.1 0.569393
v 3.15 -0.1 0.57
v 3.13652 -0.1 0.569393
v 3.12271 -0.1 0.567496
v 3.10873 -0.1 0.56421
v 3.09479 -0.1 0.559468
v 3.0879 -0.1 0.556541
v 3.08111 -0.1 0.553243
v 3.07444 -0.1 0.549577
v 3.06792 -0.1 0.545549
v 3.06158 -0.1 0.541171
v 3.05546 -0.1 0.536453
v 3.04956 -0.1 0.531412
v 3.04393 -0.1 0.526066
v 3.03859 -0.1 0.520436
v 3.03355 -0.1 0.514545
v 3.02883 -0.1 0.508418
v 3.02445 -0.1 0.502081
v 3.02042 -0.1 0.495564
v 3.01676 -0.1 0.488894
v 3.01346 -0.1 0.482101
v 3.01053 -0.1 0.475214
v 3.00579 -0.1 0.461274
v 3.0025 -0.1 0.447294
v 3.00061 -0.1 0.433478
vn -2.22045e-17 -1 0
vn 0 -1 0
vn 5.55112e-18 -1 0
vn 5.55112e-18 -1 0
vn -1.38778e-17 -1 0
vn 0 -1 0
vn -2.77556e-18 -1 0
vn 1.66533e-17 -1 0
vn 8.32667e-18 -1 0
vn -2.498e-17 -1 0
vn -3.88578e-17 -1 0
vn 2.77556e-18 -1 0
vn -2.22045e-17 -1 0
vn -1.80411e-17 -1 0
vn -9.71445e-18 -1 0
vn 1.52656e-17 -1 0
vn 2.77556e-18 -1 0
vn 2.77556e-18 -1 0
vn -1.94289e-17 -1 0
vn -9.71445e-18 -1 0
vn -3.26128e-17 -1 0
vn -2.01228e-17 -1 0
vn -4.3715e-17 -1 0
vn -2.18575e-17 -1 0
vn 2.25514e-17 -1 0
vn 1.73472e-18 -1 0
vn -3.33067e-17 -1 0
vn -2.01228e-17 -1 0
vn -3.26128e-17 -1 0
vn -2.08167e-17 -1 0
vn -9.02056e-18 -1 0
vn -1.11022e-17 -1 0
vn 1.38778e-18 -1 0
vn 3.60822e-17 -1 0
vn -1.80411e-17 -1 0
vn 3.747e-17 -1 0
vn -6.93889e-18 -1 0
vn 0 -1 0
vn 0 -1 0
vn -2.77556e-17 -1 0
vn -1.11022e-17 -1 0
vn 1.66533e-17 -1 0
vn -8.32667e-18 -1 0
vn -8.32667e-18 -1 0
vn 0 -1 0
vn -3.60822e-17 -1 0
vn 5.55112e-18 -1 0
vn 0 -1 0
vn -2.22045e-17 -1 0
vn 0 -1 0
vn 5.55112e-18 -1 0
vn -2.22045e-17 -1 0
vn 2.77556e-17 -1 0
vn 0 -1 0
vn 2.77556e-17 -1 0
vn 2.77556e-17 -1 0
vn 0 -1 0
vn 2.77556e-17 -1 0
vn -2.77556e-17 -1 0
vn 0 -1 0
vn 0 -1 0
vn 0 -1 0
vn 0 -1 0
vn 0 -1 0
vn 0 -1 0
vn -4.44089e-17 -1 0
vn 0 -1 0
vn 0 -1 0
vn 0 -1 0
vn 0 -1 0
vn 0 -1 0
vn 0 -1 0
vn 0 -1 0
vn 0 -1 0
vn 0 -1 0
vn 0 -1 0
vn 0 -1 0
vn 0 -1 0
vn 0 -1 0
vn -4.44089e-17 -1 0
vn 0 -1 0
vn 0 -1 0
vn 0 -1 0
vn 0 -1 0
vn 0 -1 0
vn 2.77556e-17 -1 0
vn -2.77556e-17 -1 0
vn 2.77556e-17 -1 0
vn 0 -1 0
vn 0 -1 0
vn -2.77556e-17 -1 0
vn -1.66533e-17 -1 0
vn -2.77556e-17 -1 0
vn 5.55112e-18 -1 0
vn 0 -1 0
vn 5.55112e-18 -1 0
g HubRL_f1
usemtl chrome
f 3991//3991 3896//3896 3897//3897
f 3991//3991 3897//3897 3898//3898
f 3991//3991 3898//3898 3899//3899
f 3991//3991 3899//3899 3900//3900
f 3991//3991 3900//3900 3901//3901
f 3991//3991 3901//3901 3902//3902
f 3991//3991 3902//3902 3903//3903
f 3991//3991 3903//3903 3904//3904
f 3991//3991 3904//3904 3905//3905
f 3991//3991 3905//3905 3906//3906
f 3991//3991 3906//3906 3907//3907
f 3991//3991 3907//3907 3908//3908
f 3991//3991 3908//3908 3909//3909
f 3991//3991 3909//3909 3910//3910
f 3991//3991 3910//3910 3911//3911
f 3991//3991 3911//3911 3912//3912
f 3991//3991 3912//3912 3913//3913
f 3991//3991 3913//3913 3914//3914
f 3991//3991 3914//3914 3915//3915
f 3991//3991 3915//3915 3916//3916
f 3991//3991 3916//3916 3917//3917
f 3991//3991 3917//3917 3918//3918
f 3991//3991 3918//3918 3919//3919
f 3991//3991 3919//3919 3920//3920
f 3991//3991 3920//3920 3921//3921
f 3991//3991 3921//3921 3922//3922
f 3991//3991 3922//3922 3923//3923
f 3991//3991 3923//3923 3924//3924
f 3991//3991 3924//3924 3925//3925
f 3991//3991 3925//3925 3926//3926
f 3991//3991 3926//3926 3927//3927
f 3991//3991 3927//3927 3928//3928
f 3991//3991 3928//3928 3929//3929
f 3991//3991 3929//3929 3930//3930
f 3991//3991 3930//3930 3931//3931
f 3991//3991 3931//3931 3932//3932
f 3991//3991 3932//3932 3933//3933
f 3991//3991 3933//3933 3934//3934
f 3991//3991 3934//3934 3935//3935
f 3991//3991 3935//3935 3936//3936
f 3991//3991 3936//3936 3937//3937
f 3991//3991 3937//3937 3938//3938
f 3991//3991 3938//3938 3939//3939
f 3991//3991 3939//3939 3940//3940
f 3991//3991 3940//3940 3941//3941
f 3991//3991 3941//3941 3942//3942
f 3991//3991 3942//3942 3943//3943
f 3991//3991 3943//3943 3944//3944
f 3991//3991 3944//3944 3945//3945
f 3991//3991 3945//3945 3946//3946
f 3991//3991 3946//3946 3947//3947
f 3991//3991 3947//3947 3948//3948
f 3991//3991 3948//3948 3949//3949
f 3991//3991 3949//3949 3950//3950
f 3991//3991 3950//3950 3951//3951
f 3991//3991 3951//3951 3952//3952
f 3991//3991 3952//3952 3953//3953
f 3991//3991 3953//3953 3954//3954
f 3991//3991 3954//3954 3955//3955
f 3991//3991 3955//3955 3956//3956
f 3991//3991 3956//3956 3957//3957
f 3991//3991 3957//3957 3958//3958
f 3991//3991 3958//3958 3959//3959
f 3991//3991 3959//3959 3960//3960
f 3991//3991 3960//3960 3961//3961
f 3991//3991 3961//3961 3962//3962
f 3991//3991 3962//3962 3963//3963
f 3991//3991 3963//3963 3964//3964
f 3991//3991 3964//3964 3965//3965
f 3991//3991 3965//3965 3966//3966
f 3991//3991 3966//3966 3967//3967
f 3991//3991 3967//3967 3968//3968
f 3991//3991 3968//3968 3969//3969
f 3991//3991 3969//3969 3970//3970
f 3991//3991 3970//3970 3971//3971
f 3991//3991 3971//3971 3972//3972
f 3991//3991 3972//3972 3973//3973
f 3991//3991 3973//3973 3974//3974
f 3991//3991 3974//3974 3975//3975
f 3991//3991 3975//3975 3976//3976
f 3991//3991 3976//3976 3977//3977
f 3991//3991 3977//3977 3978//3978
f 3991//3991 3978//3978 3979//3979
f 3991//3991 3979//3979 3980//3980
f 3991//3991 3980//3980 3981//3981
f 3991//3991 3981//3981 3982//3982
f 3991//3991 3982//3982 3983//3983
f 3991//3991 3983//3983 3984//3984
f 3991//3991 3984//3984 3985//3985
f 3991//3991 3985//3985 3986//3986
f 3991//3991 3986//3986 3987//3987
f 3991//3991 3987//3987 3988//3988
f 3991//3991 3988//3988 3989//3989
f 3989//3989 3990//3990 3991//3991
v 3 -0.05 0.42
v 3.00061 -0.05 0.433478
v 3.0025 -0.05 0.447294
v 3.00579 -0.05 0.461274
v 3.01053 -0.05 0.475214
v 3.01346 -0.05 0.482101
v 3.01676 -0.05 0.488894
v 3.02042 -0.05 0.495564
v 3.02445 -0.05 0.502081
v 3.02883 -0.05 0.508418
v 3.03355 -0.05 0.514545
v 3.03859 -0.05 0.520436
v 3.04393 -0.05 0.526066
v 3.04956 -0.05 0.531412
v 3.05546 -0.05 0.536453
v 3.06158 -0.05 0.541171
v 3.06792 -0.05 0.545549
v 3.07444 -0.05 0.549577
v 3.08111 -0.05 0.553243
v 3.0879 -0.05 0.556541
v 3.09479 -0.05 0.559468
v 3.10873 -0.05 0.56421
v 3.12271 -0.05 0.567496
v 3.13652 -0.05 0.569393
v 3.15 -0.05 0.57
v 3.16348 -0.05 0.569393
v 3.17729 -0.05 0.567496
v 3.19127 -0.05 0.56421
v 3.20521 -0.05 0.559468
v 3.2121 -0.05 0.556541
v 3.21889 -0.05 0.553243
v 3.22556 -0.05 0.549577
v 3.23208 -0.05 0.545549
v 3.23842 -0.05 0.541171
v 3.24454 -0.05 0.536453
v 3.25044 -0.05 0.531412
v 3.25607 -0.05 0.526066
v 3.26141 -0.05 0.520436
v 3.26645 -0.05 0.514545
v 3.27117 -0.05 0.508418
v 3.27555 -0.05 0.502081
v 3.27958 -0.05 0.495564
v 3.28324 -0.05 0.488894
v 3.28654 -0.05 0.482101
v 3.28947 -0.05 0.475214
v 3.29421 -0.05 0.461274
v 3.2975 -0.05 0.447294
v 3.29939 -0.05 0.433478
v 3.3 -0.05 0.42
v 3.29939 -0.05 0.406522
v 3.2975 -0.05 0.392706
v 3.29421 -0.05 0.378726
v 3.28947 -0.05 0.364786
v 3.28654 -0.05 0.357899
v 3.28324 -0.05 0.351106
v 3.27958 -0.05 0.344436
v 3.27555 -0.05 0.337919
v 3.27117 -0.05 0.331582
v 3.26645 -0.05 0.325455
v 3.26141 -0.05 0.319564
v 3.25607 -0.05 0.313934
v 3.25044 -0.05 0.308588
v 3.24454 -0.05 0.303547
v 3.23842 -0.05 0.298829
v 3.23208 -0.05 0.294451
v 3.22556 -0.05 0.290423
v 3.21889 -0.05 0.286757
v 3.2121 -0.05 0.283459
v 3.20521 -0.05 0.280532
v 3.19127 -0.05 0.27579
v 3.17729 -0.05 0.272504
v 3.16348 -0.05 0.270607
v 3.15 -0.05 0.27
v 3.13652 -0.05 0.270607
v 3.12271 -0.05 0.272504
v 3.10873 -0.05 0.27579
v 3.09479 -0.05 0.280532
v 3.0879 -0.05 0.283459
v 3.08111 -0.05 0.286757
v 3.07444 -0.05 0.290423
v 3.06792 -0.05 0.294451
v 3.06158 -0.05 0.298829
v 3.05546 -0.05 0.303547
v 3.04956 -0.05 0.308588
v 3.04393 -0.05 0.313934
v 3.03859 -0.05 0.319564
v 3.03355 -0.05 0.325455
v 3.02883 -0.05 0.331582
v 3.02445 -0.05 0.337919
v 3.02042 -0.05 0.344436
v 3.01676 -0.05 0.351106
v 3.01346 -0.05 0.357899
v 3.01053 -0.05 0.364786
v 3.00579 -0.05 0.378726
v 3.0025 -0.05 0.392706
v 3.00061 -0.05 0.406522
vn 0 1 -0
vn 0 1 -0
vn 2.77556e-18 1 -0
vn -1.11022e-17 1 0
vn 0 1 -0
vn 0 1 -0
vn 1.38778e-17 1 -0
vn 1.38778e-17 1 -0
vn 0 1 -0
vn 1.38778e-17 1 -0
vn 0 1 -0
vn 0 1 -0
vn 0 1 -0
vn 0 1 -0
vn 0 1 -0
vn 0 1 -0
vn 0 1 -0
vn -2.22045e-17 1 0
vn 0 1 -0
vn 0 1 -0
vn 0 1 -0
vn 0 1 -0
vn 0 1 -0
vn 0 1 -0
vn 0 1 -0
vn 0 1 -0
vn 0 1 -0
vn 0 1 -0
vn 0 1 -0
vn 0 1 -0
vn 0 1 -0
vn 0 1 -0
vn 0 1 -0
vn 0 1 -0
vn 0 1 -0
vn 0 1 -0
vn -1.38778e-17 1 0
vn 0 1 -0
vn -1.38778e-17 1 0
vn 1.38778e-17 1 -0
vn -1.38778e-17 1 0
vn 0 1 -0
vn -1.38778e-17 1 0
vn -8.32667e-18 1 0
vn -1.38778e-17 1 0
vn 0 1 -0
vn 0 1 -0
vn -1.11022e-17 1 0
vn 0 1 -0
vn 2.77556e-18 1 -0
vn 2.77556e-18 1 -0
vn 6.93889e-18 1 -0
vn -1.80411e-17 1 0
vn -1.38778e-18 1 0
vn -1.38778e-18 1 0
vn 6.93889e-18 1 -0
vn 1.38778e-17 1 -0
vn -6.93889e-18 1 0
vn 2.77556e-18 1 -0
vn -1.80411e-17 1 0
vn 1.38778e-18 1 -0
vn -4.16334e-18 1 0
vn -4.16334e-18 1 0
vn -1.11022e-17 1 0
vn 0 1 -0
vn 1.249e-17 1 -0
vn -4.16334e-18 1 0
vn 1.38778e-18 1 -0
vn 1.14492e-17 1 -0
vn -5.20417e-18 1 0
vn 5.55112e-18 1 -0
vn 1.73472e-19 1 -0
vn -1.02349e-17 1 0
vn 1.70003e-17 1 -0
vn 1.38778e-18 1 -0
vn 1.21431e-17 1 -0
vn 6.93889e-18 1 -0
vn 1.17961e-17 1 -0
vn -4.16334e-18 1 0
vn 6.93889e-19 1 -0
vn -2.77556e-18 1 0
vn 1.11022e-17 1 -0
vn -4.16334e-18 1 0
vn -1.04083e-17 1 0
vn -4.16334e-18 1 0
vn -1.80411e-17 1 0
vn 2.77556e-18 1 -0
vn 1.38778e-18 1 -0
vn 8.32667e-18 1 -0
vn -5.55112e-18 1 0
vn 1.94289e-17 1 -0
vn -6.93889e-18 1 0
vn 2.77556e-18 1 -0
vn 0 1 -0
vn 2.77556e-18 1 -0
vn 0 1 -0
g HubRL_f2
usemtl chrome
f 4087//4087 3992//3992 3993//3993
f 4087//4087 3993//3993 3994//3994
f 4087//4087 3994//3994 3995//3995
f 4087//4087 3995//3995 3996//3996
f 4087//4087 3996//3996 3997//3997
f 4087//4087 3997//3997 3998//3998
f 4087//4087 3998//3998 3999//3999
f 4087//4087 3999//3999 4000//4000
f 4087//4087 4000//4000 4001//4001
f 4087//4087 4001//4001 4002//4002
f 4087//4087 4002//4002 4003//4003
f 4087//4087 4003//4003 4004//4004
f 4087//4087 4004//4004 4005//4005
f 4087//4087 4005//4005 4006//4006
f 4087//4087 4006//4006 4007//4007
f 4087//4087 4007//4007 4008//4008
f 4087//4087 4008//4008 4009//4009
f 4087//4087 4009//4009 4010//4010
f 4087//4087 4010//4010 4011//4011
f 4087//4087 4011//4011 4012//4012
f 4087//4087 4012//4012 4013//4013
f 4087//4087 4013//4013 4014//4014
f 4087//4087 4014//4014 4015//4015
f 4087//4087 4015//4015 4016//4016
f 4087//4087 4016//4016 4017//4017
f 4087//4087 4017//4017 4018//4018
f 4087//4087 4018//4018 4019//4019
f 4087//4087 4019//4019 4020//4020
f 4087//4087 4020//4020 4021//4021
f 4087//4087 4021//4021 4022//4022
f 4087//4087 4022//4022 4023//4023
f 4087//4087 4023//4023 4024//4024
f 4087//4087 4024//4024 4025//4025
f 4087//4087 4025//4025 4026//4026
f 4087//4087 4026//4026 4027//4027
f 4087//4087 4027//4027 4028//4028
f 4087//4087 4028//4028 4029//4029
f 4087//4087 4029//4029 4030//4030
f 4087//4087 4030//4030 4031//4031
f 4087//4087 4031//4031 4032//4032
f 4087//4087 4032//4032 4033//4033
f 4087//4087 4033//4033 4034//4034
f 4087//4087 4034//4034 4035//4035
f 4087//4087 4035//4035 4036//4036
f 4087//4087 4036//4036 4037//4037
f 4087//4087 4037//4037 4038//4038
f 4087//4087 4038//4038 4039//4039
f 4087//4087 4039//4039 4040//4040
f 4087//4087 4040//4040 4041//4041
f 4087//4087 4041//4041 4042//4042
f 4087//4087 4042//4042 4043//4043
f 4087//4087 4043//4043 4044//4044
f 4087//4087 4044//4044 4045//4045
f 4087//4087 4045//4045 4046//4046
f 4087//4087 4046//4046 4047//4047
f 4087//4087 4047//4047 4048//4048
f 4087//4087 4048//4048 4049//4049
f 4087//4087 4049//4049 4050//4050
f 4087//4087 4050//4050 4051//4051
f 4087//4087 4051//4051 4052//4052
f 4087//4087 4052//4052 4053//4053
f 4087//4087 4053//4053 4054//4054
f 4087//4087 4054//4054 4055//4055
f 4087//4087 4055//4055 4056//4056
f 4087//4087 4056//4056 4057//4057
f 4087//4087 4057//4057 4058//4058
f 4087//4087 4058//4058 4059//4059
f 4087//4087 4059//4059 4060//4060
f 4087//4087 4060//4060 4061//4061
f 4087//4087 4061//4061 4062//4062
f 4087//4087 4062//4062 4063//4063
f 4087//4087 4063//4063 4064//4064
f 4087//4087 4064//4064 4065//4065
f 4087//4087 4065//4065 4066//4066
f 4087//4087 4066//4066 4067//4067
f 4087//4087 4067//4067 4068//4068
f 4087//4087 4068//4068 4069//4069
f 4087//4087 4069//4069 4070//4070
f 4087//4087 4070//4070 4071//4071
f 4087//4087 4071//4071 4072//4072
f 4087//4087 4072//4072 4073//4073
f 4087//4087 4073//4073 4074//4074
f 4087//4087 4074//4074 4075//4075
f 4087//4087 4075//4075 4076//4076
f 4087//4087 4076//4076 4077//4077
f 4087//4087 4077//4077 4078//4078
f 4087//4087 4078//4078 4079//4079
f 4087//4087 4079//4079 4080//4080
f 4087//4087 4080//4080 4081//4081
f 4087//4087 4081//4081 4082//4082
f 4087//4087 4082//4082 4083//4083
f 4087//4087 4083//4083 4084//4084
f 4087//4087 4084//4084 4085//4085
f 4085//4085 4086//4086 4087//4087
o HubRR
v 3 2.06 0.42
v 3.00061 2.06 0.433478
v 3.0025 2.06 0.447294
v 3.00579 2.06 0.461274
v 3.01053 2.06 0.475214
v 3.01676 2.06 0.488894
v 3.02445 2.06 0.502081
v 3.03355 2.06 0.514545
v 3.04393 2.06 0.526066
v 3.05546 2.06 0.536453
v 3.06792 2.06 0.545549
v 3.08111 2.06 0.553243
v 3.09479 2.06 0.559468
v 3.10873 2.06 0.56421
v 3.12271 2.06 0.567496
v 3.13652 2.06 0.569393
v 3.15 2.06 0.57
v 3.16348 2.06 0.569393
v 3.17729 2.06 0.567496
v 3.19127 2.06 0.56421
v 3.20521 2.06 0.559468
v 3.21889 2.06 0.553243
v 3.23208 2.06 0.545549
v 3.24454 2.06 0.536453
v 3.25607 2.06 0.526066
v 3.26645 2.06 0.514545
v 3.27555 2.06 0.502081
v 3.28324 2.06 0.488894
v 3.28947 2.06 0.475214
v 3.29421 2.06 0.461274
v 3.2975 2.06 0.447294
v 3.29939 2.06 0.433478
v 3.3 2.06 0.42
v 3.29939 2.06 0.406522
v 3.2975 2.06 0.392706
v 3.29421 2.06 0.378726
v 3.28947 2.06 0.364786
v 3.28324 2.06 0.351106
v 3.27555 2.06 0.337919
v 3.26645 2.06 0.325455
v 3.25607 2.06 0.313934
v 3.24454 2.06 0.303547
v 3.23208 2.06 0.294451
v 3.21889 2.06 0.286757
v 3.20521 2.06 0.280532
v 3.19127 2.06 0.27579
v 3.17729 2.06 0.272504
v 3.16348 2.06 0.270607
v 3.15 2.06 0.27
v 3.13652 2.06 0.270607
v 3.12271 2.06 0.272504
v 3.10873 2.06 0.27579
v 3.09479 2.06 0.280532
v 3.08111 2.06 0.286757
v 3.06792 2.06 0.294451
v 3.05546 2.06 0.303547
v 3.04393 2.06 0.313934
v 3.03355 2.06 0.325455
v 3.02445 2.06 0.337919
v 3.01676 2.06 0.351106
v 3.01053 2.06 0.364786
v 3.00579 2.06 0.378726
v 3.0025 2.06 0.392706
v 3.00061 2.06 0.406522
v 3 2.06 0.42
v 3 2.085 0.42
v 3.00061 2.085 0.433478
v 3.0025 2.085 0.447294
v 3.00579 2.085 0.461274
v 3.01053 2.085 0.475214
v 3.01676 2.085 0.488894
v 3.02445 2.085 0.502081
v 3.03355 2.085 0.514545
v 3.04393 2.085 0.526066
v 3.05546 2.085 0.536453
v 3.06792 2.085 0.545549
v 3.08111 2.085 0.553243
v 3.09479 2.085 0.559468
v 3.10873 2.085 0.56421
v 3.12271 2.085 0.567496
v 3.13652 2.085 0.569393
v 3.15 2.085 0.57
v 3.16348 2.085 0.569393
v 3.17729 2.085 0.567496
v 3.19127 2.085 0.56421
v 3.20521 2.085 0.559468
v 3.21889 2.085 0.553243
v 3.23208 2.085 0.545549
v 3.24454 2.085 0.536453
v 3.25607 2.085 0.526066
v 3.26645 2.085 0.514545
v 3.27555 2.085 0.502081
v 3.28324 2.085 0.488894
v 3.28947 2.085 0.475214
v 3.29421 2.085 0.461274
v 3.2975 2.085 0.447294
v 3.29939 2.085 0.433478
v 3.3 2.085 0.42
v 3.29939 2.085 0.406522
v 3.2975 2.085 0.392706
v 3.29421 2.085 0.378726
v 3.28947 2.085 0.364786
v 3.28324 2.085 0.351106
v 3.27555 2.085 0.337919
v 3.26645 2.085 0.325455
v 3.25607 2.085 0.313934
v 3.24454 2.085 0.303547
v 3.23208 2.085 0.294451
v 3.21889 2.085 0.286757
v 3.20521 2.085 0.280532
v 3.19127 2.085 0.27579
v 3.17729 2.085 0.272504
v 3.16348 2.085 0.270607
v 3.15 2.085 0.27
v 3.13652 2.085 0.270607
v 3.12271 2.085 0.272504
v 3.10873 2.085 0.27579
v 3.09479 2.085 0.280532
v 3.08111 2.085 0.286757
v 3.06792 2.085 0.294451
v 3.05546 2.085 0.303547
v 3.04393 2.085 0.313934
v 3.03355 2.085 0.325455
v 3.02445 2.085 0.337919
v 3.01676 2.085 0.351106
v 3.01053 2.085 0.364786
v 3.00579 2.085 0.378726
v 3.0025 2.085 0.392706
v 3.00061 2.085 0.406522
v 3 2.085 0.42
v 3 2.11 0.42
v 3.00061 2.11 0.433478
v 3.0025 2.11 0.447294
v 3.00579 2.11 0.461274
v 3.01053 2.11 0.475214
v 3.01676 2.11 0.488894
v 3.02445 2.11 0.502081
v 3.03355 2.11 0.514545
v 3.04393 2.11 0.526066
v 3.05546 2.11 0.536453
v 3.06792 2.11 0.545549
v 3.08111 2.11 0.553243
v 3.09479 2.11 0.559468
v 3.10873 2.11 0.56421
v 3.12271 2.11 0.567496
v 3.13652 2.11 0.569393
v 3.15 2.11 0.57
v 3.16348 2.11 0.569393
v 3.17729 2.11 0.567496
v 3.19127 2.11 0.56421
v 3.20521 2.11 0.559468
v 3.21889 2.11 0.553243
v 3.23208 2.11 0.545549
v 3.24454 2.11 0.536453
v 3.25607 2.11 0.526066
v 3.26645 2.11 0.514545
v 3.27555 2.11 0.502081
v 3.28324 2.11 0.488894
v 3.28947 2.11 0.475214
v 3.29421 2.11 0.461274
v 3.2975 2.11 0.447294
v 3.29939 2.11 0.433478
v 3.3 2.11 0.42
v 3.29939 2.11 0.406522
v 3.2975 2.11 0.392706
v 3.29421 2.11 0.378726
v 3.28947 2.11 0.364786
v 3.28324 2.11 0.351106
v 3.27555 2.11 0.337919
v 3.26645 2.11 0.325455
v 3.25607 2.11 0.313934
v 3.24454 2.11 0.303547
v 3.23208 2.11 0.294451
v 3.21889 2.11 0.286757
v 3.20521 2.11 0.280532
v 3.19127 2.11 0.27579
v 3.17729 2.11 0.272504
v 3.16348 2.11 0.270607
v 3.15 2.11 0.27
v 3.13652 2.11 0.270607
v 3.12271 2.11 0.272504
v 3.10873 2.11 0.27579
v 3.09479 2.11 0.280532
v 3.08111 2.11 0.286757
v 3.06792 2.11 0.294451
v 3.05546 2.11 0.303547
v 3.04393 2.11 0.313934
v 3.03355 2.11 0.325455
v 3.02445 2.11 0.337919
v 3.01676 2.11 0.351106
v 3.01053 2.11 0.364786
v 3.00579 2.11 0.378726
v 3.0025 2.11 0.392706
v 3.00061 2.11 0.406522
v 3 2.11 0.42
vn -1 0 1.04673e-15
vn -0.995955 0 0.0898544
vn -0.983305 0 0.181963
vn -0.961399 0 0.275158
vn -0.929788 0 0.368095
vn -0.888284 0 0.459295
vn -0.836996 0 0.54721
vn -0.776353 0 0.630298
vn -0.707107 0 0.707107
vn -0.630298 0 0.776353
vn -0.54721 0 0.836996
vn -0.459295 0 0.888284
vn -0.368095 0 0.929788
vn -0.275158 0 0.961399
vn -0.181963 0 0.983305
vn -0.0898544 0 0.995955
vn -0 0 1
vn 0.0898544 -0 0.995955
vn 0.181963 -0 0.983305
vn 0.275158 -0 0.961399
vn 0.368095 -0 0.929788
vn 0.459295 -0 0.888284
vn 0.54721 -0 0.836996
vn 0.630298 -0 0.776353
vn 0.707107 -0 0.707107
vn 0.776353 -0 0.630298
vn 0.836996 -0 0.54721
vn 0.888284 -0 0.459295
vn 0.929788 -0 0.368095
vn 0.961399 -0 0.275158
vn 0.983305 -0 0.181963
vn 0.995955 -0 0.0898544
vn 1 0 -2.09346e-15
vn 0.995955 0 -0.0898544
vn 0.983305 0 -0.181963
vn 0.961399 0 -0.275158
vn 0.929788 0 -0.368095
vn 0.888284 0 -0.459295
vn 0.836996 0 -0.54721
vn 0.776353 0 -0.630298
vn 0.707107 0 -0.707107
vn 0.630298 0 -0.776353
vn 0.54721 0 -0.836996
vn 0.459295 0 -0.888284
vn 0.368095 0 -0.929788
vn 0.275158 0 -0.961399
vn 0.181963 0 -0.983305
vn 0.0898544 0 -0.995955
vn 3.92523e-16 0 -1
vn -0.0898544 0 -0.995955
vn -0.181963 0 -0.983305
vn -0.275158 0 -0.961399
vn -0.368095 0 -0.929788
vn -0.459295 0 -0.888284
vn -0.54721 0 -0.836996
vn -0.630298 0 -0.776353
vn -0.707107 0 -0.707107
vn -0.776353 0 -0.630298
vn -0.836996 0 -0.54721
vn -0.888284 0 -0.459295
vn -0.929788 0 -0.368095
vn -0.961399 0 -0.275158
vn -0.983305 0 -0.181963
vn -0.995955 0 -0.0898544
vn -1 0 -1.04673e-15
vn -1 0 2.09346e-15
vn -0.995955 0 0.0898544
vn -0.983305 0 0.181963
vn -0.961399 0 0.275158
vn -0.929788 0 0.368095
vn -0.888284 0 0.459295
vn -0.836996 0 0.54721
vn -0.776353 0 0.630298
vn -0.707107 0 0.707107
vn -0.630298 0 0.776353
vn -0.54721 0 0.836996
vn -0.459295 0 0.888284
vn -0.368095 0 0.929788
vn -0.275158 0 0.961399
vn -0.181963 0 0.983305
vn -0.0898544 0 0.995955
vn -5.23364e-16 0 1
vn 0.0898544 -0 0.995955
vn 0.181963 -0 0.983305
vn 0.275158 -0 0.961399
vn 0.368095 -0 0.929788
vn 0.459295 -0 0.888284
vn 0.54721 -0 0.836996
vn 0.630298 -0 0.776353
vn 0.707107 -0 0.707107
vn 0.776353 -0 0.630298
vn 0.836996 -0 0.54721
vn 0.888284 -0 0.459295
vn 0.929788 -0 0.368095
vn 0.961399 -0 0.275158
vn 0.983305 -0 0.181963
vn 0.995955 -0 0.0898544
vn 1 -0 0
vn 0.995955 0 -0.0898544
vn 0.983305 0 -0.181963
vn 0.961399 0 -0.275158
vn 0.929788 0 -0.368095
vn 0.888284 0 -0.459295
vn 0.836996 0 -0.54721
vn 0.776353 0 -0.630298
vn 0.707107 0 -0.707107
vn 0.630298 0 -0.776353
vn 0.54721 0 -0.836996
vn 0.459295 0 -0.888284
vn 0.368095 0 -0.929788
vn 0.275158 0 -0.961399
vn 0.181963 0 -0.983305
vn 0.0898544 0 -0.995955
vn 1.30841e-16 0 -1
vn -0.0898544 0 -0.995955
vn -0.181963 0 -0.983305
vn -0.275158 0 -0.961399
vn -0.368095 0 -0.929788
vn -0.459295 0 -0.888284
vn -0.54721 0 -0.836996
vn -0.630298 0 -0.776353
vn -0.707107 0 -0.707107
vn -0.776353 0 -0.630298
vn -0.836996 0 -0.54721
vn -0.888284 0 -0.459295
vn -0.929788 0 -0.368095
vn -0.961399 0 -0.275158
vn -0.983305 0 -0.181963
vn -0.995955 0 -0.0898544
vn -1 0 -1.04673e-15
vn -1 0 1.04673e-15
vn -0.995955 0 0.0898544
vn -0.983305 0 0.181963
vn -0.961399 0 0.275158
vn -0.929788 0 0.368095
vn -0.888284 0 0.459295
vn -0.836996 0 0.54721
vn -0.776353 0 0.630298
vn -0.707107 0 0.707107
vn -0.630298 0 0.776353
vn -0.54721 0 0.836996
vn -0.459295 0 0.888284
vn -0.368095 0 0.929788
vn -0.275158 0 0.961399
vn -0.181963 0 0.983305
vn -0.0898544 0 0.995955
vn 0 0 1
vn 0.0898544 -0 0.995955
vn 0.181963 -0 0.983305
vn 0.275158 -0 0.961399
vn 0.368095 -0 0.929788
vn 0.459295 -0 0.888284
vn 0.54721 -0 0.836996
vn 0.630298 -0 0.776353
vn 0.707107 -0 0.707107
vn 0.776353 -0 0.630298
vn 0.836996 -0 0.54721
vn 0.888284 -0 0.459295
vn 0.929788 -0 0.368095
vn 0.961399 -0 0.275158
vn 0.983305 -0 0.181963
vn 0.995955 -0 0.0898544
vn 1 0 -2.09346e-15
vn 0.995955 0 -0.0898544
vn 0.983305 0 -0.181963
vn 0.961399 0 -0.275158
vn 0.929788 0 -0.368095
vn 0.888284 0 -0.459295
vn 0.836996 0 -0.54721
vn 0.776353 0 -0.630298
vn 0.707107 0 -0.707107
vn 0.630298 0 -0.776353
vn 0.54721 0 -0.836996
vn 0.459295 0 -0.888284
vn 0.368095 0 -0.929788
vn 0.275158 0 -0.961399
vn 0.181963 0 -0.983305
vn 0.0898544 0 -0.995955
vn 3.92523e-16 0 -1
vn -0.0898544 0 -0.995955
vn -0.181963 0 -0.983305
vn -0.275158 0 -0.961399
vn -0.368095 0 -0.929788
vn -0.459295 0 -0.888284
vn -0.54721 0 -0.836996
vn -0.630298 0 -0.776353
vn -0.707107 0 -0.707107
vn -0.776353 0 -0.630298
vn -0.836996 0 -0.54721
vn -0.888284 0 -0.459295
vn -0.929788 0 -0.368095
vn -0.961399 0 -0.275158
vn -0.983305 0 -0.181963
vn -0.995955 0 -0.0898544
vn -1 0 -1.04673e-15
g HubRR_f0
usemtl chrome
f 4088//4088 4089//4089 4154//4154
f 4088//4088 4154//4154 4153//4153
f 4089//4089 4090//4090 4155//4155
f 4089//4089 4155//4155 4154//4154
f 4090//4090 4091//4091 4156//4156
f 4090//4090 4156//4156 4155//4155
f 4091//4091 4092//4092 4157//4157
f 4091//4091 4157//4157 4156//4156
f 4092//4092 4093//4093 4158//4158
f 4092//4092 4158//4158 4157//4157
f 4093//4093 4094//4094 4159//4159
f 4093//4093 4159//4159 4158//4158
f 4094//4094 4095//4095 4160//4160
f 4094//4094 4160//4160 4159//4159
f 4095//4095 4096//4096 4161//4161
f 4095//4095 4161//4161 4160//4160
f 4096//4096 4097//4097 4162//4162
f 4096//4096 4162//4162 4161//4161
f 4097//4097 4098//4098 4163//4163
f 4097//4097 4163//4163 4162//4162
f 4098//4098 4099//4099 4164//4164
f 4098//4098 4164//4164 4163//4163
f 4099//4099 4100//4100 4165//4165
f 4099//4099 4165//4165 4164//4164
f 4100//4100 4101//4101 4166//4166
f 4100//4100 4166//4166 4165//4165
f 4101//4101 4102//4102 4167//4167
f 4101//4101 4167//4167 4166//4166
f 4102//4102 4103//4103 4168//4168
f 4102//4102 4168//4168 4167//4167
f 4103//4103 4104//4104 4169//4169
f 4103//4103 4169//4169 4168//4168
f 4104//4104 4105//4105 4170//4170
f 4104//4104 4170//4170 4169//4169
f 4105//4105 4106//4106 4171//4171
f 4105//4105 4171//4171 4170//4170
f 4106//4106 4107//4107 4172//4172
f 4106//4106 4172//4172 4171//4171
f 4107//4107 4108//4108 4173//4173
f 4107//4107 4173//4173 4172//4172
f 4108//4108 4109//4109 4174//4174
f 4108//4108 4174//4174 4173//4173
f 4109//4109 4110//4110 4175//4175
f 4109//4109 4175//4175 4174//4174
f 4110//4110 4111//4111 4176//4176
f 4110//4110 4176//4176 4175//4175
f 4111//4111 4112//4112 4177//4177
f 4111//4111 4177//4177 4176//4176
f 4112//4112 4113//4113 4178//4178
f 4112//4112 4178//4178 4177//4177
f 4113//4113 4114//4114 4179//4179
f 4113//4113 4179//4179 4178//4178
f 4114//4114 4115//4115 4180//4180
f 4114//4114 4180//4180 4179//4179
f 4115//4115 4116//4116 4181//4181
f 4115//4115 4181//4181 4180//4180
f 4116//4116 4117//4117 4182//4182
f 4116//4116 4182//4182 4181//4181
f 4117//4117 4118//4118 4183//4183
f 4117//4117 4183//4183 4182//4182
f 4118//4118 4119//4119 4184//4184
f 4118//4118 4184//4184 4183//4183
f 4119//4119 4120//4120 4185//4185
f 4119//4119 4185//4185 4184//4184
f 4120//4120 4121//4121 4186//4186
f 4120//4120 4186//4186 4185//4185
f 4121//4121 4122//4122 4187//4187
f 4121//4121 4187//4187 4186//4186
f 4122//4122 4123//4123 4188//4188
f 4122//4122 4188//4188 4187//4187
f 4123//4123 4124//4124 4189//4189
f 4123//4123 4189//4189 4188//4188
f 4124//4124 4125//4125 4190//4190
f 4124//4124 4190//4190 4189//4189
f 4125//4125 4126//4126 4191//4191
f 4125//4125 4191//4191 4190//4190
f 4126//4126 4127//4127 4192//4192
f 4126//4126 4192//4192 4191//4191
f 4127//4127 4128//4128 4193//4193
f 4127//4127 4193//4193 4192//4192
f 4128//4128 4129//4129 4194//4194
f 4128//4128 4194//4194 4193//4193
f 4129//4129 4130//4130 4195//4195
f 4129//4129 4195//4195 4194//4194
f 4130//4130 4131//4131 4196//4196
f 4130//4130 4196//4196 4195//4195
f 4131//4131 4132//4132 4197//4197
f 4131//4131 4197//4197 4196//4196
f 4132//4132 4133//4133 4198//4198
f 4132//4132 4198//4198 4197//4197
f 4133//4133 4134//4134 4199//4199
f 4133//4133 4199//4199 4198//4198
f 4134//4134 4135//4135 4200//4200
f 4134//4134 4200//4200 4199//4199
f 4135//4135 4136//4136 4201//4201
f 4135//4135 4201//4201 4200//4200
f 4136//4136 4137//4137 4202//4202
f 4136//4136 4202//4202 4201//4201
f 4137//4137 4138//4138 4203//4203
f 4137//4137 4203//4203 4202//4202
f 4138//4138 4139//4139 4204//4204
f 4138//4138 4204//4204 4203//4203
f 4139//4139 4140//4140 4205//4205
f 4139//4139 4205//4205 4204//4204
f 4140//4140 4141//4141 4206//4206
f 4140//4140 4206//4206 4205//4205
f 4141//4141 4142//4142 4207//4207
f 4141//4141 4207//4207 4206//4206
f 4142//4142 4143//4143 4208//4208
f 4142//4142 4208//4208 4207//4207
f 4143//4143 4144//4144 4209//4209
f 4143//4143 4209//4209 4208//4208
f 4144//4144 4145//4145 4210//4210
f 4144//4144 4210//4210 4209//4209
f 4145//4145 4146//4146 4211//4211
f 4145//4145 4211//4211 4210//4210
f 4146//4146 4147//4147 4212//4212
f 4146//4146 4212//4212 4211//4211
f 4147//4147 4148//4148 4213//4213
f 4147//4147 4213//4213 4212//4212
f 4148//4148 4149//4149 4214//4214
f 4148//4148 4214//4214 4213//4213
f 4149//4149 4150//4150 4215//4215
f 4149//4149 4215//4215 4214//4214
f 4150//4150 4151//4151 4216//4216
f 4150//4150 4216//4216 4215//4215
f 4151//4151 4152//4152 4217//4217
f 4151//4151 4217//4217 4216//4216
f 4153//4153 4154//4154 4219//4219
f 4153//4153 4219//4219 4218//4218
f 4154//4154 4155//4155 4220//4220
f 4154//4154 4220//4220 4219//4219
f 4155//4155 4156//4156 4221//4221
f 4155//4155 4221//4221 4220//4220
f 4156//4156 4157//4157 4222//4222
f 4156//4156 4222//4222 4221//4221
f 4157//4157 4158//4158 4223//4223
f 4157//4157 4223//4223 4222//4222
f 4158//4158 4159//4159 4224//4224
f 4158//4158 4224//4224 4223//4223
f 4159//4159 4160//4160 4225//4225
f 4159//4159 4225//4225 4224//4224
f 4160//4160 4161//4161 4226//4226
f 4160//4160 4226//4226 4225//4225
f 4161//4161 4162//4162 4227//4227
f 4161//4161 4227//4227 4226//4226
f 4162//4162 4163//4163 4228//4228
f 4162//4162 4228//4228 4227//4227
f 4163//4163 4164//4164 4229//4229
f 4163//4163 4229//4229 4228//4228
f 4164//4164 4165//4165 4230//4230
f 4164//4164 4230//4230 4229//4229
f 4165//4165 4166//4166 4231//4231
f 4165//4165 4231//4231 4230//4230
f 4166//4166 4167//4167 4232//4232
f 4166//4166 4232//4232 4231//4231
f 4167//4167 4168//4168 4233//4233
f 4167//4167 4233//4233 4232//4232
f 4168//4168 4169//4169 4234//4234
f 4168//4168 4234//4234 4233//4233
f 4169//4169 4170//4170 4235//4235
f 4169//4169 4235//4235 4234//4234
f 4170//4170 4171//4171 4236//4236
f 4170//4170 4236//4236 4235//4235
f 4171//4171 4172//4172 4237//4237
f 4171//4171 4237//4237 4236//4236
f 4172//4172 4173//4173 4238//4238
f 4172//4172 4238//4238 4237//4237
f 4173//4173 4174//4174 4239//4239
f 4173//4173 4239//4239 4238//4238
f 4174//4174 4175//4175 4240//4240
f 4174//4174 4240//4240 4239//4239
f 4175//4175 4176//4176 4241//4241
f 4175//4175 4241//4241 4240//4240
f 4176//4176 4177//4177 4242//4242
f 4176//4176 4242//4242 4241//4241
f 4177//4177 4178//4178 4243//4243
f 4177//4177 4243//4243 4242//4242
f 4178//4178 4179//4179 4244//4244
f 4178//4178 4244//4244 4243//4243
f 4179//4179 4180//4180 4245//4245
f 4179//4179 4245//4245 4244//4244
f 4180//4180 4181//4181 4246//4246
f 4180//4180 4246//4246 4245//4245
f 4181//4181 4182//4182 4247//4247
f 4181//4181 4247//4247 4246//4246
f 4182//4182 4183//4183 4248//4248
f 4182//4182 4248//4248 4247//4247
f 4183//4183 4184//4184 4249//4249
f 4183//4183 4249//4249 4248//4248
f 4184//4184 4185//4185 4250//4250
f 4184//4184 4250//4250 4249//4249
f 4185//4185 4186//4186 4251//4251
f 4185//4185 4251//4251 4250//4250
f 4186//4186 4187//4187 4252//4252
f 4186//4186 4252//4252 4251//4251
f 4187//4187 4188//4188 4253//4253
f 4187//4187 4253//4253 4252//4252
f 4188//4188 4189//4189 4254//4254
f 4188//4188 4254//4254 4253//4253
f 4189//4189 4190//4190 4255//4255
f 4189//4189 4255//4255 4254//4254
f 4190//4190 4191//4191 4256//4256
f 4190//4190 4256//4256 4255//4255
f 4191//4191 4192//4192 4257//4257
f 4191//4191 4257//4257 4256//4256
f 4192//4192 4193//4193 4258//4258
f 4192//4192 4258//4258 4257//4257
f 4193//4193 4194//4194 4259//4259
f 4193//4193 4259//4259 4258//4258
f 4194//4194 4195//4195 4260//4260
f 4194//4194 4260//4260 4259//4259
f 4195//4195 4196//4196 4261//4261
f 4195//4195 4261//4261 4260//4260
f 4196//4196 4197//4197 4262//4262
f 4196//4196 4262//4262 4261//4261
f 4197//4197 4198//4198 4263//4263
f 4197//4197 4263//4263 4262//4262
f 4198//4198 4199//4199 4264//4264
f 4198//4198 4264//4264 4263//4263
f 4199//4199 4200//4200 4265//4265
f 4199//4199 4265//4265 4264//4264
f 4200//4200 4201//4201 4266//4266
f 4200//4200 4266//4266 4265//4265
f 4201//4201 4202//4202 4267//4267
f 4201//4201 4267//4267 4266//4266
f 4202//4202 4203//4203 4268//4268
f 4202//4202 4268//4268 4267//4267
f 4203//4203 4204//4204 4269//4269
f 4203//4203 4269//4269 4268//4268
f 4204//4204 4205//4205 4270//4270
f 4204//4204 4270//4270 4269//4269
f 4205//4205 4206//4206 4271//4271
f 4205//4205 4271//4271 4270//4270
f 4206//4206 4207//4207 4272//4272
f 4206//4206 4272//4272 4271//4271
f 4207//4207 4208//4208 4273//4273
f 4207//4207 4273//4273 4272//4272
f 4208//4208 4209//4209 4274//4274
f 4208//4208 4274//4274 4273//4273
f 4209//4209 4210//4210 4275//4275
f 4209//4209 4275//4275 4274//4274
f 4210//4210 4211//4211 4276//4276
f 4210//4210 4276//4276 4275//4275
f 4211//4211 4212//4212 4277//4277
f 4211//4211 4277//4277 4276//4276
f 4212//4212 4213//4213 4278//4278
f 4212//4212 4278//4278 4277//4277
f 4213//4213 4214//4214 4279//4279
f 4213//4213 4279//4279 4278//4278
f 4214//4214 4215//4215 4280//4280
f 4214//4214 4280//4280 4279//4279
f 4215//4215 4216//4216 4281//4281
f 4215//4215 4281//4281 4280//4280
f 4216//4216 4217//4217 4282//4282
f 4216//4216 4282//4282 4281//4281
v 3 2.06 0.42
v 3.00061 2.06 0.406522
v 3.0025 2.06 0.392706
v 3.00579 2.06 0.378726
v 3.01053 2.06 0.364786
v 3.01346 2.06 0.357899
v 3.01676 2.06 0.351106
v 3.02042 2.06 0.344436
v 3.02445 2.06 0.337919
v 3.02883 2.06 0.331582
v 3.03355 2.06 0.325455
v 3.03859 2.06 0.319564
v 3.04393 2.06 0.313934
v 3.04956 2.06 0.308588
v 3.05546 2.06 0.303547
v 3.06158 2.06 0.298829
v 3.06792 2.06 0.294451
v 3.07444 2.06 0.290423
v 3.08111 2.06 0.286757
v 3.0879 2.06 0.283459
v 3.09479 2.06 0.280532
v 3.10873 2.06 0.27579
v 3.12271 2.06 0.272504
v 3.13652 2.06 0.270607
v 3.15 2.06 0.27
v 3.16348 2.06 0.270607
v 3.17729 2.06 0.272504
v 3.19127 2.06 0.27579
v 3.20521 2.06 0.280532
v 3.2121 2.06 0.283459
v 3.21889 2.06 0.286757
v 3.22556 2.06 0.290423
v 3.23208 2.06 0.294451
v 3.23842 2.06 0.298829
v 3.24454 2.06 0.303547
v 3.25044 2.06 0.308588
v 3.25607 2.06 0.313934
v 3.26141 2.06 0.319564
v 3.26645 2.06 0.325455
v 3.27117 2.06 0.331582
v 3.27555 2.06 0.337919
v 3.27958 2.06 0.344436
v 3.28324 2.06 0.351106
v 3.28654 2.06 0.357899
v 3.28947 2.06 0.364786
v 3.29421 2.06 0.378726
v 3.2975 2.06 0.392706
v 3.29939 2.06 0.406522
v 3.3 2.06 0.42
v 3.29939 2.06 0.433478
v 3.2975 2.06 0.447294
v 3.29421 2.06 0.461274
v 3.28947 2.06 0.475214
v 3.28654 2.06 0.482101
v 3.28324 2.06 0.488894
v 3.27958 2.06 0.495564
v 3.27555 2.06 0.502081
v 3.27117 2.06 0.508418
v 3.26645 2.06 0.514545
v 3.26141 2.06 0.520436
v 3.25607 2.06 0.526066
v 3.25044 2.06 0.531412
v 3.24454 2.06 0.536453
v 3.23842 2.06 0.541171
v 3.23208 2.06 0.545549
v 3.22556 2.06 0.549577
v 3.21889 2.06 0.553243
v 3.2121 2.06 0.556541
v 3.20521 2.06 0.559468
v 3.19127 2.06 0.56421
v 3.17729 2.06 0.567496
v 3.16348 2.06 0.569393
v 3.15 2.06 0.57
v 3.13652 2.06 0.569393
v 3.12271 2.06 0.567496
v 3.10873 2.06 0.56421
v 3.09479 2.06 0.559468
v 3.0879 2.06 0.556541
v 3.08111 2.06 0.553243
v 3.07444 2.06 0.549577
v 3.06792 2.06 0.545549
v 3.06158 2.06 0.541171
v 3.05546 2.06 0.536453
v 3.04956 2.06 0.531412
v 3.04393 2.06 0.526066
v 3.03859 2.06 0.520436
v 3.03355 2.06 0.514545
v 3.02883 2.06 0.508418
v 3.02445 2.06 0.502081
v 3.02042 2.06 0.495564
v 3.01676 2.06 0.488894
v 3.01346 2.06 0.482101
v 3.01053 2.06 0.475214
v 3.00579 2.06 0.461274
v 3.0025 2.06 0.447294
v 3.00061 2.06 0.433478
vn 9.01501e-16 -1 0
vn 4.44089e-16 -1 0
vn 9.01501e-16 -1 0
vn 4.57412e-16 -1 0
vn 0 -1 0
vn -2.22045e-16 -1 0
vn -6.66134e-18 -1 0
vn 2.28706e-16 -1 0
vn -2.35367e-16 -1 0
vn 4.50751e-16 -1 0
vn 6.72795e-16 -1 0
vn 4.50751e-16 -1 0
vn 9.01501e-16 -1 0
vn 6.66134e-18 -1 0
vn 2.15383e-16 -1 0
vn -4.57412e-16 -1 0
vn 1.17684e-16 -1 0
vn -1.21014e-16 -1 0
vn 3.33067e-18 -1 0
vn -3.39728e-16 -1 0
vn 6.15619e-16 -1 0
vn 7.31637e-16 -1 0
vn 1.16573e-17 -1 0
vn 6.76126e-16 -1 0
vn 1.02696e-16 -1 0
vn -1.66533e-16 -1 0
vn 5.88418e-17 -1 0
vn 7.31637e-16 -1 0
vn -2.7256e-16 -1 0
vn -4.44089e-16 -1 0
vn 3.33067e-18 -1 0
vn 6.66134e-18 -1 0
vn -7.90479e-16 -1 0
vn -3.4639e-16 -1 0
vn 1.17684e-16 -1 0
vn -1.21014e-16 -1 0
vn 0 -1 0
vn 4.44089e-16 -1 0
vn -2.22045e-16 -1 0
vn -2.22045e-16 -1 0
vn 6.72795e-16 -1 0
vn 2.28706e-16 -1 0
vn 9.01501e-16 -1 0
vn 6.79456e-16 -1 0
vn 0 -1 0
vn 9.01501e-16 -1 0
vn 9.01501e-16 -1 0
vn 4.44089e-16 -1 0
vn 9.01501e-16 -1 0
vn 4.44089e-16 -1 0
vn 9.01501e-16 -1 0
vn 9.01501e-16 -1 0
vn 0 -1 0
vn 0 -1 0
vn 8.88178e-16 -1 0
vn 0 -1 0
vn 0 -1 0
vn 0 -1 0
vn 0 -1 0
vn 0 -1 0
vn 0 -1 0
vn 0 -1 0
vn 0 -1 0
vn 0 -1 0
vn 0 -1 0
vn 1.803e-15 -1 0
vn 0 -1 0
vn 0 -1 0
vn 0 -1 0
vn 0 -1 0
vn 0 -1 0
vn 0 -1 0
vn 0 -1 0
vn 0 -1 0
vn 0 -1 0
vn 0 -1 0
vn 0 -1 0
vn 0 -1 0
vn 0 -1 0
vn 1.803e-15 -1 0
vn 0 -1 0
vn 0 -1 0
vn 0 -1 0
vn 0 -1 0
vn 0 -1 0
vn 0 -1 0
vn 0 -1 0
vn 0 -1 0
vn -8.88178e-16 -1 0
vn 0 -1 0
vn 0 -1 0
vn 1.803e-15 -1 0
vn 0 -1 0
vn 9.01501e-16 -1 0
vn 0 -1 0
vn 4.57412e-16 -1 0
g HubRR_f1
usemtl chrome
f 4378//4378 4283//4283 4284//4284
f 4378//4378 4284//4284 4285//4285
f 4378//4378 4285//4285 4286//4286
f 4378//4378 4286//4286 4287//4287
f 4378//4378 4287//4287 4288//4288
f 4378//4378 4288//4288 4289//4289
f 4378//4378 4289//4289 4290//4290
f 4378//4378 4290//4290 4291//4291
f 4378//4378 4291//4291 4292//4292
f 4378//4378 4292//4292 4293//4293
f 4378//4378 4293//4293 4294//4294
f 4378//4378 4294//4294 4295//4295
f 4378//4378 4295//4295 4296//4296
f 4378//4378 4296//4296 4297//4297
f 4378//4378 4297//4297 4298//4298
f 4378//4378 4298//4298 4299//4299
f 4378//4378 4299//4299 4300//4300
f 4378//4378 4300//4300 4301//4301
f 4378//4378 4301//4301 4302//4302
f 4378//4378 4302//4302 4303//4303
f 4378//4378 4303//4303 4304//4304
f 4378//4378 4304//4304 4305//4305
f 4378//4378 4305//4305 4306//4306
f 4378//4378 4306//4306 4307//4307
f 4378//4378 4307//4307 4308//4308
f 4378//4378 4308//4308 4309//4309
f 4378//4378 4309//4309 4310//4310
f 4378//4378 4310//4310 4311//4311
f 4378//4378 4311//4311 4312//4312
f 4378//4378 4312//4312 4313//4313
f 4378//4378 4313//4313 4314//4314
f 4378//4378 4314//4314 4315//4315
f 4378//4378 4315//4315 4316//4316
f 4378//4378 4316//4316 4317//4317
f 4378//4378 4317//4317 4318//4318
f 4378//4378 4318//4318 4319//4319
f 4378//4378 4319//4319 4320//4320
f 4378//4378 4320//4320 4321//4321
f 4378//4378 4321//4321 4322//4322
f 4378//4378 4322//4322 4323//4323
f 4378//4378 4323//4323 4324//4324
f 4378//4378 4324//4324 4325//4325
f 4378//4378 4325//4325 4326//4326
f 4378//4378 4326//4326 4327//4327
f 4378//4378 4327//4327 4328//4328
f 4378//4378 4328//4328 4329//4329
f 4378//4378 4329//4329 4330//4330
f 4378//4378 4330//4330 4331//4331
f 4378//4378 4331//4331 4332//4332
f 4378//4378 4332//4332 4333//4333
f 4378//4378 4333//4333 4334//4334
f 4378//4378 4334//4334 4335//4335
f 4378//4378 4335//4335 4336//4336
f 4378//4378 4336//4336 4337//4337
f 4378//4378 4337//4337 4338//4338
f 4378//4378 4338//4338 4339//4339
f 4378//4378 4339//4339 4340//4340
f 4378//4378 4340//4340 4341//4341
f 4378//4378 4341//4341 4342//4342
f 4378//4378 4342//4342 4343//4343
f 4378//4378 4343//4343 4344//4344
f 4378//4378 4344//4344 4345//4345
f 4378//4378 4345//4345 4346//4346
f 4378//4378 4346//4346 4347//4347
f 4378//4378 4347//4347 4348//4348
f 4378//4378 4348//4348 4349//4349
f 4378//4378 4349//4349 4350//4350
f 4378//4378 4350//4350 4351//4351
f 4378//4378 4351//4351 4352//4352
f 4378//4378 4352//4352 4353//4353
f 4378//4378 4353//4353 4354//4354
f 4378//4378 4354//4354 4355//4355
f 4378//4378 4355//4355 4356//4356
f 4378//4378 4356//4356 4357//4357
f 4378//4378 4357//4357 4358//4358
f 4378//4378 4358//4358 4359//4359
f 4378//4378 4359//4359 4360//4360
f 4378//4378 4360//4360 4361//4361
f 4378//4378 4361//4361 4362//4362
f 4378//4378 4362//4362 4363//4363
f 4378//4378 4363//4363 4364//4364
f 4378//4378 4364//4364 4365//4365
f 4378//4378 4365//4365 4366//4366
f 4378//4378 4366//4366 4367//4367
f 4378//4378 4367//4367 4368//4368
f 4378//4378 4368//4368 4369//4369
f 4378//4378 4369//4369 4370//4370
f 4378//4378 4370//4370 4371//4371
f 4378//4378 4371//4371 4372//4372
f 4378//4378 4372//4372 4373//4373
f 4378//4378 4373//4373 4374//4374
f 4378//4378 4374//4374 4375//4375
f 4378//4378 4375//4375 4376//4376
f 4376//4376 4377//4377 4378//4378
v 3 2.11 0.42
v 3.00061 2.11 0.433478
v 3.0025 2.11 0.447294
v 3.00579 2.11 0.461274
v 3.01053 2.11 0.475214
v 3.01346 2.11 0.482101
v 3.01676 2.11 0.488894
v 3.02042 2.11 0.495564
v 3.02445 2.11 0.502081
v 3.02883 2.11 0.508418
v 3.03355 2.11 0.514545
v 3.03859 2.11 0.520436
v 3.04393 2.11 0.526066
v 3.04956 2.11 0.531412
v 3.05546 2.11 0.536453
v 3.06158 2.11 0.541171
v 3.06792 2.11 0.545549
v 3.07444 2.11 0.549577
v 3.08111 2.11 0.553243
v 3.0879 2.11 0.556541
v 3.09479 2.11 0.559468
v 3.10873 2.11 0.56421
v 3.12271 2.11 0.567496
v 3.13652 2.11 0.569393
v 3.15 2.11 0.57
v 3.16348 2.11 0.569393
v 3.17729 2.11 0.567496
v 3.19127 2.11 0.56421
v 3.20521 2.11 0.559468
v 3.2121 2.11 0.556541
v 3.21889 2.11 0.553243
v 3.22556 2.11 0.549577
v 3.23208 2.11 0.545549
v 3.23842 2.11 0.541171
v 3.24454 2.11 0.536453
v 3.25044 2.11 0.531412
v 3.25607 2.11 0.526066
v 3.26141 2.11 0.520436
v 3.26645 2.11 0.514545
v 3.27117 2.11 0.508418
v 3.27555 2.11 0.502081
v 3.27958 2.11 0.495564
v 3.28324 2.11 0.488894
v 3.28654 2.11 0.482101
v 3.28947 2.11 0.475214
v 3.29421 2.11 0.461274
v 3.2975 2.11 0.447294
v 3.29939 2.11 0.433478
v 3.3 2.11 0.42
v 3.29939 2.11 0.406522
v 3.2975 2.11 0.392706
v 3.29421 2.11 0.378726
v 3.28947 2.11 0.364786
v 3.28654 2.11 0.357899
v 3.28324 2.11 0.351106
v 3.27958 2.11 0.344436
v 3.27555 2.11 0.337919
v 3.27117 2.11 0.331582
v 3.26645 2.11 0.325455
v 3.26141 2.11 0.319564
v 3.25607 2.11 0.313934
v 3.25044 2.11 0.308588
v 3.24454 2.11 0.303547
v 3.23842 2.11 0.298829
v 3.23208 2.11 0.294451
v 3.22556 2.11 0.290423
v 3.21889 2.11 0.286757
v 3.2121 2.11 0.283459
v 3.20521 2.11 0.280532
v 3.19127 2.11 0.27579
v 3.17729 2.11 0.272504
v 3.16348 2.11 0.270607
v 3.15 2.11 0.27
v 3.13652 2.11 0.270607
v 3.12271 2.11 0.272504
v 3.10873 2.11 0.27579
v 3.09479 2.11 0.280532
v 3.0879 2.11 0.283459
v 3.08111 2.11 0.286757
v 3.07444 2.11 0.290423
v 3.06792 2.11 0.294451
v 3.06158 2.11 0.298829
v 3.05546 2.11 0.303547
v 3.04956 2.11 0.308588
v 3.04393 2.11 0.313934
v 3.03859 2.11 0.319564
v 3.03355 2.11 0.325455
v 3.02883 2.11 0.331582
v 3.02445 2.11 0.337919
v 3.02042 2.11 0.344436
v 3.01676 2.11 0.351106
v 3.01346 2.11 0.357899
v 3.01053 2.11 0.364786
v 3.00579 2.11 0.378726
v 3.0025 2.11 0.392706
v 3.00061 2.11 0.406522
vn 0 1 -0
vn 0 1 -0
vn 4.68514e-16 1 -0
vn 4.68514e-16 1 -0
vn 8.88178e-16 1 -0
vn 0 1 -0
vn 0 1 -0
vn 0 1 -0
vn 0 1 -0
vn 0 1 -0
vn 0 1 -0
vn 0 1 -0
vn 0 1 -0
vn -8.88178e-16 1 0
vn 0 1 -0
vn 0 1 -0
vn 0 1 -0
vn 9.37028e-16 1 -0
vn 0 1 -0
vn 0 1 -0
vn 0 1 -0
vn 0 1 -0
vn 0 1 -0
vn 0 1 -0
vn 0 1 -0
vn 0 1 -0
vn 0 1 -0
vn 0 1 -0
vn 0 1 -0
vn 0 1 -0
vn 0 1 -0
vn 0 1 -0
vn 0 1 -0
vn 0 1 -0
vn 0 1 -0
vn -8.88178e-16 1 0
vn -8.88178e-16 1 0
vn 0 1 -0
vn 0 1 -0
vn 0 1 -0
vn 0 1 -0
vn 0 1 -0
vn 0 1 -0
vn 9.37028e-16 1 -0
vn 0 1 -0
vn 4.44089e-16 1 -0
vn -4.44089e-16 1 0
vn 2.44249e-17 1 -0
vn 0 1 -0
vn 2.44249e-17 1 -0
vn 4.68514e-16 1 -0
vn -4.44089e-16 1 0
vn 2.44249e-17 1 -0
vn -1.22125e-17 1 0
vn -4.56302e-16 1 0
vn 2.22045e-16 1 -0
vn 2.22045e-16 1 -0
vn 2.22045e-16 1 -0
vn 6.90559e-16 1 -0
vn 6.90559e-16 1 -0
vn 1.22125e-17 1 -0
vn 3.26961e-16 1 -0
vn 2.44249e-17 1 -0
vn -4.50195e-16 1 0
vn 2.22045e-16 1 -0
vn -2.34257e-16 1 0
vn 3.57492e-16 1 -0
vn 1.22125e-17 1 -0
vn -7.43017e-16 1 0
vn -4.03844e-16 1 0
vn -4.00791e-16 1 0
vn 2.4647e-16 1 -0
vn 6.46705e-17 1 -0
vn -7.39964e-16 1 0
vn -4.47142e-16 1 0
vn 3.88578e-16 1 -0
vn 9.57567e-17 1 -0
vn -1.29341e-16 1 0
vn 3.57492e-16 1 -0
vn -3.26961e-16 1 0
vn 1.17129e-16 1 -0
vn 3.39173e-16 1 -0
vn 2.44249e-17 1 -0
vn -4.44089e-16 1 0
vn 2.44249e-17 1 -0
vn 6.90559e-16 1 -0
vn 6.90559e-16 1 -0
vn 2.34257e-16 1 -0
vn 2.34257e-16 1 -0
vn 2.34257e-16 1 -0
vn -4.56302e-16 1 0
vn -2.22045e-16 1 0
vn 2.44249e-17 1 -0
vn 4.44089e-16 1 -0
vn 4.68514e-16 1 -0
vn 0 1 -0
g HubRR_f2
usemtl chrome
f 4474//4474 4379//4379 4380//4380
f 4474//4474 4380//4380 4381//4381
f 4474//4474 4381//4381 4382//4382
f 4474//4474 4382//4382 4383//4383
f 4474//4474 4383//4383 4384//4384
f 4474//4474 4384//4384 4385//4385
f 4474//4474 4385//4385 4386//4386
f 4474//4474 4386//4386 4387//4387
f 4474//4474 4387//4387 4388//4388
f 4474//4474 4388//4388 4389//4389
f 4474//4474 4389//4389 4390//4390
f 4474//4474 4390//4390 4391//4391
f 4474//4474 4391//4391 4392//4392
f 4474//4474 4392//4392 4393//4393
f 4474//4474 4393//4393 4394//4394
f 4474//4474 4394//4394 4395//4395
f 4474//4474 4395//4395 4396//4396
f 4474//4474 4396//4396 4397//4397
f 4474//4474 4397//4397 4398//4398
f 4474//4474 4398//4398 4399//4399
f 4474//4474 4399//4399 4400//4400
f 4474//4474 4400//4400 4401//4401
f 4474//4474 4401//4401 4402//4402
f 4474//4474 4402//4402 4403//4403
f 4474//4474 4403//4403 4404//4404
f 4474//4474 4404//4404 4405//4405
f 4474//4474 4405//4405 4406//4406
f 4474//4474 4406//4406 4407//4407
f 4474//4474 4407//4407 4408//4408
f 4474//4474 4408//4408 4409//4409
f 4474//4474 4409//4409 4410//4410
f 4474//4474 4410//4410 4411//4411
f 4474//4474 4411//4411 4412//4412
f 4474//4474 4412//4412 4413//4413
f 4474//4474 4413//4413 4414//4414
f 4474//4474 4414//4414 4415//4415
f 4474//4474 4415//4415 4416//4416
f 4474//4474 4416//4416 4417//4417
f 4474//4474 4417//4417 4418//4418
f 4474//4474 4418//4418 4419//4419
f 4474//4474 4419//4419 4420//4420
f 4474//4474 4420//4420 4421//4421
f 4474//4474 4421//4421 4422//4422
f 4474//4474 4422//4422 4423//4423
f 4474//4474 4423//4423 4424//4424
f 4474//4474 4424//4424 4425//4425
f 4474//4474 4425//4425 4426//4426
f 4474//4474 4426//4426 4427//4427
f 4474//4474 4427//4427 4428//4428
f 4474//4474 4428//4428 4429//4429
f 4474//4474 4429//4429 4430//4430
f 4474//4474 4430//4430 4431//4431
f 4474//4474 4431//4431 4432//4432
f 4474//4474 4432//4432 4433//4433
f 4474//4474 4433//4433 4434//4434
f 4474//4474 4434//4434 4435//4435
f 4474//4474 4435//4435 4436//4436
f 4474//4474 4436//4436 4437//4437
f 4474//4474 4437//4437 4438//4438
f 4474//4474 4438//4438 4439//4439
f 4474//4474 4439//4439 4440//4440
f 4474//4474 4440//4440 4441//4441
f 4474//4474 4441//4441 4442//4442
f 4474//4474 4442//4442 4443//4443
f 4474//4474 4443//4443 4444//4444
f 4474//4474 4444//4444 4445//4445
f 4474//4474 4445//4445 4446//4446
f 4474//4474 4446//4446 4447//4447
f 4474//4474 4447//4447 4448//4448
f 4474//4474 4448//4448 4449//4449
f 4474//4474 4449//4449 4450//4450
f 4474//4474 4450//4450 4451//4451
f 4474//4474 4451//4451 4452//4452
f 4474//4474 4452//4452 4453//4453
f 4474//4474 4453//4453 4454//4454
f 4474//4474 4454//4454 4455//4455
f 4474//4474 4455//4455 4456//4456
f 4474//4474 4456//4456 4457//4457
f 4474//4474 4457//4457 4458//4458
f 4474//4474 4458//4458 4459//4459
f 4474//4474 4459//4459 4460//4460
f 4474//4474 4460//4460 4461//4461
f 4474//4474 4461//4461 4462//4462
f 4474//4474 4462//4462 4463//4463
f 4474//4474 4463//4463 4464//4464
f 4474//4474 4464//4464 4465//4465
f 4474//4474 4465//4465 4466//4466
f 4474//4474 4466//4466 4467//4467
f 4474//4474 4467//4467 4468//4468
f 4474//4474 4468//4468 4469//4469
f 4474//4474 4469//4469 4470//4470
f 4474//4474 4470//4470 4471//4471
f 4474//4474 4471//4471 4472//4472
f 4472//4472 4473//4473 4474//4474
