# SolidArc mesh export — units: metres, Y up matches source; per-face materials via usemtl.
mtllib Race3_Rally.mtl
o Body
v 3.85 -2.67181e-16 0.4
v 2.17604e-14 4.29656e-14 0.4
v -7.93848e-17 1.94 0.4
v 3.85 1.94 0.4
vn 1.1154e-17 -5.62044e-18 -1
vn 0 -0 -1
vn 1.1154e-17 -5.62044e-18 -1
vn -2.47865e-18 1.24898e-18 -1
g Body_f0
usemtl pearl
f 4//4 1//1 2//2
f 2//2 3//3 4//4
v 0.3 7.75755e-18 1.02
v 3.85 -6.43929e-15 1.02
v 3.85 1.94 1.02
v 0.3 1.94 1.02
vn -1.24216e-17 -6.78812e-18 1
vn 0 0 1
vn -1.24216e-17 -6.78812e-18 1
vn -2.24075e-17 -1.22452e-17 1
g Body_f1
usemtl pearl
f 8//8 5//5 6//6
f 6//6 7//7 8//8
v 0.3 0 1.02
v -2.2502e-16 0 0.72
v 1.11022e-16 0 0.4
v 3.85 0 0.4
v 3.85 0 1.02
vn -0 -1 0
vn -0 -1 0
vn -0 -1 0
vn -0 -1 0
vn -0 -1 0
g Body_f2
usemtl pearl
f 13//13 9//9 10//10
f 13//13 10//10 11//11
f 11//11 12//12 13//13
v 3.85 1.94 1.02
v 3.85 1.94 0.4
v 4.58151e-16 1.94 0.4
v -7.08461e-15 1.94 0.72
v 0.3 1.94 1.02
vn 1.92494e-16 1 2.63503e-17
vn 1.64995e-16 1 2.25859e-17
vn 2.19993e-16 1 3.01146e-17
vn 2.46667e-16 1 3.3766e-17
vn 1.91394e-16 1 2.61997e-17
g Body_f3
usemtl pearl
f 18//18 14//14 15//15
f 18//18 15//15 16//16
f 16//16 17//17 18//18
v 0 1.94 0.72
v 0 1.94 0.4
v 0 1.56447e-18 0.4
v 0 6.93889e-18 0.72
vn -1 0 0
vn -1 0 0
vn -1 0 0
vn -1 0 0
g Body_f4
usemtl pearl
f 22//22 19//19 20//20
f 20//20 21//21 22//22
v 3.85 1.94 1.02
v 3.85 1.47105e-14 1.02
v 3.85 3.7748e-18 0.4
v 3.85 1.94 0.4
vn 1 0 -0
vn 1 0 -0
vn 1 0 -0
vn 1 4.23013e-17 1.3519e-17
g Body_f5
usemtl pearl
f 26//26 23//23 24//24
f 24//24 25//25 26//26
v 1.00014e-16 7.26771e-17 0.72
v 0.3 4.44089e-16 1.02
v 0.3 1.94 1.02
v 1.90473e-14 1.94 0.72
vn -0.707107 -2.77556e-17 0.707107
vn -0.707107 -9.71445e-17 0.707107
vn -0.707107 8.32667e-17 0.707107
vn -0.707107 4.16334e-17 0.707107
g Body_f6
usemtl pearl
f 30//30 27//27 28//28
f 28//28 29//29 30//30
o Glass
v 3.45 0.16 1.02
v 1 0.16 1.02
v 1 1.78 1.02
v 3.45 1.78 1.02
vn -4.6304e-19 3.06174e-19 -1
vn 0 -0 -1
vn 0 -0 -1
vn -5.55646e-18 3.67407e-18 -1
g Glass_f0
usemtl glass
f 34//34 31//31 32//32
f 32//32 33//33 34//34
v 1.44 0.16 1.52
v 3.45 0.16 1.52
v 3.45 1.78 1.52
v 1.44 1.78 1.52
vn -1.40035e-16 -1.12864e-16 1
vn -8.64415e-17 -6.96693e-17 1
vn -1.40035e-16 -1.12864e-16 1
vn -1.69426e-16 -1.36552e-16 1
g Glass_f1
usemtl glass
f 38//38 35//35 36//36
f 36//36 37//37 38//38
v 3.45 0.16 1.52
v 1.44 0.16 1.52
v 1 0.16 1.08
v 1 0.16 1.02
v 3.45 0.16 1.02
vn -2.71718e-17 -1 -5.66244e-18
vn -1.35859e-17 -1 -2.83122e-18
vn -3.15193e-17 -1 -6.56843e-18
vn -2.03789e-17 -1 -4.24683e-18
vn -3.36931e-17 -1 -7.02142e-18
g Glass_f2
usemtl glass
f 43//43 39//39 40//40
f 43//43 40//40 41//41
f 41//41 42//42 43//43
v 3.45 1.78 1.02
v 1 1.78 1.02
v 1 1.78 1.08
v 1.44 1.78 1.52
v 3.45 1.78 1.52
vn 1.64608e-16 1 -2.5251e-17
vn 2.19477e-16 1 -3.3668e-17
vn 1.09739e-16 1 -1.6834e-17
vn 1.15774e-16 1 -1.77599e-17
vn 2.10698e-16 1 -3.23213e-17
g Glass_f3
usemtl glass
f 48//48 44//44 45//45
f 48//48 45//45 46//46
f 46//46 47//47 48//48
v 1 1.78 1.08
v 1 1.78 1.02
v 1 0.16 1.02
v 1 0.16 1.08
vn -1 0 0
vn -1 0 0
vn -1 0 0
vn -1 0 0
g Glass_f4
usemtl glass
f 52//52 49//49 50//50
f 50//50 51//51 52//52
v 3.45 0.16 1.52
v 3.45 0.16 1.02
v 3.45 1.78 1.02
v 3.45 1.78 1.52
vn 1 -2.12169e-16 6.54842e-17
vn 1 0 0
vn 1 -1.82996e-16 5.64801e-17
vn 1 1.59127e-16 -4.91131e-17
g Glass_f5
usemtl glass
f 56//56 53//53 54//54
f 54//54 55//55 56//56
v 1 0.16 1.08
v 1.44 0.16 1.52
v 1.44 1.78 1.52
v 1 1.78 1.08
vn -0.707107 2.77556e-17 0.707107
vn -0.707107 1.66533e-16 0.707107
vn -0.707107 -2.77556e-17 0.707107
vn -0.707107 2.77556e-17 0.707107
g Glass_f6
usemtl glass
f 60//60 57//57 58//58
f 58//58 59//59 60//60
o Roof
v 1.5 0.26 1.52
v 2.175 0.26 1.52
v 2.85 0.26 1.52
v 1.5 0.97 1.52
v 2.175 0.97 1.52
v 2.85 0.97 1.52
v 1.5 1.68 1.52
v 2.175 1.68 1.52
v 2.85 1.68 1.52
vn -0 -0 -1
vn -0 -0 -1
vn -0 -0 -1
vn -0 -0 -1
vn -0 -0 -1
vn -0 -0 -1
vn -0 -0 -1
vn -0 -0 -1
vn -0 -0 -1
g Roof_f0
usemtl pearl
f 61//61 65//65 62//62
f 61//61 64//64 65//65
f 62//62 66//66 63//63
f 62//62 65//65 66//66
f 64//64 68//68 65//65
f 64//64 67//67 68//68
f 65//65 69//69 66//66
f 65//65 68//68 69//69
v 1.5 0.26 1.58
v 2.175 0.26 1.58
v 2.85 0.26 1.58
v 1.5 0.97 1.58
v 2.175 0.97 1.58
v 2.85 0.97 1.58
v 1.5 1.68 1.58
v 2.175 1.68 1.58
v 2.85 1.68 1.58
vn 0 0 1
vn 0 0 1
vn 0 0 1
vn 0 0 1
vn 0 0 1
vn 0 0 1
vn 0 0 1
vn 0 0 1
vn 0 0 1
g Roof_f1
usemtl pearl
f 70//70 71//71 74//74
f 70//70 74//74 73//73
f 71//71 72//72 75//75
f 71//71 75//75 74//74
f 73//73 74//74 77//77
f 73//73 77//77 76//76
f 74//74 75//75 78//78
f 74//74 78//78 77//77
v 1.5 0.26 1.52
v 2.175 0.26 1.52
v 2.85 0.26 1.52
v 1.5 0.26 1.55
v 2.175 0.26 1.55
v 2.85 0.26 1.55
v 1.5 0.26 1.58
v 2.175 0.26 1.58
v 2.85 0.26 1.58
vn 0 -1 0
vn 0 -1 0
vn 0 -1 0
vn 0 -1 0
vn 0 -1 0
vn 0 -1 0
vn 0 -1 0
vn 0 -1 0
vn 0 -1 0
g Roof_f2
usemtl pearl
f 79//79 80//80 83//83
f 79//79 83//83 82//82
f 80//80 81//81 84//84
f 80//80 84//84 83//83
f 82//82 83//83 86//86
f 82//82 86//86 85//85
f 83//83 84//84 87//87
f 83//83 87//87 86//86
v 1.5 1.68 1.52
v 2.175 1.68 1.52
v 2.85 1.68 1.52
v 1.5 1.68 1.55
v 2.175 1.68 1.55
v 2.85 1.68 1.55
v 1.5 1.68 1.58
v 2.175 1.68 1.58
v 2.85 1.68 1.58
vn -0 1 -0
vn -0 1 -0
vn -0 1 -0
vn -0 1 -0
vn -0 1 -0
vn -0 1 -0
vn -0 1 -0
vn -0 1 -0
vn -0 1 -0
g Roof_f3
usemtl pearl
f 88//88 92//92 89//89
f 88//88 91//91 92//92
f 89//89 93//93 90//90
f 89//89 92//92 93//93
f 91//91 95//95 92//92
f 91//91 94//94 95//95
f 92//92 96//96 93//93
f 92//92 95//95 96//96
v 1.5 0.26 1.52
v 1.5 0.97 1.52
v 1.5 1.68 1.52
v 1.5 0.26 1.55
v 1.5 0.97 1.55
v 1.5 1.68 1.55
v 1.5 0.26 1.58
v 1.5 0.97 1.58
v 1.5 1.68 1.58
vn -1 -0 -0
vn -1 -0 -0
vn -1 -0 -0
vn -1 -0 -0
vn -1 -0 -0
vn -1 -0 -0
vn -1 -0 -0
vn -1 -0 -0
vn -1 -0 -0
g Roof_f4
usemtl pearl
f 97//97 101//101 98//98
f 97//97 100//100 101//101
f 98//98 102//102 99//99
f 98//98 101//101 102//102
f 100//100 104//104 101//101
f 100//100 103//103 104//104
f 101//101 105//105 102//102
f 101//101 104//104 105//105
v 2.85 0.26 1.52
v 2.85 0.97 1.52
v 2.85 1.68 1.52
v 2.85 0.26 1.55
v 2.85 0.97 1.55
v 2.85 1.68 1.55
v 2.85 0.26 1.58
v 2.85 0.97 1.58
v 2.85 1.68 1.58
vn 1 0 0
vn 1 0 0
vn 1 0 0
vn 1 0 0
vn 1 0 0
vn 1 0 0
vn 1 0 0
vn 1 0 0
vn 1 0 0
g Roof_f5
usemtl pearl
f 106//106 107//107 110//110
f 106//106 110//110 109//109
f 107//107 108//108 111//111
f 107//107 111//111 110//110
f 109//109 110//110 113//113
f 109//109 113//113 112//112
f 110//110 111//111 114//114
f 110//110 114//114 113//113
o Spoiler
v 3.3 0.3 1.5
v 3.44 0.3 1.5
v 3.58 0.3 1.5
v 3.3 0.97 1.5
v 3.44 0.97 1.5
v 3.58 0.97 1.5
v 3.3 1.64 1.5
v 3.44 1.64 1.5
v 3.58 1.64 1.5
vn -0 -0 -1
vn -0 -0 -1
vn -0 -0 -1
vn -0 -0 -1
vn -0 -0 -1
vn -0 -0 -1
vn -0 -0 -1
vn -0 -0 -1
vn -0 -0 -1
g Spoiler_f0
usemtl carbon
f 115//115 119//119 116//116
f 115//115 118//118 119//119
f 116//116 120//120 117//117
f 116//116 119//119 120//120
f 118//118 122//122 119//119
f 118//118 121//121 122//122
f 119//119 123//123 120//120
f 119//119 122//122 123//123
v 3.3 0.3 1.66
v 3.44 0.3 1.66
v 3.58 0.3 1.66
v 3.3 0.97 1.66
v 3.44 0.97 1.66
v 3.58 0.97 1.66
v 3.3 1.64 1.66
v 3.44 1.64 1.66
v 3.58 1.64 1.66
vn 0 0 1
vn 0 0 1
vn 0 0 1
vn 0 0 1
vn 0 0 1
vn 0 0 1
vn 0 0 1
vn 0 0 1
vn 0 0 1
g Spoiler_f1
usemtl carbon
f 124//124 125//125 128//128
f 124//124 128//128 127//127
f 125//125 126//126 129//129
f 125//125 129//129 128//128
f 127//127 128//128 131//131
f 127//127 131//131 130//130
f 128//128 129//129 132//132
f 128//128 132//132 131//131
v 3.3 0.3 1.5
v 3.44 0.3 1.5
v 3.58 0.3 1.5
v 3.3 0.3 1.58
v 3.44 0.3 1.58
v 3.58 0.3 1.58
v 3.3 0.3 1.66
v 3.44 0.3 1.66
v 3.58 0.3 1.66
vn 0 -1 0
vn 0 -1 0
vn 0 -1 0
vn 0 -1 0
vn 0 -1 0
vn 0 -1 0
vn 0 -1 0
vn 0 -1 0
vn 0 -1 0
g Spoiler_f2
usemtl carbon
f 133//133 134//134 137//137
f 133//133 137//137 136//136
f 134//134 135//135 138//138
f 134//134 138//138 137//137
f 136//136 137//137 140//140
f 136//136 140//140 139//139
f 137//137 138//138 141//141
f 137//137 141//141 140//140
v 3.3 1.64 1.5
v 3.44 1.64 1.5
v 3.58 1.64 1.5
v 3.3 1.64 1.58
v 3.44 1.64 1.58
v 3.58 1.64 1.58
v 3.3 1.64 1.66
v 3.44 1.64 1.66
v 3.58 1.64 1.66
vn -0 1 -0
vn -0 1 -0
vn -0 1 -0
vn -0 1 -0
vn -0 1 -0
vn -0 1 -0
vn -0 1 -0
vn -0 1 -0
vn -0 1 -0
g Spoiler_f3
usemtl carbon
f 142//142 146//146 143//143
f 142//142 145//145 146//146
f 143//143 147//147 144//144
f 143//143 146//146 147//147
f 145//145 149//149 146//146
f 145//145 148//148 149//149
f 146//146 150//150 147//147
f 146//146 149//149 150//150
v 3.3 0.3 1.5
v 3.3 0.97 1.5
v 3.3 1.64 1.5
v 3.3 0.3 1.58
v 3.3 0.97 1.58
v 3.3 1.64 1.58
v 3.3 0.3 1.66
v 3.3 0.97 1.66
v 3.3 1.64 1.66
vn -1 -0 -0
vn -1 -0 -0
vn -1 -0 -0
vn -1 -0 -0
vn -1 -0 -0
vn -1 -0 -0
vn -1 -0 -0
vn -1 -0 -0
vn -1 -0 -0
g Spoiler_f4
usemtl carbon
f 151//151 155//155 152//152
f 151//151 154//154 155//155
f 152//152 156//156 153//153
f 152//152 155//155 156//156
f 154//154 158//158 155//155
f 154//154 157//157 158//158
f 155//155 159//159 156//156
f 155//155 158//158 159//159
v 3.58 0.3 1.5
v 3.58 0.97 1.5
v 3.58 1.64 1.5
v 3.58 0.3 1.58
v 3.58 0.97 1.58
v 3.58 1.64 1.58
v 3.58 0.3 1.66
v 3.58 0.97 1.66
v 3.58 1.64 1.66
vn 1 0 0
vn 1 0 0
vn 1 0 0
vn 1 0 0
vn 1 0 0
vn 1 0 0
vn 1 0 0
vn 1 0 0
vn 1 0 0
g Spoiler_f5
usemtl carbon
f 160//160 161//161 164//164
f 160//160 164//164 163//163
f 161//161 162//162 165//165
f 161//161 165//165 164//164
f 163//163 164//164 167//167
f 163//163 167//167 166//166
f 164//164 165//165 168//168
f 164//164 168//168 167//167
o LightBar
v 0.6 0.3 1.06
v 0.69 0.3 1.06
v 0.78 0.3 1.06
v 0.6 0.97 1.06
v 0.69 0.97 1.06
v 0.78 0.97 1.06
v 0.6 1.64 1.06
v 0.69 1.64 1.06
v 0.78 1.64 1.06
vn -0 -0 -1
vn -0 -0 -1
vn -0 -0 -1
vn -0 -0 -1
vn -0 -0 -1
vn -0 -0 -1
vn -0 -0 -1
vn -0 -0 -1
vn -0 -0 -1
g LightBar_f0
usemtl carbon
f 169//169 173//173 170//170
f 169//169 172//172 173//173
f 170//170 174//174 171//171
f 170//170 173//173 174//174
f 172//172 176//176 173//173
f 172//172 175//175 176//176
f 173//173 177//177 174//174
f 173//173 176//176 177//177
v 0.6 0.3 1.2
v 0.69 0.3 1.2
v 0.78 0.3 1.2
v 0.6 0.97 1.2
v 0.69 0.97 1.2
v 0.78 0.97 1.2
v 0.6 1.64 1.2
v 0.69 1.64 1.2
v 0.78 1.64 1.2
vn 0 0 1
vn 0 0 1
vn 0 0 1
vn 0 0 1
vn 0 0 1
vn 0 0 1
vn 0 0 1
vn 0 0 1
vn 0 0 1
g LightBar_f1
usemtl carbon
f 178//178 179//179 182//182
f 178//178 182//182 181//181
f 179//179 180//180 183//183
f 179//179 183//183 182//182
f 181//181 182//182 185//185
f 181//181 185//185 184//184
f 182//182 183//183 186//186
f 182//182 186//186 185//185
v 0.6 0.3 1.06
v 0.69 0.3 1.06
v 0.78 0.3 1.06
v 0.6 0.3 1.13
v 0.69 0.3 1.13
v 0.78 0.3 1.13
v 0.6 0.3 1.2
v 0.69 0.3 1.2
v 0.78 0.3 1.2
vn 0 -1 0
vn 0 -1 0
vn 0 -1 0
vn 0 -1 0
vn 0 -1 0
vn 0 -1 0
vn 0 -1 0
vn 0 -1 0
vn 0 -1 0
g LightBar_f2
usemtl carbon
f 187//187 188//188 191//191
f 187//187 191//191 190//190
f 188//188 189//189 192//192
f 188//188 192//192 191//191
f 190//190 191//191 194//194
f 190//190 194//194 193//193
f 191//191 192//192 195//195
f 191//191 195//195 194//194
v 0.6 1.64 1.06
v 0.69 1.64 1.06
v 0.78 1.64 1.06
v 0.6 1.64 1.13
v 0.69 1.64 1.13
v 0.78 1.64 1.13
v 0.6 1.64 1.2
v 0.69 1.64 1.2
v 0.78 1.64 1.2
vn -0 1 -0
vn -0 1 -0
vn -0 1 -0
vn -0 1 -0
vn -0 1 -0
vn -0 1 -0
vn -0 1 -0
vn -0 1 -0
vn -0 1 -0
g LightBar_f3
usemtl carbon
f 196//196 200//200 197//197
f 196//196 199//199 200//200
f 197//197 201//201 198//198
f 197//197 200//200 201//201
f 199//199 203//203 200//200
f 199//199 202//202 203//203
f 200//200 204//204 201//201
f 200//200 203//203 204//204
v 0.6 0.3 1.06
v 0.6 0.97 1.06
v 0.6 1.64 1.06
v 0.6 0.3 1.13
v 0.6 0.97 1.13
v 0.6 1.64 1.13
v 0.6 0.3 1.2
v 0.6 0.97 1.2
v 0.6 1.64 1.2
vn -1 -0 -0
vn -1 -0 -0
vn -1 -0 -0
vn -1 0 -0
vn -1 0 -0
vn -1 0 -0
vn -1 -0 -0
vn -1 -0 -0
vn -1 -0 -0
g LightBar_f4
usemtl carbon
f 205//205 209//209 206//206
f 205//205 208//208 209//209
f 206//206 210//210 207//207
f 206//206 209//209 210//210
f 208//208 212//212 209//209
f 208//208 211//211 212//212
f 209//209 213//213 210//210
f 209//209 212//212 213//213
v 0.78 0.3 1.06
v 0.78 0.97 1.06
v 0.78 1.64 1.06
v 0.78 0.3 1.13
v 0.78 0.97 1.13
v 0.78 1.64 1.13
v 0.78 0.3 1.2
v 0.78 0.97 1.2
v 0.78 1.64 1.2
vn 1 0 0
vn 1 0 0
vn 1 0 0
vn 1 -0 0
vn 1 -0 0
vn 1 -0 0
vn 1 0 0
vn 1 0 0
vn 1 0 0
g LightBar_f5
usemtl carbon
f 214//214 215//215 218//218
f 214//214 218//218 217//217
f 215//215 216//216 219//219
f 215//215 219//219 218//218
f 217//217 218//218 221//221
f 217//217 221//221 220//220
f 218//218 219//219 222//222
f 218//218 222//222 221//221
o WheelFL
v 0.48 -0.05 0.44
v 0.480437 -0.05 0.459615
v 0.48178 -0.05 0.479536
v 0.48407 -0.05 0.499706
v 0.487346 -0.05 0.520064
v 0.491641 -0.05 0.540542
v 0.496984 -0.05 0.56107
v 0.503397 -0.05 0.581569
v 0.510893 -0.05 0.601962
v 0.51948 -0.05 0.622163
v 0.529155 -0.05 0.64209
v 0.539909 -0.05 0.661655
v 0.551722 -0.05 0.680772
v 0.564566 -0.05 0.699359
v 0.578405 -0.05 0.717331
v 0.593191 -0.05 0.734612
v 0.608873 -0.05 0.751127
v 0.625388 -0.05 0.766809
v 0.642669 -0.05 0.781595
v 0.660641 -0.05 0.795434
v 0.679228 -0.05 0.808278
v 0.698345 -0.05 0.820091
v 0.71791 -0.05 0.830845
v 0.737837 -0.05 0.84052
v 0.758038 -0.05 0.849107
v 0.778431 -0.05 0.856603
v 0.79893 -0.05 0.863016
v 0.819458 -0.05 0.868359
v 0.839936 -0.05 0.872654
v 0.860294 -0.05 0.87593
v 0.880464 -0.05 0.87822
v 0.900385 -0.05 0.879563
v 0.92 -0.05 0.88
v 0.939615 -0.05 0.879563
v 0.959536 -0.05 0.87822
v 0.979706 -0.05 0.87593
v 1.00006 -0.05 0.872654
v 1.02054 -0.05 0.868359
v 1.04107 -0.05 0.863016
v 1.06157 -0.05 0.856603
v 1.08196 -0.05 0.849107
v 1.10216 -0.05 0.84052
v 1.12209 -0.05 0.830845
v 1.14165 -0.05 0.820091
v 1.16077 -0.05 0.808278
v 1.17936 -0.05 0.795434
v 1.19733 -0.05 0.781595
v 1.21461 -0.05 0.766809
v 1.23113 -0.05 0.751127
v 1.24681 -0.05 0.734612
v 1.2616 -0.05 0.717331
v 1.27543 -0.05 0.699359
v 1.28828 -0.05 0.680772
v 1.30009 -0.05 0.661655
v 1.31084 -0.05 0.64209
v 1.32052 -0.05 0.622163
v 1.32911 -0.05 0.601962
v 1.3366 -0.05 0.581569
v 1.34302 -0.05 0.56107
v 1.34836 -0.05 0.540542
v 1.35265 -0.05 0.520064
v 1.35593 -0.05 0.499706
v 1.35822 -0.05 0.479536
v 1.35956 -0.05 0.459615
v 1.36 -0.05 0.44
v 1.35956 -0.05 0.420385
v 1.35822 -0.05 0.400464
v 1.35593 -0.05 0.380294
v 1.35265 -0.05 0.359936
v 1.34836 -0.05 0.339458
v 1.34302 -0.05 0.31893
v 1.3366 -0.05 0.298431
v 1.32911 -0.05 0.278038
v 1.32052 -0.05 0.257837
v 1.31084 -0.05 0.23791
v 1.30009 -0.05 0.218345
v 1.28828 -0.05 0.199228
v 1.27543 -0.05 0.180641
v 1.2616 -0.05 0.162669
v 1.24681 -0.05 0.145388
v 1.23113 -0.05 0.128873
v 1.21461 -0.05 0.113191
v 1.19733 -0.05 0.0984046
v 1.17936 -0.05 0.0845662
v 1.16077 -0.05 0.071722
v 1.14165 -0.05 0.0599089
v 1.12209 -0.05 0.049155
v 1.10216 -0.05 0.0394797
v 1.08196 -0.05 0.0308931
v 1.06157 -0.05 0.023397
v 1.04107 -0.05 0.0169845
v 1.02054 -0.05 0.0116412
v 1.00006 -0.05 0.00734564
v 0.979706 -0.05 0.00406973
v 0.959536 -0.05 0.00177984
v 0.939615 -0.05 0.000437445
v 0.92 -0.05 0
v 0.900385 -0.05 0.000437445
v 0.880464 -0.05 0.00177984
v 0.860294 -0.05 0.00406973
v 0.839936 -0.05 0.00734564
v 0.819458 -0.05 0.0116412
v 0.79893 -0.05 0.0169845
v 0.778431 -0.05 0.023397
v 0.758038 -0.05 0.0308931
v 0.737837 -0.05 0.0394797
v 0.71791 -0.05 0.049155
v 0.698345 -0.05 0.0599089
v 0.679228 -0.05 0.071722
v 0.660641 -0.05 0.0845662
v 0.642669 -0.05 0.0984046
v 0.625388 -0.05 0.113191
v 0.608873 -0.05 0.128873
v 0.593191 -0.05 0.145388
v 0.578405 -0.05 0.162669
v 0.564566 -0.05 0.180641
v 0.551722 -0.05 0.199228
v 0.539909 -0.05 0.218345
v 0.529155 -0.05 0.23791
v 0.51948 -0.05 0.257837
v 0.510893 -0.05 0.278038
v 0.503397 -0.05 0.298431
v 0.496984 -0.05 0.31893
v 0.491641 -0.05 0.339458
v 0.487346 -0.05 0.359936
v 0.48407 -0.05 0.380294
v 0.48178 -0.05 0.400464
v 0.480437 -0.05 0.420385
v 0.48 -0.05 0.44
v 0.48 0.1 0.44
v 0.480437 0.1 0.459615
v 0.48178 0.1 0.479536
v 0.48407 0.1 0.499706
v 0.487346 0.1 0.520064
v 0.491641 0.1 0.540542
v 0.496984 0.1 0.56107
v 0.503397 0.1 0.581569
v 0.510893 0.1 0.601962
v 0.51948 0.1 0.622163
v 0.529155 0.1 0.64209
v 0.539909 0.1 0.661655
v 0.551722 0.1 0.680772
v 0.564566 0.1 0.699359
v 0.578405 0.1 0.717331
v 0.593191 0.1 0.734612
v 0.608873 0.1 0.751127
v 0.625388 0.1 0.766809
v 0.642669 0.1 0.781595
v 0.660641 0.1 0.795434
v 0.679228 0.1 0.808278
v 0.698345 0.1 0.820091
v 0.71791 0.1 0.830845
v 0.737837 0.1 0.84052
v 0.758038 0.1 0.849107
v 0.778431 0.1 0.856603
v 0.79893 0.1 0.863016
v 0.819458 0.1 0.868359
v 0.839936 0.1 0.872654
v 0.860294 0.1 0.87593
v 0.880464 0.1 0.87822
v 0.900385 0.1 0.879563
v 0.92 0.1 0.88
v 0.939615 0.1 0.879563
v 0.959536 0.1 0.87822
v 0.979706 0.1 0.87593
v 1.00006 0.1 0.872654
v 1.02054 0.1 0.868359
v 1.04107 0.1 0.863016
v 1.06157 0.1 0.856603
v 1.08196 0.1 0.849107
v 1.10216 0.1 0.84052
v 1.12209 0.1 0.830845
v 1.14165 0.1 0.820091
v 1.16077 0.1 0.808278
v 1.17936 0.1 0.795434
v 1.19733 0.1 0.781595
v 1.21461 0.1 0.766809
v 1.23113 0.1 0.751127
v 1.24681 0.1 0.734612
v 1.2616 0.1 0.717331
v 1.27543 0.1 0.699359
v 1.28828 0.1 0.680772
v 1.30009 0.1 0.661655
v 1.31084 0.1 0.64209
v 1.32052 0.1 0.622163
v 1.32911 0.1 0.601962
v 1.3366 0.1 0.581569
v 1.34302 0.1 0.56107
v 1.34836 0.1 0.540542
v 1.35265 0.1 0.520064
v 1.35593 0.1 0.499706
v 1.35822 0.1 0.479536
v 1.35956 0.1 0.459615
v 1.36 0.1 0.44
v 1.35956 0.1 0.420385
v 1.35822 0.1 0.400464
v 1.35593 0.1 0.380294
v 1.35265 0.1 0.359936
v 1.34836 0.1 0.339458
v 1.34302 0.1 0.31893
v 1.3366 0.1 0.298431
v 1.32911 0.1 0.278038
v 1.32052 0.1 0.257837
v 1.31084 0.1 0.23791
v 1.30009 0.1 0.218345
v 1.28828 0.1 0.199228
v 1.27543 0.1 0.180641
v 1.2616 0.1 0.162669
v 1.24681 0.1 0.145388
v 1.23113 0.1 0.128873
v 1.21461 0.1 0.113191
v 1.19733 0.1 0.0984046
v 1.17936 0.1 0.0845662
v 1.16077 0.1 0.071722
v 1.14165 0.1 0.0599089
v 1.12209 0.1 0.049155
v 1.10216 0.1 0.0394797
v 1.08196 0.1 0.0308931
v 1.06157 0.1 0.023397
v 1.04107 0.1 0.0169845
v 1.02054 0.1 0.0116412
v 1.00006 0.1 0.00734564
v 0.979706 0.1 0.00406973
v 0.959536 0.1 0.00177984
v 0.939615 0.1 0.000437445
v 0.92 0.1 0
v 0.900385 0.1 0.000437445
v 0.880464 0.1 0.00177984
v 0.860294 0.1 0.00406973
v 0.839936 0.1 0.00734564
v 0.819458 0.1 0.0116412
v 0.79893 0.1 0.0169845
v 0.778431 0.1 0.023397
v 0.758038 0.1 0.0308931
v 0.737837 0.1 0.0394797
v 0.71791 0.1 0.049155
v 0.698345 0.1 0.0599089
v 0.679228 0.1 0.071722
v 0.660641 0.1 0.0845662
v 0.642669 0.1 0.0984046
v 0.625388 0.1 0.113191
v 0.608873 0.1 0.128873
v 0.593191 0.1 0.145388
v 0.578405 0.1 0.162669
v 0.564566 0.1 0.180641
v 0.551722 0.1 0.199228
v 0.539909 0.1 0.218345
v 0.529155 0.1 0.23791
v 0.51948 0.1 0.257837
v 0.510893 0.1 0.278038
v 0.503397 0.1 0.298431
v 0.496984 0.1 0.31893
v 0.491641 0.1 0.339458
v 0.487346 0.1 0.359936
v 0.48407 0.1 0.380294
v 0.48178 0.1 0.400464
v 0.480437 0.1 0.420385
v 0.48 0.1 0.44
v 0.48 0.25 0.44
v 0.480437 0.25 0.459615
v 0.48178 0.25 0.479536
v 0.48407 0.25 0.499706
v 0.487346 0.25 0.520064
v 0.491641 0.25 0.540542
v 0.496984 0.25 0.56107
v 0.503397 0.25 0.581569
v 0.510893 0.25 0.601962
v 0.51948 0.25 0.622163
v 0.529155 0.25 0.64209
v 0.539909 0.25 0.661655
v 0.551722 0.25 0.680772
v 0.564566 0.25 0.699359
v 0.578405 0.25 0.717331
v 0.593191 0.25 0.734612
v 0.608873 0.25 0.751127
v 0.625388 0.25 0.766809
v 0.642669 0.25 0.781595
v 0.660641 0.25 0.795434
v 0.679228 0.25 0.808278
v 0.698345 0.25 0.820091
v 0.71791 0.25 0.830845
v 0.737837 0.25 0.84052
v 0.758038 0.25 0.849107
v 0.778431 0.25 0.856603
v 0.79893 0.25 0.863016
v 0.819458 0.25 0.868359
v 0.839936 0.25 0.872654
v 0.860294 0.25 0.87593
v 0.880464 0.25 0.87822
v 0.900385 0.25 0.879563
v 0.92 0.25 0.88
v 0.939615 0.25 0.879563
v 0.959536 0.25 0.87822
v 0.979706 0.25 0.87593
v 1.00006 0.25 0.872654
v 1.02054 0.25 0.868359
v 1.04107 0.25 0.863016
v 1.06157 0.25 0.856603
v 1.08196 0.25 0.849107
v 1.10216 0.25 0.84052
v 1.12209 0.25 0.830845
v 1.14165 0.25 0.820091
v 1.16077 0.25 0.808278
v 1.17936 0.25 0.795434
v 1.19733 0.25 0.781595
v 1.21461 0.25 0.766809
v 1.23113 0.25 0.751127
v 1.24681 0.25 0.734612
v 1.2616 0.25 0.717331
v 1.27543 0.25 0.699359
v 1.28828 0.25 0.680772
v 1.30009 0.25 0.661655
v 1.31084 0.25 0.64209
v 1.32052 0.25 0.622163
v 1.32911 0.25 0.601962
v 1.3366 0.25 0.581569
v 1.34302 0.25 0.56107
v 1.34836 0.25 0.540542
v 1.35265 0.25 0.520064
v 1.35593 0.25 0.499706
v 1.35822 0.25 0.479536
v 1.35956 0.25 0.459615
v 1.36 0.25 0.44
v 1.35956 0.25 0.420385
v 1.35822 0.25 0.400464
v 1.35593 0.25 0.380294
v 1.35265 0.25 0.359936
v 1.34836 0.25 0.339458
v 1.34302 0.25 0.31893
v 1.3366 0.25 0.298431
v 1.32911 0.25 0.278038
v 1.32052 0.25 0.257837
v 1.31084 0.25 0.23791
v 1.30009 0.25 0.218345
v 1.28828 0.25 0.199228
v 1.27543 0.25 0.180641
v 1.2616 0.25 0.162669
v 1.24681 0.25 0.145388
v 1.23113 0.25 0.128873
v 1.21461 0.25 0.113191
v 1.19733 0.25 0.0984046
v 1.17936 0.25 0.0845662
v 1.16077 0.25 0.071722
v 1.14165 0.25 0.0599089
v 1.12209 0.25 0.049155
v 1.10216 0.25 0.0394797
v 1.08196 0.25 0.0308931
v 1.06157 0.25 0.023397
v 1.04107 0.25 0.0169845
v 1.02054 0.25 0.0116412
v 1.00006 0.25 0.00734564
v 0.979706 0.25 0.00406973
v 0.959536 0.25 0.00177984
v 0.939615 0.25 0.000437445
v 0.92 0.25 0
v 0.900385 0.25 0.000437445
v 0.880464 0.25 0.00177984
v 0.860294 0.25 0.00406973
v 0.839936 0.25 0.00734564
v 0.819458 0.25 0.0116412
v 0.79893 0.25 0.0169845
v 0.778431 0.25 0.023397
v 0.758038 0.25 0.0308931
v 0.737837 0.25 0.0394797
v 0.71791 0.25 0.049155
v 0.698345 0.25 0.0599089
v 0.679228 0.25 0.071722
v 0.660641 0.25 0.0845662
v 0.642669 0.25 0.0984046
v 0.625388 0.25 0.113191
v 0.608873 0.25 0.128873
v 0.593191 0.25 0.145388
v 0.578405 0.25 0.162669
v 0.564566 0.25 0.180641
v 0.551722 0.25 0.199228
v 0.539909 0.25 0.218345
v 0.529155 0.25 0.23791
v 0.51948 0.25 0.257837
v 0.510893 0.25 0.278038
v 0.503397 0.25 0.298431
v 0.496984 0.25 0.31893
v 0.491641 0.25 0.339458
v 0.487346 0.25 0.359936
v 0.48407 0.25 0.380294
v 0.48178 0.25 0.400464
v 0.480437 0.25 0.420385
v 0.48 0.25 0.44
vn -1 0 -8.92098e-17
vn -0.999006 0 0.0445802
vn -0.995955 0 0.0898544
vn -0.990751 0 0.135695
vn -0.983305 0 0.181963
vn -0.973543 0 0.228505
vn -0.961399 0 0.275158
vn -0.946825 0 0.321749
vn -0.929788 0 0.368095
vn -0.910273 0 0.414008
vn -0.888284 0 0.459295
vn -0.863844 0 0.50376
vn -0.836996 0 0.54721
vn -0.807804 0 0.589451
vn -0.776353 0 0.630298
vn -0.742747 0 0.669572
vn -0.707107 0 0.707107
vn -0.669572 0 0.742747
vn -0.630298 0 0.776353
vn -0.589451 0 0.807804
vn -0.54721 0 0.836996
vn -0.50376 0 0.863844
vn -0.459295 0 0.888284
vn -0.414008 0 0.910273
vn -0.368095 0 0.929788
vn -0.321749 0 0.946825
vn -0.275158 0 0.961399
vn -0.228505 0 0.973543
vn -0.181963 0 0.983305
vn -0.135695 0 0.990751
vn -0.0898544 0 0.995955
vn -0.0445802 0 0.999006
vn -1.7842e-16 0 1
vn 0.0445802 -0 0.999006
vn 0.0898544 -0 0.995955
vn 0.135695 -0 0.990751
vn 0.181963 -0 0.983305
vn 0.228505 -0 0.973543
vn 0.275158 -0 0.961399
vn 0.321749 -0 0.946825
vn 0.368095 -0 0.929788
vn 0.414008 -0 0.910273
vn 0.459295 -0 0.888284
vn 0.50376 -0 0.863844
vn 0.54721 -0 0.836996
vn 0.589451 -0 0.807804
vn 0.630298 -0 0.776353
vn 0.669572 -0 0.742747
vn 0.707107 -0 0.707107
vn 0.742747 -0 0.669572
vn 0.776353 -0 0.630298
vn 0.807804 -0 0.589451
vn 0.836996 -0 0.54721
vn 0.863844 -0 0.50376
vn 0.888284 -0 0.459295
vn 0.910273 -0 0.414008
vn 0.929788 -0 0.368095
vn 0.946825 -0 0.321749
vn 0.961399 -0 0.275158
vn 0.973543 -0 0.228505
vn 0.983305 -0 0.181963
vn 0.990751 -0 0.135695
vn 0.995955 -0 0.0898544
vn 0.999006 -0 0.0445802
vn 1 -0 0
vn 0.999006 0 -0.0445802
vn 0.995955 0 -0.0898544
vn 0.990751 0 -0.135695
vn 0.983305 0 -0.181963
vn 0.973543 0 -0.228505
vn 0.961399 0 -0.275158
vn 0.946825 0 -0.321749
vn 0.929788 0 -0.368095
vn 0.910273 0 -0.414008
vn 0.888284 0 -0.459295
vn 0.863844 0 -0.50376
vn 0.836996 0 -0.54721
vn 0.807804 0 -0.589451
vn 0.776353 0 -0.630298
vn 0.742747 0 -0.669572
vn 0.707107 0 -0.707107
vn 0.669572 0 -0.742747
vn 0.630298 0 -0.776353
vn 0.589451 0 -0.807804
vn 0.54721 0 -0.836996
vn 0.50376 0 -0.863844
vn 0.459295 0 -0.888284
vn 0.414008 0 -0.910273
vn 0.368095 0 -0.929788
vn 0.321749 0 -0.946825
vn 0.275158 0 -0.961399
vn 0.228505 0 -0.973543
vn 0.181963 0 -0.983305
vn 0.135695 0 -0.990751
vn 0.0898544 0 -0.995955
vn 0.0445802 0 -0.999006
vn 2.52323e-16 0 -1
vn -0.0445802 0 -0.999006
vn -0.0898544 0 -0.995955
vn -0.135695 0 -0.990751
vn -0.181963 0 -0.983305
vn -0.228505 0 -0.973543
vn -0.275158 0 -0.961399
vn -0.321749 0 -0.946825
vn -0.368095 0 -0.929788
vn -0.414008 0 -0.910273
vn -0.459295 0 -0.888284
vn -0.50376 0 -0.863844
vn -0.54721 0 -0.836996
vn -0.589451 0 -0.807804
vn -0.630298 0 -0.776353
vn -0.669572 0 -0.742747
vn -0.707107 0 -0.707107
vn -0.742747 0 -0.669572
vn -0.776353 0 -0.630298
vn -0.807804 0 -0.589451
vn -0.836996 0 -0.54721
vn -0.863844 0 -0.50376
vn -0.888284 0 -0.459295
vn -0.910273 0 -0.414008
vn -0.929788 0 -0.368095
vn -0.946825 0 -0.321749
vn -0.961399 0 -0.275158
vn -0.973543 0 -0.228505
vn -0.983305 0 -0.181963
vn -0.990751 0 -0.135695
vn -0.995955 0 -0.0898544
vn -0.999006 0 -0.0445802
vn -1 0 -2.67629e-16
vn -1 0 0
vn -0.999006 0 0.0445802
vn -0.995955 0 0.0898544
vn -0.990751 0 0.135695
vn -0.983305 0 0.181963
vn -0.973543 0 0.228505
vn -0.961399 0 0.275158
vn -0.946825 0 0.321749
vn -0.929788 0 0.368095
vn -0.910273 0 0.414008
vn -0.888284 0 0.459295
vn -0.863844 0 0.50376
vn -0.836996 0 0.54721
vn -0.807804 0 0.589451
vn -0.776353 0 0.630298
vn -0.742747 0 0.669572
vn -0.707107 0 0.707107
vn -0.669572 0 0.742747
vn -0.630298 0 0.776353
vn -0.589451 0 0.807804
vn -0.54721 0 0.836996
vn -0.50376 0 0.863844
vn -0.459295 0 0.888284
vn -0.414008 0 0.910273
vn -0.368095 0 0.929788
vn -0.321749 0 0.946825
vn -0.275158 0 0.961399
vn -0.228505 0 0.973543
vn -0.181963 0 0.983305
vn -0.135695 0 0.990751
vn -0.0898544 0 0.995955
vn -0.0445802 0 0.999006
vn -5.35259e-16 0 1
vn 0.0445802 -0 0.999006
vn 0.0898544 -0 0.995955
vn 0.135695 -0 0.990751
vn 0.181963 -0 0.983305
vn 0.228505 -0 0.973543
vn 0.275158 -0 0.961399
vn 0.321749 -0 0.946825
vn 0.368095 -0 0.929788
vn 0.414008 -0 0.910273
vn 0.459295 -0 0.888284
vn 0.50376 -0 0.863844
vn 0.54721 -0 0.836996
vn 0.589451 -0 0.807804
vn 0.630298 -0 0.776353
vn 0.669572 -0 0.742747
vn 0.707107 -0 0.707107
vn 0.742747 -0 0.669572
vn 0.776353 -0 0.630298
vn 0.807804 -0 0.589451
vn 0.836996 -0 0.54721
vn 0.863844 -0 0.50376
vn 0.888284 -0 0.459295
vn 0.910273 -0 0.414008
vn 0.929788 -0 0.368095
vn 0.946825 -0 0.321749
vn 0.961399 -0 0.275158
vn 0.973543 -0 0.228505
vn 0.983305 -0 0.181963
vn 0.990751 -0 0.135695
vn 0.995955 -0 0.0898544
vn 0.999006 -0 0.0445802
vn 1 -0 3.56839e-16
vn 0.999006 0 -0.0445802
vn 0.995955 0 -0.0898544
vn 0.990751 0 -0.135695
vn 0.983305 0 -0.181963
vn 0.973543 0 -0.228505
vn 0.961399 0 -0.275158
vn 0.946825 0 -0.321749
vn 0.929788 0 -0.368095
vn 0.910273 0 -0.414008
vn 0.888284 0 -0.459295
vn 0.863844 0 -0.50376
vn 0.836996 0 -0.54721
vn 0.807804 0 -0.589451
vn 0.776353 0 -0.630298
vn 0.742747 0 -0.669572
vn 0.707107 0 -0.707107
vn 0.669572 0 -0.742747
vn 0.630298 0 -0.776353
vn 0.589451 0 -0.807804
vn 0.54721 0 -0.836996
vn 0.50376 0 -0.863844
vn 0.459295 0 -0.888284
vn 0.414008 0 -0.910273
vn 0.368095 0 -0.929788
vn 0.321749 0 -0.946825
vn 0.275158 0 -0.961399
vn 0.228505 0 -0.973543
vn 0.181963 0 -0.983305
vn 0.135695 0 -0.990751
vn 0.0898544 0 -0.995955
vn 0.0445802 0 -0.999006
vn 2.52323e-16 0 -1
vn -0.0445802 0 -0.999006
vn -0.0898544 0 -0.995955
vn -0.135695 0 -0.990751
vn -0.181963 0 -0.983305
vn -0.228505 0 -0.973543
vn -0.275158 0 -0.961399
vn -0.321749 0 -0.946825
vn -0.368095 0 -0.929788
vn -0.414008 0 -0.910273
vn -0.459295 0 -0.888284
vn -0.50376 0 -0.863844
vn -0.54721 0 -0.836996
vn -0.589451 0 -0.807804
vn -0.630298 0 -0.776353
vn -0.669572 0 -0.742747
vn -0.707107 0 -0.707107
vn -0.742747 0 -0.669572
vn -0.776353 0 -0.630298
vn -0.807804 0 -0.589451
vn -0.836996 0 -0.54721
vn -0.863844 0 -0.50376
vn -0.888284 0 -0.459295
vn -0.910273 0 -0.414008
vn -0.929788 0 -0.368095
vn -0.946825 0 -0.321749
vn -0.961399 0 -0.275158
vn -0.973543 0 -0.228505
vn -0.983305 0 -0.181963
vn -0.990751 0 -0.135695
vn -0.995955 0 -0.0898544
vn -0.999006 0 -0.0445802
vn -1 0 -2.67629e-16
vn -1 0 -8.92098e-17
vn -0.999006 0 0.0445802
vn -0.995955 0 0.0898544
vn -0.990751 0 0.135695
vn -0.983305 0 0.181963
vn -0.973543 0 0.228505
vn -0.961399 0 0.275158
vn -0.946825 0 0.321749
vn -0.929788 0 0.368095
vn -0.910273 0 0.414008
vn -0.888284 0 0.459295
vn -0.863844 0 0.50376
vn -0.836996 0 0.54721
vn -0.807804 0 0.589451
vn -0.776353 0 0.630298
vn -0.742747 0 0.669572
vn -0.707107 0 0.707107
vn -0.669572 0 0.742747
vn -0.630298 0 0.776353
vn -0.589451 0 0.807804
vn -0.54721 0 0.836996
vn -0.50376 0 0.863844
vn -0.459295 0 0.888284
vn -0.414008 0 0.910273
vn -0.368095 0 0.929788
vn -0.321749 0 0.946825
vn -0.275158 0 0.961399
vn -0.228505 0 0.973543
vn -0.181963 0 0.983305
vn -0.135695 0 0.990751
vn -0.0898544 0 0.995955
vn -0.0445802 0 0.999006
vn -1.7842e-16 0 1
vn 0.0445802 -0 0.999006
vn 0.0898544 -0 0.995955
vn 0.135695 -0 0.990751
vn 0.181963 -0 0.983305
vn 0.228505 -0 0.973543
vn 0.275158 -0 0.961399
vn 0.321749 -0 0.946825
vn 0.368095 -0 0.929788
vn 0.414008 -0 0.910273
vn 0.459295 -0 0.888284
vn 0.50376 -0 0.863844
vn 0.54721 -0 0.836996
vn 0.589451 -0 0.807804
vn 0.630298 -0 0.776353
vn 0.669572 -0 0.742747
vn 0.707107 -0 0.707107
vn 0.742747 -0 0.669572
vn 0.776353 -0 0.630298
vn 0.807804 -0 0.589451
vn 0.836996 -0 0.54721
vn 0.863844 -0 0.50376
vn 0.888284 -0 0.459295
vn 0.910273 -0 0.414008
vn 0.929788 -0 0.368095
vn 0.946825 -0 0.321749
vn 0.961399 -0 0.275158
vn 0.973543 -0 0.228505
vn 0.983305 -0 0.181963
vn 0.990751 -0 0.135695
vn 0.995955 -0 0.0898544
vn 0.999006 -0 0.0445802
vn 1 -0 0
vn 0.999006 0 -0.0445802
vn 0.995955 0 -0.0898544
vn 0.990751 0 -0.135695
vn 0.983305 0 -0.181963
vn 0.973543 0 -0.228505
vn 0.961399 0 -0.275158
vn 0.946825 0 -0.321749
vn 0.929788 0 -0.368095
vn 0.910273 0 -0.414008
vn 0.888284 0 -0.459295
vn 0.863844 0 -0.50376
vn 0.836996 0 -0.54721
vn 0.807804 0 -0.589451
vn 0.776353 0 -0.630298
vn 0.742747 0 -0.669572
vn 0.707107 0 -0.707107
vn 0.669572 0 -0.742747
vn 0.630298 0 -0.776353
vn 0.589451 0 -0.807804
vn 0.54721 0 -0.836996
vn 0.50376 0 -0.863844
vn 0.459295 0 -0.888284
vn 0.414008 0 -0.910273
vn 0.368095 0 -0.929788
vn 0.321749 0 -0.946825
vn 0.275158 0 -0.961399
vn 0.228505 0 -0.973543
vn 0.181963 0 -0.983305
vn 0.135695 0 -0.990751
vn 0.0898544 0 -0.995955
vn 0.0445802 0 -0.999006
vn 2.52323e-16 0 -1
vn -0.0445802 0 -0.999006
vn -0.0898544 0 -0.995955
vn -0.135695 0 -0.990751
vn -0.181963 0 -0.983305
vn -0.228505 0 -0.973543
vn -0.275158 0 -0.961399
vn -0.321749 0 -0.946825
vn -0.368095 0 -0.929788
vn -0.414008 0 -0.910273
vn -0.459295 0 -0.888284
vn -0.50376 0 -0.863844
vn -0.54721 0 -0.836996
vn -0.589451 0 -0.807804
vn -0.630298 0 -0.776353
vn -0.669572 0 -0.742747
vn -0.707107 0 -0.707107
vn -0.742747 0 -0.669572
vn -0.776353 0 -0.630298
vn -0.807804 0 -0.589451
vn -0.836996 0 -0.54721
vn -0.863844 0 -0.50376
vn -0.888284 0 -0.459295
vn -0.910273 0 -0.414008
vn -0.929788 0 -0.368095
vn -0.946825 0 -0.321749
vn -0.961399 0 -0.275158
vn -0.973543 0 -0.228505
vn -0.983305 0 -0.181963
vn -0.990751 0 -0.135695
vn -0.995955 0 -0.0898544
vn -0.999006 0 -0.0445802
vn -1 0 -2.67629e-16
g WheelFL_f0
usemtl rubber
f 223//223 224//224 353//353
f 223//223 353//353 352//352
f 224//224 225//225 354//354
f 224//224 354//354 353//353
f 225//225 226//226 355//355
f 225//225 355//355 354//354
f 226//226 227//227 356//356
f 226//226 356//356 355//355
f 227//227 228//228 357//357
f 227//227 357//357 356//356
f 228//228 229//229 358//358
f 228//228 358//358 357//357
f 229//229 230//230 359//359
f 229//229 359//359 358//358
f 230//230 231//231 360//360
f 230//230 360//360 359//359
f 231//231 232//232 361//361
f 231//231 361//361 360//360
f 232//232 233//233 362//362
f 232//232 362//362 361//361
f 233//233 234//234 363//363
f 233//233 363//363 362//362
f 234//234 235//235 364//364
f 234//234 364//364 363//363
f 235//235 236//236 365//365
f 235//235 365//365 364//364
f 236//236 237//237 366//366
f 236//236 366//366 365//365
f 237//237 238//238 367//367
f 237//237 367//367 366//366
f 238//238 239//239 368//368
f 238//238 368//368 367//367
f 239//239 240//240 369//369
f 239//239 369//369 368//368
f 240//240 241//241 370//370
f 240//240 370//370 369//369
f 241//241 242//242 371//371
f 241//241 371//371 370//370
f 242//242 243//243 372//372
f 242//242 372//372 371//371
f 243//243 244//244 373//373
f 243//243 373//373 372//372
f 244//244 245//245 374//374
f 244//244 374//374 373//373
f 245//245 246//246 375//375
f 245//245 375//375 374//374
f 246//246 247//247 376//376
f 246//246 376//376 375//375
f 247//247 248//248 377//377
f 247//247 377//377 376//376
f 248//248 249//249 378//378
f 248//248 378//378 377//377
f 249//249 250//250 379//379
f 249//249 379//379 378//378
f 250//250 251//251 380//380
f 250//250 380//380 379//379
f 251//251 252//252 381//381
f 251//251 381//381 380//380
f 252//252 253//253 382//382
f 252//252 382//382 381//381
f 253//253 254//254 383//383
f 253//253 383//383 382//382
f 254//254 255//255 384//384
f 254//254 384//384 383//383
f 255//255 256//256 385//385
f 255//255 385//385 384//384
f 256//256 257//257 386//386
f 256//256 386//386 385//385
f 257//257 258//258 387//387
f 257//257 387//387 386//386
f 258//258 259//259 388//388
f 258//258 388//388 387//387
f 259//259 260//260 389//389
f 259//259 389//389 388//388
f 260//260 261//261 390//390
f 260//260 390//390 389//389
f 261//261 262//262 391//391
f 261//261 391//391 390//390
f 262//262 263//263 392//392
f 262//262 392//392 391//391
f 263//263 264//264 393//393
f 263//263 393//393 392//392
f 264//264 265//265 394//394
f 264//264 394//394 393//393
f 265//265 266//266 395//395
f 265//265 395//395 394//394
f 266//266 267//267 396//396
f 266//266 396//396 395//395
f 267//267 268//268 397//397
f 267//267 397//397 396//396
f 268//268 269//269 398//398
f 268//268 398//398 397//397
f 269//269 270//270 399//399
f 269//269 399//399 398//398
f 270//270 271//271 400//400
f 270//270 400//400 399//399
f 271//271 272//272 401//401
f 271//271 401//401 400//400
f 272//272 273//273 402//402
f 272//272 402//402 401//401
f 273//273 274//274 403//403
f 273//273 403//403 402//402
f 274//274 275//275 404//404
f 274//274 404//404 403//403
f 275//275 276//276 405//405
f 275//275 405//405 404//404
f 276//276 277//277 406//406
f 276//276 406//406 405//405
f 277//277 278//278 407//407
f 277//277 407//407 406//406
f 278//278 279//279 408//408
f 278//278 408//408 407//407
f 279//279 280//280 409//409
f 279//279 409//409 408//408
f 280//280 281//281 410//410
f 280//280 410//410 409//409
f 281//281 282//282 411//411
f 281//281 411//411 410//410
f 282//282 283//283 412//412
f 282//282 412//412 411//411
f 283//283 284//284 413//413
f 283//283 413//413 412//412
f 284//284 285//285 414//414
f 284//284 414//414 413//413
f 285//285 286//286 415//415
f 285//285 415//415 414//414
f 286//286 287//287 416//416
f 286//286 416//416 415//415
f 287//287 288//288 417//417
f 287//287 417//417 416//416
f 288//288 289//289 418//418
f 288//288 418//418 417//417
f 289//289 290//290 419//419
f 289//289 419//419 418//418
f 290//290 291//291 420//420
f 290//290 420//420 419//419
f 291//291 292//292 421//421
f 291//291 421//421 420//420
f 292//292 293//293 422//422
f 292//292 422//422 421//421
f 293//293 294//294 423//423
f 293//293 423//423 422//422
f 294//294 295//295 424//424
f 294//294 424//424 423//423
f 295//295 296//296 425//425
f 295//295 425//425 424//424
f 296//296 297//297 426//426
f 296//296 426//426 425//425
f 297//297 298//298 427//427
f 297//297 427//427 426//426
f 298//298 299//299 428//428
f 298//298 428//428 427//427
f 299//299 300//300 429//429
f 299//299 429//429 428//428
f 300//300 301//301 430//430
f 300//300 430//430 429//429
f 301//301 302//302 431//431
f 301//301 431//431 430//430
f 302//302 303//303 432//432
f 302//302 432//432 431//431
f 303//303 304//304 433//433
f 303//303 433//433 432//432
f 304//304 305//305 434//434
f 304//304 434//434 433//433
f 305//305 306//306 435//435
f 305//305 435//435 434//434
f 306//306 307//307 436//436
f 306//306 436//436 435//435
f 307//307 308//308 437//437
f 307//307 437//437 436//436
f 308//308 309//309 438//438
f 308//308 438//438 437//437
f 309//309 310//310 439//439
f 309//309 439//439 438//438
f 310//310 311//311 440//440
f 310//310 440//440 439//439
f 311//311 312//312 441//441
f 311//311 441//441 440//440
f 312//312 313//313 442//442
f 312//312 442//442 441//441
f 313//313 314//314 443//443
f 313//313 443//443 442//442
f 314//314 315//315 444//444
f 314//314 444//444 443//443
f 315//315 316//316 445//445
f 315//315 445//445 444//444
f 316//316 317//317 446//446
f 316//316 446//446 445//445
f 317//317 318//318 447//447
f 317//317 447//447 446//446
f 318//318 319//319 448//448
f 318//318 448//448 447//447
f 319//319 320//320 449//449
f 319//319 449//449 448//448
f 320//320 321//321 450//450
f 320//320 450//450 449//449
f 321//321 322//322 451//451
f 321//321 451//451 450//450
f 322//322 323//323 452//452
f 322//322 452//452 451//451
f 323//323 324//324 453//453
f 323//323 453//453 452//452
f 324//324 325//325 454//454
f 324//324 454//454 453//453
f 325//325 326//326 455//455
f 325//325 455//455 454//454
f 326//326 327//327 456//456
f 326//326 456//456 455//455
f 327//327 328//328 457//457
f 327//327 457//457 456//456
f 328//328 329//329 458//458
f 328//328 458//458 457//457
f 329//329 330//330 459//459
f 329//329 459//459 458//458
f 330//330 331//331 460//460
f 330//330 460//460 459//459
f 331//331 332//332 461//461
f 331//331 461//461 460//460
f 332//332 333//333 462//462
f 332//332 462//462 461//461
f 333//333 334//334 463//463
f 333//333 463//463 462//462
f 334//334 335//335 464//464
f 334//334 464//464 463//463
f 335//335 336//336 465//465
f 335//335 465//465 464//464
f 336//336 337//337 466//466
f 336//336 466//466 465//465
f 337//337 338//338 467//467
f 337//337 467//467 466//466
f 338//338 339//339 468//468
f 338//338 468//468 467//467
f 339//339 340//340 469//469
f 339//339 469//469 468//468
f 340//340 341//341 470//470
f 340//340 470//470 469//469
f 341//341 342//342 471//471
f 341//341 471//471 470//470
f 342//342 343//343 472//472
f 342//342 472//472 471//471
f 343//343 344//344 473//473
f 343//343 473//473 472//472
f 344//344 345//345 474//474
f 344//344 474//474 473//473
f 345//345 346//346 475//475
f 345//345 475//475 474//474
f 346//346 347//347 476//476
f 346//346 476//476 475//475
f 347//347 348//348 477//477
f 347//347 477//477 476//476
f 348//348 349//349 478//478
f 348//348 478//478 477//477
f 349//349 350//350 479//479
f 349//349 479//479 478//478
f 350//350 351//351 480//480
f 350//350 480//480 479//479
f 352//352 353//353 482//482
f 352//352 482//482 481//481
f 353//353 354//354 483//483
f 353//353 483//483 482//482
f 354//354 355//355 484//484
f 354//354 484//484 483//483
f 355//355 356//356 485//485
f 355//355 485//485 484//484
f 356//356 357//357 486//486
f 356//356 486//486 485//485
f 357//357 358//358 487//487
f 357//357 487//487 486//486
f 358//358 359//359 488//488
f 358//358 488//488 487//487
f 359//359 360//360 489//489
f 359//359 489//489 488//488
f 360//360 361//361 490//490
f 360//360 490//490 489//489
f 361//361 362//362 491//491
f 361//361 491//491 490//490
f 362//362 363//363 492//492
f 362//362 492//492 491//491
f 363//363 364//364 493//493
f 363//363 493//493 492//492
f 364//364 365//365 494//494
f 364//364 494//494 493//493
f 365//365 366//366 495//495
f 365//365 495//495 494//494
f 366//366 367//367 496//496
f 366//366 496//496 495//495
f 367//367 368//368 497//497
f 367//367 497//497 496//496
f 368//368 369//369 498//498
f 368//368 498//498 497//497
f 369//369 370//370 499//499
f 369//369 499//499 498//498
f 370//370 371//371 500//500
f 370//370 500//500 499//499
f 371//371 372//372 501//501
f 371//371 501//501 500//500
f 372//372 373//373 502//502
f 372//372 502//502 501//501
f 373//373 374//374 503//503
f 373//373 503//503 502//502
f 374//374 375//375 504//504
f 374//374 504//504 503//503
f 375//375 376//376 505//505
f 375//375 505//505 504//504
f 376//376 377//377 506//506
f 376//376 506//506 505//505
f 377//377 378//378 507//507
f 377//377 507//507 506//506
f 378//378 379//379 508//508
f 378//378 508//508 507//507
f 379//379 380//380 509//509
f 379//379 509//509 508//508
f 380//380 381//381 510//510
f 380//380 510//510 509//509
f 381//381 382//382 511//511
f 381//381 511//511 510//510
f 382//382 383//383 512//512
f 382//382 512//512 511//511
f 383//383 384//384 513//513
f 383//383 513//513 512//512
f 384//384 385//385 514//514
f 384//384 514//514 513//513
f 385//385 386//386 515//515
f 385//385 515//515 514//514
f 386//386 387//387 516//516
f 386//386 516//516 515//515
f 387//387 388//388 517//517
f 387//387 517//517 516//516
f 388//388 389//389 518//518
f 388//388 518//518 517//517
f 389//389 390//390 519//519
f 389//389 519//519 518//518
f 390//390 391//391 520//520
f 390//390 520//520 519//519
f 391//391 392//392 521//521
f 391//391 521//521 520//520
f 392//392 393//393 522//522
f 392//392 522//522 521//521
f 393//393 394//394 523//523
f 393//393 523//523 522//522
f 394//394 395//395 524//524
f 394//394 524//524 523//523
f 395//395 396//396 525//525
f 395//395 525//525 524//524
f 396//396 397//397 526//526
f 396//396 526//526 525//525
f 397//397 398//398 527//527
f 397//397 527//527 526//526
f 398//398 399//399 528//528
f 398//398 528//528 527//527
f 399//399 400//400 529//529
f 399//399 529//529 528//528
f 400//400 401//401 530//530
f 400//400 530//530 529//529
f 401//401 402//402 531//531
f 401//401 531//531 530//530
f 402//402 403//403 532//532
f 402//402 532//532 531//531
f 403//403 404//404 533//533
f 403//403 533//533 532//532
f 404//404 405//405 534//534
f 404//404 534//534 533//533
f 405//405 406//406 535//535
f 405//405 535//535 534//534
f 406//406 407//407 536//536
f 406//406 536//536 535//535
f 407//407 408//408 537//537
f 407//407 537//537 536//536
f 408//408 409//409 538//538
f 408//408 538//538 537//537
f 409//409 410//410 539//539
f 409//409 539//539 538//538
f 410//410 411//411 540//540
f 410//410 540//540 539//539
f 411//411 412//412 541//541
f 411//411 541//541 540//540
f 412//412 413//413 542//542
f 412//412 542//542 541//541
f 413//413 414//414 543//543
f 413//413 543//543 542//542
f 414//414 415//415 544//544
f 414//414 544//544 543//543
f 415//415 416//416 545//545
f 415//415 545//545 544//544
f 416//416 417//417 546//546
f 416//416 546//546 545//545
f 417//417 418//418 547//547
f 417//417 547//547 546//546
f 418//418 419//419 548//548
f 418//418 548//548 547//547
f 419//419 420//420 549//549
f 419//419 549//549 548//548
f 420//420 421//421 550//550
f 420//420 550//550 549//549
f 421//421 422//422 551//551
f 421//421 551//551 550//550
f 422//422 423//423 552//552
f 422//422 552//552 551//551
f 423//423 424//424 553//553
f 423//423 553//553 552//552
f 424//424 425//425 554//554
f 424//424 554//554 553//553
f 425//425 426//426 555//555
f 425//425 555//555 554//554
f 426//426 427//427 556//556
f 426//426 556//556 555//555
f 427//427 428//428 557//557
f 427//427 557//557 556//556
f 428//428 429//429 558//558
f 428//428 558//558 557//557
f 429//429 430//430 559//559
f 429//429 559//559 558//558
f 430//430 431//431 560//560
f 430//430 560//560 559//559
f 431//431 432//432 561//561
f 431//431 561//561 560//560
f 432//432 433//433 562//562
f 432//432 562//562 561//561
f 433//433 434//434 563//563
f 433//433 563//563 562//562
f 434//434 435//435 564//564
f 434//434 564//564 563//563
f 435//435 436//436 565//565
f 435//435 565//565 564//564
f 436//436 437//437 566//566
f 436//436 566//566 565//565
f 437//437 438//438 567//567
f 437//437 567//567 566//566
f 438//438 439//439 568//568
f 438//438 568//568 567//567
f 439//439 440//440 569//569
f 439//439 569//569 568//568
f 440//440 441//441 570//570
f 440//440 570//570 569//569
f 441//441 442//442 571//571
f 441//441 571//571 570//570
f 442//442 443//443 572//572
f 442//442 572//572 571//571
f 443//443 444//444 573//573
f 443//443 573//573 572//572
f 444//444 445//445 574//574
f 444//444 574//574 573//573
f 445//445 446//446 575//575
f 445//445 575//575 574//574
f 446//446 447//447 576//576
f 446//446 576//576 575//575
f 447//447 448//448 577//577
f 447//447 577//577 576//576
f 448//448 449//449 578//578
f 448//448 578//578 577//577
f 449//449 450//450 579//579
f 449//449 579//579 578//578
f 450//450 451//451 580//580
f 450//450 580//580 579//579
f 451//451 452//452 581//581
f 451//451 581//581 580//580
f 452//452 453//453 582//582
f 452//452 582//582 581//581
f 453//453 454//454 583//583
f 453//453 583//583 582//582
f 454//454 455//455 584//584
f 454//454 584//584 583//583
f 455//455 456//456 585//585
f 455//455 585//585 584//584
f 456//456 457//457 586//586
f 456//456 586//586 585//585
f 457//457 458//458 587//587
f 457//457 587//587 586//586
f 458//458 459//459 588//588
f 458//458 588//588 587//587
f 459//459 460//460 589//589
f 459//459 589//589 588//588
f 460//460 461//461 590//590
f 460//460 590//590 589//589
f 461//461 462//462 591//591
f 461//461 591//591 590//590
f 462//462 463//463 592//592
f 462//462 592//592 591//591
f 463//463 464//464 593//593
f 463//463 593//593 592//592
f 464//464 465//465 594//594
f 464//464 594//594 593//593
f 465//465 466//466 595//595
f 465//465 595//595 594//594
f 466//466 467//467 596//596
f 466//466 596//596 595//595
f 467//467 468//468 597//597
f 467//467 597//597 596//596
f 468//468 469//469 598//598
f 468//468 598//598 597//597
f 469//469 470//470 599//599
f 469//469 599//599 598//598
f 470//470 471//471 600//600
f 470//470 600//600 599//599
f 471//471 472//472 601//601
f 471//471 601//601 600//600
f 472//472 473//473 602//602
f 472//472 602//602 601//601
f 473//473 474//474 603//603
f 473//473 603//603 602//602
f 474//474 475//475 604//604
f 474//474 604//604 603//603
f 475//475 476//476 605//605
f 475//475 605//605 604//604
f 476//476 477//477 606//606
f 476//476 606//606 605//605
f 477//477 478//478 607//607
f 477//477 607//607 606//606
f 478//478 479//479 608//608
f 478//478 608//608 607//607
f 479//479 480//480 609//609
f 479//479 609//609 608//608
v 0.48 0.25 0.44
v 0.480437 0.25 0.459615
v 0.48178 0.25 0.479536
v 0.48407 0.25 0.499706
v 0.487346 0.25 0.520064
v 0.491641 0.25 0.540542
v 0.496984 0.25 0.56107
v 0.503397 0.25 0.581569
v 0.510893 0.25 0.601962
v 0.51948 0.25 0.622163
v 0.529155 0.25 0.64209
v 0.539909 0.25 0.661655
v 0.551722 0.25 0.680772
v 0.564566 0.25 0.699359
v 0.578405 0.25 0.717331
v 0.593191 0.25 0.734612
v 0.608873 0.25 0.751127
v 0.625388 0.25 0.766809
v 0.642669 0.25 0.781595
v 0.660641 0.25 0.795434
v 0.679228 0.25 0.808278
v 0.698345 0.25 0.820091
v 0.71791 0.25 0.830845
v 0.737837 0.25 0.84052
v 0.758038 0.25 0.849107
v 0.778431 0.25 0.856603
v 0.79893 0.25 0.863016
v 0.819458 0.25 0.868359
v 0.839936 0.25 0.872654
v 0.860294 0.25 0.87593
v 0.880464 0.25 0.87822
v 0.900385 0.25 0.879563
v 0.92 0.25 0.88
v 0.939615 0.25 0.879563
v 0.959536 0.25 0.87822
v 0.979706 0.25 0.87593
v 1.00006 0.25 0.872654
v 1.02054 0.25 0.868359
v 1.04107 0.25 0.863016
v 1.06157 0.25 0.856603
v 1.08196 0.25 0.849107
v 1.10216 0.25 0.84052
v 1.12209 0.25 0.830845
v 1.14165 0.25 0.820091
v 1.16077 0.25 0.808278
v 1.17936 0.25 0.795434
v 1.19733 0.25 0.781595
v 1.21461 0.25 0.766809
v 1.23113 0.25 0.751127
v 1.24681 0.25 0.734612
v 1.2616 0.25 0.717331
v 1.27543 0.25 0.699359
v 1.28828 0.25 0.680772
v 1.30009 0.25 0.661655
v 1.31084 0.25 0.64209
v 1.32052 0.25 0.622163
v 1.32911 0.25 0.601962
v 1.3366 0.25 0.581569
v 1.34302 0.25 0.56107
v 1.34836 0.25 0.540542
v 1.35265 0.25 0.520064
v 1.35593 0.25 0.499706
v 1.35822 0.25 0.479536
v 1.35956 0.25 0.459615
v 1.36 0.25 0.44
v 1.35956 0.25 0.420385
v 1.35822 0.25 0.400464
v 1.35593 0.25 0.380294
v 1.35265 0.25 0.359936
v 1.34836 0.25 0.339458
v 1.34302 0.25 0.31893
v 1.3366 0.25 0.298431
v 1.32911 0.25 0.278038
v 1.32052 0.25 0.257837
v 1.31084 0.25 0.23791
v 1.30009 0.25 0.218345
v 1.28828 0.25 0.199228
v 1.27543 0.25 0.180641
v 1.2616 0.25 0.162669
v 1.24681 0.25 0.145388
v 1.23113 0.25 0.128873
v 1.21461 0.25 0.113191
v 1.19733 0.25 0.0984046
v 1.17936 0.25 0.0845662
v 1.16077 0.25 0.071722
v 1.14165 0.25 0.0599089
v 1.12209 0.25 0.049155
v 1.10216 0.25 0.0394797
v 1.08196 0.25 0.0308931
v 1.06157 0.25 0.023397
v 1.04107 0.25 0.0169845
v 1.02054 0.25 0.0116412
v 1.00006 0.25 0.00734564
v 0.979706 0.25 0.00406973
v 0.959536 0.25 0.00177984
v 0.939615 0.25 0.000437445
v 0.92 0.25 0
v 0.900385 0.25 0.000437445
v 0.880464 0.25 0.00177984
v 0.860294 0.25 0.00406973
v 0.839936 0.25 0.00734564
v 0.819458 0.25 0.0116412
v 0.79893 0.25 0.0169845
v 0.778431 0.25 0.023397
v 0.758038 0.25 0.0308931
v 0.737837 0.25 0.0394797
v 0.71791 0.25 0.049155
v 0.698345 0.25 0.0599089
v 0.679228 0.25 0.071722
v 0.660641 0.25 0.0845662
v 0.642669 0.25 0.0984046
v 0.625388 0.25 0.113191
v 0.608873 0.25 0.128873
v 0.593191 0.25 0.145388
v 0.578405 0.25 0.162669
v 0.564566 0.25 0.180641
v 0.551722 0.25 0.199228
v 0.539909 0.25 0.218345
v 0.529155 0.25 0.23791
v 0.51948 0.25 0.257837
v 0.510893 0.25 0.278038
v 0.503397 0.25 0.298431
v 0.496984 0.25 0.31893
v 0.491641 0.25 0.339458
v 0.487346 0.25 0.359936
v 0.48407 0.25 0.380294
v 0.48178 0.25 0.400464
v 0.480437 0.25 0.420385
vn -2.77556e-17 1 2.77556e-17
vn -2.77556e-17 1 2.77556e-17
vn -2.77556e-17 1 2.77556e-17
vn -2.77556e-17 1 2.77556e-17
vn -2.77556e-17 1 2.77556e-17
vn -2.77556e-17 1 2.77556e-17
vn 2.77556e-17 1 2.77556e-17
vn -2.77556e-17 1 2.77556e-17
vn -2.77556e-17 1 2.77556e-17
vn -2.77556e-17 1 2.77556e-17
vn -2.77556e-17 1 2.77556e-17
vn -2.77556e-17 1 2.77556e-17
vn -2.77556e-17 1 2.77556e-17
vn -2.77556e-17 1 2.77556e-17
vn -2.77556e-17 1 2.77556e-17
vn -2.77556e-17 1 2.77556e-17
vn -2.77556e-17 1 2.77556e-17
vn -2.77556e-17 1 2.77556e-17
vn 2.77556e-17 1 2.77556e-17
vn -2.77556e-17 1 2.77556e-17
vn -2.77556e-17 1 5.55112e-17
vn 2.77556e-17 1 2.77556e-17
vn -2.77556e-17 1 5.55112e-17
vn -2.77556e-17 1 2.77556e-17
vn -2.77556e-17 1 2.77556e-17
vn 2.77556e-17 1 2.77556e-17
vn -2.77556e-17 1 5.55112e-17
vn 2.77556e-17 1 5.55112e-17
vn 2.77556e-17 1 5.55112e-17
vn -2.77556e-17 1 2.77556e-17
vn -2.77556e-17 1 5.55112e-17
vn -2.77556e-17 1 2.77556e-17
vn -2.77556e-17 1 5.55112e-17
vn -2.77556e-17 1 4.16334e-17
vn -2.77556e-17 1 4.16334e-17
vn -2.77556e-17 1 4.16334e-17
vn 2.77556e-17 1 4.16334e-17
vn 2.77556e-17 1 4.16334e-17
vn -2.77556e-17 1 4.16334e-17
vn 2.77556e-17 1 4.16334e-17
vn -2.77556e-17 1 4.16334e-17
vn -2.77556e-17 1 4.16334e-17
vn -2.77556e-17 1 4.16334e-17
vn 2.77556e-17 1 4.16334e-17
vn -2.77556e-17 1 4.16334e-17
vn -2.77556e-17 1 3.46945e-17
vn 2.77556e-17 1 3.46945e-17
vn -2.77556e-17 1 3.46945e-17
vn -2.77556e-17 1 3.46945e-17
vn -2.77556e-17 1 3.46945e-17
vn -2.77556e-17 1 3.46945e-17
vn -2.77556e-17 1 3.46945e-17
vn -2.77556e-17 1 3.1225e-17
vn -2.77556e-17 1 3.1225e-17
vn -2.77556e-17 1 3.1225e-17
vn -2.77556e-17 1 3.1225e-17
vn -2.77556e-17 1 3.1225e-17
vn -2.77556e-17 1 3.1225e-17
vn -2.77556e-17 1 3.1225e-17
vn -2.77556e-17 1 2.94903e-17
vn -2.77556e-17 1 2.94903e-17
vn -2.77556e-17 1 2.94903e-17
vn -2.77556e-17 1 2.94903e-17
vn -2.77556e-17 1 2.94903e-17
vn -2.77556e-17 1 2.94903e-17
vn -1.38778e-17 1 2.94903e-17
vn -1.38778e-17 1 2.94903e-17
vn -1.38778e-17 1 2.94903e-17
vn -1.38778e-17 1 2.94903e-17
vn -1.38778e-17 1 2.94903e-17
vn -1.38778e-17 1 3.1225e-17
vn -1.38778e-17 1 3.1225e-17
vn -1.38778e-17 1 3.1225e-17
vn -1.38778e-17 1 3.1225e-17
vn -1.38778e-17 1 3.1225e-17
vn -1.38778e-17 1 3.1225e-17
vn -1.38778e-17 1 3.1225e-17
vn -6.93889e-18 1 3.46945e-17
vn -6.93889e-18 1 3.46945e-17
vn -6.93889e-18 1 3.46945e-17
vn -6.93889e-18 1 3.46945e-17
vn -6.93889e-18 1 3.46945e-17
vn -6.93889e-18 1 3.46945e-17
vn -6.93889e-18 1 3.46945e-17
vn -3.46945e-18 1 4.16334e-17
vn -3.46945e-18 1 4.16334e-17
vn -3.46945e-18 1 4.16334e-17
vn -3.46945e-18 1 4.16334e-17
vn -3.46945e-18 1 4.16334e-17
vn -3.46945e-18 1 4.16334e-17
vn -3.46945e-18 1 4.16334e-17
vn -1.73472e-18 1 4.16334e-17
vn -1.73472e-18 1 4.16334e-17
vn -1.73472e-18 1 4.16334e-17
vn -1.73472e-18 1 4.16334e-17
vn -1.73472e-18 1 4.16334e-17
vn -1.73472e-18 1 5.55112e-17
vn -1.73472e-18 1 2.77556e-17
vn -1.73472e-18 1 5.55112e-17
vn -1.73472e-18 1 5.55112e-17
vn -1.73472e-18 1 5.55112e-17
vn -1.73472e-18 1 2.77556e-17
vn -3.46945e-18 1 2.77556e-17
vn -3.46945e-18 1 2.77556e-17
vn -3.46945e-18 1 5.55112e-17
vn -3.46945e-18 1 2.77556e-17
vn -3.46945e-18 1 2.77556e-17
vn -3.46945e-18 1 5.55112e-17
vn -3.46945e-18 1 2.77556e-17
vn -6.93889e-18 1 2.77556e-17
vn -6.93889e-18 1 2.77556e-17
vn -6.93889e-18 1 2.77556e-17
vn -6.93889e-18 1 2.77556e-17
vn -6.93889e-18 1 2.77556e-17
vn -6.93889e-18 1 2.77556e-17
vn -6.93889e-18 1 2.77556e-17
vn -1.38778e-17 1 2.77556e-17
vn -1.38778e-17 1 2.77556e-17
vn -1.38778e-17 1 2.77556e-17
vn -1.38778e-17 1 2.77556e-17
vn -1.38778e-17 1 2.77556e-17
vn -1.38778e-17 1 2.77556e-17
vn -1.38778e-17 1 2.77556e-17
vn -1.38778e-17 1 2.77556e-17
vn 4.16334e-17 1 2.77556e-17
vn -1.38778e-17 1 2.77556e-17
vn -1.38778e-17 1 2.77556e-17
vn -1.38778e-17 1 2.77556e-17
g WheelFL_f1
usemtl rubber
f 737//737 610//610 611//611
f 737//737 611//611 612//612
f 737//737 612//612 613//613
f 737//737 613//613 614//614
f 737//737 614//614 615//615
f 737//737 615//615 616//616
f 737//737 616//616 617//617
f 737//737 617//617 618//618
f 737//737 618//618 619//619
f 737//737 619//619 620//620
f 737//737 620//620 621//621
f 737//737 621//621 622//622
f 737//737 622//622 623//623
f 737//737 623//623 624//624
f 737//737 624//624 625//625
f 737//737 625//625 626//626
f 737//737 626//626 627//627
f 737//737 627//627 628//628
f 737//737 628//628 629//629
f 737//737 629//629 630//630
f 737//737 630//630 631//631
f 737//737 631//631 632//632
f 737//737 632//632 633//633
f 737//737 633//633 634//634
f 737//737 634//634 635//635
f 737//737 635//635 636//636
f 737//737 636//636 637//637
f 737//737 637//637 638//638
f 737//737 638//638 639//639
f 737//737 639//639 640//640
f 737//737 640//640 641//641
f 737//737 641//641 642//642
f 737//737 642//642 643//643
f 737//737 643//643 644//644
f 737//737 644//644 645//645
f 737//737 645//645 646//646
f 737//737 646//646 647//647
f 737//737 647//647 648//648
f 737//737 648//648 649//649
f 737//737 649//649 650//650
f 737//737 650//650 651//651
f 737//737 651//651 652//652
f 737//737 652//652 653//653
f 737//737 653//653 654//654
f 737//737 654//654 655//655
f 737//737 655//655 656//656
f 737//737 656//656 657//657
f 737//737 657//657 658//658
f 737//737 658//658 659//659
f 737//737 659//659 660//660
f 737//737 660//660 661//661
f 737//737 661//661 662//662
f 737//737 662//662 663//663
f 737//737 663//663 664//664
f 737//737 664//664 665//665
f 737//737 665//665 666//666
f 737//737 666//666 667//667
f 737//737 667//667 668//668
f 737//737 668//668 669//669
f 737//737 669//669 670//670
f 737//737 670//670 671//671
f 737//737 671//671 672//672
f 737//737 672//672 673//673
f 737//737 673//673 674//674
f 737//737 674//674 675//675
f 737//737 675//675 676//676
f 737//737 676//676 677//677
f 737//737 677//677 678//678
f 737//737 678//678 679//679
f 737//737 679//679 680//680
f 737//737 680//680 681//681
f 737//737 681//681 682//682
f 737//737 682//682 683//683
f 737//737 683//683 684//684
f 737//737 684//684 685//685
f 737//737 685//685 686//686
f 737//737 686//686 687//687
f 737//737 687//687 688//688
f 737//737 688//688 689//689
f 737//737 689//689 690//690
f 737//737 690//690 691//691
f 737//737 691//691 692//692
f 737//737 692//692 693//693
f 737//737 693//693 694//694
f 737//737 694//694 695//695
f 737//737 695//695 696//696
f 737//737 696//696 697//697
f 737//737 697//697 698//698
f 737//737 698//698 699//699
f 737//737 699//699 700//700
f 737//737 700//700 701//701
f 737//737 701//701 702//702
f 737//737 702//702 703//703
f 737//737 703//703 704//704
f 737//737 704//704 705//705
f 737//737 705//705 706//706
f 737//737 706//706 707//707
f 737//737 707//707 708//708
f 737//737 708//708 709//709
f 737//737 709//709 710//710
f 737//737 710//710 711//711
f 737//737 711//711 712//712
f 737//737 712//712 713//713
f 737//737 713//713 714//714
f 737//737 714//714 715//715
f 737//737 715//715 716//716
f 737//737 716//716 717//717
f 737//737 717//717 718//718
f 737//737 718//718 719//719
f 737//737 719//719 720//720
f 737//737 720//720 721//721
f 737//737 721//721 722//722
f 737//737 722//722 723//723
f 737//737 723//723 724//724
f 737//737 724//724 725//725
f 737//737 725//725 726//726
f 737//737 726//726 727//727
f 737//737 727//727 728//728
f 737//737 728//728 729//729
f 737//737 729//729 730//730
f 737//737 730//730 731//731
f 737//737 731//731 732//732
f 737//737 732//732 733//733
f 737//737 733//733 734//734
f 737//737 734//734 735//735
f 735//735 736//736 737//737
v 0.48 -0.05 0.44
v 0.480437 -0.05 0.420385
v 0.48178 -0.05 0.400464
v 0.48407 -0.05 0.380294
v 0.487346 -0.05 0.359936
v 0.491641 -0.05 0.339458
v 0.496984 -0.05 0.31893
v 0.503397 -0.05 0.298431
v 0.510893 -0.05 0.278038
v 0.51948 -0.05 0.257837
v 0.529155 -0.05 0.23791
v 0.539909 -0.05 0.218345
v 0.551722 -0.05 0.199228
v 0.564566 -0.05 0.180641
v 0.578405 -0.05 0.162669
v 0.593191 -0.05 0.145388
v 0.608873 -0.05 0.128873
v 0.625388 -0.05 0.113191
v 0.642669 -0.05 0.0984046
v 0.660641 -0.05 0.0845662
v 0.679228 -0.05 0.071722
v 0.698345 -0.05 0.0599089
v 0.71791 -0.05 0.049155
v 0.737837 -0.05 0.0394797
v 0.758038 -0.05 0.0308931
v 0.778431 -0.05 0.023397
v 0.79893 -0.05 0.0169845
v 0.819458 -0.05 0.0116412
v 0.839936 -0.05 0.00734564
v 0.860294 -0.05 0.00406973
v 0.880464 -0.05 0.00177984
v 0.900385 -0.05 0.000437445
v 0.92 -0.05 0
v 0.939615 -0.05 0.000437445
v 0.959536 -0.05 0.00177984
v 0.979706 -0.05 0.00406973
v 1.00006 -0.05 0.00734564
v 1.02054 -0.05 0.0116412
v 1.04107 -0.05 0.0169845
v 1.06157 -0.05 0.023397
v 1.08196 -0.05 0.0308931
v 1.10216 -0.05 0.0394797
v 1.12209 -0.05 0.049155
v 1.14165 -0.05 0.0599089
v 1.16077 -0.05 0.071722
v 1.17936 -0.05 0.0845662
v 1.19733 -0.05 0.0984046
v 1.21461 -0.05 0.113191
v 1.23113 -0.05 0.128873
v 1.24681 -0.05 0.145388
v 1.2616 -0.05 0.162669
v 1.27543 -0.05 0.180641
v 1.28828 -0.05 0.199228
v 1.30009 -0.05 0.218345
v 1.31084 -0.05 0.23791
v 1.32052 -0.05 0.257837
v 1.32911 -0.05 0.278038
v 1.3366 -0.05 0.298431
v 1.34302 -0.05 0.31893
v 1.34836 -0.05 0.339458
v 1.35265 -0.05 0.359936
v 1.35593 -0.05 0.380294
v 1.35822 -0.05 0.400464
v 1.35956 -0.05 0.420385
v 1.36 -0.05 0.44
v 1.35956 -0.05 0.459615
v 1.35822 -0.05 0.479536
v 1.35593 -0.05 0.499706
v 1.35265 -0.05 0.520064
v 1.34836 -0.05 0.540542
v 1.34302 -0.05 0.56107
v 1.3366 -0.05 0.581569
v 1.32911 -0.05 0.601962
v 1.32052 -0.05 0.622163
v 1.31084 -0.05 0.64209
v 1.30009 -0.05 0.661655
v 1.28828 -0.05 0.680772
v 1.27543 -0.05 0.699359
v 1.2616 -0.05 0.717331
v 1.24681 -0.05 0.734612
v 1.23113 -0.05 0.751127
v 1.21461 -0.05 0.766809
v 1.19733 -0.05 0.781595
v 1.17936 -0.05 0.795434
v 1.16077 -0.05 0.808278
v 1.14165 -0.05 0.820091
v 1.12209 -0.05 0.830845
v 1.10216 -0.05 0.84052
v 1.08196 -0.05 0.849107
v 1.06157 -0.05 0.856603
v 1.04107 -0.05 0.863016
v 1.02054 -0.05 0.868359
v 1.00006 -0.05 0.872654
v 0.979706 -0.05 0.87593
v 0.959536 -0.05 0.87822
v 0.939615 -0.05 0.879563
v 0.92 -0.05 0.88
v 0.900385 -0.05 0.879563
v 0.880464 -0.05 0.87822
v 0.860294 -0.05 0.87593
v 0.839936 -0.05 0.872654
v 0.819458 -0.05 0.868359
v 0.79893 -0.05 0.863016
v 0.778431 -0.05 0.856603
v 0.758038 -0.05 0.849107
v 0.737837 -0.05 0.84052
v 0.71791 -0.05 0.830845
v 0.698345 -0.05 0.820091
v 0.679228 -0.05 0.808278
v 0.660641 -0.05 0.795434
v 0.642669 -0.05 0.781595
v 0.625388 -0.05 0.766809
v 0.608873 -0.05 0.751127
v 0.593191 -0.05 0.734612
v 0.578405 -0.05 0.717331
v 0.564566 -0.05 0.699359
v 0.551722 -0.05 0.680772
v 0.539909 -0.05 0.661655
v 0.529155 -0.05 0.64209
v 0.51948 -0.05 0.622163
v 0.510893 -0.05 0.601962
v 0.503397 -0.05 0.581569
v 0.496984 -0.05 0.56107
v 0.491641 -0.05 0.540542
v 0.487346 -0.05 0.520064
v 0.48407 -0.05 0.499706
v 0.48178 -0.05 0.479536
v 0.480437 -0.05 0.459615
vn 0 -1 1.47451e-17
vn 5.55112e-18 -1 1.47451e-17
vn -6.93889e-19 -1 1.47451e-17
vn 2.77556e-18 -1 1.47451e-17
vn 6.93889e-19 -1 1.47451e-17
vn -6.93889e-19 -1 1.47451e-17
vn 2.77556e-18 -1 1.47451e-17
vn 6.93889e-19 -1 1.47451e-17
vn -3.46945e-18 -1 1.47451e-17
vn 5.55112e-18 -1 1.47451e-17
vn -6.93889e-19 -1 1.47451e-17
vn -2.77556e-18 -1 1.47451e-17
vn 6.245e-18 -1 1.56125e-17
vn 4.16334e-18 -1 1.56125e-17
vn -3.46945e-19 -1 1.56125e-17
vn 3.1225e-18 -1 8.67362e-18
vn 5.89806e-18 -1 8.67362e-18
vn 1.04083e-18 -1 1.04083e-17
vn -3.64292e-18 -1 1.73472e-17
vn 3.98986e-18 -1 1.04083e-17
vn -1.04083e-18 -1 1.73472e-17
vn 0 -1 1.73472e-17
vn 5.20417e-18 -1 1.73472e-17
vn -1.56125e-18 -1 2.08167e-17
vn 8.67362e-19 -1 1.73472e-17
vn -6.33174e-18 -1 1.38778e-17
vn 6.15827e-18 -1 1.38778e-17
vn -6.15827e-18 -1 1.38778e-17
vn -3.64292e-18 -1 1.38778e-17
vn 3.46945e-18 -1 1.38778e-17
vn -3.55618e-18 -1 1.38778e-17
vn -3.55618e-18 -1 1.38778e-17
vn 4.59702e-18 -1 1.38778e-17
vn -3.72966e-18 -1 1.38778e-17
vn -3.64292e-18 -1 1.73472e-17
vn 3.46945e-18 -1 1.73472e-17
vn -2.1684e-18 -1 1.38778e-17
vn 8.67362e-19 -1 1.38778e-17
vn 7.80626e-19 -1 2.08167e-17
vn 6.07153e-19 -1 6.93889e-18
vn 1.04083e-18 -1 1.38778e-17
vn -1.56125e-18 -1 6.93889e-18
vn -3.46945e-19 -1 2.08167e-17
vn -5.55112e-18 -1 6.93889e-18
vn 0 -1 1.38778e-17
vn 5.37764e-18 -1 1.38778e-17
vn -2.77556e-18 -1 1.38778e-17
vn 2.42861e-18 -1 1.38778e-17
vn -4.85723e-18 -1 6.93889e-18
vn 4.51028e-18 -1 1.38778e-17
vn -4.85723e-18 -1 1.38778e-17
vn 0 -1 1.38778e-17
vn 1.04083e-18 -1 1.38778e-17
vn -1.73472e-18 -1 1.38778e-17
vn 7.28584e-18 -1 1.38778e-17
vn 2.77556e-18 -1 1.38778e-17
vn 9.02056e-18 -1 1.38778e-17
vn 5.55112e-18 -1 1.38778e-17
vn -2.08167e-18 -1 1.38778e-17
vn 5.55112e-18 -1 1.38778e-17
vn 5.55112e-18 -1 1.38778e-17
vn 0 -1 1.38778e-17
vn -3.46945e-18 -1 1.38778e-17
vn -6.93889e-19 -1 1.38778e-17
vn 0 -1 1.38778e-17
vn 2.08167e-18 -1 1.38778e-17
vn -3.46945e-18 -1 1.38778e-17
vn 2.08167e-18 -1 1.38778e-17
vn 5.55112e-18 -1 1.38778e-17
vn -3.46945e-18 -1 1.38778e-17
vn 5.55112e-18 -1 1.38778e-17
vn 0 -1 1.38778e-17
vn 5.55112e-18 -1 1.38778e-17
vn -1.38778e-18 -1 1.38778e-17
vn 5.55112e-18 -1 1.38778e-17
vn 0 -1 1.38778e-17
vn 5.55112e-18 -1 1.38778e-17
vn 0 -1 1.38778e-17
vn 6.93889e-18 -1 1.38778e-17
vn 5.55112e-18 -1 1.38778e-17
vn 0 -1 1.38778e-17
vn 1.249e-17 -1 2.08167e-17
vn 0 -1 6.93889e-18
vn 0 -1 6.93889e-18
vn 0 -1 1.38778e-17
vn 0 -1 6.93889e-18
vn -1.54074e-33 -1 1.38778e-17
vn 0 -1 1.38778e-17
vn 0 -1 1.38778e-17
vn -5.55112e-18 -1 6.93889e-18
vn 0 -1 2.08167e-17
vn 0 -1 1.38778e-17
vn 0 -1 1.38778e-17
vn 5.55112e-18 -1 1.04083e-17
vn 5.55112e-18 -1 1.38778e-17
vn 0 -1 1.38778e-17
vn 0 -1 1.38778e-17
vn 0 -1 1.38778e-17
vn 5.55112e-18 -1 1.38778e-17
vn 5.55112e-18 -1 1.38778e-17
vn 0 -1 1.38778e-17
vn 0 -1 1.73472e-17
vn 5.55112e-18 -1 2.08167e-17
vn 0 -1 1.04083e-17
vn 0 -1 1.73472e-17
vn 6.93889e-18 -1 2.08167e-17
vn 0 -1 1.04083e-17
vn 0 -1 1.73472e-17
vn 0 -1 1.73472e-17
vn 0 -1 1.73472e-17
vn 0 -1 1.73472e-17
vn 0 -1 1.73472e-17
vn 0 -1 1.73472e-17
vn 0 -1 1.56125e-17
vn 0 -1 1.56125e-17
vn 0 -1 8.67362e-18
vn 0 -1 1.56125e-17
vn 6.93889e-18 -1 1.56125e-17
vn 5.55112e-18 -1 1.47451e-17
vn -1.38778e-18 -1 1.56125e-17
vn -6.93889e-18 -1 1.47451e-17
vn 0 -1 1.51788e-17
vn 0 -1 1.47451e-17
vn -3.46945e-18 -1 1.47451e-17
vn 5.55112e-18 -1 1.47451e-17
vn 0 -1 1.47451e-17
vn 0 -1 1.47451e-17
vn 2.08167e-18 -1 1.47451e-17
g WheelFL_f2
usemtl rubber
f 865//865 738//738 739//739
f 865//865 739//739 740//740
f 865//865 740//740 741//741
f 865//865 741//741 742//742
f 865//865 742//742 743//743
f 865//865 743//743 744//744
f 865//865 744//744 745//745
f 865//865 745//745 746//746
f 865//865 746//746 747//747
f 865//865 747//747 748//748
f 865//865 748//748 749//749
f 865//865 749//749 750//750
f 865//865 750//750 751//751
f 865//865 751//751 752//752
f 865//865 752//752 753//753
f 865//865 753//753 754//754
f 865//865 754//754 755//755
f 865//865 755//755 756//756
f 865//865 756//756 757//757
f 865//865 757//757 758//758
f 865//865 758//758 759//759
f 865//865 759//759 760//760
f 865//865 760//760 761//761
f 865//865 761//761 762//762
f 865//865 762//762 763//763
f 865//865 763//763 764//764
f 865//865 764//764 765//765
f 865//865 765//765 766//766
f 865//865 766//766 767//767
f 865//865 767//767 768//768
f 865//865 768//768 769//769
f 865//865 769//769 770//770
f 865//865 770//770 771//771
f 865//865 771//771 772//772
f 865//865 772//772 773//773
f 865//865 773//773 774//774
f 865//865 774//774 775//775
f 865//865 775//775 776//776
f 865//865 776//776 777//777
f 865//865 777//777 778//778
f 865//865 778//778 779//779
f 865//865 779//779 780//780
f 865//865 780//780 781//781
f 865//865 781//781 782//782
f 865//865 782//782 783//783
f 865//865 783//783 784//784
f 865//865 784//784 785//785
f 865//865 785//785 786//786
f 865//865 786//786 787//787
f 865//865 787//787 788//788
f 865//865 788//788 789//789
f 865//865 789//789 790//790
f 865//865 790//790 791//791
f 865//865 791//791 792//792
f 865//865 792//792 793//793
f 865//865 793//793 794//794
f 865//865 794//794 795//795
f 865//865 795//795 796//796
f 865//865 796//796 797//797
f 865//865 797//797 798//798
f 865//865 798//798 799//799
f 865//865 799//799 800//800
f 865//865 800//800 801//801
f 865//865 801//801 802//802
f 865//865 802//802 803//803
f 865//865 803//803 804//804
f 865//865 804//804 805//805
f 865//865 805//805 806//806
f 865//865 806//806 807//807
f 865//865 807//807 808//808
f 865//865 808//808 809//809
f 865//865 809//809 810//810
f 865//865 810//810 811//811
f 865//865 811//811 812//812
f 865//865 812//812 813//813
f 865//865 813//813 814//814
f 865//865 814//814 815//815
f 865//865 815//815 816//816
f 865//865 816//816 817//817
f 865//865 817//817 818//818
f 865//865 818//818 819//819
f 865//865 819//819 820//820
f 865//865 820//820 821//821
f 865//865 821//821 822//822
f 865//865 822//822 823//823
f 865//865 823//823 824//824
f 865//865 824//824 825//825
f 865//865 825//825 826//826
f 865//865 826//826 827//827
f 865//865 827//827 828//828
f 865//865 828//828 829//829
f 865//865 829//829 830//830
f 865//865 830//830 831//831
f 865//865 831//831 832//832
f 865//865 832//832 833//833
f 865//865 833//833 834//834
f 865//865 834//834 835//835
f 865//865 835//835 836//836
f 865//865 836//836 837//837
f 865//865 837//837 838//838
f 865//865 838//838 839//839
f 865//865 839//839 840//840
f 865//865 840//840 841//841
f 865//865 841//841 842//842
f 865//865 842//842 843//843
f 865//865 843//843 844//844
f 865//865 844//844 845//845
f 865//865 845//845 846//846
f 865//865 846//846 847//847
f 865//865 847//847 848//848
f 865//865 848//848 849//849
f 865//865 849//849 850//850
f 865//865 850//850 851//851
f 865//865 851//851 852//852
f 865//865 852//852 853//853
f 865//865 853//853 854//854
f 865//865 854//854 855//855
f 865//865 855//855 856//856
f 865//865 856//856 857//857
f 865//865 857//857 858//858
f 865//865 858//858 859//859
f 865//865 859//859 860//860
f 865//865 860//860 861//861
f 865//865 861//861 862//862
f 865//865 862//862 863//863
f 863//863 864//864 865//865
o WheelFR
v 0.48 1.76 0.44
v 0.480437 1.76 0.459615
v 0.48178 1.76 0.479536
v 0.48407 1.76 0.499706
v 0.487346 1.76 0.520064
v 0.491641 1.76 0.540542
v 0.496984 1.76 0.56107
v 0.503397 1.76 0.581569
v 0.510893 1.76 0.601962
v 0.51948 1.76 0.622163
v 0.529155 1.76 0.64209
v 0.539909 1.76 0.661655
v 0.551722 1.76 0.680772
v 0.564566 1.76 0.699359
v 0.578405 1.76 0.717331
v 0.593191 1.76 0.734612
v 0.608873 1.76 0.751127
v 0.625388 1.76 0.766809
v 0.642669 1.76 0.781595
v 0.660641 1.76 0.795434
v 0.679228 1.76 0.808278
v 0.698345 1.76 0.820091
v 0.71791 1.76 0.830845
v 0.737837 1.76 0.84052
v 0.758038 1.76 0.849107
v 0.778431 1.76 0.856603
v 0.79893 1.76 0.863016
v 0.819458 1.76 0.868359
v 0.839936 1.76 0.872654
v 0.860294 1.76 0.87593
v 0.880464 1.76 0.87822
v 0.900385 1.76 0.879563
v 0.92 1.76 0.88
v 0.939615 1.76 0.879563
v 0.959536 1.76 0.87822
v 0.979706 1.76 0.87593
v 1.00006 1.76 0.872654
v 1.02054 1.76 0.868359
v 1.04107 1.76 0.863016
v 1.06157 1.76 0.856603
v 1.08196 1.76 0.849107
v 1.10216 1.76 0.84052
v 1.12209 1.76 0.830845
v 1.14165 1.76 0.820091
v 1.16077 1.76 0.808278
v 1.17936 1.76 0.795434
v 1.19733 1.76 0.781595
v 1.21461 1.76 0.766809
v 1.23113 1.76 0.751127
v 1.24681 1.76 0.734612
v 1.2616 1.76 0.717331
v 1.27543 1.76 0.699359
v 1.28828 1.76 0.680772
v 1.30009 1.76 0.661655
v 1.31084 1.76 0.64209
v 1.32052 1.76 0.622163
v 1.32911 1.76 0.601962
v 1.3366 1.76 0.581569
v 1.34302 1.76 0.56107
v 1.34836 1.76 0.540542
v 1.35265 1.76 0.520064
v 1.35593 1.76 0.499706
v 1.35822 1.76 0.479536
v 1.35956 1.76 0.459615
v 1.36 1.76 0.44
v 1.35956 1.76 0.420385
v 1.35822 1.76 0.400464
v 1.35593 1.76 0.380294
v 1.35265 1.76 0.359936
v 1.34836 1.76 0.339458
v 1.34302 1.76 0.31893
v 1.3366 1.76 0.298431
v 1.32911 1.76 0.278038
v 1.32052 1.76 0.257837
v 1.31084 1.76 0.23791
v 1.30009 1.76 0.218345
v 1.28828 1.76 0.199228
v 1.27543 1.76 0.180641
v 1.2616 1.76 0.162669
v 1.24681 1.76 0.145388
v 1.23113 1.76 0.128873
v 1.21461 1.76 0.113191
v 1.19733 1.76 0.0984046
v 1.17936 1.76 0.0845662
v 1.16077 1.76 0.071722
v 1.14165 1.76 0.0599089
v 1.12209 1.76 0.049155
v 1.10216 1.76 0.0394797
v 1.08196 1.76 0.0308931
v 1.06157 1.76 0.023397
v 1.04107 1.76 0.0169845
v 1.02054 1.76 0.0116412
v 1.00006 1.76 0.00734564
v 0.979706 1.76 0.00406973
v 0.959536 1.76 0.00177984
v 0.939615 1.76 0.000437445
v 0.92 1.76 0
v 0.900385 1.76 0.000437445
v 0.880464 1.76 0.00177984
v 0.860294 1.76 0.00406973
v 0.839936 1.76 0.00734564
v 0.819458 1.76 0.0116412
v 0.79893 1.76 0.0169845
v 0.778431 1.76 0.023397
v 0.758038 1.76 0.0308931
v 0.737837 1.76 0.0394797
v 0.71791 1.76 0.049155
v 0.698345 1.76 0.0599089
v 0.679228 1.76 0.071722
v 0.660641 1.76 0.0845662
v 0.642669 1.76 0.0984046
v 0.625388 1.76 0.113191
v 0.608873 1.76 0.128873
v 0.593191 1.76 0.145388
v 0.578405 1.76 0.162669
v 0.564566 1.76 0.180641
v 0.551722 1.76 0.199228
v 0.539909 1.76 0.218345
v 0.529155 1.76 0.23791
v 0.51948 1.76 0.257837
v 0.510893 1.76 0.278038
v 0.503397 1.76 0.298431
v 0.496984 1.76 0.31893
v 0.491641 1.76 0.339458
v 0.487346 1.76 0.359936
v 0.48407 1.76 0.380294
v 0.48178 1.76 0.400464
v 0.480437 1.76 0.420385
v 0.48 1.76 0.44
v 0.48 1.91 0.44
v 0.480437 1.91 0.459615
v 0.48178 1.91 0.479536
v 0.48407 1.91 0.499706
v 0.487346 1.91 0.520064
v 0.491641 1.91 0.540542
v 0.496984 1.91 0.56107
v 0.503397 1.91 0.581569
v 0.510893 1.91 0.601962
v 0.51948 1.91 0.622163
v 0.529155 1.91 0.64209
v 0.539909 1.91 0.661655
v 0.551722 1.91 0.680772
v 0.564566 1.91 0.699359
v 0.578405 1.91 0.717331
v 0.593191 1.91 0.734612
v 0.608873 1.91 0.751127
v 0.625388 1.91 0.766809
v 0.642669 1.91 0.781595
v 0.660641 1.91 0.795434
v 0.679228 1.91 0.808278
v 0.698345 1.91 0.820091
v 0.71791 1.91 0.830845
v 0.737837 1.91 0.84052
v 0.758038 1.91 0.849107
v 0.778431 1.91 0.856603
v 0.79893 1.91 0.863016
v 0.819458 1.91 0.868359
v 0.839936 1.91 0.872654
v 0.860294 1.91 0.87593
v 0.880464 1.91 0.87822
v 0.900385 1.91 0.879563
v 0.92 1.91 0.88
v 0.939615 1.91 0.879563
v 0.959536 1.91 0.87822
v 0.979706 1.91 0.87593
v 1.00006 1.91 0.872654
v 1.02054 1.91 0.868359
v 1.04107 1.91 0.863016
v 1.06157 1.91 0.856603
v 1.08196 1.91 0.849107
v 1.10216 1.91 0.84052
v 1.12209 1.91 0.830845
v 1.14165 1.91 0.820091
v 1.16077 1.91 0.808278
v 1.17936 1.91 0.795434
v 1.19733 1.91 0.781595
v 1.21461 1.91 0.766809
v 1.23113 1.91 0.751127
v 1.24681 1.91 0.734612
v 1.2616 1.91 0.717331
v 1.27543 1.91 0.699359
v 1.28828 1.91 0.680772
v 1.30009 1.91 0.661655
v 1.31084 1.91 0.64209
v 1.32052 1.91 0.622163
v 1.32911 1.91 0.601962
v 1.3366 1.91 0.581569
v 1.34302 1.91 0.56107
v 1.34836 1.91 0.540542
v 1.35265 1.91 0.520064
v 1.35593 1.91 0.499706
v 1.35822 1.91 0.479536
v 1.35956 1.91 0.459615
v 1.36 1.91 0.44
v 1.35956 1.91 0.420385
v 1.35822 1.91 0.400464
v 1.35593 1.91 0.380294
v 1.35265 1.91 0.359936
v 1.34836 1.91 0.339458
v 1.34302 1.91 0.31893
v 1.3366 1.91 0.298431
v 1.32911 1.91 0.278038
v 1.32052 1.91 0.257837
v 1.31084 1.91 0.23791
v 1.30009 1.91 0.218345
v 1.28828 1.91 0.199228
v 1.27543 1.91 0.180641
v 1.2616 1.91 0.162669
v 1.24681 1.91 0.145388
v 1.23113 1.91 0.128873
v 1.21461 1.91 0.113191
v 1.19733 1.91 0.0984046
v 1.17936 1.91 0.0845662
v 1.16077 1.91 0.071722
v 1.14165 1.91 0.0599089
v 1.12209 1.91 0.049155
v 1.10216 1.91 0.0394797
v 1.08196 1.91 0.0308931
v 1.06157 1.91 0.023397
v 1.04107 1.91 0.0169845
v 1.02054 1.91 0.0116412
v 1.00006 1.91 0.00734564
v 0.979706 1.91 0.00406973
v 0.959536 1.91 0.00177984
v 0.939615 1.91 0.000437445
v 0.92 1.91 0
v 0.900385 1.91 0.000437445
v 0.880464 1.91 0.00177984
v 0.860294 1.91 0.00406973
v 0.839936 1.91 0.00734564
v 0.819458 1.91 0.0116412
v 0.79893 1.91 0.0169845
v 0.778431 1.91 0.023397
v 0.758038 1.91 0.0308931
v 0.737837 1.91 0.0394797
v 0.71791 1.91 0.049155
v 0.698345 1.91 0.0599089
v 0.679228 1.91 0.071722
v 0.660641 1.91 0.0845662
v 0.642669 1.91 0.0984046
v 0.625388 1.91 0.113191
v 0.608873 1.91 0.128873
v 0.593191 1.91 0.145388
v 0.578405 1.91 0.162669
v 0.564566 1.91 0.180641
v 0.551722 1.91 0.199228
v 0.539909 1.91 0.218345
v 0.529155 1.91 0.23791
v 0.51948 1.91 0.257837
v 0.510893 1.91 0.278038
v 0.503397 1.91 0.298431
v 0.496984 1.91 0.31893
v 0.491641 1.91 0.339458
v 0.487346 1.91 0.359936
v 0.48407 1.91 0.380294
v 0.48178 1.91 0.400464
v 0.480437 1.91 0.420385
v 0.48 1.91 0.44
v 0.48 2.06 0.44
v 0.480437 2.06 0.459615
v 0.48178 2.06 0.479536
v 0.48407 2.06 0.499706
v 0.487346 2.06 0.520064
v 0.491641 2.06 0.540542
v 0.496984 2.06 0.56107
v 0.503397 2.06 0.581569
v 0.510893 2.06 0.601962
v 0.51948 2.06 0.622163
v 0.529155 2.06 0.64209
v 0.539909 2.06 0.661655
v 0.551722 2.06 0.680772
v 0.564566 2.06 0.699359
v 0.578405 2.06 0.717331
v 0.593191 2.06 0.734612
v 0.608873 2.06 0.751127
v 0.625388 2.06 0.766809
v 0.642669 2.06 0.781595
v 0.660641 2.06 0.795434
v 0.679228 2.06 0.808278
v 0.698345 2.06 0.820091
v 0.71791 2.06 0.830845
v 0.737837 2.06 0.84052
v 0.758038 2.06 0.849107
v 0.778431 2.06 0.856603
v 0.79893 2.06 0.863016
v 0.819458 2.06 0.868359
v 0.839936 2.06 0.872654
v 0.860294 2.06 0.87593
v 0.880464 2.06 0.87822
v 0.900385 2.06 0.879563
v 0.92 2.06 0.88
v 0.939615 2.06 0.879563
v 0.959536 2.06 0.87822
v 0.979706 2.06 0.87593
v 1.00006 2.06 0.872654
v 1.02054 2.06 0.868359
v 1.04107 2.06 0.863016
v 1.06157 2.06 0.856603
v 1.08196 2.06 0.849107
v 1.10216 2.06 0.84052
v 1.12209 2.06 0.830845
v 1.14165 2.06 0.820091
v 1.16077 2.06 0.808278
v 1.17936 2.06 0.795434
v 1.19733 2.06 0.781595
v 1.21461 2.06 0.766809
v 1.23113 2.06 0.751127
v 1.24681 2.06 0.734612
v 1.2616 2.06 0.717331
v 1.27543 2.06 0.699359
v 1.28828 2.06 0.680772
v 1.30009 2.06 0.661655
v 1.31084 2.06 0.64209
v 1.32052 2.06 0.622163
v 1.32911 2.06 0.601962
v 1.3366 2.06 0.581569
v 1.34302 2.06 0.56107
v 1.34836 2.06 0.540542
v 1.35265 2.06 0.520064
v 1.35593 2.06 0.499706
v 1.35822 2.06 0.479536
v 1.35956 2.06 0.459615
v 1.36 2.06 0.44
v 1.35956 2.06 0.420385
v 1.35822 2.06 0.400464
v 1.35593 2.06 0.380294
v 1.35265 2.06 0.359936
v 1.34836 2.06 0.339458
v 1.34302 2.06 0.31893
v 1.3366 2.06 0.298431
v 1.32911 2.06 0.278038
v 1.32052 2.06 0.257837
v 1.31084 2.06 0.23791
v 1.30009 2.06 0.218345
v 1.28828 2.06 0.199228
v 1.27543 2.06 0.180641
v 1.2616 2.06 0.162669
v 1.24681 2.06 0.145388
v 1.23113 2.06 0.128873
v 1.21461 2.06 0.113191
v 1.19733 2.06 0.0984046
v 1.17936 2.06 0.0845662
v 1.16077 2.06 0.071722
v 1.14165 2.06 0.0599089
v 1.12209 2.06 0.049155
v 1.10216 2.06 0.0394797
v 1.08196 2.06 0.0308931
v 1.06157 2.06 0.023397
v 1.04107 2.06 0.0169845
v 1.02054 2.06 0.0116412
v 1.00006 2.06 0.00734564
v 0.979706 2.06 0.00406973
v 0.959536 2.06 0.00177984
v 0.939615 2.06 0.000437445
v 0.92 2.06 0
v 0.900385 2.06 0.000437445
v 0.880464 2.06 0.00177984
v 0.860294 2.06 0.00406973
v 0.839936 2.06 0.00734564
v 0.819458 2.06 0.0116412
v 0.79893 2.06 0.0169845
v 0.778431 2.06 0.023397
v 0.758038 2.06 0.0308931
v 0.737837 2.06 0.0394797
v 0.71791 2.06 0.049155
v 0.698345 2.06 0.0599089
v 0.679228 2.06 0.071722
v 0.660641 2.06 0.0845662
v 0.642669 2.06 0.0984046
v 0.625388 2.06 0.113191
v 0.608873 2.06 0.128873
v 0.593191 2.06 0.145388
v 0.578405 2.06 0.162669
v 0.564566 2.06 0.180641
v 0.551722 2.06 0.199228
v 0.539909 2.06 0.218345
v 0.529155 2.06 0.23791
v 0.51948 2.06 0.257837
v 0.510893 2.06 0.278038
v 0.503397 2.06 0.298431
v 0.496984 2.06 0.31893
v 0.491641 2.06 0.339458
v 0.487346 2.06 0.359936
v 0.48407 2.06 0.380294
v 0.48178 2.06 0.400464
v 0.480437 2.06 0.420385
v 0.48 2.06 0.44
vn -1 0 -8.92098e-17
vn -0.999006 0 0.0445802
vn -0.995955 0 0.0898544
vn -0.990751 0 0.135695
vn -0.983305 0 0.181963
vn -0.973543 0 0.228505
vn -0.961399 0 0.275158
vn -0.946825 0 0.321749
vn -0.929788 0 0.368095
vn -0.910273 0 0.414008
vn -0.888284 0 0.459295
vn -0.863844 0 0.50376
vn -0.836996 0 0.54721
vn -0.807804 0 0.589451
vn -0.776353 0 0.630298
vn -0.742747 0 0.669572
vn -0.707107 0 0.707107
vn -0.669572 0 0.742747
vn -0.630298 0 0.776353
vn -0.589451 0 0.807804
vn -0.54721 0 0.836996
vn -0.50376 0 0.863844
vn -0.459295 0 0.888284
vn -0.414008 0 0.910273
vn -0.368095 0 0.929788
vn -0.321749 0 0.946825
vn -0.275158 0 0.961399
vn -0.228505 0 0.973543
vn -0.181963 0 0.983305
vn -0.135695 0 0.990751
vn -0.0898544 0 0.995955
vn -0.0445802 0 0.999006
vn -1.7842e-16 0 1
vn 0.0445802 -0 0.999006
vn 0.0898544 -0 0.995955
vn 0.135695 -0 0.990751
vn 0.181963 -0 0.983305
vn 0.228505 -0 0.973543
vn 0.275158 -0 0.961399
vn 0.321749 -0 0.946825
vn 0.368095 -0 0.929788
vn 0.414008 -0 0.910273
vn 0.459295 -0 0.888284
vn 0.50376 -0 0.863844
vn 0.54721 -0 0.836996
vn 0.589451 -0 0.807804
vn 0.630298 -0 0.776353
vn 0.669572 -0 0.742747
vn 0.707107 -0 0.707107
vn 0.742747 -0 0.669572
vn 0.776353 -0 0.630298
vn 0.807804 -0 0.589451
vn 0.836996 -0 0.54721
vn 0.863844 -0 0.50376
vn 0.888284 -0 0.459295
vn 0.910273 -0 0.414008
vn 0.929788 -0 0.368095
vn 0.946825 -0 0.321749
vn 0.961399 -0 0.275158
vn 0.973543 -0 0.228505
vn 0.983305 -0 0.181963
vn 0.990751 -0 0.135695
vn 0.995955 -0 0.0898544
vn 0.999006 -0 0.0445802
vn 1 -0 0
vn 0.999006 0 -0.0445802
vn 0.995955 0 -0.0898544
vn 0.990751 0 -0.135695
vn 0.983305 0 -0.181963
vn 0.973543 0 -0.228505
vn 0.961399 0 -0.275158
vn 0.946825 0 -0.321749
vn 0.929788 0 -0.368095
vn 0.910273 0 -0.414008
vn 0.888284 0 -0.459295
vn 0.863844 0 -0.50376
vn 0.836996 0 -0.54721
vn 0.807804 0 -0.589451
vn 0.776353 0 -0.630298
vn 0.742747 0 -0.669572
vn 0.707107 0 -0.707107
vn 0.669572 0 -0.742747
vn 0.630298 0 -0.776353
vn 0.589451 0 -0.807804
vn 0.54721 0 -0.836996
vn 0.50376 0 -0.863844
vn 0.459295 0 -0.888284
vn 0.414008 0 -0.910273
vn 0.368095 0 -0.929788
vn 0.321749 0 -0.946825
vn 0.275158 0 -0.961399
vn 0.228505 0 -0.973543
vn 0.181963 0 -0.983305
vn 0.135695 0 -0.990751
vn 0.0898544 0 -0.995955
vn 0.0445802 0 -0.999006
vn 2.52323e-16 0 -1
vn -0.0445802 0 -0.999006
vn -0.0898544 0 -0.995955
vn -0.135695 0 -0.990751
vn -0.181963 0 -0.983305
vn -0.228505 0 -0.973543
vn -0.275158 0 -0.961399
vn -0.321749 0 -0.946825
vn -0.368095 0 -0.929788
vn -0.414008 0 -0.910273
vn -0.459295 0 -0.888284
vn -0.50376 0 -0.863844
vn -0.54721 0 -0.836996
vn -0.589451 0 -0.807804
vn -0.630298 0 -0.776353
vn -0.669572 0 -0.742747
vn -0.707107 0 -0.707107
vn -0.742747 0 -0.669572
vn -0.776353 0 -0.630298
vn -0.807804 0 -0.589451
vn -0.836996 0 -0.54721
vn -0.863844 0 -0.50376
vn -0.888284 0 -0.459295
vn -0.910273 0 -0.414008
vn -0.929788 0 -0.368095
vn -0.946825 0 -0.321749
vn -0.961399 0 -0.275158
vn -0.973543 0 -0.228505
vn -0.983305 0 -0.181963
vn -0.990751 0 -0.135695
vn -0.995955 0 -0.0898544
vn -0.999006 0 -0.0445802
vn -1 0 -2.67629e-16
vn -1 0 0
vn -0.999006 0 0.0445802
vn -0.995955 0 0.0898544
vn -0.990751 0 0.135695
vn -0.983305 0 0.181963
vn -0.973543 0 0.228505
vn -0.961399 0 0.275158
vn -0.946825 0 0.321749
vn -0.929788 0 0.368095
vn -0.910273 0 0.414008
vn -0.888284 0 0.459295
vn -0.863844 0 0.50376
vn -0.836996 0 0.54721
vn -0.807804 0 0.589451
vn -0.776353 0 0.630298
vn -0.742747 0 0.669572
vn -0.707107 0 0.707107
vn -0.669572 0 0.742747
vn -0.630298 0 0.776353
vn -0.589451 0 0.807804
vn -0.54721 0 0.836996
vn -0.50376 0 0.863844
vn -0.459295 0 0.888284
vn -0.414008 0 0.910273
vn -0.368095 0 0.929788
vn -0.321749 0 0.946825
vn -0.275158 0 0.961399
vn -0.228505 0 0.973543
vn -0.181963 0 0.983305
vn -0.135695 0 0.990751
vn -0.0898544 0 0.995955
vn -0.0445802 0 0.999006
vn -5.35259e-16 0 1
vn 0.0445802 -0 0.999006
vn 0.0898544 -0 0.995955
vn 0.135695 -0 0.990751
vn 0.181963 -0 0.983305
vn 0.228505 -0 0.973543
vn 0.275158 -0 0.961399
vn 0.321749 -0 0.946825
vn 0.368095 -0 0.929788
vn 0.414008 -0 0.910273
vn 0.459295 -0 0.888284
vn 0.50376 -0 0.863844
vn 0.54721 -0 0.836996
vn 0.589451 -0 0.807804
vn 0.630298 -0 0.776353
vn 0.669572 -0 0.742747
vn 0.707107 -0 0.707107
vn 0.742747 -0 0.669572
vn 0.776353 -0 0.630298
vn 0.807804 -0 0.589451
vn 0.836996 -0 0.54721
vn 0.863844 -0 0.50376
vn 0.888284 -0 0.459295
vn 0.910273 -0 0.414008
vn 0.929788 -0 0.368095
vn 0.946825 -0 0.321749
vn 0.961399 -0 0.275158
vn 0.973543 -0 0.228505
vn 0.983305 -0 0.181963
vn 0.990751 -0 0.135695
vn 0.995955 -0 0.0898544
vn 0.999006 -0 0.0445802
vn 1 -0 3.56839e-16
vn 0.999006 0 -0.0445802
vn 0.995955 0 -0.0898544
vn 0.990751 0 -0.135695
vn 0.983305 0 -0.181963
vn 0.973543 0 -0.228505
vn 0.961399 0 -0.275158
vn 0.946825 0 -0.321749
vn 0.929788 0 -0.368095
vn 0.910273 0 -0.414008
vn 0.888284 0 -0.459295
vn 0.863844 0 -0.50376
vn 0.836996 0 -0.54721
vn 0.807804 0 -0.589451
vn 0.776353 0 -0.630298
vn 0.742747 0 -0.669572
vn 0.707107 0 -0.707107
vn 0.669572 0 -0.742747
vn 0.630298 0 -0.776353
vn 0.589451 0 -0.807804
vn 0.54721 0 -0.836996
vn 0.50376 0 -0.863844
vn 0.459295 0 -0.888284
vn 0.414008 0 -0.910273
vn 0.368095 0 -0.929788
vn 0.321749 0 -0.946825
vn 0.275158 0 -0.961399
vn 0.228505 0 -0.973543
vn 0.181963 0 -0.983305
vn 0.135695 0 -0.990751
vn 0.0898544 0 -0.995955
vn 0.0445802 0 -0.999006
vn 2.52323e-16 0 -1
vn -0.0445802 0 -0.999006
vn -0.0898544 0 -0.995955
vn -0.135695 0 -0.990751
vn -0.181963 0 -0.983305
vn -0.228505 0 -0.973543
vn -0.275158 0 -0.961399
vn -0.321749 0 -0.946825
vn -0.368095 0 -0.929788
vn -0.414008 0 -0.910273
vn -0.459295 0 -0.888284
vn -0.50376 0 -0.863844
vn -0.54721 0 -0.836996
vn -0.589451 0 -0.807804
vn -0.630298 0 -0.776353
vn -0.669572 0 -0.742747
vn -0.707107 0 -0.707107
vn -0.742747 0 -0.669572
vn -0.776353 0 -0.630298
vn -0.807804 0 -0.589451
vn -0.836996 0 -0.54721
vn -0.863844 0 -0.50376
vn -0.888284 0 -0.459295
vn -0.910273 0 -0.414008
vn -0.929788 0 -0.368095
vn -0.946825 0 -0.321749
vn -0.961399 0 -0.275158
vn -0.973543 0 -0.228505
vn -0.983305 0 -0.181963
vn -0.990751 0 -0.135695
vn -0.995955 0 -0.0898544
vn -0.999006 0 -0.0445802
vn -1 0 -2.67629e-16
vn -1 0 -8.92098e-17
vn -0.999006 0 0.0445802
vn -0.995955 0 0.0898544
vn -0.990751 0 0.135695
vn -0.983305 0 0.181963
vn -0.973543 0 0.228505
vn -0.961399 0 0.275158
vn -0.946825 0 0.321749
vn -0.929788 0 0.368095
vn -0.910273 0 0.414008
vn -0.888284 0 0.459295
vn -0.863844 0 0.50376
vn -0.836996 0 0.54721
vn -0.807804 0 0.589451
vn -0.776353 0 0.630298
vn -0.742747 0 0.669572
vn -0.707107 0 0.707107
vn -0.669572 0 0.742747
vn -0.630298 0 0.776353
vn -0.589451 0 0.807804
vn -0.54721 0 0.836996
vn -0.50376 0 0.863844
vn -0.459295 0 0.888284
vn -0.414008 0 0.910273
vn -0.368095 0 0.929788
vn -0.321749 0 0.946825
vn -0.275158 0 0.961399
vn -0.228505 0 0.973543
vn -0.181963 0 0.983305
vn -0.135695 0 0.990751
vn -0.0898544 0 0.995955
vn -0.0445802 0 0.999006
vn -1.7842e-16 0 1
vn 0.0445802 -0 0.999006
vn 0.0898544 -0 0.995955
vn 0.135695 -0 0.990751
vn 0.181963 -0 0.983305
vn 0.228505 -0 0.973543
vn 0.275158 -0 0.961399
vn 0.321749 -0 0.946825
vn 0.368095 -0 0.929788
vn 0.414008 -0 0.910273
vn 0.459295 -0 0.888284
vn 0.50376 -0 0.863844
vn 0.54721 -0 0.836996
vn 0.589451 -0 0.807804
vn 0.630298 -0 0.776353
vn 0.669572 -0 0.742747
vn 0.707107 -0 0.707107
vn 0.742747 -0 0.669572
vn 0.776353 -0 0.630298
vn 0.807804 -0 0.589451
vn 0.836996 -0 0.54721
vn 0.863844 -0 0.50376
vn 0.888284 -0 0.459295
vn 0.910273 -0 0.414008
vn 0.929788 -0 0.368095
vn 0.946825 -0 0.321749
vn 0.961399 -0 0.275158
vn 0.973543 -0 0.228505
vn 0.983305 -0 0.181963
vn 0.990751 -0 0.135695
vn 0.995955 -0 0.0898544
vn 0.999006 -0 0.0445802
vn 1 -0 0
vn 0.999006 0 -0.0445802
vn 0.995955 0 -0.0898544
vn 0.990751 0 -0.135695
vn 0.983305 0 -0.181963
vn 0.973543 0 -0.228505
vn 0.961399 0 -0.275158
vn 0.946825 0 -0.321749
vn 0.929788 0 -0.368095
vn 0.910273 0 -0.414008
vn 0.888284 0 -0.459295
vn 0.863844 0 -0.50376
vn 0.836996 0 -0.54721
vn 0.807804 0 -0.589451
vn 0.776353 0 -0.630298
vn 0.742747 0 -0.669572
vn 0.707107 0 -0.707107
vn 0.669572 0 -0.742747
vn 0.630298 0 -0.776353
vn 0.589451 0 -0.807804
vn 0.54721 0 -0.836996
vn 0.50376 0 -0.863844
vn 0.459295 0 -0.888284
vn 0.414008 0 -0.910273
vn 0.368095 0 -0.929788
vn 0.321749 0 -0.946825
vn 0.275158 0 -0.961399
vn 0.228505 0 -0.973543
vn 0.181963 0 -0.983305
vn 0.135695 0 -0.990751
vn 0.0898544 0 -0.995955
vn 0.0445802 0 -0.999006
vn 2.52323e-16 0 -1
vn -0.0445802 0 -0.999006
vn -0.0898544 0 -0.995955
vn -0.135695 0 -0.990751
vn -0.181963 0 -0.983305
vn -0.228505 0 -0.973543
vn -0.275158 0 -0.961399
vn -0.321749 0 -0.946825
vn -0.368095 0 -0.929788
vn -0.414008 0 -0.910273
vn -0.459295 0 -0.888284
vn -0.50376 0 -0.863844
vn -0.54721 0 -0.836996
vn -0.589451 0 -0.807804
vn -0.630298 0 -0.776353
vn -0.669572 0 -0.742747
vn -0.707107 0 -0.707107
vn -0.742747 0 -0.669572
vn -0.776353 0 -0.630298
vn -0.807804 0 -0.589451
vn -0.836996 0 -0.54721
vn -0.863844 0 -0.50376
vn -0.888284 0 -0.459295
vn -0.910273 0 -0.414008
vn -0.929788 0 -0.368095
vn -0.946825 0 -0.321749
vn -0.961399 0 -0.275158
vn -0.973543 0 -0.228505
vn -0.983305 0 -0.181963
vn -0.990751 0 -0.135695
vn -0.995955 0 -0.0898544
vn -0.999006 0 -0.0445802
vn -1 0 -2.67629e-16
g WheelFR_f0
usemtl rubber
f 866//866 867//867 996//996
f 866//866 996//996 995//995
f 867//867 868//868 997//997
f 867//867 997//997 996//996
f 868//868 869//869 998//998
f 868//868 998//998 997//997
f 869//869 870//870 999//999
f 869//869 999//999 998//998
f 870//870 871//871 1000//1000
f 870//870 1000//1000 999//999
f 871//871 872//872 1001//1001
f 871//871 1001//1001 1000//1000
f 872//872 873//873 1002//1002
f 872//872 1002//1002 1001//1001
f 873//873 874//874 1003//1003
f 873//873 1003//1003 1002//1002
f 874//874 875//875 1004//1004
f 874//874 1004//1004 1003//1003
f 875//875 876//876 1005//1005
f 875//875 1005//1005 1004//1004
f 876//876 877//877 1006//1006
f 876//876 1006//1006 1005//1005
f 877//877 878//878 1007//1007
f 877//877 1007//1007 1006//1006
f 878//878 879//879 1008//1008
f 878//878 1008//1008 1007//1007
f 879//879 880//880 1009//1009
f 879//879 1009//1009 1008//1008
f 880//880 881//881 1010//1010
f 880//880 1010//1010 1009//1009
f 881//881 882//882 1011//1011
f 881//881 1011//1011 1010//1010
f 882//882 883//883 1012//1012
f 882//882 1012//1012 1011//1011
f 883//883 884//884 1013//1013
f 883//883 1013//1013 1012//1012
f 884//884 885//885 1014//1014
f 884//884 1014//1014 1013//1013
f 885//885 886//886 1015//1015
f 885//885 1015//1015 1014//1014
f 886//886 887//887 1016//1016
f 886//886 1016//1016 1015//1015
f 887//887 888//888 1017//1017
f 887//887 1017//1017 1016//1016
f 888//888 889//889 1018//1018
f 888//888 1018//1018 1017//1017
f 889//889 890//890 1019//1019
f 889//889 1019//1019 1018//1018
f 890//890 891//891 1020//1020
f 890//890 1020//1020 1019//1019
f 891//891 892//892 1021//1021
f 891//891 1021//1021 1020//1020
f 892//892 893//893 1022//1022
f 892//892 1022//1022 1021//1021
f 893//893 894//894 1023//1023
f 893//893 1023//1023 1022//1022
f 894//894 895//895 1024//1024
f 894//894 1024//1024 1023//1023
f 895//895 896//896 1025//1025
f 895//895 1025//1025 1024//1024
f 896//896 897//897 1026//1026
f 896//896 1026//1026 1025//1025
f 897//897 898//898 1027//1027
f 897//897 1027//1027 1026//1026
f 898//898 899//899 1028//1028
f 898//898 1028//1028 1027//1027
f 899//899 900//900 1029//1029
f 899//899 1029//1029 1028//1028
f 900//900 901//901 1030//1030
f 900//900 1030//1030 1029//1029
f 901//901 902//902 1031//1031
f 901//901 1031//1031 1030//1030
f 902//902 903//903 1032//1032
f 902//902 1032//1032 1031//1031
f 903//903 904//904 1033//1033
f 903//903 1033//1033 1032//1032
f 904//904 905//905 1034//1034
f 904//904 1034//1034 1033//1033
f 905//905 906//906 1035//1035
f 905//905 1035//1035 1034//1034
f 906//906 907//907 1036//1036
f 906//906 1036//1036 1035//1035
f 907//907 908//908 1037//1037
f 907//907 1037//1037 1036//1036
f 908//908 909//909 1038//1038
f 908//908 1038//1038 1037//1037
f 909//909 910//910 1039//1039
f 909//909 1039//1039 1038//1038
f 910//910 911//911 1040//1040
f 910//910 1040//1040 1039//1039
f 911//911 912//912 1041//1041
f 911//911 1041//1041 1040//1040
f 912//912 913//913 1042//1042
f 912//912 1042//1042 1041//1041
f 913//913 914//914 1043//1043
f 913//913 1043//1043 1042//1042
f 914//914 915//915 1044//1044
f 914//914 1044//1044 1043//1043
f 915//915 916//916 1045//1045
f 915//915 1045//1045 1044//1044
f 916//916 917//917 1046//1046
f 916//916 1046//1046 1045//1045
f 917//917 918//918 1047//1047
f 917//917 1047//1047 1046//1046
f 918//918 919//919 1048//1048
f 918//918 1048//1048 1047//1047
f 919//919 920//920 1049//1049
f 919//919 1049//1049 1048//1048
f 920//920 921//921 1050//1050
f 920//920 1050//1050 1049//1049
f 921//921 922//922 1051//1051
f 921//921 1051//1051 1050//1050
f 922//922 923//923 1052//1052
f 922//922 1052//1052 1051//1051
f 923//923 924//924 1053//1053
f 923//923 1053//1053 1052//1052
f 924//924 925//925 1054//1054
f 924//924 1054//1054 1053//1053
f 925//925 926//926 1055//1055
f 925//925 1055//1055 1054//1054
f 926//926 927//927 1056//1056
f 926//926 1056//1056 1055//1055
f 927//927 928//928 1057//1057
f 927//927 1057//1057 1056//1056
f 928//928 929//929 1058//1058
f 928//928 1058//1058 1057//1057
f 929//929 930//930 1059//1059
f 929//929 1059//1059 1058//1058
f 930//930 931//931 1060//1060
f 930//930 1060//1060 1059//1059
f 931//931 932//932 1061//1061
f 931//931 1061//1061 1060//1060
f 932//932 933//933 1062//1062
f 932//932 1062//1062 1061//1061
f 933//933 934//934 1063//1063
f 933//933 1063//1063 1062//1062
f 934//934 935//935 1064//1064
f 934//934 1064//1064 1063//1063
f 935//935 936//936 1065//1065
f 935//935 1065//1065 1064//1064
f 936//936 937//937 1066//1066
f 936//936 1066//1066 1065//1065
f 937//937 938//938 1067//1067
f 937//937 1067//1067 1066//1066
f 938//938 939//939 1068//1068
f 938//938 1068//1068 1067//1067
f 939//939 940//940 1069//1069
f 939//939 1069//1069 1068//1068
f 940//940 941//941 1070//1070
f 940//940 1070//1070 1069//1069
f 941//941 942//942 1071//1071
f 941//941 1071//1071 1070//1070
f 942//942 943//943 1072//1072
f 942//942 1072//1072 1071//1071
f 943//943 944//944 1073//1073
f 943//943 1073//1073 1072//1072
f 944//944 945//945 1074//1074
f 944//944 1074//1074 1073//1073
f 945//945 946//946 1075//1075
f 945//945 1075//1075 1074//1074
f 946//946 947//947 1076//1076
f 946//946 1076//1076 1075//1075
f 947//947 948//948 1077//1077
f 947//947 1077//1077 1076//1076
f 948//948 949//949 1078//1078
f 948//948 1078//1078 1077//1077
f 949//949 950//950 1079//1079
f 949//949 1079//1079 1078//1078
f 950//950 951//951 1080//1080
f 950//950 1080//1080 1079//1079
f 951//951 952//952 1081//1081
f 951//951 1081//1081 1080//1080
f 952//952 953//953 1082//1082
f 952//952 1082//1082 1081//1081
f 953//953 954//954 1083//1083
f 953//953 1083//1083 1082//1082
f 954//954 955//955 1084//1084
f 954//954 1084//1084 1083//1083
f 955//955 956//956 1085//1085
f 955//955 1085//1085 1084//1084
f 956//956 957//957 1086//1086
f 956//956 1086//1086 1085//1085
f 957//957 958//958 1087//1087
f 957//957 1087//1087 1086//1086
f 958//958 959//959 1088//1088
f 958//958 1088//1088 1087//1087
f 959//959 960//960 1089//1089
f 959//959 1089//1089 1088//1088
f 960//960 961//961 1090//1090
f 960//960 1090//1090 1089//1089
f 961//961 962//962 1091//1091
f 961//961 1091//1091 1090//1090
f 962//962 963//963 1092//1092
f 962//962 1092//1092 1091//1091
f 963//963 964//964 1093//1093
f 963//963 1093//1093 1092//1092
f 964//964 965//965 1094//1094
f 964//964 1094//1094 1093//1093
f 965//965 966//966 1095//1095
f 965//965 1095//1095 1094//1094
f 966//966 967//967 1096//1096
f 966//966 1096//1096 1095//1095
f 967//967 968//968 1097//1097
f 967//967 1097//1097 1096//1096
f 968//968 969//969 1098//1098
f 968//968 1098//1098 1097//1097
f 969//969 970//970 1099//1099
f 969//969 1099//1099 1098//1098
f 970//970 971//971 1100//1100
f 970//970 1100//1100 1099//1099
f 971//971 972//972 1101//1101
f 971//971 1101//1101 1100//1100
f 972//972 973//973 1102//1102
f 972//972 1102//1102 1101//1101
f 973//973 974//974 1103//1103
f 973//973 1103//1103 1102//1102
f 974//974 975//975 1104//1104
f 974//974 1104//1104 1103//1103
f 975//975 976//976 1105//1105
f 975//975 1105//1105 1104//1104
f 976//976 977//977 1106//1106
f 976//976 1106//1106 1105//1105
f 977//977 978//978 1107//1107
f 977//977 1107//1107 1106//1106
f 978//978 979//979 1108//1108
f 978//978 1108//1108 1107//1107
f 979//979 980//980 1109//1109
f 979//979 1109//1109 1108//1108
f 980//980 981//981 1110//1110
f 980//980 1110//1110 1109//1109
f 981//981 982//982 1111//1111
f 981//981 1111//1111 1110//1110
f 982//982 983//983 1112//1112
f 982//982 1112//1112 1111//1111
f 983//983 984//984 1113//1113
f 983//983 1113//1113 1112//1112
f 984//984 985//985 1114//1114
f 984//984 1114//1114 1113//1113
f 985//985 986//986 1115//1115
f 985//985 1115//1115 1114//1114
f 986//986 987//987 1116//1116
f 986//986 1116//1116 1115//1115
f 987//987 988//988 1117//1117
f 987//987 1117//1117 1116//1116
f 988//988 989//989 1118//1118
f 988//988 1118//1118 1117//1117
f 989//989 990//990 1119//1119
f 989//989 1119//1119 1118//1118
f 990//990 991//991 1120//1120
f 990//990 1120//1120 1119//1119
f 991//991 992//992 1121//1121
f 991//991 1121//1121 1120//1120
f 992//992 993//993 1122//1122
f 992//992 1122//1122 1121//1121
f 993//993 994//994 1123//1123
f 993//993 1123//1123 1122//1122
f 995//995 996//996 1125//1125
f 995//995 1125//1125 1124//1124
f 996//996 997//997 1126//1126
f 996//996 1126//1126 1125//1125
f 997//997 998//998 1127//1127
f 997//997 1127//1127 1126//1126
f 998//998 999//999 1128//1128
f 998//998 1128//1128 1127//1127
f 999//999 1000//1000 1129//1129
f 999//999 1129//1129 1128//1128
f 1000//1000 1001//1001 1130//1130
f 1000//1000 1130//1130 1129//1129
f 1001//1001 1002//1002 1131//1131
f 1001//1001 1131//1131 1130//1130
f 1002//1002 1003//1003 1132//1132
f 1002//1002 1132//1132 1131//1131
f 1003//1003 1004//1004 1133//1133
f 1003//1003 1133//1133 1132//1132
f 1004//1004 1005//1005 1134//1134
f 1004//1004 1134//1134 1133//1133
f 1005//1005 1006//1006 1135//1135
f 1005//1005 1135//1135 1134//1134
f 1006//1006 1007//1007 1136//1136
f 1006//1006 1136//1136 1135//1135
f 1007//1007 1008//1008 1137//1137
f 1007//1007 1137//1137 1136//1136
f 1008//1008 1009//1009 1138//1138
f 1008//1008 1138//1138 1137//1137
f 1009//1009 1010//1010 1139//1139
f 1009//1009 1139//1139 1138//1138
f 1010//1010 1011//1011 1140//1140
f 1010//1010 1140//1140 1139//1139
f 1011//1011 1012//1012 1141//1141
f 1011//1011 1141//1141 1140//1140
f 1012//1012 1013//1013 1142//1142
f 1012//1012 1142//1142 1141//1141
f 1013//1013 1014//1014 1143//1143
f 1013//1013 1143//1143 1142//1142
f 1014//1014 1015//1015 1144//1144
f 1014//1014 1144//1144 1143//1143
f 1015//1015 1016//1016 1145//1145
f 1015//1015 1145//1145 1144//1144
f 1016//1016 1017//1017 1146//1146
f 1016//1016 1146//1146 1145//1145
f 1017//1017 1018//1018 1147//1147
f 1017//1017 1147//1147 1146//1146
f 1018//1018 1019//1019 1148//1148
f 1018//1018 1148//1148 1147//1147
f 1019//1019 1020//1020 1149//1149
f 1019//1019 1149//1149 1148//1148
f 1020//1020 1021//1021 1150//1150
f 1020//1020 1150//1150 1149//1149
f 1021//1021 1022//1022 1151//1151
f 1021//1021 1151//1151 1150//1150
f 1022//1022 1023//1023 1152//1152
f 1022//1022 1152//1152 1151//1151
f 1023//1023 1024//1024 1153//1153
f 1023//1023 1153//1153 1152//1152
f 1024//1024 1025//1025 1154//1154
f 1024//1024 1154//1154 1153//1153
f 1025//1025 1026//1026 1155//1155
f 1025//1025 1155//1155 1154//1154
f 1026//1026 1027//1027 1156//1156
f 1026//1026 1156//1156 1155//1155
f 1027//1027 1028//1028 1157//1157
f 1027//1027 1157//1157 1156//1156
f 1028//1028 1029//1029 1158//1158
f 1028//1028 1158//1158 1157//1157
f 1029//1029 1030//1030 1159//1159
f 1029//1029 1159//1159 1158//1158
f 1030//1030 1031//1031 1160//1160
f 1030//1030 1160//1160 1159//1159
f 1031//1031 1032//1032 1161//1161
f 1031//1031 1161//1161 1160//1160
f 1032//1032 1033//1033 1162//1162
f 1032//1032 1162//1162 1161//1161
f 1033//1033 1034//1034 1163//1163
f 1033//1033 1163//1163 1162//1162
f 1034//1034 1035//1035 1164//1164
f 1034//1034 1164//1164 1163//1163
f 1035//1035 1036//1036 1165//1165
f 1035//1035 1165//1165 1164//1164
f 1036//1036 1037//1037 1166//1166
f 1036//1036 1166//1166 1165//1165
f 1037//1037 1038//1038 1167//1167
f 1037//1037 1167//1167 1166//1166
f 1038//1038 1039//1039 1168//1168
f 1038//1038 1168//1168 1167//1167
f 1039//1039 1040//1040 1169//1169
f 1039//1039 1169//1169 1168//1168
f 1040//1040 1041//1041 1170//1170
f 1040//1040 1170//1170 1169//1169
f 1041//1041 1042//1042 1171//1171
f 1041//1041 1171//1171 1170//1170
f 1042//1042 1043//1043 1172//1172
f 1042//1042 1172//1172 1171//1171
f 1043//1043 1044//1044 1173//1173
f 1043//1043 1173//1173 1172//1172
f 1044//1044 1045//1045 1174//1174
f 1044//1044 1174//1174 1173//1173
f 1045//1045 1046//1046 1175//1175
f 1045//1045 1175//1175 1174//1174
f 1046//1046 1047//1047 1176//1176
f 1046//1046 1176//1176 1175//1175
f 1047//1047 1048//1048 1177//1177
f 1047//1047 1177//1177 1176//1176
f 1048//1048 1049//1049 1178//1178
f 1048//1048 1178//1178 1177//1177
f 1049//1049 1050//1050 1179//1179
f 1049//1049 1179//1179 1178//1178
f 1050//1050 1051//1051 1180//1180
f 1050//1050 1180//1180 1179//1179
f 1051//1051 1052//1052 1181//1181
f 1051//1051 1181//1181 1180//1180
f 1052//1052 1053//1053 1182//1182
f 1052//1052 1182//1182 1181//1181
f 1053//1053 1054//1054 1183//1183
f 1053//1053 1183//1183 1182//1182
f 1054//1054 1055//1055 1184//1184
f 1054//1054 1184//1184 1183//1183
f 1055//1055 1056//1056 1185//1185
f 1055//1055 1185//1185 1184//1184
f 1056//1056 1057//1057 1186//1186
f 1056//1056 1186//1186 1185//1185
f 1057//1057 1058//1058 1187//1187
f 1057//1057 1187//1187 1186//1186
f 1058//1058 1059//1059 1188//1188
f 1058//1058 1188//1188 1187//1187
f 1059//1059 1060//1060 1189//1189
f 1059//1059 1189//1189 1188//1188
f 1060//1060 1061//1061 1190//1190
f 1060//1060 1190//1190 1189//1189
f 1061//1061 1062//1062 1191//1191
f 1061//1061 1191//1191 1190//1190
f 1062//1062 1063//1063 1192//1192
f 1062//1062 1192//1192 1191//1191
f 1063//1063 1064//1064 1193//1193
f 1063//1063 1193//1193 1192//1192
f 1064//1064 1065//1065 1194//1194
f 1064//1064 1194//1194 1193//1193
f 1065//1065 1066//1066 1195//1195
f 1065//1065 1195//1195 1194//1194
f 1066//1066 1067//1067 1196//1196
f 1066//1066 1196//1196 1195//1195
f 1067//1067 1068//1068 1197//1197
f 1067//1067 1197//1197 1196//1196
f 1068//1068 1069//1069 1198//1198
f 1068//1068 1198//1198 1197//1197
f 1069//1069 1070//1070 1199//1199
f 1069//1069 1199//1199 1198//1198
f 1070//1070 1071//1071 1200//1200
f 1070//1070 1200//1200 1199//1199
f 1071//1071 1072//1072 1201//1201
f 1071//1071 1201//1201 1200//1200
f 1072//1072 1073//1073 1202//1202
f 1072//1072 1202//1202 1201//1201
f 1073//1073 1074//1074 1203//1203
f 1073//1073 1203//1203 1202//1202
f 1074//1074 1075//1075 1204//1204
f 1074//1074 1204//1204 1203//1203
f 1075//1075 1076//1076 1205//1205
f 1075//1075 1205//1205 1204//1204
f 1076//1076 1077//1077 1206//1206
f 1076//1076 1206//1206 1205//1205
f 1077//1077 1078//1078 1207//1207
f 1077//1077 1207//1207 1206//1206
f 1078//1078 1079//1079 1208//1208
f 1078//1078 1208//1208 1207//1207
f 1079//1079 1080//1080 1209//1209
f 1079//1079 1209//1209 1208//1208
f 1080//1080 1081//1081 1210//1210
f 1080//1080 1210//1210 1209//1209
f 1081//1081 1082//1082 1211//1211
f 1081//1081 1211//1211 1210//1210
f 1082//1082 1083//1083 1212//1212
f 1082//1082 1212//1212 1211//1211
f 1083//1083 1084//1084 1213//1213
f 1083//1083 1213//1213 1212//1212
f 1084//1084 1085//1085 1214//1214
f 1084//1084 1214//1214 1213//1213
f 1085//1085 1086//1086 1215//1215
f 1085//1085 1215//1215 1214//1214
f 1086//1086 1087//1087 1216//1216
f 1086//1086 1216//1216 1215//1215
f 1087//1087 1088//1088 1217//1217
f 1087//1087 1217//1217 1216//1216
f 1088//1088 1089//1089 1218//1218
f 1088//1088 1218//1218 1217//1217
f 1089//1089 1090//1090 1219//1219
f 1089//1089 1219//1219 1218//1218
f 1090//1090 1091//1091 1220//1220
f 1090//1090 1220//1220 1219//1219
f 1091//1091 1092//1092 1221//1221
f 1091//1091 1221//1221 1220//1220
f 1092//1092 1093//1093 1222//1222
f 1092//1092 1222//1222 1221//1221
f 1093//1093 1094//1094 1223//1223
f 1093//1093 1223//1223 1222//1222
f 1094//1094 1095//1095 1224//1224
f 1094//1094 1224//1224 1223//1223
f 1095//1095 1096//1096 1225//1225
f 1095//1095 1225//1225 1224//1224
f 1096//1096 1097//1097 1226//1226
f 1096//1096 1226//1226 1225//1225
f 1097//1097 1098//1098 1227//1227
f 1097//1097 1227//1227 1226//1226
f 1098//1098 1099//1099 1228//1228
f 1098//1098 1228//1228 1227//1227
f 1099//1099 1100//1100 1229//1229
f 1099//1099 1229//1229 1228//1228
f 1100//1100 1101//1101 1230//1230
f 1100//1100 1230//1230 1229//1229
f 1101//1101 1102//1102 1231//1231
f 1101//1101 1231//1231 1230//1230
f 1102//1102 1103//1103 1232//1232
f 1102//1102 1232//1232 1231//1231
f 1103//1103 1104//1104 1233//1233
f 1103//1103 1233//1233 1232//1232
f 1104//1104 1105//1105 1234//1234
f 1104//1104 1234//1234 1233//1233
f 1105//1105 1106//1106 1235//1235
f 1105//1105 1235//1235 1234//1234
f 1106//1106 1107//1107 1236//1236
f 1106//1106 1236//1236 1235//1235
f 1107//1107 1108//1108 1237//1237
f 1107//1107 1237//1237 1236//1236
f 1108//1108 1109//1109 1238//1238
f 1108//1108 1238//1238 1237//1237
f 1109//1109 1110//1110 1239//1239
f 1109//1109 1239//1239 1238//1238
f 1110//1110 1111//1111 1240//1240
f 1110//1110 1240//1240 1239//1239
f 1111//1111 1112//1112 1241//1241
f 1111//1111 1241//1241 1240//1240
f 1112//1112 1113//1113 1242//1242
f 1112//1112 1242//1242 1241//1241
f 1113//1113 1114//1114 1243//1243
f 1113//1113 1243//1243 1242//1242
f 1114//1114 1115//1115 1244//1244
f 1114//1114 1244//1244 1243//1243
f 1115//1115 1116//1116 1245//1245
f 1115//1115 1245//1245 1244//1244
f 1116//1116 1117//1117 1246//1246
f 1116//1116 1246//1246 1245//1245
f 1117//1117 1118//1118 1247//1247
f 1117//1117 1247//1247 1246//1246
f 1118//1118 1119//1119 1248//1248
f 1118//1118 1248//1248 1247//1247
f 1119//1119 1120//1120 1249//1249
f 1119//1119 1249//1249 1248//1248
f 1120//1120 1121//1121 1250//1250
f 1120//1120 1250//1250 1249//1249
f 1121//1121 1122//1122 1251//1251
f 1121//1121 1251//1251 1250//1250
f 1122//1122 1123//1123 1252//1252
f 1122//1122 1252//1252 1251//1251
v 0.48 2.06 0.44
v 0.480437 2.06 0.459615
v 0.48178 2.06 0.479536
v 0.48407 2.06 0.499706
v 0.487346 2.06 0.520064
v 0.491641 2.06 0.540542
v 0.496984 2.06 0.56107
v 0.503397 2.06 0.581569
v 0.510893 2.06 0.601962
v 0.51948 2.06 0.622163
v 0.529155 2.06 0.64209
v 0.539909 2.06 0.661655
v 0.551722 2.06 0.680772
v 0.564566 2.06 0.699359
v 0.578405 2.06 0.717331
v 0.593191 2.06 0.734612
v 0.608873 2.06 0.751127
v 0.625388 2.06 0.766809
v 0.642669 2.06 0.781595
v 0.660641 2.06 0.795434
v 0.679228 2.06 0.808278
v 0.698345 2.06 0.820091
v 0.71791 2.06 0.830845
v 0.737837 2.06 0.84052
v 0.758038 2.06 0.849107
v 0.778431 2.06 0.856603
v 0.79893 2.06 0.863016
v 0.819458 2.06 0.868359
v 0.839936 2.06 0.872654
v 0.860294 2.06 0.87593
v 0.880464 2.06 0.87822
v 0.900385 2.06 0.879563
v 0.92 2.06 0.88
v 0.939615 2.06 0.879563
v 0.959536 2.06 0.87822
v 0.979706 2.06 0.87593
v 1.00006 2.06 0.872654
v 1.02054 2.06 0.868359
v 1.04107 2.06 0.863016
v 1.06157 2.06 0.856603
v 1.08196 2.06 0.849107
v 1.10216 2.06 0.84052
v 1.12209 2.06 0.830845
v 1.14165 2.06 0.820091
v 1.16077 2.06 0.808278
v 1.17936 2.06 0.795434
v 1.19733 2.06 0.781595
v 1.21461 2.06 0.766809
v 1.23113 2.06 0.751127
v 1.24681 2.06 0.734612
v 1.2616 2.06 0.717331
v 1.27543 2.06 0.699359
v 1.28828 2.06 0.680772
v 1.30009 2.06 0.661655
v 1.31084 2.06 0.64209
v 1.32052 2.06 0.622163
v 1.32911 2.06 0.601962
v 1.3366 2.06 0.581569
v 1.34302 2.06 0.56107
v 1.34836 2.06 0.540542
v 1.35265 2.06 0.520064
v 1.35593 2.06 0.499706
v 1.35822 2.06 0.479536
v 1.35956 2.06 0.459615
v 1.36 2.06 0.44
v 1.35956 2.06 0.420385
v 1.35822 2.06 0.400464
v 1.35593 2.06 0.380294
v 1.35265 2.06 0.359936
v 1.34836 2.06 0.339458
v 1.34302 2.06 0.31893
v 1.3366 2.06 0.298431
v 1.32911 2.06 0.278038
v 1.32052 2.06 0.257837
v 1.31084 2.06 0.23791
v 1.30009 2.06 0.218345
v 1.28828 2.06 0.199228
v 1.27543 2.06 0.180641
v 1.2616 2.06 0.162669
v 1.24681 2.06 0.145388
v 1.23113 2.06 0.128873
v 1.21461 2.06 0.113191
v 1.19733 2.06 0.0984046
v 1.17936 2.06 0.0845662
v 1.16077 2.06 0.071722
v 1.14165 2.06 0.0599089
v 1.12209 2.06 0.049155
v 1.10216 2.06 0.0394797
v 1.08196 2.06 0.0308931
v 1.06157 2.06 0.023397
v 1.04107 2.06 0.0169845
v 1.02054 2.06 0.0116412
v 1.00006 2.06 0.00734564
v 0.979706 2.06 0.00406973
v 0.959536 2.06 0.00177984
v 0.939615 2.06 0.000437445
v 0.92 2.06 0
v 0.900385 2.06 0.000437445
v 0.880464 2.06 0.00177984
v 0.860294 2.06 0.00406973
v 0.839936 2.06 0.00734564
v 0.819458 2.06 0.0116412
v 0.79893 2.06 0.0169845
v 0.778431 2.06 0.023397
v 0.758038 2.06 0.0308931
v 0.737837 2.06 0.0394797
v 0.71791 2.06 0.049155
v 0.698345 2.06 0.0599089
v 0.679228 2.06 0.071722
v 0.660641 2.06 0.0845662
v 0.642669 2.06 0.0984046
v 0.625388 2.06 0.113191
v 0.608873 2.06 0.128873
v 0.593191 2.06 0.145388
v 0.578405 2.06 0.162669
v 0.564566 2.06 0.180641
v 0.551722 2.06 0.199228
v 0.539909 2.06 0.218345
v 0.529155 2.06 0.23791
v 0.51948 2.06 0.257837
v 0.510893 2.06 0.278038
v 0.503397 2.06 0.298431
v 0.496984 2.06 0.31893
v 0.491641 2.06 0.339458
v 0.487346 2.06 0.359936
v 0.48407 2.06 0.380294
v 0.48178 2.06 0.400464
v 0.480437 2.06 0.420385
vn 0 1 -0
vn -2.22045e-16 1 0
vn -4.50751e-16 1 0
vn -4.50751e-16 1 0
vn -6.66134e-18 1 0
vn -2.22045e-16 1 0
vn -2.22045e-16 1 0
vn -2.28706e-16 1 0
vn -4.50751e-16 1 0
vn -2.28706e-16 1 0
vn -2.28706e-16 1 0
vn -2.22045e-16 1 0
vn 0 1 -0
vn -2.22045e-16 1 0
vn -2.22045e-16 1 0
vn -2.22045e-16 1 0
vn -2.22045e-16 1 0
vn -2.22045e-16 1 0
vn 0 1 -0
vn 0 1 -0
vn 0 1 -0
vn -2.22045e-16 1 0
vn 0 1 -0
vn 2.22045e-16 1 -0
vn -2.22045e-16 1 0
vn 2.22045e-16 1 -0
vn -4.50751e-16 1 0
vn 0 1 -0
vn 0 1 -0
vn -2.28706e-16 1 0
vn -2.28706e-16 1 0
vn 0 1 -0
vn 0 1 -0
vn 0 1 -0
vn -2.28706e-16 1 0
vn -2.28706e-16 1 0
vn 0 1 -0
vn 0 1 -0
vn 2.22045e-16 1 -0
vn 2.22045e-16 1 -0
vn -2.22045e-16 1 0
vn -2.22045e-16 1 0
vn 0 1 -0
vn -2.22045e-16 1 0
vn -2.22045e-16 1 0
vn -2.22045e-16 1 0
vn 0 1 -0
vn -2.28706e-16 1 0
vn -2.22045e-16 1 0
vn -2.22045e-16 1 0
vn -2.22045e-16 1 0
vn 0 1 -0
vn 0 1 -0
vn 0 1 -0
vn -2.28706e-16 1 0
vn -2.28706e-16 1 0
vn 0 1 -0
vn -2.28706e-16 1 0
vn -2.22045e-16 1 0
vn -2.22045e-16 1 0
vn -6.66134e-18 1 0
vn -2.22045e-16 1 0
vn 2.22045e-16 1 -0
vn -2.22045e-16 1 0
vn 0 1 -0
vn -2.28706e-16 1 0
vn 1.11022e-16 1 -0
vn -2.22045e-16 1 0
vn -1.17684e-16 1 0
vn -3.36398e-16 1 0
vn -1.07692e-16 1 0
vn -2.28706e-16 1 0
vn -2.28706e-16 1 0
vn -2.25375e-16 1 0
vn -2.28706e-16 1 0
vn -1.07692e-16 1 0
vn -2.28706e-16 1 0
vn -1.68199e-16 1 0
vn -1.69864e-16 1 0
vn -1.64868e-16 1 0
vn 1.68199e-16 1 -0
vn -2.27041e-16 1 0
vn 1.69864e-16 1 -0
vn -1.64868e-16 1 0
vn -1.95122e-16 1 0
vn 2.80886e-16 1 -0
vn -1.40443e-16 1 0
vn -1.37945e-16 1 0
vn -1.68199e-16 1 0
vn 2.2371e-16 1 -0
vn -3.07809e-16 1 0
vn -1.23235e-16 1 0
vn -1.52656e-16 1 0
vn -3.40006e-17 1 0
vn 3.31679e-17 1 -0
vn -2.69229e-17 1 0
vn -3.08226e-16 1 0
vn -2.65066e-17 1 0
vn 3.35842e-17 1 -0
vn -4.6213e-17 1 0
vn -1.5099e-16 1 0
vn 8.11851e-17 1 -0
vn -3.38896e-16 1 0
vn 2.26208e-16 1 -0
vn -1.65701e-16 1 0
vn 3.10307e-16 1 -0
vn -1.42941e-16 1 0
vn -1.64868e-16 1 0
vn -1.66533e-16 1 0
vn -1.69864e-16 1 0
vn 1.68199e-16 1 -0
vn -2.25375e-16 1 0
vn -2.80886e-16 1 0
vn -1.66533e-16 1 0
vn 2.80886e-16 1 -0
vn -2.22045e-16 1 0
vn -3.36398e-16 1 0
vn -1.14353e-16 1 0
vn -2.25375e-16 1 0
vn -2.25375e-16 1 0
vn -2.22045e-16 1 0
vn -2.22045e-16 1 0
vn -2.28706e-16 1 0
vn -3.36398e-16 1 0
vn 2.25375e-16 1 -0
vn -2.22045e-16 1 0
vn 1.11022e-16 1 -0
vn -3.36398e-16 1 0
g WheelFR_f1
usemtl rubber
f 1380//1380 1253//1253 1254//1254
f 1380//1380 1254//1254 1255//1255
f 1380//1380 1255//1255 1256//1256
f 1380//1380 1256//1256 1257//1257
f 1380//1380 1257//1257 1258//1258
f 1380//1380 1258//1258 1259//1259
f 1380//1380 1259//1259 1260//1260
f 1380//1380 1260//1260 1261//1261
f 1380//1380 1261//1261 1262//1262
f 1380//1380 1262//1262 1263//1263
f 1380//1380 1263//1263 1264//1264
f 1380//1380 1264//1264 1265//1265
f 1380//1380 1265//1265 1266//1266
f 1380//1380 1266//1266 1267//1267
f 1380//1380 1267//1267 1268//1268
f 1380//1380 1268//1268 1269//1269
f 1380//1380 1269//1269 1270//1270
f 1380//1380 1270//1270 1271//1271
f 1380//1380 1271//1271 1272//1272
f 1380//1380 1272//1272 1273//1273
f 1380//1380 1273//1273 1274//1274
f 1380//1380 1274//1274 1275//1275
f 1380//1380 1275//1275 1276//1276
f 1380//1380 1276//1276 1277//1277
f 1380//1380 1277//1277 1278//1278
f 1380//1380 1278//1278 1279//1279
f 1380//1380 1279//1279 1280//1280
f 1380//1380 1280//1280 1281//1281
f 1380//1380 1281//1281 1282//1282
f 1380//1380 1282//1282 1283//1283
f 1380//1380 1283//1283 1284//1284
f 1380//1380 1284//1284 1285//1285
f 1380//1380 1285//1285 1286//1286
f 1380//1380 1286//1286 1287//1287
f 1380//1380 1287//1287 1288//1288
f 1380//1380 1288//1288 1289//1289
f 1380//1380 1289//1289 1290//1290
f 1380//1380 1290//1290 1291//1291
f 1380//1380 1291//1291 1292//1292
f 1380//1380 1292//1292 1293//1293
f 1380//1380 1293//1293 1294//1294
f 1380//1380 1294//1294 1295//1295
f 1380//1380 1295//1295 1296//1296
f 1380//1380 1296//1296 1297//1297
f 1380//1380 1297//1297 1298//1298
f 1380//1380 1298//1298 1299//1299
f 1380//1380 1299//1299 1300//1300
f 1380//1380 1300//1300 1301//1301
f 1380//1380 1301//1301 1302//1302
f 1380//1380 1302//1302 1303//1303
f 1380//1380 1303//1303 1304//1304
f 1380//1380 1304//1304 1305//1305
f 1380//1380 1305//1305 1306//1306
f 1380//1380 1306//1306 1307//1307
f 1380//1380 1307//1307 1308//1308
f 1380//1380 1308//1308 1309//1309
f 1380//1380 1309//1309 1310//1310
f 1380//1380 1310//1310 1311//1311
f 1380//1380 1311//1311 1312//1312
f 1380//1380 1312//1312 1313//1313
f 1380//1380 1313//1313 1314//1314
f 1380//1380 1314//1314 1315//1315
f 1380//1380 1315//1315 1316//1316
f 1380//1380 1316//1316 1317//1317
f 1380//1380 1317//1317 1318//1318
f 1380//1380 1318//1318 1319//1319
f 1380//1380 1319//1319 1320//1320
f 1380//1380 1320//1320 1321//1321
f 1380//1380 1321//1321 1322//1322
f 1380//1380 1322//1322 1323//1323
f 1380//1380 1323//1323 1324//1324
f 1380//1380 1324//1324 1325//1325
f 1380//1380 1325//1325 1326//1326
f 1380//1380 1326//1326 1327//1327
f 1380//1380 1327//1327 1328//1328
f 1380//1380 1328//1328 1329//1329
f 1380//1380 1329//1329 1330//1330
f 1380//1380 1330//1330 1331//1331
f 1380//1380 1331//1331 1332//1332
f 1380//1380 1332//1332 1333//1333
f 1380//1380 1333//1333 1334//1334
f 1380//1380 1334//1334 1335//1335
f 1380//1380 1335//1335 1336//1336
f 1380//1380 1336//1336 1337//1337
f 1380//1380 1337//1337 1338//1338
f 1380//1380 1338//1338 1339//1339
f 1380//1380 1339//1339 1340//1340
f 1380//1380 1340//1340 1341//1341
f 1380//1380 1341//1341 1342//1342
f 1380//1380 1342//1342 1343//1343
f 1380//1380 1343//1343 1344//1344
f 1380//1380 1344//1344 1345//1345
f 1380//1380 1345//1345 1346//1346
f 1380//1380 1346//1346 1347//1347
f 1380//1380 1347//1347 1348//1348
f 1380//1380 1348//1348 1349//1349
f 1380//1380 1349//1349 1350//1350
f 1380//1380 1350//1350 1351//1351
f 1380//1380 1351//1351 1352//1352
f 1380//1380 1352//1352 1353//1353
f 1380//1380 1353//1353 1354//1354
f 1380//1380 1354//1354 1355//1355
f 1380//1380 1355//1355 1356//1356
f 1380//1380 1356//1356 1357//1357
f 1380//1380 1357//1357 1358//1358
f 1380//1380 1358//1358 1359//1359
f 1380//1380 1359//1359 1360//1360
f 1380//1380 1360//1360 1361//1361
f 1380//1380 1361//1361 1362//1362
f 1380//1380 1362//1362 1363//1363
f 1380//1380 1363//1363 1364//1364
f 1380//1380 1364//1364 1365//1365
f 1380//1380 1365//1365 1366//1366
f 1380//1380 1366//1366 1367//1367
f 1380//1380 1367//1367 1368//1368
f 1380//1380 1368//1368 1369//1369
f 1380//1380 1369//1369 1370//1370
f 1380//1380 1370//1370 1371//1371
f 1380//1380 1371//1371 1372//1372
f 1380//1380 1372//1372 1373//1373
f 1380//1380 1373//1373 1374//1374
f 1380//1380 1374//1374 1375//1375
f 1380//1380 1375//1375 1376//1376
f 1380//1380 1376//1376 1377//1377
f 1380//1380 1377//1377 1378//1378
f 1378//1378 1379//1379 1380//1380
v 0.48 1.76 0.44
v 0.480437 1.76 0.420385
v 0.48178 1.76 0.400464
v 0.48407 1.76 0.380294
v 0.487346 1.76 0.359936
v 0.491641 1.76 0.339458
v 0.496984 1.76 0.31893
v 0.503397 1.76 0.298431
v 0.510893 1.76 0.278038
v 0.51948 1.76 0.257837
v 0.529155 1.76 0.23791
v 0.539909 1.76 0.218345
v 0.551722 1.76 0.199228
v 0.564566 1.76 0.180641
v 0.578405 1.76 0.162669
v 0.593191 1.76 0.145388
v 0.608873 1.76 0.128873
v 0.625388 1.76 0.113191
v 0.642669 1.76 0.0984046
v 0.660641 1.76 0.0845662
v 0.679228 1.76 0.071722
v 0.698345 1.76 0.0599089
v 0.71791 1.76 0.049155
v 0.737837 1.76 0.0394797
v 0.758038 1.76 0.0308931
v 0.778431 1.76 0.023397
v 0.79893 1.76 0.0169845
v 0.819458 1.76 0.0116412
v 0.839936 1.76 0.00734564
v 0.860294 1.76 0.00406973
v 0.880464 1.76 0.00177984
v 0.900385 1.76 0.000437445
v 0.92 1.76 0
v 0.939615 1.76 0.000437445
v 0.959536 1.76 0.00177984
v 0.979706 1.76 0.00406973
v 1.00006 1.76 0.00734564
v 1.02054 1.76 0.0116412
v 1.04107 1.76 0.0169845
v 1.06157 1.76 0.023397
v 1.08196 1.76 0.0308931
v 1.10216 1.76 0.0394797
v 1.12209 1.76 0.049155
v 1.14165 1.76 0.0599089
v 1.16077 1.76 0.071722
v 1.17936 1.76 0.0845662
v 1.19733 1.76 0.0984046
v 1.21461 1.76 0.113191
v 1.23113 1.76 0.128873
v 1.24681 1.76 0.145388
v 1.2616 1.76 0.162669
v 1.27543 1.76 0.180641
v 1.28828 1.76 0.199228
v 1.30009 1.76 0.218345
v 1.31084 1.76 0.23791
v 1.32052 1.76 0.257837
v 1.32911 1.76 0.278038
v 1.3366 1.76 0.298431
v 1.34302 1.76 0.31893
v 1.34836 1.76 0.339458
v 1.35265 1.76 0.359936
v 1.35593 1.76 0.380294
v 1.35822 1.76 0.400464
v 1.35956 1.76 0.420385
v 1.36 1.76 0.44
v 1.35956 1.76 0.459615
v 1.35822 1.76 0.479536
v 1.35593 1.76 0.499706
v 1.35265 1.76 0.520064
v 1.34836 1.76 0.540542
v 1.34302 1.76 0.56107
v 1.3366 1.76 0.581569
v 1.32911 1.76 0.601962
v 1.32052 1.76 0.622163
v 1.31084 1.76 0.64209
v 1.30009 1.76 0.661655
v 1.28828 1.76 0.680772
v 1.27543 1.76 0.699359
v 1.2616 1.76 0.717331
v 1.24681 1.76 0.734612
v 1.23113 1.76 0.751127
v 1.21461 1.76 0.766809
v 1.19733 1.76 0.781595
v 1.17936 1.76 0.795434
v 1.16077 1.76 0.808278
v 1.14165 1.76 0.820091
v 1.12209 1.76 0.830845
v 1.10216 1.76 0.84052
v 1.08196 1.76 0.849107
v 1.06157 1.76 0.856603
v 1.04107 1.76 0.863016
v 1.02054 1.76 0.868359
v 1.00006 1.76 0.872654
v 0.979706 1.76 0.87593
v 0.959536 1.76 0.87822
v 0.939615 1.76 0.879563
v 0.92 1.76 0.88
v 0.900385 1.76 0.879563
v 0.880464 1.76 0.87822
v 0.860294 1.76 0.87593
v 0.839936 1.76 0.872654
v 0.819458 1.76 0.868359
v 0.79893 1.76 0.863016
v 0.778431 1.76 0.856603
v 0.758038 1.76 0.849107
v 0.737837 1.76 0.84052
v 0.71791 1.76 0.830845
v 0.698345 1.76 0.820091
v 0.679228 1.76 0.808278
v 0.660641 1.76 0.795434
v 0.642669 1.76 0.781595
v 0.625388 1.76 0.766809
v 0.608873 1.76 0.751127
v 0.593191 1.76 0.734612
v 0.578405 1.76 0.717331
v 0.564566 1.76 0.699359
v 0.551722 1.76 0.680772
v 0.539909 1.76 0.661655
v 0.529155 1.76 0.64209
v 0.51948 1.76 0.622163
v 0.510893 1.76 0.601962
v 0.503397 1.76 0.581569
v 0.496984 1.76 0.56107
v 0.491641 1.76 0.540542
v 0.487346 1.76 0.520064
v 0.48407 1.76 0.499706
v 0.48178 1.76 0.479536
v 0.480437 1.76 0.459615
vn -1.11022e-16 -1 0
vn -1.95399e-16 -1 0
vn -9.76996e-17 -1 0
vn -2.08722e-16 -1 0
vn 9.76996e-17 -1 0
vn -9.76996e-17 -1 0
vn -9.76996e-17 -1 0
vn 2.08722e-16 -1 0
vn 0 -1 0
vn -1.95399e-16 -1 0
vn -2.08722e-16 -1 0
vn 2.08722e-16 -1 0
vn -1.53211e-16 -1 0
vn -2.57572e-16 -1 0
vn -1.04361e-16 -1 0
vn 6.66134e-18 -1 0
vn -1.46549e-16 -1 0
vn -1.53211e-16 -1 0
vn 9.76996e-17 -1 0
vn -1.04361e-16 -1 0
vn -1.35447e-16 -1 0
vn -2.77556e-17 -1 0
vn -3.88578e-17 -1 0
vn 9.10383e-17 -1 0
vn 5.55112e-17 -1 0
vn 1.74305e-16 -1 0
vn -2.40363e-16 -1 0
vn 9.60343e-17 -1 0
vn -4.66294e-17 -1 0
vn -5.27356e-17 -1 0
vn 7.38298e-17 -1 0
vn 1.18239e-16 -1 0
vn -8.54872e-17 -1 0
vn 1.21569e-16 -1 0
vn 7.54952e-17 -1 0
vn -2.80331e-16 -1 0
vn 1.41553e-16 -1 0
vn 8.88178e-17 -1 0
vn -4.55191e-17 -1 0
vn -3.10862e-17 -1 0
vn -1.80966e-16 -1 0
vn 1.07692e-16 -1 0
vn -4.88498e-17 -1 0
vn -3.77476e-17 -1 0
vn 8.32667e-17 -1 0
vn -1.25455e-16 -1 0
vn 9.76996e-17 -1 0
vn -2.02061e-16 -1 0
vn -6.66134e-18 -1 0
vn -2.08722e-16 -1 0
vn 1.04361e-16 -1 0
vn -5.55112e-17 -1 0
vn -2.08722e-16 -1 0
vn -5.55112e-17 -1 0
vn -3.06422e-16 -1 0
vn -9.76996e-17 -1 0
vn -8.43769e-17 -1 0
vn -1.95399e-16 -1 0
vn 3.06422e-16 -1 0
vn -8.43769e-17 -1 0
vn -8.43769e-17 -1 0
vn 0 -1 0
vn -1.11022e-16 -1 0
vn -9.76996e-17 -1 0
vn 0 -1 0
vn -1.95399e-16 -1 0
vn -1.11022e-16 -1 0
vn -1.95399e-16 -1 0
vn 2.66454e-17 -1 0
vn 0 -1 0
vn -1.95399e-16 -1 0
vn 0 -1 0
vn 2.66454e-17 -1 0
vn -4.17444e-16 -1 0
vn -4.17444e-16 -1 0
vn 0 -1 0
vn -1.95399e-16 -1 0
vn 0 -1 0
vn 0 -1 0
vn -1.95399e-16 -1 0
vn 0 -1 0
vn -1.95399e-16 -1 0
vn 0 -1 0
vn -2.22045e-16 -1 0
vn -2.22045e-16 -1 0
vn 0 -1 0
vn 0 -1 0
vn -2.22045e-16 -1 0
vn 0 -1 0
vn 1.95399e-16 -1 0
vn 0 -1 0
vn 0 -1 0
vn 0 -1 0
vn -1.95399e-16 -1 0
vn -1.95399e-16 -1 0
vn 0 -1 0
vn 0 -1 0
vn 0 -1 0
vn -1.95399e-16 -1 0
vn -1.95399e-16 -1 0
vn 0 -1 0
vn 0 -1 0
vn -4.17444e-16 -1 0
vn -2.22045e-16 -1 0
vn 0 -1 0
vn 0 -1 0
vn 0 -1 0
vn 0 -1 0
vn -2.22045e-16 -1 0
vn -2.22045e-16 -1 0
vn 0 -1 0
vn -2.22045e-16 -1 0
vn 0 -1 0
vn 0 -1 0
vn 0 -1 0
vn 0 -1 0
vn 0 -1 0
vn 0 -1 0
vn -4.17444e-16 -1 0
vn -4.17444e-16 -1 0
vn 0 -1 0
vn 0 -1 0
vn 0 -1 0
vn 0 -1 0
vn -1.95399e-16 -1 0
vn 0 -1 0
vn -1.11022e-16 -1 0
vn -1.95399e-16 -1 0
g WheelFR_f2
usemtl rubber
f 1508//1508 1381//1381 1382//1382
f 1508//1508 1382//1382 1383//1383
f 1508//1508 1383//1383 1384//1384
f 1508//1508 1384//1384 1385//1385
f 1508//1508 1385//1385 1386//1386
f 1508//1508 1386//1386 1387//1387
f 1508//1508 1387//1387 1388//1388
f 1508//1508 1388//1388 1389//1389
f 1508//1508 1389//1389 1390//1390
f 1508//1508 1390//1390 1391//1391
f 1508//1508 1391//1391 1392//1392
f 1508//1508 1392//1392 1393//1393
f 1508//1508 1393//1393 1394//1394
f 1508//1508 1394//1394 1395//1395
f 1508//1508 1395//1395 1396//1396
f 1508//1508 1396//1396 1397//1397
f 1508//1508 1397//1397 1398//1398
f 1508//1508 1398//1398 1399//1399
f 1508//1508 1399//1399 1400//1400
f 1508//1508 1400//1400 1401//1401
f 1508//1508 1401//1401 1402//1402
f 1508//1508 1402//1402 1403//1403
f 1508//1508 1403//1403 1404//1404
f 1508//1508 1404//1404 1405//1405
f 1508//1508 1405//1405 1406//1406
f 1508//1508 1406//1406 1407//1407
f 1508//1508 1407//1407 1408//1408
f 1508//1508 1408//1408 1409//1409
f 1508//1508 1409//1409 1410//1410
f 1508//1508 1410//1410 1411//1411
f 1508//1508 1411//1411 1412//1412
f 1508//1508 1412//1412 1413//1413
f 1508//1508 1413//1413 1414//1414
f 1508//1508 1414//1414 1415//1415
f 1508//1508 1415//1415 1416//1416
f 1508//1508 1416//1416 1417//1417
f 1508//1508 1417//1417 1418//1418
f 1508//1508 1418//1418 1419//1419
f 1508//1508 1419//1419 1420//1420
f 1508//1508 1420//1420 1421//1421
f 1508//1508 1421//1421 1422//1422
f 1508//1508 1422//1422 1423//1423
f 1508//1508 1423//1423 1424//1424
f 1508//1508 1424//1424 1425//1425
f 1508//1508 1425//1425 1426//1426
f 1508//1508 1426//1426 1427//1427
f 1508//1508 1427//1427 1428//1428
f 1508//1508 1428//1428 1429//1429
f 1508//1508 1429//1429 1430//1430
f 1508//1508 1430//1430 1431//1431
f 1508//1508 1431//1431 1432//1432
f 1508//1508 1432//1432 1433//1433
f 1508//1508 1433//1433 1434//1434
f 1508//1508 1434//1434 1435//1435
f 1508//1508 1435//1435 1436//1436
f 1508//1508 1436//1436 1437//1437
f 1508//1508 1437//1437 1438//1438
f 1508//1508 1438//1438 1439//1439
f 1508//1508 1439//1439 1440//1440
f 1508//1508 1440//1440 1441//1441
f 1508//1508 1441//1441 1442//1442
f 1508//1508 1442//1442 1443//1443
f 1508//1508 1443//1443 1444//1444
f 1508//1508 1444//1444 1445//1445
f 1508//1508 1445//1445 1446//1446
f 1508//1508 1446//1446 1447//1447
f 1508//1508 1447//1447 1448//1448
f 1508//1508 1448//1448 1449//1449
f 1508//1508 1449//1449 1450//1450
f 1508//1508 1450//1450 1451//1451
f 1508//1508 1451//1451 1452//1452
f 1508//1508 1452//1452 1453//1453
f 1508//1508 1453//1453 1454//1454
f 1508//1508 1454//1454 1455//1455
f 1508//1508 1455//1455 1456//1456
f 1508//1508 1456//1456 1457//1457
f 1508//1508 1457//1457 1458//1458
f 1508//1508 1458//1458 1459//1459
f 1508//1508 1459//1459 1460//1460
f 1508//1508 1460//1460 1461//1461
f 1508//1508 1461//1461 1462//1462
f 1508//1508 1462//1462 1463//1463
f 1508//1508 1463//1463 1464//1464
f 1508//1508 1464//1464 1465//1465
f 1508//1508 1465//1465 1466//1466
f 1508//1508 1466//1466 1467//1467
f 1508//1508 1467//1467 1468//1468
f 1508//1508 1468//1468 1469//1469
f 1508//1508 1469//1469 1470//1470
f 1508//1508 1470//1470 1471//1471
f 1508//1508 1471//1471 1472//1472
f 1508//1508 1472//1472 1473//1473
f 1508//1508 1473//1473 1474//1474
f 1508//1508 1474//1474 1475//1475
f 1508//1508 1475//1475 1476//1476
f 1508//1508 1476//1476 1477//1477
f 1508//1508 1477//1477 1478//1478
f 1508//1508 1478//1478 1479//1479
f 1508//1508 1479//1479 1480//1480
f 1508//1508 1480//1480 1481//1481
f 1508//1508 1481//1481 1482//1482
f 1508//1508 1482//1482 1483//1483
f 1508//1508 1483//1483 1484//1484
f 1508//1508 1484//1484 1485//1485
f 1508//1508 1485//1485 1486//1486
f 1508//1508 1486//1486 1487//1487
f 1508//1508 1487//1487 1488//1488
f 1508//1508 1488//1488 1489//1489
f 1508//1508 1489//1489 1490//1490
f 1508//1508 1490//1490 1491//1491
f 1508//1508 1491//1491 1492//1492
f 1508//1508 1492//1492 1493//1493
f 1508//1508 1493//1493 1494//1494
f 1508//1508 1494//1494 1495//1495
f 1508//1508 1495//1495 1496//1496
f 1508//1508 1496//1496 1497//1497
f 1508//1508 1497//1497 1498//1498
f 1508//1508 1498//1498 1499//1499
f 1508//1508 1499//1499 1500//1500
f 1508//1508 1500//1500 1501//1501
f 1508//1508 1501//1501 1502//1502
f 1508//1508 1502//1502 1503//1503
f 1508//1508 1503//1503 1504//1504
f 1508//1508 1504//1504 1505//1505
f 1508//1508 1505//1505 1506//1506
f 1506//1506 1507//1507 1508//1508
o WheelRL
v 2.54 -0.05 0.44
v 2.54044 -0.05 0.459615
v 2.54178 -0.05 0.479536
v 2.54407 -0.05 0.499706
v 2.54735 -0.05 0.520064
v 2.55164 -0.05 0.540542
v 2.55698 -0.05 0.56107
v 2.5634 -0.05 0.581569
v 2.57089 -0.05 0.601962
v 2.57948 -0.05 0.622163
v 2.58916 -0.05 0.64209
v 2.59991 -0.05 0.661655
v 2.61172 -0.05 0.680772
v 2.62457 -0.05 0.699359
v 2.6384 -0.05 0.717331
v 2.65319 -0.05 0.734612
v 2.66887 -0.05 0.751127
v 2.68539 -0.05 0.766809
v 2.70267 -0.05 0.781595
v 2.72064 -0.05 0.795434
v 2.73923 -0.05 0.808278
v 2.75835 -0.05 0.820091
v 2.77791 -0.05 0.830845
v 2.79784 -0.05 0.84052
v 2.81804 -0.05 0.849107
v 2.83843 -0.05 0.856603
v 2.85893 -0.05 0.863016
v 2.87946 -0.05 0.868359
v 2.89994 -0.05 0.872654
v 2.92029 -0.05 0.87593
v 2.94046 -0.05 0.87822
v 2.96038 -0.05 0.879563
v 2.98 -0.05 0.88
v 2.99962 -0.05 0.879563
v 3.01954 -0.05 0.87822
v 3.03971 -0.05 0.87593
v 3.06006 -0.05 0.872654
v 3.08054 -0.05 0.868359
v 3.10107 -0.05 0.863016
v 3.12157 -0.05 0.856603
v 3.14196 -0.05 0.849107
v 3.16216 -0.05 0.84052
v 3.18209 -0.05 0.830845
v 3.20165 -0.05 0.820091
v 3.22077 -0.05 0.808278
v 3.23936 -0.05 0.795434
v 3.25733 -0.05 0.781595
v 3.27461 -0.05 0.766809
v 3.29113 -0.05 0.751127
v 3.30681 -0.05 0.734612
v 3.3216 -0.05 0.717331
v 3.33543 -0.05 0.699359
v 3.34828 -0.05 0.680772
v 3.36009 -0.05 0.661655
v 3.37084 -0.05 0.64209
v 3.38052 -0.05 0.622163
v 3.38911 -0.05 0.601962
v 3.3966 -0.05 0.581569
v 3.40302 -0.05 0.56107
v 3.40836 -0.05 0.540542
v 3.41265 -0.05 0.520064
v 3.41593 -0.05 0.499706
v 3.41822 -0.05 0.479536
v 3.41956 -0.05 0.459615
v 3.42 -0.05 0.44
v 3.41956 -0.05 0.420385
v 3.41822 -0.05 0.400464
v 3.41593 -0.05 0.380294
v 3.41265 -0.05 0.359936
v 3.40836 -0.05 0.339458
v 3.40302 -0.05 0.31893
v 3.3966 -0.05 0.298431
v 3.38911 -0.05 0.278038
v 3.38052 -0.05 0.257837
v 3.37084 -0.05 0.23791
v 3.36009 -0.05 0.218345
v 3.34828 -0.05 0.199228
v 3.33543 -0.05 0.180641
v 3.3216 -0.05 0.162669
v 3.30681 -0.05 0.145388
v 3.29113 -0.05 0.128873
v 3.27461 -0.05 0.113191
v 3.25733 -0.05 0.0984046
v 3.23936 -0.05 0.0845662
v 3.22077 -0.05 0.071722
v 3.20165 -0.05 0.0599089
v 3.18209 -0.05 0.049155
v 3.16216 -0.05 0.0394797
v 3.14196 -0.05 0.0308931
v 3.12157 -0.05 0.023397
v 3.10107 -0.05 0.0169845
v 3.08054 -0.05 0.0116412
v 3.06006 -0.05 0.00734564
v 3.03971 -0.05 0.00406973
v 3.01954 -0.05 0.00177984
v 2.99962 -0.05 0.000437445
v 2.98 -0.05 5.55112e-17
v 2.96038 -0.05 0.000437445
v 2.94046 -0.05 0.00177984
v 2.92029 -0.05 0.00406973
v 2.89994 -0.05 0.00734564
v 2.87946 -0.05 0.0116412
v 2.85893 -0.05 0.0169845
v 2.83843 -0.05 0.023397
v 2.81804 -0.05 0.0308931
v 2.79784 -0.05 0.0394797
v 2.77791 -0.05 0.049155
v 2.75835 -0.05 0.0599089
v 2.73923 -0.05 0.071722
v 2.72064 -0.05 0.0845662
v 2.70267 -0.05 0.0984046
v 2.68539 -0.05 0.113191
v 2.66887 -0.05 0.128873
v 2.65319 -0.05 0.145388
v 2.6384 -0.05 0.162669
v 2.62457 -0.05 0.180641
v 2.61172 -0.05 0.199228
v 2.59991 -0.05 0.218345
v 2.58916 -0.05 0.23791
v 2.57948 -0.05 0.257837
v 2.57089 -0.05 0.278038
v 2.5634 -0.05 0.298431
v 2.55698 -0.05 0.31893
v 2.55164 -0.05 0.339458
v 2.54735 -0.05 0.359936
v 2.54407 -0.05 0.380294
v 2.54178 -0.05 0.400464
v 2.54044 -0.05 0.420385
v 2.54 -0.05 0.44
v 2.54 0.1 0.44
v 2.54044 0.1 0.459615
v 2.54178 0.1 0.479536
v 2.54407 0.1 0.499706
v 2.54735 0.1 0.520064
v 2.55164 0.1 0.540542
v 2.55698 0.1 0.56107
v 2.5634 0.1 0.581569
v 2.57089 0.1 0.601962
v 2.57948 0.1 0.622163
v 2.58916 0.1 0.64209
v 2.59991 0.1 0.661655
v 2.61172 0.1 0.680772
v 2.62457 0.1 0.699359
v 2.6384 0.1 0.717331
v 2.65319 0.1 0.734612
v 2.66887 0.1 0.751127
v 2.68539 0.1 0.766809
v 2.70267 0.1 0.781595
v 2.72064 0.1 0.795434
v 2.73923 0.1 0.808278
v 2.75835 0.1 0.820091
v 2.77791 0.1 0.830845
v 2.79784 0.1 0.84052
v 2.81804 0.1 0.849107
v 2.83843 0.1 0.856603
v 2.85893 0.1 0.863016
v 2.87946 0.1 0.868359
v 2.89994 0.1 0.872654
v 2.92029 0.1 0.87593
v 2.94046 0.1 0.87822
v 2.96038 0.1 0.879563
v 2.98 0.1 0.88
v 2.99962 0.1 0.879563
v 3.01954 0.1 0.87822
v 3.03971 0.1 0.87593
v 3.06006 0.1 0.872654
v 3.08054 0.1 0.868359
v 3.10107 0.1 0.863016
v 3.12157 0.1 0.856603
v 3.14196 0.1 0.849107
v 3.16216 0.1 0.84052
v 3.18209 0.1 0.830845
v 3.20165 0.1 0.820091
v 3.22077 0.1 0.808278
v 3.23936 0.1 0.795434
v 3.25733 0.1 0.781595
v 3.27461 0.1 0.766809
v 3.29113 0.1 0.751127
v 3.30681 0.1 0.734612
v 3.3216 0.1 0.717331
v 3.33543 0.1 0.699359
v 3.34828 0.1 0.680772
v 3.36009 0.1 0.661655
v 3.37084 0.1 0.64209
v 3.38052 0.1 0.622163
v 3.38911 0.1 0.601962
v 3.3966 0.1 0.581569
v 3.40302 0.1 0.56107
v 3.40836 0.1 0.540542
v 3.41265 0.1 0.520064
v 3.41593 0.1 0.499706
v 3.41822 0.1 0.479536
v 3.41956 0.1 0.459615
v 3.42 0.1 0.44
v 3.41956 0.1 0.420385
v 3.41822 0.1 0.400464
v 3.41593 0.1 0.380294
v 3.41265 0.1 0.359936
v 3.40836 0.1 0.339458
v 3.40302 0.1 0.31893
v 3.3966 0.1 0.298431
v 3.38911 0.1 0.278038
v 3.38052 0.1 0.257837
v 3.37084 0.1 0.23791
v 3.36009 0.1 0.218345
v 3.34828 0.1 0.199228
v 3.33543 0.1 0.180641
v 3.3216 0.1 0.162669
v 3.30681 0.1 0.145388
v 3.29113 0.1 0.128873
v 3.27461 0.1 0.113191
v 3.25733 0.1 0.0984046
v 3.23936 0.1 0.0845662
v 3.22077 0.1 0.071722
v 3.20165 0.1 0.0599089
v 3.18209 0.1 0.049155
v 3.16216 0.1 0.0394797
v 3.14196 0.1 0.0308931
v 3.12157 0.1 0.023397
v 3.10107 0.1 0.0169845
v 3.08054 0.1 0.0116412
v 3.06006 0.1 0.00734564
v 3.03971 0.1 0.00406973
v 3.01954 0.1 0.00177984
v 2.99962 0.1 0.000437445
v 2.98 0.1 5.55112e-17
v 2.96038 0.1 0.000437445
v 2.94046 0.1 0.00177984
v 2.92029 0.1 0.00406973
v 2.89994 0.1 0.00734564
v 2.87946 0.1 0.0116412
v 2.85893 0.1 0.0169845
v 2.83843 0.1 0.023397
v 2.81804 0.1 0.0308931
v 2.79784 0.1 0.0394797
v 2.77791 0.1 0.049155
v 2.75835 0.1 0.0599089
v 2.73923 0.1 0.071722
v 2.72064 0.1 0.0845662
v 2.70267 0.1 0.0984046
v 2.68539 0.1 0.113191
v 2.66887 0.1 0.128873
v 2.65319 0.1 0.145388
v 2.6384 0.1 0.162669
v 2.62457 0.1 0.180641
v 2.61172 0.1 0.199228
v 2.59991 0.1 0.218345
v 2.58916 0.1 0.23791
v 2.57948 0.1 0.257837
v 2.57089 0.1 0.278038
v 2.5634 0.1 0.298431
v 2.55698 0.1 0.31893
v 2.55164 0.1 0.339458
v 2.54735 0.1 0.359936
v 2.54407 0.1 0.380294
v 2.54178 0.1 0.400464
v 2.54044 0.1 0.420385
v 2.54 0.1 0.44
v 2.54 0.25 0.44
v 2.54044 0.25 0.459615
v 2.54178 0.25 0.479536
v 2.54407 0.25 0.499706
v 2.54735 0.25 0.520064
v 2.55164 0.25 0.540542
v 2.55698 0.25 0.56107
v 2.5634 0.25 0.581569
v 2.57089 0.25 0.601962
v 2.57948 0.25 0.622163
v 2.58916 0.25 0.64209
v 2.59991 0.25 0.661655
v 2.61172 0.25 0.680772
v 2.62457 0.25 0.699359
v 2.6384 0.25 0.717331
v 2.65319 0.25 0.734612
v 2.66887 0.25 0.751127
v 2.68539 0.25 0.766809
v 2.70267 0.25 0.781595
v 2.72064 0.25 0.795434
v 2.73923 0.25 0.808278
v 2.75835 0.25 0.820091
v 2.77791 0.25 0.830845
v 2.79784 0.25 0.84052
v 2.81804 0.25 0.849107
v 2.83843 0.25 0.856603
v 2.85893 0.25 0.863016
v 2.87946 0.25 0.868359
v 2.89994 0.25 0.872654
v 2.92029 0.25 0.87593
v 2.94046 0.25 0.87822
v 2.96038 0.25 0.879563
v 2.98 0.25 0.88
v 2.99962 0.25 0.879563
v 3.01954 0.25 0.87822
v 3.03971 0.25 0.87593
v 3.06006 0.25 0.872654
v 3.08054 0.25 0.868359
v 3.10107 0.25 0.863016
v 3.12157 0.25 0.856603
v 3.14196 0.25 0.849107
v 3.16216 0.25 0.84052
v 3.18209 0.25 0.830845
v 3.20165 0.25 0.820091
v 3.22077 0.25 0.808278
v 3.23936 0.25 0.795434
v 3.25733 0.25 0.781595
v 3.27461 0.25 0.766809
v 3.29113 0.25 0.751127
v 3.30681 0.25 0.734612
v 3.3216 0.25 0.717331
v 3.33543 0.25 0.699359
v 3.34828 0.25 0.680772
v 3.36009 0.25 0.661655
v 3.37084 0.25 0.64209
v 3.38052 0.25 0.622163
v 3.38911 0.25 0.601962
v 3.3966 0.25 0.581569
v 3.40302 0.25 0.56107
v 3.40836 0.25 0.540542
v 3.41265 0.25 0.520064
v 3.41593 0.25 0.499706
v 3.41822 0.25 0.479536
v 3.41956 0.25 0.459615
v 3.42 0.25 0.44
v 3.41956 0.25 0.420385
v 3.41822 0.25 0.400464
v 3.41593 0.25 0.380294
v 3.41265 0.25 0.359936
v 3.40836 0.25 0.339458
v 3.40302 0.25 0.31893
v 3.3966 0.25 0.298431
v 3.38911 0.25 0.278038
v 3.38052 0.25 0.257837
v 3.37084 0.25 0.23791
v 3.36009 0.25 0.218345
v 3.34828 0.25 0.199228
v 3.33543 0.25 0.180641
v 3.3216 0.25 0.162669
v 3.30681 0.25 0.145388
v 3.29113 0.25 0.128873
v 3.27461 0.25 0.113191
v 3.25733 0.25 0.0984046
v 3.23936 0.25 0.0845662
v 3.22077 0.25 0.071722
v 3.20165 0.25 0.0599089
v 3.18209 0.25 0.049155
v 3.16216 0.25 0.0394797
v 3.14196 0.25 0.0308931
v 3.12157 0.25 0.023397
v 3.10107 0.25 0.0169845
v 3.08054 0.25 0.0116412
v 3.06006 0.25 0.00734564
v 3.03971 0.25 0.00406973
v 3.01954 0.25 0.00177984
v 2.99962 0.25 0.000437445
v 2.98 0.25 5.55112e-17
v 2.96038 0.25 0.000437445
v 2.94046 0.25 0.00177984
v 2.92029 0.25 0.00406973
v 2.89994 0.25 0.00734564
v 2.87946 0.25 0.0116412
v 2.85893 0.25 0.0169845
v 2.83843 0.25 0.023397
v 2.81804 0.25 0.0308931
v 2.79784 0.25 0.0394797
v 2.77791 0.25 0.049155
v 2.75835 0.25 0.0599089
v 2.73923 0.25 0.071722
v 2.72064 0.25 0.0845662
v 2.70267 0.25 0.0984046
v 2.68539 0.25 0.113191
v 2.66887 0.25 0.128873
v 2.65319 0.25 0.145388
v 2.6384 0.25 0.162669
v 2.62457 0.25 0.180641
v 2.61172 0.25 0.199228
v 2.59991 0.25 0.218345
v 2.58916 0.25 0.23791
v 2.57948 0.25 0.257837
v 2.57089 0.25 0.278038
v 2.5634 0.25 0.298431
v 2.55698 0.25 0.31893
v 2.55164 0.25 0.339458
v 2.54735 0.25 0.359936
v 2.54407 0.25 0.380294
v 2.54178 0.25 0.400464
v 2.54044 0.25 0.420385
v 2.54 0.25 0.44
vn -1 0 0
vn -0.999006 0 0.0445802
vn -0.995955 0 0.0898544
vn -0.990751 0 0.135695
vn -0.983305 0 0.181963
vn -0.973543 0 0.228505
vn -0.961399 0 0.275158
vn -0.946825 0 0.321749
vn -0.929788 0 0.368095
vn -0.910273 0 0.414008
vn -0.888284 0 0.459295
vn -0.863844 0 0.50376
vn -0.836996 0 0.54721
vn -0.807804 0 0.589451
vn -0.776353 0 0.630298
vn -0.742747 0 0.669572
vn -0.707107 0 0.707107
vn -0.669572 0 0.742747
vn -0.630298 0 0.776353
vn -0.589451 0 0.807804
vn -0.54721 0 0.836996
vn -0.50376 0 0.863844
vn -0.459295 0 0.888284
vn -0.414008 0 0.910273
vn -0.368095 0 0.929788
vn -0.321749 0 0.946825
vn -0.275158 0 0.961399
vn -0.228505 0 0.973543
vn -0.181963 0 0.983305
vn -0.135695 0 0.990751
vn -0.0898544 0 0.995955
vn -0.0445802 0 0.999006
vn -1.7842e-16 0 1
vn 0.0445802 -0 0.999006
vn 0.0898544 -0 0.995955
vn 0.135695 -0 0.990751
vn 0.181963 -0 0.983305
vn 0.228505 -0 0.973543
vn 0.275158 -0 0.961399
vn 0.321749 -0 0.946825
vn 0.368095 -0 0.929788
vn 0.414008 -0 0.910273
vn 0.459295 -0 0.888284
vn 0.50376 -0 0.863844
vn 0.54721 -0 0.836996
vn 0.589451 -0 0.807804
vn 0.630298 -0 0.776353
vn 0.669572 -0 0.742747
vn 0.707107 -0 0.707107
vn 0.742747 -0 0.669572
vn 0.776353 -0 0.630298
vn 0.807804 -0 0.589451
vn 0.836996 -0 0.54721
vn 0.863844 -0 0.50376
vn 0.888284 -0 0.459295
vn 0.910273 -0 0.414008
vn 0.929788 -0 0.368095
vn 0.946825 -0 0.321749
vn 0.961399 -0 0.275158
vn 0.973543 -0 0.228505
vn 0.983305 -0 0.181963
vn 0.990751 -0 0.135695
vn 0.995955 -0 0.0898544
vn 0.999006 -0 0.0445802
vn 1 -0 0
vn 0.999006 0 -0.0445802
vn 0.995955 0 -0.0898544
vn 0.990751 0 -0.135695
vn 0.983305 0 -0.181963
vn 0.973543 0 -0.228505
vn 0.961399 0 -0.275158
vn 0.946825 0 -0.321749
vn 0.929788 0 -0.368095
vn 0.910273 0 -0.414008
vn 0.888284 0 -0.459295
vn 0.863844 0 -0.50376
vn 0.836996 0 -0.54721
vn 0.807804 0 -0.589451
vn 0.776353 0 -0.630298
vn 0.742747 0 -0.669572
vn 0.707107 0 -0.707107
vn 0.669572 0 -0.742747
vn 0.630298 0 -0.776353
vn 0.589451 0 -0.807804
vn 0.54721 0 -0.836996
vn 0.50376 0 -0.863844
vn 0.459295 0 -0.888284
vn 0.414008 0 -0.910273
vn 0.368095 0 -0.929788
vn 0.321749 0 -0.946825
vn 0.275158 0 -0.961399
vn 0.228505 0 -0.973543
vn 0.181963 0 -0.983305
vn 0.135695 0 -0.990751
vn 0.0898544 0 -0.995955
vn 0.0445802 0 -0.999006
vn 2.52323e-16 0 -1
vn -0.0445802 0 -0.999006
vn -0.0898544 0 -0.995955
vn -0.135695 0 -0.990751
vn -0.181963 0 -0.983305
vn -0.228505 0 -0.973543
vn -0.275158 0 -0.961399
vn -0.321749 0 -0.946825
vn -0.368095 0 -0.929788
vn -0.414008 0 -0.910273
vn -0.459295 0 -0.888284
vn -0.50376 0 -0.863844
vn -0.54721 0 -0.836996
vn -0.589451 0 -0.807804
vn -0.630298 0 -0.776353
vn -0.669572 0 -0.742747
vn -0.707107 0 -0.707107
vn -0.742747 0 -0.669572
vn -0.776353 0 -0.630298
vn -0.807804 0 -0.589451
vn -0.836996 0 -0.54721
vn -0.863844 0 -0.50376
vn -0.888284 0 -0.459295
vn -0.910273 0 -0.414008
vn -0.929788 0 -0.368095
vn -0.946825 0 -0.321749
vn -0.961399 0 -0.275158
vn -0.973543 0 -0.228505
vn -0.983305 0 -0.181963
vn -0.990751 0 -0.135695
vn -0.995955 0 -0.0898544
vn -0.999006 0 -0.0445802
vn -1 0 0
vn -1 0 7.13678e-16
vn -0.999006 0 0.0445802
vn -0.995955 0 0.0898544
vn -0.990751 0 0.135695
vn -0.983305 0 0.181963
vn -0.973543 0 0.228505
vn -0.961399 0 0.275158
vn -0.946825 0 0.321749
vn -0.929788 0 0.368095
vn -0.910273 0 0.414008
vn -0.888284 0 0.459295
vn -0.863844 0 0.50376
vn -0.836996 0 0.54721
vn -0.807804 0 0.589451
vn -0.776353 0 0.630298
vn -0.742747 0 0.669572
vn -0.707107 0 0.707107
vn -0.669572 0 0.742747
vn -0.630298 0 0.776353
vn -0.589451 0 0.807804
vn -0.54721 0 0.836996
vn -0.50376 0 0.863844
vn -0.459295 0 0.888284
vn -0.414008 0 0.910273
vn -0.368095 0 0.929788
vn -0.321749 0 0.946825
vn -0.275158 0 0.961399
vn -0.228505 0 0.973543
vn -0.181963 0 0.983305
vn -0.135695 0 0.990751
vn -0.0898544 0 0.995955
vn -0.0445802 0 0.999006
vn -3.56839e-16 0 1
vn 0.0445802 -0 0.999006
vn 0.0898544 -0 0.995955
vn 0.135695 -0 0.990751
vn 0.181963 -0 0.983305
vn 0.228505 -0 0.973543
vn 0.275158 -0 0.961399
vn 0.321749 -0 0.946825
vn 0.368095 -0 0.929788
vn 0.414008 -0 0.910273
vn 0.459295 -0 0.888284
vn 0.50376 -0 0.863844
vn 0.54721 -0 0.836996
vn 0.589451 -0 0.807804
vn 0.630298 -0 0.776353
vn 0.669572 -0 0.742747
vn 0.707107 -0 0.707107
vn 0.742747 -0 0.669572
vn 0.776353 -0 0.630298
vn 0.807804 -0 0.589451
vn 0.836996 -0 0.54721
vn 0.863844 -0 0.50376
vn 0.888284 -0 0.459295
vn 0.910273 -0 0.414008
vn 0.929788 -0 0.368095
vn 0.946825 -0 0.321749
vn 0.961399 -0 0.275158
vn 0.973543 -0 0.228505
vn 0.983305 -0 0.181963
vn 0.990751 -0 0.135695
vn 0.995955 -0 0.0898544
vn 0.999006 -0 0.0445802
vn 1 -0 7.13678e-16
vn 0.999006 0 -0.0445802
vn 0.995955 0 -0.0898544
vn 0.990751 0 -0.135695
vn 0.983305 0 -0.181963
vn 0.973543 0 -0.228505
vn 0.961399 0 -0.275158
vn 0.946825 0 -0.321749
vn 0.929788 0 -0.368095
vn 0.910273 0 -0.414008
vn 0.888284 0 -0.459295
vn 0.863844 0 -0.50376
vn 0.836996 0 -0.54721
vn 0.807804 0 -0.589451
vn 0.776353 0 -0.630298
vn 0.742747 0 -0.669572
vn 0.707107 0 -0.707107
vn 0.669572 0 -0.742747
vn 0.630298 0 -0.776353
vn 0.589451 0 -0.807804
vn 0.54721 0 -0.836996
vn 0.50376 0 -0.863844
vn 0.459295 0 -0.888284
vn 0.414008 0 -0.910273
vn 0.368095 0 -0.929788
vn 0.321749 0 -0.946825
vn 0.275158 0 -0.961399
vn 0.228505 0 -0.973543
vn 0.181963 0 -0.983305
vn 0.135695 0 -0.990751
vn 0.0898544 0 -0.995955
vn 0.0445802 0 -0.999006
vn 2.52323e-16 0 -1
vn -0.0445802 0 -0.999006
vn -0.0898544 0 -0.995955
vn -0.135695 0 -0.990751
vn -0.181963 0 -0.983305
vn -0.228505 0 -0.973543
vn -0.275158 0 -0.961399
vn -0.321749 0 -0.946825
vn -0.368095 0 -0.929788
vn -0.414008 0 -0.910273
vn -0.459295 0 -0.888284
vn -0.50376 0 -0.863844
vn -0.54721 0 -0.836996
vn -0.589451 0 -0.807804
vn -0.630298 0 -0.776353
vn -0.669572 0 -0.742747
vn -0.707107 0 -0.707107
vn -0.742747 0 -0.669572
vn -0.776353 0 -0.630298
vn -0.807804 0 -0.589451
vn -0.836996 0 -0.54721
vn -0.863844 0 -0.50376
vn -0.888284 0 -0.459295
vn -0.910273 0 -0.414008
vn -0.929788 0 -0.368095
vn -0.946825 0 -0.321749
vn -0.961399 0 -0.275158
vn -0.973543 0 -0.228505
vn -0.983305 0 -0.181963
vn -0.990751 0 -0.135695
vn -0.995955 0 -0.0898544
vn -0.999006 0 -0.0445802
vn -1 0 0
vn -1 0 0
vn -0.999006 0 0.0445802
vn -0.995955 0 0.0898544
vn -0.990751 0 0.135695
vn -0.983305 0 0.181963
vn -0.973543 0 0.228505
vn -0.961399 0 0.275158
vn -0.946825 0 0.321749
vn -0.929788 0 0.368095
vn -0.910273 0 0.414008
vn -0.888284 0 0.459295
vn -0.863844 0 0.50376
vn -0.836996 0 0.54721
vn -0.807804 0 0.589451
vn -0.776353 0 0.630298
vn -0.742747 0 0.669572
vn -0.707107 0 0.707107
vn -0.669572 0 0.742747
vn -0.630298 0 0.776353
vn -0.589451 0 0.807804
vn -0.54721 0 0.836996
vn -0.50376 0 0.863844
vn -0.459295 0 0.888284
vn -0.414008 0 0.910273
vn -0.368095 0 0.929788
vn -0.321749 0 0.946825
vn -0.275158 0 0.961399
vn -0.228505 0 0.973543
vn -0.181963 0 0.983305
vn -0.135695 0 0.990751
vn -0.0898544 0 0.995955
vn -0.0445802 0 0.999006
vn -1.7842e-16 0 1
vn 0.0445802 -0 0.999006
vn 0.0898544 -0 0.995955
vn 0.135695 -0 0.990751
vn 0.181963 -0 0.983305
vn 0.228505 -0 0.973543
vn 0.275158 -0 0.961399
vn 0.321749 -0 0.946825
vn 0.368095 -0 0.929788
vn 0.414008 -0 0.910273
vn 0.459295 -0 0.888284
vn 0.50376 -0 0.863844
vn 0.54721 -0 0.836996
vn 0.589451 -0 0.807804
vn 0.630298 -0 0.776353
vn 0.669572 -0 0.742747
vn 0.707107 -0 0.707107
vn 0.742747 -0 0.669572
vn 0.776353 -0 0.630298
vn 0.807804 -0 0.589451
vn 0.836996 -0 0.54721
vn 0.863844 -0 0.50376
vn 0.888284 -0 0.459295
vn 0.910273 -0 0.414008
vn 0.929788 -0 0.368095
vn 0.946825 -0 0.321749
vn 0.961399 -0 0.275158
vn 0.973543 -0 0.228505
vn 0.983305 -0 0.181963
vn 0.990751 -0 0.135695
vn 0.995955 -0 0.0898544
vn 0.999006 -0 0.0445802
vn 1 -0 0
vn 0.999006 0 -0.0445802
vn 0.995955 0 -0.0898544
vn 0.990751 0 -0.135695
vn 0.983305 0 -0.181963
vn 0.973543 0 -0.228505
vn 0.961399 0 -0.275158
vn 0.946825 0 -0.321749
vn 0.929788 0 -0.368095
vn 0.910273 0 -0.414008
vn 0.888284 0 -0.459295
vn 0.863844 0 -0.50376
vn 0.836996 0 -0.54721
vn 0.807804 0 -0.589451
vn 0.776353 0 -0.630298
vn 0.742747 0 -0.669572
vn 0.707107 0 -0.707107
vn 0.669572 0 -0.742747
vn 0.630298 0 -0.776353
vn 0.589451 0 -0.807804
vn 0.54721 0 -0.836996
vn 0.50376 0 -0.863844
vn 0.459295 0 -0.888284
vn 0.414008 0 -0.910273
vn 0.368095 0 -0.929788
vn 0.321749 0 -0.946825
vn 0.275158 0 -0.961399
vn 0.228505 0 -0.973543
vn 0.181963 0 -0.983305
vn 0.135695 0 -0.990751
vn 0.0898544 0 -0.995955
vn 0.0445802 0 -0.999006
vn 2.52323e-16 0 -1
vn -0.0445802 0 -0.999006
vn -0.0898544 0 -0.995955
vn -0.135695 0 -0.990751
vn -0.181963 0 -0.983305
vn -0.228505 0 -0.973543
vn -0.275158 0 -0.961399
vn -0.321749 0 -0.946825
vn -0.368095 0 -0.929788
vn -0.414008 0 -0.910273
vn -0.459295 0 -0.888284
vn -0.50376 0 -0.863844
vn -0.54721 0 -0.836996
vn -0.589451 0 -0.807804
vn -0.630298 0 -0.776353
vn -0.669572 0 -0.742747
vn -0.707107 0 -0.707107
vn -0.742747 0 -0.669572
vn -0.776353 0 -0.630298
vn -0.807804 0 -0.589451
vn -0.836996 0 -0.54721
vn -0.863844 0 -0.50376
vn -0.888284 0 -0.459295
vn -0.910273 0 -0.414008
vn -0.929788 0 -0.368095
vn -0.946825 0 -0.321749
vn -0.961399 0 -0.275158
vn -0.973543 0 -0.228505
vn -0.983305 0 -0.181963
vn -0.990751 0 -0.135695
vn -0.995955 0 -0.0898544
vn -0.999006 0 -0.0445802
vn -1 0 0
g WheelRL_f0
usemtl rubber
f 1509//1509 1510//1510 1639//1639
f 1509//1509 1639//1639 1638//1638
f 1510//1510 1511//1511 1640//1640
f 1510//1510 1640//1640 1639//1639
f 1511//1511 1512//1512 1641//1641
f 1511//1511 1641//1641 1640//1640
f 1512//1512 1513//1513 1642//1642
f 1512//1512 1642//1642 1641//1641
f 1513//1513 1514//1514 1643//1643
f 1513//1513 1643//1643 1642//1642
f 1514//1514 1515//1515 1644//1644
f 1514//1514 1644//1644 1643//1643
f 1515//1515 1516//1516 1645//1645
f 1515//1515 1645//1645 1644//1644
f 1516//1516 1517//1517 1646//1646
f 1516//1516 1646//1646 1645//1645
f 1517//1517 1518//1518 1647//1647
f 1517//1517 1647//1647 1646//1646
f 1518//1518 1519//1519 1648//1648
f 1518//1518 1648//1648 1647//1647
f 1519//1519 1520//1520 1649//1649
f 1519//1519 1649//1649 1648//1648
f 1520//1520 1521//1521 1650//1650
f 1520//1520 1650//1650 1649//1649
f 1521//1521 1522//1522 1651//1651
f 1521//1521 1651//1651 1650//1650
f 1522//1522 1523//1523 1652//1652
f 1522//1522 1652//1652 1651//1651
f 1523//1523 1524//1524 1653//1653
f 1523//1523 1653//1653 1652//1652
f 1524//1524 1525//1525 1654//1654
f 1524//1524 1654//1654 1653//1653
f 1525//1525 1526//1526 1655//1655
f 1525//1525 1655//1655 1654//1654
f 1526//1526 1527//1527 1656//1656
f 1526//1526 1656//1656 1655//1655
f 1527//1527 1528//1528 1657//1657
f 1527//1527 1657//1657 1656//1656
f 1528//1528 1529//1529 1658//1658
f 1528//1528 1658//1658 1657//1657
f 1529//1529 1530//1530 1659//1659
f 1529//1529 1659//1659 1658//1658
f 1530//1530 1531//1531 1660//1660
f 1530//1530 1660//1660 1659//1659
f 1531//1531 1532//1532 1661//1661
f 1531//1531 1661//1661 1660//1660
f 1532//1532 1533//1533 1662//1662
f 1532//1532 1662//1662 1661//1661
f 1533//1533 1534//1534 1663//1663
f 1533//1533 1663//1663 1662//1662
f 1534//1534 1535//1535 1664//1664
f 1534//1534 1664//1664 1663//1663
f 1535//1535 1536//1536 1665//1665
f 1535//1535 1665//1665 1664//1664
f 1536//1536 1537//1537 1666//1666
f 1536//1536 1666//1666 1665//1665
f 1537//1537 1538//1538 1667//1667
f 1537//1537 1667//1667 1666//1666
f 1538//1538 1539//1539 1668//1668
f 1538//1538 1668//1668 1667//1667
f 1539//1539 1540//1540 1669//1669
f 1539//1539 1669//1669 1668//1668
f 1540//1540 1541//1541 1670//1670
f 1540//1540 1670//1670 1669//1669
f 1541//1541 1542//1542 1671//1671
f 1541//1541 1671//1671 1670//1670
f 1542//1542 1543//1543 1672//1672
f 1542//1542 1672//1672 1671//1671
f 1543//1543 1544//1544 1673//1673
f 1543//1543 1673//1673 1672//1672
f 1544//1544 1545//1545 1674//1674
f 1544//1544 1674//1674 1673//1673
f 1545//1545 1546//1546 1675//1675
f 1545//1545 1675//1675 1674//1674
f 1546//1546 1547//1547 1676//1676
f 1546//1546 1676//1676 1675//1675
f 1547//1547 1548//1548 1677//1677
f 1547//1547 1677//1677 1676//1676
f 1548//1548 1549//1549 1678//1678
f 1548//1548 1678//1678 1677//1677
f 1549//1549 1550//1550 1679//1679
f 1549//1549 1679//1679 1678//1678
f 1550//1550 1551//1551 1680//1680
f 1550//1550 1680//1680 1679//1679
f 1551//1551 1552//1552 1681//1681
f 1551//1551 1681//1681 1680//1680
f 1552//1552 1553//1553 1682//1682
f 1552//1552 1682//1682 1681//1681
f 1553//1553 1554//1554 1683//1683
f 1553//1553 1683//1683 1682//1682
f 1554//1554 1555//1555 1684//1684
f 1554//1554 1684//1684 1683//1683
f 1555//1555 1556//1556 1685//1685
f 1555//1555 1685//1685 1684//1684
f 1556//1556 1557//1557 1686//1686
f 1556//1556 1686//1686 1685//1685
f 1557//1557 1558//1558 1687//1687
f 1557//1557 1687//1687 1686//1686
f 1558//1558 1559//1559 1688//1688
f 1558//1558 1688//1688 1687//1687
f 1559//1559 1560//1560 1689//1689
f 1559//1559 1689//1689 1688//1688
f 1560//1560 1561//1561 1690//1690
f 1560//1560 1690//1690 1689//1689
f 1561//1561 1562//1562 1691//1691
f 1561//1561 1691//1691 1690//1690
f 1562//1562 1563//1563 1692//1692
f 1562//1562 1692//1692 1691//1691
f 1563//1563 1564//1564 1693//1693
f 1563//1563 1693//1693 1692//1692
f 1564//1564 1565//1565 1694//1694
f 1564//1564 1694//1694 1693//1693
f 1565//1565 1566//1566 1695//1695
f 1565//1565 1695//1695 1694//1694
f 1566//1566 1567//1567 1696//1696
f 1566//1566 1696//1696 1695//1695
f 1567//1567 1568//1568 1697//1697
f 1567//1567 1697//1697 1696//1696
f 1568//1568 1569//1569 1698//1698
f 1568//1568 1698//1698 1697//1697
f 1569//1569 1570//1570 1699//1699
f 1569//1569 1699//1699 1698//1698
f 1570//1570 1571//1571 1700//1700
f 1570//1570 1700//1700 1699//1699
f 1571//1571 1572//1572 1701//1701
f 1571//1571 1701//1701 1700//1700
f 1572//1572 1573//1573 1702//1702
f 1572//1572 1702//1702 1701//1701
f 1573//1573 1574//1574 1703//1703
f 1573//1573 1703//1703 1702//1702
f 1574//1574 1575//1575 1704//1704
f 1574//1574 1704//1704 1703//1703
f 1575//1575 1576//1576 1705//1705
f 1575//1575 1705//1705 1704//1704
f 1576//1576 1577//1577 1706//1706
f 1576//1576 1706//1706 1705//1705
f 1577//1577 1578//1578 1707//1707
f 1577//1577 1707//1707 1706//1706
f 1578//1578 1579//1579 1708//1708
f 1578//1578 1708//1708 1707//1707
f 1579//1579 1580//1580 1709//1709
f 1579//1579 1709//1709 1708//1708
f 1580//1580 1581//1581 1710//1710
f 1580//1580 1710//1710 1709//1709
f 1581//1581 1582//1582 1711//1711
f 1581//1581 1711//1711 1710//1710
f 1582//1582 1583//1583 1712//1712
f 1582//1582 1712//1712 1711//1711
f 1583//1583 1584//1584 1713//1713
f 1583//1583 1713//1713 1712//1712
f 1584//1584 1585//1585 1714//1714
f 1584//1584 1714//1714 1713//1713
f 1585//1585 1586//1586 1715//1715
f 1585//1585 1715//1715 1714//1714
f 1586//1586 1587//1587 1716//1716
f 1586//1586 1716//1716 1715//1715
f 1587//1587 1588//1588 1717//1717
f 1587//1587 1717//1717 1716//1716
f 1588//1588 1589//1589 1718//1718
f 1588//1588 1718//1718 1717//1717
f 1589//1589 1590//1590 1719//1719
f 1589//1589 1719//1719 1718//1718
f 1590//1590 1591//1591 1720//1720
f 1590//1590 1720//1720 1719//1719
f 1591//1591 1592//1592 1721//1721
f 1591//1591 1721//1721 1720//1720
f 1592//1592 1593//1593 1722//1722
f 1592//1592 1722//1722 1721//1721
f 1593//1593 1594//1594 1723//1723
f 1593//1593 1723//1723 1722//1722
f 1594//1594 1595//1595 1724//1724
f 1594//1594 1724//1724 1723//1723
f 1595//1595 1596//1596 1725//1725
f 1595//1595 1725//1725 1724//1724
f 1596//1596 1597//1597 1726//1726
f 1596//1596 1726//1726 1725//1725
f 1597//1597 1598//1598 1727//1727
f 1597//1597 1727//1727 1726//1726
f 1598//1598 1599//1599 1728//1728
f 1598//1598 1728//1728 1727//1727
f 1599//1599 1600//1600 1729//1729
f 1599//1599 1729//1729 1728//1728
f 1600//1600 1601//1601 1730//1730
f 1600//1600 1730//1730 1729//1729
f 1601//1601 1602//1602 1731//1731
f 1601//1601 1731//1731 1730//1730
f 1602//1602 1603//1603 1732//1732
f 1602//1602 1732//1732 1731//1731
f 1603//1603 1604//1604 1733//1733
f 1603//1603 1733//1733 1732//1732
f 1604//1604 1605//1605 1734//1734
f 1604//1604 1734//1734 1733//1733
f 1605//1605 1606//1606 1735//1735
f 1605//1605 1735//1735 1734//1734
f 1606//1606 1607//1607 1736//1736
f 1606//1606 1736//1736 1735//1735
f 1607//1607 1608//1608 1737//1737
f 1607//1607 1737//1737 1736//1736
f 1608//1608 1609//1609 1738//1738
f 1608//1608 1738//1738 1737//1737
f 1609//1609 1610//1610 1739//1739
f 1609//1609 1739//1739 1738//1738
f 1610//1610 1611//1611 1740//1740
f 1610//1610 1740//1740 1739//1739
f 1611//1611 1612//1612 1741//1741
f 1611//1611 1741//1741 1740//1740
f 1612//1612 1613//1613 1742//1742
f 1612//1612 1742//1742 1741//1741
f 1613//1613 1614//1614 1743//1743
f 1613//1613 1743//1743 1742//1742
f 1614//1614 1615//1615 1744//1744
f 1614//1614 1744//1744 1743//1743
f 1615//1615 1616//1616 1745//1745
f 1615//1615 1745//1745 1744//1744
f 1616//1616 1617//1617 1746//1746
f 1616//1616 1746//1746 1745//1745
f 1617//1617 1618//1618 1747//1747
f 1617//1617 1747//1747 1746//1746
f 1618//1618 1619//1619 1748//1748
f 1618//1618 1748//1748 1747//1747
f 1619//1619 1620//1620 1749//1749
f 1619//1619 1749//1749 1748//1748
f 1620//1620 1621//1621 1750//1750
f 1620//1620 1750//1750 1749//1749
f 1621//1621 1622//1622 1751//1751
f 1621//1621 1751//1751 1750//1750
f 1622//1622 1623//1623 1752//1752
f 1622//1622 1752//1752 1751//1751
f 1623//1623 1624//1624 1753//1753
f 1623//1623 1753//1753 1752//1752
f 1624//1624 1625//1625 1754//1754
f 1624//1624 1754//1754 1753//1753
f 1625//1625 1626//1626 1755//1755
f 1625//1625 1755//1755 1754//1754
f 1626//1626 1627//1627 1756//1756
f 1626//1626 1756//1756 1755//1755
f 1627//1627 1628//1628 1757//1757
f 1627//1627 1757//1757 1756//1756
f 1628//1628 1629//1629 1758//1758
f 1628//1628 1758//1758 1757//1757
f 1629//1629 1630//1630 1759//1759
f 1629//1629 1759//1759 1758//1758
f 1630//1630 1631//1631 1760//1760
f 1630//1630 1760//1760 1759//1759
f 1631//1631 1632//1632 1761//1761
f 1631//1631 1761//1761 1760//1760
f 1632//1632 1633//1633 1762//1762
f 1632//1632 1762//1762 1761//1761
f 1633//1633 1634//1634 1763//1763
f 1633//1633 1763//1763 1762//1762
f 1634//1634 1635//1635 1764//1764
f 1634//1634 1764//1764 1763//1763
f 1635//1635 1636//1636 1765//1765
f 1635//1635 1765//1765 1764//1764
f 1636//1636 1637//1637 1766//1766
f 1636//1636 1766//1766 1765//1765
f 1638//1638 1639//1639 1768//1768
f 1638//1638 1768//1768 1767//1767
f 1639//1639 1640//1640 1769//1769
f 1639//1639 1769//1769 1768//1768
f 1640//1640 1641//1641 1770//1770
f 1640//1640 1770//1770 1769//1769
f 1641//1641 1642//1642 1771//1771
f 1641//1641 1771//1771 1770//1770
f 1642//1642 1643//1643 1772//1772
f 1642//1642 1772//1772 1771//1771
f 1643//1643 1644//1644 1773//1773
f 1643//1643 1773//1773 1772//1772
f 1644//1644 1645//1645 1774//1774
f 1644//1644 1774//1774 1773//1773
f 1645//1645 1646//1646 1775//1775
f 1645//1645 1775//1775 1774//1774
f 1646//1646 1647//1647 1776//1776
f 1646//1646 1776//1776 1775//1775
f 1647//1647 1648//1648 1777//1777
f 1647//1647 1777//1777 1776//1776
f 1648//1648 1649//1649 1778//1778
f 1648//1648 1778//1778 1777//1777
f 1649//1649 1650//1650 1779//1779
f 1649//1649 1779//1779 1778//1778
f 1650//1650 1651//1651 1780//1780
f 1650//1650 1780//1780 1779//1779
f 1651//1651 1652//1652 1781//1781
f 1651//1651 1781//1781 1780//1780
f 1652//1652 1653//1653 1782//1782
f 1652//1652 1782//1782 1781//1781
f 1653//1653 1654//1654 1783//1783
f 1653//1653 1783//1783 1782//1782
f 1654//1654 1655//1655 1784//1784
f 1654//1654 1784//1784 1783//1783
f 1655//1655 1656//1656 1785//1785
f 1655//1655 1785//1785 1784//1784
f 1656//1656 1657//1657 1786//1786
f 1656//1656 1786//1786 1785//1785
f 1657//1657 1658//1658 1787//1787
f 1657//1657 1787//1787 1786//1786
f 1658//1658 1659//1659 1788//1788
f 1658//1658 1788//1788 1787//1787
f 1659//1659 1660//1660 1789//1789
f 1659//1659 1789//1789 1788//1788
f 1660//1660 1661//1661 1790//1790
f 1660//1660 1790//1790 1789//1789
f 1661//1661 1662//1662 1791//1791
f 1661//1661 1791//1791 1790//1790
f 1662//1662 1663//1663 1792//1792
f 1662//1662 1792//1792 1791//1791
f 1663//1663 1664//1664 1793//1793
f 1663//1663 1793//1793 1792//1792
f 1664//1664 1665//1665 1794//1794
f 1664//1664 1794//1794 1793//1793
f 1665//1665 1666//1666 1795//1795
f 1665//1665 1795//1795 1794//1794
f 1666//1666 1667//1667 1796//1796
f 1666//1666 1796//1796 1795//1795
f 1667//1667 1668//1668 1797//1797
f 1667//1667 1797//1797 1796//1796
f 1668//1668 1669//1669 1798//1798
f 1668//1668 1798//1798 1797//1797
f 1669//1669 1670//1670 1799//1799
f 1669//1669 1799//1799 1798//1798
f 1670//1670 1671//1671 1800//1800
f 1670//1670 1800//1800 1799//1799
f 1671//1671 1672//1672 1801//1801
f 1671//1671 1801//1801 1800//1800
f 1672//1672 1673//1673 1802//1802
f 1672//1672 1802//1802 1801//1801
f 1673//1673 1674//1674 1803//1803
f 1673//1673 1803//1803 1802//1802
f 1674//1674 1675//1675 1804//1804
f 1674//1674 1804//1804 1803//1803
f 1675//1675 1676//1676 1805//1805
f 1675//1675 1805//1805 1804//1804
f 1676//1676 1677//1677 1806//1806
f 1676//1676 1806//1806 1805//1805
f 1677//1677 1678//1678 1807//1807
f 1677//1677 1807//1807 1806//1806
f 1678//1678 1679//1679 1808//1808
f 1678//1678 1808//1808 1807//1807
f 1679//1679 1680//1680 1809//1809
f 1679//1679 1809//1809 1808//1808
f 1680//1680 1681//1681 1810//1810
f 1680//1680 1810//1810 1809//1809
f 1681//1681 1682//1682 1811//1811
f 1681//1681 1811//1811 1810//1810
f 1682//1682 1683//1683 1812//1812
f 1682//1682 1812//1812 1811//1811
f 1683//1683 1684//1684 1813//1813
f 1683//1683 1813//1813 1812//1812
f 1684//1684 1685//1685 1814//1814
f 1684//1684 1814//1814 1813//1813
f 1685//1685 1686//1686 1815//1815
f 1685//1685 1815//1815 1814//1814
f 1686//1686 1687//1687 1816//1816
f 1686//1686 1816//1816 1815//1815
f 1687//1687 1688//1688 1817//1817
f 1687//1687 1817//1817 1816//1816
f 1688//1688 1689//1689 1818//1818
f 1688//1688 1818//1818 1817//1817
f 1689//1689 1690//1690 1819//1819
f 1689//1689 1819//1819 1818//1818
f 1690//1690 1691//1691 1820//1820
f 1690//1690 1820//1820 1819//1819
f 1691//1691 1692//1692 1821//1821
f 1691//1691 1821//1821 1820//1820
f 1692//1692 1693//1693 1822//1822
f 1692//1692 1822//1822 1821//1821
f 1693//1693 1694//1694 1823//1823
f 1693//1693 1823//1823 1822//1822
f 1694//1694 1695//1695 1824//1824
f 1694//1694 1824//1824 1823//1823
f 1695//1695 1696//1696 1825//1825
f 1695//1695 1825//1825 1824//1824
f 1696//1696 1697//1697 1826//1826
f 1696//1696 1826//1826 1825//1825
f 1697//1697 1698//1698 1827//1827
f 1697//1697 1827//1827 1826//1826
f 1698//1698 1699//1699 1828//1828
f 1698//1698 1828//1828 1827//1827
f 1699//1699 1700//1700 1829//1829
f 1699//1699 1829//1829 1828//1828
f 1700//1700 1701//1701 1830//1830
f 1700//1700 1830//1830 1829//1829
f 1701//1701 1702//1702 1831//1831
f 1701//1701 1831//1831 1830//1830
f 1702//1702 1703//1703 1832//1832
f 1702//1702 1832//1832 1831//1831
f 1703//1703 1704//1704 1833//1833
f 1703//1703 1833//1833 1832//1832
f 1704//1704 1705//1705 1834//1834
f 1704//1704 1834//1834 1833//1833
f 1705//1705 1706//1706 1835//1835
f 1705//1705 1835//1835 1834//1834
f 1706//1706 1707//1707 1836//1836
f 1706//1706 1836//1836 1835//1835
f 1707//1707 1708//1708 1837//1837
f 1707//1707 1837//1837 1836//1836
f 1708//1708 1709//1709 1838//1838
f 1708//1708 1838//1838 1837//1837
f 1709//1709 1710//1710 1839//1839
f 1709//1709 1839//1839 1838//1838
f 1710//1710 1711//1711 1840//1840
f 1710//1710 1840//1840 1839//1839
f 1711//1711 1712//1712 1841//1841
f 1711//1711 1841//1841 1840//1840
f 1712//1712 1713//1713 1842//1842
f 1712//1712 1842//1842 1841//1841
f 1713//1713 1714//1714 1843//1843
f 1713//1713 1843//1843 1842//1842
f 1714//1714 1715//1715 1844//1844
f 1714//1714 1844//1844 1843//1843
f 1715//1715 1716//1716 1845//1845
f 1715//1715 1845//1845 1844//1844
f 1716//1716 1717//1717 1846//1846
f 1716//1716 1846//1846 1845//1845
f 1717//1717 1718//1718 1847//1847
f 1717//1717 1847//1847 1846//1846
f 1718//1718 1719//1719 1848//1848
f 1718//1718 1848//1848 1847//1847
f 1719//1719 1720//1720 1849//1849
f 1719//1719 1849//1849 1848//1848
f 1720//1720 1721//1721 1850//1850
f 1720//1720 1850//1850 1849//1849
f 1721//1721 1722//1722 1851//1851
f 1721//1721 1851//1851 1850//1850
f 1722//1722 1723//1723 1852//1852
f 1722//1722 1852//1852 1851//1851
f 1723//1723 1724//1724 1853//1853
f 1723//1723 1853//1853 1852//1852
f 1724//1724 1725//1725 1854//1854
f 1724//1724 1854//1854 1853//1853
f 1725//1725 1726//1726 1855//1855
f 1725//1725 1855//1855 1854//1854
f 1726//1726 1727//1727 1856//1856
f 1726//1726 1856//1856 1855//1855
f 1727//1727 1728//1728 1857//1857
f 1727//1727 1857//1857 1856//1856
f 1728//1728 1729//1729 1858//1858
f 1728//1728 1858//1858 1857//1857
f 1729//1729 1730//1730 1859//1859
f 1729//1729 1859//1859 1858//1858
f 1730//1730 1731//1731 1860//1860
f 1730//1730 1860//1860 1859//1859
f 1731//1731 1732//1732 1861//1861
f 1731//1731 1861//1861 1860//1860
f 1732//1732 1733//1733 1862//1862
f 1732//1732 1862//1862 1861//1861
f 1733//1733 1734//1734 1863//1863
f 1733//1733 1863//1863 1862//1862
f 1734//1734 1735//1735 1864//1864
f 1734//1734 1864//1864 1863//1863
f 1735//1735 1736//1736 1865//1865
f 1735//1735 1865//1865 1864//1864
f 1736//1736 1737//1737 1866//1866
f 1736//1736 1866//1866 1865//1865
f 1737//1737 1738//1738 1867//1867
f 1737//1737 1867//1867 1866//1866
f 1738//1738 1739//1739 1868//1868
f 1738//1738 1868//1868 1867//1867
f 1739//1739 1740//1740 1869//1869
f 1739//1739 1869//1869 1868//1868
f 1740//1740 1741//1741 1870//1870
f 1740//1740 1870//1870 1869//1869
f 1741//1741 1742//1742 1871//1871
f 1741//1741 1871//1871 1870//1870
f 1742//1742 1743//1743 1872//1872
f 1742//1742 1872//1872 1871//1871
f 1743//1743 1744//1744 1873//1873
f 1743//1743 1873//1873 1872//1872
f 1744//1744 1745//1745 1874//1874
f 1744//1744 1874//1874 1873//1873
f 1745//1745 1746//1746 1875//1875
f 1745//1745 1875//1875 1874//1874
f 1746//1746 1747//1747 1876//1876
f 1746//1746 1876//1876 1875//1875
f 1747//1747 1748//1748 1877//1877
f 1747//1747 1877//1877 1876//1876
f 1748//1748 1749//1749 1878//1878
f 1748//1748 1878//1878 1877//1877
f 1749//1749 1750//1750 1879//1879
f 1749//1749 1879//1879 1878//1878
f 1750//1750 1751//1751 1880//1880
f 1750//1750 1880//1880 1879//1879
f 1751//1751 1752//1752 1881//1881
f 1751//1751 1881//1881 1880//1880
f 1752//1752 1753//1753 1882//1882
f 1752//1752 1882//1882 1881//1881
f 1753//1753 1754//1754 1883//1883
f 1753//1753 1883//1883 1882//1882
f 1754//1754 1755//1755 1884//1884
f 1754//1754 1884//1884 1883//1883
f 1755//1755 1756//1756 1885//1885
f 1755//1755 1885//1885 1884//1884
f 1756//1756 1757//1757 1886//1886
f 1756//1756 1886//1886 1885//1885
f 1757//1757 1758//1758 1887//1887
f 1757//1757 1887//1887 1886//1886
f 1758//1758 1759//1759 1888//1888
f 1758//1758 1888//1888 1887//1887
f 1759//1759 1760//1760 1889//1889
f 1759//1759 1889//1889 1888//1888
f 1760//1760 1761//1761 1890//1890
f 1760//1760 1890//1890 1889//1889
f 1761//1761 1762//1762 1891//1891
f 1761//1761 1891//1891 1890//1890
f 1762//1762 1763//1763 1892//1892
f 1762//1762 1892//1892 1891//1891
f 1763//1763 1764//1764 1893//1893
f 1763//1763 1893//1893 1892//1892
f 1764//1764 1765//1765 1894//1894
f 1764//1764 1894//1894 1893//1893
f 1765//1765 1766//1766 1895//1895
f 1765//1765 1895//1895 1894//1894
v 2.54 -0.05 0.44
v 2.54044 -0.05 0.420385
v 2.54178 -0.05 0.400464
v 2.54407 -0.05 0.380294
v 2.54735 -0.05 0.359936
v 2.55164 -0.05 0.339458
v 2.55698 -0.05 0.31893
v 2.5634 -0.05 0.298431
v 2.57089 -0.05 0.278038
v 2.57948 -0.05 0.257837
v 2.58916 -0.05 0.23791
v 2.59991 -0.05 0.218345
v 2.61172 -0.05 0.199228
v 2.62457 -0.05 0.180641
v 2.6384 -0.05 0.162669
v 2.65319 -0.05 0.145388
v 2.66887 -0.05 0.128873
v 2.68539 -0.05 0.113191
v 2.70267 -0.05 0.0984046
v 2.72064 -0.05 0.0845662
v 2.73923 -0.05 0.071722
v 2.75835 -0.05 0.0599089
v 2.77791 -0.05 0.049155
v 2.79784 -0.05 0.0394797
v 2.81804 -0.05 0.0308931
v 2.83843 -0.05 0.023397
v 2.85893 -0.05 0.0169845
v 2.87946 -0.05 0.0116412
v 2.89994 -0.05 0.00734564
v 2.92029 -0.05 0.00406973
v 2.94046 -0.05 0.00177984
v 2.96038 -0.05 0.000437445
v 2.98 -0.05 6.245e-17
v 2.99962 -0.05 0.000437445
v 3.01954 -0.05 0.00177984
v 3.03971 -0.05 0.00406973
v 3.06006 -0.05 0.00734564
v 3.08054 -0.05 0.0116412
v 3.10107 -0.05 0.0169845
v 3.12157 -0.05 0.023397
v 3.14196 -0.05 0.0308931
v 3.16216 -0.05 0.0394797
v 3.18209 -0.05 0.049155
v 3.20165 -0.05 0.0599089
v 3.22077 -0.05 0.071722
v 3.23936 -0.05 0.0845662
v 3.25733 -0.05 0.0984046
v 3.27461 -0.05 0.113191
v 3.29113 -0.05 0.128873
v 3.30681 -0.05 0.145388
v 3.3216 -0.05 0.162669
v 3.33543 -0.05 0.180641
v 3.34828 -0.05 0.199228
v 3.36009 -0.05 0.218345
v 3.37084 -0.05 0.23791
v 3.38052 -0.05 0.257837
v 3.38911 -0.05 0.278038
v 3.3966 -0.05 0.298431
v 3.40302 -0.05 0.31893
v 3.40836 -0.05 0.339458
v 3.41265 -0.05 0.359936
v 3.41593 -0.05 0.380294
v 3.41822 -0.05 0.400464
v 3.41956 -0.05 0.420385
v 3.42 -0.05 0.44
v 3.41956 -0.05 0.459615
v 3.41822 -0.05 0.479536
v 3.41593 -0.05 0.499706
v 3.41265 -0.05 0.520064
v 3.40836 -0.05 0.540542
v 3.40302 -0.05 0.56107
v 3.3966 -0.05 0.581569
v 3.38911 -0.05 0.601962
v 3.38052 -0.05 0.622163
v 3.37084 -0.05 0.64209
v 3.36009 -0.05 0.661655
v 3.34828 -0.05 0.680772
v 3.33543 -0.05 0.699359
v 3.3216 -0.05 0.717331
v 3.30681 -0.05 0.734612
v 3.29113 -0.05 0.751127
v 3.27461 -0.05 0.766809
v 3.25733 -0.05 0.781595
v 3.23936 -0.05 0.795434
v 3.22077 -0.05 0.808278
v 3.20165 -0.05 0.820091
v 3.18209 -0.05 0.830845
v 3.16216 -0.05 0.84052
v 3.14196 -0.05 0.849107
v 3.12157 -0.05 0.856603
v 3.10107 -0.05 0.863016
v 3.08054 -0.05 0.868359
v 3.06006 -0.05 0.872654
v 3.03971 -0.05 0.87593
v 3.01954 -0.05 0.87822
v 2.99962 -0.05 0.879563
v 2.98 -0.05 0.88
v 2.96038 -0.05 0.879563
v 2.94046 -0.05 0.87822
v 2.92029 -0.05 0.87593
v 2.89994 -0.05 0.872654
v 2.87946 -0.05 0.868359
v 2.85893 -0.05 0.863016
v 2.83843 -0.05 0.856603
v 2.81804 -0.05 0.849107
v 2.79784 -0.05 0.84052
v 2.77791 -0.05 0.830845
v 2.75835 -0.05 0.820091
v 2.73923 -0.05 0.808278
v 2.72064 -0.05 0.795434
v 2.70267 -0.05 0.781595
v 2.68539 -0.05 0.766809
v 2.66887 -0.05 0.751127
v 2.65319 -0.05 0.734612
v 2.6384 -0.05 0.717331
v 2.62457 -0.05 0.699359
v 2.61172 -0.05 0.680772
v 2.59991 -0.05 0.661655
v 2.58916 -0.05 0.64209
v 2.57948 -0.05 0.622163
v 2.57089 -0.05 0.601962
v 2.5634 -0.05 0.581569
v 2.55698 -0.05 0.56107
v 2.55164 -0.05 0.540542
v 2.54735 -0.05 0.520064
v 2.54407 -0.05 0.499706
v 2.54178 -0.05 0.479536
v 2.54044 -0.05 0.459615
vn 5.55112e-18 -1 0
vn -9.02056e-18 -1 0
vn 5.55112e-18 -1 0
vn 5.55112e-18 -1 0
vn 2.77556e-18 -1 0
vn 6.93889e-19 -1 0
vn 0 -1 0
vn -2.77556e-18 -1 0
vn 3.46945e-18 -1 0
vn -2.77556e-18 -1 0
vn -1.04083e-18 -1 0
vn -2.77556e-18 -1 0
vn 4.51028e-18 -1 0
vn 3.46945e-18 -1 0
vn 3.46945e-19 -1 0
vn 2.77556e-18 -1 0
vn 0 -1 0
vn 1.38778e-18 -1 0
vn 7.28584e-18 -1 0
vn 4.85723e-18 -1 0
vn -6.93889e-19 -1 0
vn 4.68375e-18 -1 0
vn -6.93889e-19 -1 0
vn 3.29597e-18 -1 0
vn 5.55112e-18 -1 0
vn -9.54098e-19 -1 0
vn 4.33681e-19 -1 0
vn 5.72459e-18 -1 0
vn 1.73472e-18 -1 0
vn -2.68882e-18 -1 0
vn 1.73472e-18 -1 0
vn 1.38778e-18 -1 0
vn 4.25007e-18 -1 0
vn 1.73472e-18 -1 0
vn 1.64799e-18 -1 0
vn 4.16334e-18 -1 0
vn 3.1225e-18 -1 0
vn 5.72459e-18 -1 0
vn -5.37764e-18 -1 0
vn 5.72459e-18 -1 0
vn 1.38778e-18 -1 0
vn -2.08167e-18 -1 0
vn 5.20417e-19 -1 0
vn 5.89806e-18 -1 0
vn -6.59195e-18 -1 0
vn -1.04083e-18 -1 0
vn 2.42861e-18 -1 0
vn 3.46945e-18 -1 0
vn 0 -1 0
vn -1.38778e-18 -1 0
vn 1.04083e-18 -1 0
vn -2.08167e-18 -1 0
vn 7.28584e-18 -1 0
vn -1.04083e-18 -1 0
vn 6.93889e-19 -1 0
vn 6.93889e-19 -1 0
vn 2.77556e-18 -1 0
vn 0 -1 0
vn 5.55112e-18 -1 0
vn 2.77556e-18 -1 0
vn -2.77556e-18 -1 0
vn 5.55112e-18 -1 0
vn 5.55112e-18 -1 0
vn -9.02056e-18 -1 0
vn 5.55112e-18 -1 0
vn -2.08167e-18 -1 0
vn 5.55112e-18 -1 0
vn 5.55112e-18 -1 0
vn -2.08167e-18 -1 0
vn 5.55112e-18 -1 0
vn 5.55112e-18 -1 0
vn 5.55112e-18 -1 0
vn -6.93889e-18 -1 0
vn 0 -1 0
vn 0 -1 0
vn 0 -1 0
vn 5.55112e-18 -1 0
vn 0 -1 0
vn 0 -1 0
vn 0 -1 0
vn 0 -1 0
vn 0 -1 0
vn 5.55112e-18 -1 0
vn 0 -1 0
vn -5.55112e-18 -1 0
vn 5.55112e-18 -1 0
vn 0 -1 0
vn 5.55112e-18 -1 0
vn -5.55112e-18 -1 0
vn 5.55112e-18 -1 0
vn 0 -1 0
vn -5.55112e-18 -1 0
vn 5.55112e-18 -1 0
vn -5.55112e-18 -1 0
vn 0 -1 0
vn -5.55112e-18 -1 0
vn -5.55112e-18 -1 0
vn -5.55112e-18 -1 0
vn 0 -1 0
vn 0 -1 0
vn 5.55112e-18 -1 0
vn 5.55112e-18 -1 0
vn 0 -1 0
vn 5.55112e-18 -1 0
vn -5.55112e-18 -1 0
vn -6.93889e-18 -1 0
vn 6.93889e-18 -1 0
vn 5.55112e-18 -1 0
vn 0 -1 0
vn 0 -1 0
vn 5.55112e-18 -1 0
vn 0 -1 0
vn 0 -1 0
vn 0 -1 0
vn 0 -1 0
vn 0 -1 0
vn 5.55112e-18 -1 0
vn 0 -1 0
vn 0 -1 0
vn 0 -1 0
vn 0 -1 0
vn 5.55112e-18 -1 0
vn 5.55112e-18 -1 0
vn 5.55112e-18 -1 0
vn -2.08167e-18 -1 0
vn 5.55112e-18 -1 0
vn 5.55112e-18 -1 0
vn -2.08167e-18 -1 0
g WheelRL_f1
usemtl rubber
f 2023//2023 1896//1896 1897//1897
f 2023//2023 1897//1897 1898//1898
f 2023//2023 1898//1898 1899//1899
f 2023//2023 1899//1899 1900//1900
f 2023//2023 1900//1900 1901//1901
f 2023//2023 1901//1901 1902//1902
f 2023//2023 1902//1902 1903//1903
f 2023//2023 1903//1903 1904//1904
f 2023//2023 1904//1904 1905//1905
f 2023//2023 1905//1905 1906//1906
f 2023//2023 1906//1906 1907//1907
f 2023//2023 1907//1907 1908//1908
f 2023//2023 1908//1908 1909//1909
f 2023//2023 1909//1909 1910//1910
f 2023//2023 1910//1910 1911//1911
f 2023//2023 1911//1911 1912//1912
f 2023//2023 1912//1912 1913//1913
f 2023//2023 1913//1913 1914//1914
f 2023//2023 1914//1914 1915//1915
f 2023//2023 1915//1915 1916//1916
f 2023//2023 1916//1916 1917//1917
f 2023//2023 1917//1917 1918//1918
f 2023//2023 1918//1918 1919//1919
f 2023//2023 1919//1919 1920//1920
f 2023//2023 1920//1920 1921//1921
f 2023//2023 1921//1921 1922//1922
f 2023//2023 1922//1922 1923//1923
f 2023//2023 1923//1923 1924//1924
f 2023//2023 1924//1924 1925//1925
f 2023//2023 1925//1925 1926//1926
f 2023//2023 1926//1926 1927//1927
f 2023//2023 1927//1927 1928//1928
f 2023//2023 1928//1928 1929//1929
f 2023//2023 1929//1929 1930//1930
f 2023//2023 1930//1930 1931//1931
f 2023//2023 1931//1931 1932//1932
f 2023//2023 1932//1932 1933//1933
f 2023//2023 1933//1933 1934//1934
f 2023//2023 1934//1934 1935//1935
f 2023//2023 1935//1935 1936//1936
f 2023//2023 1936//1936 1937//1937
f 2023//2023 1937//1937 1938//1938
f 2023//2023 1938//1938 1939//1939
f 2023//2023 1939//1939 1940//1940
f 2023//2023 1940//1940 1941//1941
f 2023//2023 1941//1941 1942//1942
f 2023//2023 1942//1942 1943//1943
f 2023//2023 1943//1943 1944//1944
f 2023//2023 1944//1944 1945//1945
f 2023//2023 1945//1945 1946//1946
f 2023//2023 1946//1946 1947//1947
f 2023//2023 1947//1947 1948//1948
f 2023//2023 1948//1948 1949//1949
f 2023//2023 1949//1949 1950//1950
f 2023//2023 1950//1950 1951//1951
f 2023//2023 1951//1951 1952//1952
f 2023//2023 1952//1952 1953//1953
f 2023//2023 1953//1953 1954//1954
f 2023//2023 1954//1954 1955//1955
f 2023//2023 1955//1955 1956//1956
f 2023//2023 1956//1956 1957//1957
f 2023//2023 1957//1957 1958//1958
f 2023//2023 1958//1958 1959//1959
f 2023//2023 1959//1959 1960//1960
f 2023//2023 1960//1960 1961//1961
f 2023//2023 1961//1961 1962//1962
f 2023//2023 1962//1962 1963//1963
f 2023//2023 1963//1963 1964//1964
f 2023//2023 1964//1964 1965//1965
f 2023//2023 1965//1965 1966//1966
f 2023//2023 1966//1966 1967//1967
f 2023//2023 1967//1967 1968//1968
f 2023//2023 1968//1968 1969//1969
f 2023//2023 1969//1969 1970//1970
f 2023//2023 1970//1970 1971//1971
f 2023//2023 1971//1971 1972//1972
f 2023//2023 1972//1972 1973//1973
f 2023//2023 1973//1973 1974//1974
f 2023//2023 1974//1974 1975//1975
f 2023//2023 1975//1975 1976//1976
f 2023//2023 1976//1976 1977//1977
f 2023//2023 1977//1977 1978//1978
f 2023//2023 1978//1978 1979//1979
f 2023//2023 1979//1979 1980//1980
f 2023//2023 1980//1980 1981//1981
f 2023//2023 1981//1981 1982//1982
f 2023//2023 1982//1982 1983//1983
f 2023//2023 1983//1983 1984//1984
f 2023//2023 1984//1984 1985//1985
f 2023//2023 1985//1985 1986//1986
f 2023//2023 1986//1986 1987//1987
f 2023//2023 1987//1987 1988//1988
f 2023//2023 1988//1988 1989//1989
f 2023//2023 1989//1989 1990//1990
f 2023//2023 1990//1990 1991//1991
f 2023//2023 1991//1991 1992//1992
f 2023//2023 1992//1992 1993//1993
f 2023//2023 1993//1993 1994//1994
f 2023//2023 1994//1994 1995//1995
f 2023//2023 1995//1995 1996//1996
f 2023//2023 1996//1996 1997//1997
f 2023//2023 1997//1997 1998//1998
f 2023//2023 1998//1998 1999//1999
f 2023//2023 1999//1999 2000//2000
f 2023//2023 2000//2000 2001//2001
f 2023//2023 2001//2001 2002//2002
f 2023//2023 2002//2002 2003//2003
f 2023//2023 2003//2003 2004//2004
f 2023//2023 2004//2004 2005//2005
f 2023//2023 2005//2005 2006//2006
f 2023//2023 2006//2006 2007//2007
f 2023//2023 2007//2007 2008//2008
f 2023//2023 2008//2008 2009//2009
f 2023//2023 2009//2009 2010//2010
f 2023//2023 2010//2010 2011//2011
f 2023//2023 2011//2011 2012//2012
f 2023//2023 2012//2012 2013//2013
f 2023//2023 2013//2013 2014//2014
f 2023//2023 2014//2014 2015//2015
f 2023//2023 2015//2015 2016//2016
f 2023//2023 2016//2016 2017//2017
f 2023//2023 2017//2017 2018//2018
f 2023//2023 2018//2018 2019//2019
f 2023//2023 2019//2019 2020//2020
f 2023//2023 2020//2020 2021//2021
f 2021//2021 2022//2022 2023//2023
v 2.54 0.25 0.44
v 2.54044 0.25 0.459615
v 2.54178 0.25 0.479536
v 2.54407 0.25 0.499706
v 2.54735 0.25 0.520064
v 2.55164 0.25 0.540542
v 2.55698 0.25 0.56107
v 2.5634 0.25 0.581569
v 2.57089 0.25 0.601962
v 2.57948 0.25 0.622163
v 2.58916 0.25 0.64209
v 2.59991 0.25 0.661655
v 2.61172 0.25 0.680772
v 2.62457 0.25 0.699359
v 2.6384 0.25 0.717331
v 2.65319 0.25 0.734612
v 2.66887 0.25 0.751127
v 2.68539 0.25 0.766809
v 2.70267 0.25 0.781595
v 2.72064 0.25 0.795434
v 2.73923 0.25 0.808278
v 2.75835 0.25 0.820091
v 2.77791 0.25 0.830845
v 2.79784 0.25 0.84052
v 2.81804 0.25 0.849107
v 2.83843 0.25 0.856603
v 2.85893 0.25 0.863016
v 2.87946 0.25 0.868359
v 2.89994 0.25 0.872654
v 2.92029 0.25 0.87593
v 2.94046 0.25 0.87822
v 2.96038 0.25 0.879563
v 2.98 0.25 0.88
v 2.99962 0.25 0.879563
v 3.01954 0.25 0.87822
v 3.03971 0.25 0.87593
v 3.06006 0.25 0.872654
v 3.08054 0.25 0.868359
v 3.10107 0.25 0.863016
v 3.12157 0.25 0.856603
v 3.14196 0.25 0.849107
v 3.16216 0.25 0.84052
v 3.18209 0.25 0.830845
v 3.20165 0.25 0.820091
v 3.22077 0.25 0.808278
v 3.23936 0.25 0.795434
v 3.25733 0.25 0.781595
v 3.27461 0.25 0.766809
v 3.29113 0.25 0.751127
v 3.30681 0.25 0.734612
v 3.3216 0.25 0.717331
v 3.33543 0.25 0.699359
v 3.34828 0.25 0.680772
v 3.36009 0.25 0.661655
v 3.37084 0.25 0.64209
v 3.38052 0.25 0.622163
v 3.38911 0.25 0.601962
v 3.3966 0.25 0.581569
v 3.40302 0.25 0.56107
v 3.40836 0.25 0.540542
v 3.41265 0.25 0.520064
v 3.41593 0.25 0.499706
v 3.41822 0.25 0.479536
v 3.41956 0.25 0.459615
v 3.42 0.25 0.44
v 3.41956 0.25 0.420385
v 3.41822 0.25 0.400464
v 3.41593 0.25 0.380294
v 3.41265 0.25 0.359936
v 3.40836 0.25 0.339458
v 3.40302 0.25 0.31893
v 3.3966 0.25 0.298431
v 3.38911 0.25 0.278038
v 3.38052 0.25 0.257837
v 3.37084 0.25 0.23791
v 3.36009 0.25 0.218345
v 3.34828 0.25 0.199228
v 3.33543 0.25 0.180641
v 3.3216 0.25 0.162669
v 3.30681 0.25 0.145388
v 3.29113 0.25 0.128873
v 3.27461 0.25 0.113191
v 3.25733 0.25 0.0984046
v 3.23936 0.25 0.0845662
v 3.22077 0.25 0.071722
v 3.20165 0.25 0.0599089
v 3.18209 0.25 0.049155
v 3.16216 0.25 0.0394797
v 3.14196 0.25 0.0308931
v 3.12157 0.25 0.023397
v 3.10107 0.25 0.0169845
v 3.08054 0.25 0.0116412
v 3.06006 0.25 0.00734564
v 3.03971 0.25 0.00406973
v 3.01954 0.25 0.00177984
v 2.99962 0.25 0.000437445
v 2.98 0.25 6.245e-17
v 2.96038 0.25 0.000437445
v 2.94046 0.25 0.00177984
v 2.92029 0.25 0.00406973
v 2.89994 0.25 0.00734564
v 2.87946 0.25 0.0116412
v 2.85893 0.25 0.0169845
v 2.83843 0.25 0.023397
v 2.81804 0.25 0.0308931
v 2.79784 0.25 0.0394797
v 2.77791 0.25 0.049155
v 2.75835 0.25 0.0599089
v 2.73923 0.25 0.071722
v 2.72064 0.25 0.0845662
v 2.70267 0.25 0.0984046
v 2.68539 0.25 0.113191
v 2.66887 0.25 0.128873
v 2.65319 0.25 0.145388
v 2.6384 0.25 0.162669
v 2.62457 0.25 0.180641
v 2.61172 0.25 0.199228
v 2.59991 0.25 0.218345
v 2.58916 0.25 0.23791
v 2.57948 0.25 0.257837
v 2.57089 0.25 0.278038
v 2.5634 0.25 0.298431
v 2.55698 0.25 0.31893
v 2.55164 0.25 0.339458
v 2.54735 0.25 0.359936
v 2.54407 0.25 0.380294
v 2.54178 0.25 0.400464
v 2.54044 0.25 0.420385
vn 0 1 -0
vn 0 1 -0
vn 0 1 -0
vn 0 1 -0
vn 0 1 -0
vn 0 1 -0
vn 0 1 -0
vn 0 1 -0
vn 0 1 -0
vn 0 1 -0
vn 0 1 -0
vn 0 1 -0
vn 0 1 -0
vn 0 1 -0
vn 0 1 -0
vn 0 1 -0
vn 0 1 -0
vn 0 1 -0
vn 0 1 -0
vn 0 1 -0
vn 0 1 -0
vn 0 1 -0
vn 0 1 -0
vn 0 1 -0
vn 0 1 -0
vn 0 1 -0
vn 0 1 -0
vn 0 1 -0
vn 0 1 -0
vn 0 1 -0
vn 0 1 -0
vn 0 1 -0
vn 0 1 -0
vn 0 1 -0
vn 0 1 -0
vn 0 1 -0
vn 0 1 -0
vn 0 1 -0
vn 0 1 -0
vn 0 1 -0
vn 0 1 -0
vn 0 1 -0
vn 0 1 -0
vn 0 1 -0
vn 0 1 -0
vn 0 1 -0
vn 0 1 -0
vn 0 1 -0
vn 0 1 -0
vn 0 1 -0
vn 0 1 -0
vn 0 1 -0
vn 0 1 -0
vn 0 1 -0
vn 0 1 -0
vn 0 1 -0
vn 0 1 -0
vn 0 1 -0
vn 0 1 -0
vn 0 1 -0
vn 0 1 -0
vn 0 1 -0
vn 0 1 -0
vn 0 1 -0
vn 0 1 -0
vn 0 1 -0
vn 0 1 -0
vn 0 1 -0
vn 0 1 -0
vn 0 1 -0
vn 0 1 -0
vn 0 1 -0
vn 0 1 -0
vn 0 1 -0
vn 0 1 -0
vn 0 1 -0
vn 0 1 -0
vn 0 1 -0
vn 0 1 -0
vn 0 1 -0
vn 0 1 -0
vn 0 1 -0
vn 0 1 -0
vn 0 1 -0
vn 0 1 -0
vn 0 1 -0
vn 0 1 -0
vn 0 1 -0
vn 0 1 -0
vn 0 1 -0
vn 0 1 -0
vn 0 1 -0
vn 0 1 -0
vn 0 1 -0
vn 0 1 -0
vn 0 1 -0
vn 0 1 -0
vn 0 1 -0
vn 0 1 -0
vn 0 1 -0
vn 0 1 -0
vn 0 1 -0
vn 0 1 -0
vn 0 1 -0
vn 0 1 -0
vn 0 1 -0
vn 0 1 -0
vn 0 1 -0
vn 0 1 -0
vn 0 1 -0
vn 0 1 -0
vn 0 1 -0
vn 0 1 -0
vn 0 1 -0
vn 0 1 -0
vn 0 1 -0
vn 0 1 -0
vn 0 1 -0
vn 0 1 -0
vn 0 1 -0
vn 0 1 -0
vn 0 1 -0
vn 0 1 -0
vn 0 1 -0
vn 0 1 -0
vn 0 1 -0
vn 0 1 -0
vn 0 1 -0
g WheelRL_f2
usemtl rubber
f 2151//2151 2024//2024 2025//2025
f 2151//2151 2025//2025 2026//2026
f 2151//2151 2026//2026 2027//2027
f 2151//2151 2027//2027 2028//2028
f 2151//2151 2028//2028 2029//2029
f 2151//2151 2029//2029 2030//2030
f 2151//2151 2030//2030 2031//2031
f 2151//2151 2031//2031 2032//2032
f 2151//2151 2032//2032 2033//2033
f 2151//2151 2033//2033 2034//2034
f 2151//2151 2034//2034 2035//2035
f 2151//2151 2035//2035 2036//2036
f 2151//2151 2036//2036 2037//2037
f 2151//2151 2037//2037 2038//2038
f 2151//2151 2038//2038 2039//2039
f 2151//2151 2039//2039 2040//2040
f 2151//2151 2040//2040 2041//2041
f 2151//2151 2041//2041 2042//2042
f 2151//2151 2042//2042 2043//2043
f 2151//2151 2043//2043 2044//2044
f 2151//2151 2044//2044 2045//2045
f 2151//2151 2045//2045 2046//2046
f 2151//2151 2046//2046 2047//2047
f 2151//2151 2047//2047 2048//2048
f 2151//2151 2048//2048 2049//2049
f 2151//2151 2049//2049 2050//2050
f 2151//2151 2050//2050 2051//2051
f 2151//2151 2051//2051 2052//2052
f 2151//2151 2052//2052 2053//2053
f 2151//2151 2053//2053 2054//2054
f 2151//2151 2054//2054 2055//2055
f 2151//2151 2055//2055 2056//2056
f 2151//2151 2056//2056 2057//2057
f 2151//2151 2057//2057 2058//2058
f 2151//2151 2058//2058 2059//2059
f 2151//2151 2059//2059 2060//2060
f 2151//2151 2060//2060 2061//2061
f 2151//2151 2061//2061 2062//2062
f 2151//2151 2062//2062 2063//2063
f 2151//2151 2063//2063 2064//2064
f 2151//2151 2064//2064 2065//2065
f 2151//2151 2065//2065 2066//2066
f 2151//2151 2066//2066 2067//2067
f 2151//2151 2067//2067 2068//2068
f 2151//2151 2068//2068 2069//2069
f 2151//2151 2069//2069 2070//2070
f 2151//2151 2070//2070 2071//2071
f 2151//2151 2071//2071 2072//2072
f 2151//2151 2072//2072 2073//2073
f 2151//2151 2073//2073 2074//2074
f 2151//2151 2074//2074 2075//2075
f 2151//2151 2075//2075 2076//2076
f 2151//2151 2076//2076 2077//2077
f 2151//2151 2077//2077 2078//2078
f 2151//2151 2078//2078 2079//2079
f 2151//2151 2079//2079 2080//2080
f 2151//2151 2080//2080 2081//2081
f 2151//2151 2081//2081 2082//2082
f 2151//2151 2082//2082 2083//2083
f 2151//2151 2083//2083 2084//2084
f 2151//2151 2084//2084 2085//2085
f 2151//2151 2085//2085 2086//2086
f 2151//2151 2086//2086 2087//2087
f 2151//2151 2087//2087 2088//2088
f 2151//2151 2088//2088 2089//2089
f 2151//2151 2089//2089 2090//2090
f 2151//2151 2090//2090 2091//2091
f 2151//2151 2091//2091 2092//2092
f 2151//2151 2092//2092 2093//2093
f 2151//2151 2093//2093 2094//2094
f 2151//2151 2094//2094 2095//2095
f 2151//2151 2095//2095 2096//2096
f 2151//2151 2096//2096 2097//2097
f 2151//2151 2097//2097 2098//2098
f 2151//2151 2098//2098 2099//2099
f 2151//2151 2099//2099 2100//2100
f 2151//2151 2100//2100 2101//2101
f 2151//2151 2101//2101 2102//2102
f 2151//2151 2102//2102 2103//2103
f 2151//2151 2103//2103 2104//2104
f 2151//2151 2104//2104 2105//2105
f 2151//2151 2105//2105 2106//2106
f 2151//2151 2106//2106 2107//2107
f 2151//2151 2107//2107 2108//2108
f 2151//2151 2108//2108 2109//2109
f 2151//2151 2109//2109 2110//2110
f 2151//2151 2110//2110 2111//2111
f 2151//2151 2111//2111 2112//2112
f 2151//2151 2112//2112 2113//2113
f 2151//2151 2113//2113 2114//2114
f 2151//2151 2114//2114 2115//2115
f 2151//2151 2115//2115 2116//2116
f 2151//2151 2116//2116 2117//2117
f 2151//2151 2117//2117 2118//2118
f 2151//2151 2118//2118 2119//2119
f 2151//2151 2119//2119 2120//2120
f 2151//2151 2120//2120 2121//2121
f 2151//2151 2121//2121 2122//2122
f 2151//2151 2122//2122 2123//2123
f 2151//2151 2123//2123 2124//2124
f 2151//2151 2124//2124 2125//2125
f 2151//2151 2125//2125 2126//2126
f 2151//2151 2126//2126 2127//2127
f 2151//2151 2127//2127 2128//2128
f 2151//2151 2128//2128 2129//2129
f 2151//2151 2129//2129 2130//2130
f 2151//2151 2130//2130 2131//2131
f 2151//2151 2131//2131 2132//2132
f 2151//2151 2132//2132 2133//2133
f 2151//2151 2133//2133 2134//2134
f 2151//2151 2134//2134 2135//2135
f 2151//2151 2135//2135 2136//2136
f 2151//2151 2136//2136 2137//2137
f 2151//2151 2137//2137 2138//2138
f 2151//2151 2138//2138 2139//2139
f 2151//2151 2139//2139 2140//2140
f 2151//2151 2140//2140 2141//2141
f 2151//2151 2141//2141 2142//2142
f 2151//2151 2142//2142 2143//2143
f 2151//2151 2143//2143 2144//2144
f 2151//2151 2144//2144 2145//2145
f 2151//2151 2145//2145 2146//2146
f 2151//2151 2146//2146 2147//2147
f 2151//2151 2147//2147 2148//2148
f 2151//2151 2148//2148 2149//2149
f 2149//2149 2150//2150 2151//2151
o WheelRR
v 2.54 1.76 0.44
v 2.54044 1.76 0.459615
v 2.54178 1.76 0.479536
v 2.54407 1.76 0.499706
v 2.54735 1.76 0.520064
v 2.55164 1.76 0.540542
v 2.55698 1.76 0.56107
v 2.5634 1.76 0.581569
v 2.57089 1.76 0.601962
v 2.57948 1.76 0.622163
v 2.58916 1.76 0.64209
v 2.59991 1.76 0.661655
v 2.61172 1.76 0.680772
v 2.62457 1.76 0.699359
v 2.6384 1.76 0.717331
v 2.65319 1.76 0.734612
v 2.66887 1.76 0.751127
v 2.68539 1.76 0.766809
v 2.70267 1.76 0.781595
v 2.72064 1.76 0.795434
v 2.73923 1.76 0.808278
v 2.75835 1.76 0.820091
v 2.77791 1.76 0.830845
v 2.79784 1.76 0.84052
v 2.81804 1.76 0.849107
v 2.83843 1.76 0.856603
v 2.85893 1.76 0.863016
v 2.87946 1.76 0.868359
v 2.89994 1.76 0.872654
v 2.92029 1.76 0.87593
v 2.94046 1.76 0.87822
v 2.96038 1.76 0.879563
v 2.98 1.76 0.88
v 2.99962 1.76 0.879563
v 3.01954 1.76 0.87822
v 3.03971 1.76 0.87593
v 3.06006 1.76 0.872654
v 3.08054 1.76 0.868359
v 3.10107 1.76 0.863016
v 3.12157 1.76 0.856603
v 3.14196 1.76 0.849107
v 3.16216 1.76 0.84052
v 3.18209 1.76 0.830845
v 3.20165 1.76 0.820091
v 3.22077 1.76 0.808278
v 3.23936 1.76 0.795434
v 3.25733 1.76 0.781595
v 3.27461 1.76 0.766809
v 3.29113 1.76 0.751127
v 3.30681 1.76 0.734612
v 3.3216 1.76 0.717331
v 3.33543 1.76 0.699359
v 3.34828 1.76 0.680772
v 3.36009 1.76 0.661655
v 3.37084 1.76 0.64209
v 3.38052 1.76 0.622163
v 3.38911 1.76 0.601962
v 3.3966 1.76 0.581569
v 3.40302 1.76 0.56107
v 3.40836 1.76 0.540542
v 3.41265 1.76 0.520064
v 3.41593 1.76 0.499706
v 3.41822 1.76 0.479536
v 3.41956 1.76 0.459615
v 3.42 1.76 0.44
v 3.41956 1.76 0.420385
v 3.41822 1.76 0.400464
v 3.41593 1.76 0.380294
v 3.41265 1.76 0.359936
v 3.40836 1.76 0.339458
v 3.40302 1.76 0.31893
v 3.3966 1.76 0.298431
v 3.38911 1.76 0.278038
v 3.38052 1.76 0.257837
v 3.37084 1.76 0.23791
v 3.36009 1.76 0.218345
v 3.34828 1.76 0.199228
v 3.33543 1.76 0.180641
v 3.3216 1.76 0.162669
v 3.30681 1.76 0.145388
v 3.29113 1.76 0.128873
v 3.27461 1.76 0.113191
v 3.25733 1.76 0.0984046
v 3.23936 1.76 0.0845662
v 3.22077 1.76 0.071722
v 3.20165 1.76 0.0599089
v 3.18209 1.76 0.049155
v 3.16216 1.76 0.0394797
v 3.14196 1.76 0.0308931
v 3.12157 1.76 0.023397
v 3.10107 1.76 0.0169845
v 3.08054 1.76 0.0116412
v 3.06006 1.76 0.00734564
v 3.03971 1.76 0.00406973
v 3.01954 1.76 0.00177984
v 2.99962 1.76 0.000437445
v 2.98 1.76 5.55112e-17
v 2.96038 1.76 0.000437445
v 2.94046 1.76 0.00177984
v 2.92029 1.76 0.00406973
v 2.89994 1.76 0.00734564
v 2.87946 1.76 0.0116412
v 2.85893 1.76 0.0169845
v 2.83843 1.76 0.023397
v 2.81804 1.76 0.0308931
v 2.79784 1.76 0.0394797
v 2.77791 1.76 0.049155
v 2.75835 1.76 0.0599089
v 2.73923 1.76 0.071722
v 2.72064 1.76 0.0845662
v 2.70267 1.76 0.0984046
v 2.68539 1.76 0.113191
v 2.66887 1.76 0.128873
v 2.65319 1.76 0.145388
v 2.6384 1.76 0.162669
v 2.62457 1.76 0.180641
v 2.61172 1.76 0.199228
v 2.59991 1.76 0.218345
v 2.58916 1.76 0.23791
v 2.57948 1.76 0.257837
v 2.57089 1.76 0.278038
v 2.5634 1.76 0.298431
v 2.55698 1.76 0.31893
v 2.55164 1.76 0.339458
v 2.54735 1.76 0.359936
v 2.54407 1.76 0.380294
v 2.54178 1.76 0.400464
v 2.54044 1.76 0.420385
v 2.54 1.76 0.44
v 2.54 1.91 0.44
v 2.54044 1.91 0.459615
v 2.54178 1.91 0.479536
v 2.54407 1.91 0.499706
v 2.54735 1.91 0.520064
v 2.55164 1.91 0.540542
v 2.55698 1.91 0.56107
v 2.5634 1.91 0.581569
v 2.57089 1.91 0.601962
v 2.57948 1.91 0.622163
v 2.58916 1.91 0.64209
v 2.59991 1.91 0.661655
v 2.61172 1.91 0.680772
v 2.62457 1.91 0.699359
v 2.6384 1.91 0.717331
v 2.65319 1.91 0.734612
v 2.66887 1.91 0.751127
v 2.68539 1.91 0.766809
v 2.70267 1.91 0.781595
v 2.72064 1.91 0.795434
v 2.73923 1.91 0.808278
v 2.75835 1.91 0.820091
v 2.77791 1.91 0.830845
v 2.79784 1.91 0.84052
v 2.81804 1.91 0.849107
v 2.83843 1.91 0.856603
v 2.85893 1.91 0.863016
v 2.87946 1.91 0.868359
v 2.89994 1.91 0.872654
v 2.92029 1.91 0.87593
v 2.94046 1.91 0.87822
v 2.96038 1.91 0.879563
v 2.98 1.91 0.88
v 2.99962 1.91 0.879563
v 3.01954 1.91 0.87822
v 3.03971 1.91 0.87593
v 3.06006 1.91 0.872654
v 3.08054 1.91 0.868359
v 3.10107 1.91 0.863016
v 3.12157 1.91 0.856603
v 3.14196 1.91 0.849107
v 3.16216 1.91 0.84052
v 3.18209 1.91 0.830845
v 3.20165 1.91 0.820091
v 3.22077 1.91 0.808278
v 3.23936 1.91 0.795434
v 3.25733 1.91 0.781595
v 3.27461 1.91 0.766809
v 3.29113 1.91 0.751127
v 3.30681 1.91 0.734612
v 3.3216 1.91 0.717331
v 3.33543 1.91 0.699359
v 3.34828 1.91 0.680772
v 3.36009 1.91 0.661655
v 3.37084 1.91 0.64209
v 3.38052 1.91 0.622163
v 3.38911 1.91 0.601962
v 3.3966 1.91 0.581569
v 3.40302 1.91 0.56107
v 3.40836 1.91 0.540542
v 3.41265 1.91 0.520064
v 3.41593 1.91 0.499706
v 3.41822 1.91 0.479536
v 3.41956 1.91 0.459615
v 3.42 1.91 0.44
v 3.41956 1.91 0.420385
v 3.41822 1.91 0.400464
v 3.41593 1.91 0.380294
v 3.41265 1.91 0.359936
v 3.40836 1.91 0.339458
v 3.40302 1.91 0.31893
v 3.3966 1.91 0.298431
v 3.38911 1.91 0.278038
v 3.38052 1.91 0.257837
v 3.37084 1.91 0.23791
v 3.36009 1.91 0.218345
v 3.34828 1.91 0.199228
v 3.33543 1.91 0.180641
v 3.3216 1.91 0.162669
v 3.30681 1.91 0.145388
v 3.29113 1.91 0.128873
v 3.27461 1.91 0.113191
v 3.25733 1.91 0.0984046
v 3.23936 1.91 0.0845662
v 3.22077 1.91 0.071722
v 3.20165 1.91 0.0599089
v 3.18209 1.91 0.049155
v 3.16216 1.91 0.0394797
v 3.14196 1.91 0.0308931
v 3.12157 1.91 0.023397
v 3.10107 1.91 0.0169845
v 3.08054 1.91 0.0116412
v 3.06006 1.91 0.00734564
v 3.03971 1.91 0.00406973
v 3.01954 1.91 0.00177984
v 2.99962 1.91 0.000437445
v 2.98 1.91 5.55112e-17
v 2.96038 1.91 0.000437445
v 2.94046 1.91 0.00177984
v 2.92029 1.91 0.00406973
v 2.89994 1.91 0.00734564
v 2.87946 1.91 0.0116412
v 2.85893 1.91 0.0169845
v 2.83843 1.91 0.023397
v 2.81804 1.91 0.0308931
v 2.79784 1.91 0.0394797
v 2.77791 1.91 0.049155
v 2.75835 1.91 0.0599089
v 2.73923 1.91 0.071722
v 2.72064 1.91 0.0845662
v 2.70267 1.91 0.0984046
v 2.68539 1.91 0.113191
v 2.66887 1.91 0.128873
v 2.65319 1.91 0.145388
v 2.6384 1.91 0.162669
v 2.62457 1.91 0.180641
v 2.61172 1.91 0.199228
v 2.59991 1.91 0.218345
v 2.58916 1.91 0.23791
v 2.57948 1.91 0.257837
v 2.57089 1.91 0.278038
v 2.5634 1.91 0.298431
v 2.55698 1.91 0.31893
v 2.55164 1.91 0.339458
v 2.54735 1.91 0.359936
v 2.54407 1.91 0.380294
v 2.54178 1.91 0.400464
v 2.54044 1.91 0.420385
v 2.54 1.91 0.44
v 2.54 2.06 0.44
v 2.54044 2.06 0.459615
v 2.54178 2.06 0.479536
v 2.54407 2.06 0.499706
v 2.54735 2.06 0.520064
v 2.55164 2.06 0.540542
v 2.55698 2.06 0.56107
v 2.5634 2.06 0.581569
v 2.57089 2.06 0.601962
v 2.57948 2.06 0.622163
v 2.58916 2.06 0.64209
v 2.59991 2.06 0.661655
v 2.61172 2.06 0.680772
v 2.62457 2.06 0.699359
v 2.6384 2.06 0.717331
v 2.65319 2.06 0.734612
v 2.66887 2.06 0.751127
v 2.68539 2.06 0.766809
v 2.70267 2.06 0.781595
v 2.72064 2.06 0.795434
v 2.73923 2.06 0.808278
v 2.75835 2.06 0.820091
v 2.77791 2.06 0.830845
v 2.79784 2.06 0.84052
v 2.81804 2.06 0.849107
v 2.83843 2.06 0.856603
v 2.85893 2.06 0.863016
v 2.87946 2.06 0.868359
v 2.89994 2.06 0.872654
v 2.92029 2.06 0.87593
v 2.94046 2.06 0.87822
v 2.96038 2.06 0.879563
v 2.98 2.06 0.88
v 2.99962 2.06 0.879563
v 3.01954 2.06 0.87822
v 3.03971 2.06 0.87593
v 3.06006 2.06 0.872654
v 3.08054 2.06 0.868359
v 3.10107 2.06 0.863016
v 3.12157 2.06 0.856603
v 3.14196 2.06 0.849107
v 3.16216 2.06 0.84052
v 3.18209 2.06 0.830845
v 3.20165 2.06 0.820091
v 3.22077 2.06 0.808278
v 3.23936 2.06 0.795434
v 3.25733 2.06 0.781595
v 3.27461 2.06 0.766809
v 3.29113 2.06 0.751127
v 3.30681 2.06 0.734612
v 3.3216 2.06 0.717331
v 3.33543 2.06 0.699359
v 3.34828 2.06 0.680772
v 3.36009 2.06 0.661655
v 3.37084 2.06 0.64209
v 3.38052 2.06 0.622163
v 3.38911 2.06 0.601962
v 3.3966 2.06 0.581569
v 3.40302 2.06 0.56107
v 3.40836 2.06 0.540542
v 3.41265 2.06 0.520064
v 3.41593 2.06 0.499706
v 3.41822 2.06 0.479536
v 3.41956 2.06 0.459615
v 3.42 2.06 0.44
v 3.41956 2.06 0.420385
v 3.41822 2.06 0.400464
v 3.41593 2.06 0.380294
v 3.41265 2.06 0.359936
v 3.40836 2.06 0.339458
v 3.40302 2.06 0.31893
v 3.3966 2.06 0.298431
v 3.38911 2.06 0.278038
v 3.38052 2.06 0.257837
v 3.37084 2.06 0.23791
v 3.36009 2.06 0.218345
v 3.34828 2.06 0.199228
v 3.33543 2.06 0.180641
v 3.3216 2.06 0.162669
v 3.30681 2.06 0.145388
v 3.29113 2.06 0.128873
v 3.27461 2.06 0.113191
v 3.25733 2.06 0.0984046
v 3.23936 2.06 0.0845662
v 3.22077 2.06 0.071722
v 3.20165 2.06 0.0599089
v 3.18209 2.06 0.049155
v 3.16216 2.06 0.0394797
v 3.14196 2.06 0.0308931
v 3.12157 2.06 0.023397
v 3.10107 2.06 0.0169845
v 3.08054 2.06 0.0116412
v 3.06006 2.06 0.00734564
v 3.03971 2.06 0.00406973
v 3.01954 2.06 0.00177984
v 2.99962 2.06 0.000437445
v 2.98 2.06 5.55112e-17
v 2.96038 2.06 0.000437445
v 2.94046 2.06 0.00177984
v 2.92029 2.06 0.00406973
v 2.89994 2.06 0.00734564
v 2.87946 2.06 0.0116412
v 2.85893 2.06 0.0169845
v 2.83843 2.06 0.023397
v 2.81804 2.06 0.0308931
v 2.79784 2.06 0.0394797
v 2.77791 2.06 0.049155
v 2.75835 2.06 0.0599089
v 2.73923 2.06 0.071722
v 2.72064 2.06 0.0845662
v 2.70267 2.06 0.0984046
v 2.68539 2.06 0.113191
v 2.66887 2.06 0.128873
v 2.65319 2.06 0.145388
v 2.6384 2.06 0.162669
v 2.62457 2.06 0.180641
v 2.61172 2.06 0.199228
v 2.59991 2.06 0.218345
v 2.58916 2.06 0.23791
v 2.57948 2.06 0.257837
v 2.57089 2.06 0.278038
v 2.5634 2.06 0.298431
v 2.55698 2.06 0.31893
v 2.55164 2.06 0.339458
v 2.54735 2.06 0.359936
v 2.54407 2.06 0.380294
v 2.54178 2.06 0.400464
v 2.54044 2.06 0.420385
v 2.54 2.06 0.44
vn -1 0 0
vn -0.999006 0 0.0445802
vn -0.995955 0 0.0898544
vn -0.990751 0 0.135695
vn -0.983305 0 0.181963
vn -0.973543 0 0.228505
vn -0.961399 0 0.275158
vn -0.946825 0 0.321749
vn -0.929788 0 0.368095
vn -0.910273 0 0.414008
vn -0.888284 0 0.459295
vn -0.863844 0 0.50376
vn -0.836996 0 0.54721
vn -0.807804 0 0.589451
vn -0.776353 0 0.630298
vn -0.742747 0 0.669572
vn -0.707107 0 0.707107
vn -0.669572 0 0.742747
vn -0.630298 0 0.776353
vn -0.589451 0 0.807804
vn -0.54721 0 0.836996
vn -0.50376 0 0.863844
vn -0.459295 0 0.888284
vn -0.414008 0 0.910273
vn -0.368095 0 0.929788
vn -0.321749 0 0.946825
vn -0.275158 0 0.961399
vn -0.228505 0 0.973543
vn -0.181963 0 0.983305
vn -0.135695 0 0.990751
vn -0.0898544 0 0.995955
vn -0.0445802 0 0.999006
vn -1.7842e-16 0 1
vn 0.0445802 -0 0.999006
vn 0.0898544 -0 0.995955
vn 0.135695 -0 0.990751
vn 0.181963 -0 0.983305
vn 0.228505 -0 0.973543
vn 0.275158 -0 0.961399
vn 0.321749 -0 0.946825
vn 0.368095 -0 0.929788
vn 0.414008 -0 0.910273
vn 0.459295 -0 0.888284
vn 0.50376 -0 0.863844
vn 0.54721 -0 0.836996
vn 0.589451 -0 0.807804
vn 0.630298 -0 0.776353
vn 0.669572 -0 0.742747
vn 0.707107 -0 0.707107
vn 0.742747 -0 0.669572
vn 0.776353 -0 0.630298
vn 0.807804 -0 0.589451
vn 0.836996 -0 0.54721
vn 0.863844 -0 0.50376
vn 0.888284 -0 0.459295
vn 0.910273 -0 0.414008
vn 0.929788 -0 0.368095
vn 0.946825 -0 0.321749
vn 0.961399 -0 0.275158
vn 0.973543 -0 0.228505
vn 0.983305 -0 0.181963
vn 0.990751 -0 0.135695
vn 0.995955 -0 0.0898544
vn 0.999006 -0 0.0445802
vn 1 -0 0
vn 0.999006 0 -0.0445802
vn 0.995955 0 -0.0898544
vn 0.990751 0 -0.135695
vn 0.983305 0 -0.181963
vn 0.973543 0 -0.228505
vn 0.961399 0 -0.275158
vn 0.946825 0 -0.321749
vn 0.929788 0 -0.368095
vn 0.910273 0 -0.414008
vn 0.888284 0 -0.459295
vn 0.863844 0 -0.50376
vn 0.836996 0 -0.54721
vn 0.807804 0 -0.589451
vn 0.776353 0 -0.630298
vn 0.742747 0 -0.669572
vn 0.707107 0 -0.707107
vn 0.669572 0 -0.742747
vn 0.630298 0 -0.776353
vn 0.589451 0 -0.807804
vn 0.54721 0 -0.836996
vn 0.50376 0 -0.863844
vn 0.459295 0 -0.888284
vn 0.414008 0 -0.910273
vn 0.368095 0 -0.929788
vn 0.321749 0 -0.946825
vn 0.275158 0 -0.961399
vn 0.228505 0 -0.973543
vn 0.181963 0 -0.983305
vn 0.135695 0 -0.990751
vn 0.0898544 0 -0.995955
vn 0.0445802 0 -0.999006
vn 2.52323e-16 0 -1
vn -0.0445802 0 -0.999006
vn -0.0898544 0 -0.995955
vn -0.135695 0 -0.990751
vn -0.181963 0 -0.983305
vn -0.228505 0 -0.973543
vn -0.275158 0 -0.961399
vn -0.321749 0 -0.946825
vn -0.368095 0 -0.929788
vn -0.414008 0 -0.910273
vn -0.459295 0 -0.888284
vn -0.50376 0 -0.863844
vn -0.54721 0 -0.836996
vn -0.589451 0 -0.807804
vn -0.630298 0 -0.776353
vn -0.669572 0 -0.742747
vn -0.707107 0 -0.707107
vn -0.742747 0 -0.669572
vn -0.776353 0 -0.630298
vn -0.807804 0 -0.589451
vn -0.836996 0 -0.54721
vn -0.863844 0 -0.50376
vn -0.888284 0 -0.459295
vn -0.910273 0 -0.414008
vn -0.929788 0 -0.368095
vn -0.946825 0 -0.321749
vn -0.961399 0 -0.275158
vn -0.973543 0 -0.228505
vn -0.983305 0 -0.181963
vn -0.990751 0 -0.135695
vn -0.995955 0 -0.0898544
vn -0.999006 0 -0.0445802
vn -1 0 0
vn -1 0 7.13678e-16
vn -0.999006 0 0.0445802
vn -0.995955 0 0.0898544
vn -0.990751 0 0.135695
vn -0.983305 0 0.181963
vn -0.973543 0 0.228505
vn -0.961399 0 0.275158
vn -0.946825 0 0.321749
vn -0.929788 0 0.368095
vn -0.910273 0 0.414008
vn -0.888284 0 0.459295
vn -0.863844 0 0.50376
vn -0.836996 0 0.54721
vn -0.807804 0 0.589451
vn -0.776353 0 0.630298
vn -0.742747 0 0.669572
vn -0.707107 0 0.707107
vn -0.669572 0 0.742747
vn -0.630298 0 0.776353
vn -0.589451 0 0.807804
vn -0.54721 0 0.836996
vn -0.50376 0 0.863844
vn -0.459295 0 0.888284
vn -0.414008 0 0.910273
vn -0.368095 0 0.929788
vn -0.321749 0 0.946825
vn -0.275158 0 0.961399
vn -0.228505 0 0.973543
vn -0.181963 0 0.983305
vn -0.135695 0 0.990751
vn -0.0898544 0 0.995955
vn -0.0445802 0 0.999006
vn -3.56839e-16 0 1
vn 0.0445802 -0 0.999006
vn 0.0898544 -0 0.995955
vn 0.135695 -0 0.990751
vn 0.181963 -0 0.983305
vn 0.228505 -0 0.973543
vn 0.275158 -0 0.961399
vn 0.321749 -0 0.946825
vn 0.368095 -0 0.929788
vn 0.414008 -0 0.910273
vn 0.459295 -0 0.888284
vn 0.50376 -0 0.863844
vn 0.54721 -0 0.836996
vn 0.589451 -0 0.807804
vn 0.630298 -0 0.776353
vn 0.669572 -0 0.742747
vn 0.707107 -0 0.707107
vn 0.742747 -0 0.669572
vn 0.776353 -0 0.630298
vn 0.807804 -0 0.589451
vn 0.836996 -0 0.54721
vn 0.863844 -0 0.50376
vn 0.888284 -0 0.459295
vn 0.910273 -0 0.414008
vn 0.929788 -0 0.368095
vn 0.946825 -0 0.321749
vn 0.961399 -0 0.275158
vn 0.973543 -0 0.228505
vn 0.983305 -0 0.181963
vn 0.990751 -0 0.135695
vn 0.995955 -0 0.0898544
vn 0.999006 -0 0.0445802
vn 1 -0 7.13678e-16
vn 0.999006 0 -0.0445802
vn 0.995955 0 -0.0898544
vn 0.990751 0 -0.135695
vn 0.983305 0 -0.181963
vn 0.973543 0 -0.228505
vn 0.961399 0 -0.275158
vn 0.946825 0 -0.321749
vn 0.929788 0 -0.368095
vn 0.910273 0 -0.414008
vn 0.888284 0 -0.459295
vn 0.863844 0 -0.50376
vn 0.836996 0 -0.54721
vn 0.807804 0 -0.589451
vn 0.776353 0 -0.630298
vn 0.742747 0 -0.669572
vn 0.707107 0 -0.707107
vn 0.669572 0 -0.742747
vn 0.630298 0 -0.776353
vn 0.589451 0 -0.807804
vn 0.54721 0 -0.836996
vn 0.50376 0 -0.863844
vn 0.459295 0 -0.888284
vn 0.414008 0 -0.910273
vn 0.368095 0 -0.929788
vn 0.321749 0 -0.946825
vn 0.275158 0 -0.961399
vn 0.228505 0 -0.973543
vn 0.181963 0 -0.983305
vn 0.135695 0 -0.990751
vn 0.0898544 0 -0.995955
vn 0.0445802 0 -0.999006
vn 2.52323e-16 0 -1
vn -0.0445802 0 -0.999006
vn -0.0898544 0 -0.995955
vn -0.135695 0 -0.990751
vn -0.181963 0 -0.983305
vn -0.228505 0 -0.973543
vn -0.275158 0 -0.961399
vn -0.321749 0 -0.946825
vn -0.368095 0 -0.929788
vn -0.414008 0 -0.910273
vn -0.459295 0 -0.888284
vn -0.50376 0 -0.863844
vn -0.54721 0 -0.836996
vn -0.589451 0 -0.807804
vn -0.630298 0 -0.776353
vn -0.669572 0 -0.742747
vn -0.707107 0 -0.707107
vn -0.742747 0 -0.669572
vn -0.776353 0 -0.630298
vn -0.807804 0 -0.589451
vn -0.836996 0 -0.54721
vn -0.863844 0 -0.50376
vn -0.888284 0 -0.459295
vn -0.910273 0 -0.414008
vn -0.929788 0 -0.368095
vn -0.946825 0 -0.321749
vn -0.961399 0 -0.275158
vn -0.973543 0 -0.228505
vn -0.983305 0 -0.181963
vn -0.990751 0 -0.135695
vn -0.995955 0 -0.0898544
vn -0.999006 0 -0.0445802
vn -1 0 0
vn -1 0 0
vn -0.999006 0 0.0445802
vn -0.995955 0 0.0898544
vn -0.990751 0 0.135695
vn -0.983305 0 0.181963
vn -0.973543 0 0.228505
vn -0.961399 0 0.275158
vn -0.946825 0 0.321749
vn -0.929788 0 0.368095
vn -0.910273 0 0.414008
vn -0.888284 0 0.459295
vn -0.863844 0 0.50376
vn -0.836996 0 0.54721
vn -0.807804 0 0.589451
vn -0.776353 0 0.630298
vn -0.742747 0 0.669572
vn -0.707107 0 0.707107
vn -0.669572 0 0.742747
vn -0.630298 0 0.776353
vn -0.589451 0 0.807804
vn -0.54721 0 0.836996
vn -0.50376 0 0.863844
vn -0.459295 0 0.888284
vn -0.414008 0 0.910273
vn -0.368095 0 0.929788
vn -0.321749 0 0.946825
vn -0.275158 0 0.961399
vn -0.228505 0 0.973543
vn -0.181963 0 0.983305
vn -0.135695 0 0.990751
vn -0.0898544 0 0.995955
vn -0.0445802 0 0.999006
vn -1.7842e-16 0 1
vn 0.0445802 -0 0.999006
vn 0.0898544 -0 0.995955
vn 0.135695 -0 0.990751
vn 0.181963 -0 0.983305
vn 0.228505 -0 0.973543
vn 0.275158 -0 0.961399
vn 0.321749 -0 0.946825
vn 0.368095 -0 0.929788
vn 0.414008 -0 0.910273
vn 0.459295 -0 0.888284
vn 0.50376 -0 0.863844
vn 0.54721 -0 0.836996
vn 0.589451 -0 0.807804
vn 0.630298 -0 0.776353
vn 0.669572 -0 0.742747
vn 0.707107 -0 0.707107
vn 0.742747 -0 0.669572
vn 0.776353 -0 0.630298
vn 0.807804 -0 0.589451
vn 0.836996 -0 0.54721
vn 0.863844 -0 0.50376
vn 0.888284 -0 0.459295
vn 0.910273 -0 0.414008
vn 0.929788 -0 0.368095
vn 0.946825 -0 0.321749
vn 0.961399 -0 0.275158
vn 0.973543 -0 0.228505
vn 0.983305 -0 0.181963
vn 0.990751 -0 0.135695
vn 0.995955 -0 0.0898544
vn 0.999006 -0 0.0445802
vn 1 -0 0
vn 0.999006 0 -0.0445802
vn 0.995955 0 -0.0898544
vn 0.990751 0 -0.135695
vn 0.983305 0 -0.181963
vn 0.973543 0 -0.228505
vn 0.961399 0 -0.275158
vn 0.946825 0 -0.321749
vn 0.929788 0 -0.368095
vn 0.910273 0 -0.414008
vn 0.888284 0 -0.459295
vn 0.863844 0 -0.50376
vn 0.836996 0 -0.54721
vn 0.807804 0 -0.589451
vn 0.776353 0 -0.630298
vn 0.742747 0 -0.669572
vn 0.707107 0 -0.707107
vn 0.669572 0 -0.742747
vn 0.630298 0 -0.776353
vn 0.589451 0 -0.807804
vn 0.54721 0 -0.836996
vn 0.50376 0 -0.863844
vn 0.459295 0 -0.888284
vn 0.414008 0 -0.910273
vn 0.368095 0 -0.929788
vn 0.321749 0 -0.946825
vn 0.275158 0 -0.961399
vn 0.228505 0 -0.973543
vn 0.181963 0 -0.983305
vn 0.135695 0 -0.990751
vn 0.0898544 0 -0.995955
vn 0.0445802 0 -0.999006
vn 2.52323e-16 0 -1
vn -0.0445802 0 -0.999006
vn -0.0898544 0 -0.995955
vn -0.135695 0 -0.990751
vn -0.181963 0 -0.983305
vn -0.228505 0 -0.973543
vn -0.275158 0 -0.961399
vn -0.321749 0 -0.946825
vn -0.368095 0 -0.929788
vn -0.414008 0 -0.910273
vn -0.459295 0 -0.888284
vn -0.50376 0 -0.863844
vn -0.54721 0 -0.836996
vn -0.589451 0 -0.807804
vn -0.630298 0 -0.776353
vn -0.669572 0 -0.742747
vn -0.707107 0 -0.707107
vn -0.742747 0 -0.669572
vn -0.776353 0 -0.630298
vn -0.807804 0 -0.589451
vn -0.836996 0 -0.54721
vn -0.863844 0 -0.50376
vn -0.888284 0 -0.459295
vn -0.910273 0 -0.414008
vn -0.929788 0 -0.368095
vn -0.946825 0 -0.321749
vn -0.961399 0 -0.275158
vn -0.973543 0 -0.228505
vn -0.983305 0 -0.181963
vn -0.990751 0 -0.135695
vn -0.995955 0 -0.0898544
vn -0.999006 0 -0.0445802
vn -1 0 0
g WheelRR_f0
usemtl rubber
f 2152//2152 2153//2153 2282//2282
f 2152//2152 2282//2282 2281//2281
f 2153//2153 2154//2154 2283//2283
f 2153//2153 2283//2283 2282//2282
f 2154//2154 2155//2155 2284//2284
f 2154//2154 2284//2284 2283//2283
f 2155//2155 2156//2156 2285//2285
f 2155//2155 2285//2285 2284//2284
f 2156//2156 2157//2157 2286//2286
f 2156//2156 2286//2286 2285//2285
f 2157//2157 2158//2158 2287//2287
f 2157//2157 2287//2287 2286//2286
f 2158//2158 2159//2159 2288//2288
f 2158//2158 2288//2288 2287//2287
f 2159//2159 2160//2160 2289//2289
f 2159//2159 2289//2289 2288//2288
f 2160//2160 2161//2161 2290//2290
f 2160//2160 2290//2290 2289//2289
f 2161//2161 2162//2162 2291//2291
f 2161//2161 2291//2291 2290//2290
f 2162//2162 2163//2163 2292//2292
f 2162//2162 2292//2292 2291//2291
f 2163//2163 2164//2164 2293//2293
f 2163//2163 2293//2293 2292//2292
f 2164//2164 2165//2165 2294//2294
f 2164//2164 2294//2294 2293//2293
f 2165//2165 2166//2166 2295//2295
f 2165//2165 2295//2295 2294//2294
f 2166//2166 2167//2167 2296//2296
f 2166//2166 2296//2296 2295//2295
f 2167//2167 2168//2168 2297//2297
f 2167//2167 2297//2297 2296//2296
f 2168//2168 2169//2169 2298//2298
f 2168//2168 2298//2298 2297//2297
f 2169//2169 2170//2170 2299//2299
f 2169//2169 2299//2299 2298//2298
f 2170//2170 2171//2171 2300//2300
f 2170//2170 2300//2300 2299//2299
f 2171//2171 2172//2172 2301//2301
f 2171//2171 2301//2301 2300//2300
f 2172//2172 2173//2173 2302//2302
f 2172//2172 2302//2302 2301//2301
f 2173//2173 2174//2174 2303//2303
f 2173//2173 2303//2303 2302//2302
f 2174//2174 2175//2175 2304//2304
f 2174//2174 2304//2304 2303//2303
f 2175//2175 2176//2176 2305//2305
f 2175//2175 2305//2305 2304//2304
f 2176//2176 2177//2177 2306//2306
f 2176//2176 2306//2306 2305//2305
f 2177//2177 2178//2178 2307//2307
f 2177//2177 2307//2307 2306//2306
f 2178//2178 2179//2179 2308//2308
f 2178//2178 2308//2308 2307//2307
f 2179//2179 2180//2180 2309//2309
f 2179//2179 2309//2309 2308//2308
f 2180//2180 2181//2181 2310//2310
f 2180//2180 2310//2310 2309//2309
f 2181//2181 2182//2182 2311//2311
f 2181//2181 2311//2311 2310//2310
f 2182//2182 2183//2183 2312//2312
f 2182//2182 2312//2312 2311//2311
f 2183//2183 2184//2184 2313//2313
f 2183//2183 2313//2313 2312//2312
f 2184//2184 2185//2185 2314//2314
f 2184//2184 2314//2314 2313//2313
f 2185//2185 2186//2186 2315//2315
f 2185//2185 2315//2315 2314//2314
f 2186//2186 2187//2187 2316//2316
f 2186//2186 2316//2316 2315//2315
f 2187//2187 2188//2188 2317//2317
f 2187//2187 2317//2317 2316//2316
f 2188//2188 2189//2189 2318//2318
f 2188//2188 2318//2318 2317//2317
f 2189//2189 2190//2190 2319//2319
f 2189//2189 2319//2319 2318//2318
f 2190//2190 2191//2191 2320//2320
f 2190//2190 2320//2320 2319//2319
f 2191//2191 2192//2192 2321//2321
f 2191//2191 2321//2321 2320//2320
f 2192//2192 2193//2193 2322//2322
f 2192//2192 2322//2322 2321//2321
f 2193//2193 2194//2194 2323//2323
f 2193//2193 2323//2323 2322//2322
f 2194//2194 2195//2195 2324//2324
f 2194//2194 2324//2324 2323//2323
f 2195//2195 2196//2196 2325//2325
f 2195//2195 2325//2325 2324//2324
f 2196//2196 2197//2197 2326//2326
f 2196//2196 2326//2326 2325//2325
f 2197//2197 2198//2198 2327//2327
f 2197//2197 2327//2327 2326//2326
f 2198//2198 2199//2199 2328//2328
f 2198//2198 2328//2328 2327//2327
f 2199//2199 2200//2200 2329//2329
f 2199//2199 2329//2329 2328//2328
f 2200//2200 2201//2201 2330//2330
f 2200//2200 2330//2330 2329//2329
f 2201//2201 2202//2202 2331//2331
f 2201//2201 2331//2331 2330//2330
f 2202//2202 2203//2203 2332//2332
f 2202//2202 2332//2332 2331//2331
f 2203//2203 2204//2204 2333//2333
f 2203//2203 2333//2333 2332//2332
f 2204//2204 2205//2205 2334//2334
f 2204//2204 2334//2334 2333//2333
f 2205//2205 2206//2206 2335//2335
f 2205//2205 2335//2335 2334//2334
f 2206//2206 2207//2207 2336//2336
f 2206//2206 2336//2336 2335//2335
f 2207//2207 2208//2208 2337//2337
f 2207//2207 2337//2337 2336//2336
f 2208//2208 2209//2209 2338//2338
f 2208//2208 2338//2338 2337//2337
f 2209//2209 2210//2210 2339//2339
f 2209//2209 2339//2339 2338//2338
f 2210//2210 2211//2211 2340//2340
f 2210//2210 2340//2340 2339//2339
f 2211//2211 2212//2212 2341//2341
f 2211//2211 2341//2341 2340//2340
f 2212//2212 2213//2213 2342//2342
f 2212//2212 2342//2342 2341//2341
f 2213//2213 2214//2214 2343//2343
f 2213//2213 2343//2343 2342//2342
f 2214//2214 2215//2215 2344//2344
f 2214//2214 2344//2344 2343//2343
f 2215//2215 2216//2216 2345//2345
f 2215//2215 2345//2345 2344//2344
f 2216//2216 2217//2217 2346//2346
f 2216//2216 2346//2346 2345//2345
f 2217//2217 2218//2218 2347//2347
f 2217//2217 2347//2347 2346//2346
f 2218//2218 2219//2219 2348//2348
f 2218//2218 2348//2348 2347//2347
f 2219//2219 2220//2220 2349//2349
f 2219//2219 2349//2349 2348//2348
f 2220//2220 2221//2221 2350//2350
f 2220//2220 2350//2350 2349//2349
f 2221//2221 2222//2222 2351//2351
f 2221//2221 2351//2351 2350//2350
f 2222//2222 2223//2223 2352//2352
f 2222//2222 2352//2352 2351//2351
f 2223//2223 2224//2224 2353//2353
f 2223//2223 2353//2353 2352//2352
f 2224//2224 2225//2225 2354//2354
f 2224//2224 2354//2354 2353//2353
f 2225//2225 2226//2226 2355//2355
f 2225//2225 2355//2355 2354//2354
f 2226//2226 2227//2227 2356//2356
f 2226//2226 2356//2356 2355//2355
f 2227//2227 2228//2228 2357//2357
f 2227//2227 2357//2357 2356//2356
f 2228//2228 2229//2229 2358//2358
f 2228//2228 2358//2358 2357//2357
f 2229//2229 2230//2230 2359//2359
f 2229//2229 2359//2359 2358//2358
f 2230//2230 2231//2231 2360//2360
f 2230//2230 2360//2360 2359//2359
f 2231//2231 2232//2232 2361//2361
f 2231//2231 2361//2361 2360//2360
f 2232//2232 2233//2233 2362//2362
f 2232//2232 2362//2362 2361//2361
f 2233//2233 2234//2234 2363//2363
f 2233//2233 2363//2363 2362//2362
f 2234//2234 2235//2235 2364//2364
f 2234//2234 2364//2364 2363//2363
f 2235//2235 2236//2236 2365//2365
f 2235//2235 2365//2365 2364//2364
f 2236//2236 2237//2237 2366//2366
f 2236//2236 2366//2366 2365//2365
f 2237//2237 2238//2238 2367//2367
f 2237//2237 2367//2367 2366//2366
f 2238//2238 2239//2239 2368//2368
f 2238//2238 2368//2368 2367//2367
f 2239//2239 2240//2240 2369//2369
f 2239//2239 2369//2369 2368//2368
f 2240//2240 2241//2241 2370//2370
f 2240//2240 2370//2370 2369//2369
f 2241//2241 2242//2242 2371//2371
f 2241//2241 2371//2371 2370//2370
f 2242//2242 2243//2243 2372//2372
f 2242//2242 2372//2372 2371//2371
f 2243//2243 2244//2244 2373//2373
f 2243//2243 2373//2373 2372//2372
f 2244//2244 2245//2245 2374//2374
f 2244//2244 2374//2374 2373//2373
f 2245//2245 2246//2246 2375//2375
f 2245//2245 2375//2375 2374//2374
f 2246//2246 2247//2247 2376//2376
f 2246//2246 2376//2376 2375//2375
f 2247//2247 2248//2248 2377//2377
f 2247//2247 2377//2377 2376//2376
f 2248//2248 2249//2249 2378//2378
f 2248//2248 2378//2378 2377//2377
f 2249//2249 2250//2250 2379//2379
f 2249//2249 2379//2379 2378//2378
f 2250//2250 2251//2251 2380//2380
f 2250//2250 2380//2380 2379//2379
f 2251//2251 2252//2252 2381//2381
f 2251//2251 2381//2381 2380//2380
f 2252//2252 2253//2253 2382//2382
f 2252//2252 2382//2382 2381//2381
f 2253//2253 2254//2254 2383//2383
f 2253//2253 2383//2383 2382//2382
f 2254//2254 2255//2255 2384//2384
f 2254//2254 2384//2384 2383//2383
f 2255//2255 2256//2256 2385//2385
f 2255//2255 2385//2385 2384//2384
f 2256//2256 2257//2257 2386//2386
f 2256//2256 2386//2386 2385//2385
f 2257//2257 2258//2258 2387//2387
f 2257//2257 2387//2387 2386//2386
f 2258//2258 2259//2259 2388//2388
f 2258//2258 2388//2388 2387//2387
f 2259//2259 2260//2260 2389//2389
f 2259//2259 2389//2389 2388//2388
f 2260//2260 2261//2261 2390//2390
f 2260//2260 2390//2390 2389//2389
f 2261//2261 2262//2262 2391//2391
f 2261//2261 2391//2391 2390//2390
f 2262//2262 2263//2263 2392//2392
f 2262//2262 2392//2392 2391//2391
f 2263//2263 2264//2264 2393//2393
f 2263//2263 2393//2393 2392//2392
f 2264//2264 2265//2265 2394//2394
f 2264//2264 2394//2394 2393//2393
f 2265//2265 2266//2266 2395//2395
f 2265//2265 2395//2395 2394//2394
f 2266//2266 2267//2267 2396//2396
f 2266//2266 2396//2396 2395//2395
f 2267//2267 2268//2268 2397//2397
f 2267//2267 2397//2397 2396//2396
f 2268//2268 2269//2269 2398//2398
f 2268//2268 2398//2398 2397//2397
f 2269//2269 2270//2270 2399//2399
f 2269//2269 2399//2399 2398//2398
f 2270//2270 2271//2271 2400//2400
f 2270//2270 2400//2400 2399//2399
f 2271//2271 2272//2272 2401//2401
f 2271//2271 2401//2401 2400//2400
f 2272//2272 2273//2273 2402//2402
f 2272//2272 2402//2402 2401//2401
f 2273//2273 2274//2274 2403//2403
f 2273//2273 2403//2403 2402//2402
f 2274//2274 2275//2275 2404//2404
f 2274//2274 2404//2404 2403//2403
f 2275//2275 2276//2276 2405//2405
f 2275//2275 2405//2405 2404//2404
f 2276//2276 2277//2277 2406//2406
f 2276//2276 2406//2406 2405//2405
f 2277//2277 2278//2278 2407//2407
f 2277//2277 2407//2407 2406//2406
f 2278//2278 2279//2279 2408//2408
f 2278//2278 2408//2408 2407//2407
f 2279//2279 2280//2280 2409//2409
f 2279//2279 2409//2409 2408//2408
f 2281//2281 2282//2282 2411//2411
f 2281//2281 2411//2411 2410//2410
f 2282//2282 2283//2283 2412//2412
f 2282//2282 2412//2412 2411//2411
f 2283//2283 2284//2284 2413//2413
f 2283//2283 2413//2413 2412//2412
f 2284//2284 2285//2285 2414//2414
f 2284//2284 2414//2414 2413//2413
f 2285//2285 2286//2286 2415//2415
f 2285//2285 2415//2415 2414//2414
f 2286//2286 2287//2287 2416//2416
f 2286//2286 2416//2416 2415//2415
f 2287//2287 2288//2288 2417//2417
f 2287//2287 2417//2417 2416//2416
f 2288//2288 2289//2289 2418//2418
f 2288//2288 2418//2418 2417//2417
f 2289//2289 2290//2290 2419//2419
f 2289//2289 2419//2419 2418//2418
f 2290//2290 2291//2291 2420//2420
f 2290//2290 2420//2420 2419//2419
f 2291//2291 2292//2292 2421//2421
f 2291//2291 2421//2421 2420//2420
f 2292//2292 2293//2293 2422//2422
f 2292//2292 2422//2422 2421//2421
f 2293//2293 2294//2294 2423//2423
f 2293//2293 2423//2423 2422//2422
f 2294//2294 2295//2295 2424//2424
f 2294//2294 2424//2424 2423//2423
f 2295//2295 2296//2296 2425//2425
f 2295//2295 2425//2425 2424//2424
f 2296//2296 2297//2297 2426//2426
f 2296//2296 2426//2426 2425//2425
f 2297//2297 2298//2298 2427//2427
f 2297//2297 2427//2427 2426//2426
f 2298//2298 2299//2299 2428//2428
f 2298//2298 2428//2428 2427//2427
f 2299//2299 2300//2300 2429//2429
f 2299//2299 2429//2429 2428//2428
f 2300//2300 2301//2301 2430//2430
f 2300//2300 2430//2430 2429//2429
f 2301//2301 2302//2302 2431//2431
f 2301//2301 2431//2431 2430//2430
f 2302//2302 2303//2303 2432//2432
f 2302//2302 2432//2432 2431//2431
f 2303//2303 2304//2304 2433//2433
f 2303//2303 2433//2433 2432//2432
f 2304//2304 2305//2305 2434//2434
f 2304//2304 2434//2434 2433//2433
f 2305//2305 2306//2306 2435//2435
f 2305//2305 2435//2435 2434//2434
f 2306//2306 2307//2307 2436//2436
f 2306//2306 2436//2436 2435//2435
f 2307//2307 2308//2308 2437//2437
f 2307//2307 2437//2437 2436//2436
f 2308//2308 2309//2309 2438//2438
f 2308//2308 2438//2438 2437//2437
f 2309//2309 2310//2310 2439//2439
f 2309//2309 2439//2439 2438//2438
f 2310//2310 2311//2311 2440//2440
f 2310//2310 2440//2440 2439//2439
f 2311//2311 2312//2312 2441//2441
f 2311//2311 2441//2441 2440//2440
f 2312//2312 2313//2313 2442//2442
f 2312//2312 2442//2442 2441//2441
f 2313//2313 2314//2314 2443//2443
f 2313//2313 2443//2443 2442//2442
f 2314//2314 2315//2315 2444//2444
f 2314//2314 2444//2444 2443//2443
f 2315//2315 2316//2316 2445//2445
f 2315//2315 2445//2445 2444//2444
f 2316//2316 2317//2317 2446//2446
f 2316//2316 2446//2446 2445//2445
f 2317//2317 2318//2318 2447//2447
f 2317//2317 2447//2447 2446//2446
f 2318//2318 2319//2319 2448//2448
f 2318//2318 2448//2448 2447//2447
f 2319//2319 2320//2320 2449//2449
f 2319//2319 2449//2449 2448//2448
f 2320//2320 2321//2321 2450//2450
f 2320//2320 2450//2450 2449//2449
f 2321//2321 2322//2322 2451//2451
f 2321//2321 2451//2451 2450//2450
f 2322//2322 2323//2323 2452//2452
f 2322//2322 2452//2452 2451//2451
f 2323//2323 2324//2324 2453//2453
f 2323//2323 2453//2453 2452//2452
f 2324//2324 2325//2325 2454//2454
f 2324//2324 2454//2454 2453//2453
f 2325//2325 2326//2326 2455//2455
f 2325//2325 2455//2455 2454//2454
f 2326//2326 2327//2327 2456//2456
f 2326//2326 2456//2456 2455//2455
f 2327//2327 2328//2328 2457//2457
f 2327//2327 2457//2457 2456//2456
f 2328//2328 2329//2329 2458//2458
f 2328//2328 2458//2458 2457//2457
f 2329//2329 2330//2330 2459//2459
f 2329//2329 2459//2459 2458//2458
f 2330//2330 2331//2331 2460//2460
f 2330//2330 2460//2460 2459//2459
f 2331//2331 2332//2332 2461//2461
f 2331//2331 2461//2461 2460//2460
f 2332//2332 2333//2333 2462//2462
f 2332//2332 2462//2462 2461//2461
f 2333//2333 2334//2334 2463//2463
f 2333//2333 2463//2463 2462//2462
f 2334//2334 2335//2335 2464//2464
f 2334//2334 2464//2464 2463//2463
f 2335//2335 2336//2336 2465//2465
f 2335//2335 2465//2465 2464//2464
f 2336//2336 2337//2337 2466//2466
f 2336//2336 2466//2466 2465//2465
f 2337//2337 2338//2338 2467//2467
f 2337//2337 2467//2467 2466//2466
f 2338//2338 2339//2339 2468//2468
f 2338//2338 2468//2468 2467//2467
f 2339//2339 2340//2340 2469//2469
f 2339//2339 2469//2469 2468//2468
f 2340//2340 2341//2341 2470//2470
f 2340//2340 2470//2470 2469//2469
f 2341//2341 2342//2342 2471//2471
f 2341//2341 2471//2471 2470//2470
f 2342//2342 2343//2343 2472//2472
f 2342//2342 2472//2472 2471//2471
f 2343//2343 2344//2344 2473//2473
f 2343//2343 2473//2473 2472//2472
f 2344//2344 2345//2345 2474//2474
f 2344//2344 2474//2474 2473//2473
f 2345//2345 2346//2346 2475//2475
f 2345//2345 2475//2475 2474//2474
f 2346//2346 2347//2347 2476//2476
f 2346//2346 2476//2476 2475//2475
f 2347//2347 2348//2348 2477//2477
f 2347//2347 2477//2477 2476//2476
f 2348//2348 2349//2349 2478//2478
f 2348//2348 2478//2478 2477//2477
f 2349//2349 2350//2350 2479//2479
f 2349//2349 2479//2479 2478//2478
f 2350//2350 2351//2351 2480//2480
f 2350//2350 2480//2480 2479//2479
f 2351//2351 2352//2352 2481//2481
f 2351//2351 2481//2481 2480//2480
f 2352//2352 2353//2353 2482//2482
f 2352//2352 2482//2482 2481//2481
f 2353//2353 2354//2354 2483//2483
f 2353//2353 2483//2483 2482//2482
f 2354//2354 2355//2355 2484//2484
f 2354//2354 2484//2484 2483//2483
f 2355//2355 2356//2356 2485//2485
f 2355//2355 2485//2485 2484//2484
f 2356//2356 2357//2357 2486//2486
f 2356//2356 2486//2486 2485//2485
f 2357//2357 2358//2358 2487//2487
f 2357//2357 2487//2487 2486//2486
f 2358//2358 2359//2359 2488//2488
f 2358//2358 2488//2488 2487//2487
f 2359//2359 2360//2360 2489//2489
f 2359//2359 2489//2489 2488//2488
f 2360//2360 2361//2361 2490//2490
f 2360//2360 2490//2490 2489//2489
f 2361//2361 2362//2362 2491//2491
f 2361//2361 2491//2491 2490//2490
f 2362//2362 2363//2363 2492//2492
f 2362//2362 2492//2492 2491//2491
f 2363//2363 2364//2364 2493//2493
f 2363//2363 2493//2493 2492//2492
f 2364//2364 2365//2365 2494//2494
f 2364//2364 2494//2494 2493//2493
f 2365//2365 2366//2366 2495//2495
f 2365//2365 2495//2495 2494//2494
f 2366//2366 2367//2367 2496//2496
f 2366//2366 2496//2496 2495//2495
f 2367//2367 2368//2368 2497//2497
f 2367//2367 2497//2497 2496//2496
f 2368//2368 2369//2369 2498//2498
f 2368//2368 2498//2498 2497//2497
f 2369//2369 2370//2370 2499//2499
f 2369//2369 2499//2499 2498//2498
f 2370//2370 2371//2371 2500//2500
f 2370//2370 2500//2500 2499//2499
f 2371//2371 2372//2372 2501//2501
f 2371//2371 2501//2501 2500//2500
f 2372//2372 2373//2373 2502//2502
f 2372//2372 2502//2502 2501//2501
f 2373//2373 2374//2374 2503//2503
f 2373//2373 2503//2503 2502//2502
f 2374//2374 2375//2375 2504//2504
f 2374//2374 2504//2504 2503//2503
f 2375//2375 2376//2376 2505//2505
f 2375//2375 2505//2505 2504//2504
f 2376//2376 2377//2377 2506//2506
f 2376//2376 2506//2506 2505//2505
f 2377//2377 2378//2378 2507//2507
f 2377//2377 2507//2507 2506//2506
f 2378//2378 2379//2379 2508//2508
f 2378//2378 2508//2508 2507//2507
f 2379//2379 2380//2380 2509//2509
f 2379//2379 2509//2509 2508//2508
f 2380//2380 2381//2381 2510//2510
f 2380//2380 2510//2510 2509//2509
f 2381//2381 2382//2382 2511//2511
f 2381//2381 2511//2511 2510//2510
f 2382//2382 2383//2383 2512//2512
f 2382//2382 2512//2512 2511//2511
f 2383//2383 2384//2384 2513//2513
f 2383//2383 2513//2513 2512//2512
f 2384//2384 2385//2385 2514//2514
f 2384//2384 2514//2514 2513//2513
f 2385//2385 2386//2386 2515//2515
f 2385//2385 2515//2515 2514//2514
f 2386//2386 2387//2387 2516//2516
f 2386//2386 2516//2516 2515//2515
f 2387//2387 2388//2388 2517//2517
f 2387//2387 2517//2517 2516//2516
f 2388//2388 2389//2389 2518//2518
f 2388//2388 2518//2518 2517//2517
f 2389//2389 2390//2390 2519//2519
f 2389//2389 2519//2519 2518//2518
f 2390//2390 2391//2391 2520//2520
f 2390//2390 2520//2520 2519//2519
f 2391//2391 2392//2392 2521//2521
f 2391//2391 2521//2521 2520//2520
f 2392//2392 2393//2393 2522//2522
f 2392//2392 2522//2522 2521//2521
f 2393//2393 2394//2394 2523//2523
f 2393//2393 2523//2523 2522//2522
f 2394//2394 2395//2395 2524//2524
f 2394//2394 2524//2524 2523//2523
f 2395//2395 2396//2396 2525//2525
f 2395//2395 2525//2525 2524//2524
f 2396//2396 2397//2397 2526//2526
f 2396//2396 2526//2526 2525//2525
f 2397//2397 2398//2398 2527//2527
f 2397//2397 2527//2527 2526//2526
f 2398//2398 2399//2399 2528//2528
f 2398//2398 2528//2528 2527//2527
f 2399//2399 2400//2400 2529//2529
f 2399//2399 2529//2529 2528//2528
f 2400//2400 2401//2401 2530//2530
f 2400//2400 2530//2530 2529//2529
f 2401//2401 2402//2402 2531//2531
f 2401//2401 2531//2531 2530//2530
f 2402//2402 2403//2403 2532//2532
f 2402//2402 2532//2532 2531//2531
f 2403//2403 2404//2404 2533//2533
f 2403//2403 2533//2533 2532//2532
f 2404//2404 2405//2405 2534//2534
f 2404//2404 2534//2534 2533//2533
f 2405//2405 2406//2406 2535//2535
f 2405//2405 2535//2535 2534//2534
f 2406//2406 2407//2407 2536//2536
f 2406//2406 2536//2536 2535//2535
f 2407//2407 2408//2408 2537//2537
f 2407//2407 2537//2537 2536//2536
f 2408//2408 2409//2409 2538//2538
f 2408//2408 2538//2538 2537//2537
v 2.54 1.76 0.44
v 2.54044 1.76 0.420385
v 2.54178 1.76 0.400464
v 2.54407 1.76 0.380294
v 2.54735 1.76 0.359936
v 2.55164 1.76 0.339458
v 2.55698 1.76 0.31893
v 2.5634 1.76 0.298431
v 2.57089 1.76 0.278038
v 2.57948 1.76 0.257837
v 2.58916 1.76 0.23791
v 2.59991 1.76 0.218345
v 2.61172 1.76 0.199228
v 2.62457 1.76 0.180641
v 2.6384 1.76 0.162669
v 2.65319 1.76 0.145388
v 2.66887 1.76 0.128873
v 2.68539 1.76 0.113191
v 2.70267 1.76 0.0984046
v 2.72064 1.76 0.0845662
v 2.73923 1.76 0.071722
v 2.75835 1.76 0.0599089
v 2.77791 1.76 0.049155
v 2.79784 1.76 0.0394797
v 2.81804 1.76 0.0308931
v 2.83843 1.76 0.023397
v 2.85893 1.76 0.0169845
v 2.87946 1.76 0.0116412
v 2.89994 1.76 0.00734564
v 2.92029 1.76 0.00406973
v 2.94046 1.76 0.00177984
v 2.96038 1.76 0.000437445
v 2.98 1.76 6.245e-17
v 2.99962 1.76 0.000437445
v 3.01954 1.76 0.00177984
v 3.03971 1.76 0.00406973
v 3.06006 1.76 0.00734564
v 3.08054 1.76 0.0116412
v 3.10107 1.76 0.0169845
v 3.12157 1.76 0.023397
v 3.14196 1.76 0.0308931
v 3.16216 1.76 0.0394797
v 3.18209 1.76 0.049155
v 3.20165 1.76 0.0599089
v 3.22077 1.76 0.071722
v 3.23936 1.76 0.0845662
v 3.25733 1.76 0.0984046
v 3.27461 1.76 0.113191
v 3.29113 1.76 0.128873
v 3.30681 1.76 0.145388
v 3.3216 1.76 0.162669
v 3.33543 1.76 0.180641
v 3.34828 1.76 0.199228
v 3.36009 1.76 0.218345
v 3.37084 1.76 0.23791
v 3.38052 1.76 0.257837
v 3.38911 1.76 0.278038
v 3.3966 1.76 0.298431
v 3.40302 1.76 0.31893
v 3.40836 1.76 0.339458
v 3.41265 1.76 0.359936
v 3.41593 1.76 0.380294
v 3.41822 1.76 0.400464
v 3.41956 1.76 0.420385
v 3.42 1.76 0.44
v 3.41956 1.76 0.459615
v 3.41822 1.76 0.479536
v 3.41593 1.76 0.499706
v 3.41265 1.76 0.520064
v 3.40836 1.76 0.540542
v 3.40302 1.76 0.56107
v 3.3966 1.76 0.581569
v 3.38911 1.76 0.601962
v 3.38052 1.76 0.622163
v 3.37084 1.76 0.64209
v 3.36009 1.76 0.661655
v 3.34828 1.76 0.680772
v 3.33543 1.76 0.699359
v 3.3216 1.76 0.717331
v 3.30681 1.76 0.734612
v 3.29113 1.76 0.751127
v 3.27461 1.76 0.766809
v 3.25733 1.76 0.781595
v 3.23936 1.76 0.795434
v 3.22077 1.76 0.808278
v 3.20165 1.76 0.820091
v 3.18209 1.76 0.830845
v 3.16216 1.76 0.84052
v 3.14196 1.76 0.849107
v 3.12157 1.76 0.856603
v 3.10107 1.76 0.863016
v 3.08054 1.76 0.868359
v 3.06006 1.76 0.872654
v 3.03971 1.76 0.87593
v 3.01954 1.76 0.87822
v 2.99962 1.76 0.879563
v 2.98 1.76 0.88
v 2.96038 1.76 0.879563
v 2.94046 1.76 0.87822
v 2.92029 1.76 0.87593
v 2.89994 1.76 0.872654
v 2.87946 1.76 0.868359
v 2.85893 1.76 0.863016
v 2.83843 1.76 0.856603
v 2.81804 1.76 0.849107
v 2.79784 1.76 0.84052
v 2.77791 1.76 0.830845
v 2.75835 1.76 0.820091
v 2.73923 1.76 0.808278
v 2.72064 1.76 0.795434
v 2.70267 1.76 0.781595
v 2.68539 1.76 0.766809
v 2.66887 1.76 0.751127
v 2.65319 1.76 0.734612
v 2.6384 1.76 0.717331
v 2.62457 1.76 0.699359
v 2.61172 1.76 0.680772
v 2.59991 1.76 0.661655
v 2.58916 1.76 0.64209
v 2.57948 1.76 0.622163
v 2.57089 1.76 0.601962
v 2.5634 1.76 0.581569
v 2.55698 1.76 0.56107
v 2.55164 1.76 0.540542
v 2.54735 1.76 0.520064
v 2.54407 1.76 0.499706
v 2.54178 1.76 0.479536
v 2.54044 1.76 0.459615
vn -8.43769e-17 -1 0
vn 8.43769e-17 -1 0
vn -8.43769e-17 -1 0
vn -1.95399e-16 -1 0
vn -9.76996e-17 -1 0
vn 9.76996e-17 -1 0
vn -1.11022e-16 -1 0
vn 2.08722e-16 -1 0
vn 1.11022e-16 -1 0
vn 2.08722e-16 -1 0
vn 2.08722e-16 -1 0
vn 1.53211e-16 -1 0
vn -1.53211e-16 -1 0
vn -5.55112e-17 -1 0
vn 1.04361e-16 -1 0
vn -2.08722e-16 -1 0
vn 5.55112e-17 -1 0
vn 6.66134e-18 -1 0
vn -8.43769e-17 -1 0
vn -1.32117e-16 -1 0
vn 6.32827e-17 -1 0
vn -2.23155e-16 -1 0
vn -5.88418e-17 -1 0
vn -9.10383e-17 -1 0
vn -1.39888e-16 -1 0
vn -1.77636e-17 -1 0
vn -4.16334e-17 -1 0
vn -1.09912e-16 -1 0
vn -2.52576e-16 -1 0
vn 1.45994e-16 -1 0
vn -1.16573e-16 -1 0
vn -7.38298e-17 -1 0
vn -7.88258e-17 -1 0
vn -7.21645e-17 -1 0
vn -1.14908e-16 -1 0
vn -7.99361e-17 -1 0
vn -4.88498e-17 -1 0
vn -1.01585e-16 -1 0
vn 1.53211e-16 -1 0
vn -2.26485e-16 -1 0
vn 1.77636e-17 -1 0
vn -1.32117e-16 -1 0
vn 1.28786e-16 -1 0
vn -2.29816e-16 -1 0
vn 2.54241e-16 -1 0
vn 6.99441e-17 -1 0
vn -9.10383e-17 -1 0
vn 0 -1 0
vn 0 -1 0
vn -6.66134e-18 -1 0
vn -1.53211e-16 -1 0
vn -1.04361e-16 -1 0
vn -1.95399e-16 -1 0
vn 1.53211e-16 -1 0
vn 9.76996e-17 -1 0
vn 9.76996e-17 -1 0
vn -9.76996e-17 -1 0
vn 0 -1 0
vn -8.43769e-17 -1 0
vn -9.76996e-17 -1 0
vn 9.76996e-17 -1 0
vn -1.95399e-16 -1 0
vn -8.43769e-17 -1 0
vn 8.43769e-17 -1 0
vn -1.95399e-16 -1 0
vn 1.95399e-16 -1 0
vn -8.43769e-17 -1 0
vn -1.95399e-16 -1 0
vn 4.17444e-16 -1 0
vn -1.95399e-16 -1 0
vn -1.95399e-16 -1 0
vn 2.66454e-17 -1 0
vn -2.22045e-16 -1 0
vn 0 -1 0
vn 2.22045e-16 -1 0
vn 0 -1 0
vn -1.95399e-16 -1 0
vn 2.22045e-16 -1 0
vn 0 -1 0
vn 0 -1 0
vn 0 -1 0
vn 0 -1 0
vn -1.95399e-16 -1 0
vn 0 -1 0
vn 1.95399e-16 -1 0
vn -1.95399e-16 -1 0
vn 0 -1 0
vn -1.95399e-16 -1 0
vn 1.95399e-16 -1 0
vn 2.66454e-17 -1 0
vn 2.22045e-16 -1 0
vn 1.95399e-16 -1 0
vn -1.95399e-16 -1 0
vn 1.95399e-16 -1 0
vn 0 -1 0
vn 1.95399e-16 -1 0
vn 1.95399e-16 -1 0
vn 1.95399e-16 -1 0
vn 0 -1 0
vn 0 -1 0
vn -1.95399e-16 -1 0
vn -1.95399e-16 -1 0
vn 0 -1 0
vn 2.66454e-17 -1 0
vn 1.95399e-16 -1 0
vn 0 -1 0
vn 0 -1 0
vn -1.95399e-16 -1 0
vn 0 -1 0
vn 0 -1 0
vn -1.95399e-16 -1 0
vn 0 -1 0
vn 2.22045e-16 -1 0
vn 0 -1 0
vn 0 -1 0
vn 0 -1 0
vn -1.95399e-16 -1 0
vn 0 -1 0
vn 2.22045e-16 -1 0
vn 0 -1 0
vn 0 -1 0
vn 2.66454e-17 -1 0
vn 2.66454e-17 -1 0
vn -1.95399e-16 -1 0
vn 4.17444e-16 -1 0
vn -1.95399e-16 -1 0
vn -8.43769e-17 -1 0
vn 1.95399e-16 -1 0
g WheelRR_f1
usemtl rubber
f 2666//2666 2539//2539 2540//2540
f 2666//2666 2540//2540 2541//2541
f 2666//2666 2541//2541 2542//2542
f 2666//2666 2542//2542 2543//2543
f 2666//2666 2543//2543 2544//2544
f 2666//2666 2544//2544 2545//2545
f 2666//2666 2545//2545 2546//2546
f 2666//2666 2546//2546 2547//2547
f 2666//2666 2547//2547 2548//2548
f 2666//2666 2548//2548 2549//2549
f 2666//2666 2549//2549 2550//2550
f 2666//2666 2550//2550 2551//2551
f 2666//2666 2551//2551 2552//2552
f 2666//2666 2552//2552 2553//2553
f 2666//2666 2553//2553 2554//2554
f 2666//2666 2554//2554 2555//2555
f 2666//2666 2555//2555 2556//2556
f 2666//2666 2556//2556 2557//2557
f 2666//2666 2557//2557 2558//2558
f 2666//2666 2558//2558 2559//2559
f 2666//2666 2559//2559 2560//2560
f 2666//2666 2560//2560 2561//2561
f 2666//2666 2561//2561 2562//2562
f 2666//2666 2562//2562 2563//2563
f 2666//2666 2563//2563 2564//2564
f 2666//2666 2564//2564 2565//2565
f 2666//2666 2565//2565 2566//2566
f 2666//2666 2566//2566 2567//2567
f 2666//2666 2567//2567 2568//2568
f 2666//2666 2568//2568 2569//2569
f 2666//2666 2569//2569 2570//2570
f 2666//2666 2570//2570 2571//2571
f 2666//2666 2571//2571 2572//2572
f 2666//2666 2572//2572 2573//2573
f 2666//2666 2573//2573 2574//2574
f 2666//2666 2574//2574 2575//2575
f 2666//2666 2575//2575 2576//2576
f 2666//2666 2576//2576 2577//2577
f 2666//2666 2577//2577 2578//2578
f 2666//2666 2578//2578 2579//2579
f 2666//2666 2579//2579 2580//2580
f 2666//2666 2580//2580 2581//2581
f 2666//2666 2581//2581 2582//2582
f 2666//2666 2582//2582 2583//2583
f 2666//2666 2583//2583 2584//2584
f 2666//2666 2584//2584 2585//2585
f 2666//2666 2585//2585 2586//2586
f 2666//2666 2586//2586 2587//2587
f 2666//2666 2587//2587 2588//2588
f 2666//2666 2588//2588 2589//2589
f 2666//2666 2589//2589 2590//2590
f 2666//2666 2590//2590 2591//2591
f 2666//2666 2591//2591 2592//2592
f 2666//2666 2592//2592 2593//2593
f 2666//2666 2593//2593 2594//2594
f 2666//2666 2594//2594 2595//2595
f 2666//2666 2595//2595 2596//2596
f 2666//2666 2596//2596 2597//2597
f 2666//2666 2597//2597 2598//2598
f 2666//2666 2598//2598 2599//2599
f 2666//2666 2599//2599 2600//2600
f 2666//2666 2600//2600 2601//2601
f 2666//2666 2601//2601 2602//2602
f 2666//2666 2602//2602 2603//2603
f 2666//2666 2603//2603 2604//2604
f 2666//2666 2604//2604 2605//2605
f 2666//2666 2605//2605 2606//2606
f 2666//2666 2606//2606 2607//2607
f 2666//2666 2607//2607 2608//2608
f 2666//2666 2608//2608 2609//2609
f 2666//2666 2609//2609 2610//2610
f 2666//2666 2610//2610 2611//2611
f 2666//2666 2611//2611 2612//2612
f 2666//2666 2612//2612 2613//2613
f 2666//2666 2613//2613 2614//2614
f 2666//2666 2614//2614 2615//2615
f 2666//2666 2615//2615 2616//2616
f 2666//2666 2616//2616 2617//2617
f 2666//2666 2617//2617 2618//2618
f 2666//2666 2618//2618 2619//2619
f 2666//2666 2619//2619 2620//2620
f 2666//2666 2620//2620 2621//2621
f 2666//2666 2621//2621 2622//2622
f 2666//2666 2622//2622 2623//2623
f 2666//2666 2623//2623 2624//2624
f 2666//2666 2624//2624 2625//2625
f 2666//2666 2625//2625 2626//2626
f 2666//2666 2626//2626 2627//2627
f 2666//2666 2627//2627 2628//2628
f 2666//2666 2628//2628 2629//2629
f 2666//2666 2629//2629 2630//2630
f 2666//2666 2630//2630 2631//2631
f 2666//2666 2631//2631 2632//2632
f 2666//2666 2632//2632 2633//2633
f 2666//2666 2633//2633 2634//2634
f 2666//2666 2634//2634 2635//2635
f 2666//2666 2635//2635 2636//2636
f 2666//2666 2636//2636 2637//2637
f 2666//2666 2637//2637 2638//2638
f 2666//2666 2638//2638 2639//2639
f 2666//2666 2639//2639 2640//2640
f 2666//2666 2640//2640 2641//2641
f 2666//2666 2641//2641 2642//2642
f 2666//2666 2642//2642 2643//2643
f 2666//2666 2643//2643 2644//2644
f 2666//2666 2644//2644 2645//2645
f 2666//2666 2645//2645 2646//2646
f 2666//2666 2646//2646 2647//2647
f 2666//2666 2647//2647 2648//2648
f 2666//2666 2648//2648 2649//2649
f 2666//2666 2649//2649 2650//2650
f 2666//2666 2650//2650 2651//2651
f 2666//2666 2651//2651 2652//2652
f 2666//2666 2652//2652 2653//2653
f 2666//2666 2653//2653 2654//2654
f 2666//2666 2654//2654 2655//2655
f 2666//2666 2655//2655 2656//2656
f 2666//2666 2656//2656 2657//2657
f 2666//2666 2657//2657 2658//2658
f 2666//2666 2658//2658 2659//2659
f 2666//2666 2659//2659 2660//2660
f 2666//2666 2660//2660 2661//2661
f 2666//2666 2661//2661 2662//2662
f 2666//2666 2662//2662 2663//2663
f 2666//2666 2663//2663 2664//2664
f 2664//2664 2665//2665 2666//2666
v 2.54 2.06 0.44
v 2.54044 2.06 0.459615
v 2.54178 2.06 0.479536
v 2.54407 2.06 0.499706
v 2.54735 2.06 0.520064
v 2.55164 2.06 0.540542
v 2.55698 2.06 0.56107
v 2.5634 2.06 0.581569
v 2.57089 2.06 0.601962
v 2.57948 2.06 0.622163
v 2.58916 2.06 0.64209
v 2.59991 2.06 0.661655
v 2.61172 2.06 0.680772
v 2.62457 2.06 0.699359
v 2.6384 2.06 0.717331
v 2.65319 2.06 0.734612
v 2.66887 2.06 0.751127
v 2.68539 2.06 0.766809
v 2.70267 2.06 0.781595
v 2.72064 2.06 0.795434
v 2.73923 2.06 0.808278
v 2.75835 2.06 0.820091
v 2.77791 2.06 0.830845
v 2.79784 2.06 0.84052
v 2.81804 2.06 0.849107
v 2.83843 2.06 0.856603
v 2.85893 2.06 0.863016
v 2.87946 2.06 0.868359
v 2.89994 2.06 0.872654
v 2.92029 2.06 0.87593
v 2.94046 2.06 0.87822
v 2.96038 2.06 0.879563
v 2.98 2.06 0.88
v 2.99962 2.06 0.879563
v 3.01954 2.06 0.87822
v 3.03971 2.06 0.87593
v 3.06006 2.06 0.872654
v 3.08054 2.06 0.868359
v 3.10107 2.06 0.863016
v 3.12157 2.06 0.856603
v 3.14196 2.06 0.849107
v 3.16216 2.06 0.84052
v 3.18209 2.06 0.830845
v 3.20165 2.06 0.820091
v 3.22077 2.06 0.808278
v 3.23936 2.06 0.795434
v 3.25733 2.06 0.781595
v 3.27461 2.06 0.766809
v 3.29113 2.06 0.751127
v 3.30681 2.06 0.734612
v 3.3216 2.06 0.717331
v 3.33543 2.06 0.699359
v 3.34828 2.06 0.680772
v 3.36009 2.06 0.661655
v 3.37084 2.06 0.64209
v 3.38052 2.06 0.622163
v 3.38911 2.06 0.601962
v 3.3966 2.06 0.581569
v 3.40302 2.06 0.56107
v 3.40836 2.06 0.540542
v 3.41265 2.06 0.520064
v 3.41593 2.06 0.499706
v 3.41822 2.06 0.479536
v 3.41956 2.06 0.459615
v 3.42 2.06 0.44
v 3.41956 2.06 0.420385
v 3.41822 2.06 0.400464
v 3.41593 2.06 0.380294
v 3.41265 2.06 0.359936
v 3.40836 2.06 0.339458
v 3.40302 2.06 0.31893
v 3.3966 2.06 0.298431
v 3.38911 2.06 0.278038
v 3.38052 2.06 0.257837
v 3.37084 2.06 0.23791
v 3.36009 2.06 0.218345
v 3.34828 2.06 0.199228
v 3.33543 2.06 0.180641
v 3.3216 2.06 0.162669
v 3.30681 2.06 0.145388
v 3.29113 2.06 0.128873
v 3.27461 2.06 0.113191
v 3.25733 2.06 0.0984046
v 3.23936 2.06 0.0845662
v 3.22077 2.06 0.071722
v 3.20165 2.06 0.0599089
v 3.18209 2.06 0.049155
v 3.16216 2.06 0.0394797
v 3.14196 2.06 0.0308931
v 3.12157 2.06 0.023397
v 3.10107 2.06 0.0169845
v 3.08054 2.06 0.0116412
v 3.06006 2.06 0.00734564
v 3.03971 2.06 0.00406973
v 3.01954 2.06 0.00177984
v 2.99962 2.06 0.000437445
v 2.98 2.06 6.245e-17
v 2.96038 2.06 0.000437445
v 2.94046 2.06 0.00177984
v 2.92029 2.06 0.00406973
v 2.89994 2.06 0.00734564
v 2.87946 2.06 0.0116412
v 2.85893 2.06 0.0169845
v 2.83843 2.06 0.023397
v 2.81804 2.06 0.0308931
v 2.79784 2.06 0.0394797
v 2.77791 2.06 0.049155
v 2.75835 2.06 0.0599089
v 2.73923 2.06 0.071722
v 2.72064 2.06 0.0845662
v 2.70267 2.06 0.0984046
v 2.68539 2.06 0.113191
v 2.66887 2.06 0.128873
v 2.65319 2.06 0.145388
v 2.6384 2.06 0.162669
v 2.62457 2.06 0.180641
v 2.61172 2.06 0.199228
v 2.59991 2.06 0.218345
v 2.58916 2.06 0.23791
v 2.57948 2.06 0.257837
v 2.57089 2.06 0.278038
v 2.5634 2.06 0.298431
v 2.55698 2.06 0.31893
v 2.55164 2.06 0.339458
v 2.54735 2.06 0.359936
v 2.54407 2.06 0.380294
v 2.54178 2.06 0.400464
v 2.54044 2.06 0.420385
vn 0 1 -0
vn 2.28706e-16 1 -0
vn -4.50751e-16 1 0
vn -2.28706e-16 1 0
vn 2.22045e-16 1 -0
vn -2.28706e-16 1 0
vn -2.28706e-16 1 0
vn -2.28706e-16 1 0
vn 0 1 -0
vn 0 1 -0
vn 0 1 -0
vn 2.22045e-16 1 -0
vn -2.28706e-16 1 0
vn 2.22045e-16 1 -0
vn 2.22045e-16 1 -0
vn 2.22045e-16 1 -0
vn 2.22045e-16 1 -0
vn 2.22045e-16 1 -0
vn -4.50751e-16 1 0
vn 2.22045e-16 1 -0
vn 2.22045e-16 1 -0
vn -2.28706e-16 1 0
vn 2.22045e-16 1 -0
vn 2.22045e-16 1 -0
vn 4.50751e-16 1 -0
vn -2.28706e-16 1 0
vn 0 1 -0
vn -2.28706e-16 1 0
vn -2.28706e-16 1 0
vn 0 1 -0
vn 0 1 -0
vn 2.28706e-16 1 -0
vn 2.28706e-16 1 -0
vn 2.28706e-16 1 -0
vn 0 1 -0
vn 0 1 -0
vn -2.28706e-16 1 0
vn -2.28706e-16 1 0
vn 0 1 -0
vn -2.28706e-16 1 0
vn 4.50751e-16 1 -0
vn 2.22045e-16 1 -0
vn 2.22045e-16 1 -0
vn -2.28706e-16 1 0
vn 4.50751e-16 1 -0
vn 2.22045e-16 1 -0
vn -4.50751e-16 1 0
vn 2.22045e-16 1 -0
vn 0 1 -0
vn 4.50751e-16 1 -0
vn 2.22045e-16 1 -0
vn 2.22045e-16 1 -0
vn -2.28706e-16 1 0
vn 4.50751e-16 1 -0
vn 0 1 -0
vn 0 1 -0
vn 4.50751e-16 1 -0
vn -2.28706e-16 1 0
vn -2.28706e-16 1 0
vn -2.28706e-16 1 0
vn 2.22045e-16 1 -0
vn 4.50751e-16 1 -0
vn -4.50751e-16 1 0
vn 2.28706e-16 1 -0
vn 0 1 -0
vn 2.28706e-16 1 -0
vn -3.39728e-16 1 0
vn 2.22045e-16 1 -0
vn -1.11022e-16 1 0
vn 1.07692e-16 1 -0
vn 2.22045e-16 1 -0
vn 2.25375e-16 1 -0
vn 2.25375e-16 1 -0
vn 2.28706e-16 1 -0
vn 2.25375e-16 1 -0
vn 3.36398e-16 1 -0
vn -2.28706e-16 1 0
vn -1.66533e-16 1 0
vn -1.69864e-16 1 0
vn 2.80886e-16 1 -0
vn 1.66533e-16 1 -0
vn -2.2371e-16 1 0
vn -2.80886e-16 1 0
vn 2.80886e-16 1 -0
vn 2.53964e-16 1 -0
vn -1.43774e-16 1 0
vn 3.08642e-16 1 -0
vn -1.39611e-16 1 0
vn 2.80886e-16 1 -0
vn -2.0095e-16 1 0
vn 1.42109e-16 1 -0
vn -3.5319e-16 1 0
vn 7.48013e-17 1 -0
vn 1.94289e-16 1 -0
vn -1.96787e-16 1 0
vn 2.00534e-16 1 -0
vn -3.09891e-16 1 0
vn -2.55629e-16 1 0
vn -1.96371e-16 1 0
vn 1.95954e-16 1 -0
vn -3.80945e-16 1 0
vn 7.99361e-17 1 -0
vn 1.38778e-16 1 -0
vn -2.25375e-16 1 0
vn -1.73195e-16 1 0
vn -1.41276e-16 1 0
vn -1.37113e-16 1 0
vn -1.73195e-16 1 0
vn 2.55629e-16 1 -0
vn -1.68199e-16 1 0
vn -2.80886e-16 1 0
vn 2.22045e-16 1 -0
vn 1.66533e-16 1 -0
vn -1.69864e-16 1 0
vn 2.79221e-16 1 -0
vn 2.80886e-16 1 -0
vn -2.28706e-16 1 0
vn 3.36398e-16 1 -0
vn 2.22045e-16 1 -0
vn 2.22045e-16 1 -0
vn 2.22045e-16 1 -0
vn -2.28706e-16 1 0
vn 2.22045e-16 1 -0
vn 3.36398e-16 1 -0
vn -1.14353e-16 1 0
vn 2.25375e-16 1 -0
vn -3.39728e-16 1 0
vn 2.22045e-16 1 -0
g WheelRR_f2
usemtl rubber
f 2794//2794 2667//2667 2668//2668
f 2794//2794 2668//2668 2669//2669
f 2794//2794 2669//2669 2670//2670
f 2794//2794 2670//2670 2671//2671
f 2794//2794 2671//2671 2672//2672
f 2794//2794 2672//2672 2673//2673
f 2794//2794 2673//2673 2674//2674
f 2794//2794 2674//2674 2675//2675
f 2794//2794 2675//2675 2676//2676
f 2794//2794 2676//2676 2677//2677
f 2794//2794 2677//2677 2678//2678
f 2794//2794 2678//2678 2679//2679
f 2794//2794 2679//2679 2680//2680
f 2794//2794 2680//2680 2681//2681
f 2794//2794 2681//2681 2682//2682
f 2794//2794 2682//2682 2683//2683
f 2794//2794 2683//2683 2684//2684
f 2794//2794 2684//2684 2685//2685
f 2794//2794 2685//2685 2686//2686
f 2794//2794 2686//2686 2687//2687
f 2794//2794 2687//2687 2688//2688
f 2794//2794 2688//2688 2689//2689
f 2794//2794 2689//2689 2690//2690
f 2794//2794 2690//2690 2691//2691
f 2794//2794 2691//2691 2692//2692
f 2794//2794 2692//2692 2693//2693
f 2794//2794 2693//2693 2694//2694
f 2794//2794 2694//2694 2695//2695
f 2794//2794 2695//2695 2696//2696
f 2794//2794 2696//2696 2697//2697
f 2794//2794 2697//2697 2698//2698
f 2794//2794 2698//2698 2699//2699
f 2794//2794 2699//2699 2700//2700
f 2794//2794 2700//2700 2701//2701
f 2794//2794 2701//2701 2702//2702
f 2794//2794 2702//2702 2703//2703
f 2794//2794 2703//2703 2704//2704
f 2794//2794 2704//2704 2705//2705
f 2794//2794 2705//2705 2706//2706
f 2794//2794 2706//2706 2707//2707
f 2794//2794 2707//2707 2708//2708
f 2794//2794 2708//2708 2709//2709
f 2794//2794 2709//2709 2710//2710
f 2794//2794 2710//2710 2711//2711
f 2794//2794 2711//2711 2712//2712
f 2794//2794 2712//2712 2713//2713
f 2794//2794 2713//2713 2714//2714
f 2794//2794 2714//2714 2715//2715
f 2794//2794 2715//2715 2716//2716
f 2794//2794 2716//2716 2717//2717
f 2794//2794 2717//2717 2718//2718
f 2794//2794 2718//2718 2719//2719
f 2794//2794 2719//2719 2720//2720
f 2794//2794 2720//2720 2721//2721
f 2794//2794 2721//2721 2722//2722
f 2794//2794 2722//2722 2723//2723
f 2794//2794 2723//2723 2724//2724
f 2794//2794 2724//2724 2725//2725
f 2794//2794 2725//2725 2726//2726
f 2794//2794 2726//2726 2727//2727
f 2794//2794 2727//2727 2728//2728
f 2794//2794 2728//2728 2729//2729
f 2794//2794 2729//2729 2730//2730
f 2794//2794 2730//2730 2731//2731
f 2794//2794 2731//2731 2732//2732
f 2794//2794 2732//2732 2733//2733
f 2794//2794 2733//2733 2734//2734
f 2794//2794 2734//2734 2735//2735
f 2794//2794 2735//2735 2736//2736
f 2794//2794 2736//2736 2737//2737
f 2794//2794 2737//2737 2738//2738
f 2794//2794 2738//2738 2739//2739
f 2794//2794 2739//2739 2740//2740
f 2794//2794 2740//2740 2741//2741
f 2794//2794 2741//2741 2742//2742
f 2794//2794 2742//2742 2743//2743
f 2794//2794 2743//2743 2744//2744
f 2794//2794 2744//2744 2745//2745
f 2794//2794 2745//2745 2746//2746
f 2794//2794 2746//2746 2747//2747
f 2794//2794 2747//2747 2748//2748
f 2794//2794 2748//2748 2749//2749
f 2794//2794 2749//2749 2750//2750
f 2794//2794 2750//2750 2751//2751
f 2794//2794 2751//2751 2752//2752
f 2794//2794 2752//2752 2753//2753
f 2794//2794 2753//2753 2754//2754
f 2794//2794 2754//2754 2755//2755
f 2794//2794 2755//2755 2756//2756
f 2794//2794 2756//2756 2757//2757
f 2794//2794 2757//2757 2758//2758
f 2794//2794 2758//2758 2759//2759
f 2794//2794 2759//2759 2760//2760
f 2794//2794 2760//2760 2761//2761
f 2794//2794 2761//2761 2762//2762
f 2794//2794 2762//2762 2763//2763
f 2794//2794 2763//2763 2764//2764
f 2794//2794 2764//2764 2765//2765
f 2794//2794 2765//2765 2766//2766
f 2794//2794 2766//2766 2767//2767
f 2794//2794 2767//2767 2768//2768
f 2794//2794 2768//2768 2769//2769
f 2794//2794 2769//2769 2770//2770
f 2794//2794 2770//2770 2771//2771
f 2794//2794 2771//2771 2772//2772
f 2794//2794 2772//2772 2773//2773
f 2794//2794 2773//2773 2774//2774
f 2794//2794 2774//2774 2775//2775
f 2794//2794 2775//2775 2776//2776
f 2794//2794 2776//2776 2777//2777
f 2794//2794 2777//2777 2778//2778
f 2794//2794 2778//2778 2779//2779
f 2794//2794 2779//2779 2780//2780
f 2794//2794 2780//2780 2781//2781
f 2794//2794 2781//2781 2782//2782
f 2794//2794 2782//2782 2783//2783
f 2794//2794 2783//2783 2784//2784
f 2794//2794 2784//2784 2785//2785
f 2794//2794 2785//2785 2786//2786
f 2794//2794 2786//2786 2787//2787
f 2794//2794 2787//2787 2788//2788
f 2794//2794 2788//2788 2789//2789
f 2794//2794 2789//2789 2790//2790
f 2794//2794 2790//2790 2791//2791
f 2794//2794 2791//2791 2792//2792
f 2792//2792 2793//2793 2794//2794
o HubFL
v 0.76 -0.09 0.44
v 0.760647 -0.09 0.454377
v 0.762671 -0.09 0.469114
v 0.766176 -0.09 0.484025
v 0.771234 -0.09 0.498895
v 0.777875 -0.09 0.513487
v 0.786081 -0.09 0.527554
v 0.795783 -0.09 0.540848
v 0.806863 -0.09 0.553137
v 0.819152 -0.09 0.564217
v 0.832446 -0.09 0.573919
v 0.846513 -0.09 0.582125
v 0.861105 -0.09 0.588766
v 0.875975 -0.09 0.593824
v 0.890886 -0.09 0.597329
v 0.905623 -0.09 0.599353
v 0.92 -0.09 0.6
v 0.934377 -0.09 0.599353
v 0.949114 -0.09 0.597329
v 0.964025 -0.09 0.593824
v 0.978895 -0.09 0.588766
v 0.993487 -0.09 0.582125
v 1.00755 -0.09 0.573919
v 1.02085 -0.09 0.564217
v 1.03314 -0.09 0.553137
v 1.04422 -0.09 0.540848
v 1.05392 -0.09 0.527554
v 1.06213 -0.09 0.513487
v 1.06877 -0.09 0.498895
v 1.07382 -0.09 0.484025
v 1.07733 -0.09 0.469114
v 1.07935 -0.09 0.454377
v 1.08 -0.09 0.44
v 1.07935 -0.09 0.425623
v 1.07733 -0.09 0.410886
v 1.07382 -0.09 0.395975
v 1.06877 -0.09 0.381105
v 1.06213 -0.09 0.366513
v 1.05392 -0.09 0.352446
v 1.04422 -0.09 0.339152
v 1.03314 -0.09 0.326863
v 1.02085 -0.09 0.315783
v 1.00755 -0.09 0.306081
v 0.993487 -0.09 0.297875
v 0.978895 -0.09 0.291234
v 0.964025 -0.09 0.286176
v 0.949114 -0.09 0.282671
v 0.934377 -0.09 0.280647
v 0.92 -0.09 0.28
v 0.905623 -0.09 0.280647
v 0.890886 -0.09 0.282671
v 0.875975 -0.09 0.286176
v 0.861105 -0.09 0.291234
v 0.846513 -0.09 0.297875
v 0.832446 -0.09 0.306081
v 0.819152 -0.09 0.315783
v 0.806863 -0.09 0.326863
v 0.795783 -0.09 0.339152
v 0.786081 -0.09 0.352446
v 0.777875 -0.09 0.366513
v 0.771234 -0.09 0.381105
v 0.766176 -0.09 0.395975
v 0.762671 -0.09 0.410886
v 0.760647 -0.09 0.425623
v 0.76 -0.09 0.44
v 0.76 -0.065 0.44
v 0.760647 -0.065 0.454377
v 0.762671 -0.065 0.469114
v 0.766176 -0.065 0.484025
v 0.771234 -0.065 0.498895
v 0.777875 -0.065 0.513487
v 0.786081 -0.065 0.527554
v 0.795783 -0.065 0.540848
v 0.806863 -0.065 0.553137
v 0.819152 -0.065 0.564217
v 0.832446 -0.065 0.573919
v 0.846513 -0.065 0.582125
v 0.861105 -0.065 0.588766
v 0.875975 -0.065 0.593824
v 0.890886 -0.065 0.597329
v 0.905623 -0.065 0.599353
v 0.92 -0.065 0.6
v 0.934377 -0.065 0.599353
v 0.949114 -0.065 0.597329
v 0.964025 -0.065 0.593824
v 0.978895 -0.065 0.588766
v 0.993487 -0.065 0.582125
v 1.00755 -0.065 0.573919
v 1.02085 -0.065 0.564217
v 1.03314 -0.065 0.553137
v 1.04422 -0.065 0.540848
v 1.05392 -0.065 0.527554
v 1.06213 -0.065 0.513487
v 1.06877 -0.065 0.498895
v 1.07382 -0.065 0.484025
v 1.07733 -0.065 0.469114
v 1.07935 -0.065 0.454377
v 1.08 -0.065 0.44
v 1.07935 -0.065 0.425623
v 1.07733 -0.065 0.410886
v 1.07382 -0.065 0.395975
v 1.06877 -0.065 0.381105
v 1.06213 -0.065 0.366513
v 1.05392 -0.065 0.352446
v 1.04422 -0.065 0.339152
v 1.03314 -0.065 0.326863
v 1.02085 -0.065 0.315783
v 1.00755 -0.065 0.306081
v 0.993487 -0.065 0.297875
v 0.978895 -0.065 0.291234
v 0.964025 -0.065 0.286176
v 0.949114 -0.065 0.282671
v 0.934377 -0.065 0.280647
v 0.92 -0.065 0.28
v 0.905623 -0.065 0.280647
v 0.890886 -0.065 0.282671
v 0.875975 -0.065 0.286176
v 0.861105 -0.065 0.291234
v 0.846513 -0.065 0.297875
v 0.832446 -0.065 0.306081
v 0.819152 -0.065 0.315783
v 0.806863 -0.065 0.326863
v 0.795783 -0.065 0.339152
v 0.786081 -0.065 0.352446
v 0.777875 -0.065 0.366513
v 0.771234 -0.065 0.381105
v 0.766176 -0.065 0.395975
v 0.762671 -0.065 0.410886
v 0.760647 -0.065 0.425623
v 0.76 -0.065 0.44
v 0.76 -0.04 0.44
v 0.760647 -0.04 0.454377
v 0.762671 -0.04 0.469114
v 0.766176 -0.04 0.484025
v 0.771234 -0.04 0.498895
v 0.777875 -0.04 0.513487
v 0.786081 -0.04 0.527554
v 0.795783 -0.04 0.540848
v 0.806863 -0.04 0.553137
v 0.819152 -0.04 0.564217
v 0.832446 -0.04 0.573919
v 0.846513 -0.04 0.582125
v 0.861105 -0.04 0.588766
v 0.875975 -0.04 0.593824
v 0.890886 -0.04 0.597329
v 0.905623 -0.04 0.599353
v 0.92 -0.04 0.6
v 0.934377 -0.04 0.599353
v 0.949114 -0.04 0.597329
v 0.964025 -0.04 0.593824
v 0.978895 -0.04 0.588766
v 0.993487 -0.04 0.582125
v 1.00755 -0.04 0.573919
v 1.02085 -0.04 0.564217
v 1.03314 -0.04 0.553137
v 1.04422 -0.04 0.540848
v 1.05392 -0.04 0.527554
v 1.06213 -0.04 0.513487
v 1.06877 -0.04 0.498895
v 1.07382 -0.04 0.484025
v 1.07733 -0.04 0.469114
v 1.07935 -0.04 0.454377
v 1.08 -0.04 0.44
v 1.07935 -0.04 0.425623
v 1.07733 -0.04 0.410886
v 1.07382 -0.04 0.395975
v 1.06877 -0.04 0.381105
v 1.06213 -0.04 0.366513
v 1.05392 -0.04 0.352446
v 1.04422 -0.04 0.339152
v 1.03314 -0.04 0.326863
v 1.02085 -0.04 0.315783
v 1.00755 -0.04 0.306081
v 0.993487 -0.04 0.297875
v 0.978895 -0.04 0.291234
v 0.964025 -0.04 0.286176
v 0.949114 -0.04 0.282671
v 0.934377 -0.04 0.280647
v 0.92 -0.04 0.28
v 0.905623 -0.04 0.280647
v 0.890886 -0.04 0.282671
v 0.875975 -0.04 0.286176
v 0.861105 -0.04 0.291234
v 0.846513 -0.04 0.297875
v 0.832446 -0.04 0.306081
v 0.819152 -0.04 0.315783
v 0.806863 -0.04 0.326863
v 0.795783 -0.04 0.339152
v 0.786081 -0.04 0.352446
v 0.777875 -0.04 0.366513
v 0.771234 -0.04 0.381105
v 0.766176 -0.04 0.395975
v 0.762671 -0.04 0.410886
v 0.760647 -0.04 0.425623
v 0.76 -0.04 0.44
vn -1 0 4.90654e-16
vn -0.995955 0 0.0898544
vn -0.983305 0 0.181963
vn -0.961399 0 0.275158
vn -0.929788 0 0.368095
vn -0.888284 0 0.459295
vn -0.836996 0 0.54721
vn -0.776353 0 0.630298
vn -0.707107 0 0.707107
vn -0.630298 0 0.776353
vn -0.54721 0 0.836996
vn -0.459295 0 0.888284
vn -0.368095 0 0.929788
vn -0.275158 0 0.961399
vn -0.181963 0 0.983305
vn -0.0898544 0 0.995955
vn -2.45327e-16 0 1
vn 0.0898544 -0 0.995955
vn 0.181963 -0 0.983305
vn 0.275158 -0 0.961399
vn 0.368095 -0 0.929788
vn 0.459295 -0 0.888284
vn 0.54721 -0 0.836996
vn 0.630298 -0 0.776353
vn 0.707107 -0 0.707107
vn 0.776353 -0 0.630298
vn 0.836996 -0 0.54721
vn 0.888284 -0 0.459295
vn 0.929788 -0 0.368095
vn 0.961399 -0 0.275158
vn 0.983305 -0 0.181963
vn 0.995955 -0 0.0898544
vn 1 0 -4.90654e-16
vn 0.995955 0 -0.0898544
vn 0.983305 0 -0.181963
vn 0.961399 0 -0.275158
vn 0.929788 0 -0.368095
vn 0.888284 0 -0.459295
vn 0.836996 0 -0.54721
vn 0.776353 0 -0.630298
vn 0.707107 0 -0.707107
vn 0.630298 0 -0.776353
vn 0.54721 0 -0.836996
vn 0.459295 0 -0.888284
vn 0.368095 0 -0.929788
vn 0.275158 0 -0.961399
vn 0.181963 0 -0.983305
vn 0.0898544 0 -0.995955
vn 2.45327e-16 0 -1
vn -0.0898544 0 -0.995955
vn -0.181963 0 -0.983305
vn -0.275158 0 -0.961399
vn -0.368095 0 -0.929788
vn -0.459295 0 -0.888284
vn -0.54721 0 -0.836996
vn -0.630298 0 -0.776353
vn -0.707107 0 -0.707107
vn -0.776353 0 -0.630298
vn -0.836996 0 -0.54721
vn -0.888284 0 -0.459295
vn -0.929788 0 -0.368095
vn -0.961399 0 -0.275158
vn -0.983305 0 -0.181963
vn -0.995955 0 -0.0898544
vn -1 0 -4.90654e-16
vn -1 0 7.35981e-16
vn -0.995955 0 0.0898544
vn -0.983305 0 0.181963
vn -0.961399 0 0.275158
vn -0.929788 0 0.368095
vn -0.888284 0 0.459295
vn -0.836996 0 0.54721
vn -0.776353 0 0.630298
vn -0.707107 0 0.707107
vn -0.630298 0 0.776353
vn -0.54721 0 0.836996
vn -0.459295 0 0.888284
vn -0.368095 0 0.929788
vn -0.275158 0 0.961399
vn -0.181963 0 0.983305
vn -0.0898544 0 0.995955
vn -2.45327e-16 0 1
vn 0.0898544 -0 0.995955
vn 0.181963 -0 0.983305
vn 0.275158 -0 0.961399
vn 0.368095 -0 0.929788
vn 0.459295 -0 0.888284
vn 0.54721 -0 0.836996
vn 0.630298 -0 0.776353
vn 0.707107 -0 0.707107
vn 0.776353 -0 0.630298
vn 0.836996 -0 0.54721
vn 0.888284 -0 0.459295
vn 0.929788 -0 0.368095
vn 0.961399 -0 0.275158
vn 0.983305 -0 0.181963
vn 0.995955 -0 0.0898544
vn 1 -0 4.90654e-16
vn 0.995955 0 -0.0898544
vn 0.983305 0 -0.181963
vn 0.961399 0 -0.275158
vn 0.929788 0 -0.368095
vn 0.888284 0 -0.459295
vn 0.836996 0 -0.54721
vn 0.776353 0 -0.630298
vn 0.707107 0 -0.707107
vn 0.630298 0 -0.776353
vn 0.54721 0 -0.836996
vn 0.459295 0 -0.888284
vn 0.368095 0 -0.929788
vn 0.275158 0 -0.961399
vn 0.181963 0 -0.983305
vn 0.0898544 0 -0.995955
vn 1.22663e-16 0 -1
vn -0.0898544 0 -0.995955
vn -0.181963 0 -0.983305
vn -0.275158 0 -0.961399
vn -0.368095 0 -0.929788
vn -0.459295 0 -0.888284
vn -0.54721 0 -0.836996
vn -0.630298 0 -0.776353
vn -0.707107 0 -0.707107
vn -0.776353 0 -0.630298
vn -0.836996 0 -0.54721
vn -0.888284 0 -0.459295
vn -0.929788 0 -0.368095
vn -0.961399 0 -0.275158
vn -0.983305 0 -0.181963
vn -0.995955 0 -0.0898544
vn -1 0 -4.90654e-16
vn -1 0 4.90654e-16
vn -0.995955 0 0.0898544
vn -0.983305 0 0.181963
vn -0.961399 0 0.275158
vn -0.929788 0 0.368095
vn -0.888284 0 0.459295
vn -0.836996 0 0.54721
vn -0.776353 0 0.630298
vn -0.707107 0 0.707107
vn -0.630298 0 0.776353
vn -0.54721 0 0.836996
vn -0.459295 0 0.888284
vn -0.368095 0 0.929788
vn -0.275158 0 0.961399
vn -0.181963 0 0.983305
vn -0.0898544 0 0.995955
vn -2.45327e-16 0 1
vn 0.0898544 -0 0.995955
vn 0.181963 -0 0.983305
vn 0.275158 -0 0.961399
vn 0.368095 -0 0.929788
vn 0.459295 -0 0.888284
vn 0.54721 -0 0.836996
vn 0.630298 -0 0.776353
vn 0.707107 -0 0.707107
vn 0.776353 -0 0.630298
vn 0.836996 -0 0.54721
vn 0.888284 -0 0.459295
vn 0.929788 -0 0.368095
vn 0.961399 -0 0.275158
vn 0.983305 -0 0.181963
vn 0.995955 -0 0.0898544
vn 1 0 -4.90654e-16
vn 0.995955 0 -0.0898544
vn 0.983305 0 -0.181963
vn 0.961399 0 -0.275158
vn 0.929788 0 -0.368095
vn 0.888284 0 -0.459295
vn 0.836996 0 -0.54721
vn 0.776353 0 -0.630298
vn 0.707107 0 -0.707107
vn 0.630298 0 -0.776353
vn 0.54721 0 -0.836996
vn 0.459295 0 -0.888284
vn 0.368095 0 -0.929788
vn 0.275158 0 -0.961399
vn 0.181963 0 -0.983305
vn 0.0898544 0 -0.995955
vn 2.45327e-16 0 -1
vn -0.0898544 0 -0.995955
vn -0.181963 0 -0.983305
vn -0.275158 0 -0.961399
vn -0.368095 0 -0.929788
vn -0.459295 0 -0.888284
vn -0.54721 0 -0.836996
vn -0.630298 0 -0.776353
vn -0.707107 0 -0.707107
vn -0.776353 0 -0.630298
vn -0.836996 0 -0.54721
vn -0.888284 0 -0.459295
vn -0.929788 0 -0.368095
vn -0.961399 0 -0.275158
vn -0.983305 0 -0.181963
vn -0.995955 0 -0.0898544
vn -1 0 -4.90654e-16
g HubFL_f0
usemtl steel
f 2795//2795 2796//2796 2861//2861
f 2795//2795 2861//2861 2860//2860
f 2796//2796 2797//2797 2862//2862
f 2796//2796 2862//2862 2861//2861
f 2797//2797 2798//2798 2863//2863
f 2797//2797 2863//2863 2862//2862
f 2798//2798 2799//2799 2864//2864
f 2798//2798 2864//2864 2863//2863
f 2799//2799 2800//2800 2865//2865
f 2799//2799 2865//2865 2864//2864
f 2800//2800 2801//2801 2866//2866
f 2800//2800 2866//2866 2865//2865
f 2801//2801 2802//2802 2867//2867
f 2801//2801 2867//2867 2866//2866
f 2802//2802 2803//2803 2868//2868
f 2802//2802 2868//2868 2867//2867
f 2803//2803 2804//2804 2869//2869
f 2803//2803 2869//2869 2868//2868
f 2804//2804 2805//2805 2870//2870
f 2804//2804 2870//2870 2869//2869
f 2805//2805 2806//2806 2871//2871
f 2805//2805 2871//2871 2870//2870
f 2806//2806 2807//2807 2872//2872
f 2806//2806 2872//2872 2871//2871
f 2807//2807 2808//2808 2873//2873
f 2807//2807 2873//2873 2872//2872
f 2808//2808 2809//2809 2874//2874
f 2808//2808 2874//2874 2873//2873
f 2809//2809 2810//2810 2875//2875
f 2809//2809 2875//2875 2874//2874
f 2810//2810 2811//2811 2876//2876
f 2810//2810 2876//2876 2875//2875
f 2811//2811 2812//2812 2877//2877
f 2811//2811 2877//2877 2876//2876
f 2812//2812 2813//2813 2878//2878
f 2812//2812 2878//2878 2877//2877
f 2813//2813 2814//2814 2879//2879
f 2813//2813 2879//2879 2878//2878
f 2814//2814 2815//2815 2880//2880
f 2814//2814 2880//2880 2879//2879
f 2815//2815 2816//2816 2881//2881
f 2815//2815 2881//2881 2880//2880
f 2816//2816 2817//2817 2882//2882
f 2816//2816 2882//2882 2881//2881
f 2817//2817 2818//2818 2883//2883
f 2817//2817 2883//2883 2882//2882
f 2818//2818 2819//2819 2884//2884
f 2818//2818 2884//2884 2883//2883
f 2819//2819 2820//2820 2885//2885
f 2819//2819 2885//2885 2884//2884
f 2820//2820 2821//2821 2886//2886
f 2820//2820 2886//2886 2885//2885
f 2821//2821 2822//2822 2887//2887
f 2821//2821 2887//2887 2886//2886
f 2822//2822 2823//2823 2888//2888
f 2822//2822 2888//2888 2887//2887
f 2823//2823 2824//2824 2889//2889
f 2823//2823 2889//2889 2888//2888
f 2824//2824 2825//2825 2890//2890
f 2824//2824 2890//2890 2889//2889
f 2825//2825 2826//2826 2891//2891
f 2825//2825 2891//2891 2890//2890
f 2826//2826 2827//2827 2892//2892
f 2826//2826 2892//2892 2891//2891
f 2827//2827 2828//2828 2893//2893
f 2827//2827 2893//2893 2892//2892
f 2828//2828 2829//2829 2894//2894
f 2828//2828 2894//2894 2893//2893
f 2829//2829 2830//2830 2895//2895
f 2829//2829 2895//2895 2894//2894
f 2830//2830 2831//2831 2896//2896
f 2830//2830 2896//2896 2895//2895
f 2831//2831 2832//2832 2897//2897
f 2831//2831 2897//2897 2896//2896
f 2832//2832 2833//2833 2898//2898
f 2832//2832 2898//2898 2897//2897
f 2833//2833 2834//2834 2899//2899
f 2833//2833 2899//2899 2898//2898
f 2834//2834 2835//2835 2900//2900
f 2834//2834 2900//2900 2899//2899
f 2835//2835 2836//2836 2901//2901
f 2835//2835 2901//2901 2900//2900
f 2836//2836 2837//2837 2902//2902
f 2836//2836 2902//2902 2901//2901
f 2837//2837 2838//2838 2903//2903
f 2837//2837 2903//2903 2902//2902
f 2838//2838 2839//2839 2904//2904
f 2838//2838 2904//2904 2903//2903
f 2839//2839 2840//2840 2905//2905
f 2839//2839 2905//2905 2904//2904
f 2840//2840 2841//2841 2906//2906
f 2840//2840 2906//2906 2905//2905
f 2841//2841 2842//2842 2907//2907
f 2841//2841 2907//2907 2906//2906
f 2842//2842 2843//2843 2908//2908
f 2842//2842 2908//2908 2907//2907
f 2843//2843 2844//2844 2909//2909
f 2843//2843 2909//2909 2908//2908
f 2844//2844 2845//2845 2910//2910
f 2844//2844 2910//2910 2909//2909
f 2845//2845 2846//2846 2911//2911
f 2845//2845 2911//2911 2910//2910
f 2846//2846 2847//2847 2912//2912
f 2846//2846 2912//2912 2911//2911
f 2847//2847 2848//2848 2913//2913
f 2847//2847 2913//2913 2912//2912
f 2848//2848 2849//2849 2914//2914
f 2848//2848 2914//2914 2913//2913
f 2849//2849 2850//2850 2915//2915
f 2849//2849 2915//2915 2914//2914
f 2850//2850 2851//2851 2916//2916
f 2850//2850 2916//2916 2915//2915
f 2851//2851 2852//2852 2917//2917
f 2851//2851 2917//2917 2916//2916
f 2852//2852 2853//2853 2918//2918
f 2852//2852 2918//2918 2917//2917
f 2853//2853 2854//2854 2919//2919
f 2853//2853 2919//2919 2918//2918
f 2854//2854 2855//2855 2920//2920
f 2854//2854 2920//2920 2919//2919
f 2855//2855 2856//2856 2921//2921
f 2855//2855 2921//2921 2920//2920
f 2856//2856 2857//2857 2922//2922
f 2856//2856 2922//2922 2921//2921
f 2857//2857 2858//2858 2923//2923
f 2857//2857 2923//2923 2922//2922
f 2858//2858 2859//2859 2924//2924
f 2858//2858 2924//2924 2923//2923
f 2860//2860 2861//2861 2926//2926
f 2860//2860 2926//2926 2925//2925
f 2861//2861 2862//2862 2927//2927
f 2861//2861 2927//2927 2926//2926
f 2862//2862 2863//2863 2928//2928
f 2862//2862 2928//2928 2927//2927
f 2863//2863 2864//2864 2929//2929
f 2863//2863 2929//2929 2928//2928
f 2864//2864 2865//2865 2930//2930
f 2864//2864 2930//2930 2929//2929
f 2865//2865 2866//2866 2931//2931
f 2865//2865 2931//2931 2930//2930
f 2866//2866 2867//2867 2932//2932
f 2866//2866 2932//2932 2931//2931
f 2867//2867 2868//2868 2933//2933
f 2867//2867 2933//2933 2932//2932
f 2868//2868 2869//2869 2934//2934
f 2868//2868 2934//2934 2933//2933
f 2869//2869 2870//2870 2935//2935
f 2869//2869 2935//2935 2934//2934
f 2870//2870 2871//2871 2936//2936
f 2870//2870 2936//2936 2935//2935
f 2871//2871 2872//2872 2937//2937
f 2871//2871 2937//2937 2936//2936
f 2872//2872 2873//2873 2938//2938
f 2872//2872 2938//2938 2937//2937
f 2873//2873 2874//2874 2939//2939
f 2873//2873 2939//2939 2938//2938
f 2874//2874 2875//2875 2940//2940
f 2874//2874 2940//2940 2939//2939
f 2875//2875 2876//2876 2941//2941
f 2875//2875 2941//2941 2940//2940
f 2876//2876 2877//2877 2942//2942
f 2876//2876 2942//2942 2941//2941
f 2877//2877 2878//2878 2943//2943
f 2877//2877 2943//2943 2942//2942
f 2878//2878 2879//2879 2944//2944
f 2878//2878 2944//2944 2943//2943
f 2879//2879 2880//2880 2945//2945
f 2879//2879 2945//2945 2944//2944
f 2880//2880 2881//2881 2946//2946
f 2880//2880 2946//2946 2945//2945
f 2881//2881 2882//2882 2947//2947
f 2881//2881 2947//2947 2946//2946
f 2882//2882 2883//2883 2948//2948
f 2882//2882 2948//2948 2947//2947
f 2883//2883 2884//2884 2949//2949
f 2883//2883 2949//2949 2948//2948
f 2884//2884 2885//2885 2950//2950
f 2884//2884 2950//2950 2949//2949
f 2885//2885 2886//2886 2951//2951
f 2885//2885 2951//2951 2950//2950
f 2886//2886 2887//2887 2952//2952
f 2886//2886 2952//2952 2951//2951
f 2887//2887 2888//2888 2953//2953
f 2887//2887 2953//2953 2952//2952
f 2888//2888 2889//2889 2954//2954
f 2888//2888 2954//2954 2953//2953
f 2889//2889 2890//2890 2955//2955
f 2889//2889 2955//2955 2954//2954
f 2890//2890 2891//2891 2956//2956
f 2890//2890 2956//2956 2955//2955
f 2891//2891 2892//2892 2957//2957
f 2891//2891 2957//2957 2956//2956
f 2892//2892 2893//2893 2958//2958
f 2892//2892 2958//2958 2957//2957
f 2893//2893 2894//2894 2959//2959
f 2893//2893 2959//2959 2958//2958
f 2894//2894 2895//2895 2960//2960
f 2894//2894 2960//2960 2959//2959
f 2895//2895 2896//2896 2961//2961
f 2895//2895 2961//2961 2960//2960
f 2896//2896 2897//2897 2962//2962
f 2896//2896 2962//2962 2961//2961
f 2897//2897 2898//2898 2963//2963
f 2897//2897 2963//2963 2962//2962
f 2898//2898 2899//2899 2964//2964
f 2898//2898 2964//2964 2963//2963
f 2899//2899 2900//2900 2965//2965
f 2899//2899 2965//2965 2964//2964
f 2900//2900 2901//2901 2966//2966
f 2900//2900 2966//2966 2965//2965
f 2901//2901 2902//2902 2967//2967
f 2901//2901 2967//2967 2966//2966
f 2902//2902 2903//2903 2968//2968
f 2902//2902 2968//2968 2967//2967
f 2903//2903 2904//2904 2969//2969
f 2903//2903 2969//2969 2968//2968
f 2904//2904 2905//2905 2970//2970
f 2904//2904 2970//2970 2969//2969
f 2905//2905 2906//2906 2971//2971
f 2905//2905 2971//2971 2970//2970
f 2906//2906 2907//2907 2972//2972
f 2906//2906 2972//2972 2971//2971
f 2907//2907 2908//2908 2973//2973
f 2907//2907 2973//2973 2972//2972
f 2908//2908 2909//2909 2974//2974
f 2908//2908 2974//2974 2973//2973
f 2909//2909 2910//2910 2975//2975
f 2909//2909 2975//2975 2974//2974
f 2910//2910 2911//2911 2976//2976
f 2910//2910 2976//2976 2975//2975
f 2911//2911 2912//2912 2977//2977
f 2911//2911 2977//2977 2976//2976
f 2912//2912 2913//2913 2978//2978
f 2912//2912 2978//2978 2977//2977
f 2913//2913 2914//2914 2979//2979
f 2913//2913 2979//2979 2978//2978
f 2914//2914 2915//2915 2980//2980
f 2914//2914 2980//2980 2979//2979
f 2915//2915 2916//2916 2981//2981
f 2915//2915 2981//2981 2980//2980
f 2916//2916 2917//2917 2982//2982
f 2916//2916 2982//2982 2981//2981
f 2917//2917 2918//2918 2983//2983
f 2917//2917 2983//2983 2982//2982
f 2918//2918 2919//2919 2984//2984
f 2918//2918 2984//2984 2983//2983
f 2919//2919 2920//2920 2985//2985
f 2919//2919 2985//2985 2984//2984
f 2920//2920 2921//2921 2986//2986
f 2920//2920 2986//2986 2985//2985
f 2921//2921 2922//2922 2987//2987
f 2921//2921 2987//2987 2986//2986
f 2922//2922 2923//2923 2988//2988
f 2922//2922 2988//2988 2987//2987
f 2923//2923 2924//2924 2989//2989
f 2923//2923 2989//2989 2988//2988
v 0.76 -0.09 0.44
v 0.760647 -0.09 0.425623
v 0.762671 -0.09 0.410886
v 0.766176 -0.09 0.395975
v 0.771234 -0.09 0.381105
v 0.774356 -0.09 0.373759
v 0.777875 -0.09 0.366513
v 0.781785 -0.09 0.359398
v 0.786081 -0.09 0.352446
v 0.790751 -0.09 0.345688
v 0.795783 -0.09 0.339152
v 0.801161 -0.09 0.332868
v 0.806863 -0.09 0.326863
v 0.812868 -0.09 0.321161
v 0.819152 -0.09 0.315783
v 0.825688 -0.09 0.310751
v 0.832446 -0.09 0.306081
v 0.839398 -0.09 0.301785
v 0.846513 -0.09 0.297875
v 0.853759 -0.09 0.294356
v 0.861105 -0.09 0.291234
v 0.875975 -0.09 0.286176
v 0.890886 -0.09 0.282671
v 0.905623 -0.09 0.280647
v 0.92 -0.09 0.28
v 0.934377 -0.09 0.280647
v 0.949114 -0.09 0.282671
v 0.964025 -0.09 0.286176
v 0.978895 -0.09 0.291234
v 0.986241 -0.09 0.294356
v 0.993487 -0.09 0.297875
v 1.0006 -0.09 0.301785
v 1.00755 -0.09 0.306081
v 1.01431 -0.09 0.310751
v 1.02085 -0.09 0.315783
v 1.02713 -0.09 0.321161
v 1.03314 -0.09 0.326863
v 1.03884 -0.09 0.332868
v 1.04422 -0.09 0.339152
v 1.04925 -0.09 0.345688
v 1.05392 -0.09 0.352446
v 1.05821 -0.09 0.359398
v 1.06213 -0.09 0.366513
v 1.06564 -0.09 0.373759
v 1.06877 -0.09 0.381105
v 1.07382 -0.09 0.395975
v 1.07733 -0.09 0.410886
v 1.07935 -0.09 0.425623
v 1.08 -0.09 0.44
v 1.07935 -0.09 0.454377
v 1.07733 -0.09 0.469114
v 1.07382 -0.09 0.484025
v 1.06877 -0.09 0.498895
v 1.06564 -0.09 0.506241
v 1.06213 -0.09 0.513487
v 1.05821 -0.09 0.520602
v 1.05392 -0.09 0.527554
v 1.04925 -0.09 0.534312
v 1.04422 -0.09 0.540848
v 1.03884 -0.09 0.547132
v 1.03314 -0.09 0.553137
v 1.02713 -0.09 0.558839
v 1.02085 -0.09 0.564217
v 1.01431 -0.09 0.569249
v 1.00755 -0.09 0.573919
v 1.0006 -0.09 0.578215
v 0.993487 -0.09 0.582125
v 0.986241 -0.09 0.585644
v 0.978895 -0.09 0.588766
v 0.964025 -0.09 0.593824
v 0.949114 -0.09 0.597329
v 0.934377 -0.09 0.599353
v 0.92 -0.09 0.6
v 0.905623 -0.09 0.599353
v 0.890886 -0.09 0.597329
v 0.875975 -0.09 0.593824
v 0.861105 -0.09 0.588766
v 0.853759 -0.09 0.585644
v 0.846513 -0.09 0.582125
v 0.839398 -0.09 0.578215
v 0.832446 -0.09 0.573919
v 0.825688 -0.09 0.569249
v 0.819152 -0.09 0.564217
v 0.812868 -0.09 0.558839
v 0.806863 -0.09 0.553137
v 0.801161 -0.09 0.547132
v 0.795783 -0.09 0.540848
v 0.790751 -0.09 0.534312
v 0.786081 -0.09 0.527554
v 0.781785 -0.09 0.520602
v 0.777875 -0.09 0.513487
v 0.774356 -0.09 0.506241
v 0.771234 -0.09 0.498895
v 0.766176 -0.09 0.484025
v 0.762671 -0.09 0.469114
v 0.760647 -0.09 0.454377
vn 0 -1 0
vn 6.10623e-18 -1 0
vn 6.10623e-18 -1 0
vn 1.38778e-17 -1 0
vn 9.99201e-18 -1 0
vn 0 -1 0
vn 0 -1 0
vn -3.38618e-17 -1 0
vn 9.99201e-18 -1 0
vn 6.93889e-18 -1 0
vn 1.38778e-17 -1 0
vn -3.08087e-17 -1 0
vn 9.99201e-18 -1 0
vn 1.08247e-17 -1 0
vn 8.04912e-18 -1 0
vn 6.10623e-18 -1 0
vn 3.88578e-18 -1 0
vn 0 -1 0
vn 3.05311e-18 -1 0
vn -3.13638e-17 -1 0
vn -1.11022e-18 -1 0
vn 1.67921e-17 -1 0
vn 4.02456e-18 -1 0
vn 7.35523e-18 -1 0
vn -2.91434e-18 -1 0
vn 7.35523e-18 -1 0
vn 1.61676e-17 -1 0
vn 1.67921e-17 -1 0
vn 1.52656e-17 -1 0
vn -3.13638e-17 -1 0
vn 1.69309e-17 -1 0
vn 0 -1 0
vn 1.92901e-17 -1 0
vn -5.82867e-18 -1 0
vn 8.04912e-18 -1 0
vn -3.05311e-18 -1 0
vn -3.88578e-18 -1 0
vn 1.08247e-17 -1 0
vn -3.05311e-18 -1 0
vn 6.93889e-18 -1 0
vn 9.99201e-18 -1 0
vn -3.38618e-17 -1 0
vn 0 -1 0
vn 6.10623e-18 -1 0
vn -9.99201e-18 -1 0
vn 0 -1 0
vn 0 -1 0
vn 6.10623e-18 -1 0
vn 0 -1 0
vn 2.77556e-17 -1 0
vn -7.77156e-18 -1 0
vn 0 -1 0
vn 0 -1 0
vn -4.77396e-17 -1 0
vn 0 -1 0
vn 0 -1 0
vn 0 -1 0
vn 0 -1 0
vn 0 -1 0
vn 2.77556e-17 -1 0
vn 0 -1 0
vn 2.77556e-17 -1 0
vn 2.77556e-17 -1 0
vn 1.22125e-17 -1 0
vn 0 -1 0
vn 0 -1 0
vn 0 -1 0
vn 0 -1 0
vn 2.77556e-17 -1 0
vn 0 -1 0
vn 0 -1 0
vn 0 -1 0
vn 0 -1 0
vn 2.77556e-17 -1 0
vn 0 -1 0
vn 0 -1 0
vn 2.77556e-17 -1 0
vn -2.77556e-17 -1 0
vn 0 -1 0
vn 0 -1 0
vn 0 -1 0
vn 1.22125e-17 -1 0
vn 2.77556e-17 -1 0
vn -2.77556e-17 -1 0
vn 0 -1 0
vn -2.77556e-17 -1 0
vn 0 -1 0
vn 0 -1 0
vn 0 -1 0
vn 0 -1 0
vn 0 -1 0
vn -4.77396e-17 -1 0
vn -7.77156e-18 -1 0
vn 1.9984e-17 -1 0
vn -7.77156e-18 -1 0
vn 0 -1 0
g HubFL_f1
usemtl steel
f 3085//3085 2990//2990 2991//2991
f 3085//3085 2991//2991 2992//2992
f 3085//3085 2992//2992 2993//2993
f 3085//3085 2993//2993 2994//2994
f 3085//3085 2994//2994 2995//2995
f 3085//3085 2995//2995 2996//2996
f 3085//3085 2996//2996 2997//2997
f 3085//3085 2997//2997 2998//2998
f 3085//3085 2998//2998 2999//2999
f 3085//3085 2999//2999 3000//3000
f 3085//3085 3000//3000 3001//3001
f 3085//3085 3001//3001 3002//3002
f 3085//3085 3002//3002 3003//3003
f 3085//3085 3003//3003 3004//3004
f 3085//3085 3004//3004 3005//3005
f 3085//3085 3005//3005 3006//3006
f 3085//3085 3006//3006 3007//3007
f 3085//3085 3007//3007 3008//3008
f 3085//3085 3008//3008 3009//3009
f 3085//3085 3009//3009 3010//3010
f 3085//3085 3010//3010 3011//3011
f 3085//3085 3011//3011 3012//3012
f 3085//3085 3012//3012 3013//3013
f 3085//3085 3013//3013 3014//3014
f 3085//3085 3014//3014 3015//3015
f 3085//3085 3015//3015 3016//3016
f 3085//3085 3016//3016 3017//3017
f 3085//3085 3017//3017 3018//3018
f 3085//3085 3018//3018 3019//3019
f 3085//3085 3019//3019 3020//3020
f 3085//3085 3020//3020 3021//3021
f 3085//3085 3021//3021 3022//3022
f 3085//3085 3022//3022 3023//3023
f 3085//3085 3023//3023 3024//3024
f 3085//3085 3024//3024 3025//3025
f 3085//3085 3025//3025 3026//3026
f 3085//3085 3026//3026 3027//3027
f 3085//3085 3027//3027 3028//3028
f 3085//3085 3028//3028 3029//3029
f 3085//3085 3029//3029 3030//3030
f 3085//3085 3030//3030 3031//3031
f 3085//3085 3031//3031 3032//3032
f 3085//3085 3032//3032 3033//3033
f 3085//3085 3033//3033 3034//3034
f 3085//3085 3034//3034 3035//3035
f 3085//3085 3035//3035 3036//3036
f 3085//3085 3036//3036 3037//3037
f 3085//3085 3037//3037 3038//3038
f 3085//3085 3038//3038 3039//3039
f 3085//3085 3039//3039 3040//3040
f 3085//3085 3040//3040 3041//3041
f 3085//3085 3041//3041 3042//3042
f 3085//3085 3042//3042 3043//3043
f 3085//3085 3043//3043 3044//3044
f 3085//3085 3044//3044 3045//3045
f 3085//3085 3045//3045 3046//3046
f 3085//3085 3046//3046 3047//3047
f 3085//3085 3047//3047 3048//3048
f 3085//3085 3048//3048 3049//3049
f 3085//3085 3049//3049 3050//3050
f 3085//3085 3050//3050 3051//3051
f 3085//3085 3051//3051 3052//3052
f 3085//3085 3052//3052 3053//3053
f 3085//3085 3053//3053 3054//3054
f 3085//3085 3054//3054 3055//3055
f 3085//3085 3055//3055 3056//3056
f 3085//3085 3056//3056 3057//3057
f 3085//3085 3057//3057 3058//3058
f 3085//3085 3058//3058 3059//3059
f 3085//3085 3059//3059 3060//3060
f 3085//3085 3060//3060 3061//3061
f 3085//3085 3061//3061 3062//3062
f 3085//3085 3062//3062 3063//3063
f 3085//3085 3063//3063 3064//3064
f 3085//3085 3064//3064 3065//3065
f 3085//3085 3065//3065 3066//3066
f 3085//3085 3066//3066 3067//3067
f 3085//3085 3067//3067 3068//3068
f 3085//3085 3068//3068 3069//3069
f 3085//3085 3069//3069 3070//3070
f 3085//3085 3070//3070 3071//3071
f 3085//3085 3071//3071 3072//3072
f 3085//3085 3072//3072 3073//3073
f 3085//3085 3073//3073 3074//3074
f 3085//3085 3074//3074 3075//3075
f 3085//3085 3075//3075 3076//3076
f 3085//3085 3076//3076 3077//3077
f 3085//3085 3077//3077 3078//3078
f 3085//3085 3078//3078 3079//3079
f 3085//3085 3079//3079 3080//3080
f 3085//3085 3080//3080 3081//3081
f 3085//3085 3081//3081 3082//3082
f 3085//3085 3082//3082 3083//3083
f 3083//3083 3084//3084 3085//3085
v 0.76 -0.04 0.44
v 0.760647 -0.04 0.454377
v 0.762671 -0.04 0.469114
v 0.766176 -0.04 0.484025
v 0.771234 -0.04 0.498895
v 0.774356 -0.04 0.506241
v 0.777875 -0.04 0.513487
v 0.781785 -0.04 0.520602
v 0.786081 -0.04 0.527554
v 0.790751 -0.04 0.534312
v 0.795783 -0.04 0.540848
v 0.801161 -0.04 0.547132
v 0.806863 -0.04 0.553137
v 0.812868 -0.04 0.558839
v 0.819152 -0.04 0.564217
v 0.825688 -0.04 0.569249
v 0.832446 -0.04 0.573919
v 0.839398 -0.04 0.578215
v 0.846513 -0.04 0.582125
v 0.853759 -0.04 0.585644
v 0.861105 -0.04 0.588766
v 0.875975 -0.04 0.593824
v 0.890886 -0.04 0.597329
v 0.905623 -0.04 0.599353
v 0.92 -0.04 0.6
v 0.934377 -0.04 0.599353
v 0.949114 -0.04 0.597329
v 0.964025 -0.04 0.593824
v 0.978895 -0.04 0.588766
v 0.986241 -0.04 0.585644
v 0.993487 -0.04 0.582125
v 1.0006 -0.04 0.578215
v 1.00755 -0.04 0.573919
v 1.01431 -0.04 0.569249
v 1.02085 -0.04 0.564217
v 1.02713 -0.04 0.558839
v 1.03314 -0.04 0.553137
v 1.03884 -0.04 0.547132
v 1.04422 -0.04 0.540848
v 1.04925 -0.04 0.534312
v 1.05392 -0.04 0.527554
v 1.05821 -0.04 0.520602
v 1.06213 -0.04 0.513487
v 1.06564 -0.04 0.506241
v 1.06877 -0.04 0.498895
v 1.07382 -0.04 0.484025
v 1.07733 -0.04 0.469114
v 1.07935 -0.04 0.454377
v 1.08 -0.04 0.44
v 1.07935 -0.04 0.425623
v 1.07733 -0.04 0.410886
v 1.07382 -0.04 0.395975
v 1.06877 -0.04 0.381105
v 1.06564 -0.04 0.373759
v 1.06213 -0.04 0.366513
v 1.05821 -0.04 0.359398
v 1.05392 -0.04 0.352446
v 1.04925 -0.04 0.345688
v 1.04422 -0.04 0.339152
v 1.03884 -0.04 0.332868
v 1.03314 -0.04 0.326863
v 1.02713 -0.04 0.321161
v 1.02085 -0.04 0.315783
v 1.01431 -0.04 0.310751
v 1.00755 -0.04 0.306081
v 1.0006 -0.04 0.301785
v 0.993487 -0.04 0.297875
v 0.986241 -0.04 0.294356
v 0.978895 -0.04 0.291234
v 0.964025 -0.04 0.286176
v 0.949114 -0.04 0.282671
v 0.934377 -0.04 0.280647
v 0.92 -0.04 0.28
v 0.905623 -0.04 0.280647
v 0.890886 -0.04 0.282671
v 0.875975 -0.04 0.286176
v 0.861105 -0.04 0.291234
v 0.853759 -0.04 0.294356
v 0.846513 -0.04 0.297875
v 0.839398 -0.04 0.301785
v 0.832446 -0.04 0.306081
v 0.825688 -0.04 0.310751
v 0.819152 -0.04 0.315783
v 0.812868 -0.04 0.321161
v 0.806863 -0.04 0.326863
v 0.801161 -0.04 0.332868
v 0.795783 -0.04 0.339152
v 0.790751 -0.04 0.345688
v 0.786081 -0.04 0.352446
v 0.781785 -0.04 0.359398
v 0.777875 -0.04 0.366513
v 0.774356 -0.04 0.373759
v 0.771234 -0.04 0.381105
v 0.766176 -0.04 0.395975
v 0.762671 -0.04 0.410886
v 0.760647 -0.04 0.425623
vn 8.88178e-18 1 -0
vn 6.93889e-18 1 -0
vn 1.38778e-17 1 -0
vn 0 1 -0
vn 0 1 -0
vn -4.996e-18 1 0
vn 1.38778e-17 1 -0
vn -1.77636e-17 1 0
vn 1.77636e-17 1 -0
vn 0 1 -0
vn 0 1 -0
vn 0 1 -0
vn 0 1 -0
vn 0 1 -0
vn 0 1 -0
vn -1.77636e-17 1 0
vn 0 1 -0
vn 1.38778e-17 1 -0
vn 0 1 -0
vn 0 1 -0
vn 0 1 -0
vn 0 1 -0
vn 0 1 -0
vn 0 1 -0
vn 0 1 -0
vn 0 1 -0
vn 0 1 -0
vn 0 1 -0
vn 0 1 -0
vn 0 1 -0
vn 0 1 -0
vn 0 1 -0
vn 0 1 -0
vn 0 1 -0
vn 1.77636e-17 1 -0
vn 0 1 -0
vn 0 1 -0
vn 0 1 -0
vn 0 1 -0
vn 0 1 -0
vn 0 1 -0
vn 0 1 -0
vn 0 1 -0
vn 1.38778e-17 1 -0
vn 8.88178e-18 1 -0
vn 0 1 -0
vn 1.38778e-17 1 -0
vn 6.93889e-18 1 -0
vn 0 1 -0
vn 8.88178e-18 1 -0
vn 6.93889e-18 1 -0
vn 6.93889e-18 1 -0
vn 1.94289e-18 1 -0
vn 8.88178e-18 1 -0
vn 6.93889e-18 1 -0
vn -5.41234e-18 1 0
vn -3.46945e-18 1 0
vn 6.93889e-18 1 -0
vn -4.44089e-18 1 0
vn -9.71445e-19 1 0
vn 9.71445e-19 1 -0
vn -9.71445e-19 1 0
vn 1.01308e-17 1 -0
vn 4.92661e-18 1 -0
vn -9.64506e-18 1 0
vn -5.20417e-18 1 0
vn 1.13798e-17 1 -0
vn -9.50628e-18 1 0
vn -3.46945e-19 1 0
vn -2.22045e-18 1 0
vn 1.59595e-18 1 -0
vn -3.46945e-19 1 0
vn 2.46331e-18 1 -0
vn -6.17562e-18 1 0
vn 1.59595e-18 1 -0
vn -8.53484e-18 1 0
vn -1.01308e-17 1 0
vn 1.23512e-17 1 -0
vn 7.91034e-18 1 -0
vn -5.20417e-18 1 0
vn -2.22045e-18 1 0
vn 1.23512e-17 1 -0
vn 6.66134e-18 1 -0
vn 2.498e-18 1 -0
vn 7.91034e-18 1 -0
vn -1.13798e-17 1 0
vn 0 1 -0
vn 6.93889e-18 1 -0
vn 4.44089e-18 1 -0
vn -7.91034e-18 1 0
vn 6.93889e-18 1 -0
vn 4.44089e-18 1 -0
vn -4.44089e-18 1 0
vn 8.88178e-18 1 -0
vn 6.93889e-18 1 -0
vn 6.93889e-18 1 -0
g HubFL_f2
usemtl steel
f 3181//3181 3086//3086 3087//3087
f 3181//3181 3087//3087 3088//3088
f 3181//3181 3088//3088 3089//3089
f 3181//3181 3089//3089 3090//3090
f 3181//3181 3090//3090 3091//3091
f 3181//3181 3091//3091 3092//3092
f 3181//3181 3092//3092 3093//3093
f 3181//3181 3093//3093 3094//3094
f 3181//3181 3094//3094 3095//3095
f 3181//3181 3095//3095 3096//3096
f 3181//3181 3096//3096 3097//3097
f 3181//3181 3097//3097 3098//3098
f 3181//3181 3098//3098 3099//3099
f 3181//3181 3099//3099 3100//3100
f 3181//3181 3100//3100 3101//3101
f 3181//3181 3101//3101 3102//3102
f 3181//3181 3102//3102 3103//3103
f 3181//3181 3103//3103 3104//3104
f 3181//3181 3104//3104 3105//3105
f 3181//3181 3105//3105 3106//3106
f 3181//3181 3106//3106 3107//3107
f 3181//3181 3107//3107 3108//3108
f 3181//3181 3108//3108 3109//3109
f 3181//3181 3109//3109 3110//3110
f 3181//3181 3110//3110 3111//3111
f 3181//3181 3111//3111 3112//3112
f 3181//3181 3112//3112 3113//3113
f 3181//3181 3113//3113 3114//3114
f 3181//3181 3114//3114 3115//3115
f 3181//3181 3115//3115 3116//3116
f 3181//3181 3116//3116 3117//3117
f 3181//3181 3117//3117 3118//3118
f 3181//3181 3118//3118 3119//3119
f 3181//3181 3119//3119 3120//3120
f 3181//3181 3120//3120 3121//3121
f 3181//3181 3121//3121 3122//3122
f 3181//3181 3122//3122 3123//3123
f 3181//3181 3123//3123 3124//3124
f 3181//3181 3124//3124 3125//3125
f 3181//3181 3125//3125 3126//3126
f 3181//3181 3126//3126 3127//3127
f 3181//3181 3127//3127 3128//3128
f 3181//3181 3128//3128 3129//3129
f 3181//3181 3129//3129 3130//3130
f 3181//3181 3130//3130 3131//3131
f 3181//3181 3131//3131 3132//3132
f 3181//3181 3132//3132 3133//3133
f 3181//3181 3133//3133 3134//3134
f 3181//3181 3134//3134 3135//3135
f 3181//3181 3135//3135 3136//3136
f 3181//3181 3136//3136 3137//3137
f 3181//3181 3137//3137 3138//3138
f 3181//3181 3138//3138 3139//3139
f 3181//3181 3139//3139 3140//3140
f 3181//3181 3140//3140 3141//3141
f 3181//3181 3141//3141 3142//3142
f 3181//3181 3142//3142 3143//3143
f 3181//3181 3143//3143 3144//3144
f 3181//3181 3144//3144 3145//3145
f 3181//3181 3145//3145 3146//3146
f 3181//3181 3146//3146 3147//3147
f 3181//3181 3147//3147 3148//3148
f 3181//3181 3148//3148 3149//3149
f 3181//3181 3149//3149 3150//3150
f 3181//3181 3150//3150 3151//3151
f 3181//3181 3151//3151 3152//3152
f 3181//3181 3152//3152 3153//3153
f 3181//3181 3153//3153 3154//3154
f 3181//3181 3154//3154 3155//3155
f 3181//3181 3155//3155 3156//3156
f 3181//3181 3156//3156 3157//3157
f 3181//3181 3157//3157 3158//3158
f 3181//3181 3158//3158 3159//3159
f 3181//3181 3159//3159 3160//3160
f 3181//3181 3160//3160 3161//3161
f 3181//3181 3161//3161 3162//3162
f 3181//3181 3162//3162 3163//3163
f 3181//3181 3163//3163 3164//3164
f 3181//3181 3164//3164 3165//3165
f 3181//3181 3165//3165 3166//3166
f 3181//3181 3166//3166 3167//3167
f 3181//3181 3167//3167 3168//3168
f 3181//3181 3168//3168 3169//3169
f 3181//3181 3169//3169 3170//3170
f 3181//3181 3170//3170 3171//3171
f 3181//3181 3171//3171 3172//3172
f 3181//3181 3172//3172 3173//3173
f 3181//3181 3173//3173 3174//3174
f 3181//3181 3174//3174 3175//3175
f 3181//3181 3175//3175 3176//3176
f 3181//3181 3176//3176 3177//3177
f 3181//3181 3177//3177 3178//3178
f 3181//3181 3178//3178 3179//3179
f 3179//3179 3180//3180 3181//3181
o HubFR
v 0.76 2.02 0.44
v 0.760647 2.02 0.454377
v 0.762671 2.02 0.469114
v 0.766176 2.02 0.484025
v 0.771234 2.02 0.498895
v 0.777875 2.02 0.513487
v 0.786081 2.02 0.527554
v 0.795783 2.02 0.540848
v 0.806863 2.02 0.553137
v 0.819152 2.02 0.564217
v 0.832446 2.02 0.573919
v 0.846513 2.02 0.582125
v 0.861105 2.02 0.588766
v 0.875975 2.02 0.593824
v 0.890886 2.02 0.597329
v 0.905623 2.02 0.599353
v 0.92 2.02 0.6
v 0.934377 2.02 0.599353
v 0.949114 2.02 0.597329
v 0.964025 2.02 0.593824
v 0.978895 2.02 0.588766
v 0.993487 2.02 0.582125
v 1.00755 2.02 0.573919
v 1.02085 2.02 0.564217
v 1.03314 2.02 0.553137
v 1.04422 2.02 0.540848
v 1.05392 2.02 0.527554
v 1.06213 2.02 0.513487
v 1.06877 2.02 0.498895
v 1.07382 2.02 0.484025
v 1.07733 2.02 0.469114
v 1.07935 2.02 0.454377
v 1.08 2.02 0.44
v 1.07935 2.02 0.425623
v 1.07733 2.02 0.410886
v 1.07382 2.02 0.395975
v 1.06877 2.02 0.381105
v 1.06213 2.02 0.366513
v 1.05392 2.02 0.352446
v 1.04422 2.02 0.339152
v 1.03314 2.02 0.326863
v 1.02085 2.02 0.315783
v 1.00755 2.02 0.306081
v 0.993487 2.02 0.297875
v 0.978895 2.02 0.291234
v 0.964025 2.02 0.286176
v 0.949114 2.02 0.282671
v 0.934377 2.02 0.280647
v 0.92 2.02 0.28
v 0.905623 2.02 0.280647
v 0.890886 2.02 0.282671
v 0.875975 2.02 0.286176
v 0.861105 2.02 0.291234
v 0.846513 2.02 0.297875
v 0.832446 2.02 0.306081
v 0.819152 2.02 0.315783
v 0.806863 2.02 0.326863
v 0.795783 2.02 0.339152
v 0.786081 2.02 0.352446
v 0.777875 2.02 0.366513
v 0.771234 2.02 0.381105
v 0.766176 2.02 0.395975
v 0.762671 2.02 0.410886
v 0.760647 2.02 0.425623
v 0.76 2.02 0.44
v 0.76 2.045 0.44
v 0.760647 2.045 0.454377
v 0.762671 2.045 0.469114
v 0.766176 2.045 0.484025
v 0.771234 2.045 0.498895
v 0.777875 2.045 0.513487
v 0.786081 2.045 0.527554
v 0.795783 2.045 0.540848
v 0.806863 2.045 0.553137
v 0.819152 2.045 0.564217
v 0.832446 2.045 0.573919
v 0.846513 2.045 0.582125
v 0.861105 2.045 0.588766
v 0.875975 2.045 0.593824
v 0.890886 2.045 0.597329
v 0.905623 2.045 0.599353
v 0.92 2.045 0.6
v 0.934377 2.045 0.599353
v 0.949114 2.045 0.597329
v 0.964025 2.045 0.593824
v 0.978895 2.045 0.588766
v 0.993487 2.045 0.582125
v 1.00755 2.045 0.573919
v 1.02085 2.045 0.564217
v 1.03314 2.045 0.553137
v 1.04422 2.045 0.540848
v 1.05392 2.045 0.527554
v 1.06213 2.045 0.513487
v 1.06877 2.045 0.498895
v 1.07382 2.045 0.484025
v 1.07733 2.045 0.469114
v 1.07935 2.045 0.454377
v 1.08 2.045 0.44
v 1.07935 2.045 0.425623
v 1.07733 2.045 0.410886
v 1.07382 2.045 0.395975
v 1.06877 2.045 0.381105
v 1.06213 2.045 0.366513
v 1.05392 2.045 0.352446
v 1.04422 2.045 0.339152
v 1.03314 2.045 0.326863
v 1.02085 2.045 0.315783
v 1.00755 2.045 0.306081
v 0.993487 2.045 0.297875
v 0.978895 2.045 0.291234
v 0.964025 2.045 0.286176
v 0.949114 2.045 0.282671
v 0.934377 2.045 0.280647
v 0.92 2.045 0.28
v 0.905623 2.045 0.280647
v 0.890886 2.045 0.282671
v 0.875975 2.045 0.286176
v 0.861105 2.045 0.291234
v 0.846513 2.045 0.297875
v 0.832446 2.045 0.306081
v 0.819152 2.045 0.315783
v 0.806863 2.045 0.326863
v 0.795783 2.045 0.339152
v 0.786081 2.045 0.352446
v 0.777875 2.045 0.366513
v 0.771234 2.045 0.381105
v 0.766176 2.045 0.395975
v 0.762671 2.045 0.410886
v 0.760647 2.045 0.425623
v 0.76 2.045 0.44
v 0.76 2.07 0.44
v 0.760647 2.07 0.454377
v 0.762671 2.07 0.469114
v 0.766176 2.07 0.484025
v 0.771234 2.07 0.498895
v 0.777875 2.07 0.513487
v 0.786081 2.07 0.527554
v 0.795783 2.07 0.540848
v 0.806863 2.07 0.553137
v 0.819152 2.07 0.564217
v 0.832446 2.07 0.573919
v 0.846513 2.07 0.582125
v 0.861105 2.07 0.588766
v 0.875975 2.07 0.593824
v 0.890886 2.07 0.597329
v 0.905623 2.07 0.599353
v 0.92 2.07 0.6
v 0.934377 2.07 0.599353
v 0.949114 2.07 0.597329
v 0.964025 2.07 0.593824
v 0.978895 2.07 0.588766
v 0.993487 2.07 0.582125
v 1.00755 2.07 0.573919
v 1.02085 2.07 0.564217
v 1.03314 2.07 0.553137
v 1.04422 2.07 0.540848
v 1.05392 2.07 0.527554
v 1.06213 2.07 0.513487
v 1.06877 2.07 0.498895
v 1.07382 2.07 0.484025
v 1.07733 2.07 0.469114
v 1.07935 2.07 0.454377
v 1.08 2.07 0.44
v 1.07935 2.07 0.425623
v 1.07733 2.07 0.410886
v 1.07382 2.07 0.395975
v 1.06877 2.07 0.381105
v 1.06213 2.07 0.366513
v 1.05392 2.07 0.352446
v 1.04422 2.07 0.339152
v 1.03314 2.07 0.326863
v 1.02085 2.07 0.315783
v 1.00755 2.07 0.306081
v 0.993487 2.07 0.297875
v 0.978895 2.07 0.291234
v 0.964025 2.07 0.286176
v 0.949114 2.07 0.282671
v 0.934377 2.07 0.280647
v 0.92 2.07 0.28
v 0.905623 2.07 0.280647
v 0.890886 2.07 0.282671
v 0.875975 2.07 0.286176
v 0.861105 2.07 0.291234
v 0.846513 2.07 0.297875
v 0.832446 2.07 0.306081
v 0.819152 2.07 0.315783
v 0.806863 2.07 0.326863
v 0.795783 2.07 0.339152
v 0.786081 2.07 0.352446
v 0.777875 2.07 0.366513
v 0.771234 2.07 0.381105
v 0.766176 2.07 0.395975
v 0.762671 2.07 0.410886
v 0.760647 2.07 0.425623
v 0.76 2.07 0.44
vn -1 0 4.90654e-16
vn -0.995955 0 0.0898544
vn -0.983305 0 0.181963
vn -0.961399 0 0.275158
vn -0.929788 0 0.368095
vn -0.888284 0 0.459295
vn -0.836996 0 0.54721
vn -0.776353 0 0.630298
vn -0.707107 0 0.707107
vn -0.630298 0 0.776353
vn -0.54721 0 0.836996
vn -0.459295 0 0.888284
vn -0.368095 0 0.929788
vn -0.275158 0 0.961399
vn -0.181963 0 0.983305
vn -0.0898544 0 0.995955
vn -2.45327e-16 0 1
vn 0.0898544 -0 0.995955
vn 0.181963 -0 0.983305
vn 0.275158 -0 0.961399
vn 0.368095 -0 0.929788
vn 0.459295 -0 0.888284
vn 0.54721 -0 0.836996
vn 0.630298 -0 0.776353
vn 0.707107 -0 0.707107
vn 0.776353 -0 0.630298
vn 0.836996 -0 0.54721
vn 0.888284 -0 0.459295
vn 0.929788 -0 0.368095
vn 0.961399 -0 0.275158
vn 0.983305 -0 0.181963
vn 0.995955 -0 0.0898544
vn 1 0 -4.90654e-16
vn 0.995955 0 -0.0898544
vn 0.983305 0 -0.181963
vn 0.961399 0 -0.275158
vn 0.929788 0 -0.368095
vn 0.888284 0 -0.459295
vn 0.836996 0 -0.54721
vn 0.776353 0 -0.630298
vn 0.707107 0 -0.707107
vn 0.630298 0 -0.776353
vn 0.54721 0 -0.836996
vn 0.459295 0 -0.888284
vn 0.368095 0 -0.929788
vn 0.275158 0 -0.961399
vn 0.181963 0 -0.983305
vn 0.0898544 0 -0.995955
vn 2.45327e-16 0 -1
vn -0.0898544 0 -0.995955
vn -0.181963 0 -0.983305
vn -0.275158 0 -0.961399
vn -0.368095 0 -0.929788
vn -0.459295 0 -0.888284
vn -0.54721 0 -0.836996
vn -0.630298 0 -0.776353
vn -0.707107 0 -0.707107
vn -0.776353 0 -0.630298
vn -0.836996 0 -0.54721
vn -0.888284 0 -0.459295
vn -0.929788 0 -0.368095
vn -0.961399 0 -0.275158
vn -0.983305 0 -0.181963
vn -0.995955 0 -0.0898544
vn -1 0 -4.90654e-16
vn -1 0 7.35981e-16
vn -0.995955 0 0.0898544
vn -0.983305 0 0.181963
vn -0.961399 0 0.275158
vn -0.929788 0 0.368095
vn -0.888284 0 0.459295
vn -0.836996 0 0.54721
vn -0.776353 0 0.630298
vn -0.707107 0 0.707107
vn -0.630298 0 0.776353
vn -0.54721 0 0.836996
vn -0.459295 0 0.888284
vn -0.368095 0 0.929788
vn -0.275158 0 0.961399
vn -0.181963 0 0.983305
vn -0.0898544 0 0.995955
vn -2.45327e-16 0 1
vn 0.0898544 -0 0.995955
vn 0.181963 -0 0.983305
vn 0.275158 -0 0.961399
vn 0.368095 -0 0.929788
vn 0.459295 -0 0.888284
vn 0.54721 -0 0.836996
vn 0.630298 -0 0.776353
vn 0.707107 -0 0.707107
vn 0.776353 -0 0.630298
vn 0.836996 -0 0.54721
vn 0.888284 -0 0.459295
vn 0.929788 -0 0.368095
vn 0.961399 -0 0.275158
vn 0.983305 -0 0.181963
vn 0.995955 -0 0.0898544
vn 1 -0 4.90654e-16
vn 0.995955 0 -0.0898544
vn 0.983305 0 -0.181963
vn 0.961399 0 -0.275158
vn 0.929788 0 -0.368095
vn 0.888284 0 -0.459295
vn 0.836996 0 -0.54721
vn 0.776353 0 -0.630298
vn 0.707107 0 -0.707107
vn 0.630298 0 -0.776353
vn 0.54721 0 -0.836996
vn 0.459295 0 -0.888284
vn 0.368095 0 -0.929788
vn 0.275158 0 -0.961399
vn 0.181963 0 -0.983305
vn 0.0898544 0 -0.995955
vn 1.22663e-16 0 -1
vn -0.0898544 0 -0.995955
vn -0.181963 0 -0.983305
vn -0.275158 0 -0.961399
vn -0.368095 0 -0.929788
vn -0.459295 0 -0.888284
vn -0.54721 0 -0.836996
vn -0.630298 0 -0.776353
vn -0.707107 0 -0.707107
vn -0.776353 0 -0.630298
vn -0.836996 0 -0.54721
vn -0.888284 0 -0.459295
vn -0.929788 0 -0.368095
vn -0.961399 0 -0.275158
vn -0.983305 0 -0.181963
vn -0.995955 0 -0.0898544
vn -1 0 -4.90654e-16
vn -1 0 4.90654e-16
vn -0.995955 0 0.0898544
vn -0.983305 0 0.181963
vn -0.961399 0 0.275158
vn -0.929788 0 0.368095
vn -0.888284 0 0.459295
vn -0.836996 0 0.54721
vn -0.776353 0 0.630298
vn -0.707107 0 0.707107
vn -0.630298 0 0.776353
vn -0.54721 0 0.836996
vn -0.459295 0 0.888284
vn -0.368095 0 0.929788
vn -0.275158 0 0.961399
vn -0.181963 0 0.983305
vn -0.0898544 0 0.995955
vn -2.45327e-16 0 1
vn 0.0898544 -0 0.995955
vn 0.181963 -0 0.983305
vn 0.275158 -0 0.961399
vn 0.368095 -0 0.929788
vn 0.459295 -0 0.888284
vn 0.54721 -0 0.836996
vn 0.630298 -0 0.776353
vn 0.707107 -0 0.707107
vn 0.776353 -0 0.630298
vn 0.836996 -0 0.54721
vn 0.888284 -0 0.459295
vn 0.929788 -0 0.368095
vn 0.961399 -0 0.275158
vn 0.983305 -0 0.181963
vn 0.995955 -0 0.0898544
vn 1 0 -4.90654e-16
vn 0.995955 0 -0.0898544
vn 0.983305 0 -0.181963
vn 0.961399 0 -0.275158
vn 0.929788 0 -0.368095
vn 0.888284 0 -0.459295
vn 0.836996 0 -0.54721
vn 0.776353 0 -0.630298
vn 0.707107 0 -0.707107
vn 0.630298 0 -0.776353
vn 0.54721 0 -0.836996
vn 0.459295 0 -0.888284
vn 0.368095 0 -0.929788
vn 0.275158 0 -0.961399
vn 0.181963 0 -0.983305
vn 0.0898544 0 -0.995955
vn 2.45327e-16 0 -1
vn -0.0898544 0 -0.995955
vn -0.181963 0 -0.983305
vn -0.275158 0 -0.961399
vn -0.368095 0 -0.929788
vn -0.459295 0 -0.888284
vn -0.54721 0 -0.836996
vn -0.630298 0 -0.776353
vn -0.707107 0 -0.707107
vn -0.776353 0 -0.630298
vn -0.836996 0 -0.54721
vn -0.888284 0 -0.459295
vn -0.929788 0 -0.368095
vn -0.961399 0 -0.275158
vn -0.983305 0 -0.181963
vn -0.995955 0 -0.0898544
vn -1 0 -4.90654e-16
g HubFR_f0
usemtl steel
f 3182//3182 3183//3183 3248//3248
f 3182//3182 3248//3248 3247//3247
f 3183//3183 3184//3184 3249//3249
f 3183//3183 3249//3249 3248//3248
f 3184//3184 3185//3185 3250//3250
f 3184//3184 3250//3250 3249//3249
f 3185//3185 3186//3186 3251//3251
f 3185//3185 3251//3251 3250//3250
f 3186//3186 3187//3187 3252//3252
f 3186//3186 3252//3252 3251//3251
f 3187//3187 3188//3188 3253//3253
f 3187//3187 3253//3253 3252//3252
f 3188//3188 3189//3189 3254//3254
f 3188//3188 3254//3254 3253//3253
f 3189//3189 3190//3190 3255//3255
f 3189//3189 3255//3255 3254//3254
f 3190//3190 3191//3191 3256//3256
f 3190//3190 3256//3256 3255//3255
f 3191//3191 3192//3192 3257//3257
f 3191//3191 3257//3257 3256//3256
f 3192//3192 3193//3193 3258//3258
f 3192//3192 3258//3258 3257//3257
f 3193//3193 3194//3194 3259//3259
f 3193//3193 3259//3259 3258//3258
f 3194//3194 3195//3195 3260//3260
f 3194//3194 3260//3260 3259//3259
f 3195//3195 3196//3196 3261//3261
f 3195//3195 3261//3261 3260//3260
f 3196//3196 3197//3197 3262//3262
f 3196//3196 3262//3262 3261//3261
f 3197//3197 3198//3198 3263//3263
f 3197//3197 3263//3263 3262//3262
f 3198//3198 3199//3199 3264//3264
f 3198//3198 3264//3264 3263//3263
f 3199//3199 3200//3200 3265//3265
f 3199//3199 3265//3265 3264//3264
f 3200//3200 3201//3201 3266//3266
f 3200//3200 3266//3266 3265//3265
f 3201//3201 3202//3202 3267//3267
f 3201//3201 3267//3267 3266//3266
f 3202//3202 3203//3203 3268//3268
f 3202//3202 3268//3268 3267//3267
f 3203//3203 3204//3204 3269//3269
f 3203//3203 3269//3269 3268//3268
f 3204//3204 3205//3205 3270//3270
f 3204//3204 3270//3270 3269//3269
f 3205//3205 3206//3206 3271//3271
f 3205//3205 3271//3271 3270//3270
f 3206//3206 3207//3207 3272//3272
f 3206//3206 3272//3272 3271//3271
f 3207//3207 3208//3208 3273//3273
f 3207//3207 3273//3273 3272//3272
f 3208//3208 3209//3209 3274//3274
f 3208//3208 3274//3274 3273//3273
f 3209//3209 3210//3210 3275//3275
f 3209//3209 3275//3275 3274//3274
f 3210//3210 3211//3211 3276//3276
f 3210//3210 3276//3276 3275//3275
f 3211//3211 3212//3212 3277//3277
f 3211//3211 3277//3277 3276//3276
f 3212//3212 3213//3213 3278//3278
f 3212//3212 3278//3278 3277//3277
f 3213//3213 3214//3214 3279//3279
f 3213//3213 3279//3279 3278//3278
f 3214//3214 3215//3215 3280//3280
f 3214//3214 3280//3280 3279//3279
f 3215//3215 3216//3216 3281//3281
f 3215//3215 3281//3281 3280//3280
f 3216//3216 3217//3217 3282//3282
f 3216//3216 3282//3282 3281//3281
f 3217//3217 3218//3218 3283//3283
f 3217//3217 3283//3283 3282//3282
f 3218//3218 3219//3219 3284//3284
f 3218//3218 3284//3284 3283//3283
f 3219//3219 3220//3220 3285//3285
f 3219//3219 3285//3285 3284//3284
f 3220//3220 3221//3221 3286//3286
f 3220//3220 3286//3286 3285//3285
f 3221//3221 3222//3222 3287//3287
f 3221//3221 3287//3287 3286//3286
f 3222//3222 3223//3223 3288//3288
f 3222//3222 3288//3288 3287//3287
f 3223//3223 3224//3224 3289//3289
f 3223//3223 3289//3289 3288//3288
f 3224//3224 3225//3225 3290//3290
f 3224//3224 3290//3290 3289//3289
f 3225//3225 3226//3226 3291//3291
f 3225//3225 3291//3291 3290//3290
f 3226//3226 3227//3227 3292//3292
f 3226//3226 3292//3292 3291//3291
f 3227//3227 3228//3228 3293//3293
f 3227//3227 3293//3293 3292//3292
f 3228//3228 3229//3229 3294//3294
f 3228//3228 3294//3294 3293//3293
f 3229//3229 3230//3230 3295//3295
f 3229//3229 3295//3295 3294//3294
f 3230//3230 3231//3231 3296//3296
f 3230//3230 3296//3296 3295//3295
f 3231//3231 3232//3232 3297//3297
f 3231//3231 3297//3297 3296//3296
f 3232//3232 3233//3233 3298//3298
f 3232//3232 3298//3298 3297//3297
f 3233//3233 3234//3234 3299//3299
f 3233//3233 3299//3299 3298//3298
f 3234//3234 3235//3235 3300//3300
f 3234//3234 3300//3300 3299//3299
f 3235//3235 3236//3236 3301//3301
f 3235//3235 3301//3301 3300//3300
f 3236//3236 3237//3237 3302//3302
f 3236//3236 3302//3302 3301//3301
f 3237//3237 3238//3238 3303//3303
f 3237//3237 3303//3303 3302//3302
f 3238//3238 3239//3239 3304//3304
f 3238//3238 3304//3304 3303//3303
f 3239//3239 3240//3240 3305//3305
f 3239//3239 3305//3305 3304//3304
f 3240//3240 3241//3241 3306//3306
f 3240//3240 3306//3306 3305//3305
f 3241//3241 3242//3242 3307//3307
f 3241//3241 3307//3307 3306//3306
f 3242//3242 3243//3243 3308//3308
f 3242//3242 3308//3308 3307//3307
f 3243//3243 3244//3244 3309//3309
f 3243//3243 3309//3309 3308//3308
f 3244//3244 3245//3245 3310//3310
f 3244//3244 3310//3310 3309//3309
f 3245//3245 3246//3246 3311//3311
f 3245//3245 3311//3311 3310//3310
f 3247//3247 3248//3248 3313//3313
f 3247//3247 3313//3313 3312//3312
f 3248//3248 3249//3249 3314//3314
f 3248//3248 3314//3314 3313//3313
f 3249//3249 3250//3250 3315//3315
f 3249//3249 3315//3315 3314//3314
f 3250//3250 3251//3251 3316//3316
f 3250//3250 3316//3316 3315//3315
f 3251//3251 3252//3252 3317//3317
f 3251//3251 3317//3317 3316//3316
f 3252//3252 3253//3253 3318//3318
f 3252//3252 3318//3318 3317//3317
f 3253//3253 3254//3254 3319//3319
f 3253//3253 3319//3319 3318//3318
f 3254//3254 3255//3255 3320//3320
f 3254//3254 3320//3320 3319//3319
f 3255//3255 3256//3256 3321//3321
f 3255//3255 3321//3321 3320//3320
f 3256//3256 3257//3257 3322//3322
f 3256//3256 3322//3322 3321//3321
f 3257//3257 3258//3258 3323//3323
f 3257//3257 3323//3323 3322//3322
f 3258//3258 3259//3259 3324//3324
f 3258//3258 3324//3324 3323//3323
f 3259//3259 3260//3260 3325//3325
f 3259//3259 3325//3325 3324//3324
f 3260//3260 3261//3261 3326//3326
f 3260//3260 3326//3326 3325//3325
f 3261//3261 3262//3262 3327//3327
f 3261//3261 3327//3327 3326//3326
f 3262//3262 3263//3263 3328//3328
f 3262//3262 3328//3328 3327//3327
f 3263//3263 3264//3264 3329//3329
f 3263//3263 3329//3329 3328//3328
f 3264//3264 3265//3265 3330//3330
f 3264//3264 3330//3330 3329//3329
f 3265//3265 3266//3266 3331//3331
f 3265//3265 3331//3331 3330//3330
f 3266//3266 3267//3267 3332//3332
f 3266//3266 3332//3332 3331//3331
f 3267//3267 3268//3268 3333//3333
f 3267//3267 3333//3333 3332//3332
f 3268//3268 3269//3269 3334//3334
f 3268//3268 3334//3334 3333//3333
f 3269//3269 3270//3270 3335//3335
f 3269//3269 3335//3335 3334//3334
f 3270//3270 3271//3271 3336//3336
f 3270//3270 3336//3336 3335//3335
f 3271//3271 3272//3272 3337//3337
f 3271//3271 3337//3337 3336//3336
f 3272//3272 3273//3273 3338//3338
f 3272//3272 3338//3338 3337//3337
f 3273//3273 3274//3274 3339//3339
f 3273//3273 3339//3339 3338//3338
f 3274//3274 3275//3275 3340//3340
f 3274//3274 3340//3340 3339//3339
f 3275//3275 3276//3276 3341//3341
f 3275//3275 3341//3341 3340//3340
f 3276//3276 3277//3277 3342//3342
f 3276//3276 3342//3342 3341//3341
f 3277//3277 3278//3278 3343//3343
f 3277//3277 3343//3343 3342//3342
f 3278//3278 3279//3279 3344//3344
f 3278//3278 3344//3344 3343//3343
f 3279//3279 3280//3280 3345//3345
f 3279//3279 3345//3345 3344//3344
f 3280//3280 3281//3281 3346//3346
f 3280//3280 3346//3346 3345//3345
f 3281//3281 3282//3282 3347//3347
f 3281//3281 3347//3347 3346//3346
f 3282//3282 3283//3283 3348//3348
f 3282//3282 3348//3348 3347//3347
f 3283//3283 3284//3284 3349//3349
f 3283//3283 3349//3349 3348//3348
f 3284//3284 3285//3285 3350//3350
f 3284//3284 3350//3350 3349//3349
f 3285//3285 3286//3286 3351//3351
f 3285//3285 3351//3351 3350//3350
f 3286//3286 3287//3287 3352//3352
f 3286//3286 3352//3352 3351//3351
f 3287//3287 3288//3288 3353//3353
f 3287//3287 3353//3353 3352//3352
f 3288//3288 3289//3289 3354//3354
f 3288//3288 3354//3354 3353//3353
f 3289//3289 3290//3290 3355//3355
f 3289//3289 3355//3355 3354//3354
f 3290//3290 3291//3291 3356//3356
f 3290//3290 3356//3356 3355//3355
f 3291//3291 3292//3292 3357//3357
f 3291//3291 3357//3357 3356//3356
f 3292//3292 3293//3293 3358//3358
f 3292//3292 3358//3358 3357//3357
f 3293//3293 3294//3294 3359//3359
f 3293//3293 3359//3359 3358//3358
f 3294//3294 3295//3295 3360//3360
f 3294//3294 3360//3360 3359//3359
f 3295//3295 3296//3296 3361//3361
f 3295//3295 3361//3361 3360//3360
f 3296//3296 3297//3297 3362//3362
f 3296//3296 3362//3362 3361//3361
f 3297//3297 3298//3298 3363//3363
f 3297//3297 3363//3363 3362//3362
f 3298//3298 3299//3299 3364//3364
f 3298//3298 3364//3364 3363//3363
f 3299//3299 3300//3300 3365//3365
f 3299//3299 3365//3365 3364//3364
f 3300//3300 3301//3301 3366//3366
f 3300//3300 3366//3366 3365//3365
f 3301//3301 3302//3302 3367//3367
f 3301//3301 3367//3367 3366//3366
f 3302//3302 3303//3303 3368//3368
f 3302//3302 3368//3368 3367//3367
f 3303//3303 3304//3304 3369//3369
f 3303//3303 3369//3369 3368//3368
f 3304//3304 3305//3305 3370//3370
f 3304//3304 3370//3370 3369//3369
f 3305//3305 3306//3306 3371//3371
f 3305//3305 3371//3371 3370//3370
f 3306//3306 3307//3307 3372//3372
f 3306//3306 3372//3372 3371//3371
f 3307//3307 3308//3308 3373//3373
f 3307//3307 3373//3373 3372//3372
f 3308//3308 3309//3309 3374//3374
f 3308//3308 3374//3374 3373//3373
f 3309//3309 3310//3310 3375//3375
f 3309//3309 3375//3375 3374//3374
f 3310//3310 3311//3311 3376//3376
f 3310//3310 3376//3376 3375//3375
v 0.76 2.02 0.44
v 0.760647 2.02 0.425623
v 0.762671 2.02 0.410886
v 0.766176 2.02 0.395975
v 0.771234 2.02 0.381105
v 0.774356 2.02 0.373759
v 0.777875 2.02 0.366513
v 0.781785 2.02 0.359398
v 0.786081 2.02 0.352446
v 0.790751 2.02 0.345688
v 0.795783 2.02 0.339152
v 0.801161 2.02 0.332868
v 0.806863 2.02 0.326863
v 0.812868 2.02 0.321161
v 0.819152 2.02 0.315783
v 0.825688 2.02 0.310751
v 0.832446 2.02 0.306081
v 0.839398 2.02 0.301785
v 0.846513 2.02 0.297875
v 0.853759 2.02 0.294356
v 0.861105 2.02 0.291234
v 0.875975 2.02 0.286176
v 0.890886 2.02 0.282671
v 0.905623 2.02 0.280647
v 0.92 2.02 0.28
v 0.934377 2.02 0.280647
v 0.949114 2.02 0.282671
v 0.964025 2.02 0.286176
v 0.978895 2.02 0.291234
v 0.986241 2.02 0.294356
v 0.993487 2.02 0.297875
v 1.0006 2.02 0.301785
v 1.00755 2.02 0.306081
v 1.01431 2.02 0.310751
v 1.02085 2.02 0.315783
v 1.02713 2.02 0.321161
v 1.03314 2.02 0.326863
v 1.03884 2.02 0.332868
v 1.04422 2.02 0.339152
v 1.04925 2.02 0.345688
v 1.05392 2.02 0.352446
v 1.05821 2.02 0.359398
v 1.06213 2.02 0.366513
v 1.06564 2.02 0.373759
v 1.06877 2.02 0.381105
v 1.07382 2.02 0.395975
v 1.07733 2.02 0.410886
v 1.07935 2.02 0.425623
v 1.08 2.02 0.44
v 1.07935 2.02 0.454377
v 1.07733 2.02 0.469114
v 1.07382 2.02 0.484025
v 1.06877 2.02 0.498895
v 1.06564 2.02 0.506241
v 1.06213 2.02 0.513487
v 1.05821 2.02 0.520602
v 1.05392 2.02 0.527554
v 1.04925 2.02 0.534312
v 1.04422 2.02 0.540848
v 1.03884 2.02 0.547132
v 1.03314 2.02 0.553137
v 1.02713 2.02 0.558839
v 1.02085 2.02 0.564217
v 1.01431 2.02 0.569249
v 1.00755 2.02 0.573919
v 1.0006 2.02 0.578215
v 0.993487 2.02 0.582125
v 0.986241 2.02 0.585644
v 0.978895 2.02 0.588766
v 0.964025 2.02 0.593824
v 0.949114 2.02 0.597329
v 0.934377 2.02 0.599353
v 0.92 2.02 0.6
v 0.905623 2.02 0.599353
v 0.890886 2.02 0.597329
v 0.875975 2.02 0.593824
v 0.861105 2.02 0.588766
v 0.853759 2.02 0.585644
v 0.846513 2.02 0.582125
v 0.839398 2.02 0.578215
v 0.832446 2.02 0.573919
v 0.825688 2.02 0.569249
v 0.819152 2.02 0.564217
v 0.812868 2.02 0.558839
v 0.806863 2.02 0.553137
v 0.801161 2.02 0.547132
v 0.795783 2.02 0.540848
v 0.790751 2.02 0.534312
v 0.786081 2.02 0.527554
v 0.781785 2.02 0.520602
v 0.777875 2.02 0.513487
v 0.774356 2.02 0.506241
v 0.771234 2.02 0.498895
v 0.766176 2.02 0.484025
v 0.762671 2.02 0.469114
v 0.760647 2.02 0.454377
vn 0 -1 0
vn -8.92619e-16 -1 0
vn -8.92619e-16 -1 0
vn 0 -1 0
vn -2.22045e-18 -1 0
vn 2.22045e-16 -1 0
vn -4.44089e-16 -1 0
vn 2.26485e-16 -1 0
vn -2.24265e-16 -1 0
vn -2.22045e-16 -1 0
vn -2.22045e-16 -1 0
vn 2.24265e-16 -1 0
vn -4.4631e-16 -1 0
vn -1.08802e-16 -1 0
vn -5.58442e-16 -1 0
vn -3.37508e-16 -1 0
vn 5.57332e-16 -1 0
vn -2.22045e-16 -1 0
vn -2.24265e-16 -1 0
vn -5.16254e-17 -1 0
vn 7.80487e-16 -1 0
vn 6.12288e-16 -1 0
vn 1.64868e-16 -1 0
vn 6.12843e-16 -1 0
vn -3.34732e-16 -1 0
vn 6.12843e-16 -1 0
vn 1.64868e-16 -1 0
vn 6.12288e-16 -1 0
vn -1.08247e-16 -1 0
vn -5.16254e-17 -1 0
vn -2.24265e-16 -1 0
vn -2.22045e-16 -1 0
vn -3.31957e-16 -1 0
vn -3.36398e-16 -1 0
vn -5.58442e-16 -1 0
vn -1.08802e-16 -1 0
vn -4.4631e-16 -1 0
vn 2.24265e-16 -1 0
vn 6.68354e-16 -1 0
vn -2.22045e-16 -1 0
vn -2.24265e-16 -1 0
vn 2.26485e-16 -1 0
vn -4.44089e-16 -1 0
vn -6.70575e-16 -1 0
vn 2.22045e-18 -1 0
vn 0 -1 0
vn 0 -1 0
vn -8.92619e-16 -1 0
vn 0 -1 0
vn 0 -1 0
vn -8.92619e-16 -1 0
vn 0 -1 0
vn 0 -1 0
vn 4.4853e-16 -1 0
vn 0 -1 0
vn 0 -1 0
vn 0 -1 0
vn 0 -1 0
vn 0 -1 0
vn 0 -1 0
vn 0 -1 0
vn 0 -1 0
vn 0 -1 0
vn -8.9706e-16 -1 0
vn 8.88178e-16 -1 0
vn 0 -1 0
vn 0 -1 0
vn 0 -1 0
vn 0 -1 0
vn 0 -1 0
vn 0 -1 0
vn 0 -1 0
vn 0 -1 0
vn 0 -1 0
vn 0 -1 0
vn 0 -1 0
vn 0 -1 0
vn 0 -1 0
vn 0 -1 0
vn 0 -1 0
vn 0 -1 0
vn -8.9706e-16 -1 0
vn 0 -1 0
vn 0 -1 0
vn 0 -1 0
vn 0 -1 0
vn 0 -1 0
vn 0 -1 0
vn 0 -1 0
vn 0 -1 0
vn 0 -1 0
vn 4.4853e-16 -1 0
vn -8.92619e-16 -1 0
vn -8.92619e-16 -1 0
vn -8.92619e-16 -1 0
vn 0 -1 0
g HubFR_f1
usemtl steel
f 3472//3472 3377//3377 3378//3378
f 3472//3472 3378//3378 3379//3379
f 3472//3472 3379//3379 3380//3380
f 3472//3472 3380//3380 3381//3381
f 3472//3472 3381//3381 3382//3382
f 3472//3472 3382//3382 3383//3383
f 3472//3472 3383//3383 3384//3384
f 3472//3472 3384//3384 3385//3385
f 3472//3472 3385//3385 3386//3386
f 3472//3472 3386//3386 3387//3387
f 3472//3472 3387//3387 3388//3388
f 3472//3472 3388//3388 3389//3389
f 3472//3472 3389//3389 3390//3390
f 3472//3472 3390//3390 3391//3391
f 3472//3472 3391//3391 3392//3392
f 3472//3472 3392//3392 3393//3393
f 3472//3472 3393//3393 3394//3394
f 3472//3472 3394//3394 3395//3395
f 3472//3472 3395//3395 3396//3396
f 3472//3472 3396//3396 3397//3397
f 3472//3472 3397//3397 3398//3398
f 3472//3472 3398//3398 3399//3399
f 3472//3472 3399//3399 3400//3400
f 3472//3472 3400//3400 3401//3401
f 3472//3472 3401//3401 3402//3402
f 3472//3472 3402//3402 3403//3403
f 3472//3472 3403//3403 3404//3404
f 3472//3472 3404//3404 3405//3405
f 3472//3472 3405//3405 3406//3406
f 3472//3472 3406//3406 3407//3407
f 3472//3472 3407//3407 3408//3408
f 3472//3472 3408//3408 3409//3409
f 3472//3472 3409//3409 3410//3410
f 3472//3472 3410//3410 3411//3411
f 3472//3472 3411//3411 3412//3412
f 3472//3472 3412//3412 3413//3413
f 3472//3472 3413//3413 3414//3414
f 3472//3472 3414//3414 3415//3415
f 3472//3472 3415//3415 3416//3416
f 3472//3472 3416//3416 3417//3417
f 3472//3472 3417//3417 3418//3418
f 3472//3472 3418//3418 3419//3419
f 3472//3472 3419//3419 3420//3420
f 3472//3472 3420//3420 3421//3421
f 3472//3472 3421//3421 3422//3422
f 3472//3472 3422//3422 3423//3423
f 3472//3472 3423//3423 3424//3424
f 3472//3472 3424//3424 3425//3425
f 3472//3472 3425//3425 3426//3426
f 3472//3472 3426//3426 3427//3427
f 3472//3472 3427//3427 3428//3428
f 3472//3472 3428//3428 3429//3429
f 3472//3472 3429//3429 3430//3430
f 3472//3472 3430//3430 3431//3431
f 3472//3472 3431//3431 3432//3432
f 3472//3472 3432//3432 3433//3433
f 3472//3472 3433//3433 3434//3434
f 3472//3472 3434//3434 3435//3435
f 3472//3472 3435//3435 3436//3436
f 3472//3472 3436//3436 3437//3437
f 3472//3472 3437//3437 3438//3438
f 3472//3472 3438//3438 3439//3439
f 3472//3472 3439//3439 3440//3440
f 3472//3472 3440//3440 3441//3441
f 3472//3472 3441//3441 3442//3442
f 3472//3472 3442//3442 3443//3443
f 3472//3472 3443//3443 3444//3444
f 3472//3472 3444//3444 3445//3445
f 3472//3472 3445//3445 3446//3446
f 3472//3472 3446//3446 3447//3447
f 3472//3472 3447//3447 3448//3448
f 3472//3472 3448//3448 3449//3449
f 3472//3472 3449//3449 3450//3450
f 3472//3472 3450//3450 3451//3451
f 3472//3472 3451//3451 3452//3452
f 3472//3472 3452//3452 3453//3453
f 3472//3472 3453//3453 3454//3454
f 3472//3472 3454//3454 3455//3455
f 3472//3472 3455//3455 3456//3456
f 3472//3472 3456//3456 3457//3457
f 3472//3472 3457//3457 3458//3458
f 3472//3472 3458//3458 3459//3459
f 3472//3472 3459//3459 3460//3460
f 3472//3472 3460//3460 3461//3461
f 3472//3472 3461//3461 3462//3462
f 3472//3472 3462//3462 3463//3463
f 3472//3472 3463//3463 3464//3464
f 3472//3472 3464//3464 3465//3465
f 3472//3472 3465//3465 3466//3466
f 3472//3472 3466//3466 3467//3467
f 3472//3472 3467//3467 3468//3468
f 3472//3472 3468//3468 3469//3469
f 3472//3472 3469//3469 3470//3470
f 3470//3470 3471//3471 3472//3472
v 0.76 2.07 0.44
v 0.760647 2.07 0.454377
v 0.762671 2.07 0.469114
v 0.766176 2.07 0.484025
v 0.771234 2.07 0.498895
v 0.774356 2.07 0.506241
v 0.777875 2.07 0.513487
v 0.781785 2.07 0.520602
v 0.786081 2.07 0.527554
v 0.790751 2.07 0.534312
v 0.795783 2.07 0.540848
v 0.801161 2.07 0.547132
v 0.806863 2.07 0.553137
v 0.812868 2.07 0.558839
v 0.819152 2.07 0.564217
v 0.825688 2.07 0.569249
v 0.832446 2.07 0.573919
v 0.839398 2.07 0.578215
v 0.846513 2.07 0.582125
v 0.853759 2.07 0.585644
v 0.861105 2.07 0.588766
v 0.875975 2.07 0.593824
v 0.890886 2.07 0.597329
v 0.905623 2.07 0.599353
v 0.92 2.07 0.6
v 0.934377 2.07 0.599353
v 0.949114 2.07 0.597329
v 0.964025 2.07 0.593824
v 0.978895 2.07 0.588766
v 0.986241 2.07 0.585644
v 0.993487 2.07 0.582125
v 1.0006 2.07 0.578215
v 1.00755 2.07 0.573919
v 1.01431 2.07 0.569249
v 1.02085 2.07 0.564217
v 1.02713 2.07 0.558839
v 1.03314 2.07 0.553137
v 1.03884 2.07 0.547132
v 1.04422 2.07 0.540848
v 1.04925 2.07 0.534312
v 1.05392 2.07 0.527554
v 1.05821 2.07 0.520602
v 1.06213 2.07 0.513487
v 1.06564 2.07 0.506241
v 1.06877 2.07 0.498895
v 1.07382 2.07 0.484025
v 1.07733 2.07 0.469114
v 1.07935 2.07 0.454377
v 1.08 2.07 0.44
v 1.07935 2.07 0.425623
v 1.07733 2.07 0.410886
v 1.07382 2.07 0.395975
v 1.06877 2.07 0.381105
v 1.06564 2.07 0.373759
v 1.06213 2.07 0.366513
v 1.05821 2.07 0.359398
v 1.05392 2.07 0.352446
v 1.04925 2.07 0.345688
v 1.04422 2.07 0.339152
v 1.03884 2.07 0.332868
v 1.03314 2.07 0.326863
v 1.02713 2.07 0.321161
v 1.02085 2.07 0.315783
v 1.01431 2.07 0.310751
v 1.00755 2.07 0.306081
v 1.0006 2.07 0.301785
v 0.993487 2.07 0.297875
v 0.986241 2.07 0.294356
v 0.978895 2.07 0.291234
v 0.964025 2.07 0.286176
v 0.949114 2.07 0.282671
v 0.934377 2.07 0.280647
v 0.92 2.07 0.28
v 0.905623 2.07 0.280647
v 0.890886 2.07 0.282671
v 0.875975 2.07 0.286176
v 0.861105 2.07 0.291234
v 0.853759 2.07 0.294356
v 0.846513 2.07 0.297875
v 0.839398 2.07 0.301785
v 0.832446 2.07 0.306081
v 0.825688 2.07 0.310751
v 0.819152 2.07 0.315783
v 0.812868 2.07 0.321161
v 0.806863 2.07 0.326863
v 0.801161 2.07 0.332868
v 0.795783 2.07 0.339152
v 0.790751 2.07 0.345688
v 0.786081 2.07 0.352446
v 0.781785 2.07 0.359398
v 0.777875 2.07 0.366513
v 0.774356 2.07 0.373759
v 0.771234 2.07 0.381105
v 0.766176 2.07 0.395975
v 0.762671 2.07 0.410886
v 0.760647 2.07 0.425623
vn -4.59632e-16 1 8.88178e-16
vn 4.44089e-16 1 8.88178e-16
vn 4.44089e-16 1 8.88178e-16
vn 0 1 1.77636e-15
vn 0 1 8.88178e-16
vn -4.59632e-16 1 8.88178e-16
vn 0 1 8.88178e-16
vn 9.19265e-16 1 8.88178e-16
vn -9.19265e-16 1 8.88178e-16
vn 0 1 8.88178e-16
vn -8.88178e-16 1 8.88178e-16
vn 8.88178e-16 1 8.88178e-16
vn 0 1 1.77636e-15
vn 0 1 8.88178e-16
vn 8.88178e-16 1 8.88178e-16
vn 3.10862e-17 1 8.88178e-16
vn 0 1 8.88178e-16
vn 0 1 8.88178e-16
vn 0 1 8.88178e-16
vn 0 1 1.77636e-15
vn 0 1 1.33227e-15
vn 0 1 1.33227e-15
vn 0 1 8.88178e-16
vn 0 1 8.88178e-16
vn 0 1 8.88178e-16
vn 0 1 1.33227e-15
vn 0 1 1.33227e-15
vn 0 1 8.88178e-16
vn 0 1 1.33227e-15
vn -8.88178e-16 1 1.33227e-15
vn 0 1 1.11022e-15
vn 0 1 1.11022e-15
vn 0 1 1.33227e-15
vn 0 1 1.11022e-15
vn -9.19265e-16 1 1.9984e-15
vn 0 1 1.11022e-15
vn 0 1 1.11022e-15
vn 8.88178e-16 1 9.99201e-16
vn -8.88178e-16 1 1.11022e-15
vn 0 1 1.11022e-15
vn 0 1 1.11022e-15
vn 0 1 9.99201e-16
vn 0 1 9.99201e-16
vn 0 1 9.99201e-16
vn -4.59632e-16 1 9.99201e-16
vn 4.44089e-16 1 9.99201e-16
vn 4.44089e-16 1 9.4369e-16
vn 4.44089e-16 1 9.4369e-16
vn 4.44089e-16 1 1.83187e-15
vn -9.03722e-16 1 9.4369e-16
vn 1.04771e-31 1 9.4369e-16
vn 4.44089e-16 1 9.4369e-16
vn -2.37588e-16 1 9.4369e-16
vn -9.03722e-16 1 9.99201e-16
vn 2.22045e-16 1 9.99201e-16
vn 6.81677e-16 1 9.99201e-16
vn 1.2326e-31 1 1.11022e-15
vn 4.44089e-16 1 1.11022e-15
vn 4.51861e-16 1 1.11022e-15
vn 4.51861e-16 1 9.99201e-16
vn -6.73905e-16 1 1.11022e-15
vn 1.18794e-16 1 1.11022e-15
vn -1.2268e-16 1 1.11022e-15
vn -3.44724e-16 1 1.11022e-15
vn 6.73905e-16 1 1.33227e-15
vn 1.11022e-16 1 1.11022e-15
vn -1.18794e-16 1 1.11022e-15
vn 6.24223e-16 1 1.11022e-15
vn 9.71445e-18 1 1.33227e-15
vn 2.81442e-16 1 1.33227e-15
vn 4.96825e-17 1 1.33227e-15
vn -4.57967e-17 1 8.88178e-16
vn -2.83384e-16 1 8.88178e-16
vn -1.03251e-16 1 8.88178e-16
vn 4.96825e-17 1 1.33227e-15
vn 1.72362e-16 1 1.33227e-15
vn -4.38538e-17 1 1.33227e-15
vn -3.4861e-16 1 1.77636e-15
vn -1.18794e-16 1 8.88178e-16
vn 1.11022e-16 1 8.88178e-16
vn -1.07137e-16 1 8.88178e-16
vn -3.4861e-16 1 8.88178e-16
vn -1.2268e-16 1 8.88178e-16
vn 1.18794e-16 1 8.88178e-16
vn -6.73905e-16 1 1.77636e-15
vn 4.51861e-16 1 8.88178e-16
vn 4.44089e-16 1 8.88178e-16
vn 4.44089e-16 1 8.88178e-16
vn -2.29816e-16 1 8.88178e-16
vn -2.14273e-16 1 8.88178e-16
vn 2.22045e-16 1 8.88178e-16
vn -7.77156e-18 1 8.88178e-16
vn 6.73905e-16 1 8.88178e-16
vn -9.03722e-16 1 8.88178e-16
vn 9.86076e-32 1 8.88178e-16
vn 9.86076e-32 1 8.88178e-16
g HubFR_f2
usemtl steel
f 3568//3568 3473//3473 3474//3474
f 3568//3568 3474//3474 3475//3475
f 3568//3568 3475//3475 3476//3476
f 3568//3568 3476//3476 3477//3477
f 3568//3568 3477//3477 3478//3478
f 3568//3568 3478//3478 3479//3479
f 3568//3568 3479//3479 3480//3480
f 3568//3568 3480//3480 3481//3481
f 3568//3568 3481//3481 3482//3482
f 3568//3568 3482//3482 3483//3483
f 3568//3568 3483//3483 3484//3484
f 3568//3568 3484//3484 3485//3485
f 3568//3568 3485//3485 3486//3486
f 3568//3568 3486//3486 3487//3487
f 3568//3568 3487//3487 3488//3488
f 3568//3568 3488//3488 3489//3489
f 3568//3568 3489//3489 3490//3490
f 3568//3568 3490//3490 3491//3491
f 3568//3568 3491//3491 3492//3492
f 3568//3568 3492//3492 3493//3493
f 3568//3568 3493//3493 3494//3494
f 3568//3568 3494//3494 3495//3495
f 3568//3568 3495//3495 3496//3496
f 3568//3568 3496//3496 3497//3497
f 3568//3568 3497//3497 3498//3498
f 3568//3568 3498//3498 3499//3499
f 3568//3568 3499//3499 3500//3500
f 3568//3568 3500//3500 3501//3501
f 3568//3568 3501//3501 3502//3502
f 3568//3568 3502//3502 3503//3503
f 3568//3568 3503//3503 3504//3504
f 3568//3568 3504//3504 3505//3505
f 3568//3568 3505//3505 3506//3506
f 3568//3568 3506//3506 3507//3507
f 3568//3568 3507//3507 3508//3508
f 3568//3568 3508//3508 3509//3509
f 3568//3568 3509//3509 3510//3510
f 3568//3568 3510//3510 3511//3511
f 3568//3568 3511//3511 3512//3512
f 3568//3568 3512//3512 3513//3513
f 3568//3568 3513//3513 3514//3514
f 3568//3568 3514//3514 3515//3515
f 3568//3568 3515//3515 3516//3516
f 3568//3568 3516//3516 3517//3517
f 3568//3568 3517//3517 3518//3518
f 3568//3568 3518//3518 3519//3519
f 3568//3568 3519//3519 3520//3520
f 3568//3568 3520//3520 3521//3521
f 3568//3568 3521//3521 3522//3522
f 3568//3568 3522//3522 3523//3523
f 3568//3568 3523//3523 3524//3524
f 3568//3568 3524//3524 3525//3525
f 3568//3568 3525//3525 3526//3526
f 3568//3568 3526//3526 3527//3527
f 3568//3568 3527//3527 3528//3528
f 3568//3568 3528//3528 3529//3529
f 3568//3568 3529//3529 3530//3530
f 3568//3568 3530//3530 3531//3531
f 3568//3568 3531//3531 3532//3532
f 3568//3568 3532//3532 3533//3533
f 3568//3568 3533//3533 3534//3534
f 3568//3568 3534//3534 3535//3535
f 3568//3568 3535//3535 3536//3536
f 3568//3568 3536//3536 3537//3537
f 3568//3568 3537//3537 3538//3538
f 3568//3568 3538//3538 3539//3539
f 3568//3568 3539//3539 3540//3540
f 3568//3568 3540//3540 3541//3541
f 3568//3568 3541//3541 3542//3542
f 3568//3568 3542//3542 3543//3543
f 3568//3568 3543//3543 3544//3544
f 3568//3568 3544//3544 3545//3545
f 3568//3568 3545//3545 3546//3546
f 3568//3568 3546//3546 3547//3547
f 3568//3568 3547//3547 3548//3548
f 3568//3568 3548//3548 3549//3549
f 3568//3568 3549//3549 3550//3550
f 3568//3568 3550//3550 3551//3551
f 3568//3568 3551//3551 3552//3552
f 3568//3568 3552//3552 3553//3553
f 3568//3568 3553//3553 3554//3554
f 3568//3568 3554//3554 3555//3555
f 3568//3568 3555//3555 3556//3556
f 3568//3568 3556//3556 3557//3557
f 3568//3568 3557//3557 3558//3558
f 3568//3568 3558//3558 3559//3559
f 3568//3568 3559//3559 3560//3560
f 3568//3568 3560//3560 3561//3561
f 3568//3568 3561//3561 3562//3562
f 3568//3568 3562//3562 3563//3563
f 3568//3568 3563//3563 3564//3564
f 3568//3568 3564//3564 3565//3565
f 3568//3568 3565//3565 3566//3566
f 3566//3566 3567//3567 3568//3568
o HubRL
v 2.82 -0.09 0.44
v 2.82065 -0.09 0.454377
v 2.82267 -0.09 0.469114
v 2.82618 -0.09 0.484025
v 2.83123 -0.09 0.498895
v 2.83787 -0.09 0.513487
v 2.84608 -0.09 0.527554
v 2.85578 -0.09 0.540848
v 2.86686 -0.09 0.553137
v 2.87915 -0.09 0.564217
v 2.89245 -0.09 0.573919
v 2.90651 -0.09 0.582125
v 2.9211 -0.09 0.588766
v 2.93597 -0.09 0.593824
v 2.95089 -0.09 0.597329
v 2.96562 -0.09 0.599353
v 2.98 -0.09 0.6
v 2.99438 -0.09 0.599353
v 3.00911 -0.09 0.597329
v 3.02403 -0.09 0.593824
v 3.0389 -0.09 0.588766
v 3.05349 -0.09 0.582125
v 3.06755 -0.09 0.573919
v 3.08085 -0.09 0.564217
v 3.09314 -0.09 0.553137
v 3.10422 -0.09 0.540848
v 3.11392 -0.09 0.527554
v 3.12213 -0.09 0.513487
v 3.12877 -0.09 0.498895
v 3.13382 -0.09 0.484025
v 3.13733 -0.09 0.469114
v 3.13935 -0.09 0.454377
v 3.14 -0.09 0.44
v 3.13935 -0.09 0.425623
v 3.13733 -0.09 0.410886
v 3.13382 -0.09 0.395975
v 3.12877 -0.09 0.381105
v 3.12213 -0.09 0.366513
v 3.11392 -0.09 0.352446
v 3.10422 -0.09 0.339152
v 3.09314 -0.09 0.326863
v 3.08085 -0.09 0.315783
v 3.06755 -0.09 0.306081
v 3.05349 -0.09 0.297875
v 3.0389 -0.09 0.291234
v 3.02403 -0.09 0.286176
v 3.00911 -0.09 0.282671
v 2.99438 -0.09 0.280647
v 2.98 -0.09 0.28
v 2.96562 -0.09 0.280647
v 2.95089 -0.09 0.282671
v 2.93597 -0.09 0.286176
v 2.9211 -0.09 0.291234
v 2.90651 -0.09 0.297875
v 2.89245 -0.09 0.306081
v 2.87915 -0.09 0.315783
v 2.86686 -0.09 0.326863
v 2.85578 -0.09 0.339152
v 2.84608 -0.09 0.352446
v 2.83787 -0.09 0.366513
v 2.83123 -0.09 0.381105
v 2.82618 -0.09 0.395975
v 2.82267 -0.09 0.410886
v 2.82065 -0.09 0.425623
v 2.82 -0.09 0.44
v 2.82 -0.065 0.44
v 2.82065 -0.065 0.454377
v 2.82267 -0.065 0.469114
v 2.82618 -0.065 0.484025
v 2.83123 -0.065 0.498895
v 2.83787 -0.065 0.513487
v 2.84608 -0.065 0.527554
v 2.85578 -0.065 0.540848
v 2.86686 -0.065 0.553137
v 2.87915 -0.065 0.564217
v 2.89245 -0.065 0.573919
v 2.90651 -0.065 0.582125
v 2.9211 -0.065 0.588766
v 2.93597 -0.065 0.593824
v 2.95089 -0.065 0.597329
v 2.96562 -0.065 0.599353
v 2.98 -0.065 0.6
v 2.99438 -0.065 0.599353
v 3.00911 -0.065 0.597329
v 3.02403 -0.065 0.593824
v 3.0389 -0.065 0.588766
v 3.05349 -0.065 0.582125
v 3.06755 -0.065 0.573919
v 3.08085 -0.065 0.564217
v 3.09314 -0.065 0.553137
v 3.10422 -0.065 0.540848
v 3.11392 -0.065 0.527554
v 3.12213 -0.065 0.513487
v 3.12877 -0.065 0.498895
v 3.13382 -0.065 0.484025
v 3.13733 -0.065 0.469114
v 3.13935 -0.065 0.454377
v 3.14 -0.065 0.44
v 3.13935 -0.065 0.425623
v 3.13733 -0.065 0.410886
v 3.13382 -0.065 0.395975
v 3.12877 -0.065 0.381105
v 3.12213 -0.065 0.366513
v 3.11392 -0.065 0.352446
v 3.10422 -0.065 0.339152
v 3.09314 -0.065 0.326863
v 3.08085 -0.065 0.315783
v 3.06755 -0.065 0.306081
v 3.05349 -0.065 0.297875
v 3.0389 -0.065 0.291234
v 3.02403 -0.065 0.286176
v 3.00911 -0.065 0.282671
v 2.99438 -0.065 0.280647
v 2.98 -0.065 0.28
v 2.96562 -0.065 0.280647
v 2.95089 -0.065 0.282671
v 2.93597 -0.065 0.286176
v 2.9211 -0.065 0.291234
v 2.90651 -0.065 0.297875
v 2.89245 -0.065 0.306081
v 2.87915 -0.065 0.315783
v 2.86686 -0.065 0.326863
v 2.85578 -0.065 0.339152
v 2.84608 -0.065 0.352446
v 2.83787 -0.065 0.366513
v 2.83123 -0.065 0.381105
v 2.82618 -0.065 0.395975
v 2.82267 -0.065 0.410886
v 2.82065 -0.065 0.425623
v 2.82 -0.065 0.44
v 2.82 -0.04 0.44
v 2.82065 -0.04 0.454377
v 2.82267 -0.04 0.469114
v 2.82618 -0.04 0.484025
v 2.83123 -0.04 0.498895
v 2.83787 -0.04 0.513487
v 2.84608 -0.04 0.527554
v 2.85578 -0.04 0.540848
v 2.86686 -0.04 0.553137
v 2.87915 -0.04 0.564217
v 2.89245 -0.04 0.573919
v 2.90651 -0.04 0.582125
v 2.9211 -0.04 0.588766
v 2.93597 -0.04 0.593824
v 2.95089 -0.04 0.597329
v 2.96562 -0.04 0.599353
v 2.98 -0.04 0.6
v 2.99438 -0.04 0.599353
v 3.00911 -0.04 0.597329
v 3.02403 -0.04 0.593824
v 3.0389 -0.04 0.588766
v 3.05349 -0.04 0.582125
v 3.06755 -0.04 0.573919
v 3.08085 -0.04 0.564217
v 3.09314 -0.04 0.553137
v 3.10422 -0.04 0.540848
v 3.11392 -0.04 0.527554
v 3.12213 -0.04 0.513487
v 3.12877 -0.04 0.498895
v 3.13382 -0.04 0.484025
v 3.13733 -0.04 0.469114
v 3.13935 -0.04 0.454377
v 3.14 -0.04 0.44
v 3.13935 -0.04 0.425623
v 3.13733 -0.04 0.410886
v 3.13382 -0.04 0.395975
v 3.12877 -0.04 0.381105
v 3.12213 -0.04 0.366513
v 3.11392 -0.04 0.352446
v 3.10422 -0.04 0.339152
v 3.09314 -0.04 0.326863
v 3.08085 -0.04 0.315783
v 3.06755 -0.04 0.306081
v 3.05349 -0.04 0.297875
v 3.0389 -0.04 0.291234
v 3.02403 -0.04 0.286176
v 3.00911 -0.04 0.282671
v 2.99438 -0.04 0.280647
v 2.98 -0.04 0.28
v 2.96562 -0.04 0.280647
v 2.95089 -0.04 0.282671
v 2.93597 -0.04 0.286176
v 2.9211 -0.04 0.291234
v 2.90651 -0.04 0.297875
v 2.89245 -0.04 0.306081
v 2.87915 -0.04 0.315783
v 2.86686 -0.04 0.326863
v 2.85578 -0.04 0.339152
v 2.84608 -0.04 0.352446
v 2.83787 -0.04 0.366513
v 2.83123 -0.04 0.381105
v 2.82618 -0.04 0.395975
v 2.82267 -0.04 0.410886
v 2.82065 -0.04 0.425623
v 2.82 -0.04 0.44
vn -1 0 -9.81308e-16
vn -0.995955 0 0.0898544
vn -0.983305 0 0.181963
vn -0.961399 0 0.275158
vn -0.929788 0 0.368095
vn -0.888284 0 0.459295
vn -0.836996 0 0.54721
vn -0.776353 0 0.630298
vn -0.707107 0 0.707107
vn -0.630298 0 0.776353
vn -0.54721 0 0.836996
vn -0.459295 0 0.888284
vn -0.368095 0 0.929788
vn -0.275158 0 0.961399
vn -0.181963 0 0.983305
vn -0.0898544 0 0.995955
vn -2.45327e-16 0 1
vn 0.0898544 -0 0.995955
vn 0.181963 -0 0.983305
vn 0.275158 -0 0.961399
vn 0.368095 -0 0.929788
vn 0.459295 -0 0.888284
vn 0.54721 -0 0.836996
vn 0.630298 -0 0.776353
vn 0.707107 -0 0.707107
vn 0.776353 -0 0.630298
vn 0.836996 -0 0.54721
vn 0.888284 -0 0.459295
vn 0.929788 -0 0.368095
vn 0.961399 -0 0.275158
vn 0.983305 -0 0.181963
vn 0.995955 -0 0.0898544
vn 1 -0 0
vn 0.995955 0 -0.0898544
vn 0.983305 0 -0.181963
vn 0.961399 0 -0.275158
vn 0.929788 0 -0.368095
vn 0.888284 0 -0.459295
vn 0.836996 0 -0.54721
vn 0.776353 0 -0.630298
vn 0.707107 0 -0.707107
vn 0.630298 0 -0.776353
vn 0.54721 0 -0.836996
vn 0.459295 0 -0.888284
vn 0.368095 0 -0.929788
vn 0.275158 0 -0.961399
vn 0.181963 0 -0.983305
vn 0.0898544 0 -0.995955
vn 2.45327e-16 0 -1
vn -0.0898544 0 -0.995955
vn -0.181963 0 -0.983305
vn -0.275158 0 -0.961399
vn -0.368095 0 -0.929788
vn -0.459295 0 -0.888284
vn -0.54721 0 -0.836996
vn -0.630298 0 -0.776353
vn -0.707107 0 -0.707107
vn -0.776353 0 -0.630298
vn -0.836996 0 -0.54721
vn -0.888284 0 -0.459295
vn -0.929788 0 -0.368095
vn -0.961399 0 -0.275158
vn -0.983305 0 -0.181963
vn -0.995955 0 -0.0898544
vn -1 0 9.81308e-16
vn -1 0 1.96262e-15
vn -0.995955 0 0.0898544
vn -0.983305 0 0.181963
vn -0.961399 0 0.275158
vn -0.929788 0 0.368095
vn -0.888284 0 0.459295
vn -0.836996 0 0.54721
vn -0.776353 0 0.630298
vn -0.707107 0 0.707107
vn -0.630298 0 0.776353
vn -0.54721 0 0.836996
vn -0.459295 0 0.888284
vn -0.368095 0 0.929788
vn -0.275158 0 0.961399
vn -0.181963 0 0.983305
vn -0.0898544 0 0.995955
vn -2.45327e-16 0 1
vn 0.0898544 -0 0.995955
vn 0.181963 -0 0.983305
vn 0.275158 -0 0.961399
vn 0.368095 -0 0.929788
vn 0.459295 -0 0.888284
vn 0.54721 -0 0.836996
vn 0.630298 -0 0.776353
vn 0.707107 -0 0.707107
vn 0.776353 -0 0.630298
vn 0.836996 -0 0.54721
vn 0.888284 -0 0.459295
vn 0.929788 -0 0.368095
vn 0.961399 -0 0.275158
vn 0.983305 -0 0.181963
vn 0.995955 -0 0.0898544
vn 1 -0 1.96262e-15
vn 0.995955 0 -0.0898544
vn 0.983305 0 -0.181963
vn 0.961399 0 -0.275158
vn 0.929788 0 -0.368095
vn 0.888284 0 -0.459295
vn 0.836996 0 -0.54721
vn 0.776353 0 -0.630298
vn 0.707107 0 -0.707107
vn 0.630298 0 -0.776353
vn 0.54721 0 -0.836996
vn 0.459295 0 -0.888284
vn 0.368095 0 -0.929788
vn 0.275158 0 -0.961399
vn 0.181963 0 -0.983305
vn 0.0898544 0 -0.995955
vn 2.45327e-16 0 -1
vn -0.0898544 0 -0.995955
vn -0.181963 0 -0.983305
vn -0.275158 0 -0.961399
vn -0.368095 0 -0.929788
vn -0.459295 0 -0.888284
vn -0.54721 0 -0.836996
vn -0.630298 0 -0.776353
vn -0.707107 0 -0.707107
vn -0.776353 0 -0.630298
vn -0.836996 0 -0.54721
vn -0.888284 0 -0.459295
vn -0.929788 0 -0.368095
vn -0.961399 0 -0.275158
vn -0.983305 0 -0.181963
vn -0.995955 0 -0.0898544
vn -1 0 9.81308e-16
vn -1 0 -9.81308e-16
vn -0.995955 0 0.0898544
vn -0.983305 0 0.181963
vn -0.961399 0 0.275158
vn -0.929788 0 0.368095
vn -0.888284 0 0.459295
vn -0.836996 0 0.54721
vn -0.776353 0 0.630298
vn -0.707107 0 0.707107
vn -0.630298 0 0.776353
vn -0.54721 0 0.836996
vn -0.459295 0 0.888284
vn -0.368095 0 0.929788
vn -0.275158 0 0.961399
vn -0.181963 0 0.983305
vn -0.0898544 0 0.995955
vn -2.45327e-16 0 1
vn 0.0898544 -0 0.995955
vn 0.181963 -0 0.983305
vn 0.275158 -0 0.961399
vn 0.368095 -0 0.929788
vn 0.459295 -0 0.888284
vn 0.54721 -0 0.836996
vn 0.630298 -0 0.776353
vn 0.707107 -0 0.707107
vn 0.776353 -0 0.630298
vn 0.836996 -0 0.54721
vn 0.888284 -0 0.459295
vn 0.929788 -0 0.368095
vn 0.961399 -0 0.275158
vn 0.983305 -0 0.181963
vn 0.995955 -0 0.0898544
vn 1 -0 0
vn 0.995955 0 -0.0898544
vn 0.983305 0 -0.181963
vn 0.961399 0 -0.275158
vn 0.929788 0 -0.368095
vn 0.888284 0 -0.459295
vn 0.836996 0 -0.54721
vn 0.776353 0 -0.630298
vn 0.707107 0 -0.707107
vn 0.630298 0 -0.776353
vn 0.54721 0 -0.836996
vn 0.459295 0 -0.888284
vn 0.368095 0 -0.929788
vn 0.275158 0 -0.961399
vn 0.181963 0 -0.983305
vn 0.0898544 0 -0.995955
vn 2.45327e-16 0 -1
vn -0.0898544 0 -0.995955
vn -0.181963 0 -0.983305
vn -0.275158 0 -0.961399
vn -0.368095 0 -0.929788
vn -0.459295 0 -0.888284
vn -0.54721 0 -0.836996
vn -0.630298 0 -0.776353
vn -0.707107 0 -0.707107
vn -0.776353 0 -0.630298
vn -0.836996 0 -0.54721
vn -0.888284 0 -0.459295
vn -0.929788 0 -0.368095
vn -0.961399 0 -0.275158
vn -0.983305 0 -0.181963
vn -0.995955 0 -0.0898544
vn -1 0 9.81308e-16
g HubRL_f0
usemtl steel
f 3569//3569 3570//3570 3635//3635
f 3569//3569 3635//3635 3634//3634
f 3570//3570 3571//3571 3636//3636
f 3570//3570 3636//3636 3635//3635
f 3571//3571 3572//3572 3637//3637
f 3571//3571 3637//3637 3636//3636
f 3572//3572 3573//3573 3638//3638
f 3572//3572 3638//3638 3637//3637
f 3573//3573 3574//3574 3639//3639
f 3573//3573 3639//3639 3638//3638
f 3574//3574 3575//3575 3640//3640
f 3574//3574 3640//3640 3639//3639
f 3575//3575 3576//3576 3641//3641
f 3575//3575 3641//3641 3640//3640
f 3576//3576 3577//3577 3642//3642
f 3576//3576 3642//3642 3641//3641
f 3577//3577 3578//3578 3643//3643
f 3577//3577 3643//3643 3642//3642
f 3578//3578 3579//3579 3644//3644
f 3578//3578 3644//3644 3643//3643
f 3579//3579 3580//3580 3645//3645
f 3579//3579 3645//3645 3644//3644
f 3580//3580 3581//3581 3646//3646
f 3580//3580 3646//3646 3645//3645
f 3581//3581 3582//3582 3647//3647
f 3581//3581 3647//3647 3646//3646
f 3582//3582 3583//3583 3648//3648
f 3582//3582 3648//3648 3647//3647
f 3583//3583 3584//3584 3649//3649
f 3583//3583 3649//3649 3648//3648
f 3584//3584 3585//3585 3650//3650
f 3584//3584 3650//3650 3649//3649
f 3585//3585 3586//3586 3651//3651
f 3585//3585 3651//3651 3650//3650
f 3586//3586 3587//3587 3652//3652
f 3586//3586 3652//3652 3651//3651
f 3587//3587 3588//3588 3653//3653
f 3587//3587 3653//3653 3652//3652
f 3588//3588 3589//3589 3654//3654
f 3588//3588 3654//3654 3653//3653
f 3589//3589 3590//3590 3655//3655
f 3589//3589 3655//3655 3654//3654
f 3590//3590 3591//3591 3656//3656
f 3590//3590 3656//3656 3655//3655
f 3591//3591 3592//3592 3657//3657
f 3591//3591 3657//3657 3656//3656
f 3592//3592 3593//3593 3658//3658
f 3592//3592 3658//3658 3657//3657
f 3593//3593 3594//3594 3659//3659
f 3593//3593 3659//3659 3658//3658
f 3594//3594 3595//3595 3660//3660
f 3594//3594 3660//3660 3659//3659
f 3595//3595 3596//3596 3661//3661
f 3595//3595 3661//3661 3660//3660
f 3596//3596 3597//3597 3662//3662
f 3596//3596 3662//3662 3661//3661
f 3597//3597 3598//3598 3663//3663
f 3597//3597 3663//3663 3662//3662
f 3598//3598 3599//3599 3664//3664
f 3598//3598 3664//3664 3663//3663
f 3599//3599 3600//3600 3665//3665
f 3599//3599 3665//3665 3664//3664
f 3600//3600 3601//3601 3666//3666
f 3600//3600 3666//3666 3665//3665
f 3601//3601 3602//3602 3667//3667
f 3601//3601 3667//3667 3666//3666
f 3602//3602 3603//3603 3668//3668
f 3602//3602 3668//3668 3667//3667
f 3603//3603 3604//3604 3669//3669
f 3603//3603 3669//3669 3668//3668
f 3604//3604 3605//3605 3670//3670
f 3604//3604 3670//3670 3669//3669
f 3605//3605 3606//3606 3671//3671
f 3605//3605 3671//3671 3670//3670
f 3606//3606 3607//3607 3672//3672
f 3606//3606 3672//3672 3671//3671
f 3607//3607 3608//3608 3673//3673
f 3607//3607 3673//3673 3672//3672
f 3608//3608 3609//3609 3674//3674
f 3608//3608 3674//3674 3673//3673
f 3609//3609 3610//3610 3675//3675
f 3609//3609 3675//3675 3674//3674
f 3610//3610 3611//3611 3676//3676
f 3610//3610 3676//3676 3675//3675
f 3611//3611 3612//3612 3677//3677
f 3611//3611 3677//3677 3676//3676
f 3612//3612 3613//3613 3678//3678
f 3612//3612 3678//3678 3677//3677
f 3613//3613 3614//3614 3679//3679
f 3613//3613 3679//3679 3678//3678
f 3614//3614 3615//3615 3680//3680
f 3614//3614 3680//3680 3679//3679
f 3615//3615 3616//3616 3681//3681
f 3615//3615 3681//3681 3680//3680
f 3616//3616 3617//3617 3682//3682
f 3616//3616 3682//3682 3681//3681
f 3617//3617 3618//3618 3683//3683
f 3617//3617 3683//3683 3682//3682
f 3618//3618 3619//3619 3684//3684
f 3618//3618 3684//3684 3683//3683
f 3619//3619 3620//3620 3685//3685
f 3619//3619 3685//3685 3684//3684
f 3620//3620 3621//3621 3686//3686
f 3620//3620 3686//3686 3685//3685
f 3621//3621 3622//3622 3687//3687
f 3621//3621 3687//3687 3686//3686
f 3622//3622 3623//3623 3688//3688
f 3622//3622 3688//3688 3687//3687
f 3623//3623 3624//3624 3689//3689
f 3623//3623 3689//3689 3688//3688
f 3624//3624 3625//3625 3690//3690
f 3624//3624 3690//3690 3689//3689
f 3625//3625 3626//3626 3691//3691
f 3625//3625 3691//3691 3690//3690
f 3626//3626 3627//3627 3692//3692
f 3626//3626 3692//3692 3691//3691
f 3627//3627 3628//3628 3693//3693
f 3627//3627 3693//3693 3692//3692
f 3628//3628 3629//3629 3694//3694
f 3628//3628 3694//3694 3693//3693
f 3629//3629 3630//3630 3695//3695
f 3629//3629 3695//3695 3694//3694
f 3630//3630 3631//3631 3696//3696
f 3630//3630 3696//3696 3695//3695
f 3631//3631 3632//3632 3697//3697
f 3631//3631 3697//3697 3696//3696
f 3632//3632 3633//3633 3698//3698
f 3632//3632 3698//3698 3697//3697
f 3634//3634 3635//3635 3700//3700
f 3634//3634 3700//3700 3699//3699
f 3635//3635 3636//3636 3701//3701
f 3635//3635 3701//3701 3700//3700
f 3636//3636 3637//3637 3702//3702
f 3636//3636 3702//3702 3701//3701
f 3637//3637 3638//3638 3703//3703
f 3637//3637 3703//3703 3702//3702
f 3638//3638 3639//3639 3704//3704
f 3638//3638 3704//3704 3703//3703
f 3639//3639 3640//3640 3705//3705
f 3639//3639 3705//3705 3704//3704
f 3640//3640 3641//3641 3706//3706
f 3640//3640 3706//3706 3705//3705
f 3641//3641 3642//3642 3707//3707
f 3641//3641 3707//3707 3706//3706
f 3642//3642 3643//3643 3708//3708
f 3642//3642 3708//3708 3707//3707
f 3643//3643 3644//3644 3709//3709
f 3643//3643 3709//3709 3708//3708
f 3644//3644 3645//3645 3710//3710
f 3644//3644 3710//3710 3709//3709
f 3645//3645 3646//3646 3711//3711
f 3645//3645 3711//3711 3710//3710
f 3646//3646 3647//3647 3712//3712
f 3646//3646 3712//3712 3711//3711
f 3647//3647 3648//3648 3713//3713
f 3647//3647 3713//3713 3712//3712
f 3648//3648 3649//3649 3714//3714
f 3648//3648 3714//3714 3713//3713
f 3649//3649 3650//3650 3715//3715
f 3649//3649 3715//3715 3714//3714
f 3650//3650 3651//3651 3716//3716
f 3650//3650 3716//3716 3715//3715
f 3651//3651 3652//3652 3717//3717
f 3651//3651 3717//3717 3716//3716
f 3652//3652 3653//3653 3718//3718
f 3652//3652 3718//3718 3717//3717
f 3653//3653 3654//3654 3719//3719
f 3653//3653 3719//3719 3718//3718
f 3654//3654 3655//3655 3720//3720
f 3654//3654 3720//3720 3719//3719
f 3655//3655 3656//3656 3721//3721
f 3655//3655 3721//3721 3720//3720
f 3656//3656 3657//3657 3722//3722
f 3656//3656 3722//3722 3721//3721
f 3657//3657 3658//3658 3723//3723
f 3657//3657 3723//3723 3722//3722
f 3658//3658 3659//3659 3724//3724
f 3658//3658 3724//3724 3723//3723
f 3659//3659 3660//3660 3725//3725
f 3659//3659 3725//3725 3724//3724
f 3660//3660 3661//3661 3726//3726
f 3660//3660 3726//3726 3725//3725
f 3661//3661 3662//3662 3727//3727
f 3661//3661 3727//3727 3726//3726
f 3662//3662 3663//3663 3728//3728
f 3662//3662 3728//3728 3727//3727
f 3663//3663 3664//3664 3729//3729
f 3663//3663 3729//3729 3728//3728
f 3664//3664 3665//3665 3730//3730
f 3664//3664 3730//3730 3729//3729
f 3665//3665 3666//3666 3731//3731
f 3665//3665 3731//3731 3730//3730
f 3666//3666 3667//3667 3732//3732
f 3666//3666 3732//3732 3731//3731
f 3667//3667 3668//3668 3733//3733
f 3667//3667 3733//3733 3732//3732
f 3668//3668 3669//3669 3734//3734
f 3668//3668 3734//3734 3733//3733
f 3669//3669 3670//3670 3735//3735
f 3669//3669 3735//3735 3734//3734
f 3670//3670 3671//3671 3736//3736
f 3670//3670 3736//3736 3735//3735
f 3671//3671 3672//3672 3737//3737
f 3671//3671 3737//3737 3736//3736
f 3672//3672 3673//3673 3738//3738
f 3672//3672 3738//3738 3737//3737
f 3673//3673 3674//3674 3739//3739
f 3673//3673 3739//3739 3738//3738
f 3674//3674 3675//3675 3740//3740
f 3674//3674 3740//3740 3739//3739
f 3675//3675 3676//3676 3741//3741
f 3675//3675 3741//3741 3740//3740
f 3676//3676 3677//3677 3742//3742
f 3676//3676 3742//3742 3741//3741
f 3677//3677 3678//3678 3743//3743
f 3677//3677 3743//3743 3742//3742
f 3678//3678 3679//3679 3744//3744
f 3678//3678 3744//3744 3743//3743
f 3679//3679 3680//3680 3745//3745
f 3679//3679 3745//3745 3744//3744
f 3680//3680 3681//3681 3746//3746
f 3680//3680 3746//3746 3745//3745
f 3681//3681 3682//3682 3747//3747
f 3681//3681 3747//3747 3746//3746
f 3682//3682 3683//3683 3748//3748
f 3682//3682 3748//3748 3747//3747
f 3683//3683 3684//3684 3749//3749
f 3683//3683 3749//3749 3748//3748
f 3684//3684 3685//3685 3750//3750
f 3684//3684 3750//3750 3749//3749
f 3685//3685 3686//3686 3751//3751
f 3685//3685 3751//3751 3750//3750
f 3686//3686 3687//3687 3752//3752
f 3686//3686 3752//3752 3751//3751
f 3687//3687 3688//3688 3753//3753
f 3687//3687 3753//3753 3752//3752
f 3688//3688 3689//3689 3754//3754
f 3688//3688 3754//3754 3753//3753
f 3689//3689 3690//3690 3755//3755
f 3689//3689 3755//3755 3754//3754
f 3690//3690 3691//3691 3756//3756
f 3690//3690 3756//3756 3755//3755
f 3691//3691 3692//3692 3757//3757
f 3691//3691 3757//3757 3756//3756
f 3692//3692 3693//3693 3758//3758
f 3692//3692 3758//3758 3757//3757
f 3693//3693 3694//3694 3759//3759
f 3693//3693 3759//3759 3758//3758
f 3694//3694 3695//3695 3760//3760
f 3694//3694 3760//3760 3759//3759
f 3695//3695 3696//3696 3761//3761
f 3695//3695 3761//3761 3760//3760
f 3696//3696 3697//3697 3762//3762
f 3696//3696 3762//3762 3761//3761
f 3697//3697 3698//3698 3763//3763
f 3697//3697 3763//3763 3762//3762
v 2.82 -0.09 0.44
v 2.82065 -0.09 0.425623
v 2.82267 -0.09 0.410886
v 2.82618 -0.09 0.395975
v 2.83123 -0.09 0.381105
v 2.83436 -0.09 0.373759
v 2.83787 -0.09 0.366513
v 2.84179 -0.09 0.359398
v 2.84608 -0.09 0.352446
v 2.85075 -0.09 0.345688
v 2.85578 -0.09 0.339152
v 2.86116 -0.09 0.332868
v 2.86686 -0.09 0.326863
v 2.87287 -0.09 0.321161
v 2.87915 -0.09 0.315783
v 2.88569 -0.09 0.310751
v 2.89245 -0.09 0.306081
v 2.8994 -0.09 0.301785
v 2.90651 -0.09 0.297875
v 2.91376 -0.09 0.294356
v 2.9211 -0.09 0.291234
v 2.93597 -0.09 0.286176
v 2.95089 -0.09 0.282671
v 2.96562 -0.09 0.280647
v 2.98 -0.09 0.28
v 2.99438 -0.09 0.280647
v 3.00911 -0.09 0.282671
v 3.02403 -0.09 0.286176
v 3.0389 -0.09 0.291234
v 3.04624 -0.09 0.294356
v 3.05349 -0.09 0.297875
v 3.0606 -0.09 0.301785
v 3.06755 -0.09 0.306081
v 3.07431 -0.09 0.310751
v 3.08085 -0.09 0.315783
v 3.08713 -0.09 0.321161
v 3.09314 -0.09 0.326863
v 3.09884 -0.09 0.332868
v 3.10422 -0.09 0.339152
v 3.10925 -0.09 0.345688
v 3.11392 -0.09 0.352446
v 3.11821 -0.09 0.359398
v 3.12213 -0.09 0.366513
v 3.12564 -0.09 0.373759
v 3.12877 -0.09 0.381105
v 3.13382 -0.09 0.395975
v 3.13733 -0.09 0.410886
v 3.13935 -0.09 0.425623
v 3.14 -0.09 0.44
v 3.13935 -0.09 0.454377
v 3.13733 -0.09 0.469114
v 3.13382 -0.09 0.484025
v 3.12877 -0.09 0.498895
v 3.12564 -0.09 0.506241
v 3.12213 -0.09 0.513487
v 3.11821 -0.09 0.520602
v 3.11392 -0.09 0.527554
v 3.10925 -0.09 0.534312
v 3.10422 -0.09 0.540848
v 3.09884 -0.09 0.547132
v 3.09314 -0.09 0.553137
v 3.08713 -0.09 0.558839
v 3.08085 -0.09 0.564217
v 3.07431 -0.09 0.569249
v 3.06755 -0.09 0.573919
v 3.0606 -0.09 0.578215
v 3.05349 -0.09 0.582125
v 3.04624 -0.09 0.585644
v 3.0389 -0.09 0.588766
v 3.02403 -0.09 0.593824
v 3.00911 -0.09 0.597329
v 2.99438 -0.09 0.599353
v 2.98 -0.09 0.6
v 2.96562 -0.09 0.599353
v 2.95089 -0.09 0.597329
v 2.93597 -0.09 0.593824
v 2.9211 -0.09 0.588766
v 2.91376 -0.09 0.585644
v 2.90651 -0.09 0.582125
v 2.8994 -0.09 0.578215
v 2.89245 -0.09 0.573919
v 2.88569 -0.09 0.569249
v 2.87915 -0.09 0.564217
v 2.87287 -0.09 0.558839
v 2.86686 -0.09 0.553137
v 2.86116 -0.09 0.547132
v 2.85578 -0.09 0.540848
v 2.85075 -0.09 0.534312
v 2.84608 -0.09 0.527554
v 2.84179 -0.09 0.520602
v 2.83787 -0.09 0.513487
v 2.83436 -0.09 0.506241
v 2.83123 -0.09 0.498895
v 2.82618 -0.09 0.484025
v 2.82267 -0.09 0.469114
v 2.82065 -0.09 0.454377
vn -7.77156e-18 -1 -2.94903e-17
vn -2.77556e-17 -1 -2.94903e-17
vn 3.38618e-17 -1 -2.94903e-17
vn 3.38618e-17 -1 -3.1225e-17
vn -1.38778e-17 -1 -3.1225e-17
vn -7.77156e-18 -1 -3.1225e-17
vn -1.77636e-17 -1 -3.1225e-17
vn -9.99201e-18 -1 -3.1225e-17
vn -7.77156e-18 -1 -3.1225e-17
vn -3.05311e-18 -1 -3.46945e-17
vn 3.88578e-18 -1 -3.46945e-17
vn 3.88578e-18 -1 -3.46945e-17
vn 3.05311e-18 -1 -3.46945e-17
vn -1.4988e-17 -1 -3.46945e-17
vn 4.08007e-17 -1 -3.46945e-17
vn -3.05311e-18 -1 -4.16334e-17
vn 9.99201e-18 -1 -4.16334e-17
vn -3.38618e-17 -1 -4.16334e-17
vn -3.08087e-17 -1 -4.16334e-17
vn -7.91034e-18 -1 -4.16334e-17
vn -1.58207e-17 -1 -4.16334e-17
vn -1.30451e-17 -1 -1.38778e-17
vn -1.36696e-17 -1 -4.16334e-17
vn 5.34295e-18 -1 -4.16334e-17
vn 8.88178e-18 -1 -5.55112e-17
vn 5.34295e-18 -1 -5.55112e-17
vn -1.02002e-17 -1 -5.55112e-17
vn 4.17721e-17 -1 -5.55112e-17
vn -1.58207e-17 -1 -2.77556e-17
vn -4.44089e-18 -1 -2.77556e-17
vn -1.4988e-17 -1 -2.77556e-17
vn 2.53964e-17 -1 -2.77556e-17
vn -1.94289e-18 -1 -2.77556e-17
vn 3.88578e-18 -1 -2.77556e-17
vn 4.08007e-17 -1 -2.77556e-17
vn 3.88578e-18 -1 -2.77556e-17
vn -1.08247e-17 -1 -2.77556e-17
vn -8.32667e-19 -1 -5.55112e-17
vn -9.99201e-18 -1 -5.55112e-17
vn -3.05311e-18 -1 -2.77556e-17
vn -3.77476e-17 -1 -2.77556e-17
vn -1.38778e-17 -1 -2.77556e-17
vn -3.88578e-18 -1 -2.77556e-17
vn -1.38778e-17 -1 -5.55112e-17
vn -1.77636e-17 -1 -2.77556e-17
vn -1.38778e-17 -1 -5.55112e-17
vn 1.9984e-17 -1 -2.77556e-17
vn -1.38778e-17 -1 -2.77556e-17
vn -7.77156e-18 -1 -2.77556e-17
vn -2.77556e-17 -1 -5.55112e-17
vn -2.77556e-17 -1 -2.77556e-17
vn 0 -1 -2.77556e-17
vn 4.77396e-17 -1 -2.77556e-17
vn 1.9984e-17 -1 -5.55112e-17
vn 2.77556e-17 -1 -2.77556e-17
vn -2.77556e-17 -1 -2.77556e-17
vn -2.77556e-17 -1 -2.77556e-17
vn 0 -1 -2.77556e-17
vn 3.9968e-17 -1 -2.77556e-17
vn -6.77236e-17 -1 -5.55112e-17
vn 0 -1 -2.77556e-17
vn 0 -1 -2.77556e-17
vn -6.77236e-17 -1 -2.77556e-17
vn -2.77556e-17 -1 -5.55112e-17
vn -2.77556e-17 -1 -2.77556e-17
vn 0 -1 -2.77556e-17
vn -2.77556e-17 -1 -2.77556e-17
vn 2.77556e-17 -1 -2.77556e-17
vn 2.77556e-17 -1 -2.77556e-17
vn 0 -1 -5.55112e-17
vn 0 -1 -2.77556e-17
vn 0 -1 -5.55112e-17
vn -2.77556e-17 -1 -5.55112e-17
vn 0 -1 -5.55112e-17
vn 0 -1 -4.16334e-17
vn -6.77236e-17 -1 -1.38778e-17
vn 2.77556e-17 -1 -4.16334e-17
vn 2.77556e-17 -1 -4.16334e-17
vn 2.77556e-17 -1 -2.77556e-17
vn 0 -1 -4.16334e-17
vn -2.77556e-17 -1 -4.16334e-17
vn 2.77556e-17 -1 -3.46945e-17
vn -3.9968e-17 -1 -3.46945e-17
vn -2.77556e-17 -1 -3.46945e-17
vn 0 -1 -3.46945e-17
vn -6.77236e-17 -1 -3.46945e-17
vn 3.9968e-17 -1 -3.46945e-17
vn -2.77556e-17 -1 -3.46945e-17
vn 0 -1 -3.1225e-17
vn -2.77556e-17 -1 -3.1225e-17
vn 6.93335e-33 -1 -3.1225e-17
vn 2.77556e-17 -1 -3.1225e-17
vn 4.77396e-17 -1 -3.1225e-17
vn 0 -1 -3.1225e-17
vn 0 -1 -5.72459e-17
vn -3.27408e-33 -1 -2.94903e-17
g HubRL_f1
usemtl steel
f 3859//3859 3764//3764 3765//3765
f 3859//3859 3765//3765 3766//3766
f 3859//3859 3766//3766 3767//3767
f 3859//3859 3767//3767 3768//3768
f 3859//3859 3768//3768 3769//3769
f 3859//3859 3769//3769 3770//3770
f 3859//3859 3770//3770 3771//3771
f 3859//3859 3771//3771 3772//3772
f 3859//3859 3772//3772 3773//3773
f 3859//3859 3773//3773 3774//3774
f 3859//3859 3774//3774 3775//3775
f 3859//3859 3775//3775 3776//3776
f 3859//3859 3776//3776 3777//3777
f 3859//3859 3777//3777 3778//3778
f 3859//3859 3778//3778 3779//3779
f 3859//3859 3779//3779 3780//3780
f 3859//3859 3780//3780 3781//3781
f 3859//3859 3781//3781 3782//3782
f 3859//3859 3782//3782 3783//3783
f 3859//3859 3783//3783 3784//3784
f 3859//3859 3784//3784 3785//3785
f 3859//3859 3785//3785 3786//3786
f 3859//3859 3786//3786 3787//3787
f 3859//3859 3787//3787 3788//3788
f 3859//3859 3788//3788 3789//3789
f 3859//3859 3789//3789 3790//3790
f 3859//3859 3790//3790 3791//3791
f 3859//3859 3791//3791 3792//3792
f 3859//3859 3792//3792 3793//3793
f 3859//3859 3793//3793 3794//3794
f 3859//3859 3794//3794 3795//3795
f 3859//3859 3795//3795 3796//3796
f 3859//3859 3796//3796 3797//3797
f 3859//3859 3797//3797 3798//3798
f 3859//3859 3798//3798 3799//3799
f 3859//3859 3799//3799 3800//3800
f 3859//3859 3800//3800 3801//3801
f 3859//3859 3801//3801 3802//3802
f 3859//3859 3802//3802 3803//3803
f 3859//3859 3803//3803 3804//3804
f 3859//3859 3804//3804 3805//3805
f 3859//3859 3805//3805 3806//3806
f 3859//3859 3806//3806 3807//3807
f 3859//3859 3807//3807 3808//3808
f 3859//3859 3808//3808 3809//3809
f 3859//3859 3809//3809 3810//3810
f 3859//3859 3810//3810 3811//3811
f 3859//3859 3811//3811 3812//3812
f 3859//3859 3812//3812 3813//3813
f 3859//3859 3813//3813 3814//3814
f 3859//3859 3814//3814 3815//3815
f 3859//3859 3815//3815 3816//3816
f 3859//3859 3816//3816 3817//3817
f 3859//3859 3817//3817 3818//3818
f 3859//3859 3818//3818 3819//3819
f 3859//3859 3819//3819 3820//3820
f 3859//3859 3820//3820 3821//3821
f 3859//3859 3821//3821 3822//3822
f 3859//3859 3822//3822 3823//3823
f 3859//3859 3823//3823 3824//3824
f 3859//3859 3824//3824 3825//3825
f 3859//3859 3825//3825 3826//3826
f 3859//3859 3826//3826 3827//3827
f 3859//3859 3827//3827 3828//3828
f 3859//3859 3828//3828 3829//3829
f 3859//3859 3829//3829 3830//3830
f 3859//3859 3830//3830 3831//3831
f 3859//3859 3831//3831 3832//3832
f 3859//3859 3832//3832 3833//3833
f 3859//3859 3833//3833 3834//3834
f 3859//3859 3834//3834 3835//3835
f 3859//3859 3835//3835 3836//3836
f 3859//3859 3836//3836 3837//3837
f 3859//3859 3837//3837 3838//3838
f 3859//3859 3838//3838 3839//3839
f 3859//3859 3839//3839 3840//3840
f 3859//3859 3840//3840 3841//3841
f 3859//3859 3841//3841 3842//3842
f 3859//3859 3842//3842 3843//3843
f 3859//3859 3843//3843 3844//3844
f 3859//3859 3844//3844 3845//3845
f 3859//3859 3845//3845 3846//3846
f 3859//3859 3846//3846 3847//3847
f 3859//3859 3847//3847 3848//3848
f 3859//3859 3848//3848 3849//3849
f 3859//3859 3849//3849 3850//3850
f 3859//3859 3850//3850 3851//3851
f 3859//3859 3851//3851 3852//3852
f 3859//3859 3852//3852 3853//3853
f 3859//3859 3853//3853 3854//3854
f 3859//3859 3854//3854 3855//3855
f 3859//3859 3855//3855 3856//3856
f 3859//3859 3856//3856 3857//3857
f 3857//3857 3858//3858 3859//3859
v 2.82 -0.04 0.44
v 2.82065 -0.04 0.454377
v 2.82267 -0.04 0.469114
v 2.82618 -0.04 0.484025
v 2.83123 -0.04 0.498895
v 2.83436 -0.04 0.506241
v 2.83787 -0.04 0.513487
v 2.84179 -0.04 0.520602
v 2.84608 -0.04 0.527554
v 2.85075 -0.04 0.534312
v 2.85578 -0.04 0.540848
v 2.86116 -0.04 0.547132
v 2.86686 -0.04 0.553137
v 2.87287 -0.04 0.558839
v 2.87915 -0.04 0.564217
v 2.88569 -0.04 0.569249
v 2.89245 -0.04 0.573919
v 2.8994 -0.04 0.578215
v 2.90651 -0.04 0.582125
v 2.91376 -0.04 0.585644
v 2.9211 -0.04 0.588766
v 2.93597 -0.04 0.593824
v 2.95089 -0.04 0.597329
v 2.96562 -0.04 0.599353
v 2.98 -0.04 0.6
v 2.99438 -0.04 0.599353
v 3.00911 -0.04 0.597329
v 3.02403 -0.04 0.593824
v 3.0389 -0.04 0.588766
v 3.04624 -0.04 0.585644
v 3.05349 -0.04 0.582125
v 3.0606 -0.04 0.578215
v 3.06755 -0.04 0.573919
v 3.07431 -0.04 0.569249
v 3.08085 -0.04 0.564217
v 3.08713 -0.04 0.558839
v 3.09314 -0.04 0.553137
v 3.09884 -0.04 0.547132
v 3.10422 -0.04 0.540848
v 3.10925 -0.04 0.534312
v 3.11392 -0.04 0.527554
v 3.11821 -0.04 0.520602
v 3.12213 -0.04 0.513487
v 3.12564 -0.04 0.506241
v 3.12877 -0.04 0.498895
v 3.13382 -0.04 0.484025
v 3.13733 -0.04 0.469114
v 3.13935 -0.04 0.454377
v 3.14 -0.04 0.44
v 3.13935 -0.04 0.425623
v 3.13733 -0.04 0.410886
v 3.13382 -0.04 0.395975
v 3.12877 -0.04 0.381105
v 3.12564 -0.04 0.373759
v 3.12213 -0.04 0.366513
v 3.11821 -0.04 0.359398
v 3.11392 -0.04 0.352446
v 3.10925 -0.04 0.345688
v 3.10422 -0.04 0.339152
v 3.09884 -0.04 0.332868
v 3.09314 -0.04 0.326863
v 3.08713 -0.04 0.321161
v 3.08085 -0.04 0.315783
v 3.07431 -0.04 0.310751
v 3.06755 -0.04 0.306081
v 3.0606 -0.04 0.301785
v 3.05349 -0.04 0.297875
v 3.04624 -0.04 0.294356
v 3.0389 -0.04 0.291234
v 3.02403 -0.04 0.286176
v 3.00911 -0.04 0.282671
v 2.99438 -0.04 0.280647
v 2.98 -0.04 0.28
v 2.96562 -0.04 0.280647
v 2.95089 -0.04 0.282671
v 2.93597 -0.04 0.286176
v 2.9211 -0.04 0.291234
v 2.91376 -0.04 0.294356
v 2.90651 -0.04 0.297875
v 2.8994 -0.04 0.301785
v 2.89245 -0.04 0.306081
v 2.88569 -0.04 0.310751
v 2.87915 -0.04 0.315783
v 2.87287 -0.04 0.321161
v 2.86686 -0.04 0.326863
v 2.86116 -0.04 0.332868
v 2.85578 -0.04 0.339152
v 2.85075 -0.04 0.345688
v 2.84608 -0.04 0.352446
v 2.84179 -0.04 0.359398
v 2.83787 -0.04 0.366513
v 2.83436 -0.04 0.373759
v 2.83123 -0.04 0.381105
v 2.82618 -0.04 0.395975
v 2.82267 -0.04 0.410886
v 2.82065 -0.04 0.425623
vn -3.08149e-33 1 2.77556e-17
vn 6.93889e-18 1 1.38778e-17
vn 8.88178e-18 1 1.38778e-17
vn 0 1 2.77556e-17
vn 0 1 1.38778e-17
vn 0 1 2.77556e-17
vn 0 1 2.77556e-17
vn 0 1 1.38778e-17
vn 0 1 2.77556e-17
vn 1.38778e-17 1 1.38778e-17
vn 0 1 1.38778e-17
vn 1.77636e-17 1 1.38778e-17
vn 0 1 1.38778e-17
vn 0 1 1.38778e-17
vn 1.77636e-17 1 2.77556e-17
vn -1.38778e-17 1 2.77556e-17
vn 0 1 1.38778e-17
vn 0 1 1.38778e-17
vn 0 1 1.38778e-17
vn 0 1 2.77556e-17
vn 0 1 1.38778e-17
vn 1.77636e-17 1 2.77556e-17
vn 0 1 2.77556e-17
vn 0 1 2.08167e-17
vn 0 1 1.38778e-17
vn 0 1 1.38778e-17
vn 0 1 2.08167e-17
vn 1.77636e-17 1 2.08167e-17
vn 0 1 2.08167e-17
vn 0 1 2.08167e-17
vn 0 1 2.08167e-17
vn 0 1 1.73472e-17
vn 0 1 2.08167e-17
vn -1.38778e-17 1 1.73472e-17
vn 1.77636e-17 1 1.73472e-17
vn 0 1 2.08167e-17
vn 0 1 1.73472e-17
vn 1.77636e-17 1 1.73472e-17
vn 1.38778e-17 1 1.73472e-17
vn 0 1 1.73472e-17
vn 0 1 1.56125e-17
vn 0 1 1.56125e-17
vn 1.77636e-17 1 1.56125e-17
vn 8.88178e-18 1 2.94903e-17
vn 0 1 1.56125e-17
vn 0 1 1.56125e-17
vn 2.27596e-17 1 1.47451e-17
vn 6.93889e-18 1 2.86229e-17
vn 1.58207e-17 1 1.47451e-17
vn -1.63704e-33 1 1.47451e-17
vn 1.58207e-17 1 1.47451e-17
vn 1.73334e-33 1 1.56125e-17
vn -6.93889e-18 1 2.94903e-17
vn 6.93889e-18 1 1.56125e-17
vn 1.13798e-17 1 2.94903e-17
vn 0 1 1.56125e-17
vn -4.44089e-18 1 2.94903e-17
vn -1.13798e-17 1 3.1225e-17
vn 5.41234e-18 1 1.73472e-17
vn -7.91034e-18 1 1.73472e-17
vn 4.44089e-18 1 1.73472e-17
vn -1.36002e-17 1 1.73472e-17
vn -1.58207e-17 1 1.73472e-17
vn -7.91034e-18 1 1.73472e-17
vn -4.71845e-18 1 1.73472e-17
vn 3.19189e-18 1 1.73472e-17
vn -4.44089e-18 1 2.08167e-17
vn 2.84495e-18 1 2.08167e-17
vn 1.59595e-18 1 2.08167e-17
vn 4.30211e-18 1 2.08167e-17
vn 6.245e-19 1 2.77556e-17
vn 6.03684e-18 1 1.38778e-17
vn -8.29198e-18 1 2.77556e-17
vn 1.21084e-17 1 2.08167e-17
vn -3.08781e-18 1 2.77556e-17
vn -9.74915e-18 1 2.77556e-17
vn 6.80012e-18 1 1.38778e-17
vn 6.31439e-18 1 2.77556e-17
vn -4.44089e-18 1 2.77556e-17
vn 1.01308e-17 1 1.38778e-17
vn 2.22045e-18 1 1.38778e-17
vn -8.39606e-18 1 1.38778e-17
vn 5.41234e-18 1 4.16334e-17
vn -1.36002e-17 1 1.38778e-17
vn -2.498e-18 1 1.38778e-17
vn 1.58207e-17 1 1.38778e-17
vn -4.44089e-18 1 1.38778e-17
vn -1.13798e-17 1 1.38778e-17
vn -4.44089e-18 1 1.38778e-17
vn 1.13798e-17 1 1.38778e-17
vn 4.44089e-18 1 1.38778e-17
vn 6.93889e-18 1 1.38778e-17
vn -4.44089e-18 1 1.38778e-17
vn 6.93889e-18 1 1.38778e-17
vn 0 1 1.38778e-17
vn 0 1 1.38778e-17
g HubRL_f2
usemtl steel
f 3955//3955 3860//3860 3861//3861
f 3955//3955 3861//3861 3862//3862
f 3955//3955 3862//3862 3863//3863
f 3955//3955 3863//3863 3864//3864
f 3955//3955 3864//3864 3865//3865
f 3955//3955 3865//3865 3866//3866
f 3955//3955 3866//3866 3867//3867
f 3955//3955 3867//3867 3868//3868
f 3955//3955 3868//3868 3869//3869
f 3955//3955 3869//3869 3870//3870
f 3955//3955 3870//3870 3871//3871
f 3955//3955 3871//3871 3872//3872
f 3955//3955 3872//3872 3873//3873
f 3955//3955 3873//3873 3874//3874
f 3955//3955 3874//3874 3875//3875
f 3955//3955 3875//3875 3876//3876
f 3955//3955 3876//3876 3877//3877
f 3955//3955 3877//3877 3878//3878
f 3955//3955 3878//3878 3879//3879
f 3955//3955 3879//3879 3880//3880
f 3955//3955 3880//3880 3881//3881
f 3955//3955 3881//3881 3882//3882
f 3955//3955 3882//3882 3883//3883
f 3955//3955 3883//3883 3884//3884
f 3955//3955 3884//3884 3885//3885
f 3955//3955 3885//3885 3886//3886
f 3955//3955 3886//3886 3887//3887
f 3955//3955 3887//3887 3888//3888
f 3955//3955 3888//3888 3889//3889
f 3955//3955 3889//3889 3890//3890
f 3955//3955 3890//3890 3891//3891
f 3955//3955 3891//3891 3892//3892
f 3955//3955 3892//3892 3893//3893
f 3955//3955 3893//3893 3894//3894
f 3955//3955 3894//3894 3895//3895
f 3955//3955 3895//3895 3896//3896
f 3955//3955 3896//3896 3897//3897
f 3955//3955 3897//3897 3898//3898
f 3955//3955 3898//3898 3899//3899
f 3955//3955 3899//3899 3900//3900
f 3955//3955 3900//3900 3901//3901
f 3955//3955 3901//3901 3902//3902
f 3955//3955 3902//3902 3903//3903
f 3955//3955 3903//3903 3904//3904
f 3955//3955 3904//3904 3905//3905
f 3955//3955 3905//3905 3906//3906
f 3955//3955 3906//3906 3907//3907
f 3955//3955 3907//3907 3908//3908
f 3955//3955 3908//3908 3909//3909
f 3955//3955 3909//3909 3910//3910
f 3955//3955 3910//3910 3911//3911
f 3955//3955 3911//3911 3912//3912
f 3955//3955 3912//3912 3913//3913
f 3955//3955 3913//3913 3914//3914
f 3955//3955 3914//3914 3915//3915
f 3955//3955 3915//3915 3916//3916
f 3955//3955 3916//3916 3917//3917
f 3955//3955 3917//3917 3918//3918
f 3955//3955 3918//3918 3919//3919
f 3955//3955 3919//3919 3920//3920
f 3955//3955 3920//3920 3921//3921
f 3955//3955 3921//3921 3922//3922
f 3955//3955 3922//3922 3923//3923
f 3955//3955 3923//3923 3924//3924
f 3955//3955 3924//3924 3925//3925
f 3955//3955 3925//3925 3926//3926
f 3955//3955 3926//3926 3927//3927
f 3955//3955 3927//3927 3928//3928
f 3955//3955 3928//3928 3929//3929
f 3955//3955 3929//3929 3930//3930
f 3955//3955 3930//3930 3931//3931
f 3955//3955 3931//3931 3932//3932
f 3955//3955 3932//3932 3933//3933
f 3955//3955 3933//3933 3934//3934
f 3955//3955 3934//3934 3935//3935
f 3955//3955 3935//3935 3936//3936
f 3955//3955 3936//3936 3937//3937
f 3955//3955 3937//3937 3938//3938
f 3955//3955 3938//3938 3939//3939
f 3955//3955 3939//3939 3940//3940
f 3955//3955 3940//3940 3941//3941
f 3955//3955 3941//3941 3942//3942
f 3955//3955 3942//3942 3943//3943
f 3955//3955 3943//3943 3944//3944
f 3955//3955 3944//3944 3945//3945
f 3955//3955 3945//3945 3946//3946
f 3955//3955 3946//3946 3947//3947
f 3955//3955 3947//3947 3948//3948
f 3955//3955 3948//3948 3949//3949
f 3955//3955 3949//3949 3950//3950
f 3955//3955 3950//3950 3951//3951
f 3955//3955 3951//3951 3952//3952
f 3955//3955 3952//3952 3953//3953
f 3953//3953 3954//3954 3955//3955
o HubRR
v 2.82 2.02 0.44
v 2.82065 2.02 0.454377
v 2.82267 2.02 0.469114
v 2.82618 2.02 0.484025
v 2.83123 2.02 0.498895
v 2.83787 2.02 0.513487
v 2.84608 2.02 0.527554
v 2.85578 2.02 0.540848
v 2.86686 2.02 0.553137
v 2.87915 2.02 0.564217
v 2.89245 2.02 0.573919
v 2.90651 2.02 0.582125
v 2.9211 2.02 0.588766
v 2.93597 2.02 0.593824
v 2.95089 2.02 0.597329
v 2.96562 2.02 0.599353
v 2.98 2.02 0.6
v 2.99438 2.02 0.599353
v 3.00911 2.02 0.597329
v 3.02403 2.02 0.593824
v 3.0389 2.02 0.588766
v 3.05349 2.02 0.582125
v 3.06755 2.02 0.573919
v 3.08085 2.02 0.564217
v 3.09314 2.02 0.553137
v 3.10422 2.02 0.540848
v 3.11392 2.02 0.527554
v 3.12213 2.02 0.513487
v 3.12877 2.02 0.498895
v 3.13382 2.02 0.484025
v 3.13733 2.02 0.469114
v 3.13935 2.02 0.454377
v 3.14 2.02 0.44
v 3.13935 2.02 0.425623
v 3.13733 2.02 0.410886
v 3.13382 2.02 0.395975
v 3.12877 2.02 0.381105
v 3.12213 2.02 0.366513
v 3.11392 2.02 0.352446
v 3.10422 2.02 0.339152
v 3.09314 2.02 0.326863
v 3.08085 2.02 0.315783
v 3.06755 2.02 0.306081
v 3.05349 2.02 0.297875
v 3.0389 2.02 0.291234
v 3.02403 2.02 0.286176
v 3.00911 2.02 0.282671
v 2.99438 2.02 0.280647
v 2.98 2.02 0.28
v 2.96562 2.02 0.280647
v 2.95089 2.02 0.282671
v 2.93597 2.02 0.286176
v 2.9211 2.02 0.291234
v 2.90651 2.02 0.297875
v 2.89245 2.02 0.306081
v 2.87915 2.02 0.315783
v 2.86686 2.02 0.326863
v 2.85578 2.02 0.339152
v 2.84608 2.02 0.352446
v 2.83787 2.02 0.366513
v 2.83123 2.02 0.381105
v 2.82618 2.02 0.395975
v 2.82267 2.02 0.410886
v 2.82065 2.02 0.425623
v 2.82 2.02 0.44
v 2.82 2.045 0.44
v 2.82065 2.045 0.454377
v 2.82267 2.045 0.469114
v 2.82618 2.045 0.484025
v 2.83123 2.045 0.498895
v 2.83787 2.045 0.513487
v 2.84608 2.045 0.527554
v 2.85578 2.045 0.540848
v 2.86686 2.045 0.553137
v 2.87915 2.045 0.564217
v 2.89245 2.045 0.573919
v 2.90651 2.045 0.582125
v 2.9211 2.045 0.588766
v 2.93597 2.045 0.593824
v 2.95089 2.045 0.597329
v 2.96562 2.045 0.599353
v 2.98 2.045 0.6
v 2.99438 2.045 0.599353
v 3.00911 2.045 0.597329
v 3.02403 2.045 0.593824
v 3.0389 2.045 0.588766
v 3.05349 2.045 0.582125
v 3.06755 2.045 0.573919
v 3.08085 2.045 0.564217
v 3.09314 2.045 0.553137
v 3.10422 2.045 0.540848
v 3.11392 2.045 0.527554
v 3.12213 2.045 0.513487
v 3.12877 2.045 0.498895
v 3.13382 2.045 0.484025
v 3.13733 2.045 0.469114
v 3.13935 2.045 0.454377
v 3.14 2.045 0.44
v 3.13935 2.045 0.425623
v 3.13733 2.045 0.410886
v 3.13382 2.045 0.395975
v 3.12877 2.045 0.381105
v 3.12213 2.045 0.366513
v 3.11392 2.045 0.352446
v 3.10422 2.045 0.339152
v 3.09314 2.045 0.326863
v 3.08085 2.045 0.315783
v 3.06755 2.045 0.306081
v 3.05349 2.045 0.297875
v 3.0389 2.045 0.291234
v 3.02403 2.045 0.286176
v 3.00911 2.045 0.282671
v 2.99438 2.045 0.280647
v 2.98 2.045 0.28
v 2.96562 2.045 0.280647
v 2.95089 2.045 0.282671
v 2.93597 2.045 0.286176
v 2.9211 2.045 0.291234
v 2.90651 2.045 0.297875
v 2.89245 2.045 0.306081
v 2.87915 2.045 0.315783
v 2.86686 2.045 0.326863
v 2.85578 2.045 0.339152
v 2.84608 2.045 0.352446
v 2.83787 2.045 0.366513
v 2.83123 2.045 0.381105
v 2.82618 2.045 0.395975
v 2.82267 2.045 0.410886
v 2.82065 2.045 0.425623
v 2.82 2.045 0.44
v 2.82 2.07 0.44
v 2.82065 2.07 0.454377
v 2.82267 2.07 0.469114
v 2.82618 2.07 0.484025
v 2.83123 2.07 0.498895
v 2.83787 2.07 0.513487
v 2.84608 2.07 0.527554
v 2.85578 2.07 0.540848
v 2.86686 2.07 0.553137
v 2.87915 2.07 0.564217
v 2.89245 2.07 0.573919
v 2.90651 2.07 0.582125
v 2.9211 2.07 0.588766
v 2.93597 2.07 0.593824
v 2.95089 2.07 0.597329
v 2.96562 2.07 0.599353
v 2.98 2.07 0.6
v 2.99438 2.07 0.599353
v 3.00911 2.07 0.597329
v 3.02403 2.07 0.593824
v 3.0389 2.07 0.588766
v 3.05349 2.07 0.582125
v 3.06755 2.07 0.573919
v 3.08085 2.07 0.564217
v 3.09314 2.07 0.553137
v 3.10422 2.07 0.540848
v 3.11392 2.07 0.527554
v 3.12213 2.07 0.513487
v 3.12877 2.07 0.498895
v 3.13382 2.07 0.484025
v 3.13733 2.07 0.469114
v 3.13935 2.07 0.454377
v 3.14 2.07 0.44
v 3.13935 2.07 0.425623
v 3.13733 2.07 0.410886
v 3.13382 2.07 0.395975
v 3.12877 2.07 0.381105
v 3.12213 2.07 0.366513
v 3.11392 2.07 0.352446
v 3.10422 2.07 0.339152
v 3.09314 2.07 0.326863
v 3.08085 2.07 0.315783
v 3.06755 2.07 0.306081
v 3.05349 2.07 0.297875
v 3.0389 2.07 0.291234
v 3.02403 2.07 0.286176
v 3.00911 2.07 0.282671
v 2.99438 2.07 0.280647
v 2.98 2.07 0.28
v 2.96562 2.07 0.280647
v 2.95089 2.07 0.282671
v 2.93597 2.07 0.286176
v 2.9211 2.07 0.291234
v 2.90651 2.07 0.297875
v 2.89245 2.07 0.306081
v 2.87915 2.07 0.315783
v 2.86686 2.07 0.326863
v 2.85578 2.07 0.339152
v 2.84608 2.07 0.352446
v 2.83787 2.07 0.366513
v 2.83123 2.07 0.381105
v 2.82618 2.07 0.395975
v 2.82267 2.07 0.410886
v 2.82065 2.07 0.425623
v 2.82 2.07 0.44
vn -1 0 -9.81308e-16
vn -0.995955 0 0.0898544
vn -0.983305 0 0.181963
vn -0.961399 0 0.275158
vn -0.929788 0 0.368095
vn -0.888284 0 0.459295
vn -0.836996 0 0.54721
vn -0.776353 0 0.630298
vn -0.707107 0 0.707107
vn -0.630298 0 0.776353
vn -0.54721 0 0.836996
vn -0.459295 0 0.888284
vn -0.368095 0 0.929788
vn -0.275158 0 0.961399
vn -0.181963 0 0.983305
vn -0.0898544 0 0.995955
vn -2.45327e-16 0 1
vn 0.0898544 -0 0.995955
vn 0.181963 -0 0.983305
vn 0.275158 -0 0.961399
vn 0.368095 -0 0.929788
vn 0.459295 -0 0.888284
vn 0.54721 -0 0.836996
vn 0.630298 -0 0.776353
vn 0.707107 -0 0.707107
vn 0.776353 -0 0.630298
vn 0.836996 -0 0.54721
vn 0.888284 -0 0.459295
vn 0.929788 -0 0.368095
vn 0.961399 -0 0.275158
vn 0.983305 -0 0.181963
vn 0.995955 -0 0.0898544
vn 1 -0 0
vn 0.995955 0 -0.0898544
vn 0.983305 0 -0.181963
vn 0.961399 0 -0.275158
vn 0.929788 0 -0.368095
vn 0.888284 0 -0.459295
vn 0.836996 0 -0.54721
vn 0.776353 0 -0.630298
vn 0.707107 0 -0.707107
vn 0.630298 0 -0.776353
vn 0.54721 0 -0.836996
vn 0.459295 0 -0.888284
vn 0.368095 0 -0.929788
vn 0.275158 0 -0.961399
vn 0.181963 0 -0.983305
vn 0.0898544 0 -0.995955
vn 2.45327e-16 0 -1
vn -0.0898544 0 -0.995955
vn -0.181963 0 -0.983305
vn -0.275158 0 -0.961399
vn -0.368095 0 -0.929788
vn -0.459295 0 -0.888284
vn -0.54721 0 -0.836996
vn -0.630298 0 -0.776353
vn -0.707107 0 -0.707107
vn -0.776353 0 -0.630298
vn -0.836996 0 -0.54721
vn -0.888284 0 -0.459295
vn -0.929788 0 -0.368095
vn -0.961399 0 -0.275158
vn -0.983305 0 -0.181963
vn -0.995955 0 -0.0898544
vn -1 0 9.81308e-16
vn -1 0 1.96262e-15
vn -0.995955 0 0.0898544
vn -0.983305 0 0.181963
vn -0.961399 0 0.275158
vn -0.929788 0 0.368095
vn -0.888284 0 0.459295
vn -0.836996 0 0.54721
vn -0.776353 0 0.630298
vn -0.707107 0 0.707107
vn -0.630298 0 0.776353
vn -0.54721 0 0.836996
vn -0.459295 0 0.888284
vn -0.368095 0 0.929788
vn -0.275158 0 0.961399
vn -0.181963 0 0.983305
vn -0.0898544 0 0.995955
vn -2.45327e-16 0 1
vn 0.0898544 -0 0.995955
vn 0.181963 -0 0.983305
vn 0.275158 -0 0.961399
vn 0.368095 -0 0.929788
vn 0.459295 -0 0.888284
vn 0.54721 -0 0.836996
vn 0.630298 -0 0.776353
vn 0.707107 -0 0.707107
vn 0.776353 -0 0.630298
vn 0.836996 -0 0.54721
vn 0.888284 -0 0.459295
vn 0.929788 -0 0.368095
vn 0.961399 -0 0.275158
vn 0.983305 -0 0.181963
vn 0.995955 -0 0.0898544
vn 1 -0 1.96262e-15
vn 0.995955 0 -0.0898544
vn 0.983305 0 -0.181963
vn 0.961399 0 -0.275158
vn 0.929788 0 -0.368095
vn 0.888284 0 -0.459295
vn 0.836996 0 -0.54721
vn 0.776353 0 -0.630298
vn 0.707107 0 -0.707107
vn 0.630298 0 -0.776353
vn 0.54721 0 -0.836996
vn 0.459295 0 -0.888284
vn 0.368095 0 -0.929788
vn 0.275158 0 -0.961399
vn 0.181963 0 -0.983305
vn 0.0898544 0 -0.995955
vn 2.45327e-16 0 -1
vn -0.0898544 0 -0.995955
vn -0.181963 0 -0.983305
vn -0.275158 0 -0.961399
vn -0.368095 0 -0.929788
vn -0.459295 0 -0.888284
vn -0.54721 0 -0.836996
vn -0.630298 0 -0.776353
vn -0.707107 0 -0.707107
vn -0.776353 0 -0.630298
vn -0.836996 0 -0.54721
vn -0.888284 0 -0.459295
vn -0.929788 0 -0.368095
vn -0.961399 0 -0.275158
vn -0.983305 0 -0.181963
vn -0.995955 0 -0.0898544
vn -1 0 9.81308e-16
vn -1 0 -9.81308e-16
vn -0.995955 0 0.0898544
vn -0.983305 0 0.181963
vn -0.961399 0 0.275158
vn -0.929788 0 0.368095
vn -0.888284 0 0.459295
vn -0.836996 0 0.54721
vn -0.776353 0 0.630298
vn -0.707107 0 0.707107
vn -0.630298 0 0.776353
vn -0.54721 0 0.836996
vn -0.459295 0 0.888284
vn -0.368095 0 0.929788
vn -0.275158 0 0.961399
vn -0.181963 0 0.983305
vn -0.0898544 0 0.995955
vn -2.45327e-16 0 1
vn 0.0898544 -0 0.995955
vn 0.181963 -0 0.983305
vn 0.275158 -0 0.961399
vn 0.368095 -0 0.929788
vn 0.459295 -0 0.888284
vn 0.54721 -0 0.836996
vn 0.630298 -0 0.776353
vn 0.707107 -0 0.707107
vn 0.776353 -0 0.630298
vn 0.836996 -0 0.54721
vn 0.888284 -0 0.459295
vn 0.929788 -0 0.368095
vn 0.961399 -0 0.275158
vn 0.983305 -0 0.181963
vn 0.995955 -0 0.0898544
vn 1 -0 0
vn 0.995955 0 -0.0898544
vn 0.983305 0 -0.181963
vn 0.961399 0 -0.275158
vn 0.929788 0 -0.368095
vn 0.888284 0 -0.459295
vn 0.836996 0 -0.54721
vn 0.776353 0 -0.630298
vn 0.707107 0 -0.707107
vn 0.630298 0 -0.776353
vn 0.54721 0 -0.836996
vn 0.459295 0 -0.888284
vn 0.368095 0 -0.929788
vn 0.275158 0 -0.961399
vn 0.181963 0 -0.983305
vn 0.0898544 0 -0.995955
vn 2.45327e-16 0 -1
vn -0.0898544 0 -0.995955
vn -0.181963 0 -0.983305
vn -0.275158 0 -0.961399
vn -0.368095 0 -0.929788
vn -0.459295 0 -0.888284
vn -0.54721 0 -0.836996
vn -0.630298 0 -0.776353
vn -0.707107 0 -0.707107
vn -0.776353 0 -0.630298
vn -0.836996 0 -0.54721
vn -0.888284 0 -0.459295
vn -0.929788 0 -0.368095
vn -0.961399 0 -0.275158
vn -0.983305 0 -0.181963
vn -0.995955 0 -0.0898544
vn -1 0 9.81308e-16
g HubRR_f0
usemtl steel
f 3956//3956 3957//3957 4022//4022
f 3956//3956 4022//4022 4021//4021
f 3957//3957 3958//3958 4023//4023
f 3957//3957 4023//4023 4022//4022
f 3958//3958 3959//3959 4024//4024
f 3958//3958 4024//4024 4023//4023
f 3959//3959 3960//3960 4025//4025
f 3959//3959 4025//4025 4024//4024
f 3960//3960 3961//3961 4026//4026
f 3960//3960 4026//4026 4025//4025
f 3961//3961 3962//3962 4027//4027
f 3961//3961 4027//4027 4026//4026
f 3962//3962 3963//3963 4028//4028
f 3962//3962 4028//4028 4027//4027
f 3963//3963 3964//3964 4029//4029
f 3963//3963 4029//4029 4028//4028
f 3964//3964 3965//3965 4030//4030
f 3964//3964 4030//4030 4029//4029
f 3965//3965 3966//3966 4031//4031
f 3965//3965 4031//4031 4030//4030
f 3966//3966 3967//3967 4032//4032
f 3966//3966 4032//4032 4031//4031
f 3967//3967 3968//3968 4033//4033
f 3967//3967 4033//4033 4032//4032
f 3968//3968 3969//3969 4034//4034
f 3968//3968 4034//4034 4033//4033
f 3969//3969 3970//3970 4035//4035
f 3969//3969 4035//4035 4034//4034
f 3970//3970 3971//3971 4036//4036
f 3970//3970 4036//4036 4035//4035
f 3971//3971 3972//3972 4037//4037
f 3971//3971 4037//4037 4036//4036
f 3972//3972 3973//3973 4038//4038
f 3972//3972 4038//4038 4037//4037
f 3973//3973 3974//3974 4039//4039
f 3973//3973 4039//4039 4038//4038
f 3974//3974 3975//3975 4040//4040
f 3974//3974 4040//4040 4039//4039
f 3975//3975 3976//3976 4041//4041
f 3975//3975 4041//4041 4040//4040
f 3976//3976 3977//3977 4042//4042
f 3976//3976 4042//4042 4041//4041
f 3977//3977 3978//3978 4043//4043
f 3977//3977 4043//4043 4042//4042
f 3978//3978 3979//3979 4044//4044
f 3978//3978 4044//4044 4043//4043
f 3979//3979 3980//3980 4045//4045
f 3979//3979 4045//4045 4044//4044
f 3980//3980 3981//3981 4046//4046
f 3980//3980 4046//4046 4045//4045
f 3981//3981 3982//3982 4047//4047
f 3981//3981 4047//4047 4046//4046
f 3982//3982 3983//3983 4048//4048
f 3982//3982 4048//4048 4047//4047
f 3983//3983 3984//3984 4049//4049
f 3983//3983 4049//4049 4048//4048
f 3984//3984 3985//3985 4050//4050
f 3984//3984 4050//4050 4049//4049
f 3985//3985 3986//3986 4051//4051
f 3985//3985 4051//4051 4050//4050
f 3986//3986 3987//3987 4052//4052
f 3986//3986 4052//4052 4051//4051
f 3987//3987 3988//3988 4053//4053
f 3987//3987 4053//4053 4052//4052
f 3988//3988 3989//3989 4054//4054
f 3988//3988 4054//4054 4053//4053
f 3989//3989 3990//3990 4055//4055
f 3989//3989 4055//4055 4054//4054
f 3990//3990 3991//3991 4056//4056
f 3990//3990 4056//4056 4055//4055
f 3991//3991 3992//3992 4057//4057
f 3991//3991 4057//4057 4056//4056
f 3992//3992 3993//3993 4058//4058
f 3992//3992 4058//4058 4057//4057
f 3993//3993 3994//3994 4059//4059
f 3993//3993 4059//4059 4058//4058
f 3994//3994 3995//3995 4060//4060
f 3994//3994 4060//4060 4059//4059
f 3995//3995 3996//3996 4061//4061
f 3995//3995 4061//4061 4060//4060
f 3996//3996 3997//3997 4062//4062
f 3996//3996 4062//4062 4061//4061
f 3997//3997 3998//3998 4063//4063
f 3997//3997 4063//4063 4062//4062
f 3998//3998 3999//3999 4064//4064
f 3998//3998 4064//4064 4063//4063
f 3999//3999 4000//4000 4065//4065
f 3999//3999 4065//4065 4064//4064
f 4000//4000 4001//4001 4066//4066
f 4000//4000 4066//4066 4065//4065
f 4001//4001 4002//4002 4067//4067
f 4001//4001 4067//4067 4066//4066
f 4002//4002 4003//4003 4068//4068
f 4002//4002 4068//4068 4067//4067
f 4003//4003 4004//4004 4069//4069
f 4003//4003 4069//4069 4068//4068
f 4004//4004 4005//4005 4070//4070
f 4004//4004 4070//4070 4069//4069
f 4005//4005 4006//4006 4071//4071
f 4005//4005 4071//4071 4070//4070
f 4006//4006 4007//4007 4072//4072
f 4006//4006 4072//4072 4071//4071
f 4007//4007 4008//4008 4073//4073
f 4007//4007 4073//4073 4072//4072
f 4008//4008 4009//4009 4074//4074
f 4008//4008 4074//4074 4073//4073
f 4009//4009 4010//4010 4075//4075
f 4009//4009 4075//4075 4074//4074
f 4010//4010 4011//4011 4076//4076
f 4010//4010 4076//4076 4075//4075
f 4011//4011 4012//4012 4077//4077
f 4011//4011 4077//4077 4076//4076
f 4012//4012 4013//4013 4078//4078
f 4012//4012 4078//4078 4077//4077
f 4013//4013 4014//4014 4079//4079
f 4013//4013 4079//4079 4078//4078
f 4014//4014 4015//4015 4080//4080
f 4014//4014 4080//4080 4079//4079
f 4015//4015 4016//4016 4081//4081
f 4015//4015 4081//4081 4080//4080
f 4016//4016 4017//4017 4082//4082
f 4016//4016 4082//4082 4081//4081
f 4017//4017 4018//4018 4083//4083
f 4017//4017 4083//4083 4082//4082
f 4018//4018 4019//4019 4084//4084
f 4018//4018 4084//4084 4083//4083
f 4019//4019 4020//4020 4085//4085
f 4019//4019 4085//4085 4084//4084
f 4021//4021 4022//4022 4087//4087
f 4021//4021 4087//4087 4086//4086
f 4022//4022 4023//4023 4088//4088
f 4022//4022 4088//4088 4087//4087
f 4023//4023 4024//4024 4089//4089
f 4023//4023 4089//4089 4088//4088
f 4024//4024 4025//4025 4090//4090
f 4024//4024 4090//4090 4089//4089
f 4025//4025 4026//4026 4091//4091
f 4025//4025 4091//4091 4090//4090
f 4026//4026 4027//4027 4092//4092
f 4026//4026 4092//4092 4091//4091
f 4027//4027 4028//4028 4093//4093
f 4027//4027 4093//4093 4092//4092
f 4028//4028 4029//4029 4094//4094
f 4028//4028 4094//4094 4093//4093
f 4029//4029 4030//4030 4095//4095
f 4029//4029 4095//4095 4094//4094
f 4030//4030 4031//4031 4096//4096
f 4030//4030 4096//4096 4095//4095
f 4031//4031 4032//4032 4097//4097
f 4031//4031 4097//4097 4096//4096
f 4032//4032 4033//4033 4098//4098
f 4032//4032 4098//4098 4097//4097
f 4033//4033 4034//4034 4099//4099
f 4033//4033 4099//4099 4098//4098
f 4034//4034 4035//4035 4100//4100
f 4034//4034 4100//4100 4099//4099
f 4035//4035 4036//4036 4101//4101
f 4035//4035 4101//4101 4100//4100
f 4036//4036 4037//4037 4102//4102
f 4036//4036 4102//4102 4101//4101
f 4037//4037 4038//4038 4103//4103
f 4037//4037 4103//4103 4102//4102
f 4038//4038 4039//4039 4104//4104
f 4038//4038 4104//4104 4103//4103
f 4039//4039 4040//4040 4105//4105
f 4039//4039 4105//4105 4104//4104
f 4040//4040 4041//4041 4106//4106
f 4040//4040 4106//4106 4105//4105
f 4041//4041 4042//4042 4107//4107
f 4041//4041 4107//4107 4106//4106
f 4042//4042 4043//4043 4108//4108
f 4042//4042 4108//4108 4107//4107
f 4043//4043 4044//4044 4109//4109
f 4043//4043 4109//4109 4108//4108
f 4044//4044 4045//4045 4110//4110
f 4044//4044 4110//4110 4109//4109
f 4045//4045 4046//4046 4111//4111
f 4045//4045 4111//4111 4110//4110
f 4046//4046 4047//4047 4112//4112
f 4046//4046 4112//4112 4111//4111
f 4047//4047 4048//4048 4113//4113
f 4047//4047 4113//4113 4112//4112
f 4048//4048 4049//4049 4114//4114
f 4048//4048 4114//4114 4113//4113
f 4049//4049 4050//4050 4115//4115
f 4049//4049 4115//4115 4114//4114
f 4050//4050 4051//4051 4116//4116
f 4050//4050 4116//4116 4115//4115
f 4051//4051 4052//4052 4117//4117
f 4051//4051 4117//4117 4116//4116
f 4052//4052 4053//4053 4118//4118
f 4052//4052 4118//4118 4117//4117
f 4053//4053 4054//4054 4119//4119
f 4053//4053 4119//4119 4118//4118
f 4054//4054 4055//4055 4120//4120
f 4054//4054 4120//4120 4119//4119
f 4055//4055 4056//4056 4121//4121
f 4055//4055 4121//4121 4120//4120
f 4056//4056 4057//4057 4122//4122
f 4056//4056 4122//4122 4121//4121
f 4057//4057 4058//4058 4123//4123
f 4057//4057 4123//4123 4122//4122
f 4058//4058 4059//4059 4124//4124
f 4058//4058 4124//4124 4123//4123
f 4059//4059 4060//4060 4125//4125
f 4059//4059 4125//4125 4124//4124
f 4060//4060 4061//4061 4126//4126
f 4060//4060 4126//4126 4125//4125
f 4061//4061 4062//4062 4127//4127
f 4061//4061 4127//4127 4126//4126
f 4062//4062 4063//4063 4128//4128
f 4062//4062 4128//4128 4127//4127
f 4063//4063 4064//4064 4129//4129
f 4063//4063 4129//4129 4128//4128
f 4064//4064 4065//4065 4130//4130
f 4064//4064 4130//4130 4129//4129
f 4065//4065 4066//4066 4131//4131
f 4065//4065 4131//4131 4130//4130
f 4066//4066 4067//4067 4132//4132
f 4066//4066 4132//4132 4131//4131
f 4067//4067 4068//4068 4133//4133
f 4067//4067 4133//4133 4132//4132
f 4068//4068 4069//4069 4134//4134
f 4068//4068 4134//4134 4133//4133
f 4069//4069 4070//4070 4135//4135
f 4069//4069 4135//4135 4134//4134
f 4070//4070 4071//4071 4136//4136
f 4070//4070 4136//4136 4135//4135
f 4071//4071 4072//4072 4137//4137
f 4071//4071 4137//4137 4136//4136
f 4072//4072 4073//4073 4138//4138
f 4072//4072 4138//4138 4137//4137
f 4073//4073 4074//4074 4139//4139
f 4073//4073 4139//4139 4138//4138
f 4074//4074 4075//4075 4140//4140
f 4074//4074 4140//4140 4139//4139
f 4075//4075 4076//4076 4141//4141
f 4075//4075 4141//4141 4140//4140
f 4076//4076 4077//4077 4142//4142
f 4076//4076 4142//4142 4141//4141
f 4077//4077 4078//4078 4143//4143
f 4077//4077 4143//4143 4142//4142
f 4078//4078 4079//4079 4144//4144
f 4078//4078 4144//4144 4143//4143
f 4079//4079 4080//4080 4145//4145
f 4079//4079 4145//4145 4144//4144
f 4080//4080 4081//4081 4146//4146
f 4080//4080 4146//4146 4145//4145
f 4081//4081 4082//4082 4147//4147
f 4081//4081 4147//4147 4146//4146
f 4082//4082 4083//4083 4148//4148
f 4082//4082 4148//4148 4147//4147
f 4083//4083 4084//4084 4149//4149
f 4083//4083 4149//4149 4148//4148
f 4084//4084 4085//4085 4150//4150
f 4084//4084 4150//4150 4149//4149
v 2.82 2.02 0.44
v 2.82065 2.02 0.425623
v 2.82267 2.02 0.410886
v 2.82618 2.02 0.395975
v 2.83123 2.02 0.381105
v 2.83436 2.02 0.373759
v 2.83787 2.02 0.366513
v 2.84179 2.02 0.359398
v 2.84608 2.02 0.352446
v 2.85075 2.02 0.345688
v 2.85578 2.02 0.339152
v 2.86116 2.02 0.332868
v 2.86686 2.02 0.326863
v 2.87287 2.02 0.321161
v 2.87915 2.02 0.315783
v 2.88569 2.02 0.310751
v 2.89245 2.02 0.306081
v 2.8994 2.02 0.301785
v 2.90651 2.02 0.297875
v 2.91376 2.02 0.294356
v 2.9211 2.02 0.291234
v 2.93597 2.02 0.286176
v 2.95089 2.02 0.282671
v 2.96562 2.02 0.280647
v 2.98 2.02 0.28
v 2.99438 2.02 0.280647
v 3.00911 2.02 0.282671
v 3.02403 2.02 0.286176
v 3.0389 2.02 0.291234
v 3.04624 2.02 0.294356
v 3.05349 2.02 0.297875
v 3.0606 2.02 0.301785
v 3.06755 2.02 0.306081
v 3.07431 2.02 0.310751
v 3.08085 2.02 0.315783
v 3.08713 2.02 0.321161
v 3.09314 2.02 0.326863
v 3.09884 2.02 0.332868
v 3.10422 2.02 0.339152
v 3.10925 2.02 0.345688
v 3.11392 2.02 0.352446
v 3.11821 2.02 0.359398
v 3.12213 2.02 0.366513
v 3.12564 2.02 0.373759
v 3.12877 2.02 0.381105
v 3.13382 2.02 0.395975
v 3.13733 2.02 0.410886
v 3.13935 2.02 0.425623
v 3.14 2.02 0.44
v 3.13935 2.02 0.454377
v 3.13733 2.02 0.469114
v 3.13382 2.02 0.484025
v 3.12877 2.02 0.498895
v 3.12564 2.02 0.506241
v 3.12213 2.02 0.513487
v 3.11821 2.02 0.520602
v 3.11392 2.02 0.527554
v 3.10925 2.02 0.534312
v 3.10422 2.02 0.540848
v 3.09884 2.02 0.547132
v 3.09314 2.02 0.553137
v 3.08713 2.02 0.558839
v 3.08085 2.02 0.564217
v 3.07431 2.02 0.569249
v 3.06755 2.02 0.573919
v 3.0606 2.02 0.578215
v 3.05349 2.02 0.582125
v 3.04624 2.02 0.585644
v 3.0389 2.02 0.588766
v 3.02403 2.02 0.593824
v 3.00911 2.02 0.597329
v 2.99438 2.02 0.599353
v 2.98 2.02 0.6
v 2.96562 2.02 0.599353
v 2.95089 2.02 0.597329
v 2.93597 2.02 0.593824
v 2.9211 2.02 0.588766
v 2.91376 2.02 0.585644
v 2.90651 2.02 0.582125
v 2.8994 2.02 0.578215
v 2.89245 2.02 0.573919
v 2.88569 2.02 0.569249
v 2.87915 2.02 0.564217
v 2.87287 2.02 0.558839
v 2.86686 2.02 0.553137
v 2.86116 2.02 0.547132
v 2.85578 2.02 0.540848
v 2.85075 2.02 0.534312
v 2.84608 2.02 0.527554
v 2.84179 2.02 0.520602
v 2.83787 2.02 0.513487
v 2.83436 2.02 0.506241
v 2.83123 2.02 0.498895
v 2.82618 2.02 0.484025
v 2.82267 2.02 0.469114
v 2.82065 2.02 0.454377
vn -8.92619e-16 -1 0
vn 0 -1 0
vn -8.92619e-16 -1 0
vn -8.92619e-16 -1 0
vn 0 -1 0
vn -6.70575e-16 -1 0
vn -4.4631e-16 -1 0
vn 2.24265e-16 -1 0
vn -2.26485e-16 -1 0
vn 6.68354e-16 -1 0
vn -2.19824e-16 -1 0
vn 2.24265e-16 -1 0
vn -4.4631e-16 -1 0
vn 7.80487e-16 -1 0
vn -5.59552e-16 -1 0
vn 5.57332e-16 -1 0
vn -3.35287e-16 -1 0
vn 6.70575e-16 -1 0
vn -2.19824e-16 -1 0
vn -5.60663e-17 -1 0
vn -1.12133e-16 -1 0
vn 6.15064e-16 -1 0
vn 1.67644e-16 -1 0
vn -2.81442e-16 -1 0
vn 5.56222e-16 -1 0
vn -2.81442e-16 -1 0
vn 1.67644e-16 -1 0
vn -2.81442e-16 -1 0
vn -1.12133e-16 -1 0
vn -5.60663e-17 -1 0
vn 6.69464e-16 -1 0
vn -1.14353e-16 -1 0
vn -3.34177e-16 -1 0
vn 5.57332e-16 -1 0
vn -5.59552e-16 -1 0
vn -1.08802e-16 -1 0
vn -4.4631e-16 -1 0
vn -6.70575e-16 -1 0
vn 6.68354e-16 -1 0
vn 6.68354e-16 -1 0
vn -2.19824e-16 -1 0
vn -4.44089e-16 -1 0
vn -4.4631e-16 -1 0
vn 2.22045e-16 -1 0
vn -2.22045e-18 -1 0
vn 0 -1 0
vn -8.92619e-16 -1 0
vn 0 -1 0
vn -8.92619e-16 -1 0
vn 0 -1 0
vn 0 -1 0
vn 0 -1 0
vn -8.92619e-16 -1 0
vn -8.92619e-16 -1 0
vn 0 -1 0
vn 0 -1 0
vn 8.88178e-16 -1 0
vn 0 -1 0
vn -8.9706e-16 -1 0
vn 8.9706e-16 -1 0
vn 0 -1 0
vn 0 -1 0
vn 8.9706e-16 -1 0
vn 0 -1 0
vn 0 -1 0
vn 0 -1 0
vn -8.88178e-16 -1 0
vn 0 -1 0
vn 0 -1 0
vn 0 -1 0
vn 0 -1 0
vn 0 -1 0
vn 0 -1 0
vn 0 -1 0
vn 0 -1 0
vn 8.9706e-16 -1 0
vn 0 -1 0
vn 0 -1 0
vn 0 -1 0
vn 0 -1 0
vn 0 -1 0
vn 0 -1 0
vn 8.9706e-16 -1 0
vn 0 -1 0
vn 0 -1 0
vn 8.9706e-16 -1 0
vn -8.9706e-16 -1 0
vn 0 -1 0
vn 8.88178e-16 -1 0
vn 0 -1 0
vn 0 -1 0
vn -4.44089e-16 -1 0
vn -8.92619e-16 -1 0
vn 0 -1 0
vn 0 -1 0
vn 0 -1 0
g HubRR_f1
usemtl steel
f 4246//4246 4151//4151 4152//4152
f 4246//4246 4152//4152 4153//4153
f 4246//4246 4153//4153 4154//4154
f 4246//4246 4154//4154 4155//4155
f 4246//4246 4155//4155 4156//4156
f 4246//4246 4156//4156 4157//4157
f 4246//4246 4157//4157 4158//4158
f 4246//4246 4158//4158 4159//4159
f 4246//4246 4159//4159 4160//4160
f 4246//4246 4160//4160 4161//4161
f 4246//4246 4161//4161 4162//4162
f 4246//4246 4162//4162 4163//4163
f 4246//4246 4163//4163 4164//4164
f 4246//4246 4164//4164 4165//4165
f 4246//4246 4165//4165 4166//4166
f 4246//4246 4166//4166 4167//4167
f 4246//4246 4167//4167 4168//4168
f 4246//4246 4168//4168 4169//4169
f 4246//4246 4169//4169 4170//4170
f 4246//4246 4170//4170 4171//4171
f 4246//4246 4171//4171 4172//4172
f 4246//4246 4172//4172 4173//4173
f 4246//4246 4173//4173 4174//4174
f 4246//4246 4174//4174 4175//4175
f 4246//4246 4175//4175 4176//4176
f 4246//4246 4176//4176 4177//4177
f 4246//4246 4177//4177 4178//4178
f 4246//4246 4178//4178 4179//4179
f 4246//4246 4179//4179 4180//4180
f 4246//4246 4180//4180 4181//4181
f 4246//4246 4181//4181 4182//4182
f 4246//4246 4182//4182 4183//4183
f 4246//4246 4183//4183 4184//4184
f 4246//4246 4184//4184 4185//4185
f 4246//4246 4185//4185 4186//4186
f 4246//4246 4186//4186 4187//4187
f 4246//4246 4187//4187 4188//4188
f 4246//4246 4188//4188 4189//4189
f 4246//4246 4189//4189 4190//4190
f 4246//4246 4190//4190 4191//4191
f 4246//4246 4191//4191 4192//4192
f 4246//4246 4192//4192 4193//4193
f 4246//4246 4193//4193 4194//4194
f 4246//4246 4194//4194 4195//4195
f 4246//4246 4195//4195 4196//4196
f 4246//4246 4196//4196 4197//4197
f 4246//4246 4197//4197 4198//4198
f 4246//4246 4198//4198 4199//4199
f 4246//4246 4199//4199 4200//4200
f 4246//4246 4200//4200 4201//4201
f 4246//4246 4201//4201 4202//4202
f 4246//4246 4202//4202 4203//4203
f 4246//4246 4203//4203 4204//4204
f 4246//4246 4204//4204 4205//4205
f 4246//4246 4205//4205 4206//4206
f 4246//4246 4206//4206 4207//4207
f 4246//4246 4207//4207 4208//4208
f 4246//4246 4208//4208 4209//4209
f 4246//4246 4209//4209 4210//4210
f 4246//4246 4210//4210 4211//4211
f 4246//4246 4211//4211 4212//4212
f 4246//4246 4212//4212 4213//4213
f 4246//4246 4213//4213 4214//4214
f 4246//4246 4214//4214 4215//4215
f 4246//4246 4215//4215 4216//4216
f 4246//4246 4216//4216 4217//4217
f 4246//4246 4217//4217 4218//4218
f 4246//4246 4218//4218 4219//4219
f 4246//4246 4219//4219 4220//4220
f 4246//4246 4220//4220 4221//4221
f 4246//4246 4221//4221 4222//4222
f 4246//4246 4222//4222 4223//4223
f 4246//4246 4223//4223 4224//4224
f 4246//4246 4224//4224 4225//4225
f 4246//4246 4225//4225 4226//4226
f 4246//4246 4226//4226 4227//4227
f 4246//4246 4227//4227 4228//4228
f 4246//4246 4228//4228 4229//4229
f 4246//4246 4229//4229 4230//4230
f 4246//4246 4230//4230 4231//4231
f 4246//4246 4231//4231 4232//4232
f 4246//4246 4232//4232 4233//4233
f 4246//4246 4233//4233 4234//4234
f 4246//4246 4234//4234 4235//4235
f 4246//4246 4235//4235 4236//4236
f 4246//4246 4236//4236 4237//4237
f 4246//4246 4237//4237 4238//4238
f 4246//4246 4238//4238 4239//4239
f 4246//4246 4239//4239 4240//4240
f 4246//4246 4240//4240 4241//4241
f 4246//4246 4241//4241 4242//4242
f 4246//4246 4242//4242 4243//4243
f 4246//4246 4243//4243 4244//4244
f 4244//4244 4245//4245 4246//4246
v 2.82 2.07 0.44
v 2.82065 2.07 0.454377
v 2.82267 2.07 0.469114
v 2.82618 2.07 0.484025
v 2.83123 2.07 0.498895
v 2.83436 2.07 0.506241
v 2.83787 2.07 0.513487
v 2.84179 2.07 0.520602
v 2.84608 2.07 0.527554
v 2.85075 2.07 0.534312
v 2.85578 2.07 0.540848
v 2.86116 2.07 0.547132
v 2.86686 2.07 0.553137
v 2.87287 2.07 0.558839
v 2.87915 2.07 0.564217
v 2.88569 2.07 0.569249
v 2.89245 2.07 0.573919
v 2.8994 2.07 0.578215
v 2.90651 2.07 0.582125
v 2.91376 2.07 0.585644
v 2.9211 2.07 0.588766
v 2.93597 2.07 0.593824
v 2.95089 2.07 0.597329
v 2.96562 2.07 0.599353
v 2.98 2.07 0.6
v 2.99438 2.07 0.599353
v 3.00911 2.07 0.597329
v 3.02403 2.07 0.593824
v 3.0389 2.07 0.588766
v 3.04624 2.07 0.585644
v 3.05349 2.07 0.582125
v 3.0606 2.07 0.578215
v 3.06755 2.07 0.573919
v 3.07431 2.07 0.569249
v 3.08085 2.07 0.564217
v 3.08713 2.07 0.558839
v 3.09314 2.07 0.553137
v 3.09884 2.07 0.547132
v 3.10422 2.07 0.540848
v 3.10925 2.07 0.534312
v 3.11392 2.07 0.527554
v 3.11821 2.07 0.520602
v 3.12213 2.07 0.513487
v 3.12564 2.07 0.506241
v 3.12877 2.07 0.498895
v 3.13382 2.07 0.484025
v 3.13733 2.07 0.469114
v 3.13935 2.07 0.454377
v 3.14 2.07 0.44
v 3.13935 2.07 0.425623
v 3.13733 2.07 0.410886
v 3.13382 2.07 0.395975
v 3.12877 2.07 0.381105
v 3.12564 2.07 0.373759
v 3.12213 2.07 0.366513
v 3.11821 2.07 0.359398
v 3.11392 2.07 0.352446
v 3.10925 2.07 0.345688
v 3.10422 2.07 0.339152
v 3.09884 2.07 0.332868
v 3.09314 2.07 0.326863
v 3.08713 2.07 0.321161
v 3.08085 2.07 0.315783
v 3.07431 2.07 0.310751
v 3.06755 2.07 0.306081
v 3.0606 2.07 0.301785
v 3.05349 2.07 0.297875
v 3.04624 2.07 0.294356
v 3.0389 2.07 0.291234
v 3.02403 2.07 0.286176
v 3.00911 2.07 0.282671
v 2.99438 2.07 0.280647
v 2.98 2.07 0.28
v 2.96562 2.07 0.280647
v 2.95089 2.07 0.282671
v 2.93597 2.07 0.286176
v 2.9211 2.07 0.291234
v 2.91376 2.07 0.294356
v 2.90651 2.07 0.297875
v 2.8994 2.07 0.301785
v 2.89245 2.07 0.306081
v 2.88569 2.07 0.310751
v 2.87915 2.07 0.315783
v 2.87287 2.07 0.321161
v 2.86686 2.07 0.326863
v 2.86116 2.07 0.332868
v 2.85578 2.07 0.339152
v 2.85075 2.07 0.345688
v 2.84608 2.07 0.352446
v 2.84179 2.07 0.359398
v 2.83787 2.07 0.366513
v 2.83436 2.07 0.373759
v 2.83123 2.07 0.381105
v 2.82618 2.07 0.395975
v 2.82267 2.07 0.410886
v 2.82065 2.07 0.425623
vn 0 1 -0
vn 0 1 -0
vn -9.03722e-16 1 0
vn 0 1 -0
vn 4.44089e-16 1 -0
vn 0 1 -0
vn 0 1 -0
vn 0 1 -0
vn 0 1 -0
vn 0 1 -0
vn 0 1 -0
vn -9.19265e-16 1 0
vn 0 1 -0
vn 0 1 -0
vn -9.19265e-16 1 0
vn -8.88178e-16 1 0
vn 0 1 -0
vn 0 1 -0
vn 0 1 -0
vn 0 1 -0
vn 0 1 -0
vn -9.19265e-16 1 0
vn 0 1 -0
vn 0 1 -0
vn 0 1 -0
vn 0 1 -0
vn 0 1 -0
vn -9.19265e-16 1 0
vn 0 1 -0
vn 0 1 -0
vn 0 1 -0
vn 0 1 -0
vn 0 1 -0
vn -8.88178e-16 1 0
vn -9.19265e-16 1 0
vn 0 1 -0
vn 0 1 -0
vn -9.19265e-16 1 0
vn 0 1 -0
vn 0 1 -0
vn 0 1 -0
vn 0 1 -0
vn -9.19265e-16 1 0
vn -4.59632e-16 1 0
vn 4.44089e-16 1 -0
vn 0 1 -0
vn -9.03722e-16 1 0
vn 0 1 -0
vn -9.03722e-16 1 0
vn 0 1 -0
vn -9.03722e-16 1 0
vn 0 1 -0
vn 2.22045e-16 1 -0
vn 0 1 -0
vn -2.29816e-16 1 0
vn 2.22045e-16 1 -0
vn 2.29816e-16 1 -0
vn 7.77156e-18 1 -0
vn -9.03722e-16 1 0
vn -2.14273e-16 1 0
vn -4.51861e-16 1 0
vn 2.33702e-16 1 -0
vn 9.03722e-16 1 -0
vn 6.73905e-16 1 -0
vn -3.88578e-18 1 0
vn -5.66769e-16 1 0
vn 7.77156e-18 1 -0
vn -1.68476e-16 1 0
vn 4.96825e-17 1 -0
vn -6.24223e-16 1 0
vn 1.12965e-16 1 -0
vn -6.91114e-17 1 0
vn -2.7367e-16 1 0
vn -1.36002e-17 1 0
vn 1.14908e-16 1 -0
vn 2.93099e-16 1 -0
vn 4.96825e-17 1 -0
vn -1.68476e-16 1 0
vn 7.77156e-18 1 -0
vn -6.77791e-16 1 0
vn -3.88578e-18 1 0
vn 6.77791e-16 1 -0
vn -9.03722e-16 1 0
vn 2.33702e-16 1 -0
vn -4.51861e-16 1 0
vn -2.37588e-16 1 0
vn -2.14273e-16 1 0
vn 7.77156e-18 1 -0
vn 7.77156e-18 1 -0
vn -7.77156e-18 1 0
vn -4.51861e-16 1 0
vn 0 1 -0
vn 2.29816e-16 1 -0
vn 0 1 -0
vn 0 1 -0
vn 0 1 -0
g HubRR_f2
usemtl steel
f 4342//4342 4247//4247 4248//4248
f 4342//4342 4248//4248 4249//4249
f 4342//4342 4249//4249 4250//4250
f 4342//4342 4250//4250 4251//4251
f 4342//4342 4251//4251 4252//4252
f 4342//4342 4252//4252 4253//4253
f 4342//4342 4253//4253 4254//4254
f 4342//4342 4254//4254 4255//4255
f 4342//4342 4255//4255 4256//4256
f 4342//4342 4256//4256 4257//4257
f 4342//4342 4257//4257 4258//4258
f 4342//4342 4258//4258 4259//4259
f 4342//4342 4259//4259 4260//4260
f 4342//4342 4260//4260 4261//4261
f 4342//4342 4261//4261 4262//4262
f 4342//4342 4262//4262 4263//4263
f 4342//4342 4263//4263 4264//4264
f 4342//4342 4264//4264 4265//4265
f 4342//4342 4265//4265 4266//4266
f 4342//4342 4266//4266 4267//4267
f 4342//4342 4267//4267 4268//4268
f 4342//4342 4268//4268 4269//4269
f 4342//4342 4269//4269 4270//4270
f 4342//4342 4270//4270 4271//4271
f 4342//4342 4271//4271 4272//4272
f 4342//4342 4272//4272 4273//4273
f 4342//4342 4273//4273 4274//4274
f 4342//4342 4274//4274 4275//4275
f 4342//4342 4275//4275 4276//4276
f 4342//4342 4276//4276 4277//4277
f 4342//4342 4277//4277 4278//4278
f 4342//4342 4278//4278 4279//4279
f 4342//4342 4279//4279 4280//4280
f 4342//4342 4280//4280 4281//4281
f 4342//4342 4281//4281 4282//4282
f 4342//4342 4282//4282 4283//4283
f 4342//4342 4283//4283 4284//4284
f 4342//4342 4284//4284 4285//4285
f 4342//4342 4285//4285 4286//4286
f 4342//4342 4286//4286 4287//4287
f 4342//4342 4287//4287 4288//4288
f 4342//4342 4288//4288 4289//4289
f 4342//4342 4289//4289 4290//4290
f 4342//4342 4290//4290 4291//4291
f 4342//4342 4291//4291 4292//4292
f 4342//4342 4292//4292 4293//4293
f 4342//4342 4293//4293 4294//4294
f 4342//4342 4294//4294 4295//4295
f 4342//4342 4295//4295 4296//4296
f 4342//4342 4296//4296 4297//4297
f 4342//4342 4297//4297 4298//4298
f 4342//4342 4298//4298 4299//4299
f 4342//4342 4299//4299 4300//4300
f 4342//4342 4300//4300 4301//4301
f 4342//4342 4301//4301 4302//4302
f 4342//4342 4302//4302 4303//4303
f 4342//4342 4303//4303 4304//4304
f 4342//4342 4304//4304 4305//4305
f 4342//4342 4305//4305 4306//4306
f 4342//4342 4306//4306 4307//4307
f 4342//4342 4307//4307 4308//4308
f 4342//4342 4308//4308 4309//4309
f 4342//4342 4309//4309 4310//4310
f 4342//4342 4310//4310 4311//4311
f 4342//4342 4311//4311 4312//4312
f 4342//4342 4312//4312 4313//4313
f 4342//4342 4313//4313 4314//4314
f 4342//4342 4314//4314 4315//4315
f 4342//4342 4315//4315 4316//4316
f 4342//4342 4316//4316 4317//4317
f 4342//4342 4317//4317 4318//4318
f 4342//4342 4318//4318 4319//4319
f 4342//4342 4319//4319 4320//4320
f 4342//4342 4320//4320 4321//4321
f 4342//4342 4321//4321 4322//4322
f 4342//4342 4322//4322 4323//4323
f 4342//4342 4323//4323 4324//4324
f 4342//4342 4324//4324 4325//4325
f 4342//4342 4325//4325 4326//4326
f 4342//4342 4326//4326 4327//4327
f 4342//4342 4327//4327 4328//4328
f 4342//4342 4328//4328 4329//4329
f 4342//4342 4329//4329 4330//4330
f 4342//4342 4330//4330 4331//4331
f 4342//4342 4331//4331 4332//4332
f 4342//4342 4332//4332 4333//4333
f 4342//4342 4333//4333 4334//4334
f 4342//4342 4334//4334 4335//4335
f 4342//4342 4335//4335 4336//4336
f 4342//4342 4336//4336 4337//4337
f 4342//4342 4337//4337 4338//4338
f 4342//4342 4338//4338 4339//4339
f 4342//4342 4339//4339 4340//4340
f 4340//4340 4341//4341 4342//4342
o HLl
v -0.02 0.2 0.62
v 0.02 0.2 0.62
v 0.06 0.2 0.62
v -0.02 0.375 0.62
v 0.02 0.375 0.62
v 0.06 0.375 0.62
v -0.02 0.55 0.62
v 0.02 0.55 0.62
v 0.06 0.55 0.62
vn -0 -0 -1
vn -0 -0 -1
vn -0 -0 -1
vn -0 -0 -1
vn -0 -0 -1
vn -0 -0 -1
vn -0 -0 -1
vn -0 -0 -1
vn -0 -0 -1
g HLl_f0
usemtl headlight
f 4343//4343 4347//4347 4344//4344
f 4343//4343 4346//4346 4347//4347
f 4344//4344 4348//4348 4345//4345
f 4344//4344 4347//4347 4348//4348
f 4346//4346 4350//4350 4347//4347
f 4346//4346 4349//4349 4350//4350
f 4347//4347 4351//4351 4348//4348
f 4347//4347 4350//4350 4351//4351
v -0.02 0.2 0.86
v 0.02 0.2 0.86
v 0.06 0.2 0.86
v -0.02 0.375 0.86
v 0.02 0.375 0.86
v 0.06 0.375 0.86
v -0.02 0.55 0.86
v 0.02 0.55 0.86
v 0.06 0.55 0.86
vn 0 0 1
vn 0 0 1
vn 0 0 1
vn 0 0 1
vn 0 0 1
vn 0 0 1
vn 0 0 1
vn 0 0 1
vn 0 0 1
g HLl_f1
usemtl headlight
f 4352//4352 4353//4353 4356//4356
f 4352//4352 4356//4356 4355//4355
f 4353//4353 4354//4354 4357//4357
f 4353//4353 4357//4357 4356//4356
f 4355//4355 4356//4356 4359//4359
f 4355//4355 4359//4359 4358//4358
f 4356//4356 4357//4357 4360//4360
f 4356//4356 4360//4360 4359//4359
v -0.02 0.2 0.62
v 0.02 0.2 0.62
v 0.06 0.2 0.62
v -0.02 0.2 0.74
v 0.02 0.2 0.74
v 0.06 0.2 0.74
v -0.02 0.2 0.86
v 0.02 0.2 0.86
v 0.06 0.2 0.86
vn 0 -1 0
vn 0 -1 0
vn 0 -1 0
vn 0 -1 0
vn 0 -1 0
vn 0 -1 0
vn 0 -1 0
vn 0 -1 0
vn 0 -1 0
g HLl_f2
usemtl headlight
f 4361//4361 4362//4362 4365//4365
f 4361//4361 4365//4365 4364//4364
f 4362//4362 4363//4363 4366//4366
f 4362//4362 4366//4366 4365//4365
f 4364//4364 4365//4365 4368//4368
f 4364//4364 4368//4368 4367//4367
f 4365//4365 4366//4366 4369//4369
f 4365//4365 4369//4369 4368//4368
v -0.02 0.55 0.62
v 0.02 0.55 0.62
v 0.06 0.55 0.62
v -0.02 0.55 0.74
v 0.02 0.55 0.74
v 0.06 0.55 0.74
v -0.02 0.55 0.86
v 0.02 0.55 0.86
v 0.06 0.55 0.86
vn -0 1 -0
vn -0 1 -0
vn -0 1 -0
vn -0 1 -0
vn -0 1 -0
vn -0 1 -0
vn -0 1 -0
vn -0 1 -0
vn -0 1 -0
g HLl_f3
usemtl headlight
f 4370//4370 4374//4374 4371//4371
f 4370//4370 4373//4373 4374//4374
f 4371//4371 4375//4375 4372//4372
f 4371//4371 4374//4374 4375//4375
f 4373//4373 4377//4377 4374//4374
f 4373//4373 4376//4376 4377//4377
f 4374//4374 4378//4378 4375//4375
f 4374//4374 4377//4377 4378//4378
v -0.02 0.2 0.62
v -0.02 0.375 0.62
v -0.02 0.55 0.62
v -0.02 0.2 0.74
v -0.02 0.375 0.74
v -0.02 0.55 0.74
v -0.02 0.2 0.86
v -0.02 0.375 0.86
v -0.02 0.55 0.86
vn -1 -0 -0
vn -1 -0 -0
vn -1 -0 -0
vn -1 -0 -0
vn -1 -0 -0
vn -1 -0 -0
vn -1 -0 -0
vn -1 -0 -0
vn -1 -0 -0
g HLl_f4
usemtl headlight
f 4379//4379 4383//4383 4380//4380
f 4379//4379 4382//4382 4383//4383
f 4380//4380 4384//4384 4381//4381
f 4380//4380 4383//4383 4384//4384
f 4382//4382 4386//4386 4383//4383
f 4382//4382 4385//4385 4386//4386
f 4383//4383 4387//4387 4384//4384
f 4383//4383 4386//4386 4387//4387
v 0.06 0.2 0.62
v 0.06 0.375 0.62
v 0.06 0.55 0.62
v 0.06 0.2 0.74
v 0.06 0.375 0.74
v 0.06 0.55 0.74
v 0.06 0.2 0.86
v 0.06 0.375 0.86
v 0.06 0.55 0.86
vn 1 0 0
vn 1 0 0
vn 1 0 0
vn 1 0 0
vn 1 0 0
vn 1 0 0
vn 1 0 0
vn 1 0 0
vn 1 0 0
g HLl_f5
usemtl headlight
f 4388//4388 4389//4389 4392//4392
f 4388//4388 4392//4392 4391//4391
f 4389//4389 4390//4390 4393//4393
f 4389//4389 4393//4393 4392//4392
f 4391//4391 4392//4392 4395//4395
f 4391//4391 4395//4395 4394//4394
f 4392//4392 4393//4393 4396//4396
f 4392//4392 4396//4396 4395//4395
o HLr
v -0.02 1.39 0.62
v 0.02 1.39 0.62
v 0.06 1.39 0.62
v -0.02 1.565 0.62
v 0.02 1.565 0.62
v 0.06 1.565 0.62
v -0.02 1.74 0.62
v 0.02 1.74 0.62
v 0.06 1.74 0.62
vn -0 -0 -1
vn -0 -0 -1
vn -0 -0 -1
vn -0 -0 -1
vn -0 -0 -1
vn -0 -0 -1
vn -0 -0 -1
vn -0 -0 -1
vn -0 -0 -1
g HLr_f0
usemtl headlight
f 4397//4397 4401//4401 4398//4398
f 4397//4397 4400//4400 4401//4401
f 4398//4398 4402//4402 4399//4399
f 4398//4398 4401//4401 4402//4402
f 4400//4400 4404//4404 4401//4401
f 4400//4400 4403//4403 4404//4404
f 4401//4401 4405//4405 4402//4402
f 4401//4401 4404//4404 4405//4405
v -0.02 1.39 0.86
v 0.02 1.39 0.86
v 0.06 1.39 0.86
v -0.02 1.565 0.86
v 0.02 1.565 0.86
v 0.06 1.565 0.86
v -0.02 1.74 0.86
v 0.02 1.74 0.86
v 0.06 1.74 0.86
vn 0 0 1
vn 0 0 1
vn 0 0 1
vn 0 0 1
vn 0 0 1
vn 0 0 1
vn 0 0 1
vn 0 0 1
vn 0 0 1
g HLr_f1
usemtl headlight
f 4406//4406 4407//4407 4410//4410
f 4406//4406 4410//4410 4409//4409
f 4407//4407 4408//4408 4411//4411
f 4407//4407 4411//4411 4410//4410
f 4409//4409 4410//4410 4413//4413
f 4409//4409 4413//4413 4412//4412
f 4410//4410 4411//4411 4414//4414
f 4410//4410 4414//4414 4413//4413
v -0.02 1.39 0.62
v 0.02 1.39 0.62
v 0.06 1.39 0.62
v -0.02 1.39 0.74
v 0.02 1.39 0.74
v 0.06 1.39 0.74
v -0.02 1.39 0.86
v 0.02 1.39 0.86
v 0.06 1.39 0.86
vn 0 -1 0
vn 0 -1 0
vn 0 -1 0
vn 0 -1 0
vn 0 -1 0
vn 0 -1 0
vn 0 -1 0
vn 0 -1 0
vn 0 -1 0
g HLr_f2
usemtl headlight
f 4415//4415 4416//4416 4419//4419
f 4415//4415 4419//4419 4418//4418
f 4416//4416 4417//4417 4420//4420
f 4416//4416 4420//4420 4419//4419
f 4418//4418 4419//4419 4422//4422
f 4418//4418 4422//4422 4421//4421
f 4419//4419 4420//4420 4423//4423
f 4419//4419 4423//4423 4422//4422
v -0.02 1.74 0.62
v 0.02 1.74 0.62
v 0.06 1.74 0.62
v -0.02 1.74 0.74
v 0.02 1.74 0.74
v 0.06 1.74 0.74
v -0.02 1.74 0.86
v 0.02 1.74 0.86
v 0.06 1.74 0.86
vn -0 1 -0
vn -0 1 -0
vn -0 1 -0
vn -0 1 -0
vn -0 1 -0
vn -0 1 -0
vn -0 1 -0
vn -0 1 -0
vn -0 1 -0
g HLr_f3
usemtl headlight
f 4424//4424 4428//4428 4425//4425
f 4424//4424 4427//4427 4428//4428
f 4425//4425 4429//4429 4426//4426
f 4425//4425 4428//4428 4429//4429
f 4427//4427 4431//4431 4428//4428
f 4427//4427 4430//4430 4431//4431
f 4428//4428 4432//4432 4429//4429
f 4428//4428 4431//4431 4432//4432
v -0.02 1.39 0.62
v -0.02 1.565 0.62
v -0.02 1.74 0.62
v -0.02 1.39 0.74
v -0.02 1.565 0.74
v -0.02 1.74 0.74
v -0.02 1.39 0.86
v -0.02 1.565 0.86
v -0.02 1.74 0.86
vn -1 -0 -0
vn -1 -0 -0
vn -1 -0 -0
vn -1 0 -0
vn -1 0 -0
vn -1 0 -0
vn -1 -0 -0
vn -1 -0 -0
vn -1 -0 -0
g HLr_f4
usemtl headlight
f 4433//4433 4437//4437 4434//4434
f 4433//4433 4436//4436 4437//4437
f 4434//4434 4438//4438 4435//4435
f 4434//4434 4437//4437 4438//4438
f 4436//4436 4440//4440 4437//4437
f 4436//4436 4439//4439 4440//4440
f 4437//4437 4441//4441 4438//4438
f 4437//4437 4440//4440 4441//4441
v 0.06 1.39 0.62
v 0.06 1.565 0.62
v 0.06 1.74 0.62
v 0.06 1.39 0.74
v 0.06 1.565 0.74
v 0.06 1.74 0.74
v 0.06 1.39 0.86
v 0.06 1.565 0.86
v 0.06 1.74 0.86
vn 1 0 0
vn 1 0 0
vn 1 0 0
vn 1 -0 0
vn 1 -0 0
vn 1 -0 0
vn 1 0 0
vn 1 0 0
vn 1 0 0
g HLr_f5
usemtl headlight
f 4442//4442 4443//4443 4446//4446
f 4442//4442 4446//4446 4445//4445
f 4443//4443 4444//4444 4447//4447
f 4443//4443 4447//4447 4446//4446
f 4445//4445 4446//4446 4449//4449
f 4445//4445 4449//4449 4448//4448
f 4446//4446 4447//4447 4450//4450
f 4446//4446 4450//4450 4449//4449
o TL
v 3.83 0.25 0.66
v 3.865 0.25 0.66
v 3.9 0.25 0.66
v 3.83 0.97 0.66
v 3.865 0.97 0.66
v 3.9 0.97 0.66
v 3.83 1.69 0.66
v 3.865 1.69 0.66
v 3.9 1.69 0.66
vn -0 -0 -1
vn -0 -0 -1
vn -0 -0 -1
vn -0 -0 -1
vn -0 -0 -1
vn -0 -0 -1
vn -0 -0 -1
vn -0 -0 -1
vn -0 -0 -1
g TL_f0
usemtl taillight
f 4451//4451 4455//4455 4452//4452
f 4451//4451 4454//4454 4455//4455
f 4452//4452 4456//4456 4453//4453
f 4452//4452 4455//4455 4456//4456
f 4454//4454 4458//4458 4455//4455
f 4454//4454 4457//4457 4458//4458
f 4455//4455 4459//4459 4456//4456
f 4455//4455 4458//4458 4459//4459
v 3.83 0.25 0.86
v 3.865 0.25 0.86
v 3.9 0.25 0.86
v 3.83 0.97 0.86
v 3.865 0.97 0.86
v 3.9 0.97 0.86
v 3.83 1.69 0.86
v 3.865 1.69 0.86
v 3.9 1.69 0.86
vn 0 0 1
vn 0 0 1
vn 0 0 1
vn 0 0 1
vn 0 0 1
vn 0 0 1
vn 0 0 1
vn 0 0 1
vn 0 0 1
g TL_f1
usemtl taillight
f 4460//4460 4461//4461 4464//4464
f 4460//4460 4464//4464 4463//4463
f 4461//4461 4462//4462 4465//4465
f 4461//4461 4465//4465 4464//4464
f 4463//4463 4464//4464 4467//4467
f 4463//4463 4467//4467 4466//4466
f 4464//4464 4465//4465 4468//4468
f 4464//4464 4468//4468 4467//4467
v 3.83 0.25 0.66
v 3.865 0.25 0.66
v 3.9 0.25 0.66
v 3.83 0.25 0.76
v 3.865 0.25 0.76
v 3.9 0.25 0.76
v 3.83 0.25 0.86
v 3.865 0.25 0.86
v 3.9 0.25 0.86
vn 0 -1 0
vn 0 -1 0
vn 0 -1 0
vn 0 -1 0
vn 0 -1 0
vn 0 -1 0
vn 0 -1 0
vn 0 -1 0
vn 0 -1 0
g TL_f2
usemtl taillight
f 4469//4469 4470//4470 4473//4473
f 4469//4469 4473//4473 4472//4472
f 4470//4470 4471//4471 4474//4474
f 4470//4470 4474//4474 4473//4473
f 4472//4472 4473//4473 4476//4476
f 4472//4472 4476//4476 4475//4475
f 4473//4473 4474//4474 4477//4477
f 4473//4473 4477//4477 4476//4476
v 3.83 1.69 0.66
v 3.865 1.69 0.66
v 3.9 1.69 0.66
v 3.83 1.69 0.76
v 3.865 1.69 0.76
v 3.9 1.69 0.76
v 3.83 1.69 0.86
v 3.865 1.69 0.86
v 3.9 1.69 0.86
vn -0 1 -0
vn -0 1 -0
vn -0 1 -0
vn -0 1 -0
vn -0 1 -0
vn -0 1 -0
vn -0 1 -0
vn -0 1 -0
vn -0 1 -0
g TL_f3
usemtl taillight
f 4478//4478 4482//4482 4479//4479
f 4478//4478 4481//4481 4482//4482
f 4479//4479 4483//4483 4480//4480
f 4479//4479 4482//4482 4483//4483
f 4481//4481 4485//4485 4482//4482
f 4481//4481 4484//4484 4485//4485
f 4482//4482 4486//4486 4483//4483
f 4482//4482 4485//4485 4486//4486
v 3.83 0.25 0.66
v 3.83 0.97 0.66
v 3.83 1.69 0.66
v 3.83 0.25 0.76
v 3.83 0.97 0.76
v 3.83 1.69 0.76
v 3.83 0.25 0.86
v 3.83 0.97 0.86
v 3.83 1.69 0.86
vn -1 -0 -0
vn -1 -0 -0
vn -1 -0 -0
vn -1 0 -0
vn -1 0 -0
vn -1 0 -0
vn -1 -0 -0
vn -1 -0 -0
vn -1 -0 -0
g TL_f4
usemtl taillight
f 4487//4487 4491//4491 4488//4488
f 4487//4487 4490//4490 4491//4491
f 4488//4488 4492//4492 4489//4489
f 4488//4488 4491//4491 4492//4492
f 4490//4490 4494//4494 4491//4491
f 4490//4490 4493//4493 4494//4494
f 4491//4491 4495//4495 4492//4492
f 4491//4491 4494//4494 4495//4495
v 3.9 0.25 0.66
v 3.9 0.97 0.66
v 3.9 1.69 0.66
v 3.9 0.25 0.76
v 3.9 0.97 0.76
v 3.9 1.69 0.76
v 3.9 0.25 0.86
v 3.9 0.97 0.86
v 3.9 1.69 0.86
vn 1 0 0
vn 1 0 0
vn 1 0 0
vn 1 -0 0
vn 1 -0 0
vn 1 -0 0
vn 1 0 0
vn 1 0 0
vn 1 0 0
g TL_f5
usemtl taillight
f 4496//4496 4497//4497 4500//4500
f 4496//4496 4500//4500 4499//4499
f 4497//4497 4498//4498 4501//4501
f 4497//4497 4501//4501 4500//4500
f 4499//4499 4500//4500 4503//4503
f 4499//4499 4503//4503 4502//4502
f 4500//4500 4501//4501 4504//4504
f 4500//4500 4504//4504 4503//4503
