# SolidArc mesh export — units: metres, Y up matches source; per-face materials via usemtl.
mtllib Race1_GT.mtl
o Body
v 0 0 0.38
v 0.21 0 0.59
v 0.42 0 0.8
v 0 1 0.38
v 0.21 1 0.59
v 0.42 1 0.8
v 0 2 0.38
v 0.21 2 0.59
v 0.42 2 0.8
vn -0.707107 0 0.707107
vn -0.707107 0 0.707107
vn -0.707107 0 0.707107
vn -0.707107 0 0.707107
vn -0.707107 0 0.707107
vn -0.707107 0 0.707107
vn -0.707107 0 0.707107
vn -0.707107 0 0.707107
vn -0.707107 0 0.707107
g Body_f0
usemtl plastic-red
f 1//1 2//2 5//5
f 1//1 5//5 4//4
f 2//2 3//3 6//6
f 2//2 6//6 5//5
f 4//4 5//5 8//8
f 4//4 8//8 7//7
f 5//5 6//6 9//9
f 5//5 9//9 8//8
v 0.42 0 0.8
v 2.3 0 0.8
v 4.18 0 0.8
v 0.42 1 0.8
v 2.3 1 0.8
v 4.18 1 0.8
v 0.42 2 0.8
v 2.3 2 0.8
v 4.18 2 0.8
vn 0 0 1
vn 0 0 1
vn 0 0 1
vn 0 0 1
vn 0 0 1
vn 0 0 1
vn 0 0 1
vn 0 0 1
vn 0 0 1
g Body_f1
usemtl plastic-red
f 10//10 11//11 14//14
f 10//10 14//14 13//13
f 11//11 12//12 15//15
f 11//11 15//15 14//14
f 13//13 14//14 17//17
f 13//13 17//17 16//16
f 14//14 15//15 18//18
f 14//14 18//18 17//17
v 4.18 0 0.8
v 4.39 0 0.59
v 4.6 0 0.38
v 4.18 1 0.8
v 4.39 1 0.59
v 4.6 1 0.38
v 4.18 2 0.8
v 4.39 2 0.59
v 4.6 2 0.38
vn 0.707107 -0 0.707107
vn 0.707107 -0 0.707107
vn 0.707107 -0 0.707107
vn 0.707107 -0 0.707107
vn 0.707107 -0 0.707107
vn 0.707107 -0 0.707107
vn 0.707107 -0 0.707107
vn 0.707107 -0 0.707107
vn 0.707107 -0 0.707107
g Body_f2
usemtl plastic-red
f 19//19 20//20 23//23
f 19//19 23//23 22//22
f 20//20 21//21 24//24
f 20//20 24//24 23//23
f 22//22 23//23 26//26
f 22//22 26//26 25//25
f 23//23 24//24 27//27
f 23//23 27//27 26//26
v 4.6 0 0.38
v 4.6 0 0.34
v 4.6 0 0.3
v 4.6 1 0.38
v 4.6 1 0.34
v 4.6 1 0.3
v 4.6 2 0.38
v 4.6 2 0.34
v 4.6 2 0.3
vn 1 -0 0
vn 1 -0 0
vn 1 -0 0
vn 1 -0 0
vn 1 -0 0
vn 1 -0 0
vn 1 -0 0
vn 1 -0 0
vn 1 -0 0
g Body_f3
usemtl plastic-red
f 28//28 29//29 32//32
f 28//28 32//32 31//31
f 29//29 30//30 33//33
f 29//29 33//33 32//32
f 31//31 32//32 35//35
f 31//31 35//35 34//34
f 32//32 33//33 36//36
f 32//32 36//36 35//35
v 4.6 0 0.3
v 2.3 0 0.3
v 0 0 0.3
v 4.6 1 0.3
v 2.3 1 0.3
v 0 1 0.3
v 4.6 2 0.3
v 2.3 2 0.3
v 0 2 0.3
vn 0 0 -1
vn 0 0 -1
vn 0 0 -1
vn 0 0 -1
vn 0 0 -1
vn 0 0 -1
vn 0 0 -1
vn 0 0 -1
vn 0 0 -1
g Body_f4
usemtl plastic-red
f 37//37 38//38 41//41
f 37//37 41//41 40//40
f 38//38 39//39 42//42
f 38//38 42//42 41//41
f 40//40 41//41 44//44
f 40//40 44//44 43//43
f 41//41 42//42 45//45
f 41//41 45//45 44//44
v 0 0 0.3
v 0 0 0.34
v 0 0 0.38
v 0 1 0.3
v 0 1 0.34
v 0 1 0.38
v 0 2 0.3
v 0 2 0.34
v 0 2 0.38
vn -1 0 0
vn -1 0 0
vn -1 0 0
vn -1 0 0
vn -1 0 0
vn -1 0 0
vn -1 0 0
vn -1 0 0
vn -1 0 0
g Body_f5
usemtl plastic-red
f 46//46 47//47 50//50
f 46//46 50//50 49//49
f 47//47 48//48 51//51
f 47//47 51//51 50//50
f 49//49 50//50 53//53
f 49//49 53//53 52//52
f 50//50 51//51 54//54
f 50//50 54//54 53//53
v 0.42 2 0.8
v 4.18 2 0.8
v 4.6 2 0.38
v 4.6 2 0.3
v -1.33504e-14 2 0.3
v 6.74738e-14 2 0.38
vn 0 1 -0
vn 0 1 -0
vn 0 1 -0
vn 0 1 -0
vn 0 1 -0
vn 0 1 -0
g Body_f6
usemtl plastic-red
f 60//60 55//55 56//56
f 60//60 56//56 57//57
f 60//60 57//57 58//58
f 58//58 59//59 60//60
v 1.2379e-13 0 0.38
v -7.12763e-14 0 0.3
v 4.6 0 0.3
v 4.6 0 0.38
v 4.18 0 0.8
v 0.42 0 0.8
vn 0 -1 0
vn 0 -1 0
vn 0 -1 0
vn 0 -1 0
vn 0 -1 0
vn 0 -1 0
g Body_f7
usemtl plastic-red
f 66//66 61//61 62//62
f 66//66 62//62 63//63
f 66//66 63//63 64//64
f 64//64 65//65 66//66
o Canopy
v 1.55 0.28 0.9
v 1.69 0.28 1.04
v 1.83 0.28 1.18
v 1.55 1 0.9
v 1.69 1 1.04
v 1.83 1 1.18
v 1.55 1.72 0.9
v 1.69 1.72 1.04
v 1.83 1.72 1.18
vn -0.707107 0 0.707107
vn -0.707107 0 0.707107
vn -0.707107 0 0.707107
vn -0.707107 0 0.707107
vn -0.707107 0 0.707107
vn -0.707107 0 0.707107
vn -0.707107 0 0.707107
vn -0.707107 0 0.707107
vn -0.707107 0 0.707107
g Canopy_f0
usemtl glass
f 67//67 68//68 71//71
f 67//67 71//71 70//70
f 68//68 69//69 72//72
f 68//68 72//72 71//71
f 70//70 71//71 74//74
f 70//70 74//74 73//73
f 71//71 72//72 75//75
f 71//71 75//75 74//74
v 1.83 0.28 1.18
v 2.3 0.28 1.18
v 2.77 0.28 1.18
v 1.83 1 1.18
v 2.3 1 1.18
v 2.77 1 1.18
v 1.83 1.72 1.18
v 2.3 1.72 1.18
v 2.77 1.72 1.18
vn 0 0 1
vn 0 0 1
vn 0 0 1
vn 0 0 1
vn 0 0 1
vn 0 0 1
vn 0 0 1
vn 0 0 1
vn 0 0 1
g Canopy_f1
usemtl glass
f 76//76 77//77 80//80
f 76//76 80//80 79//79
f 77//77 78//78 81//81
f 77//77 81//81 80//80
f 79//79 80//80 83//83
f 79//79 83//83 82//82
f 80//80 81//81 84//84
f 80//80 84//84 83//83
v 2.77 0.28 1.18
v 2.91 0.28 1.04
v 3.05 0.28 0.9
v 2.77 1 1.18
v 2.91 1 1.04
v 3.05 1 0.9
v 2.77 1.72 1.18
v 2.91 1.72 1.04
v 3.05 1.72 0.9
vn 0.707107 -0 0.707107
vn 0.707107 -0 0.707107
vn 0.707107 -0 0.707107
vn 0.707107 -0 0.707107
vn 0.707107 -0 0.707107
vn 0.707107 -0 0.707107
vn 0.707107 -0 0.707107
vn 0.707107 -0 0.707107
vn 0.707107 -0 0.707107
g Canopy_f2
usemtl glass
f 85//85 86//86 89//89
f 85//85 89//89 88//88
f 86//86 87//87 90//90
f 86//86 90//90 89//89
f 88//88 89//89 92//92
f 88//88 92//92 91//91
f 89//89 90//90 93//93
f 89//89 93//93 92//92
v 3.05 0.28 0.9
v 3.05 0.28 0.85
v 3.05 0.28 0.8
v 3.05 1 0.9
v 3.05 1 0.85
v 3.05 1 0.8
v 3.05 1.72 0.9
v 3.05 1.72 0.85
v 3.05 1.72 0.8
vn 1 -0 0
vn 1 -0 0
vn 1 -0 0
vn 1 -0 0
vn 1 -0 0
vn 1 -0 0
vn 1 -0 0
vn 1 -0 0
vn 1 -0 0
g Canopy_f3
usemtl glass
f 94//94 95//95 98//98
f 94//94 98//98 97//97
f 95//95 96//96 99//99
f 95//95 99//99 98//98
f 97//97 98//98 101//101
f 97//97 101//101 100//100
f 98//98 99//99 102//102
f 98//98 102//102 101//101
v 3.05 0.28 0.8
v 2.3 0.28 0.8
v 1.55 0.28 0.8
v 3.05 1 0.8
v 2.3 1 0.8
v 1.55 1 0.8
v 3.05 1.72 0.8
v 2.3 1.72 0.8
v 1.55 1.72 0.8
vn 0 0 -1
vn 0 0 -1
vn 0 0 -1
vn 0 0 -1
vn 0 0 -1
vn 0 0 -1
vn 0 0 -1
vn 0 0 -1
vn 0 0 -1
g Canopy_f4
usemtl glass
f 103//103 104//104 107//107
f 103//103 107//107 106//106
f 104//104 105//105 108//108
f 104//104 108//108 107//107
f 106//106 107//107 110//110
f 106//106 110//110 109//109
f 107//107 108//108 111//111
f 107//107 111//111 110//110
v 1.55 0.28 0.8
v 1.55 0.28 0.85
v 1.55 0.28 0.9
v 1.55 1 0.8
v 1.55 1 0.85
v 1.55 1 0.9
v 1.55 1.72 0.8
v 1.55 1.72 0.85
v 1.55 1.72 0.9
vn -1 0 0
vn -1 0 0
vn -1 0 0
vn -1 0 0
vn -1 0 0
vn -1 0 0
vn -1 0 0
vn -1 0 0
vn -1 0 0
g Canopy_f5
usemtl glass
f 112//112 113//113 116//116
f 112//112 116//116 115//115
f 113//113 114//114 117//117
f 113//113 117//117 116//116
f 115//115 116//116 119//119
f 115//115 119//119 118//118
f 116//116 117//117 120//120
f 116//116 120//120 119//119
v 1.55 0.28 0.9
v 1.55 0.28 0.8
v 3.05 0.28 0.8
v 3.05 0.28 0.9
v 2.77 0.28 1.18
v 1.83 0.28 1.18
vn 8.32667e-19 -1 0
vn 4.16334e-19 -1 0
vn -1.51268e-17 -1 0
vn -2.2482e-17 -1 0
vn 0 -1 0
vn 0 -1 0
g Canopy_f6
usemtl glass
f 126//126 121//121 122//122
f 126//126 122//122 123//123
f 126//126 123//123 124//124
f 124//124 125//125 126//126
v 1.83 1.72 1.18
v 2.77 1.72 1.18
v 3.05 1.72 0.9
v 3.05 1.72 0.8
v 1.55 1.72 0.8
v 1.55 1.72 0.9
vn -1.11022e-16 1 8.88178e-16
vn -1.11022e-16 1 1.11022e-15
vn -2.29816e-16 1 4.996e-16
vn -1.70419e-16 1 4.71845e-16
vn -1.82632e-16 1 4.44089e-16
vn -1.5099e-16 1 8.88178e-16
g Canopy_f7
usemtl glass
f 132//132 127//127 128//128
f 132//132 128//128 129//129
f 132//132 129//129 130//130
f 130//130 131//131 132//132
o WingPL
v 4.2 0.42 1.02
v 4.28 0.42 1.02
v 4.36 0.42 1.02
v 4.2 0.5 1.02
v 4.28 0.5 1.02
v 4.36 0.5 1.02
v 4.2 0.58 1.02
v 4.28 0.58 1.02
v 4.36 0.58 1.02
vn -0 -0 -1
vn -0 -0 -1
vn -0 -0 -1
vn 0 -0 -1
vn 0 -0 -1
vn 0 -0 -1
vn -0 -0 -1
vn -0 -0 -1
vn -0 -0 -1
g WingPL_f0
usemtl carbon
f 133//133 137//137 134//134
f 133//133 136//136 137//137
f 134//134 138//138 135//135
f 134//134 137//137 138//138
f 136//136 140//140 137//137
f 136//136 139//139 140//140
f 137//137 141//141 138//138
f 137//137 140//140 141//141
v 4.2 0.42 1.46
v 4.28 0.42 1.46
v 4.36 0.42 1.46
v 4.2 0.5 1.46
v 4.28 0.5 1.46
v 4.36 0.5 1.46
v 4.2 0.58 1.46
v 4.28 0.58 1.46
v 4.36 0.58 1.46
vn 0 0 1
vn 0 0 1
vn 0 0 1
vn -0 0 1
vn -0 0 1
vn -0 0 1
vn 0 0 1
vn 0 0 1
vn 0 0 1
g WingPL_f1
usemtl carbon
f 142//142 143//143 146//146
f 142//142 146//146 145//145
f 143//143 144//144 147//147
f 143//143 147//147 146//146
f 145//145 146//146 149//149
f 145//145 149//149 148//148
f 146//146 147//147 150//150
f 146//146 150//150 149//149
v 4.2 0.42 1.02
v 4.28 0.42 1.02
v 4.36 0.42 1.02
v 4.2 0.42 1.24
v 4.28 0.42 1.24
v 4.36 0.42 1.24
v 4.2 0.42 1.46
v 4.28 0.42 1.46
v 4.36 0.42 1.46
vn 0 -1 0
vn 0 -1 0
vn 0 -1 0
vn 0 -1 0
vn 0 -1 0
vn 0 -1 0
vn 0 -1 0
vn 0 -1 0
vn 0 -1 0
g WingPL_f2
usemtl carbon
f 151//151 152//152 155//155
f 151//151 155//155 154//154
f 152//152 153//153 156//156
f 152//152 156//156 155//155
f 154//154 155//155 158//158
f 154//154 158//158 157//157
f 155//155 156//156 159//159
f 155//155 159//159 158//158
v 4.2 0.58 1.02
v 4.28 0.58 1.02
v 4.36 0.58 1.02
v 4.2 0.58 1.24
v 4.28 0.58 1.24
v 4.36 0.58 1.24
v 4.2 0.58 1.46
v 4.28 0.58 1.46
v 4.36 0.58 1.46
vn -0 1 -0
vn -0 1 -0
vn -0 1 -0
vn -0 1 -0
vn -0 1 -0
vn -0 1 -0
vn -0 1 -0
vn -0 1 -0
vn -0 1 -0
g WingPL_f3
usemtl carbon
f 160//160 164//164 161//161
f 160//160 163//163 164//164
f 161//161 165//165 162//162
f 161//161 164//164 165//165
f 163//163 167//167 164//164
f 163//163 166//166 167//167
f 164//164 168//168 165//165
f 164//164 167//167 168//168
v 4.2 0.42 1.02
v 4.2 0.5 1.02
v 4.2 0.58 1.02
v 4.2 0.42 1.24
v 4.2 0.5 1.24
v 4.2 0.58 1.24
v 4.2 0.42 1.46
v 4.2 0.5 1.46
v 4.2 0.58 1.46
vn -1 -0 -0
vn -1 -0 -0
vn -1 -0 -0
vn -1 0 -0
vn -1 0 -0
vn -1 0 -0
vn -1 -0 -0
vn -1 -0 -0
vn -1 -0 -0
g WingPL_f4
usemtl carbon
f 169//169 173//173 170//170
f 169//169 172//172 173//173
f 170//170 174//174 171//171
f 170//170 173//173 174//174
f 172//172 176//176 173//173
f 172//172 175//175 176//176
f 173//173 177//177 174//174
f 173//173 176//176 177//177
v 4.36 0.42 1.02
v 4.36 0.5 1.02
v 4.36 0.58 1.02
v 4.36 0.42 1.24
v 4.36 0.5 1.24
v 4.36 0.58 1.24
v 4.36 0.42 1.46
v 4.36 0.5 1.46
v 4.36 0.58 1.46
vn 1 0 0
vn 1 0 0
vn 1 0 0
vn 1 -0 0
vn 1 -0 0
vn 1 -0 0
vn 1 0 0
vn 1 0 0
vn 1 0 0
g WingPL_f5
usemtl carbon
f 178//178 179//179 182//182
f 178//178 182//182 181//181
f 179//179 180//180 183//183
f 179//179 183//183 182//182
f 181//181 182//182 185//185
f 181//181 185//185 184//184
f 182//182 183//183 186//186
f 182//182 186//186 185//185
o WingPR
v 4.2 1.42 1.02
v 4.28 1.42 1.02
v 4.36 1.42 1.02
v 4.2 1.5 1.02
v 4.28 1.5 1.02
v 4.36 1.5 1.02
v 4.2 1.58 1.02
v 4.28 1.58 1.02
v 4.36 1.58 1.02
vn -0 -0 -1
vn -0 -0 -1
vn -0 -0 -1
vn 0 -0 -1
vn 0 -0 -1
vn 0 -0 -1
vn -0 -0 -1
vn -0 -0 -1
vn -0 -0 -1
g WingPR_f0
usemtl carbon
f 187//187 191//191 188//188
f 187//187 190//190 191//191
f 188//188 192//192 189//189
f 188//188 191//191 192//192
f 190//190 194//194 191//191
f 190//190 193//193 194//194
f 191//191 195//195 192//192
f 191//191 194//194 195//195
v 4.2 1.42 1.46
v 4.28 1.42 1.46
v 4.36 1.42 1.46
v 4.2 1.5 1.46
v 4.28 1.5 1.46
v 4.36 1.5 1.46
v 4.2 1.58 1.46
v 4.28 1.58 1.46
v 4.36 1.58 1.46
vn 0 0 1
vn 0 0 1
vn 0 0 1
vn -0 0 1
vn -0 0 1
vn -0 0 1
vn 0 0 1
vn 0 0 1
vn 0 0 1
g WingPR_f1
usemtl carbon
f 196//196 197//197 200//200
f 196//196 200//200 199//199
f 197//197 198//198 201//201
f 197//197 201//201 200//200
f 199//199 200//200 203//203
f 199//199 203//203 202//202
f 200//200 201//201 204//204
f 200//200 204//204 203//203
v 4.2 1.42 1.02
v 4.28 1.42 1.02
v 4.36 1.42 1.02
v 4.2 1.42 1.24
v 4.28 1.42 1.24
v 4.36 1.42 1.24
v 4.2 1.42 1.46
v 4.28 1.42 1.46
v 4.36 1.42 1.46
vn 0 -1 0
vn 0 -1 0
vn 0 -1 0
vn 0 -1 0
vn 0 -1 0
vn 0 -1 0
vn 0 -1 0
vn 0 -1 0
vn 0 -1 0
g WingPR_f2
usemtl carbon
f 205//205 206//206 209//209
f 205//205 209//209 208//208
f 206//206 207//207 210//210
f 206//206 210//210 209//209
f 208//208 209//209 212//212
f 208//208 212//212 211//211
f 209//209 210//210 213//213
f 209//209 213//213 212//212
v 4.2 1.58 1.02
v 4.28 1.58 1.02
v 4.36 1.58 1.02
v 4.2 1.58 1.24
v 4.28 1.58 1.24
v 4.36 1.58 1.24
v 4.2 1.58 1.46
v 4.28 1.58 1.46
v 4.36 1.58 1.46
vn -0 1 -0
vn -0 1 -0
vn -0 1 -0
vn -0 1 -0
vn -0 1 -0
vn -0 1 -0
vn -0 1 -0
vn -0 1 -0
vn -0 1 -0
g WingPR_f3
usemtl carbon
f 214//214 218//218 215//215
f 214//214 217//217 218//218
f 215//215 219//219 216//216
f 215//215 218//218 219//219
f 217//217 221//221 218//218
f 217//217 220//220 221//221
f 218//218 222//222 219//219
f 218//218 221//221 222//222
v 4.2 1.42 1.02
v 4.2 1.5 1.02
v 4.2 1.58 1.02
v 4.2 1.42 1.24
v 4.2 1.5 1.24
v 4.2 1.58 1.24
v 4.2 1.42 1.46
v 4.2 1.5 1.46
v 4.2 1.58 1.46
vn -1 -0 -0
vn -1 -0 -0
vn -1 -0 -0
vn -1 -0 -0
vn -1 -0 -0
vn -1 -0 -0
vn -1 -0 -0
vn -1 -0 -0
vn -1 -0 -0
g WingPR_f4
usemtl carbon
f 223//223 227//227 224//224
f 223//223 226//226 227//227
f 224//224 228//228 225//225
f 224//224 227//227 228//228
f 226//226 230//230 227//227
f 226//226 229//229 230//230
f 227//227 231//231 228//228
f 227//227 230//230 231//231
v 4.36 1.42 1.02
v 4.36 1.5 1.02
v 4.36 1.58 1.02
v 4.36 1.42 1.24
v 4.36 1.5 1.24
v 4.36 1.58 1.24
v 4.36 1.42 1.46
v 4.36 1.5 1.46
v 4.36 1.58 1.46
vn 1 0 0
vn 1 0 0
vn 1 0 0
vn 1 0 0
vn 1 0 0
vn 1 0 0
vn 1 0 0
vn 1 0 0
vn 1 0 0
g WingPR_f5
usemtl carbon
f 232//232 233//233 236//236
f 232//232 236//236 235//235
f 233//233 234//234 237//237
f 233//233 237//237 236//236
f 235//235 236//236 239//239
f 235//235 239//239 238//238
f 236//236 237//237 240//240
f 236//236 240//240 239//239
o Wing
v 4.02 0.1 1.44
v 4.38 0.1 1.44
v 4.74 0.1 1.44
v 4.02 1 1.44
v 4.38 1 1.44
v 4.74 1 1.44
v 4.02 1.9 1.44
v 4.38 1.9 1.44
v 4.74 1.9 1.44
vn -0 -0 -1
vn -0 -0 -1
vn -0 -0 -1
vn -0 -0 -1
vn -0 -0 -1
vn -0 -0 -1
vn -0 -0 -1
vn -0 -0 -1
vn -0 -0 -1
g Wing_f0
usemtl carbon
f 241//241 245//245 242//242
f 241//241 244//244 245//245
f 242//242 246//246 243//243
f 242//242 245//245 246//246
f 244//244 248//248 245//245
f 244//244 247//247 248//248
f 245//245 249//249 246//246
f 245//245 248//248 249//249
v 4.02 0.1 1.56
v 4.38 0.1 1.56
v 4.74 0.1 1.56
v 4.02 1 1.56
v 4.38 1 1.56
v 4.74 1 1.56
v 4.02 1.9 1.56
v 4.38 1.9 1.56
v 4.74 1.9 1.56
vn 0 0 1
vn 0 0 1
vn 0 0 1
vn 0 0 1
vn 0 0 1
vn 0 0 1
vn 0 0 1
vn 0 0 1
vn 0 0 1
g Wing_f1
usemtl carbon
f 250//250 251//251 254//254
f 250//250 254//254 253//253
f 251//251 252//252 255//255
f 251//251 255//255 254//254
f 253//253 254//254 257//257
f 253//253 257//257 256//256
f 254//254 255//255 258//258
f 254//254 258//258 257//257
v 4.02 0.1 1.44
v 4.38 0.1 1.44
v 4.74 0.1 1.44
v 4.02 0.1 1.5
v 4.38 0.1 1.5
v 4.74 0.1 1.5
v 4.02 0.1 1.56
v 4.38 0.1 1.56
v 4.74 0.1 1.56
vn 0 -1 0
vn 0 -1 0
vn 0 -1 0
vn 0 -1 0
vn 0 -1 0
vn 0 -1 0
vn 0 -1 0
vn 0 -1 0
vn 0 -1 0
g Wing_f2
usemtl carbon
f 259//259 260//260 263//263
f 259//259 263//263 262//262
f 260//260 261//261 264//264
f 260//260 264//264 263//263
f 262//262 263//263 266//266
f 262//262 266//266 265//265
f 263//263 264//264 267//267
f 263//263 267//267 266//266
v 4.02 1.9 1.44
v 4.38 1.9 1.44
v 4.74 1.9 1.44
v 4.02 1.9 1.5
v 4.38 1.9 1.5
v 4.74 1.9 1.5
v 4.02 1.9 1.56
v 4.38 1.9 1.56
v 4.74 1.9 1.56
vn -0 1 -0
vn -0 1 -0
vn -0 1 -0
vn -0 1 -0
vn -0 1 -0
vn -0 1 -0
vn -0 1 -0
vn -0 1 -0
vn -0 1 -0
g Wing_f3
usemtl carbon
f 268//268 272//272 269//269
f 268//268 271//271 272//272
f 269//269 273//273 270//270
f 269//269 272//272 273//273
f 271//271 275//275 272//272
f 271//271 274//274 275//275
f 272//272 276//276 273//273
f 272//272 275//275 276//276
v 4.02 0.1 1.44
v 4.02 1 1.44
v 4.02 1.9 1.44
v 4.02 0.1 1.5
v 4.02 1 1.5
v 4.02 1.9 1.5
v 4.02 0.1 1.56
v 4.02 1 1.56
v 4.02 1.9 1.56
vn -1 -0 -0
vn -1 -0 -0
vn -1 -0 -0
vn -1 -0 -0
vn -1 -0 -0
vn -1 -0 -0
vn -1 -0 -0
vn -1 -0 -0
vn -1 -0 -0
g Wing_f4
usemtl carbon
f 277//277 281//281 278//278
f 277//277 280//280 281//281
f 278//278 282//282 279//279
f 278//278 281//281 282//282
f 280//280 284//284 281//281
f 280//280 283//283 284//284
f 281//281 285//285 282//282
f 281//281 284//284 285//285
v 4.74 0.1 1.44
v 4.74 1 1.44
v 4.74 1.9 1.44
v 4.74 0.1 1.5
v 4.74 1 1.5
v 4.74 1.9 1.5
v 4.74 0.1 1.56
v 4.74 1 1.56
v 4.74 1.9 1.56
vn 1 0 0
vn 1 0 0
vn 1 0 0
vn 1 0 0
vn 1 0 0
vn 1 0 0
vn 1 0 0
vn 1 0 0
vn 1 0 0
g Wing_f5
usemtl carbon
f 286//286 287//287 290//290
f 286//286 290//290 289//289
f 287//287 288//288 291//291
f 287//287 291//291 290//290
f 289//289 290//290 293//293
f 289//289 293//293 292//292
f 290//290 291//291 294//294
f 290//290 294//294 293//293
o Splitter
v -0.18 0.08 0.28
v 0.1 0.08 0.28
v 0.38 0.08 0.28
v -0.18 1 0.28
v 0.1 1 0.28
v 0.38 1 0.28
v -0.18 1.92 0.28
v 0.1 1.92 0.28
v 0.38 1.92 0.28
vn -0 -0 -1
vn -0 -0 -1
vn -0 -0 -1
vn -0 -0 -1
vn -0 -0 -1
vn -0 -0 -1
vn -0 -0 -1
vn -0 -0 -1
vn -0 -0 -1
g Splitter_f0
usemtl carbon
f 295//295 299//299 296//296
f 295//295 298//298 299//299
f 296//296 300//300 297//297
f 296//296 299//299 300//300
f 298//298 302//302 299//299
f 298//298 301//301 302//302
f 299//299 303//303 300//300
f 299//299 302//302 303//303
v -0.18 0.08 0.36
v 0.1 0.08 0.36
v 0.38 0.08 0.36
v -0.18 1 0.36
v 0.1 1 0.36
v 0.38 1 0.36
v -0.18 1.92 0.36
v 0.1 1.92 0.36
v 0.38 1.92 0.36
vn 0 0 1
vn 0 0 1
vn 0 0 1
vn 0 0 1
vn 0 0 1
vn 0 0 1
vn 0 0 1
vn 0 0 1
vn 0 0 1
g Splitter_f1
usemtl carbon
f 304//304 305//305 308//308
f 304//304 308//308 307//307
f 305//305 306//306 309//309
f 305//305 309//309 308//308
f 307//307 308//308 311//311
f 307//307 311//311 310//310
f 308//308 309//309 312//312
f 308//308 312//312 311//311
v -0.18 0.08 0.28
v 0.1 0.08 0.28
v 0.38 0.08 0.28
v -0.18 0.08 0.32
v 0.1 0.08 0.32
v 0.38 0.08 0.32
v -0.18 0.08 0.36
v 0.1 0.08 0.36
v 0.38 0.08 0.36
vn 0 -1 0
vn 0 -1 0
vn 0 -1 0
vn 0 -1 0
vn 0 -1 0
vn 0 -1 0
vn 0 -1 0
vn 0 -1 0
vn 0 -1 0
g Splitter_f2
usemtl carbon
f 313//313 314//314 317//317
f 313//313 317//317 316//316
f 314//314 315//315 318//318
f 314//314 318//318 317//317
f 316//316 317//317 320//320
f 316//316 320//320 319//319
f 317//317 318//318 321//321
f 317//317 321//321 320//320
v -0.18 1.92 0.28
v 0.1 1.92 0.28
v 0.38 1.92 0.28
v -0.18 1.92 0.32
v 0.1 1.92 0.32
v 0.38 1.92 0.32
v -0.18 1.92 0.36
v 0.1 1.92 0.36
v 0.38 1.92 0.36
vn -0 1 -0
vn -0 1 -0
vn -0 1 -0
vn -0 1 -0
vn -0 1 -0
vn -0 1 -0
vn -0 1 -0
vn -0 1 -0
vn -0 1 -0
g Splitter_f3
usemtl carbon
f 322//322 326//326 323//323
f 322//322 325//325 326//326
f 323//323 327//327 324//324
f 323//323 326//326 327//327
f 325//325 329//329 326//326
f 325//325 328//328 329//329
f 326//326 330//330 327//327
f 326//326 329//329 330//330
v -0.18 0.08 0.28
v -0.18 1 0.28
v -0.18 1.92 0.28
v -0.18 0.08 0.32
v -0.18 1 0.32
v -0.18 1.92 0.32
v -0.18 0.08 0.36
v -0.18 1 0.36
v -0.18 1.92 0.36
vn -1 -0 -0
vn -1 -0 -0
vn -1 -0 -0
vn -1 -0 -0
vn -1 -0 -0
vn -1 -0 -0
vn -1 -0 -0
vn -1 -0 -0
vn -1 -0 -0
g Splitter_f4
usemtl carbon
f 331//331 335//335 332//332
f 331//331 334//334 335//335
f 332//332 336//336 333//333
f 332//332 335//335 336//336
f 334//334 338//338 335//335
f 334//334 337//337 338//338
f 335//335 339//339 336//336
f 335//335 338//338 339//339
v 0.38 0.08 0.28
v 0.38 1 0.28
v 0.38 1.92 0.28
v 0.38 0.08 0.32
v 0.38 1 0.32
v 0.38 1.92 0.32
v 0.38 0.08 0.36
v 0.38 1 0.36
v 0.38 1.92 0.36
vn 1 0 0
vn 1 0 0
vn 1 0 0
vn 1 0 0
vn 1 0 0
vn 1 0 0
vn 1 0 0
vn 1 0 0
vn 1 0 0
g Splitter_f5
usemtl carbon
f 340//340 341//341 344//344
f 340//340 344//344 343//343
f 341//341 342//342 345//345
f 341//341 345//345 344//344
f 343//343 344//344 347//347
f 343//343 347//347 346//346
f 344//344 345//345 348//348
f 344//344 348//348 347//347
o WheelFL
v 0.6 -0.08 0.45
v 0.600447 -0.08 0.470061
v 0.60182 -0.08 0.490434
v 0.604162 -0.08 0.511063
v 0.607513 -0.08 0.531883
v 0.611906 -0.08 0.552827
v 0.61737 -0.08 0.573821
v 0.623929 -0.08 0.594787
v 0.631595 -0.08 0.615643
v 0.640377 -0.08 0.636303
v 0.650272 -0.08 0.656683
v 0.66127 -0.08 0.676692
v 0.673352 -0.08 0.696244
v 0.686488 -0.08 0.715253
v 0.700641 -0.08 0.733634
v 0.715764 -0.08 0.751308
v 0.731802 -0.08 0.768198
v 0.748692 -0.08 0.784236
v 0.766366 -0.08 0.799359
v 0.784747 -0.08 0.813512
v 0.803756 -0.08 0.826648
v 0.823308 -0.08 0.83873
v 0.843317 -0.08 0.849728
v 0.863697 -0.08 0.859623
v 0.884357 -0.08 0.868405
v 0.905213 -0.08 0.876071
v 0.926179 -0.08 0.88263
v 0.947173 -0.08 0.888094
v 0.968117 -0.08 0.892487
v 0.988937 -0.08 0.895838
v 1.00957 -0.08 0.89818
v 1.02994 -0.08 0.899553
v 1.05 -0.08 0.9
v 1.07006 -0.08 0.899553
v 1.09043 -0.08 0.89818
v 1.11106 -0.08 0.895838
v 1.13188 -0.08 0.892487
v 1.15283 -0.08 0.888094
v 1.17382 -0.08 0.88263
v 1.19479 -0.08 0.876071
v 1.21564 -0.08 0.868405
v 1.2363 -0.08 0.859623
v 1.25668 -0.08 0.849728
v 1.27669 -0.08 0.83873
v 1.29624 -0.08 0.826648
v 1.31525 -0.08 0.813512
v 1.33363 -0.08 0.799359
v 1.35131 -0.08 0.784236
v 1.3682 -0.08 0.768198
v 1.38424 -0.08 0.751308
v 1.39936 -0.08 0.733634
v 1.41351 -0.08 0.715253
v 1.42665 -0.08 0.696244
v 1.43873 -0.08 0.676692
v 1.44973 -0.08 0.656683
v 1.45962 -0.08 0.636303
v 1.4684 -0.08 0.615643
v 1.47607 -0.08 0.594787
v 1.48263 -0.08 0.573821
v 1.48809 -0.08 0.552827
v 1.49249 -0.08 0.531883
v 1.49584 -0.08 0.511063
v 1.49818 -0.08 0.490434
v 1.49955 -0.08 0.470061
v 1.5 -0.08 0.45
v 1.49955 -0.08 0.429939
v 1.49818 -0.08 0.409566
v 1.49584 -0.08 0.388937
v 1.49249 -0.08 0.368117
v 1.48809 -0.08 0.347173
v 1.48263 -0.08 0.326179
v 1.47607 -0.08 0.305213
v 1.4684 -0.08 0.284357
v 1.45962 -0.08 0.263697
v 1.44973 -0.08 0.243317
v 1.43873 -0.08 0.223308
v 1.42665 -0.08 0.203756
v 1.41351 -0.08 0.184747
v 1.39936 -0.08 0.166366
v 1.38424 -0.08 0.148692
v 1.3682 -0.08 0.131802
v 1.35131 -0.08 0.115764
v 1.33363 -0.08 0.100641
v 1.31525 -0.08 0.0864882
v 1.29624 -0.08 0.073352
v 1.27669 -0.08 0.0612704
v 1.25668 -0.08 0.0502722
v 1.2363 -0.08 0.040377
v 1.21564 -0.08 0.0315953
v 1.19479 -0.08 0.0239287
v 1.17382 -0.08 0.0173705
v 1.15283 -0.08 0.0119058
v 1.13188 -0.08 0.00751258
v 1.11106 -0.08 0.00416223
v 1.09043 -0.08 0.00182029
v 1.07006 -0.08 0.000447387
v 1.05 -0.08 5.55112e-17
v 1.02994 -0.08 0.000447387
v 1.00957 -0.08 0.00182029
v 0.988937 -0.08 0.00416223
v 0.968117 -0.08 0.00751258
v 0.947173 -0.08 0.0119058
v 0.926179 -0.08 0.0173705
v 0.905213 -0.08 0.0239287
v 0.884357 -0.08 0.0315953
v 0.863697 -0.08 0.040377
v 0.843317 -0.08 0.0502722
v 0.823308 -0.08 0.0612704
v 0.803756 -0.08 0.073352
v 0.784747 -0.08 0.0864882
v 0.766366 -0.08 0.100641
v 0.748692 -0.08 0.115764
v 0.731802 -0.08 0.131802
v 0.715764 -0.08 0.148692
v 0.700641 -0.08 0.166366
v 0.686488 -0.08 0.184747
v 0.673352 -0.08 0.203756
v 0.66127 -0.08 0.223308
v 0.650272 -0.08 0.243317
v 0.640377 -0.08 0.263697
v 0.631595 -0.08 0.284357
v 0.623929 -0.08 0.305213
v 0.61737 -0.08 0.326179
v 0.611906 -0.08 0.347173
v 0.607513 -0.08 0.368117
v 0.604162 -0.08 0.388937
v 0.60182 -0.08 0.409566
v 0.600447 -0.08 0.429939
v 0.6 -0.08 0.45
v 0.6 0.09 0.45
v 0.600447 0.09 0.470061
v 0.60182 0.09 0.490434
v 0.604162 0.09 0.511063
v 0.607513 0.09 0.531883
v 0.611906 0.09 0.552827
v 0.61737 0.09 0.573821
v 0.623929 0.09 0.594787
v 0.631595 0.09 0.615643
v 0.640377 0.09 0.636303
v 0.650272 0.09 0.656683
v 0.66127 0.09 0.676692
v 0.673352 0.09 0.696244
v 0.686488 0.09 0.715253
v 0.700641 0.09 0.733634
v 0.715764 0.09 0.751308
v 0.731802 0.09 0.768198
v 0.748692 0.09 0.784236
v 0.766366 0.09 0.799359
v 0.784747 0.09 0.813512
v 0.803756 0.09 0.826648
v 0.823308 0.09 0.83873
v 0.843317 0.09 0.849728
v 0.863697 0.09 0.859623
v 0.884357 0.09 0.868405
v 0.905213 0.09 0.876071
v 0.926179 0.09 0.88263
v 0.947173 0.09 0.888094
v 0.968117 0.09 0.892487
v 0.988937 0.09 0.895838
v 1.00957 0.09 0.89818
v 1.02994 0.09 0.899553
v 1.05 0.09 0.9
v 1.07006 0.09 0.899553
v 1.09043 0.09 0.89818
v 1.11106 0.09 0.895838
v 1.13188 0.09 0.892487
v 1.15283 0.09 0.888094
v 1.17382 0.09 0.88263
v 1.19479 0.09 0.876071
v 1.21564 0.09 0.868405
v 1.2363 0.09 0.859623
v 1.25668 0.09 0.849728
v 1.27669 0.09 0.83873
v 1.29624 0.09 0.826648
v 1.31525 0.09 0.813512
v 1.33363 0.09 0.799359
v 1.35131 0.09 0.784236
v 1.3682 0.09 0.768198
v 1.38424 0.09 0.751308
v 1.39936 0.09 0.733634
v 1.41351 0.09 0.715253
v 1.42665 0.09 0.696244
v 1.43873 0.09 0.676692
v 1.44973 0.09 0.656683
v 1.45962 0.09 0.636303
v 1.4684 0.09 0.615643
v 1.47607 0.09 0.594787
v 1.48263 0.09 0.573821
v 1.48809 0.09 0.552827
v 1.49249 0.09 0.531883
v 1.49584 0.09 0.511063
v 1.49818 0.09 0.490434
v 1.49955 0.09 0.470061
v 1.5 0.09 0.45
v 1.49955 0.09 0.429939
v 1.49818 0.09 0.409566
v 1.49584 0.09 0.388937
v 1.49249 0.09 0.368117
v 1.48809 0.09 0.347173
v 1.48263 0.09 0.326179
v 1.47607 0.09 0.305213
v 1.4684 0.09 0.284357
v 1.45962 0.09 0.263697
v 1.44973 0.09 0.243317
v 1.43873 0.09 0.223308
v 1.42665 0.09 0.203756
v 1.41351 0.09 0.184747
v 1.39936 0.09 0.166366
v 1.38424 0.09 0.148692
v 1.3682 0.09 0.131802
v 1.35131 0.09 0.115764
v 1.33363 0.09 0.100641
v 1.31525 0.09 0.0864882
v 1.29624 0.09 0.073352
v 1.27669 0.09 0.0612704
v 1.25668 0.09 0.0502722
v 1.2363 0.09 0.040377
v 1.21564 0.09 0.0315953
v 1.19479 0.09 0.0239287
v 1.17382 0.09 0.0173705
v 1.15283 0.09 0.0119058
v 1.13188 0.09 0.00751258
v 1.11106 0.09 0.00416223
v 1.09043 0.09 0.00182029
v 1.07006 0.09 0.000447387
v 1.05 0.09 5.55112e-17
v 1.02994 0.09 0.000447387
v 1.00957 0.09 0.00182029
v 0.988937 0.09 0.00416223
v 0.968117 0.09 0.00751258
v 0.947173 0.09 0.0119058
v 0.926179 0.09 0.0173705
v 0.905213 0.09 0.0239287
v 0.884357 0.09 0.0315953
v 0.863697 0.09 0.040377
v 0.843317 0.09 0.0502722
v 0.823308 0.09 0.0612704
v 0.803756 0.09 0.073352
v 0.784747 0.09 0.0864882
v 0.766366 0.09 0.100641
v 0.748692 0.09 0.115764
v 0.731802 0.09 0.131802
v 0.715764 0.09 0.148692
v 0.700641 0.09 0.166366
v 0.686488 0.09 0.184747
v 0.673352 0.09 0.203756
v 0.66127 0.09 0.223308
v 0.650272 0.09 0.243317
v 0.640377 0.09 0.263697
v 0.631595 0.09 0.284357
v 0.623929 0.09 0.305213
v 0.61737 0.09 0.326179
v 0.611906 0.09 0.347173
v 0.607513 0.09 0.368117
v 0.604162 0.09 0.388937
v 0.60182 0.09 0.409566
v 0.600447 0.09 0.429939
v 0.6 0.09 0.45
v 0.6 0.26 0.45
v 0.600447 0.26 0.470061
v 0.60182 0.26 0.490434
v 0.604162 0.26 0.511063
v 0.607513 0.26 0.531883
v 0.611906 0.26 0.552827
v 0.61737 0.26 0.573821
v 0.623929 0.26 0.594787
v 0.631595 0.26 0.615643
v 0.640377 0.26 0.636303
v 0.650272 0.26 0.656683
v 0.66127 0.26 0.676692
v 0.673352 0.26 0.696244
v 0.686488 0.26 0.715253
v 0.700641 0.26 0.733634
v 0.715764 0.26 0.751308
v 0.731802 0.26 0.768198
v 0.748692 0.26 0.784236
v 0.766366 0.26 0.799359
v 0.784747 0.26 0.813512
v 0.803756 0.26 0.826648
v 0.823308 0.26 0.83873
v 0.843317 0.26 0.849728
v 0.863697 0.26 0.859623
v 0.884357 0.26 0.868405
v 0.905213 0.26 0.876071
v 0.926179 0.26 0.88263
v 0.947173 0.26 0.888094
v 0.968117 0.26 0.892487
v 0.988937 0.26 0.895838
v 1.00957 0.26 0.89818
v 1.02994 0.26 0.899553
v 1.05 0.26 0.9
v 1.07006 0.26 0.899553
v 1.09043 0.26 0.89818
v 1.11106 0.26 0.895838
v 1.13188 0.26 0.892487
v 1.15283 0.26 0.888094
v 1.17382 0.26 0.88263
v 1.19479 0.26 0.876071
v 1.21564 0.26 0.868405
v 1.2363 0.26 0.859623
v 1.25668 0.26 0.849728
v 1.27669 0.26 0.83873
v 1.29624 0.26 0.826648
v 1.31525 0.26 0.813512
v 1.33363 0.26 0.799359
v 1.35131 0.26 0.784236
v 1.3682 0.26 0.768198
v 1.38424 0.26 0.751308
v 1.39936 0.26 0.733634
v 1.41351 0.26 0.715253
v 1.42665 0.26 0.696244
v 1.43873 0.26 0.676692
v 1.44973 0.26 0.656683
v 1.45962 0.26 0.636303
v 1.4684 0.26 0.615643
v 1.47607 0.26 0.594787
v 1.48263 0.26 0.573821
v 1.48809 0.26 0.552827
v 1.49249 0.26 0.531883
v 1.49584 0.26 0.511063
v 1.49818 0.26 0.490434
v 1.49955 0.26 0.470061
v 1.5 0.26 0.45
v 1.49955 0.26 0.429939
v 1.49818 0.26 0.409566
v 1.49584 0.26 0.388937
v 1.49249 0.26 0.368117
v 1.48809 0.26 0.347173
v 1.48263 0.26 0.326179
v 1.47607 0.26 0.305213
v 1.4684 0.26 0.284357
v 1.45962 0.26 0.263697
v 1.44973 0.26 0.243317
v 1.43873 0.26 0.223308
v 1.42665 0.26 0.203756
v 1.41351 0.26 0.184747
v 1.39936 0.26 0.166366
v 1.38424 0.26 0.148692
v 1.3682 0.26 0.131802
v 1.35131 0.26 0.115764
v 1.33363 0.26 0.100641
v 1.31525 0.26 0.0864882
v 1.29624 0.26 0.073352
v 1.27669 0.26 0.0612704
v 1.25668 0.26 0.0502722
v 1.2363 0.26 0.040377
v 1.21564 0.26 0.0315953
v 1.19479 0.26 0.0239287
v 1.17382 0.26 0.0173705
v 1.15283 0.26 0.0119058
v 1.13188 0.26 0.00751258
v 1.11106 0.26 0.00416223
v 1.09043 0.26 0.00182029
v 1.07006 0.26 0.000447387
v 1.05 0.26 5.55112e-17
v 1.02994 0.26 0.000447387
v 1.00957 0.26 0.00182029
v 0.988937 0.26 0.00416223
v 0.968117 0.26 0.00751258
v 0.947173 0.26 0.0119058
v 0.926179 0.26 0.0173705
v 0.905213 0.26 0.0239287
v 0.884357 0.26 0.0315953
v 0.863697 0.26 0.040377
v 0.843317 0.26 0.0502722
v 0.823308 0.26 0.0612704
v 0.803756 0.26 0.073352
v 0.784747 0.26 0.0864882
v 0.766366 0.26 0.100641
v 0.748692 0.26 0.115764
v 0.731802 0.26 0.131802
v 0.715764 0.26 0.148692
v 0.700641 0.26 0.166366
v 0.686488 0.26 0.184747
v 0.673352 0.26 0.203756
v 0.66127 0.26 0.223308
v 0.650272 0.26 0.243317
v 0.640377 0.26 0.263697
v 0.631595 0.26 0.284357
v 0.623929 0.26 0.305213
v 0.61737 0.26 0.326179
v 0.611906 0.26 0.347173
v 0.607513 0.26 0.368117
v 0.604162 0.26 0.388937
v 0.60182 0.26 0.409566
v 0.600447 0.26 0.429939
v 0.6 0.26 0.45
vn -1 0 8.72274e-17
vn -0.999006 0 0.0445802
vn -0.995955 0 0.0898544
vn -0.990751 0 0.135695
vn -0.983305 0 0.181963
vn -0.973543 0 0.228505
vn -0.961399 0 0.275158
vn -0.946825 0 0.321749
vn -0.929788 0 0.368095
vn -0.910273 0 0.414008
vn -0.888284 0 0.459295
vn -0.863844 0 0.50376
vn -0.836996 0 0.54721
vn -0.807804 0 0.589451
vn -0.776353 0 0.630298
vn -0.742747 0 0.669572
vn -0.707107 0 0.707107
vn -0.669572 0 0.742747
vn -0.630298 0 0.776353
vn -0.589451 0 0.807804
vn -0.54721 0 0.836996
vn -0.50376 0 0.863844
vn -0.459295 0 0.888284
vn -0.414008 0 0.910273
vn -0.368095 0 0.929788
vn -0.321749 0 0.946825
vn -0.275158 0 0.961399
vn -0.228505 0 0.973543
vn -0.181963 0 0.983305
vn -0.135695 0 0.990751
vn -0.0898544 0 0.995955
vn -0.0445802 0 0.999006
vn -0 0 1
vn 0.0445802 -0 0.999006
vn 0.0898544 -0 0.995955
vn 0.135695 -0 0.990751
vn 0.181963 -0 0.983305
vn 0.228505 -0 0.973543
vn 0.275158 -0 0.961399
vn 0.321749 -0 0.946825
vn 0.368095 -0 0.929788
vn 0.414008 -0 0.910273
vn 0.459295 -0 0.888284
vn 0.50376 -0 0.863844
vn 0.54721 -0 0.836996
vn 0.589451 -0 0.807804
vn 0.630298 -0 0.776353
vn 0.669572 -0 0.742747
vn 0.707107 -0 0.707107
vn 0.742747 -0 0.669572
vn 0.776353 -0 0.630298
vn 0.807804 -0 0.589451
vn 0.836996 -0 0.54721
vn 0.863844 -0 0.50376
vn 0.888284 -0 0.459295
vn 0.910273 -0 0.414008
vn 0.929788 -0 0.368095
vn 0.946825 -0 0.321749
vn 0.961399 -0 0.275158
vn 0.973543 -0 0.228505
vn 0.983305 -0 0.181963
vn 0.990751 -0 0.135695
vn 0.995955 -0 0.0898544
vn 0.999006 -0 0.0445802
vn 1 -0 1.74455e-16
vn 0.999006 0 -0.0445802
vn 0.995955 0 -0.0898544
vn 0.990751 0 -0.135695
vn 0.983305 0 -0.181963
vn 0.973543 0 -0.228505
vn 0.961399 0 -0.275158
vn 0.946825 0 -0.321749
vn 0.929788 0 -0.368095
vn 0.910273 0 -0.414008
vn 0.888284 0 -0.459295
vn 0.863844 0 -0.50376
vn 0.836996 0 -0.54721
vn 0.807804 0 -0.589451
vn 0.776353 0 -0.630298
vn 0.742747 0 -0.669572
vn 0.707107 0 -0.707107
vn 0.669572 0 -0.742747
vn 0.630298 0 -0.776353
vn 0.589451 0 -0.807804
vn 0.54721 0 -0.836996
vn 0.50376 0 -0.863844
vn 0.459295 0 -0.888284
vn 0.414008 0 -0.910273
vn 0.368095 0 -0.929788
vn 0.321749 0 -0.946825
vn 0.275158 0 -0.961399
vn 0.228505 0 -0.973543
vn 0.181963 0 -0.983305
vn 0.135695 0 -0.990751
vn 0.0898544 0 -0.995955
vn 0.0445802 0 -0.999006
vn 1.23358e-16 0 -1
vn -0.0445802 0 -0.999006
vn -0.0898544 0 -0.995955
vn -0.135695 0 -0.990751
vn -0.181963 0 -0.983305
vn -0.228505 0 -0.973543
vn -0.275158 0 -0.961399
vn -0.321749 0 -0.946825
vn -0.368095 0 -0.929788
vn -0.414008 0 -0.910273
vn -0.459295 0 -0.888284
vn -0.50376 0 -0.863844
vn -0.54721 0 -0.836996
vn -0.589451 0 -0.807804
vn -0.630298 0 -0.776353
vn -0.669572 0 -0.742747
vn -0.707107 0 -0.707107
vn -0.742747 0 -0.669572
vn -0.776353 0 -0.630298
vn -0.807804 0 -0.589451
vn -0.836996 0 -0.54721
vn -0.863844 0 -0.50376
vn -0.888284 0 -0.459295
vn -0.910273 0 -0.414008
vn -0.929788 0 -0.368095
vn -0.946825 0 -0.321749
vn -0.961399 0 -0.275158
vn -0.973543 0 -0.228505
vn -0.983305 0 -0.181963
vn -0.990751 0 -0.135695
vn -0.995955 0 -0.0898544
vn -0.999006 0 -0.0445802
vn -1 0 -6.10592e-16
vn -1 0 8.72274e-17
vn -0.999006 0 0.0445802
vn -0.995955 0 0.0898544
vn -0.990751 0 0.135695
vn -0.983305 0 0.181963
vn -0.973543 0 0.228505
vn -0.961399 0 0.275158
vn -0.946825 0 0.321749
vn -0.929788 0 0.368095
vn -0.910273 0 0.414008
vn -0.888284 0 0.459295
vn -0.863844 0 0.50376
vn -0.836996 0 0.54721
vn -0.807804 0 0.589451
vn -0.776353 0 0.630298
vn -0.742747 0 0.669572
vn -0.707107 0 0.707107
vn -0.669572 0 0.742747
vn -0.630298 0 0.776353
vn -0.589451 0 0.807804
vn -0.54721 0 0.836996
vn -0.50376 0 0.863844
vn -0.459295 0 0.888284
vn -0.414008 0 0.910273
vn -0.368095 0 0.929788
vn -0.321749 0 0.946825
vn -0.275158 0 0.961399
vn -0.228505 0 0.973543
vn -0.181963 0 0.983305
vn -0.135695 0 0.990751
vn -0.0898544 0 0.995955
vn -0.0445802 0 0.999006
vn -3.48909e-16 0 1
vn 0.0445802 -0 0.999006
vn 0.0898544 -0 0.995955
vn 0.135695 -0 0.990751
vn 0.181963 -0 0.983305
vn 0.228505 -0 0.973543
vn 0.275158 -0 0.961399
vn 0.321749 -0 0.946825
vn 0.368095 -0 0.929788
vn 0.414008 -0 0.910273
vn 0.459295 -0 0.888284
vn 0.50376 -0 0.863844
vn 0.54721 -0 0.836996
vn 0.589451 -0 0.807804
vn 0.630298 -0 0.776353
vn 0.669572 -0 0.742747
vn 0.707107 -0 0.707107
vn 0.742747 -0 0.669572
vn 0.776353 -0 0.630298
vn 0.807804 -0 0.589451
vn 0.836996 -0 0.54721
vn 0.863844 -0 0.50376
vn 0.888284 -0 0.459295
vn 0.910273 -0 0.414008
vn 0.929788 -0 0.368095
vn 0.946825 -0 0.321749
vn 0.961399 -0 0.275158
vn 0.973543 -0 0.228505
vn 0.983305 -0 0.181963
vn 0.990751 -0 0.135695
vn 0.995955 -0 0.0898544
vn 0.999006 -0 0.0445802
vn 1 -0 3.48909e-16
vn 0.999006 0 -0.0445802
vn 0.995955 0 -0.0898544
vn 0.990751 0 -0.135695
vn 0.983305 0 -0.181963
vn 0.973543 0 -0.228505
vn 0.961399 0 -0.275158
vn 0.946825 0 -0.321749
vn 0.929788 0 -0.368095
vn 0.910273 0 -0.414008
vn 0.888284 0 -0.459295
vn 0.863844 0 -0.50376
vn 0.836996 0 -0.54721
vn 0.807804 0 -0.589451
vn 0.776353 0 -0.630298
vn 0.742747 0 -0.669572
vn 0.707107 0 -0.707107
vn 0.669572 0 -0.742747
vn 0.630298 0 -0.776353
vn 0.589451 0 -0.807804
vn 0.54721 0 -0.836996
vn 0.50376 0 -0.863844
vn 0.459295 0 -0.888284
vn 0.414008 0 -0.910273
vn 0.368095 0 -0.929788
vn 0.321749 0 -0.946825
vn 0.275158 0 -0.961399
vn 0.228505 0 -0.973543
vn 0.181963 0 -0.983305
vn 0.135695 0 -0.990751
vn 0.0898544 0 -0.995955
vn 0.0445802 0 -0.999006
vn 1.23358e-16 0 -1
vn -0.0445802 0 -0.999006
vn -0.0898544 0 -0.995955
vn -0.135695 0 -0.990751
vn -0.181963 0 -0.983305
vn -0.228505 0 -0.973543
vn -0.275158 0 -0.961399
vn -0.321749 0 -0.946825
vn -0.368095 0 -0.929788
vn -0.414008 0 -0.910273
vn -0.459295 0 -0.888284
vn -0.50376 0 -0.863844
vn -0.54721 0 -0.836996
vn -0.589451 0 -0.807804
vn -0.630298 0 -0.776353
vn -0.669572 0 -0.742747
vn -0.707107 0 -0.707107
vn -0.742747 0 -0.669572
vn -0.776353 0 -0.630298
vn -0.807804 0 -0.589451
vn -0.836996 0 -0.54721
vn -0.863844 0 -0.50376
vn -0.888284 0 -0.459295
vn -0.910273 0 -0.414008
vn -0.929788 0 -0.368095
vn -0.946825 0 -0.321749
vn -0.961399 0 -0.275158
vn -0.973543 0 -0.228505
vn -0.983305 0 -0.181963
vn -0.990751 0 -0.135695
vn -0.995955 0 -0.0898544
vn -0.999006 0 -0.0445802
vn -1 0 -6.10592e-16
vn -1 0 8.72274e-17
vn -0.999006 0 0.0445802
vn -0.995955 0 0.0898544
vn -0.990751 0 0.135695
vn -0.983305 0 0.181963
vn -0.973543 0 0.228505
vn -0.961399 0 0.275158
vn -0.946825 0 0.321749
vn -0.929788 0 0.368095
vn -0.910273 0 0.414008
vn -0.888284 0 0.459295
vn -0.863844 0 0.50376
vn -0.836996 0 0.54721
vn -0.807804 0 0.589451
vn -0.776353 0 0.630298
vn -0.742747 0 0.669572
vn -0.707107 0 0.707107
vn -0.669572 0 0.742747
vn -0.630298 0 0.776353
vn -0.589451 0 0.807804
vn -0.54721 0 0.836996
vn -0.50376 0 0.863844
vn -0.459295 0 0.888284
vn -0.414008 0 0.910273
vn -0.368095 0 0.929788
vn -0.321749 0 0.946825
vn -0.275158 0 0.961399
vn -0.228505 0 0.973543
vn -0.181963 0 0.983305
vn -0.135695 0 0.990751
vn -0.0898544 0 0.995955
vn -0.0445802 0 0.999006
vn 0 0 1
vn 0.0445802 -0 0.999006
vn 0.0898544 -0 0.995955
vn 0.135695 -0 0.990751
vn 0.181963 -0 0.983305
vn 0.228505 -0 0.973543
vn 0.275158 -0 0.961399
vn 0.321749 -0 0.946825
vn 0.368095 -0 0.929788
vn 0.414008 -0 0.910273
vn 0.459295 -0 0.888284
vn 0.50376 -0 0.863844
vn 0.54721 -0 0.836996
vn 0.589451 -0 0.807804
vn 0.630298 -0 0.776353
vn 0.669572 -0 0.742747
vn 0.707107 -0 0.707107
vn 0.742747 -0 0.669572
vn 0.776353 -0 0.630298
vn 0.807804 -0 0.589451
vn 0.836996 -0 0.54721
vn 0.863844 -0 0.50376
vn 0.888284 -0 0.459295
vn 0.910273 -0 0.414008
vn 0.929788 -0 0.368095
vn 0.946825 -0 0.321749
vn 0.961399 -0 0.275158
vn 0.973543 -0 0.228505
vn 0.983305 -0 0.181963
vn 0.990751 -0 0.135695
vn 0.995955 -0 0.0898544
vn 0.999006 -0 0.0445802
vn 1 -0 1.74455e-16
vn 0.999006 0 -0.0445802
vn 0.995955 0 -0.0898544
vn 0.990751 0 -0.135695
vn 0.983305 0 -0.181963
vn 0.973543 0 -0.228505
vn 0.961399 0 -0.275158
vn 0.946825 0 -0.321749
vn 0.929788 0 -0.368095
vn 0.910273 0 -0.414008
vn 0.888284 0 -0.459295
vn 0.863844 0 -0.50376
vn 0.836996 0 -0.54721
vn 0.807804 0 -0.589451
vn 0.776353 0 -0.630298
vn 0.742747 0 -0.669572
vn 0.707107 0 -0.707107
vn 0.669572 0 -0.742747
vn 0.630298 0 -0.776353
vn 0.589451 0 -0.807804
vn 0.54721 0 -0.836996
vn 0.50376 0 -0.863844
vn 0.459295 0 -0.888284
vn 0.414008 0 -0.910273
vn 0.368095 0 -0.929788
vn 0.321749 0 -0.946825
vn 0.275158 0 -0.961399
vn 0.228505 0 -0.973543
vn 0.181963 0 -0.983305
vn 0.135695 0 -0.990751
vn 0.0898544 0 -0.995955
vn 0.0445802 0 -0.999006
vn 1.23358e-16 0 -1
vn -0.0445802 0 -0.999006
vn -0.0898544 0 -0.995955
vn -0.135695 0 -0.990751
vn -0.181963 0 -0.983305
vn -0.228505 0 -0.973543
vn -0.275158 0 -0.961399
vn -0.321749 0 -0.946825
vn -0.368095 0 -0.929788
vn -0.414008 0 -0.910273
vn -0.459295 0 -0.888284
vn -0.50376 0 -0.863844
vn -0.54721 0 -0.836996
vn -0.589451 0 -0.807804
vn -0.630298 0 -0.776353
vn -0.669572 0 -0.742747
vn -0.707107 0 -0.707107
vn -0.742747 0 -0.669572
vn -0.776353 0 -0.630298
vn -0.807804 0 -0.589451
vn -0.836996 0 -0.54721
vn -0.863844 0 -0.50376
vn -0.888284 0 -0.459295
vn -0.910273 0 -0.414008
vn -0.929788 0 -0.368095
vn -0.946825 0 -0.321749
vn -0.961399 0 -0.275158
vn -0.973543 0 -0.228505
vn -0.983305 0 -0.181963
vn -0.990751 0 -0.135695
vn -0.995955 0 -0.0898544
vn -0.999006 0 -0.0445802
vn -1 0 -6.10592e-16
g WheelFL_f0
usemtl rubber
f 349//349 350//350 479//479
f 349//349 479//479 478//478
f 350//350 351//351 480//480
f 350//350 480//480 479//479
f 351//351 352//352 481//481
f 351//351 481//481 480//480
f 352//352 353//353 482//482
f 352//352 482//482 481//481
f 353//353 354//354 483//483
f 353//353 483//483 482//482
f 354//354 355//355 484//484
f 354//354 484//484 483//483
f 355//355 356//356 485//485
f 355//355 485//485 484//484
f 356//356 357//357 486//486
f 356//356 486//486 485//485
f 357//357 358//358 487//487
f 357//357 487//487 486//486
f 358//358 359//359 488//488
f 358//358 488//488 487//487
f 359//359 360//360 489//489
f 359//359 489//489 488//488
f 360//360 361//361 490//490
f 360//360 490//490 489//489
f 361//361 362//362 491//491
f 361//361 491//491 490//490
f 362//362 363//363 492//492
f 362//362 492//492 491//491
f 363//363 364//364 493//493
f 363//363 493//493 492//492
f 364//364 365//365 494//494
f 364//364 494//494 493//493
f 365//365 366//366 495//495
f 365//365 495//495 494//494
f 366//366 367//367 496//496
f 366//366 496//496 495//495
f 367//367 368//368 497//497
f 367//367 497//497 496//496
f 368//368 369//369 498//498
f 368//368 498//498 497//497
f 369//369 370//370 499//499
f 369//369 499//499 498//498
f 370//370 371//371 500//500
f 370//370 500//500 499//499
f 371//371 372//372 501//501
f 371//371 501//501 500//500
f 372//372 373//373 502//502
f 372//372 502//502 501//501
f 373//373 374//374 503//503
f 373//373 503//503 502//502
f 374//374 375//375 504//504
f 374//374 504//504 503//503
f 375//375 376//376 505//505
f 375//375 505//505 504//504
f 376//376 377//377 506//506
f 376//376 506//506 505//505
f 377//377 378//378 507//507
f 377//377 507//507 506//506
f 378//378 379//379 508//508
f 378//378 508//508 507//507
f 379//379 380//380 509//509
f 379//379 509//509 508//508
f 380//380 381//381 510//510
f 380//380 510//510 509//509
f 381//381 382//382 511//511
f 381//381 511//511 510//510
f 382//382 383//383 512//512
f 382//382 512//512 511//511
f 383//383 384//384 513//513
f 383//383 513//513 512//512
f 384//384 385//385 514//514
f 384//384 514//514 513//513
f 385//385 386//386 515//515
f 385//385 515//515 514//514
f 386//386 387//387 516//516
f 386//386 516//516 515//515
f 387//387 388//388 517//517
f 387//387 517//517 516//516
f 388//388 389//389 518//518
f 388//388 518//518 517//517
f 389//389 390//390 519//519
f 389//389 519//519 518//518
f 390//390 391//391 520//520
f 390//390 520//520 519//519
f 391//391 392//392 521//521
f 391//391 521//521 520//520
f 392//392 393//393 522//522
f 392//392 522//522 521//521
f 393//393 394//394 523//523
f 393//393 523//523 522//522
f 394//394 395//395 524//524
f 394//394 524//524 523//523
f 395//395 396//396 525//525
f 395//395 525//525 524//524
f 396//396 397//397 526//526
f 396//396 526//526 525//525
f 397//397 398//398 527//527
f 397//397 527//527 526//526
f 398//398 399//399 528//528
f 398//398 528//528 527//527
f 399//399 400//400 529//529
f 399//399 529//529 528//528
f 400//400 401//401 530//530
f 400//400 530//530 529//529
f 401//401 402//402 531//531
f 401//401 531//531 530//530
f 402//402 403//403 532//532
f 402//402 532//532 531//531
f 403//403 404//404 533//533
f 403//403 533//533 532//532
f 404//404 405//405 534//534
f 404//404 534//534 533//533
f 405//405 406//406 535//535
f 405//405 535//535 534//534
f 406//406 407//407 536//536
f 406//406 536//536 535//535
f 407//407 408//408 537//537
f 407//407 537//537 536//536
f 408//408 409//409 538//538
f 408//408 538//538 537//537
f 409//409 410//410 539//539
f 409//409 539//539 538//538
f 410//410 411//411 540//540
f 410//410 540//540 539//539
f 411//411 412//412 541//541
f 411//411 541//541 540//540
f 412//412 413//413 542//542
f 412//412 542//542 541//541
f 413//413 414//414 543//543
f 413//413 543//543 542//542
f 414//414 415//415 544//544
f 414//414 544//544 543//543
f 415//415 416//416 545//545
f 415//415 545//545 544//544
f 416//416 417//417 546//546
f 416//416 546//546 545//545
f 417//417 418//418 547//547
f 417//417 547//547 546//546
f 418//418 419//419 548//548
f 418//418 548//548 547//547
f 419//419 420//420 549//549
f 419//419 549//549 548//548
f 420//420 421//421 550//550
f 420//420 550//550 549//549
f 421//421 422//422 551//551
f 421//421 551//551 550//550
f 422//422 423//423 552//552
f 422//422 552//552 551//551
f 423//423 424//424 553//553
f 423//423 553//553 552//552
f 424//424 425//425 554//554
f 424//424 554//554 553//553
f 425//425 426//426 555//555
f 425//425 555//555 554//554
f 426//426 427//427 556//556
f 426//426 556//556 555//555
f 427//427 428//428 557//557
f 427//427 557//557 556//556
f 428//428 429//429 558//558
f 428//428 558//558 557//557
f 429//429 430//430 559//559
f 429//429 559//559 558//558
f 430//430 431//431 560//560
f 430//430 560//560 559//559
f 431//431 432//432 561//561
f 431//431 561//561 560//560
f 432//432 433//433 562//562
f 432//432 562//562 561//561
f 433//433 434//434 563//563
f 433//433 563//563 562//562
f 434//434 435//435 564//564
f 434//434 564//564 563//563
f 435//435 436//436 565//565
f 435//435 565//565 564//564
f 436//436 437//437 566//566
f 436//436 566//566 565//565
f 437//437 438//438 567//567
f 437//437 567//567 566//566
f 438//438 439//439 568//568
f 438//438 568//568 567//567
f 439//439 440//440 569//569
f 439//439 569//569 568//568
f 440//440 441//441 570//570
f 440//440 570//570 569//569
f 441//441 442//442 571//571
f 441//441 571//571 570//570
f 442//442 443//443 572//572
f 442//442 572//572 571//571
f 443//443 444//444 573//573
f 443//443 573//573 572//572
f 444//444 445//445 574//574
f 444//444 574//574 573//573
f 445//445 446//446 575//575
f 445//445 575//575 574//574
f 446//446 447//447 576//576
f 446//446 576//576 575//575
f 447//447 448//448 577//577
f 447//447 577//577 576//576
f 448//448 449//449 578//578
f 448//448 578//578 577//577
f 449//449 450//450 579//579
f 449//449 579//579 578//578
f 450//450 451//451 580//580
f 450//450 580//580 579//579
f 451//451 452//452 581//581
f 451//451 581//581 580//580
f 452//452 453//453 582//582
f 452//452 582//582 581//581
f 453//453 454//454 583//583
f 453//453 583//583 582//582
f 454//454 455//455 584//584
f 454//454 584//584 583//583
f 455//455 456//456 585//585
f 455//455 585//585 584//584
f 456//456 457//457 586//586
f 456//456 586//586 585//585
f 457//457 458//458 587//587
f 457//457 587//587 586//586
f 458//458 459//459 588//588
f 458//458 588//588 587//587
f 459//459 460//460 589//589
f 459//459 589//589 588//588
f 460//460 461//461 590//590
f 460//460 590//590 589//589
f 461//461 462//462 591//591
f 461//461 591//591 590//590
f 462//462 463//463 592//592
f 462//462 592//592 591//591
f 463//463 464//464 593//593
f 463//463 593//593 592//592
f 464//464 465//465 594//594
f 464//464 594//594 593//593
f 465//465 466//466 595//595
f 465//465 595//595 594//594
f 466//466 467//467 596//596
f 466//466 596//596 595//595
f 467//467 468//468 597//597
f 467//467 597//597 596//596
f 468//468 469//469 598//598
f 468//468 598//598 597//597
f 469//469 470//470 599//599
f 469//469 599//599 598//598
f 470//470 471//471 600//600
f 470//470 600//600 599//599
f 471//471 472//472 601//601
f 471//471 601//601 600//600
f 472//472 473//473 602//602
f 472//472 602//602 601//601
f 473//473 474//474 603//603
f 473//473 603//603 602//602
f 474//474 475//475 604//604
f 474//474 604//604 603//603
f 475//475 476//476 605//605
f 475//475 605//605 604//604
f 476//476 477//477 606//606
f 476//476 606//606 605//605
f 478//478 479//479 608//608
f 478//478 608//608 607//607
f 479//479 480//480 609//609
f 479//479 609//609 608//608
f 480//480 481//481 610//610
f 480//480 610//610 609//609
f 481//481 482//482 611//611
f 481//481 611//611 610//610
f 482//482 483//483 612//612
f 482//482 612//612 611//611
f 483//483 484//484 613//613
f 483//483 613//613 612//612
f 484//484 485//485 614//614
f 484//484 614//614 613//613
f 485//485 486//486 615//615
f 485//485 615//615 614//614
f 486//486 487//487 616//616
f 486//486 616//616 615//615
f 487//487 488//488 617//617
f 487//487 617//617 616//616
f 488//488 489//489 618//618
f 488//488 618//618 617//617
f 489//489 490//490 619//619
f 489//489 619//619 618//618
f 490//490 491//491 620//620
f 490//490 620//620 619//619
f 491//491 492//492 621//621
f 491//491 621//621 620//620
f 492//492 493//493 622//622
f 492//492 622//622 621//621
f 493//493 494//494 623//623
f 493//493 623//623 622//622
f 494//494 495//495 624//624
f 494//494 624//624 623//623
f 495//495 496//496 625//625
f 495//495 625//625 624//624
f 496//496 497//497 626//626
f 496//496 626//626 625//625
f 497//497 498//498 627//627
f 497//497 627//627 626//626
f 498//498 499//499 628//628
f 498//498 628//628 627//627
f 499//499 500//500 629//629
f 499//499 629//629 628//628
f 500//500 501//501 630//630
f 500//500 630//630 629//629
f 501//501 502//502 631//631
f 501//501 631//631 630//630
f 502//502 503//503 632//632
f 502//502 632//632 631//631
f 503//503 504//504 633//633
f 503//503 633//633 632//632
f 504//504 505//505 634//634
f 504//504 634//634 633//633
f 505//505 506//506 635//635
f 505//505 635//635 634//634
f 506//506 507//507 636//636
f 506//506 636//636 635//635
f 507//507 508//508 637//637
f 507//507 637//637 636//636
f 508//508 509//509 638//638
f 508//508 638//638 637//637
f 509//509 510//510 639//639
f 509//509 639//639 638//638
f 510//510 511//511 640//640
f 510//510 640//640 639//639
f 511//511 512//512 641//641
f 511//511 641//641 640//640
f 512//512 513//513 642//642
f 512//512 642//642 641//641
f 513//513 514//514 643//643
f 513//513 643//643 642//642
f 514//514 515//515 644//644
f 514//514 644//644 643//643
f 515//515 516//516 645//645
f 515//515 645//645 644//644
f 516//516 517//517 646//646
f 516//516 646//646 645//645
f 517//517 518//518 647//647
f 517//517 647//647 646//646
f 518//518 519//519 648//648
f 518//518 648//648 647//647
f 519//519 520//520 649//649
f 519//519 649//649 648//648
f 520//520 521//521 650//650
f 520//520 650//650 649//649
f 521//521 522//522 651//651
f 521//521 651//651 650//650
f 522//522 523//523 652//652
f 522//522 652//652 651//651
f 523//523 524//524 653//653
f 523//523 653//653 652//652
f 524//524 525//525 654//654
f 524//524 654//654 653//653
f 525//525 526//526 655//655
f 525//525 655//655 654//654
f 526//526 527//527 656//656
f 526//526 656//656 655//655
f 527//527 528//528 657//657
f 527//527 657//657 656//656
f 528//528 529//529 658//658
f 528//528 658//658 657//657
f 529//529 530//530 659//659
f 529//529 659//659 658//658
f 530//530 531//531 660//660
f 530//530 660//660 659//659
f 531//531 532//532 661//661
f 531//531 661//661 660//660
f 532//532 533//533 662//662
f 532//532 662//662 661//661
f 533//533 534//534 663//663
f 533//533 663//663 662//662
f 534//534 535//535 664//664
f 534//534 664//664 663//663
f 535//535 536//536 665//665
f 535//535 665//665 664//664
f 536//536 537//537 666//666
f 536//536 666//666 665//665
f 537//537 538//538 667//667
f 537//537 667//667 666//666
f 538//538 539//539 668//668
f 538//538 668//668 667//667
f 539//539 540//540 669//669
f 539//539 669//669 668//668
f 540//540 541//541 670//670
f 540//540 670//670 669//669
f 541//541 542//542 671//671
f 541//541 671//671 670//670
f 542//542 543//543 672//672
f 542//542 672//672 671//671
f 543//543 544//544 673//673
f 543//543 673//673 672//672
f 544//544 545//545 674//674
f 544//544 674//674 673//673
f 545//545 546//546 675//675
f 545//545 675//675 674//674
f 546//546 547//547 676//676
f 546//546 676//676 675//675
f 547//547 548//548 677//677
f 547//547 677//677 676//676
f 548//548 549//549 678//678
f 548//548 678//678 677//677
f 549//549 550//550 679//679
f 549//549 679//679 678//678
f 550//550 551//551 680//680
f 550//550 680//680 679//679
f 551//551 552//552 681//681
f 551//551 681//681 680//680
f 552//552 553//553 682//682
f 552//552 682//682 681//681
f 553//553 554//554 683//683
f 553//553 683//683 682//682
f 554//554 555//555 684//684
f 554//554 684//684 683//683
f 555//555 556//556 685//685
f 555//555 685//685 684//684
f 556//556 557//557 686//686
f 556//556 686//686 685//685
f 557//557 558//558 687//687
f 557//557 687//687 686//686
f 558//558 559//559 688//688
f 558//558 688//688 687//687
f 559//559 560//560 689//689
f 559//559 689//689 688//688
f 560//560 561//561 690//690
f 560//560 690//690 689//689
f 561//561 562//562 691//691
f 561//561 691//691 690//690
f 562//562 563//563 692//692
f 562//562 692//692 691//691
f 563//563 564//564 693//693
f 563//563 693//693 692//692
f 564//564 565//565 694//694
f 564//564 694//694 693//693
f 565//565 566//566 695//695
f 565//565 695//695 694//694
f 566//566 567//567 696//696
f 566//566 696//696 695//695
f 567//567 568//568 697//697
f 567//567 697//697 696//696
f 568//568 569//569 698//698
f 568//568 698//698 697//697
f 569//569 570//570 699//699
f 569//569 699//699 698//698
f 570//570 571//571 700//700
f 570//570 700//700 699//699
f 571//571 572//572 701//701
f 571//571 701//701 700//700
f 572//572 573//573 702//702
f 572//572 702//702 701//701
f 573//573 574//574 703//703
f 573//573 703//703 702//702
f 574//574 575//575 704//704
f 574//574 704//704 703//703
f 575//575 576//576 705//705
f 575//575 705//705 704//704
f 576//576 577//577 706//706
f 576//576 706//706 705//705
f 577//577 578//578 707//707
f 577//577 707//707 706//706
f 578//578 579//579 708//708
f 578//578 708//708 707//707
f 579//579 580//580 709//709
f 579//579 709//709 708//708
f 580//580 581//581 710//710
f 580//580 710//710 709//709
f 581//581 582//582 711//711
f 581//581 711//711 710//710
f 582//582 583//583 712//712
f 582//582 712//712 711//711
f 583//583 584//584 713//713
f 583//583 713//713 712//712
f 584//584 585//585 714//714
f 584//584 714//714 713//713
f 585//585 586//586 715//715
f 585//585 715//715 714//714
f 586//586 587//587 716//716
f 586//586 716//716 715//715
f 587//587 588//588 717//717
f 587//587 717//717 716//716
f 588//588 589//589 718//718
f 588//588 718//718 717//717
f 589//589 590//590 719//719
f 589//589 719//719 718//718
f 590//590 591//591 720//720
f 590//590 720//720 719//719
f 591//591 592//592 721//721
f 591//591 721//721 720//720
f 592//592 593//593 722//722
f 592//592 722//722 721//721
f 593//593 594//594 723//723
f 593//593 723//723 722//722
f 594//594 595//595 724//724
f 594//594 724//724 723//723
f 595//595 596//596 725//725
f 595//595 725//725 724//724
f 596//596 597//597 726//726
f 596//596 726//726 725//725
f 597//597 598//598 727//727
f 597//597 727//727 726//726
f 598//598 599//599 728//728
f 598//598 728//728 727//727
f 599//599 600//600 729//729
f 599//599 729//729 728//728
f 600//600 601//601 730//730
f 600//600 730//730 729//729
f 601//601 602//602 731//731
f 601//601 731//731 730//730
f 602//602 603//603 732//732
f 602//602 732//732 731//731
f 603//603 604//604 733//733
f 603//603 733//733 732//732
f 604//604 605//605 734//734
f 604//604 734//734 733//733
f 605//605 606//606 735//735
f 605//605 735//735 734//734
v 0.6 -0.08 0.45
v 0.600447 -0.08 0.429939
v 0.60182 -0.08 0.409566
v 0.604162 -0.08 0.388937
v 0.607513 -0.08 0.368117
v 0.611906 -0.08 0.347173
v 0.61737 -0.08 0.326179
v 0.623929 -0.08 0.305213
v 0.631595 -0.08 0.284357
v 0.640377 -0.08 0.263697
v 0.650272 -0.08 0.243317
v 0.66127 -0.08 0.223308
v 0.673352 -0.08 0.203756
v 0.686488 -0.08 0.184747
v 0.700641 -0.08 0.166366
v 0.715764 -0.08 0.148692
v 0.731802 -0.08 0.131802
v 0.748692 -0.08 0.115764
v 0.766366 -0.08 0.100641
v 0.784747 -0.08 0.0864882
v 0.803756 -0.08 0.073352
v 0.823308 -0.08 0.0612704
v 0.843317 -0.08 0.0502722
v 0.863697 -0.08 0.040377
v 0.884357 -0.08 0.0315953
v 0.905213 -0.08 0.0239287
v 0.926179 -0.08 0.0173705
v 0.947173 -0.08 0.0119058
v 0.968117 -0.08 0.00751258
v 0.988937 -0.08 0.00416223
v 1.00957 -0.08 0.00182029
v 1.02994 -0.08 0.000447387
v 1.05 -0.08 5.55112e-17
v 1.07006 -0.08 0.000447387
v 1.09043 -0.08 0.00182029
v 1.11106 -0.08 0.00416223
v 1.13188 -0.08 0.00751258
v 1.15283 -0.08 0.0119058
v 1.17382 -0.08 0.0173705
v 1.19479 -0.08 0.0239287
v 1.21564 -0.08 0.0315953
v 1.2363 -0.08 0.040377
v 1.25668 -0.08 0.0502722
v 1.27669 -0.08 0.0612704
v 1.29624 -0.08 0.073352
v 1.31525 -0.08 0.0864882
v 1.33363 -0.08 0.100641
v 1.35131 -0.08 0.115764
v 1.3682 -0.08 0.131802
v 1.38424 -0.08 0.148692
v 1.39936 -0.08 0.166366
v 1.41351 -0.08 0.184747
v 1.42665 -0.08 0.203756
v 1.43873 -0.08 0.223308
v 1.44973 -0.08 0.243317
v 1.45962 -0.08 0.263697
v 1.4684 -0.08 0.284357
v 1.47607 -0.08 0.305213
v 1.48263 -0.08 0.326179
v 1.48809 -0.08 0.347173
v 1.49249 -0.08 0.368117
v 1.49584 -0.08 0.388937
v 1.49818 -0.08 0.409566
v 1.49955 -0.08 0.429939
v 1.5 -0.08 0.45
v 1.49955 -0.08 0.470061
v 1.49818 -0.08 0.490434
v 1.49584 -0.08 0.511063
v 1.49249 -0.08 0.531883
v 1.48809 -0.08 0.552827
v 1.48263 -0.08 0.573821
v 1.47607 -0.08 0.594787
v 1.4684 -0.08 0.615643
v 1.45962 -0.08 0.636303
v 1.44973 -0.08 0.656683
v 1.43873 -0.08 0.676692
v 1.42665 -0.08 0.696244
v 1.41351 -0.08 0.715253
v 1.39936 -0.08 0.733634
v 1.38424 -0.08 0.751308
v 1.3682 -0.08 0.768198
v 1.35131 -0.08 0.784236
v 1.33363 -0.08 0.799359
v 1.31525 -0.08 0.813512
v 1.29624 -0.08 0.826648
v 1.27669 -0.08 0.83873
v 1.25668 -0.08 0.849728
v 1.2363 -0.08 0.859623
v 1.21564 -0.08 0.868405
v 1.19479 -0.08 0.876071
v 1.17382 -0.08 0.88263
v 1.15283 -0.08 0.888094
v 1.13188 -0.08 0.892487
v 1.11106 -0.08 0.895838
v 1.09043 -0.08 0.89818
v 1.07006 -0.08 0.899553
v 1.05 -0.08 0.9
v 1.02994 -0.08 0.899553
v 1.00957 -0.08 0.89818
v 0.988937 -0.08 0.895838
v 0.968117 -0.08 0.892487
v 0.947173 -0.08 0.888094
v 0.926179 -0.08 0.88263
v 0.905213 -0.08 0.876071
v 0.884357 -0.08 0.868405
v 0.863697 -0.08 0.859623
v 0.843317 -0.08 0.849728
v 0.823308 -0.08 0.83873
v 0.803756 -0.08 0.826648
v 0.784747 -0.08 0.813512
v 0.766366 -0.08 0.799359
v 0.748692 -0.08 0.784236
v 0.731802 -0.08 0.768198
v 0.715764 -0.08 0.751308
v 0.700641 -0.08 0.733634
v 0.686488 -0.08 0.715253
v 0.673352 -0.08 0.696244
v 0.66127 -0.08 0.676692
v 0.650272 -0.08 0.656683
v 0.640377 -0.08 0.636303
v 0.631595 -0.08 0.615643
v 0.623929 -0.08 0.594787
v 0.61737 -0.08 0.573821
v 0.611906 -0.08 0.552827
v 0.607513 -0.08 0.531883
v 0.604162 -0.08 0.511063
v 0.60182 -0.08 0.490434
v 0.600447 -0.08 0.470061
vn 6.93889e-18 -1 1.47451e-17
vn 8.88178e-18 -1 1.47451e-17
vn 1.13798e-17 -1 1.43115e-17
vn 4.44089e-18 -1 1.47451e-17
vn -1.58207e-17 -1 1.47451e-17
vn 0 -1 1.47451e-17
vn -1.23512e-17 -1 1.47451e-17
vn 3.46945e-18 -1 1.47451e-17
vn 3.46945e-18 -1 1.56125e-17
vn 8.88178e-18 -1 1.47451e-17
vn 3.46945e-18 -1 1.56125e-17
vn 4.44089e-18 -1 1.56125e-17
vn -1.58207e-17 -1 1.56125e-17
vn 3.19189e-18 -1 1.73472e-18
vn 3.19189e-18 -1 1.73472e-18
vn 3.19189e-18 -1 1.56125e-17
vn -9.64506e-18 -1 1.73472e-17
vn -1.23512e-17 -1 1.73472e-17
vn -8.88178e-18 -1 1.73472e-17
vn 3.46945e-18 -1 1.73472e-17
vn 3.19189e-18 -1 1.73472e-17
vn -1.01308e-17 -1 2.08167e-17
vn 6.9042e-18 -1 1.04083e-17
vn -1.38431e-17 -1 1.73472e-17
vn 6.17562e-18 -1 1.04083e-17
vn -1.18655e-17 -1 1.04083e-17
vn -2.32453e-18 -1 1.38778e-17
vn -6.41848e-18 -1 1.38778e-17
vn -1.08247e-17 -1 1.38778e-17
vn -5.72459e-18 -1 1.38778e-17
vn -4.89192e-18 -1 1.38778e-17
vn -9.38485e-18 -1 1.38778e-17
vn -1.15012e-17 -1 1.38778e-17
vn -9.26342e-18 -1 1.38778e-17
vn -4.96131e-18 -1 1.38778e-17
vn -6.34909e-18 -1 1.38778e-17
vn 1.24206e-17 -1 2.08167e-17
vn 2.32453e-18 -1 2.08167e-17
vn 7.28584e-18 -1 2.08167e-17
vn 1.1241e-17 -1 2.08167e-17
vn -1.09981e-17 -1 2.08167e-17
vn 8.63892e-18 -1 2.08167e-17
vn -1.09981e-17 -1 1.38778e-17
vn -4.30211e-18 -1 1.38778e-17
vn 8.39606e-18 -1 1.38778e-17
vn -5.20417e-18 -1 6.93889e-18
vn -2.77556e-19 -1 1.38778e-17
vn -7.14706e-18 -1 1.38778e-17
vn -3.95517e-18 -1 1.38778e-17
vn -1.23512e-17 -1 1.38778e-17
vn -1.01308e-17 -1 0
vn 3.19189e-18 -1 1.38778e-17
vn -1.13798e-17 -1 1.38778e-17
vn 4.44089e-18 -1 1.38778e-17
vn 7.91034e-18 -1 1.38778e-17
vn -7.91034e-18 -1 1.38778e-17
vn 4.44089e-18 -1 1.38778e-17
vn -7.91034e-18 -1 1.38778e-17
vn 7.91034e-18 -1 1.38778e-17
vn 6.93889e-18 -1 1.38778e-17
vn -1.13798e-17 -1 1.38778e-17
vn 8.88178e-18 -1 1.38778e-17
vn 4.44089e-18 -1 1.38778e-17
vn 6.93889e-18 -1 1.38778e-17
vn 6.93889e-18 -1 1.38778e-17
vn 6.93889e-18 -1 1.38778e-17
vn 1.58207e-17 -1 1.38778e-17
vn 6.93889e-18 -1 1.38778e-17
vn -1.58207e-17 -1 1.38778e-17
vn 0 -1 1.38778e-17
vn -6.93889e-18 -1 1.38778e-17
vn 6.93889e-18 -1 1.38778e-17
vn 6.93889e-18 -1 1.38778e-17
vn 6.93889e-18 -1 1.38778e-17
vn 1.58207e-17 -1 1.38778e-17
vn 6.93889e-18 -1 1.38778e-17
vn -1.58207e-17 -1 1.38778e-17
vn -1.94289e-18 -1 0
vn -8.88178e-18 -1 0
vn -8.88178e-18 -1 1.38778e-17
vn 0 -1 1.38778e-17
vn -8.88178e-18 -1 1.38778e-17
vn -8.88178e-18 -1 1.38778e-17
vn 0 -1 2.08167e-17
vn 8.88178e-18 -1 1.38778e-17
vn -8.88178e-18 -1 1.38778e-17
vn -8.88178e-18 -1 1.38778e-17
vn 8.88178e-18 -1 2.08167e-17
vn 8.88178e-18 -1 6.93889e-18
vn 8.88178e-18 -1 2.08167e-17
vn 8.88178e-18 -1 2.08167e-17
vn -8.88178e-18 -1 1.38778e-17
vn -8.88178e-18 -1 2.08167e-17
vn -8.88178e-18 -1 1.38778e-17
vn 0 -1 1.38778e-17
vn 8.88178e-18 -1 1.38778e-17
vn -8.88178e-18 -1 1.38778e-17
vn 8.88178e-18 -1 1.38778e-17
vn 0 -1 1.38778e-17
vn -8.88178e-18 -1 6.93889e-18
vn -8.88178e-18 -1 2.08167e-17
vn -8.88178e-18 -1 2.08167e-17
vn 8.88178e-18 -1 1.04083e-17
vn 2.27596e-17 -1 1.38778e-17
vn 8.88178e-18 -1 1.73472e-17
vn 8.88178e-18 -1 1.04083e-17
vn -8.88178e-18 -1 1.04083e-17
vn -8.88178e-18 -1 2.08167e-17
vn 0 -1 1.04083e-17
vn -1.38778e-17 -1 1.04083e-17
vn -8.88178e-18 -1 3.46945e-18
vn -8.88178e-18 -1 1.38778e-17
vn -8.88178e-18 -1 1.73472e-17
vn -8.88178e-18 -1 1.73472e-17
vn -8.88178e-18 -1 1.56125e-17
vn -8.88178e-18 -1 1.56125e-17
vn -6.93889e-18 -1 1.73472e-18
vn -8.88178e-18 -1 0
vn 1.58207e-17 -1 1.56125e-17
vn -6.93889e-18 -1 1.56125e-17
vn 0 -1 1.47451e-17
vn -6.93889e-18 -1 1.47451e-17
vn -8.88178e-18 -1 1.47451e-17
vn 0 -1 1.47451e-17
vn -1.58207e-17 -1 1.47451e-17
vn 0 -1 1.47451e-17
vn 8.88178e-18 -1 1.47451e-17
vn 6.93889e-18 -1 1.47451e-17
g WheelFL_f1
usemtl rubber
f 863//863 736//736 737//737
f 863//863 737//737 738//738
f 863//863 738//738 739//739
f 863//863 739//739 740//740
f 863//863 740//740 741//741
f 863//863 741//741 742//742
f 863//863 742//742 743//743
f 863//863 743//743 744//744
f 863//863 744//744 745//745
f 863//863 745//745 746//746
f 863//863 746//746 747//747
f 863//863 747//747 748//748
f 863//863 748//748 749//749
f 863//863 749//749 750//750
f 863//863 750//750 751//751
f 863//863 751//751 752//752
f 863//863 752//752 753//753
f 863//863 753//753 754//754
f 863//863 754//754 755//755
f 863//863 755//755 756//756
f 863//863 756//756 757//757
f 863//863 757//757 758//758
f 863//863 758//758 759//759
f 863//863 759//759 760//760
f 863//863 760//760 761//761
f 863//863 761//761 762//762
f 863//863 762//762 763//763
f 863//863 763//763 764//764
f 863//863 764//764 765//765
f 863//863 765//765 766//766
f 863//863 766//766 767//767
f 863//863 767//767 768//768
f 863//863 768//768 769//769
f 863//863 769//769 770//770
f 863//863 770//770 771//771
f 863//863 771//771 772//772
f 863//863 772//772 773//773
f 863//863 773//773 774//774
f 863//863 774//774 775//775
f 863//863 775//775 776//776
f 863//863 776//776 777//777
f 863//863 777//777 778//778
f 863//863 778//778 779//779
f 863//863 779//779 780//780
f 863//863 780//780 781//781
f 863//863 781//781 782//782
f 863//863 782//782 783//783
f 863//863 783//783 784//784
f 863//863 784//784 785//785
f 863//863 785//785 786//786
f 863//863 786//786 787//787
f 863//863 787//787 788//788
f 863//863 788//788 789//789
f 863//863 789//789 790//790
f 863//863 790//790 791//791
f 863//863 791//791 792//792
f 863//863 792//792 793//793
f 863//863 793//793 794//794
f 863//863 794//794 795//795
f 863//863 795//795 796//796
f 863//863 796//796 797//797
f 863//863 797//797 798//798
f 863//863 798//798 799//799
f 863//863 799//799 800//800
f 863//863 800//800 801//801
f 863//863 801//801 802//802
f 863//863 802//802 803//803
f 863//863 803//803 804//804
f 863//863 804//804 805//805
f 863//863 805//805 806//806
f 863//863 806//806 807//807
f 863//863 807//807 808//808
f 863//863 808//808 809//809
f 863//863 809//809 810//810
f 863//863 810//810 811//811
f 863//863 811//811 812//812
f 863//863 812//812 813//813
f 863//863 813//813 814//814
f 863//863 814//814 815//815
f 863//863 815//815 816//816
f 863//863 816//816 817//817
f 863//863 817//817 818//818
f 863//863 818//818 819//819
f 863//863 819//819 820//820
f 863//863 820//820 821//821
f 863//863 821//821 822//822
f 863//863 822//822 823//823
f 863//863 823//823 824//824
f 863//863 824//824 825//825
f 863//863 825//825 826//826
f 863//863 826//826 827//827
f 863//863 827//827 828//828
f 863//863 828//828 829//829
f 863//863 829//829 830//830
f 863//863 830//830 831//831
f 863//863 831//831 832//832
f 863//863 832//832 833//833
f 863//863 833//833 834//834
f 863//863 834//834 835//835
f 863//863 835//835 836//836
f 863//863 836//836 837//837
f 863//863 837//837 838//838
f 863//863 838//838 839//839
f 863//863 839//839 840//840
f 863//863 840//840 841//841
f 863//863 841//841 842//842
f 863//863 842//842 843//843
f 863//863 843//843 844//844
f 863//863 844//844 845//845
f 863//863 845//845 846//846
f 863//863 846//846 847//847
f 863//863 847//847 848//848
f 863//863 848//848 849//849
f 863//863 849//849 850//850
f 863//863 850//850 851//851
f 863//863 851//851 852//852
f 863//863 852//852 853//853
f 863//863 853//853 854//854
f 863//863 854//854 855//855
f 863//863 855//855 856//856
f 863//863 856//856 857//857
f 863//863 857//857 858//858
f 863//863 858//858 859//859
f 863//863 859//859 860//860
f 863//863 860//860 861//861
f 861//861 862//862 863//863
v 0.6 0.26 0.45
v 0.600447 0.26 0.470061
v 0.60182 0.26 0.490434
v 0.604162 0.26 0.511063
v 0.607513 0.26 0.531883
v 0.611906 0.26 0.552827
v 0.61737 0.26 0.573821
v 0.623929 0.26 0.594787
v 0.631595 0.26 0.615643
v 0.640377 0.26 0.636303
v 0.650272 0.26 0.656683
v 0.66127 0.26 0.676692
v 0.673352 0.26 0.696244
v 0.686488 0.26 0.715253
v 0.700641 0.26 0.733634
v 0.715764 0.26 0.751308
v 0.731802 0.26 0.768198
v 0.748692 0.26 0.784236
v 0.766366 0.26 0.799359
v 0.784747 0.26 0.813512
v 0.803756 0.26 0.826648
v 0.823308 0.26 0.83873
v 0.843317 0.26 0.849728
v 0.863697 0.26 0.859623
v 0.884357 0.26 0.868405
v 0.905213 0.26 0.876071
v 0.926179 0.26 0.88263
v 0.947173 0.26 0.888094
v 0.968117 0.26 0.892487
v 0.988937 0.26 0.895838
v 1.00957 0.26 0.89818
v 1.02994 0.26 0.899553
v 1.05 0.26 0.9
v 1.07006 0.26 0.899553
v 1.09043 0.26 0.89818
v 1.11106 0.26 0.895838
v 1.13188 0.26 0.892487
v 1.15283 0.26 0.888094
v 1.17382 0.26 0.88263
v 1.19479 0.26 0.876071
v 1.21564 0.26 0.868405
v 1.2363 0.26 0.859623
v 1.25668 0.26 0.849728
v 1.27669 0.26 0.83873
v 1.29624 0.26 0.826648
v 1.31525 0.26 0.813512
v 1.33363 0.26 0.799359
v 1.35131 0.26 0.784236
v 1.3682 0.26 0.768198
v 1.38424 0.26 0.751308
v 1.39936 0.26 0.733634
v 1.41351 0.26 0.715253
v 1.42665 0.26 0.696244
v 1.43873 0.26 0.676692
v 1.44973 0.26 0.656683
v 1.45962 0.26 0.636303
v 1.4684 0.26 0.615643
v 1.47607 0.26 0.594787
v 1.48263 0.26 0.573821
v 1.48809 0.26 0.552827
v 1.49249 0.26 0.531883
v 1.49584 0.26 0.511063
v 1.49818 0.26 0.490434
v 1.49955 0.26 0.470061
v 1.5 0.26 0.45
v 1.49955 0.26 0.429939
v 1.49818 0.26 0.409566
v 1.49584 0.26 0.388937
v 1.49249 0.26 0.368117
v 1.48809 0.26 0.347173
v 1.48263 0.26 0.326179
v 1.47607 0.26 0.305213
v 1.4684 0.26 0.284357
v 1.45962 0.26 0.263697
v 1.44973 0.26 0.243317
v 1.43873 0.26 0.223308
v 1.42665 0.26 0.203756
v 1.41351 0.26 0.184747
v 1.39936 0.26 0.166366
v 1.38424 0.26 0.148692
v 1.3682 0.26 0.131802
v 1.35131 0.26 0.115764
v 1.33363 0.26 0.100641
v 1.31525 0.26 0.0864882
v 1.29624 0.26 0.073352
v 1.27669 0.26 0.0612704
v 1.25668 0.26 0.0502722
v 1.2363 0.26 0.040377
v 1.21564 0.26 0.0315953
v 1.19479 0.26 0.0239287
v 1.17382 0.26 0.0173705
v 1.15283 0.26 0.0119058
v 1.13188 0.26 0.00751258
v 1.11106 0.26 0.00416223
v 1.09043 0.26 0.00182029
v 1.07006 0.26 0.000447387
v 1.05 0.26 5.55112e-17
v 1.02994 0.26 0.000447387
v 1.00957 0.26 0.00182029
v 0.988937 0.26 0.00416223
v 0.968117 0.26 0.00751258
v 0.947173 0.26 0.0119058
v 0.926179 0.26 0.0173705
v 0.905213 0.26 0.0239287
v 0.884357 0.26 0.0315953
v 0.863697 0.26 0.040377
v 0.843317 0.26 0.0502722
v 0.823308 0.26 0.0612704
v 0.803756 0.26 0.073352
v 0.784747 0.26 0.0864882
v 0.766366 0.26 0.100641
v 0.748692 0.26 0.115764
v 0.731802 0.26 0.131802
v 0.715764 0.26 0.148692
v 0.700641 0.26 0.166366
v 0.686488 0.26 0.184747
v 0.673352 0.26 0.203756
v 0.66127 0.26 0.223308
v 0.650272 0.26 0.243317
v 0.640377 0.26 0.263697
v 0.631595 0.26 0.284357
v 0.623929 0.26 0.305213
v 0.61737 0.26 0.326179
v 0.611906 0.26 0.347173
v 0.607513 0.26 0.368117
v 0.604162 0.26 0.388937
v 0.60182 0.26 0.409566
v 0.600447 0.26 0.429939
vn 0 1 -0
vn 0 1 -0
vn -2.88658e-17 1 0
vn -1.11022e-18 1 0
vn -2.88658e-17 1 0
vn -1.11022e-18 1 0
vn 2.88658e-17 1 -0
vn 0 1 -0
vn -2.77556e-17 1 0
vn 2.77556e-17 1 -0
vn -2.77556e-17 1 0
vn -5.66214e-17 1 0
vn 0 1 -0
vn 2.88658e-17 1 -0
vn 2.88658e-17 1 -0
vn 2.88658e-17 1 -0
vn 0 1 -0
vn 2.88658e-17 1 -0
vn 1.11022e-18 1 -0
vn 2.77556e-17 1 -0
vn -1.11022e-18 1 0
vn 2.88658e-17 1 -0
vn 2.88658e-17 1 -0
vn -2.88658e-17 1 0
vn -5.66214e-17 1 0
vn -2.88658e-17 1 0
vn -5.66214e-17 1 0
vn 2.88658e-17 1 -0
vn 2.88658e-17 1 -0
vn 1.11022e-18 1 -0
vn 0 1 -0
vn -2.88658e-17 1 0
vn 2.88658e-17 1 -0
vn -2.88658e-17 1 0
vn 0 1 -0
vn 1.11022e-18 1 -0
vn 2.88658e-17 1 -0
vn 2.88658e-17 1 -0
vn -2.88658e-17 1 0
vn -2.88658e-17 1 0
vn -2.88658e-17 1 0
vn -2.88658e-17 1 0
vn 2.88658e-17 1 -0
vn 2.88658e-17 1 -0
vn 2.77556e-17 1 -0
vn 2.88658e-17 1 -0
vn 1.11022e-18 1 -0
vn 2.88658e-17 1 -0
vn 0 1 -0
vn 1.11022e-18 1 -0
vn 2.88658e-17 1 -0
vn 2.88658e-17 1 -0
vn 2.88658e-17 1 -0
vn -5.66214e-17 1 0
vn -5.66214e-17 1 0
vn 2.77556e-17 1 -0
vn -5.66214e-17 1 0
vn 0 1 -0
vn 0 1 -0
vn 0 1 -0
vn 2.77556e-17 1 -0
vn -2.77556e-17 1 0
vn -2.88658e-17 1 0
vn 0 1 -0
vn 0 1 -0
vn 0 1 -0
vn -2.88658e-17 1 0
vn -5.55112e-19 1 0
vn -2.83107e-17 1 0
vn -1.11022e-18 1 0
vn -4.21885e-17 1 0
vn 0 1 -0
vn 1.38778e-17 1 -0
vn 2.77556e-17 1 -0
vn 1.44329e-17 1 -0
vn -4.21885e-17 1 0
vn 1.44329e-17 1 -0
vn 2.19269e-17 1 -0
vn 2.16493e-17 1 -0
vn 1.38778e-17 1 -0
vn 7.21645e-18 1 -0
vn -2.83107e-17 1 0
vn 1.36002e-17 1 -0
vn 2.08167e-17 1 -0
vn -4.57967e-17 1 0
vn 2.51188e-17 1 -0
vn 1.81799e-17 1 -0
vn -3.20577e-17 1 0
vn 1.83187e-17 1 -0
vn -5.30131e-17 1 0
vn 6.245e-18 1 -0
vn -3.55965e-17 1 0
vn -3.38618e-17 1 0
vn 7.84095e-18 1 -0
vn 1.20043e-17 1 -0
vn -2.63678e-18 1 0
vn -8.04912e-18 1 0
vn -2.63678e-18 1 0
vn 1.21431e-17 1 -0
vn 8.04912e-18 1 -0
vn 2.31065e-17 1 -0
vn 1.97065e-17 1 -0
vn 7.77156e-18 1 -0
vn 4.30211e-18 1 -0
vn -3.8719e-17 1 0
vn 2.53964e-17 1 -0
vn 1.77636e-17 1 -0
vn 2.15106e-17 1 -0
vn -4.94049e-17 1 0
vn 2.10942e-17 1 -0
vn -4.94049e-17 1 0
vn 2.88658e-17 1 -0
vn 7.21645e-18 1 -0
vn -4.2466e-17 1 0
vn -3.55271e-17 1 0
vn -3.55271e-17 1 0
vn 1.44329e-17 1 -0
vn -4.21885e-17 1 0
vn 1.38778e-17 1 -0
vn -2.88658e-17 1 0
vn 1.44329e-17 1 -0
vn 5.55112e-19 1 -0
vn -4.21885e-17 1 0
vn -5.55112e-19 1 0
vn 2.83107e-17 1 -0
vn -2.77556e-17 1 0
vn -2.83107e-17 1 0
vn 0 1 -0
g WheelFL_f2
usemtl rubber
f 991//991 864//864 865//865
f 991//991 865//865 866//866
f 991//991 866//866 867//867
f 991//991 867//867 868//868
f 991//991 868//868 869//869
f 991//991 869//869 870//870
f 991//991 870//870 871//871
f 991//991 871//871 872//872
f 991//991 872//872 873//873
f 991//991 873//873 874//874
f 991//991 874//874 875//875
f 991//991 875//875 876//876
f 991//991 876//876 877//877
f 991//991 877//877 878//878
f 991//991 878//878 879//879
f 991//991 879//879 880//880
f 991//991 880//880 881//881
f 991//991 881//881 882//882
f 991//991 882//882 883//883
f 991//991 883//883 884//884
f 991//991 884//884 885//885
f 991//991 885//885 886//886
f 991//991 886//886 887//887
f 991//991 887//887 888//888
f 991//991 888//888 889//889
f 991//991 889//889 890//890
f 991//991 890//890 891//891
f 991//991 891//891 892//892
f 991//991 892//892 893//893
f 991//991 893//893 894//894
f 991//991 894//894 895//895
f 991//991 895//895 896//896
f 991//991 896//896 897//897
f 991//991 897//897 898//898
f 991//991 898//898 899//899
f 991//991 899//899 900//900
f 991//991 900//900 901//901
f 991//991 901//901 902//902
f 991//991 902//902 903//903
f 991//991 903//903 904//904
f 991//991 904//904 905//905
f 991//991 905//905 906//906
f 991//991 906//906 907//907
f 991//991 907//907 908//908
f 991//991 908//908 909//909
f 991//991 909//909 910//910
f 991//991 910//910 911//911
f 991//991 911//911 912//912
f 991//991 912//912 913//913
f 991//991 913//913 914//914
f 991//991 914//914 915//915
f 991//991 915//915 916//916
f 991//991 916//916 917//917
f 991//991 917//917 918//918
f 991//991 918//918 919//919
f 991//991 919//919 920//920
f 991//991 920//920 921//921
f 991//991 921//921 922//922
f 991//991 922//922 923//923
f 991//991 923//923 924//924
f 991//991 924//924 925//925
f 991//991 925//925 926//926
f 991//991 926//926 927//927
f 991//991 927//927 928//928
f 991//991 928//928 929//929
f 991//991 929//929 930//930
f 991//991 930//930 931//931
f 991//991 931//931 932//932
f 991//991 932//932 933//933
f 991//991 933//933 934//934
f 991//991 934//934 935//935
f 991//991 935//935 936//936
f 991//991 936//936 937//937
f 991//991 937//937 938//938
f 991//991 938//938 939//939
f 991//991 939//939 940//940
f 991//991 940//940 941//941
f 991//991 941//941 942//942
f 991//991 942//942 943//943
f 991//991 943//943 944//944
f 991//991 944//944 945//945
f 991//991 945//945 946//946
f 991//991 946//946 947//947
f 991//991 947//947 948//948
f 991//991 948//948 949//949
f 991//991 949//949 950//950
f 991//991 950//950 951//951
f 991//991 951//951 952//952
f 991//991 952//952 953//953
f 991//991 953//953 954//954
f 991//991 954//954 955//955
f 991//991 955//955 956//956
f 991//991 956//956 957//957
f 991//991 957//957 958//958
f 991//991 958//958 959//959
f 991//991 959//959 960//960
f 991//991 960//960 961//961
f 991//991 961//961 962//962
f 991//991 962//962 963//963
f 991//991 963//963 964//964
f 991//991 964//964 965//965
f 991//991 965//965 966//966
f 991//991 966//966 967//967
f 991//991 967//967 968//968
f 991//991 968//968 969//969
f 991//991 969//969 970//970
f 991//991 970//970 971//971
f 991//991 971//971 972//972
f 991//991 972//972 973//973
f 991//991 973//973 974//974
f 991//991 974//974 975//975
f 991//991 975//975 976//976
f 991//991 976//976 977//977
f 991//991 977//977 978//978
f 991//991 978//978 979//979
f 991//991 979//979 980//980
f 991//991 980//980 981//981
f 991//991 981//981 982//982
f 991//991 982//982 983//983
f 991//991 983//983 984//984
f 991//991 984//984 985//985
f 991//991 985//985 986//986
f 991//991 986//986 987//987
f 991//991 987//987 988//988
f 991//991 988//988 989//989
f 989//989 990//990 991//991
o WheelFR
v 0.6 1.74 0.45
v 0.600447 1.74 0.470061
v 0.60182 1.74 0.490434
v 0.604162 1.74 0.511063
v 0.607513 1.74 0.531883
v 0.611906 1.74 0.552827
v 0.61737 1.74 0.573821
v 0.623929 1.74 0.594787
v 0.631595 1.74 0.615643
v 0.640377 1.74 0.636303
v 0.650272 1.74 0.656683
v 0.66127 1.74 0.676692
v 0.673352 1.74 0.696244
v 0.686488 1.74 0.715253
v 0.700641 1.74 0.733634
v 0.715764 1.74 0.751308
v 0.731802 1.74 0.768198
v 0.748692 1.74 0.784236
v 0.766366 1.74 0.799359
v 0.784747 1.74 0.813512
v 0.803756 1.74 0.826648
v 0.823308 1.74 0.83873
v 0.843317 1.74 0.849728
v 0.863697 1.74 0.859623
v 0.884357 1.74 0.868405
v 0.905213 1.74 0.876071
v 0.926179 1.74 0.88263
v 0.947173 1.74 0.888094
v 0.968117 1.74 0.892487
v 0.988937 1.74 0.895838
v 1.00957 1.74 0.89818
v 1.02994 1.74 0.899553
v 1.05 1.74 0.9
v 1.07006 1.74 0.899553
v 1.09043 1.74 0.89818
v 1.11106 1.74 0.895838
v 1.13188 1.74 0.892487
v 1.15283 1.74 0.888094
v 1.17382 1.74 0.88263
v 1.19479 1.74 0.876071
v 1.21564 1.74 0.868405
v 1.2363 1.74 0.859623
v 1.25668 1.74 0.849728
v 1.27669 1.74 0.83873
v 1.29624 1.74 0.826648
v 1.31525 1.74 0.813512
v 1.33363 1.74 0.799359
v 1.35131 1.74 0.784236
v 1.3682 1.74 0.768198
v 1.38424 1.74 0.751308
v 1.39936 1.74 0.733634
v 1.41351 1.74 0.715253
v 1.42665 1.74 0.696244
v 1.43873 1.74 0.676692
v 1.44973 1.74 0.656683
v 1.45962 1.74 0.636303
v 1.4684 1.74 0.615643
v 1.47607 1.74 0.594787
v 1.48263 1.74 0.573821
v 1.48809 1.74 0.552827
v 1.49249 1.74 0.531883
v 1.49584 1.74 0.511063
v 1.49818 1.74 0.490434
v 1.49955 1.74 0.470061
v 1.5 1.74 0.45
v 1.49955 1.74 0.429939
v 1.49818 1.74 0.409566
v 1.49584 1.74 0.388937
v 1.49249 1.74 0.368117
v 1.48809 1.74 0.347173
v 1.48263 1.74 0.326179
v 1.47607 1.74 0.305213
v 1.4684 1.74 0.284357
v 1.45962 1.74 0.263697
v 1.44973 1.74 0.243317
v 1.43873 1.74 0.223308
v 1.42665 1.74 0.203756
v 1.41351 1.74 0.184747
v 1.39936 1.74 0.166366
v 1.38424 1.74 0.148692
v 1.3682 1.74 0.131802
v 1.35131 1.74 0.115764
v 1.33363 1.74 0.100641
v 1.31525 1.74 0.0864882
v 1.29624 1.74 0.073352
v 1.27669 1.74 0.0612704
v 1.25668 1.74 0.0502722
v 1.2363 1.74 0.040377
v 1.21564 1.74 0.0315953
v 1.19479 1.74 0.0239287
v 1.17382 1.74 0.0173705
v 1.15283 1.74 0.0119058
v 1.13188 1.74 0.00751258
v 1.11106 1.74 0.00416223
v 1.09043 1.74 0.00182029
v 1.07006 1.74 0.000447387
v 1.05 1.74 5.55112e-17
v 1.02994 1.74 0.000447387
v 1.00957 1.74 0.00182029
v 0.988937 1.74 0.00416223
v 0.968117 1.74 0.00751258
v 0.947173 1.74 0.0119058
v 0.926179 1.74 0.0173705
v 0.905213 1.74 0.0239287
v 0.884357 1.74 0.0315953
v 0.863697 1.74 0.040377
v 0.843317 1.74 0.0502722
v 0.823308 1.74 0.0612704
v 0.803756 1.74 0.073352
v 0.784747 1.74 0.0864882
v 0.766366 1.74 0.100641
v 0.748692 1.74 0.115764
v 0.731802 1.74 0.131802
v 0.715764 1.74 0.148692
v 0.700641 1.74 0.166366
v 0.686488 1.74 0.184747
v 0.673352 1.74 0.203756
v 0.66127 1.74 0.223308
v 0.650272 1.74 0.243317
v 0.640377 1.74 0.263697
v 0.631595 1.74 0.284357
v 0.623929 1.74 0.305213
v 0.61737 1.74 0.326179
v 0.611906 1.74 0.347173
v 0.607513 1.74 0.368117
v 0.604162 1.74 0.388937
v 0.60182 1.74 0.409566
v 0.600447 1.74 0.429939
v 0.6 1.74 0.45
v 0.6 1.91 0.45
v 0.600447 1.91 0.470061
v 0.60182 1.91 0.490434
v 0.604162 1.91 0.511063
v 0.607513 1.91 0.531883
v 0.611906 1.91 0.552827
v 0.61737 1.91 0.573821
v 0.623929 1.91 0.594787
v 0.631595 1.91 0.615643
v 0.640377 1.91 0.636303
v 0.650272 1.91 0.656683
v 0.66127 1.91 0.676692
v 0.673352 1.91 0.696244
v 0.686488 1.91 0.715253
v 0.700641 1.91 0.733634
v 0.715764 1.91 0.751308
v 0.731802 1.91 0.768198
v 0.748692 1.91 0.784236
v 0.766366 1.91 0.799359
v 0.784747 1.91 0.813512
v 0.803756 1.91 0.826648
v 0.823308 1.91 0.83873
v 0.843317 1.91 0.849728
v 0.863697 1.91 0.859623
v 0.884357 1.91 0.868405
v 0.905213 1.91 0.876071
v 0.926179 1.91 0.88263
v 0.947173 1.91 0.888094
v 0.968117 1.91 0.892487
v 0.988937 1.91 0.895838
v 1.00957 1.91 0.89818
v 1.02994 1.91 0.899553
v 1.05 1.91 0.9
v 1.07006 1.91 0.899553
v 1.09043 1.91 0.89818
v 1.11106 1.91 0.895838
v 1.13188 1.91 0.892487
v 1.15283 1.91 0.888094
v 1.17382 1.91 0.88263
v 1.19479 1.91 0.876071
v 1.21564 1.91 0.868405
v 1.2363 1.91 0.859623
v 1.25668 1.91 0.849728
v 1.27669 1.91 0.83873
v 1.29624 1.91 0.826648
v 1.31525 1.91 0.813512
v 1.33363 1.91 0.799359
v 1.35131 1.91 0.784236
v 1.3682 1.91 0.768198
v 1.38424 1.91 0.751308
v 1.39936 1.91 0.733634
v 1.41351 1.91 0.715253
v 1.42665 1.91 0.696244
v 1.43873 1.91 0.676692
v 1.44973 1.91 0.656683
v 1.45962 1.91 0.636303
v 1.4684 1.91 0.615643
v 1.47607 1.91 0.594787
v 1.48263 1.91 0.573821
v 1.48809 1.91 0.552827
v 1.49249 1.91 0.531883
v 1.49584 1.91 0.511063
v 1.49818 1.91 0.490434
v 1.49955 1.91 0.470061
v 1.5 1.91 0.45
v 1.49955 1.91 0.429939
v 1.49818 1.91 0.409566
v 1.49584 1.91 0.388937
v 1.49249 1.91 0.368117
v 1.48809 1.91 0.347173
v 1.48263 1.91 0.326179
v 1.47607 1.91 0.305213
v 1.4684 1.91 0.284357
v 1.45962 1.91 0.263697
v 1.44973 1.91 0.243317
v 1.43873 1.91 0.223308
v 1.42665 1.91 0.203756
v 1.41351 1.91 0.184747
v 1.39936 1.91 0.166366
v 1.38424 1.91 0.148692
v 1.3682 1.91 0.131802
v 1.35131 1.91 0.115764
v 1.33363 1.91 0.100641
v 1.31525 1.91 0.0864882
v 1.29624 1.91 0.073352
v 1.27669 1.91 0.0612704
v 1.25668 1.91 0.0502722
v 1.2363 1.91 0.040377
v 1.21564 1.91 0.0315953
v 1.19479 1.91 0.0239287
v 1.17382 1.91 0.0173705
v 1.15283 1.91 0.0119058
v 1.13188 1.91 0.00751258
v 1.11106 1.91 0.00416223
v 1.09043 1.91 0.00182029
v 1.07006 1.91 0.000447387
v 1.05 1.91 5.55112e-17
v 1.02994 1.91 0.000447387
v 1.00957 1.91 0.00182029
v 0.988937 1.91 0.00416223
v 0.968117 1.91 0.00751258
v 0.947173 1.91 0.0119058
v 0.926179 1.91 0.0173705
v 0.905213 1.91 0.0239287
v 0.884357 1.91 0.0315953
v 0.863697 1.91 0.040377
v 0.843317 1.91 0.0502722
v 0.823308 1.91 0.0612704
v 0.803756 1.91 0.073352
v 0.784747 1.91 0.0864882
v 0.766366 1.91 0.100641
v 0.748692 1.91 0.115764
v 0.731802 1.91 0.131802
v 0.715764 1.91 0.148692
v 0.700641 1.91 0.166366
v 0.686488 1.91 0.184747
v 0.673352 1.91 0.203756
v 0.66127 1.91 0.223308
v 0.650272 1.91 0.243317
v 0.640377 1.91 0.263697
v 0.631595 1.91 0.284357
v 0.623929 1.91 0.305213
v 0.61737 1.91 0.326179
v 0.611906 1.91 0.347173
v 0.607513 1.91 0.368117
v 0.604162 1.91 0.388937
v 0.60182 1.91 0.409566
v 0.600447 1.91 0.429939
v 0.6 1.91 0.45
v 0.6 2.08 0.45
v 0.600447 2.08 0.470061
v 0.60182 2.08 0.490434
v 0.604162 2.08 0.511063
v 0.607513 2.08 0.531883
v 0.611906 2.08 0.552827
v 0.61737 2.08 0.573821
v 0.623929 2.08 0.594787
v 0.631595 2.08 0.615643
v 0.640377 2.08 0.636303
v 0.650272 2.08 0.656683
v 0.66127 2.08 0.676692
v 0.673352 2.08 0.696244
v 0.686488 2.08 0.715253
v 0.700641 2.08 0.733634
v 0.715764 2.08 0.751308
v 0.731802 2.08 0.768198
v 0.748692 2.08 0.784236
v 0.766366 2.08 0.799359
v 0.784747 2.08 0.813512
v 0.803756 2.08 0.826648
v 0.823308 2.08 0.83873
v 0.843317 2.08 0.849728
v 0.863697 2.08 0.859623
v 0.884357 2.08 0.868405
v 0.905213 2.08 0.876071
v 0.926179 2.08 0.88263
v 0.947173 2.08 0.888094
v 0.968117 2.08 0.892487
v 0.988937 2.08 0.895838
v 1.00957 2.08 0.89818
v 1.02994 2.08 0.899553
v 1.05 2.08 0.9
v 1.07006 2.08 0.899553
v 1.09043 2.08 0.89818
v 1.11106 2.08 0.895838
v 1.13188 2.08 0.892487
v 1.15283 2.08 0.888094
v 1.17382 2.08 0.88263
v 1.19479 2.08 0.876071
v 1.21564 2.08 0.868405
v 1.2363 2.08 0.859623
v 1.25668 2.08 0.849728
v 1.27669 2.08 0.83873
v 1.29624 2.08 0.826648
v 1.31525 2.08 0.813512
v 1.33363 2.08 0.799359
v 1.35131 2.08 0.784236
v 1.3682 2.08 0.768198
v 1.38424 2.08 0.751308
v 1.39936 2.08 0.733634
v 1.41351 2.08 0.715253
v 1.42665 2.08 0.696244
v 1.43873 2.08 0.676692
v 1.44973 2.08 0.656683
v 1.45962 2.08 0.636303
v 1.4684 2.08 0.615643
v 1.47607 2.08 0.594787
v 1.48263 2.08 0.573821
v 1.48809 2.08 0.552827
v 1.49249 2.08 0.531883
v 1.49584 2.08 0.511063
v 1.49818 2.08 0.490434
v 1.49955 2.08 0.470061
v 1.5 2.08 0.45
v 1.49955 2.08 0.429939
v 1.49818 2.08 0.409566
v 1.49584 2.08 0.388937
v 1.49249 2.08 0.368117
v 1.48809 2.08 0.347173
v 1.48263 2.08 0.326179
v 1.47607 2.08 0.305213
v 1.4684 2.08 0.284357
v 1.45962 2.08 0.263697
v 1.44973 2.08 0.243317
v 1.43873 2.08 0.223308
v 1.42665 2.08 0.203756
v 1.41351 2.08 0.184747
v 1.39936 2.08 0.166366
v 1.38424 2.08 0.148692
v 1.3682 2.08 0.131802
v 1.35131 2.08 0.115764
v 1.33363 2.08 0.100641
v 1.31525 2.08 0.0864882
v 1.29624 2.08 0.073352
v 1.27669 2.08 0.0612704
v 1.25668 2.08 0.0502722
v 1.2363 2.08 0.040377
v 1.21564 2.08 0.0315953
v 1.19479 2.08 0.0239287
v 1.17382 2.08 0.0173705
v 1.15283 2.08 0.0119058
v 1.13188 2.08 0.00751258
v 1.11106 2.08 0.00416223
v 1.09043 2.08 0.00182029
v 1.07006 2.08 0.000447387
v 1.05 2.08 5.55112e-17
v 1.02994 2.08 0.000447387
v 1.00957 2.08 0.00182029
v 0.988937 2.08 0.00416223
v 0.968117 2.08 0.00751258
v 0.947173 2.08 0.0119058
v 0.926179 2.08 0.0173705
v 0.905213 2.08 0.0239287
v 0.884357 2.08 0.0315953
v 0.863697 2.08 0.040377
v 0.843317 2.08 0.0502722
v 0.823308 2.08 0.0612704
v 0.803756 2.08 0.073352
v 0.784747 2.08 0.0864882
v 0.766366 2.08 0.100641
v 0.748692 2.08 0.115764
v 0.731802 2.08 0.131802
v 0.715764 2.08 0.148692
v 0.700641 2.08 0.166366
v 0.686488 2.08 0.184747
v 0.673352 2.08 0.203756
v 0.66127 2.08 0.223308
v 0.650272 2.08 0.243317
v 0.640377 2.08 0.263697
v 0.631595 2.08 0.284357
v 0.623929 2.08 0.305213
v 0.61737 2.08 0.326179
v 0.611906 2.08 0.347173
v 0.607513 2.08 0.368117
v 0.604162 2.08 0.388937
v 0.60182 2.08 0.409566
v 0.600447 2.08 0.429939
v 0.6 2.08 0.45
vn -1 0 8.72274e-17
vn -0.999006 0 0.0445802
vn -0.995955 0 0.0898544
vn -0.990751 0 0.135695
vn -0.983305 0 0.181963
vn -0.973543 0 0.228505
vn -0.961399 0 0.275158
vn -0.946825 0 0.321749
vn -0.929788 0 0.368095
vn -0.910273 0 0.414008
vn -0.888284 0 0.459295
vn -0.863844 0 0.50376
vn -0.836996 0 0.54721
vn -0.807804 0 0.589451
vn -0.776353 0 0.630298
vn -0.742747 0 0.669572
vn -0.707107 0 0.707107
vn -0.669572 0 0.742747
vn -0.630298 0 0.776353
vn -0.589451 0 0.807804
vn -0.54721 0 0.836996
vn -0.50376 0 0.863844
vn -0.459295 0 0.888284
vn -0.414008 0 0.910273
vn -0.368095 0 0.929788
vn -0.321749 0 0.946825
vn -0.275158 0 0.961399
vn -0.228505 0 0.973543
vn -0.181963 0 0.983305
vn -0.135695 0 0.990751
vn -0.0898544 0 0.995955
vn -0.0445802 0 0.999006
vn -0 0 1
vn 0.0445802 -0 0.999006
vn 0.0898544 -0 0.995955
vn 0.135695 -0 0.990751
vn 0.181963 -0 0.983305
vn 0.228505 -0 0.973543
vn 0.275158 -0 0.961399
vn 0.321749 -0 0.946825
vn 0.368095 -0 0.929788
vn 0.414008 -0 0.910273
vn 0.459295 -0 0.888284
vn 0.50376 -0 0.863844
vn 0.54721 -0 0.836996
vn 0.589451 -0 0.807804
vn 0.630298 -0 0.776353
vn 0.669572 -0 0.742747
vn 0.707107 -0 0.707107
vn 0.742747 -0 0.669572
vn 0.776353 -0 0.630298
vn 0.807804 -0 0.589451
vn 0.836996 -0 0.54721
vn 0.863844 -0 0.50376
vn 0.888284 -0 0.459295
vn 0.910273 -0 0.414008
vn 0.929788 -0 0.368095
vn 0.946825 -0 0.321749
vn 0.961399 -0 0.275158
vn 0.973543 -0 0.228505
vn 0.983305 -0 0.181963
vn 0.990751 -0 0.135695
vn 0.995955 -0 0.0898544
vn 0.999006 -0 0.0445802
vn 1 -0 1.74455e-16
vn 0.999006 0 -0.0445802
vn 0.995955 0 -0.0898544
vn 0.990751 0 -0.135695
vn 0.983305 0 -0.181963
vn 0.973543 0 -0.228505
vn 0.961399 0 -0.275158
vn 0.946825 0 -0.321749
vn 0.929788 0 -0.368095
vn 0.910273 0 -0.414008
vn 0.888284 0 -0.459295
vn 0.863844 0 -0.50376
vn 0.836996 0 -0.54721
vn 0.807804 0 -0.589451
vn 0.776353 0 -0.630298
vn 0.742747 0 -0.669572
vn 0.707107 0 -0.707107
vn 0.669572 0 -0.742747
vn 0.630298 0 -0.776353
vn 0.589451 0 -0.807804
vn 0.54721 0 -0.836996
vn 0.50376 0 -0.863844
vn 0.459295 0 -0.888284
vn 0.414008 0 -0.910273
vn 0.368095 0 -0.929788
vn 0.321749 0 -0.946825
vn 0.275158 0 -0.961399
vn 0.228505 0 -0.973543
vn 0.181963 0 -0.983305
vn 0.135695 0 -0.990751
vn 0.0898544 0 -0.995955
vn 0.0445802 0 -0.999006
vn 1.23358e-16 0 -1
vn -0.0445802 0 -0.999006
vn -0.0898544 0 -0.995955
vn -0.135695 0 -0.990751
vn -0.181963 0 -0.983305
vn -0.228505 0 -0.973543
vn -0.275158 0 -0.961399
vn -0.321749 0 -0.946825
vn -0.368095 0 -0.929788
vn -0.414008 0 -0.910273
vn -0.459295 0 -0.888284
vn -0.50376 0 -0.863844
vn -0.54721 0 -0.836996
vn -0.589451 0 -0.807804
vn -0.630298 0 -0.776353
vn -0.669572 0 -0.742747
vn -0.707107 0 -0.707107
vn -0.742747 0 -0.669572
vn -0.776353 0 -0.630298
vn -0.807804 0 -0.589451
vn -0.836996 0 -0.54721
vn -0.863844 0 -0.50376
vn -0.888284 0 -0.459295
vn -0.910273 0 -0.414008
vn -0.929788 0 -0.368095
vn -0.946825 0 -0.321749
vn -0.961399 0 -0.275158
vn -0.973543 0 -0.228505
vn -0.983305 0 -0.181963
vn -0.990751 0 -0.135695
vn -0.995955 0 -0.0898544
vn -0.999006 0 -0.0445802
vn -1 0 -6.10592e-16
vn -1 0 8.72274e-17
vn -0.999006 0 0.0445802
vn -0.995955 0 0.0898544
vn -0.990751 0 0.135695
vn -0.983305 0 0.181963
vn -0.973543 0 0.228505
vn -0.961399 0 0.275158
vn -0.946825 0 0.321749
vn -0.929788 0 0.368095
vn -0.910273 0 0.414008
vn -0.888284 0 0.459295
vn -0.863844 0 0.50376
vn -0.836996 0 0.54721
vn -0.807804 0 0.589451
vn -0.776353 0 0.630298
vn -0.742747 0 0.669572
vn -0.707107 0 0.707107
vn -0.669572 0 0.742747
vn -0.630298 0 0.776353
vn -0.589451 0 0.807804
vn -0.54721 0 0.836996
vn -0.50376 0 0.863844
vn -0.459295 0 0.888284
vn -0.414008 0 0.910273
vn -0.368095 0 0.929788
vn -0.321749 0 0.946825
vn -0.275158 0 0.961399
vn -0.228505 0 0.973543
vn -0.181963 0 0.983305
vn -0.135695 0 0.990751
vn -0.0898544 0 0.995955
vn -0.0445802 0 0.999006
vn -3.48909e-16 0 1
vn 0.0445802 -0 0.999006
vn 0.0898544 -0 0.995955
vn 0.135695 -0 0.990751
vn 0.181963 -0 0.983305
vn 0.228505 -0 0.973543
vn 0.275158 -0 0.961399
vn 0.321749 -0 0.946825
vn 0.368095 -0 0.929788
vn 0.414008 -0 0.910273
vn 0.459295 -0 0.888284
vn 0.50376 -0 0.863844
vn 0.54721 -0 0.836996
vn 0.589451 -0 0.807804
vn 0.630298 -0 0.776353
vn 0.669572 -0 0.742747
vn 0.707107 -0 0.707107
vn 0.742747 -0 0.669572
vn 0.776353 -0 0.630298
vn 0.807804 -0 0.589451
vn 0.836996 -0 0.54721
vn 0.863844 -0 0.50376
vn 0.888284 -0 0.459295
vn 0.910273 -0 0.414008
vn 0.929788 -0 0.368095
vn 0.946825 -0 0.321749
vn 0.961399 -0 0.275158
vn 0.973543 -0 0.228505
vn 0.983305 -0 0.181963
vn 0.990751 -0 0.135695
vn 0.995955 -0 0.0898544
vn 0.999006 -0 0.0445802
vn 1 -0 3.48909e-16
vn 0.999006 0 -0.0445802
vn 0.995955 0 -0.0898544
vn 0.990751 0 -0.135695
vn 0.983305 0 -0.181963
vn 0.973543 0 -0.228505
vn 0.961399 0 -0.275158
vn 0.946825 0 -0.321749
vn 0.929788 0 -0.368095
vn 0.910273 0 -0.414008
vn 0.888284 0 -0.459295
vn 0.863844 0 -0.50376
vn 0.836996 0 -0.54721
vn 0.807804 0 -0.589451
vn 0.776353 0 -0.630298
vn 0.742747 0 -0.669572
vn 0.707107 0 -0.707107
vn 0.669572 0 -0.742747
vn 0.630298 0 -0.776353
vn 0.589451 0 -0.807804
vn 0.54721 0 -0.836996
vn 0.50376 0 -0.863844
vn 0.459295 0 -0.888284
vn 0.414008 0 -0.910273
vn 0.368095 0 -0.929788
vn 0.321749 0 -0.946825
vn 0.275158 0 -0.961399
vn 0.228505 0 -0.973543
vn 0.181963 0 -0.983305
vn 0.135695 0 -0.990751
vn 0.0898544 0 -0.995955
vn 0.0445802 0 -0.999006
vn 1.23358e-16 0 -1
vn -0.0445802 0 -0.999006
vn -0.0898544 0 -0.995955
vn -0.135695 0 -0.990751
vn -0.181963 0 -0.983305
vn -0.228505 0 -0.973543
vn -0.275158 0 -0.961399
vn -0.321749 0 -0.946825
vn -0.368095 0 -0.929788
vn -0.414008 0 -0.910273
vn -0.459295 0 -0.888284
vn -0.50376 0 -0.863844
vn -0.54721 0 -0.836996
vn -0.589451 0 -0.807804
vn -0.630298 0 -0.776353
vn -0.669572 0 -0.742747
vn -0.707107 0 -0.707107
vn -0.742747 0 -0.669572
vn -0.776353 0 -0.630298
vn -0.807804 0 -0.589451
vn -0.836996 0 -0.54721
vn -0.863844 0 -0.50376
vn -0.888284 0 -0.459295
vn -0.910273 0 -0.414008
vn -0.929788 0 -0.368095
vn -0.946825 0 -0.321749
vn -0.961399 0 -0.275158
vn -0.973543 0 -0.228505
vn -0.983305 0 -0.181963
vn -0.990751 0 -0.135695
vn -0.995955 0 -0.0898544
vn -0.999006 0 -0.0445802
vn -1 0 -6.10592e-16
vn -1 0 8.72274e-17
vn -0.999006 0 0.0445802
vn -0.995955 0 0.0898544
vn -0.990751 0 0.135695
vn -0.983305 0 0.181963
vn -0.973543 0 0.228505
vn -0.961399 0 0.275158
vn -0.946825 0 0.321749
vn -0.929788 0 0.368095
vn -0.910273 0 0.414008
vn -0.888284 0 0.459295
vn -0.863844 0 0.50376
vn -0.836996 0 0.54721
vn -0.807804 0 0.589451
vn -0.776353 0 0.630298
vn -0.742747 0 0.669572
vn -0.707107 0 0.707107
vn -0.669572 0 0.742747
vn -0.630298 0 0.776353
vn -0.589451 0 0.807804
vn -0.54721 0 0.836996
vn -0.50376 0 0.863844
vn -0.459295 0 0.888284
vn -0.414008 0 0.910273
vn -0.368095 0 0.929788
vn -0.321749 0 0.946825
vn -0.275158 0 0.961399
vn -0.228505 0 0.973543
vn -0.181963 0 0.983305
vn -0.135695 0 0.990751
vn -0.0898544 0 0.995955
vn -0.0445802 0 0.999006
vn 0 0 1
vn 0.0445802 -0 0.999006
vn 0.0898544 -0 0.995955
vn 0.135695 -0 0.990751
vn 0.181963 -0 0.983305
vn 0.228505 -0 0.973543
vn 0.275158 -0 0.961399
vn 0.321749 -0 0.946825
vn 0.368095 -0 0.929788
vn 0.414008 -0 0.910273
vn 0.459295 -0 0.888284
vn 0.50376 -0 0.863844
vn 0.54721 -0 0.836996
vn 0.589451 -0 0.807804
vn 0.630298 -0 0.776353
vn 0.669572 -0 0.742747
vn 0.707107 -0 0.707107
vn 0.742747 -0 0.669572
vn 0.776353 -0 0.630298
vn 0.807804 -0 0.589451
vn 0.836996 -0 0.54721
vn 0.863844 -0 0.50376
vn 0.888284 -0 0.459295
vn 0.910273 -0 0.414008
vn 0.929788 -0 0.368095
vn 0.946825 -0 0.321749
vn 0.961399 -0 0.275158
vn 0.973543 -0 0.228505
vn 0.983305 -0 0.181963
vn 0.990751 -0 0.135695
vn 0.995955 -0 0.0898544
vn 0.999006 -0 0.0445802
vn 1 -0 1.74455e-16
vn 0.999006 0 -0.0445802
vn 0.995955 0 -0.0898544
vn 0.990751 0 -0.135695
vn 0.983305 0 -0.181963
vn 0.973543 0 -0.228505
vn 0.961399 0 -0.275158
vn 0.946825 0 -0.321749
vn 0.929788 0 -0.368095
vn 0.910273 0 -0.414008
vn 0.888284 0 -0.459295
vn 0.863844 0 -0.50376
vn 0.836996 0 -0.54721
vn 0.807804 0 -0.589451
vn 0.776353 0 -0.630298
vn 0.742747 0 -0.669572
vn 0.707107 0 -0.707107
vn 0.669572 0 -0.742747
vn 0.630298 0 -0.776353
vn 0.589451 0 -0.807804
vn 0.54721 0 -0.836996
vn 0.50376 0 -0.863844
vn 0.459295 0 -0.888284
vn 0.414008 0 -0.910273
vn 0.368095 0 -0.929788
vn 0.321749 0 -0.946825
vn 0.275158 0 -0.961399
vn 0.228505 0 -0.973543
vn 0.181963 0 -0.983305
vn 0.135695 0 -0.990751
vn 0.0898544 0 -0.995955
vn 0.0445802 0 -0.999006
vn 1.23358e-16 0 -1
vn -0.0445802 0 -0.999006
vn -0.0898544 0 -0.995955
vn -0.135695 0 -0.990751
vn -0.181963 0 -0.983305
vn -0.228505 0 -0.973543
vn -0.275158 0 -0.961399
vn -0.321749 0 -0.946825
vn -0.368095 0 -0.929788
vn -0.414008 0 -0.910273
vn -0.459295 0 -0.888284
vn -0.50376 0 -0.863844
vn -0.54721 0 -0.836996
vn -0.589451 0 -0.807804
vn -0.630298 0 -0.776353
vn -0.669572 0 -0.742747
vn -0.707107 0 -0.707107
vn -0.742747 0 -0.669572
vn -0.776353 0 -0.630298
vn -0.807804 0 -0.589451
vn -0.836996 0 -0.54721
vn -0.863844 0 -0.50376
vn -0.888284 0 -0.459295
vn -0.910273 0 -0.414008
vn -0.929788 0 -0.368095
vn -0.946825 0 -0.321749
vn -0.961399 0 -0.275158
vn -0.973543 0 -0.228505
vn -0.983305 0 -0.181963
vn -0.990751 0 -0.135695
vn -0.995955 0 -0.0898544
vn -0.999006 0 -0.0445802
vn -1 0 -6.10592e-16
g WheelFR_f0
usemtl rubber
f 992//992 993//993 1122//1122
f 992//992 1122//1122 1121//1121
f 993//993 994//994 1123//1123
f 993//993 1123//1123 1122//1122
f 994//994 995//995 1124//1124
f 994//994 1124//1124 1123//1123
f 995//995 996//996 1125//1125
f 995//995 1125//1125 1124//1124
f 996//996 997//997 1126//1126
f 996//996 1126//1126 1125//1125
f 997//997 998//998 1127//1127
f 997//997 1127//1127 1126//1126
f 998//998 999//999 1128//1128
f 998//998 1128//1128 1127//1127
f 999//999 1000//1000 1129//1129
f 999//999 1129//1129 1128//1128
f 1000//1000 1001//1001 1130//1130
f 1000//1000 1130//1130 1129//1129
f 1001//1001 1002//1002 1131//1131
f 1001//1001 1131//1131 1130//1130
f 1002//1002 1003//1003 1132//1132
f 1002//1002 1132//1132 1131//1131
f 1003//1003 1004//1004 1133//1133
f 1003//1003 1133//1133 1132//1132
f 1004//1004 1005//1005 1134//1134
f 1004//1004 1134//1134 1133//1133
f 1005//1005 1006//1006 1135//1135
f 1005//1005 1135//1135 1134//1134
f 1006//1006 1007//1007 1136//1136
f 1006//1006 1136//1136 1135//1135
f 1007//1007 1008//1008 1137//1137
f 1007//1007 1137//1137 1136//1136
f 1008//1008 1009//1009 1138//1138
f 1008//1008 1138//1138 1137//1137
f 1009//1009 1010//1010 1139//1139
f 1009//1009 1139//1139 1138//1138
f 1010//1010 1011//1011 1140//1140
f 1010//1010 1140//1140 1139//1139
f 1011//1011 1012//1012 1141//1141
f 1011//1011 1141//1141 1140//1140
f 1012//1012 1013//1013 1142//1142
f 1012//1012 1142//1142 1141//1141
f 1013//1013 1014//1014 1143//1143
f 1013//1013 1143//1143 1142//1142
f 1014//1014 1015//1015 1144//1144
f 1014//1014 1144//1144 1143//1143
f 1015//1015 1016//1016 1145//1145
f 1015//1015 1145//1145 1144//1144
f 1016//1016 1017//1017 1146//1146
f 1016//1016 1146//1146 1145//1145
f 1017//1017 1018//1018 1147//1147
f 1017//1017 1147//1147 1146//1146
f 1018//1018 1019//1019 1148//1148
f 1018//1018 1148//1148 1147//1147
f 1019//1019 1020//1020 1149//1149
f 1019//1019 1149//1149 1148//1148
f 1020//1020 1021//1021 1150//1150
f 1020//1020 1150//1150 1149//1149
f 1021//1021 1022//1022 1151//1151
f 1021//1021 1151//1151 1150//1150
f 1022//1022 1023//1023 1152//1152
f 1022//1022 1152//1152 1151//1151
f 1023//1023 1024//1024 1153//1153
f 1023//1023 1153//1153 1152//1152
f 1024//1024 1025//1025 1154//1154
f 1024//1024 1154//1154 1153//1153
f 1025//1025 1026//1026 1155//1155
f 1025//1025 1155//1155 1154//1154
f 1026//1026 1027//1027 1156//1156
f 1026//1026 1156//1156 1155//1155
f 1027//1027 1028//1028 1157//1157
f 1027//1027 1157//1157 1156//1156
f 1028//1028 1029//1029 1158//1158
f 1028//1028 1158//1158 1157//1157
f 1029//1029 1030//1030 1159//1159
f 1029//1029 1159//1159 1158//1158
f 1030//1030 1031//1031 1160//1160
f 1030//1030 1160//1160 1159//1159
f 1031//1031 1032//1032 1161//1161
f 1031//1031 1161//1161 1160//1160
f 1032//1032 1033//1033 1162//1162
f 1032//1032 1162//1162 1161//1161
f 1033//1033 1034//1034 1163//1163
f 1033//1033 1163//1163 1162//1162
f 1034//1034 1035//1035 1164//1164
f 1034//1034 1164//1164 1163//1163
f 1035//1035 1036//1036 1165//1165
f 1035//1035 1165//1165 1164//1164
f 1036//1036 1037//1037 1166//1166
f 1036//1036 1166//1166 1165//1165
f 1037//1037 1038//1038 1167//1167
f 1037//1037 1167//1167 1166//1166
f 1038//1038 1039//1039 1168//1168
f 1038//1038 1168//1168 1167//1167
f 1039//1039 1040//1040 1169//1169
f 1039//1039 1169//1169 1168//1168
f 1040//1040 1041//1041 1170//1170
f 1040//1040 1170//1170 1169//1169
f 1041//1041 1042//1042 1171//1171
f 1041//1041 1171//1171 1170//1170
f 1042//1042 1043//1043 1172//1172
f 1042//1042 1172//1172 1171//1171
f 1043//1043 1044//1044 1173//1173
f 1043//1043 1173//1173 1172//1172
f 1044//1044 1045//1045 1174//1174
f 1044//1044 1174//1174 1173//1173
f 1045//1045 1046//1046 1175//1175
f 1045//1045 1175//1175 1174//1174
f 1046//1046 1047//1047 1176//1176
f 1046//1046 1176//1176 1175//1175
f 1047//1047 1048//1048 1177//1177
f 1047//1047 1177//1177 1176//1176
f 1048//1048 1049//1049 1178//1178
f 1048//1048 1178//1178 1177//1177
f 1049//1049 1050//1050 1179//1179
f 1049//1049 1179//1179 1178//1178
f 1050//1050 1051//1051 1180//1180
f 1050//1050 1180//1180 1179//1179
f 1051//1051 1052//1052 1181//1181
f 1051//1051 1181//1181 1180//1180
f 1052//1052 1053//1053 1182//1182
f 1052//1052 1182//1182 1181//1181
f 1053//1053 1054//1054 1183//1183
f 1053//1053 1183//1183 1182//1182
f 1054//1054 1055//1055 1184//1184
f 1054//1054 1184//1184 1183//1183
f 1055//1055 1056//1056 1185//1185
f 1055//1055 1185//1185 1184//1184
f 1056//1056 1057//1057 1186//1186
f 1056//1056 1186//1186 1185//1185
f 1057//1057 1058//1058 1187//1187
f 1057//1057 1187//1187 1186//1186
f 1058//1058 1059//1059 1188//1188
f 1058//1058 1188//1188 1187//1187
f 1059//1059 1060//1060 1189//1189
f 1059//1059 1189//1189 1188//1188
f 1060//1060 1061//1061 1190//1190
f 1060//1060 1190//1190 1189//1189
f 1061//1061 1062//1062 1191//1191
f 1061//1061 1191//1191 1190//1190
f 1062//1062 1063//1063 1192//1192
f 1062//1062 1192//1192 1191//1191
f 1063//1063 1064//1064 1193//1193
f 1063//1063 1193//1193 1192//1192
f 1064//1064 1065//1065 1194//1194
f 1064//1064 1194//1194 1193//1193
f 1065//1065 1066//1066 1195//1195
f 1065//1065 1195//1195 1194//1194
f 1066//1066 1067//1067 1196//1196
f 1066//1066 1196//1196 1195//1195
f 1067//1067 1068//1068 1197//1197
f 1067//1067 1197//1197 1196//1196
f 1068//1068 1069//1069 1198//1198
f 1068//1068 1198//1198 1197//1197
f 1069//1069 1070//1070 1199//1199
f 1069//1069 1199//1199 1198//1198
f 1070//1070 1071//1071 1200//1200
f 1070//1070 1200//1200 1199//1199
f 1071//1071 1072//1072 1201//1201
f 1071//1071 1201//1201 1200//1200
f 1072//1072 1073//1073 1202//1202
f 1072//1072 1202//1202 1201//1201
f 1073//1073 1074//1074 1203//1203
f 1073//1073 1203//1203 1202//1202
f 1074//1074 1075//1075 1204//1204
f 1074//1074 1204//1204 1203//1203
f 1075//1075 1076//1076 1205//1205
f 1075//1075 1205//1205 1204//1204
f 1076//1076 1077//1077 1206//1206
f 1076//1076 1206//1206 1205//1205
f 1077//1077 1078//1078 1207//1207
f 1077//1077 1207//1207 1206//1206
f 1078//1078 1079//1079 1208//1208
f 1078//1078 1208//1208 1207//1207
f 1079//1079 1080//1080 1209//1209
f 1079//1079 1209//1209 1208//1208
f 1080//1080 1081//1081 1210//1210
f 1080//1080 1210//1210 1209//1209
f 1081//1081 1082//1082 1211//1211
f 1081//1081 1211//1211 1210//1210
f 1082//1082 1083//1083 1212//1212
f 1082//1082 1212//1212 1211//1211
f 1083//1083 1084//1084 1213//1213
f 1083//1083 1213//1213 1212//1212
f 1084//1084 1085//1085 1214//1214
f 1084//1084 1214//1214 1213//1213
f 1085//1085 1086//1086 1215//1215
f 1085//1085 1215//1215 1214//1214
f 1086//1086 1087//1087 1216//1216
f 1086//1086 1216//1216 1215//1215
f 1087//1087 1088//1088 1217//1217
f 1087//1087 1217//1217 1216//1216
f 1088//1088 1089//1089 1218//1218
f 1088//1088 1218//1218 1217//1217
f 1089//1089 1090//1090 1219//1219
f 1089//1089 1219//1219 1218//1218
f 1090//1090 1091//1091 1220//1220
f 1090//1090 1220//1220 1219//1219
f 1091//1091 1092//1092 1221//1221
f 1091//1091 1221//1221 1220//1220
f 1092//1092 1093//1093 1222//1222
f 1092//1092 1222//1222 1221//1221
f 1093//1093 1094//1094 1223//1223
f 1093//1093 1223//1223 1222//1222
f 1094//1094 1095//1095 1224//1224
f 1094//1094 1224//1224 1223//1223
f 1095//1095 1096//1096 1225//1225
f 1095//1095 1225//1225 1224//1224
f 1096//1096 1097//1097 1226//1226
f 1096//1096 1226//1226 1225//1225
f 1097//1097 1098//1098 1227//1227
f 1097//1097 1227//1227 1226//1226
f 1098//1098 1099//1099 1228//1228
f 1098//1098 1228//1228 1227//1227
f 1099//1099 1100//1100 1229//1229
f 1099//1099 1229//1229 1228//1228
f 1100//1100 1101//1101 1230//1230
f 1100//1100 1230//1230 1229//1229
f 1101//1101 1102//1102 1231//1231
f 1101//1101 1231//1231 1230//1230
f 1102//1102 1103//1103 1232//1232
f 1102//1102 1232//1232 1231//1231
f 1103//1103 1104//1104 1233//1233
f 1103//1103 1233//1233 1232//1232
f 1104//1104 1105//1105 1234//1234
f 1104//1104 1234//1234 1233//1233
f 1105//1105 1106//1106 1235//1235
f 1105//1105 1235//1235 1234//1234
f 1106//1106 1107//1107 1236//1236
f 1106//1106 1236//1236 1235//1235
f 1107//1107 1108//1108 1237//1237
f 1107//1107 1237//1237 1236//1236
f 1108//1108 1109//1109 1238//1238
f 1108//1108 1238//1238 1237//1237
f 1109//1109 1110//1110 1239//1239
f 1109//1109 1239//1239 1238//1238
f 1110//1110 1111//1111 1240//1240
f 1110//1110 1240//1240 1239//1239
f 1111//1111 1112//1112 1241//1241
f 1111//1111 1241//1241 1240//1240
f 1112//1112 1113//1113 1242//1242
f 1112//1112 1242//1242 1241//1241
f 1113//1113 1114//1114 1243//1243
f 1113//1113 1243//1243 1242//1242
f 1114//1114 1115//1115 1244//1244
f 1114//1114 1244//1244 1243//1243
f 1115//1115 1116//1116 1245//1245
f 1115//1115 1245//1245 1244//1244
f 1116//1116 1117//1117 1246//1246
f 1116//1116 1246//1246 1245//1245
f 1117//1117 1118//1118 1247//1247
f 1117//1117 1247//1247 1246//1246
f 1118//1118 1119//1119 1248//1248
f 1118//1118 1248//1248 1247//1247
f 1119//1119 1120//1120 1249//1249
f 1119//1119 1249//1249 1248//1248
f 1121//1121 1122//1122 1251//1251
f 1121//1121 1251//1251 1250//1250
f 1122//1122 1123//1123 1252//1252
f 1122//1122 1252//1252 1251//1251
f 1123//1123 1124//1124 1253//1253
f 1123//1123 1253//1253 1252//1252
f 1124//1124 1125//1125 1254//1254
f 1124//1124 1254//1254 1253//1253
f 1125//1125 1126//1126 1255//1255
f 1125//1125 1255//1255 1254//1254
f 1126//1126 1127//1127 1256//1256
f 1126//1126 1256//1256 1255//1255
f 1127//1127 1128//1128 1257//1257
f 1127//1127 1257//1257 1256//1256
f 1128//1128 1129//1129 1258//1258
f 1128//1128 1258//1258 1257//1257
f 1129//1129 1130//1130 1259//1259
f 1129//1129 1259//1259 1258//1258
f 1130//1130 1131//1131 1260//1260
f 1130//1130 1260//1260 1259//1259
f 1131//1131 1132//1132 1261//1261
f 1131//1131 1261//1261 1260//1260
f 1132//1132 1133//1133 1262//1262
f 1132//1132 1262//1262 1261//1261
f 1133//1133 1134//1134 1263//1263
f 1133//1133 1263//1263 1262//1262
f 1134//1134 1135//1135 1264//1264
f 1134//1134 1264//1264 1263//1263
f 1135//1135 1136//1136 1265//1265
f 1135//1135 1265//1265 1264//1264
f 1136//1136 1137//1137 1266//1266
f 1136//1136 1266//1266 1265//1265
f 1137//1137 1138//1138 1267//1267
f 1137//1137 1267//1267 1266//1266
f 1138//1138 1139//1139 1268//1268
f 1138//1138 1268//1268 1267//1267
f 1139//1139 1140//1140 1269//1269
f 1139//1139 1269//1269 1268//1268
f 1140//1140 1141//1141 1270//1270
f 1140//1140 1270//1270 1269//1269
f 1141//1141 1142//1142 1271//1271
f 1141//1141 1271//1271 1270//1270
f 1142//1142 1143//1143 1272//1272
f 1142//1142 1272//1272 1271//1271
f 1143//1143 1144//1144 1273//1273
f 1143//1143 1273//1273 1272//1272
f 1144//1144 1145//1145 1274//1274
f 1144//1144 1274//1274 1273//1273
f 1145//1145 1146//1146 1275//1275
f 1145//1145 1275//1275 1274//1274
f 1146//1146 1147//1147 1276//1276
f 1146//1146 1276//1276 1275//1275
f 1147//1147 1148//1148 1277//1277
f 1147//1147 1277//1277 1276//1276
f 1148//1148 1149//1149 1278//1278
f 1148//1148 1278//1278 1277//1277
f 1149//1149 1150//1150 1279//1279
f 1149//1149 1279//1279 1278//1278
f 1150//1150 1151//1151 1280//1280
f 1150//1150 1280//1280 1279//1279
f 1151//1151 1152//1152 1281//1281
f 1151//1151 1281//1281 1280//1280
f 1152//1152 1153//1153 1282//1282
f 1152//1152 1282//1282 1281//1281
f 1153//1153 1154//1154 1283//1283
f 1153//1153 1283//1283 1282//1282
f 1154//1154 1155//1155 1284//1284
f 1154//1154 1284//1284 1283//1283
f 1155//1155 1156//1156 1285//1285
f 1155//1155 1285//1285 1284//1284
f 1156//1156 1157//1157 1286//1286
f 1156//1156 1286//1286 1285//1285
f 1157//1157 1158//1158 1287//1287
f 1157//1157 1287//1287 1286//1286
f 1158//1158 1159//1159 1288//1288
f 1158//1158 1288//1288 1287//1287
f 1159//1159 1160//1160 1289//1289
f 1159//1159 1289//1289 1288//1288
f 1160//1160 1161//1161 1290//1290
f 1160//1160 1290//1290 1289//1289
f 1161//1161 1162//1162 1291//1291
f 1161//1161 1291//1291 1290//1290
f 1162//1162 1163//1163 1292//1292
f 1162//1162 1292//1292 1291//1291
f 1163//1163 1164//1164 1293//1293
f 1163//1163 1293//1293 1292//1292
f 1164//1164 1165//1165 1294//1294
f 1164//1164 1294//1294 1293//1293
f 1165//1165 1166//1166 1295//1295
f 1165//1165 1295//1295 1294//1294
f 1166//1166 1167//1167 1296//1296
f 1166//1166 1296//1296 1295//1295
f 1167//1167 1168//1168 1297//1297
f 1167//1167 1297//1297 1296//1296
f 1168//1168 1169//1169 1298//1298
f 1168//1168 1298//1298 1297//1297
f 1169//1169 1170//1170 1299//1299
f 1169//1169 1299//1299 1298//1298
f 1170//1170 1171//1171 1300//1300
f 1170//1170 1300//1300 1299//1299
f 1171//1171 1172//1172 1301//1301
f 1171//1171 1301//1301 1300//1300
f 1172//1172 1173//1173 1302//1302
f 1172//1172 1302//1302 1301//1301
f 1173//1173 1174//1174 1303//1303
f 1173//1173 1303//1303 1302//1302
f 1174//1174 1175//1175 1304//1304
f 1174//1174 1304//1304 1303//1303
f 1175//1175 1176//1176 1305//1305
f 1175//1175 1305//1305 1304//1304
f 1176//1176 1177//1177 1306//1306
f 1176//1176 1306//1306 1305//1305
f 1177//1177 1178//1178 1307//1307
f 1177//1177 1307//1307 1306//1306
f 1178//1178 1179//1179 1308//1308
f 1178//1178 1308//1308 1307//1307
f 1179//1179 1180//1180 1309//1309
f 1179//1179 1309//1309 1308//1308
f 1180//1180 1181//1181 1310//1310
f 1180//1180 1310//1310 1309//1309
f 1181//1181 1182//1182 1311//1311
f 1181//1181 1311//1311 1310//1310
f 1182//1182 1183//1183 1312//1312
f 1182//1182 1312//1312 1311//1311
f 1183//1183 1184//1184 1313//1313
f 1183//1183 1313//1313 1312//1312
f 1184//1184 1185//1185 1314//1314
f 1184//1184 1314//1314 1313//1313
f 1185//1185 1186//1186 1315//1315
f 1185//1185 1315//1315 1314//1314
f 1186//1186 1187//1187 1316//1316
f 1186//1186 1316//1316 1315//1315
f 1187//1187 1188//1188 1317//1317
f 1187//1187 1317//1317 1316//1316
f 1188//1188 1189//1189 1318//1318
f 1188//1188 1318//1318 1317//1317
f 1189//1189 1190//1190 1319//1319
f 1189//1189 1319//1319 1318//1318
f 1190//1190 1191//1191 1320//1320
f 1190//1190 1320//1320 1319//1319
f 1191//1191 1192//1192 1321//1321
f 1191//1191 1321//1321 1320//1320
f 1192//1192 1193//1193 1322//1322
f 1192//1192 1322//1322 1321//1321
f 1193//1193 1194//1194 1323//1323
f 1193//1193 1323//1323 1322//1322
f 1194//1194 1195//1195 1324//1324
f 1194//1194 1324//1324 1323//1323
f 1195//1195 1196//1196 1325//1325
f 1195//1195 1325//1325 1324//1324
f 1196//1196 1197//1197 1326//1326
f 1196//1196 1326//1326 1325//1325
f 1197//1197 1198//1198 1327//1327
f 1197//1197 1327//1327 1326//1326
f 1198//1198 1199//1199 1328//1328
f 1198//1198 1328//1328 1327//1327
f 1199//1199 1200//1200 1329//1329
f 1199//1199 1329//1329 1328//1328
f 1200//1200 1201//1201 1330//1330
f 1200//1200 1330//1330 1329//1329
f 1201//1201 1202//1202 1331//1331
f 1201//1201 1331//1331 1330//1330
f 1202//1202 1203//1203 1332//1332
f 1202//1202 1332//1332 1331//1331
f 1203//1203 1204//1204 1333//1333
f 1203//1203 1333//1333 1332//1332
f 1204//1204 1205//1205 1334//1334
f 1204//1204 1334//1334 1333//1333
f 1205//1205 1206//1206 1335//1335
f 1205//1205 1335//1335 1334//1334
f 1206//1206 1207//1207 1336//1336
f 1206//1206 1336//1336 1335//1335
f 1207//1207 1208//1208 1337//1337
f 1207//1207 1337//1337 1336//1336
f 1208//1208 1209//1209 1338//1338
f 1208//1208 1338//1338 1337//1337
f 1209//1209 1210//1210 1339//1339
f 1209//1209 1339//1339 1338//1338
f 1210//1210 1211//1211 1340//1340
f 1210//1210 1340//1340 1339//1339
f 1211//1211 1212//1212 1341//1341
f 1211//1211 1341//1341 1340//1340
f 1212//1212 1213//1213 1342//1342
f 1212//1212 1342//1342 1341//1341
f 1213//1213 1214//1214 1343//1343
f 1213//1213 1343//1343 1342//1342
f 1214//1214 1215//1215 1344//1344
f 1214//1214 1344//1344 1343//1343
f 1215//1215 1216//1216 1345//1345
f 1215//1215 1345//1345 1344//1344
f 1216//1216 1217//1217 1346//1346
f 1216//1216 1346//1346 1345//1345
f 1217//1217 1218//1218 1347//1347
f 1217//1217 1347//1347 1346//1346
f 1218//1218 1219//1219 1348//1348
f 1218//1218 1348//1348 1347//1347
f 1219//1219 1220//1220 1349//1349
f 1219//1219 1349//1349 1348//1348
f 1220//1220 1221//1221 1350//1350
f 1220//1220 1350//1350 1349//1349
f 1221//1221 1222//1222 1351//1351
f 1221//1221 1351//1351 1350//1350
f 1222//1222 1223//1223 1352//1352
f 1222//1222 1352//1352 1351//1351
f 1223//1223 1224//1224 1353//1353
f 1223//1223 1353//1353 1352//1352
f 1224//1224 1225//1225 1354//1354
f 1224//1224 1354//1354 1353//1353
f 1225//1225 1226//1226 1355//1355
f 1225//1225 1355//1355 1354//1354
f 1226//1226 1227//1227 1356//1356
f 1226//1226 1356//1356 1355//1355
f 1227//1227 1228//1228 1357//1357
f 1227//1227 1357//1357 1356//1356
f 1228//1228 1229//1229 1358//1358
f 1228//1228 1358//1358 1357//1357
f 1229//1229 1230//1230 1359//1359
f 1229//1229 1359//1359 1358//1358
f 1230//1230 1231//1231 1360//1360
f 1230//1230 1360//1360 1359//1359
f 1231//1231 1232//1232 1361//1361
f 1231//1231 1361//1361 1360//1360
f 1232//1232 1233//1233 1362//1362
f 1232//1232 1362//1362 1361//1361
f 1233//1233 1234//1234 1363//1363
f 1233//1233 1363//1363 1362//1362
f 1234//1234 1235//1235 1364//1364
f 1234//1234 1364//1364 1363//1363
f 1235//1235 1236//1236 1365//1365
f 1235//1235 1365//1365 1364//1364
f 1236//1236 1237//1237 1366//1366
f 1236//1236 1366//1366 1365//1365
f 1237//1237 1238//1238 1367//1367
f 1237//1237 1367//1367 1366//1366
f 1238//1238 1239//1239 1368//1368
f 1238//1238 1368//1368 1367//1367
f 1239//1239 1240//1240 1369//1369
f 1239//1239 1369//1369 1368//1368
f 1240//1240 1241//1241 1370//1370
f 1240//1240 1370//1370 1369//1369
f 1241//1241 1242//1242 1371//1371
f 1241//1241 1371//1371 1370//1370
f 1242//1242 1243//1243 1372//1372
f 1242//1242 1372//1372 1371//1371
f 1243//1243 1244//1244 1373//1373
f 1243//1243 1373//1373 1372//1372
f 1244//1244 1245//1245 1374//1374
f 1244//1244 1374//1374 1373//1373
f 1245//1245 1246//1246 1375//1375
f 1245//1245 1375//1375 1374//1374
f 1246//1246 1247//1247 1376//1376
f 1246//1246 1376//1376 1375//1375
f 1247//1247 1248//1248 1377//1377
f 1247//1247 1377//1377 1376//1376
f 1248//1248 1249//1249 1378//1378
f 1248//1248 1378//1378 1377//1377
v 0.6 1.74 0.45
v 0.600447 1.74 0.429939
v 0.60182 1.74 0.409566
v 0.604162 1.74 0.388937
v 0.607513 1.74 0.368117
v 0.611906 1.74 0.347173
v 0.61737 1.74 0.326179
v 0.623929 1.74 0.305213
v 0.631595 1.74 0.284357
v 0.640377 1.74 0.263697
v 0.650272 1.74 0.243317
v 0.66127 1.74 0.223308
v 0.673352 1.74 0.203756
v 0.686488 1.74 0.184747
v 0.700641 1.74 0.166366
v 0.715764 1.74 0.148692
v 0.731802 1.74 0.131802
v 0.748692 1.74 0.115764
v 0.766366 1.74 0.100641
v 0.784747 1.74 0.0864882
v 0.803756 1.74 0.073352
v 0.823308 1.74 0.0612704
v 0.843317 1.74 0.0502722
v 0.863697 1.74 0.040377
v 0.884357 1.74 0.0315953
v 0.905213 1.74 0.0239287
v 0.926179 1.74 0.0173705
v 0.947173 1.74 0.0119058
v 0.968117 1.74 0.00751258
v 0.988937 1.74 0.00416223
v 1.00957 1.74 0.00182029
v 1.02994 1.74 0.000447387
v 1.05 1.74 5.55112e-17
v 1.07006 1.74 0.000447387
v 1.09043 1.74 0.00182029
v 1.11106 1.74 0.00416223
v 1.13188 1.74 0.00751258
v 1.15283 1.74 0.0119058
v 1.17382 1.74 0.0173705
v 1.19479 1.74 0.0239287
v 1.21564 1.74 0.0315953
v 1.2363 1.74 0.040377
v 1.25668 1.74 0.0502722
v 1.27669 1.74 0.0612704
v 1.29624 1.74 0.073352
v 1.31525 1.74 0.0864882
v 1.33363 1.74 0.100641
v 1.35131 1.74 0.115764
v 1.3682 1.74 0.131802
v 1.38424 1.74 0.148692
v 1.39936 1.74 0.166366
v 1.41351 1.74 0.184747
v 1.42665 1.74 0.203756
v 1.43873 1.74 0.223308
v 1.44973 1.74 0.243317
v 1.45962 1.74 0.263697
v 1.4684 1.74 0.284357
v 1.47607 1.74 0.305213
v 1.48263 1.74 0.326179
v 1.48809 1.74 0.347173
v 1.49249 1.74 0.368117
v 1.49584 1.74 0.388937
v 1.49818 1.74 0.409566
v 1.49955 1.74 0.429939
v 1.5 1.74 0.45
v 1.49955 1.74 0.470061
v 1.49818 1.74 0.490434
v 1.49584 1.74 0.511063
v 1.49249 1.74 0.531883
v 1.48809 1.74 0.552827
v 1.48263 1.74 0.573821
v 1.47607 1.74 0.594787
v 1.4684 1.74 0.615643
v 1.45962 1.74 0.636303
v 1.44973 1.74 0.656683
v 1.43873 1.74 0.676692
v 1.42665 1.74 0.696244
v 1.41351 1.74 0.715253
v 1.39936 1.74 0.733634
v 1.38424 1.74 0.751308
v 1.3682 1.74 0.768198
v 1.35131 1.74 0.784236
v 1.33363 1.74 0.799359
v 1.31525 1.74 0.813512
v 1.29624 1.74 0.826648
v 1.27669 1.74 0.83873
v 1.25668 1.74 0.849728
v 1.2363 1.74 0.859623
v 1.21564 1.74 0.868405
v 1.19479 1.74 0.876071
v 1.17382 1.74 0.88263
v 1.15283 1.74 0.888094
v 1.13188 1.74 0.892487
v 1.11106 1.74 0.895838
v 1.09043 1.74 0.89818
v 1.07006 1.74 0.899553
v 1.05 1.74 0.9
v 1.02994 1.74 0.899553
v 1.00957 1.74 0.89818
v 0.988937 1.74 0.895838
v 0.968117 1.74 0.892487
v 0.947173 1.74 0.888094
v 0.926179 1.74 0.88263
v 0.905213 1.74 0.876071
v 0.884357 1.74 0.868405
v 0.863697 1.74 0.859623
v 0.843317 1.74 0.849728
v 0.823308 1.74 0.83873
v 0.803756 1.74 0.826648
v 0.784747 1.74 0.813512
v 0.766366 1.74 0.799359
v 0.748692 1.74 0.784236
v 0.731802 1.74 0.768198
v 0.715764 1.74 0.751308
v 0.700641 1.74 0.733634
v 0.686488 1.74 0.715253
v 0.673352 1.74 0.696244
v 0.66127 1.74 0.676692
v 0.650272 1.74 0.656683
v 0.640377 1.74 0.636303
v 0.631595 1.74 0.615643
v 0.623929 1.74 0.594787
v 0.61737 1.74 0.573821
v 0.611906 1.74 0.552827
v 0.607513 1.74 0.531883
v 0.604162 1.74 0.511063
v 0.60182 1.74 0.490434
v 0.600447 1.74 0.470061
vn -1.11022e-16 -1 -2.35922e-16
vn -1.93179e-16 -1 -2.35922e-16
vn -9.65894e-17 -1 -2.35922e-16
vn 1.44329e-17 -1 -2.35922e-16
vn 1.93179e-16 -1 -2.35922e-16
vn 0 -1 -2.35922e-16
vn 1.93179e-16 -1 -2.35922e-16
vn 0 -1 -2.35922e-16
vn -1.11022e-16 -1 -2.498e-16
vn -1.93179e-16 -1 -2.498e-16
vn -1.11022e-16 -1 -2.498e-16
vn -1.52101e-16 -1 -2.498e-16
vn 2.4869e-16 -1 -2.498e-16
vn -3.38618e-17 -1 -2.498e-16
vn -2.00395e-16 -1 -2.77556e-16
vn -8.9373e-17 -1 -2.22045e-16
vn 1.52101e-16 -1 -2.77556e-16
vn 3.04201e-16 -1 -2.77556e-16
vn 3.04201e-16 -1 -2.77556e-16
vn 8.32667e-17 -1 -5.55112e-17
vn -3.38618e-17 -1 -2.77556e-16
vn 6.16174e-17 -1 -2.77556e-16
vn -1.96787e-16 -1 -3.33067e-16
vn 1.69031e-16 -1 -3.33067e-16
vn 1.44329e-17 -1 -3.33067e-16
vn 2.00395e-16 -1 -2.22045e-16
vn 3.38618e-17 -1 -3.33067e-16
vn 1.6237e-16 -1 -1.11022e-16
vn 4.28824e-17 -1 -3.33067e-16
vn 1.39472e-16 -1 -2.22045e-16
vn -5.73153e-17 -1 -3.33067e-16
vn 7.36911e-17 -1 -2.22045e-16
vn 1.9193e-16 -1 -2.22045e-16
vn 6.16174e-17 -1 -2.22045e-16
vn -5.19029e-17 -1 -2.22045e-16
vn 1.4308e-16 -1 -2.22045e-16
vn -1.4308e-16 -1 -4.44089e-16
vn -3.38618e-17 -1 -2.22045e-16
vn -1.6237e-16 -1 -2.22045e-16
vn -2.10665e-16 -1 -4.44089e-16
vn 2.00395e-16 -1 -2.22045e-16
vn -2.52298e-16 -1 -4.44089e-16
vn 2.00395e-16 -1 -4.44089e-16
vn 2.52298e-16 -1 -2.22045e-16
vn -6.16174e-17 -1 -2.22045e-16
vn 5.55112e-17 -1 -2.22045e-16
vn -8.9373e-17 -1 -2.22045e-16
vn 2.4869e-16 -1 0
vn 1.03806e-16 -1 -2.22045e-16
vn 2.4869e-16 -1 0
vn 1.44884e-16 -1 -2.22045e-16
vn -8.9373e-17 -1 0
vn 4.10783e-17 -1 -2.22045e-16
vn 1.44329e-17 -1 -2.22045e-16
vn -9.65894e-17 -1 -2.22045e-16
vn -1.44329e-17 -1 -2.22045e-16
vn 1.44329e-17 -1 -2.22045e-16
vn -1.44329e-17 -1 -2.22045e-16
vn 1.44329e-17 -1 -2.22045e-16
vn -1.11022e-16 -1 -2.22045e-16
vn -1.44329e-17 -1 -2.22045e-16
vn -8.21565e-17 -1 -2.22045e-16
vn 1.44329e-17 -1 -2.22045e-16
vn -1.11022e-16 -1 -2.22045e-16
vn -1.11022e-16 -1 -2.22045e-16
vn -1.11022e-16 -1 -2.22045e-16
vn -1.93179e-16 -1 -2.22045e-16
vn 0 -1 -2.22045e-16
vn 1.93179e-16 -1 -2.22045e-16
vn 0 -1 -2.22045e-16
vn 0 -1 -2.22045e-16
vn -2.22045e-16 -1 -2.22045e-16
vn 0 -1 -2.22045e-16
vn 0 -1 -2.22045e-16
vn -1.93179e-16 -1 -2.22045e-16
vn 0 -1 -2.22045e-16
vn 1.93179e-16 -1 -2.22045e-16
vn 1.93179e-16 -1 -2.22045e-16
vn 1.93179e-16 -1 -2.22045e-16
vn 4.15223e-16 -1 -2.22045e-16
vn 0 -1 -2.22045e-16
vn 4.15223e-16 -1 -2.22045e-16
vn 4.15223e-16 -1 -2.22045e-16
vn -2.22045e-16 -1 0
vn -1.93179e-16 -1 -2.22045e-16
vn 1.93179e-16 -1 -2.22045e-16
vn 1.93179e-16 -1 -4.44089e-16
vn -1.93179e-16 -1 -4.44089e-16
vn -1.93179e-16 -1 -2.22045e-16
vn -1.93179e-16 -1 -4.44089e-16
vn -1.93179e-16 -1 -2.22045e-16
vn 1.93179e-16 -1 0
vn 1.93179e-16 -1 -2.22045e-16
vn 1.93179e-16 -1 -2.22045e-16
vn 0 -1 -2.22045e-16
vn -1.93179e-16 -1 -2.22045e-16
vn 1.93179e-16 -1 -2.22045e-16
vn -1.93179e-16 -1 -3.33067e-16
vn 0 -1 -3.33067e-16
vn 1.93179e-16 -1 -2.22045e-16
vn 1.93179e-16 -1 -3.33067e-16
vn 1.93179e-16 -1 -3.33067e-16
vn -1.93179e-16 -1 -3.33067e-16
vn -1.93179e-16 -1 -3.33067e-16
vn -1.93179e-16 -1 -3.33067e-16
vn -1.93179e-16 -1 -2.22045e-16
vn 1.93179e-16 -1 -2.22045e-16
vn 1.93179e-16 -1 -2.77556e-16
vn 0 -1 -2.77556e-16
vn 0 -1 -2.22045e-16
vn 1.93179e-16 -1 -2.22045e-16
vn 4.15223e-16 -1 -2.77556e-16
vn 1.93179e-16 -1 -2.77556e-16
vn 1.93179e-16 -1 0
vn 1.93179e-16 -1 0
vn 1.93179e-16 -1 -2.77556e-17
vn 0 -1 -2.498e-16
vn 1.93179e-16 -1 -2.498e-16
vn -1.93179e-16 -1 -2.498e-16
vn 0 -1 -2.498e-16
vn 0 -1 -2.498e-16
vn 0 -1 -2.35922e-16
vn 1.93179e-16 -1 -2.35922e-16
vn 0 -1 -2.35922e-16
vn 1.93179e-16 -1 -2.35922e-16
vn 1.11022e-16 -1 -2.35922e-16
vn -8.21565e-17 -1 -2.35922e-16
vn -1.11022e-16 -1 -2.35922e-16
g WheelFR_f1
usemtl rubber
f 1506//1506 1379//1379 1380//1380
f 1506//1506 1380//1380 1381//1381
f 1506//1506 1381//1381 1382//1382
f 1506//1506 1382//1382 1383//1383
f 1506//1506 1383//1383 1384//1384
f 1506//1506 1384//1384 1385//1385
f 1506//1506 1385//1385 1386//1386
f 1506//1506 1386//1386 1387//1387
f 1506//1506 1387//1387 1388//1388
f 1506//1506 1388//1388 1389//1389
f 1506//1506 1389//1389 1390//1390
f 1506//1506 1390//1390 1391//1391
f 1506//1506 1391//1391 1392//1392
f 1506//1506 1392//1392 1393//1393
f 1506//1506 1393//1393 1394//1394
f 1506//1506 1394//1394 1395//1395
f 1506//1506 1395//1395 1396//1396
f 1506//1506 1396//1396 1397//1397
f 1506//1506 1397//1397 1398//1398
f 1506//1506 1398//1398 1399//1399
f 1506//1506 1399//1399 1400//1400
f 1506//1506 1400//1400 1401//1401
f 1506//1506 1401//1401 1402//1402
f 1506//1506 1402//1402 1403//1403
f 1506//1506 1403//1403 1404//1404
f 1506//1506 1404//1404 1405//1405
f 1506//1506 1405//1405 1406//1406
f 1506//1506 1406//1406 1407//1407
f 1506//1506 1407//1407 1408//1408
f 1506//1506 1408//1408 1409//1409
f 1506//1506 1409//1409 1410//1410
f 1506//1506 1410//1410 1411//1411
f 1506//1506 1411//1411 1412//1412
f 1506//1506 1412//1412 1413//1413
f 1506//1506 1413//1413 1414//1414
f 1506//1506 1414//1414 1415//1415
f 1506//1506 1415//1415 1416//1416
f 1506//1506 1416//1416 1417//1417
f 1506//1506 1417//1417 1418//1418
f 1506//1506 1418//1418 1419//1419
f 1506//1506 1419//1419 1420//1420
f 1506//1506 1420//1420 1421//1421
f 1506//1506 1421//1421 1422//1422
f 1506//1506 1422//1422 1423//1423
f 1506//1506 1423//1423 1424//1424
f 1506//1506 1424//1424 1425//1425
f 1506//1506 1425//1425 1426//1426
f 1506//1506 1426//1426 1427//1427
f 1506//1506 1427//1427 1428//1428
f 1506//1506 1428//1428 1429//1429
f 1506//1506 1429//1429 1430//1430
f 1506//1506 1430//1430 1431//1431
f 1506//1506 1431//1431 1432//1432
f 1506//1506 1432//1432 1433//1433
f 1506//1506 1433//1433 1434//1434
f 1506//1506 1434//1434 1435//1435
f 1506//1506 1435//1435 1436//1436
f 1506//1506 1436//1436 1437//1437
f 1506//1506 1437//1437 1438//1438
f 1506//1506 1438//1438 1439//1439
f 1506//1506 1439//1439 1440//1440
f 1506//1506 1440//1440 1441//1441
f 1506//1506 1441//1441 1442//1442
f 1506//1506 1442//1442 1443//1443
f 1506//1506 1443//1443 1444//1444
f 1506//1506 1444//1444 1445//1445
f 1506//1506 1445//1445 1446//1446
f 1506//1506 1446//1446 1447//1447
f 1506//1506 1447//1447 1448//1448
f 1506//1506 1448//1448 1449//1449
f 1506//1506 1449//1449 1450//1450
f 1506//1506 1450//1450 1451//1451
f 1506//1506 1451//1451 1452//1452
f 1506//1506 1452//1452 1453//1453
f 1506//1506 1453//1453 1454//1454
f 1506//1506 1454//1454 1455//1455
f 1506//1506 1455//1455 1456//1456
f 1506//1506 1456//1456 1457//1457
f 1506//1506 1457//1457 1458//1458
f 1506//1506 1458//1458 1459//1459
f 1506//1506 1459//1459 1460//1460
f 1506//1506 1460//1460 1461//1461
f 1506//1506 1461//1461 1462//1462
f 1506//1506 1462//1462 1463//1463
f 1506//1506 1463//1463 1464//1464
f 1506//1506 1464//1464 1465//1465
f 1506//1506 1465//1465 1466//1466
f 1506//1506 1466//1466 1467//1467
f 1506//1506 1467//1467 1468//1468
f 1506//1506 1468//1468 1469//1469
f 1506//1506 1469//1469 1470//1470
f 1506//1506 1470//1470 1471//1471
f 1506//1506 1471//1471 1472//1472
f 1506//1506 1472//1472 1473//1473
f 1506//1506 1473//1473 1474//1474
f 1506//1506 1474//1474 1475//1475
f 1506//1506 1475//1475 1476//1476
f 1506//1506 1476//1476 1477//1477
f 1506//1506 1477//1477 1478//1478
f 1506//1506 1478//1478 1479//1479
f 1506//1506 1479//1479 1480//1480
f 1506//1506 1480//1480 1481//1481
f 1506//1506 1481//1481 1482//1482
f 1506//1506 1482//1482 1483//1483
f 1506//1506 1483//1483 1484//1484
f 1506//1506 1484//1484 1485//1485
f 1506//1506 1485//1485 1486//1486
f 1506//1506 1486//1486 1487//1487
f 1506//1506 1487//1487 1488//1488
f 1506//1506 1488//1488 1489//1489
f 1506//1506 1489//1489 1490//1490
f 1506//1506 1490//1490 1491//1491
f 1506//1506 1491//1491 1492//1492
f 1506//1506 1492//1492 1493//1493
f 1506//1506 1493//1493 1494//1494
f 1506//1506 1494//1494 1495//1495
f 1506//1506 1495//1495 1496//1496
f 1506//1506 1496//1496 1497//1497
f 1506//1506 1497//1497 1498//1498
f 1506//1506 1498//1498 1499//1499
f 1506//1506 1499//1499 1500//1500
f 1506//1506 1500//1500 1501//1501
f 1506//1506 1501//1501 1502//1502
f 1506//1506 1502//1502 1503//1503
f 1506//1506 1503//1503 1504//1504
f 1504//1504 1505//1505 1506//1506
v 0.6 2.08 0.45
v 0.600447 2.08 0.470061
v 0.60182 2.08 0.490434
v 0.604162 2.08 0.511063
v 0.607513 2.08 0.531883
v 0.611906 2.08 0.552827
v 0.61737 2.08 0.573821
v 0.623929 2.08 0.594787
v 0.631595 2.08 0.615643
v 0.640377 2.08 0.636303
v 0.650272 2.08 0.656683
v 0.66127 2.08 0.676692
v 0.673352 2.08 0.696244
v 0.686488 2.08 0.715253
v 0.700641 2.08 0.733634
v 0.715764 2.08 0.751308
v 0.731802 2.08 0.768198
v 0.748692 2.08 0.784236
v 0.766366 2.08 0.799359
v 0.784747 2.08 0.813512
v 0.803756 2.08 0.826648
v 0.823308 2.08 0.83873
v 0.843317 2.08 0.849728
v 0.863697 2.08 0.859623
v 0.884357 2.08 0.868405
v 0.905213 2.08 0.876071
v 0.926179 2.08 0.88263
v 0.947173 2.08 0.888094
v 0.968117 2.08 0.892487
v 0.988937 2.08 0.895838
v 1.00957 2.08 0.89818
v 1.02994 2.08 0.899553
v 1.05 2.08 0.9
v 1.07006 2.08 0.899553
v 1.09043 2.08 0.89818
v 1.11106 2.08 0.895838
v 1.13188 2.08 0.892487
v 1.15283 2.08 0.888094
v 1.17382 2.08 0.88263
v 1.19479 2.08 0.876071
v 1.21564 2.08 0.868405
v 1.2363 2.08 0.859623
v 1.25668 2.08 0.849728
v 1.27669 2.08 0.83873
v 1.29624 2.08 0.826648
v 1.31525 2.08 0.813512
v 1.33363 2.08 0.799359
v 1.35131 2.08 0.784236
v 1.3682 2.08 0.768198
v 1.38424 2.08 0.751308
v 1.39936 2.08 0.733634
v 1.41351 2.08 0.715253
v 1.42665 2.08 0.696244
v 1.43873 2.08 0.676692
v 1.44973 2.08 0.656683
v 1.45962 2.08 0.636303
v 1.4684 2.08 0.615643
v 1.47607 2.08 0.594787
v 1.48263 2.08 0.573821
v 1.48809 2.08 0.552827
v 1.49249 2.08 0.531883
v 1.49584 2.08 0.511063
v 1.49818 2.08 0.490434
v 1.49955 2.08 0.470061
v 1.5 2.08 0.45
v 1.49955 2.08 0.429939
v 1.49818 2.08 0.409566
v 1.49584 2.08 0.388937
v 1.49249 2.08 0.368117
v 1.48809 2.08 0.347173
v 1.48263 2.08 0.326179
v 1.47607 2.08 0.305213
v 1.4684 2.08 0.284357
v 1.45962 2.08 0.263697
v 1.44973 2.08 0.243317
v 1.43873 2.08 0.223308
v 1.42665 2.08 0.203756
v 1.41351 2.08 0.184747
v 1.39936 2.08 0.166366
v 1.38424 2.08 0.148692
v 1.3682 2.08 0.131802
v 1.35131 2.08 0.115764
v 1.33363 2.08 0.100641
v 1.31525 2.08 0.0864882
v 1.29624 2.08 0.073352
v 1.27669 2.08 0.0612704
v 1.25668 2.08 0.0502722
v 1.2363 2.08 0.040377
v 1.21564 2.08 0.0315953
v 1.19479 2.08 0.0239287
v 1.17382 2.08 0.0173705
v 1.15283 2.08 0.0119058
v 1.13188 2.08 0.00751258
v 1.11106 2.08 0.00416223
v 1.09043 2.08 0.00182029
v 1.07006 2.08 0.000447387
v 1.05 2.08 5.55112e-17
v 1.02994 2.08 0.000447387
v 1.00957 2.08 0.00182029
v 0.988937 2.08 0.00416223
v 0.968117 2.08 0.00751258
v 0.947173 2.08 0.0119058
v 0.926179 2.08 0.0173705
v 0.905213 2.08 0.0239287
v 0.884357 2.08 0.0315953
v 0.863697 2.08 0.040377
v 0.843317 2.08 0.0502722
v 0.823308 2.08 0.0612704
v 0.803756 2.08 0.073352
v 0.784747 2.08 0.0864882
v 0.766366 2.08 0.100641
v 0.748692 2.08 0.115764
v 0.731802 2.08 0.131802
v 0.715764 2.08 0.148692
v 0.700641 2.08 0.166366
v 0.686488 2.08 0.184747
v 0.673352 2.08 0.203756
v 0.66127 2.08 0.223308
v 0.650272 2.08 0.243317
v 0.640377 2.08 0.263697
v 0.631595 2.08 0.284357
v 0.623929 2.08 0.305213
v 0.61737 2.08 0.326179
v 0.611906 2.08 0.347173
v 0.607513 2.08 0.368117
v 0.604162 2.08 0.388937
v 0.60182 2.08 0.409566
v 0.600447 2.08 0.429939
vn 0 1 -0
vn 0 1 -0
vn -2.30926e-16 1 0
vn -8.88178e-18 1 0
vn -2.30926e-16 1 0
vn -8.88178e-18 1 0
vn 2.30926e-16 1 -0
vn 0 1 -0
vn -2.22045e-16 1 0
vn 2.22045e-16 1 -0
vn -2.22045e-16 1 0
vn -4.52971e-16 1 0
vn 0 1 -0
vn 2.30926e-16 1 -0
vn 2.30926e-16 1 -0
vn 2.30926e-16 1 -0
vn 0 1 -0
vn 2.30926e-16 1 -0
vn 8.88178e-18 1 -0
vn 2.22045e-16 1 -0
vn -8.88178e-18 1 0
vn 2.30926e-16 1 -0
vn 2.30926e-16 1 -0
vn -2.30926e-16 1 0
vn -4.52971e-16 1 0
vn -2.30926e-16 1 0
vn -4.52971e-16 1 0
vn 2.30926e-16 1 -0
vn 2.30926e-16 1 -0
vn 8.88178e-18 1 -0
vn 0 1 -0
vn -2.30926e-16 1 0
vn 2.30926e-16 1 -0
vn -2.30926e-16 1 0
vn 0 1 -0
vn 8.88178e-18 1 -0
vn 2.30926e-16 1 -0
vn 2.30926e-16 1 -0
vn -2.30926e-16 1 0
vn -2.30926e-16 1 0
vn -2.30926e-16 1 0
vn -2.30926e-16 1 0
vn 2.30926e-16 1 -0
vn 2.30926e-16 1 -0
vn 2.22045e-16 1 -0
vn 2.30926e-16 1 -0
vn 8.88178e-18 1 -0
vn 2.30926e-16 1 -0
vn 0 1 -0
vn 8.88178e-18 1 -0
vn 2.30926e-16 1 -0
vn 2.30926e-16 1 -0
vn 2.30926e-16 1 -0
vn -4.52971e-16 1 0
vn -4.52971e-16 1 0
vn 2.22045e-16 1 -0
vn -4.52971e-16 1 0
vn 0 1 -0
vn 0 1 -0
vn 0 1 -0
vn 2.22045e-16 1 -0
vn -2.22045e-16 1 0
vn -2.30926e-16 1 0
vn 0 1 -0
vn 0 1 -0
vn 0 1 -0
vn -2.30926e-16 1 0
vn -4.44089e-18 1 0
vn -2.26485e-16 1 0
vn -8.88178e-18 1 0
vn -3.37508e-16 1 0
vn 0 1 -0
vn 1.11022e-16 1 -0
vn 2.22045e-16 1 -0
vn 1.15463e-16 1 -0
vn -3.37508e-16 1 0
vn 1.15463e-16 1 -0
vn 1.75415e-16 1 -0
vn 1.73195e-16 1 -0
vn 1.11022e-16 1 -0
vn 5.77316e-17 1 -0
vn -2.26485e-16 1 0
vn 1.08802e-16 1 -0
vn 1.66533e-16 1 -0
vn -3.66374e-16 1 0
vn 2.0095e-16 1 -0
vn 1.45439e-16 1 -0
vn -2.56462e-16 1 0
vn 1.46549e-16 1 -0
vn -4.24105e-16 1 0
vn 4.996e-17 1 -0
vn -2.84772e-16 1 0
vn -2.70894e-16 1 0
vn 6.27276e-17 1 -0
vn 9.60343e-17 1 -0
vn -2.10942e-17 1 0
vn -6.43929e-17 1 0
vn -2.10942e-17 1 0
vn 9.71445e-17 1 -0
vn 6.43929e-17 1 -0
vn 1.84852e-16 1 -0
vn 1.57652e-16 1 -0
vn 6.21725e-17 1 -0
vn 3.44169e-17 1 -0
vn -3.09752e-16 1 0
vn 2.03171e-16 1 -0
vn 1.42109e-16 1 -0
vn 1.72085e-16 1 -0
vn -3.95239e-16 1 0
vn 1.68754e-16 1 -0
vn -3.95239e-16 1 0
vn 2.30926e-16 1 -0
vn 5.77316e-17 1 -0
vn -3.39728e-16 1 0
vn -2.84217e-16 1 0
vn -2.84217e-16 1 0
vn 1.15463e-16 1 -0
vn -3.37508e-16 1 0
vn 1.11022e-16 1 -0
vn -2.30926e-16 1 0
vn 1.15463e-16 1 -0
vn 4.44089e-18 1 -0
vn -3.37508e-16 1 0
vn -4.44089e-18 1 0
vn 2.26485e-16 1 -0
vn -2.22045e-16 1 0
vn -2.26485e-16 1 0
vn 0 1 -0
g WheelFR_f2
usemtl rubber
f 1634//1634 1507//1507 1508//1508
f 1634//1634 1508//1508 1509//1509
f 1634//1634 1509//1509 1510//1510
f 1634//1634 1510//1510 1511//1511
f 1634//1634 1511//1511 1512//1512
f 1634//1634 1512//1512 1513//1513
f 1634//1634 1513//1513 1514//1514
f 1634//1634 1514//1514 1515//1515
f 1634//1634 1515//1515 1516//1516
f 1634//1634 1516//1516 1517//1517
f 1634//1634 1517//1517 1518//1518
f 1634//1634 1518//1518 1519//1519
f 1634//1634 1519//1519 1520//1520
f 1634//1634 1520//1520 1521//1521
f 1634//1634 1521//1521 1522//1522
f 1634//1634 1522//1522 1523//1523
f 1634//1634 1523//1523 1524//1524
f 1634//1634 1524//1524 1525//1525
f 1634//1634 1525//1525 1526//1526
f 1634//1634 1526//1526 1527//1527
f 1634//1634 1527//1527 1528//1528
f 1634//1634 1528//1528 1529//1529
f 1634//1634 1529//1529 1530//1530
f 1634//1634 1530//1530 1531//1531
f 1634//1634 1531//1531 1532//1532
f 1634//1634 1532//1532 1533//1533
f 1634//1634 1533//1533 1534//1534
f 1634//1634 1534//1534 1535//1535
f 1634//1634 1535//1535 1536//1536
f 1634//1634 1536//1536 1537//1537
f 1634//1634 1537//1537 1538//1538
f 1634//1634 1538//1538 1539//1539
f 1634//1634 1539//1539 1540//1540
f 1634//1634 1540//1540 1541//1541
f 1634//1634 1541//1541 1542//1542
f 1634//1634 1542//1542 1543//1543
f 1634//1634 1543//1543 1544//1544
f 1634//1634 1544//1544 1545//1545
f 1634//1634 1545//1545 1546//1546
f 1634//1634 1546//1546 1547//1547
f 1634//1634 1547//1547 1548//1548
f 1634//1634 1548//1548 1549//1549
f 1634//1634 1549//1549 1550//1550
f 1634//1634 1550//1550 1551//1551
f 1634//1634 1551//1551 1552//1552
f 1634//1634 1552//1552 1553//1553
f 1634//1634 1553//1553 1554//1554
f 1634//1634 1554//1554 1555//1555
f 1634//1634 1555//1555 1556//1556
f 1634//1634 1556//1556 1557//1557
f 1634//1634 1557//1557 1558//1558
f 1634//1634 1558//1558 1559//1559
f 1634//1634 1559//1559 1560//1560
f 1634//1634 1560//1560 1561//1561
f 1634//1634 1561//1561 1562//1562
f 1634//1634 1562//1562 1563//1563
f 1634//1634 1563//1563 1564//1564
f 1634//1634 1564//1564 1565//1565
f 1634//1634 1565//1565 1566//1566
f 1634//1634 1566//1566 1567//1567
f 1634//1634 1567//1567 1568//1568
f 1634//1634 1568//1568 1569//1569
f 1634//1634 1569//1569 1570//1570
f 1634//1634 1570//1570 1571//1571
f 1634//1634 1571//1571 1572//1572
f 1634//1634 1572//1572 1573//1573
f 1634//1634 1573//1573 1574//1574
f 1634//1634 1574//1574 1575//1575
f 1634//1634 1575//1575 1576//1576
f 1634//1634 1576//1576 1577//1577
f 1634//1634 1577//1577 1578//1578
f 1634//1634 1578//1578 1579//1579
f 1634//1634 1579//1579 1580//1580
f 1634//1634 1580//1580 1581//1581
f 1634//1634 1581//1581 1582//1582
f 1634//1634 1582//1582 1583//1583
f 1634//1634 1583//1583 1584//1584
f 1634//1634 1584//1584 1585//1585
f 1634//1634 1585//1585 1586//1586
f 1634//1634 1586//1586 1587//1587
f 1634//1634 1587//1587 1588//1588
f 1634//1634 1588//1588 1589//1589
f 1634//1634 1589//1589 1590//1590
f 1634//1634 1590//1590 1591//1591
f 1634//1634 1591//1591 1592//1592
f 1634//1634 1592//1592 1593//1593
f 1634//1634 1593//1593 1594//1594
f 1634//1634 1594//1594 1595//1595
f 1634//1634 1595//1595 1596//1596
f 1634//1634 1596//1596 1597//1597
f 1634//1634 1597//1597 1598//1598
f 1634//1634 1598//1598 1599//1599
f 1634//1634 1599//1599 1600//1600
f 1634//1634 1600//1600 1601//1601
f 1634//1634 1601//1601 1602//1602
f 1634//1634 1602//1602 1603//1603
f 1634//1634 1603//1603 1604//1604
f 1634//1634 1604//1604 1605//1605
f 1634//1634 1605//1605 1606//1606
f 1634//1634 1606//1606 1607//1607
f 1634//1634 1607//1607 1608//1608
f 1634//1634 1608//1608 1609//1609
f 1634//1634 1609//1609 1610//1610
f 1634//1634 1610//1610 1611//1611
f 1634//1634 1611//1611 1612//1612
f 1634//1634 1612//1612 1613//1613
f 1634//1634 1613//1613 1614//1614
f 1634//1634 1614//1614 1615//1615
f 1634//1634 1615//1615 1616//1616
f 1634//1634 1616//1616 1617//1617
f 1634//1634 1617//1617 1618//1618
f 1634//1634 1618//1618 1619//1619
f 1634//1634 1619//1619 1620//1620
f 1634//1634 1620//1620 1621//1621
f 1634//1634 1621//1621 1622//1622
f 1634//1634 1622//1622 1623//1623
f 1634//1634 1623//1623 1624//1624
f 1634//1634 1624//1624 1625//1625
f 1634//1634 1625//1625 1626//1626
f 1634//1634 1626//1626 1627//1627
f 1634//1634 1627//1627 1628//1628
f 1634//1634 1628//1628 1629//1629
f 1634//1634 1629//1629 1630//1630
f 1634//1634 1630//1630 1631//1631
f 1634//1634 1631//1631 1632//1632
f 1632//1632 1633//1633 1634//1634
o WheelRL
v 3.1 -0.08 0.45
v 3.10045 -0.08 0.470061
v 3.10182 -0.08 0.490434
v 3.10416 -0.08 0.511063
v 3.10751 -0.08 0.531883
v 3.11191 -0.08 0.552827
v 3.11737 -0.08 0.573821
v 3.12393 -0.08 0.594787
v 3.1316 -0.08 0.615643
v 3.14038 -0.08 0.636303
v 3.15027 -0.08 0.656683
v 3.16127 -0.08 0.676692
v 3.17335 -0.08 0.696244
v 3.18649 -0.08 0.715253
v 3.20064 -0.08 0.733634
v 3.21576 -0.08 0.751308
v 3.2318 -0.08 0.768198
v 3.24869 -0.08 0.784236
v 3.26637 -0.08 0.799359
v 3.28475 -0.08 0.813512
v 3.30376 -0.08 0.826648
v 3.32331 -0.08 0.83873
v 3.34332 -0.08 0.849728
v 3.3637 -0.08 0.859623
v 3.38436 -0.08 0.868405
v 3.40521 -0.08 0.876071
v 3.42618 -0.08 0.88263
v 3.44717 -0.08 0.888094
v 3.46812 -0.08 0.892487
v 3.48894 -0.08 0.895838
v 3.50957 -0.08 0.89818
v 3.52994 -0.08 0.899553
v 3.55 -0.08 0.9
v 3.57006 -0.08 0.899553
v 3.59043 -0.08 0.89818
v 3.61106 -0.08 0.895838
v 3.63188 -0.08 0.892487
v 3.65283 -0.08 0.888094
v 3.67382 -0.08 0.88263
v 3.69479 -0.08 0.876071
v 3.71564 -0.08 0.868405
v 3.7363 -0.08 0.859623
v 3.75668 -0.08 0.849728
v 3.77669 -0.08 0.83873
v 3.79624 -0.08 0.826648
v 3.81525 -0.08 0.813512
v 3.83363 -0.08 0.799359
v 3.85131 -0.08 0.784236
v 3.8682 -0.08 0.768198
v 3.88424 -0.08 0.751308
v 3.89936 -0.08 0.733634
v 3.91351 -0.08 0.715253
v 3.92665 -0.08 0.696244
v 3.93873 -0.08 0.676692
v 3.94973 -0.08 0.656683
v 3.95962 -0.08 0.636303
v 3.9684 -0.08 0.615643
v 3.97607 -0.08 0.594787
v 3.98263 -0.08 0.573821
v 3.98809 -0.08 0.552827
v 3.99249 -0.08 0.531883
v 3.99584 -0.08 0.511063
v 3.99818 -0.08 0.490434
v 3.99955 -0.08 0.470061
v 4 -0.08 0.45
v 3.99955 -0.08 0.429939
v 3.99818 -0.08 0.409566
v 3.99584 -0.08 0.388937
v 3.99249 -0.08 0.368117
v 3.98809 -0.08 0.347173
v 3.98263 -0.08 0.326179
v 3.97607 -0.08 0.305213
v 3.9684 -0.08 0.284357
v 3.95962 -0.08 0.263697
v 3.94973 -0.08 0.243317
v 3.93873 -0.08 0.223308
v 3.92665 -0.08 0.203756
v 3.91351 -0.08 0.184747
v 3.89936 -0.08 0.166366
v 3.88424 -0.08 0.148692
v 3.8682 -0.08 0.131802
v 3.85131 -0.08 0.115764
v 3.83363 -0.08 0.100641
v 3.81525 -0.08 0.0864882
v 3.79624 -0.08 0.073352
v 3.77669 -0.08 0.0612704
v 3.75668 -0.08 0.0502722
v 3.7363 -0.08 0.040377
v 3.71564 -0.08 0.0315953
v 3.69479 -0.08 0.0239287
v 3.67382 -0.08 0.0173705
v 3.65283 -0.08 0.0119058
v 3.63188 -0.08 0.00751258
v 3.61106 -0.08 0.00416223
v 3.59043 -0.08 0.00182029
v 3.57006 -0.08 0.000447387
v 3.55 -0.08 -1.66533e-16
v 3.52994 -0.08 0.000447387
v 3.50957 -0.08 0.00182029
v 3.48894 -0.08 0.00416223
v 3.46812 -0.08 0.00751258
v 3.44717 -0.08 0.0119058
v 3.42618 -0.08 0.0173705
v 3.40521 -0.08 0.0239287
v 3.38436 -0.08 0.0315953
v 3.3637 -0.08 0.040377
v 3.34332 -0.08 0.0502722
v 3.32331 -0.08 0.0612704
v 3.30376 -0.08 0.073352
v 3.28475 -0.08 0.0864882
v 3.26637 -0.08 0.100641
v 3.24869 -0.08 0.115764
v 3.2318 -0.08 0.131802
v 3.21576 -0.08 0.148692
v 3.20064 -0.08 0.166366
v 3.18649 -0.08 0.184747
v 3.17335 -0.08 0.203756
v 3.16127 -0.08 0.223308
v 3.15027 -0.08 0.243317
v 3.14038 -0.08 0.263697
v 3.1316 -0.08 0.284357
v 3.12393 -0.08 0.305213
v 3.11737 -0.08 0.326179
v 3.11191 -0.08 0.347173
v 3.10751 -0.08 0.368117
v 3.10416 -0.08 0.388937
v 3.10182 -0.08 0.409566
v 3.10045 -0.08 0.429939
v 3.1 -0.08 0.45
v 3.1 0.09 0.45
v 3.10045 0.09 0.470061
v 3.10182 0.09 0.490434
v 3.10416 0.09 0.511063
v 3.10751 0.09 0.531883
v 3.11191 0.09 0.552827
v 3.11737 0.09 0.573821
v 3.12393 0.09 0.594787
v 3.1316 0.09 0.615643
v 3.14038 0.09 0.636303
v 3.15027 0.09 0.656683
v 3.16127 0.09 0.676692
v 3.17335 0.09 0.696244
v 3.18649 0.09 0.715253
v 3.20064 0.09 0.733634
v 3.21576 0.09 0.751308
v 3.2318 0.09 0.768198
v 3.24869 0.09 0.784236
v 3.26637 0.09 0.799359
v 3.28475 0.09 0.813512
v 3.30376 0.09 0.826648
v 3.32331 0.09 0.83873
v 3.34332 0.09 0.849728
v 3.3637 0.09 0.859623
v 3.38436 0.09 0.868405
v 3.40521 0.09 0.876071
v 3.42618 0.09 0.88263
v 3.44717 0.09 0.888094
v 3.46812 0.09 0.892487
v 3.48894 0.09 0.895838
v 3.50957 0.09 0.89818
v 3.52994 0.09 0.899553
v 3.55 0.09 0.9
v 3.57006 0.09 0.899553
v 3.59043 0.09 0.89818
v 3.61106 0.09 0.895838
v 3.63188 0.09 0.892487
v 3.65283 0.09 0.888094
v 3.67382 0.09 0.88263
v 3.69479 0.09 0.876071
v 3.71564 0.09 0.868405
v 3.7363 0.09 0.859623
v 3.75668 0.09 0.849728
v 3.77669 0.09 0.83873
v 3.79624 0.09 0.826648
v 3.81525 0.09 0.813512
v 3.83363 0.09 0.799359
v 3.85131 0.09 0.784236
v 3.8682 0.09 0.768198
v 3.88424 0.09 0.751308
v 3.89936 0.09 0.733634
v 3.91351 0.09 0.715253
v 3.92665 0.09 0.696244
v 3.93873 0.09 0.676692
v 3.94973 0.09 0.656683
v 3.95962 0.09 0.636303
v 3.9684 0.09 0.615643
v 3.97607 0.09 0.594787
v 3.98263 0.09 0.573821
v 3.98809 0.09 0.552827
v 3.99249 0.09 0.531883
v 3.99584 0.09 0.511063
v 3.99818 0.09 0.490434
v 3.99955 0.09 0.470061
v 4 0.09 0.45
v 3.99955 0.09 0.429939
v 3.99818 0.09 0.409566
v 3.99584 0.09 0.388937
v 3.99249 0.09 0.368117
v 3.98809 0.09 0.347173
v 3.98263 0.09 0.326179
v 3.97607 0.09 0.305213
v 3.9684 0.09 0.284357
v 3.95962 0.09 0.263697
v 3.94973 0.09 0.243317
v 3.93873 0.09 0.223308
v 3.92665 0.09 0.203756
v 3.91351 0.09 0.184747
v 3.89936 0.09 0.166366
v 3.88424 0.09 0.148692
v 3.8682 0.09 0.131802
v 3.85131 0.09 0.115764
v 3.83363 0.09 0.100641
v 3.81525 0.09 0.0864882
v 3.79624 0.09 0.073352
v 3.77669 0.09 0.0612704
v 3.75668 0.09 0.0502722
v 3.7363 0.09 0.040377
v 3.71564 0.09 0.0315953
v 3.69479 0.09 0.0239287
v 3.67382 0.09 0.0173705
v 3.65283 0.09 0.0119058
v 3.63188 0.09 0.00751258
v 3.61106 0.09 0.00416223
v 3.59043 0.09 0.00182029
v 3.57006 0.09 0.000447387
v 3.55 0.09 -1.66533e-16
v 3.52994 0.09 0.000447387
v 3.50957 0.09 0.00182029
v 3.48894 0.09 0.00416223
v 3.46812 0.09 0.00751258
v 3.44717 0.09 0.0119058
v 3.42618 0.09 0.0173705
v 3.40521 0.09 0.0239287
v 3.38436 0.09 0.0315953
v 3.3637 0.09 0.040377
v 3.34332 0.09 0.0502722
v 3.32331 0.09 0.0612704
v 3.30376 0.09 0.073352
v 3.28475 0.09 0.0864882
v 3.26637 0.09 0.100641
v 3.24869 0.09 0.115764
v 3.2318 0.09 0.131802
v 3.21576 0.09 0.148692
v 3.20064 0.09 0.166366
v 3.18649 0.09 0.184747
v 3.17335 0.09 0.203756
v 3.16127 0.09 0.223308
v 3.15027 0.09 0.243317
v 3.14038 0.09 0.263697
v 3.1316 0.09 0.284357
v 3.12393 0.09 0.305213
v 3.11737 0.09 0.326179
v 3.11191 0.09 0.347173
v 3.10751 0.09 0.368117
v 3.10416 0.09 0.388937
v 3.10182 0.09 0.409566
v 3.10045 0.09 0.429939
v 3.1 0.09 0.45
v 3.1 0.26 0.45
v 3.10045 0.26 0.470061
v 3.10182 0.26 0.490434
v 3.10416 0.26 0.511063
v 3.10751 0.26 0.531883
v 3.11191 0.26 0.552827
v 3.11737 0.26 0.573821
v 3.12393 0.26 0.594787
v 3.1316 0.26 0.615643
v 3.14038 0.26 0.636303
v 3.15027 0.26 0.656683
v 3.16127 0.26 0.676692
v 3.17335 0.26 0.696244
v 3.18649 0.26 0.715253
v 3.20064 0.26 0.733634
v 3.21576 0.26 0.751308
v 3.2318 0.26 0.768198
v 3.24869 0.26 0.784236
v 3.26637 0.26 0.799359
v 3.28475 0.26 0.813512
v 3.30376 0.26 0.826648
v 3.32331 0.26 0.83873
v 3.34332 0.26 0.849728
v 3.3637 0.26 0.859623
v 3.38436 0.26 0.868405
v 3.40521 0.26 0.876071
v 3.42618 0.26 0.88263
v 3.44717 0.26 0.888094
v 3.46812 0.26 0.892487
v 3.48894 0.26 0.895838
v 3.50957 0.26 0.89818
v 3.52994 0.26 0.899553
v 3.55 0.26 0.9
v 3.57006 0.26 0.899553
v 3.59043 0.26 0.89818
v 3.61106 0.26 0.895838
v 3.63188 0.26 0.892487
v 3.65283 0.26 0.888094
v 3.67382 0.26 0.88263
v 3.69479 0.26 0.876071
v 3.71564 0.26 0.868405
v 3.7363 0.26 0.859623
v 3.75668 0.26 0.849728
v 3.77669 0.26 0.83873
v 3.79624 0.26 0.826648
v 3.81525 0.26 0.813512
v 3.83363 0.26 0.799359
v 3.85131 0.26 0.784236
v 3.8682 0.26 0.768198
v 3.88424 0.26 0.751308
v 3.89936 0.26 0.733634
v 3.91351 0.26 0.715253
v 3.92665 0.26 0.696244
v 3.93873 0.26 0.676692
v 3.94973 0.26 0.656683
v 3.95962 0.26 0.636303
v 3.9684 0.26 0.615643
v 3.97607 0.26 0.594787
v 3.98263 0.26 0.573821
v 3.98809 0.26 0.552827
v 3.99249 0.26 0.531883
v 3.99584 0.26 0.511063
v 3.99818 0.26 0.490434
v 3.99955 0.26 0.470061
v 4 0.26 0.45
v 3.99955 0.26 0.429939
v 3.99818 0.26 0.409566
v 3.99584 0.26 0.388937
v 3.99249 0.26 0.368117
v 3.98809 0.26 0.347173
v 3.98263 0.26 0.326179
v 3.97607 0.26 0.305213
v 3.9684 0.26 0.284357
v 3.95962 0.26 0.263697
v 3.94973 0.26 0.243317
v 3.93873 0.26 0.223308
v 3.92665 0.26 0.203756
v 3.91351 0.26 0.184747
v 3.89936 0.26 0.166366
v 3.88424 0.26 0.148692
v 3.8682 0.26 0.131802
v 3.85131 0.26 0.115764
v 3.83363 0.26 0.100641
v 3.81525 0.26 0.0864882
v 3.79624 0.26 0.073352
v 3.77669 0.26 0.0612704
v 3.75668 0.26 0.0502722
v 3.7363 0.26 0.040377
v 3.71564 0.26 0.0315953
v 3.69479 0.26 0.0239287
v 3.67382 0.26 0.0173705
v 3.65283 0.26 0.0119058
v 3.63188 0.26 0.00751258
v 3.61106 0.26 0.00416223
v 3.59043 0.26 0.00182029
v 3.57006 0.26 0.000447387
v 3.55 0.26 -1.66533e-16
v 3.52994 0.26 0.000447387
v 3.50957 0.26 0.00182029
v 3.48894 0.26 0.00416223
v 3.46812 0.26 0.00751258
v 3.44717 0.26 0.0119058
v 3.42618 0.26 0.0173705
v 3.40521 0.26 0.0239287
v 3.38436 0.26 0.0315953
v 3.3637 0.26 0.040377
v 3.34332 0.26 0.0502722
v 3.32331 0.26 0.0612704
v 3.30376 0.26 0.073352
v 3.28475 0.26 0.0864882
v 3.26637 0.26 0.100641
v 3.24869 0.26 0.115764
v 3.2318 0.26 0.131802
v 3.21576 0.26 0.148692
v 3.20064 0.26 0.166366
v 3.18649 0.26 0.184747
v 3.17335 0.26 0.203756
v 3.16127 0.26 0.223308
v 3.15027 0.26 0.243317
v 3.14038 0.26 0.263697
v 3.1316 0.26 0.284357
v 3.12393 0.26 0.305213
v 3.11737 0.26 0.326179
v 3.11191 0.26 0.347173
v 3.10751 0.26 0.368117
v 3.10416 0.26 0.388937
v 3.10182 0.26 0.409566
v 3.10045 0.26 0.429939
v 3.1 0.26 0.45
vn -1 0 6.97819e-16
vn -0.999006 0 0.0445802
vn -0.995955 0 0.0898544
vn -0.990751 0 0.135695
vn -0.983305 0 0.181963
vn -0.973543 0 0.228505
vn -0.961399 0 0.275158
vn -0.946825 0 0.321749
vn -0.929788 0 0.368095
vn -0.910273 0 0.414008
vn -0.888284 0 0.459295
vn -0.863844 0 0.50376
vn -0.836996 0 0.54721
vn -0.807804 0 0.589451
vn -0.776353 0 0.630298
vn -0.742747 0 0.669572
vn -0.707107 0 0.707107
vn -0.669572 0 0.742747
vn -0.630298 0 0.776353
vn -0.589451 0 0.807804
vn -0.54721 0 0.836996
vn -0.50376 0 0.863844
vn -0.459295 0 0.888284
vn -0.414008 0 0.910273
vn -0.368095 0 0.929788
vn -0.321749 0 0.946825
vn -0.275158 0 0.961399
vn -0.228505 0 0.973543
vn -0.181963 0 0.983305
vn -0.135695 0 0.990751
vn -0.0898544 0 0.995955
vn -0.0445802 0 0.999006
vn -1.74455e-16 0 1
vn 0.0445802 -0 0.999006
vn 0.0898544 -0 0.995955
vn 0.135695 -0 0.990751
vn 0.181963 -0 0.983305
vn 0.228505 -0 0.973543
vn 0.275158 -0 0.961399
vn 0.321749 -0 0.946825
vn 0.368095 -0 0.929788
vn 0.414008 -0 0.910273
vn 0.459295 -0 0.888284
vn 0.50376 -0 0.863844
vn 0.54721 -0 0.836996
vn 0.589451 -0 0.807804
vn 0.630298 -0 0.776353
vn 0.669572 -0 0.742747
vn 0.707107 -0 0.707107
vn 0.742747 -0 0.669572
vn 0.776353 -0 0.630298
vn 0.807804 -0 0.589451
vn 0.836996 -0 0.54721
vn 0.863844 -0 0.50376
vn 0.888284 -0 0.459295
vn 0.910273 -0 0.414008
vn 0.929788 -0 0.368095
vn 0.946825 -0 0.321749
vn 0.961399 -0 0.275158
vn 0.973543 -0 0.228505
vn 0.983305 -0 0.181963
vn 0.990751 -0 0.135695
vn 0.995955 -0 0.0898544
vn 0.999006 -0 0.0445802
vn 1 -0 0
vn 0.999006 0 -0.0445802
vn 0.995955 0 -0.0898544
vn 0.990751 0 -0.135695
vn 0.983305 0 -0.181963
vn 0.973543 0 -0.228505
vn 0.961399 0 -0.275158
vn 0.946825 0 -0.321749
vn 0.929788 0 -0.368095
vn 0.910273 0 -0.414008
vn 0.888284 0 -0.459295
vn 0.863844 0 -0.50376
vn 0.836996 0 -0.54721
vn 0.807804 0 -0.589451
vn 0.776353 0 -0.630298
vn 0.742747 0 -0.669572
vn 0.707107 0 -0.707107
vn 0.669572 0 -0.742747
vn 0.630298 0 -0.776353
vn 0.589451 0 -0.807804
vn 0.54721 0 -0.836996
vn 0.50376 0 -0.863844
vn 0.459295 0 -0.888284
vn 0.414008 0 -0.910273
vn 0.368095 0 -0.929788
vn 0.321749 0 -0.946825
vn 0.275158 0 -0.961399
vn 0.228505 0 -0.973543
vn 0.181963 0 -0.983305
vn 0.135695 0 -0.990751
vn 0.0898544 0 -0.995955
vn 0.0445802 0 -0.999006
vn 1.23358e-16 0 -1
vn -0.0445802 0 -0.999006
vn -0.0898544 0 -0.995955
vn -0.135695 0 -0.990751
vn -0.181963 0 -0.983305
vn -0.228505 0 -0.973543
vn -0.275158 0 -0.961399
vn -0.321749 0 -0.946825
vn -0.368095 0 -0.929788
vn -0.414008 0 -0.910273
vn -0.459295 0 -0.888284
vn -0.50376 0 -0.863844
vn -0.54721 0 -0.836996
vn -0.589451 0 -0.807804
vn -0.630298 0 -0.776353
vn -0.669572 0 -0.742747
vn -0.707107 0 -0.707107
vn -0.742747 0 -0.669572
vn -0.776353 0 -0.630298
vn -0.807804 0 -0.589451
vn -0.836996 0 -0.54721
vn -0.863844 0 -0.50376
vn -0.888284 0 -0.459295
vn -0.910273 0 -0.414008
vn -0.929788 0 -0.368095
vn -0.946825 0 -0.321749
vn -0.961399 0 -0.275158
vn -0.973543 0 -0.228505
vn -0.983305 0 -0.181963
vn -0.990751 0 -0.135695
vn -0.995955 0 -0.0898544
vn -0.999006 0 -0.0445802
vn -1 0 -6.97819e-16
vn -1 0 1.39564e-15
vn -0.999006 0 0.0445802
vn -0.995955 0 0.0898544
vn -0.990751 0 0.135695
vn -0.983305 0 0.181963
vn -0.973543 0 0.228505
vn -0.961399 0 0.275158
vn -0.946825 0 0.321749
vn -0.929788 0 0.368095
vn -0.910273 0 0.414008
vn -0.888284 0 0.459295
vn -0.863844 0 0.50376
vn -0.836996 0 0.54721
vn -0.807804 0 0.589451
vn -0.776353 0 0.630298
vn -0.742747 0 0.669572
vn -0.707107 0 0.707107
vn -0.669572 0 0.742747
vn -0.630298 0 0.776353
vn -0.589451 0 0.807804
vn -0.54721 0 0.836996
vn -0.50376 0 0.863844
vn -0.459295 0 0.888284
vn -0.414008 0 0.910273
vn -0.368095 0 0.929788
vn -0.321749 0 0.946825
vn -0.275158 0 0.961399
vn -0.228505 0 0.973543
vn -0.181963 0 0.983305
vn -0.135695 0 0.990751
vn -0.0898544 0 0.995955
vn -0.0445802 0 0.999006
vn -1.74455e-16 0 1
vn 0.0445802 -0 0.999006
vn 0.0898544 -0 0.995955
vn 0.135695 -0 0.990751
vn 0.181963 -0 0.983305
vn 0.228505 -0 0.973543
vn 0.275158 -0 0.961399
vn 0.321749 -0 0.946825
vn 0.368095 -0 0.929788
vn 0.414008 -0 0.910273
vn 0.459295 -0 0.888284
vn 0.50376 -0 0.863844
vn 0.54721 -0 0.836996
vn 0.589451 -0 0.807804
vn 0.630298 -0 0.776353
vn 0.669572 -0 0.742747
vn 0.707107 -0 0.707107
vn 0.742747 -0 0.669572
vn 0.776353 -0 0.630298
vn 0.807804 -0 0.589451
vn 0.836996 -0 0.54721
vn 0.863844 -0 0.50376
vn 0.888284 -0 0.459295
vn 0.910273 -0 0.414008
vn 0.929788 -0 0.368095
vn 0.946825 -0 0.321749
vn 0.961399 -0 0.275158
vn 0.973543 -0 0.228505
vn 0.983305 -0 0.181963
vn 0.990751 -0 0.135695
vn 0.995955 -0 0.0898544
vn 0.999006 -0 0.0445802
vn 1 -0 0
vn 0.999006 0 -0.0445802
vn 0.995955 0 -0.0898544
vn 0.990751 0 -0.135695
vn 0.983305 0 -0.181963
vn 0.973543 0 -0.228505
vn 0.961399 0 -0.275158
vn 0.946825 0 -0.321749
vn 0.929788 0 -0.368095
vn 0.910273 0 -0.414008
vn 0.888284 0 -0.459295
vn 0.863844 0 -0.50376
vn 0.836996 0 -0.54721
vn 0.807804 0 -0.589451
vn 0.776353 0 -0.630298
vn 0.742747 0 -0.669572
vn 0.707107 0 -0.707107
vn 0.669572 0 -0.742747
vn 0.630298 0 -0.776353
vn 0.589451 0 -0.807804
vn 0.54721 0 -0.836996
vn 0.50376 0 -0.863844
vn 0.459295 0 -0.888284
vn 0.414008 0 -0.910273
vn 0.368095 0 -0.929788
vn 0.321749 0 -0.946825
vn 0.275158 0 -0.961399
vn 0.228505 0 -0.973543
vn 0.181963 0 -0.983305
vn 0.135695 0 -0.990751
vn 0.0898544 0 -0.995955
vn 0.0445802 0 -0.999006
vn 1.23358e-16 0 -1
vn -0.0445802 0 -0.999006
vn -0.0898544 0 -0.995955
vn -0.135695 0 -0.990751
vn -0.181963 0 -0.983305
vn -0.228505 0 -0.973543
vn -0.275158 0 -0.961399
vn -0.321749 0 -0.946825
vn -0.368095 0 -0.929788
vn -0.414008 0 -0.910273
vn -0.459295 0 -0.888284
vn -0.50376 0 -0.863844
vn -0.54721 0 -0.836996
vn -0.589451 0 -0.807804
vn -0.630298 0 -0.776353
vn -0.669572 0 -0.742747
vn -0.707107 0 -0.707107
vn -0.742747 0 -0.669572
vn -0.776353 0 -0.630298
vn -0.807804 0 -0.589451
vn -0.836996 0 -0.54721
vn -0.863844 0 -0.50376
vn -0.888284 0 -0.459295
vn -0.910273 0 -0.414008
vn -0.929788 0 -0.368095
vn -0.946825 0 -0.321749
vn -0.961399 0 -0.275158
vn -0.973543 0 -0.228505
vn -0.983305 0 -0.181963
vn -0.990751 0 -0.135695
vn -0.995955 0 -0.0898544
vn -0.999006 0 -0.0445802
vn -1 0 -6.97819e-16
vn -1 0 6.97819e-16
vn -0.999006 0 0.0445802
vn -0.995955 0 0.0898544
vn -0.990751 0 0.135695
vn -0.983305 0 0.181963
vn -0.973543 0 0.228505
vn -0.961399 0 0.275158
vn -0.946825 0 0.321749
vn -0.929788 0 0.368095
vn -0.910273 0 0.414008
vn -0.888284 0 0.459295
vn -0.863844 0 0.50376
vn -0.836996 0 0.54721
vn -0.807804 0 0.589451
vn -0.776353 0 0.630298
vn -0.742747 0 0.669572
vn -0.707107 0 0.707107
vn -0.669572 0 0.742747
vn -0.630298 0 0.776353
vn -0.589451 0 0.807804
vn -0.54721 0 0.836996
vn -0.50376 0 0.863844
vn -0.459295 0 0.888284
vn -0.414008 0 0.910273
vn -0.368095 0 0.929788
vn -0.321749 0 0.946825
vn -0.275158 0 0.961399
vn -0.228505 0 0.973543
vn -0.181963 0 0.983305
vn -0.135695 0 0.990751
vn -0.0898544 0 0.995955
vn -0.0445802 0 0.999006
vn -1.74455e-16 0 1
vn 0.0445802 -0 0.999006
vn 0.0898544 -0 0.995955
vn 0.135695 -0 0.990751
vn 0.181963 -0 0.983305
vn 0.228505 -0 0.973543
vn 0.275158 -0 0.961399
vn 0.321749 -0 0.946825
vn 0.368095 -0 0.929788
vn 0.414008 -0 0.910273
vn 0.459295 -0 0.888284
vn 0.50376 -0 0.863844
vn 0.54721 -0 0.836996
vn 0.589451 -0 0.807804
vn 0.630298 -0 0.776353
vn 0.669572 -0 0.742747
vn 0.707107 -0 0.707107
vn 0.742747 -0 0.669572
vn 0.776353 -0 0.630298
vn 0.807804 -0 0.589451
vn 0.836996 -0 0.54721
vn 0.863844 -0 0.50376
vn 0.888284 -0 0.459295
vn 0.910273 -0 0.414008
vn 0.929788 -0 0.368095
vn 0.946825 -0 0.321749
vn 0.961399 -0 0.275158
vn 0.973543 -0 0.228505
vn 0.983305 -0 0.181963
vn 0.990751 -0 0.135695
vn 0.995955 -0 0.0898544
vn 0.999006 -0 0.0445802
vn 1 -0 0
vn 0.999006 0 -0.0445802
vn 0.995955 0 -0.0898544
vn 0.990751 0 -0.135695
vn 0.983305 0 -0.181963
vn 0.973543 0 -0.228505
vn 0.961399 0 -0.275158
vn 0.946825 0 -0.321749
vn 0.929788 0 -0.368095
vn 0.910273 0 -0.414008
vn 0.888284 0 -0.459295
vn 0.863844 0 -0.50376
vn 0.836996 0 -0.54721
vn 0.807804 0 -0.589451
vn 0.776353 0 -0.630298
vn 0.742747 0 -0.669572
vn 0.707107 0 -0.707107
vn 0.669572 0 -0.742747
vn 0.630298 0 -0.776353
vn 0.589451 0 -0.807804
vn 0.54721 0 -0.836996
vn 0.50376 0 -0.863844
vn 0.459295 0 -0.888284
vn 0.414008 0 -0.910273
vn 0.368095 0 -0.929788
vn 0.321749 0 -0.946825
vn 0.275158 0 -0.961399
vn 0.228505 0 -0.973543
vn 0.181963 0 -0.983305
vn 0.135695 0 -0.990751
vn 0.0898544 0 -0.995955
vn 0.0445802 0 -0.999006
vn 1.23358e-16 0 -1
vn -0.0445802 0 -0.999006
vn -0.0898544 0 -0.995955
vn -0.135695 0 -0.990751
vn -0.181963 0 -0.983305
vn -0.228505 0 -0.973543
vn -0.275158 0 -0.961399
vn -0.321749 0 -0.946825
vn -0.368095 0 -0.929788
vn -0.414008 0 -0.910273
vn -0.459295 0 -0.888284
vn -0.50376 0 -0.863844
vn -0.54721 0 -0.836996
vn -0.589451 0 -0.807804
vn -0.630298 0 -0.776353
vn -0.669572 0 -0.742747
vn -0.707107 0 -0.707107
vn -0.742747 0 -0.669572
vn -0.776353 0 -0.630298
vn -0.807804 0 -0.589451
vn -0.836996 0 -0.54721
vn -0.863844 0 -0.50376
vn -0.888284 0 -0.459295
vn -0.910273 0 -0.414008
vn -0.929788 0 -0.368095
vn -0.946825 0 -0.321749
vn -0.961399 0 -0.275158
vn -0.973543 0 -0.228505
vn -0.983305 0 -0.181963
vn -0.990751 0 -0.135695
vn -0.995955 0 -0.0898544
vn -0.999006 0 -0.0445802
vn -1 0 -6.97819e-16
g WheelRL_f0
usemtl rubber
f 1635//1635 1636//1636 1765//1765
f 1635//1635 1765//1765 1764//1764
f 1636//1636 1637//1637 1766//1766
f 1636//1636 1766//1766 1765//1765
f 1637//1637 1638//1638 1767//1767
f 1637//1637 1767//1767 1766//1766
f 1638//1638 1639//1639 1768//1768
f 1638//1638 1768//1768 1767//1767
f 1639//1639 1640//1640 1769//1769
f 1639//1639 1769//1769 1768//1768
f 1640//1640 1641//1641 1770//1770
f 1640//1640 1770//1770 1769//1769
f 1641//1641 1642//1642 1771//1771
f 1641//1641 1771//1771 1770//1770
f 1642//1642 1643//1643 1772//1772
f 1642//1642 1772//1772 1771//1771
f 1643//1643 1644//1644 1773//1773
f 1643//1643 1773//1773 1772//1772
f 1644//1644 1645//1645 1774//1774
f 1644//1644 1774//1774 1773//1773
f 1645//1645 1646//1646 1775//1775
f 1645//1645 1775//1775 1774//1774
f 1646//1646 1647//1647 1776//1776
f 1646//1646 1776//1776 1775//1775
f 1647//1647 1648//1648 1777//1777
f 1647//1647 1777//1777 1776//1776
f 1648//1648 1649//1649 1778//1778
f 1648//1648 1778//1778 1777//1777
f 1649//1649 1650//1650 1779//1779
f 1649//1649 1779//1779 1778//1778
f 1650//1650 1651//1651 1780//1780
f 1650//1650 1780//1780 1779//1779
f 1651//1651 1652//1652 1781//1781
f 1651//1651 1781//1781 1780//1780
f 1652//1652 1653//1653 1782//1782
f 1652//1652 1782//1782 1781//1781
f 1653//1653 1654//1654 1783//1783
f 1653//1653 1783//1783 1782//1782
f 1654//1654 1655//1655 1784//1784
f 1654//1654 1784//1784 1783//1783
f 1655//1655 1656//1656 1785//1785
f 1655//1655 1785//1785 1784//1784
f 1656//1656 1657//1657 1786//1786
f 1656//1656 1786//1786 1785//1785
f 1657//1657 1658//1658 1787//1787
f 1657//1657 1787//1787 1786//1786
f 1658//1658 1659//1659 1788//1788
f 1658//1658 1788//1788 1787//1787
f 1659//1659 1660//1660 1789//1789
f 1659//1659 1789//1789 1788//1788
f 1660//1660 1661//1661 1790//1790
f 1660//1660 1790//1790 1789//1789
f 1661//1661 1662//1662 1791//1791
f 1661//1661 1791//1791 1790//1790
f 1662//1662 1663//1663 1792//1792
f 1662//1662 1792//1792 1791//1791
f 1663//1663 1664//1664 1793//1793
f 1663//1663 1793//1793 1792//1792
f 1664//1664 1665//1665 1794//1794
f 1664//1664 1794//1794 1793//1793
f 1665//1665 1666//1666 1795//1795
f 1665//1665 1795//1795 1794//1794
f 1666//1666 1667//1667 1796//1796
f 1666//1666 1796//1796 1795//1795
f 1667//1667 1668//1668 1797//1797
f 1667//1667 1797//1797 1796//1796
f 1668//1668 1669//1669 1798//1798
f 1668//1668 1798//1798 1797//1797
f 1669//1669 1670//1670 1799//1799
f 1669//1669 1799//1799 1798//1798
f 1670//1670 1671//1671 1800//1800
f 1670//1670 1800//1800 1799//1799
f 1671//1671 1672//1672 1801//1801
f 1671//1671 1801//1801 1800//1800
f 1672//1672 1673//1673 1802//1802
f 1672//1672 1802//1802 1801//1801
f 1673//1673 1674//1674 1803//1803
f 1673//1673 1803//1803 1802//1802
f 1674//1674 1675//1675 1804//1804
f 1674//1674 1804//1804 1803//1803
f 1675//1675 1676//1676 1805//1805
f 1675//1675 1805//1805 1804//1804
f 1676//1676 1677//1677 1806//1806
f 1676//1676 1806//1806 1805//1805
f 1677//1677 1678//1678 1807//1807
f 1677//1677 1807//1807 1806//1806
f 1678//1678 1679//1679 1808//1808
f 1678//1678 1808//1808 1807//1807
f 1679//1679 1680//1680 1809//1809
f 1679//1679 1809//1809 1808//1808
f 1680//1680 1681//1681 1810//1810
f 1680//1680 1810//1810 1809//1809
f 1681//1681 1682//1682 1811//1811
f 1681//1681 1811//1811 1810//1810
f 1682//1682 1683//1683 1812//1812
f 1682//1682 1812//1812 1811//1811
f 1683//1683 1684//1684 1813//1813
f 1683//1683 1813//1813 1812//1812
f 1684//1684 1685//1685 1814//1814
f 1684//1684 1814//1814 1813//1813
f 1685//1685 1686//1686 1815//1815
f 1685//1685 1815//1815 1814//1814
f 1686//1686 1687//1687 1816//1816
f 1686//1686 1816//1816 1815//1815
f 1687//1687 1688//1688 1817//1817
f 1687//1687 1817//1817 1816//1816
f 1688//1688 1689//1689 1818//1818
f 1688//1688 1818//1818 1817//1817
f 1689//1689 1690//1690 1819//1819
f 1689//1689 1819//1819 1818//1818
f 1690//1690 1691//1691 1820//1820
f 1690//1690 1820//1820 1819//1819
f 1691//1691 1692//1692 1821//1821
f 1691//1691 1821//1821 1820//1820
f 1692//1692 1693//1693 1822//1822
f 1692//1692 1822//1822 1821//1821
f 1693//1693 1694//1694 1823//1823
f 1693//1693 1823//1823 1822//1822
f 1694//1694 1695//1695 1824//1824
f 1694//1694 1824//1824 1823//1823
f 1695//1695 1696//1696 1825//1825
f 1695//1695 1825//1825 1824//1824
f 1696//1696 1697//1697 1826//1826
f 1696//1696 1826//1826 1825//1825
f 1697//1697 1698//1698 1827//1827
f 1697//1697 1827//1827 1826//1826
f 1698//1698 1699//1699 1828//1828
f 1698//1698 1828//1828 1827//1827
f 1699//1699 1700//1700 1829//1829
f 1699//1699 1829//1829 1828//1828
f 1700//1700 1701//1701 1830//1830
f 1700//1700 1830//1830 1829//1829
f 1701//1701 1702//1702 1831//1831
f 1701//1701 1831//1831 1830//1830
f 1702//1702 1703//1703 1832//1832
f 1702//1702 1832//1832 1831//1831
f 1703//1703 1704//1704 1833//1833
f 1703//1703 1833//1833 1832//1832
f 1704//1704 1705//1705 1834//1834
f 1704//1704 1834//1834 1833//1833
f 1705//1705 1706//1706 1835//1835
f 1705//1705 1835//1835 1834//1834
f 1706//1706 1707//1707 1836//1836
f 1706//1706 1836//1836 1835//1835
f 1707//1707 1708//1708 1837//1837
f 1707//1707 1837//1837 1836//1836
f 1708//1708 1709//1709 1838//1838
f 1708//1708 1838//1838 1837//1837
f 1709//1709 1710//1710 1839//1839
f 1709//1709 1839//1839 1838//1838
f 1710//1710 1711//1711 1840//1840
f 1710//1710 1840//1840 1839//1839
f 1711//1711 1712//1712 1841//1841
f 1711//1711 1841//1841 1840//1840
f 1712//1712 1713//1713 1842//1842
f 1712//1712 1842//1842 1841//1841
f 1713//1713 1714//1714 1843//1843
f 1713//1713 1843//1843 1842//1842
f 1714//1714 1715//1715 1844//1844
f 1714//1714 1844//1844 1843//1843
f 1715//1715 1716//1716 1845//1845
f 1715//1715 1845//1845 1844//1844
f 1716//1716 1717//1717 1846//1846
f 1716//1716 1846//1846 1845//1845
f 1717//1717 1718//1718 1847//1847
f 1717//1717 1847//1847 1846//1846
f 1718//1718 1719//1719 1848//1848
f 1718//1718 1848//1848 1847//1847
f 1719//1719 1720//1720 1849//1849
f 1719//1719 1849//1849 1848//1848
f 1720//1720 1721//1721 1850//1850
f 1720//1720 1850//1850 1849//1849
f 1721//1721 1722//1722 1851//1851
f 1721//1721 1851//1851 1850//1850
f 1722//1722 1723//1723 1852//1852
f 1722//1722 1852//1852 1851//1851
f 1723//1723 1724//1724 1853//1853
f 1723//1723 1853//1853 1852//1852
f 1724//1724 1725//1725 1854//1854
f 1724//1724 1854//1854 1853//1853
f 1725//1725 1726//1726 1855//1855
f 1725//1725 1855//1855 1854//1854
f 1726//1726 1727//1727 1856//1856
f 1726//1726 1856//1856 1855//1855
f 1727//1727 1728//1728 1857//1857
f 1727//1727 1857//1857 1856//1856
f 1728//1728 1729//1729 1858//1858
f 1728//1728 1858//1858 1857//1857
f 1729//1729 1730//1730 1859//1859
f 1729//1729 1859//1859 1858//1858
f 1730//1730 1731//1731 1860//1860
f 1730//1730 1860//1860 1859//1859
f 1731//1731 1732//1732 1861//1861
f 1731//1731 1861//1861 1860//1860
f 1732//1732 1733//1733 1862//1862
f 1732//1732 1862//1862 1861//1861
f 1733//1733 1734//1734 1863//1863
f 1733//1733 1863//1863 1862//1862
f 1734//1734 1735//1735 1864//1864
f 1734//1734 1864//1864 1863//1863
f 1735//1735 1736//1736 1865//1865
f 1735//1735 1865//1865 1864//1864
f 1736//1736 1737//1737 1866//1866
f 1736//1736 1866//1866 1865//1865
f 1737//1737 1738//1738 1867//1867
f 1737//1737 1867//1867 1866//1866
f 1738//1738 1739//1739 1868//1868
f 1738//1738 1868//1868 1867//1867
f 1739//1739 1740//1740 1869//1869
f 1739//1739 1869//1869 1868//1868
f 1740//1740 1741//1741 1870//1870
f 1740//1740 1870//1870 1869//1869
f 1741//1741 1742//1742 1871//1871
f 1741//1741 1871//1871 1870//1870
f 1742//1742 1743//1743 1872//1872
f 1742//1742 1872//1872 1871//1871
f 1743//1743 1744//1744 1873//1873
f 1743//1743 1873//1873 1872//1872
f 1744//1744 1745//1745 1874//1874
f 1744//1744 1874//1874 1873//1873
f 1745//1745 1746//1746 1875//1875
f 1745//1745 1875//1875 1874//1874
f 1746//1746 1747//1747 1876//1876
f 1746//1746 1876//1876 1875//1875
f 1747//1747 1748//1748 1877//1877
f 1747//1747 1877//1877 1876//1876
f 1748//1748 1749//1749 1878//1878
f 1748//1748 1878//1878 1877//1877
f 1749//1749 1750//1750 1879//1879
f 1749//1749 1879//1879 1878//1878
f 1750//1750 1751//1751 1880//1880
f 1750//1750 1880//1880 1879//1879
f 1751//1751 1752//1752 1881//1881
f 1751//1751 1881//1881 1880//1880
f 1752//1752 1753//1753 1882//1882
f 1752//1752 1882//1882 1881//1881
f 1753//1753 1754//1754 1883//1883
f 1753//1753 1883//1883 1882//1882
f 1754//1754 1755//1755 1884//1884
f 1754//1754 1884//1884 1883//1883
f 1755//1755 1756//1756 1885//1885
f 1755//1755 1885//1885 1884//1884
f 1756//1756 1757//1757 1886//1886
f 1756//1756 1886//1886 1885//1885
f 1757//1757 1758//1758 1887//1887
f 1757//1757 1887//1887 1886//1886
f 1758//1758 1759//1759 1888//1888
f 1758//1758 1888//1888 1887//1887
f 1759//1759 1760//1760 1889//1889
f 1759//1759 1889//1889 1888//1888
f 1760//1760 1761//1761 1890//1890
f 1760//1760 1890//1890 1889//1889
f 1761//1761 1762//1762 1891//1891
f 1761//1761 1891//1891 1890//1890
f 1762//1762 1763//1763 1892//1892
f 1762//1762 1892//1892 1891//1891
f 1764//1764 1765//1765 1894//1894
f 1764//1764 1894//1894 1893//1893
f 1765//1765 1766//1766 1895//1895
f 1765//1765 1895//1895 1894//1894
f 1766//1766 1767//1767 1896//1896
f 1766//1766 1896//1896 1895//1895
f 1767//1767 1768//1768 1897//1897
f 1767//1767 1897//1897 1896//1896
f 1768//1768 1769//1769 1898//1898
f 1768//1768 1898//1898 1897//1897
f 1769//1769 1770//1770 1899//1899
f 1769//1769 1899//1899 1898//1898
f 1770//1770 1771//1771 1900//1900
f 1770//1770 1900//1900 1899//1899
f 1771//1771 1772//1772 1901//1901
f 1771//1771 1901//1901 1900//1900
f 1772//1772 1773//1773 1902//1902
f 1772//1772 1902//1902 1901//1901
f 1773//1773 1774//1774 1903//1903
f 1773//1773 1903//1903 1902//1902
f 1774//1774 1775//1775 1904//1904
f 1774//1774 1904//1904 1903//1903
f 1775//1775 1776//1776 1905//1905
f 1775//1775 1905//1905 1904//1904
f 1776//1776 1777//1777 1906//1906
f 1776//1776 1906//1906 1905//1905
f 1777//1777 1778//1778 1907//1907
f 1777//1777 1907//1907 1906//1906
f 1778//1778 1779//1779 1908//1908
f 1778//1778 1908//1908 1907//1907
f 1779//1779 1780//1780 1909//1909
f 1779//1779 1909//1909 1908//1908
f 1780//1780 1781//1781 1910//1910
f 1780//1780 1910//1910 1909//1909
f 1781//1781 1782//1782 1911//1911
f 1781//1781 1911//1911 1910//1910
f 1782//1782 1783//1783 1912//1912
f 1782//1782 1912//1912 1911//1911
f 1783//1783 1784//1784 1913//1913
f 1783//1783 1913//1913 1912//1912
f 1784//1784 1785//1785 1914//1914
f 1784//1784 1914//1914 1913//1913
f 1785//1785 1786//1786 1915//1915
f 1785//1785 1915//1915 1914//1914
f 1786//1786 1787//1787 1916//1916
f 1786//1786 1916//1916 1915//1915
f 1787//1787 1788//1788 1917//1917
f 1787//1787 1917//1917 1916//1916
f 1788//1788 1789//1789 1918//1918
f 1788//1788 1918//1918 1917//1917
f 1789//1789 1790//1790 1919//1919
f 1789//1789 1919//1919 1918//1918
f 1790//1790 1791//1791 1920//1920
f 1790//1790 1920//1920 1919//1919
f 1791//1791 1792//1792 1921//1921
f 1791//1791 1921//1921 1920//1920
f 1792//1792 1793//1793 1922//1922
f 1792//1792 1922//1922 1921//1921
f 1793//1793 1794//1794 1923//1923
f 1793//1793 1923//1923 1922//1922
f 1794//1794 1795//1795 1924//1924
f 1794//1794 1924//1924 1923//1923
f 1795//1795 1796//1796 1925//1925
f 1795//1795 1925//1925 1924//1924
f 1796//1796 1797//1797 1926//1926
f 1796//1796 1926//1926 1925//1925
f 1797//1797 1798//1798 1927//1927
f 1797//1797 1927//1927 1926//1926
f 1798//1798 1799//1799 1928//1928
f 1798//1798 1928//1928 1927//1927
f 1799//1799 1800//1800 1929//1929
f 1799//1799 1929//1929 1928//1928
f 1800//1800 1801//1801 1930//1930
f 1800//1800 1930//1930 1929//1929
f 1801//1801 1802//1802 1931//1931
f 1801//1801 1931//1931 1930//1930
f 1802//1802 1803//1803 1932//1932
f 1802//1802 1932//1932 1931//1931
f 1803//1803 1804//1804 1933//1933
f 1803//1803 1933//1933 1932//1932
f 1804//1804 1805//1805 1934//1934
f 1804//1804 1934//1934 1933//1933
f 1805//1805 1806//1806 1935//1935
f 1805//1805 1935//1935 1934//1934
f 1806//1806 1807//1807 1936//1936
f 1806//1806 1936//1936 1935//1935
f 1807//1807 1808//1808 1937//1937
f 1807//1807 1937//1937 1936//1936
f 1808//1808 1809//1809 1938//1938
f 1808//1808 1938//1938 1937//1937
f 1809//1809 1810//1810 1939//1939
f 1809//1809 1939//1939 1938//1938
f 1810//1810 1811//1811 1940//1940
f 1810//1810 1940//1940 1939//1939
f 1811//1811 1812//1812 1941//1941
f 1811//1811 1941//1941 1940//1940
f 1812//1812 1813//1813 1942//1942
f 1812//1812 1942//1942 1941//1941
f 1813//1813 1814//1814 1943//1943
f 1813//1813 1943//1943 1942//1942
f 1814//1814 1815//1815 1944//1944
f 1814//1814 1944//1944 1943//1943
f 1815//1815 1816//1816 1945//1945
f 1815//1815 1945//1945 1944//1944
f 1816//1816 1817//1817 1946//1946
f 1816//1816 1946//1946 1945//1945
f 1817//1817 1818//1818 1947//1947
f 1817//1817 1947//1947 1946//1946
f 1818//1818 1819//1819 1948//1948
f 1818//1818 1948//1948 1947//1947
f 1819//1819 1820//1820 1949//1949
f 1819//1819 1949//1949 1948//1948
f 1820//1820 1821//1821 1950//1950
f 1820//1820 1950//1950 1949//1949
f 1821//1821 1822//1822 1951//1951
f 1821//1821 1951//1951 1950//1950
f 1822//1822 1823//1823 1952//1952
f 1822//1822 1952//1952 1951//1951
f 1823//1823 1824//1824 1953//1953
f 1823//1823 1953//1953 1952//1952
f 1824//1824 1825//1825 1954//1954
f 1824//1824 1954//1954 1953//1953
f 1825//1825 1826//1826 1955//1955
f 1825//1825 1955//1955 1954//1954
f 1826//1826 1827//1827 1956//1956
f 1826//1826 1956//1956 1955//1955
f 1827//1827 1828//1828 1957//1957
f 1827//1827 1957//1957 1956//1956
f 1828//1828 1829//1829 1958//1958
f 1828//1828 1958//1958 1957//1957
f 1829//1829 1830//1830 1959//1959
f 1829//1829 1959//1959 1958//1958
f 1830//1830 1831//1831 1960//1960
f 1830//1830 1960//1960 1959//1959
f 1831//1831 1832//1832 1961//1961
f 1831//1831 1961//1961 1960//1960
f 1832//1832 1833//1833 1962//1962
f 1832//1832 1962//1962 1961//1961
f 1833//1833 1834//1834 1963//1963
f 1833//1833 1963//1963 1962//1962
f 1834//1834 1835//1835 1964//1964
f 1834//1834 1964//1964 1963//1963
f 1835//1835 1836//1836 1965//1965
f 1835//1835 1965//1965 1964//1964
f 1836//1836 1837//1837 1966//1966
f 1836//1836 1966//1966 1965//1965
f 1837//1837 1838//1838 1967//1967
f 1837//1837 1967//1967 1966//1966
f 1838//1838 1839//1839 1968//1968
f 1838//1838 1968//1968 1967//1967
f 1839//1839 1840//1840 1969//1969
f 1839//1839 1969//1969 1968//1968
f 1840//1840 1841//1841 1970//1970
f 1840//1840 1970//1970 1969//1969
f 1841//1841 1842//1842 1971//1971
f 1841//1841 1971//1971 1970//1970
f 1842//1842 1843//1843 1972//1972
f 1842//1842 1972//1972 1971//1971
f 1843//1843 1844//1844 1973//1973
f 1843//1843 1973//1973 1972//1972
f 1844//1844 1845//1845 1974//1974
f 1844//1844 1974//1974 1973//1973
f 1845//1845 1846//1846 1975//1975
f 1845//1845 1975//1975 1974//1974
f 1846//1846 1847//1847 1976//1976
f 1846//1846 1976//1976 1975//1975
f 1847//1847 1848//1848 1977//1977
f 1847//1847 1977//1977 1976//1976
f 1848//1848 1849//1849 1978//1978
f 1848//1848 1978//1978 1977//1977
f 1849//1849 1850//1850 1979//1979
f 1849//1849 1979//1979 1978//1978
f 1850//1850 1851//1851 1980//1980
f 1850//1850 1980//1980 1979//1979
f 1851//1851 1852//1852 1981//1981
f 1851//1851 1981//1981 1980//1980
f 1852//1852 1853//1853 1982//1982
f 1852//1852 1982//1982 1981//1981
f 1853//1853 1854//1854 1983//1983
f 1853//1853 1983//1983 1982//1982
f 1854//1854 1855//1855 1984//1984
f 1854//1854 1984//1984 1983//1983
f 1855//1855 1856//1856 1985//1985
f 1855//1855 1985//1985 1984//1984
f 1856//1856 1857//1857 1986//1986
f 1856//1856 1986//1986 1985//1985
f 1857//1857 1858//1858 1987//1987
f 1857//1857 1987//1987 1986//1986
f 1858//1858 1859//1859 1988//1988
f 1858//1858 1988//1988 1987//1987
f 1859//1859 1860//1860 1989//1989
f 1859//1859 1989//1989 1988//1988
f 1860//1860 1861//1861 1990//1990
f 1860//1860 1990//1990 1989//1989
f 1861//1861 1862//1862 1991//1991
f 1861//1861 1991//1991 1990//1990
f 1862//1862 1863//1863 1992//1992
f 1862//1862 1992//1992 1991//1991
f 1863//1863 1864//1864 1993//1993
f 1863//1863 1993//1993 1992//1992
f 1864//1864 1865//1865 1994//1994
f 1864//1864 1994//1994 1993//1993
f 1865//1865 1866//1866 1995//1995
f 1865//1865 1995//1995 1994//1994
f 1866//1866 1867//1867 1996//1996
f 1866//1866 1996//1996 1995//1995
f 1867//1867 1868//1868 1997//1997
f 1867//1867 1997//1997 1996//1996
f 1868//1868 1869//1869 1998//1998
f 1868//1868 1998//1998 1997//1997
f 1869//1869 1870//1870 1999//1999
f 1869//1869 1999//1999 1998//1998
f 1870//1870 1871//1871 2000//2000
f 1870//1870 2000//2000 1999//1999
f 1871//1871 1872//1872 2001//2001
f 1871//1871 2001//2001 2000//2000
f 1872//1872 1873//1873 2002//2002
f 1872//1872 2002//2002 2001//2001
f 1873//1873 1874//1874 2003//2003
f 1873//1873 2003//2003 2002//2002
f 1874//1874 1875//1875 2004//2004
f 1874//1874 2004//2004 2003//2003
f 1875//1875 1876//1876 2005//2005
f 1875//1875 2005//2005 2004//2004
f 1876//1876 1877//1877 2006//2006
f 1876//1876 2006//2006 2005//2005
f 1877//1877 1878//1878 2007//2007
f 1877//1877 2007//2007 2006//2006
f 1878//1878 1879//1879 2008//2008
f 1878//1878 2008//2008 2007//2007
f 1879//1879 1880//1880 2009//2009
f 1879//1879 2009//2009 2008//2008
f 1880//1880 1881//1881 2010//2010
f 1880//1880 2010//2010 2009//2009
f 1881//1881 1882//1882 2011//2011
f 1881//1881 2011//2011 2010//2010
f 1882//1882 1883//1883 2012//2012
f 1882//1882 2012//2012 2011//2011
f 1883//1883 1884//1884 2013//2013
f 1883//1883 2013//2013 2012//2012
f 1884//1884 1885//1885 2014//2014
f 1884//1884 2014//2014 2013//2013
f 1885//1885 1886//1886 2015//2015
f 1885//1885 2015//2015 2014//2014
f 1886//1886 1887//1887 2016//2016
f 1886//1886 2016//2016 2015//2015
f 1887//1887 1888//1888 2017//2017
f 1887//1887 2017//2017 2016//2016
f 1888//1888 1889//1889 2018//2018
f 1888//1888 2018//2018 2017//2017
f 1889//1889 1890//1890 2019//2019
f 1889//1889 2019//2019 2018//2018
f 1890//1890 1891//1891 2020//2020
f 1890//1890 2020//2020 2019//2019
f 1891//1891 1892//1892 2021//2021
f 1891//1891 2021//2021 2020//2020
v 3.1 -0.08 0.45
v 3.10045 -0.08 0.429939
v 3.10182 -0.08 0.409566
v 3.10416 -0.08 0.388937
v 3.10751 -0.08 0.368117
v 3.11191 -0.08 0.347173
v 3.11737 -0.08 0.326179
v 3.12393 -0.08 0.305213
v 3.1316 -0.08 0.284357
v 3.14038 -0.08 0.263697
v 3.15027 -0.08 0.243317
v 3.16127 -0.08 0.223308
v 3.17335 -0.08 0.203756
v 3.18649 -0.08 0.184747
v 3.20064 -0.08 0.166366
v 3.21576 -0.08 0.148692
v 3.2318 -0.08 0.131802
v 3.24869 -0.08 0.115764
v 3.26637 -0.08 0.100641
v 3.28475 -0.08 0.0864882
v 3.30376 -0.08 0.073352
v 3.32331 -0.08 0.0612704
v 3.34332 -0.08 0.0502722
v 3.3637 -0.08 0.040377
v 3.38436 -0.08 0.0315953
v 3.40521 -0.08 0.0239287
v 3.42618 -0.08 0.0173705
v 3.44717 -0.08 0.0119058
v 3.46812 -0.08 0.00751258
v 3.48894 -0.08 0.00416223
v 3.50957 -0.08 0.00182029
v 3.52994 -0.08 0.000447387
v 3.55 -0.08 -1.59595e-16
v 3.57006 -0.08 0.000447387
v 3.59043 -0.08 0.00182029
v 3.61106 -0.08 0.00416223
v 3.63188 -0.08 0.00751258
v 3.65283 -0.08 0.0119058
v 3.67382 -0.08 0.0173705
v 3.69479 -0.08 0.0239287
v 3.71564 -0.08 0.0315953
v 3.7363 -0.08 0.040377
v 3.75668 -0.08 0.0502722
v 3.77669 -0.08 0.0612704
v 3.79624 -0.08 0.073352
v 3.81525 -0.08 0.0864882
v 3.83363 -0.08 0.100641
v 3.85131 -0.08 0.115764
v 3.8682 -0.08 0.131802
v 3.88424 -0.08 0.148692
v 3.89936 -0.08 0.166366
v 3.91351 -0.08 0.184747
v 3.92665 -0.08 0.203756
v 3.93873 -0.08 0.223308
v 3.94973 -0.08 0.243317
v 3.95962 -0.08 0.263697
v 3.9684 -0.08 0.284357
v 3.97607 -0.08 0.305213
v 3.98263 -0.08 0.326179
v 3.98809 -0.08 0.347173
v 3.99249 -0.08 0.368117
v 3.99584 -0.08 0.388937
v 3.99818 -0.08 0.409566
v 3.99955 -0.08 0.429939
v 4 -0.08 0.45
v 3.99955 -0.08 0.470061
v 3.99818 -0.08 0.490434
v 3.99584 -0.08 0.511063
v 3.99249 -0.08 0.531883
v 3.98809 -0.08 0.552827
v 3.98263 -0.08 0.573821
v 3.97607 -0.08 0.594787
v 3.9684 -0.08 0.615643
v 3.95962 -0.08 0.636303
v 3.94973 -0.08 0.656683
v 3.93873 -0.08 0.676692
v 3.92665 -0.08 0.696244
v 3.91351 -0.08 0.715253
v 3.89936 -0.08 0.733634
v 3.88424 -0.08 0.751308
v 3.8682 -0.08 0.768198
v 3.85131 -0.08 0.784236
v 3.83363 -0.08 0.799359
v 3.81525 -0.08 0.813512
v 3.79624 -0.08 0.826648
v 3.77669 -0.08 0.83873
v 3.75668 -0.08 0.849728
v 3.7363 -0.08 0.859623
v 3.71564 -0.08 0.868405
v 3.69479 -0.08 0.876071
v 3.67382 -0.08 0.88263
v 3.65283 -0.08 0.888094
v 3.63188 -0.08 0.892487
v 3.61106 -0.08 0.895838
v 3.59043 -0.08 0.89818
v 3.57006 -0.08 0.899553
v 3.55 -0.08 0.9
v 3.52994 -0.08 0.899553
v 3.50957 -0.08 0.89818
v 3.48894 -0.08 0.895838
v 3.46812 -0.08 0.892487
v 3.44717 -0.08 0.888094
v 3.42618 -0.08 0.88263
v 3.40521 -0.08 0.876071
v 3.38436 -0.08 0.868405
v 3.3637 -0.08 0.859623
v 3.34332 -0.08 0.849728
v 3.32331 -0.08 0.83873
v 3.30376 -0.08 0.826648
v 3.28475 -0.08 0.813512
v 3.26637 -0.08 0.799359
v 3.24869 -0.08 0.784236
v 3.2318 -0.08 0.768198
v 3.21576 -0.08 0.751308
v 3.20064 -0.08 0.733634
v 3.18649 -0.08 0.715253
v 3.17335 -0.08 0.696244
v 3.16127 -0.08 0.676692
v 3.15027 -0.08 0.656683
v 3.14038 -0.08 0.636303
v 3.1316 -0.08 0.615643
v 3.12393 -0.08 0.594787
v 3.11737 -0.08 0.573821
v 3.11191 -0.08 0.552827
v 3.10751 -0.08 0.531883
v 3.10416 -0.08 0.511063
v 3.10182 -0.08 0.490434
v 3.10045 -0.08 0.470061
vn -8.88178e-18 -1 0
vn 1.13798e-17 -1 0
vn 4.44089e-18 -1 0
vn 2.498e-18 -1 0
vn -8.88178e-18 -1 0
vn 6.93889e-18 -1 0
vn 7.91034e-18 -1 0
vn 7.91034e-18 -1 0
vn 7.91034e-18 -1 0
vn 6.93889e-18 -1 0
vn -8.88178e-18 -1 0
vn -4.44089e-18 -1 0
vn -1.23512e-17 -1 0
vn -6.66134e-18 -1 0
vn -1.01308e-17 -1 0
vn -1.249e-18 -1 0
vn -3.19189e-18 -1 0
vn 2.22045e-18 -1 0
vn -1.58207e-17 -1 0
vn -1.23512e-17 -1 0
vn -7.28584e-18 -1 0
vn -1.59595e-18 -1 0
vn 5.20417e-18 -1 0
vn 2.32453e-18 -1 0
vn 1.47105e-17 -1 0
vn 4.68375e-18 -1 0
vn 5.89806e-19 -1 0
vn 1.00614e-17 -1 0
vn -1.15533e-17 -1 0
vn 2.18575e-18 -1 0
vn 3.38271e-18 -1 0
vn -1.23165e-18 -1 0
vn -1.22992e-17 -1 0
vn -1.11022e-18 -1 0
vn 3.31332e-18 -1 0
vn 2.11636e-18 -1 0
vn 1.13798e-17 -1 0
vn 1.66533e-18 -1 0
vn 5.68989e-18 -1 0
vn 1.02696e-17 -1 0
vn -3.57353e-18 -1 0
vn -1.45717e-18 -1 0
vn -3.71231e-18 -1 0
vn -1.8735e-18 -1 0
vn -1.45717e-18 -1 0
vn -7.14706e-18 -1 0
vn -1.01308e-17 -1 0
vn 1.94289e-18 -1 0
vn -1.18655e-17 -1 0
vn 1.13798e-17 -1 0
vn -5.41234e-18 -1 0
vn -8.88178e-18 -1 0
vn -1.23512e-17 -1 0
vn -7.91034e-18 -1 0
vn 6.93889e-18 -1 0
vn 6.93889e-18 -1 0
vn 1.13798e-17 -1 0
vn 1.13798e-17 -1 0
vn 1.13798e-17 -1 0
vn 1.94289e-18 -1 0
vn -8.88178e-18 -1 0
vn -8.88178e-18 -1 0
vn 1.13798e-17 -1 0
vn 1.13798e-17 -1 0
vn -8.88178e-18 -1 0
vn 1.58207e-17 -1 0
vn 8.88178e-18 -1 0
vn -8.88178e-18 -1 0
vn -8.88178e-18 -1 0
vn -1.58207e-17 -1 0
vn 1.58207e-17 -1 0
vn -8.88178e-18 -1 0
vn 8.88178e-18 -1 0
vn -8.88178e-18 -1 0
vn -8.88178e-18 -1 0
vn -6.93889e-18 -1 0
vn -1.58207e-17 -1 0
vn -1.58207e-17 -1 0
vn -8.88178e-18 -1 0
vn 0 -1 0
vn -8.88178e-18 -1 0
vn 8.88178e-18 -1 0
vn -8.88178e-18 -1 0
vn -2.27596e-17 -1 0
vn 0 -1 0
vn 0 -1 0
vn 0 -1 0
vn -2.27596e-17 -1 0
vn -8.88178e-18 -1 0
vn 0 -1 0
vn 0 -1 0
vn 8.88178e-18 -1 0
vn 8.88178e-18 -1 0
vn 0 -1 0
vn 8.88178e-18 -1 0
vn -8.88178e-18 -1 0
vn 0 -1 0
vn 0 -1 0
vn 8.88178e-18 -1 0
vn 0 -1 0
vn 8.88178e-18 -1 0
vn 8.88178e-18 -1 0
vn 0 -1 0
vn 0 -1 0
vn -8.88178e-18 -1 0
vn -2.27596e-17 -1 0
vn 0 -1 0
vn 0 -1 0
vn 0 -1 0
vn -8.88178e-18 -1 0
vn -8.88178e-18 -1 0
vn 8.88178e-18 -1 0
vn -8.88178e-18 -1 0
vn 0 -1 0
vn -8.88178e-18 -1 0
vn -1.58207e-17 -1 0
vn -1.58207e-17 -1 0
vn -6.93889e-18 -1 0
vn -1.94289e-18 -1 0
vn -8.88178e-18 -1 0
vn 1.58207e-17 -1 0
vn -8.88178e-18 -1 0
vn 1.58207e-17 -1 0
vn -1.58207e-17 -1 0
vn -8.88178e-18 -1 0
vn -8.88178e-18 -1 0
vn 6.93889e-18 -1 0
vn 1.58207e-17 -1 0
g WheelRL_f1
usemtl rubber
f 2149//2149 2022//2022 2023//2023
f 2149//2149 2023//2023 2024//2024
f 2149//2149 2024//2024 2025//2025
f 2149//2149 2025//2025 2026//2026
f 2149//2149 2026//2026 2027//2027
f 2149//2149 2027//2027 2028//2028
f 2149//2149 2028//2028 2029//2029
f 2149//2149 2029//2029 2030//2030
f 2149//2149 2030//2030 2031//2031
f 2149//2149 2031//2031 2032//2032
f 2149//2149 2032//2032 2033//2033
f 2149//2149 2033//2033 2034//2034
f 2149//2149 2034//2034 2035//2035
f 2149//2149 2035//2035 2036//2036
f 2149//2149 2036//2036 2037//2037
f 2149//2149 2037//2037 2038//2038
f 2149//2149 2038//2038 2039//2039
f 2149//2149 2039//2039 2040//2040
f 2149//2149 2040//2040 2041//2041
f 2149//2149 2041//2041 2042//2042
f 2149//2149 2042//2042 2043//2043
f 2149//2149 2043//2043 2044//2044
f 2149//2149 2044//2044 2045//2045
f 2149//2149 2045//2045 2046//2046
f 2149//2149 2046//2046 2047//2047
f 2149//2149 2047//2047 2048//2048
f 2149//2149 2048//2048 2049//2049
f 2149//2149 2049//2049 2050//2050
f 2149//2149 2050//2050 2051//2051
f 2149//2149 2051//2051 2052//2052
f 2149//2149 2052//2052 2053//2053
f 2149//2149 2053//2053 2054//2054
f 2149//2149 2054//2054 2055//2055
f 2149//2149 2055//2055 2056//2056
f 2149//2149 2056//2056 2057//2057
f 2149//2149 2057//2057 2058//2058
f 2149//2149 2058//2058 2059//2059
f 2149//2149 2059//2059 2060//2060
f 2149//2149 2060//2060 2061//2061
f 2149//2149 2061//2061 2062//2062
f 2149//2149 2062//2062 2063//2063
f 2149//2149 2063//2063 2064//2064
f 2149//2149 2064//2064 2065//2065
f 2149//2149 2065//2065 2066//2066
f 2149//2149 2066//2066 2067//2067
f 2149//2149 2067//2067 2068//2068
f 2149//2149 2068//2068 2069//2069
f 2149//2149 2069//2069 2070//2070
f 2149//2149 2070//2070 2071//2071
f 2149//2149 2071//2071 2072//2072
f 2149//2149 2072//2072 2073//2073
f 2149//2149 2073//2073 2074//2074
f 2149//2149 2074//2074 2075//2075
f 2149//2149 2075//2075 2076//2076
f 2149//2149 2076//2076 2077//2077
f 2149//2149 2077//2077 2078//2078
f 2149//2149 2078//2078 2079//2079
f 2149//2149 2079//2079 2080//2080
f 2149//2149 2080//2080 2081//2081
f 2149//2149 2081//2081 2082//2082
f 2149//2149 2082//2082 2083//2083
f 2149//2149 2083//2083 2084//2084
f 2149//2149 2084//2084 2085//2085
f 2149//2149 2085//2085 2086//2086
f 2149//2149 2086//2086 2087//2087
f 2149//2149 2087//2087 2088//2088
f 2149//2149 2088//2088 2089//2089
f 2149//2149 2089//2089 2090//2090
f 2149//2149 2090//2090 2091//2091
f 2149//2149 2091//2091 2092//2092
f 2149//2149 2092//2092 2093//2093
f 2149//2149 2093//2093 2094//2094
f 2149//2149 2094//2094 2095//2095
f 2149//2149 2095//2095 2096//2096
f 2149//2149 2096//2096 2097//2097
f 2149//2149 2097//2097 2098//2098
f 2149//2149 2098//2098 2099//2099
f 2149//2149 2099//2099 2100//2100
f 2149//2149 2100//2100 2101//2101
f 2149//2149 2101//2101 2102//2102
f 2149//2149 2102//2102 2103//2103
f 2149//2149 2103//2103 2104//2104
f 2149//2149 2104//2104 2105//2105
f 2149//2149 2105//2105 2106//2106
f 2149//2149 2106//2106 2107//2107
f 2149//2149 2107//2107 2108//2108
f 2149//2149 2108//2108 2109//2109
f 2149//2149 2109//2109 2110//2110
f 2149//2149 2110//2110 2111//2111
f 2149//2149 2111//2111 2112//2112
f 2149//2149 2112//2112 2113//2113
f 2149//2149 2113//2113 2114//2114
f 2149//2149 2114//2114 2115//2115
f 2149//2149 2115//2115 2116//2116
f 2149//2149 2116//2116 2117//2117
f 2149//2149 2117//2117 2118//2118
f 2149//2149 2118//2118 2119//2119
f 2149//2149 2119//2119 2120//2120
f 2149//2149 2120//2120 2121//2121
f 2149//2149 2121//2121 2122//2122
f 2149//2149 2122//2122 2123//2123
f 2149//2149 2123//2123 2124//2124
f 2149//2149 2124//2124 2125//2125
f 2149//2149 2125//2125 2126//2126
f 2149//2149 2126//2126 2127//2127
f 2149//2149 2127//2127 2128//2128
f 2149//2149 2128//2128 2129//2129
f 2149//2149 2129//2129 2130//2130
f 2149//2149 2130//2130 2131//2131
f 2149//2149 2131//2131 2132//2132
f 2149//2149 2132//2132 2133//2133
f 2149//2149 2133//2133 2134//2134
f 2149//2149 2134//2134 2135//2135
f 2149//2149 2135//2135 2136//2136
f 2149//2149 2136//2136 2137//2137
f 2149//2149 2137//2137 2138//2138
f 2149//2149 2138//2138 2139//2139
f 2149//2149 2139//2139 2140//2140
f 2149//2149 2140//2140 2141//2141
f 2149//2149 2141//2141 2142//2142
f 2149//2149 2142//2142 2143//2143
f 2149//2149 2143//2143 2144//2144
f 2149//2149 2144//2144 2145//2145
f 2149//2149 2145//2145 2146//2146
f 2149//2149 2146//2146 2147//2147
f 2147//2147 2148//2148 2149//2149
v 3.1 0.26 0.45
v 3.10045 0.26 0.470061
v 3.10182 0.26 0.490434
v 3.10416 0.26 0.511063
v 3.10751 0.26 0.531883
v 3.11191 0.26 0.552827
v 3.11737 0.26 0.573821
v 3.12393 0.26 0.594787
v 3.1316 0.26 0.615643
v 3.14038 0.26 0.636303
v 3.15027 0.26 0.656683
v 3.16127 0.26 0.676692
v 3.17335 0.26 0.696244
v 3.18649 0.26 0.715253
v 3.20064 0.26 0.733634
v 3.21576 0.26 0.751308
v 3.2318 0.26 0.768198
v 3.24869 0.26 0.784236
v 3.26637 0.26 0.799359
v 3.28475 0.26 0.813512
v 3.30376 0.26 0.826648
v 3.32331 0.26 0.83873
v 3.34332 0.26 0.849728
v 3.3637 0.26 0.859623
v 3.38436 0.26 0.868405
v 3.40521 0.26 0.876071
v 3.42618 0.26 0.88263
v 3.44717 0.26 0.888094
v 3.46812 0.26 0.892487
v 3.48894 0.26 0.895838
v 3.50957 0.26 0.89818
v 3.52994 0.26 0.899553
v 3.55 0.26 0.9
v 3.57006 0.26 0.899553
v 3.59043 0.26 0.89818
v 3.61106 0.26 0.895838
v 3.63188 0.26 0.892487
v 3.65283 0.26 0.888094
v 3.67382 0.26 0.88263
v 3.69479 0.26 0.876071
v 3.71564 0.26 0.868405
v 3.7363 0.26 0.859623
v 3.75668 0.26 0.849728
v 3.77669 0.26 0.83873
v 3.79624 0.26 0.826648
v 3.81525 0.26 0.813512
v 3.83363 0.26 0.799359
v 3.85131 0.26 0.784236
v 3.8682 0.26 0.768198
v 3.88424 0.26 0.751308
v 3.89936 0.26 0.733634
v 3.91351 0.26 0.715253
v 3.92665 0.26 0.696244
v 3.93873 0.26 0.676692
v 3.94973 0.26 0.656683
v 3.95962 0.26 0.636303
v 3.9684 0.26 0.615643
v 3.97607 0.26 0.594787
v 3.98263 0.26 0.573821
v 3.98809 0.26 0.552827
v 3.99249 0.26 0.531883
v 3.99584 0.26 0.511063
v 3.99818 0.26 0.490434
v 3.99955 0.26 0.470061
v 4 0.26 0.45
v 3.99955 0.26 0.429939
v 3.99818 0.26 0.409566
v 3.99584 0.26 0.388937
v 3.99249 0.26 0.368117
v 3.98809 0.26 0.347173
v 3.98263 0.26 0.326179
v 3.97607 0.26 0.305213
v 3.9684 0.26 0.284357
v 3.95962 0.26 0.263697
v 3.94973 0.26 0.243317
v 3.93873 0.26 0.223308
v 3.92665 0.26 0.203756
v 3.91351 0.26 0.184747
v 3.89936 0.26 0.166366
v 3.88424 0.26 0.148692
v 3.8682 0.26 0.131802
v 3.85131 0.26 0.115764
v 3.83363 0.26 0.100641
v 3.81525 0.26 0.0864882
v 3.79624 0.26 0.073352
v 3.77669 0.26 0.0612704
v 3.75668 0.26 0.0502722
v 3.7363 0.26 0.040377
v 3.71564 0.26 0.0315953
v 3.69479 0.26 0.0239287
v 3.67382 0.26 0.0173705
v 3.65283 0.26 0.0119058
v 3.63188 0.26 0.00751258
v 3.61106 0.26 0.00416223
v 3.59043 0.26 0.00182029
v 3.57006 0.26 0.000447387
v 3.55 0.26 -1.59595e-16
v 3.52994 0.26 0.000447387
v 3.50957 0.26 0.00182029
v 3.48894 0.26 0.00416223
v 3.46812 0.26 0.00751258
v 3.44717 0.26 0.0119058
v 3.42618 0.26 0.0173705
v 3.40521 0.26 0.0239287
v 3.38436 0.26 0.0315953
v 3.3637 0.26 0.040377
v 3.34332 0.26 0.0502722
v 3.32331 0.26 0.0612704
v 3.30376 0.26 0.073352
v 3.28475 0.26 0.0864882
v 3.26637 0.26 0.100641
v 3.24869 0.26 0.115764
v 3.2318 0.26 0.131802
v 3.21576 0.26 0.148692
v 3.20064 0.26 0.166366
v 3.18649 0.26 0.184747
v 3.17335 0.26 0.203756
v 3.16127 0.26 0.223308
v 3.15027 0.26 0.243317
v 3.14038 0.26 0.263697
v 3.1316 0.26 0.284357
v 3.12393 0.26 0.305213
v 3.11737 0.26 0.326179
v 3.11191 0.26 0.347173
v 3.10751 0.26 0.368117
v 3.10416 0.26 0.388937
v 3.10182 0.26 0.409566
v 3.10045 0.26 0.429939
vn 0 1 -0
vn 1.11022e-18 1 -0
vn -5.66214e-17 1 0
vn 1.11022e-18 1 -0
vn 1.11022e-18 1 -0
vn 0 1 -0
vn -2.77556e-17 1 0
vn 1.11022e-18 1 -0
vn -5.66214e-17 1 0
vn 2.88658e-17 1 -0
vn 1.11022e-18 1 -0
vn 0 1 -0
vn 0 1 -0
vn 2.88658e-17 1 -0
vn 2.88658e-17 1 -0
vn 2.77556e-17 1 -0
vn 2.88658e-17 1 -0
vn -2.88658e-17 1 0
vn 1.11022e-18 1 -0
vn 2.88658e-17 1 -0
vn 0 1 -0
vn -2.77556e-17 1 0
vn -5.66214e-17 1 0
vn 2.88658e-17 1 -0
vn 2.88658e-17 1 -0
vn 0 1 -0
vn 0 1 -0
vn -5.66214e-17 1 0
vn -2.88658e-17 1 0
vn 0 1 -0
vn -2.88658e-17 1 0
vn 2.88658e-17 1 -0
vn 0 1 -0
vn 0 1 -0
vn -2.88658e-17 1 0
vn 0 1 -0
vn -5.66214e-17 1 0
vn -5.66214e-17 1 0
vn 0 1 -0
vn 0 1 -0
vn 2.88658e-17 1 -0
vn 2.88658e-17 1 -0
vn -5.66214e-17 1 0
vn -2.77556e-17 1 0
vn 0 1 -0
vn 2.88658e-17 1 -0
vn 2.88658e-17 1 -0
vn 2.88658e-17 1 -0
vn 2.88658e-17 1 -0
vn 2.77556e-17 1 -0
vn 2.88658e-17 1 -0
vn 2.88658e-17 1 -0
vn 2.88658e-17 1 -0
vn 2.88658e-17 1 -0
vn 1.11022e-18 1 -0
vn 2.88658e-17 1 -0
vn -5.66214e-17 1 0
vn 1.11022e-18 1 -0
vn -5.66214e-17 1 0
vn 1.11022e-18 1 -0
vn 2.88658e-17 1 -0
vn 1.11022e-18 1 -0
vn -2.77556e-17 1 0
vn -5.66214e-17 1 0
vn 1.11022e-18 1 -0
vn -4.21885e-17 1 0
vn -2.83107e-17 1 0
vn 5.55112e-19 1 -0
vn -5.55112e-19 1 0
vn 5.55112e-19 1 -0
vn -4.21885e-17 1 0
vn 1.11022e-18 1 -0
vn -4.21885e-17 1 0
vn -2.77556e-17 1 0
vn 5.55112e-19 1 -0
vn 1.4988e-17 1 -0
vn 1.44329e-17 1 -0
vn 2.19269e-17 1 -0
vn 2.19269e-17 1 -0
vn 1.41553e-17 1 -0
vn 7.49401e-18 1 -0
vn -1.11022e-18 1 0
vn -4.21885e-17 1 0
vn 2.19269e-17 1 -0
vn 6.93889e-18 1 -0
vn 2.06779e-17 1 -0
vn 1.70697e-17 1 -0
vn 2.51188e-17 1 -0
vn -3.89966e-17 1 0
vn 3.19189e-18 1 -0
vn 6.66134e-18 1 -0
vn 1.88738e-17 1 -0
vn -3.35842e-17 1 0
vn 7.21645e-18 1 -0
vn -1.81799e-17 1 0
vn 2.44943e-17 1 -0
vn 4.76702e-17 1 -0
vn 2.44943e-17 1 -0
vn -1.81105e-17 1 0
vn 7.49401e-18 1 -0
vn 2.34535e-17 1 -0
vn -3.747e-17 1 0
vn 2.63678e-18 1 -0
vn 3.60822e-18 1 -0
vn -3.91354e-17 1 0
vn 2.498e-17 1 -0
vn 1.72085e-17 1 -0
vn 2.15106e-17 1 -0
vn 6.93889e-18 1 -0
vn -3.55271e-17 1 0
vn 7.77156e-18 1 -0
vn -3.4972e-17 1 0
vn -4.94049e-17 1 0
vn 1.47105e-17 1 -0
vn 2.13718e-17 1 -0
vn 2.13718e-17 1 -0
vn 1.44329e-17 1 -0
vn 1.44329e-17 1 -0
vn 1.11022e-18 1 -0
vn -2.83107e-17 1 0
vn -4.21885e-17 1 0
vn 1.11022e-18 1 -0
vn 1.44329e-17 1 -0
vn 5.55112e-19 1 -0
vn 2.83107e-17 1 -0
vn -5.55112e-19 1 0
vn 1.38778e-17 1 -0
vn -1.11022e-18 1 0
g WheelRL_f2
usemtl rubber
f 2277//2277 2150//2150 2151//2151
f 2277//2277 2151//2151 2152//2152
f 2277//2277 2152//2152 2153//2153
f 2277//2277 2153//2153 2154//2154
f 2277//2277 2154//2154 2155//2155
f 2277//2277 2155//2155 2156//2156
f 2277//2277 2156//2156 2157//2157
f 2277//2277 2157//2157 2158//2158
f 2277//2277 2158//2158 2159//2159
f 2277//2277 2159//2159 2160//2160
f 2277//2277 2160//2160 2161//2161
f 2277//2277 2161//2161 2162//2162
f 2277//2277 2162//2162 2163//2163
f 2277//2277 2163//2163 2164//2164
f 2277//2277 2164//2164 2165//2165
f 2277//2277 2165//2165 2166//2166
f 2277//2277 2166//2166 2167//2167
f 2277//2277 2167//2167 2168//2168
f 2277//2277 2168//2168 2169//2169
f 2277//2277 2169//2169 2170//2170
f 2277//2277 2170//2170 2171//2171
f 2277//2277 2171//2171 2172//2172
f 2277//2277 2172//2172 2173//2173
f 2277//2277 2173//2173 2174//2174
f 2277//2277 2174//2174 2175//2175
f 2277//2277 2175//2175 2176//2176
f 2277//2277 2176//2176 2177//2177
f 2277//2277 2177//2177 2178//2178
f 2277//2277 2178//2178 2179//2179
f 2277//2277 2179//2179 2180//2180
f 2277//2277 2180//2180 2181//2181
f 2277//2277 2181//2181 2182//2182
f 2277//2277 2182//2182 2183//2183
f 2277//2277 2183//2183 2184//2184
f 2277//2277 2184//2184 2185//2185
f 2277//2277 2185//2185 2186//2186
f 2277//2277 2186//2186 2187//2187
f 2277//2277 2187//2187 2188//2188
f 2277//2277 2188//2188 2189//2189
f 2277//2277 2189//2189 2190//2190
f 2277//2277 2190//2190 2191//2191
f 2277//2277 2191//2191 2192//2192
f 2277//2277 2192//2192 2193//2193
f 2277//2277 2193//2193 2194//2194
f 2277//2277 2194//2194 2195//2195
f 2277//2277 2195//2195 2196//2196
f 2277//2277 2196//2196 2197//2197
f 2277//2277 2197//2197 2198//2198
f 2277//2277 2198//2198 2199//2199
f 2277//2277 2199//2199 2200//2200
f 2277//2277 2200//2200 2201//2201
f 2277//2277 2201//2201 2202//2202
f 2277//2277 2202//2202 2203//2203
f 2277//2277 2203//2203 2204//2204
f 2277//2277 2204//2204 2205//2205
f 2277//2277 2205//2205 2206//2206
f 2277//2277 2206//2206 2207//2207
f 2277//2277 2207//2207 2208//2208
f 2277//2277 2208//2208 2209//2209
f 2277//2277 2209//2209 2210//2210
f 2277//2277 2210//2210 2211//2211
f 2277//2277 2211//2211 2212//2212
f 2277//2277 2212//2212 2213//2213
f 2277//2277 2213//2213 2214//2214
f 2277//2277 2214//2214 2215//2215
f 2277//2277 2215//2215 2216//2216
f 2277//2277 2216//2216 2217//2217
f 2277//2277 2217//2217 2218//2218
f 2277//2277 2218//2218 2219//2219
f 2277//2277 2219//2219 2220//2220
f 2277//2277 2220//2220 2221//2221
f 2277//2277 2221//2221 2222//2222
f 2277//2277 2222//2222 2223//2223
f 2277//2277 2223//2223 2224//2224
f 2277//2277 2224//2224 2225//2225
f 2277//2277 2225//2225 2226//2226
f 2277//2277 2226//2226 2227//2227
f 2277//2277 2227//2227 2228//2228
f 2277//2277 2228//2228 2229//2229
f 2277//2277 2229//2229 2230//2230
f 2277//2277 2230//2230 2231//2231
f 2277//2277 2231//2231 2232//2232
f 2277//2277 2232//2232 2233//2233
f 2277//2277 2233//2233 2234//2234
f 2277//2277 2234//2234 2235//2235
f 2277//2277 2235//2235 2236//2236
f 2277//2277 2236//2236 2237//2237
f 2277//2277 2237//2237 2238//2238
f 2277//2277 2238//2238 2239//2239
f 2277//2277 2239//2239 2240//2240
f 2277//2277 2240//2240 2241//2241
f 2277//2277 2241//2241 2242//2242
f 2277//2277 2242//2242 2243//2243
f 2277//2277 2243//2243 2244//2244
f 2277//2277 2244//2244 2245//2245
f 2277//2277 2245//2245 2246//2246
f 2277//2277 2246//2246 2247//2247
f 2277//2277 2247//2247 2248//2248
f 2277//2277 2248//2248 2249//2249
f 2277//2277 2249//2249 2250//2250
f 2277//2277 2250//2250 2251//2251
f 2277//2277 2251//2251 2252//2252
f 2277//2277 2252//2252 2253//2253
f 2277//2277 2253//2253 2254//2254
f 2277//2277 2254//2254 2255//2255
f 2277//2277 2255//2255 2256//2256
f 2277//2277 2256//2256 2257//2257
f 2277//2277 2257//2257 2258//2258
f 2277//2277 2258//2258 2259//2259
f 2277//2277 2259//2259 2260//2260
f 2277//2277 2260//2260 2261//2261
f 2277//2277 2261//2261 2262//2262
f 2277//2277 2262//2262 2263//2263
f 2277//2277 2263//2263 2264//2264
f 2277//2277 2264//2264 2265//2265
f 2277//2277 2265//2265 2266//2266
f 2277//2277 2266//2266 2267//2267
f 2277//2277 2267//2267 2268//2268
f 2277//2277 2268//2268 2269//2269
f 2277//2277 2269//2269 2270//2270
f 2277//2277 2270//2270 2271//2271
f 2277//2277 2271//2271 2272//2272
f 2277//2277 2272//2272 2273//2273
f 2277//2277 2273//2273 2274//2274
f 2277//2277 2274//2274 2275//2275
f 2275//2275 2276//2276 2277//2277
o WheelRR
v 3.1 1.74 0.45
v 3.10045 1.74 0.470061
v 3.10182 1.74 0.490434
v 3.10416 1.74 0.511063
v 3.10751 1.74 0.531883
v 3.11191 1.74 0.552827
v 3.11737 1.74 0.573821
v 3.12393 1.74 0.594787
v 3.1316 1.74 0.615643
v 3.14038 1.74 0.636303
v 3.15027 1.74 0.656683
v 3.16127 1.74 0.676692
v 3.17335 1.74 0.696244
v 3.18649 1.74 0.715253
v 3.20064 1.74 0.733634
v 3.21576 1.74 0.751308
v 3.2318 1.74 0.768198
v 3.24869 1.74 0.784236
v 3.26637 1.74 0.799359
v 3.28475 1.74 0.813512
v 3.30376 1.74 0.826648
v 3.32331 1.74 0.83873
v 3.34332 1.74 0.849728
v 3.3637 1.74 0.859623
v 3.38436 1.74 0.868405
v 3.40521 1.74 0.876071
v 3.42618 1.74 0.88263
v 3.44717 1.74 0.888094
v 3.46812 1.74 0.892487
v 3.48894 1.74 0.895838
v 3.50957 1.74 0.89818
v 3.52994 1.74 0.899553
v 3.55 1.74 0.9
v 3.57006 1.74 0.899553
v 3.59043 1.74 0.89818
v 3.61106 1.74 0.895838
v 3.63188 1.74 0.892487
v 3.65283 1.74 0.888094
v 3.67382 1.74 0.88263
v 3.69479 1.74 0.876071
v 3.71564 1.74 0.868405
v 3.7363 1.74 0.859623
v 3.75668 1.74 0.849728
v 3.77669 1.74 0.83873
v 3.79624 1.74 0.826648
v 3.81525 1.74 0.813512
v 3.83363 1.74 0.799359
v 3.85131 1.74 0.784236
v 3.8682 1.74 0.768198
v 3.88424 1.74 0.751308
v 3.89936 1.74 0.733634
v 3.91351 1.74 0.715253
v 3.92665 1.74 0.696244
v 3.93873 1.74 0.676692
v 3.94973 1.74 0.656683
v 3.95962 1.74 0.636303
v 3.9684 1.74 0.615643
v 3.97607 1.74 0.594787
v 3.98263 1.74 0.573821
v 3.98809 1.74 0.552827
v 3.99249 1.74 0.531883
v 3.99584 1.74 0.511063
v 3.99818 1.74 0.490434
v 3.99955 1.74 0.470061
v 4 1.74 0.45
v 3.99955 1.74 0.429939
v 3.99818 1.74 0.409566
v 3.99584 1.74 0.388937
v 3.99249 1.74 0.368117
v 3.98809 1.74 0.347173
v 3.98263 1.74 0.326179
v 3.97607 1.74 0.305213
v 3.9684 1.74 0.284357
v 3.95962 1.74 0.263697
v 3.94973 1.74 0.243317
v 3.93873 1.74 0.223308
v 3.92665 1.74 0.203756
v 3.91351 1.74 0.184747
v 3.89936 1.74 0.166366
v 3.88424 1.74 0.148692
v 3.8682 1.74 0.131802
v 3.85131 1.74 0.115764
v 3.83363 1.74 0.100641
v 3.81525 1.74 0.0864882
v 3.79624 1.74 0.073352
v 3.77669 1.74 0.0612704
v 3.75668 1.74 0.0502722
v 3.7363 1.74 0.040377
v 3.71564 1.74 0.0315953
v 3.69479 1.74 0.0239287
v 3.67382 1.74 0.0173705
v 3.65283 1.74 0.0119058
v 3.63188 1.74 0.00751258
v 3.61106 1.74 0.00416223
v 3.59043 1.74 0.00182029
v 3.57006 1.74 0.000447387
v 3.55 1.74 -1.66533e-16
v 3.52994 1.74 0.000447387
v 3.50957 1.74 0.00182029
v 3.48894 1.74 0.00416223
v 3.46812 1.74 0.00751258
v 3.44717 1.74 0.0119058
v 3.42618 1.74 0.0173705
v 3.40521 1.74 0.0239287
v 3.38436 1.74 0.0315953
v 3.3637 1.74 0.040377
v 3.34332 1.74 0.0502722
v 3.32331 1.74 0.0612704
v 3.30376 1.74 0.073352
v 3.28475 1.74 0.0864882
v 3.26637 1.74 0.100641
v 3.24869 1.74 0.115764
v 3.2318 1.74 0.131802
v 3.21576 1.74 0.148692
v 3.20064 1.74 0.166366
v 3.18649 1.74 0.184747
v 3.17335 1.74 0.203756
v 3.16127 1.74 0.223308
v 3.15027 1.74 0.243317
v 3.14038 1.74 0.263697
v 3.1316 1.74 0.284357
v 3.12393 1.74 0.305213
v 3.11737 1.74 0.326179
v 3.11191 1.74 0.347173
v 3.10751 1.74 0.368117
v 3.10416 1.74 0.388937
v 3.10182 1.74 0.409566
v 3.10045 1.74 0.429939
v 3.1 1.74 0.45
v 3.1 1.91 0.45
v 3.10045 1.91 0.470061
v 3.10182 1.91 0.490434
v 3.10416 1.91 0.511063
v 3.10751 1.91 0.531883
v 3.11191 1.91 0.552827
v 3.11737 1.91 0.573821
v 3.12393 1.91 0.594787
v 3.1316 1.91 0.615643
v 3.14038 1.91 0.636303
v 3.15027 1.91 0.656683
v 3.16127 1.91 0.676692
v 3.17335 1.91 0.696244
v 3.18649 1.91 0.715253
v 3.20064 1.91 0.733634
v 3.21576 1.91 0.751308
v 3.2318 1.91 0.768198
v 3.24869 1.91 0.784236
v 3.26637 1.91 0.799359
v 3.28475 1.91 0.813512
v 3.30376 1.91 0.826648
v 3.32331 1.91 0.83873
v 3.34332 1.91 0.849728
v 3.3637 1.91 0.859623
v 3.38436 1.91 0.868405
v 3.40521 1.91 0.876071
v 3.42618 1.91 0.88263
v 3.44717 1.91 0.888094
v 3.46812 1.91 0.892487
v 3.48894 1.91 0.895838
v 3.50957 1.91 0.89818
v 3.52994 1.91 0.899553
v 3.55 1.91 0.9
v 3.57006 1.91 0.899553
v 3.59043 1.91 0.89818
v 3.61106 1.91 0.895838
v 3.63188 1.91 0.892487
v 3.65283 1.91 0.888094
v 3.67382 1.91 0.88263
v 3.69479 1.91 0.876071
v 3.71564 1.91 0.868405
v 3.7363 1.91 0.859623
v 3.75668 1.91 0.849728
v 3.77669 1.91 0.83873
v 3.79624 1.91 0.826648
v 3.81525 1.91 0.813512
v 3.83363 1.91 0.799359
v 3.85131 1.91 0.784236
v 3.8682 1.91 0.768198
v 3.88424 1.91 0.751308
v 3.89936 1.91 0.733634
v 3.91351 1.91 0.715253
v 3.92665 1.91 0.696244
v 3.93873 1.91 0.676692
v 3.94973 1.91 0.656683
v 3.95962 1.91 0.636303
v 3.9684 1.91 0.615643
v 3.97607 1.91 0.594787
v 3.98263 1.91 0.573821
v 3.98809 1.91 0.552827
v 3.99249 1.91 0.531883
v 3.99584 1.91 0.511063
v 3.99818 1.91 0.490434
v 3.99955 1.91 0.470061
v 4 1.91 0.45
v 3.99955 1.91 0.429939
v 3.99818 1.91 0.409566
v 3.99584 1.91 0.388937
v 3.99249 1.91 0.368117
v 3.98809 1.91 0.347173
v 3.98263 1.91 0.326179
v 3.97607 1.91 0.305213
v 3.9684 1.91 0.284357
v 3.95962 1.91 0.263697
v 3.94973 1.91 0.243317
v 3.93873 1.91 0.223308
v 3.92665 1.91 0.203756
v 3.91351 1.91 0.184747
v 3.89936 1.91 0.166366
v 3.88424 1.91 0.148692
v 3.8682 1.91 0.131802
v 3.85131 1.91 0.115764
v 3.83363 1.91 0.100641
v 3.81525 1.91 0.0864882
v 3.79624 1.91 0.073352
v 3.77669 1.91 0.0612704
v 3.75668 1.91 0.0502722
v 3.7363 1.91 0.040377
v 3.71564 1.91 0.0315953
v 3.69479 1.91 0.0239287
v 3.67382 1.91 0.0173705
v 3.65283 1.91 0.0119058
v 3.63188 1.91 0.00751258
v 3.61106 1.91 0.00416223
v 3.59043 1.91 0.00182029
v 3.57006 1.91 0.000447387
v 3.55 1.91 -1.66533e-16
v 3.52994 1.91 0.000447387
v 3.50957 1.91 0.00182029
v 3.48894 1.91 0.00416223
v 3.46812 1.91 0.00751258
v 3.44717 1.91 0.0119058
v 3.42618 1.91 0.0173705
v 3.40521 1.91 0.0239287
v 3.38436 1.91 0.0315953
v 3.3637 1.91 0.040377
v 3.34332 1.91 0.0502722
v 3.32331 1.91 0.0612704
v 3.30376 1.91 0.073352
v 3.28475 1.91 0.0864882
v 3.26637 1.91 0.100641
v 3.24869 1.91 0.115764
v 3.2318 1.91 0.131802
v 3.21576 1.91 0.148692
v 3.20064 1.91 0.166366
v 3.18649 1.91 0.184747
v 3.17335 1.91 0.203756
v 3.16127 1.91 0.223308
v 3.15027 1.91 0.243317
v 3.14038 1.91 0.263697
v 3.1316 1.91 0.284357
v 3.12393 1.91 0.305213
v 3.11737 1.91 0.326179
v 3.11191 1.91 0.347173
v 3.10751 1.91 0.368117
v 3.10416 1.91 0.388937
v 3.10182 1.91 0.409566
v 3.10045 1.91 0.429939
v 3.1 1.91 0.45
v 3.1 2.08 0.45
v 3.10045 2.08 0.470061
v 3.10182 2.08 0.490434
v 3.10416 2.08 0.511063
v 3.10751 2.08 0.531883
v 3.11191 2.08 0.552827
v 3.11737 2.08 0.573821
v 3.12393 2.08 0.594787
v 3.1316 2.08 0.615643
v 3.14038 2.08 0.636303
v 3.15027 2.08 0.656683
v 3.16127 2.08 0.676692
v 3.17335 2.08 0.696244
v 3.18649 2.08 0.715253
v 3.20064 2.08 0.733634
v 3.21576 2.08 0.751308
v 3.2318 2.08 0.768198
v 3.24869 2.08 0.784236
v 3.26637 2.08 0.799359
v 3.28475 2.08 0.813512
v 3.30376 2.08 0.826648
v 3.32331 2.08 0.83873
v 3.34332 2.08 0.849728
v 3.3637 2.08 0.859623
v 3.38436 2.08 0.868405
v 3.40521 2.08 0.876071
v 3.42618 2.08 0.88263
v 3.44717 2.08 0.888094
v 3.46812 2.08 0.892487
v 3.48894 2.08 0.895838
v 3.50957 2.08 0.89818
v 3.52994 2.08 0.899553
v 3.55 2.08 0.9
v 3.57006 2.08 0.899553
v 3.59043 2.08 0.89818
v 3.61106 2.08 0.895838
v 3.63188 2.08 0.892487
v 3.65283 2.08 0.888094
v 3.67382 2.08 0.88263
v 3.69479 2.08 0.876071
v 3.71564 2.08 0.868405
v 3.7363 2.08 0.859623
v 3.75668 2.08 0.849728
v 3.77669 2.08 0.83873
v 3.79624 2.08 0.826648
v 3.81525 2.08 0.813512
v 3.83363 2.08 0.799359
v 3.85131 2.08 0.784236
v 3.8682 2.08 0.768198
v 3.88424 2.08 0.751308
v 3.89936 2.08 0.733634
v 3.91351 2.08 0.715253
v 3.92665 2.08 0.696244
v 3.93873 2.08 0.676692
v 3.94973 2.08 0.656683
v 3.95962 2.08 0.636303
v 3.9684 2.08 0.615643
v 3.97607 2.08 0.594787
v 3.98263 2.08 0.573821
v 3.98809 2.08 0.552827
v 3.99249 2.08 0.531883
v 3.99584 2.08 0.511063
v 3.99818 2.08 0.490434
v 3.99955 2.08 0.470061
v 4 2.08 0.45
v 3.99955 2.08 0.429939
v 3.99818 2.08 0.409566
v 3.99584 2.08 0.388937
v 3.99249 2.08 0.368117
v 3.98809 2.08 0.347173
v 3.98263 2.08 0.326179
v 3.97607 2.08 0.305213
v 3.9684 2.08 0.284357
v 3.95962 2.08 0.263697
v 3.94973 2.08 0.243317
v 3.93873 2.08 0.223308
v 3.92665 2.08 0.203756
v 3.91351 2.08 0.184747
v 3.89936 2.08 0.166366
v 3.88424 2.08 0.148692
v 3.8682 2.08 0.131802
v 3.85131 2.08 0.115764
v 3.83363 2.08 0.100641
v 3.81525 2.08 0.0864882
v 3.79624 2.08 0.073352
v 3.77669 2.08 0.0612704
v 3.75668 2.08 0.0502722
v 3.7363 2.08 0.040377
v 3.71564 2.08 0.0315953
v 3.69479 2.08 0.0239287
v 3.67382 2.08 0.0173705
v 3.65283 2.08 0.0119058
v 3.63188 2.08 0.00751258
v 3.61106 2.08 0.00416223
v 3.59043 2.08 0.00182029
v 3.57006 2.08 0.000447387
v 3.55 2.08 -1.66533e-16
v 3.52994 2.08 0.000447387
v 3.50957 2.08 0.00182029
v 3.48894 2.08 0.00416223
v 3.46812 2.08 0.00751258
v 3.44717 2.08 0.0119058
v 3.42618 2.08 0.0173705
v 3.40521 2.08 0.0239287
v 3.38436 2.08 0.0315953
v 3.3637 2.08 0.040377
v 3.34332 2.08 0.0502722
v 3.32331 2.08 0.0612704
v 3.30376 2.08 0.073352
v 3.28475 2.08 0.0864882
v 3.26637 2.08 0.100641
v 3.24869 2.08 0.115764
v 3.2318 2.08 0.131802
v 3.21576 2.08 0.148692
v 3.20064 2.08 0.166366
v 3.18649 2.08 0.184747
v 3.17335 2.08 0.203756
v 3.16127 2.08 0.223308
v 3.15027 2.08 0.243317
v 3.14038 2.08 0.263697
v 3.1316 2.08 0.284357
v 3.12393 2.08 0.305213
v 3.11737 2.08 0.326179
v 3.11191 2.08 0.347173
v 3.10751 2.08 0.368117
v 3.10416 2.08 0.388937
v 3.10182 2.08 0.409566
v 3.10045 2.08 0.429939
v 3.1 2.08 0.45
vn -1 0 6.97819e-16
vn -0.999006 0 0.0445802
vn -0.995955 0 0.0898544
vn -0.990751 0 0.135695
vn -0.983305 0 0.181963
vn -0.973543 0 0.228505
vn -0.961399 0 0.275158
vn -0.946825 0 0.321749
vn -0.929788 0 0.368095
vn -0.910273 0 0.414008
vn -0.888284 0 0.459295
vn -0.863844 0 0.50376
vn -0.836996 0 0.54721
vn -0.807804 0 0.589451
vn -0.776353 0 0.630298
vn -0.742747 0 0.669572
vn -0.707107 0 0.707107
vn -0.669572 0 0.742747
vn -0.630298 0 0.776353
vn -0.589451 0 0.807804
vn -0.54721 0 0.836996
vn -0.50376 0 0.863844
vn -0.459295 0 0.888284
vn -0.414008 0 0.910273
vn -0.368095 0 0.929788
vn -0.321749 0 0.946825
vn -0.275158 0 0.961399
vn -0.228505 0 0.973543
vn -0.181963 0 0.983305
vn -0.135695 0 0.990751
vn -0.0898544 0 0.995955
vn -0.0445802 0 0.999006
vn -1.74455e-16 0 1
vn 0.0445802 -0 0.999006
vn 0.0898544 -0 0.995955
vn 0.135695 -0 0.990751
vn 0.181963 -0 0.983305
vn 0.228505 -0 0.973543
vn 0.275158 -0 0.961399
vn 0.321749 -0 0.946825
vn 0.368095 -0 0.929788
vn 0.414008 -0 0.910273
vn 0.459295 -0 0.888284
vn 0.50376 -0 0.863844
vn 0.54721 -0 0.836996
vn 0.589451 -0 0.807804
vn 0.630298 -0 0.776353
vn 0.669572 -0 0.742747
vn 0.707107 -0 0.707107
vn 0.742747 -0 0.669572
vn 0.776353 -0 0.630298
vn 0.807804 -0 0.589451
vn 0.836996 -0 0.54721
vn 0.863844 -0 0.50376
vn 0.888284 -0 0.459295
vn 0.910273 -0 0.414008
vn 0.929788 -0 0.368095
vn 0.946825 -0 0.321749
vn 0.961399 -0 0.275158
vn 0.973543 -0 0.228505
vn 0.983305 -0 0.181963
vn 0.990751 -0 0.135695
vn 0.995955 -0 0.0898544
vn 0.999006 -0 0.0445802
vn 1 -0 0
vn 0.999006 0 -0.0445802
vn 0.995955 0 -0.0898544
vn 0.990751 0 -0.135695
vn 0.983305 0 -0.181963
vn 0.973543 0 -0.228505
vn 0.961399 0 -0.275158
vn 0.946825 0 -0.321749
vn 0.929788 0 -0.368095
vn 0.910273 0 -0.414008
vn 0.888284 0 -0.459295
vn 0.863844 0 -0.50376
vn 0.836996 0 -0.54721
vn 0.807804 0 -0.589451
vn 0.776353 0 -0.630298
vn 0.742747 0 -0.669572
vn 0.707107 0 -0.707107
vn 0.669572 0 -0.742747
vn 0.630298 0 -0.776353
vn 0.589451 0 -0.807804
vn 0.54721 0 -0.836996
vn 0.50376 0 -0.863844
vn 0.459295 0 -0.888284
vn 0.414008 0 -0.910273
vn 0.368095 0 -0.929788
vn 0.321749 0 -0.946825
vn 0.275158 0 -0.961399
vn 0.228505 0 -0.973543
vn 0.181963 0 -0.983305
vn 0.135695 0 -0.990751
vn 0.0898544 0 -0.995955
vn 0.0445802 0 -0.999006
vn 1.23358e-16 0 -1
vn -0.0445802 0 -0.999006
vn -0.0898544 0 -0.995955
vn -0.135695 0 -0.990751
vn -0.181963 0 -0.983305
vn -0.228505 0 -0.973543
vn -0.275158 0 -0.961399
vn -0.321749 0 -0.946825
vn -0.368095 0 -0.929788
vn -0.414008 0 -0.910273
vn -0.459295 0 -0.888284
vn -0.50376 0 -0.863844
vn -0.54721 0 -0.836996
vn -0.589451 0 -0.807804
vn -0.630298 0 -0.776353
vn -0.669572 0 -0.742747
vn -0.707107 0 -0.707107
vn -0.742747 0 -0.669572
vn -0.776353 0 -0.630298
vn -0.807804 0 -0.589451
vn -0.836996 0 -0.54721
vn -0.863844 0 -0.50376
vn -0.888284 0 -0.459295
vn -0.910273 0 -0.414008
vn -0.929788 0 -0.368095
vn -0.946825 0 -0.321749
vn -0.961399 0 -0.275158
vn -0.973543 0 -0.228505
vn -0.983305 0 -0.181963
vn -0.990751 0 -0.135695
vn -0.995955 0 -0.0898544
vn -0.999006 0 -0.0445802
vn -1 0 -6.97819e-16
vn -1 0 1.39564e-15
vn -0.999006 0 0.0445802
vn -0.995955 0 0.0898544
vn -0.990751 0 0.135695
vn -0.983305 0 0.181963
vn -0.973543 0 0.228505
vn -0.961399 0 0.275158
vn -0.946825 0 0.321749
vn -0.929788 0 0.368095
vn -0.910273 0 0.414008
vn -0.888284 0 0.459295
vn -0.863844 0 0.50376
vn -0.836996 0 0.54721
vn -0.807804 0 0.589451
vn -0.776353 0 0.630298
vn -0.742747 0 0.669572
vn -0.707107 0 0.707107
vn -0.669572 0 0.742747
vn -0.630298 0 0.776353
vn -0.589451 0 0.807804
vn -0.54721 0 0.836996
vn -0.50376 0 0.863844
vn -0.459295 0 0.888284
vn -0.414008 0 0.910273
vn -0.368095 0 0.929788
vn -0.321749 0 0.946825
vn -0.275158 0 0.961399
vn -0.228505 0 0.973543
vn -0.181963 0 0.983305
vn -0.135695 0 0.990751
vn -0.0898544 0 0.995955
vn -0.0445802 0 0.999006
vn -1.74455e-16 0 1
vn 0.0445802 -0 0.999006
vn 0.0898544 -0 0.995955
vn 0.135695 -0 0.990751
vn 0.181963 -0 0.983305
vn 0.228505 -0 0.973543
vn 0.275158 -0 0.961399
vn 0.321749 -0 0.946825
vn 0.368095 -0 0.929788
vn 0.414008 -0 0.910273
vn 0.459295 -0 0.888284
vn 0.50376 -0 0.863844
vn 0.54721 -0 0.836996
vn 0.589451 -0 0.807804
vn 0.630298 -0 0.776353
vn 0.669572 -0 0.742747
vn 0.707107 -0 0.707107
vn 0.742747 -0 0.669572
vn 0.776353 -0 0.630298
vn 0.807804 -0 0.589451
vn 0.836996 -0 0.54721
vn 0.863844 -0 0.50376
vn 0.888284 -0 0.459295
vn 0.910273 -0 0.414008
vn 0.929788 -0 0.368095
vn 0.946825 -0 0.321749
vn 0.961399 -0 0.275158
vn 0.973543 -0 0.228505
vn 0.983305 -0 0.181963
vn 0.990751 -0 0.135695
vn 0.995955 -0 0.0898544
vn 0.999006 -0 0.0445802
vn 1 -0 0
vn 0.999006 0 -0.0445802
vn 0.995955 0 -0.0898544
vn 0.990751 0 -0.135695
vn 0.983305 0 -0.181963
vn 0.973543 0 -0.228505
vn 0.961399 0 -0.275158
vn 0.946825 0 -0.321749
vn 0.929788 0 -0.368095
vn 0.910273 0 -0.414008
vn 0.888284 0 -0.459295
vn 0.863844 0 -0.50376
vn 0.836996 0 -0.54721
vn 0.807804 0 -0.589451
vn 0.776353 0 -0.630298
vn 0.742747 0 -0.669572
vn 0.707107 0 -0.707107
vn 0.669572 0 -0.742747
vn 0.630298 0 -0.776353
vn 0.589451 0 -0.807804
vn 0.54721 0 -0.836996
vn 0.50376 0 -0.863844
vn 0.459295 0 -0.888284
vn 0.414008 0 -0.910273
vn 0.368095 0 -0.929788
vn 0.321749 0 -0.946825
vn 0.275158 0 -0.961399
vn 0.228505 0 -0.973543
vn 0.181963 0 -0.983305
vn 0.135695 0 -0.990751
vn 0.0898544 0 -0.995955
vn 0.0445802 0 -0.999006
vn 1.23358e-16 0 -1
vn -0.0445802 0 -0.999006
vn -0.0898544 0 -0.995955
vn -0.135695 0 -0.990751
vn -0.181963 0 -0.983305
vn -0.228505 0 -0.973543
vn -0.275158 0 -0.961399
vn -0.321749 0 -0.946825
vn -0.368095 0 -0.929788
vn -0.414008 0 -0.910273
vn -0.459295 0 -0.888284
vn -0.50376 0 -0.863844
vn -0.54721 0 -0.836996
vn -0.589451 0 -0.807804
vn -0.630298 0 -0.776353
vn -0.669572 0 -0.742747
vn -0.707107 0 -0.707107
vn -0.742747 0 -0.669572
vn -0.776353 0 -0.630298
vn -0.807804 0 -0.589451
vn -0.836996 0 -0.54721
vn -0.863844 0 -0.50376
vn -0.888284 0 -0.459295
vn -0.910273 0 -0.414008
vn -0.929788 0 -0.368095
vn -0.946825 0 -0.321749
vn -0.961399 0 -0.275158
vn -0.973543 0 -0.228505
vn -0.983305 0 -0.181963
vn -0.990751 0 -0.135695
vn -0.995955 0 -0.0898544
vn -0.999006 0 -0.0445802
vn -1 0 -6.97819e-16
vn -1 0 6.97819e-16
vn -0.999006 0 0.0445802
vn -0.995955 0 0.0898544
vn -0.990751 0 0.135695
vn -0.983305 0 0.181963
vn -0.973543 0 0.228505
vn -0.961399 0 0.275158
vn -0.946825 0 0.321749
vn -0.929788 0 0.368095
vn -0.910273 0 0.414008
vn -0.888284 0 0.459295
vn -0.863844 0 0.50376
vn -0.836996 0 0.54721
vn -0.807804 0 0.589451
vn -0.776353 0 0.630298
vn -0.742747 0 0.669572
vn -0.707107 0 0.707107
vn -0.669572 0 0.742747
vn -0.630298 0 0.776353
vn -0.589451 0 0.807804
vn -0.54721 0 0.836996
vn -0.50376 0 0.863844
vn -0.459295 0 0.888284
vn -0.414008 0 0.910273
vn -0.368095 0 0.929788
vn -0.321749 0 0.946825
vn -0.275158 0 0.961399
vn -0.228505 0 0.973543
vn -0.181963 0 0.983305
vn -0.135695 0 0.990751
vn -0.0898544 0 0.995955
vn -0.0445802 0 0.999006
vn -1.74455e-16 0 1
vn 0.0445802 -0 0.999006
vn 0.0898544 -0 0.995955
vn 0.135695 -0 0.990751
vn 0.181963 -0 0.983305
vn 0.228505 -0 0.973543
vn 0.275158 -0 0.961399
vn 0.321749 -0 0.946825
vn 0.368095 -0 0.929788
vn 0.414008 -0 0.910273
vn 0.459295 -0 0.888284
vn 0.50376 -0 0.863844
vn 0.54721 -0 0.836996
vn 0.589451 -0 0.807804
vn 0.630298 -0 0.776353
vn 0.669572 -0 0.742747
vn 0.707107 -0 0.707107
vn 0.742747 -0 0.669572
vn 0.776353 -0 0.630298
vn 0.807804 -0 0.589451
vn 0.836996 -0 0.54721
vn 0.863844 -0 0.50376
vn 0.888284 -0 0.459295
vn 0.910273 -0 0.414008
vn 0.929788 -0 0.368095
vn 0.946825 -0 0.321749
vn 0.961399 -0 0.275158
vn 0.973543 -0 0.228505
vn 0.983305 -0 0.181963
vn 0.990751 -0 0.135695
vn 0.995955 -0 0.0898544
vn 0.999006 -0 0.0445802
vn 1 -0 0
vn 0.999006 0 -0.0445802
vn 0.995955 0 -0.0898544
vn 0.990751 0 -0.135695
vn 0.983305 0 -0.181963
vn 0.973543 0 -0.228505
vn 0.961399 0 -0.275158
vn 0.946825 0 -0.321749
vn 0.929788 0 -0.368095
vn 0.910273 0 -0.414008
vn 0.888284 0 -0.459295
vn 0.863844 0 -0.50376
vn 0.836996 0 -0.54721
vn 0.807804 0 -0.589451
vn 0.776353 0 -0.630298
vn 0.742747 0 -0.669572
vn 0.707107 0 -0.707107
vn 0.669572 0 -0.742747
vn 0.630298 0 -0.776353
vn 0.589451 0 -0.807804
vn 0.54721 0 -0.836996
vn 0.50376 0 -0.863844
vn 0.459295 0 -0.888284
vn 0.414008 0 -0.910273
vn 0.368095 0 -0.929788
vn 0.321749 0 -0.946825
vn 0.275158 0 -0.961399
vn 0.228505 0 -0.973543
vn 0.181963 0 -0.983305
vn 0.135695 0 -0.990751
vn 0.0898544 0 -0.995955
vn 0.0445802 0 -0.999006
vn 1.23358e-16 0 -1
vn -0.0445802 0 -0.999006
vn -0.0898544 0 -0.995955
vn -0.135695 0 -0.990751
vn -0.181963 0 -0.983305
vn -0.228505 0 -0.973543
vn -0.275158 0 -0.961399
vn -0.321749 0 -0.946825
vn -0.368095 0 -0.929788
vn -0.414008 0 -0.910273
vn -0.459295 0 -0.888284
vn -0.50376 0 -0.863844
vn -0.54721 0 -0.836996
vn -0.589451 0 -0.807804
vn -0.630298 0 -0.776353
vn -0.669572 0 -0.742747
vn -0.707107 0 -0.707107
vn -0.742747 0 -0.669572
vn -0.776353 0 -0.630298
vn -0.807804 0 -0.589451
vn -0.836996 0 -0.54721
vn -0.863844 0 -0.50376
vn -0.888284 0 -0.459295
vn -0.910273 0 -0.414008
vn -0.929788 0 -0.368095
vn -0.946825 0 -0.321749
vn -0.961399 0 -0.275158
vn -0.973543 0 -0.228505
vn -0.983305 0 -0.181963
vn -0.990751 0 -0.135695
vn -0.995955 0 -0.0898544
vn -0.999006 0 -0.0445802
vn -1 0 -6.97819e-16
g WheelRR_f0
usemtl rubber
f 2278//2278 2279//2279 2408//2408
f 2278//2278 2408//2408 2407//2407
f 2279//2279 2280//2280 2409//2409
f 2279//2279 2409//2409 2408//2408
f 2280//2280 2281//2281 2410//2410
f 2280//2280 2410//2410 2409//2409
f 2281//2281 2282//2282 2411//2411
f 2281//2281 2411//2411 2410//2410
f 2282//2282 2283//2283 2412//2412
f 2282//2282 2412//2412 2411//2411
f 2283//2283 2284//2284 2413//2413
f 2283//2283 2413//2413 2412//2412
f 2284//2284 2285//2285 2414//2414
f 2284//2284 2414//2414 2413//2413
f 2285//2285 2286//2286 2415//2415
f 2285//2285 2415//2415 2414//2414
f 2286//2286 2287//2287 2416//2416
f 2286//2286 2416//2416 2415//2415
f 2287//2287 2288//2288 2417//2417
f 2287//2287 2417//2417 2416//2416
f 2288//2288 2289//2289 2418//2418
f 2288//2288 2418//2418 2417//2417
f 2289//2289 2290//2290 2419//2419
f 2289//2289 2419//2419 2418//2418
f 2290//2290 2291//2291 2420//2420
f 2290//2290 2420//2420 2419//2419
f 2291//2291 2292//2292 2421//2421
f 2291//2291 2421//2421 2420//2420
f 2292//2292 2293//2293 2422//2422
f 2292//2292 2422//2422 2421//2421
f 2293//2293 2294//2294 2423//2423
f 2293//2293 2423//2423 2422//2422
f 2294//2294 2295//2295 2424//2424
f 2294//2294 2424//2424 2423//2423
f 2295//2295 2296//2296 2425//2425
f 2295//2295 2425//2425 2424//2424
f 2296//2296 2297//2297 2426//2426
f 2296//2296 2426//2426 2425//2425
f 2297//2297 2298//2298 2427//2427
f 2297//2297 2427//2427 2426//2426
f 2298//2298 2299//2299 2428//2428
f 2298//2298 2428//2428 2427//2427
f 2299//2299 2300//2300 2429//2429
f 2299//2299 2429//2429 2428//2428
f 2300//2300 2301//2301 2430//2430
f 2300//2300 2430//2430 2429//2429
f 2301//2301 2302//2302 2431//2431
f 2301//2301 2431//2431 2430//2430
f 2302//2302 2303//2303 2432//2432
f 2302//2302 2432//2432 2431//2431
f 2303//2303 2304//2304 2433//2433
f 2303//2303 2433//2433 2432//2432
f 2304//2304 2305//2305 2434//2434
f 2304//2304 2434//2434 2433//2433
f 2305//2305 2306//2306 2435//2435
f 2305//2305 2435//2435 2434//2434
f 2306//2306 2307//2307 2436//2436
f 2306//2306 2436//2436 2435//2435
f 2307//2307 2308//2308 2437//2437
f 2307//2307 2437//2437 2436//2436
f 2308//2308 2309//2309 2438//2438
f 2308//2308 2438//2438 2437//2437
f 2309//2309 2310//2310 2439//2439
f 2309//2309 2439//2439 2438//2438
f 2310//2310 2311//2311 2440//2440
f 2310//2310 2440//2440 2439//2439
f 2311//2311 2312//2312 2441//2441
f 2311//2311 2441//2441 2440//2440
f 2312//2312 2313//2313 2442//2442
f 2312//2312 2442//2442 2441//2441
f 2313//2313 2314//2314 2443//2443
f 2313//2313 2443//2443 2442//2442
f 2314//2314 2315//2315 2444//2444
f 2314//2314 2444//2444 2443//2443
f 2315//2315 2316//2316 2445//2445
f 2315//2315 2445//2445 2444//2444
f 2316//2316 2317//2317 2446//2446
f 2316//2316 2446//2446 2445//2445
f 2317//2317 2318//2318 2447//2447
f 2317//2317 2447//2447 2446//2446
f 2318//2318 2319//2319 2448//2448
f 2318//2318 2448//2448 2447//2447
f 2319//2319 2320//2320 2449//2449
f 2319//2319 2449//2449 2448//2448
f 2320//2320 2321//2321 2450//2450
f 2320//2320 2450//2450 2449//2449
f 2321//2321 2322//2322 2451//2451
f 2321//2321 2451//2451 2450//2450
f 2322//2322 2323//2323 2452//2452
f 2322//2322 2452//2452 2451//2451
f 2323//2323 2324//2324 2453//2453
f 2323//2323 2453//2453 2452//2452
f 2324//2324 2325//2325 2454//2454
f 2324//2324 2454//2454 2453//2453
f 2325//2325 2326//2326 2455//2455
f 2325//2325 2455//2455 2454//2454
f 2326//2326 2327//2327 2456//2456
f 2326//2326 2456//2456 2455//2455
f 2327//2327 2328//2328 2457//2457
f 2327//2327 2457//2457 2456//2456
f 2328//2328 2329//2329 2458//2458
f 2328//2328 2458//2458 2457//2457
f 2329//2329 2330//2330 2459//2459
f 2329//2329 2459//2459 2458//2458
f 2330//2330 2331//2331 2460//2460
f 2330//2330 2460//2460 2459//2459
f 2331//2331 2332//2332 2461//2461
f 2331//2331 2461//2461 2460//2460
f 2332//2332 2333//2333 2462//2462
f 2332//2332 2462//2462 2461//2461
f 2333//2333 2334//2334 2463//2463
f 2333//2333 2463//2463 2462//2462
f 2334//2334 2335//2335 2464//2464
f 2334//2334 2464//2464 2463//2463
f 2335//2335 2336//2336 2465//2465
f 2335//2335 2465//2465 2464//2464
f 2336//2336 2337//2337 2466//2466
f 2336//2336 2466//2466 2465//2465
f 2337//2337 2338//2338 2467//2467
f 2337//2337 2467//2467 2466//2466
f 2338//2338 2339//2339 2468//2468
f 2338//2338 2468//2468 2467//2467
f 2339//2339 2340//2340 2469//2469
f 2339//2339 2469//2469 2468//2468
f 2340//2340 2341//2341 2470//2470
f 2340//2340 2470//2470 2469//2469
f 2341//2341 2342//2342 2471//2471
f 2341//2341 2471//2471 2470//2470
f 2342//2342 2343//2343 2472//2472
f 2342//2342 2472//2472 2471//2471
f 2343//2343 2344//2344 2473//2473
f 2343//2343 2473//2473 2472//2472
f 2344//2344 2345//2345 2474//2474
f 2344//2344 2474//2474 2473//2473
f 2345//2345 2346//2346 2475//2475
f 2345//2345 2475//2475 2474//2474
f 2346//2346 2347//2347 2476//2476
f 2346//2346 2476//2476 2475//2475
f 2347//2347 2348//2348 2477//2477
f 2347//2347 2477//2477 2476//2476
f 2348//2348 2349//2349 2478//2478
f 2348//2348 2478//2478 2477//2477
f 2349//2349 2350//2350 2479//2479
f 2349//2349 2479//2479 2478//2478
f 2350//2350 2351//2351 2480//2480
f 2350//2350 2480//2480 2479//2479
f 2351//2351 2352//2352 2481//2481
f 2351//2351 2481//2481 2480//2480
f 2352//2352 2353//2353 2482//2482
f 2352//2352 2482//2482 2481//2481
f 2353//2353 2354//2354 2483//2483
f 2353//2353 2483//2483 2482//2482
f 2354//2354 2355//2355 2484//2484
f 2354//2354 2484//2484 2483//2483
f 2355//2355 2356//2356 2485//2485
f 2355//2355 2485//2485 2484//2484
f 2356//2356 2357//2357 2486//2486
f 2356//2356 2486//2486 2485//2485
f 2357//2357 2358//2358 2487//2487
f 2357//2357 2487//2487 2486//2486
f 2358//2358 2359//2359 2488//2488
f 2358//2358 2488//2488 2487//2487
f 2359//2359 2360//2360 2489//2489
f 2359//2359 2489//2489 2488//2488
f 2360//2360 2361//2361 2490//2490
f 2360//2360 2490//2490 2489//2489
f 2361//2361 2362//2362 2491//2491
f 2361//2361 2491//2491 2490//2490
f 2362//2362 2363//2363 2492//2492
f 2362//2362 2492//2492 2491//2491
f 2363//2363 2364//2364 2493//2493
f 2363//2363 2493//2493 2492//2492
f 2364//2364 2365//2365 2494//2494
f 2364//2364 2494//2494 2493//2493
f 2365//2365 2366//2366 2495//2495
f 2365//2365 2495//2495 2494//2494
f 2366//2366 2367//2367 2496//2496
f 2366//2366 2496//2496 2495//2495
f 2367//2367 2368//2368 2497//2497
f 2367//2367 2497//2497 2496//2496
f 2368//2368 2369//2369 2498//2498
f 2368//2368 2498//2498 2497//2497
f 2369//2369 2370//2370 2499//2499
f 2369//2369 2499//2499 2498//2498
f 2370//2370 2371//2371 2500//2500
f 2370//2370 2500//2500 2499//2499
f 2371//2371 2372//2372 2501//2501
f 2371//2371 2501//2501 2500//2500
f 2372//2372 2373//2373 2502//2502
f 2372//2372 2502//2502 2501//2501
f 2373//2373 2374//2374 2503//2503
f 2373//2373 2503//2503 2502//2502
f 2374//2374 2375//2375 2504//2504
f 2374//2374 2504//2504 2503//2503
f 2375//2375 2376//2376 2505//2505
f 2375//2375 2505//2505 2504//2504
f 2376//2376 2377//2377 2506//2506
f 2376//2376 2506//2506 2505//2505
f 2377//2377 2378//2378 2507//2507
f 2377//2377 2507//2507 2506//2506
f 2378//2378 2379//2379 2508//2508
f 2378//2378 2508//2508 2507//2507
f 2379//2379 2380//2380 2509//2509
f 2379//2379 2509//2509 2508//2508
f 2380//2380 2381//2381 2510//2510
f 2380//2380 2510//2510 2509//2509
f 2381//2381 2382//2382 2511//2511
f 2381//2381 2511//2511 2510//2510
f 2382//2382 2383//2383 2512//2512
f 2382//2382 2512//2512 2511//2511
f 2383//2383 2384//2384 2513//2513
f 2383//2383 2513//2513 2512//2512
f 2384//2384 2385//2385 2514//2514
f 2384//2384 2514//2514 2513//2513
f 2385//2385 2386//2386 2515//2515
f 2385//2385 2515//2515 2514//2514
f 2386//2386 2387//2387 2516//2516
f 2386//2386 2516//2516 2515//2515
f 2387//2387 2388//2388 2517//2517
f 2387//2387 2517//2517 2516//2516
f 2388//2388 2389//2389 2518//2518
f 2388//2388 2518//2518 2517//2517
f 2389//2389 2390//2390 2519//2519
f 2389//2389 2519//2519 2518//2518
f 2390//2390 2391//2391 2520//2520
f 2390//2390 2520//2520 2519//2519
f 2391//2391 2392//2392 2521//2521
f 2391//2391 2521//2521 2520//2520
f 2392//2392 2393//2393 2522//2522
f 2392//2392 2522//2522 2521//2521
f 2393//2393 2394//2394 2523//2523
f 2393//2393 2523//2523 2522//2522
f 2394//2394 2395//2395 2524//2524
f 2394//2394 2524//2524 2523//2523
f 2395//2395 2396//2396 2525//2525
f 2395//2395 2525//2525 2524//2524
f 2396//2396 2397//2397 2526//2526
f 2396//2396 2526//2526 2525//2525
f 2397//2397 2398//2398 2527//2527
f 2397//2397 2527//2527 2526//2526
f 2398//2398 2399//2399 2528//2528
f 2398//2398 2528//2528 2527//2527
f 2399//2399 2400//2400 2529//2529
f 2399//2399 2529//2529 2528//2528
f 2400//2400 2401//2401 2530//2530
f 2400//2400 2530//2530 2529//2529
f 2401//2401 2402//2402 2531//2531
f 2401//2401 2531//2531 2530//2530
f 2402//2402 2403//2403 2532//2532
f 2402//2402 2532//2532 2531//2531
f 2403//2403 2404//2404 2533//2533
f 2403//2403 2533//2533 2532//2532
f 2404//2404 2405//2405 2534//2534
f 2404//2404 2534//2534 2533//2533
f 2405//2405 2406//2406 2535//2535
f 2405//2405 2535//2535 2534//2534
f 2407//2407 2408//2408 2537//2537
f 2407//2407 2537//2537 2536//2536
f 2408//2408 2409//2409 2538//2538
f 2408//2408 2538//2538 2537//2537
f 2409//2409 2410//2410 2539//2539
f 2409//2409 2539//2539 2538//2538
f 2410//2410 2411//2411 2540//2540
f 2410//2410 2540//2540 2539//2539
f 2411//2411 2412//2412 2541//2541
f 2411//2411 2541//2541 2540//2540
f 2412//2412 2413//2413 2542//2542
f 2412//2412 2542//2542 2541//2541
f 2413//2413 2414//2414 2543//2543
f 2413//2413 2543//2543 2542//2542
f 2414//2414 2415//2415 2544//2544
f 2414//2414 2544//2544 2543//2543
f 2415//2415 2416//2416 2545//2545
f 2415//2415 2545//2545 2544//2544
f 2416//2416 2417//2417 2546//2546
f 2416//2416 2546//2546 2545//2545
f 2417//2417 2418//2418 2547//2547
f 2417//2417 2547//2547 2546//2546
f 2418//2418 2419//2419 2548//2548
f 2418//2418 2548//2548 2547//2547
f 2419//2419 2420//2420 2549//2549
f 2419//2419 2549//2549 2548//2548
f 2420//2420 2421//2421 2550//2550
f 2420//2420 2550//2550 2549//2549
f 2421//2421 2422//2422 2551//2551
f 2421//2421 2551//2551 2550//2550
f 2422//2422 2423//2423 2552//2552
f 2422//2422 2552//2552 2551//2551
f 2423//2423 2424//2424 2553//2553
f 2423//2423 2553//2553 2552//2552
f 2424//2424 2425//2425 2554//2554
f 2424//2424 2554//2554 2553//2553
f 2425//2425 2426//2426 2555//2555
f 2425//2425 2555//2555 2554//2554
f 2426//2426 2427//2427 2556//2556
f 2426//2426 2556//2556 2555//2555
f 2427//2427 2428//2428 2557//2557
f 2427//2427 2557//2557 2556//2556
f 2428//2428 2429//2429 2558//2558
f 2428//2428 2558//2558 2557//2557
f 2429//2429 2430//2430 2559//2559
f 2429//2429 2559//2559 2558//2558
f 2430//2430 2431//2431 2560//2560
f 2430//2430 2560//2560 2559//2559
f 2431//2431 2432//2432 2561//2561
f 2431//2431 2561//2561 2560//2560
f 2432//2432 2433//2433 2562//2562
f 2432//2432 2562//2562 2561//2561
f 2433//2433 2434//2434 2563//2563
f 2433//2433 2563//2563 2562//2562
f 2434//2434 2435//2435 2564//2564
f 2434//2434 2564//2564 2563//2563
f 2435//2435 2436//2436 2565//2565
f 2435//2435 2565//2565 2564//2564
f 2436//2436 2437//2437 2566//2566
f 2436//2436 2566//2566 2565//2565
f 2437//2437 2438//2438 2567//2567
f 2437//2437 2567//2567 2566//2566
f 2438//2438 2439//2439 2568//2568
f 2438//2438 2568//2568 2567//2567
f 2439//2439 2440//2440 2569//2569
f 2439//2439 2569//2569 2568//2568
f 2440//2440 2441//2441 2570//2570
f 2440//2440 2570//2570 2569//2569
f 2441//2441 2442//2442 2571//2571
f 2441//2441 2571//2571 2570//2570
f 2442//2442 2443//2443 2572//2572
f 2442//2442 2572//2572 2571//2571
f 2443//2443 2444//2444 2573//2573
f 2443//2443 2573//2573 2572//2572
f 2444//2444 2445//2445 2574//2574
f 2444//2444 2574//2574 2573//2573
f 2445//2445 2446//2446 2575//2575
f 2445//2445 2575//2575 2574//2574
f 2446//2446 2447//2447 2576//2576
f 2446//2446 2576//2576 2575//2575
f 2447//2447 2448//2448 2577//2577
f 2447//2447 2577//2577 2576//2576
f 2448//2448 2449//2449 2578//2578
f 2448//2448 2578//2578 2577//2577
f 2449//2449 2450//2450 2579//2579
f 2449//2449 2579//2579 2578//2578
f 2450//2450 2451//2451 2580//2580
f 2450//2450 2580//2580 2579//2579
f 2451//2451 2452//2452 2581//2581
f 2451//2451 2581//2581 2580//2580
f 2452//2452 2453//2453 2582//2582
f 2452//2452 2582//2582 2581//2581
f 2453//2453 2454//2454 2583//2583
f 2453//2453 2583//2583 2582//2582
f 2454//2454 2455//2455 2584//2584
f 2454//2454 2584//2584 2583//2583
f 2455//2455 2456//2456 2585//2585
f 2455//2455 2585//2585 2584//2584
f 2456//2456 2457//2457 2586//2586
f 2456//2456 2586//2586 2585//2585
f 2457//2457 2458//2458 2587//2587
f 2457//2457 2587//2587 2586//2586
f 2458//2458 2459//2459 2588//2588
f 2458//2458 2588//2588 2587//2587
f 2459//2459 2460//2460 2589//2589
f 2459//2459 2589//2589 2588//2588
f 2460//2460 2461//2461 2590//2590
f 2460//2460 2590//2590 2589//2589
f 2461//2461 2462//2462 2591//2591
f 2461//2461 2591//2591 2590//2590
f 2462//2462 2463//2463 2592//2592
f 2462//2462 2592//2592 2591//2591
f 2463//2463 2464//2464 2593//2593
f 2463//2463 2593//2593 2592//2592
f 2464//2464 2465//2465 2594//2594
f 2464//2464 2594//2594 2593//2593
f 2465//2465 2466//2466 2595//2595
f 2465//2465 2595//2595 2594//2594
f 2466//2466 2467//2467 2596//2596
f 2466//2466 2596//2596 2595//2595
f 2467//2467 2468//2468 2597//2597
f 2467//2467 2597//2597 2596//2596
f 2468//2468 2469//2469 2598//2598
f 2468//2468 2598//2598 2597//2597
f 2469//2469 2470//2470 2599//2599
f 2469//2469 2599//2599 2598//2598
f 2470//2470 2471//2471 2600//2600
f 2470//2470 2600//2600 2599//2599
f 2471//2471 2472//2472 2601//2601
f 2471//2471 2601//2601 2600//2600
f 2472//2472 2473//2473 2602//2602
f 2472//2472 2602//2602 2601//2601
f 2473//2473 2474//2474 2603//2603
f 2473//2473 2603//2603 2602//2602
f 2474//2474 2475//2475 2604//2604
f 2474//2474 2604//2604 2603//2603
f 2475//2475 2476//2476 2605//2605
f 2475//2475 2605//2605 2604//2604
f 2476//2476 2477//2477 2606//2606
f 2476//2476 2606//2606 2605//2605
f 2477//2477 2478//2478 2607//2607
f 2477//2477 2607//2607 2606//2606
f 2478//2478 2479//2479 2608//2608
f 2478//2478 2608//2608 2607//2607
f 2479//2479 2480//2480 2609//2609
f 2479//2479 2609//2609 2608//2608
f 2480//2480 2481//2481 2610//2610
f 2480//2480 2610//2610 2609//2609
f 2481//2481 2482//2482 2611//2611
f 2481//2481 2611//2611 2610//2610
f 2482//2482 2483//2483 2612//2612
f 2482//2482 2612//2612 2611//2611
f 2483//2483 2484//2484 2613//2613
f 2483//2483 2613//2613 2612//2612
f 2484//2484 2485//2485 2614//2614
f 2484//2484 2614//2614 2613//2613
f 2485//2485 2486//2486 2615//2615
f 2485//2485 2615//2615 2614//2614
f 2486//2486 2487//2487 2616//2616
f 2486//2486 2616//2616 2615//2615
f 2487//2487 2488//2488 2617//2617
f 2487//2487 2617//2617 2616//2616
f 2488//2488 2489//2489 2618//2618
f 2488//2488 2618//2618 2617//2617
f 2489//2489 2490//2490 2619//2619
f 2489//2489 2619//2619 2618//2618
f 2490//2490 2491//2491 2620//2620
f 2490//2490 2620//2620 2619//2619
f 2491//2491 2492//2492 2621//2621
f 2491//2491 2621//2621 2620//2620
f 2492//2492 2493//2493 2622//2622
f 2492//2492 2622//2622 2621//2621
f 2493//2493 2494//2494 2623//2623
f 2493//2493 2623//2623 2622//2622
f 2494//2494 2495//2495 2624//2624
f 2494//2494 2624//2624 2623//2623
f 2495//2495 2496//2496 2625//2625
f 2495//2495 2625//2625 2624//2624
f 2496//2496 2497//2497 2626//2626
f 2496//2496 2626//2626 2625//2625
f 2497//2497 2498//2498 2627//2627
f 2497//2497 2627//2627 2626//2626
f 2498//2498 2499//2499 2628//2628
f 2498//2498 2628//2628 2627//2627
f 2499//2499 2500//2500 2629//2629
f 2499//2499 2629//2629 2628//2628
f 2500//2500 2501//2501 2630//2630
f 2500//2500 2630//2630 2629//2629
f 2501//2501 2502//2502 2631//2631
f 2501//2501 2631//2631 2630//2630
f 2502//2502 2503//2503 2632//2632
f 2502//2502 2632//2632 2631//2631
f 2503//2503 2504//2504 2633//2633
f 2503//2503 2633//2633 2632//2632
f 2504//2504 2505//2505 2634//2634
f 2504//2504 2634//2634 2633//2633
f 2505//2505 2506//2506 2635//2635
f 2505//2505 2635//2635 2634//2634
f 2506//2506 2507//2507 2636//2636
f 2506//2506 2636//2636 2635//2635
f 2507//2507 2508//2508 2637//2637
f 2507//2507 2637//2637 2636//2636
f 2508//2508 2509//2509 2638//2638
f 2508//2508 2638//2638 2637//2637
f 2509//2509 2510//2510 2639//2639
f 2509//2509 2639//2639 2638//2638
f 2510//2510 2511//2511 2640//2640
f 2510//2510 2640//2640 2639//2639
f 2511//2511 2512//2512 2641//2641
f 2511//2511 2641//2641 2640//2640
f 2512//2512 2513//2513 2642//2642
f 2512//2512 2642//2642 2641//2641
f 2513//2513 2514//2514 2643//2643
f 2513//2513 2643//2643 2642//2642
f 2514//2514 2515//2515 2644//2644
f 2514//2514 2644//2644 2643//2643
f 2515//2515 2516//2516 2645//2645
f 2515//2515 2645//2645 2644//2644
f 2516//2516 2517//2517 2646//2646
f 2516//2516 2646//2646 2645//2645
f 2517//2517 2518//2518 2647//2647
f 2517//2517 2647//2647 2646//2646
f 2518//2518 2519//2519 2648//2648
f 2518//2518 2648//2648 2647//2647
f 2519//2519 2520//2520 2649//2649
f 2519//2519 2649//2649 2648//2648
f 2520//2520 2521//2521 2650//2650
f 2520//2520 2650//2650 2649//2649
f 2521//2521 2522//2522 2651//2651
f 2521//2521 2651//2651 2650//2650
f 2522//2522 2523//2523 2652//2652
f 2522//2522 2652//2652 2651//2651
f 2523//2523 2524//2524 2653//2653
f 2523//2523 2653//2653 2652//2652
f 2524//2524 2525//2525 2654//2654
f 2524//2524 2654//2654 2653//2653
f 2525//2525 2526//2526 2655//2655
f 2525//2525 2655//2655 2654//2654
f 2526//2526 2527//2527 2656//2656
f 2526//2526 2656//2656 2655//2655
f 2527//2527 2528//2528 2657//2657
f 2527//2527 2657//2657 2656//2656
f 2528//2528 2529//2529 2658//2658
f 2528//2528 2658//2658 2657//2657
f 2529//2529 2530//2530 2659//2659
f 2529//2529 2659//2659 2658//2658
f 2530//2530 2531//2531 2660//2660
f 2530//2530 2660//2660 2659//2659
f 2531//2531 2532//2532 2661//2661
f 2531//2531 2661//2661 2660//2660
f 2532//2532 2533//2533 2662//2662
f 2532//2532 2662//2662 2661//2661
f 2533//2533 2534//2534 2663//2663
f 2533//2533 2663//2663 2662//2662
f 2534//2534 2535//2535 2664//2664
f 2534//2534 2664//2664 2663//2663
v 3.1 1.74 0.45
v 3.10045 1.74 0.429939
v 3.10182 1.74 0.409566
v 3.10416 1.74 0.388937
v 3.10751 1.74 0.368117
v 3.11191 1.74 0.347173
v 3.11737 1.74 0.326179
v 3.12393 1.74 0.305213
v 3.1316 1.74 0.284357
v 3.14038 1.74 0.263697
v 3.15027 1.74 0.243317
v 3.16127 1.74 0.223308
v 3.17335 1.74 0.203756
v 3.18649 1.74 0.184747
v 3.20064 1.74 0.166366
v 3.21576 1.74 0.148692
v 3.2318 1.74 0.131802
v 3.24869 1.74 0.115764
v 3.26637 1.74 0.100641
v 3.28475 1.74 0.0864882
v 3.30376 1.74 0.073352
v 3.32331 1.74 0.0612704
v 3.34332 1.74 0.0502722
v 3.3637 1.74 0.040377
v 3.38436 1.74 0.0315953
v 3.40521 1.74 0.0239287
v 3.42618 1.74 0.0173705
v 3.44717 1.74 0.0119058
v 3.46812 1.74 0.00751258
v 3.48894 1.74 0.00416223
v 3.50957 1.74 0.00182029
v 3.52994 1.74 0.000447387
v 3.55 1.74 -1.59595e-16
v 3.57006 1.74 0.000447387
v 3.59043 1.74 0.00182029
v 3.61106 1.74 0.00416223
v 3.63188 1.74 0.00751258
v 3.65283 1.74 0.0119058
v 3.67382 1.74 0.0173705
v 3.69479 1.74 0.0239287
v 3.71564 1.74 0.0315953
v 3.7363 1.74 0.040377
v 3.75668 1.74 0.0502722
v 3.77669 1.74 0.0612704
v 3.79624 1.74 0.073352
v 3.81525 1.74 0.0864882
v 3.83363 1.74 0.100641
v 3.85131 1.74 0.115764
v 3.8682 1.74 0.131802
v 3.88424 1.74 0.148692
v 3.89936 1.74 0.166366
v 3.91351 1.74 0.184747
v 3.92665 1.74 0.203756
v 3.93873 1.74 0.223308
v 3.94973 1.74 0.243317
v 3.95962 1.74 0.263697
v 3.9684 1.74 0.284357
v 3.97607 1.74 0.305213
v 3.98263 1.74 0.326179
v 3.98809 1.74 0.347173
v 3.99249 1.74 0.368117
v 3.99584 1.74 0.388937
v 3.99818 1.74 0.409566
v 3.99955 1.74 0.429939
v 4 1.74 0.45
v 3.99955 1.74 0.470061
v 3.99818 1.74 0.490434
v 3.99584 1.74 0.511063
v 3.99249 1.74 0.531883
v 3.98809 1.74 0.552827
v 3.98263 1.74 0.573821
v 3.97607 1.74 0.594787
v 3.9684 1.74 0.615643
v 3.95962 1.74 0.636303
v 3.94973 1.74 0.656683
v 3.93873 1.74 0.676692
v 3.92665 1.74 0.696244
v 3.91351 1.74 0.715253
v 3.89936 1.74 0.733634
v 3.88424 1.74 0.751308
v 3.8682 1.74 0.768198
v 3.85131 1.74 0.784236
v 3.83363 1.74 0.799359
v 3.81525 1.74 0.813512
v 3.79624 1.74 0.826648
v 3.77669 1.74 0.83873
v 3.75668 1.74 0.849728
v 3.7363 1.74 0.859623
v 3.71564 1.74 0.868405
v 3.69479 1.74 0.876071
v 3.67382 1.74 0.88263
v 3.65283 1.74 0.888094
v 3.63188 1.74 0.892487
v 3.61106 1.74 0.895838
v 3.59043 1.74 0.89818
v 3.57006 1.74 0.899553
v 3.55 1.74 0.9
v 3.52994 1.74 0.899553
v 3.50957 1.74 0.89818
v 3.48894 1.74 0.895838
v 3.46812 1.74 0.892487
v 3.44717 1.74 0.888094
v 3.42618 1.74 0.88263
v 3.40521 1.74 0.876071
v 3.38436 1.74 0.868405
v 3.3637 1.74 0.859623
v 3.34332 1.74 0.849728
v 3.32331 1.74 0.83873
v 3.30376 1.74 0.826648
v 3.28475 1.74 0.813512
v 3.26637 1.74 0.799359
v 3.24869 1.74 0.784236
v 3.2318 1.74 0.768198
v 3.21576 1.74 0.751308
v 3.20064 1.74 0.733634
v 3.18649 1.74 0.715253
v 3.17335 1.74 0.696244
v 3.16127 1.74 0.676692
v 3.15027 1.74 0.656683
v 3.14038 1.74 0.636303
v 3.1316 1.74 0.615643
v 3.12393 1.74 0.594787
v 3.11737 1.74 0.573821
v 3.11191 1.74 0.552827
v 3.10751 1.74 0.531883
v 3.10416 1.74 0.511063
v 3.10182 1.74 0.490434
v 3.10045 1.74 0.470061
vn 3.04201e-16 -1 0
vn 1.44329e-17 -1 0
vn 1.44329e-17 -1 0
vn -1.44329e-17 -1 0
vn 1.93179e-16 -1 0
vn 0 -1 0
vn -9.65894e-17 -1 0
vn -9.65894e-17 -1 0
vn -9.65894e-17 -1 0
vn 0 -1 0
vn 3.04201e-16 -1 0
vn 4.10783e-17 -1 0
vn 3.04201e-16 -1 0
vn 1.44884e-16 -1 0
vn 2.00395e-16 -1 0
vn -1.03806e-16 -1 0
vn 1.44884e-16 -1 0
vn -1.03806e-16 -1 0
vn 1.37668e-16 -1 0
vn 3.04201e-16 -1 0
vn 1.48492e-16 -1 0
vn 7.24421e-17 -1 0
vn 2.77556e-17 -1 0
vn -2.28151e-16 -1 0
vn -1.69031e-16 -1 0
vn -1.76248e-16 -1 0
vn -1.31006e-16 -1 0
vn -2.22738e-16 -1 0
vn 2.6798e-16 -1 0
vn 1.67782e-16 -1 0
vn -2.35922e-17 -1 0
vn 9.17322e-17 -1 0
vn 1.86517e-16 -1 0
vn 9.35363e-17 -1 0
vn -2.54102e-16 -1 0
vn -4.88498e-17 -1 0
vn -1.52101e-16 -1 0
vn -3.6221e-17 -1 0
vn -1.59317e-16 -1 0
vn 1.08247e-17 -1 0
vn 2.07612e-16 -1 0
vn 1.7264e-16 -1 0
vn -3.60822e-18 -1 0
vn -1.27953e-16 -1 0
vn 1.17129e-16 -1 0
vn 2.76446e-16 -1 0
vn 8.9373e-17 -1 0
vn -8.21565e-17 -1 0
vn 1.44884e-16 -1 0
vn -9.65894e-17 -1 0
vn 1.93179e-16 -1 0
vn 1.37668e-16 -1 0
vn 2.4869e-16 -1 0
vn 4.10783e-17 -1 0
vn -1.11022e-16 -1 0
vn 0 -1 0
vn -2.07612e-16 -1 0
vn -2.07612e-16 -1 0
vn 1.44329e-17 -1 0
vn -1.93179e-16 -1 0
vn 1.93179e-16 -1 0
vn 1.93179e-16 -1 0
vn -9.65894e-17 -1 0
vn 1.44329e-17 -1 0
vn 3.04201e-16 -1 0
vn -8.21565e-17 -1 0
vn -8.21565e-17 -1 0
vn 1.93179e-16 -1 0
vn 1.93179e-16 -1 0
vn 4.15223e-16 -1 0
vn -1.93179e-16 -1 0
vn 4.15223e-16 -1 0
vn -1.93179e-16 -1 0
vn 1.93179e-16 -1 0
vn 4.15223e-16 -1 0
vn 0 -1 0
vn 1.93179e-16 -1 0
vn 1.93179e-16 -1 0
vn 1.93179e-16 -1 0
vn 0 -1 0
vn 1.93179e-16 -1 0
vn -1.93179e-16 -1 0
vn 4.15223e-16 -1 0
vn 1.93179e-16 -1 0
vn 0 -1 0
vn -2.22045e-16 -1 0
vn 0 -1 0
vn 1.93179e-16 -1 0
vn 1.93179e-16 -1 0
vn 0 -1 0
vn 0 -1 0
vn -1.93179e-16 -1 0
vn -1.93179e-16 -1 0
vn 0 -1 0
vn -1.93179e-16 -1 0
vn 1.93179e-16 -1 0
vn 0 -1 0
vn 0 -1 0
vn -1.93179e-16 -1 0
vn 0 -1 0
vn -1.93179e-16 -1 0
vn -1.93179e-16 -1 0
vn 0 -1 0
vn 0 -1 0
vn 1.93179e-16 -1 0
vn 1.93179e-16 -1 0
vn 0 -1 0
vn -2.22045e-16 -1 0
vn -2.22045e-16 -1 0
vn 1.93179e-16 -1 0
vn 4.15223e-16 -1 0
vn -1.93179e-16 -1 0
vn 1.93179e-16 -1 0
vn 0 -1 0
vn 1.93179e-16 -1 0
vn 1.93179e-16 -1 0
vn 1.93179e-16 -1 0
vn 0 -1 0
vn 1.93179e-16 -1 0
vn 1.93179e-16 -1 0
vn -1.93179e-16 -1 0
vn 1.93179e-16 -1 0
vn -1.93179e-16 -1 0
vn 1.93179e-16 -1 0
vn 1.93179e-16 -1 0
vn 1.93179e-16 -1 0
vn 0 -1 0
vn -8.21565e-17 -1 0
g WheelRR_f1
usemtl rubber
f 2792//2792 2665//2665 2666//2666
f 2792//2792 2666//2666 2667//2667
f 2792//2792 2667//2667 2668//2668
f 2792//2792 2668//2668 2669//2669
f 2792//2792 2669//2669 2670//2670
f 2792//2792 2670//2670 2671//2671
f 2792//2792 2671//2671 2672//2672
f 2792//2792 2672//2672 2673//2673
f 2792//2792 2673//2673 2674//2674
f 2792//2792 2674//2674 2675//2675
f 2792//2792 2675//2675 2676//2676
f 2792//2792 2676//2676 2677//2677
f 2792//2792 2677//2677 2678//2678
f 2792//2792 2678//2678 2679//2679
f 2792//2792 2679//2679 2680//2680
f 2792//2792 2680//2680 2681//2681
f 2792//2792 2681//2681 2682//2682
f 2792//2792 2682//2682 2683//2683
f 2792//2792 2683//2683 2684//2684
f 2792//2792 2684//2684 2685//2685
f 2792//2792 2685//2685 2686//2686
f 2792//2792 2686//2686 2687//2687
f 2792//2792 2687//2687 2688//2688
f 2792//2792 2688//2688 2689//2689
f 2792//2792 2689//2689 2690//2690
f 2792//2792 2690//2690 2691//2691
f 2792//2792 2691//2691 2692//2692
f 2792//2792 2692//2692 2693//2693
f 2792//2792 2693//2693 2694//2694
f 2792//2792 2694//2694 2695//2695
f 2792//2792 2695//2695 2696//2696
f 2792//2792 2696//2696 2697//2697
f 2792//2792 2697//2697 2698//2698
f 2792//2792 2698//2698 2699//2699
f 2792//2792 2699//2699 2700//2700
f 2792//2792 2700//2700 2701//2701
f 2792//2792 2701//2701 2702//2702
f 2792//2792 2702//2702 2703//2703
f 2792//2792 2703//2703 2704//2704
f 2792//2792 2704//2704 2705//2705
f 2792//2792 2705//2705 2706//2706
f 2792//2792 2706//2706 2707//2707
f 2792//2792 2707//2707 2708//2708
f 2792//2792 2708//2708 2709//2709
f 2792//2792 2709//2709 2710//2710
f 2792//2792 2710//2710 2711//2711
f 2792//2792 2711//2711 2712//2712
f 2792//2792 2712//2712 2713//2713
f 2792//2792 2713//2713 2714//2714
f 2792//2792 2714//2714 2715//2715
f 2792//2792 2715//2715 2716//2716
f 2792//2792 2716//2716 2717//2717
f 2792//2792 2717//2717 2718//2718
f 2792//2792 2718//2718 2719//2719
f 2792//2792 2719//2719 2720//2720
f 2792//2792 2720//2720 2721//2721
f 2792//2792 2721//2721 2722//2722
f 2792//2792 2722//2722 2723//2723
f 2792//2792 2723//2723 2724//2724
f 2792//2792 2724//2724 2725//2725
f 2792//2792 2725//2725 2726//2726
f 2792//2792 2726//2726 2727//2727
f 2792//2792 2727//2727 2728//2728
f 2792//2792 2728//2728 2729//2729
f 2792//2792 2729//2729 2730//2730
f 2792//2792 2730//2730 2731//2731
f 2792//2792 2731//2731 2732//2732
f 2792//2792 2732//2732 2733//2733
f 2792//2792 2733//2733 2734//2734
f 2792//2792 2734//2734 2735//2735
f 2792//2792 2735//2735 2736//2736
f 2792//2792 2736//2736 2737//2737
f 2792//2792 2737//2737 2738//2738
f 2792//2792 2738//2738 2739//2739
f 2792//2792 2739//2739 2740//2740
f 2792//2792 2740//2740 2741//2741
f 2792//2792 2741//2741 2742//2742
f 2792//2792 2742//2742 2743//2743
f 2792//2792 2743//2743 2744//2744
f 2792//2792 2744//2744 2745//2745
f 2792//2792 2745//2745 2746//2746
f 2792//2792 2746//2746 2747//2747
f 2792//2792 2747//2747 2748//2748
f 2792//2792 2748//2748 2749//2749
f 2792//2792 2749//2749 2750//2750
f 2792//2792 2750//2750 2751//2751
f 2792//2792 2751//2751 2752//2752
f 2792//2792 2752//2752 2753//2753
f 2792//2792 2753//2753 2754//2754
f 2792//2792 2754//2754 2755//2755
f 2792//2792 2755//2755 2756//2756
f 2792//2792 2756//2756 2757//2757
f 2792//2792 2757//2757 2758//2758
f 2792//2792 2758//2758 2759//2759
f 2792//2792 2759//2759 2760//2760
f 2792//2792 2760//2760 2761//2761
f 2792//2792 2761//2761 2762//2762
f 2792//2792 2762//2762 2763//2763
f 2792//2792 2763//2763 2764//2764
f 2792//2792 2764//2764 2765//2765
f 2792//2792 2765//2765 2766//2766
f 2792//2792 2766//2766 2767//2767
f 2792//2792 2767//2767 2768//2768
f 2792//2792 2768//2768 2769//2769
f 2792//2792 2769//2769 2770//2770
f 2792//2792 2770//2770 2771//2771
f 2792//2792 2771//2771 2772//2772
f 2792//2792 2772//2772 2773//2773
f 2792//2792 2773//2773 2774//2774
f 2792//2792 2774//2774 2775//2775
f 2792//2792 2775//2775 2776//2776
f 2792//2792 2776//2776 2777//2777
f 2792//2792 2777//2777 2778//2778
f 2792//2792 2778//2778 2779//2779
f 2792//2792 2779//2779 2780//2780
f 2792//2792 2780//2780 2781//2781
f 2792//2792 2781//2781 2782//2782
f 2792//2792 2782//2782 2783//2783
f 2792//2792 2783//2783 2784//2784
f 2792//2792 2784//2784 2785//2785
f 2792//2792 2785//2785 2786//2786
f 2792//2792 2786//2786 2787//2787
f 2792//2792 2787//2787 2788//2788
f 2792//2792 2788//2788 2789//2789
f 2792//2792 2789//2789 2790//2790
f 2790//2790 2791//2791 2792//2792
v 3.1 2.08 0.45
v 3.10045 2.08 0.470061
v 3.10182 2.08 0.490434
v 3.10416 2.08 0.511063
v 3.10751 2.08 0.531883
v 3.11191 2.08 0.552827
v 3.11737 2.08 0.573821
v 3.12393 2.08 0.594787
v 3.1316 2.08 0.615643
v 3.14038 2.08 0.636303
v 3.15027 2.08 0.656683
v 3.16127 2.08 0.676692
v 3.17335 2.08 0.696244
v 3.18649 2.08 0.715253
v 3.20064 2.08 0.733634
v 3.21576 2.08 0.751308
v 3.2318 2.08 0.768198
v 3.24869 2.08 0.784236
v 3.26637 2.08 0.799359
v 3.28475 2.08 0.813512
v 3.30376 2.08 0.826648
v 3.32331 2.08 0.83873
v 3.34332 2.08 0.849728
v 3.3637 2.08 0.859623
v 3.38436 2.08 0.868405
v 3.40521 2.08 0.876071
v 3.42618 2.08 0.88263
v 3.44717 2.08 0.888094
v 3.46812 2.08 0.892487
v 3.48894 2.08 0.895838
v 3.50957 2.08 0.89818
v 3.52994 2.08 0.899553
v 3.55 2.08 0.9
v 3.57006 2.08 0.899553
v 3.59043 2.08 0.89818
v 3.61106 2.08 0.895838
v 3.63188 2.08 0.892487
v 3.65283 2.08 0.888094
v 3.67382 2.08 0.88263
v 3.69479 2.08 0.876071
v 3.71564 2.08 0.868405
v 3.7363 2.08 0.859623
v 3.75668 2.08 0.849728
v 3.77669 2.08 0.83873
v 3.79624 2.08 0.826648
v 3.81525 2.08 0.813512
v 3.83363 2.08 0.799359
v 3.85131 2.08 0.784236
v 3.8682 2.08 0.768198
v 3.88424 2.08 0.751308
v 3.89936 2.08 0.733634
v 3.91351 2.08 0.715253
v 3.92665 2.08 0.696244
v 3.93873 2.08 0.676692
v 3.94973 2.08 0.656683
v 3.95962 2.08 0.636303
v 3.9684 2.08 0.615643
v 3.97607 2.08 0.594787
v 3.98263 2.08 0.573821
v 3.98809 2.08 0.552827
v 3.99249 2.08 0.531883
v 3.99584 2.08 0.511063
v 3.99818 2.08 0.490434
v 3.99955 2.08 0.470061
v 4 2.08 0.45
v 3.99955 2.08 0.429939
v 3.99818 2.08 0.409566
v 3.99584 2.08 0.388937
v 3.99249 2.08 0.368117
v 3.98809 2.08 0.347173
v 3.98263 2.08 0.326179
v 3.97607 2.08 0.305213
v 3.9684 2.08 0.284357
v 3.95962 2.08 0.263697
v 3.94973 2.08 0.243317
v 3.93873 2.08 0.223308
v 3.92665 2.08 0.203756
v 3.91351 2.08 0.184747
v 3.89936 2.08 0.166366
v 3.88424 2.08 0.148692
v 3.8682 2.08 0.131802
v 3.85131 2.08 0.115764
v 3.83363 2.08 0.100641
v 3.81525 2.08 0.0864882
v 3.79624 2.08 0.073352
v 3.77669 2.08 0.0612704
v 3.75668 2.08 0.0502722
v 3.7363 2.08 0.040377
v 3.71564 2.08 0.0315953
v 3.69479 2.08 0.0239287
v 3.67382 2.08 0.0173705
v 3.65283 2.08 0.0119058
v 3.63188 2.08 0.00751258
v 3.61106 2.08 0.00416223
v 3.59043 2.08 0.00182029
v 3.57006 2.08 0.000447387
v 3.55 2.08 -1.59595e-16
v 3.52994 2.08 0.000447387
v 3.50957 2.08 0.00182029
v 3.48894 2.08 0.00416223
v 3.46812 2.08 0.00751258
v 3.44717 2.08 0.0119058
v 3.42618 2.08 0.0173705
v 3.40521 2.08 0.0239287
v 3.38436 2.08 0.0315953
v 3.3637 2.08 0.040377
v 3.34332 2.08 0.0502722
v 3.32331 2.08 0.0612704
v 3.30376 2.08 0.073352
v 3.28475 2.08 0.0864882
v 3.26637 2.08 0.100641
v 3.24869 2.08 0.115764
v 3.2318 2.08 0.131802
v 3.21576 2.08 0.148692
v 3.20064 2.08 0.166366
v 3.18649 2.08 0.184747
v 3.17335 2.08 0.203756
v 3.16127 2.08 0.223308
v 3.15027 2.08 0.243317
v 3.14038 2.08 0.263697
v 3.1316 2.08 0.284357
v 3.12393 2.08 0.305213
v 3.11737 2.08 0.326179
v 3.11191 2.08 0.347173
v 3.10751 2.08 0.368117
v 3.10416 2.08 0.388937
v 3.10182 2.08 0.409566
v 3.10045 2.08 0.429939
vn 0 1 -0
vn 8.88178e-18 1 -0
vn -4.52971e-16 1 0
vn 8.88178e-18 1 -0
vn 8.88178e-18 1 -0
vn 0 1 -0
vn -2.22045e-16 1 0
vn 8.88178e-18 1 -0
vn -4.52971e-16 1 0
vn 2.30926e-16 1 -0
vn 8.88178e-18 1 -0
vn 0 1 -0
vn 0 1 -0
vn 2.30926e-16 1 -0
vn 2.30926e-16 1 -0
vn 2.22045e-16 1 -0
vn 2.30926e-16 1 -0
vn -2.30926e-16 1 0
vn 8.88178e-18 1 -0
vn 2.30926e-16 1 -0
vn 0 1 -0
vn -2.22045e-16 1 0
vn -4.52971e-16 1 0
vn 2.30926e-16 1 -0
vn 2.30926e-16 1 -0
vn 0 1 -0
vn 0 1 -0
vn -4.52971e-16 1 0
vn -2.30926e-16 1 0
vn 0 1 -0
vn -2.30926e-16 1 0
vn 2.30926e-16 1 -0
vn 0 1 -0
vn 0 1 -0
vn -2.30926e-16 1 0
vn 0 1 -0
vn -4.52971e-16 1 0
vn -4.52971e-16 1 0
vn 0 1 -0
vn 0 1 -0
vn 2.30926e-16 1 -0
vn 2.30926e-16 1 -0
vn -4.52971e-16 1 0
vn -2.22045e-16 1 0
vn 0 1 -0
vn 2.30926e-16 1 -0
vn 2.30926e-16 1 -0
vn 2.30926e-16 1 -0
vn 2.30926e-16 1 -0
vn 2.22045e-16 1 -0
vn 2.30926e-16 1 -0
vn 2.30926e-16 1 -0
vn 2.30926e-16 1 -0
vn 2.30926e-16 1 -0
vn 8.88178e-18 1 -0
vn 2.30926e-16 1 -0
vn -4.52971e-16 1 0
vn 8.88178e-18 1 -0
vn -4.52971e-16 1 0
vn 8.88178e-18 1 -0
vn 2.30926e-16 1 -0
vn 8.88178e-18 1 -0
vn -2.22045e-16 1 0
vn -4.52971e-16 1 0
vn 8.88178e-18 1 -0
vn -3.37508e-16 1 0
vn -2.26485e-16 1 0
vn 4.44089e-18 1 -0
vn -4.44089e-18 1 0
vn 4.44089e-18 1 -0
vn -3.37508e-16 1 0
vn 8.88178e-18 1 -0
vn -3.37508e-16 1 0
vn -2.22045e-16 1 0
vn 4.44089e-18 1 -0
vn 1.19904e-16 1 -0
vn 1.15463e-16 1 -0
vn 1.75415e-16 1 -0
vn 1.75415e-16 1 -0
vn 1.13243e-16 1 -0
vn 5.9952e-17 1 -0
vn -8.88178e-18 1 0
vn -3.37508e-16 1 0
vn 1.75415e-16 1 -0
vn 5.55112e-17 1 -0
vn 1.65423e-16 1 -0
vn 1.36557e-16 1 -0
vn 2.0095e-16 1 -0
vn -3.11973e-16 1 0
vn 2.55351e-17 1 -0
vn 5.32907e-17 1 -0
vn 1.5099e-16 1 -0
vn -2.68674e-16 1 0
vn 5.77316e-17 1 -0
vn -1.45439e-16 1 0
vn 1.95954e-16 1 -0
vn 3.81362e-16 1 -0
vn 1.95954e-16 1 -0
vn -1.44884e-16 1 0
vn 5.9952e-17 1 -0
vn 1.87628e-16 1 -0
vn -2.9976e-16 1 0
vn 2.10942e-17 1 -0
vn 2.88658e-17 1 -0
vn -3.13083e-16 1 0
vn 1.9984e-16 1 -0
vn 1.37668e-16 1 -0
vn 1.72085e-16 1 -0
vn 5.55112e-17 1 -0
vn -2.84217e-16 1 0
vn 6.21725e-17 1 -0
vn -2.79776e-16 1 0
vn -3.95239e-16 1 0
vn 1.17684e-16 1 -0
vn 1.70974e-16 1 -0
vn 1.70974e-16 1 -0
vn 1.15463e-16 1 -0
vn 1.15463e-16 1 -0
vn 8.88178e-18 1 -0
vn -2.26485e-16 1 0
vn -3.37508e-16 1 0
vn 8.88178e-18 1 -0
vn 1.15463e-16 1 -0
vn 4.44089e-18 1 -0
vn 2.26485e-16 1 -0
vn -4.44089e-18 1 0
vn 1.11022e-16 1 -0
vn -8.88178e-18 1 0
g WheelRR_f2
usemtl rubber
f 2920//2920 2793//2793 2794//2794
f 2920//2920 2794//2794 2795//2795
f 2920//2920 2795//2795 2796//2796
f 2920//2920 2796//2796 2797//2797
f 2920//2920 2797//2797 2798//2798
f 2920//2920 2798//2798 2799//2799
f 2920//2920 2799//2799 2800//2800
f 2920//2920 2800//2800 2801//2801
f 2920//2920 2801//2801 2802//2802
f 2920//2920 2802//2802 2803//2803
f 2920//2920 2803//2803 2804//2804
f 2920//2920 2804//2804 2805//2805
f 2920//2920 2805//2805 2806//2806
f 2920//2920 2806//2806 2807//2807
f 2920//2920 2807//2807 2808//2808
f 2920//2920 2808//2808 2809//2809
f 2920//2920 2809//2809 2810//2810
f 2920//2920 2810//2810 2811//2811
f 2920//2920 2811//2811 2812//2812
f 2920//2920 2812//2812 2813//2813
f 2920//2920 2813//2813 2814//2814
f 2920//2920 2814//2814 2815//2815
f 2920//2920 2815//2815 2816//2816
f 2920//2920 2816//2816 2817//2817
f 2920//2920 2817//2817 2818//2818
f 2920//2920 2818//2818 2819//2819
f 2920//2920 2819//2819 2820//2820
f 2920//2920 2820//2820 2821//2821
f 2920//2920 2821//2821 2822//2822
f 2920//2920 2822//2822 2823//2823
f 2920//2920 2823//2823 2824//2824
f 2920//2920 2824//2824 2825//2825
f 2920//2920 2825//2825 2826//2826
f 2920//2920 2826//2826 2827//2827
f 2920//2920 2827//2827 2828//2828
f 2920//2920 2828//2828 2829//2829
f 2920//2920 2829//2829 2830//2830
f 2920//2920 2830//2830 2831//2831
f 2920//2920 2831//2831 2832//2832
f 2920//2920 2832//2832 2833//2833
f 2920//2920 2833//2833 2834//2834
f 2920//2920 2834//2834 2835//2835
f 2920//2920 2835//2835 2836//2836
f 2920//2920 2836//2836 2837//2837
f 2920//2920 2837//2837 2838//2838
f 2920//2920 2838//2838 2839//2839
f 2920//2920 2839//2839 2840//2840
f 2920//2920 2840//2840 2841//2841
f 2920//2920 2841//2841 2842//2842
f 2920//2920 2842//2842 2843//2843
f 2920//2920 2843//2843 2844//2844
f 2920//2920 2844//2844 2845//2845
f 2920//2920 2845//2845 2846//2846
f 2920//2920 2846//2846 2847//2847
f 2920//2920 2847//2847 2848//2848
f 2920//2920 2848//2848 2849//2849
f 2920//2920 2849//2849 2850//2850
f 2920//2920 2850//2850 2851//2851
f 2920//2920 2851//2851 2852//2852
f 2920//2920 2852//2852 2853//2853
f 2920//2920 2853//2853 2854//2854
f 2920//2920 2854//2854 2855//2855
f 2920//2920 2855//2855 2856//2856
f 2920//2920 2856//2856 2857//2857
f 2920//2920 2857//2857 2858//2858
f 2920//2920 2858//2858 2859//2859
f 2920//2920 2859//2859 2860//2860
f 2920//2920 2860//2860 2861//2861
f 2920//2920 2861//2861 2862//2862
f 2920//2920 2862//2862 2863//2863
f 2920//2920 2863//2863 2864//2864
f 2920//2920 2864//2864 2865//2865
f 2920//2920 2865//2865 2866//2866
f 2920//2920 2866//2866 2867//2867
f 2920//2920 2867//2867 2868//2868
f 2920//2920 2868//2868 2869//2869
f 2920//2920 2869//2869 2870//2870
f 2920//2920 2870//2870 2871//2871
f 2920//2920 2871//2871 2872//2872
f 2920//2920 2872//2872 2873//2873
f 2920//2920 2873//2873 2874//2874
f 2920//2920 2874//2874 2875//2875
f 2920//2920 2875//2875 2876//2876
f 2920//2920 2876//2876 2877//2877
f 2920//2920 2877//2877 2878//2878
f 2920//2920 2878//2878 2879//2879
f 2920//2920 2879//2879 2880//2880
f 2920//2920 2880//2880 2881//2881
f 2920//2920 2881//2881 2882//2882
f 2920//2920 2882//2882 2883//2883
f 2920//2920 2883//2883 2884//2884
f 2920//2920 2884//2884 2885//2885
f 2920//2920 2885//2885 2886//2886
f 2920//2920 2886//2886 2887//2887
f 2920//2920 2887//2887 2888//2888
f 2920//2920 2888//2888 2889//2889
f 2920//2920 2889//2889 2890//2890
f 2920//2920 2890//2890 2891//2891
f 2920//2920 2891//2891 2892//2892
f 2920//2920 2892//2892 2893//2893
f 2920//2920 2893//2893 2894//2894
f 2920//2920 2894//2894 2895//2895
f 2920//2920 2895//2895 2896//2896
f 2920//2920 2896//2896 2897//2897
f 2920//2920 2897//2897 2898//2898
f 2920//2920 2898//2898 2899//2899
f 2920//2920 2899//2899 2900//2900
f 2920//2920 2900//2900 2901//2901
f 2920//2920 2901//2901 2902//2902
f 2920//2920 2902//2902 2903//2903
f 2920//2920 2903//2903 2904//2904
f 2920//2920 2904//2904 2905//2905
f 2920//2920 2905//2905 2906//2906
f 2920//2920 2906//2906 2907//2907
f 2920//2920 2907//2907 2908//2908
f 2920//2920 2908//2908 2909//2909
f 2920//2920 2909//2909 2910//2910
f 2920//2920 2910//2910 2911//2911
f 2920//2920 2911//2911 2912//2912
f 2920//2920 2912//2912 2913//2913
f 2920//2920 2913//2913 2914//2914
f 2920//2920 2914//2914 2915//2915
f 2920//2920 2915//2915 2916//2916
f 2920//2920 2916//2916 2917//2917
f 2920//2920 2917//2917 2918//2918
f 2918//2918 2919//2919 2920//2920
o HubFL
v 0.88 -0.12 0.45
v 0.880688 -0.12 0.465275
v 0.882838 -0.12 0.480934
v 0.886562 -0.12 0.496777
v 0.891936 -0.12 0.512576
v 0.898992 -0.12 0.52808
v 0.907711 -0.12 0.543026
v 0.91802 -0.12 0.557151
v 0.929792 -0.12 0.570208
v 0.942849 -0.12 0.58198
v 0.956974 -0.12 0.592289
v 0.97192 -0.12 0.601008
v 0.987424 -0.12 0.608064
v 1.00322 -0.12 0.613438
v 1.01907 -0.12 0.617162
v 1.03472 -0.12 0.619312
v 1.05 -0.12 0.62
v 1.06528 -0.12 0.619312
v 1.08093 -0.12 0.617162
v 1.09678 -0.12 0.613438
v 1.11258 -0.12 0.608064
v 1.12808 -0.12 0.601008
v 1.14303 -0.12 0.592289
v 1.15715 -0.12 0.58198
v 1.17021 -0.12 0.570208
v 1.18198 -0.12 0.557151
v 1.19229 -0.12 0.543026
v 1.20101 -0.12 0.52808
v 1.20806 -0.12 0.512576
v 1.21344 -0.12 0.496777
v 1.21716 -0.12 0.480934
v 1.21931 -0.12 0.465275
v 1.22 -0.12 0.45
v 1.21931 -0.12 0.434725
v 1.21716 -0.12 0.419066
v 1.21344 -0.12 0.403223
v 1.20806 -0.12 0.387424
v 1.20101 -0.12 0.37192
v 1.19229 -0.12 0.356974
v 1.18198 -0.12 0.342849
v 1.17021 -0.12 0.329792
v 1.15715 -0.12 0.31802
v 1.14303 -0.12 0.307711
v 1.12808 -0.12 0.298992
v 1.11258 -0.12 0.291936
v 1.09678 -0.12 0.286562
v 1.08093 -0.12 0.282838
v 1.06528 -0.12 0.280688
v 1.05 -0.12 0.28
v 1.03472 -0.12 0.280688
v 1.01907 -0.12 0.282838
v 1.00322 -0.12 0.286562
v 0.987424 -0.12 0.291936
v 0.97192 -0.12 0.298992
v 0.956974 -0.12 0.307711
v 0.942849 -0.12 0.31802
v 0.929792 -0.12 0.329792
v 0.91802 -0.12 0.342849
v 0.907711 -0.12 0.356974
v 0.898992 -0.12 0.37192
v 0.891936 -0.12 0.387424
v 0.886562 -0.12 0.403223
v 0.882838 -0.12 0.419066
v 0.880688 -0.12 0.434725
v 0.88 -0.12 0.45
v 0.88 -0.09 0.45
v 0.880688 -0.09 0.465275
v 0.882838 -0.09 0.480934
v 0.886562 -0.09 0.496777
v 0.891936 -0.09 0.512576
v 0.898992 -0.09 0.52808
v 0.907711 -0.09 0.543026
v 0.91802 -0.09 0.557151
v 0.929792 -0.09 0.570208
v 0.942849 -0.09 0.58198
v 0.956974 -0.09 0.592289
v 0.97192 -0.09 0.601008
v 0.987424 -0.09 0.608064
v 1.00322 -0.09 0.613438
v 1.01907 -0.09 0.617162
v 1.03472 -0.09 0.619312
v 1.05 -0.09 0.62
v 1.06528 -0.09 0.619312
v 1.08093 -0.09 0.617162
v 1.09678 -0.09 0.613438
v 1.11258 -0.09 0.608064
v 1.12808 -0.09 0.601008
v 1.14303 -0.09 0.592289
v 1.15715 -0.09 0.58198
v 1.17021 -0.09 0.570208
v 1.18198 -0.09 0.557151
v 1.19229 -0.09 0.543026
v 1.20101 -0.09 0.52808
v 1.20806 -0.09 0.512576
v 1.21344 -0.09 0.496777
v 1.21716 -0.09 0.480934
v 1.21931 -0.09 0.465275
v 1.22 -0.09 0.45
v 1.21931 -0.09 0.434725
v 1.21716 -0.09 0.419066
v 1.21344 -0.09 0.403223
v 1.20806 -0.09 0.387424
v 1.20101 -0.09 0.37192
v 1.19229 -0.09 0.356974
v 1.18198 -0.09 0.342849
v 1.17021 -0.09 0.329792
v 1.15715 -0.09 0.31802
v 1.14303 -0.09 0.307711
v 1.12808 -0.09 0.298992
v 1.11258 -0.09 0.291936
v 1.09678 -0.09 0.286562
v 1.08093 -0.09 0.282838
v 1.06528 -0.09 0.280688
v 1.05 -0.09 0.28
v 1.03472 -0.09 0.280688
v 1.01907 -0.09 0.282838
v 1.00322 -0.09 0.286562
v 0.987424 -0.09 0.291936
v 0.97192 -0.09 0.298992
v 0.956974 -0.09 0.307711
v 0.942849 -0.09 0.31802
v 0.929792 -0.09 0.329792
v 0.91802 -0.09 0.342849
v 0.907711 -0.09 0.356974
v 0.898992 -0.09 0.37192
v 0.891936 -0.09 0.387424
v 0.886562 -0.09 0.403223
v 0.882838 -0.09 0.419066
v 0.880688 -0.09 0.434725
v 0.88 -0.09 0.45
v 0.88 -0.06 0.45
v 0.880688 -0.06 0.465275
v 0.882838 -0.06 0.480934
v 0.886562 -0.06 0.496777
v 0.891936 -0.06 0.512576
v 0.898992 -0.06 0.52808
v 0.907711 -0.06 0.543026
v 0.91802 -0.06 0.557151
v 0.929792 -0.06 0.570208
v 0.942849 -0.06 0.58198
v 0.956974 -0.06 0.592289
v 0.97192 -0.06 0.601008
v 0.987424 -0.06 0.608064
v 1.00322 -0.06 0.613438
v 1.01907 -0.06 0.617162
v 1.03472 -0.06 0.619312
v 1.05 -0.06 0.62
v 1.06528 -0.06 0.619312
v 1.08093 -0.06 0.617162
v 1.09678 -0.06 0.613438
v 1.11258 -0.06 0.608064
v 1.12808 -0.06 0.601008
v 1.14303 -0.06 0.592289
v 1.15715 -0.06 0.58198
v 1.17021 -0.06 0.570208
v 1.18198 -0.06 0.557151
v 1.19229 -0.06 0.543026
v 1.20101 -0.06 0.52808
v 1.20806 -0.06 0.512576
v 1.21344 -0.06 0.496777
v 1.21716 -0.06 0.480934
v 1.21931 -0.06 0.465275
v 1.22 -0.06 0.45
v 1.21931 -0.06 0.434725
v 1.21716 -0.06 0.419066
v 1.21344 -0.06 0.403223
v 1.20806 -0.06 0.387424
v 1.20101 -0.06 0.37192
v 1.19229 -0.06 0.356974
v 1.18198 -0.06 0.342849
v 1.17021 -0.06 0.329792
v 1.15715 -0.06 0.31802
v 1.14303 -0.06 0.307711
v 1.12808 -0.06 0.298992
v 1.11258 -0.06 0.291936
v 1.09678 -0.06 0.286562
v 1.08093 -0.06 0.282838
v 1.06528 -0.06 0.280688
v 1.05 -0.06 0.28
v 1.03472 -0.06 0.280688
v 1.01907 -0.06 0.282838
v 1.00322 -0.06 0.286562
v 0.987424 -0.06 0.291936
v 0.97192 -0.06 0.298992
v 0.956974 -0.06 0.307711
v 0.942849 -0.06 0.31802
v 0.929792 -0.06 0.329792
v 0.91802 -0.06 0.342849
v 0.907711 -0.06 0.356974
v 0.898992 -0.06 0.37192
v 0.891936 -0.06 0.387424
v 0.886562 -0.06 0.403223
v 0.882838 -0.06 0.419066
v 0.880688 -0.06 0.434725
v 0.88 -0.06 0.45
vn -1 0 -4.61792e-16
vn -0.995955 0 0.0898544
vn -0.983305 0 0.181963
vn -0.961399 0 0.275158
vn -0.929788 0 0.368095
vn -0.888284 0 0.459295
vn -0.836996 0 0.54721
vn -0.776353 0 0.630298
vn -0.707107 0 0.707107
vn -0.630298 0 0.776353
vn -0.54721 0 0.836996
vn -0.459295 0 0.888284
vn -0.368095 0 0.929788
vn -0.275158 0 0.961399
vn -0.181963 0 0.983305
vn -0.0898544 0 0.995955
vn 0 0 1
vn 0.0898544 -0 0.995955
vn 0.181963 -0 0.983305
vn 0.275158 -0 0.961399
vn 0.368095 -0 0.929788
vn 0.459295 -0 0.888284
vn 0.54721 -0 0.836996
vn 0.630298 -0 0.776353
vn 0.707107 -0 0.707107
vn 0.776353 -0 0.630298
vn 0.836996 -0 0.54721
vn 0.888284 -0 0.459295
vn 0.929788 -0 0.368095
vn 0.961399 -0 0.275158
vn 0.983305 -0 0.181963
vn 0.995955 -0 0.0898544
vn 1 0 -4.61792e-16
vn 0.995955 0 -0.0898544
vn 0.983305 0 -0.181963
vn 0.961399 0 -0.275158
vn 0.929788 0 -0.368095
vn 0.888284 0 -0.459295
vn 0.836996 0 -0.54721
vn 0.776353 0 -0.630298
vn 0.707107 0 -0.707107
vn 0.630298 0 -0.776353
vn 0.54721 0 -0.836996
vn 0.459295 0 -0.888284
vn 0.368095 0 -0.929788
vn 0.275158 0 -0.961399
vn 0.181963 0 -0.983305
vn 0.0898544 0 -0.995955
vn 2.30896e-16 0 -1
vn -0.0898544 0 -0.995955
vn -0.181963 0 -0.983305
vn -0.275158 0 -0.961399
vn -0.368095 0 -0.929788
vn -0.459295 0 -0.888284
vn -0.54721 0 -0.836996
vn -0.630298 0 -0.776353
vn -0.707107 0 -0.707107
vn -0.776353 0 -0.630298
vn -0.836996 0 -0.54721
vn -0.888284 0 -0.459295
vn -0.929788 0 -0.368095
vn -0.961399 0 -0.275158
vn -0.983305 0 -0.181963
vn -0.995955 0 -0.0898544
vn -1 0 -4.61792e-16
vn -1 0 0
vn -0.995955 0 0.0898544
vn -0.983305 0 0.181963
vn -0.961399 0 0.275158
vn -0.929788 0 0.368095
vn -0.888284 0 0.459295
vn -0.836996 0 0.54721
vn -0.776353 0 0.630298
vn -0.707107 0 0.707107
vn -0.630298 0 0.776353
vn -0.54721 0 0.836996
vn -0.459295 0 0.888284
vn -0.368095 0 0.929788
vn -0.275158 0 0.961399
vn -0.181963 0 0.983305
vn -0.0898544 0 0.995955
vn -2.30896e-16 0 1
vn 0.0898544 -0 0.995955
vn 0.181963 -0 0.983305
vn 0.275158 -0 0.961399
vn 0.368095 -0 0.929788
vn 0.459295 -0 0.888284
vn 0.54721 -0 0.836996
vn 0.630298 -0 0.776353
vn 0.707107 -0 0.707107
vn 0.776353 -0 0.630298
vn 0.836996 -0 0.54721
vn 0.888284 -0 0.459295
vn 0.929788 -0 0.368095
vn 0.961399 -0 0.275158
vn 0.983305 -0 0.181963
vn 0.995955 -0 0.0898544
vn 1 -0 4.61792e-16
vn 0.995955 0 -0.0898544
vn 0.983305 0 -0.181963
vn 0.961399 0 -0.275158
vn 0.929788 0 -0.368095
vn 0.888284 0 -0.459295
vn 0.836996 0 -0.54721
vn 0.776353 0 -0.630298
vn 0.707107 0 -0.707107
vn 0.630298 0 -0.776353
vn 0.54721 0 -0.836996
vn 0.459295 0 -0.888284
vn 0.368095 0 -0.929788
vn 0.275158 0 -0.961399
vn 0.181963 0 -0.983305
vn 0.0898544 0 -0.995955
vn 1.15448e-16 0 -1
vn -0.0898544 0 -0.995955
vn -0.181963 0 -0.983305
vn -0.275158 0 -0.961399
vn -0.368095 0 -0.929788
vn -0.459295 0 -0.888284
vn -0.54721 0 -0.836996
vn -0.630298 0 -0.776353
vn -0.707107 0 -0.707107
vn -0.776353 0 -0.630298
vn -0.836996 0 -0.54721
vn -0.888284 0 -0.459295
vn -0.929788 0 -0.368095
vn -0.961399 0 -0.275158
vn -0.983305 0 -0.181963
vn -0.995955 0 -0.0898544
vn -1 0 -4.61792e-16
vn -1 0 -4.61792e-16
vn -0.995955 0 0.0898544
vn -0.983305 0 0.181963
vn -0.961399 0 0.275158
vn -0.929788 0 0.368095
vn -0.888284 0 0.459295
vn -0.836996 0 0.54721
vn -0.776353 0 0.630298
vn -0.707107 0 0.707107
vn -0.630298 0 0.776353
vn -0.54721 0 0.836996
vn -0.459295 0 0.888284
vn -0.368095 0 0.929788
vn -0.275158 0 0.961399
vn -0.181963 0 0.983305
vn -0.0898544 0 0.995955
vn 0 0 1
vn 0.0898544 -0 0.995955
vn 0.181963 -0 0.983305
vn 0.275158 -0 0.961399
vn 0.368095 -0 0.929788
vn 0.459295 -0 0.888284
vn 0.54721 -0 0.836996
vn 0.630298 -0 0.776353
vn 0.707107 -0 0.707107
vn 0.776353 -0 0.630298
vn 0.836996 -0 0.54721
vn 0.888284 -0 0.459295
vn 0.929788 -0 0.368095
vn 0.961399 -0 0.275158
vn 0.983305 -0 0.181963
vn 0.995955 -0 0.0898544
vn 1 0 -4.61792e-16
vn 0.995955 0 -0.0898544
vn 0.983305 0 -0.181963
vn 0.961399 0 -0.275158
vn 0.929788 0 -0.368095
vn 0.888284 0 -0.459295
vn 0.836996 0 -0.54721
vn 0.776353 0 -0.630298
vn 0.707107 0 -0.707107
vn 0.630298 0 -0.776353
vn 0.54721 0 -0.836996
vn 0.459295 0 -0.888284
vn 0.368095 0 -0.929788
vn 0.275158 0 -0.961399
vn 0.181963 0 -0.983305
vn 0.0898544 0 -0.995955
vn 2.30896e-16 0 -1
vn -0.0898544 0 -0.995955
vn -0.181963 0 -0.983305
vn -0.275158 0 -0.961399
vn -0.368095 0 -0.929788
vn -0.459295 0 -0.888284
vn -0.54721 0 -0.836996
vn -0.630298 0 -0.776353
vn -0.707107 0 -0.707107
vn -0.776353 0 -0.630298
vn -0.836996 0 -0.54721
vn -0.888284 0 -0.459295
vn -0.929788 0 -0.368095
vn -0.961399 0 -0.275158
vn -0.983305 0 -0.181963
vn -0.995955 0 -0.0898544
vn -1 0 -4.61792e-16
g HubFL_f0
usemtl chrome
f 2921//2921 2922//2922 2987//2987
f 2921//2921 2987//2987 2986//2986
f 2922//2922 2923//2923 2988//2988
f 2922//2922 2988//2988 2987//2987
f 2923//2923 2924//2924 2989//2989
f 2923//2923 2989//2989 2988//2988
f 2924//2924 2925//2925 2990//2990
f 2924//2924 2990//2990 2989//2989
f 2925//2925 2926//2926 2991//2991
f 2925//2925 2991//2991 2990//2990
f 2926//2926 2927//2927 2992//2992
f 2926//2926 2992//2992 2991//2991
f 2927//2927 2928//2928 2993//2993
f 2927//2927 2993//2993 2992//2992
f 2928//2928 2929//2929 2994//2994
f 2928//2928 2994//2994 2993//2993
f 2929//2929 2930//2930 2995//2995
f 2929//2929 2995//2995 2994//2994
f 2930//2930 2931//2931 2996//2996
f 2930//2930 2996//2996 2995//2995
f 2931//2931 2932//2932 2997//2997
f 2931//2931 2997//2997 2996//2996
f 2932//2932 2933//2933 2998//2998
f 2932//2932 2998//2998 2997//2997
f 2933//2933 2934//2934 2999//2999
f 2933//2933 2999//2999 2998//2998
f 2934//2934 2935//2935 3000//3000
f 2934//2934 3000//3000 2999//2999
f 2935//2935 2936//2936 3001//3001
f 2935//2935 3001//3001 3000//3000
f 2936//2936 2937//2937 3002//3002
f 2936//2936 3002//3002 3001//3001
f 2937//2937 2938//2938 3003//3003
f 2937//2937 3003//3003 3002//3002
f 2938//2938 2939//2939 3004//3004
f 2938//2938 3004//3004 3003//3003
f 2939//2939 2940//2940 3005//3005
f 2939//2939 3005//3005 3004//3004
f 2940//2940 2941//2941 3006//3006
f 2940//2940 3006//3006 3005//3005
f 2941//2941 2942//2942 3007//3007
f 2941//2941 3007//3007 3006//3006
f 2942//2942 2943//2943 3008//3008
f 2942//2942 3008//3008 3007//3007
f 2943//2943 2944//2944 3009//3009
f 2943//2943 3009//3009 3008//3008
f 2944//2944 2945//2945 3010//3010
f 2944//2944 3010//3010 3009//3009
f 2945//2945 2946//2946 3011//3011
f 2945//2945 3011//3011 3010//3010
f 2946//2946 2947//2947 3012//3012
f 2946//2946 3012//3012 3011//3011
f 2947//2947 2948//2948 3013//3013
f 2947//2947 3013//3013 3012//3012
f 2948//2948 2949//2949 3014//3014
f 2948//2948 3014//3014 3013//3013
f 2949//2949 2950//2950 3015//3015
f 2949//2949 3015//3015 3014//3014
f 2950//2950 2951//2951 3016//3016
f 2950//2950 3016//3016 3015//3015
f 2951//2951 2952//2952 3017//3017
f 2951//2951 3017//3017 3016//3016
f 2952//2952 2953//2953 3018//3018
f 2952//2952 3018//3018 3017//3017
f 2953//2953 2954//2954 3019//3019
f 2953//2953 3019//3019 3018//3018
f 2954//2954 2955//2955 3020//3020
f 2954//2954 3020//3020 3019//3019
f 2955//2955 2956//2956 3021//3021
f 2955//2955 3021//3021 3020//3020
f 2956//2956 2957//2957 3022//3022
f 2956//2956 3022//3022 3021//3021
f 2957//2957 2958//2958 3023//3023
f 2957//2957 3023//3023 3022//3022
f 2958//2958 2959//2959 3024//3024
f 2958//2958 3024//3024 3023//3023
f 2959//2959 2960//2960 3025//3025
f 2959//2959 3025//3025 3024//3024
f 2960//2960 2961//2961 3026//3026
f 2960//2960 3026//3026 3025//3025
f 2961//2961 2962//2962 3027//3027
f 2961//2961 3027//3027 3026//3026
f 2962//2962 2963//2963 3028//3028
f 2962//2962 3028//3028 3027//3027
f 2963//2963 2964//2964 3029//3029
f 2963//2963 3029//3029 3028//3028
f 2964//2964 2965//2965 3030//3030
f 2964//2964 3030//3030 3029//3029
f 2965//2965 2966//2966 3031//3031
f 2965//2965 3031//3031 3030//3030
f 2966//2966 2967//2967 3032//3032
f 2966//2966 3032//3032 3031//3031
f 2967//2967 2968//2968 3033//3033
f 2967//2967 3033//3033 3032//3032
f 2968//2968 2969//2969 3034//3034
f 2968//2968 3034//3034 3033//3033
f 2969//2969 2970//2970 3035//3035
f 2969//2969 3035//3035 3034//3034
f 2970//2970 2971//2971 3036//3036
f 2970//2970 3036//3036 3035//3035
f 2971//2971 2972//2972 3037//3037
f 2971//2971 3037//3037 3036//3036
f 2972//2972 2973//2973 3038//3038
f 2972//2972 3038//3038 3037//3037
f 2973//2973 2974//2974 3039//3039
f 2973//2973 3039//3039 3038//3038
f 2974//2974 2975//2975 3040//3040
f 2974//2974 3040//3040 3039//3039
f 2975//2975 2976//2976 3041//3041
f 2975//2975 3041//3041 3040//3040
f 2976//2976 2977//2977 3042//3042
f 2976//2976 3042//3042 3041//3041
f 2977//2977 2978//2978 3043//3043
f 2977//2977 3043//3043 3042//3042
f 2978//2978 2979//2979 3044//3044
f 2978//2978 3044//3044 3043//3043
f 2979//2979 2980//2980 3045//3045
f 2979//2979 3045//3045 3044//3044
f 2980//2980 2981//2981 3046//3046
f 2980//2980 3046//3046 3045//3045
f 2981//2981 2982//2982 3047//3047
f 2981//2981 3047//3047 3046//3046
f 2982//2982 2983//2983 3048//3048
f 2982//2982 3048//3048 3047//3047
f 2983//2983 2984//2984 3049//3049
f 2983//2983 3049//3049 3048//3048
f 2984//2984 2985//2985 3050//3050
f 2984//2984 3050//3050 3049//3049
f 2986//2986 2987//2987 3052//3052
f 2986//2986 3052//3052 3051//3051
f 2987//2987 2988//2988 3053//3053
f 2987//2987 3053//3053 3052//3052
f 2988//2988 2989//2989 3054//3054
f 2988//2988 3054//3054 3053//3053
f 2989//2989 2990//2990 3055//3055
f 2989//2989 3055//3055 3054//3054
f 2990//2990 2991//2991 3056//3056
f 2990//2990 3056//3056 3055//3055
f 2991//2991 2992//2992 3057//3057
f 2991//2991 3057//3057 3056//3056
f 2992//2992 2993//2993 3058//3058
f 2992//2992 3058//3058 3057//3057
f 2993//2993 2994//2994 3059//3059
f 2993//2993 3059//3059 3058//3058
f 2994//2994 2995//2995 3060//3060
f 2994//2994 3060//3060 3059//3059
f 2995//2995 2996//2996 3061//3061
f 2995//2995 3061//3061 3060//3060
f 2996//2996 2997//2997 3062//3062
f 2996//2996 3062//3062 3061//3061
f 2997//2997 2998//2998 3063//3063
f 2997//2997 3063//3063 3062//3062
f 2998//2998 2999//2999 3064//3064
f 2998//2998 3064//3064 3063//3063
f 2999//2999 3000//3000 3065//3065
f 2999//2999 3065//3065 3064//3064
f 3000//3000 3001//3001 3066//3066
f 3000//3000 3066//3066 3065//3065
f 3001//3001 3002//3002 3067//3067
f 3001//3001 3067//3067 3066//3066
f 3002//3002 3003//3003 3068//3068
f 3002//3002 3068//3068 3067//3067
f 3003//3003 3004//3004 3069//3069
f 3003//3003 3069//3069 3068//3068
f 3004//3004 3005//3005 3070//3070
f 3004//3004 3070//3070 3069//3069
f 3005//3005 3006//3006 3071//3071
f 3005//3005 3071//3071 3070//3070
f 3006//3006 3007//3007 3072//3072
f 3006//3006 3072//3072 3071//3071
f 3007//3007 3008//3008 3073//3073
f 3007//3007 3073//3073 3072//3072
f 3008//3008 3009//3009 3074//3074
f 3008//3008 3074//3074 3073//3073
f 3009//3009 3010//3010 3075//3075
f 3009//3009 3075//3075 3074//3074
f 3010//3010 3011//3011 3076//3076
f 3010//3010 3076//3076 3075//3075
f 3011//3011 3012//3012 3077//3077
f 3011//3011 3077//3077 3076//3076
f 3012//3012 3013//3013 3078//3078
f 3012//3012 3078//3078 3077//3077
f 3013//3013 3014//3014 3079//3079
f 3013//3013 3079//3079 3078//3078
f 3014//3014 3015//3015 3080//3080
f 3014//3014 3080//3080 3079//3079
f 3015//3015 3016//3016 3081//3081
f 3015//3015 3081//3081 3080//3080
f 3016//3016 3017//3017 3082//3082
f 3016//3016 3082//3082 3081//3081
f 3017//3017 3018//3018 3083//3083
f 3017//3017 3083//3083 3082//3082
f 3018//3018 3019//3019 3084//3084
f 3018//3018 3084//3084 3083//3083
f 3019//3019 3020//3020 3085//3085
f 3019//3019 3085//3085 3084//3084
f 3020//3020 3021//3021 3086//3086
f 3020//3020 3086//3086 3085//3085
f 3021//3021 3022//3022 3087//3087
f 3021//3021 3087//3087 3086//3086
f 3022//3022 3023//3023 3088//3088
f 3022//3022 3088//3088 3087//3087
f 3023//3023 3024//3024 3089//3089
f 3023//3023 3089//3089 3088//3088
f 3024//3024 3025//3025 3090//3090
f 3024//3024 3090//3090 3089//3089
f 3025//3025 3026//3026 3091//3091
f 3025//3025 3091//3091 3090//3090
f 3026//3026 3027//3027 3092//3092
f 3026//3026 3092//3092 3091//3091
f 3027//3027 3028//3028 3093//3093
f 3027//3027 3093//3093 3092//3092
f 3028//3028 3029//3029 3094//3094
f 3028//3028 3094//3094 3093//3093
f 3029//3029 3030//3030 3095//3095
f 3029//3029 3095//3095 3094//3094
f 3030//3030 3031//3031 3096//3096
f 3030//3030 3096//3096 3095//3095
f 3031//3031 3032//3032 3097//3097
f 3031//3031 3097//3097 3096//3096
f 3032//3032 3033//3033 3098//3098
f 3032//3032 3098//3098 3097//3097
f 3033//3033 3034//3034 3099//3099
f 3033//3033 3099//3099 3098//3098
f 3034//3034 3035//3035 3100//3100
f 3034//3034 3100//3100 3099//3099
f 3035//3035 3036//3036 3101//3101
f 3035//3035 3101//3101 3100//3100
f 3036//3036 3037//3037 3102//3102
f 3036//3036 3102//3102 3101//3101
f 3037//3037 3038//3038 3103//3103
f 3037//3037 3103//3103 3102//3102
f 3038//3038 3039//3039 3104//3104
f 3038//3038 3104//3104 3103//3103
f 3039//3039 3040//3040 3105//3105
f 3039//3039 3105//3105 3104//3104
f 3040//3040 3041//3041 3106//3106
f 3040//3040 3106//3106 3105//3105
f 3041//3041 3042//3042 3107//3107
f 3041//3041 3107//3107 3106//3106
f 3042//3042 3043//3043 3108//3108
f 3042//3042 3108//3108 3107//3107
f 3043//3043 3044//3044 3109//3109
f 3043//3043 3109//3109 3108//3108
f 3044//3044 3045//3045 3110//3110
f 3044//3044 3110//3110 3109//3109
f 3045//3045 3046//3046 3111//3111
f 3045//3045 3111//3111 3110//3110
f 3046//3046 3047//3047 3112//3112
f 3046//3046 3112//3112 3111//3111
f 3047//3047 3048//3048 3113//3113
f 3047//3047 3113//3113 3112//3112
f 3048//3048 3049//3049 3114//3114
f 3048//3048 3114//3114 3113//3113
f 3049//3049 3050//3050 3115//3115
f 3049//3049 3115//3115 3114//3114
v 0.88 -0.12 0.45
v 0.880688 -0.12 0.434725
v 0.882838 -0.12 0.419066
v 0.886562 -0.12 0.403223
v 0.891936 -0.12 0.387424
v 0.895254 -0.12 0.379619
v 0.898992 -0.12 0.37192
v 0.903147 -0.12 0.364361
v 0.907711 -0.12 0.356974
v 0.912673 -0.12 0.349793
v 0.91802 -0.12 0.342849
v 0.923733 -0.12 0.336173
v 0.929792 -0.12 0.329792
v 0.936173 -0.12 0.323733
v 0.942849 -0.12 0.31802
v 0.949793 -0.12 0.312673
v 0.956974 -0.12 0.307711
v 0.964361 -0.12 0.303147
v 0.97192 -0.12 0.298992
v 0.979619 -0.12 0.295254
v 0.987424 -0.12 0.291936
v 1.00322 -0.12 0.286562
v 1.01907 -0.12 0.282838
v 1.03472 -0.12 0.280688
v 1.05 -0.12 0.28
v 1.06528 -0.12 0.280688
v 1.08093 -0.12 0.282838
v 1.09678 -0.12 0.286562
v 1.11258 -0.12 0.291936
v 1.12038 -0.12 0.295254
v 1.12808 -0.12 0.298992
v 1.13564 -0.12 0.303147
v 1.14303 -0.12 0.307711
v 1.15021 -0.12 0.312673
v 1.15715 -0.12 0.31802
v 1.16383 -0.12 0.323733
v 1.17021 -0.12 0.329792
v 1.17627 -0.12 0.336173
v 1.18198 -0.12 0.342849
v 1.18733 -0.12 0.349793
v 1.19229 -0.12 0.356974
v 1.19685 -0.12 0.364361
v 1.20101 -0.12 0.37192
v 1.20475 -0.12 0.379619
v 1.20806 -0.12 0.387424
v 1.21344 -0.12 0.403223
v 1.21716 -0.12 0.419066
v 1.21931 -0.12 0.434725
v 1.22 -0.12 0.45
v 1.21931 -0.12 0.465275
v 1.21716 -0.12 0.480934
v 1.21344 -0.12 0.496777
v 1.20806 -0.12 0.512576
v 1.20475 -0.12 0.520381
v 1.20101 -0.12 0.52808
v 1.19685 -0.12 0.535639
v 1.19229 -0.12 0.543026
v 1.18733 -0.12 0.550207
v 1.18198 -0.12 0.557151
v 1.17627 -0.12 0.563827
v 1.17021 -0.12 0.570208
v 1.16383 -0.12 0.576267
v 1.15715 -0.12 0.58198
v 1.15021 -0.12 0.587327
v 1.14303 -0.12 0.592289
v 1.13564 -0.12 0.596853
v 1.12808 -0.12 0.601008
v 1.12038 -0.12 0.604746
v 1.11258 -0.12 0.608064
v 1.09678 -0.12 0.613438
v 1.08093 -0.12 0.617162
v 1.06528 -0.12 0.619312
v 1.05 -0.12 0.62
v 1.03472 -0.12 0.619312
v 1.01907 -0.12 0.617162
v 1.00322 -0.12 0.613438
v 0.987424 -0.12 0.608064
v 0.979619 -0.12 0.604746
v 0.97192 -0.12 0.601008
v 0.964361 -0.12 0.596853
v 0.956974 -0.12 0.592289
v 0.949793 -0.12 0.587327
v 0.942849 -0.12 0.58198
v 0.936173 -0.12 0.576267
v 0.929792 -0.12 0.570208
v 0.923733 -0.12 0.563827
v 0.91802 -0.12 0.557151
v 0.912673 -0.12 0.550207
v 0.907711 -0.12 0.543026
v 0.903147 -0.12 0.535639
v 0.898992 -0.12 0.52808
v 0.895254 -0.12 0.520381
v 0.891936 -0.12 0.512576
v 0.886562 -0.12 0.496777
v 0.882838 -0.12 0.480934
v 0.880688 -0.12 0.465275
vn 0 -1 1.73472e-18
vn -5.44009e-17 -1 1.73472e-18
vn -5.44009e-17 -1 0
vn 0 -1 5.55112e-17
vn 0 -1 3.46945e-18
vn -1.33227e-17 -1 5.89806e-17
vn 5.55112e-19 -1 3.46945e-18
vn 4.10783e-17 -1 5.55112e-17
vn -1.27676e-17 -1 5.55112e-17
vn -1.33227e-17 -1 6.245e-17
vn 2.77556e-17 -1 6.245e-17
vn 4.05231e-17 -1 6.245e-17
vn -4.7462e-17 -1 6.93889e-18
vn -4.7462e-17 -1 5.55112e-17
vn 4.10783e-17 -1 6.93889e-17
vn -2.72005e-17 -1 4.16334e-17
vn 2.02616e-17 -1 4.16334e-17
vn -2.69229e-17 -1 4.16334e-17
vn -8.32667e-19 -1 2.77556e-17
vn 2.69229e-17 -1 4.16334e-17
vn -2.35922e-18 -1 4.16334e-17
vn -2.06779e-17 -1 1.38778e-17
vn -3.747e-17 -1 5.55112e-17
vn -6.66134e-18 -1 2.77556e-17
vn 6.03684e-18 -1 5.55112e-17
vn -4.78784e-18 -1 5.55112e-17
vn -3.747e-17 -1 0
vn -1.69309e-17 -1 2.77556e-17
vn 5.10703e-17 -1 5.55112e-17
vn 2.69229e-17 -1 2.77556e-17
vn -8.32667e-19 -1 5.55112e-17
vn -2.66454e-17 -1 5.55112e-17
vn 1.30451e-17 -1 2.77556e-17
vn -2.69229e-17 -1 5.55112e-17
vn 4.10783e-17 -1 5.55112e-17
vn -4.7462e-17 -1 5.55112e-17
vn -4.7462e-17 -1 0
vn 4.10783e-17 -1 0
vn -1.38778e-17 -1 5.55112e-17
vn 4.05231e-17 -1 5.55112e-17
vn -1.27676e-17 -1 5.55112e-17
vn 4.10783e-17 -1 5.55112e-17
vn -5.44009e-17 -1 0
vn -1.33227e-17 -1 5.55112e-17
vn 0 -1 0
vn -4.05231e-17 -1 5.55112e-17
vn -5.44009e-17 -1 0
vn 0 -1 0
vn 0 -1 0
vn 0 -1 0
vn 0 -1 5.55112e-17
vn 0 -1 5.55112e-17
vn 0 -1 0
vn -5.44009e-17 -1 5.55112e-17
vn -2.77556e-17 -1 5.55112e-17
vn 2.66454e-17 -1 5.55112e-17
vn 2.77556e-17 -1 5.55112e-17
vn 0 -1 5.55112e-17
vn 0 -1 5.55112e-17
vn 0 -1 5.55112e-17
vn -5.55112e-17 -1 0
vn -5.32907e-17 -1 5.55112e-17
vn 0 -1 5.55112e-17
vn 0 -1 2.77556e-17
vn 0 -1 2.77556e-17
vn 0 -1 5.55112e-17
vn 0 -1 5.55112e-17
vn -5.55112e-17 -1 2.77556e-17
vn 0 -1 2.77556e-17
vn 0 -1 5.55112e-17
vn 0 -1 2.77556e-17
vn 0 -1 5.55112e-17
vn 0 -1 2.77556e-17
vn 0 -1 2.77556e-17
vn 0 -1 0
vn 0 -1 4.16334e-17
vn 0 -1 4.16334e-17
vn -5.55112e-17 -1 4.16334e-17
vn 0 -1 4.16334e-17
vn 0 -1 1.38778e-17
vn -5.55112e-17 -1 4.16334e-17
vn 0 -1 4.16334e-17
vn 0 -1 6.93889e-17
vn 0 -1 5.55112e-17
vn 0 -1 6.93889e-18
vn 0 -1 6.93889e-18
vn 0 -1 6.245e-17
vn -2.77556e-17 -1 6.245e-17
vn -2.77556e-17 -1 0
vn 2.66454e-17 -1 5.55112e-17
vn 0 -1 3.46945e-18
vn -5.44009e-17 -1 5.89806e-17
vn 0 -1 3.46945e-18
vn 0 -1 5.55112e-17
vn -6.54816e-33 -1 5.89806e-17
vn 1.92593e-34 -1 1.73472e-18
g HubFL_f1
usemtl chrome
f 3211//3211 3116//3116 3117//3117
f 3211//3211 3117//3117 3118//3118
f 3211//3211 3118//3118 3119//3119
f 3211//3211 3119//3119 3120//3120
f 3211//3211 3120//3120 3121//3121
f 3211//3211 3121//3121 3122//3122
f 3211//3211 3122//3122 3123//3123
f 3211//3211 3123//3123 3124//3124
f 3211//3211 3124//3124 3125//3125
f 3211//3211 3125//3125 3126//3126
f 3211//3211 3126//3126 3127//3127
f 3211//3211 3127//3127 3128//3128
f 3211//3211 3128//3128 3129//3129
f 3211//3211 3129//3129 3130//3130
f 3211//3211 3130//3130 3131//3131
f 3211//3211 3131//3131 3132//3132
f 3211//3211 3132//3132 3133//3133
f 3211//3211 3133//3133 3134//3134
f 3211//3211 3134//3134 3135//3135
f 3211//3211 3135//3135 3136//3136
f 3211//3211 3136//3136 3137//3137
f 3211//3211 3137//3137 3138//3138
f 3211//3211 3138//3138 3139//3139
f 3211//3211 3139//3139 3140//3140
f 3211//3211 3140//3140 3141//3141
f 3211//3211 3141//3141 3142//3142
f 3211//3211 3142//3142 3143//3143
f 3211//3211 3143//3143 3144//3144
f 3211//3211 3144//3144 3145//3145
f 3211//3211 3145//3145 3146//3146
f 3211//3211 3146//3146 3147//3147
f 3211//3211 3147//3147 3148//3148
f 3211//3211 3148//3148 3149//3149
f 3211//3211 3149//3149 3150//3150
f 3211//3211 3150//3150 3151//3151
f 3211//3211 3151//3151 3152//3152
f 3211//3211 3152//3152 3153//3153
f 3211//3211 3153//3153 3154//3154
f 3211//3211 3154//3154 3155//3155
f 3211//3211 3155//3155 3156//3156
f 3211//3211 3156//3156 3157//3157
f 3211//3211 3157//3157 3158//3158
f 3211//3211 3158//3158 3159//3159
f 3211//3211 3159//3159 3160//3160
f 3211//3211 3160//3160 3161//3161
f 3211//3211 3161//3161 3162//3162
f 3211//3211 3162//3162 3163//3163
f 3211//3211 3163//3163 3164//3164
f 3211//3211 3164//3164 3165//3165
f 3211//3211 3165//3165 3166//3166
f 3211//3211 3166//3166 3167//3167
f 3211//3211 3167//3167 3168//3168
f 3211//3211 3168//3168 3169//3169
f 3211//3211 3169//3169 3170//3170
f 3211//3211 3170//3170 3171//3171
f 3211//3211 3171//3171 3172//3172
f 3211//3211 3172//3172 3173//3173
f 3211//3211 3173//3173 3174//3174
f 3211//3211 3174//3174 3175//3175
f 3211//3211 3175//3175 3176//3176
f 3211//3211 3176//3176 3177//3177
f 3211//3211 3177//3177 3178//3178
f 3211//3211 3178//3178 3179//3179
f 3211//3211 3179//3179 3180//3180
f 3211//3211 3180//3180 3181//3181
f 3211//3211 3181//3181 3182//3182
f 3211//3211 3182//3182 3183//3183
f 3211//3211 3183//3183 3184//3184
f 3211//3211 3184//3184 3185//3185
f 3211//3211 3185//3185 3186//3186
f 3211//3211 3186//3186 3187//3187
f 3211//3211 3187//3187 3188//3188
f 3211//3211 3188//3188 3189//3189
f 3211//3211 3189//3189 3190//3190
f 3211//3211 3190//3190 3191//3191
f 3211//3211 3191//3191 3192//3192
f 3211//3211 3192//3192 3193//3193
f 3211//3211 3193//3193 3194//3194
f 3211//3211 3194//3194 3195//3195
f 3211//3211 3195//3195 3196//3196
f 3211//3211 3196//3196 3197//3197
f 3211//3211 3197//3197 3198//3198
f 3211//3211 3198//3198 3199//3199
f 3211//3211 3199//3199 3200//3200
f 3211//3211 3200//3200 3201//3201
f 3211//3211 3201//3201 3202//3202
f 3211//3211 3202//3202 3203//3203
f 3211//3211 3203//3203 3204//3204
f 3211//3211 3204//3204 3205//3205
f 3211//3211 3205//3205 3206//3206
f 3211//3211 3206//3206 3207//3207
f 3211//3211 3207//3207 3208//3208
f 3211//3211 3208//3208 3209//3209
f 3209//3209 3210//3210 3211//3211
v 0.88 -0.06 0.45
v 0.880688 -0.06 0.465275
v 0.882838 -0.06 0.480934
v 0.886562 -0.06 0.496777
v 0.891936 -0.06 0.512576
v 0.895254 -0.06 0.520381
v 0.898992 -0.06 0.52808
v 0.903147 -0.06 0.535639
v 0.907711 -0.06 0.543026
v 0.912673 -0.06 0.550207
v 0.91802 -0.06 0.557151
v 0.923733 -0.06 0.563827
v 0.929792 -0.06 0.570208
v 0.936173 -0.06 0.576267
v 0.942849 -0.06 0.58198
v 0.949793 -0.06 0.587327
v 0.956974 -0.06 0.592289
v 0.964361 -0.06 0.596853
v 0.97192 -0.06 0.601008
v 0.979619 -0.06 0.604746
v 0.987424 -0.06 0.608064
v 1.00322 -0.06 0.613438
v 1.01907 -0.06 0.617162
v 1.03472 -0.06 0.619312
v 1.05 -0.06 0.62
v 1.06528 -0.06 0.619312
v 1.08093 -0.06 0.617162
v 1.09678 -0.06 0.613438
v 1.11258 -0.06 0.608064
v 1.12038 -0.06 0.604746
v 1.12808 -0.06 0.601008
v 1.13564 -0.06 0.596853
v 1.14303 -0.06 0.592289
v 1.15021 -0.06 0.587327
v 1.15715 -0.06 0.58198
v 1.16383 -0.06 0.576267
v 1.17021 -0.06 0.570208
v 1.17627 -0.06 0.563827
v 1.18198 -0.06 0.557151
v 1.18733 -0.06 0.550207
v 1.19229 -0.06 0.543026
v 1.19685 -0.06 0.535639
v 1.20101 -0.06 0.52808
v 1.20475 -0.06 0.520381
v 1.20806 -0.06 0.512576
v 1.21344 -0.06 0.496777
v 1.21716 -0.06 0.480934
v 1.21931 -0.06 0.465275
v 1.22 -0.06 0.45
v 1.21931 -0.06 0.434725
v 1.21716 -0.06 0.419066
v 1.21344 -0.06 0.403223
v 1.20806 -0.06 0.387424
v 1.20475 -0.06 0.379619
v 1.20101 -0.06 0.37192
v 1.19685 -0.06 0.364361
v 1.19229 -0.06 0.356974
v 1.18733 -0.06 0.349793
v 1.18198 -0.06 0.342849
v 1.17627 -0.06 0.336173
v 1.17021 -0.06 0.329792
v 1.16383 -0.06 0.323733
v 1.15715 -0.06 0.31802
v 1.15021 -0.06 0.312673
v 1.14303 -0.06 0.307711
v 1.13564 -0.06 0.303147
v 1.12808 -0.06 0.298992
v 1.12038 -0.06 0.295254
v 1.11258 -0.06 0.291936
v 1.09678 -0.06 0.286562
v 1.08093 -0.06 0.282838
v 1.06528 -0.06 0.280688
v 1.05 -0.06 0.28
v 1.03472 -0.06 0.280688
v 1.01907 -0.06 0.282838
v 1.00322 -0.06 0.286562
v 0.987424 -0.06 0.291936
v 0.979619 -0.06 0.295254
v 0.97192 -0.06 0.298992
v 0.964361 -0.06 0.303147
v 0.956974 -0.06 0.307711
v 0.949793 -0.06 0.312673
v 0.942849 -0.06 0.31802
v 0.936173 -0.06 0.323733
v 0.929792 -0.06 0.329792
v 0.923733 -0.06 0.336173
v 0.91802 -0.06 0.342849
v 0.912673 -0.06 0.349793
v 0.907711 -0.06 0.356974
v 0.903147 -0.06 0.364361
v 0.898992 -0.06 0.37192
v 0.895254 -0.06 0.379619
v 0.891936 -0.06 0.387424
v 0.886562 -0.06 0.403223
v 0.882838 -0.06 0.419066
v 0.880688 -0.06 0.434725
vn -1.33227e-17 1 -2.77556e-17
vn -1.33227e-17 1 -5.55112e-17
vn 1.38778e-17 1 -2.77556e-17
vn 0 1 -2.77556e-17
vn -1.33227e-17 1 -2.77556e-17
vn -1.38778e-17 1 -2.77556e-17
vn 0 1 -2.77556e-17
vn 2.72005e-17 1 -2.77556e-17
vn 0 1 -2.77556e-17
vn -1.38778e-17 1 -2.77556e-17
vn 0 1 -2.77556e-17
vn 0 1 -2.77556e-17
vn 0 1 -2.77556e-17
vn 0 1 -5.55112e-17
vn 0 1 -2.77556e-17
vn 0 1 -4.16334e-17
vn 0 1 -4.16334e-17
vn -2.66454e-17 1 -2.77556e-17
vn 0 1 -2.77556e-17
vn 0 1 -4.16334e-17
vn 0 1 -2.77556e-17
vn 0 1 -4.16334e-17
vn 0 1 -4.16334e-17
vn 0 1 -4.16334e-17
vn 0 1 -4.16334e-17
vn 0 1 -2.77556e-17
vn 0 1 -2.77556e-17
vn 0 1 -2.77556e-17
vn 0 1 -4.16334e-17
vn 0 1 -4.16334e-17
vn 0 1 -3.46945e-17
vn 0 1 -4.16334e-17
vn 0 1 -3.46945e-17
vn 0 1 -4.16334e-17
vn 0 1 -3.46945e-17
vn 0 1 -3.46945e-17
vn 7.70372e-33 1 -3.46945e-17
vn 0 1 -3.46945e-17
vn -2.77556e-17 1 -3.46945e-17
vn -1.38778e-17 1 -6.245e-17
vn -1.38778e-17 1 -3.1225e-17
vn -2.72005e-17 1 -3.46945e-17
vn 1.38778e-17 1 -5.89806e-17
vn -2.72005e-17 1 -3.1225e-17
vn 0 1 -3.1225e-17
vn -1.33227e-17 1 -5.72459e-17
vn 1.38778e-17 1 -2.94903e-17
vn 1.38778e-17 1 -5.72459e-17
vn -1.33227e-17 1 -2.94903e-17
vn 1.38778e-17 1 -5.72459e-17
vn 1.38778e-17 1 -2.94903e-17
vn 1.38778e-17 1 -2.94903e-17
vn -6.38378e-18 1 -2.94903e-17
vn 7.21645e-18 1 -5.89806e-17
vn 1.38778e-17 1 -3.1225e-17
vn -2.02616e-17 1 -3.1225e-17
vn 1.38778e-17 1 -3.1225e-17
vn 7.21645e-18 1 -3.1225e-17
vn -6.93889e-18 1 -3.46945e-17
vn -7.21645e-18 1 -3.46945e-17
vn 3.05311e-18 1 -3.46945e-17
vn -2.02616e-17 1 -3.46945e-17
vn -7.21645e-18 1 -3.46945e-17
vn -1.36002e-17 1 -4.16334e-17
vn 1.01308e-17 1 -3.46945e-17
vn -1.34615e-17 1 -4.16334e-17
vn 5.55112e-19 1 -3.46945e-17
vn 1.54043e-17 1 -4.16334e-17
vn -4.16334e-19 1 -4.16334e-17
vn -1.04777e-17 1 -2.77556e-17
vn -1.8735e-17 1 -2.77556e-17
vn -2.39392e-18 1 -2.77556e-17
vn 3.01842e-18 1 -2.77556e-17
vn -3.33067e-18 1 -4.16334e-17
vn 7.00828e-18 1 -4.16334e-17
vn -1.0339e-17 1 -4.16334e-17
vn -2.22045e-18 1 -2.77556e-17
vn 1.54043e-17 1 -4.16334e-17
vn 5.55112e-19 1 -2.77556e-17
vn -1.34615e-17 1 -2.77556e-17
vn 1.01308e-17 1 -4.16334e-17
vn -1.36002e-17 1 -4.16334e-17
vn -7.21645e-18 1 -2.77556e-17
vn -2.3731e-17 1 -5.55112e-17
vn 3.05311e-18 1 -2.77556e-17
vn -7.21645e-18 1 -2.77556e-17
vn -6.93889e-18 1 -2.77556e-17
vn 2.77556e-19 1 -2.77556e-17
vn -2.02616e-17 1 -2.77556e-17
vn 7.21645e-18 1 -2.77556e-17
vn 1.38778e-17 1 -2.77556e-17
vn 7.21645e-18 1 -2.77556e-17
vn -1.36002e-17 1 -5.55112e-17
vn 1.38778e-17 1 -5.55112e-17
vn 1.38778e-17 1 -2.77556e-17
vn -1.33227e-17 1 -2.77556e-17
g HubFL_f2
usemtl chrome
f 3307//3307 3212//3212 3213//3213
f 3307//3307 3213//3213 3214//3214
f 3307//3307 3214//3214 3215//3215
f 3307//3307 3215//3215 3216//3216
f 3307//3307 3216//3216 3217//3217
f 3307//3307 3217//3217 3218//3218
f 3307//3307 3218//3218 3219//3219
f 3307//3307 3219//3219 3220//3220
f 3307//3307 3220//3220 3221//3221
f 3307//3307 3221//3221 3222//3222
f 3307//3307 3222//3222 3223//3223
f 3307//3307 3223//3223 3224//3224
f 3307//3307 3224//3224 3225//3225
f 3307//3307 3225//3225 3226//3226
f 3307//3307 3226//3226 3227//3227
f 3307//3307 3227//3227 3228//3228
f 3307//3307 3228//3228 3229//3229
f 3307//3307 3229//3229 3230//3230
f 3307//3307 3230//3230 3231//3231
f 3307//3307 3231//3231 3232//3232
f 3307//3307 3232//3232 3233//3233
f 3307//3307 3233//3233 3234//3234
f 3307//3307 3234//3234 3235//3235
f 3307//3307 3235//3235 3236//3236
f 3307//3307 3236//3236 3237//3237
f 3307//3307 3237//3237 3238//3238
f 3307//3307 3238//3238 3239//3239
f 3307//3307 3239//3239 3240//3240
f 3307//3307 3240//3240 3241//3241
f 3307//3307 3241//3241 3242//3242
f 3307//3307 3242//3242 3243//3243
f 3307//3307 3243//3243 3244//3244
f 3307//3307 3244//3244 3245//3245
f 3307//3307 3245//3245 3246//3246
f 3307//3307 3246//3246 3247//3247
f 3307//3307 3247//3247 3248//3248
f 3307//3307 3248//3248 3249//3249
f 3307//3307 3249//3249 3250//3250
f 3307//3307 3250//3250 3251//3251
f 3307//3307 3251//3251 3252//3252
f 3307//3307 3252//3252 3253//3253
f 3307//3307 3253//3253 3254//3254
f 3307//3307 3254//3254 3255//3255
f 3307//3307 3255//3255 3256//3256
f 3307//3307 3256//3256 3257//3257
f 3307//3307 3257//3257 3258//3258
f 3307//3307 3258//3258 3259//3259
f 3307//3307 3259//3259 3260//3260
f 3307//3307 3260//3260 3261//3261
f 3307//3307 3261//3261 3262//3262
f 3307//3307 3262//3262 3263//3263
f 3307//3307 3263//3263 3264//3264
f 3307//3307 3264//3264 3265//3265
f 3307//3307 3265//3265 3266//3266
f 3307//3307 3266//3266 3267//3267
f 3307//3307 3267//3267 3268//3268
f 3307//3307 3268//3268 3269//3269
f 3307//3307 3269//3269 3270//3270
f 3307//3307 3270//3270 3271//3271
f 3307//3307 3271//3271 3272//3272
f 3307//3307 3272//3272 3273//3273
f 3307//3307 3273//3273 3274//3274
f 3307//3307 3274//3274 3275//3275
f 3307//3307 3275//3275 3276//3276
f 3307//3307 3276//3276 3277//3277
f 3307//3307 3277//3277 3278//3278
f 3307//3307 3278//3278 3279//3279
f 3307//3307 3279//3279 3280//3280
f 3307//3307 3280//3280 3281//3281
f 3307//3307 3281//3281 3282//3282
f 3307//3307 3282//3282 3283//3283
f 3307//3307 3283//3283 3284//3284
f 3307//3307 3284//3284 3285//3285
f 3307//3307 3285//3285 3286//3286
f 3307//3307 3286//3286 3287//3287
f 3307//3307 3287//3287 3288//3288
f 3307//3307 3288//3288 3289//3289
f 3307//3307 3289//3289 3290//3290
f 3307//3307 3290//3290 3291//3291
f 3307//3307 3291//3291 3292//3292
f 3307//3307 3292//3292 3293//3293
f 3307//3307 3293//3293 3294//3294
f 3307//3307 3294//3294 3295//3295
f 3307//3307 3295//3295 3296//3296
f 3307//3307 3296//3296 3297//3297
f 3307//3307 3297//3297 3298//3298
f 3307//3307 3298//3298 3299//3299
f 3307//3307 3299//3299 3300//3300
f 3307//3307 3300//3300 3301//3301
f 3307//3307 3301//3301 3302//3302
f 3307//3307 3302//3302 3303//3303
f 3307//3307 3303//3303 3304//3304
f 3307//3307 3304//3304 3305//3305
f 3305//3305 3306//3306 3307//3307
o HubFR
v 0.88 2.08 0.45
v 0.880688 2.08 0.465275
v 0.882838 2.08 0.480934
v 0.886562 2.08 0.496777
v 0.891936 2.08 0.512576
v 0.898992 2.08 0.52808
v 0.907711 2.08 0.543026
v 0.91802 2.08 0.557151
v 0.929792 2.08 0.570208
v 0.942849 2.08 0.58198
v 0.956974 2.08 0.592289
v 0.97192 2.08 0.601008
v 0.987424 2.08 0.608064
v 1.00322 2.08 0.613438
v 1.01907 2.08 0.617162
v 1.03472 2.08 0.619312
v 1.05 2.08 0.62
v 1.06528 2.08 0.619312
v 1.08093 2.08 0.617162
v 1.09678 2.08 0.613438
v 1.11258 2.08 0.608064
v 1.12808 2.08 0.601008
v 1.14303 2.08 0.592289
v 1.15715 2.08 0.58198
v 1.17021 2.08 0.570208
v 1.18198 2.08 0.557151
v 1.19229 2.08 0.543026
v 1.20101 2.08 0.52808
v 1.20806 2.08 0.512576
v 1.21344 2.08 0.496777
v 1.21716 2.08 0.480934
v 1.21931 2.08 0.465275
v 1.22 2.08 0.45
v 1.21931 2.08 0.434725
v 1.21716 2.08 0.419066
v 1.21344 2.08 0.403223
v 1.20806 2.08 0.387424
v 1.20101 2.08 0.37192
v 1.19229 2.08 0.356974
v 1.18198 2.08 0.342849
v 1.17021 2.08 0.329792
v 1.15715 2.08 0.31802
v 1.14303 2.08 0.307711
v 1.12808 2.08 0.298992
v 1.11258 2.08 0.291936
v 1.09678 2.08 0.286562
v 1.08093 2.08 0.282838
v 1.06528 2.08 0.280688
v 1.05 2.08 0.28
v 1.03472 2.08 0.280688
v 1.01907 2.08 0.282838
v 1.00322 2.08 0.286562
v 0.987424 2.08 0.291936
v 0.97192 2.08 0.298992
v 0.956974 2.08 0.307711
v 0.942849 2.08 0.31802
v 0.929792 2.08 0.329792
v 0.91802 2.08 0.342849
v 0.907711 2.08 0.356974
v 0.898992 2.08 0.37192
v 0.891936 2.08 0.387424
v 0.886562 2.08 0.403223
v 0.882838 2.08 0.419066
v 0.880688 2.08 0.434725
v 0.88 2.08 0.45
v 0.88 2.11 0.45
v 0.880688 2.11 0.465275
v 0.882838 2.11 0.480934
v 0.886562 2.11 0.496777
v 0.891936 2.11 0.512576
v 0.898992 2.11 0.52808
v 0.907711 2.11 0.543026
v 0.91802 2.11 0.557151
v 0.929792 2.11 0.570208
v 0.942849 2.11 0.58198
v 0.956974 2.11 0.592289
v 0.97192 2.11 0.601008
v 0.987424 2.11 0.608064
v 1.00322 2.11 0.613438
v 1.01907 2.11 0.617162
v 1.03472 2.11 0.619312
v 1.05 2.11 0.62
v 1.06528 2.11 0.619312
v 1.08093 2.11 0.617162
v 1.09678 2.11 0.613438
v 1.11258 2.11 0.608064
v 1.12808 2.11 0.601008
v 1.14303 2.11 0.592289
v 1.15715 2.11 0.58198
v 1.17021 2.11 0.570208
v 1.18198 2.11 0.557151
v 1.19229 2.11 0.543026
v 1.20101 2.11 0.52808
v 1.20806 2.11 0.512576
v 1.21344 2.11 0.496777
v 1.21716 2.11 0.480934
v 1.21931 2.11 0.465275
v 1.22 2.11 0.45
v 1.21931 2.11 0.434725
v 1.21716 2.11 0.419066
v 1.21344 2.11 0.403223
v 1.20806 2.11 0.387424
v 1.20101 2.11 0.37192
v 1.19229 2.11 0.356974
v 1.18198 2.11 0.342849
v 1.17021 2.11 0.329792
v 1.15715 2.11 0.31802
v 1.14303 2.11 0.307711
v 1.12808 2.11 0.298992
v 1.11258 2.11 0.291936
v 1.09678 2.11 0.286562
v 1.08093 2.11 0.282838
v 1.06528 2.11 0.280688
v 1.05 2.11 0.28
v 1.03472 2.11 0.280688
v 1.01907 2.11 0.282838
v 1.00322 2.11 0.286562
v 0.987424 2.11 0.291936
v 0.97192 2.11 0.298992
v 0.956974 2.11 0.307711
v 0.942849 2.11 0.31802
v 0.929792 2.11 0.329792
v 0.91802 2.11 0.342849
v 0.907711 2.11 0.356974
v 0.898992 2.11 0.37192
v 0.891936 2.11 0.387424
v 0.886562 2.11 0.403223
v 0.882838 2.11 0.419066
v 0.880688 2.11 0.434725
v 0.88 2.11 0.45
v 0.88 2.14 0.45
v 0.880688 2.14 0.465275
v 0.882838 2.14 0.480934
v 0.886562 2.14 0.496777
v 0.891936 2.14 0.512576
v 0.898992 2.14 0.52808
v 0.907711 2.14 0.543026
v 0.91802 2.14 0.557151
v 0.929792 2.14 0.570208
v 0.942849 2.14 0.58198
v 0.956974 2.14 0.592289
v 0.97192 2.14 0.601008
v 0.987424 2.14 0.608064
v 1.00322 2.14 0.613438
v 1.01907 2.14 0.617162
v 1.03472 2.14 0.619312
v 1.05 2.14 0.62
v 1.06528 2.14 0.619312
v 1.08093 2.14 0.617162
v 1.09678 2.14 0.613438
v 1.11258 2.14 0.608064
v 1.12808 2.14 0.601008
v 1.14303 2.14 0.592289
v 1.15715 2.14 0.58198
v 1.17021 2.14 0.570208
v 1.18198 2.14 0.557151
v 1.19229 2.14 0.543026
v 1.20101 2.14 0.52808
v 1.20806 2.14 0.512576
v 1.21344 2.14 0.496777
v 1.21716 2.14 0.480934
v 1.21931 2.14 0.465275
v 1.22 2.14 0.45
v 1.21931 2.14 0.434725
v 1.21716 2.14 0.419066
v 1.21344 2.14 0.403223
v 1.20806 2.14 0.387424
v 1.20101 2.14 0.37192
v 1.19229 2.14 0.356974
v 1.18198 2.14 0.342849
v 1.17021 2.14 0.329792
v 1.15715 2.14 0.31802
v 1.14303 2.14 0.307711
v 1.12808 2.14 0.298992
v 1.11258 2.14 0.291936
v 1.09678 2.14 0.286562
v 1.08093 2.14 0.282838
v 1.06528 2.14 0.280688
v 1.05 2.14 0.28
v 1.03472 2.14 0.280688
v 1.01907 2.14 0.282838
v 1.00322 2.14 0.286562
v 0.987424 2.14 0.291936
v 0.97192 2.14 0.298992
v 0.956974 2.14 0.307711
v 0.942849 2.14 0.31802
v 0.929792 2.14 0.329792
v 0.91802 2.14 0.342849
v 0.907711 2.14 0.356974
v 0.898992 2.14 0.37192
v 0.891936 2.14 0.387424
v 0.886562 2.14 0.403223
v 0.882838 2.14 0.419066
v 0.880688 2.14 0.434725
v 0.88 2.14 0.45
vn -1 0 -4.61792e-16
vn -0.995955 0 0.0898544
vn -0.983305 0 0.181963
vn -0.961399 0 0.275158
vn -0.929788 0 0.368095
vn -0.888284 0 0.459295
vn -0.836996 0 0.54721
vn -0.776353 0 0.630298
vn -0.707107 0 0.707107
vn -0.630298 0 0.776353
vn -0.54721 0 0.836996
vn -0.459295 0 0.888284
vn -0.368095 0 0.929788
vn -0.275158 0 0.961399
vn -0.181963 0 0.983305
vn -0.0898544 0 0.995955
vn 0 0 1
vn 0.0898544 -0 0.995955
vn 0.181963 -0 0.983305
vn 0.275158 -0 0.961399
vn 0.368095 -0 0.929788
vn 0.459295 -0 0.888284
vn 0.54721 -0 0.836996
vn 0.630298 -0 0.776353
vn 0.707107 -0 0.707107
vn 0.776353 -0 0.630298
vn 0.836996 -0 0.54721
vn 0.888284 -0 0.459295
vn 0.929788 -0 0.368095
vn 0.961399 -0 0.275158
vn 0.983305 -0 0.181963
vn 0.995955 -0 0.0898544
vn 1 0 -4.61792e-16
vn 0.995955 0 -0.0898544
vn 0.983305 0 -0.181963
vn 0.961399 0 -0.275158
vn 0.929788 0 -0.368095
vn 0.888284 0 -0.459295
vn 0.836996 0 -0.54721
vn 0.776353 0 -0.630298
vn 0.707107 0 -0.707107
vn 0.630298 0 -0.776353
vn 0.54721 0 -0.836996
vn 0.459295 0 -0.888284
vn 0.368095 0 -0.929788
vn 0.275158 0 -0.961399
vn 0.181963 0 -0.983305
vn 0.0898544 0 -0.995955
vn 2.30896e-16 0 -1
vn -0.0898544 0 -0.995955
vn -0.181963 0 -0.983305
vn -0.275158 0 -0.961399
vn -0.368095 0 -0.929788
vn -0.459295 0 -0.888284
vn -0.54721 0 -0.836996
vn -0.630298 0 -0.776353
vn -0.707107 0 -0.707107
vn -0.776353 0 -0.630298
vn -0.836996 0 -0.54721
vn -0.888284 0 -0.459295
vn -0.929788 0 -0.368095
vn -0.961399 0 -0.275158
vn -0.983305 0 -0.181963
vn -0.995955 0 -0.0898544
vn -1 0 -4.61792e-16
vn -1 0 0
vn -0.995955 0 0.0898544
vn -0.983305 0 0.181963
vn -0.961399 0 0.275158
vn -0.929788 0 0.368095
vn -0.888284 0 0.459295
vn -0.836996 0 0.54721
vn -0.776353 0 0.630298
vn -0.707107 0 0.707107
vn -0.630298 0 0.776353
vn -0.54721 0 0.836996
vn -0.459295 0 0.888284
vn -0.368095 0 0.929788
vn -0.275158 0 0.961399
vn -0.181963 0 0.983305
vn -0.0898544 0 0.995955
vn -2.30896e-16 0 1
vn 0.0898544 -0 0.995955
vn 0.181963 -0 0.983305
vn 0.275158 -0 0.961399
vn 0.368095 -0 0.929788
vn 0.459295 -0 0.888284
vn 0.54721 -0 0.836996
vn 0.630298 -0 0.776353
vn 0.707107 -0 0.707107
vn 0.776353 -0 0.630298
vn 0.836996 -0 0.54721
vn 0.888284 -0 0.459295
vn 0.929788 -0 0.368095
vn 0.961399 -0 0.275158
vn 0.983305 -0 0.181963
vn 0.995955 -0 0.0898544
vn 1 -0 4.61792e-16
vn 0.995955 0 -0.0898544
vn 0.983305 0 -0.181963
vn 0.961399 0 -0.275158
vn 0.929788 0 -0.368095
vn 0.888284 0 -0.459295
vn 0.836996 0 -0.54721
vn 0.776353 0 -0.630298
vn 0.707107 0 -0.707107
vn 0.630298 0 -0.776353
vn 0.54721 0 -0.836996
vn 0.459295 0 -0.888284
vn 0.368095 0 -0.929788
vn 0.275158 0 -0.961399
vn 0.181963 0 -0.983305
vn 0.0898544 0 -0.995955
vn 1.15448e-16 0 -1
vn -0.0898544 0 -0.995955
vn -0.181963 0 -0.983305
vn -0.275158 0 -0.961399
vn -0.368095 0 -0.929788
vn -0.459295 0 -0.888284
vn -0.54721 0 -0.836996
vn -0.630298 0 -0.776353
vn -0.707107 0 -0.707107
vn -0.776353 0 -0.630298
vn -0.836996 0 -0.54721
vn -0.888284 0 -0.459295
vn -0.929788 0 -0.368095
vn -0.961399 0 -0.275158
vn -0.983305 0 -0.181963
vn -0.995955 0 -0.0898544
vn -1 0 -4.61792e-16
vn -1 0 -4.61792e-16
vn -0.995955 0 0.0898544
vn -0.983305 0 0.181963
vn -0.961399 0 0.275158
vn -0.929788 0 0.368095
vn -0.888284 0 0.459295
vn -0.836996 0 0.54721
vn -0.776353 0 0.630298
vn -0.707107 0 0.707107
vn -0.630298 0 0.776353
vn -0.54721 0 0.836996
vn -0.459295 0 0.888284
vn -0.368095 0 0.929788
vn -0.275158 0 0.961399
vn -0.181963 0 0.983305
vn -0.0898544 0 0.995955
vn 0 0 1
vn 0.0898544 -0 0.995955
vn 0.181963 -0 0.983305
vn 0.275158 -0 0.961399
vn 0.368095 -0 0.929788
vn 0.459295 -0 0.888284
vn 0.54721 -0 0.836996
vn 0.630298 -0 0.776353
vn 0.707107 -0 0.707107
vn 0.776353 -0 0.630298
vn 0.836996 -0 0.54721
vn 0.888284 -0 0.459295
vn 0.929788 -0 0.368095
vn 0.961399 -0 0.275158
vn 0.983305 -0 0.181963
vn 0.995955 -0 0.0898544
vn 1 0 -4.61792e-16
vn 0.995955 0 -0.0898544
vn 0.983305 0 -0.181963
vn 0.961399 0 -0.275158
vn 0.929788 0 -0.368095
vn 0.888284 0 -0.459295
vn 0.836996 0 -0.54721
vn 0.776353 0 -0.630298
vn 0.707107 0 -0.707107
vn 0.630298 0 -0.776353
vn 0.54721 0 -0.836996
vn 0.459295 0 -0.888284
vn 0.368095 0 -0.929788
vn 0.275158 0 -0.961399
vn 0.181963 0 -0.983305
vn 0.0898544 0 -0.995955
vn 2.30896e-16 0 -1
vn -0.0898544 0 -0.995955
vn -0.181963 0 -0.983305
vn -0.275158 0 -0.961399
vn -0.368095 0 -0.929788
vn -0.459295 0 -0.888284
vn -0.54721 0 -0.836996
vn -0.630298 0 -0.776353
vn -0.707107 0 -0.707107
vn -0.776353 0 -0.630298
vn -0.836996 0 -0.54721
vn -0.888284 0 -0.459295
vn -0.929788 0 -0.368095
vn -0.961399 0 -0.275158
vn -0.983305 0 -0.181963
vn -0.995955 0 -0.0898544
vn -1 0 -4.61792e-16
g HubFR_f0
usemtl chrome
f 3308//3308 3309//3309 3374//3374
f 3308//3308 3374//3374 3373//3373
f 3309//3309 3310//3310 3375//3375
f 3309//3309 3375//3375 3374//3374
f 3310//3310 3311//3311 3376//3376
f 3310//3310 3376//3376 3375//3375
f 3311//3311 3312//3312 3377//3377
f 3311//3311 3377//3377 3376//3376
f 3312//3312 3313//3313 3378//3378
f 3312//3312 3378//3378 3377//3377
f 3313//3313 3314//3314 3379//3379
f 3313//3313 3379//3379 3378//3378
f 3314//3314 3315//3315 3380//3380
f 3314//3314 3380//3380 3379//3379
f 3315//3315 3316//3316 3381//3381
f 3315//3315 3381//3381 3380//3380
f 3316//3316 3317//3317 3382//3382
f 3316//3316 3382//3382 3381//3381
f 3317//3317 3318//3318 3383//3383
f 3317//3317 3383//3383 3382//3382
f 3318//3318 3319//3319 3384//3384
f 3318//3318 3384//3384 3383//3383
f 3319//3319 3320//3320 3385//3385
f 3319//3319 3385//3385 3384//3384
f 3320//3320 3321//3321 3386//3386
f 3320//3320 3386//3386 3385//3385
f 3321//3321 3322//3322 3387//3387
f 3321//3321 3387//3387 3386//3386
f 3322//3322 3323//3323 3388//3388
f 3322//3322 3388//3388 3387//3387
f 3323//3323 3324//3324 3389//3389
f 3323//3323 3389//3389 3388//3388
f 3324//3324 3325//3325 3390//3390
f 3324//3324 3390//3390 3389//3389
f 3325//3325 3326//3326 3391//3391
f 3325//3325 3391//3391 3390//3390
f 3326//3326 3327//3327 3392//3392
f 3326//3326 3392//3392 3391//3391
f 3327//3327 3328//3328 3393//3393
f 3327//3327 3393//3393 3392//3392
f 3328//3328 3329//3329 3394//3394
f 3328//3328 3394//3394 3393//3393
f 3329//3329 3330//3330 3395//3395
f 3329//3329 3395//3395 3394//3394
f 3330//3330 3331//3331 3396//3396
f 3330//3330 3396//3396 3395//3395
f 3331//3331 3332//3332 3397//3397
f 3331//3331 3397//3397 3396//3396
f 3332//3332 3333//3333 3398//3398
f 3332//3332 3398//3398 3397//3397
f 3333//3333 3334//3334 3399//3399
f 3333//3333 3399//3399 3398//3398
f 3334//3334 3335//3335 3400//3400
f 3334//3334 3400//3400 3399//3399
f 3335//3335 3336//3336 3401//3401
f 3335//3335 3401//3401 3400//3400
f 3336//3336 3337//3337 3402//3402
f 3336//3336 3402//3402 3401//3401
f 3337//3337 3338//3338 3403//3403
f 3337//3337 3403//3403 3402//3402
f 3338//3338 3339//3339 3404//3404
f 3338//3338 3404//3404 3403//3403
f 3339//3339 3340//3340 3405//3405
f 3339//3339 3405//3405 3404//3404
f 3340//3340 3341//3341 3406//3406
f 3340//3340 3406//3406 3405//3405
f 3341//3341 3342//3342 3407//3407
f 3341//3341 3407//3407 3406//3406
f 3342//3342 3343//3343 3408//3408
f 3342//3342 3408//3408 3407//3407
f 3343//3343 3344//3344 3409//3409
f 3343//3343 3409//3409 3408//3408
f 3344//3344 3345//3345 3410//3410
f 3344//3344 3410//3410 3409//3409
f 3345//3345 3346//3346 3411//3411
f 3345//3345 3411//3411 3410//3410
f 3346//3346 3347//3347 3412//3412
f 3346//3346 3412//3412 3411//3411
f 3347//3347 3348//3348 3413//3413
f 3347//3347 3413//3413 3412//3412
f 3348//3348 3349//3349 3414//3414
f 3348//3348 3414//3414 3413//3413
f 3349//3349 3350//3350 3415//3415
f 3349//3349 3415//3415 3414//3414
f 3350//3350 3351//3351 3416//3416
f 3350//3350 3416//3416 3415//3415
f 3351//3351 3352//3352 3417//3417
f 3351//3351 3417//3417 3416//3416
f 3352//3352 3353//3353 3418//3418
f 3352//3352 3418//3418 3417//3417
f 3353//3353 3354//3354 3419//3419
f 3353//3353 3419//3419 3418//3418
f 3354//3354 3355//3355 3420//3420
f 3354//3354 3420//3420 3419//3419
f 3355//3355 3356//3356 3421//3421
f 3355//3355 3421//3421 3420//3420
f 3356//3356 3357//3357 3422//3422
f 3356//3356 3422//3422 3421//3421
f 3357//3357 3358//3358 3423//3423
f 3357//3357 3423//3423 3422//3422
f 3358//3358 3359//3359 3424//3424
f 3358//3358 3424//3424 3423//3423
f 3359//3359 3360//3360 3425//3425
f 3359//3359 3425//3425 3424//3424
f 3360//3360 3361//3361 3426//3426
f 3360//3360 3426//3426 3425//3425
f 3361//3361 3362//3362 3427//3427
f 3361//3361 3427//3427 3426//3426
f 3362//3362 3363//3363 3428//3428
f 3362//3362 3428//3428 3427//3427
f 3363//3363 3364//3364 3429//3429
f 3363//3363 3429//3429 3428//3428
f 3364//3364 3365//3365 3430//3430
f 3364//3364 3430//3430 3429//3429
f 3365//3365 3366//3366 3431//3431
f 3365//3365 3431//3431 3430//3430
f 3366//3366 3367//3367 3432//3432
f 3366//3366 3432//3432 3431//3431
f 3367//3367 3368//3368 3433//3433
f 3367//3367 3433//3433 3432//3432
f 3368//3368 3369//3369 3434//3434
f 3368//3368 3434//3434 3433//3433
f 3369//3369 3370//3370 3435//3435
f 3369//3369 3435//3435 3434//3434
f 3370//3370 3371//3371 3436//3436
f 3370//3370 3436//3436 3435//3435
f 3371//3371 3372//3372 3437//3437
f 3371//3371 3437//3437 3436//3436
f 3373//3373 3374//3374 3439//3439
f 3373//3373 3439//3439 3438//3438
f 3374//3374 3375//3375 3440//3440
f 3374//3374 3440//3440 3439//3439
f 3375//3375 3376//3376 3441//3441
f 3375//3375 3441//3441 3440//3440
f 3376//3376 3377//3377 3442//3442
f 3376//3376 3442//3442 3441//3441
f 3377//3377 3378//3378 3443//3443
f 3377//3377 3443//3443 3442//3442
f 3378//3378 3379//3379 3444//3444
f 3378//3378 3444//3444 3443//3443
f 3379//3379 3380//3380 3445//3445
f 3379//3379 3445//3445 3444//3444
f 3380//3380 3381//3381 3446//3446
f 3380//3380 3446//3446 3445//3445
f 3381//3381 3382//3382 3447//3447
f 3381//3381 3447//3447 3446//3446
f 3382//3382 3383//3383 3448//3448
f 3382//3382 3448//3448 3447//3447
f 3383//3383 3384//3384 3449//3449
f 3383//3383 3449//3449 3448//3448
f 3384//3384 3385//3385 3450//3450
f 3384//3384 3450//3450 3449//3449
f 3385//3385 3386//3386 3451//3451
f 3385//3385 3451//3451 3450//3450
f 3386//3386 3387//3387 3452//3452
f 3386//3386 3452//3452 3451//3451
f 3387//3387 3388//3388 3453//3453
f 3387//3387 3453//3453 3452//3452
f 3388//3388 3389//3389 3454//3454
f 3388//3388 3454//3454 3453//3453
f 3389//3389 3390//3390 3455//3455
f 3389//3389 3455//3455 3454//3454
f 3390//3390 3391//3391 3456//3456
f 3390//3390 3456//3456 3455//3455
f 3391//3391 3392//3392 3457//3457
f 3391//3391 3457//3457 3456//3456
f 3392//3392 3393//3393 3458//3458
f 3392//3392 3458//3458 3457//3457
f 3393//3393 3394//3394 3459//3459
f 3393//3393 3459//3459 3458//3458
f 3394//3394 3395//3395 3460//3460
f 3394//3394 3460//3460 3459//3459
f 3395//3395 3396//3396 3461//3461
f 3395//3395 3461//3461 3460//3460
f 3396//3396 3397//3397 3462//3462
f 3396//3396 3462//3462 3461//3461
f 3397//3397 3398//3398 3463//3463
f 3397//3397 3463//3463 3462//3462
f 3398//3398 3399//3399 3464//3464
f 3398//3398 3464//3464 3463//3463
f 3399//3399 3400//3400 3465//3465
f 3399//3399 3465//3465 3464//3464
f 3400//3400 3401//3401 3466//3466
f 3400//3400 3466//3466 3465//3465
f 3401//3401 3402//3402 3467//3467
f 3401//3401 3467//3467 3466//3466
f 3402//3402 3403//3403 3468//3468
f 3402//3402 3468//3468 3467//3467
f 3403//3403 3404//3404 3469//3469
f 3403//3403 3469//3469 3468//3468
f 3404//3404 3405//3405 3470//3470
f 3404//3404 3470//3470 3469//3469
f 3405//3405 3406//3406 3471//3471
f 3405//3405 3471//3471 3470//3470
f 3406//3406 3407//3407 3472//3472
f 3406//3406 3472//3472 3471//3471
f 3407//3407 3408//3408 3473//3473
f 3407//3407 3473//3473 3472//3472
f 3408//3408 3409//3409 3474//3474
f 3408//3408 3474//3474 3473//3473
f 3409//3409 3410//3410 3475//3475
f 3409//3409 3475//3475 3474//3474
f 3410//3410 3411//3411 3476//3476
f 3410//3410 3476//3476 3475//3475
f 3411//3411 3412//3412 3477//3477
f 3411//3411 3477//3477 3476//3476
f 3412//3412 3413//3413 3478//3478
f 3412//3412 3478//3478 3477//3477
f 3413//3413 3414//3414 3479//3479
f 3413//3413 3479//3479 3478//3478
f 3414//3414 3415//3415 3480//3480
f 3414//3414 3480//3480 3479//3479
f 3415//3415 3416//3416 3481//3481
f 3415//3415 3481//3481 3480//3480
f 3416//3416 3417//3417 3482//3482
f 3416//3416 3482//3482 3481//3481
f 3417//3417 3418//3418 3483//3483
f 3417//3417 3483//3483 3482//3482
f 3418//3418 3419//3419 3484//3484
f 3418//3418 3484//3484 3483//3483
f 3419//3419 3420//3420 3485//3485
f 3419//3419 3485//3485 3484//3484
f 3420//3420 3421//3421 3486//3486
f 3420//3420 3486//3486 3485//3485
f 3421//3421 3422//3422 3487//3487
f 3421//3421 3487//3487 3486//3486
f 3422//3422 3423//3423 3488//3488
f 3422//3422 3488//3488 3487//3487
f 3423//3423 3424//3424 3489//3489
f 3423//3423 3489//3489 3488//3488
f 3424//3424 3425//3425 3490//3490
f 3424//3424 3490//3490 3489//3489
f 3425//3425 3426//3426 3491//3491
f 3425//3425 3491//3491 3490//3490
f 3426//3426 3427//3427 3492//3492
f 3426//3426 3492//3492 3491//3491
f 3427//3427 3428//3428 3493//3493
f 3427//3427 3493//3493 3492//3492
f 3428//3428 3429//3429 3494//3494
f 3428//3428 3494//3494 3493//3493
f 3429//3429 3430//3430 3495//3495
f 3429//3429 3495//3495 3494//3494
f 3430//3430 3431//3431 3496//3496
f 3430//3430 3496//3496 3495//3495
f 3431//3431 3432//3432 3497//3497
f 3431//3431 3497//3497 3496//3496
f 3432//3432 3433//3433 3498//3498
f 3432//3432 3498//3498 3497//3497
f 3433//3433 3434//3434 3499//3499
f 3433//3433 3499//3499 3498//3498
f 3434//3434 3435//3435 3500//3500
f 3434//3434 3500//3500 3499//3499
f 3435//3435 3436//3436 3501//3501
f 3435//3435 3501//3501 3500//3500
f 3436//3436 3437//3437 3502//3502
f 3436//3436 3502//3502 3501//3501
v 0.88 2.08 0.45
v 0.880688 2.08 0.434725
v 0.882838 2.08 0.419066
v 0.886562 2.08 0.403223
v 0.891936 2.08 0.387424
v 0.895254 2.08 0.379619
v 0.898992 2.08 0.37192
v 0.903147 2.08 0.364361
v 0.907711 2.08 0.356974
v 0.912673 2.08 0.349793
v 0.91802 2.08 0.342849
v 0.923733 2.08 0.336173
v 0.929792 2.08 0.329792
v 0.936173 2.08 0.323733
v 0.942849 2.08 0.31802
v 0.949793 2.08 0.312673
v 0.956974 2.08 0.307711
v 0.964361 2.08 0.303147
v 0.97192 2.08 0.298992
v 0.979619 2.08 0.295254
v 0.987424 2.08 0.291936
v 1.00322 2.08 0.286562
v 1.01907 2.08 0.282838
v 1.03472 2.08 0.280688
v 1.05 2.08 0.28
v 1.06528 2.08 0.280688
v 1.08093 2.08 0.282838
v 1.09678 2.08 0.286562
v 1.11258 2.08 0.291936
v 1.12038 2.08 0.295254
v 1.12808 2.08 0.298992
v 1.13564 2.08 0.303147
v 1.14303 2.08 0.307711
v 1.15021 2.08 0.312673
v 1.15715 2.08 0.31802
v 1.16383 2.08 0.323733
v 1.17021 2.08 0.329792
v 1.17627 2.08 0.336173
v 1.18198 2.08 0.342849
v 1.18733 2.08 0.349793
v 1.19229 2.08 0.356974
v 1.19685 2.08 0.364361
v 1.20101 2.08 0.37192
v 1.20475 2.08 0.379619
v 1.20806 2.08 0.387424
v 1.21344 2.08 0.403223
v 1.21716 2.08 0.419066
v 1.21931 2.08 0.434725
v 1.22 2.08 0.45
v 1.21931 2.08 0.465275
v 1.21716 2.08 0.480934
v 1.21344 2.08 0.496777
v 1.20806 2.08 0.512576
v 1.20475 2.08 0.520381
v 1.20101 2.08 0.52808
v 1.19685 2.08 0.535639
v 1.19229 2.08 0.543026
v 1.18733 2.08 0.550207
v 1.18198 2.08 0.557151
v 1.17627 2.08 0.563827
v 1.17021 2.08 0.570208
v 1.16383 2.08 0.576267
v 1.15715 2.08 0.58198
v 1.15021 2.08 0.587327
v 1.14303 2.08 0.592289
v 1.13564 2.08 0.596853
v 1.12808 2.08 0.601008
v 1.12038 2.08 0.604746
v 1.11258 2.08 0.608064
v 1.09678 2.08 0.613438
v 1.08093 2.08 0.617162
v 1.06528 2.08 0.619312
v 1.05 2.08 0.62
v 1.03472 2.08 0.619312
v 1.01907 2.08 0.617162
v 1.00322 2.08 0.613438
v 0.987424 2.08 0.608064
v 0.979619 2.08 0.604746
v 0.97192 2.08 0.601008
v 0.964361 2.08 0.596853
v 0.956974 2.08 0.592289
v 0.949793 2.08 0.587327
v 0.942849 2.08 0.58198
v 0.936173 2.08 0.576267
v 0.929792 2.08 0.570208
v 0.923733 2.08 0.563827
v 0.91802 2.08 0.557151
v 0.912673 2.08 0.550207
v 0.907711 2.08 0.543026
v 0.903147 2.08 0.535639
v 0.898992 2.08 0.52808
v 0.895254 2.08 0.520381
v 0.891936 2.08 0.512576
v 0.886562 2.08 0.496777
v 0.882838 2.08 0.480934
v 0.880688 2.08 0.465275
vn 0 -1 -1.83187e-15
vn 1.77636e-17 -1 -1.83187e-15
vn 1.77636e-17 -1 -1.83187e-15
vn 4.44089e-16 -1 -9.99201e-16
vn 4.44089e-16 -1 -9.4369e-16
vn 2.30926e-16 -1 -9.99201e-16
vn 4.52971e-16 -1 -9.99201e-16
vn -2.30926e-16 -1 -1.11022e-15
vn 2.39808e-16 -1 -1.11022e-15
vn 2.30926e-16 -1 -1.11022e-15
vn 6.16298e-32 -1 -1.11022e-15
vn -6.83897e-16 -1 -1.11022e-15
vn 6.83897e-16 -1 -1.9984e-15
vn 7.9492e-16 -1 -1.11022e-15
vn -4.52971e-16 -1 -1.11022e-15
vn 2.30926e-16 -1 -1.11022e-15
vn 1.02141e-16 -1 -1.11022e-15
vn 2.35367e-16 -1 -1.11022e-15
vn -1.24345e-16 -1 -1.33227e-15
vn -5.68434e-16 -1 -1.33227e-15
vn 6.83897e-16 -1 -1.11022e-15
vn 4.4631e-16 -1 -1.33227e-15
vn 1.77636e-16 -1 -1.33227e-15
vn -1.62093e-16 -1 -1.77636e-15
vn 1.33227e-17 -1 -8.88178e-16
vn -1.59872e-16 -1 -8.88178e-16
vn 1.77636e-16 -1 -1.33227e-15
vn 5.06262e-16 -1 -1.33227e-15
vn -1.82077e-16 -1 -8.88178e-16
vn -5.68434e-16 -1 -8.88178e-16
vn -1.24345e-16 -1 -8.88178e-16
vn 2.39808e-16 -1 -8.88178e-16
vn -1.33227e-17 -1 -8.88178e-16
vn 2.35367e-16 -1 -8.88178e-16
vn -4.52971e-16 -1 -8.88178e-16
vn 7.9492e-16 -1 -8.88178e-16
vn 6.83897e-16 -1 -8.88178e-16
vn -4.52971e-16 -1 -1.77636e-15
vn 2.22045e-16 -1 -8.88178e-16
vn -6.83897e-16 -1 -8.88178e-16
vn 2.39808e-16 -1 -8.88178e-16
vn 2.13163e-16 -1 -8.88178e-16
vn 4.61853e-16 -1 -8.88178e-16
vn 2.30926e-16 -1 -8.88178e-16
vn 4.44089e-16 -1 -1.77636e-15
vn 4.61853e-16 -1 -8.88178e-16
vn 4.61853e-16 -1 -1.77636e-15
vn 0 -1 -8.88178e-16
vn 0 -1 -1.77636e-15
vn 9.86076e-32 -1 -8.88178e-16
vn 0 -1 -8.88178e-16
vn 0 -1 -8.88178e-16
vn 0 -1 -8.88178e-16
vn 4.61853e-16 -1 -8.88178e-16
vn 0 -1 -8.88178e-16
vn -4.61853e-16 -1 -8.88178e-16
vn 0 -1 -8.88178e-16
vn 0 -1 -8.88178e-16
vn 0 -1 -8.88178e-16
vn 0 -1 -8.88178e-16
vn -1.97215e-31 -1 -8.88178e-16
vn 9.23706e-16 -1 -8.88178e-16
vn 0 -1 -8.88178e-16
vn 0 -1 -8.88178e-16
vn 0 -1 -8.88178e-16
vn 0 -1 0
vn 0 -1 -8.88178e-16
vn 0 -1 -1.33227e-15
vn 0 -1 -1.33227e-15
vn 0 -1 -1.33227e-15
vn 0 -1 -1.77636e-15
vn 0 -1 -8.88178e-16
vn 0 -1 -1.33227e-15
vn 0 -1 -1.33227e-15
vn 0 -1 -1.33227e-15
vn 0 -1 -1.33227e-15
vn 0 -1 -1.11022e-15
vn 0 -1 -8.88178e-16
vn 0 -1 -1.11022e-15
vn 0 -1 -1.33227e-15
vn 0 -1 -1.11022e-15
vn 0 -1 -1.11022e-15
vn 0 -1 -1.11022e-15
vn -8.88178e-16 -1 -1.11022e-15
vn 0 -1 -1.11022e-15
vn 0 -1 -9.99201e-16
vn 0 -1 -1.11022e-15
vn 0 -1 -9.99201e-16
vn 0 -1 -1.9984e-15
vn -4.61853e-16 -1 -1.11022e-15
vn 0 -1 -1.9984e-15
vn 4.61853e-16 -1 -9.99201e-16
vn -4.44089e-16 -1 -9.4369e-16
vn 0 -1 -9.99201e-16
vn 1.04771e-31 -1 -9.4369e-16
vn -2.03378e-31 -1 -1.83187e-15
g HubFR_f1
usemtl chrome
f 3598//3598 3503//3503 3504//3504
f 3598//3598 3504//3504 3505//3505
f 3598//3598 3505//3505 3506//3506
f 3598//3598 3506//3506 3507//3507
f 3598//3598 3507//3507 3508//3508
f 3598//3598 3508//3508 3509//3509
f 3598//3598 3509//3509 3510//3510
f 3598//3598 3510//3510 3511//3511
f 3598//3598 3511//3511 3512//3512
f 3598//3598 3512//3512 3513//3513
f 3598//3598 3513//3513 3514//3514
f 3598//3598 3514//3514 3515//3515
f 3598//3598 3515//3515 3516//3516
f 3598//3598 3516//3516 3517//3517
f 3598//3598 3517//3517 3518//3518
f 3598//3598 3518//3518 3519//3519
f 3598//3598 3519//3519 3520//3520
f 3598//3598 3520//3520 3521//3521
f 3598//3598 3521//3521 3522//3522
f 3598//3598 3522//3522 3523//3523
f 3598//3598 3523//3523 3524//3524
f 3598//3598 3524//3524 3525//3525
f 3598//3598 3525//3525 3526//3526
f 3598//3598 3526//3526 3527//3527
f 3598//3598 3527//3527 3528//3528
f 3598//3598 3528//3528 3529//3529
f 3598//3598 3529//3529 3530//3530
f 3598//3598 3530//3530 3531//3531
f 3598//3598 3531//3531 3532//3532
f 3598//3598 3532//3532 3533//3533
f 3598//3598 3533//3533 3534//3534
f 3598//3598 3534//3534 3535//3535
f 3598//3598 3535//3535 3536//3536
f 3598//3598 3536//3536 3537//3537
f 3598//3598 3537//3537 3538//3538
f 3598//3598 3538//3538 3539//3539
f 3598//3598 3539//3539 3540//3540
f 3598//3598 3540//3540 3541//3541
f 3598//3598 3541//3541 3542//3542
f 3598//3598 3542//3542 3543//3543
f 3598//3598 3543//3543 3544//3544
f 3598//3598 3544//3544 3545//3545
f 3598//3598 3545//3545 3546//3546
f 3598//3598 3546//3546 3547//3547
f 3598//3598 3547//3547 3548//3548
f 3598//3598 3548//3548 3549//3549
f 3598//3598 3549//3549 3550//3550
f 3598//3598 3550//3550 3551//3551
f 3598//3598 3551//3551 3552//3552
f 3598//3598 3552//3552 3553//3553
f 3598//3598 3553//3553 3554//3554
f 3598//3598 3554//3554 3555//3555
f 3598//3598 3555//3555 3556//3556
f 3598//3598 3556//3556 3557//3557
f 3598//3598 3557//3557 3558//3558
f 3598//3598 3558//3558 3559//3559
f 3598//3598 3559//3559 3560//3560
f 3598//3598 3560//3560 3561//3561
f 3598//3598 3561//3561 3562//3562
f 3598//3598 3562//3562 3563//3563
f 3598//3598 3563//3563 3564//3564
f 3598//3598 3564//3564 3565//3565
f 3598//3598 3565//3565 3566//3566
f 3598//3598 3566//3566 3567//3567
f 3598//3598 3567//3567 3568//3568
f 3598//3598 3568//3568 3569//3569
f 3598//3598 3569//3569 3570//3570
f 3598//3598 3570//3570 3571//3571
f 3598//3598 3571//3571 3572//3572
f 3598//3598 3572//3572 3573//3573
f 3598//3598 3573//3573 3574//3574
f 3598//3598 3574//3574 3575//3575
f 3598//3598 3575//3575 3576//3576
f 3598//3598 3576//3576 3577//3577
f 3598//3598 3577//3577 3578//3578
f 3598//3598 3578//3578 3579//3579
f 3598//3598 3579//3579 3580//3580
f 3598//3598 3580//3580 3581//3581
f 3598//3598 3581//3581 3582//3582
f 3598//3598 3582//3582 3583//3583
f 3598//3598 3583//3583 3584//3584
f 3598//3598 3584//3584 3585//3585
f 3598//3598 3585//3585 3586//3586
f 3598//3598 3586//3586 3587//3587
f 3598//3598 3587//3587 3588//3588
f 3598//3598 3588//3588 3589//3589
f 3598//3598 3589//3589 3590//3590
f 3598//3598 3590//3590 3591//3591
f 3598//3598 3591//3591 3592//3592
f 3598//3598 3592//3592 3593//3593
f 3598//3598 3593//3593 3594//3594
f 3598//3598 3594//3594 3595//3595
f 3598//3598 3595//3595 3596//3596
f 3596//3596 3597//3597 3598//3598
v 0.88 2.14 0.45
v 0.880688 2.14 0.465275
v 0.882838 2.14 0.480934
v 0.886562 2.14 0.496777
v 0.891936 2.14 0.512576
v 0.895254 2.14 0.520381
v 0.898992 2.14 0.52808
v 0.903147 2.14 0.535639
v 0.907711 2.14 0.543026
v 0.912673 2.14 0.550207
v 0.91802 2.14 0.557151
v 0.923733 2.14 0.563827
v 0.929792 2.14 0.570208
v 0.936173 2.14 0.576267
v 0.942849 2.14 0.58198
v 0.949793 2.14 0.587327
v 0.956974 2.14 0.592289
v 0.964361 2.14 0.596853
v 0.97192 2.14 0.601008
v 0.979619 2.14 0.604746
v 0.987424 2.14 0.608064
v 1.00322 2.14 0.613438
v 1.01907 2.14 0.617162
v 1.03472 2.14 0.619312
v 1.05 2.14 0.62
v 1.06528 2.14 0.619312
v 1.08093 2.14 0.617162
v 1.09678 2.14 0.613438
v 1.11258 2.14 0.608064
v 1.12038 2.14 0.604746
v 1.12808 2.14 0.601008
v 1.13564 2.14 0.596853
v 1.14303 2.14 0.592289
v 1.15021 2.14 0.587327
v 1.15715 2.14 0.58198
v 1.16383 2.14 0.576267
v 1.17021 2.14 0.570208
v 1.17627 2.14 0.563827
v 1.18198 2.14 0.557151
v 1.18733 2.14 0.550207
v 1.19229 2.14 0.543026
v 1.19685 2.14 0.535639
v 1.20101 2.14 0.52808
v 1.20475 2.14 0.520381
v 1.20806 2.14 0.512576
v 1.21344 2.14 0.496777
v 1.21716 2.14 0.480934
v 1.21931 2.14 0.465275
v 1.22 2.14 0.45
v 1.21931 2.14 0.434725
v 1.21716 2.14 0.419066
v 1.21344 2.14 0.403223
v 1.20806 2.14 0.387424
v 1.20475 2.14 0.379619
v 1.20101 2.14 0.37192
v 1.19685 2.14 0.364361
v 1.19229 2.14 0.356974
v 1.18733 2.14 0.349793
v 1.18198 2.14 0.342849
v 1.17627 2.14 0.336173
v 1.17021 2.14 0.329792
v 1.16383 2.14 0.323733
v 1.15715 2.14 0.31802
v 1.15021 2.14 0.312673
v 1.14303 2.14 0.307711
v 1.13564 2.14 0.303147
v 1.12808 2.14 0.298992
v 1.12038 2.14 0.295254
v 1.11258 2.14 0.291936
v 1.09678 2.14 0.286562
v 1.08093 2.14 0.282838
v 1.06528 2.14 0.280688
v 1.05 2.14 0.28
v 1.03472 2.14 0.280688
v 1.01907 2.14 0.282838
v 1.00322 2.14 0.286562
v 0.987424 2.14 0.291936
v 0.979619 2.14 0.295254
v 0.97192 2.14 0.298992
v 0.964361 2.14 0.303147
v 0.956974 2.14 0.307711
v 0.949793 2.14 0.312673
v 0.942849 2.14 0.31802
v 0.936173 2.14 0.323733
v 0.929792 2.14 0.329792
v 0.923733 2.14 0.336173
v 0.91802 2.14 0.342849
v 0.912673 2.14 0.349793
v 0.907711 2.14 0.356974
v 0.903147 2.14 0.364361
v 0.898992 2.14 0.37192
v 0.895254 2.14 0.379619
v 0.891936 2.14 0.387424
v 0.886562 2.14 0.403223
v 0.882838 2.14 0.419066
v 0.880688 2.14 0.434725
vn 3.10862e-17 1 8.88178e-16
vn 3.10862e-17 1 8.88178e-16
vn 0 1 1.77636e-15
vn -4.44089e-16 1 8.88178e-16
vn 4.75175e-16 1 8.88178e-16
vn 0 1 1.77636e-15
vn -8.88178e-16 1 8.88178e-16
vn -4.75175e-16 1 8.88178e-16
vn 0 1 8.88178e-16
vn 0 1 8.88178e-16
vn 0 1 8.88178e-16
vn 0 1 8.88178e-16
vn 0 1 8.88178e-16
vn 0 1 8.88178e-16
vn 0 1 8.88178e-16
vn 0 1 1.77636e-15
vn 0 1 8.88178e-16
vn 9.50351e-16 1 8.88178e-16
vn 0 1 1.77636e-15
vn 0 1 1.33227e-15
vn 0 1 1.33227e-15
vn 0 1 8.88178e-16
vn 0 1 8.88178e-16
vn 8.88178e-16 1 1.33227e-15
vn -8.88178e-16 1 8.88178e-16
vn 8.88178e-16 1 1.33227e-15
vn 0 1 1.33227e-15
vn 0 1 1.33227e-15
vn 0 1 1.33227e-15
vn 0 1 1.33227e-15
vn 0 1 1.11022e-15
vn 0 1 1.33227e-15
vn 0 1 1.11022e-15
vn 0 1 1.11022e-15
vn 0 1 1.11022e-15
vn 0 1 1.11022e-15
vn -2.46519e-31 1 1.11022e-15
vn 0 1 9.99201e-16
vn 0 1 1.9984e-15
vn 0 1 9.99201e-16
vn 0 1 9.99201e-16
vn 4.75175e-16 1 9.99201e-16
vn 0 1 9.99201e-16
vn 9.19265e-16 1 9.99201e-16
vn 0 1 9.99201e-16
vn 3.10862e-17 1 1.83187e-15
vn 0 1 1.83187e-15
vn 0 1 9.4369e-16
vn 3.10862e-17 1 9.4369e-16
vn 0 1 9.4369e-16
vn -1.04771e-31 1 9.4369e-16
vn 0 1 9.4369e-16
vn 2.53131e-16 1 9.4369e-16
vn 2.37588e-16 1 1.88738e-15
vn 4.44089e-16 1 9.99201e-16
vn 2.53131e-16 1 1.11022e-15
vn 4.44089e-16 1 9.99201e-16
vn 4.59632e-16 1 9.99201e-16
vn -2.22045e-16 1 1.9984e-15
vn 2.06501e-16 1 1.11022e-15
vn -5.78426e-16 1 1.9984e-15
vn 4.75175e-16 1 1.11022e-15
vn -3.4861e-16 1 1.11022e-15
vn 2.37588e-16 1 1.11022e-15
vn -6.81677e-16 1 1.11022e-15
vn 1.34337e-16 1 1.33227e-15
vn 4.75175e-16 1 1.11022e-15
vn -4.55747e-16 1 1.33227e-15
vn -1.89848e-16 1 1.33227e-15
vn -5.93969e-17 1 1.33227e-15
vn 1.85962e-16 1 1.33227e-15
vn -2.10387e-16 1 1.33227e-15
vn 7.4496e-16 1 1.33227e-15
vn -2.69784e-16 1 1.33227e-15
vn 5.93969e-17 1 8.88178e-16
vn 3.88578e-18 1 8.88178e-16
vn -2.49245e-16 1 1.33227e-15
vn -4.55747e-16 1 1.33227e-15
vn 4.75175e-16 1 1.77636e-15
vn 1.34337e-16 1 8.88178e-16
vn -6.81677e-16 1 8.88178e-16
vn 2.37588e-16 1 1.77636e-15
vn -3.4861e-16 1 8.88178e-16
vn 3.64153e-16 1 8.88178e-16
vn -5.78426e-16 1 8.88178e-16
vn 2.06501e-16 1 8.88178e-16
vn -2.22045e-16 1 8.88178e-16
vn 4.59632e-16 1 8.88178e-16
vn 2.53131e-16 1 8.88178e-16
vn 2.37588e-16 1 8.88178e-16
vn 2.22045e-16 1 8.88178e-16
vn 1.55431e-17 1 8.88178e-16
vn 2.37588e-16 1 8.88178e-16
vn 0 1 1.77636e-15
vn 0 1 8.88178e-16
vn 3.10862e-17 1 8.88178e-16
g HubFR_f2
usemtl chrome
f 3694//3694 3599//3599 3600//3600
f 3694//3694 3600//3600 3601//3601
f 3694//3694 3601//3601 3602//3602
f 3694//3694 3602//3602 3603//3603
f 3694//3694 3603//3603 3604//3604
f 3694//3694 3604//3604 3605//3605
f 3694//3694 3605//3605 3606//3606
f 3694//3694 3606//3606 3607//3607
f 3694//3694 3607//3607 3608//3608
f 3694//3694 3608//3608 3609//3609
f 3694//3694 3609//3609 3610//3610
f 3694//3694 3610//3610 3611//3611
f 3694//3694 3611//3611 3612//3612
f 3694//3694 3612//3612 3613//3613
f 3694//3694 3613//3613 3614//3614
f 3694//3694 3614//3614 3615//3615
f 3694//3694 3615//3615 3616//3616
f 3694//3694 3616//3616 3617//3617
f 3694//3694 3617//3617 3618//3618
f 3694//3694 3618//3618 3619//3619
f 3694//3694 3619//3619 3620//3620
f 3694//3694 3620//3620 3621//3621
f 3694//3694 3621//3621 3622//3622
f 3694//3694 3622//3622 3623//3623
f 3694//3694 3623//3623 3624//3624
f 3694//3694 3624//3624 3625//3625
f 3694//3694 3625//3625 3626//3626
f 3694//3694 3626//3626 3627//3627
f 3694//3694 3627//3627 3628//3628
f 3694//3694 3628//3628 3629//3629
f 3694//3694 3629//3629 3630//3630
f 3694//3694 3630//3630 3631//3631
f 3694//3694 3631//3631 3632//3632
f 3694//3694 3632//3632 3633//3633
f 3694//3694 3633//3633 3634//3634
f 3694//3694 3634//3634 3635//3635
f 3694//3694 3635//3635 3636//3636
f 3694//3694 3636//3636 3637//3637
f 3694//3694 3637//3637 3638//3638
f 3694//3694 3638//3638 3639//3639
f 3694//3694 3639//3639 3640//3640
f 3694//3694 3640//3640 3641//3641
f 3694//3694 3641//3641 3642//3642
f 3694//3694 3642//3642 3643//3643
f 3694//3694 3643//3643 3644//3644
f 3694//3694 3644//3644 3645//3645
f 3694//3694 3645//3645 3646//3646
f 3694//3694 3646//3646 3647//3647
f 3694//3694 3647//3647 3648//3648
f 3694//3694 3648//3648 3649//3649
f 3694//3694 3649//3649 3650//3650
f 3694//3694 3650//3650 3651//3651
f 3694//3694 3651//3651 3652//3652
f 3694//3694 3652//3652 3653//3653
f 3694//3694 3653//3653 3654//3654
f 3694//3694 3654//3654 3655//3655
f 3694//3694 3655//3655 3656//3656
f 3694//3694 3656//3656 3657//3657
f 3694//3694 3657//3657 3658//3658
f 3694//3694 3658//3658 3659//3659
f 3694//3694 3659//3659 3660//3660
f 3694//3694 3660//3660 3661//3661
f 3694//3694 3661//3661 3662//3662
f 3694//3694 3662//3662 3663//3663
f 3694//3694 3663//3663 3664//3664
f 3694//3694 3664//3664 3665//3665
f 3694//3694 3665//3665 3666//3666
f 3694//3694 3666//3666 3667//3667
f 3694//3694 3667//3667 3668//3668
f 3694//3694 3668//3668 3669//3669
f 3694//3694 3669//3669 3670//3670
f 3694//3694 3670//3670 3671//3671
f 3694//3694 3671//3671 3672//3672
f 3694//3694 3672//3672 3673//3673
f 3694//3694 3673//3673 3674//3674
f 3694//3694 3674//3674 3675//3675
f 3694//3694 3675//3675 3676//3676
f 3694//3694 3676//3676 3677//3677
f 3694//3694 3677//3677 3678//3678
f 3694//3694 3678//3678 3679//3679
f 3694//3694 3679//3679 3680//3680
f 3694//3694 3680//3680 3681//3681
f 3694//3694 3681//3681 3682//3682
f 3694//3694 3682//3682 3683//3683
f 3694//3694 3683//3683 3684//3684
f 3694//3694 3684//3684 3685//3685
f 3694//3694 3685//3685 3686//3686
f 3694//3694 3686//3686 3687//3687
f 3694//3694 3687//3687 3688//3688
f 3694//3694 3688//3688 3689//3689
f 3694//3694 3689//3689 3690//3690
f 3694//3694 3690//3690 3691//3691
f 3694//3694 3691//3691 3692//3692
f 3692//3692 3693//3693 3694//3694
o HubRL
v 3.38 -0.12 0.45
v 3.38069 -0.12 0.465275
v 3.38284 -0.12 0.480934
v 3.38656 -0.12 0.496777
v 3.39194 -0.12 0.512576
v 3.39899 -0.12 0.52808
v 3.40771 -0.12 0.543026
v 3.41802 -0.12 0.557151
v 3.42979 -0.12 0.570208
v 3.44285 -0.12 0.58198
v 3.45697 -0.12 0.592289
v 3.47192 -0.12 0.601008
v 3.48742 -0.12 0.608064
v 3.50322 -0.12 0.613438
v 3.51907 -0.12 0.617162
v 3.53472 -0.12 0.619312
v 3.55 -0.12 0.62
v 3.56528 -0.12 0.619312
v 3.58093 -0.12 0.617162
v 3.59678 -0.12 0.613438
v 3.61258 -0.12 0.608064
v 3.62808 -0.12 0.601008
v 3.64303 -0.12 0.592289
v 3.65715 -0.12 0.58198
v 3.67021 -0.12 0.570208
v 3.68198 -0.12 0.557151
v 3.69229 -0.12 0.543026
v 3.70101 -0.12 0.52808
v 3.70806 -0.12 0.512576
v 3.71344 -0.12 0.496777
v 3.71716 -0.12 0.480934
v 3.71931 -0.12 0.465275
v 3.72 -0.12 0.45
v 3.71931 -0.12 0.434725
v 3.71716 -0.12 0.419066
v 3.71344 -0.12 0.403223
v 3.70806 -0.12 0.387424
v 3.70101 -0.12 0.37192
v 3.69229 -0.12 0.356974
v 3.68198 -0.12 0.342849
v 3.67021 -0.12 0.329792
v 3.65715 -0.12 0.31802
v 3.64303 -0.12 0.307711
v 3.62808 -0.12 0.298992
v 3.61258 -0.12 0.291936
v 3.59678 -0.12 0.286562
v 3.58093 -0.12 0.282838
v 3.56528 -0.12 0.280688
v 3.55 -0.12 0.28
v 3.53472 -0.12 0.280688
v 3.51907 -0.12 0.282838
v 3.50322 -0.12 0.286562
v 3.48742 -0.12 0.291936
v 3.47192 -0.12 0.298992
v 3.45697 -0.12 0.307711
v 3.44285 -0.12 0.31802
v 3.42979 -0.12 0.329792
v 3.41802 -0.12 0.342849
v 3.40771 -0.12 0.356974
v 3.39899 -0.12 0.37192
v 3.39194 -0.12 0.387424
v 3.38656 -0.12 0.403223
v 3.38284 -0.12 0.419066
v 3.38069 -0.12 0.434725
v 3.38 -0.12 0.45
v 3.38 -0.09 0.45
v 3.38069 -0.09 0.465275
v 3.38284 -0.09 0.480934
v 3.38656 -0.09 0.496777
v 3.39194 -0.09 0.512576
v 3.39899 -0.09 0.52808
v 3.40771 -0.09 0.543026
v 3.41802 -0.09 0.557151
v 3.42979 -0.09 0.570208
v 3.44285 -0.09 0.58198
v 3.45697 -0.09 0.592289
v 3.47192 -0.09 0.601008
v 3.48742 -0.09 0.608064
v 3.50322 -0.09 0.613438
v 3.51907 -0.09 0.617162
v 3.53472 -0.09 0.619312
v 3.55 -0.09 0.62
v 3.56528 -0.09 0.619312
v 3.58093 -0.09 0.617162
v 3.59678 -0.09 0.613438
v 3.61258 -0.09 0.608064
v 3.62808 -0.09 0.601008
v 3.64303 -0.09 0.592289
v 3.65715 -0.09 0.58198
v 3.67021 -0.09 0.570208
v 3.68198 -0.09 0.557151
v 3.69229 -0.09 0.543026
v 3.70101 -0.09 0.52808
v 3.70806 -0.09 0.512576
v 3.71344 -0.09 0.496777
v 3.71716 -0.09 0.480934
v 3.71931 -0.09 0.465275
v 3.72 -0.09 0.45
v 3.71931 -0.09 0.434725
v 3.71716 -0.09 0.419066
v 3.71344 -0.09 0.403223
v 3.70806 -0.09 0.387424
v 3.70101 -0.09 0.37192
v 3.69229 -0.09 0.356974
v 3.68198 -0.09 0.342849
v 3.67021 -0.09 0.329792
v 3.65715 -0.09 0.31802
v 3.64303 -0.09 0.307711
v 3.62808 -0.09 0.298992
v 3.61258 -0.09 0.291936
v 3.59678 -0.09 0.286562
v 3.58093 -0.09 0.282838
v 3.56528 -0.09 0.280688
v 3.55 -0.09 0.28
v 3.53472 -0.09 0.280688
v 3.51907 -0.09 0.282838
v 3.50322 -0.09 0.286562
v 3.48742 -0.09 0.291936
v 3.47192 -0.09 0.298992
v 3.45697 -0.09 0.307711
v 3.44285 -0.09 0.31802
v 3.42979 -0.09 0.329792
v 3.41802 -0.09 0.342849
v 3.40771 -0.09 0.356974
v 3.39899 -0.09 0.37192
v 3.39194 -0.09 0.387424
v 3.38656 -0.09 0.403223
v 3.38284 -0.09 0.419066
v 3.38069 -0.09 0.434725
v 3.38 -0.09 0.45
v 3.38 -0.06 0.45
v 3.38069 -0.06 0.465275
v 3.38284 -0.06 0.480934
v 3.38656 -0.06 0.496777
v 3.39194 -0.06 0.512576
v 3.39899 -0.06 0.52808
v 3.40771 -0.06 0.543026
v 3.41802 -0.06 0.557151
v 3.42979 -0.06 0.570208
v 3.44285 -0.06 0.58198
v 3.45697 -0.06 0.592289
v 3.47192 -0.06 0.601008
v 3.48742 -0.06 0.608064
v 3.50322 -0.06 0.613438
v 3.51907 -0.06 0.617162
v 3.53472 -0.06 0.619312
v 3.55 -0.06 0.62
v 3.56528 -0.06 0.619312
v 3.58093 -0.06 0.617162
v 3.59678 -0.06 0.613438
v 3.61258 -0.06 0.608064
v 3.62808 -0.06 0.601008
v 3.64303 -0.06 0.592289
v 3.65715 -0.06 0.58198
v 3.67021 -0.06 0.570208
v 3.68198 -0.06 0.557151
v 3.69229 -0.06 0.543026
v 3.70101 -0.06 0.52808
v 3.70806 -0.06 0.512576
v 3.71344 -0.06 0.496777
v 3.71716 -0.06 0.480934
v 3.71931 -0.06 0.465275
v 3.72 -0.06 0.45
v 3.71931 -0.06 0.434725
v 3.71716 -0.06 0.419066
v 3.71344 -0.06 0.403223
v 3.70806 -0.06 0.387424
v 3.70101 -0.06 0.37192
v 3.69229 -0.06 0.356974
v 3.68198 -0.06 0.342849
v 3.67021 -0.06 0.329792
v 3.65715 -0.06 0.31802
v 3.64303 -0.06 0.307711
v 3.62808 -0.06 0.298992
v 3.61258 -0.06 0.291936
v 3.59678 -0.06 0.286562
v 3.58093 -0.06 0.282838
v 3.56528 -0.06 0.280688
v 3.55 -0.06 0.28
v 3.53472 -0.06 0.280688
v 3.51907 -0.06 0.282838
v 3.50322 -0.06 0.286562
v 3.48742 -0.06 0.291936
v 3.47192 -0.06 0.298992
v 3.45697 -0.06 0.307711
v 3.44285 -0.06 0.31802
v 3.42979 -0.06 0.329792
v 3.41802 -0.06 0.342849
v 3.40771 -0.06 0.356974
v 3.39899 -0.06 0.37192
v 3.39194 -0.06 0.387424
v 3.38656 -0.06 0.403223
v 3.38284 -0.06 0.419066
v 3.38069 -0.06 0.434725
v 3.38 -0.06 0.45
vn -1 0 0
vn -0.995955 0 0.0898544
vn -0.983305 0 0.181963
vn -0.961399 0 0.275158
vn -0.929788 0 0.368095
vn -0.888284 0 0.459295
vn -0.836996 0 0.54721
vn -0.776353 0 0.630298
vn -0.707107 0 0.707107
vn -0.630298 0 0.776353
vn -0.54721 0 0.836996
vn -0.459295 0 0.888284
vn -0.368095 0 0.929788
vn -0.275158 0 0.961399
vn -0.181963 0 0.983305
vn -0.0898544 0 0.995955
vn 0 0 1
vn 0.0898544 -0 0.995955
vn 0.181963 -0 0.983305
vn 0.275158 -0 0.961399
vn 0.368095 -0 0.929788
vn 0.459295 -0 0.888284
vn 0.54721 -0 0.836996
vn 0.630298 -0 0.776353
vn 0.707107 -0 0.707107
vn 0.776353 -0 0.630298
vn 0.836996 -0 0.54721
vn 0.888284 -0 0.459295
vn 0.929788 -0 0.368095
vn 0.961399 -0 0.275158
vn 0.983305 -0 0.181963
vn 0.995955 -0 0.0898544
vn 1 0 -1.84717e-15
vn 0.995955 0 -0.0898544
vn 0.983305 0 -0.181963
vn 0.961399 0 -0.275158
vn 0.929788 0 -0.368095
vn 0.888284 0 -0.459295
vn 0.836996 0 -0.54721
vn 0.776353 0 -0.630298
vn 0.707107 0 -0.707107
vn 0.630298 0 -0.776353
vn 0.54721 0 -0.836996
vn 0.459295 0 -0.888284
vn 0.368095 0 -0.929788
vn 0.275158 0 -0.961399
vn 0.181963 0 -0.983305
vn 0.0898544 0 -0.995955
vn 4.61792e-16 0 -1
vn -0.0898544 0 -0.995955
vn -0.181963 0 -0.983305
vn -0.275158 0 -0.961399
vn -0.368095 0 -0.929788
vn -0.459295 0 -0.888284
vn -0.54721 0 -0.836996
vn -0.630298 0 -0.776353
vn -0.707107 0 -0.707107
vn -0.776353 0 -0.630298
vn -0.836996 0 -0.54721
vn -0.888284 0 -0.459295
vn -0.929788 0 -0.368095
vn -0.961399 0 -0.275158
vn -0.983305 0 -0.181963
vn -0.995955 0 -0.0898544
vn -1 0 0
vn -1 0 1.84717e-15
vn -0.995955 0 0.0898544
vn -0.983305 0 0.181963
vn -0.961399 0 0.275158
vn -0.929788 0 0.368095
vn -0.888284 0 0.459295
vn -0.836996 0 0.54721
vn -0.776353 0 0.630298
vn -0.707107 0 0.707107
vn -0.630298 0 0.776353
vn -0.54721 0 0.836996
vn -0.459295 0 0.888284
vn -0.368095 0 0.929788
vn -0.275158 0 0.961399
vn -0.181963 0 0.983305
vn -0.0898544 0 0.995955
vn -0 0 1
vn 0.0898544 -0 0.995955
vn 0.181963 -0 0.983305
vn 0.275158 -0 0.961399
vn 0.368095 -0 0.929788
vn 0.459295 -0 0.888284
vn 0.54721 -0 0.836996
vn 0.630298 -0 0.776353
vn 0.707107 -0 0.707107
vn 0.776353 -0 0.630298
vn 0.836996 -0 0.54721
vn 0.888284 -0 0.459295
vn 0.929788 -0 0.368095
vn 0.961399 -0 0.275158
vn 0.983305 -0 0.181963
vn 0.995955 -0 0.0898544
vn 1 -0 0
vn 0.995955 0 -0.0898544
vn 0.983305 0 -0.181963
vn 0.961399 0 -0.275158
vn 0.929788 0 -0.368095
vn 0.888284 0 -0.459295
vn 0.836996 0 -0.54721
vn 0.776353 0 -0.630298
vn 0.707107 0 -0.707107
vn 0.630298 0 -0.776353
vn 0.54721 0 -0.836996
vn 0.459295 0 -0.888284
vn 0.368095 0 -0.929788
vn 0.275158 0 -0.961399
vn 0.181963 0 -0.983305
vn 0.0898544 0 -0.995955
vn 3.46344e-16 0 -1
vn -0.0898544 0 -0.995955
vn -0.181963 0 -0.983305
vn -0.275158 0 -0.961399
vn -0.368095 0 -0.929788
vn -0.459295 0 -0.888284
vn -0.54721 0 -0.836996
vn -0.630298 0 -0.776353
vn -0.707107 0 -0.707107
vn -0.776353 0 -0.630298
vn -0.836996 0 -0.54721
vn -0.888284 0 -0.459295
vn -0.929788 0 -0.368095
vn -0.961399 0 -0.275158
vn -0.983305 0 -0.181963
vn -0.995955 0 -0.0898544
vn -1 0 0
vn -1 0 0
vn -0.995955 0 0.0898544
vn -0.983305 0 0.181963
vn -0.961399 0 0.275158
vn -0.929788 0 0.368095
vn -0.888284 0 0.459295
vn -0.836996 0 0.54721
vn -0.776353 0 0.630298
vn -0.707107 0 0.707107
vn -0.630298 0 0.776353
vn -0.54721 0 0.836996
vn -0.459295 0 0.888284
vn -0.368095 0 0.929788
vn -0.275158 0 0.961399
vn -0.181963 0 0.983305
vn -0.0898544 0 0.995955
vn 0 0 1
vn 0.0898544 -0 0.995955
vn 0.181963 -0 0.983305
vn 0.275158 -0 0.961399
vn 0.368095 -0 0.929788
vn 0.459295 -0 0.888284
vn 0.54721 -0 0.836996
vn 0.630298 -0 0.776353
vn 0.707107 -0 0.707107
vn 0.776353 -0 0.630298
vn 0.836996 -0 0.54721
vn 0.888284 -0 0.459295
vn 0.929788 -0 0.368095
vn 0.961399 -0 0.275158
vn 0.983305 -0 0.181963
vn 0.995955 -0 0.0898544
vn 1 0 -1.84717e-15
vn 0.995955 0 -0.0898544
vn 0.983305 0 -0.181963
vn 0.961399 0 -0.275158
vn 0.929788 0 -0.368095
vn 0.888284 0 -0.459295
vn 0.836996 0 -0.54721
vn 0.776353 0 -0.630298
vn 0.707107 0 -0.707107
vn 0.630298 0 -0.776353
vn 0.54721 0 -0.836996
vn 0.459295 0 -0.888284
vn 0.368095 0 -0.929788
vn 0.275158 0 -0.961399
vn 0.181963 0 -0.983305
vn 0.0898544 0 -0.995955
vn 4.61792e-16 0 -1
vn -0.0898544 0 -0.995955
vn -0.181963 0 -0.983305
vn -0.275158 0 -0.961399
vn -0.368095 0 -0.929788
vn -0.459295 0 -0.888284
vn -0.54721 0 -0.836996
vn -0.630298 0 -0.776353
vn -0.707107 0 -0.707107
vn -0.776353 0 -0.630298
vn -0.836996 0 -0.54721
vn -0.888284 0 -0.459295
vn -0.929788 0 -0.368095
vn -0.961399 0 -0.275158
vn -0.983305 0 -0.181963
vn -0.995955 0 -0.0898544
vn -1 0 0
g HubRL_f0
usemtl chrome
f 3695//3695 3696//3696 3761//3761
f 3695//3695 3761//3761 3760//3760
f 3696//3696 3697//3697 3762//3762
f 3696//3696 3762//3762 3761//3761
f 3697//3697 3698//3698 3763//3763
f 3697//3697 3763//3763 3762//3762
f 3698//3698 3699//3699 3764//3764
f 3698//3698 3764//3764 3763//3763
f 3699//3699 3700//3700 3765//3765
f 3699//3699 3765//3765 3764//3764
f 3700//3700 3701//3701 3766//3766
f 3700//3700 3766//3766 3765//3765
f 3701//3701 3702//3702 3767//3767
f 3701//3701 3767//3767 3766//3766
f 3702//3702 3703//3703 3768//3768
f 3702//3702 3768//3768 3767//3767
f 3703//3703 3704//3704 3769//3769
f 3703//3703 3769//3769 3768//3768
f 3704//3704 3705//3705 3770//3770
f 3704//3704 3770//3770 3769//3769
f 3705//3705 3706//3706 3771//3771
f 3705//3705 3771//3771 3770//3770
f 3706//3706 3707//3707 3772//3772
f 3706//3706 3772//3772 3771//3771
f 3707//3707 3708//3708 3773//3773
f 3707//3707 3773//3773 3772//3772
f 3708//3708 3709//3709 3774//3774
f 3708//3708 3774//3774 3773//3773
f 3709//3709 3710//3710 3775//3775
f 3709//3709 3775//3775 3774//3774
f 3710//3710 3711//3711 3776//3776
f 3710//3710 3776//3776 3775//3775
f 3711//3711 3712//3712 3777//3777
f 3711//3711 3777//3777 3776//3776
f 3712//3712 3713//3713 3778//3778
f 3712//3712 3778//3778 3777//3777
f 3713//3713 3714//3714 3779//3779
f 3713//3713 3779//3779 3778//3778
f 3714//3714 3715//3715 3780//3780
f 3714//3714 3780//3780 3779//3779
f 3715//3715 3716//3716 3781//3781
f 3715//3715 3781//3781 3780//3780
f 3716//3716 3717//3717 3782//3782
f 3716//3716 3782//3782 3781//3781
f 3717//3717 3718//3718 3783//3783
f 3717//3717 3783//3783 3782//3782
f 3718//3718 3719//3719 3784//3784
f 3718//3718 3784//3784 3783//3783
f 3719//3719 3720//3720 3785//3785
f 3719//3719 3785//3785 3784//3784
f 3720//3720 3721//3721 3786//3786
f 3720//3720 3786//3786 3785//3785
f 3721//3721 3722//3722 3787//3787
f 3721//3721 3787//3787 3786//3786
f 3722//3722 3723//3723 3788//3788
f 3722//3722 3788//3788 3787//3787
f 3723//3723 3724//3724 3789//3789
f 3723//3723 3789//3789 3788//3788
f 3724//3724 3725//3725 3790//3790
f 3724//3724 3790//3790 3789//3789
f 3725//3725 3726//3726 3791//3791
f 3725//3725 3791//3791 3790//3790
f 3726//3726 3727//3727 3792//3792
f 3726//3726 3792//3792 3791//3791
f 3727//3727 3728//3728 3793//3793
f 3727//3727 3793//3793 3792//3792
f 3728//3728 3729//3729 3794//3794
f 3728//3728 3794//3794 3793//3793
f 3729//3729 3730//3730 3795//3795
f 3729//3729 3795//3795 3794//3794
f 3730//3730 3731//3731 3796//3796
f 3730//3730 3796//3796 3795//3795
f 3731//3731 3732//3732 3797//3797
f 3731//3731 3797//3797 3796//3796
f 3732//3732 3733//3733 3798//3798
f 3732//3732 3798//3798 3797//3797
f 3733//3733 3734//3734 3799//3799
f 3733//3733 3799//3799 3798//3798
f 3734//3734 3735//3735 3800//3800
f 3734//3734 3800//3800 3799//3799
f 3735//3735 3736//3736 3801//3801
f 3735//3735 3801//3801 3800//3800
f 3736//3736 3737//3737 3802//3802
f 3736//3736 3802//3802 3801//3801
f 3737//3737 3738//3738 3803//3803
f 3737//3737 3803//3803 3802//3802
f 3738//3738 3739//3739 3804//3804
f 3738//3738 3804//3804 3803//3803
f 3739//3739 3740//3740 3805//3805
f 3739//3739 3805//3805 3804//3804
f 3740//3740 3741//3741 3806//3806
f 3740//3740 3806//3806 3805//3805
f 3741//3741 3742//3742 3807//3807
f 3741//3741 3807//3807 3806//3806
f 3742//3742 3743//3743 3808//3808
f 3742//3742 3808//3808 3807//3807
f 3743//3743 3744//3744 3809//3809
f 3743//3743 3809//3809 3808//3808
f 3744//3744 3745//3745 3810//3810
f 3744//3744 3810//3810 3809//3809
f 3745//3745 3746//3746 3811//3811
f 3745//3745 3811//3811 3810//3810
f 3746//3746 3747//3747 3812//3812
f 3746//3746 3812//3812 3811//3811
f 3747//3747 3748//3748 3813//3813
f 3747//3747 3813//3813 3812//3812
f 3748//3748 3749//3749 3814//3814
f 3748//3748 3814//3814 3813//3813
f 3749//3749 3750//3750 3815//3815
f 3749//3749 3815//3815 3814//3814
f 3750//3750 3751//3751 3816//3816
f 3750//3750 3816//3816 3815//3815
f 3751//3751 3752//3752 3817//3817
f 3751//3751 3817//3817 3816//3816
f 3752//3752 3753//3753 3818//3818
f 3752//3752 3818//3818 3817//3817
f 3753//3753 3754//3754 3819//3819
f 3753//3753 3819//3819 3818//3818
f 3754//3754 3755//3755 3820//3820
f 3754//3754 3820//3820 3819//3819
f 3755//3755 3756//3756 3821//3821
f 3755//3755 3821//3821 3820//3820
f 3756//3756 3757//3757 3822//3822
f 3756//3756 3822//3822 3821//3821
f 3757//3757 3758//3758 3823//3823
f 3757//3757 3823//3823 3822//3822
f 3758//3758 3759//3759 3824//3824
f 3758//3758 3824//3824 3823//3823
f 3760//3760 3761//3761 3826//3826
f 3760//3760 3826//3826 3825//3825
f 3761//3761 3762//3762 3827//3827
f 3761//3761 3827//3827 3826//3826
f 3762//3762 3763//3763 3828//3828
f 3762//3762 3828//3828 3827//3827
f 3763//3763 3764//3764 3829//3829
f 3763//3763 3829//3829 3828//3828
f 3764//3764 3765//3765 3830//3830
f 3764//3764 3830//3830 3829//3829
f 3765//3765 3766//3766 3831//3831
f 3765//3765 3831//3831 3830//3830
f 3766//3766 3767//3767 3832//3832
f 3766//3766 3832//3832 3831//3831
f 3767//3767 3768//3768 3833//3833
f 3767//3767 3833//3833 3832//3832
f 3768//3768 3769//3769 3834//3834
f 3768//3768 3834//3834 3833//3833
f 3769//3769 3770//3770 3835//3835
f 3769//3769 3835//3835 3834//3834
f 3770//3770 3771//3771 3836//3836
f 3770//3770 3836//3836 3835//3835
f 3771//3771 3772//3772 3837//3837
f 3771//3771 3837//3837 3836//3836
f 3772//3772 3773//3773 3838//3838
f 3772//3772 3838//3838 3837//3837
f 3773//3773 3774//3774 3839//3839
f 3773//3773 3839//3839 3838//3838
f 3774//3774 3775//3775 3840//3840
f 3774//3774 3840//3840 3839//3839
f 3775//3775 3776//3776 3841//3841
f 3775//3775 3841//3841 3840//3840
f 3776//3776 3777//3777 3842//3842
f 3776//3776 3842//3842 3841//3841
f 3777//3777 3778//3778 3843//3843
f 3777//3777 3843//3843 3842//3842
f 3778//3778 3779//3779 3844//3844
f 3778//3778 3844//3844 3843//3843
f 3779//3779 3780//3780 3845//3845
f 3779//3779 3845//3845 3844//3844
f 3780//3780 3781//3781 3846//3846
f 3780//3780 3846//3846 3845//3845
f 3781//3781 3782//3782 3847//3847
f 3781//3781 3847//3847 3846//3846
f 3782//3782 3783//3783 3848//3848
f 3782//3782 3848//3848 3847//3847
f 3783//3783 3784//3784 3849//3849
f 3783//3783 3849//3849 3848//3848
f 3784//3784 3785//3785 3850//3850
f 3784//3784 3850//3850 3849//3849
f 3785//3785 3786//3786 3851//3851
f 3785//3785 3851//3851 3850//3850
f 3786//3786 3787//3787 3852//3852
f 3786//3786 3852//3852 3851//3851
f 3787//3787 3788//3788 3853//3853
f 3787//3787 3853//3853 3852//3852
f 3788//3788 3789//3789 3854//3854
f 3788//3788 3854//3854 3853//3853
f 3789//3789 3790//3790 3855//3855
f 3789//3789 3855//3855 3854//3854
f 3790//3790 3791//3791 3856//3856
f 3790//3790 3856//3856 3855//3855
f 3791//3791 3792//3792 3857//3857
f 3791//3791 3857//3857 3856//3856
f 3792//3792 3793//3793 3858//3858
f 3792//3792 3858//3858 3857//3857
f 3793//3793 3794//3794 3859//3859
f 3793//3793 3859//3859 3858//3858
f 3794//3794 3795//3795 3860//3860
f 3794//3794 3860//3860 3859//3859
f 3795//3795 3796//3796 3861//3861
f 3795//3795 3861//3861 3860//3860
f 3796//3796 3797//3797 3862//3862
f 3796//3796 3862//3862 3861//3861
f 3797//3797 3798//3798 3863//3863
f 3797//3797 3863//3863 3862//3862
f 3798//3798 3799//3799 3864//3864
f 3798//3798 3864//3864 3863//3863
f 3799//3799 3800//3800 3865//3865
f 3799//3799 3865//3865 3864//3864
f 3800//3800 3801//3801 3866//3866
f 3800//3800 3866//3866 3865//3865
f 3801//3801 3802//3802 3867//3867
f 3801//3801 3867//3867 3866//3866
f 3802//3802 3803//3803 3868//3868
f 3802//3802 3868//3868 3867//3867
f 3803//3803 3804//3804 3869//3869
f 3803//3803 3869//3869 3868//3868
f 3804//3804 3805//3805 3870//3870
f 3804//3804 3870//3870 3869//3869
f 3805//3805 3806//3806 3871//3871
f 3805//3805 3871//3871 3870//3870
f 3806//3806 3807//3807 3872//3872
f 3806//3806 3872//3872 3871//3871
f 3807//3807 3808//3808 3873//3873
f 3807//3807 3873//3873 3872//3872
f 3808//3808 3809//3809 3874//3874
f 3808//3808 3874//3874 3873//3873
f 3809//3809 3810//3810 3875//3875
f 3809//3809 3875//3875 3874//3874
f 3810//3810 3811//3811 3876//3876
f 3810//3810 3876//3876 3875//3875
f 3811//3811 3812//3812 3877//3877
f 3811//3811 3877//3877 3876//3876
f 3812//3812 3813//3813 3878//3878
f 3812//3812 3878//3878 3877//3877
f 3813//3813 3814//3814 3879//3879
f 3813//3813 3879//3879 3878//3878
f 3814//3814 3815//3815 3880//3880
f 3814//3814 3880//3880 3879//3879
f 3815//3815 3816//3816 3881//3881
f 3815//3815 3881//3881 3880//3880
f 3816//3816 3817//3817 3882//3882
f 3816//3816 3882//3882 3881//3881
f 3817//3817 3818//3818 3883//3883
f 3817//3817 3883//3883 3882//3882
f 3818//3818 3819//3819 3884//3884
f 3818//3818 3884//3884 3883//3883
f 3819//3819 3820//3820 3885//3885
f 3819//3819 3885//3885 3884//3884
f 3820//3820 3821//3821 3886//3886
f 3820//3820 3886//3886 3885//3885
f 3821//3821 3822//3822 3887//3887
f 3821//3821 3887//3887 3886//3886
f 3822//3822 3823//3823 3888//3888
f 3822//3822 3888//3888 3887//3887
f 3823//3823 3824//3824 3889//3889
f 3823//3823 3889//3889 3888//3888
v 3.38 -0.12 0.45
v 3.38069 -0.12 0.434725
v 3.38284 -0.12 0.419066
v 3.38656 -0.12 0.403223
v 3.39194 -0.12 0.387424
v 3.39525 -0.12 0.379619
v 3.39899 -0.12 0.37192
v 3.40315 -0.12 0.364361
v 3.40771 -0.12 0.356974
v 3.41267 -0.12 0.349793
v 3.41802 -0.12 0.342849
v 3.42373 -0.12 0.336173
v 3.42979 -0.12 0.329792
v 3.43617 -0.12 0.323733
v 3.44285 -0.12 0.31802
v 3.44979 -0.12 0.312673
v 3.45697 -0.12 0.307711
v 3.46436 -0.12 0.303147
v 3.47192 -0.12 0.298992
v 3.47962 -0.12 0.295254
v 3.48742 -0.12 0.291936
v 3.50322 -0.12 0.286562
v 3.51907 -0.12 0.282838
v 3.53472 -0.12 0.280688
v 3.55 -0.12 0.28
v 3.56528 -0.12 0.280688
v 3.58093 -0.12 0.282838
v 3.59678 -0.12 0.286562
v 3.61258 -0.12 0.291936
v 3.62038 -0.12 0.295254
v 3.62808 -0.12 0.298992
v 3.63564 -0.12 0.303147
v 3.64303 -0.12 0.307711
v 3.65021 -0.12 0.312673
v 3.65715 -0.12 0.31802
v 3.66383 -0.12 0.323733
v 3.67021 -0.12 0.329792
v 3.67627 -0.12 0.336173
v 3.68198 -0.12 0.342849
v 3.68733 -0.12 0.349793
v 3.69229 -0.12 0.356974
v 3.69685 -0.12 0.364361
v 3.70101 -0.12 0.37192
v 3.70475 -0.12 0.379619
v 3.70806 -0.12 0.387424
v 3.71344 -0.12 0.403223
v 3.71716 -0.12 0.419066
v 3.71931 -0.12 0.434725
v 3.72 -0.12 0.45
v 3.71931 -0.12 0.465275
v 3.71716 -0.12 0.480934
v 3.71344 -0.12 0.496777
v 3.70806 -0.12 0.512576
v 3.70475 -0.12 0.520381
v 3.70101 -0.12 0.52808
v 3.69685 -0.12 0.535639
v 3.69229 -0.12 0.543026
v 3.68733 -0.12 0.550207
v 3.68198 -0.12 0.557151
v 3.67627 -0.12 0.563827
v 3.67021 -0.12 0.570208
v 3.66383 -0.12 0.576267
v 3.65715 -0.12 0.58198
v 3.65021 -0.12 0.587327
v 3.64303 -0.12 0.592289
v 3.63564 -0.12 0.596853
v 3.62808 -0.12 0.601008
v 3.62038 -0.12 0.604746
v 3.61258 -0.12 0.608064
v 3.59678 -0.12 0.613438
v 3.58093 -0.12 0.617162
v 3.56528 -0.12 0.619312
v 3.55 -0.12 0.62
v 3.53472 -0.12 0.619312
v 3.51907 -0.12 0.617162
v 3.50322 -0.12 0.613438
v 3.48742 -0.12 0.608064
v 3.47962 -0.12 0.604746
v 3.47192 -0.12 0.601008
v 3.46436 -0.12 0.596853
v 3.45697 -0.12 0.592289
v 3.44979 -0.12 0.587327
v 3.44285 -0.12 0.58198
v 3.43617 -0.12 0.576267
v 3.42979 -0.12 0.570208
v 3.42373 -0.12 0.563827
v 3.41802 -0.12 0.557151
v 3.41267 -0.12 0.550207
v 3.40771 -0.12 0.543026
v 3.40315 -0.12 0.535639
v 3.39899 -0.12 0.52808
v 3.39525 -0.12 0.520381
v 3.39194 -0.12 0.512576
v 3.38656 -0.12 0.496777
v 3.38284 -0.12 0.480934
v 3.38069 -0.12 0.465275
vn -5.44009e-17 -1 0
vn 0 -1 0
vn 0 -1 0
vn -5.44009e-17 -1 0
vn -5.55112e-19 -1 0
vn -1.27676e-17 -1 0
vn -5.55112e-19 -1 0
vn -1.38778e-17 -1 0
vn -1.38778e-17 -1 0
vn -5.55112e-19 -1 0
vn -2.77556e-17 -1 0
vn 4.05231e-17 -1 0
vn 6.66134e-18 -1 0
vn 6.93889e-18 -1 0
vn -1.9984e-17 -1 0
vn 2.08167e-17 -1 0
vn 1.27676e-17 -1 0
vn -2.69229e-17 -1 0
vn -3.747e-18 -1 0
vn -2.72005e-17 -1 0
vn -3.46945e-18 -1 0
vn 3.76088e-17 -1 0
vn -3.747e-17 -1 0
vn -3.05311e-18 -1 0
vn 7.70217e-18 -1 0
vn -3.05311e-18 -1 0
vn -3.747e-17 -1 0
vn 3.42781e-17 -1 0
vn -6.93889e-18 -1 0
vn -2.38698e-17 -1 0
vn 3.46945e-18 -1 0
vn 2.72005e-17 -1 0
vn 1.38778e-17 -1 0
vn -2.72005e-17 -1 0
vn -1.33227e-17 -1 0
vn 6.38378e-18 -1 0
vn 6.66134e-18 -1 0
vn -1.33227e-17 -1 0
vn -2.72005e-17 -1 0
vn -5.55112e-19 -1 0
vn -1.38778e-17 -1 0
vn -1.38778e-17 -1 0
vn 0 -1 0
vn -1.33227e-17 -1 0
vn -5.55112e-19 -1 0
vn -5.44009e-17 -1 0
vn 0 -1 0
vn 0 -1 0
vn 0 -1 0
vn -5.44009e-17 -1 0
vn 0 -1 0
vn 0 -1 0
vn -2.77556e-17 -1 0
vn -2.66454e-17 -1 0
vn 0 -1 0
vn 0 -1 0
vn -2.77556e-17 -1 0
vn -2.77556e-17 -1 0
vn 0 -1 0
vn 0 -1 0
vn 0 -1 0
vn 0 -1 0
vn 0 -1 0
vn 0 -1 0
vn -5.32907e-17 -1 0
vn 0 -1 0
vn -1.08802e-16 -1 0
vn 0 -1 0
vn 0 -1 0
vn 0 -1 0
vn 0 -1 0
vn 0 -1 0
vn 0 -1 0
vn 0 -1 0
vn 0 -1 0
vn 5.55112e-17 -1 0
vn 0 -1 0
vn 0 -1 0
vn 0 -1 0
vn 0 -1 0
vn 0 -1 0
vn 0 -1 0
vn 0 -1 0
vn 0 -1 0
vn 0 -1 0
vn 0 -1 0
vn 5.55112e-17 -1 0
vn -2.77556e-17 -1 0
vn 0 -1 0
vn 0 -1 0
vn 0 -1 0
vn -2.66454e-17 -1 0
vn -5.44009e-17 -1 0
vn -5.44009e-17 -1 0
vn -5.44009e-17 -1 0
vn 0 -1 0
g HubRL_f1
usemtl chrome
f 3985//3985 3890//3890 3891//3891
f 3985//3985 3891//3891 3892//3892
f 3985//3985 3892//3892 3893//3893
f 3985//3985 3893//3893 3894//3894
f 3985//3985 3894//3894 3895//3895
f 3985//3985 3895//3895 3896//3896
f 3985//3985 3896//3896 3897//3897
f 3985//3985 3897//3897 3898//3898
f 3985//3985 3898//3898 3899//3899
f 3985//3985 3899//3899 3900//3900
f 3985//3985 3900//3900 3901//3901
f 3985//3985 3901//3901 3902//3902
f 3985//3985 3902//3902 3903//3903
f 3985//3985 3903//3903 3904//3904
f 3985//3985 3904//3904 3905//3905
f 3985//3985 3905//3905 3906//3906
f 3985//3985 3906//3906 3907//3907
f 3985//3985 3907//3907 3908//3908
f 3985//3985 3908//3908 3909//3909
f 3985//3985 3909//3909 3910//3910
f 3985//3985 3910//3910 3911//3911
f 3985//3985 3911//3911 3912//3912
f 3985//3985 3912//3912 3913//3913
f 3985//3985 3913//3913 3914//3914
f 3985//3985 3914//3914 3915//3915
f 3985//3985 3915//3915 3916//3916
f 3985//3985 3916//3916 3917//3917
f 3985//3985 3917//3917 3918//3918
f 3985//3985 3918//3918 3919//3919
f 3985//3985 3919//3919 3920//3920
f 3985//3985 3920//3920 3921//3921
f 3985//3985 3921//3921 3922//3922
f 3985//3985 3922//3922 3923//3923
f 3985//3985 3923//3923 3924//3924
f 3985//3985 3924//3924 3925//3925
f 3985//3985 3925//3925 3926//3926
f 3985//3985 3926//3926 3927//3927
f 3985//3985 3927//3927 3928//3928
f 3985//3985 3928//3928 3929//3929
f 3985//3985 3929//3929 3930//3930
f 3985//3985 3930//3930 3931//3931
f 3985//3985 3931//3931 3932//3932
f 3985//3985 3932//3932 3933//3933
f 3985//3985 3933//3933 3934//3934
f 3985//3985 3934//3934 3935//3935
f 3985//3985 3935//3935 3936//3936
f 3985//3985 3936//3936 3937//3937
f 3985//3985 3937//3937 3938//3938
f 3985//3985 3938//3938 3939//3939
f 3985//3985 3939//3939 3940//3940
f 3985//3985 3940//3940 3941//3941
f 3985//3985 3941//3941 3942//3942
f 3985//3985 3942//3942 3943//3943
f 3985//3985 3943//3943 3944//3944
f 3985//3985 3944//3944 3945//3945
f 3985//3985 3945//3945 3946//3946
f 3985//3985 3946//3946 3947//3947
f 3985//3985 3947//3947 3948//3948
f 3985//3985 3948//3948 3949//3949
f 3985//3985 3949//3949 3950//3950
f 3985//3985 3950//3950 3951//3951
f 3985//3985 3951//3951 3952//3952
f 3985//3985 3952//3952 3953//3953
f 3985//3985 3953//3953 3954//3954
f 3985//3985 3954//3954 3955//3955
f 3985//3985 3955//3955 3956//3956
f 3985//3985 3956//3956 3957//3957
f 3985//3985 3957//3957 3958//3958
f 3985//3985 3958//3958 3959//3959
f 3985//3985 3959//3959 3960//3960
f 3985//3985 3960//3960 3961//3961
f 3985//3985 3961//3961 3962//3962
f 3985//3985 3962//3962 3963//3963
f 3985//3985 3963//3963 3964//3964
f 3985//3985 3964//3964 3965//3965
f 3985//3985 3965//3965 3966//3966
f 3985//3985 3966//3966 3967//3967
f 3985//3985 3967//3967 3968//3968
f 3985//3985 3968//3968 3969//3969
f 3985//3985 3969//3969 3970//3970
f 3985//3985 3970//3970 3971//3971
f 3985//3985 3971//3971 3972//3972
f 3985//3985 3972//3972 3973//3973
f 3985//3985 3973//3973 3974//3974
f 3985//3985 3974//3974 3975//3975
f 3985//3985 3975//3975 3976//3976
f 3985//3985 3976//3976 3977//3977
f 3985//3985 3977//3977 3978//3978
f 3985//3985 3978//3978 3979//3979
f 3985//3985 3979//3979 3980//3980
f 3985//3985 3980//3980 3981//3981
f 3985//3985 3981//3981 3982//3982
f 3985//3985 3982//3982 3983//3983
f 3983//3983 3984//3984 3985//3985
v 3.38 -0.06 0.45
v 3.38069 -0.06 0.465275
v 3.38284 -0.06 0.480934
v 3.38656 -0.06 0.496777
v 3.39194 -0.06 0.512576
v 3.39525 -0.06 0.520381
v 3.39899 -0.06 0.52808
v 3.40315 -0.06 0.535639
v 3.40771 -0.06 0.543026
v 3.41267 -0.06 0.550207
v 3.41802 -0.06 0.557151
v 3.42373 -0.06 0.563827
v 3.42979 -0.06 0.570208
v 3.43617 -0.06 0.576267
v 3.44285 -0.06 0.58198
v 3.44979 -0.06 0.587327
v 3.45697 -0.06 0.592289
v 3.46436 -0.06 0.596853
v 3.47192 -0.06 0.601008
v 3.47962 -0.06 0.604746
v 3.48742 -0.06 0.608064
v 3.50322 -0.06 0.613438
v 3.51907 -0.06 0.617162
v 3.53472 -0.06 0.619312
v 3.55 -0.06 0.62
v 3.56528 -0.06 0.619312
v 3.58093 -0.06 0.617162
v 3.59678 -0.06 0.613438
v 3.61258 -0.06 0.608064
v 3.62038 -0.06 0.604746
v 3.62808 -0.06 0.601008
v 3.63564 -0.06 0.596853
v 3.64303 -0.06 0.592289
v 3.65021 -0.06 0.587327
v 3.65715 -0.06 0.58198
v 3.66383 -0.06 0.576267
v 3.67021 -0.06 0.570208
v 3.67627 -0.06 0.563827
v 3.68198 -0.06 0.557151
v 3.68733 -0.06 0.550207
v 3.69229 -0.06 0.543026
v 3.69685 -0.06 0.535639
v 3.70101 -0.06 0.52808
v 3.70475 -0.06 0.520381
v 3.70806 -0.06 0.512576
v 3.71344 -0.06 0.496777
v 3.71716 -0.06 0.480934
v 3.71931 -0.06 0.465275
v 3.72 -0.06 0.45
v 3.71931 -0.06 0.434725
v 3.71716 -0.06 0.419066
v 3.71344 -0.06 0.403223
v 3.70806 -0.06 0.387424
v 3.70475 -0.06 0.379619
v 3.70101 -0.06 0.37192
v 3.69685 -0.06 0.364361
v 3.69229 -0.06 0.356974
v 3.68733 -0.06 0.349793
v 3.68198 -0.06 0.342849
v 3.67627 -0.06 0.336173
v 3.67021 -0.06 0.329792
v 3.66383 -0.06 0.323733
v 3.65715 -0.06 0.31802
v 3.65021 -0.06 0.312673
v 3.64303 -0.06 0.307711
v 3.63564 -0.06 0.303147
v 3.62808 -0.06 0.298992
v 3.62038 -0.06 0.295254
v 3.61258 -0.06 0.291936
v 3.59678 -0.06 0.286562
v 3.58093 -0.06 0.282838
v 3.56528 -0.06 0.280688
v 3.55 -0.06 0.28
v 3.53472 -0.06 0.280688
v 3.51907 -0.06 0.282838
v 3.50322 -0.06 0.286562
v 3.48742 -0.06 0.291936
v 3.47962 -0.06 0.295254
v 3.47192 -0.06 0.298992
v 3.46436 -0.06 0.303147
v 3.45697 -0.06 0.307711
v 3.44979 -0.06 0.312673
v 3.44285 -0.06 0.31802
v 3.43617 -0.06 0.323733
v 3.42979 -0.06 0.329792
v 3.42373 -0.06 0.336173
v 3.41802 -0.06 0.342849
v 3.41267 -0.06 0.349793
v 3.40771 -0.06 0.356974
v 3.40315 -0.06 0.364361
v 3.39899 -0.06 0.37192
v 3.39525 -0.06 0.379619
v 3.39194 -0.06 0.387424
v 3.38656 -0.06 0.403223
v 3.38284 -0.06 0.419066
v 3.38069 -0.06 0.434725
vn -2.72005e-17 1 0
vn 0 1 -0
vn 0 1 -0
vn 0 1 -0
vn -1.33227e-17 1 0
vn -1.33227e-17 1 0
vn -5.55112e-19 1 0
vn -1.33227e-17 1 0
vn -1.38778e-17 1 0
vn -1.38778e-17 1 0
vn 0 1 -0
vn -2.66454e-17 1 0
vn 0 1 -0
vn -2.66454e-17 1 0
vn 0 1 -0
vn 0 1 -0
vn -2.77556e-17 1 0
vn 0 1 -0
vn 0 1 -0
vn 0 1 -0
vn 0 1 -0
vn 0 1 -0
vn 0 1 -0
vn 0 1 -0
vn 0 1 -0
vn 0 1 -0
vn 0 1 -0
vn 0 1 -0
vn 0 1 -0
vn 0 1 -0
vn 0 1 -0
vn 0 1 -0
vn 0 1 -0
vn 0 1 -0
vn 0 1 -0
vn -2.66454e-17 1 0
vn 0 1 -0
vn 0 1 -0
vn 0 1 -0
vn -4.05231e-17 1 0
vn -1.38778e-17 1 0
vn 5.55112e-19 1 -0
vn -5.55112e-19 1 0
vn 5.55112e-19 1 -0
vn -2.72005e-17 1 0
vn 0 1 -0
vn -2.72005e-17 1 0
vn -2.72005e-17 1 0
vn 0 1 -0
vn -2.72005e-17 1 0
vn 0 1 -0
vn 0 1 -0
vn -2.72005e-17 1 0
vn 2.05391e-17 1 -0
vn -2.77556e-19 1 0
vn 6.66134e-18 1 -0
vn -6.38378e-18 1 0
vn 2.77556e-19 1 -0
vn -1.33227e-17 1 0
vn -6.38378e-18 1 0
vn -2.38698e-17 1 0
vn -2.3731e-17 1 0
vn -6.93889e-18 1 0
vn 1.36002e-17 1 -0
vn -2.04003e-17 1 0
vn -1.36002e-17 1 0
vn -2.72005e-17 1 0
vn 1.54737e-17 1 -0
vn -2.15106e-18 1 0
vn -1.02002e-17 1 0
vn 8.25728e-18 1 -0
vn 2.46678e-17 1 -0
vn 3.26128e-18 1 -0
vn 2.46678e-17 1 -0
vn 8.18789e-18 1 -0
vn -1.0339e-17 1 0
vn -2.15106e-18 1 0
vn -1.33227e-17 1 0
vn -2.72005e-17 1 0
vn -1.3739e-17 1 0
vn -2.04003e-17 1 0
vn 1.36002e-17 1 -0
vn -1.05471e-17 1 0
vn -2.3731e-17 1 0
vn 1.38778e-19 1 -0
vn -6.66134e-18 1 0
vn -1.36002e-17 1 0
vn -2.72005e-17 1 0
vn -6.38378e-18 1 0
vn 2.77556e-19 1 -0
vn -2.77556e-19 1 0
vn 2.05391e-17 1 -0
vn 2.77556e-19 1 -0
vn -2.72005e-17 1 0
vn -2.72005e-17 1 0
vn 0 1 -0
g HubRL_f2
usemtl chrome
f 4081//4081 3986//3986 3987//3987
f 4081//4081 3987//3987 3988//3988
f 4081//4081 3988//3988 3989//3989
f 4081//4081 3989//3989 3990//3990
f 4081//4081 3990//3990 3991//3991
f 4081//4081 3991//3991 3992//3992
f 4081//4081 3992//3992 3993//3993
f 4081//4081 3993//3993 3994//3994
f 4081//4081 3994//3994 3995//3995
f 4081//4081 3995//3995 3996//3996
f 4081//4081 3996//3996 3997//3997
f 4081//4081 3997//3997 3998//3998
f 4081//4081 3998//3998 3999//3999
f 4081//4081 3999//3999 4000//4000
f 4081//4081 4000//4000 4001//4001
f 4081//4081 4001//4001 4002//4002
f 4081//4081 4002//4002 4003//4003
f 4081//4081 4003//4003 4004//4004
f 4081//4081 4004//4004 4005//4005
f 4081//4081 4005//4005 4006//4006
f 4081//4081 4006//4006 4007//4007
f 4081//4081 4007//4007 4008//4008
f 4081//4081 4008//4008 4009//4009
f 4081//4081 4009//4009 4010//4010
f 4081//4081 4010//4010 4011//4011
f 4081//4081 4011//4011 4012//4012
f 4081//4081 4012//4012 4013//4013
f 4081//4081 4013//4013 4014//4014
f 4081//4081 4014//4014 4015//4015
f 4081//4081 4015//4015 4016//4016
f 4081//4081 4016//4016 4017//4017
f 4081//4081 4017//4017 4018//4018
f 4081//4081 4018//4018 4019//4019
f 4081//4081 4019//4019 4020//4020
f 4081//4081 4020//4020 4021//4021
f 4081//4081 4021//4021 4022//4022
f 4081//4081 4022//4022 4023//4023
f 4081//4081 4023//4023 4024//4024
f 4081//4081 4024//4024 4025//4025
f 4081//4081 4025//4025 4026//4026
f 4081//4081 4026//4026 4027//4027
f 4081//4081 4027//4027 4028//4028
f 4081//4081 4028//4028 4029//4029
f 4081//4081 4029//4029 4030//4030
f 4081//4081 4030//4030 4031//4031
f 4081//4081 4031//4031 4032//4032
f 4081//4081 4032//4032 4033//4033
f 4081//4081 4033//4033 4034//4034
f 4081//4081 4034//4034 4035//4035
f 4081//4081 4035//4035 4036//4036
f 4081//4081 4036//4036 4037//4037
f 4081//4081 4037//4037 4038//4038
f 4081//4081 4038//4038 4039//4039
f 4081//4081 4039//4039 4040//4040
f 4081//4081 4040//4040 4041//4041
f 4081//4081 4041//4041 4042//4042
f 4081//4081 4042//4042 4043//4043
f 4081//4081 4043//4043 4044//4044
f 4081//4081 4044//4044 4045//4045
f 4081//4081 4045//4045 4046//4046
f 4081//4081 4046//4046 4047//4047
f 4081//4081 4047//4047 4048//4048
f 4081//4081 4048//4048 4049//4049
f 4081//4081 4049//4049 4050//4050
f 4081//4081 4050//4050 4051//4051
f 4081//4081 4051//4051 4052//4052
f 4081//4081 4052//4052 4053//4053
f 4081//4081 4053//4053 4054//4054
f 4081//4081 4054//4054 4055//4055
f 4081//4081 4055//4055 4056//4056
f 4081//4081 4056//4056 4057//4057
f 4081//4081 4057//4057 4058//4058
f 4081//4081 4058//4058 4059//4059
f 4081//4081 4059//4059 4060//4060
f 4081//4081 4060//4060 4061//4061
f 4081//4081 4061//4061 4062//4062
f 4081//4081 4062//4062 4063//4063
f 4081//4081 4063//4063 4064//4064
f 4081//4081 4064//4064 4065//4065
f 4081//4081 4065//4065 4066//4066
f 4081//4081 4066//4066 4067//4067
f 4081//4081 4067//4067 4068//4068
f 4081//4081 4068//4068 4069//4069
f 4081//4081 4069//4069 4070//4070
f 4081//4081 4070//4070 4071//4071
f 4081//4081 4071//4071 4072//4072
f 4081//4081 4072//4072 4073//4073
f 4081//4081 4073//4073 4074//4074
f 4081//4081 4074//4074 4075//4075
f 4081//4081 4075//4075 4076//4076
f 4081//4081 4076//4076 4077//4077
f 4081//4081 4077//4077 4078//4078
f 4081//4081 4078//4078 4079//4079
f 4079//4079 4080//4080 4081//4081
o HubRR
v 3.38 2.08 0.45
v 3.38069 2.08 0.465275
v 3.38284 2.08 0.480934
v 3.38656 2.08 0.496777
v 3.39194 2.08 0.512576
v 3.39899 2.08 0.52808
v 3.40771 2.08 0.543026
v 3.41802 2.08 0.557151
v 3.42979 2.08 0.570208
v 3.44285 2.08 0.58198
v 3.45697 2.08 0.592289
v 3.47192 2.08 0.601008
v 3.48742 2.08 0.608064
v 3.50322 2.08 0.613438
v 3.51907 2.08 0.617162
v 3.53472 2.08 0.619312
v 3.55 2.08 0.62
v 3.56528 2.08 0.619312
v 3.58093 2.08 0.617162
v 3.59678 2.08 0.613438
v 3.61258 2.08 0.608064
v 3.62808 2.08 0.601008
v 3.64303 2.08 0.592289
v 3.65715 2.08 0.58198
v 3.67021 2.08 0.570208
v 3.68198 2.08 0.557151
v 3.69229 2.08 0.543026
v 3.70101 2.08 0.52808
v 3.70806 2.08 0.512576
v 3.71344 2.08 0.496777
v 3.71716 2.08 0.480934
v 3.71931 2.08 0.465275
v 3.72 2.08 0.45
v 3.71931 2.08 0.434725
v 3.71716 2.08 0.419066
v 3.71344 2.08 0.403223
v 3.70806 2.08 0.387424
v 3.70101 2.08 0.37192
v 3.69229 2.08 0.356974
v 3.68198 2.08 0.342849
v 3.67021 2.08 0.329792
v 3.65715 2.08 0.31802
v 3.64303 2.08 0.307711
v 3.62808 2.08 0.298992
v 3.61258 2.08 0.291936
v 3.59678 2.08 0.286562
v 3.58093 2.08 0.282838
v 3.56528 2.08 0.280688
v 3.55 2.08 0.28
v 3.53472 2.08 0.280688
v 3.51907 2.08 0.282838
v 3.50322 2.08 0.286562
v 3.48742 2.08 0.291936
v 3.47192 2.08 0.298992
v 3.45697 2.08 0.307711
v 3.44285 2.08 0.31802
v 3.42979 2.08 0.329792
v 3.41802 2.08 0.342849
v 3.40771 2.08 0.356974
v 3.39899 2.08 0.37192
v 3.39194 2.08 0.387424
v 3.38656 2.08 0.403223
v 3.38284 2.08 0.419066
v 3.38069 2.08 0.434725
v 3.38 2.08 0.45
v 3.38 2.11 0.45
v 3.38069 2.11 0.465275
v 3.38284 2.11 0.480934
v 3.38656 2.11 0.496777
v 3.39194 2.11 0.512576
v 3.39899 2.11 0.52808
v 3.40771 2.11 0.543026
v 3.41802 2.11 0.557151
v 3.42979 2.11 0.570208
v 3.44285 2.11 0.58198
v 3.45697 2.11 0.592289
v 3.47192 2.11 0.601008
v 3.48742 2.11 0.608064
v 3.50322 2.11 0.613438
v 3.51907 2.11 0.617162
v 3.53472 2.11 0.619312
v 3.55 2.11 0.62
v 3.56528 2.11 0.619312
v 3.58093 2.11 0.617162
v 3.59678 2.11 0.613438
v 3.61258 2.11 0.608064
v 3.62808 2.11 0.601008
v 3.64303 2.11 0.592289
v 3.65715 2.11 0.58198
v 3.67021 2.11 0.570208
v 3.68198 2.11 0.557151
v 3.69229 2.11 0.543026
v 3.70101 2.11 0.52808
v 3.70806 2.11 0.512576
v 3.71344 2.11 0.496777
v 3.71716 2.11 0.480934
v 3.71931 2.11 0.465275
v 3.72 2.11 0.45
v 3.71931 2.11 0.434725
v 3.71716 2.11 0.419066
v 3.71344 2.11 0.403223
v 3.70806 2.11 0.387424
v 3.70101 2.11 0.37192
v 3.69229 2.11 0.356974
v 3.68198 2.11 0.342849
v 3.67021 2.11 0.329792
v 3.65715 2.11 0.31802
v 3.64303 2.11 0.307711
v 3.62808 2.11 0.298992
v 3.61258 2.11 0.291936
v 3.59678 2.11 0.286562
v 3.58093 2.11 0.282838
v 3.56528 2.11 0.280688
v 3.55 2.11 0.28
v 3.53472 2.11 0.280688
v 3.51907 2.11 0.282838
v 3.50322 2.11 0.286562
v 3.48742 2.11 0.291936
v 3.47192 2.11 0.298992
v 3.45697 2.11 0.307711
v 3.44285 2.11 0.31802
v 3.42979 2.11 0.329792
v 3.41802 2.11 0.342849
v 3.40771 2.11 0.356974
v 3.39899 2.11 0.37192
v 3.39194 2.11 0.387424
v 3.38656 2.11 0.403223
v 3.38284 2.11 0.419066
v 3.38069 2.11 0.434725
v 3.38 2.11 0.45
v 3.38 2.14 0.45
v 3.38069 2.14 0.465275
v 3.38284 2.14 0.480934
v 3.38656 2.14 0.496777
v 3.39194 2.14 0.512576
v 3.39899 2.14 0.52808
v 3.40771 2.14 0.543026
v 3.41802 2.14 0.557151
v 3.42979 2.14 0.570208
v 3.44285 2.14 0.58198
v 3.45697 2.14 0.592289
v 3.47192 2.14 0.601008
v 3.48742 2.14 0.608064
v 3.50322 2.14 0.613438
v 3.51907 2.14 0.617162
v 3.53472 2.14 0.619312
v 3.55 2.14 0.62
v 3.56528 2.14 0.619312
v 3.58093 2.14 0.617162
v 3.59678 2.14 0.613438
v 3.61258 2.14 0.608064
v 3.62808 2.14 0.601008
v 3.64303 2.14 0.592289
v 3.65715 2.14 0.58198
v 3.67021 2.14 0.570208
v 3.68198 2.14 0.557151
v 3.69229 2.14 0.543026
v 3.70101 2.14 0.52808
v 3.70806 2.14 0.512576
v 3.71344 2.14 0.496777
v 3.71716 2.14 0.480934
v 3.71931 2.14 0.465275
v 3.72 2.14 0.45
v 3.71931 2.14 0.434725
v 3.71716 2.14 0.419066
v 3.71344 2.14 0.403223
v 3.70806 2.14 0.387424
v 3.70101 2.14 0.37192
v 3.69229 2.14 0.356974
v 3.68198 2.14 0.342849
v 3.67021 2.14 0.329792
v 3.65715 2.14 0.31802
v 3.64303 2.14 0.307711
v 3.62808 2.14 0.298992
v 3.61258 2.14 0.291936
v 3.59678 2.14 0.286562
v 3.58093 2.14 0.282838
v 3.56528 2.14 0.280688
v 3.55 2.14 0.28
v 3.53472 2.14 0.280688
v 3.51907 2.14 0.282838
v 3.50322 2.14 0.286562
v 3.48742 2.14 0.291936
v 3.47192 2.14 0.298992
v 3.45697 2.14 0.307711
v 3.44285 2.14 0.31802
v 3.42979 2.14 0.329792
v 3.41802 2.14 0.342849
v 3.40771 2.14 0.356974
v 3.39899 2.14 0.37192
v 3.39194 2.14 0.387424
v 3.38656 2.14 0.403223
v 3.38284 2.14 0.419066
v 3.38069 2.14 0.434725
v 3.38 2.14 0.45
vn -1 0 0
vn -0.995955 0 0.0898544
vn -0.983305 0 0.181963
vn -0.961399 0 0.275158
vn -0.929788 0 0.368095
vn -0.888284 0 0.459295
vn -0.836996 0 0.54721
vn -0.776353 0 0.630298
vn -0.707107 0 0.707107
vn -0.630298 0 0.776353
vn -0.54721 0 0.836996
vn -0.459295 0 0.888284
vn -0.368095 0 0.929788
vn -0.275158 0 0.961399
vn -0.181963 0 0.983305
vn -0.0898544 0 0.995955
vn 0 0 1
vn 0.0898544 -0 0.995955
vn 0.181963 -0 0.983305
vn 0.275158 -0 0.961399
vn 0.368095 -0 0.929788
vn 0.459295 -0 0.888284
vn 0.54721 -0 0.836996
vn 0.630298 -0 0.776353
vn 0.707107 -0 0.707107
vn 0.776353 -0 0.630298
vn 0.836996 -0 0.54721
vn 0.888284 -0 0.459295
vn 0.929788 -0 0.368095
vn 0.961399 -0 0.275158
vn 0.983305 -0 0.181963
vn 0.995955 -0 0.0898544
vn 1 0 -1.84717e-15
vn 0.995955 0 -0.0898544
vn 0.983305 0 -0.181963
vn 0.961399 0 -0.275158
vn 0.929788 0 -0.368095
vn 0.888284 0 -0.459295
vn 0.836996 0 -0.54721
vn 0.776353 0 -0.630298
vn 0.707107 0 -0.707107
vn 0.630298 0 -0.776353
vn 0.54721 0 -0.836996
vn 0.459295 0 -0.888284
vn 0.368095 0 -0.929788
vn 0.275158 0 -0.961399
vn 0.181963 0 -0.983305
vn 0.0898544 0 -0.995955
vn 4.61792e-16 0 -1
vn -0.0898544 0 -0.995955
vn -0.181963 0 -0.983305
vn -0.275158 0 -0.961399
vn -0.368095 0 -0.929788
vn -0.459295 0 -0.888284
vn -0.54721 0 -0.836996
vn -0.630298 0 -0.776353
vn -0.707107 0 -0.707107
vn -0.776353 0 -0.630298
vn -0.836996 0 -0.54721
vn -0.888284 0 -0.459295
vn -0.929788 0 -0.368095
vn -0.961399 0 -0.275158
vn -0.983305 0 -0.181963
vn -0.995955 0 -0.0898544
vn -1 0 0
vn -1 0 1.84717e-15
vn -0.995955 0 0.0898544
vn -0.983305 0 0.181963
vn -0.961399 0 0.275158
vn -0.929788 0 0.368095
vn -0.888284 0 0.459295
vn -0.836996 0 0.54721
vn -0.776353 0 0.630298
vn -0.707107 0 0.707107
vn -0.630298 0 0.776353
vn -0.54721 0 0.836996
vn -0.459295 0 0.888284
vn -0.368095 0 0.929788
vn -0.275158 0 0.961399
vn -0.181963 0 0.983305
vn -0.0898544 0 0.995955
vn 0 0 1
vn 0.0898544 -0 0.995955
vn 0.181963 -0 0.983305
vn 0.275158 -0 0.961399
vn 0.368095 -0 0.929788
vn 0.459295 -0 0.888284
vn 0.54721 -0 0.836996
vn 0.630298 -0 0.776353
vn 0.707107 -0 0.707107
vn 0.776353 -0 0.630298
vn 0.836996 -0 0.54721
vn 0.888284 -0 0.459295
vn 0.929788 -0 0.368095
vn 0.961399 -0 0.275158
vn 0.983305 -0 0.181963
vn 0.995955 -0 0.0898544
vn 1 -0 0
vn 0.995955 0 -0.0898544
vn 0.983305 0 -0.181963
vn 0.961399 0 -0.275158
vn 0.929788 0 -0.368095
vn 0.888284 0 -0.459295
vn 0.836996 0 -0.54721
vn 0.776353 0 -0.630298
vn 0.707107 0 -0.707107
vn 0.630298 0 -0.776353
vn 0.54721 0 -0.836996
vn 0.459295 0 -0.888284
vn 0.368095 0 -0.929788
vn 0.275158 0 -0.961399
vn 0.181963 0 -0.983305
vn 0.0898544 0 -0.995955
vn 3.46344e-16 0 -1
vn -0.0898544 0 -0.995955
vn -0.181963 0 -0.983305
vn -0.275158 0 -0.961399
vn -0.368095 0 -0.929788
vn -0.459295 0 -0.888284
vn -0.54721 0 -0.836996
vn -0.630298 0 -0.776353
vn -0.707107 0 -0.707107
vn -0.776353 0 -0.630298
vn -0.836996 0 -0.54721
vn -0.888284 0 -0.459295
vn -0.929788 0 -0.368095
vn -0.961399 0 -0.275158
vn -0.983305 0 -0.181963
vn -0.995955 0 -0.0898544
vn -1 0 0
vn -1 0 0
vn -0.995955 0 0.0898544
vn -0.983305 0 0.181963
vn -0.961399 0 0.275158
vn -0.929788 0 0.368095
vn -0.888284 0 0.459295
vn -0.836996 0 0.54721
vn -0.776353 0 0.630298
vn -0.707107 0 0.707107
vn -0.630298 0 0.776353
vn -0.54721 0 0.836996
vn -0.459295 0 0.888284
vn -0.368095 0 0.929788
vn -0.275158 0 0.961399
vn -0.181963 0 0.983305
vn -0.0898544 0 0.995955
vn 0 0 1
vn 0.0898544 -0 0.995955
vn 0.181963 -0 0.983305
vn 0.275158 -0 0.961399
vn 0.368095 -0 0.929788
vn 0.459295 -0 0.888284
vn 0.54721 -0 0.836996
vn 0.630298 -0 0.776353
vn 0.707107 -0 0.707107
vn 0.776353 -0 0.630298
vn 0.836996 -0 0.54721
vn 0.888284 -0 0.459295
vn 0.929788 -0 0.368095
vn 0.961399 -0 0.275158
vn 0.983305 -0 0.181963
vn 0.995955 -0 0.0898544
vn 1 0 -1.84717e-15
vn 0.995955 0 -0.0898544
vn 0.983305 0 -0.181963
vn 0.961399 0 -0.275158
vn 0.929788 0 -0.368095
vn 0.888284 0 -0.459295
vn 0.836996 0 -0.54721
vn 0.776353 0 -0.630298
vn 0.707107 0 -0.707107
vn 0.630298 0 -0.776353
vn 0.54721 0 -0.836996
vn 0.459295 0 -0.888284
vn 0.368095 0 -0.929788
vn 0.275158 0 -0.961399
vn 0.181963 0 -0.983305
vn 0.0898544 0 -0.995955
vn 4.61792e-16 0 -1
vn -0.0898544 0 -0.995955
vn -0.181963 0 -0.983305
vn -0.275158 0 -0.961399
vn -0.368095 0 -0.929788
vn -0.459295 0 -0.888284
vn -0.54721 0 -0.836996
vn -0.630298 0 -0.776353
vn -0.707107 0 -0.707107
vn -0.776353 0 -0.630298
vn -0.836996 0 -0.54721
vn -0.888284 0 -0.459295
vn -0.929788 0 -0.368095
vn -0.961399 0 -0.275158
vn -0.983305 0 -0.181963
vn -0.995955 0 -0.0898544
vn -1 0 0
g HubRR_f0
usemtl chrome
f 4082//4082 4083//4083 4148//4148
f 4082//4082 4148//4148 4147//4147
f 4083//4083 4084//4084 4149//4149
f 4083//4083 4149//4149 4148//4148
f 4084//4084 4085//4085 4150//4150
f 4084//4084 4150//4150 4149//4149
f 4085//4085 4086//4086 4151//4151
f 4085//4085 4151//4151 4150//4150
f 4086//4086 4087//4087 4152//4152
f 4086//4086 4152//4152 4151//4151
f 4087//4087 4088//4088 4153//4153
f 4087//4087 4153//4153 4152//4152
f 4088//4088 4089//4089 4154//4154
f 4088//4088 4154//4154 4153//4153
f 4089//4089 4090//4090 4155//4155
f 4089//4089 4155//4155 4154//4154
f 4090//4090 4091//4091 4156//4156
f 4090//4090 4156//4156 4155//4155
f 4091//4091 4092//4092 4157//4157
f 4091//4091 4157//4157 4156//4156
f 4092//4092 4093//4093 4158//4158
f 4092//4092 4158//4158 4157//4157
f 4093//4093 4094//4094 4159//4159
f 4093//4093 4159//4159 4158//4158
f 4094//4094 4095//4095 4160//4160
f 4094//4094 4160//4160 4159//4159
f 4095//4095 4096//4096 4161//4161
f 4095//4095 4161//4161 4160//4160
f 4096//4096 4097//4097 4162//4162
f 4096//4096 4162//4162 4161//4161
f 4097//4097 4098//4098 4163//4163
f 4097//4097 4163//4163 4162//4162
f 4098//4098 4099//4099 4164//4164
f 4098//4098 4164//4164 4163//4163
f 4099//4099 4100//4100 4165//4165
f 4099//4099 4165//4165 4164//4164
f 4100//4100 4101//4101 4166//4166
f 4100//4100 4166//4166 4165//4165
f 4101//4101 4102//4102 4167//4167
f 4101//4101 4167//4167 4166//4166
f 4102//4102 4103//4103 4168//4168
f 4102//4102 4168//4168 4167//4167
f 4103//4103 4104//4104 4169//4169
f 4103//4103 4169//4169 4168//4168
f 4104//4104 4105//4105 4170//4170
f 4104//4104 4170//4170 4169//4169
f 4105//4105 4106//4106 4171//4171
f 4105//4105 4171//4171 4170//4170
f 4106//4106 4107//4107 4172//4172
f 4106//4106 4172//4172 4171//4171
f 4107//4107 4108//4108 4173//4173
f 4107//4107 4173//4173 4172//4172
f 4108//4108 4109//4109 4174//4174
f 4108//4108 4174//4174 4173//4173
f 4109//4109 4110//4110 4175//4175
f 4109//4109 4175//4175 4174//4174
f 4110//4110 4111//4111 4176//4176
f 4110//4110 4176//4176 4175//4175
f 4111//4111 4112//4112 4177//4177
f 4111//4111 4177//4177 4176//4176
f 4112//4112 4113//4113 4178//4178
f 4112//4112 4178//4178 4177//4177
f 4113//4113 4114//4114 4179//4179
f 4113//4113 4179//4179 4178//4178
f 4114//4114 4115//4115 4180//4180
f 4114//4114 4180//4180 4179//4179
f 4115//4115 4116//4116 4181//4181
f 4115//4115 4181//4181 4180//4180
f 4116//4116 4117//4117 4182//4182
f 4116//4116 4182//4182 4181//4181
f 4117//4117 4118//4118 4183//4183
f 4117//4117 4183//4183 4182//4182
f 4118//4118 4119//4119 4184//4184
f 4118//4118 4184//4184 4183//4183
f 4119//4119 4120//4120 4185//4185
f 4119//4119 4185//4185 4184//4184
f 4120//4120 4121//4121 4186//4186
f 4120//4120 4186//4186 4185//4185
f 4121//4121 4122//4122 4187//4187
f 4121//4121 4187//4187 4186//4186
f 4122//4122 4123//4123 4188//4188
f 4122//4122 4188//4188 4187//4187
f 4123//4123 4124//4124 4189//4189
f 4123//4123 4189//4189 4188//4188
f 4124//4124 4125//4125 4190//4190
f 4124//4124 4190//4190 4189//4189
f 4125//4125 4126//4126 4191//4191
f 4125//4125 4191//4191 4190//4190
f 4126//4126 4127//4127 4192//4192
f 4126//4126 4192//4192 4191//4191
f 4127//4127 4128//4128 4193//4193
f 4127//4127 4193//4193 4192//4192
f 4128//4128 4129//4129 4194//4194
f 4128//4128 4194//4194 4193//4193
f 4129//4129 4130//4130 4195//4195
f 4129//4129 4195//4195 4194//4194
f 4130//4130 4131//4131 4196//4196
f 4130//4130 4196//4196 4195//4195
f 4131//4131 4132//4132 4197//4197
f 4131//4131 4197//4197 4196//4196
f 4132//4132 4133//4133 4198//4198
f 4132//4132 4198//4198 4197//4197
f 4133//4133 4134//4134 4199//4199
f 4133//4133 4199//4199 4198//4198
f 4134//4134 4135//4135 4200//4200
f 4134//4134 4200//4200 4199//4199
f 4135//4135 4136//4136 4201//4201
f 4135//4135 4201//4201 4200//4200
f 4136//4136 4137//4137 4202//4202
f 4136//4136 4202//4202 4201//4201
f 4137//4137 4138//4138 4203//4203
f 4137//4137 4203//4203 4202//4202
f 4138//4138 4139//4139 4204//4204
f 4138//4138 4204//4204 4203//4203
f 4139//4139 4140//4140 4205//4205
f 4139//4139 4205//4205 4204//4204
f 4140//4140 4141//4141 4206//4206
f 4140//4140 4206//4206 4205//4205
f 4141//4141 4142//4142 4207//4207
f 4141//4141 4207//4207 4206//4206
f 4142//4142 4143//4143 4208//4208
f 4142//4142 4208//4208 4207//4207
f 4143//4143 4144//4144 4209//4209
f 4143//4143 4209//4209 4208//4208
f 4144//4144 4145//4145 4210//4210
f 4144//4144 4210//4210 4209//4209
f 4145//4145 4146//4146 4211//4211
f 4145//4145 4211//4211 4210//4210
f 4147//4147 4148//4148 4213//4213
f 4147//4147 4213//4213 4212//4212
f 4148//4148 4149//4149 4214//4214
f 4148//4148 4214//4214 4213//4213
f 4149//4149 4150//4150 4215//4215
f 4149//4149 4215//4215 4214//4214
f 4150//4150 4151//4151 4216//4216
f 4150//4150 4216//4216 4215//4215
f 4151//4151 4152//4152 4217//4217
f 4151//4151 4217//4217 4216//4216
f 4152//4152 4153//4153 4218//4218
f 4152//4152 4218//4218 4217//4217
f 4153//4153 4154//4154 4219//4219
f 4153//4153 4219//4219 4218//4218
f 4154//4154 4155//4155 4220//4220
f 4154//4154 4220//4220 4219//4219
f 4155//4155 4156//4156 4221//4221
f 4155//4155 4221//4221 4220//4220
f 4156//4156 4157//4157 4222//4222
f 4156//4156 4222//4222 4221//4221
f 4157//4157 4158//4158 4223//4223
f 4157//4157 4223//4223 4222//4222
f 4158//4158 4159//4159 4224//4224
f 4158//4158 4224//4224 4223//4223
f 4159//4159 4160//4160 4225//4225
f 4159//4159 4225//4225 4224//4224
f 4160//4160 4161//4161 4226//4226
f 4160//4160 4226//4226 4225//4225
f 4161//4161 4162//4162 4227//4227
f 4161//4161 4227//4227 4226//4226
f 4162//4162 4163//4163 4228//4228
f 4162//4162 4228//4228 4227//4227
f 4163//4163 4164//4164 4229//4229
f 4163//4163 4229//4229 4228//4228
f 4164//4164 4165//4165 4230//4230
f 4164//4164 4230//4230 4229//4229
f 4165//4165 4166//4166 4231//4231
f 4165//4165 4231//4231 4230//4230
f 4166//4166 4167//4167 4232//4232
f 4166//4166 4232//4232 4231//4231
f 4167//4167 4168//4168 4233//4233
f 4167//4167 4233//4233 4232//4232
f 4168//4168 4169//4169 4234//4234
f 4168//4168 4234//4234 4233//4233
f 4169//4169 4170//4170 4235//4235
f 4169//4169 4235//4235 4234//4234
f 4170//4170 4171//4171 4236//4236
f 4170//4170 4236//4236 4235//4235
f 4171//4171 4172//4172 4237//4237
f 4171//4171 4237//4237 4236//4236
f 4172//4172 4173//4173 4238//4238
f 4172//4172 4238//4238 4237//4237
f 4173//4173 4174//4174 4239//4239
f 4173//4173 4239//4239 4238//4238
f 4174//4174 4175//4175 4240//4240
f 4174//4174 4240//4240 4239//4239
f 4175//4175 4176//4176 4241//4241
f 4175//4175 4241//4241 4240//4240
f 4176//4176 4177//4177 4242//4242
f 4176//4176 4242//4242 4241//4241
f 4177//4177 4178//4178 4243//4243
f 4177//4177 4243//4243 4242//4242
f 4178//4178 4179//4179 4244//4244
f 4178//4178 4244//4244 4243//4243
f 4179//4179 4180//4180 4245//4245
f 4179//4179 4245//4245 4244//4244
f 4180//4180 4181//4181 4246//4246
f 4180//4180 4246//4246 4245//4245
f 4181//4181 4182//4182 4247//4247
f 4181//4181 4247//4247 4246//4246
f 4182//4182 4183//4183 4248//4248
f 4182//4182 4248//4248 4247//4247
f 4183//4183 4184//4184 4249//4249
f 4183//4183 4249//4249 4248//4248
f 4184//4184 4185//4185 4250//4250
f 4184//4184 4250//4250 4249//4249
f 4185//4185 4186//4186 4251//4251
f 4185//4185 4251//4251 4250//4250
f 4186//4186 4187//4187 4252//4252
f 4186//4186 4252//4252 4251//4251
f 4187//4187 4188//4188 4253//4253
f 4187//4187 4253//4253 4252//4252
f 4188//4188 4189//4189 4254//4254
f 4188//4188 4254//4254 4253//4253
f 4189//4189 4190//4190 4255//4255
f 4189//4189 4255//4255 4254//4254
f 4190//4190 4191//4191 4256//4256
f 4190//4190 4256//4256 4255//4255
f 4191//4191 4192//4192 4257//4257
f 4191//4191 4257//4257 4256//4256
f 4192//4192 4193//4193 4258//4258
f 4192//4192 4258//4258 4257//4257
f 4193//4193 4194//4194 4259//4259
f 4193//4193 4259//4259 4258//4258
f 4194//4194 4195//4195 4260//4260
f 4194//4194 4260//4260 4259//4259
f 4195//4195 4196//4196 4261//4261
f 4195//4195 4261//4261 4260//4260
f 4196//4196 4197//4197 4262//4262
f 4196//4196 4262//4262 4261//4261
f 4197//4197 4198//4198 4263//4263
f 4197//4197 4263//4263 4262//4262
f 4198//4198 4199//4199 4264//4264
f 4198//4198 4264//4264 4263//4263
f 4199//4199 4200//4200 4265//4265
f 4199//4199 4265//4265 4264//4264
f 4200//4200 4201//4201 4266//4266
f 4200//4200 4266//4266 4265//4265
f 4201//4201 4202//4202 4267//4267
f 4201//4201 4267//4267 4266//4266
f 4202//4202 4203//4203 4268//4268
f 4202//4202 4268//4268 4267//4267
f 4203//4203 4204//4204 4269//4269
f 4203//4203 4269//4269 4268//4268
f 4204//4204 4205//4205 4270//4270
f 4204//4204 4270//4270 4269//4269
f 4205//4205 4206//4206 4271//4271
f 4205//4205 4271//4271 4270//4270
f 4206//4206 4207//4207 4272//4272
f 4206//4206 4272//4272 4271//4271
f 4207//4207 4208//4208 4273//4273
f 4207//4207 4273//4273 4272//4272
f 4208//4208 4209//4209 4274//4274
f 4208//4208 4274//4274 4273//4273
f 4209//4209 4210//4210 4275//4275
f 4209//4209 4275//4275 4274//4274
f 4210//4210 4211//4211 4276//4276
f 4210//4210 4276//4276 4275//4275
v 3.38 2.08 0.45
v 3.38069 2.08 0.434725
v 3.38284 2.08 0.419066
v 3.38656 2.08 0.403223
v 3.39194 2.08 0.387424
v 3.39525 2.08 0.379619
v 3.39899 2.08 0.37192
v 3.40315 2.08 0.364361
v 3.40771 2.08 0.356974
v 3.41267 2.08 0.349793
v 3.41802 2.08 0.342849
v 3.42373 2.08 0.336173
v 3.42979 2.08 0.329792
v 3.43617 2.08 0.323733
v 3.44285 2.08 0.31802
v 3.44979 2.08 0.312673
v 3.45697 2.08 0.307711
v 3.46436 2.08 0.303147
v 3.47192 2.08 0.298992
v 3.47962 2.08 0.295254
v 3.48742 2.08 0.291936
v 3.50322 2.08 0.286562
v 3.51907 2.08 0.282838
v 3.53472 2.08 0.280688
v 3.55 2.08 0.28
v 3.56528 2.08 0.280688
v 3.58093 2.08 0.282838
v 3.59678 2.08 0.286562
v 3.61258 2.08 0.291936
v 3.62038 2.08 0.295254
v 3.62808 2.08 0.298992
v 3.63564 2.08 0.303147
v 3.64303 2.08 0.307711
v 3.65021 2.08 0.312673
v 3.65715 2.08 0.31802
v 3.66383 2.08 0.323733
v 3.67021 2.08 0.329792
v 3.67627 2.08 0.336173
v 3.68198 2.08 0.342849
v 3.68733 2.08 0.349793
v 3.69229 2.08 0.356974
v 3.69685 2.08 0.364361
v 3.70101 2.08 0.37192
v 3.70475 2.08 0.379619
v 3.70806 2.08 0.387424
v 3.71344 2.08 0.403223
v 3.71716 2.08 0.419066
v 3.71931 2.08 0.434725
v 3.72 2.08 0.45
v 3.71931 2.08 0.465275
v 3.71716 2.08 0.480934
v 3.71344 2.08 0.496777
v 3.70806 2.08 0.512576
v 3.70475 2.08 0.520381
v 3.70101 2.08 0.52808
v 3.69685 2.08 0.535639
v 3.69229 2.08 0.543026
v 3.68733 2.08 0.550207
v 3.68198 2.08 0.557151
v 3.67627 2.08 0.563827
v 3.67021 2.08 0.570208
v 3.66383 2.08 0.576267
v 3.65715 2.08 0.58198
v 3.65021 2.08 0.587327
v 3.64303 2.08 0.592289
v 3.63564 2.08 0.596853
v 3.62808 2.08 0.601008
v 3.62038 2.08 0.604746
v 3.61258 2.08 0.608064
v 3.59678 2.08 0.613438
v 3.58093 2.08 0.617162
v 3.56528 2.08 0.619312
v 3.55 2.08 0.62
v 3.53472 2.08 0.619312
v 3.51907 2.08 0.617162
v 3.50322 2.08 0.613438
v 3.48742 2.08 0.608064
v 3.47962 2.08 0.604746
v 3.47192 2.08 0.601008
v 3.46436 2.08 0.596853
v 3.45697 2.08 0.592289
v 3.44979 2.08 0.587327
v 3.44285 2.08 0.58198
v 3.43617 2.08 0.576267
v 3.42979 2.08 0.570208
v 3.42373 2.08 0.563827
v 3.41802 2.08 0.557151
v 3.41267 2.08 0.550207
v 3.40771 2.08 0.543026
v 3.40315 2.08 0.535639
v 3.39899 2.08 0.52808
v 3.39525 2.08 0.520381
v 3.39194 2.08 0.512576
v 3.38656 2.08 0.496777
v 3.38284 2.08 0.480934
v 3.38069 2.08 0.465275
vn 9.05942e-16 -1 0
vn 0 -1 0
vn 0 -1 0
vn 9.05942e-16 -1 0
vn -8.88178e-18 -1 0
vn 6.83897e-16 -1 0
vn -8.88178e-18 -1 0
vn -2.22045e-16 -1 0
vn -2.22045e-16 -1 0
vn -4.52971e-16 -1 0
vn -4.44089e-16 -1 0
vn -2.39808e-16 -1 0
vn 1.06581e-16 -1 0
vn 1.11022e-16 -1 0
vn 5.68434e-16 -1 0
vn 3.33067e-16 -1 0
vn -6.83897e-16 -1 0
vn 4.57412e-16 -1 0
vn -4.44089e-18 -1 0
vn 4.52971e-16 -1 0
vn -5.55112e-17 -1 0
vn -2.86438e-16 -1 0
vn 2.88658e-16 -1 0
vn -4.88498e-17 -1 0
vn 9.54792e-17 -1 0
vn -4.88498e-17 -1 0
vn 2.88658e-16 -1 0
vn -3.39728e-16 -1 0
vn -1.11022e-16 -1 0
vn 5.06262e-16 -1 0
vn 0 -1 0
vn -4.52971e-16 -1 0
vn 2.22045e-16 -1 0
vn 4.52971e-16 -1 0
vn 6.75016e-16 -1 0
vn 1.02141e-16 -1 0
vn 1.06581e-16 -1 0
vn 6.75016e-16 -1 0
vn 4.52971e-16 -1 0
vn -4.52971e-16 -1 0
vn -2.22045e-16 -1 0
vn -2.22045e-16 -1 0
vn 0 -1 0
vn 6.75016e-16 -1 0
vn -8.88178e-18 -1 0
vn 9.05942e-16 -1 0
vn 0 -1 0
vn 0 -1 0
vn 0 -1 0
vn 9.05942e-16 -1 0
vn 0 -1 0
vn 0 -1 0
vn 4.44089e-16 -1 0
vn 9.05942e-16 -1 0
vn 0 -1 0
vn 0 -1 0
vn 0 -1 0
vn 0 -1 0
vn 0 -1 0
vn 0 -1 0
vn 0 -1 0
vn 0 -1 0
vn 0 -1 0
vn 0 -1 0
vn 9.23706e-16 -1 0
vn 0 -1 0
vn 1.81188e-15 -1 0
vn 0 -1 0
vn 0 -1 0
vn 0 -1 0
vn 0 -1 0
vn 0 -1 0
vn 0 -1 0
vn 0 -1 0
vn 0 -1 0
vn 0 -1 0
vn 0 -1 0
vn 0 -1 0
vn 0 -1 0
vn 0 -1 0
vn 0 -1 0
vn 0 -1 0
vn 8.88178e-16 -1 0
vn 0 -1 0
vn 0 -1 0
vn 8.88178e-16 -1 0
vn 0 -1 0
vn 0 -1 0
vn 0 -1 0
vn 0 -1 0
vn 0 -1 0
vn 9.05942e-16 -1 0
vn 9.05942e-16 -1 0
vn 9.05942e-16 -1 0
vn 9.05942e-16 -1 0
vn 0 -1 0
g HubRR_f1
usemtl chrome
f 4372//4372 4277//4277 4278//4278
f 4372//4372 4278//4278 4279//4279
f 4372//4372 4279//4279 4280//4280
f 4372//4372 4280//4280 4281//4281
f 4372//4372 4281//4281 4282//4282
f 4372//4372 4282//4282 4283//4283
f 4372//4372 4283//4283 4284//4284
f 4372//4372 4284//4284 4285//4285
f 4372//4372 4285//4285 4286//4286
f 4372//4372 4286//4286 4287//4287
f 4372//4372 4287//4287 4288//4288
f 4372//4372 4288//4288 4289//4289
f 4372//4372 4289//4289 4290//4290
f 4372//4372 4290//4290 4291//4291
f 4372//4372 4291//4291 4292//4292
f 4372//4372 4292//4292 4293//4293
f 4372//4372 4293//4293 4294//4294
f 4372//4372 4294//4294 4295//4295
f 4372//4372 4295//4295 4296//4296
f 4372//4372 4296//4296 4297//4297
f 4372//4372 4297//4297 4298//4298
f 4372//4372 4298//4298 4299//4299
f 4372//4372 4299//4299 4300//4300
f 4372//4372 4300//4300 4301//4301
f 4372//4372 4301//4301 4302//4302
f 4372//4372 4302//4302 4303//4303
f 4372//4372 4303//4303 4304//4304
f 4372//4372 4304//4304 4305//4305
f 4372//4372 4305//4305 4306//4306
f 4372//4372 4306//4306 4307//4307
f 4372//4372 4307//4307 4308//4308
f 4372//4372 4308//4308 4309//4309
f 4372//4372 4309//4309 4310//4310
f 4372//4372 4310//4310 4311//4311
f 4372//4372 4311//4311 4312//4312
f 4372//4372 4312//4312 4313//4313
f 4372//4372 4313//4313 4314//4314
f 4372//4372 4314//4314 4315//4315
f 4372//4372 4315//4315 4316//4316
f 4372//4372 4316//4316 4317//4317
f 4372//4372 4317//4317 4318//4318
f 4372//4372 4318//4318 4319//4319
f 4372//4372 4319//4319 4320//4320
f 4372//4372 4320//4320 4321//4321
f 4372//4372 4321//4321 4322//4322
f 4372//4372 4322//4322 4323//4323
f 4372//4372 4323//4323 4324//4324
f 4372//4372 4324//4324 4325//4325
f 4372//4372 4325//4325 4326//4326
f 4372//4372 4326//4326 4327//4327
f 4372//4372 4327//4327 4328//4328
f 4372//4372 4328//4328 4329//4329
f 4372//4372 4329//4329 4330//4330
f 4372//4372 4330//4330 4331//4331
f 4372//4372 4331//4331 4332//4332
f 4372//4372 4332//4332 4333//4333
f 4372//4372 4333//4333 4334//4334
f 4372//4372 4334//4334 4335//4335
f 4372//4372 4335//4335 4336//4336
f 4372//4372 4336//4336 4337//4337
f 4372//4372 4337//4337 4338//4338
f 4372//4372 4338//4338 4339//4339
f 4372//4372 4339//4339 4340//4340
f 4372//4372 4340//4340 4341//4341
f 4372//4372 4341//4341 4342//4342
f 4372//4372 4342//4342 4343//4343
f 4372//4372 4343//4343 4344//4344
f 4372//4372 4344//4344 4345//4345
f 4372//4372 4345//4345 4346//4346
f 4372//4372 4346//4346 4347//4347
f 4372//4372 4347//4347 4348//4348
f 4372//4372 4348//4348 4349//4349
f 4372//4372 4349//4349 4350//4350
f 4372//4372 4350//4350 4351//4351
f 4372//4372 4351//4351 4352//4352
f 4372//4372 4352//4352 4353//4353
f 4372//4372 4353//4353 4354//4354
f 4372//4372 4354//4354 4355//4355
f 4372//4372 4355//4355 4356//4356
f 4372//4372 4356//4356 4357//4357
f 4372//4372 4357//4357 4358//4358
f 4372//4372 4358//4358 4359//4359
f 4372//4372 4359//4359 4360//4360
f 4372//4372 4360//4360 4361//4361
f 4372//4372 4361//4361 4362//4362
f 4372//4372 4362//4362 4363//4363
f 4372//4372 4363//4363 4364//4364
f 4372//4372 4364//4364 4365//4365
f 4372//4372 4365//4365 4366//4366
f 4372//4372 4366//4366 4367//4367
f 4372//4372 4367//4367 4368//4368
f 4372//4372 4368//4368 4369//4369
f 4372//4372 4369//4369 4370//4370
f 4370//4370 4371//4371 4372//4372
v 3.38 2.14 0.45
v 3.38069 2.14 0.465275
v 3.38284 2.14 0.480934
v 3.38656 2.14 0.496777
v 3.39194 2.14 0.512576
v 3.39525 2.14 0.520381
v 3.39899 2.14 0.52808
v 3.40315 2.14 0.535639
v 3.40771 2.14 0.543026
v 3.41267 2.14 0.550207
v 3.41802 2.14 0.557151
v 3.42373 2.14 0.563827
v 3.42979 2.14 0.570208
v 3.43617 2.14 0.576267
v 3.44285 2.14 0.58198
v 3.44979 2.14 0.587327
v 3.45697 2.14 0.592289
v 3.46436 2.14 0.596853
v 3.47192 2.14 0.601008
v 3.47962 2.14 0.604746
v 3.48742 2.14 0.608064
v 3.50322 2.14 0.613438
v 3.51907 2.14 0.617162
v 3.53472 2.14 0.619312
v 3.55 2.14 0.62
v 3.56528 2.14 0.619312
v 3.58093 2.14 0.617162
v 3.59678 2.14 0.613438
v 3.61258 2.14 0.608064
v 3.62038 2.14 0.604746
v 3.62808 2.14 0.601008
v 3.63564 2.14 0.596853
v 3.64303 2.14 0.592289
v 3.65021 2.14 0.587327
v 3.65715 2.14 0.58198
v 3.66383 2.14 0.576267
v 3.67021 2.14 0.570208
v 3.67627 2.14 0.563827
v 3.68198 2.14 0.557151
v 3.68733 2.14 0.550207
v 3.69229 2.14 0.543026
v 3.69685 2.14 0.535639
v 3.70101 2.14 0.52808
v 3.70475 2.14 0.520381
v 3.70806 2.14 0.512576
v 3.71344 2.14 0.496777
v 3.71716 2.14 0.480934
v 3.71931 2.14 0.465275
v 3.72 2.14 0.45
v 3.71931 2.14 0.434725
v 3.71716 2.14 0.419066
v 3.71344 2.14 0.403223
v 3.70806 2.14 0.387424
v 3.70475 2.14 0.379619
v 3.70101 2.14 0.37192
v 3.69685 2.14 0.364361
v 3.69229 2.14 0.356974
v 3.68733 2.14 0.349793
v 3.68198 2.14 0.342849
v 3.67627 2.14 0.336173
v 3.67021 2.14 0.329792
v 3.66383 2.14 0.323733
v 3.65715 2.14 0.31802
v 3.65021 2.14 0.312673
v 3.64303 2.14 0.307711
v 3.63564 2.14 0.303147
v 3.62808 2.14 0.298992
v 3.62038 2.14 0.295254
v 3.61258 2.14 0.291936
v 3.59678 2.14 0.286562
v 3.58093 2.14 0.282838
v 3.56528 2.14 0.280688
v 3.55 2.14 0.28
v 3.53472 2.14 0.280688
v 3.51907 2.14 0.282838
v 3.50322 2.14 0.286562
v 3.48742 2.14 0.291936
v 3.47962 2.14 0.295254
v 3.47192 2.14 0.298992
v 3.46436 2.14 0.303147
v 3.45697 2.14 0.307711
v 3.44979 2.14 0.312673
v 3.44285 2.14 0.31802
v 3.43617 2.14 0.323733
v 3.42979 2.14 0.329792
v 3.42373 2.14 0.336173
v 3.41802 2.14 0.342849
v 3.41267 2.14 0.349793
v 3.40771 2.14 0.356974
v 3.40315 2.14 0.364361
v 3.39899 2.14 0.37192
v 3.39525 2.14 0.379619
v 3.39194 2.14 0.387424
v 3.38656 2.14 0.403223
v 3.38284 2.14 0.419066
v 3.38069 2.14 0.434725
vn 4.75175e-16 1 8.88178e-16
vn 4.44089e-16 1 8.88178e-16
vn -4.44089e-16 1 8.88178e-16
vn 4.44089e-16 1 8.88178e-16
vn 9.19265e-16 1 8.88178e-16
vn 4.75175e-16 1 8.88178e-16
vn -4.75175e-16 1 8.88178e-16
vn 4.75175e-16 1 8.88178e-16
vn 0 1 8.88178e-16
vn 0 1 1.77636e-15
vn 0 1 8.88178e-16
vn 9.50351e-16 1 8.88178e-16
vn -8.88178e-16 1 8.88178e-16
vn 9.50351e-16 1 8.88178e-16
vn 0 1 8.88178e-16
vn 0 1 8.88178e-16
vn 0 1 8.88178e-16
vn 0 1 8.88178e-16
vn 0 1 1.77636e-15
vn 0 1 1.33227e-15
vn 0 1 1.33227e-15
vn 0 1 1.33227e-15
vn 8.88178e-16 1 1.33227e-15
vn 0 1 8.88178e-16
vn 0 1 8.88178e-16
vn 0 1 8.88178e-16
vn 0 1 8.88178e-16
vn 0 1 8.88178e-16
vn 0 1 1.33227e-15
vn 0 1 1.11022e-15
vn 0 1 1.11022e-15
vn 0 1 1.33227e-15
vn 0 1 1.11022e-15
vn 0 1 1.11022e-15
vn 0 1 1.11022e-15
vn 9.50351e-16 1 1.11022e-15
vn -8.88178e-16 1 1.11022e-15
vn 0 1 1.11022e-15
vn 0 1 9.99201e-16
vn 9.50351e-16 1 1.11022e-15
vn 0 1 9.99201e-16
vn 4.75175e-16 1 1.11022e-15
vn -4.75175e-16 1 9.99201e-16
vn 3.10862e-17 1 9.99201e-16
vn 4.75175e-16 1 9.99201e-16
vn 4.44089e-16 1 9.4369e-16
vn 4.75175e-16 1 1.83187e-15
vn 3.10862e-17 1 1.83187e-15
vn 4.44089e-16 1 9.4369e-16
vn 4.75175e-16 1 1.83187e-15
vn 1.04771e-31 1 9.4369e-16
vn -4.44089e-16 1 1.83187e-15
vn 4.75175e-16 1 1.88738e-15
vn -2.37588e-16 1 9.99201e-16
vn -4.59632e-16 1 9.99201e-16
vn -4.59632e-16 1 1.11022e-15
vn 4.75175e-16 1 9.99201e-16
vn 4.59632e-16 1 9.99201e-16
vn 9.19265e-16 1 1.9984e-15
vn 2.53131e-16 1 1.11022e-15
vn 5.78426e-16 1 1.11022e-15
vn 4.75175e-16 1 1.11022e-15
vn -2.22045e-16 1 1.33227e-15
vn -4.59632e-16 1 1.11022e-15
vn 3.56382e-16 1 1.33227e-15
vn 2.37588e-16 1 1.33227e-15
vn 5.86198e-16 1 1.33227e-15
vn -3.40838e-16 1 1.33227e-15
vn -1.89848e-16 1 8.88178e-16
vn 6.71685e-17 1 8.88178e-16
vn -7.4496e-16 1 1.33227e-15
vn -2.49245e-16 1 1.77636e-15
vn -6.71685e-17 1 1.77636e-15
vn -2.49245e-16 1 1.77636e-15
vn -6.93334e-16 1 8.88178e-16
vn 3.88578e-18 1 8.88178e-16
vn -1.89848e-16 1 1.33227e-15
vn 4.75175e-16 1 8.88178e-16
vn 5.86198e-16 1 8.88178e-16
vn 1.18794e-16 1 8.88178e-16
vn 3.56382e-16 1 8.88178e-16
vn -5.70655e-16 1 8.88178e-16
vn -2.29816e-16 1 8.88178e-16
vn 4.75175e-16 1 8.88178e-16
vn 3.40838e-16 1 8.88178e-16
vn 2.37588e-16 1 8.88178e-16
vn 6.81677e-16 1 8.88178e-16
vn 6.9722e-16 1 8.88178e-16
vn 4.75175e-16 1 8.88178e-16
vn 6.81677e-16 1 8.88178e-16
vn -1.55431e-17 1 8.88178e-16
vn -2.37588e-16 1 8.88178e-16
vn 6.81677e-16 1 1.77636e-15
vn 4.75175e-16 1 1.77636e-15
vn 4.75175e-16 1 8.88178e-16
vn 4.44089e-16 1 8.88178e-16
g HubRR_f2
usemtl chrome
f 4468//4468 4373//4373 4374//4374
f 4468//4468 4374//4374 4375//4375
f 4468//4468 4375//4375 4376//4376
f 4468//4468 4376//4376 4377//4377
f 4468//4468 4377//4377 4378//4378
f 4468//4468 4378//4378 4379//4379
f 4468//4468 4379//4379 4380//4380
f 4468//4468 4380//4380 4381//4381
f 4468//4468 4381//4381 4382//4382
f 4468//4468 4382//4382 4383//4383
f 4468//4468 4383//4383 4384//4384
f 4468//4468 4384//4384 4385//4385
f 4468//4468 4385//4385 4386//4386
f 4468//4468 4386//4386 4387//4387
f 4468//4468 4387//4387 4388//4388
f 4468//4468 4388//4388 4389//4389
f 4468//4468 4389//4389 4390//4390
f 4468//4468 4390//4390 4391//4391
f 4468//4468 4391//4391 4392//4392
f 4468//4468 4392//4392 4393//4393
f 4468//4468 4393//4393 4394//4394
f 4468//4468 4394//4394 4395//4395
f 4468//4468 4395//4395 4396//4396
f 4468//4468 4396//4396 4397//4397
f 4468//4468 4397//4397 4398//4398
f 4468//4468 4398//4398 4399//4399
f 4468//4468 4399//4399 4400//4400
f 4468//4468 4400//4400 4401//4401
f 4468//4468 4401//4401 4402//4402
f 4468//4468 4402//4402 4403//4403
f 4468//4468 4403//4403 4404//4404
f 4468//4468 4404//4404 4405//4405
f 4468//4468 4405//4405 4406//4406
f 4468//4468 4406//4406 4407//4407
f 4468//4468 4407//4407 4408//4408
f 4468//4468 4408//4408 4409//4409
f 4468//4468 4409//4409 4410//4410
f 4468//4468 4410//4410 4411//4411
f 4468//4468 4411//4411 4412//4412
f 4468//4468 4412//4412 4413//4413
f 4468//4468 4413//4413 4414//4414
f 4468//4468 4414//4414 4415//4415
f 4468//4468 4415//4415 4416//4416
f 4468//4468 4416//4416 4417//4417
f 4468//4468 4417//4417 4418//4418
f 4468//4468 4418//4418 4419//4419
f 4468//4468 4419//4419 4420//4420
f 4468//4468 4420//4420 4421//4421
f 4468//4468 4421//4421 4422//4422
f 4468//4468 4422//4422 4423//4423
f 4468//4468 4423//4423 4424//4424
f 4468//4468 4424//4424 4425//4425
f 4468//4468 4425//4425 4426//4426
f 4468//4468 4426//4426 4427//4427
f 4468//4468 4427//4427 4428//4428
f 4468//4468 4428//4428 4429//4429
f 4468//4468 4429//4429 4430//4430
f 4468//4468 4430//4430 4431//4431
f 4468//4468 4431//4431 4432//4432
f 4468//4468 4432//4432 4433//4433
f 4468//4468 4433//4433 4434//4434
f 4468//4468 4434//4434 4435//4435
f 4468//4468 4435//4435 4436//4436
f 4468//4468 4436//4436 4437//4437
f 4468//4468 4437//4437 4438//4438
f 4468//4468 4438//4438 4439//4439
f 4468//4468 4439//4439 4440//4440
f 4468//4468 4440//4440 4441//4441
f 4468//4468 4441//4441 4442//4442
f 4468//4468 4442//4442 4443//4443
f 4468//4468 4443//4443 4444//4444
f 4468//4468 4444//4444 4445//4445
f 4468//4468 4445//4445 4446//4446
f 4468//4468 4446//4446 4447//4447
f 4468//4468 4447//4447 4448//4448
f 4468//4468 4448//4448 4449//4449
f 4468//4468 4449//4449 4450//4450
f 4468//4468 4450//4450 4451//4451
f 4468//4468 4451//4451 4452//4452
f 4468//4468 4452//4452 4453//4453
f 4468//4468 4453//4453 4454//4454
f 4468//4468 4454//4454 4455//4455
f 4468//4468 4455//4455 4456//4456
f 4468//4468 4456//4456 4457//4457
f 4468//4468 4457//4457 4458//4458
f 4468//4468 4458//4458 4459//4459
f 4468//4468 4459//4459 4460//4460
f 4468//4468 4460//4460 4461//4461
f 4468//4468 4461//4461 4462//4462
f 4468//4468 4462//4462 4463//4463
f 4468//4468 4463//4463 4464//4464
f 4468//4468 4464//4464 4465//4465
f 4468//4468 4465//4465 4466//4466
f 4466//4466 4467//4467 4468//4468
o HLl
v -0.02 0.28 0.52
v 0.04 0.28 0.52
v 0.1 0.28 0.52
v -0.02 0.47 0.52
v 0.04 0.47 0.52
v 0.1 0.47 0.52
v -0.02 0.66 0.52
v 0.04 0.66 0.52
v 0.1 0.66 0.52
vn -0 -0 -1
vn -0 -0 -1
vn -0 -0 -1
vn -0 -0 -1
vn -0 -0 -1
vn -0 -0 -1
vn -0 -0 -1
vn -0 -0 -1
vn -0 -0 -1
g HLl_f0
usemtl headlight
f 4469//4469 4473//4473 4470//4470
f 4469//4469 4472//4472 4473//4473
f 4470//4470 4474//4474 4471//4471
f 4470//4470 4473//4473 4474//4474
f 4472//4472 4476//4476 4473//4473
f 4472//4472 4475//4475 4476//4476
f 4473//4473 4477//4477 4474//4474
f 4473//4473 4476//4476 4477//4477
v -0.02 0.28 0.74
v 0.04 0.28 0.74
v 0.1 0.28 0.74
v -0.02 0.47 0.74
v 0.04 0.47 0.74
v 0.1 0.47 0.74
v -0.02 0.66 0.74
v 0.04 0.66 0.74
v 0.1 0.66 0.74
vn 0 0 1
vn 0 0 1
vn 0 0 1
vn 0 0 1
vn 0 0 1
vn 0 0 1
vn 0 0 1
vn 0 0 1
vn 0 0 1
g HLl_f1
usemtl headlight
f 4478//4478 4479//4479 4482//4482
f 4478//4478 4482//4482 4481//4481
f 4479//4479 4480//4480 4483//4483
f 4479//4479 4483//4483 4482//4482
f 4481//4481 4482//4482 4485//4485
f 4481//4481 4485//4485 4484//4484
f 4482//4482 4483//4483 4486//4486
f 4482//4482 4486//4486 4485//4485
v -0.02 0.28 0.52
v 0.04 0.28 0.52
v 0.1 0.28 0.52
v -0.02 0.28 0.63
v 0.04 0.28 0.63
v 0.1 0.28 0.63
v -0.02 0.28 0.74
v 0.04 0.28 0.74
v 0.1 0.28 0.74
vn 0 -1 0
vn 0 -1 0
vn 0 -1 0
vn 0 -1 0
vn 0 -1 0
vn 0 -1 0
vn 0 -1 0
vn 0 -1 0
vn 0 -1 0
g HLl_f2
usemtl headlight
f 4487//4487 4488//4488 4491//4491
f 4487//4487 4491//4491 4490//4490
f 4488//4488 4489//4489 4492//4492
f 4488//4488 4492//4492 4491//4491
f 4490//4490 4491//4491 4494//4494
f 4490//4490 4494//4494 4493//4493
f 4491//4491 4492//4492 4495//4495
f 4491//4491 4495//4495 4494//4494
v -0.02 0.66 0.52
v 0.04 0.66 0.52
v 0.1 0.66 0.52
v -0.02 0.66 0.63
v 0.04 0.66 0.63
v 0.1 0.66 0.63
v -0.02 0.66 0.74
v 0.04 0.66 0.74
v 0.1 0.66 0.74
vn -0 1 -0
vn -0 1 -0
vn -0 1 -0
vn -0 1 -0
vn -0 1 -0
vn -0 1 -0
vn -0 1 -0
vn -0 1 -0
vn -0 1 -0
g HLl_f3
usemtl headlight
f 4496//4496 4500//4500 4497//4497
f 4496//4496 4499//4499 4500//4500
f 4497//4497 4501//4501 4498//4498
f 4497//4497 4500//4500 4501//4501
f 4499//4499 4503//4503 4500//4500
f 4499//4499 4502//4502 4503//4503
f 4500//4500 4504//4504 4501//4501
f 4500//4500 4503//4503 4504//4504
v -0.02 0.28 0.52
v -0.02 0.47 0.52
v -0.02 0.66 0.52
v -0.02 0.28 0.63
v -0.02 0.47 0.63
v -0.02 0.66 0.63
v -0.02 0.28 0.74
v -0.02 0.47 0.74
v -0.02 0.66 0.74
vn -1 -0 -0
vn -1 -0 -0
vn -1 -0 -0
vn -1 -0 -0
vn -1 -0 -0
vn -1 -0 -0
vn -1 -0 -0
vn -1 -0 -0
vn -1 -0 -0
g HLl_f4
usemtl headlight
f 4505//4505 4509//4509 4506//4506
f 4505//4505 4508//4508 4509//4509
f 4506//4506 4510//4510 4507//4507
f 4506//4506 4509//4509 4510//4510
f 4508//4508 4512//4512 4509//4509
f 4508//4508 4511//4511 4512//4512
f 4509//4509 4513//4513 4510//4510
f 4509//4509 4512//4512 4513//4513
v 0.1 0.28 0.52
v 0.1 0.47 0.52
v 0.1 0.66 0.52
v 0.1 0.28 0.63
v 0.1 0.47 0.63
v 0.1 0.66 0.63
v 0.1 0.28 0.74
v 0.1 0.47 0.74
v 0.1 0.66 0.74
vn 1 0 0
vn 1 0 0
vn 1 0 0
vn 1 0 0
vn 1 0 0
vn 1 0 0
vn 1 0 0
vn 1 0 0
vn 1 0 0
g HLl_f5
usemtl headlight
f 4514//4514 4515//4515 4518//4518
f 4514//4514 4518//4518 4517//4517
f 4515//4515 4516//4516 4519//4519
f 4515//4515 4519//4519 4518//4518
f 4517//4517 4518//4518 4521//4521
f 4517//4517 4521//4521 4520//4520
f 4518//4518 4519//4519 4522//4522
f 4518//4518 4522//4522 4521//4521
o HLr
v -0.02 1.34 0.52
v 0.04 1.34 0.52
v 0.1 1.34 0.52
v -0.02 1.53 0.52
v 0.04 1.53 0.52
v 0.1 1.53 0.52
v -0.02 1.72 0.52
v 0.04 1.72 0.52
v 0.1 1.72 0.52
vn -0 -0 -1
vn -0 -0 -1
vn -0 -0 -1
vn -0 -0 -1
vn -0 -0 -1
vn -0 -0 -1
vn -0 -0 -1
vn -0 -0 -1
vn -0 -0 -1
g HLr_f0
usemtl headlight
f 4523//4523 4527//4527 4524//4524
f 4523//4523 4526//4526 4527//4527
f 4524//4524 4528//4528 4525//4525
f 4524//4524 4527//4527 4528//4528
f 4526//4526 4530//4530 4527//4527
f 4526//4526 4529//4529 4530//4530
f 4527//4527 4531//4531 4528//4528
f 4527//4527 4530//4530 4531//4531
v -0.02 1.34 0.74
v 0.04 1.34 0.74
v 0.1 1.34 0.74
v -0.02 1.53 0.74
v 0.04 1.53 0.74
v 0.1 1.53 0.74
v -0.02 1.72 0.74
v 0.04 1.72 0.74
v 0.1 1.72 0.74
vn 0 0 1
vn 0 0 1
vn 0 0 1
vn 0 0 1
vn 0 0 1
vn 0 0 1
vn 0 0 1
vn 0 0 1
vn 0 0 1
g HLr_f1
usemtl headlight
f 4532//4532 4533//4533 4536//4536
f 4532//4532 4536//4536 4535//4535
f 4533//4533 4534//4534 4537//4537
f 4533//4533 4537//4537 4536//4536
f 4535//4535 4536//4536 4539//4539
f 4535//4535 4539//4539 4538//4538
f 4536//4536 4537//4537 4540//4540
f 4536//4536 4540//4540 4539//4539
v -0.02 1.34 0.52
v 0.04 1.34 0.52
v 0.1 1.34 0.52
v -0.02 1.34 0.63
v 0.04 1.34 0.63
v 0.1 1.34 0.63
v -0.02 1.34 0.74
v 0.04 1.34 0.74
v 0.1 1.34 0.74
vn 0 -1 0
vn 0 -1 0
vn 0 -1 0
vn 0 -1 0
vn 0 -1 0
vn 0 -1 0
vn 0 -1 0
vn 0 -1 0
vn 0 -1 0
g HLr_f2
usemtl headlight
f 4541//4541 4542//4542 4545//4545
f 4541//4541 4545//4545 4544//4544
f 4542//4542 4543//4543 4546//4546
f 4542//4542 4546//4546 4545//4545
f 4544//4544 4545//4545 4548//4548
f 4544//4544 4548//4548 4547//4547
f 4545//4545 4546//4546 4549//4549
f 4545//4545 4549//4549 4548//4548
v -0.02 1.72 0.52
v 0.04 1.72 0.52
v 0.1 1.72 0.52
v -0.02 1.72 0.63
v 0.04 1.72 0.63
v 0.1 1.72 0.63
v -0.02 1.72 0.74
v 0.04 1.72 0.74
v 0.1 1.72 0.74
vn -0 1 -0
vn -0 1 -0
vn -0 1 -0
vn -0 1 -0
vn -0 1 -0
vn -0 1 -0
vn -0 1 -0
vn -0 1 -0
vn -0 1 -0
g HLr_f3
usemtl headlight
f 4550//4550 4554//4554 4551//4551
f 4550//4550 4553//4553 4554//4554
f 4551//4551 4555//4555 4552//4552
f 4551//4551 4554//4554 4555//4555
f 4553//4553 4557//4557 4554//4554
f 4553//4553 4556//4556 4557//4557
f 4554//4554 4558//4558 4555//4555
f 4554//4554 4557//4557 4558//4558
v -0.02 1.34 0.52
v -0.02 1.53 0.52
v -0.02 1.72 0.52
v -0.02 1.34 0.63
v -0.02 1.53 0.63
v -0.02 1.72 0.63
v -0.02 1.34 0.74
v -0.02 1.53 0.74
v -0.02 1.72 0.74
vn -1 -0 -0
vn -1 -0 -0
vn -1 -0 -0
vn -1 -0 -0
vn -1 -0 -0
vn -1 -0 -0
vn -1 -0 -0
vn -1 -0 -0
vn -1 -0 -0
g HLr_f4
usemtl headlight
f 4559//4559 4563//4563 4560//4560
f 4559//4559 4562//4562 4563//4563
f 4560//4560 4564//4564 4561//4561
f 4560//4560 4563//4563 4564//4564
f 4562//4562 4566//4566 4563//4563
f 4562//4562 4565//4565 4566//4566
f 4563//4563 4567//4567 4564//4564
f 4563//4563 4566//4566 4567//4567
v 0.1 1.34 0.52
v 0.1 1.53 0.52
v 0.1 1.72 0.52
v 0.1 1.34 0.63
v 0.1 1.53 0.63
v 0.1 1.72 0.63
v 0.1 1.34 0.74
v 0.1 1.53 0.74
v 0.1 1.72 0.74
vn 1 0 0
vn 1 0 0
vn 1 0 0
vn 1 0 0
vn 1 0 0
vn 1 0 0
vn 1 0 0
vn 1 0 0
vn 1 0 0
g HLr_f5
usemtl headlight
f 4568//4568 4569//4569 4572//4572
f 4568//4568 4572//4572 4571//4571
f 4569//4569 4570//4570 4573//4573
f 4569//4569 4573//4573 4572//4572
f 4571//4571 4572//4572 4575//4575
f 4571//4571 4575//4575 4574//4574
f 4572//4572 4573//4573 4576//4576
f 4572//4572 4576//4576 4575//4575
o TL
v 4.55 0.3 0.54
v 4.595 0.3 0.54
v 4.64 0.3 0.54
v 4.55 1 0.54
v 4.595 1 0.54
v 4.64 1 0.54
v 4.55 1.7 0.54
v 4.595 1.7 0.54
v 4.64 1.7 0.54
vn -0 -0 -1
vn -0 -0 -1
vn -0 -0 -1
vn -0 -0 -1
vn -0 -0 -1
vn -0 -0 -1
vn -0 -0 -1
vn -0 -0 -1
vn -0 -0 -1
g TL_f0
usemtl taillight
f 4577//4577 4581//4581 4578//4578
f 4577//4577 4580//4580 4581//4581
f 4578//4578 4582//4582 4579//4579
f 4578//4578 4581//4581 4582//4582
f 4580//4580 4584//4584 4581//4581
f 4580//4580 4583//4583 4584//4584
f 4581//4581 4585//4585 4582//4582
f 4581//4581 4584//4584 4585//4585
v 4.55 0.3 0.72
v 4.595 0.3 0.72
v 4.64 0.3 0.72
v 4.55 1 0.72
v 4.595 1 0.72
v 4.64 1 0.72
v 4.55 1.7 0.72
v 4.595 1.7 0.72
v 4.64 1.7 0.72
vn 0 0 1
vn 0 0 1
vn 0 0 1
vn 0 0 1
vn 0 0 1
vn 0 0 1
vn 0 0 1
vn 0 0 1
vn 0 0 1
g TL_f1
usemtl taillight
f 4586//4586 4587//4587 4590//4590
f 4586//4586 4590//4590 4589//4589
f 4587//4587 4588//4588 4591//4591
f 4587//4587 4591//4591 4590//4590
f 4589//4589 4590//4590 4593//4593
f 4589//4589 4593//4593 4592//4592
f 4590//4590 4591//4591 4594//4594
f 4590//4590 4594//4594 4593//4593
v 4.55 0.3 0.54
v 4.595 0.3 0.54
v 4.64 0.3 0.54
v 4.55 0.3 0.63
v 4.595 0.3 0.63
v 4.64 0.3 0.63
v 4.55 0.3 0.72
v 4.595 0.3 0.72
v 4.64 0.3 0.72
vn 0 -1 0
vn 0 -1 0
vn 0 -1 0
vn 0 -1 0
vn 0 -1 0
vn 0 -1 0
vn 0 -1 0
vn 0 -1 0
vn 0 -1 0
g TL_f2
usemtl taillight
f 4595//4595 4596//4596 4599//4599
f 4595//4595 4599//4599 4598//4598
f 4596//4596 4597//4597 4600//4600
f 4596//4596 4600//4600 4599//4599
f 4598//4598 4599//4599 4602//4602
f 4598//4598 4602//4602 4601//4601
f 4599//4599 4600//4600 4603//4603
f 4599//4599 4603//4603 4602//4602
v 4.55 1.7 0.54
v 4.595 1.7 0.54
v 4.64 1.7 0.54
v 4.55 1.7 0.63
v 4.595 1.7 0.63
v 4.64 1.7 0.63
v 4.55 1.7 0.72
v 4.595 1.7 0.72
v 4.64 1.7 0.72
vn -0 1 -0
vn -0 1 -0
vn -0 1 -0
vn -0 1 -0
vn -0 1 -0
vn -0 1 -0
vn -0 1 -0
vn -0 1 -0
vn -0 1 -0
g TL_f3
usemtl taillight
f 4604//4604 4608//4608 4605//4605
f 4604//4604 4607//4607 4608//4608
f 4605//4605 4609//4609 4606//4606
f 4605//4605 4608//4608 4609//4609
f 4607//4607 4611//4611 4608//4608
f 4607//4607 4610//4610 4611//4611
f 4608//4608 4612//4612 4609//4609
f 4608//4608 4611//4611 4612//4612
v 4.55 0.3 0.54
v 4.55 1 0.54
v 4.55 1.7 0.54
v 4.55 0.3 0.63
v 4.55 1 0.63
v 4.55 1.7 0.63
v 4.55 0.3 0.72
v 4.55 1 0.72
v 4.55 1.7 0.72
vn -1 -0 -0
vn -1 -0 -0
vn -1 -0 -0
vn -1 -0 -0
vn -1 -0 -0
vn -1 -0 -0
vn -1 -0 -0
vn -1 -0 -0
vn -1 -0 -0
g TL_f4
usemtl taillight
f 4613//4613 4617//4617 4614//4614
f 4613//4613 4616//4616 4617//4617
f 4614//4614 4618//4618 4615//4615
f 4614//4614 4617//4617 4618//4618
f 4616//4616 4620//4620 4617//4617
f 4616//4616 4619//4619 4620//4620
f 4617//4617 4621//4621 4618//4618
f 4617//4617 4620//4620 4621//4621
v 4.64 0.3 0.54
v 4.64 1 0.54
v 4.64 1.7 0.54
v 4.64 0.3 0.63
v 4.64 1 0.63
v 4.64 1.7 0.63
v 4.64 0.3 0.72
v 4.64 1 0.72
v 4.64 1.7 0.72
vn 1 0 0
vn 1 0 0
vn 1 0 0
vn 1 0 0
vn 1 0 0
vn 1 0 0
vn 1 0 0
vn 1 0 0
vn 1 0 0
g TL_f5
usemtl taillight
f 4622//4622 4623//4623 4626//4626
f 4622//4622 4626//4626 4625//4625
f 4623//4623 4624//4624 4627//4627
f 4623//4623 4627//4627 4626//4626
f 4625//4625 4626//4626 4629//4629
f 4625//4625 4629//4629 4628//4628
f 4626//4626 4627//4627 4630//4630
f 4626//4626 4630//4630 4629//4629
